{
"type": "FeatureCollection",
"name": "IA House_Merged",
"crs": { "type": "name", "properties": { "name": "urn:ogc:def:crs:OGC:1.3:CRS84" } },
"features": [
{ "type": "Feature", "properties": { "id": 1, "NAME": "1", "TotalPop": 30573, "PopDevPct": -0.0417096, "DemPct": 0.34850727, "RepPct": 0.63378413, "WhitePct": 0.93647632, "MinorityPct": 0.06352368, "BlackPct": 0.00911908, "HispanicPct": 0.02169101, "PacificPct": 0.00110668, "AsianPct": 0.00991589, "NativePct": 0.01155378, "TotalVAP": 22590, "Margin": -0.28527686, "color": "#960018", "opacity": "0.5", "DemPct2": 0.36280756, "RepPct2": 0.61731107, "Margin2": -0.25450351, "Swing": -0.03077335, "R_Margin": -0.1569936432, "R_Margin2": -0.1770503231, "R_Swing": 0.0200566799, "Majority": "White" }, "geometry": { "type": "MultiPolygon", "coordinates": [ [ [ [ -93.327886, 41.160659 ], [ -93.327948, 41.166454 ], [ -93.327996, 41.17509 ], [ -93.32791, 41.178785 ], [ -93.327908, 41.182739 ], [ -93.327986, 41.189591 ], [ -93.327943, 41.196568 ], [ -93.327945, 41.198419 ], [ -93.327944, 41.198721 ], [ -93.328013, 41.200558 ], [ -93.327941, 41.20415 ], [ -93.327964, 41.207158 ], [ -93.32797, 41.215626 ], [ -93.327977, 41.216455 ], [ -93.327987, 41.217604 ], [ -93.327945, 41.220404 ], [ -93.328101, 41.233229 ], [ -93.328198, 41.244118 ], [ -93.328336, 41.24798 ], [ -93.32823, 41.255295 ], [ -93.32824, 41.266377 ], [ -93.328274, 41.277099 ], [ -93.328281, 41.280725 ], [ -93.328299, 41.291572 ], [ -93.328317, 41.30239 ], [ -93.328324, 41.306008 ], [ -93.328351, 41.320523 ], [ -93.328359, 41.325233 ], [ -93.328363, 41.327768 ], [ -93.328363, 41.334637 ], [ -93.328362, 41.334871 ], [ -93.328346, 41.342723 ], [ -93.328388, 41.345759 ], [ -93.328411, 41.355884 ], [ -93.328402, 41.358219 ], [ -93.328382, 41.363698 ], [ -93.328294, 41.371088 ], [ -93.328402, 41.381527 ], [ -93.328128, 41.382423 ], [ -93.328189, 41.391432 ], [ -93.328237, 41.396282 ], [ -93.328286, 41.407335 ], [ -93.328223, 41.414684 ], [ -93.328208, 41.421691 ], [ -93.339611, 41.421721 ], [ -93.347406, 41.421618 ], [ -93.357219, 41.421537 ], [ -93.37422, 41.421613 ], [ -93.374595, 41.421606 ], [ -93.379245, 41.421633 ], [ -93.386232, 41.421655 ], [ -93.395167, 41.421772 ], [ -93.395257, 41.414261 ], [ -93.395243, 41.412397 ], [ -93.395342, 41.406946 ], [ -93.400153, 41.406974 ], [ -93.404964, 41.406962 ], [ -93.40501, 41.399273 ], [ -93.405007, 41.398853 ], [ -93.404967, 41.392565 ], [ -93.41807, 41.392472 ], [ -93.418143, 41.392434 ], [ -93.418477, 41.392425 ], [ -93.419902, 41.392391 ], [ -93.421579, 41.39239 ], [ -93.422125, 41.392478 ], [ -93.422396, 41.392502 ], [ -93.423085, 41.392541 ], [ -93.424045, 41.392581 ], [ -93.42434, 41.392597 ], [ -93.429159, 41.392552 ], [ -93.429059, 41.389027 ], [ -93.429296, 41.380196 ], [ -93.429252, 41.374959 ], [ -93.429164, 41.374388 ], [ -93.429179, 41.372365 ], [ -93.429423, 41.359835 ], [ -93.429486, 41.356443 ], [ -93.42926, 41.345502 ], [ -93.429106, 41.341825 ], [ -93.428864, 41.334655 ], [ -93.438625, 41.334728 ], [ -93.442629, 41.334733 ], [ -93.442715, 41.3344 ], [ -93.442651, 41.320197 ], [ -93.442631, 41.315241 ], [ -93.442603, 41.305676 ], [ -93.442668, 41.294871 ], [ -93.448625, 41.294844 ], [ -93.448635, 41.291225 ], [ -93.447417, 41.291234 ], [ -93.447419, 41.283989 ], [ -93.444771, 41.284008 ], [ -93.442613, 41.284022 ], [ -93.442606, 41.282609 ], [ -93.442568, 41.276855 ], [ -93.442489, 41.26235 ], [ -93.442473, 41.255094 ], [ -93.44239, 41.24784 ], [ -93.461765, 41.247722 ], [ -93.4693, 41.247923 ], [ -93.480536, 41.24804 ], [ -93.480942, 41.247923 ], [ -93.486117, 41.248019 ], [ -93.50041, 41.248131 ], [ -93.516641, 41.248251 ], [ -93.517173, 41.248479 ], [ -93.519753, 41.248278 ], [ -93.538085, 41.248468 ], [ -93.538395, 41.248466 ], [ -93.539146, 41.248481 ], [ -93.544026, 41.24853 ], [ -93.558104, 41.248636 ], [ -93.56307, 41.248663 ], [ -93.577418, 41.248684 ], [ -93.582359, 41.248717 ], [ -93.596753, 41.248779 ], [ -93.601582, 41.248748 ], [ -93.610164, 41.248766 ], [ -93.610424, 41.24877 ], [ -93.630709, 41.248874 ], [ -93.640552, 41.248924 ], [ -93.65493, 41.248936 ], [ -93.659562, 41.248966 ], [ -93.673506, 41.249051 ], [ -93.673466, 41.253524 ], [ -93.673462, 41.253715 ], [ -93.673748, 41.271301 ], [ -93.673727, 41.280331 ], [ -93.673742, 41.280372 ], [ -93.673729, 41.282262 ], [ -93.673697, 41.282321 ], [ -93.673723, 41.283338 ], [ -93.673722, 41.28413 ], [ -93.673726, 41.284199 ], [ -93.673664, 41.293563 ], [ -93.673727, 41.294282 ], [ -93.673652, 41.29659 ], [ -93.673633, 41.296703 ], [ -93.673517, 41.307534 ], [ -93.673417, 41.316902 ], [ -93.673405, 41.317919 ], [ -93.673411, 41.319776 ], [ -93.673355, 41.320008 ], [ -93.673377, 41.32209 ], [ -93.673579, 41.326026 ], [ -93.673436, 41.329437 ], [ -93.673386, 41.337376 ], [ -93.673478, 41.352019 ], [ -93.673624, 41.366502 ], [ -93.673668, 41.369769 ], [ -93.673695, 41.373453 ], [ -93.673696, 41.381219 ], [ -93.673741, 41.388569 ], [ -93.673854, 41.39457 ], [ -93.673869, 41.39486 ], [ -93.673913, 41.399023 ], [ -93.673924, 41.403206 ], [ -93.674019, 41.404185 ], [ -93.673873, 41.406881 ], [ -93.673984, 41.410566 ], [ -93.674014, 41.414206 ], [ -93.674011, 41.417897 ], [ -93.673869, 41.423699 ], [ -93.673978, 41.424524 ], [ -93.674052, 41.431743 ], [ -93.674086, 41.439148 ], [ -93.674374, 41.440382 ], [ -93.674271, 41.445069 ], [ -93.674267, 41.445222 ], [ -93.674104, 41.449847 ], [ -93.673446, 41.44985 ], [ -93.673434, 41.446233 ], [ -93.672521, 41.446245 ], [ -93.672075, 41.446591 ], [ -93.671826, 41.447044 ], [ -93.671803, 41.448026 ], [ -93.671201, 41.448367 ], [ -93.670218, 41.448562 ], [ -93.669286, 41.448213 ], [ -93.668869, 41.448419 ], [ -93.668913, 41.448709 ], [ -93.669385, 41.44945 ], [ -93.669215, 41.449805 ], [ -93.66853, 41.449644 ], [ -93.668056, 41.448984 ], [ -93.667565, 41.449037 ], [ -93.667222, 41.44934 ], [ -93.667546, 41.450097 ], [ -93.668231, 41.450628 ], [ -93.668255, 41.451337 ], [ -93.667505, 41.451451 ], [ -93.666927, 41.451307 ], [ -93.666198, 41.450824 ], [ -93.665695, 41.450668 ], [ -93.665234, 41.450923 ], [ -93.665176, 41.451347 ], [ -93.66543, 41.452502 ], [ -93.66526, 41.453292 ], [ -93.664675, 41.45353 ], [ -93.664661, 41.456366 ], [ -93.669385, 41.456283 ], [ -93.669385, 41.457159 ], [ -93.670663, 41.45714 ], [ -93.674089, 41.458466 ], [ -93.674021, 41.467974 ], [ -93.669491, 41.468039 ], [ -93.669469, 41.469829 ], [ -93.668477, 41.469838 ], [ -93.668489, 41.475357 ], [ -93.668056, 41.475369 ], [ -93.666623, 41.475395 ], [ -93.662904, 41.475468 ], [ -93.660315, 41.475507 ], [ -93.658247, 41.475568 ], [ -93.658243, 41.476543 ], [ -93.657255, 41.47657 ], [ -93.657247, 41.475598 ], [ -93.657434, 41.475593 ], [ -93.65735, 41.470048 ], [ -93.65496, 41.470088 ], [ -93.654949, 41.468215 ], [ -93.650136, 41.468199 ], [ -93.650154, 41.475649 ], [ -93.644503, 41.475358 ], [ -93.644501, 41.475512 ], [ -93.645312, 41.476126 ], [ -93.645387, 41.482912 ], [ -93.649594, 41.482883 ], [ -93.652418, 41.481343 ], [ -93.655044, 41.481323 ], [ -93.655036, 41.480454 ], [ -93.65628, 41.480475 ], [ -93.656302, 41.483379 ], [ -93.655028, 41.483361 ], [ -93.655011, 41.484729 ], [ -93.659592, 41.484764 ], [ -93.659848, 41.482941 ], [ -93.662108, 41.48296 ], [ -93.664645, 41.482981 ], [ -93.664582, 41.489166 ], [ -93.664563, 41.490191 ], [ -93.659759, 41.490213 ], [ -93.659674, 41.497516 ], [ -93.659204, 41.497523 ], [ -93.656595, 41.497547 ], [ -93.654832, 41.49756 ], [ -93.654793, 41.49915 ], [ -93.654679, 41.504804 ], [ -93.654632, 41.507204 ], [ -93.654591, 41.508901 ], [ -93.657784, 41.507888 ], [ -93.657903, 41.509627 ], [ -93.658892, 41.512062 ], [ -93.674276, 41.512065 ], [ -93.675019, 41.512059 ], [ -93.678951, 41.512036 ], [ -93.67911, 41.512035 ], [ -93.698102, 41.511979 ], [ -93.707322, 41.512073 ], [ -93.712691, 41.512085 ], [ -93.712715, 41.512085 ], [ -93.731959, 41.512087 ], [ -93.741585, 41.512004 ], [ -93.765684, 41.511995 ], [ -93.770497, 41.511989 ], [ -93.779999, 41.511956 ], [ -93.780358, 41.511955 ], [ -93.780766, 41.511953 ], [ -93.782477, 41.511946 ], [ -93.790612, 41.511916 ], [ -93.790614, 41.510208 ], [ -93.790614, 41.50961 ], [ -93.790614, 41.508894 ], [ -93.790617, 41.504858 ], [ -93.7906, 41.501265 ], [ -93.790605, 41.4976 ], [ -93.790599, 41.493998 ], [ -93.790587, 41.490378 ], [ -93.790594, 41.486724 ], [ -93.79057, 41.483089 ], [ -93.790608, 41.479458 ], [ -93.790649, 41.468648 ], [ -93.790646, 41.465017 ], [ -93.790647, 41.454225 ], [ -93.790674, 41.445997 ], [ -93.790596, 41.432407 ], [ -93.790572, 41.429009 ], [ -93.790563, 41.425178 ], [ -93.790662, 41.418643 ], [ -93.790665, 41.418469 ], [ -93.790806, 41.404081 ], [ -93.790789, 41.388394 ], [ -93.790797, 41.384741 ], [ -93.790774, 41.379493 ], [ -93.79051, 41.366519 ], [ -93.790427, 41.362749 ], [ -93.790404, 41.361727 ], [ -93.790392, 41.36079 ], [ -93.790399, 41.360388 ], [ -93.790386, 41.360352 ], [ -93.79038, 41.359359 ], [ -93.790379, 41.359177 ], [ -93.790281, 41.355483 ], [ -93.790279, 41.355444 ], [ -93.790116, 41.347255 ], [ -93.790069, 41.342687 ], [ -93.790039, 41.340924 ], [ -93.790129, 41.337234 ], [ -93.790003, 41.326262 ], [ -93.789945, 41.320416 ], [ -93.789937, 41.31985 ], [ -93.789878, 41.315732 ], [ -93.789833, 41.30685 ], [ -93.789905, 41.300701 ], [ -93.789752, 41.29332 ], [ -93.78976, 41.28974 ], [ -93.789648, 41.271471 ], [ -93.789479, 41.264219 ], [ -93.789577, 41.256892 ], [ -93.789489, 41.249452 ], [ -93.789454, 41.242453 ], [ -93.789197, 41.227656 ], [ -93.789443, 41.224134 ], [ -93.789381, 41.202449 ], [ -93.789373, 41.199406 ], [ -93.789256, 41.176695 ], [ -93.789196, 41.162035 ], [ -93.784436, 41.16208 ], [ -93.784202, 41.162082 ], [ -93.77936, 41.162126 ], [ -93.760358, 41.162084 ], [ -93.750764, 41.162113 ], [ -93.738662, 41.161978 ], [ -93.731047, 41.161931 ], [ -93.711814, 41.161917 ], [ -93.69733, 41.161865 ], [ -93.693524, 41.161865 ], [ -93.68763, 41.161855 ], [ -93.682162, 41.161742 ], [ -93.673283, 41.161785 ], [ -93.663439, 41.161662 ], [ -93.663336, 41.16166 ], [ -93.65821, 41.161676 ], [ -93.638254, 41.161609 ], [ -93.632321, 41.1616 ], [ -93.605257, 41.161587 ], [ -93.600856, 41.161581 ], [ -93.596389, 41.161547 ], [ -93.577943, 41.161327 ], [ -93.576806, 41.161374 ], [ -93.557556, 41.161271 ], [ -93.557246, 41.153861 ], [ -93.557166, 41.146862 ], [ -93.557204, 41.133958 ], [ -93.557229, 41.117501 ], [ -93.557147, 41.106563 ], [ -93.557019, 41.084652 ], [ -93.55707, 41.073696 ], [ -93.557012, 41.065094 ], [ -93.556939, 41.044305 ], [ -93.556893, 41.037081 ], [ -93.556871, 41.029782 ], [ -93.556824, 41.018029 ], [ -93.556723, 41.015221 ], [ -93.556711, 41.010761 ], [ -93.556658, 41.004912 ], [ -93.556653, 41.00441 ], [ -93.556637, 41.002776 ], [ -93.556586, 40.996847 ], [ -93.55683, 40.993549 ], [ -93.556822, 40.993468 ], [ -93.556677, 40.986251 ], [ -93.556705, 40.986094 ], [ -93.556752, 40.983156 ], [ -93.556875, 40.971665 ], [ -93.556912, 40.956511 ], [ -93.556801, 40.954696 ], [ -93.556819, 40.954249 ], [ -93.556724, 40.94208 ], [ -93.556716, 40.938616 ], [ -93.556613, 40.927419 ], [ -93.556669, 40.923899 ], [ -93.556726, 40.919722 ], [ -93.55664, 40.919519 ], [ -93.55654, 40.898295 ], [ -93.539281, 40.898131 ], [ -93.528291, 40.898057 ], [ -93.518795, 40.89798 ], [ -93.499646, 40.897808 ], [ -93.493733, 40.897757 ], [ -93.480459, 40.89763 ], [ -93.461281, 40.897692 ], [ -93.442126, 40.897581 ], [ -93.42649, 40.897645 ], [ -93.412811, 40.897612 ], [ -93.398487, 40.897651 ], [ -93.393861, 40.89766 ], [ -93.384371, 40.897737 ], [ -93.375088, 40.897778 ], [ -93.365396, 40.898018 ], [ -93.356155, 40.898042 ], [ -93.331998, 40.897847 ], [ -93.327417, 40.897884 ], [ -93.326966, 40.897888 ], [ -93.317404, 40.897926 ], [ -93.309365, 40.897931 ], [ -93.301424, 40.897968 ], [ -93.29399, 40.898007 ], [ -93.293501, 40.89801 ], [ -93.28878, 40.898028 ], [ -93.264128, 40.898099 ], [ -93.260085, 40.898018 ], [ -93.24736, 40.898069 ], [ -93.244479, 40.898175 ], [ -93.231314, 40.898228 ], [ -93.21221, 40.898054 ], [ -93.198204, 40.89814 ], [ -93.191099, 40.898191 ], [ -93.17438, 40.898191 ], [ -93.164526, 40.898198 ], [ -93.161696, 40.898158 ], [ -93.126478, 40.898281 ], [ -93.119396, 40.898347 ], [ -93.1007, 40.898448 ], [ -93.097595, 40.898451 ], [ -93.097758, 40.90006 ], [ -93.09789, 40.912893 ], [ -93.097962, 40.927398 ], [ -93.098011, 40.934697 ], [ -93.098058, 40.942583 ], [ -93.098114, 40.952813 ], [ -93.098153, 40.956484 ], [ -93.098159, 40.963605 ], [ -93.0982, 40.978143 ], [ -93.098278, 40.978436 ], [ -93.09836, 40.98636 ], [ -93.098381, 41.000884 ], [ -93.098506, 41.025654 ], [ -93.098398, 41.034815 ], [ -93.098549, 41.044828 ], [ -93.098596, 41.055492 ], [ -93.098528, 41.066823 ], [ -93.098467, 41.074143 ], [ -93.098465, 41.074273 ], [ -93.098442, 41.081587 ], [ -93.098361, 41.087009 ], [ -93.098418, 41.090723 ], [ -93.098417, 41.090959 ], [ -93.098499, 41.102282 ], [ -93.098703, 41.111858 ], [ -93.098684, 41.115686 ], [ -93.098703, 41.122865 ], [ -93.098737, 41.123854 ], [ -93.098822, 41.125124 ], [ -93.099129, 41.14691 ], [ -93.099158, 41.153904 ], [ -93.099217, 41.160867 ], [ -93.11836, 41.160963 ], [ -93.134455, 41.160822 ], [ -93.145461, 41.161013 ], [ -93.147424, 41.16098 ], [ -93.170862, 41.160947 ], [ -93.180422, 41.160875 ], [ -93.184026, 41.16088 ], [ -93.185097, 41.160881 ], [ -93.199387, 41.16088 ], [ -93.21314, 41.160761 ], [ -93.225727, 41.160761 ], [ -93.232242, 41.160784 ], [ -93.236815, 41.16081 ], [ -93.241038, 41.160736 ], [ -93.251436, 41.16077 ], [ -93.270072, 41.160734 ], [ -93.289753, 41.160705 ], [ -93.300402, 41.160798 ], [ -93.308935, 41.160752 ], [ -93.309896, 41.16075 ], [ -93.310836, 41.160743 ], [ -93.310954, 41.160744 ], [ -93.311112, 41.16074 ], [ -93.311182, 41.16074 ], [ -93.311589, 41.160735 ], [ -93.311748, 41.160734 ], [ -93.313688, 41.160725 ], [ -93.327886, 41.160659 ] ] ] ] } },
{ "type": "Feature", "properties": { "id": 2, "NAME": "2", "TotalPop": 30464, "PopDevPct": -0.04512613, "DemPct": 0.3949594, "RepPct": 0.58622235, "WhitePct": 0.92741517, "MinorityPct": 0.07258483, "BlackPct": 0.01229224, "HispanicPct": 0.02709488, "PacificPct": 0.00103878, "AsianPct": 0.00965201, "NativePct": 0.01584141, "TotalVAP": 23104, "Margin": -0.19126295, "color": "#ff2020", "opacity": "0.5", "DemPct2": 0.41532558, "RepPct2": 0.56291163, "Margin2": -0.14758605, "Swing": -0.0436769, "R_Margin": -0.0629797332, "R_Margin2": -0.0701328631, "R_Swing": 0.0071531299, "Majority": "White" }, "geometry": { "type": "MultiPolygon", "coordinates": [ [ [ [ -93.395167, 41.421772 ], [ -93.386232, 41.421655 ], [ -93.379245, 41.421633 ], [ -93.374595, 41.421606 ], [ -93.37422, 41.421613 ], [ -93.357219, 41.421537 ], [ -93.347406, 41.421618 ], [ -93.339611, 41.421721 ], [ -93.328208, 41.421691 ], [ -93.328232, 41.435666 ], [ -93.328233, 41.436021 ], [ -93.328236, 41.436341 ], [ -93.328242, 41.437076 ], [ -93.328264, 41.439215 ], [ -93.328383, 41.446411 ], [ -93.328311, 41.450639 ], [ -93.32835, 41.464955 ], [ -93.328389, 41.466627 ], [ -93.328426, 41.472298 ], [ -93.328433, 41.47271 ], [ -93.328539, 41.47934 ], [ -93.328403, 41.489588 ], [ -93.328407, 41.490921 ], [ -93.332222, 41.488994 ], [ -93.333716, 41.488855 ], [ -93.335062, 41.487402 ], [ -93.338165, 41.483899 ], [ -93.340766, 41.482004 ], [ -93.340787, 41.481998 ], [ -93.341023, 41.481956 ], [ -93.342705, 41.48177 ], [ -93.345375, 41.482185 ], [ -93.346863, 41.482827 ], [ -93.347932, 41.484297 ], [ -93.348217, 41.486681 ], [ -93.348734, 41.487842 ], [ -93.350897, 41.49151 ], [ -93.351726, 41.493408 ], [ -93.351921, 41.495606 ], [ -93.352531, 41.496889 ], [ -93.354202, 41.497829 ], [ -93.356742, 41.49812 ], [ -93.357955, 41.4977 ], [ -93.359075, 41.496337 ], [ -93.358048, 41.493023 ], [ -93.358358, 41.48976 ], [ -93.358725, 41.488855 ], [ -93.361268, 41.487169 ], [ -93.363763, 41.487168 ], [ -93.370763, 41.486346 ], [ -93.372013, 41.486991 ], [ -93.372079, 41.489082 ], [ -93.37261, 41.491673 ], [ -93.373198, 41.492565 ], [ -93.377485, 41.49448 ], [ -93.382048, 41.49566 ], [ -93.385942, 41.495365 ], [ -93.388735, 41.493803 ], [ -93.39019, 41.490236 ], [ -93.396759, 41.48664 ], [ -93.398687, 41.486551 ], [ -93.405059, 41.487053 ], [ -93.405806, 41.487996 ], [ -93.405295, 41.489322 ], [ -93.403958, 41.490324 ], [ -93.401047, 41.490914 ], [ -93.398451, 41.492034 ], [ -93.397113, 41.493272 ], [ -93.395776, 41.496396 ], [ -93.395697, 41.498224 ], [ -93.396529, 41.500139 ], [ -93.398114, 41.501837 ], [ -93.40025, 41.502605 ], [ -93.402484, 41.502719 ], [ -93.404596, 41.502291 ], [ -93.406799, 41.500454 ], [ -93.409781, 41.495013 ], [ -93.411512, 41.49351 ], [ -93.414265, 41.49236 ], [ -93.417255, 41.492213 ], [ -93.420638, 41.493097 ], [ -93.421857, 41.493893 ], [ -93.421936, 41.495485 ], [ -93.420795, 41.496369 ], [ -93.414982, 41.499575 ], [ -93.414095, 41.500488 ], [ -93.412601, 41.503446 ], [ -93.41226, 41.505549 ], [ -93.413178, 41.507691 ], [ -93.415092, 41.509774 ], [ -93.417688, 41.511542 ], [ -93.419917, 41.511837 ], [ -93.422854, 41.511444 ], [ -93.424375, 41.509656 ], [ -93.424482, 41.508027 ], [ -93.426108, 41.505837 ], [ -93.427682, 41.505051 ], [ -93.431182, 41.504908 ], [ -93.433716, 41.503877 ], [ -93.436704, 41.502284 ], [ -93.438011, 41.502082 ], [ -93.440234, 41.502555 ], [ -93.442061, 41.504573 ], [ -93.442302, 41.506138 ], [ -93.441286, 41.507589 ], [ -93.442102, 41.50761 ], [ -93.442911, 41.507631 ], [ -93.462187, 41.508075 ], [ -93.469309, 41.508455 ], [ -93.471796, 41.508579 ], [ -93.476894, 41.508727 ], [ -93.481456, 41.508859 ], [ -93.482595, 41.508895 ], [ -93.485125, 41.508973 ], [ -93.489843, 41.509095 ], [ -93.493147, 41.509193 ], [ -93.497623, 41.509334 ], [ -93.49773, 41.509338 ], [ -93.497837, 41.509341 ], [ -93.510342, 41.509821 ], [ -93.518572, 41.510121 ], [ -93.519171, 41.510143 ], [ -93.519481, 41.510153 ], [ -93.520281, 41.510186 ], [ -93.520741, 41.510208 ], [ -93.520854, 41.510204 ], [ -93.52542, 41.510424 ], [ -93.529249, 41.510607 ], [ -93.534805, 41.51081 ], [ -93.53916, 41.510982 ], [ -93.544134, 41.511161 ], [ -93.548909, 41.511315 ], [ -93.550944, 41.511348 ], [ -93.552142, 41.511367 ], [ -93.558207, 41.511481 ], [ -93.575721, 41.511617 ], [ -93.577338, 41.511646 ], [ -93.577775, 41.511654 ], [ -93.580418, 41.511702 ], [ -93.596699, 41.511838 ], [ -93.606376, 41.511907 ], [ -93.609332, 41.511934 ], [ -93.610539, 41.511942 ], [ -93.61172, 41.511943 ], [ -93.6129, 41.511951 ], [ -93.614069, 41.511969 ], [ -93.615218, 41.511968 ], [ -93.61599, 41.511967 ], [ -93.625636, 41.512053 ], [ -93.626708, 41.512055 ], [ -93.627786, 41.512057 ], [ -93.628821, 41.512059 ], [ -93.629865, 41.512062 ], [ -93.634542, 41.512072 ], [ -93.635167, 41.512074 ], [ -93.637619, 41.512079 ], [ -93.640039, 41.512083 ], [ -93.644926, 41.512094 ], [ -93.645016, 41.51208 ], [ -93.647059, 41.512081 ], [ -93.649705, 41.512079 ], [ -93.652956, 41.512081 ], [ -93.654188, 41.512058 ], [ -93.654612, 41.512057 ], [ -93.654734, 41.512057 ], [ -93.658662, 41.512063 ], [ -93.658892, 41.512062 ], [ -93.657903, 41.509627 ], [ -93.657784, 41.507888 ], [ -93.654591, 41.508901 ], [ -93.654632, 41.507204 ], [ -93.654679, 41.504804 ], [ -93.654793, 41.49915 ], [ -93.654832, 41.49756 ], [ -93.656595, 41.497547 ], [ -93.659204, 41.497523 ], [ -93.659674, 41.497516 ], [ -93.659759, 41.490213 ], [ -93.664563, 41.490191 ], [ -93.664582, 41.489166 ], [ -93.664645, 41.482981 ], [ -93.662108, 41.48296 ], [ -93.659848, 41.482941 ], [ -93.659592, 41.484764 ], [ -93.655011, 41.484729 ], [ -93.655028, 41.483361 ], [ -93.656302, 41.483379 ], [ -93.65628, 41.480475 ], [ -93.655036, 41.480454 ], [ -93.655044, 41.481323 ], [ -93.652418, 41.481343 ], [ -93.649594, 41.482883 ], [ -93.645387, 41.482912 ], [ -93.645312, 41.476126 ], [ -93.644501, 41.475512 ], [ -93.644503, 41.475358 ], [ -93.650154, 41.475649 ], [ -93.650136, 41.468199 ], [ -93.654949, 41.468215 ], [ -93.65496, 41.470088 ], [ -93.65735, 41.470048 ], [ -93.657434, 41.475593 ], [ -93.657247, 41.475598 ], [ -93.657255, 41.47657 ], [ -93.658243, 41.476543 ], [ -93.658247, 41.475568 ], [ -93.660315, 41.475507 ], [ -93.662904, 41.475468 ], [ -93.666623, 41.475395 ], [ -93.668056, 41.475369 ], [ -93.668489, 41.475357 ], [ -93.668477, 41.469838 ], [ -93.669469, 41.469829 ], [ -93.669491, 41.468039 ], [ -93.674021, 41.467974 ], [ -93.674089, 41.458466 ], [ -93.670663, 41.45714 ], [ -93.669385, 41.457159 ], [ -93.669385, 41.456283 ], [ -93.664661, 41.456366 ], [ -93.664675, 41.45353 ], [ -93.66526, 41.453292 ], [ -93.66543, 41.452502 ], [ -93.665176, 41.451347 ], [ -93.665234, 41.450923 ], [ -93.665695, 41.450668 ], [ -93.666198, 41.450824 ], [ -93.666927, 41.451307 ], [ -93.667505, 41.451451 ], [ -93.668255, 41.451337 ], [ -93.668231, 41.450628 ], [ -93.667546, 41.450097 ], [ -93.667222, 41.44934 ], [ -93.667565, 41.449037 ], [ -93.668056, 41.448984 ], [ -93.66853, 41.449644 ], [ -93.669215, 41.449805 ], [ -93.669385, 41.44945 ], [ -93.668913, 41.448709 ], [ -93.668869, 41.448419 ], [ -93.669286, 41.448213 ], [ -93.670218, 41.448562 ], [ -93.671201, 41.448367 ], [ -93.671803, 41.448026 ], [ -93.671826, 41.447044 ], [ -93.672075, 41.446591 ], [ -93.672521, 41.446245 ], [ -93.673434, 41.446233 ], [ -93.673446, 41.44985 ], [ -93.674104, 41.449847 ], [ -93.674267, 41.445222 ], [ -93.674271, 41.445069 ], [ -93.674374, 41.440382 ], [ -93.674086, 41.439148 ], [ -93.674052, 41.431743 ], [ -93.673978, 41.424524 ], [ -93.673869, 41.423699 ], [ -93.674011, 41.417897 ], [ -93.674014, 41.414206 ], [ -93.673984, 41.410566 ], [ -93.673873, 41.406881 ], [ -93.674019, 41.404185 ], [ -93.673924, 41.403206 ], [ -93.673913, 41.399023 ], [ -93.673869, 41.39486 ], [ -93.673854, 41.39457 ], [ -93.673741, 41.388569 ], [ -93.673696, 41.381219 ], [ -93.673695, 41.373453 ], [ -93.673668, 41.369769 ], [ -93.673624, 41.366502 ], [ -93.673478, 41.352019 ], [ -93.673386, 41.337376 ], [ -93.673436, 41.329437 ], [ -93.673579, 41.326026 ], [ -93.673377, 41.32209 ], [ -93.673355, 41.320008 ], [ -93.673411, 41.319776 ], [ -93.673405, 41.317919 ], [ -93.673417, 41.316902 ], [ -93.673517, 41.307534 ], [ -93.673633, 41.296703 ], [ -93.673652, 41.29659 ], [ -93.673727, 41.294282 ], [ -93.673664, 41.293563 ], [ -93.673726, 41.284199 ], [ -93.673722, 41.28413 ], [ -93.673723, 41.283338 ], [ -93.673697, 41.282321 ], [ -93.673729, 41.282262 ], [ -93.673742, 41.280372 ], [ -93.673727, 41.280331 ], [ -93.673748, 41.271301 ], [ -93.673462, 41.253715 ], [ -93.673466, 41.253524 ], [ -93.673506, 41.249051 ], [ -93.659562, 41.248966 ], [ -93.65493, 41.248936 ], [ -93.640552, 41.248924 ], [ -93.630709, 41.248874 ], [ -93.610424, 41.24877 ], [ -93.610164, 41.248766 ], [ -93.601582, 41.248748 ], [ -93.596753, 41.248779 ], [ -93.582359, 41.248717 ], [ -93.577418, 41.248684 ], [ -93.56307, 41.248663 ], [ -93.558104, 41.248636 ], [ -93.544026, 41.24853 ], [ -93.539146, 41.248481 ], [ -93.538395, 41.248466 ], [ -93.538085, 41.248468 ], [ -93.519753, 41.248278 ], [ -93.517173, 41.248479 ], [ -93.516641, 41.248251 ], [ -93.50041, 41.248131 ], [ -93.486117, 41.248019 ], [ -93.480942, 41.247923 ], [ -93.480536, 41.24804 ], [ -93.4693, 41.247923 ], [ -93.461765, 41.247722 ], [ -93.44239, 41.24784 ], [ -93.442473, 41.255094 ], [ -93.442489, 41.26235 ], [ -93.442568, 41.276855 ], [ -93.442606, 41.282609 ], [ -93.442613, 41.284022 ], [ -93.444771, 41.284008 ], [ -93.447419, 41.283989 ], [ -93.447417, 41.291234 ], [ -93.448635, 41.291225 ], [ -93.448625, 41.294844 ], [ -93.442668, 41.294871 ], [ -93.442603, 41.305676 ], [ -93.442631, 41.315241 ], [ -93.442651, 41.320197 ], [ -93.442715, 41.3344 ], [ -93.442629, 41.334733 ], [ -93.438625, 41.334728 ], [ -93.428864, 41.334655 ], [ -93.429106, 41.341825 ], [ -93.42926, 41.345502 ], [ -93.429486, 41.356443 ], [ -93.429423, 41.359835 ], [ -93.429179, 41.372365 ], [ -93.429164, 41.374388 ], [ -93.429252, 41.374959 ], [ -93.429296, 41.380196 ], [ -93.429059, 41.389027 ], [ -93.429159, 41.392552 ], [ -93.42434, 41.392597 ], [ -93.424045, 41.392581 ], [ -93.423085, 41.392541 ], [ -93.422396, 41.392502 ], [ -93.422125, 41.392478 ], [ -93.421579, 41.39239 ], [ -93.419902, 41.392391 ], [ -93.418477, 41.392425 ], [ -93.418143, 41.392434 ], [ -93.41807, 41.392472 ], [ -93.404967, 41.392565 ], [ -93.405007, 41.398853 ], [ -93.40501, 41.399273 ], [ -93.404964, 41.406962 ], [ -93.400153, 41.406974 ], [ -93.395342, 41.406946 ], [ -93.395243, 41.412397 ], [ -93.395257, 41.414261 ], [ -93.395167, 41.421772 ] ] ] ] } },
{ "type": "Feature", "properties": { "id": 3, "NAME": "3", "TotalPop": 31099, "PopDevPct": -0.02522247, "DemPct": 0.49314466, "RepPct": 0.48962534, "WhitePct": 0.7755505, "MinorityPct": 0.2244495, "BlackPct": 0.06700434, "HispanicPct": 0.09408937, "PacificPct": 0.00145942, "AsianPct": 0.03721509, "NativePct": 0.02283556, "TotalVAP": 23297, "Margin": 0.00351932, "color": "#d9d9ff", "opacity": "0.5", "DemPct2": 0.51786087, "RepPct2": 0.4576283, "Margin2": 0.06023257, "Swing": -0.05671325, "R_Margin": 0.1318025368, "R_Margin2": 0.1376857569, "R_Swing": -0.0058832201, "Majority": "White" }, "geometry": { "type": "MultiPolygon", "coordinates": [ [ [ [ -93.581248, 41.673276 ], [ -93.581249, 41.66602 ], [ -93.581248, 41.665605 ], [ -93.58127, 41.65869 ], [ -93.581273, 41.658668 ], [ -93.581301, 41.654275 ], [ -93.58131, 41.651467 ], [ -93.581312, 41.651115 ], [ -93.581322, 41.648579 ], [ -93.58133, 41.646726 ], [ -93.581343, 41.64416 ], [ -93.58133, 41.63689 ], [ -93.575846, 41.636847 ], [ -93.575574, 41.636845 ], [ -93.574883, 41.629686 ], [ -93.574995, 41.627762 ], [ -93.575872, 41.622284 ], [ -93.576694, 41.61705 ], [ -93.577334, 41.615048 ], [ -93.577375, 41.614946 ], [ -93.575544, 41.614989 ], [ -93.575062, 41.614984 ], [ -93.574852, 41.614983 ], [ -93.57366, 41.614979 ], [ -93.573496, 41.614978 ], [ -93.572469, 41.614976 ], [ -93.571338, 41.614974 ], [ -93.570792, 41.614973 ], [ -93.56931, 41.614974 ], [ -93.568277, 41.614976 ], [ -93.566174, 41.614982 ], [ -93.565341, 41.614983 ], [ -93.565344, 41.61404 ], [ -93.565347, 41.612982 ], [ -93.565339, 41.609036 ], [ -93.565266, 41.609059 ], [ -93.565246, 41.607938 ], [ -93.565241, 41.607101 ], [ -93.565236, 41.606254 ], [ -93.565237, 41.605403 ], [ -93.565238, 41.604562 ], [ -93.565225, 41.603078 ], [ -93.565223, 41.601811 ], [ -93.565331, 41.600491 ], [ -93.564428, 41.600496 ], [ -93.563869, 41.600499 ], [ -93.563258, 41.600502 ], [ -93.562326, 41.600507 ], [ -93.561164, 41.600513 ], [ -93.561105, 41.600513 ], [ -93.559629, 41.60052 ], [ -93.558403, 41.600575 ], [ -93.555282, 41.600588 ], [ -93.55146, 41.6006 ], [ -93.550498, 41.600597 ], [ -93.54945, 41.600594 ], [ -93.548705, 41.600591 ], [ -93.548555, 41.600593 ], [ -93.548278, 41.600597 ], [ -93.54676, 41.600616 ], [ -93.54562, 41.600628 ], [ -93.544585, 41.600639 ], [ -93.543835, 41.600641 ], [ -93.542722, 41.600644 ], [ -93.540597, 41.600649 ], [ -93.538199, 41.600655 ], [ -93.535775, 41.600656 ], [ -93.533372, 41.600653 ], [ -93.531054, 41.60064 ], [ -93.529854, 41.600633 ], [ -93.529908, 41.607876 ], [ -93.527323, 41.607875 ], [ -93.525744, 41.607888 ], [ -93.525742, 41.609531 ], [ -93.524669, 41.609746 ], [ -93.524547, 41.609754 ], [ -93.524317, 41.60789 ], [ -93.522948, 41.607877 ], [ -93.522933, 41.609744 ], [ -93.522477, 41.609739 ], [ -93.522441, 41.615109 ], [ -93.520142, 41.615103 ], [ -93.516456, 41.615093 ], [ -93.51547, 41.615091 ], [ -93.513949, 41.615087 ], [ -93.513944, 41.613385 ], [ -93.512862, 41.613376 ], [ -93.512871, 41.615085 ], [ -93.512223, 41.615084 ], [ -93.510798, 41.61508 ], [ -93.509826, 41.615081 ], [ -93.509304, 41.615094 ], [ -93.508628, 41.615117 ], [ -93.508651, 41.610888 ], [ -93.503259, 41.610808 ], [ -93.503257, 41.614232 ], [ -93.503228, 41.617516 ], [ -93.503247, 41.620609 ], [ -93.502026, 41.61942 ], [ -93.5018, 41.619221 ], [ -93.496635, 41.618606 ], [ -93.49534, 41.618472 ], [ -93.494045, 41.618473 ], [ -93.493953, 41.621235 ], [ -93.494488, 41.622352 ], [ -93.494841, 41.623356 ], [ -93.501388, 41.62958 ], [ -93.503228, 41.629615 ], [ -93.503215, 41.631557 ], [ -93.503204, 41.632833 ], [ -93.503201, 41.63323 ], [ -93.5032, 41.633402 ], [ -93.503195, 41.634201 ], [ -93.504607, 41.636842 ], [ -93.506817, 41.640326 ], [ -93.507298, 41.64044 ], [ -93.508704, 41.643739 ], [ -93.510016, 41.6439 ], [ -93.510214, 41.643902 ], [ -93.51032, 41.644067 ], [ -93.5104, 41.644193 ], [ -93.510559, 41.644434 ], [ -93.510395, 41.644436 ], [ -93.508988, 41.644429 ], [ -93.511443, 41.648238 ], [ -93.511494, 41.648555 ], [ -93.512274, 41.648783 ], [ -93.514892, 41.651407 ], [ -93.519891, 41.658606 ], [ -93.520404, 41.658608 ], [ -93.520733, 41.658612 ], [ -93.522281, 41.658615 ], [ -93.522178, 41.659485 ], [ -93.521137, 41.659638 ], [ -93.520905, 41.660055 ], [ -93.521041, 41.660249 ], [ -93.522391, 41.660434 ], [ -93.5224, 41.661104 ], [ -93.522338, 41.673111 ], [ -93.512706, 41.673059 ], [ -93.512768, 41.680268 ], [ -93.50314, 41.68024 ], [ -93.503206, 41.686728 ], [ -93.503208, 41.688405 ], [ -93.50397, 41.688402 ], [ -93.522468, 41.688399 ], [ -93.525418, 41.688396 ], [ -93.533314, 41.688371 ], [ -93.541793, 41.688297 ], [ -93.545181, 41.688167 ], [ -93.559016, 41.688288 ], [ -93.561437, 41.688306 ], [ -93.561022, 41.692683 ], [ -93.561989, 41.692686 ], [ -93.561975, 41.693834 ], [ -93.561003, 41.69416 ], [ -93.560939, 41.699235 ], [ -93.559854, 41.699234 ], [ -93.554683, 41.699234 ], [ -93.554679, 41.700532 ], [ -93.554659, 41.702892 ], [ -93.55574, 41.702844 ], [ -93.556937, 41.702795 ], [ -93.556935, 41.701727 ], [ -93.55796, 41.701726 ], [ -93.55796, 41.702753 ], [ -93.560806, 41.702861 ], [ -93.562118, 41.702866 ], [ -93.562089, 41.706481 ], [ -93.564488, 41.70649 ], [ -93.564468, 41.710041 ], [ -93.563928, 41.710036 ], [ -93.560894, 41.710027 ], [ -93.560886, 41.709665 ], [ -93.560842, 41.707765 ], [ -93.560684, 41.706556 ], [ -93.557651, 41.706564 ], [ -93.556635, 41.709539 ], [ -93.55611, 41.709597 ], [ -93.556104, 41.708549 ], [ -93.556105, 41.7083 ], [ -93.550929, 41.70831 ], [ -93.551467, 41.71012 ], [ -93.552101, 41.711058 ], [ -93.55237, 41.712181 ], [ -93.55233, 41.712787 ], [ -93.552505, 41.712839 ], [ -93.55251, 41.71372 ], [ -93.556078, 41.713715 ], [ -93.557994, 41.713706 ], [ -93.560891, 41.713716 ], [ -93.563011, 41.713721 ], [ -93.565103, 41.713726 ], [ -93.567932, 41.713724 ], [ -93.568853, 41.713724 ], [ -93.568843, 41.715714 ], [ -93.568863, 41.717363 ], [ -93.56983, 41.717365 ], [ -93.570155, 41.717365 ], [ -93.570572, 41.717366 ], [ -93.576349, 41.717384 ], [ -93.576614, 41.717386 ], [ -93.580263, 41.7174 ], [ -93.581153, 41.717404 ], [ -93.582947, 41.717395 ], [ -93.584832, 41.717391 ], [ -93.585931, 41.717391 ], [ -93.587029, 41.717391 ], [ -93.588119, 41.71739 ], [ -93.589352, 41.71739 ], [ -93.590701, 41.71739 ], [ -93.591924, 41.71739 ], [ -93.593017, 41.717386 ], [ -93.594112, 41.717382 ], [ -93.59521, 41.717379 ], [ -93.600484, 41.717368 ], [ -93.600481, 41.715509 ], [ -93.600491, 41.711942 ], [ -93.600496, 41.711643 ], [ -93.600601, 41.710073 ], [ -93.600619, 41.709019 ], [ -93.600619, 41.708904 ], [ -93.60064, 41.702931 ], [ -93.60046, 41.70293 ], [ -93.597553, 41.702881 ], [ -93.594032, 41.702889 ], [ -93.593949, 41.702889 ], [ -93.592392, 41.702885 ], [ -93.587767, 41.702882 ], [ -93.587764, 41.701658 ], [ -93.591126, 41.70093 ], [ -93.59113, 41.697186 ], [ -93.59151, 41.695269 ], [ -93.592599, 41.693061 ], [ -93.593538, 41.692458 ], [ -93.596295, 41.692458 ], [ -93.596297, 41.692014 ], [ -93.600643, 41.69201 ], [ -93.600643, 41.692074 ], [ -93.60064, 41.69246 ], [ -93.599033, 41.692457 ], [ -93.599235, 41.694407 ], [ -93.600574, 41.694407 ], [ -93.600691, 41.694408 ], [ -93.600691, 41.694728 ], [ -93.603563, 41.694727 ], [ -93.603918, 41.693228 ], [ -93.604629, 41.693238 ], [ -93.60464, 41.691047 ], [ -93.60378, 41.691047 ], [ -93.603761, 41.692077 ], [ -93.602418, 41.692076 ], [ -93.601889, 41.692075 ], [ -93.601903, 41.689595 ], [ -93.602267, 41.68934 ], [ -93.60736, 41.689419 ], [ -93.60738, 41.688377 ], [ -93.600654, 41.688398 ], [ -93.593323, 41.688391 ], [ -93.590967, 41.688398 ], [ -93.590998, 41.680458 ], [ -93.590834, 41.680459 ], [ -93.581273, 41.68054 ], [ -93.581273, 41.678836 ], [ -93.581273, 41.677718 ], [ -93.582546, 41.677695 ], [ -93.582546, 41.676883 ], [ -93.586097, 41.676863 ], [ -93.586062, 41.67323 ], [ -93.581248, 41.673276 ] ] ], [ [ [ -93.600691, 41.698224 ], [ -93.600882, 41.698222 ], [ -93.601586, 41.698226 ], [ -93.601655, 41.698227 ], [ -93.601665, 41.697357 ], [ -93.600893, 41.697351 ], [ -93.600827, 41.697347 ], [ -93.600691, 41.697348 ], [ -93.600691, 41.698224 ] ] ] ] } },
{ "type": "Feature", "properties": { "id": 4, "NAME": "4", "TotalPop": 31870, "PopDevPct": -0.00105599, "DemPct": 0.62771712, "RepPct": 0.3514311, "WhitePct": 0.56854312, "MinorityPct": 0.43145688, "BlackPct": 0.12629138, "HispanicPct": 0.20822264, "PacificPct": 0.00215054, "AsianPct": 0.07585916, "NativePct": 0.02715581, "TotalVAP": 23715, "Margin": 0.27628602, "color": "#00008b", "opacity": "0.5", "DemPct2": 0.66675406, "RepPct2": 0.30991085, "Margin2": 0.35684321, "Swing": -0.08055719, "R_Margin": 0.4045692368, "R_Margin2": 0.4342963969, "R_Swing": -0.0297271601, "Majority": "White" }, "geometry": { "type": "MultiPolygon", "coordinates": [ [ [ [ -93.567933, 41.590355 ], [ -93.56513, 41.590268 ], [ -93.563297, 41.590086 ], [ -93.562023, 41.589884 ], [ -93.558365, 41.589192 ], [ -93.558377, 41.591445 ], [ -93.558378, 41.591467 ], [ -93.557082, 41.591416 ], [ -93.555932, 41.591377 ], [ -93.553854, 41.591299 ], [ -93.552116, 41.591234 ], [ -93.549023, 41.591104 ], [ -93.547826, 41.59106 ], [ -93.547451, 41.591047 ], [ -93.546342, 41.591008 ], [ -93.54523, 41.590962 ], [ -93.539635, 41.590691 ], [ -93.538809, 41.590256 ], [ -93.529842, 41.589913 ], [ -93.529854, 41.597836 ], [ -93.529854, 41.600633 ], [ -93.531054, 41.60064 ], [ -93.533372, 41.600653 ], [ -93.535775, 41.600656 ], [ -93.538199, 41.600655 ], [ -93.540597, 41.600649 ], [ -93.542722, 41.600644 ], [ -93.543835, 41.600641 ], [ -93.544585, 41.600639 ], [ -93.54562, 41.600628 ], [ -93.54676, 41.600616 ], [ -93.548278, 41.600597 ], [ -93.548555, 41.600593 ], [ -93.548705, 41.600591 ], [ -93.54945, 41.600594 ], [ -93.550498, 41.600597 ], [ -93.55146, 41.6006 ], [ -93.555282, 41.600588 ], [ -93.558403, 41.600575 ], [ -93.559629, 41.60052 ], [ -93.561105, 41.600513 ], [ -93.561164, 41.600513 ], [ -93.562326, 41.600507 ], [ -93.563258, 41.600502 ], [ -93.563869, 41.600499 ], [ -93.564428, 41.600496 ], [ -93.565331, 41.600491 ], [ -93.565223, 41.601811 ], [ -93.565225, 41.603078 ], [ -93.565238, 41.604562 ], [ -93.565237, 41.605403 ], [ -93.565236, 41.606254 ], [ -93.565241, 41.607101 ], [ -93.565246, 41.607938 ], [ -93.565266, 41.609059 ], [ -93.565339, 41.609036 ], [ -93.565347, 41.612982 ], [ -93.565344, 41.61404 ], [ -93.565341, 41.614983 ], [ -93.566174, 41.614982 ], [ -93.568277, 41.614976 ], [ -93.56931, 41.614974 ], [ -93.570792, 41.614973 ], [ -93.571338, 41.614974 ], [ -93.572469, 41.614976 ], [ -93.573496, 41.614978 ], [ -93.57366, 41.614979 ], [ -93.574852, 41.614983 ], [ -93.575062, 41.614984 ], [ -93.575544, 41.614989 ], [ -93.577375, 41.614946 ], [ -93.577334, 41.615048 ], [ -93.576694, 41.61705 ], [ -93.575872, 41.622284 ], [ -93.574995, 41.627762 ], [ -93.574883, 41.629686 ], [ -93.575574, 41.636845 ], [ -93.575846, 41.636847 ], [ -93.58133, 41.63689 ], [ -93.585671, 41.63689 ], [ -93.586976, 41.636857 ], [ -93.586974, 41.638357 ], [ -93.588423, 41.639334 ], [ -93.591081, 41.640243 ], [ -93.591788, 41.63862 ], [ -93.59483, 41.638606 ], [ -93.594492, 41.636821 ], [ -93.594938, 41.636821 ], [ -93.595736, 41.636815 ], [ -93.600491, 41.636794 ], [ -93.600552, 41.636793 ], [ -93.600566, 41.638589 ], [ -93.601739, 41.638594 ], [ -93.601737, 41.638131 ], [ -93.602221, 41.63813 ], [ -93.60222, 41.638465 ], [ -93.60222, 41.638593 ], [ -93.60221, 41.639514 ], [ -93.600564, 41.639517 ], [ -93.600563, 41.640424 ], [ -93.600561, 41.641811 ], [ -93.600561, 41.64198 ], [ -93.600572, 41.643915 ], [ -93.600508, 41.644033 ], [ -93.600509, 41.644051 ], [ -93.601392, 41.644047 ], [ -93.600931, 41.644716 ], [ -93.60094, 41.647819 ], [ -93.601897, 41.648596 ], [ -93.605382, 41.649003 ], [ -93.610246, 41.648998 ], [ -93.610262, 41.64768 ], [ -93.607813, 41.647683 ], [ -93.607812, 41.644047 ], [ -93.607747, 41.644047 ], [ -93.607747, 41.644137 ], [ -93.607748, 41.644664 ], [ -93.606473, 41.644665 ], [ -93.606473, 41.644138 ], [ -93.606472, 41.644046 ], [ -93.605385, 41.644044 ], [ -93.605372, 41.641836 ], [ -93.603388, 41.641808 ], [ -93.602517, 41.641671 ], [ -93.602522, 41.640426 ], [ -93.605376, 41.64042 ], [ -93.60537, 41.639508 ], [ -93.602942, 41.639513 ], [ -93.602943, 41.638592 ], [ -93.602462, 41.638592 ], [ -93.60255, 41.637697 ], [ -93.604797, 41.637692 ], [ -93.6048, 41.63748 ], [ -93.604793, 41.636779 ], [ -93.605387, 41.636779 ], [ -93.606689, 41.636774 ], [ -93.607825, 41.636767 ], [ -93.609139, 41.636758 ], [ -93.610254, 41.636757 ], [ -93.610252, 41.634951 ], [ -93.610253, 41.633138 ], [ -93.611443, 41.633137 ], [ -93.612674, 41.633136 ], [ -93.613886, 41.633134 ], [ -93.615112, 41.633133 ], [ -93.616321, 41.633129 ], [ -93.616306, 41.631325 ], [ -93.616307, 41.630433 ], [ -93.616308, 41.629525 ], [ -93.616313, 41.627697 ], [ -93.617519, 41.627696 ], [ -93.618727, 41.627694 ], [ -93.619942, 41.627693 ], [ -93.619949, 41.625945 ], [ -93.619957, 41.624159 ], [ -93.619963, 41.622993 ], [ -93.619966, 41.622256 ], [ -93.619969, 41.621542 ], [ -93.619971, 41.621193 ], [ -93.619961, 41.620123 ], [ -93.61996, 41.620094 ], [ -93.619935, 41.618747 ], [ -93.619933, 41.618611 ], [ -93.619891, 41.616326 ], [ -93.619884, 41.614037 ], [ -93.619871, 41.613331 ], [ -93.619864, 41.612858 ], [ -93.616017, 41.611689 ], [ -93.612217, 41.609389 ], [ -93.611317, 41.608789 ], [ -93.610917, 41.607389 ], [ -93.611535, 41.60379 ], [ -93.613573, 41.600358 ], [ -93.616706, 41.595659 ], [ -93.616821, 41.595482 ], [ -93.618701, 41.592449 ], [ -93.617866, 41.589341 ], [ -93.61765, 41.588363 ], [ -93.617272, 41.58743 ], [ -93.616801, 41.586051 ], [ -93.615931, 41.586229 ], [ -93.61548, 41.58632 ], [ -93.614276, 41.586563 ], [ -93.613061, 41.586808 ], [ -93.611784, 41.587066 ], [ -93.610351, 41.587355 ], [ -93.608984, 41.587631 ], [ -93.608959, 41.587636 ], [ -93.607584, 41.587913 ], [ -93.60729, 41.587112 ], [ -93.60547, 41.587308 ], [ -93.600657, 41.58686 ], [ -93.596899, 41.586917 ], [ -93.5969, 41.586831 ], [ -93.59679, 41.586833 ], [ -93.593026, 41.587011 ], [ -93.589852, 41.587583 ], [ -93.587191, 41.58848 ], [ -93.585714, 41.588863 ], [ -93.581216, 41.589933 ], [ -93.578238, 41.590301 ], [ -93.577716, 41.590434 ], [ -93.57515, 41.590509 ], [ -93.567933, 41.590355 ] ] ] ] } },
{ "type": "Feature", "properties": { "id": 5, "NAME": "5", "TotalPop": 33393, "PopDevPct": 0.04668143, "DemPct": 0.61671621, "RepPct": 0.36504051, "WhitePct": 0.76586009, "MinorityPct": 0.23413991, "BlackPct": 0.08026989, "HispanicPct": 0.05234993, "PacificPct": 0.00127966, "AsianPct": 0.084962, "NativePct": 0.01050876, "TotalVAP": 25788, "Margin": 0.2516757, "color": "#00008b", "opacity": "0.5", "DemPct2": 0.63293264, "RepPct2": 0.34502924, "Margin2": 0.2879034, "Swing": -0.0362277, "R_Margin": 0.3799589168, "R_Margin2": 0.3653565869, "R_Swing": 0.0146023299, "Majority": "White" }, "geometry": { "type": "MultiPolygon", "coordinates": [ [ [ [ -93.69758, 41.65303 ], [ -93.697746, 41.65303 ], [ -93.702536, 41.653022 ], [ -93.702533, 41.65463 ], [ -93.702525, 41.658399 ], [ -93.714714, 41.658333 ], [ -93.717225, 41.65829 ], [ -93.717118, 41.65513 ], [ -93.717115, 41.654718 ], [ -93.717111, 41.654277 ], [ -93.717101, 41.652838 ], [ -93.717099, 41.652606 ], [ -93.717095, 41.650421 ], [ -93.717005, 41.647149 ], [ -93.717006, 41.645587 ], [ -93.717002, 41.643835 ], [ -93.717024, 41.643835 ], [ -93.71707, 41.640209 ], [ -93.717068, 41.639292 ], [ -93.717062, 41.636592 ], [ -93.717053, 41.63481 ], [ -93.717049, 41.63389 ], [ -93.717051, 41.632976 ], [ -93.716971, 41.63253 ], [ -93.716946, 41.63157 ], [ -93.716946, 41.630609 ], [ -93.716946, 41.629367 ], [ -93.717031, 41.629367 ], [ -93.717037, 41.628418 ], [ -93.718382, 41.628274 ], [ -93.720133, 41.627157 ], [ -93.720452, 41.626438 ], [ -93.720452, 41.625596 ], [ -93.722231, 41.625106 ], [ -93.722644, 41.624614 ], [ -93.723315, 41.623714 ], [ -93.723357, 41.623658 ], [ -93.722733, 41.622303 ], [ -93.722704, 41.622188 ], [ -93.72259, 41.621745 ], [ -93.722522, 41.621331 ], [ -93.722481, 41.620989 ], [ -93.722325, 41.619949 ], [ -93.717079, 41.619918 ], [ -93.717078, 41.618346 ], [ -93.717401, 41.617362 ], [ -93.717099, 41.617093 ], [ -93.717093, 41.616403 ], [ -93.717099, 41.615136 ], [ -93.716327, 41.614984 ], [ -93.716324, 41.614778 ], [ -93.716323, 41.614658 ], [ -93.712858, 41.61469 ], [ -93.71228, 41.614707 ], [ -93.711286, 41.614748 ], [ -93.709694, 41.614822 ], [ -93.709027, 41.614881 ], [ -93.708089, 41.614882 ], [ -93.706204, 41.614884 ], [ -93.703758, 41.614886 ], [ -93.702579, 41.614887 ], [ -93.701386, 41.614888 ], [ -93.700185, 41.614889 ], [ -93.698977, 41.614884 ], [ -93.69775, 41.614878 ], [ -93.696031, 41.614873 ], [ -93.694355, 41.614872 ], [ -93.693131, 41.614871 ], [ -93.691765, 41.61487 ], [ -93.691369, 41.61487 ], [ -93.690558, 41.61487 ], [ -93.689219, 41.614872 ], [ -93.689152, 41.614872 ], [ -93.687539, 41.614875 ], [ -93.686342, 41.614877 ], [ -93.685133, 41.614878 ], [ -93.683917, 41.614879 ], [ -93.68274, 41.61488 ], [ -93.68152, 41.614881 ], [ -93.680318, 41.614882 ], [ -93.679113, 41.614883 ], [ -93.677911, 41.614888 ], [ -93.677519, 41.61489 ], [ -93.673053, 41.614915 ], [ -93.67183, 41.614929 ], [ -93.670622, 41.61498 ], [ -93.669408, 41.614983 ], [ -93.668212, 41.614986 ], [ -93.666995, 41.61499 ], [ -93.665785, 41.614999 ], [ -93.664587, 41.615015 ], [ -93.663365, 41.614993 ], [ -93.662155, 41.614971 ], [ -93.661707, 41.614964 ], [ -93.661012, 41.614958 ], [ -93.658525, 41.614964 ], [ -93.658523, 41.616356 ], [ -93.658527, 41.616797 ], [ -93.658531, 41.617281 ], [ -93.658551, 41.618622 ], [ -93.658574, 41.620067 ], [ -93.658579, 41.62043 ], [ -93.658589, 41.621065 ], [ -93.658608, 41.622271 ], [ -93.658619, 41.622916 ], [ -93.658664, 41.624863 ], [ -93.658738, 41.627744 ], [ -93.65875, 41.628263 ], [ -93.658292, 41.628082 ], [ -93.657431, 41.62774 ], [ -93.656164, 41.627734 ], [ -93.654878, 41.627729 ], [ -93.654006, 41.627724 ], [ -93.653596, 41.627723 ], [ -93.651387, 41.626942 ], [ -93.651447, 41.62774 ], [ -93.645755, 41.627674 ], [ -93.645125, 41.62767 ], [ -93.642621, 41.632128 ], [ -93.64212, 41.634011 ], [ -93.64186, 41.636768 ], [ -93.640379, 41.640109 ], [ -93.64063, 41.640861 ], [ -93.646007, 41.640944 ], [ -93.648423, 41.641502 ], [ -93.652298, 41.643576 ], [ -93.661778, 41.645655 ], [ -93.664843, 41.646529 ], [ -93.666165, 41.647965 ], [ -93.666656, 41.650607 ], [ -93.666634, 41.650839 ], [ -93.66715, 41.652685 ], [ -93.667852, 41.652719 ], [ -93.670102, 41.652819 ], [ -93.682027, 41.653339 ], [ -93.682261, 41.653717 ], [ -93.682949, 41.65359 ], [ -93.687147, 41.654135 ], [ -93.687459, 41.65344 ], [ -93.689032, 41.656051 ], [ -93.688206, 41.654011 ], [ -93.691227, 41.653981 ], [ -93.693004, 41.653945 ], [ -93.697534, 41.653904 ], [ -93.697562, 41.6533 ], [ -93.69758, 41.65303 ] ] ] ] } },
{ "type": "Feature", "properties": { "id": 6, "NAME": "6", "TotalPop": 31172, "PopDevPct": -0.02293434, "DemPct": 0.56800361, "RepPct": 0.41162686, "WhitePct": 0.5988691, "MinorityPct": 0.4011309, "BlackPct": 0.17805365, "HispanicPct": 0.13205221, "PacificPct": 0.00182815, "AsianPct": 0.07542196, "NativePct": 0.02049233, "TotalVAP": 23521, "Margin": 0.15637675, "color": "#2020ff", "opacity": "0.5", "DemPct2": 0.60150012, "RepPct2": 0.37349786, "Margin2": 0.22800226, "Swing": -0.07162551, "R_Margin": 0.2846599668, "R_Margin2": 0.3054554469, "R_Swing": -0.0207954801, "Majority": "White" }, "geometry": { "type": "MultiPolygon", "coordinates": [ [ [ [ -93.58133, 41.63689 ], [ -93.581343, 41.64416 ], [ -93.58133, 41.646726 ], [ -93.581322, 41.648579 ], [ -93.581312, 41.651115 ], [ -93.58131, 41.651467 ], [ -93.581301, 41.654275 ], [ -93.581273, 41.658668 ], [ -93.58127, 41.65869 ], [ -93.581248, 41.665605 ], [ -93.581249, 41.66602 ], [ -93.581248, 41.673276 ], [ -93.586062, 41.67323 ], [ -93.586097, 41.676863 ], [ -93.582546, 41.676883 ], [ -93.582546, 41.677695 ], [ -93.581273, 41.677718 ], [ -93.581273, 41.678836 ], [ -93.581273, 41.68054 ], [ -93.590834, 41.680459 ], [ -93.590998, 41.680458 ], [ -93.590967, 41.688398 ], [ -93.593323, 41.688391 ], [ -93.600654, 41.688398 ], [ -93.60738, 41.688377 ], [ -93.607774, 41.688376 ], [ -93.613001, 41.688383 ], [ -93.615588, 41.688356 ], [ -93.615754, 41.69218 ], [ -93.615445, 41.693452 ], [ -93.616521, 41.693443 ], [ -93.616543, 41.692518 ], [ -93.617087, 41.692544 ], [ -93.619151, 41.692588 ], [ -93.620164, 41.692571 ], [ -93.620924, 41.695591 ], [ -93.621123, 41.695587 ], [ -93.622552, 41.695603 ], [ -93.624622, 41.696817 ], [ -93.624597, 41.696401 ], [ -93.624547, 41.695559 ], [ -93.624351, 41.692607 ], [ -93.624359, 41.690629 ], [ -93.628539, 41.690629 ], [ -93.628539, 41.691772 ], [ -93.631853, 41.692063 ], [ -93.633212, 41.693907 ], [ -93.633565, 41.693673 ], [ -93.634299, 41.693246 ], [ -93.634576, 41.693485 ], [ -93.63447, 41.695614 ], [ -93.637044, 41.695588 ], [ -93.638013, 41.696285 ], [ -93.638222, 41.69748 ], [ -93.638005, 41.697751 ], [ -93.637963, 41.702753 ], [ -93.638703, 41.702868 ], [ -93.639077, 41.702865 ], [ -93.639367, 41.702863 ], [ -93.639369, 41.702718 ], [ -93.639378, 41.701592 ], [ -93.639416, 41.697696 ], [ -93.63943, 41.696102 ], [ -93.639436, 41.695582 ], [ -93.64903, 41.695591 ], [ -93.649026, 41.697722 ], [ -93.649026, 41.699187 ], [ -93.653007, 41.69919 ], [ -93.652573, 41.701793 ], [ -93.652215, 41.701807 ], [ -93.651296, 41.701799 ], [ -93.650457, 41.701831 ], [ -93.649664, 41.701907 ], [ -93.649176, 41.701979 ], [ -93.648982, 41.702007 ], [ -93.648988, 41.702121 ], [ -93.648982, 41.702602 ], [ -93.648921, 41.707929 ], [ -93.648919, 41.708166 ], [ -93.648644, 41.70823 ], [ -93.64824, 41.708353 ], [ -93.647109, 41.708994 ], [ -93.647873, 41.710378 ], [ -93.64586, 41.711408 ], [ -93.646579, 41.712601 ], [ -93.646423, 41.713662 ], [ -93.653669, 41.713616 ], [ -93.659422, 41.713597 ], [ -93.661518, 41.71363 ], [ -93.663038, 41.713646 ], [ -93.66616, 41.713495 ], [ -93.668008, 41.712039 ], [ -93.668182, 41.710896 ], [ -93.66952, 41.710699 ], [ -93.670082, 41.709556 ], [ -93.670086, 41.705529 ], [ -93.668342, 41.704828 ], [ -93.668363, 41.703004 ], [ -93.668389, 41.70073 ], [ -93.668419, 41.697549 ], [ -93.667966, 41.696595 ], [ -93.666542, 41.695703 ], [ -93.664297, 41.694741 ], [ -93.662484, 41.692163 ], [ -93.660642, 41.690362 ], [ -93.657042, 41.688588 ], [ -93.661311, 41.688287 ], [ -93.664941, 41.688395 ], [ -93.668644, 41.688416 ], [ -93.67717, 41.688392 ], [ -93.677905, 41.68839 ], [ -93.679016, 41.687805 ], [ -93.679639, 41.687053 ], [ -93.679045, 41.686023 ], [ -93.676769, 41.684617 ], [ -93.671526, 41.682728 ], [ -93.669987, 41.681865 ], [ -93.668677, 41.680463 ], [ -93.668788, 41.680464 ], [ -93.667832, 41.679231 ], [ -93.667399, 41.678 ], [ -93.667171, 41.676838 ], [ -93.667399, 41.675494 ], [ -93.667718, 41.674605 ], [ -93.669131, 41.673033 ], [ -93.669268, 41.672349 ], [ -93.669199, 41.671893 ], [ -93.668702, 41.671309 ], [ -93.667396, 41.669598 ], [ -93.666546, 41.667974 ], [ -93.666872, 41.665687 ], [ -93.670227, 41.664073 ], [ -93.670625, 41.662851 ], [ -93.669909, 41.661706 ], [ -93.666125, 41.659804 ], [ -93.664555, 41.657357 ], [ -93.666178, 41.654884 ], [ -93.66715, 41.652685 ], [ -93.666634, 41.650839 ], [ -93.666656, 41.650607 ], [ -93.666165, 41.647965 ], [ -93.664843, 41.646529 ], [ -93.661778, 41.645655 ], [ -93.652298, 41.643576 ], [ -93.648423, 41.641502 ], [ -93.646007, 41.640944 ], [ -93.64063, 41.640861 ], [ -93.640379, 41.640109 ], [ -93.64186, 41.636768 ], [ -93.64212, 41.634011 ], [ -93.642621, 41.632128 ], [ -93.645125, 41.62767 ], [ -93.645755, 41.627674 ], [ -93.651447, 41.62774 ], [ -93.651387, 41.626942 ], [ -93.653596, 41.627723 ], [ -93.654006, 41.627724 ], [ -93.654878, 41.627729 ], [ -93.656164, 41.627734 ], [ -93.657431, 41.62774 ], [ -93.658292, 41.628082 ], [ -93.65875, 41.628263 ], [ -93.658738, 41.627744 ], [ -93.658664, 41.624863 ], [ -93.658619, 41.622916 ], [ -93.658608, 41.622271 ], [ -93.658589, 41.621065 ], [ -93.658579, 41.62043 ], [ -93.658574, 41.620067 ], [ -93.658551, 41.618622 ], [ -93.658531, 41.617281 ], [ -93.658527, 41.616797 ], [ -93.658523, 41.616356 ], [ -93.658525, 41.614964 ], [ -93.658509, 41.613598 ], [ -93.658486, 41.611648 ], [ -93.658478, 41.610721 ], [ -93.658468, 41.607627 ], [ -93.658451, 41.605815 ], [ -93.658451, 41.605788 ], [ -93.658436, 41.604501 ], [ -93.65843, 41.604005 ], [ -93.658415, 41.602212 ], [ -93.658417, 41.601972 ], [ -93.658412, 41.60036 ], [ -93.656856, 41.600367 ], [ -93.654486, 41.600377 ], [ -93.653347, 41.600383 ], [ -93.652185, 41.600388 ], [ -93.650945, 41.600394 ], [ -93.649709, 41.600399 ], [ -93.648219, 41.600406 ], [ -93.646729, 41.600413 ], [ -93.645405, 41.600413 ], [ -93.644945, 41.600413 ], [ -93.644345, 41.600413 ], [ -93.643831, 41.600413 ], [ -93.643766, 41.600413 ], [ -93.642568, 41.600413 ], [ -93.641378, 41.600413 ], [ -93.640172, 41.600413 ], [ -93.638456, 41.600416 ], [ -93.637783, 41.60042 ], [ -93.63722, 41.600423 ], [ -93.636613, 41.600426 ], [ -93.635398, 41.600433 ], [ -93.634194, 41.60044 ], [ -93.632997, 41.600441 ], [ -93.631757, 41.60044 ], [ -93.630575, 41.600439 ], [ -93.629377, 41.600795 ], [ -93.62816, 41.60081 ], [ -93.62695, 41.600806 ], [ -93.625763, 41.600802 ], [ -93.625082, 41.600681 ], [ -93.624541, 41.600513 ], [ -93.623367, 41.60038 ], [ -93.621502, 41.600384 ], [ -93.619769, 41.600387 ], [ -93.619688, 41.600387 ], [ -93.618411, 41.600389 ], [ -93.61822, 41.600389 ], [ -93.617236, 41.600391 ], [ -93.616062, 41.600391 ], [ -93.615686, 41.600391 ], [ -93.615358, 41.600345 ], [ -93.614933, 41.600348 ], [ -93.614371, 41.600352 ], [ -93.613573, 41.600358 ], [ -93.611535, 41.60379 ], [ -93.610917, 41.607389 ], [ -93.611317, 41.608789 ], [ -93.612217, 41.609389 ], [ -93.616017, 41.611689 ], [ -93.619864, 41.612858 ], [ -93.619871, 41.613331 ], [ -93.619884, 41.614037 ], [ -93.619891, 41.616326 ], [ -93.619933, 41.618611 ], [ -93.619935, 41.618747 ], [ -93.61996, 41.620094 ], [ -93.619961, 41.620123 ], [ -93.619971, 41.621193 ], [ -93.619969, 41.621542 ], [ -93.619966, 41.622256 ], [ -93.619963, 41.622993 ], [ -93.619957, 41.624159 ], [ -93.619949, 41.625945 ], [ -93.619942, 41.627693 ], [ -93.618727, 41.627694 ], [ -93.617519, 41.627696 ], [ -93.616313, 41.627697 ], [ -93.616308, 41.629525 ], [ -93.616307, 41.630433 ], [ -93.616306, 41.631325 ], [ -93.616321, 41.633129 ], [ -93.615112, 41.633133 ], [ -93.613886, 41.633134 ], [ -93.612674, 41.633136 ], [ -93.611443, 41.633137 ], [ -93.610253, 41.633138 ], [ -93.610252, 41.634951 ], [ -93.610254, 41.636757 ], [ -93.609139, 41.636758 ], [ -93.607825, 41.636767 ], [ -93.606689, 41.636774 ], [ -93.605387, 41.636779 ], [ -93.604793, 41.636779 ], [ -93.6048, 41.63748 ], [ -93.604797, 41.637692 ], [ -93.60255, 41.637697 ], [ -93.602462, 41.638592 ], [ -93.602943, 41.638592 ], [ -93.602942, 41.639513 ], [ -93.60537, 41.639508 ], [ -93.605376, 41.64042 ], [ -93.602522, 41.640426 ], [ -93.602517, 41.641671 ], [ -93.603388, 41.641808 ], [ -93.605372, 41.641836 ], [ -93.605385, 41.644044 ], [ -93.606472, 41.644046 ], [ -93.606473, 41.644138 ], [ -93.606473, 41.644665 ], [ -93.607748, 41.644664 ], [ -93.607747, 41.644137 ], [ -93.607747, 41.644047 ], [ -93.607812, 41.644047 ], [ -93.607813, 41.647683 ], [ -93.610262, 41.64768 ], [ -93.610246, 41.648998 ], [ -93.605382, 41.649003 ], [ -93.601897, 41.648596 ], [ -93.60094, 41.647819 ], [ -93.600931, 41.644716 ], [ -93.601392, 41.644047 ], [ -93.600509, 41.644051 ], [ -93.600508, 41.644033 ], [ -93.600572, 41.643915 ], [ -93.600561, 41.64198 ], [ -93.600561, 41.641811 ], [ -93.600563, 41.640424 ], [ -93.600564, 41.639517 ], [ -93.60221, 41.639514 ], [ -93.60222, 41.638593 ], [ -93.60222, 41.638465 ], [ -93.602221, 41.63813 ], [ -93.601737, 41.638131 ], [ -93.601739, 41.638594 ], [ -93.600566, 41.638589 ], [ -93.600552, 41.636793 ], [ -93.600491, 41.636794 ], [ -93.595736, 41.636815 ], [ -93.594938, 41.636821 ], [ -93.594492, 41.636821 ], [ -93.59483, 41.638606 ], [ -93.591788, 41.63862 ], [ -93.591081, 41.640243 ], [ -93.588423, 41.639334 ], [ -93.586974, 41.638357 ], [ -93.586976, 41.636857 ], [ -93.585671, 41.63689 ], [ -93.58133, 41.63689 ] ] ] ] } },
{ "type": "Feature", "properties": { "id": 7, "NAME": "7", "TotalPop": 32713, "PopDevPct": 0.02536729, "DemPct": 0.77124745, "RepPct": 0.20941227, "WhitePct": 0.8200262, "MinorityPct": 0.1799738, "BlackPct": 0.07097136, "HispanicPct": 0.05105746, "PacificPct": 0.00134756, "AsianPct": 0.0380685, "NativePct": 0.01684447, "TotalVAP": 26715, "Margin": 0.56183518, "color": "#00008b", "opacity": "0.5", "DemPct2": 0.76639221, "RepPct2": 0.21282257, "Margin2": 0.55356964, "Swing": 0.0082655399999997936, "R_Margin": 0.69011839679999987, "R_Margin2": 0.6310228269, "R_Swing": 0.059095569899999797, "Majority": "White" }, "geometry": { "type": "MultiPolygon", "coordinates": [ [ [ [ -93.687539, 41.614875 ], [ -93.689152, 41.614872 ], [ -93.689219, 41.614872 ], [ -93.690558, 41.61487 ], [ -93.691369, 41.61487 ], [ -93.691765, 41.61487 ], [ -93.693131, 41.614871 ], [ -93.694355, 41.614872 ], [ -93.696031, 41.614873 ], [ -93.69775, 41.614878 ], [ -93.698977, 41.614884 ], [ -93.700185, 41.614889 ], [ -93.701386, 41.614888 ], [ -93.702579, 41.614887 ], [ -93.703758, 41.614886 ], [ -93.703747, 41.61127 ], [ -93.703743, 41.609367 ], [ -93.703769, 41.607646 ], [ -93.703769, 41.607193 ], [ -93.703766, 41.605837 ], [ -93.703764, 41.604474 ], [ -93.70376, 41.603591 ], [ -93.703679, 41.600437 ], [ -93.703658, 41.600437 ], [ -93.703639, 41.59807 ], [ -93.703595, 41.595885 ], [ -93.703588, 41.595377 ], [ -93.703579, 41.594625 ], [ -93.703561, 41.593157 ], [ -93.703559, 41.593014 ], [ -93.703548, 41.591837 ], [ -93.704423, 41.591839 ], [ -93.706712, 41.591843 ], [ -93.708698, 41.591847 ], [ -93.709578, 41.591832 ], [ -93.708269, 41.5913 ], [ -93.707139, 41.590051 ], [ -93.706973, 41.590086 ], [ -93.706814, 41.590116 ], [ -93.706711, 41.589963 ], [ -93.706698, 41.589944 ], [ -93.706675, 41.58991 ], [ -93.706574, 41.589761 ], [ -93.70645, 41.589577 ], [ -93.706331, 41.5894 ], [ -93.706165, 41.589155 ], [ -93.705982, 41.589154 ], [ -93.705087, 41.589153 ], [ -93.704721, 41.589152 ], [ -93.704716, 41.588878 ], [ -93.704711, 41.588589 ], [ -93.704704, 41.588229 ], [ -93.704704, 41.588201 ], [ -93.703464, 41.5882 ], [ -93.703415, 41.585885 ], [ -93.70346, 41.584892 ], [ -93.703466, 41.584569 ], [ -93.703472, 41.584205 ], [ -93.703499, 41.582695 ], [ -93.703401, 41.580854 ], [ -93.703381, 41.577267 ], [ -93.703379, 41.576298 ], [ -93.703382, 41.575457 ], [ -93.703276, 41.574561 ], [ -93.703288, 41.573619 ], [ -93.703303, 41.572465 ], [ -93.703303, 41.572245 ], [ -93.703264, 41.571043 ], [ -93.703263, 41.56943 ], [ -93.70327, 41.56917 ], [ -93.703354, 41.567343 ], [ -93.703366, 41.566393 ], [ -93.703366, 41.565528 ], [ -93.703367, 41.562981 ], [ -93.703367, 41.562687 ], [ -93.702333, 41.56287 ], [ -93.701413, 41.563032 ], [ -93.699976, 41.563435 ], [ -93.698924, 41.563978 ], [ -93.69796, 41.564855 ], [ -93.697522, 41.565591 ], [ -93.697452, 41.566152 ], [ -93.697662, 41.566713 ], [ -93.698188, 41.567362 ], [ -93.698644, 41.567905 ], [ -93.698574, 41.568308 ], [ -93.698118, 41.568554 ], [ -93.697048, 41.568606 ], [ -93.695769, 41.568448 ], [ -93.694174, 41.567958 ], [ -93.692929, 41.567029 ], [ -93.692438, 41.56645 ], [ -93.692333, 41.564995 ], [ -93.692543, 41.564574 ], [ -93.693385, 41.563838 ], [ -93.695053, 41.563128 ], [ -93.69647, 41.562558 ], [ -93.696628, 41.56219 ], [ -93.696558, 41.561542 ], [ -93.696109, 41.560773 ], [ -93.695681, 41.560455 ], [ -93.694472, 41.560104 ], [ -93.693718, 41.560315 ], [ -93.693029, 41.560927 ], [ -93.691472, 41.562236 ], [ -93.690173, 41.563051 ], [ -93.690237, 41.563251 ], [ -93.687618, 41.564154 ], [ -93.685794, 41.565346 ], [ -93.684602, 41.567537 ], [ -93.682148, 41.568256 ], [ -93.681061, 41.567782 ], [ -93.677871, 41.565398 ], [ -93.676399, 41.565959 ], [ -93.675918, 41.567764 ], [ -93.674716, 41.56908 ], [ -93.673068, 41.569325 ], [ -93.671262, 41.569044 ], [ -93.669562, 41.567291 ], [ -93.66979, 41.564399 ], [ -93.668763, 41.563013 ], [ -93.667616, 41.563032 ], [ -93.666494, 41.565731 ], [ -93.664119, 41.566466 ], [ -93.658396, 41.565994 ], [ -93.655963, 41.56842 ], [ -93.655285, 41.571935 ], [ -93.653487, 41.573094 ], [ -93.649806, 41.573918 ], [ -93.64928, 41.575092 ], [ -93.649677, 41.577927 ], [ -93.648163, 41.580377 ], [ -93.646532, 41.581534 ], [ -93.644922, 41.58212 ], [ -93.644718, 41.582179 ], [ -93.644218, 41.582323 ], [ -93.64357, 41.582446 ], [ -93.642834, 41.582446 ], [ -93.642045, 41.582348 ], [ -93.641901, 41.582324 ], [ -93.641727, 41.582491 ], [ -93.641604, 41.58261 ], [ -93.641207, 41.582991 ], [ -93.641054, 41.583138 ], [ -93.640754, 41.583426 ], [ -93.640658, 41.583539 ], [ -93.64063, 41.583589 ], [ -93.640596, 41.583696 ], [ -93.640593, 41.583805 ], [ -93.640603, 41.58386 ], [ -93.640644, 41.583964 ], [ -93.640761, 41.584441 ], [ -93.639495, 41.584726 ], [ -93.639477, 41.584729 ], [ -93.640096, 41.585725 ], [ -93.640092, 41.586164 ], [ -93.6401, 41.587115 ], [ -93.640108, 41.588072 ], [ -93.640123, 41.589872 ], [ -93.640138, 41.591669 ], [ -93.641343, 41.591671 ], [ -93.641352, 41.593482 ], [ -93.641357, 41.594547 ], [ -93.641367, 41.595392 ], [ -93.642525, 41.595328 ], [ -93.644308, 41.595308 ], [ -93.644292, 41.595749 ], [ -93.644823, 41.595751 ], [ -93.645584, 41.595692 ], [ -93.645984, 41.595638 ], [ -93.646682, 41.59554 ], [ -93.647555, 41.595344 ], [ -93.64778, 41.595274 ], [ -93.652271, 41.59364 ], [ -93.654457, 41.593119 ], [ -93.654459, 41.593382 ], [ -93.654464, 41.595213 ], [ -93.653386, 41.595226 ], [ -93.652145, 41.595241 ], [ -93.650908, 41.595256 ], [ -93.650926, 41.596558 ], [ -93.650926, 41.596658 ], [ -93.650926, 41.597114 ], [ -93.650926, 41.598069 ], [ -93.650945, 41.600394 ], [ -93.652185, 41.600388 ], [ -93.653347, 41.600383 ], [ -93.654486, 41.600377 ], [ -93.656856, 41.600367 ], [ -93.658412, 41.60036 ], [ -93.658417, 41.601972 ], [ -93.658415, 41.602212 ], [ -93.65843, 41.604005 ], [ -93.658436, 41.604501 ], [ -93.658451, 41.605788 ], [ -93.658451, 41.605815 ], [ -93.658468, 41.607627 ], [ -93.658478, 41.610721 ], [ -93.658486, 41.611648 ], [ -93.658509, 41.613598 ], [ -93.658525, 41.614964 ], [ -93.661012, 41.614958 ], [ -93.661707, 41.614964 ], [ -93.662155, 41.614971 ], [ -93.663365, 41.614993 ], [ -93.664587, 41.615015 ], [ -93.665785, 41.614999 ], [ -93.666995, 41.61499 ], [ -93.668212, 41.614986 ], [ -93.669408, 41.614983 ], [ -93.670622, 41.61498 ], [ -93.67183, 41.614929 ], [ -93.673053, 41.614915 ], [ -93.677519, 41.61489 ], [ -93.677911, 41.614888 ], [ -93.679113, 41.614883 ], [ -93.680318, 41.614882 ], [ -93.68152, 41.614881 ], [ -93.68274, 41.61488 ], [ -93.683917, 41.614879 ], [ -93.685133, 41.614878 ], [ -93.686342, 41.614877 ], [ -93.687539, 41.614875 ] ] ] ] } },
{ "type": "Feature", "properties": { "id": 8, "NAME": "8", "TotalPop": 30806, "PopDevPct": -0.03440636, "DemPct": 0.64952571, "RepPct": 0.33250125, "WhitePct": 0.71546059, "MinorityPct": 0.28453941, "BlackPct": 0.12477323, "HispanicPct": 0.09207821, "PacificPct": 0.00197541, "AsianPct": 0.04745011, "NativePct": 0.01850433, "TotalVAP": 24805, "Margin": 0.31702446, "color": "#00008b", "opacity": "0.5", "DemPct2": 0.65943701, "RepPct2": 0.3168963, "Margin2": 0.34254071, "Swing": -0.02551625, "R_Margin": 0.4453076768, "R_Margin2": 0.4199938969, "R_Swing": 0.0253137799, "Majority": "White" }, "geometry": { "type": "MultiPolygon", "coordinates": [ [ [ [ -93.631757, 41.60044 ], [ -93.632997, 41.600441 ], [ -93.634194, 41.60044 ], [ -93.635398, 41.600433 ], [ -93.636613, 41.600426 ], [ -93.63722, 41.600423 ], [ -93.637783, 41.60042 ], [ -93.638456, 41.600416 ], [ -93.640172, 41.600413 ], [ -93.641378, 41.600413 ], [ -93.642568, 41.600413 ], [ -93.643766, 41.600413 ], [ -93.643831, 41.600413 ], [ -93.644345, 41.600413 ], [ -93.644945, 41.600413 ], [ -93.645405, 41.600413 ], [ -93.646729, 41.600413 ], [ -93.648219, 41.600406 ], [ -93.649709, 41.600399 ], [ -93.650945, 41.600394 ], [ -93.650926, 41.598069 ], [ -93.650926, 41.597114 ], [ -93.650926, 41.596658 ], [ -93.650926, 41.596558 ], [ -93.650908, 41.595256 ], [ -93.652145, 41.595241 ], [ -93.653386, 41.595226 ], [ -93.654464, 41.595213 ], [ -93.654459, 41.593382 ], [ -93.654457, 41.593119 ], [ -93.652271, 41.59364 ], [ -93.64778, 41.595274 ], [ -93.647555, 41.595344 ], [ -93.646682, 41.59554 ], [ -93.645984, 41.595638 ], [ -93.645584, 41.595692 ], [ -93.644823, 41.595751 ], [ -93.644292, 41.595749 ], [ -93.644308, 41.595308 ], [ -93.642525, 41.595328 ], [ -93.641367, 41.595392 ], [ -93.641357, 41.594547 ], [ -93.641352, 41.593482 ], [ -93.641343, 41.591671 ], [ -93.640138, 41.591669 ], [ -93.640123, 41.589872 ], [ -93.640108, 41.588072 ], [ -93.6401, 41.587115 ], [ -93.640092, 41.586164 ], [ -93.640096, 41.585725 ], [ -93.639477, 41.584729 ], [ -93.639495, 41.584726 ], [ -93.640761, 41.584441 ], [ -93.640644, 41.583964 ], [ -93.640603, 41.58386 ], [ -93.640593, 41.583805 ], [ -93.640596, 41.583696 ], [ -93.64063, 41.583589 ], [ -93.640658, 41.583539 ], [ -93.640754, 41.583426 ], [ -93.641054, 41.583138 ], [ -93.641207, 41.582991 ], [ -93.641604, 41.58261 ], [ -93.641727, 41.582491 ], [ -93.641901, 41.582324 ], [ -93.642045, 41.582348 ], [ -93.642834, 41.582446 ], [ -93.64357, 41.582446 ], [ -93.644218, 41.582323 ], [ -93.644718, 41.582179 ], [ -93.644922, 41.58212 ], [ -93.646532, 41.581534 ], [ -93.648163, 41.580377 ], [ -93.649677, 41.577927 ], [ -93.64928, 41.575092 ], [ -93.649806, 41.573918 ], [ -93.653487, 41.573094 ], [ -93.655285, 41.571935 ], [ -93.655963, 41.56842 ], [ -93.658396, 41.565994 ], [ -93.664119, 41.566466 ], [ -93.666494, 41.565731 ], [ -93.667616, 41.563032 ], [ -93.668763, 41.563013 ], [ -93.66979, 41.564399 ], [ -93.669562, 41.567291 ], [ -93.671262, 41.569044 ], [ -93.673068, 41.569325 ], [ -93.674716, 41.56908 ], [ -93.675918, 41.567764 ], [ -93.676399, 41.565959 ], [ -93.677871, 41.565398 ], [ -93.681061, 41.567782 ], [ -93.682148, 41.568256 ], [ -93.684602, 41.567537 ], [ -93.685794, 41.565346 ], [ -93.687618, 41.564154 ], [ -93.690237, 41.563251 ], [ -93.690173, 41.563051 ], [ -93.691472, 41.562236 ], [ -93.693029, 41.560927 ], [ -93.693718, 41.560315 ], [ -93.694472, 41.560104 ], [ -93.695681, 41.560455 ], [ -93.696109, 41.560773 ], [ -93.696558, 41.561542 ], [ -93.696628, 41.56219 ], [ -93.69647, 41.562558 ], [ -93.695053, 41.563128 ], [ -93.693385, 41.563838 ], [ -93.692543, 41.564574 ], [ -93.692333, 41.564995 ], [ -93.692438, 41.56645 ], [ -93.692929, 41.567029 ], [ -93.694174, 41.567958 ], [ -93.695769, 41.568448 ], [ -93.697048, 41.568606 ], [ -93.698118, 41.568554 ], [ -93.698574, 41.568308 ], [ -93.698644, 41.567905 ], [ -93.698188, 41.567362 ], [ -93.697662, 41.566713 ], [ -93.697452, 41.566152 ], [ -93.697522, 41.565591 ], [ -93.69796, 41.564855 ], [ -93.698924, 41.563978 ], [ -93.699976, 41.563435 ], [ -93.701413, 41.563032 ], [ -93.702333, 41.56287 ], [ -93.703367, 41.562687 ], [ -93.703365, 41.5624 ], [ -93.70337, 41.560113 ], [ -93.703366, 41.557601 ], [ -93.703366, 41.557471 ], [ -93.703369, 41.555648 ], [ -93.703369, 41.555526 ], [ -93.703357, 41.554311 ], [ -93.703344, 41.552862 ], [ -93.703234, 41.551936 ], [ -93.703191, 41.548334 ], [ -93.703199, 41.545981 ], [ -93.703192, 41.545523 ], [ -93.703164, 41.545049 ], [ -93.70327, 41.544765 ], [ -93.703316, 41.541002 ], [ -93.703296, 41.538052 ], [ -93.703292, 41.537436 ], [ -93.703181, 41.528445 ], [ -93.703175, 41.526584 ], [ -93.698359, 41.52657 ], [ -93.698318, 41.522463 ], [ -93.698281, 41.519309 ], [ -93.698181, 41.514334 ], [ -93.698163, 41.513795 ], [ -93.698154, 41.513524 ], [ -93.698102, 41.511979 ], [ -93.67911, 41.512035 ], [ -93.678951, 41.512036 ], [ -93.675019, 41.512059 ], [ -93.674276, 41.512065 ], [ -93.658892, 41.512062 ], [ -93.658662, 41.512063 ], [ -93.654734, 41.512057 ], [ -93.654612, 41.512057 ], [ -93.654188, 41.512058 ], [ -93.652956, 41.512081 ], [ -93.649705, 41.512079 ], [ -93.647059, 41.512081 ], [ -93.645016, 41.51208 ], [ -93.644926, 41.512094 ], [ -93.640039, 41.512083 ], [ -93.637619, 41.512079 ], [ -93.635167, 41.512074 ], [ -93.634542, 41.512072 ], [ -93.629865, 41.512062 ], [ -93.628821, 41.512059 ], [ -93.627786, 41.512057 ], [ -93.626708, 41.512055 ], [ -93.625636, 41.512053 ], [ -93.625621, 41.515292 ], [ -93.625628, 41.517025 ], [ -93.625632, 41.518092 ], [ -93.625637, 41.519277 ], [ -93.625646, 41.520326 ], [ -93.625653, 41.521188 ], [ -93.62566, 41.522044 ], [ -93.625667, 41.522906 ], [ -93.625674, 41.523762 ], [ -93.625681, 41.524617 ], [ -93.625688, 41.525461 ], [ -93.625696, 41.526475 ], [ -93.625704, 41.527498 ], [ -93.625711, 41.528316 ], [ -93.625719, 41.529259 ], [ -93.625726, 41.530122 ], [ -93.625737, 41.531923 ], [ -93.62574, 41.533731 ], [ -93.625744, 41.535546 ], [ -93.625745, 41.536416 ], [ -93.625748, 41.537587 ], [ -93.625749, 41.538249 ], [ -93.625751, 41.539145 ], [ -93.62575, 41.540962 ], [ -93.625746, 41.542053 ], [ -93.625742, 41.542763 ], [ -93.625739, 41.543134 ], [ -93.625734, 41.543671 ], [ -93.625729, 41.544175 ], [ -93.625731, 41.544574 ], [ -93.625738, 41.545274 ], [ -93.62574, 41.545479 ], [ -93.625752, 41.546327 ], [ -93.625753, 41.546381 ], [ -93.625759, 41.547258 ], [ -93.625759, 41.547278 ], [ -93.625757, 41.548215 ], [ -93.625753, 41.549108 ], [ -93.625749, 41.550017 ], [ -93.625744, 41.550913 ], [ -93.625741, 41.55183 ], [ -93.625745, 41.552956 ], [ -93.625748, 41.553649 ], [ -93.625749, 41.553942 ], [ -93.625754, 41.55545 ], [ -93.625718, 41.556375 ], [ -93.625706, 41.556686 ], [ -93.625696, 41.557274 ], [ -93.625697, 41.557313 ], [ -93.625708, 41.558123 ], [ -93.625709, 41.558178 ], [ -93.625707, 41.559079 ], [ -93.625703, 41.559984 ], [ -93.625702, 41.560178 ], [ -93.62574, 41.560915 ], [ -93.625758, 41.561102 ], [ -93.625786, 41.561259 ], [ -93.625589, 41.562397 ], [ -93.624654, 41.563723 ], [ -93.623877, 41.564941 ], [ -93.623536, 41.565854 ], [ -93.623216, 41.566766 ], [ -93.622967, 41.567656 ], [ -93.622824, 41.568493 ], [ -93.622869, 41.569992 ], [ -93.622906, 41.570409 ], [ -93.623277, 41.571544 ], [ -93.623317, 41.571659 ], [ -93.623517, 41.572302 ], [ -93.623611, 41.572605 ], [ -93.62162, 41.57418 ], [ -93.619002, 41.576979 ], [ -93.617728, 41.578 ], [ -93.616843, 41.578522 ], [ -93.612773, 41.579539 ], [ -93.612017, 41.580089 ], [ -93.615177, 41.582166 ], [ -93.615258, 41.582366 ], [ -93.616233, 41.584716 ], [ -93.61648, 41.585236 ], [ -93.616801, 41.586051 ], [ -93.617272, 41.58743 ], [ -93.61765, 41.588363 ], [ -93.617866, 41.589341 ], [ -93.618701, 41.592449 ], [ -93.616821, 41.595482 ], [ -93.616706, 41.595659 ], [ -93.613573, 41.600358 ], [ -93.614371, 41.600352 ], [ -93.614933, 41.600348 ], [ -93.615358, 41.600345 ], [ -93.615686, 41.600391 ], [ -93.616062, 41.600391 ], [ -93.617236, 41.600391 ], [ -93.61822, 41.600389 ], [ -93.618411, 41.600389 ], [ -93.619688, 41.600387 ], [ -93.619769, 41.600387 ], [ -93.621502, 41.600384 ], [ -93.623367, 41.60038 ], [ -93.624541, 41.600513 ], [ -93.625082, 41.600681 ], [ -93.625763, 41.600802 ], [ -93.62695, 41.600806 ], [ -93.62816, 41.60081 ], [ -93.629377, 41.600795 ], [ -93.630575, 41.600439 ], [ -93.631757, 41.60044 ] ] ] ] } },
{ "type": "Feature", "properties": { "id": 9, "NAME": "9", "TotalPop": 31588, "PopDevPct": -0.00989509, "DemPct": 0.57636761, "RepPct": 0.40866521, "WhitePct": 0.63600969, "MinorityPct": 0.36399031, "BlackPct": 0.10187749, "HispanicPct": 0.16131684, "PacificPct": 0.00095172, "AsianPct": 0.08042049, "NativePct": 0.02586953, "TotalVAP": 23116, "Margin": 0.1677024, "color": "#2020ff", "opacity": "0.5", "DemPct2": 0.6020797, "RepPct2": 0.37537704, "Margin2": 0.22670266, "Swing": -0.05900026, "R_Margin": 0.2959856168, "R_Margin2": 0.3041558469, "R_Swing": -0.0081702301, "Majority": "White" }, "geometry": { "type": "MultiPolygon", "coordinates": [ [ [ [ -93.62575, 41.540962 ], [ -93.625751, 41.539145 ], [ -93.625749, 41.538249 ], [ -93.625748, 41.537587 ], [ -93.625745, 41.536416 ], [ -93.625744, 41.535546 ], [ -93.62574, 41.533731 ], [ -93.625737, 41.531923 ], [ -93.625726, 41.530122 ], [ -93.625719, 41.529259 ], [ -93.625711, 41.528316 ], [ -93.625704, 41.527498 ], [ -93.625696, 41.526475 ], [ -93.625688, 41.525461 ], [ -93.625681, 41.524617 ], [ -93.625674, 41.523762 ], [ -93.625667, 41.522906 ], [ -93.62566, 41.522044 ], [ -93.625653, 41.521188 ], [ -93.625646, 41.520326 ], [ -93.625637, 41.519277 ], [ -93.625632, 41.518092 ], [ -93.625628, 41.517025 ], [ -93.625621, 41.515292 ], [ -93.625636, 41.512053 ], [ -93.61599, 41.511967 ], [ -93.615218, 41.511968 ], [ -93.614069, 41.511969 ], [ -93.6129, 41.511951 ], [ -93.61172, 41.511943 ], [ -93.610539, 41.511942 ], [ -93.609332, 41.511934 ], [ -93.606376, 41.511907 ], [ -93.596699, 41.511838 ], [ -93.580418, 41.511702 ], [ -93.577775, 41.511654 ], [ -93.577338, 41.511646 ], [ -93.575721, 41.511617 ], [ -93.558207, 41.511481 ], [ -93.552142, 41.511367 ], [ -93.550944, 41.511348 ], [ -93.548909, 41.511315 ], [ -93.544134, 41.511161 ], [ -93.544139, 41.511718 ], [ -93.544135, 41.511955 ], [ -93.544127, 41.512494 ], [ -93.544089, 41.518406 ], [ -93.544074, 41.525806 ], [ -93.544081, 41.527764 ], [ -93.544086, 41.52927 ], [ -93.544087, 41.530871 ], [ -93.544072, 41.531673 ], [ -93.54425, 41.536193 ], [ -93.544779, 41.536559 ], [ -93.54895, 41.536698 ], [ -93.552726, 41.536816 ], [ -93.553508, 41.536841 ], [ -93.555858, 41.536904 ], [ -93.557589, 41.536922 ], [ -93.558118, 41.536927 ], [ -93.558881, 41.536934 ], [ -93.562335, 41.536967 ], [ -93.565076, 41.536992 ], [ -93.571254, 41.537044 ], [ -93.573648, 41.537064 ], [ -93.578435, 41.537106 ], [ -93.579255, 41.538237 ], [ -93.582209, 41.541029 ], [ -93.583348, 41.542127 ], [ -93.585948, 41.544635 ], [ -93.587104, 41.545749 ], [ -93.589356, 41.547867 ], [ -93.590971, 41.548108 ], [ -93.593177, 41.549475 ], [ -93.595292, 41.5517 ], [ -93.596742, 41.553243 ], [ -93.596718, 41.555322 ], [ -93.596765, 41.556548 ], [ -93.5968, 41.557738 ], [ -93.596829, 41.558963 ], [ -93.596854, 41.560165 ], [ -93.596869, 41.561362 ], [ -93.596907, 41.562583 ], [ -93.596996, 41.562606 ], [ -93.601695, 41.562635 ], [ -93.602869, 41.562641 ], [ -93.604057, 41.562647 ], [ -93.605247, 41.562653 ], [ -93.606522, 41.56266 ], [ -93.606532, 41.563696 ], [ -93.606549, 41.566246 ], [ -93.606564, 41.56712 ], [ -93.606578, 41.569843 ], [ -93.61139, 41.569786 ], [ -93.613689, 41.569798 ], [ -93.613919, 41.570703 ], [ -93.615346, 41.572338 ], [ -93.616046, 41.573402 ], [ -93.616435, 41.574451 ], [ -93.617046, 41.576256 ], [ -93.617546, 41.577536 ], [ -93.617728, 41.578 ], [ -93.619002, 41.576979 ], [ -93.62162, 41.57418 ], [ -93.623611, 41.572605 ], [ -93.623517, 41.572302 ], [ -93.623317, 41.571659 ], [ -93.623277, 41.571544 ], [ -93.622906, 41.570409 ], [ -93.622869, 41.569992 ], [ -93.622824, 41.568493 ], [ -93.622967, 41.567656 ], [ -93.623216, 41.566766 ], [ -93.623536, 41.565854 ], [ -93.623877, 41.564941 ], [ -93.624654, 41.563723 ], [ -93.625589, 41.562397 ], [ -93.625786, 41.561259 ], [ -93.625758, 41.561102 ], [ -93.62574, 41.560915 ], [ -93.625702, 41.560178 ], [ -93.625703, 41.559984 ], [ -93.625707, 41.559079 ], [ -93.625709, 41.558178 ], [ -93.625708, 41.558123 ], [ -93.625697, 41.557313 ], [ -93.625696, 41.557274 ], [ -93.625706, 41.556686 ], [ -93.625718, 41.556375 ], [ -93.625754, 41.55545 ], [ -93.625749, 41.553942 ], [ -93.625748, 41.553649 ], [ -93.625745, 41.552956 ], [ -93.625741, 41.55183 ], [ -93.625744, 41.550913 ], [ -93.625749, 41.550017 ], [ -93.625753, 41.549108 ], [ -93.625757, 41.548215 ], [ -93.625759, 41.547278 ], [ -93.625759, 41.547258 ], [ -93.625753, 41.546381 ], [ -93.625752, 41.546327 ], [ -93.62574, 41.545479 ], [ -93.625738, 41.545274 ], [ -93.625731, 41.544574 ], [ -93.625729, 41.544175 ], [ -93.625734, 41.543671 ], [ -93.625739, 41.543134 ], [ -93.625742, 41.542763 ], [ -93.625746, 41.542053 ], [ -93.62575, 41.540962 ] ] ] ] } },
{ "type": "Feature", "properties": { "id": 10, "NAME": "10", "TotalPop": 32432, "PopDevPct": 0.01655953, "DemPct": 0.48449077, "RepPct": 0.50113023, "WhitePct": 0.70707279, "MinorityPct": 0.29292721, "BlackPct": 0.06528728, "HispanicPct": 0.13275905, "PacificPct": 0.00168989, "AsianPct": 0.07579754, "NativePct": 0.02172121, "TotalVAP": 24262, "Margin": -0.01663946, "color": "#ffc8c8", "opacity": "0.5", "DemPct2": 0.51798652, "RepPct2": 0.46084546, "Margin2": 0.05714106, "Swing": -0.07378052, "R_Margin": 0.1116437568, "R_Margin2": 0.1345942469, "R_Swing": -0.0229504901, "Majority": "White" }, "geometry": { "type": "MultiPolygon", "coordinates": [ [ [ [ -93.613689, 41.569798 ], [ -93.61139, 41.569786 ], [ -93.606578, 41.569843 ], [ -93.606564, 41.56712 ], [ -93.606549, 41.566246 ], [ -93.606532, 41.563696 ], [ -93.606522, 41.56266 ], [ -93.605247, 41.562653 ], [ -93.604057, 41.562647 ], [ -93.602869, 41.562641 ], [ -93.601695, 41.562635 ], [ -93.596996, 41.562606 ], [ -93.596907, 41.562583 ], [ -93.596869, 41.561362 ], [ -93.596854, 41.560165 ], [ -93.596829, 41.558963 ], [ -93.5968, 41.557738 ], [ -93.596765, 41.556548 ], [ -93.596718, 41.555322 ], [ -93.596742, 41.553243 ], [ -93.595292, 41.5517 ], [ -93.593177, 41.549475 ], [ -93.590971, 41.548108 ], [ -93.589356, 41.547867 ], [ -93.587104, 41.545749 ], [ -93.585948, 41.544635 ], [ -93.583348, 41.542127 ], [ -93.582209, 41.541029 ], [ -93.579255, 41.538237 ], [ -93.578435, 41.537106 ], [ -93.573648, 41.537064 ], [ -93.571254, 41.537044 ], [ -93.565076, 41.536992 ], [ -93.562335, 41.536967 ], [ -93.558881, 41.536934 ], [ -93.558118, 41.536927 ], [ -93.557589, 41.536922 ], [ -93.555858, 41.536904 ], [ -93.553508, 41.536841 ], [ -93.552726, 41.536816 ], [ -93.54895, 41.536698 ], [ -93.544779, 41.536559 ], [ -93.54425, 41.536193 ], [ -93.544072, 41.531673 ], [ -93.544087, 41.530871 ], [ -93.544086, 41.52927 ], [ -93.544081, 41.527764 ], [ -93.544074, 41.525806 ], [ -93.544089, 41.518406 ], [ -93.544127, 41.512494 ], [ -93.544135, 41.511955 ], [ -93.544139, 41.511718 ], [ -93.544134, 41.511161 ], [ -93.53916, 41.510982 ], [ -93.534805, 41.51081 ], [ -93.529249, 41.510607 ], [ -93.52542, 41.510424 ], [ -93.520854, 41.510204 ], [ -93.520741, 41.510208 ], [ -93.520281, 41.510186 ], [ -93.519481, 41.510153 ], [ -93.519171, 41.510143 ], [ -93.518572, 41.510121 ], [ -93.510342, 41.509821 ], [ -93.497837, 41.509341 ], [ -93.49773, 41.509338 ], [ -93.497623, 41.509334 ], [ -93.493147, 41.509193 ], [ -93.489843, 41.509095 ], [ -93.485125, 41.508973 ], [ -93.482595, 41.508895 ], [ -93.481456, 41.508859 ], [ -93.476894, 41.508727 ], [ -93.471796, 41.508579 ], [ -93.469309, 41.508455 ], [ -93.462187, 41.508075 ], [ -93.442911, 41.507631 ], [ -93.442102, 41.50761 ], [ -93.441286, 41.507589 ], [ -93.442302, 41.506138 ], [ -93.442061, 41.504573 ], [ -93.440234, 41.502555 ], [ -93.438011, 41.502082 ], [ -93.436704, 41.502284 ], [ -93.433716, 41.503877 ], [ -93.431182, 41.504908 ], [ -93.427682, 41.505051 ], [ -93.426108, 41.505837 ], [ -93.424482, 41.508027 ], [ -93.424375, 41.509656 ], [ -93.422854, 41.511444 ], [ -93.419917, 41.511837 ], [ -93.417688, 41.511542 ], [ -93.415092, 41.509774 ], [ -93.413178, 41.507691 ], [ -93.41226, 41.505549 ], [ -93.412601, 41.503446 ], [ -93.414095, 41.500488 ], [ -93.414982, 41.499575 ], [ -93.420795, 41.496369 ], [ -93.421936, 41.495485 ], [ -93.421857, 41.493893 ], [ -93.420638, 41.493097 ], [ -93.417255, 41.492213 ], [ -93.414265, 41.49236 ], [ -93.411512, 41.49351 ], [ -93.409781, 41.495013 ], [ -93.406799, 41.500454 ], [ -93.404596, 41.502291 ], [ -93.402484, 41.502719 ], [ -93.40025, 41.502605 ], [ -93.398114, 41.501837 ], [ -93.396529, 41.500139 ], [ -93.395697, 41.498224 ], [ -93.395776, 41.496396 ], [ -93.397113, 41.493272 ], [ -93.398451, 41.492034 ], [ -93.401047, 41.490914 ], [ -93.403958, 41.490324 ], [ -93.405295, 41.489322 ], [ -93.405806, 41.487996 ], [ -93.405059, 41.487053 ], [ -93.398687, 41.486551 ], [ -93.396759, 41.48664 ], [ -93.39019, 41.490236 ], [ -93.388735, 41.493803 ], [ -93.385942, 41.495365 ], [ -93.382048, 41.49566 ], [ -93.377485, 41.49448 ], [ -93.373198, 41.492565 ], [ -93.37261, 41.491673 ], [ -93.372079, 41.489082 ], [ -93.372013, 41.486991 ], [ -93.370763, 41.486346 ], [ -93.363763, 41.487168 ], [ -93.361268, 41.487169 ], [ -93.358725, 41.488855 ], [ -93.358358, 41.48976 ], [ -93.358048, 41.493023 ], [ -93.359075, 41.496337 ], [ -93.357955, 41.4977 ], [ -93.356742, 41.49812 ], [ -93.354202, 41.497829 ], [ -93.352531, 41.496889 ], [ -93.351921, 41.495606 ], [ -93.351726, 41.493408 ], [ -93.350897, 41.49151 ], [ -93.348734, 41.487842 ], [ -93.348217, 41.486681 ], [ -93.347932, 41.484297 ], [ -93.346863, 41.482827 ], [ -93.345375, 41.482185 ], [ -93.342705, 41.48177 ], [ -93.341023, 41.481956 ], [ -93.340787, 41.481998 ], [ -93.340766, 41.482004 ], [ -93.338165, 41.483899 ], [ -93.335062, 41.487402 ], [ -93.333716, 41.488855 ], [ -93.332222, 41.488994 ], [ -93.328407, 41.490921 ], [ -93.328486, 41.49134 ], [ -93.328476, 41.492574 ], [ -93.328476, 41.492626 ], [ -93.32844, 41.497113 ], [ -93.328614, 41.507824 ], [ -93.328726, 41.522271 ], [ -93.32883, 41.52955 ], [ -93.328899, 41.534309 ], [ -93.328963, 41.542278 ], [ -93.328973, 41.544173 ], [ -93.328949, 41.562451 ], [ -93.328921, 41.573082 ], [ -93.328853, 41.584281 ], [ -93.328682, 41.600907 ], [ -93.328681, 41.601148 ], [ -93.348681, 41.600999 ], [ -93.357583, 41.600945 ], [ -93.366975, 41.600931 ], [ -93.377467, 41.600905 ], [ -93.387073, 41.600863 ], [ -93.39597, 41.600815 ], [ -93.400827, 41.600784 ], [ -93.402186, 41.60078 ], [ -93.406303, 41.600768 ], [ -93.414143, 41.600724 ], [ -93.417674, 41.600691 ], [ -93.423259, 41.600676 ], [ -93.425477, 41.600537 ], [ -93.430301, 41.600667 ], [ -93.430376, 41.60504 ], [ -93.433387, 41.605011 ], [ -93.433303, 41.600676 ], [ -93.43518, 41.600676 ], [ -93.439928, 41.600673 ], [ -93.440061, 41.607923 ], [ -93.444389, 41.607903 ], [ -93.444892, 41.607901 ], [ -93.444828, 41.605347 ], [ -93.44475, 41.60251 ], [ -93.444006, 41.600829 ], [ -93.448792, 41.60098 ], [ -93.449533, 41.60107 ], [ -93.449695, 41.607585 ], [ -93.4545, 41.607616 ], [ -93.454507, 41.607898 ], [ -93.464696, 41.607903 ], [ -93.469485, 41.607893 ], [ -93.469482, 41.608466 ], [ -93.471131, 41.608457 ], [ -93.471132, 41.607893 ], [ -93.474315, 41.607889 ], [ -93.474298, 41.611505 ], [ -93.467878, 41.611527 ], [ -93.46527, 41.612981 ], [ -93.464678, 41.614193 ], [ -93.464654, 41.618805 ], [ -93.467529, 41.618779 ], [ -93.469894, 41.618775 ], [ -93.474049, 41.618765 ], [ -93.474274, 41.618764 ], [ -93.474267, 41.619414 ], [ -93.474193, 41.635027 ], [ -93.474476, 41.635027 ], [ -93.476398, 41.635019 ], [ -93.476384, 41.636839 ], [ -93.483771, 41.636831 ], [ -93.483771, 41.636843 ], [ -93.483771, 41.636862 ], [ -93.483726, 41.642516 ], [ -93.483728, 41.642702 ], [ -93.485982, 41.640863 ], [ -93.488368, 41.637991 ], [ -93.492262, 41.632074 ], [ -93.493002, 41.629961 ], [ -93.493085, 41.629588 ], [ -93.493986, 41.629591 ], [ -93.50011, 41.629602 ], [ -93.502647, 41.63323 ], [ -93.503091, 41.633231 ], [ -93.503201, 41.63323 ], [ -93.503204, 41.632833 ], [ -93.503215, 41.631557 ], [ -93.503228, 41.629615 ], [ -93.501388, 41.62958 ], [ -93.494841, 41.623356 ], [ -93.494488, 41.622352 ], [ -93.493953, 41.621235 ], [ -93.494045, 41.618473 ], [ -93.49534, 41.618472 ], [ -93.496635, 41.618606 ], [ -93.5018, 41.619221 ], [ -93.502026, 41.61942 ], [ -93.503247, 41.620609 ], [ -93.503228, 41.617516 ], [ -93.503257, 41.614232 ], [ -93.503259, 41.610808 ], [ -93.508651, 41.610888 ], [ -93.508628, 41.615117 ], [ -93.509304, 41.615094 ], [ -93.509826, 41.615081 ], [ -93.510798, 41.61508 ], [ -93.512223, 41.615084 ], [ -93.512871, 41.615085 ], [ -93.512862, 41.613376 ], [ -93.513944, 41.613385 ], [ -93.513949, 41.615087 ], [ -93.51547, 41.615091 ], [ -93.516456, 41.615093 ], [ -93.520142, 41.615103 ], [ -93.522441, 41.615109 ], [ -93.522477, 41.609739 ], [ -93.522933, 41.609744 ], [ -93.522948, 41.607877 ], [ -93.524317, 41.60789 ], [ -93.524547, 41.609754 ], [ -93.524669, 41.609746 ], [ -93.525742, 41.609531 ], [ -93.525744, 41.607888 ], [ -93.527323, 41.607875 ], [ -93.529908, 41.607876 ], [ -93.529854, 41.600633 ], [ -93.529854, 41.597836 ], [ -93.529842, 41.589913 ], [ -93.538809, 41.590256 ], [ -93.539635, 41.590691 ], [ -93.54523, 41.590962 ], [ -93.546342, 41.591008 ], [ -93.547451, 41.591047 ], [ -93.547826, 41.59106 ], [ -93.549023, 41.591104 ], [ -93.552116, 41.591234 ], [ -93.553854, 41.591299 ], [ -93.555932, 41.591377 ], [ -93.557082, 41.591416 ], [ -93.558378, 41.591467 ], [ -93.558377, 41.591445 ], [ -93.558365, 41.589192 ], [ -93.562023, 41.589884 ], [ -93.563297, 41.590086 ], [ -93.56513, 41.590268 ], [ -93.567933, 41.590355 ], [ -93.57515, 41.590509 ], [ -93.577716, 41.590434 ], [ -93.578238, 41.590301 ], [ -93.581216, 41.589933 ], [ -93.585714, 41.588863 ], [ -93.587191, 41.58848 ], [ -93.589852, 41.587583 ], [ -93.593026, 41.587011 ], [ -93.59679, 41.586833 ], [ -93.5969, 41.586831 ], [ -93.596899, 41.586917 ], [ -93.600657, 41.58686 ], [ -93.60547, 41.587308 ], [ -93.60729, 41.587112 ], [ -93.607584, 41.587913 ], [ -93.608959, 41.587636 ], [ -93.608984, 41.587631 ], [ -93.610351, 41.587355 ], [ -93.611784, 41.587066 ], [ -93.613061, 41.586808 ], [ -93.614276, 41.586563 ], [ -93.61548, 41.58632 ], [ -93.615931, 41.586229 ], [ -93.616801, 41.586051 ], [ -93.61648, 41.585236 ], [ -93.616233, 41.584716 ], [ -93.615258, 41.582366 ], [ -93.615177, 41.582166 ], [ -93.612017, 41.580089 ], [ -93.612773, 41.579539 ], [ -93.616843, 41.578522 ], [ -93.617728, 41.578 ], [ -93.617546, 41.577536 ], [ -93.617046, 41.576256 ], [ -93.616435, 41.574451 ], [ -93.616046, 41.573402 ], [ -93.615346, 41.572338 ], [ -93.613919, 41.570703 ], [ -93.613689, 41.569798 ] ] ] ] } },
{ "type": "Feature", "properties": { "id": 11, "NAME": "11", "TotalPop": 30772, "PopDevPct": -0.03547207, "DemPct": 0.49741017, "RepPct": 0.48419122, "WhitePct": 0.87085218, "MinorityPct": 0.12914782, "BlackPct": 0.03694416, "HispanicPct": 0.03658591, "PacificPct": 0.0009404, "AsianPct": 0.03945188, "NativePct": 0.01128476, "TotalVAP": 22331, "Margin": 0.01321895, "color": "#cdcdff", "opacity": "0.5", "DemPct2": 0.51111233, "RepPct2": 0.4675959, "Margin2": 0.04351643, "Swing": -0.03029748, "R_Margin": 0.1415021668, "R_Margin2": 0.1209696169, "R_Swing": 0.0205325499, "Majority": "White" }, "geometry": { "type": "MultiPolygon", "coordinates": [ [ [ [ -93.746368, 41.614802 ], [ -93.741966, 41.614794 ], [ -93.74014, 41.614805 ], [ -93.736576, 41.614843 ], [ -93.736418, 41.614845 ], [ -93.736421, 41.614977 ], [ -93.736427, 41.61589 ], [ -93.736428, 41.616599 ], [ -93.73643, 41.617962 ], [ -93.73651, 41.618902 ], [ -93.736514, 41.620494 ], [ -93.736518, 41.622152 ], [ -93.736515, 41.622166 ], [ -93.736521, 41.623506 ], [ -93.736527, 41.625816 ], [ -93.73654, 41.629145 ], [ -93.736538, 41.629322 ], [ -93.732029, 41.629325 ], [ -93.731063, 41.629327 ], [ -93.729222, 41.629331 ], [ -93.727992, 41.629336 ], [ -93.728003, 41.633002 ], [ -93.729221, 41.633013 ], [ -93.731041, 41.632966 ], [ -93.73104, 41.634776 ], [ -93.731088, 41.636597 ], [ -93.731073, 41.63791 ], [ -93.73132, 41.638937 ], [ -93.729713, 41.639504 ], [ -93.728807, 41.640808 ], [ -93.728801, 41.641565 ], [ -93.7288, 41.642489 ], [ -93.728797, 41.643849 ], [ -93.728892, 41.64385 ], [ -93.73107, 41.643854 ], [ -93.732169, 41.643852 ], [ -93.733234, 41.64385 ], [ -93.736479, 41.643843 ], [ -93.736465, 41.648359 ], [ -93.73646, 41.649135 ], [ -93.736457, 41.649623 ], [ -93.736449, 41.652057 ], [ -93.736449, 41.652284 ], [ -93.736447, 41.653298 ], [ -93.736442, 41.655495 ], [ -93.73644, 41.656534 ], [ -93.746181, 41.65658 ], [ -93.746192, 41.658395 ], [ -93.746519, 41.658396 ], [ -93.750742, 41.658417 ], [ -93.75333, 41.658431 ], [ -93.755925, 41.658441 ], [ -93.755904, 41.661641 ], [ -93.755892, 41.663613 ], [ -93.755888, 41.664704 ], [ -93.755882, 41.665684 ], [ -93.759125, 41.665694 ], [ -93.764066, 41.665703 ], [ -93.765588, 41.665706 ], [ -93.765545, 41.670348 ], [ -93.765518, 41.672941 ], [ -93.765502, 41.680187 ], [ -93.765477, 41.688346 ], [ -93.763036, 41.688347 ], [ -93.763856, 41.689952 ], [ -93.764293, 41.690802 ], [ -93.76521, 41.692594 ], [ -93.765429, 41.694497 ], [ -93.765435, 41.694821 ], [ -93.765448, 41.695617 ], [ -93.765452, 41.700985 ], [ -93.765459, 41.702903 ], [ -93.774476, 41.702904 ], [ -93.774931, 41.702659 ], [ -93.779947, 41.702838 ], [ -93.780017, 41.710239 ], [ -93.788385, 41.710243 ], [ -93.788433, 41.710351 ], [ -93.788144, 41.710538 ], [ -93.788221, 41.710874 ], [ -93.788628, 41.71076 ], [ -93.789777, 41.71044 ], [ -93.789815, 41.713839 ], [ -93.794628, 41.713834 ], [ -93.794622, 41.710228 ], [ -93.79653, 41.710235 ], [ -93.800523, 41.710218 ], [ -93.800519, 41.70948 ], [ -93.800518, 41.709138 ], [ -93.800759, 41.709143 ], [ -93.801325, 41.709153 ], [ -93.801335, 41.710215 ], [ -93.801629, 41.710214 ], [ -93.801614, 41.709228 ], [ -93.804174, 41.709293 ], [ -93.804179, 41.710203 ], [ -93.804319, 41.710203 ], [ -93.804334, 41.707345 ], [ -93.805958, 41.708227 ], [ -93.808504, 41.710196 ], [ -93.809007, 41.710194 ], [ -93.810267, 41.710189 ], [ -93.812196, 41.710183 ], [ -93.813392, 41.710176 ], [ -93.814507, 41.710167 ], [ -93.814472, 41.706139 ], [ -93.814466, 41.705368 ], [ -93.814447, 41.702921 ], [ -93.814447, 41.702884 ], [ -93.814428, 41.695681 ], [ -93.814426, 41.695139 ], [ -93.814422, 41.69361 ], [ -93.81441, 41.688432 ], [ -93.814445, 41.676583 ], [ -93.814456, 41.67294 ], [ -93.814465, 41.66565 ], [ -93.814476, 41.658379 ], [ -93.814436, 41.654278 ], [ -93.814419, 41.652467 ], [ -93.814406, 41.651109 ], [ -93.814375, 41.647955 ], [ -93.814356, 41.645931 ], [ -93.814347, 41.64504 ], [ -93.814337, 41.643847 ], [ -93.814338, 41.641945 ], [ -93.814339, 41.639514 ], [ -93.814324, 41.636902 ], [ -93.814326, 41.632979 ], [ -93.814432, 41.629424 ], [ -93.81444, 41.629318 ], [ -93.814463, 41.629058 ], [ -93.814333, 41.625406 ], [ -93.814324, 41.622629 ], [ -93.814322, 41.622059 ], [ -93.814318, 41.620875 ], [ -93.814311, 41.619058 ], [ -93.814306, 41.617583 ], [ -93.814302, 41.61642 ], [ -93.814297, 41.614868 ], [ -93.808116, 41.614885 ], [ -93.800211, 41.614909 ], [ -93.795603, 41.614926 ], [ -93.795433, 41.614927 ], [ -93.794195, 41.614932 ], [ -93.79168, 41.614937 ], [ -93.791515, 41.614937 ], [ -93.783242, 41.614946 ], [ -93.77818, 41.614947 ], [ -93.778059, 41.614929 ], [ -93.777913, 41.614879 ], [ -93.776986, 41.614878 ], [ -93.776683, 41.614878 ], [ -93.771469, 41.614885 ], [ -93.770946, 41.614828 ], [ -93.769775, 41.614813 ], [ -93.768977, 41.614797 ], [ -93.767775, 41.614742 ], [ -93.765833, 41.614732 ], [ -93.765333, 41.614735 ], [ -93.764199, 41.614736 ], [ -93.755924, 41.61473 ], [ -93.746368, 41.614802 ] ] ] ] } },
{ "type": "Feature", "properties": { "id": 12, "NAME": "12", "TotalPop": 33087, "PopDevPct": 0.03709007, "DemPct": 0.53414396, "RepPct": 0.44712944, "WhitePct": 0.83572879, "MinorityPct": 0.16427121, "BlackPct": 0.05083232, "HispanicPct": 0.03751523, "PacificPct": 0.00117743, "AsianPct": 0.06118555, "NativePct": 0.01043443, "TotalVAP": 24630, "Margin": 0.08701452, "color": "#6e6eff", "opacity": "0.5", "DemPct2": 0.54080499, "RepPct2": 0.43899085, "Margin2": 0.10181414, "Swing": -0.01479962, "R_Margin": 0.2152977368, "R_Margin2": 0.1792673269, "R_Swing": 0.0360304099, "Majority": "White" }, "geometry": { "type": "MultiPolygon", "coordinates": [ [ [ [ -93.736402, 41.688373 ], [ -93.736424, 41.689889 ], [ -93.736398, 41.691683 ], [ -93.736395, 41.695184 ], [ -93.738897, 41.695184 ], [ -93.738896, 41.695623 ], [ -93.743702, 41.695626 ], [ -93.746091, 41.695627 ], [ -93.746065, 41.69926 ], [ -93.741226, 41.699255 ], [ -93.741212, 41.701428 ], [ -93.741215, 41.710136 ], [ -93.746042, 41.710141 ], [ -93.746045, 41.711955 ], [ -93.755789, 41.711995 ], [ -93.755842, 41.720702 ], [ -93.755996, 41.721364 ], [ -93.755845, 41.721395 ], [ -93.755849, 41.723042 ], [ -93.755849, 41.72444 ], [ -93.755889, 41.730529 ], [ -93.755929, 41.742999 ], [ -93.764555, 41.742981 ], [ -93.759901, 41.746644 ], [ -93.758199, 41.74833 ], [ -93.760879, 41.750368 ], [ -93.760897, 41.753618 ], [ -93.76176, 41.753742 ], [ -93.763658, 41.753932 ], [ -93.763653, 41.753544 ], [ -93.763646, 41.753144 ], [ -93.76417, 41.753141 ], [ -93.764179, 41.753938 ], [ -93.76576, 41.753926 ], [ -93.765641, 41.746659 ], [ -93.775424, 41.746606 ], [ -93.775502, 41.742967 ], [ -93.775545, 41.740334 ], [ -93.775536, 41.739861 ], [ -93.773819, 41.739297 ], [ -93.773771, 41.738002 ], [ -93.775484, 41.735231 ], [ -93.775626, 41.733564 ], [ -93.775514, 41.73203 ], [ -93.770752, 41.732012 ], [ -93.766303, 41.732783 ], [ -93.763739, 41.732309 ], [ -93.760764, 41.732213 ], [ -93.760785, 41.730709 ], [ -93.762119, 41.730711 ], [ -93.767744, 41.730717 ], [ -93.769805, 41.730719 ], [ -93.769854, 41.729536 ], [ -93.770513, 41.724796 ], [ -93.772366, 41.72479 ], [ -93.775045, 41.725127 ], [ -93.775377, 41.725258 ], [ -93.775044, 41.718505 ], [ -93.775035, 41.717447 ], [ -93.775023, 41.713174 ], [ -93.775009, 41.710263 ], [ -93.774441, 41.710269 ], [ -93.774443, 41.710598 ], [ -93.770387, 41.712273 ], [ -93.765485, 41.711929 ], [ -93.763585, 41.711879 ], [ -93.763475, 41.711289 ], [ -93.760645, 41.711289 ], [ -93.760659, 41.710462 ], [ -93.760662, 41.710263 ], [ -93.763082, 41.710185 ], [ -93.763036, 41.705597 ], [ -93.763012, 41.702908 ], [ -93.765459, 41.702903 ], [ -93.765452, 41.700985 ], [ -93.765448, 41.695617 ], [ -93.765435, 41.694821 ], [ -93.765429, 41.694497 ], [ -93.76521, 41.692594 ], [ -93.764293, 41.690802 ], [ -93.763856, 41.689952 ], [ -93.763036, 41.688347 ], [ -93.765477, 41.688346 ], [ -93.765502, 41.680187 ], [ -93.765518, 41.672941 ], [ -93.765545, 41.670348 ], [ -93.765588, 41.665706 ], [ -93.764066, 41.665703 ], [ -93.759125, 41.665694 ], [ -93.755882, 41.665684 ], [ -93.755888, 41.664704 ], [ -93.755892, 41.663613 ], [ -93.755904, 41.661641 ], [ -93.755925, 41.658441 ], [ -93.75333, 41.658431 ], [ -93.750742, 41.658417 ], [ -93.746519, 41.658396 ], [ -93.746192, 41.658395 ], [ -93.746181, 41.65658 ], [ -93.73644, 41.656534 ], [ -93.736442, 41.655495 ], [ -93.736447, 41.653298 ], [ -93.736449, 41.652284 ], [ -93.736449, 41.652057 ], [ -93.736457, 41.649623 ], [ -93.73646, 41.649135 ], [ -93.736465, 41.648359 ], [ -93.736479, 41.643843 ], [ -93.733234, 41.64385 ], [ -93.732169, 41.643852 ], [ -93.73107, 41.643854 ], [ -93.728892, 41.64385 ], [ -93.728797, 41.643849 ], [ -93.7288, 41.642489 ], [ -93.728801, 41.641565 ], [ -93.728807, 41.640808 ], [ -93.729713, 41.639504 ], [ -93.73132, 41.638937 ], [ -93.731073, 41.63791 ], [ -93.731088, 41.636597 ], [ -93.73104, 41.634776 ], [ -93.731041, 41.632966 ], [ -93.729221, 41.633013 ], [ -93.728003, 41.633002 ], [ -93.727992, 41.629336 ], [ -93.729222, 41.629331 ], [ -93.731063, 41.629327 ], [ -93.732029, 41.629325 ], [ -93.736538, 41.629322 ], [ -93.73654, 41.629145 ], [ -93.736527, 41.625816 ], [ -93.736521, 41.623506 ], [ -93.736515, 41.622166 ], [ -93.736518, 41.622152 ], [ -93.736514, 41.620494 ], [ -93.73651, 41.618902 ], [ -93.73643, 41.617962 ], [ -93.736428, 41.616599 ], [ -93.736427, 41.61589 ], [ -93.736421, 41.614977 ], [ -93.736418, 41.614845 ], [ -93.734709, 41.614826 ], [ -93.731632, 41.614792 ], [ -93.727426, 41.614739 ], [ -93.726783, 41.614731 ], [ -93.726523, 41.614727 ], [ -93.725617, 41.614715 ], [ -93.722614, 41.614684 ], [ -93.721562, 41.614673 ], [ -93.71853, 41.614645 ], [ -93.716323, 41.614658 ], [ -93.716324, 41.614778 ], [ -93.716327, 41.614984 ], [ -93.717099, 41.615136 ], [ -93.717093, 41.616403 ], [ -93.717099, 41.617093 ], [ -93.717401, 41.617362 ], [ -93.717078, 41.618346 ], [ -93.717079, 41.619918 ], [ -93.722325, 41.619949 ], [ -93.722481, 41.620989 ], [ -93.722522, 41.621331 ], [ -93.72259, 41.621745 ], [ -93.722704, 41.622188 ], [ -93.722733, 41.622303 ], [ -93.723357, 41.623658 ], [ -93.723315, 41.623714 ], [ -93.722644, 41.624614 ], [ -93.722231, 41.625106 ], [ -93.720452, 41.625596 ], [ -93.720452, 41.626438 ], [ -93.720133, 41.627157 ], [ -93.718382, 41.628274 ], [ -93.717037, 41.628418 ], [ -93.717031, 41.629367 ], [ -93.716946, 41.629367 ], [ -93.716946, 41.630609 ], [ -93.716946, 41.63157 ], [ -93.716971, 41.63253 ], [ -93.717051, 41.632976 ], [ -93.717049, 41.63389 ], [ -93.717053, 41.63481 ], [ -93.717062, 41.636592 ], [ -93.717068, 41.639292 ], [ -93.71707, 41.640209 ], [ -93.717024, 41.643835 ], [ -93.717002, 41.643835 ], [ -93.717006, 41.645587 ], [ -93.717005, 41.647149 ], [ -93.717095, 41.650421 ], [ -93.717099, 41.652606 ], [ -93.717101, 41.652838 ], [ -93.717111, 41.654277 ], [ -93.717115, 41.654718 ], [ -93.717118, 41.65513 ], [ -93.717225, 41.65829 ], [ -93.714714, 41.658333 ], [ -93.702525, 41.658399 ], [ -93.702533, 41.65463 ], [ -93.702536, 41.653022 ], [ -93.697746, 41.65303 ], [ -93.69758, 41.65303 ], [ -93.697562, 41.6533 ], [ -93.697534, 41.653904 ], [ -93.693004, 41.653945 ], [ -93.691227, 41.653981 ], [ -93.688206, 41.654011 ], [ -93.689032, 41.656051 ], [ -93.687459, 41.65344 ], [ -93.687147, 41.654135 ], [ -93.682949, 41.65359 ], [ -93.682261, 41.653717 ], [ -93.682027, 41.653339 ], [ -93.670102, 41.652819 ], [ -93.667852, 41.652719 ], [ -93.66715, 41.652685 ], [ -93.666178, 41.654884 ], [ -93.664555, 41.657357 ], [ -93.666125, 41.659804 ], [ -93.669909, 41.661706 ], [ -93.670625, 41.662851 ], [ -93.670227, 41.664073 ], [ -93.666872, 41.665687 ], [ -93.666546, 41.667974 ], [ -93.667396, 41.669598 ], [ -93.668702, 41.671309 ], [ -93.669199, 41.671893 ], [ -93.669268, 41.672349 ], [ -93.669131, 41.673033 ], [ -93.667718, 41.674605 ], [ -93.667399, 41.675494 ], [ -93.667171, 41.676838 ], [ -93.667399, 41.678 ], [ -93.667832, 41.679231 ], [ -93.668788, 41.680464 ], [ -93.668677, 41.680463 ], [ -93.669987, 41.681865 ], [ -93.671526, 41.682728 ], [ -93.676769, 41.684617 ], [ -93.679045, 41.686023 ], [ -93.679639, 41.687053 ], [ -93.679016, 41.687805 ], [ -93.677905, 41.68839 ], [ -93.677812, 41.688504 ], [ -93.678499, 41.688505 ], [ -93.678863, 41.688503 ], [ -93.678359, 41.689094 ], [ -93.678204, 41.689204 ], [ -93.677964, 41.689892 ], [ -93.678774, 41.690315 ], [ -93.678829, 41.690331 ], [ -93.679524, 41.690738 ], [ -93.680355, 41.691257 ], [ -93.681241, 41.692052 ], [ -93.681391, 41.692297 ], [ -93.681447, 41.692746 ], [ -93.681394, 41.693103 ], [ -93.681313, 41.693285 ], [ -93.681014, 41.693542 ], [ -93.68062, 41.693676 ], [ -93.680241, 41.693727 ], [ -93.679641, 41.693864 ], [ -93.678974, 41.693956 ], [ -93.678681, 41.694043 ], [ -93.6782, 41.694149 ], [ -93.677829, 41.694174 ], [ -93.677328, 41.6943 ], [ -93.677078, 41.694341 ], [ -93.676769, 41.694449 ], [ -93.676141, 41.694724 ], [ -93.675759, 41.694919 ], [ -93.67561, 41.695032 ], [ -93.675411, 41.695256 ], [ -93.675262, 41.695537 ], [ -93.675137, 41.696105 ], [ -93.675048, 41.696394 ], [ -93.674878, 41.697071 ], [ -93.674813, 41.697239 ], [ -93.674695, 41.697913 ], [ -93.674596, 41.698231 ], [ -93.674398, 41.698605 ], [ -93.674373, 41.698773 ], [ -93.67435, 41.699372 ], [ -93.674301, 41.699522 ], [ -93.674227, 41.700027 ], [ -93.674278, 41.7004 ], [ -93.674354, 41.700681 ], [ -93.67443, 41.70113 ], [ -93.674517, 41.701927 ], [ -93.674597, 41.702101 ], [ -93.674639, 41.702332 ], [ -93.675486, 41.704055 ], [ -93.677548, 41.706212 ], [ -93.678711, 41.712698 ], [ -93.679763, 41.713621 ], [ -93.682251, 41.713672 ], [ -93.687638, 41.711841 ], [ -93.691226, 41.711546 ], [ -93.69256, 41.712122 ], [ -93.693253, 41.713561 ], [ -93.693364, 41.715386 ], [ -93.692614, 41.716774 ], [ -93.690943, 41.718196 ], [ -93.689937, 41.719737 ], [ -93.689415, 41.721453 ], [ -93.689698, 41.722481 ], [ -93.691354, 41.723642 ], [ -93.695144, 41.722952 ], [ -93.697786, 41.7239 ], [ -93.697762, 41.708049 ], [ -93.697715, 41.702887 ], [ -93.702661, 41.702891 ], [ -93.703593, 41.70289 ], [ -93.703584, 41.70649 ], [ -93.707161, 41.70651 ], [ -93.70735, 41.709192 ], [ -93.711995, 41.709211 ], [ -93.712248, 41.709225 ], [ -93.712807, 41.709988 ], [ -93.712546, 41.709959 ], [ -93.711165, 41.709953 ], [ -93.711241, 41.713597 ], [ -93.707367, 41.713597 ], [ -93.707382, 41.715249 ], [ -93.708345, 41.715574 ], [ -93.708355, 41.716627 ], [ -93.710381, 41.716627 ], [ -93.711871, 41.717369 ], [ -93.713981, 41.717506 ], [ -93.713999, 41.720951 ], [ -93.717163, 41.720962 ], [ -93.717235, 41.721413 ], [ -93.71709, 41.722822 ], [ -93.71707, 41.724616 ], [ -93.718435, 41.724615 ], [ -93.718493, 41.724703 ], [ -93.718846, 41.725171 ], [ -93.718009, 41.726287 ], [ -93.717087, 41.726306 ], [ -93.717149, 41.731882 ], [ -93.720061, 41.731898 ], [ -93.722754, 41.731914 ], [ -93.736373, 41.732003 ], [ -93.736286, 41.725686 ], [ -93.736252, 41.724663 ], [ -93.736323, 41.721091 ], [ -93.736324, 41.71939 ], [ -93.726116, 41.713588 ], [ -93.723657, 41.711869 ], [ -93.721219, 41.709399 ], [ -93.719656, 41.707077 ], [ -93.719987, 41.706964 ], [ -93.721522, 41.709245 ], [ -93.723961, 41.711708 ], [ -93.726349, 41.713375 ], [ -93.736327, 41.719041 ], [ -93.736317, 41.714252 ], [ -93.736315, 41.713048 ], [ -93.73638, 41.70289 ], [ -93.731337, 41.70287 ], [ -93.717329, 41.702869 ], [ -93.717015, 41.702348 ], [ -93.717036, 41.695629 ], [ -93.718652, 41.695625 ], [ -93.726714, 41.695626 ], [ -93.726731, 41.688341 ], [ -93.735615, 41.68837 ], [ -93.736402, 41.688373 ] ] ] ] } },
{ "type": "Feature", "properties": { "id": 13, "NAME": "13", "TotalPop": 31433, "PopDevPct": -0.01475347, "DemPct": 0.56666139, "RepPct": 0.41599452, "WhitePct": 0.82823848, "MinorityPct": 0.17176152, "BlackPct": 0.04612039, "HispanicPct": 0.05810184, "PacificPct": 0.00102581, "AsianPct": 0.04952608, "NativePct": 0.01177629, "TotalVAP": 24371, "Margin": 0.15066687, "color": "#2020ff", "opacity": "0.5", "DemPct2": 0.57851621, "RepPct2": 0.40212995, "Margin2": 0.17638626, "Swing": -0.02571939, "R_Margin": 0.2789500868000001, "R_Margin2": 0.2538394469, "R_Swing": 0.025110639900000106, "Majority": "White" }, "geometry": { "type": "MultiPolygon", "coordinates": [ [ [ [ -93.790527, 41.535493 ], [ -93.790523, 41.535389 ], [ -93.790523, 41.535089 ], [ -93.790523, 41.533769 ], [ -93.790523, 41.533758 ], [ -93.790523, 41.533385 ], [ -93.790542, 41.519234 ], [ -93.790623, 41.516245 ], [ -93.790463, 41.513653 ], [ -93.790612, 41.511916 ], [ -93.782477, 41.511946 ], [ -93.780766, 41.511953 ], [ -93.780358, 41.511955 ], [ -93.779999, 41.511956 ], [ -93.770497, 41.511989 ], [ -93.765684, 41.511995 ], [ -93.741585, 41.512004 ], [ -93.731959, 41.512087 ], [ -93.712715, 41.512085 ], [ -93.712691, 41.512085 ], [ -93.707322, 41.512073 ], [ -93.698102, 41.511979 ], [ -93.698154, 41.513524 ], [ -93.698163, 41.513795 ], [ -93.698181, 41.514334 ], [ -93.698281, 41.519309 ], [ -93.698318, 41.522463 ], [ -93.698359, 41.52657 ], [ -93.703175, 41.526584 ], [ -93.703181, 41.528445 ], [ -93.703292, 41.537436 ], [ -93.703296, 41.538052 ], [ -93.703316, 41.541002 ], [ -93.70327, 41.544765 ], [ -93.703164, 41.545049 ], [ -93.703192, 41.545523 ], [ -93.703199, 41.545981 ], [ -93.703191, 41.548334 ], [ -93.703234, 41.551936 ], [ -93.703344, 41.552862 ], [ -93.703357, 41.554311 ], [ -93.703369, 41.555526 ], [ -93.703369, 41.555648 ], [ -93.703366, 41.557471 ], [ -93.703366, 41.557601 ], [ -93.70337, 41.560113 ], [ -93.703365, 41.5624 ], [ -93.703367, 41.562687 ], [ -93.703367, 41.562981 ], [ -93.703366, 41.565528 ], [ -93.703366, 41.566393 ], [ -93.703354, 41.567343 ], [ -93.70327, 41.56917 ], [ -93.703263, 41.56943 ], [ -93.703264, 41.571043 ], [ -93.703303, 41.572245 ], [ -93.703303, 41.572465 ], [ -93.703288, 41.573619 ], [ -93.703276, 41.574561 ], [ -93.703382, 41.575457 ], [ -93.703379, 41.576298 ], [ -93.703381, 41.577267 ], [ -93.703401, 41.580854 ], [ -93.703499, 41.582695 ], [ -93.703472, 41.584205 ], [ -93.703466, 41.584569 ], [ -93.70346, 41.584892 ], [ -93.703415, 41.585885 ], [ -93.703464, 41.5882 ], [ -93.704704, 41.588201 ], [ -93.704704, 41.588229 ], [ -93.704711, 41.588589 ], [ -93.704716, 41.588878 ], [ -93.704721, 41.589152 ], [ -93.705087, 41.589153 ], [ -93.705982, 41.589154 ], [ -93.706165, 41.589155 ], [ -93.706331, 41.5894 ], [ -93.70645, 41.589577 ], [ -93.706574, 41.589761 ], [ -93.706675, 41.58991 ], [ -93.706698, 41.589944 ], [ -93.706711, 41.589963 ], [ -93.706814, 41.590116 ], [ -93.706973, 41.590086 ], [ -93.707139, 41.590051 ], [ -93.708269, 41.5913 ], [ -93.709578, 41.591832 ], [ -93.712579, 41.591841 ], [ -93.712796, 41.591841 ], [ -93.713036, 41.591842 ], [ -93.713288, 41.591842 ], [ -93.713485, 41.591843 ], [ -93.713302, 41.591562 ], [ -93.713243, 41.590351 ], [ -93.713148, 41.587632 ], [ -93.713045, 41.584591 ], [ -93.713035, 41.583639 ], [ -93.713034, 41.582663 ], [ -93.714391, 41.582653 ], [ -93.715803, 41.582459 ], [ -93.71716, 41.582018 ], [ -93.719111, 41.581251 ], [ -93.719835, 41.580967 ], [ -93.721068, 41.580482 ], [ -93.722651, 41.579861 ], [ -93.725141, 41.578902 ], [ -93.727701, 41.577374 ], [ -93.728536, 41.577374 ], [ -93.729855, 41.577376 ], [ -93.730139, 41.577376 ], [ -93.732297, 41.577379 ], [ -93.734671, 41.577395 ], [ -93.73484, 41.577399 ], [ -93.735644, 41.57764 ], [ -93.736034, 41.577805 ], [ -93.737377, 41.578375 ], [ -93.738411, 41.578823 ], [ -93.738586, 41.578946 ], [ -93.741356, 41.580128 ], [ -93.74263, 41.580674 ], [ -93.743808, 41.581179 ], [ -93.745367, 41.581904 ], [ -93.746206, 41.582472 ], [ -93.747558, 41.583473 ], [ -93.748112, 41.584723 ], [ -93.749513, 41.584723 ], [ -93.751531, 41.584722 ], [ -93.751727, 41.584722 ], [ -93.754196, 41.584707 ], [ -93.756496, 41.584693 ], [ -93.75839, 41.584681 ], [ -93.759428, 41.584674 ], [ -93.759542, 41.584674 ], [ -93.761336, 41.584662 ], [ -93.761907, 41.584659 ], [ -93.762997, 41.584649 ], [ -93.76411, 41.584638 ], [ -93.765479, 41.584624 ], [ -93.770976, 41.584575 ], [ -93.773105, 41.584557 ], [ -93.774443, 41.584545 ], [ -93.77748, 41.584519 ], [ -93.777795, 41.584517 ], [ -93.779911, 41.584502 ], [ -93.781453, 41.584474 ], [ -93.781678, 41.584469 ], [ -93.782887, 41.584463 ], [ -93.786019, 41.584442 ], [ -93.787258, 41.584436 ], [ -93.790547, 41.5844 ], [ -93.790543, 41.583016 ], [ -93.79054, 41.582164 ], [ -93.790537, 41.581287 ], [ -93.790535, 41.580408 ], [ -93.79053, 41.578396 ], [ -93.790528, 41.577344 ], [ -93.790527, 41.57681 ], [ -93.790526, 41.576417 ], [ -93.790526, 41.57546 ], [ -93.790526, 41.575358 ], [ -93.790526, 41.575035 ], [ -93.790526, 41.575025 ], [ -93.790526, 41.574774 ], [ -93.790525, 41.573938 ], [ -93.790524, 41.571265 ], [ -93.790523, 41.569404 ], [ -93.790511, 41.566725 ], [ -93.790513, 41.56391 ], [ -93.790514, 41.563693 ], [ -93.790519, 41.561379 ], [ -93.790527, 41.559065 ], [ -93.790563, 41.548115 ], [ -93.790548, 41.546123 ], [ -93.790622, 41.5438 ], [ -93.790567, 41.540826 ], [ -93.790524, 41.538507 ], [ -93.790523, 41.536898 ], [ -93.790527, 41.535493 ] ] ] ] } },
{ "type": "Feature", "properties": { "id": 14, "NAME": "14", "TotalPop": 30440, "PopDevPct": -0.04587839, "DemPct": 0.59060278, "RepPct": 0.39146832, "WhitePct": 0.76752939, "MinorityPct": 0.23247061, "BlackPct": 0.06512729, "HispanicPct": 0.07282416, "PacificPct": 0.00143788, "AsianPct": 0.07180919, "NativePct": 0.01404043, "TotalVAP": 23646, "Margin": 0.19913446, "color": "#00008b", "opacity": "0.5", "DemPct2": 0.59585733, "RepPct2": 0.38418572, "Margin2": 0.21167161, "Swing": -0.01253715, "R_Margin": 0.3274176768, "R_Margin2": 0.2891247969, "R_Swing": 0.0382928799000001, "Majority": "White" }, "geometry": { "type": "MultiPolygon", "coordinates": [ [ [ [ -93.725141, 41.578902 ], [ -93.722651, 41.579861 ], [ -93.721068, 41.580482 ], [ -93.719835, 41.580967 ], [ -93.719111, 41.581251 ], [ -93.71716, 41.582018 ], [ -93.715803, 41.582459 ], [ -93.714391, 41.582653 ], [ -93.713034, 41.582663 ], [ -93.713035, 41.583639 ], [ -93.713045, 41.584591 ], [ -93.713148, 41.587632 ], [ -93.713243, 41.590351 ], [ -93.713302, 41.591562 ], [ -93.713485, 41.591843 ], [ -93.713288, 41.591842 ], [ -93.713036, 41.591842 ], [ -93.712796, 41.591841 ], [ -93.712579, 41.591841 ], [ -93.709578, 41.591832 ], [ -93.708698, 41.591847 ], [ -93.706712, 41.591843 ], [ -93.704423, 41.591839 ], [ -93.703548, 41.591837 ], [ -93.703559, 41.593014 ], [ -93.703561, 41.593157 ], [ -93.703579, 41.594625 ], [ -93.703588, 41.595377 ], [ -93.703595, 41.595885 ], [ -93.703639, 41.59807 ], [ -93.703658, 41.600437 ], [ -93.703679, 41.600437 ], [ -93.70376, 41.603591 ], [ -93.703764, 41.604474 ], [ -93.703766, 41.605837 ], [ -93.703769, 41.607193 ], [ -93.703769, 41.607646 ], [ -93.703743, 41.609367 ], [ -93.703747, 41.61127 ], [ -93.703758, 41.614886 ], [ -93.706204, 41.614884 ], [ -93.708089, 41.614882 ], [ -93.709027, 41.614881 ], [ -93.709694, 41.614822 ], [ -93.711286, 41.614748 ], [ -93.71228, 41.614707 ], [ -93.712858, 41.61469 ], [ -93.716323, 41.614658 ], [ -93.71853, 41.614645 ], [ -93.721562, 41.614673 ], [ -93.722614, 41.614684 ], [ -93.725617, 41.614715 ], [ -93.726523, 41.614727 ], [ -93.726783, 41.614731 ], [ -93.727426, 41.614739 ], [ -93.731632, 41.614792 ], [ -93.734709, 41.614826 ], [ -93.736418, 41.614845 ], [ -93.736576, 41.614843 ], [ -93.74014, 41.614805 ], [ -93.741966, 41.614794 ], [ -93.746368, 41.614802 ], [ -93.755924, 41.61473 ], [ -93.764199, 41.614736 ], [ -93.765333, 41.614735 ], [ -93.765833, 41.614732 ], [ -93.767775, 41.614742 ], [ -93.768977, 41.614797 ], [ -93.769775, 41.614813 ], [ -93.770946, 41.614828 ], [ -93.771469, 41.614885 ], [ -93.776683, 41.614878 ], [ -93.776986, 41.614878 ], [ -93.777913, 41.614879 ], [ -93.778059, 41.614929 ], [ -93.77818, 41.614947 ], [ -93.783242, 41.614946 ], [ -93.791515, 41.614937 ], [ -93.79168, 41.614937 ], [ -93.794195, 41.614932 ], [ -93.795433, 41.614927 ], [ -93.795603, 41.614926 ], [ -93.800211, 41.614909 ], [ -93.808116, 41.614885 ], [ -93.814297, 41.614868 ], [ -93.814267, 41.612317 ], [ -93.814259, 41.611219 ], [ -93.814266, 41.609732 ], [ -93.814265, 41.608597 ], [ -93.814265, 41.607745 ], [ -93.814264, 41.607689 ], [ -93.814262, 41.607028 ], [ -93.814255, 41.605486 ], [ -93.814259, 41.604623 ], [ -93.814262, 41.604167 ], [ -93.814267, 41.603169 ], [ -93.814272, 41.602343 ], [ -93.814282, 41.600456 ], [ -93.808885, 41.600457 ], [ -93.804849, 41.600448 ], [ -93.800852, 41.600436 ], [ -93.794331, 41.600407 ], [ -93.794164, 41.600407 ], [ -93.790632, 41.600425 ], [ -93.790625, 41.597908 ], [ -93.790674, 41.595416 ], [ -93.790678, 41.595228 ], [ -93.790665, 41.595177 ], [ -93.790648, 41.595102 ], [ -93.790602, 41.592278 ], [ -93.790602, 41.592072 ], [ -93.790601, 41.5896 ], [ -93.79058, 41.587566 ], [ -93.790547, 41.5844 ], [ -93.787258, 41.584436 ], [ -93.786019, 41.584442 ], [ -93.782887, 41.584463 ], [ -93.781678, 41.584469 ], [ -93.781453, 41.584474 ], [ -93.779911, 41.584502 ], [ -93.777795, 41.584517 ], [ -93.77748, 41.584519 ], [ -93.774443, 41.584545 ], [ -93.773105, 41.584557 ], [ -93.770976, 41.584575 ], [ -93.765479, 41.584624 ], [ -93.76411, 41.584638 ], [ -93.762997, 41.584649 ], [ -93.761907, 41.584659 ], [ -93.761336, 41.584662 ], [ -93.759542, 41.584674 ], [ -93.759428, 41.584674 ], [ -93.75839, 41.584681 ], [ -93.756496, 41.584693 ], [ -93.754196, 41.584707 ], [ -93.751727, 41.584722 ], [ -93.751531, 41.584722 ], [ -93.749513, 41.584723 ], [ -93.748112, 41.584723 ], [ -93.747558, 41.583473 ], [ -93.746206, 41.582472 ], [ -93.745367, 41.581904 ], [ -93.743808, 41.581179 ], [ -93.74263, 41.580674 ], [ -93.741356, 41.580128 ], [ -93.738586, 41.578946 ], [ -93.738411, 41.578823 ], [ -93.737377, 41.578375 ], [ -93.736034, 41.577805 ], [ -93.735644, 41.57764 ], [ -93.73484, 41.577399 ], [ -93.734671, 41.577395 ], [ -93.732297, 41.577379 ], [ -93.730139, 41.577376 ], [ -93.729855, 41.577376 ], [ -93.728536, 41.577374 ], [ -93.727701, 41.577374 ], [ -93.725141, 41.578902 ] ] ] ] } },
{ "type": "Feature", "properties": { "id": 15, "NAME": "15", "TotalPop": 31496, "PopDevPct": -0.01277877, "DemPct": 0.4693599, "RepPct": 0.51344343, "WhitePct": 0.89532156, "MinorityPct": 0.10467844, "BlackPct": 0.02646838, "HispanicPct": 0.02846014, "PacificPct": 0.00101801, "AsianPct": 0.03031913, "NativePct": 0.01079981, "TotalVAP": 22593, "Margin": -0.04408353, "color": "#ffa5a5", "opacity": "0.5", "DemPct2": 0.47757776, "RepPct2": 0.50111845, "Margin2": -0.02354069, "Swing": -0.02054284, "R_Margin": 0.0841996868, "R_Margin2": 0.0539124969, "R_Swing": 0.0302871899, "Majority": "White" }, "geometry": { "type": "MultiPolygon", "coordinates": [ [ [ [ -93.627031, 41.73184 ], [ -93.627066, 41.734429 ], [ -93.627018, 41.73542 ], [ -93.626072, 41.735456 ], [ -93.624009, 41.735885 ], [ -93.623793, 41.737397 ], [ -93.62284, 41.73725 ], [ -93.621537, 41.737256 ], [ -93.621553, 41.739084 ], [ -93.62157, 41.739538 ], [ -93.62136, 41.740181 ], [ -93.620919, 41.740646 ], [ -93.620042, 41.74169 ], [ -93.619676, 41.743356 ], [ -93.619667, 41.745101 ], [ -93.619609, 41.746376 ], [ -93.614584, 41.746388 ], [ -93.612714, 41.746386 ], [ -93.611542, 41.746385 ], [ -93.610008, 41.74638 ], [ -93.606021, 41.746368 ], [ -93.603729, 41.746361 ], [ -93.602706, 41.746356 ], [ -93.600336, 41.746342 ], [ -93.597748, 41.746344 ], [ -93.595289, 41.746346 ], [ -93.593998, 41.746347 ], [ -93.592518, 41.746349 ], [ -93.591561, 41.74635 ], [ -93.590099, 41.746351 ], [ -93.586547, 41.746353 ], [ -93.585354, 41.746354 ], [ -93.584216, 41.746355 ], [ -93.58308, 41.746356 ], [ -93.581049, 41.746356 ], [ -93.575712, 41.746468 ], [ -93.575418, 41.746474 ], [ -93.574987, 41.746459 ], [ -93.574928, 41.746564 ], [ -93.57462, 41.747275 ], [ -93.573407, 41.749973 ], [ -93.565002, 41.749935 ], [ -93.565003, 41.746324 ], [ -93.566072, 41.746332 ], [ -93.570428, 41.746365 ], [ -93.570488, 41.744363 ], [ -93.571149, 41.74275 ], [ -93.570502, 41.740388 ], [ -93.570445, 41.738336 ], [ -93.570455, 41.73787 ], [ -93.568757, 41.737509 ], [ -93.568168, 41.7377 ], [ -93.566251, 41.738312 ], [ -93.562747, 41.738302 ], [ -93.560836, 41.738296 ], [ -93.560882, 41.731823 ], [ -93.541561, 41.731843 ], [ -93.541446, 41.746321 ], [ -93.552425, 41.746304 ], [ -93.558381, 41.746292 ], [ -93.560811, 41.746293 ], [ -93.560694, 41.760788 ], [ -93.560661, 41.768024 ], [ -93.56518, 41.768024 ], [ -93.56588, 41.768035 ], [ -93.567356, 41.768046 ], [ -93.570048, 41.768058 ], [ -93.570377, 41.768059 ], [ -93.570961, 41.768062 ], [ -93.571069, 41.768061 ], [ -93.571372, 41.768062 ], [ -93.571345, 41.76838 ], [ -93.57098, 41.768725 ], [ -93.570996, 41.769114 ], [ -93.57112, 41.772141 ], [ -93.571264, 41.775077 ], [ -93.571304, 41.775994 ], [ -93.571311, 41.776286 ], [ -93.571319, 41.776789 ], [ -93.57132, 41.776816 ], [ -93.571341, 41.776818 ], [ -93.57587, 41.77681 ], [ -93.581054, 41.7768 ], [ -93.58105, 41.778906 ], [ -93.581054, 41.782267 ], [ -93.581048, 41.784091 ], [ -93.600456, 41.784043 ], [ -93.600502, 41.778964 ], [ -93.600513, 41.776799 ], [ -93.610248, 41.776821 ], [ -93.624859, 41.776821 ], [ -93.639506, 41.77683 ], [ -93.639207, 41.768027 ], [ -93.648882, 41.768037 ], [ -93.648591, 41.760783 ], [ -93.653417, 41.760786 ], [ -93.658558, 41.760785 ], [ -93.663012, 41.760779 ], [ -93.663096, 41.746242 ], [ -93.663688, 41.746238 ], [ -93.667228, 41.746254 ], [ -93.67271, 41.746241 ], [ -93.672768, 41.739424 ], [ -93.671297, 41.738241 ], [ -93.669779, 41.736912 ], [ -93.668427, 41.734421 ], [ -93.668316, 41.731848 ], [ -93.665542, 41.731764 ], [ -93.665591, 41.731665 ], [ -93.659588, 41.731661 ], [ -93.658411, 41.731653 ], [ -93.658438, 41.726185 ], [ -93.655943, 41.725772 ], [ -93.655932, 41.728237 ], [ -93.653609, 41.72825 ], [ -93.653628, 41.726183 ], [ -93.65363, 41.725658 ], [ -93.653628, 41.72448 ], [ -93.648793, 41.7245 ], [ -93.648467, 41.724501 ], [ -93.647018, 41.724508 ], [ -93.647004, 41.720902 ], [ -93.641989, 41.720923 ], [ -93.641381, 41.721874 ], [ -93.639225, 41.721888 ], [ -93.639224, 41.722087 ], [ -93.6388, 41.722088 ], [ -93.638913, 41.727255 ], [ -93.639109, 41.729828 ], [ -93.63911, 41.731711 ], [ -93.639109, 41.731837 ], [ -93.635822, 41.731839 ], [ -93.634722, 41.731846 ], [ -93.633596, 41.731852 ], [ -93.631684, 41.731824 ], [ -93.629444, 41.731831 ], [ -93.627031, 41.73184 ] ] ] ] } },
{ "type": "Feature", "properties": { "id": 16, "NAME": "16", "TotalPop": 33260, "PopDevPct": 0.04251264, "DemPct": 0.49702181, "RepPct": 0.48578236, "WhitePct": 0.88442672, "MinorityPct": 0.11557328, "BlackPct": 0.02987039, "HispanicPct": 0.03649053, "PacificPct": 0.00163509, "AsianPct": 0.02791625, "NativePct": 0.01220339, "TotalVAP": 25075, "Margin": 0.01123945, "color": "#cfcfff", "opacity": "0.5", "DemPct2": 0.50457125, "RepPct2": 0.47062842, "Margin2": 0.03394283, "Swing": -0.02270338, "R_Margin": 0.1395226668, "R_Margin2": 0.1113960169, "R_Swing": 0.0281266499, "Majority": "White" }, "geometry": { "type": "MultiPolygon", "coordinates": [ [ [ [ -93.590701, 41.71739 ], [ -93.589352, 41.71739 ], [ -93.588119, 41.71739 ], [ -93.587029, 41.717391 ], [ -93.585931, 41.717391 ], [ -93.584832, 41.717391 ], [ -93.582947, 41.717395 ], [ -93.581153, 41.717404 ], [ -93.580263, 41.7174 ], [ -93.576614, 41.717386 ], [ -93.576349, 41.717384 ], [ -93.570572, 41.717366 ], [ -93.570553, 41.71859 ], [ -93.570475, 41.72325 ], [ -93.57141, 41.723539 ], [ -93.571404, 41.723901 ], [ -93.571393, 41.724593 ], [ -93.570048, 41.72459 ], [ -93.565667, 41.724583 ], [ -93.565701, 41.728203 ], [ -93.569064, 41.728194 ], [ -93.570405, 41.728206 ], [ -93.570487, 41.73034 ], [ -93.570524, 41.731837 ], [ -93.568457, 41.731834 ], [ -93.568447, 41.733407 ], [ -93.570513, 41.733413 ], [ -93.570508, 41.734124 ], [ -93.570497, 41.735448 ], [ -93.572686, 41.735458 ], [ -93.572816, 41.735457 ], [ -93.577026, 41.735473 ], [ -93.577445, 41.739915 ], [ -93.576821, 41.742513 ], [ -93.575424, 41.745526 ], [ -93.57517, 41.746081 ], [ -93.574987, 41.746459 ], [ -93.575418, 41.746474 ], [ -93.575712, 41.746468 ], [ -93.581049, 41.746356 ], [ -93.58308, 41.746356 ], [ -93.584216, 41.746355 ], [ -93.585354, 41.746354 ], [ -93.586547, 41.746353 ], [ -93.590099, 41.746351 ], [ -93.591561, 41.74635 ], [ -93.592518, 41.746349 ], [ -93.593998, 41.746347 ], [ -93.595289, 41.746346 ], [ -93.597748, 41.746344 ], [ -93.600336, 41.746342 ], [ -93.602706, 41.746356 ], [ -93.603729, 41.746361 ], [ -93.606021, 41.746368 ], [ -93.610008, 41.74638 ], [ -93.611542, 41.746385 ], [ -93.612714, 41.746386 ], [ -93.614584, 41.746388 ], [ -93.619609, 41.746376 ], [ -93.619667, 41.745101 ], [ -93.619676, 41.743356 ], [ -93.620042, 41.74169 ], [ -93.620919, 41.740646 ], [ -93.62136, 41.740181 ], [ -93.62157, 41.739538 ], [ -93.621553, 41.739084 ], [ -93.621537, 41.737256 ], [ -93.62284, 41.73725 ], [ -93.623793, 41.737397 ], [ -93.624009, 41.735885 ], [ -93.626072, 41.735456 ], [ -93.627018, 41.73542 ], [ -93.627066, 41.734429 ], [ -93.627031, 41.73184 ], [ -93.629444, 41.731831 ], [ -93.631684, 41.731824 ], [ -93.633596, 41.731852 ], [ -93.634722, 41.731846 ], [ -93.635822, 41.731839 ], [ -93.639109, 41.731837 ], [ -93.63911, 41.731711 ], [ -93.639109, 41.729828 ], [ -93.638913, 41.727255 ], [ -93.6388, 41.722088 ], [ -93.639224, 41.722087 ], [ -93.639225, 41.721888 ], [ -93.639179, 41.717117 ], [ -93.638882, 41.717078 ], [ -93.638893, 41.713714 ], [ -93.638575, 41.710089 ], [ -93.646115, 41.710041 ], [ -93.646496, 41.708915 ], [ -93.648664, 41.707982 ], [ -93.648921, 41.707929 ], [ -93.648982, 41.702602 ], [ -93.648988, 41.702121 ], [ -93.648982, 41.702007 ], [ -93.649176, 41.701979 ], [ -93.649664, 41.701907 ], [ -93.650457, 41.701831 ], [ -93.651296, 41.701799 ], [ -93.652215, 41.701807 ], [ -93.652573, 41.701793 ], [ -93.653007, 41.69919 ], [ -93.649026, 41.699187 ], [ -93.649026, 41.697722 ], [ -93.64903, 41.695591 ], [ -93.639436, 41.695582 ], [ -93.63943, 41.696102 ], [ -93.639416, 41.697696 ], [ -93.639378, 41.701592 ], [ -93.639369, 41.702718 ], [ -93.639367, 41.702863 ], [ -93.639077, 41.702865 ], [ -93.638703, 41.702868 ], [ -93.637963, 41.702753 ], [ -93.638005, 41.697751 ], [ -93.638222, 41.69748 ], [ -93.638013, 41.696285 ], [ -93.637044, 41.695588 ], [ -93.63447, 41.695614 ], [ -93.634576, 41.693485 ], [ -93.634299, 41.693246 ], [ -93.633565, 41.693673 ], [ -93.633212, 41.693907 ], [ -93.631853, 41.692063 ], [ -93.628539, 41.691772 ], [ -93.628539, 41.690629 ], [ -93.624359, 41.690629 ], [ -93.624351, 41.692607 ], [ -93.624547, 41.695559 ], [ -93.624597, 41.696401 ], [ -93.624622, 41.696817 ], [ -93.622552, 41.695603 ], [ -93.621123, 41.695587 ], [ -93.620924, 41.695591 ], [ -93.620164, 41.692571 ], [ -93.619151, 41.692588 ], [ -93.617087, 41.692544 ], [ -93.616543, 41.692518 ], [ -93.616521, 41.693443 ], [ -93.615445, 41.693452 ], [ -93.615754, 41.69218 ], [ -93.615588, 41.688356 ], [ -93.613001, 41.688383 ], [ -93.607774, 41.688376 ], [ -93.60738, 41.688377 ], [ -93.60736, 41.689419 ], [ -93.602267, 41.68934 ], [ -93.601903, 41.689595 ], [ -93.601889, 41.692075 ], [ -93.602418, 41.692076 ], [ -93.603761, 41.692077 ], [ -93.60378, 41.691047 ], [ -93.60464, 41.691047 ], [ -93.604629, 41.693238 ], [ -93.603918, 41.693228 ], [ -93.603563, 41.694727 ], [ -93.600691, 41.694728 ], [ -93.600691, 41.694408 ], [ -93.600574, 41.694407 ], [ -93.599235, 41.694407 ], [ -93.599033, 41.692457 ], [ -93.60064, 41.69246 ], [ -93.600643, 41.692074 ], [ -93.600643, 41.69201 ], [ -93.596297, 41.692014 ], [ -93.596295, 41.692458 ], [ -93.593538, 41.692458 ], [ -93.592599, 41.693061 ], [ -93.59151, 41.695269 ], [ -93.59113, 41.697186 ], [ -93.591126, 41.70093 ], [ -93.587764, 41.701658 ], [ -93.587767, 41.702882 ], [ -93.592392, 41.702885 ], [ -93.593949, 41.702889 ], [ -93.594032, 41.702889 ], [ -93.597553, 41.702881 ], [ -93.60046, 41.70293 ], [ -93.60064, 41.702931 ], [ -93.600619, 41.708904 ], [ -93.600619, 41.709019 ], [ -93.600601, 41.710073 ], [ -93.600496, 41.711643 ], [ -93.600491, 41.711942 ], [ -93.600481, 41.715509 ], [ -93.600484, 41.717368 ], [ -93.59521, 41.717379 ], [ -93.594112, 41.717382 ], [ -93.593017, 41.717386 ], [ -93.591924, 41.71739 ], [ -93.590701, 41.71739 ] ], [ [ -93.600691, 41.698224 ], [ -93.600691, 41.697348 ], [ -93.600827, 41.697347 ], [ -93.600893, 41.697351 ], [ -93.601665, 41.697357 ], [ -93.601655, 41.698227 ], [ -93.601586, 41.698226 ], [ -93.600882, 41.698222 ], [ -93.600691, 41.698224 ] ] ] ] } },
{ "type": "Feature", "properties": { "id": 17, "NAME": "17", "TotalPop": 33327, "PopDevPct": 0.04461271, "DemPct": 0.42029572, "RepPct": 0.56298593, "WhitePct": 0.9068579, "MinorityPct": 0.0931421, "BlackPct": 0.02604682, "HispanicPct": 0.03053907, "PacificPct": 0.00144247, "AsianPct": 0.01529014, "NativePct": 0.01471316, "TotalVAP": 24264, "Margin": -0.14269021, "color": "#ff2020", "opacity": "0.5", "DemPct2": 0.43258427, "RepPct2": 0.54565239, "Margin2": -0.11306812, "Swing": -0.02962209, "R_Margin": -0.0144069932, "R_Margin2": -0.0356149331, "R_Swing": 0.0212079399, "Majority": "White" }, "geometry": { "type": "MultiPolygon", "coordinates": [ [ [ [ -93.702844, 41.863351 ], [ -93.707789, 41.863356 ], [ -93.717528, 41.863367 ], [ -93.737089, 41.863389 ], [ -93.746872, 41.863398 ], [ -93.756609, 41.863406 ], [ -93.759748, 41.863416 ], [ -93.776167, 41.863469 ], [ -93.783862, 41.863455 ], [ -93.795756, 41.863434 ], [ -93.815721, 41.863419 ], [ -93.815784, 41.853252 ], [ -93.815589, 41.849452 ], [ -93.815336, 41.842027 ], [ -93.815249, 41.834806 ], [ -93.815292, 41.827523 ], [ -93.815151, 41.823402 ], [ -93.815124, 41.81426 ], [ -93.815023, 41.812935 ], [ -93.815048, 41.807097 ], [ -93.815033, 41.804245 ], [ -93.815032, 41.803985 ], [ -93.815021, 41.802446 ], [ -93.814992, 41.798608 ], [ -93.814856, 41.784114 ], [ -93.814892, 41.776928 ], [ -93.814796, 41.773386 ], [ -93.814749, 41.768334 ], [ -93.814724, 41.765774 ], [ -93.814675, 41.761107 ], [ -93.81463, 41.757905 ], [ -93.814609, 41.755639 ], [ -93.8146, 41.755007 ], [ -93.814585, 41.75211 ], [ -93.814584, 41.752045 ], [ -93.814599, 41.750819 ], [ -93.814691, 41.750568 ], [ -93.814676, 41.746516 ], [ -93.814641, 41.736099 ], [ -93.814627, 41.731933 ], [ -93.814537, 41.717456 ], [ -93.814507, 41.710167 ], [ -93.813392, 41.710176 ], [ -93.812196, 41.710183 ], [ -93.810267, 41.710189 ], [ -93.809007, 41.710194 ], [ -93.808504, 41.710196 ], [ -93.805958, 41.708227 ], [ -93.804334, 41.707345 ], [ -93.804319, 41.710203 ], [ -93.804179, 41.710203 ], [ -93.804174, 41.709293 ], [ -93.801614, 41.709228 ], [ -93.801629, 41.710214 ], [ -93.801335, 41.710215 ], [ -93.801325, 41.709153 ], [ -93.800759, 41.709143 ], [ -93.800518, 41.709138 ], [ -93.800519, 41.70948 ], [ -93.800523, 41.710218 ], [ -93.79653, 41.710235 ], [ -93.794622, 41.710228 ], [ -93.794628, 41.713834 ], [ -93.789815, 41.713839 ], [ -93.789777, 41.71044 ], [ -93.788628, 41.71076 ], [ -93.788221, 41.710874 ], [ -93.788144, 41.710538 ], [ -93.788433, 41.710351 ], [ -93.788385, 41.710243 ], [ -93.780017, 41.710239 ], [ -93.779947, 41.702838 ], [ -93.774931, 41.702659 ], [ -93.774476, 41.702904 ], [ -93.765459, 41.702903 ], [ -93.763012, 41.702908 ], [ -93.763036, 41.705597 ], [ -93.763082, 41.710185 ], [ -93.760662, 41.710263 ], [ -93.760659, 41.710462 ], [ -93.760645, 41.711289 ], [ -93.763475, 41.711289 ], [ -93.763585, 41.711879 ], [ -93.765485, 41.711929 ], [ -93.770387, 41.712273 ], [ -93.774443, 41.710598 ], [ -93.774441, 41.710269 ], [ -93.775009, 41.710263 ], [ -93.775023, 41.713174 ], [ -93.775035, 41.717447 ], [ -93.775044, 41.718505 ], [ -93.775377, 41.725258 ], [ -93.775045, 41.725127 ], [ -93.772366, 41.72479 ], [ -93.770513, 41.724796 ], [ -93.769854, 41.729536 ], [ -93.769805, 41.730719 ], [ -93.767744, 41.730717 ], [ -93.762119, 41.730711 ], [ -93.760785, 41.730709 ], [ -93.760764, 41.732213 ], [ -93.763739, 41.732309 ], [ -93.766303, 41.732783 ], [ -93.770752, 41.732012 ], [ -93.775514, 41.73203 ], [ -93.775626, 41.733564 ], [ -93.775484, 41.735231 ], [ -93.773771, 41.738002 ], [ -93.773819, 41.739297 ], [ -93.775536, 41.739861 ], [ -93.775545, 41.740334 ], [ -93.775502, 41.742967 ], [ -93.775424, 41.746606 ], [ -93.765641, 41.746659 ], [ -93.76576, 41.753926 ], [ -93.764179, 41.753938 ], [ -93.76417, 41.753141 ], [ -93.763646, 41.753144 ], [ -93.763653, 41.753544 ], [ -93.763658, 41.753932 ], [ -93.76176, 41.753742 ], [ -93.760897, 41.753618 ], [ -93.760879, 41.750368 ], [ -93.758199, 41.74833 ], [ -93.759901, 41.746644 ], [ -93.764555, 41.742981 ], [ -93.755929, 41.742999 ], [ -93.755889, 41.730529 ], [ -93.755849, 41.72444 ], [ -93.755849, 41.723042 ], [ -93.755845, 41.721395 ], [ -93.755996, 41.721364 ], [ -93.755842, 41.720702 ], [ -93.755789, 41.711995 ], [ -93.746045, 41.711955 ], [ -93.746042, 41.710141 ], [ -93.741215, 41.710136 ], [ -93.741212, 41.701428 ], [ -93.741226, 41.699255 ], [ -93.746065, 41.69926 ], [ -93.746091, 41.695627 ], [ -93.743702, 41.695626 ], [ -93.738896, 41.695623 ], [ -93.738897, 41.695184 ], [ -93.736395, 41.695184 ], [ -93.736398, 41.691683 ], [ -93.736424, 41.689889 ], [ -93.736402, 41.688373 ], [ -93.735615, 41.68837 ], [ -93.726731, 41.688341 ], [ -93.726714, 41.695626 ], [ -93.718652, 41.695625 ], [ -93.717036, 41.695629 ], [ -93.717015, 41.702348 ], [ -93.717329, 41.702869 ], [ -93.731337, 41.70287 ], [ -93.73638, 41.70289 ], [ -93.736315, 41.713048 ], [ -93.736317, 41.714252 ], [ -93.736327, 41.719041 ], [ -93.726349, 41.713375 ], [ -93.723961, 41.711708 ], [ -93.721522, 41.709245 ], [ -93.719987, 41.706964 ], [ -93.719656, 41.707077 ], [ -93.721219, 41.709399 ], [ -93.723657, 41.711869 ], [ -93.726116, 41.713588 ], [ -93.736324, 41.71939 ], [ -93.736323, 41.721091 ], [ -93.736252, 41.724663 ], [ -93.736286, 41.725686 ], [ -93.736373, 41.732003 ], [ -93.722754, 41.731914 ], [ -93.720061, 41.731898 ], [ -93.717149, 41.731882 ], [ -93.717087, 41.726306 ], [ -93.718009, 41.726287 ], [ -93.718846, 41.725171 ], [ -93.718493, 41.724703 ], [ -93.718435, 41.724615 ], [ -93.71707, 41.724616 ], [ -93.71709, 41.722822 ], [ -93.717235, 41.721413 ], [ -93.717163, 41.720962 ], [ -93.713999, 41.720951 ], [ -93.713981, 41.717506 ], [ -93.711871, 41.717369 ], [ -93.710381, 41.716627 ], [ -93.708355, 41.716627 ], [ -93.708345, 41.715574 ], [ -93.707382, 41.715249 ], [ -93.707367, 41.713597 ], [ -93.711241, 41.713597 ], [ -93.711165, 41.709953 ], [ -93.712546, 41.709959 ], [ -93.712807, 41.709988 ], [ -93.712248, 41.709225 ], [ -93.711995, 41.709211 ], [ -93.70735, 41.709192 ], [ -93.707161, 41.70651 ], [ -93.703584, 41.70649 ], [ -93.703593, 41.70289 ], [ -93.702661, 41.702891 ], [ -93.697715, 41.702887 ], [ -93.697762, 41.708049 ], [ -93.697786, 41.7239 ], [ -93.695144, 41.722952 ], [ -93.691354, 41.723642 ], [ -93.689698, 41.722481 ], [ -93.689415, 41.721453 ], [ -93.689937, 41.719737 ], [ -93.690943, 41.718196 ], [ -93.692614, 41.716774 ], [ -93.693364, 41.715386 ], [ -93.693253, 41.713561 ], [ -93.69256, 41.712122 ], [ -93.691226, 41.711546 ], [ -93.687638, 41.711841 ], [ -93.682251, 41.713672 ], [ -93.679763, 41.713621 ], [ -93.678711, 41.712698 ], [ -93.677548, 41.706212 ], [ -93.675486, 41.704055 ], [ -93.674639, 41.702332 ], [ -93.674597, 41.702101 ], [ -93.674517, 41.701927 ], [ -93.67443, 41.70113 ], [ -93.674354, 41.700681 ], [ -93.674278, 41.7004 ], [ -93.674227, 41.700027 ], [ -93.674301, 41.699522 ], [ -93.67435, 41.699372 ], [ -93.674373, 41.698773 ], [ -93.674398, 41.698605 ], [ -93.674596, 41.698231 ], [ -93.674695, 41.697913 ], [ -93.674813, 41.697239 ], [ -93.674878, 41.697071 ], [ -93.675048, 41.696394 ], [ -93.675137, 41.696105 ], [ -93.675262, 41.695537 ], [ -93.675411, 41.695256 ], [ -93.67561, 41.695032 ], [ -93.675759, 41.694919 ], [ -93.676141, 41.694724 ], [ -93.676769, 41.694449 ], [ -93.677078, 41.694341 ], [ -93.677328, 41.6943 ], [ -93.677829, 41.694174 ], [ -93.6782, 41.694149 ], [ -93.678681, 41.694043 ], [ -93.678974, 41.693956 ], [ -93.679641, 41.693864 ], [ -93.680241, 41.693727 ], [ -93.68062, 41.693676 ], [ -93.681014, 41.693542 ], [ -93.681313, 41.693285 ], [ -93.681394, 41.693103 ], [ -93.681447, 41.692746 ], [ -93.681391, 41.692297 ], [ -93.681241, 41.692052 ], [ -93.680355, 41.691257 ], [ -93.679524, 41.690738 ], [ -93.678829, 41.690331 ], [ -93.678774, 41.690315 ], [ -93.677964, 41.689892 ], [ -93.678204, 41.689204 ], [ -93.678359, 41.689094 ], [ -93.678863, 41.688503 ], [ -93.678499, 41.688505 ], [ -93.677812, 41.688504 ], [ -93.677905, 41.68839 ], [ -93.67717, 41.688392 ], [ -93.668644, 41.688416 ], [ -93.664941, 41.688395 ], [ -93.661311, 41.688287 ], [ -93.657042, 41.688588 ], [ -93.660642, 41.690362 ], [ -93.662484, 41.692163 ], [ -93.664297, 41.694741 ], [ -93.666542, 41.695703 ], [ -93.667966, 41.696595 ], [ -93.668419, 41.697549 ], [ -93.668389, 41.70073 ], [ -93.668363, 41.703004 ], [ -93.668342, 41.704828 ], [ -93.670086, 41.705529 ], [ -93.670082, 41.709556 ], [ -93.66952, 41.710699 ], [ -93.668182, 41.710896 ], [ -93.668008, 41.712039 ], [ -93.66616, 41.713495 ], [ -93.663038, 41.713646 ], [ -93.661518, 41.71363 ], [ -93.659422, 41.713597 ], [ -93.653669, 41.713616 ], [ -93.646423, 41.713662 ], [ -93.646579, 41.712601 ], [ -93.64586, 41.711408 ], [ -93.647873, 41.710378 ], [ -93.647109, 41.708994 ], [ -93.64824, 41.708353 ], [ -93.648644, 41.70823 ], [ -93.648919, 41.708166 ], [ -93.648921, 41.707929 ], [ -93.648664, 41.707982 ], [ -93.646496, 41.708915 ], [ -93.646115, 41.710041 ], [ -93.638575, 41.710089 ], [ -93.638893, 41.713714 ], [ -93.638882, 41.717078 ], [ -93.639179, 41.717117 ], [ -93.639225, 41.721888 ], [ -93.641381, 41.721874 ], [ -93.641989, 41.720923 ], [ -93.647004, 41.720902 ], [ -93.647018, 41.724508 ], [ -93.648467, 41.724501 ], [ -93.648793, 41.7245 ], [ -93.653628, 41.72448 ], [ -93.65363, 41.725658 ], [ -93.653628, 41.726183 ], [ -93.653609, 41.72825 ], [ -93.655932, 41.728237 ], [ -93.655943, 41.725772 ], [ -93.658438, 41.726185 ], [ -93.658411, 41.731653 ], [ -93.659588, 41.731661 ], [ -93.665591, 41.731665 ], [ -93.665542, 41.731764 ], [ -93.668316, 41.731848 ], [ -93.668427, 41.734421 ], [ -93.669779, 41.736912 ], [ -93.671297, 41.738241 ], [ -93.672768, 41.739424 ], [ -93.67271, 41.746241 ], [ -93.667228, 41.746254 ], [ -93.663688, 41.746238 ], [ -93.663096, 41.746242 ], [ -93.663012, 41.760779 ], [ -93.658558, 41.760785 ], [ -93.653417, 41.760786 ], [ -93.648591, 41.760783 ], [ -93.648882, 41.768037 ], [ -93.639207, 41.768027 ], [ -93.639506, 41.77683 ], [ -93.624859, 41.776821 ], [ -93.610248, 41.776821 ], [ -93.600513, 41.776799 ], [ -93.600502, 41.778964 ], [ -93.600456, 41.784043 ], [ -93.581048, 41.784091 ], [ -93.581054, 41.782267 ], [ -93.58105, 41.778906 ], [ -93.581054, 41.7768 ], [ -93.57587, 41.77681 ], [ -93.571341, 41.776818 ], [ -93.57132, 41.776816 ], [ -93.571319, 41.776789 ], [ -93.571311, 41.776286 ], [ -93.571304, 41.775994 ], [ -93.571264, 41.775077 ], [ -93.57112, 41.772141 ], [ -93.570996, 41.769114 ], [ -93.57098, 41.768725 ], [ -93.571345, 41.76838 ], [ -93.571372, 41.768062 ], [ -93.571069, 41.768061 ], [ -93.570961, 41.768062 ], [ -93.570377, 41.768059 ], [ -93.570048, 41.768058 ], [ -93.567356, 41.768046 ], [ -93.56588, 41.768035 ], [ -93.56518, 41.768024 ], [ -93.560661, 41.768024 ], [ -93.560694, 41.760788 ], [ -93.560811, 41.746293 ], [ -93.558381, 41.746292 ], [ -93.552425, 41.746304 ], [ -93.541446, 41.746321 ], [ -93.541561, 41.731843 ], [ -93.560882, 41.731823 ], [ -93.560836, 41.738296 ], [ -93.562747, 41.738302 ], [ -93.566251, 41.738312 ], [ -93.568168, 41.7377 ], [ -93.568757, 41.737509 ], [ -93.570455, 41.73787 ], [ -93.570445, 41.738336 ], [ -93.570502, 41.740388 ], [ -93.571149, 41.74275 ], [ -93.570488, 41.744363 ], [ -93.570428, 41.746365 ], [ -93.566072, 41.746332 ], [ -93.565003, 41.746324 ], [ -93.565002, 41.749935 ], [ -93.573407, 41.749973 ], [ -93.57462, 41.747275 ], [ -93.574928, 41.746564 ], [ -93.574987, 41.746459 ], [ -93.57517, 41.746081 ], [ -93.575424, 41.745526 ], [ -93.576821, 41.742513 ], [ -93.577445, 41.739915 ], [ -93.577026, 41.735473 ], [ -93.572816, 41.735457 ], [ -93.572686, 41.735458 ], [ -93.570497, 41.735448 ], [ -93.570508, 41.734124 ], [ -93.570513, 41.733413 ], [ -93.568447, 41.733407 ], [ -93.568457, 41.731834 ], [ -93.570524, 41.731837 ], [ -93.570487, 41.73034 ], [ -93.570405, 41.728206 ], [ -93.569064, 41.728194 ], [ -93.565701, 41.728203 ], [ -93.565667, 41.724583 ], [ -93.570048, 41.72459 ], [ -93.571393, 41.724593 ], [ -93.571404, 41.723901 ], [ -93.57141, 41.723539 ], [ -93.570475, 41.72325 ], [ -93.570553, 41.71859 ], [ -93.570572, 41.717366 ], [ -93.570155, 41.717365 ], [ -93.56983, 41.717365 ], [ -93.568863, 41.717363 ], [ -93.568843, 41.715714 ], [ -93.568853, 41.713724 ], [ -93.567932, 41.713724 ], [ -93.565103, 41.713726 ], [ -93.563011, 41.713721 ], [ -93.560891, 41.713716 ], [ -93.557994, 41.713706 ], [ -93.556078, 41.713715 ], [ -93.55251, 41.71372 ], [ -93.552505, 41.712839 ], [ -93.55233, 41.712787 ], [ -93.55237, 41.712181 ], [ -93.552101, 41.711058 ], [ -93.551467, 41.71012 ], [ -93.550929, 41.70831 ], [ -93.556105, 41.7083 ], [ -93.556104, 41.708549 ], [ -93.55611, 41.709597 ], [ -93.556635, 41.709539 ], [ -93.557651, 41.706564 ], [ -93.560684, 41.706556 ], [ -93.560842, 41.707765 ], [ -93.560886, 41.709665 ], [ -93.560894, 41.710027 ], [ -93.563928, 41.710036 ], [ -93.564468, 41.710041 ], [ -93.564488, 41.70649 ], [ -93.562089, 41.706481 ], [ -93.562118, 41.702866 ], [ -93.560806, 41.702861 ], [ -93.55796, 41.702753 ], [ -93.55796, 41.701726 ], [ -93.556935, 41.701727 ], [ -93.556937, 41.702795 ], [ -93.55574, 41.702844 ], [ -93.554659, 41.702892 ], [ -93.554679, 41.700532 ], [ -93.554683, 41.699234 ], [ -93.559854, 41.699234 ], [ -93.560939, 41.699235 ], [ -93.561003, 41.69416 ], [ -93.561975, 41.693834 ], [ -93.561989, 41.692686 ], [ -93.561022, 41.692683 ], [ -93.561437, 41.688306 ], [ -93.559016, 41.688288 ], [ -93.545181, 41.688167 ], [ -93.541793, 41.688297 ], [ -93.533314, 41.688371 ], [ -93.525418, 41.688396 ], [ -93.522468, 41.688399 ], [ -93.50397, 41.688402 ], [ -93.503208, 41.688405 ], [ -93.503206, 41.686728 ], [ -93.50314, 41.68024 ], [ -93.512768, 41.680268 ], [ -93.512706, 41.673059 ], [ -93.522338, 41.673111 ], [ -93.5224, 41.661104 ], [ -93.522391, 41.660434 ], [ -93.521041, 41.660249 ], [ -93.520905, 41.660055 ], [ -93.521137, 41.659638 ], [ -93.522178, 41.659485 ], [ -93.522281, 41.658615 ], [ -93.520733, 41.658612 ], [ -93.520404, 41.658608 ], [ -93.519891, 41.658606 ], [ -93.514892, 41.651407 ], [ -93.512274, 41.648783 ], [ -93.511494, 41.648555 ], [ -93.511443, 41.648238 ], [ -93.508988, 41.644429 ], [ -93.510395, 41.644436 ], [ -93.510559, 41.644434 ], [ -93.5104, 41.644193 ], [ -93.51032, 41.644067 ], [ -93.510214, 41.643902 ], [ -93.510016, 41.6439 ], [ -93.508704, 41.643739 ], [ -93.507298, 41.64044 ], [ -93.506817, 41.640326 ], [ -93.504607, 41.636842 ], [ -93.503195, 41.634201 ], [ -93.5032, 41.633402 ], [ -93.503201, 41.63323 ], [ -93.503091, 41.633231 ], [ -93.502647, 41.63323 ], [ -93.50011, 41.629602 ], [ -93.493986, 41.629591 ], [ -93.493085, 41.629588 ], [ -93.493002, 41.629961 ], [ -93.492262, 41.632074 ], [ -93.488368, 41.637991 ], [ -93.485982, 41.640863 ], [ -93.483728, 41.642702 ], [ -93.483726, 41.642516 ], [ -93.483771, 41.636862 ], [ -93.483771, 41.636843 ], [ -93.483771, 41.636831 ], [ -93.476384, 41.636839 ], [ -93.476398, 41.635019 ], [ -93.474476, 41.635027 ], [ -93.474193, 41.635027 ], [ -93.474267, 41.619414 ], [ -93.474274, 41.618764 ], [ -93.474049, 41.618765 ], [ -93.469894, 41.618775 ], [ -93.467529, 41.618779 ], [ -93.464654, 41.618805 ], [ -93.464678, 41.614193 ], [ -93.46527, 41.612981 ], [ -93.467878, 41.611527 ], [ -93.474298, 41.611505 ], [ -93.474315, 41.607889 ], [ -93.471132, 41.607893 ], [ -93.471131, 41.608457 ], [ -93.469482, 41.608466 ], [ -93.469485, 41.607893 ], [ -93.464696, 41.607903 ], [ -93.454507, 41.607898 ], [ -93.4547, 41.615145 ], [ -93.459522, 41.615148 ], [ -93.459546, 41.618815 ], [ -93.445085, 41.618801 ], [ -93.445116, 41.624329 ], [ -93.445145, 41.629667 ], [ -93.458451, 41.629629 ], [ -93.458465, 41.631439 ], [ -93.459672, 41.631437 ], [ -93.459692, 41.633964 ], [ -93.454823, 41.63398 ], [ -93.454872, 41.636362 ], [ -93.450044, 41.636373 ], [ -93.450042, 41.636881 ], [ -93.44519, 41.636892 ], [ -93.445181, 41.635562 ], [ -93.445169, 41.633628 ], [ -93.442951, 41.633623 ], [ -93.443074, 41.635666 ], [ -93.441083, 41.636328 ], [ -93.441038, 41.63847 ], [ -93.441425, 41.639385 ], [ -93.441066, 41.640909 ], [ -93.441177, 41.64196 ], [ -93.443455, 41.641965 ], [ -93.44323, 41.640635 ], [ -93.445212, 41.640466 ], [ -93.445236, 41.644153 ], [ -93.45006, 41.644135 ], [ -93.450007, 41.6514 ], [ -93.445172, 41.651403 ], [ -93.445155, 41.653961 ], [ -93.445125, 41.65865 ], [ -93.445123, 41.658892 ], [ -93.445129, 41.660484 ], [ -93.445129, 41.660693 ], [ -93.445129, 41.66075 ], [ -93.445129, 41.661149 ], [ -93.445129, 41.665862 ], [ -93.44507, 41.669395 ], [ -93.445177, 41.671257 ], [ -93.452193, 41.670145 ], [ -93.457277, 41.669201 ], [ -93.45871, 41.668416 ], [ -93.460082, 41.666693 ], [ -93.461427, 41.665836 ], [ -93.464573, 41.665809 ], [ -93.464573, 41.665833 ], [ -93.464564, 41.66697 ], [ -93.468149, 41.665821 ], [ -93.478836, 41.66231 ], [ -93.478834, 41.662626 ], [ -93.478838, 41.662834 ], [ -93.478835, 41.663102 ], [ -93.478834, 41.665804 ], [ -93.478835, 41.669313 ], [ -93.483612, 41.669275 ], [ -93.483617, 41.670415 ], [ -93.483618, 41.670753 ], [ -93.483627, 41.672868 ], [ -93.484821, 41.672877 ], [ -93.483618, 41.673584 ], [ -93.483635, 41.675309 ], [ -93.483658, 41.676494 ], [ -93.483878, 41.688442 ], [ -93.485416, 41.688438 ], [ -93.493515, 41.688421 ], [ -93.493592, 41.693861 ], [ -93.483862, 41.696143 ], [ -93.478998, 41.697277 ], [ -93.478963, 41.70291 ], [ -93.480289, 41.702908 ], [ -93.480292, 41.702533 ], [ -93.480567, 41.702532 ], [ -93.480564, 41.702908 ], [ -93.483795, 41.702908 ], [ -93.483701, 41.710166 ], [ -93.474078, 41.71018 ], [ -93.474072, 41.712196 ], [ -93.464471, 41.712201 ], [ -93.464435, 41.717421 ], [ -93.464394, 41.72465 ], [ -93.464378, 41.727602 ], [ -93.464354, 41.73192 ], [ -93.464272, 41.746383 ], [ -93.464099, 41.760864 ], [ -93.464082, 41.768098 ], [ -93.464061, 41.776806 ], [ -93.464097, 41.780279 ], [ -93.464104, 41.78092 ], [ -93.464105, 41.791067 ], [ -93.464035, 41.792416 ], [ -93.463947, 41.795 ], [ -93.463946, 41.795426 ], [ -93.463926, 41.798462 ], [ -93.463863, 41.805707 ], [ -93.463797, 41.809769 ], [ -93.463623, 41.819991 ], [ -93.463612, 41.820733 ], [ -93.463775, 41.821352 ], [ -93.463732, 41.834382 ], [ -93.463545, 41.848851 ], [ -93.463542, 41.85916 ], [ -93.463437, 41.863213 ], [ -93.473161, 41.863172 ], [ -93.4825, 41.863119 ], [ -93.492689, 41.863116 ], [ -93.498185, 41.863162 ], [ -93.50704, 41.862982 ], [ -93.507587, 41.862996 ], [ -93.51991, 41.863121 ], [ -93.526677, 41.863288 ], [ -93.531645, 41.863211 ], [ -93.546241, 41.863211 ], [ -93.560821, 41.863204 ], [ -93.570239, 41.863211 ], [ -93.571161, 41.863214 ], [ -93.571445, 41.863215 ], [ -93.580878, 41.863218 ], [ -93.600376, 41.863212 ], [ -93.619968, 41.863215 ], [ -93.629639, 41.863266 ], [ -93.639406, 41.8633 ], [ -93.658865, 41.863346 ], [ -93.678349, 41.863365 ], [ -93.688093, 41.863371 ], [ -93.692008, 41.863357 ], [ -93.693161, 41.863359 ], [ -93.694618, 41.863363 ], [ -93.696032, 41.863362 ], [ -93.69682, 41.863359 ], [ -93.698032, 41.86337 ], [ -93.699215, 41.863347 ], [ -93.70038, 41.863348 ], [ -93.702844, 41.863351 ] ] ] ] } },
{ "type": "Feature", "properties": { "id": 18, "NAME": "18", "TotalPop": 33354, "PopDevPct": 0.045459, "DemPct": 0.40476838, "RepPct": 0.57846606, "WhitePct": 0.91485876, "MinorityPct": 0.08514124, "BlackPct": 0.02289344, "HispanicPct": 0.02704862, "PacificPct": 0.00131847, "AsianPct": 0.01086739, "NativePct": 0.01737984, "TotalVAP": 25029, "Margin": -0.17369768, "color": "#ff2020", "opacity": "0.5", "DemPct2": 0.42664447, "RepPct2": 0.55114223, "Margin2": -0.12449776, "Swing": -0.04919992, "R_Margin": -0.0454144632, "R_Margin2": -0.0470445731, "R_Swing": 0.0016301098999999403, "Majority": "White" }, "geometry": { "type": "MultiPolygon", "coordinates": [ [ [ [ -93.347933, 41.863104 ], [ -93.367314, 41.863189 ], [ -93.382023, 41.863177 ], [ -93.387838, 41.863189 ], [ -93.395908, 41.863213 ], [ -93.406059, 41.863153 ], [ -93.425334, 41.863137 ], [ -93.444659, 41.863207 ], [ -93.463437, 41.863213 ], [ -93.463542, 41.85916 ], [ -93.463545, 41.848851 ], [ -93.463732, 41.834382 ], [ -93.463775, 41.821352 ], [ -93.463612, 41.820733 ], [ -93.463623, 41.819991 ], [ -93.463797, 41.809769 ], [ -93.463863, 41.805707 ], [ -93.463926, 41.798462 ], [ -93.463946, 41.795426 ], [ -93.463947, 41.795 ], [ -93.464035, 41.792416 ], [ -93.464105, 41.791067 ], [ -93.464104, 41.78092 ], [ -93.464097, 41.780279 ], [ -93.464061, 41.776806 ], [ -93.464082, 41.768098 ], [ -93.464099, 41.760864 ], [ -93.464272, 41.746383 ], [ -93.464354, 41.73192 ], [ -93.464378, 41.727602 ], [ -93.464394, 41.72465 ], [ -93.464435, 41.717421 ], [ -93.464471, 41.712201 ], [ -93.474072, 41.712196 ], [ -93.474078, 41.71018 ], [ -93.483701, 41.710166 ], [ -93.483795, 41.702908 ], [ -93.480564, 41.702908 ], [ -93.480567, 41.702532 ], [ -93.480292, 41.702533 ], [ -93.480289, 41.702908 ], [ -93.478963, 41.70291 ], [ -93.478998, 41.697277 ], [ -93.483862, 41.696143 ], [ -93.493592, 41.693861 ], [ -93.493515, 41.688421 ], [ -93.485416, 41.688438 ], [ -93.483878, 41.688442 ], [ -93.483658, 41.676494 ], [ -93.483635, 41.675309 ], [ -93.483618, 41.673584 ], [ -93.484821, 41.672877 ], [ -93.483627, 41.672868 ], [ -93.483618, 41.670753 ], [ -93.483617, 41.670415 ], [ -93.483612, 41.669275 ], [ -93.478835, 41.669313 ], [ -93.478834, 41.665804 ], [ -93.478835, 41.663102 ], [ -93.478838, 41.662834 ], [ -93.478834, 41.662626 ], [ -93.478836, 41.66231 ], [ -93.468149, 41.665821 ], [ -93.464564, 41.66697 ], [ -93.464573, 41.665833 ], [ -93.464573, 41.665809 ], [ -93.461427, 41.665836 ], [ -93.460082, 41.666693 ], [ -93.45871, 41.668416 ], [ -93.457277, 41.669201 ], [ -93.452193, 41.670145 ], [ -93.445177, 41.671257 ], [ -93.44507, 41.669395 ], [ -93.445129, 41.665862 ], [ -93.445129, 41.661149 ], [ -93.445129, 41.66075 ], [ -93.445129, 41.660693 ], [ -93.445129, 41.660484 ], [ -93.445123, 41.658892 ], [ -93.445125, 41.65865 ], [ -93.445155, 41.653961 ], [ -93.445172, 41.651403 ], [ -93.450007, 41.6514 ], [ -93.45006, 41.644135 ], [ -93.445236, 41.644153 ], [ -93.445212, 41.640466 ], [ -93.44323, 41.640635 ], [ -93.443455, 41.641965 ], [ -93.441177, 41.64196 ], [ -93.441066, 41.640909 ], [ -93.441425, 41.639385 ], [ -93.441038, 41.63847 ], [ -93.441083, 41.636328 ], [ -93.443074, 41.635666 ], [ -93.442951, 41.633623 ], [ -93.445169, 41.633628 ], [ -93.445181, 41.635562 ], [ -93.44519, 41.636892 ], [ -93.450042, 41.636881 ], [ -93.450044, 41.636373 ], [ -93.454872, 41.636362 ], [ -93.454823, 41.63398 ], [ -93.459692, 41.633964 ], [ -93.459672, 41.631437 ], [ -93.458465, 41.631439 ], [ -93.458451, 41.629629 ], [ -93.445145, 41.629667 ], [ -93.445116, 41.624329 ], [ -93.445085, 41.618801 ], [ -93.459546, 41.618815 ], [ -93.459522, 41.615148 ], [ -93.4547, 41.615145 ], [ -93.454507, 41.607898 ], [ -93.4545, 41.607616 ], [ -93.449695, 41.607585 ], [ -93.449533, 41.60107 ], [ -93.448792, 41.60098 ], [ -93.444006, 41.600829 ], [ -93.44475, 41.60251 ], [ -93.444828, 41.605347 ], [ -93.444892, 41.607901 ], [ -93.444389, 41.607903 ], [ -93.440061, 41.607923 ], [ -93.439928, 41.600673 ], [ -93.43518, 41.600676 ], [ -93.433303, 41.600676 ], [ -93.433387, 41.605011 ], [ -93.430376, 41.60504 ], [ -93.430301, 41.600667 ], [ -93.425477, 41.600537 ], [ -93.423259, 41.600676 ], [ -93.417674, 41.600691 ], [ -93.414143, 41.600724 ], [ -93.406303, 41.600768 ], [ -93.402186, 41.60078 ], [ -93.400827, 41.600784 ], [ -93.39597, 41.600815 ], [ -93.387073, 41.600863 ], [ -93.377467, 41.600905 ], [ -93.366975, 41.600931 ], [ -93.357583, 41.600945 ], [ -93.348681, 41.600999 ], [ -93.328681, 41.601148 ], [ -93.313054, 41.601233 ], [ -93.309412, 41.601254 ], [ -93.303191, 41.601204 ], [ -93.290139, 41.601184 ], [ -93.27227, 41.601096 ], [ -93.272119, 41.601351 ], [ -93.271905, 41.601804 ], [ -93.267803, 41.601137 ], [ -93.262042, 41.601117 ], [ -93.261125, 41.601118 ], [ -93.251695, 41.601091 ], [ -93.251682, 41.608358 ], [ -93.232343, 41.608306 ], [ -93.232318, 41.615474 ], [ -93.232317, 41.62163 ], [ -93.232299, 41.629938 ], [ -93.23222, 41.644341 ], [ -93.232228, 41.658788 ], [ -93.232465, 41.658788 ], [ -93.232394, 41.665968 ], [ -93.235594, 41.666017 ], [ -93.235621, 41.662362 ], [ -93.236996, 41.662394 ], [ -93.236917, 41.666531 ], [ -93.236884, 41.666666 ], [ -93.233833, 41.666606 ], [ -93.232171, 41.666109 ], [ -93.232182, 41.669513 ], [ -93.232359, 41.669488 ], [ -93.236874, 41.669658 ], [ -93.238476, 41.66968 ], [ -93.238575, 41.668302 ], [ -93.237647, 41.668606 ], [ -93.237547, 41.667113 ], [ -93.238159, 41.666535 ], [ -93.238373, 41.666539 ], [ -93.238372, 41.666615 ], [ -93.238375, 41.667123 ], [ -93.238501, 41.667125 ], [ -93.238501, 41.666969 ], [ -93.239093, 41.666981 ], [ -93.239036, 41.667103 ], [ -93.23902, 41.667131 ], [ -93.239137, 41.667132 ], [ -93.238662, 41.668215 ], [ -93.241859, 41.668537 ], [ -93.241882, 41.669269 ], [ -93.241822, 41.669752 ], [ -93.245231, 41.669848 ], [ -93.245259, 41.669739 ], [ -93.248249, 41.669784 ], [ -93.248244, 41.669878 ], [ -93.258865, 41.669974 ], [ -93.25888, 41.673582 ], [ -93.256417, 41.673588 ], [ -93.256381, 41.676814 ], [ -93.256289, 41.680687 ], [ -93.2514, 41.6807 ], [ -93.251379, 41.680999 ], [ -93.251392, 41.681496 ], [ -93.25137, 41.684347 ], [ -93.247705, 41.684228 ], [ -93.247286, 41.684213 ], [ -93.245114, 41.684167 ], [ -93.24412, 41.684144 ], [ -93.236968, 41.684055 ], [ -93.236834, 41.68406 ], [ -93.235906, 41.684039 ], [ -93.235006, 41.684018 ], [ -93.234497, 41.683794 ], [ -93.234512, 41.682826 ], [ -93.234519, 41.682323 ], [ -93.232103, 41.683324 ], [ -93.232089, 41.683884 ], [ -93.232107, 41.684641 ], [ -93.232112, 41.684764 ], [ -93.232114, 41.685251 ], [ -93.232115, 41.685641 ], [ -93.232157, 41.688126 ], [ -93.232149, 41.688351 ], [ -93.231043, 41.688366 ], [ -93.227574, 41.688359 ], [ -93.224531, 41.688352 ], [ -93.22321, 41.68835 ], [ -93.222984, 41.688347 ], [ -93.222075, 41.688338 ], [ -93.217491, 41.688288 ], [ -93.202824, 41.688306 ], [ -93.18571, 41.688306 ], [ -93.184651, 41.688306 ], [ -93.181902, 41.688309 ], [ -93.178606, 41.688307 ], [ -93.174251, 41.688308 ], [ -93.17368, 41.688308 ], [ -93.169115, 41.688308 ], [ -93.154732, 41.688311 ], [ -93.140306, 41.688322 ], [ -93.125205, 41.688301 ], [ -93.116237, 41.688215 ], [ -93.101782, 41.688198 ], [ -93.097718, 41.688339 ], [ -93.087018, 41.688361 ], [ -93.085461, 41.688331 ], [ -93.085243, 41.688319 ], [ -93.085884, 41.687027 ], [ -93.085953, 41.685083 ], [ -93.085402, 41.682567 ], [ -93.085356, 41.682348 ], [ -93.08518, 41.680449 ], [ -93.085896, 41.677824 ], [ -93.083993, 41.677747 ], [ -93.076737, 41.677675 ], [ -93.075424, 41.677652 ], [ -93.075431, 41.67777 ], [ -93.075441, 41.677968 ], [ -93.075454, 41.678195 ], [ -93.075455, 41.678235 ], [ -93.075102, 41.678237 ], [ -93.075054, 41.678238 ], [ -93.074707, 41.67824 ], [ -93.074705, 41.6782 ], [ -93.074691, 41.677973 ], [ -93.074689, 41.67793 ], [ -93.074683, 41.677839 ], [ -93.07468, 41.67778 ], [ -93.074684, 41.677664 ], [ -93.073841, 41.677668 ], [ -93.073867, 41.678946 ], [ -93.072084, 41.678941 ], [ -93.072077, 41.677671 ], [ -93.072143, 41.674122 ], [ -93.070981, 41.674065 ], [ -93.071022, 41.677692 ], [ -93.070313, 41.677695 ], [ -93.070345, 41.680329 ], [ -93.057953, 41.680425 ], [ -93.050701, 41.680491 ], [ -93.050038, 41.679653 ], [ -93.050349, 41.680504 ], [ -93.048479, 41.680504 ], [ -93.047908, 41.680968 ], [ -93.041334, 41.681055 ], [ -93.040524, 41.680032 ], [ -93.039106, 41.680058 ], [ -93.03623, 41.680194 ], [ -93.034409, 41.681061 ], [ -93.031277, 41.681044 ], [ -93.029365, 41.678969 ], [ -93.029355, 41.674232 ], [ -93.024547, 41.67422 ], [ -93.019466, 41.669449 ], [ -93.019442, 41.666886 ], [ -93.016675, 41.666869 ], [ -93.014624, 41.664971 ], [ -93.01463, 41.663266 ], [ -93.013662, 41.663267 ], [ -93.010261, 41.663266 ], [ -93.008744, 41.662794 ], [ -93.008278, 41.662794 ], [ -93.009061, 41.663505 ], [ -93.009721, 41.664105 ], [ -93.00974, 41.666235 ], [ -93.009744, 41.666861 ], [ -93.002017, 41.666837 ], [ -93.002398, 41.668133 ], [ -93.004197, 41.667929 ], [ -93.004267, 41.6705 ], [ -93.004694, 41.67124 ], [ -93.000453, 41.671204 ], [ -93.002185, 41.672297 ], [ -93.003056, 41.673001 ], [ -93.00396, 41.672753 ], [ -93.005216, 41.672233 ], [ -93.006712, 41.672337 ], [ -93.006443, 41.673129 ], [ -93.00611, 41.673615 ], [ -93.005872, 41.673871 ], [ -93.003771, 41.673866 ], [ -93.0039, 41.674148 ], [ -93.003416, 41.674147 ], [ -93.003933, 41.675037 ], [ -93.001589, 41.676272 ], [ -93.000388, 41.677293 ], [ -92.999932, 41.677137 ], [ -92.999982, 41.677746 ], [ -92.994688, 41.677843 ], [ -92.99468, 41.681917 ], [ -92.999922, 41.680966 ], [ -92.999928, 41.682472 ], [ -92.999928, 41.682683 ], [ -92.999932, 41.684988 ], [ -92.999994, 41.688294 ], [ -92.999919, 41.692642 ], [ -92.999878, 41.695291 ], [ -92.999762, 41.701805 ], [ -92.999834, 41.70212 ], [ -92.999957, 41.702766 ], [ -92.999963, 41.717299 ], [ -92.999859, 41.728455 ], [ -93.000021, 41.73071 ], [ -92.999925, 41.735452 ], [ -92.999915, 41.737354 ], [ -92.999877, 41.74637 ], [ -92.99993, 41.761001 ], [ -92.999953, 41.771251 ], [ -92.999943, 41.773899 ], [ -92.999907, 41.775797 ], [ -92.99994, 41.776444 ], [ -93.005851, 41.776609 ], [ -93.014367, 41.776574 ], [ -93.015626, 41.776583 ], [ -93.038716, 41.776536 ], [ -93.048549, 41.776491 ], [ -93.058184, 41.776453 ], [ -93.075615, 41.776488 ], [ -93.077504, 41.776493 ], [ -93.093055, 41.77649 ], [ -93.096895, 41.776499 ], [ -93.10659, 41.776496 ], [ -93.116217, 41.776494 ], [ -93.119325, 41.776509 ], [ -93.130741, 41.77656 ], [ -93.137062, 41.776547 ], [ -93.145248, 41.776555 ], [ -93.162379, 41.776634 ], [ -93.174159, 41.776646 ], [ -93.188544, 41.776644 ], [ -93.192445, 41.776524 ], [ -93.193458, 41.776609 ], [ -93.198842, 41.7766 ], [ -93.204117, 41.776603 ], [ -93.204373, 41.776604 ], [ -93.2058, 41.776603 ], [ -93.207254, 41.776611 ], [ -93.222405, 41.776622 ], [ -93.223329, 41.776621 ], [ -93.231947, 41.77659 ], [ -93.241614, 41.776596 ], [ -93.251309, 41.776645 ], [ -93.261121, 41.776619 ], [ -93.267161, 41.776618 ], [ -93.270659, 41.776623 ], [ -93.277954, 41.776616 ], [ -93.280478, 41.776585 ], [ -93.304525, 41.776647 ], [ -93.328698, 41.776666 ], [ -93.348145, 41.776636 ], [ -93.348022, 41.783544 ], [ -93.348019, 41.783834 ], [ -93.348121, 41.791128 ], [ -93.348151, 41.805577 ], [ -93.348098, 41.820003 ], [ -93.347975, 41.826822 ], [ -93.347975, 41.828879 ], [ -93.347996, 41.829988 ], [ -93.348064, 41.834764 ], [ -93.348064, 41.83508 ], [ -93.348056, 41.838077 ], [ -93.348008, 41.848933 ], [ -93.347933, 41.863104 ] ] ] ] } },
{ "type": "Feature", "properties": { "id": 19, "NAME": "19", "TotalPop": 31671, "PopDevPct": -0.00729351, "DemPct": 0.35011279, "RepPct": 0.63213819, "WhitePct": 0.92315639, "MinorityPct": 0.07684361, "BlackPct": 0.02185315, "HispanicPct": 0.02356167, "PacificPct": 0.00170852, "AsianPct": 0.01315162, "NativePct": 0.01251589, "TotalVAP": 25168, "Margin": -0.2820254, "color": "#960018", "opacity": "0.5", "DemPct2": 0.37553116, "RepPct2": 0.60711756, "Margin2": -0.2315864, "Swing": -0.050439, "R_Margin": -0.1537421832, "R_Margin2": -0.1541332131, "R_Swing": 0.00039102989999993676, "Majority": "White" }, "geometry": { "type": "MultiPolygon", "coordinates": [ [ [ [ -93.328681, 41.601148 ], [ -93.328682, 41.600907 ], [ -93.328853, 41.584281 ], [ -93.328921, 41.573082 ], [ -93.328949, 41.562451 ], [ -93.328973, 41.544173 ], [ -93.328963, 41.542278 ], [ -93.328899, 41.534309 ], [ -93.32883, 41.52955 ], [ -93.328726, 41.522271 ], [ -93.328614, 41.507824 ], [ -93.32042, 41.50785 ], [ -93.308922, 41.507913 ], [ -93.306058, 41.507973 ], [ -93.302717, 41.507984 ], [ -93.291663, 41.50805 ], [ -93.282106, 41.508038 ], [ -93.272538, 41.50806 ], [ -93.25335, 41.508059 ], [ -93.234108, 41.508095 ], [ -93.214438, 41.508076 ], [ -93.211988, 41.507991 ], [ -93.203775, 41.507996 ], [ -93.187926, 41.508031 ], [ -93.178296, 41.508077 ], [ -93.168886, 41.508121 ], [ -93.149333, 41.508183 ], [ -93.139687, 41.508106 ], [ -93.123807, 41.508158 ], [ -93.123444, 41.50823 ], [ -93.11071, 41.508296 ], [ -93.10102, 41.508326 ], [ -93.09255, 41.508305 ], [ -93.08662, 41.508266 ], [ -93.084729, 41.508079 ], [ -93.084407, 41.50815 ], [ -93.083786, 41.508262 ], [ -93.079343, 41.508317 ], [ -93.063601, 41.50828 ], [ -93.053982, 41.508315 ], [ -93.04431, 41.508401 ], [ -93.044298, 41.508405 ], [ -93.024976, 41.50841 ], [ -93.015282, 41.508359 ], [ -93.005606, 41.508325 ], [ -92.993626, 41.508239 ], [ -92.986305, 41.508261 ], [ -92.969421, 41.508317 ], [ -92.967551, 41.508216 ], [ -92.963648, 41.508216 ], [ -92.940436, 41.508266 ], [ -92.938812, 41.508446 ], [ -92.933148, 41.50838 ], [ -92.919644, 41.508437 ], [ -92.91493, 41.508328 ], [ -92.881031, 41.508466 ], [ -92.871421, 41.508522 ], [ -92.867659, 41.508533 ], [ -92.867603, 41.508531 ], [ -92.84812, 41.508604 ], [ -92.834511, 41.508631 ], [ -92.824177, 41.508664 ], [ -92.814542, 41.508665 ], [ -92.799946, 41.508763 ], [ -92.795418, 41.508749 ], [ -92.785616, 41.508751 ], [ -92.771715, 41.508724 ], [ -92.770381, 41.508831 ], [ -92.756508, 41.508794 ], [ -92.747918, 41.50871 ], [ -92.733522, 41.508787 ], [ -92.712593, 41.508931 ], [ -92.709909, 41.509 ], [ -92.69973, 41.509067 ], [ -92.68523, 41.508992 ], [ -92.661019, 41.509136 ], [ -92.656459, 41.509106 ], [ -92.652318, 41.508956 ], [ -92.651635, 41.508941 ], [ -92.651167, 41.508907 ], [ -92.644324, 41.509149 ], [ -92.64225, 41.509144 ], [ -92.623429, 41.509149 ], [ -92.622107, 41.509148 ], [ -92.61849, 41.509163 ], [ -92.615687, 41.50915 ], [ -92.603576, 41.509158 ], [ -92.601315, 41.50916 ], [ -92.599213, 41.509163 ], [ -92.595191, 41.509161 ], [ -92.589725, 41.509155 ], [ -92.584813, 41.509161 ], [ -92.572116, 41.509156 ], [ -92.565617, 41.509116 ], [ -92.555948, 41.50915 ], [ -92.527519, 41.509236 ], [ -92.52677, 41.509242 ], [ -92.514095, 41.509311 ], [ -92.508243, 41.509094 ], [ -92.491071, 41.509333 ], [ -92.486616, 41.509347 ], [ -92.479396, 41.509383 ], [ -92.47887, 41.509385 ], [ -92.475982, 41.50937 ], [ -92.474596, 41.50934 ], [ -92.469784, 41.509404 ], [ -92.468275, 41.509419 ], [ -92.464463, 41.509413 ], [ -92.464051, 41.509411 ], [ -92.462922, 41.509407 ], [ -92.460175, 41.509406 ], [ -92.460161, 41.509406 ], [ -92.450548, 41.509437 ], [ -92.436863, 41.509458 ], [ -92.431283, 41.509483 ], [ -92.411995, 41.509548 ], [ -92.393744, 41.509576 ], [ -92.374506, 41.509619 ], [ -92.356792, 41.509638 ], [ -92.355389, 41.509646 ], [ -92.354427, 41.509664 ], [ -92.352021, 41.509666 ], [ -92.34564, 41.509677 ], [ -92.336031, 41.509696 ], [ -92.316728, 41.50975 ], [ -92.316367, 41.509753 ], [ -92.297494, 41.50979 ], [ -92.297558, 41.52423 ], [ -92.297575, 41.531494 ], [ -92.297593, 41.538811 ], [ -92.297633, 41.546037 ], [ -92.297634, 41.549662 ], [ -92.297648, 41.553205 ], [ -92.297663, 41.560386 ], [ -92.297709, 41.567619 ], [ -92.297708, 41.57107 ], [ -92.297529, 41.575547 ], [ -92.29772, 41.578411 ], [ -92.297723, 41.585631 ], [ -92.297783, 41.59666 ], [ -92.297814, 41.601535 ], [ -92.299495, 41.601536 ], [ -92.299518, 41.610986 ], [ -92.299585, 41.616083 ], [ -92.29961, 41.626836 ], [ -92.299399, 41.627153 ], [ -92.299667, 41.63074 ], [ -92.29975, 41.637159 ], [ -92.299654, 41.642346 ], [ -92.299874, 41.645194 ], [ -92.300106, 41.659692 ], [ -92.300117, 41.67424 ], [ -92.299952, 41.689045 ], [ -92.299949, 41.695103 ], [ -92.299802, 41.695699 ], [ -92.299804, 41.695889 ], [ -92.299809, 41.696322 ], [ -92.299974, 41.71441 ], [ -92.299951, 41.725332 ], [ -92.299932, 41.727535 ], [ -92.29993, 41.727966 ], [ -92.299928, 41.72842 ], [ -92.299927, 41.728865 ], [ -92.299925, 41.729303 ], [ -92.299924, 41.729774 ], [ -92.299921, 41.730205 ], [ -92.299919, 41.730675 ], [ -92.299916, 41.731097 ], [ -92.299913, 41.731534 ], [ -92.299907, 41.732173 ], [ -92.299901, 41.732815 ], [ -92.299876, 41.735512 ], [ -92.299873, 41.736132 ], [ -92.299844, 41.739852 ], [ -92.299714, 41.745746 ], [ -92.299453, 41.761607 ], [ -92.299236, 41.77245 ], [ -92.299191, 41.776094 ], [ -92.299161, 41.779018 ], [ -92.29896, 41.790208 ], [ -92.299099, 41.790672 ], [ -92.299101, 41.792543 ], [ -92.298891, 41.795729 ], [ -92.298816, 41.797952 ], [ -92.298783, 41.805511 ], [ -92.298749, 41.812138 ], [ -92.29869, 41.819509 ], [ -92.298536, 41.833995 ], [ -92.298359, 41.848492 ], [ -92.298174, 41.860167 ], [ -92.298164, 41.862779 ], [ -92.327547, 41.862698 ], [ -92.350172, 41.862608 ], [ -92.356998, 41.862538 ], [ -92.366056, 41.862509 ], [ -92.375185, 41.862442 ], [ -92.386016, 41.862528 ], [ -92.390796, 41.862551 ], [ -92.391777, 41.862492 ], [ -92.401037, 41.862495 ], [ -92.415599, 41.862508 ], [ -92.425536, 41.862511 ], [ -92.430288, 41.862512 ], [ -92.450098, 41.862466 ], [ -92.454328, 41.86246 ], [ -92.454803, 41.862459 ], [ -92.461788, 41.862449 ], [ -92.46784, 41.862437 ], [ -92.473909, 41.862439 ], [ -92.493225, 41.862361 ], [ -92.507136, 41.862276 ], [ -92.512832, 41.862305 ], [ -92.533093, 41.8622 ], [ -92.539943, 41.862215 ], [ -92.542737, 41.862247 ], [ -92.552489, 41.86225 ], [ -92.557353, 41.862258 ], [ -92.558756, 41.862279 ], [ -92.562202, 41.862267 ], [ -92.566838, 41.862288 ], [ -92.571931, 41.862275 ], [ -92.59114, 41.862267 ], [ -92.601052, 41.862289 ], [ -92.610553, 41.86228 ], [ -92.620836, 41.862268 ], [ -92.630203, 41.862239 ], [ -92.649665, 41.862311 ], [ -92.658064, 41.862241 ], [ -92.669089, 41.862267 ], [ -92.675293, 41.862222 ], [ -92.678541, 41.862222 ], [ -92.688516, 41.862282 ], [ -92.707994, 41.862314 ], [ -92.727448, 41.862384 ], [ -92.746901, 41.862426 ], [ -92.750193, 41.862208 ], [ -92.755656, 41.862273 ], [ -92.765999, 41.862373 ], [ -92.766488, 41.855771 ], [ -92.766174, 41.84856 ], [ -92.76602, 41.841325 ], [ -92.765916, 41.834036 ], [ -92.765994, 41.831957 ], [ -92.766032, 41.819534 ], [ -92.766269, 41.812196 ], [ -92.766129, 41.80887 ], [ -92.7661, 41.805152 ], [ -92.76615, 41.799395 ], [ -92.766027, 41.790519 ], [ -92.766007, 41.783383 ], [ -92.766135, 41.775997 ], [ -92.766184, 41.753488 ], [ -92.766276, 41.750152 ], [ -92.766294, 41.73632 ], [ -92.766335, 41.726516 ], [ -92.766671, 41.721937 ], [ -92.766365, 41.720551 ], [ -92.766386, 41.717204 ], [ -92.766406, 41.705042 ], [ -92.766363, 41.695549 ], [ -92.766393, 41.695316 ], [ -92.766433, 41.688122 ], [ -92.779179, 41.688102 ], [ -92.785279, 41.68815 ], [ -92.795096, 41.688111 ], [ -92.805056, 41.688096 ], [ -92.818397, 41.688108 ], [ -92.824375, 41.688137 ], [ -92.828276, 41.688122 ], [ -92.833959, 41.688134 ], [ -92.844886, 41.688063 ], [ -92.848644, 41.688099 ], [ -92.85957, 41.688078 ], [ -92.862823, 41.68808 ], [ -92.87553, 41.688115 ], [ -92.876471, 41.687809 ], [ -92.879294, 41.687885 ], [ -92.879911, 41.687896 ], [ -92.88313, 41.687955 ], [ -92.883581, 41.688087 ], [ -92.902914, 41.688148 ], [ -92.918947, 41.688158 ], [ -92.922279, 41.688168 ], [ -92.941652, 41.688193 ], [ -92.960941, 41.68825 ], [ -92.974094, 41.688277 ], [ -92.98027, 41.68836 ], [ -92.98778, 41.688198 ], [ -92.999994, 41.688294 ], [ -92.999932, 41.684988 ], [ -92.999928, 41.682683 ], [ -92.999928, 41.682472 ], [ -92.999922, 41.680966 ], [ -92.99468, 41.681917 ], [ -92.994688, 41.677843 ], [ -92.999982, 41.677746 ], [ -92.999932, 41.677137 ], [ -93.000388, 41.677293 ], [ -93.001589, 41.676272 ], [ -93.003933, 41.675037 ], [ -93.003416, 41.674147 ], [ -93.0039, 41.674148 ], [ -93.003771, 41.673866 ], [ -93.005872, 41.673871 ], [ -93.00611, 41.673615 ], [ -93.006443, 41.673129 ], [ -93.006712, 41.672337 ], [ -93.005216, 41.672233 ], [ -93.00396, 41.672753 ], [ -93.003056, 41.673001 ], [ -93.002185, 41.672297 ], [ -93.000453, 41.671204 ], [ -93.004694, 41.67124 ], [ -93.004267, 41.6705 ], [ -93.004197, 41.667929 ], [ -93.002398, 41.668133 ], [ -93.002017, 41.666837 ], [ -93.009744, 41.666861 ], [ -93.00974, 41.666235 ], [ -93.009721, 41.664105 ], [ -93.009061, 41.663505 ], [ -93.008278, 41.662794 ], [ -93.008744, 41.662794 ], [ -93.010261, 41.663266 ], [ -93.013662, 41.663267 ], [ -93.01463, 41.663266 ], [ -93.014624, 41.664971 ], [ -93.016675, 41.666869 ], [ -93.019442, 41.666886 ], [ -93.019466, 41.669449 ], [ -93.024547, 41.67422 ], [ -93.029355, 41.674232 ], [ -93.029365, 41.678969 ], [ -93.031277, 41.681044 ], [ -93.034409, 41.681061 ], [ -93.03623, 41.680194 ], [ -93.039106, 41.680058 ], [ -93.040524, 41.680032 ], [ -93.041334, 41.681055 ], [ -93.047908, 41.680968 ], [ -93.048479, 41.680504 ], [ -93.050349, 41.680504 ], [ -93.050038, 41.679653 ], [ -93.050701, 41.680491 ], [ -93.057953, 41.680425 ], [ -93.070345, 41.680329 ], [ -93.070313, 41.677695 ], [ -93.071022, 41.677692 ], [ -93.070981, 41.674065 ], [ -93.072143, 41.674122 ], [ -93.072077, 41.677671 ], [ -93.072084, 41.678941 ], [ -93.073867, 41.678946 ], [ -93.073841, 41.677668 ], [ -93.074684, 41.677664 ], [ -93.07468, 41.67778 ], [ -93.074683, 41.677839 ], [ -93.074689, 41.67793 ], [ -93.074691, 41.677973 ], [ -93.074705, 41.6782 ], [ -93.074707, 41.67824 ], [ -93.075054, 41.678238 ], [ -93.075102, 41.678237 ], [ -93.075455, 41.678235 ], [ -93.075454, 41.678195 ], [ -93.075441, 41.677968 ], [ -93.075431, 41.67777 ], [ -93.075424, 41.677652 ], [ -93.076737, 41.677675 ], [ -93.083993, 41.677747 ], [ -93.085896, 41.677824 ], [ -93.08518, 41.680449 ], [ -93.085356, 41.682348 ], [ -93.085402, 41.682567 ], [ -93.085953, 41.685083 ], [ -93.085884, 41.687027 ], [ -93.085243, 41.688319 ], [ -93.085461, 41.688331 ], [ -93.087018, 41.688361 ], [ -93.097718, 41.688339 ], [ -93.101782, 41.688198 ], [ -93.116237, 41.688215 ], [ -93.125205, 41.688301 ], [ -93.140306, 41.688322 ], [ -93.154732, 41.688311 ], [ -93.169115, 41.688308 ], [ -93.17368, 41.688308 ], [ -93.174251, 41.688308 ], [ -93.178606, 41.688307 ], [ -93.181902, 41.688309 ], [ -93.184651, 41.688306 ], [ -93.18571, 41.688306 ], [ -93.202824, 41.688306 ], [ -93.217491, 41.688288 ], [ -93.222075, 41.688338 ], [ -93.222984, 41.688347 ], [ -93.22321, 41.68835 ], [ -93.224531, 41.688352 ], [ -93.227574, 41.688359 ], [ -93.231043, 41.688366 ], [ -93.232149, 41.688351 ], [ -93.232157, 41.688126 ], [ -93.232115, 41.685641 ], [ -93.232114, 41.685251 ], [ -93.232112, 41.684764 ], [ -93.232107, 41.684641 ], [ -93.232089, 41.683884 ], [ -93.232103, 41.683324 ], [ -93.234519, 41.682323 ], [ -93.234512, 41.682826 ], [ -93.234497, 41.683794 ], [ -93.235006, 41.684018 ], [ -93.235906, 41.684039 ], [ -93.236834, 41.68406 ], [ -93.236968, 41.684055 ], [ -93.24412, 41.684144 ], [ -93.245114, 41.684167 ], [ -93.247286, 41.684213 ], [ -93.247705, 41.684228 ], [ -93.25137, 41.684347 ], [ -93.251392, 41.681496 ], [ -93.251379, 41.680999 ], [ -93.2514, 41.6807 ], [ -93.256289, 41.680687 ], [ -93.256381, 41.676814 ], [ -93.256417, 41.673588 ], [ -93.25888, 41.673582 ], [ -93.258865, 41.669974 ], [ -93.248244, 41.669878 ], [ -93.248249, 41.669784 ], [ -93.245259, 41.669739 ], [ -93.245231, 41.669848 ], [ -93.241822, 41.669752 ], [ -93.241882, 41.669269 ], [ -93.241859, 41.668537 ], [ -93.238662, 41.668215 ], [ -93.239137, 41.667132 ], [ -93.23902, 41.667131 ], [ -93.239036, 41.667103 ], [ -93.239093, 41.666981 ], [ -93.238501, 41.666969 ], [ -93.238501, 41.667125 ], [ -93.238375, 41.667123 ], [ -93.238372, 41.666615 ], [ -93.238373, 41.666539 ], [ -93.238159, 41.666535 ], [ -93.237547, 41.667113 ], [ -93.237647, 41.668606 ], [ -93.238575, 41.668302 ], [ -93.238476, 41.66968 ], [ -93.236874, 41.669658 ], [ -93.232359, 41.669488 ], [ -93.232182, 41.669513 ], [ -93.232171, 41.666109 ], [ -93.233833, 41.666606 ], [ -93.236884, 41.666666 ], [ -93.236917, 41.666531 ], [ -93.236996, 41.662394 ], [ -93.235621, 41.662362 ], [ -93.235594, 41.666017 ], [ -93.232394, 41.665968 ], [ -93.232465, 41.658788 ], [ -93.232228, 41.658788 ], [ -93.23222, 41.644341 ], [ -93.232299, 41.629938 ], [ -93.232317, 41.62163 ], [ -93.232318, 41.615474 ], [ -93.232343, 41.608306 ], [ -93.251682, 41.608358 ], [ -93.251695, 41.601091 ], [ -93.261125, 41.601118 ], [ -93.262042, 41.601117 ], [ -93.267803, 41.601137 ], [ -93.271905, 41.601804 ], [ -93.272119, 41.601351 ], [ -93.27227, 41.601096 ], [ -93.290139, 41.601184 ], [ -93.303191, 41.601204 ], [ -93.309412, 41.601254 ], [ -93.313054, 41.601233 ], [ -93.328681, 41.601148 ] ] ] ] } },
{ "type": "Feature", "properties": { "id": 20, "NAME": "20", "TotalPop": 32828, "PopDevPct": 0.02897188, "DemPct": 0.33008349, "RepPct": 0.65114585, "WhitePct": 0.87735397, "MinorityPct": 0.12264603, "BlackPct": 0.00909671, "HispanicPct": 0.05442068, "PacificPct": 0.0018752, "AsianPct": 0.00730131, "NativePct": 0.05114906, "TotalVAP": 25064, "Margin": -0.32106236, "color": "#960018", "opacity": "0.5", "DemPct2": 0.36091492, "RepPct2": 0.62061284, "Margin2": -0.25969792, "Swing": -0.06136444, "R_Margin": -0.1927791432000001, "R_Margin2": -0.18224473310000011, "R_Swing": -0.0105344101, "Majority": "White" }, "geometry": { "type": "MultiPolygon", "coordinates": [ [ [ [ -92.765999, 41.862373 ], [ -92.755656, 41.862273 ], [ -92.750193, 41.862208 ], [ -92.746901, 41.862426 ], [ -92.727448, 41.862384 ], [ -92.707994, 41.862314 ], [ -92.688516, 41.862282 ], [ -92.678541, 41.862222 ], [ -92.675293, 41.862222 ], [ -92.669089, 41.862267 ], [ -92.658064, 41.862241 ], [ -92.649665, 41.862311 ], [ -92.630203, 41.862239 ], [ -92.620836, 41.862268 ], [ -92.610553, 41.86228 ], [ -92.601052, 41.862289 ], [ -92.59114, 41.862267 ], [ -92.571931, 41.862275 ], [ -92.566838, 41.862288 ], [ -92.562202, 41.862267 ], [ -92.558756, 41.862279 ], [ -92.557353, 41.862258 ], [ -92.552489, 41.86225 ], [ -92.542737, 41.862247 ], [ -92.539943, 41.862215 ], [ -92.533093, 41.8622 ], [ -92.512832, 41.862305 ], [ -92.507136, 41.862276 ], [ -92.493225, 41.862361 ], [ -92.473909, 41.862439 ], [ -92.46784, 41.862437 ], [ -92.461788, 41.862449 ], [ -92.454803, 41.862459 ], [ -92.454328, 41.86246 ], [ -92.450098, 41.862466 ], [ -92.430288, 41.862512 ], [ -92.425536, 41.862511 ], [ -92.415599, 41.862508 ], [ -92.401037, 41.862495 ], [ -92.391777, 41.862492 ], [ -92.390796, 41.862551 ], [ -92.386016, 41.862528 ], [ -92.375185, 41.862442 ], [ -92.366056, 41.862509 ], [ -92.356998, 41.862538 ], [ -92.350172, 41.862608 ], [ -92.327547, 41.862698 ], [ -92.298164, 41.862779 ], [ -92.298146, 41.867781 ], [ -92.298136, 41.870314 ], [ -92.298009, 41.884823 ], [ -92.298012, 41.891912 ], [ -92.298023, 41.898406 ], [ -92.298027, 41.898576 ], [ -92.298111, 41.906375 ], [ -92.297934, 41.909416 ], [ -92.298078, 41.920889 ], [ -92.297784, 41.935274 ], [ -92.29767, 41.942752 ], [ -92.297659, 41.946205 ], [ -92.297652, 41.94812 ], [ -92.297656, 41.949644 ], [ -92.297755, 41.964267 ], [ -92.297273, 41.971335 ], [ -92.297269, 41.978542 ], [ -92.297416, 41.985728 ], [ -92.297715, 41.992936 ], [ -92.297767, 42.002359 ], [ -92.297741, 42.007385 ], [ -92.298065, 42.01533 ], [ -92.298131, 42.021812 ], [ -92.298165, 42.025815 ], [ -92.298484, 42.0362 ], [ -92.298696, 42.043366 ], [ -92.298588, 42.050508 ], [ -92.298837, 42.065112 ], [ -92.298892, 42.068225 ], [ -92.298968, 42.072359 ], [ -92.29913, 42.079501 ], [ -92.299138, 42.079819 ], [ -92.299269, 42.090241 ], [ -92.29916, 42.094027 ], [ -92.298934, 42.102057 ], [ -92.29902, 42.108538 ], [ -92.299118, 42.12327 ], [ -92.299152, 42.137796 ], [ -92.299257, 42.152253 ], [ -92.299324, 42.163123 ], [ -92.299305, 42.165082 ], [ -92.299273, 42.166766 ], [ -92.299252, 42.167976 ], [ -92.29925, 42.168065 ], [ -92.299248, 42.168208 ], [ -92.299245, 42.168332 ], [ -92.299244, 42.168422 ], [ -92.299219, 42.170457 ], [ -92.299204, 42.171722 ], [ -92.29919, 42.172584 ], [ -92.299152, 42.181236 ], [ -92.299039, 42.195685 ], [ -92.298845, 42.210769 ], [ -92.298898, 42.225248 ], [ -92.298857, 42.243341 ], [ -92.298836, 42.246927 ], [ -92.298863, 42.251638 ], [ -92.298851, 42.254148 ], [ -92.298816, 42.257413 ], [ -92.298699, 42.268668 ], [ -92.298745, 42.290405 ], [ -92.298792, 42.297527 ], [ -92.318321, 42.297492 ], [ -92.319384, 42.297441 ], [ -92.33793, 42.297407 ], [ -92.347687, 42.297385 ], [ -92.357476, 42.297362 ], [ -92.377061, 42.297358 ], [ -92.396621, 42.297332 ], [ -92.416949, 42.297284 ], [ -92.436408, 42.297245 ], [ -92.440552, 42.297235 ], [ -92.455717, 42.297215 ], [ -92.460473, 42.297202 ], [ -92.465533, 42.297193 ], [ -92.475242, 42.297162 ], [ -92.494669, 42.29714 ], [ -92.514065, 42.297175 ], [ -92.523414, 42.29719 ], [ -92.53351, 42.297001 ], [ -92.55293, 42.296942 ], [ -92.5723, 42.296881 ], [ -92.575973, 42.296896 ], [ -92.591713, 42.296912 ], [ -92.611113, 42.296883 ], [ -92.630501, 42.296854 ], [ -92.650935, 42.296885 ], [ -92.67041, 42.296895 ], [ -92.680136, 42.296831 ], [ -92.689547, 42.296862 ], [ -92.709219, 42.296807 ], [ -92.728612, 42.296807 ], [ -92.757665, 42.296695 ], [ -92.76809, 42.29668 ], [ -92.767969, 42.282426 ], [ -92.767964, 42.280338 ], [ -92.767952, 42.278819 ], [ -92.767924, 42.275255 ], [ -92.767867, 42.268003 ], [ -92.767754, 42.25356 ], [ -92.767572, 42.244316 ], [ -92.767552, 42.239148 ], [ -92.767483, 42.224668 ], [ -92.767446, 42.218821 ], [ -92.767475, 42.21202 ], [ -92.767463, 42.21014 ], [ -92.777204, 42.210064 ], [ -92.786844, 42.210035 ], [ -92.801346, 42.209989 ], [ -92.804392, 42.210033 ], [ -92.806632, 42.210111 ], [ -92.825664, 42.210124 ], [ -92.835168, 42.210089 ], [ -92.845061, 42.210052 ], [ -92.854874, 42.210062 ], [ -92.864472, 42.210078 ], [ -92.869334, 42.21007 ], [ -92.874153, 42.210061 ], [ -92.884997, 42.210004 ], [ -92.904537, 42.209901 ], [ -92.923889, 42.209787 ], [ -92.933554, 42.209806 ], [ -92.943327, 42.209764 ], [ -92.953072, 42.209709 ], [ -92.961857, 42.209653 ], [ -92.962716, 42.209646 ], [ -92.982055, 42.209533 ], [ -93.001674, 42.209267 ], [ -93.002628, 42.209266 ], [ -93.010296, 42.209179 ], [ -93.0162, 42.209173 ], [ -93.019809, 42.209229 ], [ -93.02945, 42.209267 ], [ -93.033377, 42.209262 ], [ -93.044575, 42.209246 ], [ -93.059915, 42.208984 ], [ -93.06964, 42.209036 ], [ -93.098813, 42.208777 ], [ -93.101561, 42.208767 ], [ -93.106777, 42.208763 ], [ -93.117879, 42.208733 ], [ -93.122754, 42.208702 ], [ -93.132501, 42.208709 ], [ -93.151991, 42.208742 ], [ -93.166557, 42.208768 ], [ -93.195807, 42.208819 ], [ -93.215304, 42.208849 ], [ -93.231722, 42.208886 ], [ -93.231635, 42.202166 ], [ -93.231695, 42.194951 ], [ -93.231662, 42.190471 ], [ -93.231612, 42.180246 ], [ -93.231608, 42.178007 ], [ -93.23161, 42.16582 ], [ -93.231663, 42.151333 ], [ -93.231587, 42.145037 ], [ -93.231649, 42.136826 ], [ -93.231564, 42.136641 ], [ -93.231546, 42.124237 ], [ -93.231539, 42.122381 ], [ -93.224265, 42.12237 ], [ -93.214525, 42.122345 ], [ -93.210408, 42.122323 ], [ -93.204839, 42.122291 ], [ -93.204913, 42.117616 ], [ -93.195159, 42.117642 ], [ -93.190291, 42.117592 ], [ -93.190253, 42.122276 ], [ -93.185278, 42.122249 ], [ -93.175643, 42.122209 ], [ -93.156205, 42.122175 ], [ -93.145575, 42.122003 ], [ -93.1319, 42.121975 ], [ -93.122959, 42.121944 ], [ -93.121482, 42.12194 ], [ -93.117311, 42.122087 ], [ -93.088197, 42.122238 ], [ -93.082591, 42.122302 ], [ -93.059074, 42.122391 ], [ -93.049469, 42.122383 ], [ -93.039723, 42.122294 ], [ -93.037266, 42.122304 ], [ -93.03268, 42.122322 ], [ -93.030825, 42.122339 ], [ -93.020265, 42.122466 ], [ -93.007952, 42.122533 ], [ -93.000837, 42.122586 ], [ -92.998296, 42.122612 ], [ -92.997018, 42.122695 ], [ -92.995916, 42.122596 ], [ -92.987268, 42.122701 ], [ -92.986088, 42.122715 ], [ -92.980253, 42.122772 ], [ -92.965031, 42.122925 ], [ -92.961785, 42.122873 ], [ -92.941811, 42.123097 ], [ -92.937541, 42.123132 ], [ -92.922991, 42.123234 ], [ -92.905179, 42.123341 ], [ -92.903639, 42.123337 ], [ -92.894954, 42.123276 ], [ -92.893939, 42.123293 ], [ -92.884167, 42.123312 ], [ -92.884122, 42.106911 ], [ -92.884108, 42.096388 ], [ -92.884083, 42.092513 ], [ -92.884085, 42.078098 ], [ -92.883976, 42.070862 ], [ -92.884103, 42.069016 ], [ -92.883082, 42.069275 ], [ -92.880431, 42.067665 ], [ -92.879451, 42.066005 ], [ -92.875594, 42.065937 ], [ -92.874897, 42.065062 ], [ -92.875465, 42.064188 ], [ -92.876934, 42.064289 ], [ -92.877322, 42.063681 ], [ -92.874675, 42.062845 ], [ -92.871697, 42.061273 ], [ -92.870491, 42.061848 ], [ -92.868433, 42.061818 ], [ -92.86838, 42.057442 ], [ -92.868371, 42.056562 ], [ -92.8709, 42.056538 ], [ -92.87266, 42.056525 ], [ -92.873223, 42.05652 ], [ -92.873112, 42.049328 ], [ -92.860434, 42.049402 ], [ -92.853848, 42.049433 ], [ -92.851597, 42.049458 ], [ -92.846132, 42.049432 ], [ -92.843941, 42.049445 ], [ -92.843874, 42.047441 ], [ -92.843704, 42.042217 ], [ -92.838897, 42.042236 ], [ -92.838796, 42.038613 ], [ -92.834029, 42.038606 ], [ -92.833949, 42.035001 ], [ -92.843692, 42.034992 ], [ -92.85312, 42.034951 ], [ -92.85311, 42.03464 ], [ -92.852863, 42.028933 ], [ -92.86313, 42.034849 ], [ -92.863562, 42.034901 ], [ -92.877261, 42.034832 ], [ -92.877022, 42.028382 ], [ -92.87732, 42.020852 ], [ -92.877341, 42.020076 ], [ -92.877492, 42.013976 ], [ -92.877477, 42.01241 ], [ -92.877426, 42.006931 ], [ -92.877424, 42.006802 ], [ -92.877059, 42.0068 ], [ -92.877119, 42.004622 ], [ -92.877114, 42.00425 ], [ -92.877218, 41.999685 ], [ -92.883064, 41.999811 ], [ -92.883623, 41.999884 ], [ -92.893152, 41.999695 ], [ -92.898063, 41.99974 ], [ -92.898142, 41.996138 ], [ -92.903002, 41.996181 ], [ -92.907807, 41.996134 ], [ -92.907826, 41.993203 ], [ -92.910471, 41.993137 ], [ -92.910478, 41.994045 ], [ -92.912461, 41.994013 ], [ -92.912464, 41.994766 ], [ -92.910027, 41.994788 ], [ -92.910039, 41.996115 ], [ -92.912472, 41.996093 ], [ -92.912473, 41.99698 ], [ -92.914902, 41.996971 ], [ -92.914949, 41.999682 ], [ -92.922275, 41.999678 ], [ -92.928717, 41.999823 ], [ -92.93173, 41.999896 ], [ -92.932058, 42.002363 ], [ -92.936514, 42.002489 ], [ -92.936525, 42.003087 ], [ -92.941255, 42.003011 ], [ -92.941265, 42.003288 ], [ -92.941278, 42.003538 ], [ -92.941452, 42.007508 ], [ -92.941393, 42.010776 ], [ -92.941372, 42.011053 ], [ -92.931744, 42.010762 ], [ -92.931712, 42.017721 ], [ -92.941106, 42.018053 ], [ -92.946463, 42.017934 ], [ -92.947063, 42.017934 ], [ -92.947267, 42.01215 ], [ -92.947301, 42.01089 ], [ -92.948428, 42.011794 ], [ -92.950861, 42.012822 ], [ -92.950793, 42.014405 ], [ -92.953961, 42.014338 ], [ -92.954651, 42.017845 ], [ -92.9539, 42.017851 ], [ -92.953158, 42.017856 ], [ -92.953131, 42.017085 ], [ -92.951118, 42.017883 ], [ -92.950673, 42.01789 ], [ -92.950606, 42.020203 ], [ -92.946868, 42.02024 ], [ -92.94592, 42.020664 ], [ -92.945917, 42.021015 ], [ -92.945917, 42.028653 ], [ -92.946762, 42.028664 ], [ -92.948086, 42.028675 ], [ -92.960723, 42.028729 ], [ -92.970234, 42.028777 ], [ -92.970279, 42.030217 ], [ -92.970343, 42.032404 ], [ -92.967427, 42.032306 ], [ -92.961967, 42.032477 ], [ -92.960794, 42.033235 ], [ -92.960785, 42.034412 ], [ -92.99993, 42.034266 ], [ -93.005711, 42.034213 ], [ -93.019469, 42.03435 ], [ -93.022821, 42.034315 ], [ -93.029127, 42.034303 ], [ -93.03862, 42.034298 ], [ -93.057928, 42.034252 ], [ -93.070646, 42.034263 ], [ -93.087386, 42.034152 ], [ -93.096592, 42.034073 ], [ -93.116823, 42.033924 ], [ -93.136277, 42.033963 ], [ -93.145564, 42.033997 ], [ -93.160237, 42.033945 ], [ -93.16539, 42.033956 ], [ -93.18787, 42.033988 ], [ -93.194546, 42.034114 ], [ -93.213624, 42.034144 ], [ -93.213904, 42.034142 ], [ -93.231686, 42.034212 ], [ -93.231748, 42.022364 ], [ -93.23175, 42.018789 ], [ -93.231749, 42.008004 ], [ -93.23175, 42.007828 ], [ -93.231766, 41.993393 ], [ -93.231733, 41.978903 ], [ -93.231762, 41.975299 ], [ -93.231762, 41.971637 ], [ -93.231758, 41.967197 ], [ -93.231753, 41.964428 ], [ -93.231718, 41.949961 ], [ -93.231803, 41.937319 ], [ -93.231765, 41.931414 ], [ -93.231763, 41.927732 ], [ -93.231803, 41.916903 ], [ -93.231867, 41.913331 ], [ -93.231587, 41.904717 ], [ -93.231443, 41.896786 ], [ -93.231685, 41.888059 ], [ -93.231972, 41.874988 ], [ -93.231814, 41.870017 ], [ -93.23184, 41.866387 ], [ -93.231847, 41.864445 ], [ -93.23185, 41.863735 ], [ -93.231854, 41.863297 ], [ -93.231858, 41.862711 ], [ -93.23268, 41.862716 ], [ -93.233233, 41.86276 ], [ -93.234168, 41.862791 ], [ -93.244094, 41.862816 ], [ -93.250968, 41.862667 ], [ -93.251339, 41.862664 ], [ -93.254458, 41.8628 ], [ -93.254996, 41.862804 ], [ -93.270437, 41.86288 ], [ -93.285809, 41.86292 ], [ -93.289803, 41.86297 ], [ -93.290995, 41.863056 ], [ -93.309218, 41.862994 ], [ -93.32855, 41.863064 ], [ -93.334611, 41.863081 ], [ -93.347933, 41.863104 ], [ -93.348008, 41.848933 ], [ -93.348056, 41.838077 ], [ -93.348064, 41.83508 ], [ -93.348064, 41.834764 ], [ -93.347996, 41.829988 ], [ -93.347975, 41.828879 ], [ -93.347975, 41.826822 ], [ -93.348098, 41.820003 ], [ -93.348151, 41.805577 ], [ -93.348121, 41.791128 ], [ -93.348019, 41.783834 ], [ -93.348022, 41.783544 ], [ -93.348145, 41.776636 ], [ -93.328698, 41.776666 ], [ -93.304525, 41.776647 ], [ -93.280478, 41.776585 ], [ -93.277954, 41.776616 ], [ -93.270659, 41.776623 ], [ -93.267161, 41.776618 ], [ -93.261121, 41.776619 ], [ -93.251309, 41.776645 ], [ -93.241614, 41.776596 ], [ -93.231947, 41.77659 ], [ -93.223329, 41.776621 ], [ -93.222405, 41.776622 ], [ -93.207254, 41.776611 ], [ -93.2058, 41.776603 ], [ -93.204373, 41.776604 ], [ -93.204117, 41.776603 ], [ -93.198842, 41.7766 ], [ -93.193458, 41.776609 ], [ -93.192445, 41.776524 ], [ -93.188544, 41.776644 ], [ -93.174159, 41.776646 ], [ -93.162379, 41.776634 ], [ -93.145248, 41.776555 ], [ -93.137062, 41.776547 ], [ -93.130741, 41.77656 ], [ -93.119325, 41.776509 ], [ -93.116217, 41.776494 ], [ -93.10659, 41.776496 ], [ -93.096895, 41.776499 ], [ -93.093055, 41.77649 ], [ -93.077504, 41.776493 ], [ -93.075615, 41.776488 ], [ -93.058184, 41.776453 ], [ -93.048549, 41.776491 ], [ -93.038716, 41.776536 ], [ -93.015626, 41.776583 ], [ -93.014367, 41.776574 ], [ -93.005851, 41.776609 ], [ -92.99994, 41.776444 ], [ -92.999907, 41.775797 ], [ -92.999943, 41.773899 ], [ -92.999953, 41.771251 ], [ -92.99993, 41.761001 ], [ -92.999877, 41.74637 ], [ -92.999915, 41.737354 ], [ -92.999925, 41.735452 ], [ -93.000021, 41.73071 ], [ -92.999859, 41.728455 ], [ -92.999963, 41.717299 ], [ -92.999957, 41.702766 ], [ -92.999834, 41.70212 ], [ -92.999762, 41.701805 ], [ -92.999878, 41.695291 ], [ -92.999919, 41.692642 ], [ -92.999994, 41.688294 ], [ -92.98778, 41.688198 ], [ -92.98027, 41.68836 ], [ -92.974094, 41.688277 ], [ -92.960941, 41.68825 ], [ -92.941652, 41.688193 ], [ -92.922279, 41.688168 ], [ -92.918947, 41.688158 ], [ -92.902914, 41.688148 ], [ -92.883581, 41.688087 ], [ -92.88313, 41.687955 ], [ -92.879911, 41.687896 ], [ -92.879294, 41.687885 ], [ -92.876471, 41.687809 ], [ -92.87553, 41.688115 ], [ -92.862823, 41.68808 ], [ -92.85957, 41.688078 ], [ -92.848644, 41.688099 ], [ -92.844886, 41.688063 ], [ -92.833959, 41.688134 ], [ -92.828276, 41.688122 ], [ -92.824375, 41.688137 ], [ -92.818397, 41.688108 ], [ -92.805056, 41.688096 ], [ -92.795096, 41.688111 ], [ -92.785279, 41.68815 ], [ -92.779179, 41.688102 ], [ -92.766433, 41.688122 ], [ -92.766393, 41.695316 ], [ -92.766363, 41.695549 ], [ -92.766406, 41.705042 ], [ -92.766386, 41.717204 ], [ -92.766365, 41.720551 ], [ -92.766671, 41.721937 ], [ -92.766335, 41.726516 ], [ -92.766294, 41.73632 ], [ -92.766276, 41.750152 ], [ -92.766184, 41.753488 ], [ -92.766135, 41.775997 ], [ -92.766007, 41.783383 ], [ -92.766027, 41.790519 ], [ -92.76615, 41.799395 ], [ -92.7661, 41.805152 ], [ -92.766129, 41.80887 ], [ -92.766269, 41.812196 ], [ -92.766032, 41.819534 ], [ -92.765994, 41.831957 ], [ -92.765916, 41.834036 ], [ -92.76602, 41.841325 ], [ -92.766174, 41.84856 ], [ -92.766488, 41.855771 ], [ -92.765999, 41.862373 ] ] ] ] } },
{ "type": "Feature", "properties": { "id": 21, "NAME": "21", "TotalPop": 32836, "PopDevPct": 0.02922264, "DemPct": 0.57437648, "RepPct": 0.40257285, "WhitePct": 0.81852509, "MinorityPct": 0.18147491, "BlackPct": 0.03134086, "HispanicPct": 0.04013896, "PacificPct": 0.02182532, "AsianPct": 0.09111505, "NativePct": 0.0121965, "TotalVAP": 26483, "Margin": 0.17180363, "color": "#2020ff", "opacity": "0.5", "DemPct2": 0.58655237, "RepPct2": 0.38767817, "Margin2": 0.1988742, "Swing": -0.02707057, "R_Margin": 0.3000868468, "R_Margin2": 0.2763273869, "R_Swing": 0.0237594599, "Majority": "White" }, "geometry": { "type": "MultiPolygon", "coordinates": [ [ [ [ -93.620408, 42.034557 ], [ -93.620412, 42.037059 ], [ -93.61851, 42.037032 ], [ -93.617131, 42.037016 ], [ -93.615561, 42.03704 ], [ -93.613966, 42.037001 ], [ -93.612314, 42.037014 ], [ -93.610697, 42.03702 ], [ -93.610685, 42.035706 ], [ -93.608977, 42.035712 ], [ -93.608978, 42.034543 ], [ -93.607873, 42.034541 ], [ -93.606821, 42.034542 ], [ -93.605864, 42.034538 ], [ -93.603779, 42.034543 ], [ -93.60091, 42.034555 ], [ -93.595981, 42.034476 ], [ -93.594422, 42.034435 ], [ -93.593639, 42.034411 ], [ -93.589149, 42.034473 ], [ -93.589061, 42.0361 ], [ -93.586408, 42.03609 ], [ -93.586392, 42.041729 ], [ -93.581524, 42.041694 ], [ -93.581518, 42.04808 ], [ -93.585094, 42.048123 ], [ -93.585084, 42.049055 ], [ -93.581517, 42.049023 ], [ -93.581485, 42.054225 ], [ -93.570315, 42.054093 ], [ -93.570348, 42.041739 ], [ -93.569863, 42.041747 ], [ -93.569578, 42.041749 ], [ -93.564269, 42.041785 ], [ -93.560519, 42.041811 ], [ -93.560547, 42.034595 ], [ -93.556052, 42.034623 ], [ -93.555809, 42.034624 ], [ -93.5551, 42.034628 ], [ -93.554431, 42.034632 ], [ -93.541032, 42.034683 ], [ -93.536329, 42.034693 ], [ -93.531391, 42.034706 ], [ -93.52172, 42.034708 ], [ -93.511856, 42.034698 ], [ -93.501983, 42.034679 ], [ -93.482422, 42.034635 ], [ -93.473634, 42.034509 ], [ -93.470694, 42.034506 ], [ -93.462755, 42.034578 ], [ -93.462745, 42.041812 ], [ -93.462714, 42.049062 ], [ -93.462663, 42.056762 ], [ -93.462622, 42.063536 ], [ -93.462618, 42.078036 ], [ -93.462644, 42.085153 ], [ -93.462687, 42.092498 ], [ -93.462851, 42.106993 ], [ -93.462935, 42.114243 ], [ -93.463009, 42.123161 ], [ -93.463007, 42.13764 ], [ -93.462969, 42.152128 ], [ -93.462973, 42.166626 ], [ -93.462966, 42.181115 ], [ -93.462943, 42.188326 ], [ -93.463024, 42.195584 ], [ -93.463043, 42.209302 ], [ -93.467327, 42.209304 ], [ -93.482482, 42.209303 ], [ -93.501959, 42.209281 ], [ -93.507528, 42.209274 ], [ -93.515879, 42.209268 ], [ -93.521367, 42.209243 ], [ -93.540815, 42.209272 ], [ -93.56026, 42.2093 ], [ -93.569843, 42.209271 ], [ -93.57061, 42.209146 ], [ -93.570896, 42.209184 ], [ -93.572669, 42.209257 ], [ -93.574238, 42.209176 ], [ -93.581299, 42.20918 ], [ -93.591016, 42.209234 ], [ -93.600796, 42.209256 ], [ -93.620188, 42.209321 ], [ -93.639647, 42.209397 ], [ -93.659069, 42.209331 ], [ -93.665255, 42.209342 ], [ -93.678487, 42.209356 ], [ -93.69839, 42.209339 ], [ -93.698403, 42.195418 ], [ -93.698575, 42.180983 ], [ -93.698571, 42.166541 ], [ -93.698579, 42.162132 ], [ -93.698569, 42.159496 ], [ -93.698592, 42.152084 ], [ -93.698603, 42.137622 ], [ -93.698654, 42.123125 ], [ -93.698701, 42.106979 ], [ -93.698663, 42.099937 ], [ -93.69866, 42.092472 ], [ -93.698625, 42.084934 ], [ -93.69864, 42.082717 ], [ -93.698653, 42.07798 ], [ -93.698657, 42.070737 ], [ -93.698705, 42.056211 ], [ -93.698694, 42.053442 ], [ -93.698698, 42.049003 ], [ -93.698703, 42.046791 ], [ -93.698713, 42.041781 ], [ -93.698759, 42.039384 ], [ -93.698752, 42.037787 ], [ -93.698713, 42.03456 ], [ -93.697064, 42.034559 ], [ -93.695987, 42.034548 ], [ -93.695994, 42.035504 ], [ -93.697048, 42.035511 ], [ -93.697066, 42.03737 ], [ -93.697079, 42.03893 ], [ -93.693182, 42.038647 ], [ -93.684177, 42.03752 ], [ -93.684026, 42.034545 ], [ -93.683318, 42.034533 ], [ -93.682721, 42.034576 ], [ -93.681486, 42.034595 ], [ -93.680172, 42.034575 ], [ -93.679896, 42.034575 ], [ -93.678866, 42.034577 ], [ -93.678738, 42.034577 ], [ -93.678732, 42.032183 ], [ -93.676574, 42.03216 ], [ -93.675484, 42.03215 ], [ -93.674457, 42.03224 ], [ -93.671345, 42.032244 ], [ -93.672134, 42.030484 ], [ -93.669892, 42.03038 ], [ -93.669655, 42.032235 ], [ -93.669647, 42.033299 ], [ -93.669635, 42.034503 ], [ -93.665437, 42.034485 ], [ -93.663557, 42.034491 ], [ -93.662837, 42.034495 ], [ -93.662055, 42.034498 ], [ -93.660597, 42.034489 ], [ -93.659285, 42.03447 ], [ -93.655651, 42.034577 ], [ -93.654042, 42.035011 ], [ -93.65004, 42.035068 ], [ -93.64701, 42.035685 ], [ -93.644742, 42.035736 ], [ -93.644742, 42.035645 ], [ -93.644724, 42.033955 ], [ -93.644724, 42.033831 ], [ -93.644728, 42.032288 ], [ -93.64465, 42.030574 ], [ -93.641525, 42.030519 ], [ -93.63881, 42.029972 ], [ -93.635467, 42.028863 ], [ -93.633634, 42.02765 ], [ -93.633387, 42.025064 ], [ -93.633409, 42.022822 ], [ -93.633237, 42.022821 ], [ -93.630711, 42.022839 ], [ -93.629823, 42.022849 ], [ -93.629576, 42.022851 ], [ -93.628337, 42.022863 ], [ -93.626796, 42.022872 ], [ -93.625218, 42.022875 ], [ -93.623793, 42.022876 ], [ -93.623643, 42.022875 ], [ -93.622087, 42.022907 ], [ -93.620318, 42.022889 ], [ -93.62012, 42.022888 ], [ -93.620181, 42.024512 ], [ -93.620205, 42.025026 ], [ -93.620206, 42.025814 ], [ -93.620194, 42.02623 ], [ -93.620122, 42.026561 ], [ -93.620134, 42.026826 ], [ -93.620214, 42.02784 ], [ -93.620249, 42.028836 ], [ -93.620288, 42.030193 ], [ -93.620315, 42.031274 ], [ -93.620332, 42.032143 ], [ -93.620356, 42.033265 ], [ -93.620408, 42.034557 ] ] ] ] } },
{ "type": "Feature", "properties": { "id": 22, "NAME": "22", "TotalPop": 31229, "PopDevPct": -0.02114771, "DemPct": 0.46337057, "RepPct": 0.51790407, "WhitePct": 0.68709747, "MinorityPct": 0.31290253, "BlackPct": 0.02766371, "HispanicPct": 0.22368705, "PacificPct": 0.00125351, "AsianPct": 0.04417549, "NativePct": 0.02135293, "TotalVAP": 23135, "Margin": -0.0545335, "color": "#ff9797", "opacity": "0.5", "DemPct2": 0.49687572, "RepPct2": 0.48167862, "Margin2": 0.0151971, "Swing": -0.0697306, "R_Margin": 0.0737497168, "R_Margin2": 0.0926502869, "R_Swing": -0.0189005701000001, "Majority": "White" }, "geometry": { "type": "MultiPolygon", "coordinates": [ [ [ [ -92.960794, 42.033235 ], [ -92.961967, 42.032477 ], [ -92.967427, 42.032306 ], [ -92.970343, 42.032404 ], [ -92.970279, 42.030217 ], [ -92.970234, 42.028777 ], [ -92.960723, 42.028729 ], [ -92.948086, 42.028675 ], [ -92.946762, 42.028664 ], [ -92.945917, 42.028653 ], [ -92.945917, 42.021015 ], [ -92.94592, 42.020664 ], [ -92.946868, 42.02024 ], [ -92.950606, 42.020203 ], [ -92.950673, 42.01789 ], [ -92.951118, 42.017883 ], [ -92.953131, 42.017085 ], [ -92.953158, 42.017856 ], [ -92.9539, 42.017851 ], [ -92.954651, 42.017845 ], [ -92.953961, 42.014338 ], [ -92.950793, 42.014405 ], [ -92.950861, 42.012822 ], [ -92.948428, 42.011794 ], [ -92.947301, 42.01089 ], [ -92.947267, 42.01215 ], [ -92.947063, 42.017934 ], [ -92.946463, 42.017934 ], [ -92.941106, 42.018053 ], [ -92.931712, 42.017721 ], [ -92.931744, 42.010762 ], [ -92.941372, 42.011053 ], [ -92.941393, 42.010776 ], [ -92.941452, 42.007508 ], [ -92.941278, 42.003538 ], [ -92.941265, 42.003288 ], [ -92.941255, 42.003011 ], [ -92.936525, 42.003087 ], [ -92.936514, 42.002489 ], [ -92.932058, 42.002363 ], [ -92.93173, 41.999896 ], [ -92.928717, 41.999823 ], [ -92.922275, 41.999678 ], [ -92.914949, 41.999682 ], [ -92.914902, 41.996971 ], [ -92.912473, 41.99698 ], [ -92.912472, 41.996093 ], [ -92.910039, 41.996115 ], [ -92.910027, 41.994788 ], [ -92.912464, 41.994766 ], [ -92.912461, 41.994013 ], [ -92.910478, 41.994045 ], [ -92.910471, 41.993137 ], [ -92.907826, 41.993203 ], [ -92.907807, 41.996134 ], [ -92.903002, 41.996181 ], [ -92.898142, 41.996138 ], [ -92.898063, 41.99974 ], [ -92.893152, 41.999695 ], [ -92.883623, 41.999884 ], [ -92.883064, 41.999811 ], [ -92.877218, 41.999685 ], [ -92.877114, 42.00425 ], [ -92.877119, 42.004622 ], [ -92.877059, 42.0068 ], [ -92.877424, 42.006802 ], [ -92.877426, 42.006931 ], [ -92.877477, 42.01241 ], [ -92.877492, 42.013976 ], [ -92.877341, 42.020076 ], [ -92.87732, 42.020852 ], [ -92.877022, 42.028382 ], [ -92.877261, 42.034832 ], [ -92.863562, 42.034901 ], [ -92.86313, 42.034849 ], [ -92.852863, 42.028933 ], [ -92.85311, 42.03464 ], [ -92.85312, 42.034951 ], [ -92.843692, 42.034992 ], [ -92.833949, 42.035001 ], [ -92.834029, 42.038606 ], [ -92.838796, 42.038613 ], [ -92.838897, 42.042236 ], [ -92.843704, 42.042217 ], [ -92.843874, 42.047441 ], [ -92.843941, 42.049445 ], [ -92.846132, 42.049432 ], [ -92.851597, 42.049458 ], [ -92.853848, 42.049433 ], [ -92.860434, 42.049402 ], [ -92.873112, 42.049328 ], [ -92.873223, 42.05652 ], [ -92.87266, 42.056525 ], [ -92.8709, 42.056538 ], [ -92.868371, 42.056562 ], [ -92.86838, 42.057442 ], [ -92.868433, 42.061818 ], [ -92.870491, 42.061848 ], [ -92.871697, 42.061273 ], [ -92.874675, 42.062845 ], [ -92.877322, 42.063681 ], [ -92.876934, 42.064289 ], [ -92.875465, 42.064188 ], [ -92.874897, 42.065062 ], [ -92.875594, 42.065937 ], [ -92.879451, 42.066005 ], [ -92.880431, 42.067665 ], [ -92.883082, 42.069275 ], [ -92.884103, 42.069016 ], [ -92.883976, 42.070862 ], [ -92.884085, 42.078098 ], [ -92.884083, 42.092513 ], [ -92.884108, 42.096388 ], [ -92.884122, 42.106911 ], [ -92.884167, 42.123312 ], [ -92.893939, 42.123293 ], [ -92.894954, 42.123276 ], [ -92.903639, 42.123337 ], [ -92.905179, 42.123341 ], [ -92.922991, 42.123234 ], [ -92.937541, 42.123132 ], [ -92.941811, 42.123097 ], [ -92.961785, 42.122873 ], [ -92.965031, 42.122925 ], [ -92.980253, 42.122772 ], [ -92.986088, 42.122715 ], [ -92.987268, 42.122701 ], [ -92.995916, 42.122596 ], [ -92.997018, 42.122695 ], [ -92.998296, 42.122612 ], [ -93.000837, 42.122586 ], [ -93.007952, 42.122533 ], [ -93.020265, 42.122466 ], [ -93.030825, 42.122339 ], [ -93.03268, 42.122322 ], [ -93.037266, 42.122304 ], [ -93.039723, 42.122294 ], [ -93.049469, 42.122383 ], [ -93.059074, 42.122391 ], [ -93.082591, 42.122302 ], [ -93.088197, 42.122238 ], [ -93.117311, 42.122087 ], [ -93.121482, 42.12194 ], [ -93.122959, 42.121944 ], [ -93.1319, 42.121975 ], [ -93.145575, 42.122003 ], [ -93.156205, 42.122175 ], [ -93.175643, 42.122209 ], [ -93.185278, 42.122249 ], [ -93.190253, 42.122276 ], [ -93.190291, 42.117592 ], [ -93.195159, 42.117642 ], [ -93.204913, 42.117616 ], [ -93.204839, 42.122291 ], [ -93.210408, 42.122323 ], [ -93.214525, 42.122345 ], [ -93.224265, 42.12237 ], [ -93.231539, 42.122381 ], [ -93.231546, 42.124237 ], [ -93.231564, 42.136641 ], [ -93.231649, 42.136826 ], [ -93.231587, 42.145037 ], [ -93.231663, 42.151333 ], [ -93.23161, 42.16582 ], [ -93.231608, 42.178007 ], [ -93.231612, 42.180246 ], [ -93.231662, 42.190471 ], [ -93.231695, 42.194951 ], [ -93.231635, 42.202166 ], [ -93.231722, 42.208886 ], [ -93.232012, 42.209009 ], [ -93.241431, 42.209032 ], [ -93.246115, 42.209012 ], [ -93.251205, 42.209002 ], [ -93.256035, 42.209027 ], [ -93.25936, 42.20902 ], [ -93.265794, 42.209032 ], [ -93.27551, 42.209059 ], [ -93.290154, 42.20908 ], [ -93.309653, 42.209153 ], [ -93.329119, 42.209182 ], [ -93.338858, 42.209197 ], [ -93.346614, 42.209229 ], [ -93.366103, 42.209307 ], [ -93.378189, 42.209167 ], [ -93.385557, 42.209274 ], [ -93.39541, 42.209286 ], [ -93.405035, 42.209253 ], [ -93.424496, 42.209283 ], [ -93.434226, 42.209226 ], [ -93.441664, 42.209166 ], [ -93.443945, 42.209367 ], [ -93.453692, 42.209313 ], [ -93.463043, 42.209302 ], [ -93.463024, 42.195584 ], [ -93.462943, 42.188326 ], [ -93.462966, 42.181115 ], [ -93.462973, 42.166626 ], [ -93.462969, 42.152128 ], [ -93.463007, 42.13764 ], [ -93.463009, 42.123161 ], [ -93.462935, 42.114243 ], [ -93.462851, 42.106993 ], [ -93.462687, 42.092498 ], [ -93.462644, 42.085153 ], [ -93.462618, 42.078036 ], [ -93.462622, 42.063536 ], [ -93.462663, 42.056762 ], [ -93.462714, 42.049062 ], [ -93.462745, 42.041812 ], [ -93.462755, 42.034578 ], [ -93.453954, 42.034559 ], [ -93.444658, 42.034541 ], [ -93.434928, 42.034516 ], [ -93.425219, 42.034515 ], [ -93.405781, 42.034436 ], [ -93.394439, 42.034392 ], [ -93.386385, 42.03434 ], [ -93.374149, 42.034299 ], [ -93.366936, 42.034256 ], [ -93.362084, 42.034266 ], [ -93.357664, 42.034275 ], [ -93.347496, 42.034283 ], [ -93.328887, 42.034257 ], [ -93.313012, 42.034195 ], [ -93.309482, 42.034252 ], [ -93.308718, 42.03426 ], [ -93.270587, 42.034262 ], [ -93.251149, 42.034278 ], [ -93.231686, 42.034212 ], [ -93.213904, 42.034142 ], [ -93.213624, 42.034144 ], [ -93.194546, 42.034114 ], [ -93.18787, 42.033988 ], [ -93.16539, 42.033956 ], [ -93.160237, 42.033945 ], [ -93.145564, 42.033997 ], [ -93.136277, 42.033963 ], [ -93.116823, 42.033924 ], [ -93.096592, 42.034073 ], [ -93.087386, 42.034152 ], [ -93.070646, 42.034263 ], [ -93.057928, 42.034252 ], [ -93.03862, 42.034298 ], [ -93.029127, 42.034303 ], [ -93.022821, 42.034315 ], [ -93.019469, 42.03435 ], [ -93.005711, 42.034213 ], [ -92.99993, 42.034266 ], [ -92.960785, 42.034412 ], [ -92.960794, 42.033235 ] ] ] ] } },
{ "type": "Feature", "properties": { "id": 23, "NAME": "23", "TotalPop": 31733, "PopDevPct": -0.00535016, "DemPct": 0.46872649, "RepPct": 0.51142741, "WhitePct": 0.86015957, "MinorityPct": 0.13984043, "BlackPct": 0.02925416, "HispanicPct": 0.04175763, "PacificPct": 0.00051602, "AsianPct": 0.04469495, "NativePct": 0.0154408, "TotalVAP": 25193, "Margin": -0.04270092, "color": "#ffa7a7", "opacity": "0.5", "DemPct2": 0.48924762, "RepPct2": 0.47788988, "Margin2": 0.01135774, "Swing": -0.05405866, "R_Margin": 0.0855822968, "R_Margin2": 0.0888109269, "R_Swing": -0.0032286301, "Majority": "White" }, "geometry": { "type": "MultiPolygon", "coordinates": [ [ [ [ -93.347496, 42.034283 ], [ -93.357664, 42.034275 ], [ -93.362084, 42.034266 ], [ -93.366936, 42.034256 ], [ -93.374149, 42.034299 ], [ -93.386385, 42.03434 ], [ -93.394439, 42.034392 ], [ -93.405781, 42.034436 ], [ -93.425219, 42.034515 ], [ -93.434928, 42.034516 ], [ -93.444658, 42.034541 ], [ -93.453954, 42.034559 ], [ -93.462755, 42.034578 ], [ -93.470694, 42.034506 ], [ -93.473634, 42.034509 ], [ -93.482422, 42.034635 ], [ -93.501983, 42.034679 ], [ -93.511856, 42.034698 ], [ -93.52172, 42.034708 ], [ -93.531391, 42.034706 ], [ -93.536329, 42.034693 ], [ -93.541032, 42.034683 ], [ -93.554431, 42.034632 ], [ -93.5551, 42.034628 ], [ -93.555809, 42.034624 ], [ -93.556052, 42.034623 ], [ -93.560547, 42.034595 ], [ -93.560519, 42.041811 ], [ -93.564269, 42.041785 ], [ -93.569578, 42.041749 ], [ -93.569863, 42.041747 ], [ -93.570348, 42.041739 ], [ -93.570315, 42.054093 ], [ -93.581485, 42.054225 ], [ -93.581517, 42.049023 ], [ -93.585084, 42.049055 ], [ -93.585094, 42.048123 ], [ -93.581518, 42.04808 ], [ -93.581524, 42.041694 ], [ -93.586392, 42.041729 ], [ -93.586408, 42.03609 ], [ -93.589061, 42.0361 ], [ -93.589149, 42.034473 ], [ -93.593639, 42.034411 ], [ -93.594422, 42.034435 ], [ -93.595981, 42.034476 ], [ -93.60091, 42.034555 ], [ -93.603779, 42.034543 ], [ -93.605864, 42.034538 ], [ -93.606821, 42.034542 ], [ -93.60678, 42.033206 ], [ -93.606764, 42.032008 ], [ -93.606713, 42.030101 ], [ -93.607203, 42.030109 ], [ -93.607162, 42.028039 ], [ -93.607127, 42.027041 ], [ -93.608778, 42.027022 ], [ -93.608752, 42.026005 ], [ -93.610436, 42.025989 ], [ -93.610432, 42.025137 ], [ -93.61042, 42.024731 ], [ -93.610419, 42.024658 ], [ -93.610386, 42.02363 ], [ -93.610379, 42.023393 ], [ -93.61037, 42.022887 ], [ -93.61033, 42.021629 ], [ -93.61031, 42.020135 ], [ -93.61211, 42.020185 ], [ -93.613618, 42.020195 ], [ -93.615325, 42.020196 ], [ -93.616895, 42.020184 ], [ -93.619414, 42.019438 ], [ -93.620622, 42.019306 ], [ -93.620709, 42.019314 ], [ -93.620899, 42.019312 ], [ -93.62375, 42.019271 ], [ -93.625156, 42.019232 ], [ -93.62674, 42.019234 ], [ -93.62802, 42.018899 ], [ -93.629089, 42.017862 ], [ -93.630976, 42.016355 ], [ -93.632178, 42.01623 ], [ -93.632338, 42.016225 ], [ -93.632328, 42.015576 ], [ -93.632346, 42.014951 ], [ -93.63233, 42.014031 ], [ -93.63232, 42.0137 ], [ -93.632328, 42.013439 ], [ -93.632384, 42.013227 ], [ -93.632458, 42.013002 ], [ -93.63256, 42.012774 ], [ -93.63268, 42.012577 ], [ -93.632944, 42.012235 ], [ -93.633308, 42.01189 ], [ -93.633583, 42.011718 ], [ -93.633821, 42.011587 ], [ -93.633722, 42.011467 ], [ -93.6341, 42.011314 ], [ -93.636846, 42.010457 ], [ -93.637497, 42.010191 ], [ -93.638254, 42.009706 ], [ -93.638974, 42.008878 ], [ -93.639191, 42.008407 ], [ -93.639391, 42.008464 ], [ -93.640697, 42.00853 ], [ -93.640819, 42.008557 ], [ -93.641969, 42.009022 ], [ -93.642927, 42.009108 ], [ -93.644488, 42.008867 ], [ -93.645219, 42.009066 ], [ -93.645541, 42.009468 ], [ -93.64559, 42.009677 ], [ -93.64566, 42.010072 ], [ -93.645709, 42.01029 ], [ -93.645854, 42.010607 ], [ -93.645947, 42.010766 ], [ -93.646105, 42.010941 ], [ -93.64627, 42.011106 ], [ -93.646562, 42.011343 ], [ -93.646675, 42.01141 ], [ -93.646813, 42.011491 ], [ -93.647043, 42.011615 ], [ -93.647403, 42.011742 ], [ -93.647674, 42.011822 ], [ -93.647976, 42.011885 ], [ -93.648235, 42.011917 ], [ -93.64848, 42.011928 ], [ -93.648585, 42.011923 ], [ -93.648894, 42.011868 ], [ -93.649334, 42.011872 ], [ -93.651657, 42.011888 ], [ -93.658936, 42.011902 ], [ -93.666305, 42.011977 ], [ -93.668517, 42.012009 ], [ -93.671438, 42.012045 ], [ -93.671444, 42.011255 ], [ -93.670231, 42.011012 ], [ -93.670244, 42.008403 ], [ -93.672416, 42.008467 ], [ -93.673689, 42.008737 ], [ -93.675784, 42.008962 ], [ -93.676273, 42.012071 ], [ -93.678599, 42.012089 ], [ -93.678611, 42.008567 ], [ -93.678755, 42.008614 ], [ -93.698693, 42.014576 ], [ -93.69869, 42.014343 ], [ -93.698658, 42.008286 ], [ -93.698631, 42.005344 ], [ -93.69848, 41.993861 ], [ -93.698277, 41.979384 ], [ -93.698163, 41.964954 ], [ -93.698126, 41.961375 ], [ -93.698073, 41.950478 ], [ -93.698126, 41.936105 ], [ -93.698134, 41.921546 ], [ -93.698069, 41.906987 ], [ -93.698087, 41.892467 ], [ -93.698085, 41.888819 ], [ -93.698072, 41.883404 ], [ -93.698056, 41.877868 ], [ -93.698038, 41.870603 ], [ -93.698038, 41.870581 ], [ -93.698045, 41.866623 ], [ -93.698053, 41.866114 ], [ -93.698017, 41.865275 ], [ -93.69803, 41.86433 ], [ -93.698032, 41.86337 ], [ -93.69682, 41.863359 ], [ -93.696032, 41.863362 ], [ -93.694618, 41.863363 ], [ -93.693161, 41.863359 ], [ -93.692008, 41.863357 ], [ -93.688093, 41.863371 ], [ -93.678349, 41.863365 ], [ -93.658865, 41.863346 ], [ -93.639406, 41.8633 ], [ -93.629639, 41.863266 ], [ -93.619968, 41.863215 ], [ -93.600376, 41.863212 ], [ -93.580878, 41.863218 ], [ -93.571445, 41.863215 ], [ -93.571161, 41.863214 ], [ -93.570239, 41.863211 ], [ -93.560821, 41.863204 ], [ -93.546241, 41.863211 ], [ -93.531645, 41.863211 ], [ -93.526677, 41.863288 ], [ -93.51991, 41.863121 ], [ -93.507587, 41.862996 ], [ -93.50704, 41.862982 ], [ -93.498185, 41.863162 ], [ -93.492689, 41.863116 ], [ -93.4825, 41.863119 ], [ -93.473161, 41.863172 ], [ -93.463437, 41.863213 ], [ -93.444659, 41.863207 ], [ -93.425334, 41.863137 ], [ -93.406059, 41.863153 ], [ -93.395908, 41.863213 ], [ -93.387838, 41.863189 ], [ -93.382023, 41.863177 ], [ -93.367314, 41.863189 ], [ -93.347933, 41.863104 ], [ -93.334611, 41.863081 ], [ -93.32855, 41.863064 ], [ -93.309218, 41.862994 ], [ -93.290995, 41.863056 ], [ -93.289803, 41.86297 ], [ -93.285809, 41.86292 ], [ -93.270437, 41.86288 ], [ -93.254996, 41.862804 ], [ -93.254458, 41.8628 ], [ -93.251339, 41.862664 ], [ -93.250968, 41.862667 ], [ -93.244094, 41.862816 ], [ -93.234168, 41.862791 ], [ -93.233233, 41.86276 ], [ -93.23268, 41.862716 ], [ -93.231858, 41.862711 ], [ -93.231854, 41.863297 ], [ -93.23185, 41.863735 ], [ -93.231847, 41.864445 ], [ -93.23184, 41.866387 ], [ -93.231814, 41.870017 ], [ -93.231972, 41.874988 ], [ -93.231685, 41.888059 ], [ -93.231443, 41.896786 ], [ -93.231587, 41.904717 ], [ -93.231867, 41.913331 ], [ -93.231803, 41.916903 ], [ -93.231763, 41.927732 ], [ -93.231765, 41.931414 ], [ -93.231803, 41.937319 ], [ -93.231718, 41.949961 ], [ -93.231753, 41.964428 ], [ -93.231758, 41.967197 ], [ -93.231762, 41.971637 ], [ -93.231762, 41.975299 ], [ -93.231733, 41.978903 ], [ -93.231766, 41.993393 ], [ -93.23175, 42.007828 ], [ -93.231749, 42.008004 ], [ -93.23175, 42.018789 ], [ -93.231748, 42.022364 ], [ -93.231686, 42.034212 ], [ -93.251149, 42.034278 ], [ -93.270587, 42.034262 ], [ -93.308718, 42.03426 ], [ -93.309482, 42.034252 ], [ -93.313012, 42.034195 ], [ -93.328887, 42.034257 ], [ -93.347496, 42.034283 ] ] ] ] } },
{ "type": "Feature", "properties": { "id": 24, "NAME": "24", "TotalPop": 32114, "PopDevPct": 0.00659203, "DemPct": 0.60892842, "RepPct": 0.36685611, "WhitePct": 0.78029336, "MinorityPct": 0.21970664, "BlackPct": 0.04317515, "HispanicPct": 0.06260569, "PacificPct": 0.0245384, "AsianPct": 0.10194996, "NativePct": 0.01018119, "TotalVAP": 28975, "Margin": 0.24207231, "color": "#00008b", "opacity": "0.5", "DemPct2": 0.682028, "RepPct2": 0.28505486, "Margin2": 0.39697314, "Swing": -0.15490083, "R_Margin": 0.3703555268, "R_Margin2": 0.4744263269, "R_Swing": -0.1040708001, "Majority": "White" }, "geometry": { "type": "MultiPolygon", "coordinates": [ [ [ [ -93.62012, 42.022888 ], [ -93.620318, 42.022889 ], [ -93.622087, 42.022907 ], [ -93.623643, 42.022875 ], [ -93.623793, 42.022876 ], [ -93.625218, 42.022875 ], [ -93.626796, 42.022872 ], [ -93.628337, 42.022863 ], [ -93.629576, 42.022851 ], [ -93.629823, 42.022849 ], [ -93.630711, 42.022839 ], [ -93.633237, 42.022821 ], [ -93.633409, 42.022822 ], [ -93.633387, 42.025064 ], [ -93.633634, 42.02765 ], [ -93.635467, 42.028863 ], [ -93.63881, 42.029972 ], [ -93.641525, 42.030519 ], [ -93.64465, 42.030574 ], [ -93.644728, 42.032288 ], [ -93.644724, 42.033831 ], [ -93.644724, 42.033955 ], [ -93.644742, 42.035645 ], [ -93.644742, 42.035736 ], [ -93.64701, 42.035685 ], [ -93.65004, 42.035068 ], [ -93.654042, 42.035011 ], [ -93.655651, 42.034577 ], [ -93.659285, 42.03447 ], [ -93.660597, 42.034489 ], [ -93.662055, 42.034498 ], [ -93.662837, 42.034495 ], [ -93.663557, 42.034491 ], [ -93.665437, 42.034485 ], [ -93.669635, 42.034503 ], [ -93.669647, 42.033299 ], [ -93.669655, 42.032235 ], [ -93.669892, 42.03038 ], [ -93.672134, 42.030484 ], [ -93.671345, 42.032244 ], [ -93.674457, 42.03224 ], [ -93.675484, 42.03215 ], [ -93.676574, 42.03216 ], [ -93.678732, 42.032183 ], [ -93.678738, 42.034577 ], [ -93.678866, 42.034577 ], [ -93.679896, 42.034575 ], [ -93.680172, 42.034575 ], [ -93.681486, 42.034595 ], [ -93.682721, 42.034576 ], [ -93.683318, 42.034533 ], [ -93.684026, 42.034545 ], [ -93.684177, 42.03752 ], [ -93.693182, 42.038647 ], [ -93.697079, 42.03893 ], [ -93.697066, 42.03737 ], [ -93.697048, 42.035511 ], [ -93.695994, 42.035504 ], [ -93.695987, 42.034548 ], [ -93.697064, 42.034559 ], [ -93.698713, 42.03456 ], [ -93.698728, 42.028771 ], [ -93.698734, 42.026354 ], [ -93.698745, 42.022767 ], [ -93.698712, 42.015503 ], [ -93.698693, 42.014576 ], [ -93.678755, 42.008614 ], [ -93.678611, 42.008567 ], [ -93.678599, 42.012089 ], [ -93.676273, 42.012071 ], [ -93.675784, 42.008962 ], [ -93.673689, 42.008737 ], [ -93.672416, 42.008467 ], [ -93.670244, 42.008403 ], [ -93.670231, 42.011012 ], [ -93.671444, 42.011255 ], [ -93.671438, 42.012045 ], [ -93.668517, 42.012009 ], [ -93.666305, 42.011977 ], [ -93.658936, 42.011902 ], [ -93.651657, 42.011888 ], [ -93.649334, 42.011872 ], [ -93.648894, 42.011868 ], [ -93.648585, 42.011923 ], [ -93.64848, 42.011928 ], [ -93.648235, 42.011917 ], [ -93.647976, 42.011885 ], [ -93.647674, 42.011822 ], [ -93.647403, 42.011742 ], [ -93.647043, 42.011615 ], [ -93.646813, 42.011491 ], [ -93.646675, 42.01141 ], [ -93.646562, 42.011343 ], [ -93.64627, 42.011106 ], [ -93.646105, 42.010941 ], [ -93.645947, 42.010766 ], [ -93.645854, 42.010607 ], [ -93.645709, 42.01029 ], [ -93.64566, 42.010072 ], [ -93.64559, 42.009677 ], [ -93.645541, 42.009468 ], [ -93.645219, 42.009066 ], [ -93.644488, 42.008867 ], [ -93.642927, 42.009108 ], [ -93.641969, 42.009022 ], [ -93.640819, 42.008557 ], [ -93.640697, 42.00853 ], [ -93.639391, 42.008464 ], [ -93.639191, 42.008407 ], [ -93.638974, 42.008878 ], [ -93.638254, 42.009706 ], [ -93.637497, 42.010191 ], [ -93.636846, 42.010457 ], [ -93.6341, 42.011314 ], [ -93.633722, 42.011467 ], [ -93.633821, 42.011587 ], [ -93.633583, 42.011718 ], [ -93.633308, 42.01189 ], [ -93.632944, 42.012235 ], [ -93.63268, 42.012577 ], [ -93.63256, 42.012774 ], [ -93.632458, 42.013002 ], [ -93.632384, 42.013227 ], [ -93.632328, 42.013439 ], [ -93.63232, 42.0137 ], [ -93.63233, 42.014031 ], [ -93.632346, 42.014951 ], [ -93.632328, 42.015576 ], [ -93.632338, 42.016225 ], [ -93.632178, 42.01623 ], [ -93.630976, 42.016355 ], [ -93.629089, 42.017862 ], [ -93.62802, 42.018899 ], [ -93.62674, 42.019234 ], [ -93.625156, 42.019232 ], [ -93.62375, 42.019271 ], [ -93.620899, 42.019312 ], [ -93.620709, 42.019314 ], [ -93.620622, 42.019306 ], [ -93.619414, 42.019438 ], [ -93.616895, 42.020184 ], [ -93.615325, 42.020196 ], [ -93.613618, 42.020195 ], [ -93.61211, 42.020185 ], [ -93.61031, 42.020135 ], [ -93.61033, 42.021629 ], [ -93.61037, 42.022887 ], [ -93.610379, 42.023393 ], [ -93.610386, 42.02363 ], [ -93.610419, 42.024658 ], [ -93.61042, 42.024731 ], [ -93.610432, 42.025137 ], [ -93.610436, 42.025989 ], [ -93.608752, 42.026005 ], [ -93.608778, 42.027022 ], [ -93.607127, 42.027041 ], [ -93.607162, 42.028039 ], [ -93.607203, 42.030109 ], [ -93.606713, 42.030101 ], [ -93.606764, 42.032008 ], [ -93.60678, 42.033206 ], [ -93.606821, 42.034542 ], [ -93.607873, 42.034541 ], [ -93.608978, 42.034543 ], [ -93.608977, 42.035712 ], [ -93.610685, 42.035706 ], [ -93.610697, 42.03702 ], [ -93.612314, 42.037014 ], [ -93.613966, 42.037001 ], [ -93.615561, 42.03704 ], [ -93.617131, 42.037016 ], [ -93.61851, 42.037032 ], [ -93.620412, 42.037059 ], [ -93.620408, 42.034557 ], [ -93.620356, 42.033265 ], [ -93.620332, 42.032143 ], [ -93.620315, 42.031274 ], [ -93.620288, 42.030193 ], [ -93.620249, 42.028836 ], [ -93.620214, 42.02784 ], [ -93.620134, 42.026826 ], [ -93.620122, 42.026561 ], [ -93.620194, 42.02623 ], [ -93.620206, 42.025814 ], [ -93.620205, 42.025026 ], [ -93.620181, 42.024512 ], [ -93.62012, 42.022888 ] ] ] ] } },
{ "type": "Feature", "properties": { "id": 25, "NAME": "25", "TotalPop": 31624, "PopDevPct": -0.0087667, "DemPct": 0.39009112, "RepPct": 0.5904328, "WhitePct": 0.85452064, "MinorityPct": 0.14547936, "BlackPct": 0.01492209, "HispanicPct": 0.09481468, "PacificPct": 0.00110045, "AsianPct": 0.0159345, "NativePct": 0.01540629, "TotalVAP": 22718, "Margin": -0.20034168, "color": "#960018", "opacity": "0.5", "DemPct2": 0.41707288, "RepPct2": 0.56188325, "Margin2": -0.14481037, "Swing": -0.05553131, "R_Margin": -0.0720584632, "R_Margin2": -0.0673571831, "R_Swing": -0.0047012801, "Majority": "White" }, "geometry": { "type": "MultiPolygon", "coordinates": [ [ [ [ -93.925873, 41.503225 ], [ -93.906605, 41.50314 ], [ -93.897118, 41.503099 ], [ -93.897146, 41.511968 ], [ -93.897123, 41.513798 ], [ -93.897139, 41.516844 ], [ -93.897164, 41.520714 ], [ -93.89716, 41.520995 ], [ -93.89719, 41.530513 ], [ -93.897193, 41.531253 ], [ -93.897183, 41.53186 ], [ -93.88963, 41.532487 ], [ -93.885762, 41.532818 ], [ -93.885751, 41.533639 ], [ -93.885768, 41.545833 ], [ -93.885275, 41.546899 ], [ -93.885011, 41.547108 ], [ -93.884843, 41.54721 ], [ -93.884662, 41.547308 ], [ -93.884363, 41.547337 ], [ -93.880873, 41.547642 ], [ -93.880861, 41.55012 ], [ -93.880839, 41.551203 ], [ -93.880837, 41.55138 ], [ -93.880768, 41.556754 ], [ -93.880748, 41.557897 ], [ -93.880696, 41.559665 ], [ -93.880678, 41.560182 ], [ -93.88067, 41.560403 ], [ -93.88082, 41.560369 ], [ -93.880903, 41.56035 ], [ -93.882152, 41.56007 ], [ -93.882171, 41.560352 ], [ -93.882177, 41.560437 ], [ -93.881153, 41.560661 ], [ -93.880817, 41.56066 ], [ -93.880667, 41.560659 ], [ -93.880669, 41.561818 ], [ -93.88067, 41.56205 ], [ -93.880673, 41.562739 ], [ -93.880673, 41.562948 ], [ -93.880679, 41.564131 ], [ -93.880679, 41.564301 ], [ -93.880685, 41.56568 ], [ -93.88058, 41.570932 ], [ -93.880537, 41.572893 ], [ -93.877231, 41.5732 ], [ -93.875132, 41.573392 ], [ -93.875132, 41.577004 ], [ -93.872711, 41.577222 ], [ -93.872702, 41.575268 ], [ -93.873587, 41.575266 ], [ -93.873588, 41.57353 ], [ -93.871145, 41.573749 ], [ -93.871172, 41.570893 ], [ -93.874024, 41.570863 ], [ -93.871759, 41.568449 ], [ -93.871231, 41.566506 ], [ -93.867731, 41.566813 ], [ -93.861764, 41.567317 ], [ -93.861557, 41.574556 ], [ -93.866485, 41.574151 ], [ -93.866429, 41.577786 ], [ -93.866309, 41.577797 ], [ -93.866253, 41.584652 ], [ -93.866232, 41.587283 ], [ -93.866222, 41.588657 ], [ -93.866211, 41.591309 ], [ -93.8662, 41.593964 ], [ -93.86619, 41.596305 ], [ -93.866181, 41.597686 ], [ -93.866178, 41.598202 ], [ -93.866165, 41.600381 ], [ -93.870245, 41.600385 ], [ -93.872262, 41.600387 ], [ -93.881327, 41.600469 ], [ -93.885431, 41.600407 ], [ -93.891533, 41.600415 ], [ -93.896806, 41.600428 ], [ -93.910878, 41.600409 ], [ -93.915754, 41.600398 ], [ -93.916007, 41.600398 ], [ -93.920635, 41.600387 ], [ -93.925663, 41.600376 ], [ -93.925688, 41.595327 ], [ -93.931677, 41.595305 ], [ -93.931651, 41.596046 ], [ -93.935401, 41.596052 ], [ -93.935412, 41.600354 ], [ -93.940669, 41.60034 ], [ -93.950345, 41.600317 ], [ -93.954782, 41.600315 ], [ -93.955252, 41.602976 ], [ -93.95534, 41.613625 ], [ -93.955343, 41.614265 ], [ -93.955345, 41.614638 ], [ -93.954228, 41.614633 ], [ -93.950535, 41.614618 ], [ -93.950476, 41.614618 ], [ -93.940589, 41.614576 ], [ -93.940743, 41.625706 ], [ -93.931023, 41.625665 ], [ -93.931023, 41.629261 ], [ -93.931022, 41.632928 ], [ -93.931022, 41.636565 ], [ -93.931022, 41.643775 ], [ -93.93101, 41.651027 ], [ -93.930993, 41.658276 ], [ -93.931005, 41.67279 ], [ -93.930903, 41.688231 ], [ -93.930946, 41.702781 ], [ -93.93098, 41.724608 ], [ -93.931103, 41.724608 ], [ -93.930996, 41.731877 ], [ -93.930989, 41.739138 ], [ -93.931006, 41.753663 ], [ -93.930912, 41.75733 ], [ -93.93133, 41.757674 ], [ -93.930961, 41.759895 ], [ -93.930951, 41.760959 ], [ -93.930928, 41.768291 ], [ -93.93095, 41.776946 ], [ -93.93095, 41.777037 ], [ -93.930908, 41.795146 ], [ -93.931079, 41.795146 ], [ -93.931033, 41.802071 ], [ -93.931123, 41.817306 ], [ -93.930954, 41.820576 ], [ -93.930987, 41.833753 ], [ -93.930991, 41.835046 ], [ -93.930992, 41.835281 ], [ -93.931012, 41.842534 ], [ -93.930978, 41.849741 ], [ -93.931025, 41.85381 ], [ -93.931084, 41.860658 ], [ -93.931093, 41.863178 ], [ -93.950511, 41.863113 ], [ -93.969889, 41.863122 ], [ -93.991589, 41.863083 ], [ -93.994145, 41.863086 ], [ -93.994234, 41.863086 ], [ -94.008824, 41.863107 ], [ -94.018334, 41.863114 ], [ -94.028249, 41.863151 ], [ -94.048029, 41.863128 ], [ -94.057709, 41.863067 ], [ -94.072199, 41.863118 ], [ -94.086684, 41.863171 ], [ -94.096435, 41.863162 ], [ -94.106132, 41.863138 ], [ -94.120566, 41.863256 ], [ -94.125461, 41.863332 ], [ -94.131999, 41.863248 ], [ -94.1448, 41.863261 ], [ -94.164138, 41.863244 ], [ -94.167062, 41.863253 ], [ -94.16763, 41.863284 ], [ -94.170324, 41.863304 ], [ -94.17067, 41.863318 ], [ -94.173862, 41.863316 ], [ -94.176368, 41.863307 ], [ -94.185968, 41.863308 ], [ -94.192064, 41.863315 ], [ -94.203083, 41.863257 ], [ -94.219605, 41.863205 ], [ -94.222011, 41.863198 ], [ -94.24131, 41.863119 ], [ -94.250224, 41.863085 ], [ -94.250299, 41.863083 ], [ -94.250928, 41.863121 ], [ -94.255702, 41.863064 ], [ -94.260667, 41.863049 ], [ -94.270389, 41.863026 ], [ -94.28034, 41.862999 ], [ -94.280461, 41.853694 ], [ -94.28047, 41.848721 ], [ -94.280535, 41.834405 ], [ -94.280573, 41.819828 ], [ -94.280626, 41.805442 ], [ -94.280696, 41.790979 ], [ -94.280724, 41.776568 ], [ -94.280781, 41.766772 ], [ -94.280782, 41.76061 ], [ -94.280729, 41.74617 ], [ -94.28067, 41.731711 ], [ -94.280619, 41.717271 ], [ -94.280505, 41.702807 ], [ -94.280496, 41.688326 ], [ -94.280323, 41.680785 ], [ -94.280057, 41.666345 ], [ -94.279905, 41.651847 ], [ -94.279922, 41.645691 ], [ -94.279896, 41.644639 ], [ -94.279917, 41.637354 ], [ -94.279913, 41.63377 ], [ -94.279866, 41.626164 ], [ -94.280002, 41.62578 ], [ -94.279966, 41.622853 ], [ -94.279995, 41.615286 ], [ -94.279996, 41.614946 ], [ -94.280057, 41.60497 ], [ -94.280057, 41.601312 ], [ -94.274702, 41.601254 ], [ -94.264683, 41.601154 ], [ -94.249116, 41.601044 ], [ -94.241356, 41.600971 ], [ -94.241361, 41.586911 ], [ -94.241361, 41.576047 ], [ -94.241376, 41.564181 ], [ -94.241371, 41.561622 ], [ -94.24142, 41.521843 ], [ -94.241423, 41.518203 ], [ -94.241423, 41.517855 ], [ -94.241424, 41.517321 ], [ -94.24146, 41.509794 ], [ -94.241576, 41.509172 ], [ -94.241593, 41.503679 ], [ -94.233578, 41.503647 ], [ -94.22352, 41.503561 ], [ -94.213947, 41.503532 ], [ -94.209193, 41.503537 ], [ -94.208804, 41.503533 ], [ -94.204266, 41.50348 ], [ -94.20396, 41.503602 ], [ -94.195475, 41.503493 ], [ -94.194843, 41.503698 ], [ -94.189801, 41.503444 ], [ -94.187798, 41.50343 ], [ -94.185002, 41.503417 ], [ -94.175178, 41.503362 ], [ -94.132061, 41.503131 ], [ -94.13063, 41.503122 ], [ -94.127172, 41.503103 ], [ -94.123452, 41.503173 ], [ -94.096398, 41.503135 ], [ -94.080085, 41.503142 ], [ -94.060843, 41.503155 ], [ -94.051172, 41.503162 ], [ -94.031966, 41.503169 ], [ -94.031179, 41.503169 ], [ -94.030077, 41.503204 ], [ -94.013752, 41.503191 ], [ -94.012762, 41.503191 ], [ -94.000236, 41.503182 ], [ -93.998207, 41.503309 ], [ -93.984759, 41.50327 ], [ -93.982211, 41.503263 ], [ -93.974045, 41.50324 ], [ -93.954774, 41.503254 ], [ -93.94035, 41.503264 ], [ -93.935089, 41.503244 ], [ -93.925873, 41.503225 ] ] ] ] } },
{ "type": "Feature", "properties": { "id": 26, "NAME": "26", "TotalPop": 30724, "PopDevPct": -0.0369766, "DemPct": 0.38022222, "RepPct": 0.5995, "WhitePct": 0.94225053, "MinorityPct": 0.05774947, "BlackPct": 0.01133758, "HispanicPct": 0.01923567, "PacificPct": 0.00084926, "AsianPct": 0.00658174, "NativePct": 0.01558386, "TotalVAP": 23550, "Margin": -0.21927778, "color": "#960018", "opacity": "0.5", "DemPct2": 0.40909347, "RepPct2": 0.56839795, "Margin2": -0.15930448, "Swing": -0.0599733, "R_Margin": -0.0909945632, "R_Margin2": -0.0818512931000001, "R_Swing": -0.0091432701, "Majority": "White" }, "geometry": { "type": "MultiPolygon", "coordinates": [ [ [ [ -94.164565, 41.950172 ], [ -94.164531, 41.935716 ], [ -94.164519, 41.921213 ], [ -94.164477, 41.906721 ], [ -94.164432, 41.897921 ], [ -94.164401, 41.890405 ], [ -94.164377, 41.884959 ], [ -94.164366, 41.877729 ], [ -94.16432, 41.870481 ], [ -94.164288, 41.867486 ], [ -94.164138, 41.863244 ], [ -94.1448, 41.863261 ], [ -94.131999, 41.863248 ], [ -94.125461, 41.863332 ], [ -94.120566, 41.863256 ], [ -94.106132, 41.863138 ], [ -94.096435, 41.863162 ], [ -94.086684, 41.863171 ], [ -94.072199, 41.863118 ], [ -94.057709, 41.863067 ], [ -94.048029, 41.863128 ], [ -94.028249, 41.863151 ], [ -94.018334, 41.863114 ], [ -94.008824, 41.863107 ], [ -93.994234, 41.863086 ], [ -93.994145, 41.863086 ], [ -93.991589, 41.863083 ], [ -93.969889, 41.863122 ], [ -93.950511, 41.863113 ], [ -93.931093, 41.863178 ], [ -93.931084, 41.860658 ], [ -93.931025, 41.85381 ], [ -93.930978, 41.849741 ], [ -93.931012, 41.842534 ], [ -93.930992, 41.835281 ], [ -93.930991, 41.835046 ], [ -93.930987, 41.833753 ], [ -93.930954, 41.820576 ], [ -93.931123, 41.817306 ], [ -93.931033, 41.802071 ], [ -93.931079, 41.795146 ], [ -93.930908, 41.795146 ], [ -93.93095, 41.777037 ], [ -93.93095, 41.776946 ], [ -93.930928, 41.768291 ], [ -93.930951, 41.760959 ], [ -93.930961, 41.759895 ], [ -93.93133, 41.757674 ], [ -93.930912, 41.75733 ], [ -93.931006, 41.753663 ], [ -93.930989, 41.739138 ], [ -93.930996, 41.731877 ], [ -93.931103, 41.724608 ], [ -93.93098, 41.724608 ], [ -93.930946, 41.702781 ], [ -93.930903, 41.688231 ], [ -93.931005, 41.67279 ], [ -93.930993, 41.658276 ], [ -93.93101, 41.651027 ], [ -93.931022, 41.643775 ], [ -93.931022, 41.636565 ], [ -93.931022, 41.632928 ], [ -93.931023, 41.629261 ], [ -93.91071, 41.629389 ], [ -93.896435, 41.629379 ], [ -93.896446, 41.625757 ], [ -93.891451, 41.625765 ], [ -93.891437, 41.628975 ], [ -93.891435, 41.630685 ], [ -93.891435, 41.631192 ], [ -93.889868, 41.631272 ], [ -93.889868, 41.631872 ], [ -93.891434, 41.63188 ], [ -93.891433, 41.643893 ], [ -93.891449, 41.651133 ], [ -93.872222, 41.650972 ], [ -93.87224, 41.653449 ], [ -93.868584, 41.6546 ], [ -93.862544, 41.654625 ], [ -93.862573, 41.657025 ], [ -93.86259, 41.658239 ], [ -93.872275, 41.6582 ], [ -93.872338, 41.664163 ], [ -93.871462, 41.66529 ], [ -93.872351, 41.665566 ], [ -93.872352, 41.66909 ], [ -93.862648, 41.669123 ], [ -93.857771, 41.669128 ], [ -93.857731, 41.660845 ], [ -93.857715, 41.658291 ], [ -93.852871, 41.658275 ], [ -93.852851, 41.662168 ], [ -93.852843, 41.663699 ], [ -93.846225, 41.663668 ], [ -93.843297, 41.663643 ], [ -93.843312, 41.665401 ], [ -93.84333, 41.667476 ], [ -93.843368, 41.672682 ], [ -93.83379, 41.672611 ], [ -93.824143, 41.672773 ], [ -93.824108, 41.665524 ], [ -93.822527, 41.665549 ], [ -93.819897, 41.665582 ], [ -93.814465, 41.66565 ], [ -93.814456, 41.67294 ], [ -93.814445, 41.676583 ], [ -93.81441, 41.688432 ], [ -93.814422, 41.69361 ], [ -93.814426, 41.695139 ], [ -93.814428, 41.695681 ], [ -93.814447, 41.702884 ], [ -93.814447, 41.702921 ], [ -93.814466, 41.705368 ], [ -93.814472, 41.706139 ], [ -93.814507, 41.710167 ], [ -93.814537, 41.717456 ], [ -93.814627, 41.731933 ], [ -93.814641, 41.736099 ], [ -93.814676, 41.746516 ], [ -93.814691, 41.750568 ], [ -93.814599, 41.750819 ], [ -93.814584, 41.752045 ], [ -93.814585, 41.75211 ], [ -93.8146, 41.755007 ], [ -93.814609, 41.755639 ], [ -93.81463, 41.757905 ], [ -93.814675, 41.761107 ], [ -93.814724, 41.765774 ], [ -93.814749, 41.768334 ], [ -93.814796, 41.773386 ], [ -93.814892, 41.776928 ], [ -93.814856, 41.784114 ], [ -93.814992, 41.798608 ], [ -93.815021, 41.802446 ], [ -93.815032, 41.803985 ], [ -93.815033, 41.804245 ], [ -93.815048, 41.807097 ], [ -93.815023, 41.812935 ], [ -93.815124, 41.81426 ], [ -93.815151, 41.823402 ], [ -93.815292, 41.827523 ], [ -93.815249, 41.834806 ], [ -93.815336, 41.842027 ], [ -93.815589, 41.849452 ], [ -93.815784, 41.853252 ], [ -93.815721, 41.863419 ], [ -93.795756, 41.863434 ], [ -93.783862, 41.863455 ], [ -93.776167, 41.863469 ], [ -93.759748, 41.863416 ], [ -93.756609, 41.863406 ], [ -93.746872, 41.863398 ], [ -93.737089, 41.863389 ], [ -93.717528, 41.863367 ], [ -93.707789, 41.863356 ], [ -93.702844, 41.863351 ], [ -93.70038, 41.863348 ], [ -93.699215, 41.863347 ], [ -93.698032, 41.86337 ], [ -93.69803, 41.86433 ], [ -93.698017, 41.865275 ], [ -93.698053, 41.866114 ], [ -93.698045, 41.866623 ], [ -93.698038, 41.870581 ], [ -93.698038, 41.870603 ], [ -93.698056, 41.877868 ], [ -93.698072, 41.883404 ], [ -93.698085, 41.888819 ], [ -93.698087, 41.892467 ], [ -93.698069, 41.906987 ], [ -93.698134, 41.921546 ], [ -93.698126, 41.936105 ], [ -93.698073, 41.950478 ], [ -93.698126, 41.961375 ], [ -93.698163, 41.964954 ], [ -93.698277, 41.979384 ], [ -93.69848, 41.993861 ], [ -93.698631, 42.005344 ], [ -93.698658, 42.008286 ], [ -93.69869, 42.014343 ], [ -93.698693, 42.014576 ], [ -93.698712, 42.015503 ], [ -93.698745, 42.022767 ], [ -93.698734, 42.026354 ], [ -93.698728, 42.028771 ], [ -93.698713, 42.03456 ], [ -93.698752, 42.037787 ], [ -93.698759, 42.039384 ], [ -93.698713, 42.041781 ], [ -93.698703, 42.046791 ], [ -93.698698, 42.049003 ], [ -93.698694, 42.053442 ], [ -93.698705, 42.056211 ], [ -93.698657, 42.070737 ], [ -93.698653, 42.07798 ], [ -93.69864, 42.082717 ], [ -93.698625, 42.084934 ], [ -93.69866, 42.092472 ], [ -93.698663, 42.099937 ], [ -93.698701, 42.106979 ], [ -93.698654, 42.123125 ], [ -93.698603, 42.137622 ], [ -93.698592, 42.152084 ], [ -93.698569, 42.159496 ], [ -93.698579, 42.162132 ], [ -93.698571, 42.166541 ], [ -93.698575, 42.180983 ], [ -93.698403, 42.195418 ], [ -93.69839, 42.209339 ], [ -93.717857, 42.209369 ], [ -93.737295, 42.209381 ], [ -93.747148, 42.209429 ], [ -93.756727, 42.209469 ], [ -93.776147, 42.209499 ], [ -93.781014, 42.209521 ], [ -93.785368, 42.209518 ], [ -93.795434, 42.209531 ], [ -93.815729, 42.209597 ], [ -93.835229, 42.209643 ], [ -93.844943, 42.209678 ], [ -93.854666, 42.209709 ], [ -93.874144, 42.20978 ], [ -93.89356, 42.209845 ], [ -93.912999, 42.209874 ], [ -93.923723, 42.209941 ], [ -93.923862, 42.20994 ], [ -93.924003, 42.209938 ], [ -93.93158, 42.209908 ], [ -93.951176, 42.209878 ], [ -93.962116, 42.209833 ], [ -93.970331, 42.209888 ], [ -93.979006, 42.20985 ], [ -93.97978, 42.209846 ], [ -93.980163, 42.209841 ], [ -93.987411, 42.209795 ], [ -93.993041, 42.209814 ], [ -94.00443, 42.209862 ], [ -94.009103, 42.209883 ], [ -94.028562, 42.209915 ], [ -94.047817, 42.209946 ], [ -94.06732, 42.209981 ], [ -94.086734, 42.210011 ], [ -94.106192, 42.210013 ], [ -94.125636, 42.2099 ], [ -94.145048, 42.209936 ], [ -94.164704, 42.20992 ], [ -94.164752, 42.195188 ], [ -94.164791, 42.180743 ], [ -94.164786, 42.166262 ], [ -94.164765, 42.166262 ], [ -94.164895, 42.151753 ], [ -94.164911, 42.151607 ], [ -94.164845, 42.144511 ], [ -94.164791, 42.137293 ], [ -94.164708, 42.13005 ], [ -94.164765, 42.122807 ], [ -94.164787, 42.106968 ], [ -94.164717, 42.092506 ], [ -94.164699, 42.078026 ], [ -94.164684, 42.063558 ], [ -94.164599, 42.049077 ], [ -94.164603, 42.035271 ], [ -94.164602, 42.034601 ], [ -94.164589, 42.029765 ], [ -94.164562, 42.024605 ], [ -94.164563, 42.022539 ], [ -94.164542, 42.015357 ], [ -94.164521, 42.008061 ], [ -94.164528, 41.993591 ], [ -94.164504, 41.979116 ], [ -94.164538, 41.964651 ], [ -94.164565, 41.950172 ] ] ] ] } },
{ "type": "Feature", "properties": { "id": 27, "NAME": "27", "TotalPop": 32710, "PopDevPct": 0.02527325, "DemPct": 0.48615998, "RepPct": 0.49527362, "WhitePct": 0.86252626, "MinorityPct": 0.13747374, "BlackPct": 0.02941176, "HispanicPct": 0.03728992, "PacificPct": 0.00170693, "AsianPct": 0.0557598, "NativePct": 0.00936625, "TotalVAP": 22848, "Margin": -0.00911364, "color": "#ffd2d2", "opacity": "0.5", "DemPct2": 0.49827311, "RepPct2": 0.48177741, "Margin2": 0.0164957, "Swing": -0.02560934, "R_Margin": 0.1191695768, "R_Margin2": 0.0939488869, "R_Swing": 0.0252206899, "Majority": "White" }, "geometry": { "type": "MultiPolygon", "coordinates": [ [ [ [ -93.910878, 41.600409 ], [ -93.896806, 41.600428 ], [ -93.891533, 41.600415 ], [ -93.885431, 41.600407 ], [ -93.881327, 41.600469 ], [ -93.872262, 41.600387 ], [ -93.870245, 41.600385 ], [ -93.866165, 41.600381 ], [ -93.863402, 41.600388 ], [ -93.854164, 41.600406 ], [ -93.853466, 41.600407 ], [ -93.849987, 41.60041 ], [ -93.847605, 41.600408 ], [ -93.843418, 41.600406 ], [ -93.843442, 41.601094 ], [ -93.84387, 41.60354 ], [ -93.844337, 41.604899 ], [ -93.84553, 41.606735 ], [ -93.845268, 41.608265 ], [ -93.845019, 41.610877 ], [ -93.845416, 41.613815 ], [ -93.84544, 41.614998 ], [ -93.840595, 41.614985 ], [ -93.840668, 41.613768 ], [ -93.838395, 41.613761 ], [ -93.838414, 41.607643 ], [ -93.833586, 41.607633 ], [ -93.829636, 41.607653 ], [ -93.827766, 41.607649 ], [ -93.814264, 41.607689 ], [ -93.814265, 41.607745 ], [ -93.814265, 41.608597 ], [ -93.814266, 41.609732 ], [ -93.814259, 41.611219 ], [ -93.814267, 41.612317 ], [ -93.814297, 41.614868 ], [ -93.814302, 41.61642 ], [ -93.814306, 41.617583 ], [ -93.814311, 41.619058 ], [ -93.814318, 41.620875 ], [ -93.814322, 41.622059 ], [ -93.814324, 41.622629 ], [ -93.814333, 41.625406 ], [ -93.814463, 41.629058 ], [ -93.81444, 41.629318 ], [ -93.814432, 41.629424 ], [ -93.814326, 41.632979 ], [ -93.814324, 41.636902 ], [ -93.814339, 41.639514 ], [ -93.814338, 41.641945 ], [ -93.814337, 41.643847 ], [ -93.814347, 41.64504 ], [ -93.814356, 41.645931 ], [ -93.814375, 41.647955 ], [ -93.814406, 41.651109 ], [ -93.814419, 41.652467 ], [ -93.814436, 41.654278 ], [ -93.814476, 41.658379 ], [ -93.814465, 41.66565 ], [ -93.819897, 41.665582 ], [ -93.822527, 41.665549 ], [ -93.824108, 41.665524 ], [ -93.824143, 41.672773 ], [ -93.83379, 41.672611 ], [ -93.843368, 41.672682 ], [ -93.84333, 41.667476 ], [ -93.843312, 41.665401 ], [ -93.843297, 41.663643 ], [ -93.846225, 41.663668 ], [ -93.852843, 41.663699 ], [ -93.852851, 41.662168 ], [ -93.852871, 41.658275 ], [ -93.857715, 41.658291 ], [ -93.857731, 41.660845 ], [ -93.857771, 41.669128 ], [ -93.862648, 41.669123 ], [ -93.872352, 41.66909 ], [ -93.872351, 41.665566 ], [ -93.871462, 41.66529 ], [ -93.872338, 41.664163 ], [ -93.872275, 41.6582 ], [ -93.86259, 41.658239 ], [ -93.862573, 41.657025 ], [ -93.862544, 41.654625 ], [ -93.868584, 41.6546 ], [ -93.87224, 41.653449 ], [ -93.872222, 41.650972 ], [ -93.891449, 41.651133 ], [ -93.891433, 41.643893 ], [ -93.891434, 41.63188 ], [ -93.889868, 41.631872 ], [ -93.889868, 41.631272 ], [ -93.891435, 41.631192 ], [ -93.891435, 41.630685 ], [ -93.891437, 41.628975 ], [ -93.891451, 41.625765 ], [ -93.896446, 41.625757 ], [ -93.896435, 41.629379 ], [ -93.91071, 41.629389 ], [ -93.931023, 41.629261 ], [ -93.931023, 41.625665 ], [ -93.940743, 41.625706 ], [ -93.940589, 41.614576 ], [ -93.950476, 41.614618 ], [ -93.950535, 41.614618 ], [ -93.954228, 41.614633 ], [ -93.955345, 41.614638 ], [ -93.955343, 41.614265 ], [ -93.95534, 41.613625 ], [ -93.955252, 41.602976 ], [ -93.954782, 41.600315 ], [ -93.950345, 41.600317 ], [ -93.940669, 41.60034 ], [ -93.935412, 41.600354 ], [ -93.935401, 41.596052 ], [ -93.931651, 41.596046 ], [ -93.931677, 41.595305 ], [ -93.925688, 41.595327 ], [ -93.925663, 41.600376 ], [ -93.920635, 41.600387 ], [ -93.916007, 41.600398 ], [ -93.915754, 41.600398 ], [ -93.910878, 41.600409 ] ] ] ] } },
{ "type": "Feature", "properties": { "id": 28, "NAME": "28", "TotalPop": 31335, "PopDevPct": -0.01782521, "DemPct": 0.52745537, "RepPct": 0.45437985, "WhitePct": 0.80598287, "MinorityPct": 0.19401713, "BlackPct": 0.04265564, "HispanicPct": 0.03992841, "PacificPct": 0.00119316, "AsianPct": 0.09562364, "NativePct": 0.01005668, "TotalVAP": 23467, "Margin": 0.07307552, "color": "#8080ff", "opacity": "0.5", "DemPct2": 0.53137594, "RepPct2": 0.44807139, "Margin2": 0.08330455, "Swing": -0.01022903, "R_Margin": 0.2013587368, "R_Margin2": 0.1607577369, "R_Swing": 0.0406009999, "Majority": "White" }, "geometry": { "type": "MultiPolygon", "coordinates": [ [ [ [ -93.790527, 41.559065 ], [ -93.790519, 41.561379 ], [ -93.790514, 41.563693 ], [ -93.790513, 41.56391 ], [ -93.790511, 41.566725 ], [ -93.790523, 41.569404 ], [ -93.790524, 41.571265 ], [ -93.790525, 41.573938 ], [ -93.790526, 41.574774 ], [ -93.790526, 41.575025 ], [ -93.790526, 41.575035 ], [ -93.790526, 41.575358 ], [ -93.790526, 41.57546 ], [ -93.790526, 41.576417 ], [ -93.790527, 41.57681 ], [ -93.790528, 41.577344 ], [ -93.79053, 41.578396 ], [ -93.790535, 41.580408 ], [ -93.790537, 41.581287 ], [ -93.79054, 41.582164 ], [ -93.790543, 41.583016 ], [ -93.790547, 41.5844 ], [ -93.79058, 41.587566 ], [ -93.790601, 41.5896 ], [ -93.790602, 41.592072 ], [ -93.790602, 41.592278 ], [ -93.790648, 41.595102 ], [ -93.790665, 41.595177 ], [ -93.790678, 41.595228 ], [ -93.790674, 41.595416 ], [ -93.790625, 41.597908 ], [ -93.790632, 41.600425 ], [ -93.794164, 41.600407 ], [ -93.794331, 41.600407 ], [ -93.800852, 41.600436 ], [ -93.804849, 41.600448 ], [ -93.808885, 41.600457 ], [ -93.814282, 41.600456 ], [ -93.814272, 41.602343 ], [ -93.814267, 41.603169 ], [ -93.814262, 41.604167 ], [ -93.814259, 41.604623 ], [ -93.814255, 41.605486 ], [ -93.814262, 41.607028 ], [ -93.814264, 41.607689 ], [ -93.827766, 41.607649 ], [ -93.829636, 41.607653 ], [ -93.833586, 41.607633 ], [ -93.838414, 41.607643 ], [ -93.838395, 41.613761 ], [ -93.840668, 41.613768 ], [ -93.840595, 41.614985 ], [ -93.84544, 41.614998 ], [ -93.845416, 41.613815 ], [ -93.845019, 41.610877 ], [ -93.845268, 41.608265 ], [ -93.84553, 41.606735 ], [ -93.844337, 41.604899 ], [ -93.84387, 41.60354 ], [ -93.843442, 41.601094 ], [ -93.843418, 41.600406 ], [ -93.847605, 41.600408 ], [ -93.849987, 41.60041 ], [ -93.853466, 41.600407 ], [ -93.854164, 41.600406 ], [ -93.863402, 41.600388 ], [ -93.866165, 41.600381 ], [ -93.866178, 41.598202 ], [ -93.866181, 41.597686 ], [ -93.86619, 41.596305 ], [ -93.8662, 41.593964 ], [ -93.866211, 41.591309 ], [ -93.866222, 41.588657 ], [ -93.866232, 41.587283 ], [ -93.866253, 41.584652 ], [ -93.866309, 41.577797 ], [ -93.866429, 41.577786 ], [ -93.866485, 41.574151 ], [ -93.861557, 41.574556 ], [ -93.861764, 41.567317 ], [ -93.867731, 41.566813 ], [ -93.871231, 41.566506 ], [ -93.871759, 41.568449 ], [ -93.874024, 41.570863 ], [ -93.871172, 41.570893 ], [ -93.871145, 41.573749 ], [ -93.873588, 41.57353 ], [ -93.873587, 41.575266 ], [ -93.872702, 41.575268 ], [ -93.872711, 41.577222 ], [ -93.875132, 41.577004 ], [ -93.875132, 41.573392 ], [ -93.877231, 41.5732 ], [ -93.880537, 41.572893 ], [ -93.88058, 41.570932 ], [ -93.880685, 41.56568 ], [ -93.880679, 41.564301 ], [ -93.880679, 41.564131 ], [ -93.880673, 41.562948 ], [ -93.880673, 41.562739 ], [ -93.88067, 41.56205 ], [ -93.880669, 41.561818 ], [ -93.880667, 41.560659 ], [ -93.880817, 41.56066 ], [ -93.881153, 41.560661 ], [ -93.882177, 41.560437 ], [ -93.882171, 41.560352 ], [ -93.882152, 41.56007 ], [ -93.880903, 41.56035 ], [ -93.88082, 41.560369 ], [ -93.88067, 41.560403 ], [ -93.880678, 41.560182 ], [ -93.880696, 41.559665 ], [ -93.880748, 41.557897 ], [ -93.880768, 41.556754 ], [ -93.880837, 41.55138 ], [ -93.880839, 41.551203 ], [ -93.880861, 41.55012 ], [ -93.880873, 41.547642 ], [ -93.884363, 41.547337 ], [ -93.884662, 41.547308 ], [ -93.884843, 41.54721 ], [ -93.885011, 41.547108 ], [ -93.885275, 41.546899 ], [ -93.885768, 41.545833 ], [ -93.885751, 41.533639 ], [ -93.885762, 41.532818 ], [ -93.88963, 41.532487 ], [ -93.897183, 41.53186 ], [ -93.897193, 41.531253 ], [ -93.89719, 41.530513 ], [ -93.89716, 41.520995 ], [ -93.897164, 41.520714 ], [ -93.897139, 41.516844 ], [ -93.897123, 41.513798 ], [ -93.897146, 41.511968 ], [ -93.897118, 41.503099 ], [ -93.891013, 41.503564 ], [ -93.88166, 41.504541 ], [ -93.875651, 41.505068 ], [ -93.873903, 41.505124 ], [ -93.866766, 41.505609 ], [ -93.86475, 41.505705 ], [ -93.864497, 41.505717 ], [ -93.863041, 41.505877 ], [ -93.862872, 41.50589 ], [ -93.862851, 41.505892 ], [ -93.862824, 41.505894 ], [ -93.862209, 41.505941 ], [ -93.862124, 41.505958 ], [ -93.862049, 41.505973 ], [ -93.862027, 41.506006 ], [ -93.86195, 41.506091 ], [ -93.855704, 41.506625 ], [ -93.847526, 41.507231 ], [ -93.842883, 41.507652 ], [ -93.833386, 41.508395 ], [ -93.828641, 41.508746 ], [ -93.82402, 41.50912 ], [ -93.815851, 41.509934 ], [ -93.814623, 41.509926 ], [ -93.798959, 41.511141 ], [ -93.796415, 41.511429 ], [ -93.790612, 41.511916 ], [ -93.790463, 41.513653 ], [ -93.790623, 41.516245 ], [ -93.790542, 41.519234 ], [ -93.790523, 41.533385 ], [ -93.790523, 41.533758 ], [ -93.790523, 41.533769 ], [ -93.790523, 41.535089 ], [ -93.790523, 41.535389 ], [ -93.790527, 41.535493 ], [ -93.790523, 41.536898 ], [ -93.790524, 41.538507 ], [ -93.790567, 41.540826 ], [ -93.790622, 41.5438 ], [ -93.790548, 41.546123 ], [ -93.790563, 41.548115 ], [ -93.790527, 41.559065 ] ] ] ] } },
{ "type": "Feature", "properties": { "id": 29, "NAME": "29", "TotalPop": 31721, "PopDevPct": -0.0057263, "DemPct": 0.39623393, "RepPct": 0.58662947, "WhitePct": 0.8829486, "MinorityPct": 0.1170514, "BlackPct": 0.02419978, "HispanicPct": 0.02870505, "PacificPct": 0.00090106, "AsianPct": 0.04496696, "NativePct": 0.01480306, "TotalVAP": 23306, "Margin": -0.19039554, "color": "#ff2020", "opacity": "0.5", "DemPct2": 0.42195425, "RepPct2": 0.55894835, "Margin2": -0.1369941, "Swing": -0.05340144, "R_Margin": -0.0621123232, "R_Margin2": -0.0595409131, "R_Swing": -0.0025714101, "Majority": "White" }, "geometry": { "type": "MultiPolygon", "coordinates": [ [ [ [ -90.549506, 41.611067 ], [ -90.543237, 41.611177 ], [ -90.543221, 41.609673 ], [ -90.541833, 41.609694 ], [ -90.539487, 41.60973 ], [ -90.53937, 41.603877 ], [ -90.532725, 41.603911 ], [ -90.519866, 41.603976 ], [ -90.508083, 41.604164 ], [ -90.504656, 41.604197 ], [ -90.504706, 41.604031 ], [ -90.503726, 41.604178 ], [ -90.493918, 41.604285 ], [ -90.493918, 41.604253 ], [ -90.493945, 41.601452 ], [ -90.490762, 41.601488 ], [ -90.490764, 41.601281 ], [ -90.490807, 41.597026 ], [ -90.493093, 41.597 ], [ -90.493133, 41.596619 ], [ -90.493126, 41.596386 ], [ -90.493212, 41.589752 ], [ -90.483523, 41.589862 ], [ -90.483527, 41.588338 ], [ -90.483529, 41.586355 ], [ -90.483545, 41.584433 ], [ -90.48355, 41.584021 ], [ -90.483555, 41.583053 ], [ -90.483553, 41.582572 ], [ -90.483549, 41.582073 ], [ -90.483543, 41.581016 ], [ -90.483537, 41.579944 ], [ -90.483499, 41.574786 ], [ -90.48231, 41.57397 ], [ -90.482146, 41.573832 ], [ -90.479531, 41.571633 ], [ -90.477232, 41.572333 ], [ -90.474832, 41.571337 ], [ -90.473536, 41.568937 ], [ -90.474533, 41.565435 ], [ -90.46944, 41.564538 ], [ -90.468939, 41.563071 ], [ -90.467285, 41.562622 ], [ -90.467673, 41.561494 ], [ -90.470287, 41.562187 ], [ -90.472059, 41.563237 ], [ -90.475494, 41.563225 ], [ -90.483458, 41.563154 ], [ -90.483465, 41.562803 ], [ -90.483506, 41.560698 ], [ -90.483602, 41.557527 ], [ -90.48699, 41.557208 ], [ -90.486964, 41.555671 ], [ -90.488094, 41.555657 ], [ -90.490162, 41.556007 ], [ -90.49014, 41.554846 ], [ -90.490126, 41.554096 ], [ -90.490105, 41.553365 ], [ -90.49012, 41.55316 ], [ -90.490404, 41.55247 ], [ -90.490712, 41.551849 ], [ -90.491256, 41.549757 ], [ -90.490056, 41.549949 ], [ -90.487474, 41.550139 ], [ -90.48466, 41.551116 ], [ -90.483638, 41.551568 ], [ -90.482068, 41.552261 ], [ -90.479272, 41.553606 ], [ -90.477742, 41.554697 ], [ -90.476131, 41.553821 ], [ -90.475387, 41.553604 ], [ -90.473829, 41.553513 ], [ -90.473967, 41.546232 ], [ -90.474118, 41.538919 ], [ -90.474108, 41.536493 ], [ -90.474108, 41.536301 ], [ -90.473925, 41.536133 ], [ -90.473266, 41.534944 ], [ -90.473408, 41.534535 ], [ -90.472865, 41.53397 ], [ -90.474111, 41.533172 ], [ -90.474504, 41.532924 ], [ -90.47454, 41.532902 ], [ -90.475131, 41.532536 ], [ -90.474071, 41.531802 ], [ -90.475567, 41.530058 ], [ -90.474767, 41.528611 ], [ -90.474757, 41.527795 ], [ -90.47506, 41.524019 ], [ -90.475069, 41.52385 ], [ -90.475295, 41.51964 ], [ -90.474332, 41.519733 ], [ -90.461432, 41.523533 ], [ -90.447731, 41.534133 ], [ -90.445231, 41.536133 ], [ -90.438431, 41.544133 ], [ -90.4339, 41.548426 ], [ -90.432731, 41.549533 ], [ -90.427231, 41.551533 ], [ -90.42453, 41.552933 ], [ -90.42223, 41.554233 ], [ -90.41883, 41.559233 ], [ -90.41583, 41.562933 ], [ -90.412984, 41.565206 ], [ -90.40573, 41.568333 ], [ -90.39793, 41.572233 ], [ -90.381329, 41.576633 ], [ -90.37878, 41.577078 ], [ -90.36467, 41.579539 ], [ -90.364566, 41.579557 ], [ -90.364128, 41.579633 ], [ -90.343228, 41.587833 ], [ -90.341528, 41.590633 ], [ -90.341072, 41.592458 ], [ -90.339891, 41.597181 ], [ -90.339528, 41.598633 ], [ -90.340744, 41.611399 ], [ -90.341028, 41.614332 ], [ -90.340918, 41.616472 ], [ -90.34194, 41.623476 ], [ -90.341971, 41.627489 ], [ -90.342811, 41.638071 ], [ -90.34333, 41.640855 ], [ -90.343452, 41.646959 ], [ -90.342872, 41.649225 ], [ -90.340229, 41.655632 ], [ -90.339859, 41.656599 ], [ -90.337653, 41.661424 ], [ -90.336729, 41.664532 ], [ -90.335729, 41.670432 ], [ -90.335349, 41.674577 ], [ -90.334525, 41.679559 ], [ -90.333936, 41.680458 ], [ -90.332481, 41.682146 ], [ -90.330222, 41.683954 ], [ -90.326957, 41.68564 ], [ -90.319924, 41.689721 ], [ -90.317315, 41.69167 ], [ -90.314687, 41.69483 ], [ -90.313052, 41.699631 ], [ -90.312667, 41.704581 ], [ -90.31332, 41.709494 ], [ -90.316106, 41.71495 ], [ -90.317474, 41.718878 ], [ -90.317668, 41.722689 ], [ -90.31613, 41.728769 ], [ -90.316562, 41.728928 ], [ -90.319676, 41.730076 ], [ -90.320715, 41.730647 ], [ -90.321936, 41.732476 ], [ -90.323646, 41.733483 ], [ -90.328896, 41.73442 ], [ -90.330117, 41.735515 ], [ -90.332408, 41.738489 ], [ -90.333874, 41.739404 ], [ -90.337078, 41.739106 ], [ -90.33946, 41.740477 ], [ -90.341731, 41.740211 ], [ -90.343183, 41.738327 ], [ -90.344251, 41.735835 ], [ -90.344891, 41.733457 ], [ -90.346508, 41.733479 ], [ -90.347729, 41.732107 ], [ -90.347728, 41.730049 ], [ -90.348888, 41.729866 ], [ -90.352369, 41.7319 ], [ -90.354946, 41.731988 ], [ -90.356673, 41.731876 ], [ -90.357802, 41.731281 ], [ -90.357923, 41.730321 ], [ -90.356671, 41.729498 ], [ -90.35664, 41.7284 ], [ -90.357525, 41.727783 ], [ -90.359636, 41.727701 ], [ -90.364178, 41.727803 ], [ -90.366041, 41.728443 ], [ -90.369095, 41.730316 ], [ -90.373064, 41.732327 ], [ -90.374508, 41.734267 ], [ -90.375907, 41.734769 ], [ -90.378044, 41.734725 ], [ -90.38143, 41.736258 ], [ -90.386407, 41.736261 ], [ -90.388329, 41.737131 ], [ -90.389642, 41.736948 ], [ -90.390254, 41.735966 ], [ -90.390346, 41.734342 ], [ -90.388242, 41.732306 ], [ -90.388304, 41.731506 ], [ -90.389586, 41.730569 ], [ -90.391387, 41.730638 ], [ -90.392608, 41.731302 ], [ -90.394622, 41.731646 ], [ -90.394957, 41.733087 ], [ -90.396971, 41.733705 ], [ -90.399048, 41.731648 ], [ -90.401826, 41.730711 ], [ -90.403628, 41.729614 ], [ -90.405489, 41.729889 ], [ -90.407931, 41.729296 ], [ -90.40961, 41.729982 ], [ -90.410525, 41.731309 ], [ -90.410188, 41.733023 ], [ -90.406464, 41.734097 ], [ -90.406249, 41.735675 ], [ -90.407653, 41.736635 ], [ -90.409728, 41.737025 ], [ -90.411041, 41.737711 ], [ -90.41168, 41.740638 ], [ -90.412504, 41.741118 ], [ -90.415131, 41.740296 ], [ -90.415986, 41.739336 ], [ -90.418093, 41.73833 ], [ -90.422581, 41.737416 ], [ -90.424809, 41.736113 ], [ -90.427526, 41.736274 ], [ -90.428167, 41.737212 ], [ -90.427098, 41.738492 ], [ -90.424809, 41.738857 ], [ -90.423526, 41.739566 ], [ -90.423099, 41.740572 ], [ -90.424044, 41.742218 ], [ -90.426548, 41.743202 ], [ -90.427463, 41.74446 ], [ -90.425936, 41.747043 ], [ -90.424165, 41.749101 ], [ -90.424201, 41.750559 ], [ -90.426032, 41.752662 ], [ -90.431284, 41.754789 ], [ -90.433093, 41.755892 ], [ -90.434205, 41.756867 ], [ -90.435325, 41.758625 ], [ -90.435528, 41.759682 ], [ -90.437208, 41.76062 ], [ -90.438154, 41.759294 ], [ -90.439498, 41.758562 ], [ -90.440811, 41.758722 ], [ -90.442582, 41.76078 ], [ -90.444934, 41.761671 ], [ -90.446583, 41.763844 ], [ -90.449333, 41.764827 ], [ -90.451104, 41.764643 ], [ -90.451696, 41.764082 ], [ -90.45315, 41.76254 ], [ -90.456539, 41.760847 ], [ -90.458462, 41.758263 ], [ -90.461149, 41.757965 ], [ -90.465181, 41.759039 ], [ -90.468328, 41.762788 ], [ -90.468879, 41.766172 ], [ -90.467322, 41.76807 ], [ -90.467262, 41.768871 ], [ -90.470073, 41.77278 ], [ -90.471723, 41.773603 ], [ -90.473617, 41.773465 ], [ -90.480213, 41.771222 ], [ -90.481312, 41.770238 ], [ -90.483785, 41.768842 ], [ -90.483937, 41.766785 ], [ -90.486136, 41.766372 ], [ -90.488213, 41.767446 ], [ -90.48971, 41.767331 ], [ -90.491816, 41.765958 ], [ -90.493649, 41.766163 ], [ -90.495786, 41.765887 ], [ -90.498537, 41.767441 ], [ -90.500135, 41.767701 ], [ -90.502561, 41.767141 ], [ -90.504301, 41.767645 ], [ -90.505369, 41.768857 ], [ -90.506651, 41.769475 ], [ -90.50879, 41.768927 ], [ -90.511113, 41.766047 ], [ -90.512794, 41.765339 ], [ -90.513801, 41.765546 ], [ -90.514869, 41.766827 ], [ -90.515234, 41.769296 ], [ -90.516333, 41.770028 ], [ -90.518075, 41.770052 ], [ -90.519999, 41.770899 ], [ -90.521802, 41.771081 ], [ -90.523175, 41.772796 ], [ -90.524397, 41.772933 ], [ -90.526383, 41.772384 ], [ -90.52791, 41.773002 ], [ -90.528336, 41.773825 ], [ -90.527511, 41.774373 ], [ -90.52797, 41.77531 ], [ -90.529345, 41.775424 ], [ -90.531727, 41.774922 ], [ -90.535764, 41.775966 ], [ -90.537616, 41.776395 ], [ -90.538143, 41.775793 ], [ -90.538937, 41.772867 ], [ -90.539823, 41.771153 ], [ -90.541014, 41.767588 ], [ -90.542113, 41.766295 ], [ -90.542816, 41.765919 ], [ -90.548711, 41.769236 ], [ -90.548418, 41.767029 ], [ -90.548806, 41.761611 ], [ -90.548811, 41.749524 ], [ -90.548841, 41.727688 ], [ -90.548899, 41.72402 ], [ -90.548903, 41.709523 ], [ -90.549005, 41.706828 ], [ -90.549165, 41.702663 ], [ -90.548927, 41.699794 ], [ -90.549017, 41.698624 ], [ -90.549031, 41.697305 ], [ -90.549037, 41.694961 ], [ -90.548964, 41.69219 ], [ -90.549236, 41.68403 ], [ -90.549229, 41.676638 ], [ -90.549322, 41.669339 ], [ -90.549428, 41.664856 ], [ -90.54964, 41.662002 ], [ -90.550768, 41.66215 ], [ -90.550824, 41.662034 ], [ -90.561469, 41.662009 ], [ -90.561448, 41.665609 ], [ -90.567988, 41.665598 ], [ -90.568308, 41.665597 ], [ -90.568707, 41.665594 ], [ -90.568705, 41.661995 ], [ -90.578441, 41.661991 ], [ -90.578439, 41.662463 ], [ -90.578405, 41.665635 ], [ -90.581289, 41.665634 ], [ -90.583361, 41.665633 ], [ -90.583478, 41.662639 ], [ -90.586898, 41.662643 ], [ -90.587594, 41.661985 ], [ -90.591106, 41.661966 ], [ -90.592161, 41.661965 ], [ -90.593012, 41.661962 ], [ -90.592993, 41.662439 ], [ -90.597813, 41.662443 ], [ -90.607527, 41.662419 ], [ -90.607562, 41.658315 ], [ -90.597858, 41.658332 ], [ -90.597859, 41.658296 ], [ -90.59789, 41.654692 ], [ -90.597927, 41.649869 ], [ -90.602626, 41.649863 ], [ -90.602652, 41.647393 ], [ -90.605238, 41.64739 ], [ -90.605274, 41.643746 ], [ -90.6077, 41.643748 ], [ -90.607736, 41.64011 ], [ -90.607757, 41.636462 ], [ -90.617496, 41.636526 ], [ -90.617531, 41.629241 ], [ -90.627172, 41.629316 ], [ -90.627125, 41.622861 ], [ -90.617498, 41.620045 ], [ -90.612644, 41.619 ], [ -90.607193, 41.618211 ], [ -90.598029, 41.618212 ], [ -90.58072, 41.618283 ], [ -90.580742, 41.619261 ], [ -90.572183, 41.619355 ], [ -90.571264, 41.619859 ], [ -90.570616, 41.620939 ], [ -90.568891, 41.617803 ], [ -90.567774, 41.614794 ], [ -90.569402, 41.612959 ], [ -90.570699, 41.612949 ], [ -90.570697, 41.611047 ], [ -90.578626, 41.610977 ], [ -90.578583, 41.610603 ], [ -90.578551, 41.610557 ], [ -90.578512, 41.610348 ], [ -90.578511, 41.6098 ], [ -90.578505, 41.607512 ], [ -90.578559, 41.607358 ], [ -90.578554, 41.603653 ], [ -90.569011, 41.603728 ], [ -90.568986, 41.604143 ], [ -90.568892, 41.605551 ], [ -90.568886, 41.608805 ], [ -90.56603, 41.608811 ], [ -90.565403, 41.606653 ], [ -90.56525, 41.606126 ], [ -90.564327, 41.603736 ], [ -90.565007, 41.606625 ], [ -90.565157, 41.607144 ], [ -90.566281, 41.611024 ], [ -90.563375, 41.611005 ], [ -90.563018, 41.611 ], [ -90.5578, 41.610978 ], [ -90.549506, 41.611067 ] ] ] ] } },
{ "type": "Feature", "properties": { "id": 30, "NAME": "30", "TotalPop": 31631, "PopDevPct": -0.00854729, "DemPct": 0.35439195, "RepPct": 0.6273904, "WhitePct": 0.94525904, "MinorityPct": 0.05474096, "BlackPct": 0.00700554, "HispanicPct": 0.02028348, "PacificPct": 0.00093679, "AsianPct": 0.00578364, "NativePct": 0.01449984, "TotalVAP": 24552, "Margin": -0.27299845, "color": "#960018", "opacity": "0.5", "DemPct2": 0.3846399, "RepPct2": 0.59809858, "Margin2": -0.21345868, "Swing": -0.05953977, "R_Margin": -0.1447152332, "R_Margin2": -0.1360054931000001, "R_Swing": -0.0087097400999999325, "Majority": "White" }, "geometry": { "type": "MultiPolygon", "coordinates": [ [ [ [ -91.365989, 41.772922 ], [ -91.365925, 41.768958 ], [ -91.365899, 41.758502 ], [ -91.365971, 41.743742 ], [ -91.366067, 41.729196 ], [ -91.366066, 41.728072 ], [ -91.36616, 41.707347 ], [ -91.366221, 41.685886 ], [ -91.366072, 41.685579 ], [ -91.366268, 41.68188 ], [ -91.366276, 41.680926 ], [ -91.366285, 41.678326 ], [ -91.366331, 41.671093 ], [ -91.366296, 41.66735 ], [ -91.36632, 41.666207 ], [ -91.366323, 41.665993 ], [ -91.366395, 41.656457 ], [ -91.366439, 41.64197 ], [ -91.366456, 41.634714 ], [ -91.366483, 41.628194 ], [ -91.366484, 41.623851 ], [ -91.366269, 41.620256 ], [ -91.366425, 41.616781 ], [ -91.366425, 41.616715 ], [ -91.366432, 41.61294 ], [ -91.366448, 41.598373 ], [ -91.347125, 41.598343 ], [ -91.328013, 41.598322 ], [ -91.327781, 41.598129 ], [ -91.30904, 41.598133 ], [ -91.308577, 41.598135 ], [ -91.307884, 41.598134 ], [ -91.304656, 41.598143 ], [ -91.292489, 41.598146 ], [ -91.283621, 41.598172 ], [ -91.269394, 41.59808 ], [ -91.261254, 41.598048 ], [ -91.250985, 41.598029 ], [ -91.249708, 41.598005 ], [ -91.23093, 41.597936 ], [ -91.229928, 41.59794 ], [ -91.226429, 41.59794 ], [ -91.221009, 41.597933 ], [ -91.210627, 41.597898 ], [ -91.20204, 41.597871 ], [ -91.196082, 41.597846 ], [ -91.183284, 41.597787 ], [ -91.18155, 41.597777 ], [ -91.163949, 41.597637 ], [ -91.153719, 41.597602 ], [ -91.144256, 41.597608 ], [ -91.134322, 41.59763 ], [ -91.127611, 41.597632 ], [ -91.126349, 41.597623 ], [ -91.125329, 41.597619 ], [ -91.095085, 41.597467 ], [ -91.094335, 41.597469 ], [ -91.07891, 41.597404 ], [ -91.062392, 41.597365 ], [ -91.062064, 41.597368 ], [ -91.059404, 41.597414 ], [ -91.053237, 41.597396 ], [ -91.04296, 41.597411 ], [ -91.038231, 41.597405 ], [ -91.037067, 41.5974 ], [ -91.021857, 41.597401 ], [ -91.020982, 41.597403 ], [ -91.01884, 41.597405 ], [ -91.01655, 41.597405 ], [ -91.011302, 41.597401 ], [ -91.00529, 41.597384 ], [ -90.996692, 41.597382 ], [ -90.977265, 41.597234 ], [ -90.970963, 41.597225 ], [ -90.967306, 41.597298 ], [ -90.966526, 41.597301 ], [ -90.964228, 41.597297 ], [ -90.958001, 41.597295 ], [ -90.945136, 41.597248 ], [ -90.933793, 41.597228 ], [ -90.933713, 41.597227 ], [ -90.925773, 41.597227 ], [ -90.914238, 41.597156 ], [ -90.909442, 41.597138 ], [ -90.907958, 41.597135 ], [ -90.905755, 41.597146 ], [ -90.904213, 41.597145 ], [ -90.903065, 41.597142 ], [ -90.899853, 41.597133 ], [ -90.892712, 41.597128 ], [ -90.890919, 41.597085 ], [ -90.888711, 41.596882 ], [ -90.880741, 41.596883 ], [ -90.875559, 41.596856 ], [ -90.85995, 41.59676 ], [ -90.859321, 41.596758 ], [ -90.857079, 41.596747 ], [ -90.853483, 41.596736 ], [ -90.841283, 41.596689 ], [ -90.826775, 41.596629 ], [ -90.822773, 41.596618 ], [ -90.812244, 41.596579 ], [ -90.803102, 41.596552 ], [ -90.802553, 41.59655 ], [ -90.783812, 41.596531 ], [ -90.783756, 41.592889 ], [ -90.783854, 41.590256 ], [ -90.783664, 41.589219 ], [ -90.783811, 41.586022 ], [ -90.783762, 41.582062 ], [ -90.783977, 41.576573 ], [ -90.784022, 41.574825 ], [ -90.78411, 41.569036 ], [ -90.784217, 41.560145 ], [ -90.784353, 41.552963 ], [ -90.784513, 41.545627 ], [ -90.784633, 41.538349 ], [ -90.784709, 41.531475 ], [ -90.784716, 41.53102 ], [ -90.784917, 41.520111 ], [ -90.784986, 41.516519 ], [ -90.784994, 41.515854 ], [ -90.785031, 41.51376 ], [ -90.78505, 41.512899 ], [ -90.785059, 41.512652 ], [ -90.785133, 41.5093 ], [ -90.785255, 41.500038 ], [ -90.785526, 41.487477 ], [ -90.785999, 41.46575 ], [ -90.786161, 41.458415 ], [ -90.786166, 41.458185 ], [ -90.786216, 41.455853 ], [ -90.786282, 41.452888 ], [ -90.777583, 41.451261 ], [ -90.771672, 41.450761 ], [ -90.763471, 41.450559 ], [ -90.751706, 41.449678 ], [ -90.745946, 41.44973 ], [ -90.737537, 41.450127 ], [ -90.733441, 41.450931 ], [ -90.723325, 41.452261 ], [ -90.707858, 41.453743 ], [ -90.701159, 41.454743 ], [ -90.690951, 41.456643 ], [ -90.68724, 41.457632 ], [ -90.676439, 41.460832 ], [ -90.668939, 41.460632 ], [ -90.668939, 41.463732 ], [ -90.668961, 41.464305 ], [ -90.668917, 41.466833 ], [ -90.668912, 41.467127 ], [ -90.668881, 41.478669 ], [ -90.669125, 41.479965 ], [ -90.668932, 41.486474 ], [ -90.668968, 41.490974 ], [ -90.668923, 41.500879 ], [ -90.669598, 41.502413 ], [ -90.671716, 41.504427 ], [ -90.673445, 41.507336 ], [ -90.676583, 41.508971 ], [ -90.676755, 41.509076 ], [ -90.674595, 41.509536 ], [ -90.674433, 41.512325 ], [ -90.675079, 41.51363 ], [ -90.675123, 41.519993 ], [ -90.674569, 41.522963 ], [ -90.675374, 41.523614 ], [ -90.675354, 41.525336 ], [ -90.674921, 41.525413 ], [ -90.674892, 41.527859 ], [ -90.676514, 41.534541 ], [ -90.678906, 41.537047 ], [ -90.679473, 41.538199 ], [ -90.683123, 41.538194 ], [ -90.683384, 41.538193 ], [ -90.687922, 41.538178 ], [ -90.687867, 41.545454 ], [ -90.678786, 41.54546 ], [ -90.678593, 41.550527 ], [ -90.678758, 41.555597 ], [ -90.679463, 41.563684 ], [ -90.679572, 41.568272 ], [ -90.679072, 41.570846 ], [ -90.678474, 41.574352 ], [ -90.67854, 41.575764 ], [ -90.677664, 41.578096 ], [ -90.676968, 41.581895 ], [ -90.68731, 41.581909 ], [ -90.687089, 41.594567 ], [ -90.687061, 41.596384 ], [ -90.685818, 41.596188 ], [ -90.685633, 41.596707 ], [ -90.685654, 41.603633 ], [ -90.685648, 41.603882 ], [ -90.685783, 41.605603 ], [ -90.685792, 41.611033 ], [ -90.666219, 41.611003 ], [ -90.646503, 41.610996 ], [ -90.636856, 41.611081 ], [ -90.636866, 41.612208 ], [ -90.633539, 41.612194 ], [ -90.632005, 41.612187 ], [ -90.632006, 41.610996 ], [ -90.630816, 41.610995 ], [ -90.630794, 41.614638 ], [ -90.622281, 41.614609 ], [ -90.622295, 41.618271 ], [ -90.617489, 41.618246 ], [ -90.617471, 41.61458 ], [ -90.61262, 41.614547 ], [ -90.612644, 41.619 ], [ -90.617498, 41.620045 ], [ -90.627125, 41.622861 ], [ -90.627172, 41.629316 ], [ -90.617531, 41.629241 ], [ -90.617496, 41.636526 ], [ -90.607757, 41.636462 ], [ -90.607736, 41.64011 ], [ -90.6077, 41.643748 ], [ -90.605274, 41.643746 ], [ -90.605238, 41.64739 ], [ -90.602652, 41.647393 ], [ -90.602626, 41.649863 ], [ -90.597927, 41.649869 ], [ -90.59789, 41.654692 ], [ -90.597859, 41.658296 ], [ -90.597858, 41.658332 ], [ -90.607562, 41.658315 ], [ -90.607527, 41.662419 ], [ -90.597813, 41.662443 ], [ -90.592993, 41.662439 ], [ -90.593012, 41.661962 ], [ -90.592161, 41.661965 ], [ -90.591106, 41.661966 ], [ -90.587594, 41.661985 ], [ -90.586898, 41.662643 ], [ -90.583478, 41.662639 ], [ -90.583361, 41.665633 ], [ -90.581289, 41.665634 ], [ -90.578405, 41.665635 ], [ -90.578439, 41.662463 ], [ -90.578441, 41.661991 ], [ -90.568705, 41.661995 ], [ -90.568707, 41.665594 ], [ -90.568308, 41.665597 ], [ -90.567988, 41.665598 ], [ -90.561448, 41.665609 ], [ -90.561469, 41.662009 ], [ -90.550824, 41.662034 ], [ -90.550768, 41.66215 ], [ -90.54964, 41.662002 ], [ -90.549428, 41.664856 ], [ -90.549322, 41.669339 ], [ -90.549229, 41.676638 ], [ -90.549236, 41.68403 ], [ -90.548964, 41.69219 ], [ -90.549037, 41.694961 ], [ -90.549031, 41.697305 ], [ -90.549017, 41.698624 ], [ -90.548927, 41.699794 ], [ -90.549165, 41.702663 ], [ -90.549005, 41.706828 ], [ -90.548903, 41.709523 ], [ -90.548899, 41.72402 ], [ -90.548841, 41.727688 ], [ -90.548811, 41.749524 ], [ -90.548806, 41.761611 ], [ -90.548418, 41.767029 ], [ -90.548711, 41.769236 ], [ -90.549994, 41.768939 ], [ -90.550269, 41.767292 ], [ -90.549537, 41.763565 ], [ -90.550911, 41.763519 ], [ -90.553263, 41.764617 ], [ -90.555405, 41.764528 ], [ -90.559637, 41.763633 ], [ -90.562322, 41.764373 ], [ -90.563783, 41.765695 ], [ -90.564763, 41.765831 ], [ -90.565966, 41.764688 ], [ -90.565081, 41.763355 ], [ -90.565416, 41.762468 ], [ -90.56648, 41.76233 ], [ -90.56793, 41.763213 ], [ -90.568218, 41.763358 ], [ -90.569937, 41.763664 ], [ -90.574856, 41.761853 ], [ -90.577207, 41.759678 ], [ -90.579131, 41.759129 ], [ -90.581544, 41.760843 ], [ -90.582888, 41.7613 ], [ -90.584141, 41.763267 ], [ -90.58769, 41.76341 ], [ -90.589028, 41.764409 ], [ -90.588907, 41.766993 ], [ -90.589314, 41.767786 ], [ -90.589187, 41.769945 ], [ -90.590702, 41.770622 ], [ -90.59242, 41.770639 ], [ -90.59523, 41.769278 ], [ -90.597092, 41.767608 ], [ -90.598892, 41.763995 ], [ -90.600083, 41.762988 ], [ -90.602953, 41.762507 ], [ -90.604726, 41.762895 ], [ -90.60662, 41.763832 ], [ -90.609889, 41.76431 ], [ -90.611263, 41.763966 ], [ -90.612513, 41.761543 ], [ -90.612357, 41.759143 ], [ -90.612844, 41.758205 ], [ -90.614643, 41.756832 ], [ -90.616284, 41.756478 ], [ -90.617608, 41.757286 ], [ -90.61816, 41.758453 ], [ -90.618161, 41.759047 ], [ -90.620331, 41.761538 ], [ -90.623632, 41.76364 ], [ -90.626525, 41.764712 ], [ -90.630679, 41.765354 ], [ -90.633154, 41.763984 ], [ -90.633827, 41.761903 ], [ -90.636364, 41.760967 ], [ -90.638532, 41.761128 ], [ -90.640761, 41.7617 ], [ -90.64238, 41.761541 ], [ -90.64403, 41.760101 ], [ -90.645131, 41.75754 ], [ -90.647209, 41.75626 ], [ -90.651454, 41.755416 ], [ -90.654141, 41.75624 ], [ -90.656125, 41.757841 ], [ -90.655849, 41.760631 ], [ -90.657528, 41.762804 ], [ -90.657436, 41.764084 ], [ -90.659756, 41.765205 ], [ -90.661161, 41.765389 ], [ -90.66388, 41.764383 ], [ -90.665823, 41.764419 ], [ -90.667851, 41.764475 ], [ -90.670051, 41.76363 ], [ -90.671883, 41.762807 ], [ -90.675213, 41.761915 ], [ -90.676526, 41.760932 ], [ -90.677565, 41.758028 ], [ -90.676099, 41.75629 ], [ -90.676344, 41.75565 ], [ -90.678786, 41.754864 ], [ -90.681749, 41.754552 ], [ -90.683123, 41.755216 ], [ -90.684223, 41.756611 ], [ -90.685383, 41.757205 ], [ -90.686971, 41.756862 ], [ -90.68746, 41.75565 ], [ -90.686513, 41.753798 ], [ -90.68688, 41.752471 ], [ -90.688315, 41.751785 ], [ -90.69314, 41.750642 ], [ -90.694342, 41.748928 ], [ -90.692742, 41.747628 ], [ -90.692042, 41.746728 ], [ -90.691167, 41.745229 ], [ -90.691642, 41.743128 ], [ -90.692342, 41.742928 ], [ -90.693703, 41.743189 ], [ -90.695642, 41.743528 ], [ -90.696342, 41.743428 ], [ -90.69668, 41.743315 ], [ -90.697542, 41.743028 ], [ -90.697649, 41.742906 ], [ -90.697887, 41.74264 ], [ -90.697977, 41.742537 ], [ -90.69825, 41.74223 ], [ -90.698342, 41.742128 ], [ -90.698842, 41.741528 ], [ -90.700627, 41.740545 ], [ -90.700902, 41.740262 ], [ -90.701817, 41.738317 ], [ -90.702142, 41.737728 ], [ -90.703572, 41.737226 ], [ -90.704542, 41.737328 ], [ -90.705089, 41.737573 ], [ -90.706258, 41.738515 ], [ -90.706742, 41.739128 ], [ -90.707036, 41.740247 ], [ -90.707738, 41.740377 ], [ -90.707942, 41.740228 ], [ -90.708409, 41.740194 ], [ -90.709462, 41.739644 ], [ -90.711095, 41.739728 ], [ -90.712117, 41.739354 ], [ -90.712514, 41.738843 ], [ -90.712529, 41.738279 ], [ -90.712331, 41.73715 ], [ -90.712682, 41.735387 ], [ -90.713475, 41.73467 ], [ -90.713902, 41.734578 ], [ -90.716573, 41.735525 ], [ -90.717842, 41.736228 ], [ -90.71996, 41.736843 ], [ -90.721843, 41.736927 ], [ -90.722341, 41.736996 ], [ -90.722921, 41.73888 ], [ -90.72492, 41.741452 ], [ -90.726187, 41.742314 ], [ -90.72756, 41.742054 ], [ -90.728704, 41.740902 ], [ -90.728643, 41.739559 ], [ -90.729743, 41.738427 ], [ -90.731588, 41.737408 ], [ -90.734426, 41.738209 ], [ -90.736152, 41.740574 ], [ -90.740261, 41.741218 ], [ -90.741632, 41.741076 ], [ -90.743643, 41.741527 ], [ -90.744146, 41.741947 ], [ -90.744696, 41.742787 ], [ -90.74523, 41.743283 ], [ -90.746143, 41.743827 ], [ -90.746618, 41.743969 ], [ -90.748114, 41.743977 ], [ -90.748926, 41.74415 ], [ -90.74933, 41.744436 ], [ -90.750144, 41.745648 ], [ -90.750715, 41.746664 ], [ -90.753034, 41.748998 ], [ -90.75331, 41.750027 ], [ -90.75267, 41.751606 ], [ -90.752974, 41.752978 ], [ -90.754744, 41.754603 ], [ -90.755017, 41.756615 ], [ -90.756665, 41.758102 ], [ -90.758436, 41.758103 ], [ -90.759931, 41.759247 ], [ -90.760327, 41.760985 ], [ -90.761883, 41.762815 ], [ -90.765028, 41.7638 ], [ -90.768296, 41.765264 ], [ -90.771472, 41.765769 ], [ -90.772082, 41.767164 ], [ -90.773456, 41.76785 ], [ -90.777091, 41.76728 ], [ -90.782174, 41.768008 ], [ -90.783688, 41.768218 ], [ -90.78546, 41.769066 ], [ -90.786212, 41.771369 ], [ -90.796555, 41.771411 ], [ -90.804744, 41.771445 ], [ -90.82102, 41.77151 ], [ -90.825635, 41.771529 ], [ -90.827139, 41.771536 ], [ -90.830653, 41.771548 ], [ -90.832541, 41.771554 ], [ -90.848133, 41.771521 ], [ -90.849819, 41.77155 ], [ -90.850387, 41.771594 ], [ -90.855797, 41.771557 ], [ -90.859227, 41.771507 ], [ -90.859744, 41.771479 ], [ -90.861647, 41.771414 ], [ -90.869616, 41.771543 ], [ -90.879013, 41.771593 ], [ -90.879143, 41.771614 ], [ -90.886902, 41.771414 ], [ -90.898373, 41.771392 ], [ -90.898361, 41.773685 ], [ -90.898326, 41.778679 ], [ -90.898317, 41.780233 ], [ -90.898167, 41.792957 ], [ -90.898179, 41.798766 ], [ -90.898427, 41.804207 ], [ -90.898359, 41.810328 ], [ -90.898436, 41.815205 ], [ -90.898482, 41.82377 ], [ -90.898348, 41.833491 ], [ -90.898329, 41.836855 ], [ -90.898593, 41.837002 ], [ -90.898501, 41.84244 ], [ -90.898467, 41.844402 ], [ -90.898465, 41.844513 ], [ -90.898319, 41.851614 ], [ -90.898388, 41.851683 ], [ -90.898276, 41.858722 ], [ -90.898323, 41.876981 ], [ -90.89836, 41.887998 ], [ -90.898405, 41.8953 ], [ -90.89846, 41.905537 ], [ -90.898464, 41.906446 ], [ -90.898771, 41.907509 ], [ -90.898941, 41.918528 ], [ -90.898337, 41.920735 ], [ -90.89845, 41.922562 ], [ -90.898434, 41.924344 ], [ -90.898461, 41.928125 ], [ -90.898611, 41.944367 ], [ -90.898484, 41.946245 ], [ -90.910902, 41.946217 ], [ -90.917904, 41.946293 ], [ -90.937301, 41.946509 ], [ -90.952066, 41.946666 ], [ -90.966628, 41.946688 ], [ -90.976503, 41.946686 ], [ -90.989057, 41.946696 ], [ -90.993253, 41.946688 ], [ -91.005342, 41.94663 ], [ -91.014978, 41.946596 ], [ -91.019933, 41.946604 ], [ -91.034687, 41.946605 ], [ -91.042342, 41.946565 ], [ -91.049474, 41.946705 ], [ -91.053429, 41.946607 ], [ -91.054409, 41.946606 ], [ -91.073579, 41.94664 ], [ -91.073708, 41.946638 ], [ -91.088334, 41.946677 ], [ -91.093178, 41.946684 ], [ -91.093397, 41.946664 ], [ -91.112665, 41.946767 ], [ -91.113084, 41.946753 ], [ -91.132172, 41.946778 ], [ -91.151821, 41.946854 ], [ -91.161455, 41.946896 ], [ -91.161691, 41.946899 ], [ -91.190922, 41.94702 ], [ -91.205944, 41.947087 ], [ -91.210218, 41.947082 ], [ -91.210574, 41.947073 ], [ -91.234488, 41.947185 ], [ -91.249113, 41.947205 ], [ -91.268737, 41.947212 ], [ -91.288315, 41.947235 ], [ -91.30767, 41.947205 ], [ -91.32775, 41.947184 ], [ -91.337515, 41.947182 ], [ -91.346392, 41.947257 ], [ -91.356414, 41.94728 ], [ -91.365877, 41.94741 ], [ -91.365974, 41.926996 ], [ -91.365977, 41.926059 ], [ -91.366006, 41.918271 ], [ -91.366014, 41.916777 ], [ -91.366138, 41.903168 ], [ -91.366119, 41.893897 ], [ -91.366166, 41.879006 ], [ -91.366208, 41.865931 ], [ -91.366221, 41.860069 ], [ -91.366079, 41.860068 ], [ -91.366125, 41.838247 ], [ -91.36615, 41.827423 ], [ -91.366021, 41.824057 ], [ -91.366036, 41.819945 ], [ -91.366046, 41.818502 ], [ -91.366048, 41.81796 ], [ -91.366045, 41.816539 ], [ -91.366023, 41.803366 ], [ -91.366023, 41.790949 ], [ -91.366019, 41.783714 ], [ -91.365989, 41.772922 ] ] ] ] } },
{ "type": "Feature", "properties": { "id": 31, "NAME": "31", "TotalPop": 33040, "PopDevPct": 0.03561688, "DemPct": 0.28632696, "RepPct": 0.69798544, "WhitePct": 0.94410942, "MinorityPct": 0.05589058, "BlackPct": 0.00595168, "HispanicPct": 0.02427969, "PacificPct": 0.00201017, "AsianPct": 0.00764653, "NativePct": 0.01190335, "TotalVAP": 25371, "Margin": -0.41165848, "color": "#960018", "opacity": "0.5", "DemPct2": 0.31178769, "RepPct2": 0.66986866, "Margin2": -0.35808097, "Swing": -0.05357751, "R_Margin": -0.2833752632, "R_Margin2": -0.2806277831, "R_Swing": -0.0027474800999999355, "Majority": "White" }, "geometry": { "type": "MultiPolygon", "coordinates": [ [ [ [ -92.884997, 42.210004 ], [ -92.874153, 42.210061 ], [ -92.869334, 42.21007 ], [ -92.864472, 42.210078 ], [ -92.854874, 42.210062 ], [ -92.845061, 42.210052 ], [ -92.835168, 42.210089 ], [ -92.825664, 42.210124 ], [ -92.806632, 42.210111 ], [ -92.804392, 42.210033 ], [ -92.801346, 42.209989 ], [ -92.786844, 42.210035 ], [ -92.777204, 42.210064 ], [ -92.767463, 42.21014 ], [ -92.767475, 42.21202 ], [ -92.767446, 42.218821 ], [ -92.767483, 42.224668 ], [ -92.767552, 42.239148 ], [ -92.767572, 42.244316 ], [ -92.767754, 42.25356 ], [ -92.767867, 42.268003 ], [ -92.767924, 42.275255 ], [ -92.767952, 42.278819 ], [ -92.767964, 42.280338 ], [ -92.767969, 42.282426 ], [ -92.76809, 42.29668 ], [ -92.757665, 42.296695 ], [ -92.728612, 42.296807 ], [ -92.709219, 42.296807 ], [ -92.689547, 42.296862 ], [ -92.680136, 42.296831 ], [ -92.67041, 42.296895 ], [ -92.650935, 42.296885 ], [ -92.630501, 42.296854 ], [ -92.611113, 42.296883 ], [ -92.591713, 42.296912 ], [ -92.575973, 42.296896 ], [ -92.5723, 42.296881 ], [ -92.55293, 42.296942 ], [ -92.53351, 42.297001 ], [ -92.533549, 42.31143 ], [ -92.533603, 42.325864 ], [ -92.533677, 42.340312 ], [ -92.533718, 42.351126 ], [ -92.533794, 42.369141 ], [ -92.53383, 42.375009 ], [ -92.533841, 42.37727 ], [ -92.533862, 42.384022 ], [ -92.533876, 42.391735 ], [ -92.533889, 42.404509 ], [ -92.533889, 42.406198 ], [ -92.533915, 42.413422 ], [ -92.533971, 42.427796 ], [ -92.533989, 42.438509 ], [ -92.533995, 42.442242 ], [ -92.534098, 42.456666 ], [ -92.534047, 42.463541 ], [ -92.53405, 42.463797 ], [ -92.534023, 42.468999 ], [ -92.534015, 42.469592 ], [ -92.534805, 42.469591 ], [ -92.55433, 42.469601 ], [ -92.55435, 42.484147 ], [ -92.554343, 42.498634 ], [ -92.554348, 42.500103 ], [ -92.554357, 42.50324 ], [ -92.554366, 42.513239 ], [ -92.554401, 42.527783 ], [ -92.554468, 42.542316 ], [ -92.5543, 42.555854 ], [ -92.574096, 42.55586 ], [ -92.580197, 42.555871 ], [ -92.613435, 42.555863 ], [ -92.625192, 42.555792 ], [ -92.629493, 42.556047 ], [ -92.633076, 42.555821 ], [ -92.652735, 42.555793 ], [ -92.67302, 42.555801 ], [ -92.672995, 42.565111 ], [ -92.673228, 42.565375 ], [ -92.673077, 42.568882 ], [ -92.672955, 42.577522 ], [ -92.672946, 42.579209 ], [ -92.67294, 42.591913 ], [ -92.672803, 42.606426 ], [ -92.672737, 42.628196 ], [ -92.672822, 42.636486 ], [ -92.672734, 42.642408 ], [ -92.69143, 42.642486 ], [ -92.702198, 42.64246 ], [ -92.712028, 42.642477 ], [ -92.73168, 42.64247 ], [ -92.771039, 42.642463 ], [ -92.780882, 42.642468 ], [ -92.790497, 42.642474 ], [ -92.810105, 42.642532 ], [ -92.839655, 42.642574 ], [ -92.849453, 42.642654 ], [ -92.864244, 42.642721 ], [ -92.869134, 42.642659 ], [ -92.875182, 42.642842 ], [ -92.884592, 42.642854 ], [ -92.888819, 42.642947 ], [ -92.890323, 42.64297 ], [ -92.903956, 42.642861 ], [ -92.907843, 42.642695 ], [ -92.907963, 42.640688 ], [ -92.907971, 42.628688 ], [ -92.907849, 42.628699 ], [ -92.907856, 42.614203 ], [ -92.907853, 42.599713 ], [ -92.907795, 42.593016 ], [ -92.907996, 42.5881 ], [ -92.907797, 42.58664 ], [ -92.907799, 42.585164 ], [ -92.90795, 42.556199 ], [ -92.927617, 42.556395 ], [ -92.947275, 42.55657 ], [ -92.958924, 42.556585 ], [ -92.966935, 42.556625 ], [ -92.976777, 42.556675 ], [ -92.986588, 42.556708 ], [ -93.006232, 42.556734 ], [ -93.027, 42.55681 ], [ -93.040652, 42.556788 ], [ -93.041651, 42.556788 ], [ -93.041813, 42.556788 ], [ -93.044635, 42.556781 ], [ -93.045584, 42.556778 ], [ -93.046784, 42.556777 ], [ -93.049842, 42.556747 ], [ -93.051468, 42.556743 ], [ -93.053084, 42.556736 ], [ -93.054703, 42.556734 ], [ -93.056288, 42.55674 ], [ -93.057534, 42.556746 ], [ -93.05857, 42.556755 ], [ -93.059642, 42.556763 ], [ -93.060696, 42.556767 ], [ -93.062301, 42.556774 ], [ -93.063867, 42.556781 ], [ -93.065462, 42.556785 ], [ -93.066113, 42.556776 ], [ -93.075923, 42.556717 ], [ -93.086994, 42.556712 ], [ -93.095571, 42.556712 ], [ -93.10541, 42.556726 ], [ -93.12506, 42.556753 ], [ -93.144583, 42.556742 ], [ -93.154422, 42.556778 ], [ -93.164184, 42.556858 ], [ -93.188649, 42.556926 ], [ -93.193565, 42.55695 ], [ -93.203293, 42.557001 ], [ -93.212982, 42.557106 ], [ -93.232744, 42.557136 ], [ -93.243076, 42.557153 ], [ -93.259189, 42.557113 ], [ -93.262149, 42.557112 ], [ -93.271963, 42.557157 ], [ -93.281816, 42.557219 ], [ -93.289726, 42.55726 ], [ -93.290604, 42.557263 ], [ -93.311374, 42.557339 ], [ -93.321155, 42.557378 ], [ -93.33107, 42.557407 ], [ -93.340931, 42.557446 ], [ -93.360653, 42.557498 ], [ -93.36693, 42.557535 ], [ -93.375525, 42.557535 ], [ -93.380889, 42.557563 ], [ -93.390776, 42.557629 ], [ -93.398194, 42.557387 ], [ -93.405432, 42.557314 ], [ -93.405978, 42.557613 ], [ -93.417747, 42.557555 ], [ -93.419909, 42.557541 ], [ -93.439551, 42.557557 ], [ -93.459188, 42.557605 ], [ -93.478787, 42.557648 ], [ -93.478983, 42.557489 ], [ -93.479072, 42.557425 ], [ -93.480764, 42.55764 ], [ -93.499485, 42.5577 ], [ -93.499572, 42.543408 ], [ -93.499474, 42.528892 ], [ -93.499383, 42.517987 ], [ -93.49934, 42.514425 ], [ -93.499207, 42.51188 ], [ -93.49912, 42.501666 ], [ -93.49922, 42.49993 ], [ -93.499183, 42.493731 ], [ -93.499186, 42.492675 ], [ -93.499178, 42.485408 ], [ -93.499098, 42.470975 ], [ -93.493508, 42.470942 ], [ -93.482051, 42.470864 ], [ -93.469067, 42.470815 ], [ -93.462635, 42.470802 ], [ -93.462776, 42.455946 ], [ -93.462839, 42.448804 ], [ -93.462841, 42.448574 ], [ -93.462771, 42.441381 ], [ -93.462797, 42.438186 ], [ -93.462909, 42.427067 ], [ -93.462942, 42.41259 ], [ -93.462956, 42.408073 ], [ -93.462827, 42.398146 ], [ -93.462883, 42.392846 ], [ -93.462895, 42.383688 ], [ -93.462884, 42.380683 ], [ -93.462924, 42.368481 ], [ -93.462973, 42.353999 ], [ -93.46304, 42.339509 ], [ -93.462976, 42.324998 ], [ -93.462893, 42.310492 ], [ -93.462885, 42.296 ], [ -93.462955, 42.281695 ], [ -93.462995, 42.267226 ], [ -93.463106, 42.252768 ], [ -93.4631, 42.238298 ], [ -93.463084, 42.2238 ], [ -93.463043, 42.209302 ], [ -93.453692, 42.209313 ], [ -93.443945, 42.209367 ], [ -93.441664, 42.209166 ], [ -93.434226, 42.209226 ], [ -93.424496, 42.209283 ], [ -93.405035, 42.209253 ], [ -93.39541, 42.209286 ], [ -93.385557, 42.209274 ], [ -93.378189, 42.209167 ], [ -93.366103, 42.209307 ], [ -93.346614, 42.209229 ], [ -93.338858, 42.209197 ], [ -93.329119, 42.209182 ], [ -93.309653, 42.209153 ], [ -93.290154, 42.20908 ], [ -93.27551, 42.209059 ], [ -93.265794, 42.209032 ], [ -93.25936, 42.20902 ], [ -93.256035, 42.209027 ], [ -93.251205, 42.209002 ], [ -93.246115, 42.209012 ], [ -93.241431, 42.209032 ], [ -93.232012, 42.209009 ], [ -93.231722, 42.208886 ], [ -93.215304, 42.208849 ], [ -93.195807, 42.208819 ], [ -93.166557, 42.208768 ], [ -93.151991, 42.208742 ], [ -93.132501, 42.208709 ], [ -93.122754, 42.208702 ], [ -93.117879, 42.208733 ], [ -93.106777, 42.208763 ], [ -93.101561, 42.208767 ], [ -93.098813, 42.208777 ], [ -93.06964, 42.209036 ], [ -93.059915, 42.208984 ], [ -93.044575, 42.209246 ], [ -93.033377, 42.209262 ], [ -93.02945, 42.209267 ], [ -93.019809, 42.209229 ], [ -93.0162, 42.209173 ], [ -93.010296, 42.209179 ], [ -93.002628, 42.209266 ], [ -93.001674, 42.209267 ], [ -92.982055, 42.209533 ], [ -92.962716, 42.209646 ], [ -92.961857, 42.209653 ], [ -92.953072, 42.209709 ], [ -92.943327, 42.209764 ], [ -92.933554, 42.209806 ], [ -92.923889, 42.209787 ], [ -92.904537, 42.209901 ], [ -92.884997, 42.210004 ] ] ] ] } },
{ "type": "Feature", "properties": { "id": 32, "NAME": "32", "TotalPop": 33463, "PopDevPct": 0.04887554, "DemPct": 0.29026217, "RepPct": 0.69391084, "WhitePct": 0.88128513, "MinorityPct": 0.11871487, "BlackPct": 0.00562149, "HispanicPct": 0.092208, "PacificPct": 0.00144441, "AsianPct": 0.00585572, "NativePct": 0.01342911, "TotalVAP": 25616, "Margin": -0.40364867, "color": "#960018", "opacity": "0.5", "DemPct2": 0.31655216, "RepPct2": 0.66601235, "Margin2": -0.34946019, "Swing": -0.05418848, "R_Margin": -0.2753654532000001, "R_Margin2": -0.2720070031, "R_Swing": -0.0033584501, "Majority": "White" }, "geometry": { "type": "MultiPolygon", "coordinates": [ [ [ [ -93.262149, 42.557112 ], [ -93.259189, 42.557113 ], [ -93.243076, 42.557153 ], [ -93.232744, 42.557136 ], [ -93.212982, 42.557106 ], [ -93.203293, 42.557001 ], [ -93.193565, 42.55695 ], [ -93.188649, 42.556926 ], [ -93.164184, 42.556858 ], [ -93.154422, 42.556778 ], [ -93.144583, 42.556742 ], [ -93.12506, 42.556753 ], [ -93.10541, 42.556726 ], [ -93.095571, 42.556712 ], [ -93.086994, 42.556712 ], [ -93.075923, 42.556717 ], [ -93.066113, 42.556776 ], [ -93.065462, 42.556785 ], [ -93.063867, 42.556781 ], [ -93.062301, 42.556774 ], [ -93.060696, 42.556767 ], [ -93.059642, 42.556763 ], [ -93.05857, 42.556755 ], [ -93.057534, 42.556746 ], [ -93.056288, 42.55674 ], [ -93.054703, 42.556734 ], [ -93.053084, 42.556736 ], [ -93.051468, 42.556743 ], [ -93.049842, 42.556747 ], [ -93.046784, 42.556777 ], [ -93.045584, 42.556778 ], [ -93.044635, 42.556781 ], [ -93.041813, 42.556788 ], [ -93.041651, 42.556788 ], [ -93.040652, 42.556788 ], [ -93.027, 42.55681 ], [ -93.006232, 42.556734 ], [ -92.986588, 42.556708 ], [ -92.976777, 42.556675 ], [ -92.966935, 42.556625 ], [ -92.958924, 42.556585 ], [ -92.947275, 42.55657 ], [ -92.927617, 42.556395 ], [ -92.90795, 42.556199 ], [ -92.907799, 42.585164 ], [ -92.907797, 42.58664 ], [ -92.907996, 42.5881 ], [ -92.907795, 42.593016 ], [ -92.907853, 42.599713 ], [ -92.907856, 42.614203 ], [ -92.907849, 42.628699 ], [ -92.907971, 42.628688 ], [ -92.907963, 42.640688 ], [ -92.907843, 42.642695 ], [ -92.903956, 42.642861 ], [ -92.890323, 42.64297 ], [ -92.888819, 42.642947 ], [ -92.884592, 42.642854 ], [ -92.875182, 42.642842 ], [ -92.869134, 42.642659 ], [ -92.864244, 42.642721 ], [ -92.849453, 42.642654 ], [ -92.839655, 42.642574 ], [ -92.810105, 42.642532 ], [ -92.790497, 42.642474 ], [ -92.780882, 42.642468 ], [ -92.771039, 42.642463 ], [ -92.73168, 42.64247 ], [ -92.712028, 42.642477 ], [ -92.702198, 42.64246 ], [ -92.69143, 42.642486 ], [ -92.672734, 42.642408 ], [ -92.672822, 42.636486 ], [ -92.672737, 42.628196 ], [ -92.672803, 42.606426 ], [ -92.67294, 42.591913 ], [ -92.672946, 42.579209 ], [ -92.672955, 42.577522 ], [ -92.673077, 42.568882 ], [ -92.673228, 42.565375 ], [ -92.672995, 42.565111 ], [ -92.67302, 42.555801 ], [ -92.652735, 42.555793 ], [ -92.633076, 42.555821 ], [ -92.629493, 42.556047 ], [ -92.625192, 42.555792 ], [ -92.613435, 42.555863 ], [ -92.580197, 42.555871 ], [ -92.574096, 42.55586 ], [ -92.5543, 42.555854 ], [ -92.554517, 42.558976 ], [ -92.554591, 42.56702 ], [ -92.554589, 42.56725 ], [ -92.554516, 42.57753 ], [ -92.554502, 42.584763 ], [ -92.554497, 42.592029 ], [ -92.554489, 42.599278 ], [ -92.554486, 42.610136 ], [ -92.554489, 42.613578 ], [ -92.554141, 42.619879 ], [ -92.554256, 42.621073 ], [ -92.554351, 42.62205 ], [ -92.554387, 42.622449 ], [ -92.554655, 42.624981 ], [ -92.554478, 42.628281 ], [ -92.554482, 42.62931 ], [ -92.554493, 42.631914 ], [ -92.554492, 42.642314 ], [ -92.554481, 42.656816 ], [ -92.554431, 42.664089 ], [ -92.554432, 42.671355 ], [ -92.554411, 42.68588 ], [ -92.554519, 42.687276 ], [ -92.554771, 42.694073 ], [ -92.554771, 42.694327 ], [ -92.554779, 42.697572 ], [ -92.554782, 42.698177 ], [ -92.554799, 42.702689 ], [ -92.55443, 42.714941 ], [ -92.554495, 42.730127 ], [ -92.554438, 42.744634 ], [ -92.554472, 42.759124 ], [ -92.554444, 42.773652 ], [ -92.554451, 42.788149 ], [ -92.554446, 42.795412 ], [ -92.554421, 42.802675 ], [ -92.554413, 42.809936 ], [ -92.554405, 42.818271 ], [ -92.554402, 42.825818 ], [ -92.5544, 42.832848 ], [ -92.554375, 42.847395 ], [ -92.554308, 42.861958 ], [ -92.554276, 42.876483 ], [ -92.554253, 42.883739 ], [ -92.554229, 42.891085 ], [ -92.554211, 42.907112 ], [ -92.574044, 42.907078 ], [ -92.59389, 42.907132 ], [ -92.613736, 42.907118 ], [ -92.633541, 42.907059 ], [ -92.653394, 42.907095 ], [ -92.672895, 42.907126 ], [ -92.692695, 42.907132 ], [ -92.720699, 42.907118 ], [ -92.732356, 42.90712 ], [ -92.746951, 42.907119 ], [ -92.752163, 42.907119 ], [ -92.772002, 42.907137 ], [ -92.790497, 42.907352 ], [ -92.800226, 42.907324 ], [ -92.802748, 42.907317 ], [ -92.805214, 42.90731 ], [ -92.808858, 42.907298 ], [ -92.810156, 42.907145 ], [ -92.812579, 42.90715 ], [ -92.815194, 42.907156 ], [ -92.819121, 42.907165 ], [ -92.820092, 42.907396 ], [ -92.823421, 42.907387 ], [ -92.824879, 42.907366 ], [ -92.827039, 42.90719 ], [ -92.829755, 42.907277 ], [ -92.844517, 42.907322 ], [ -92.869233, 42.90733 ], [ -92.888977, 42.907308 ], [ -92.906809, 42.907374 ], [ -92.926509, 42.907443 ], [ -92.946183, 42.907451 ], [ -92.9557, 42.907472 ], [ -92.965906, 42.907494 ], [ -92.985714, 42.907521 ], [ -93.002125, 42.907524 ], [ -93.002474, 42.907524 ], [ -93.005278, 42.907524 ], [ -93.025144, 42.907549 ], [ -93.04491, 42.907693 ], [ -93.06462, 42.907633 ], [ -93.0843, 42.907598 ], [ -93.103949, 42.907549 ], [ -93.123728, 42.9075 ], [ -93.125198, 42.907613 ], [ -93.143172, 42.907628 ], [ -93.162875, 42.907637 ], [ -93.167206, 42.907634 ], [ -93.17748, 42.907641 ], [ -93.182425, 42.90764 ], [ -93.202105, 42.907649 ], [ -93.212182, 42.907654 ], [ -93.231515, 42.907657 ], [ -93.241531, 42.907699 ], [ -93.261912, 42.907727 ], [ -93.276806, 42.907712 ], [ -93.281603, 42.907692 ], [ -93.288599, 42.907684 ], [ -93.300261, 42.907685 ], [ -93.320958, 42.9078 ], [ -93.340546, 42.907838 ], [ -93.350757, 42.907895 ], [ -93.351144, 42.907893 ], [ -93.360139, 42.907928 ], [ -93.379684, 42.907998 ], [ -93.399459, 42.90812 ], [ -93.419223, 42.908198 ], [ -93.438913, 42.908304 ], [ -93.458538, 42.908372 ], [ -93.475435, 42.908395 ], [ -93.476818, 42.908401 ], [ -93.478213, 42.908408 ], [ -93.488031, 42.908446 ], [ -93.498617, 42.908512 ], [ -93.518409, 42.908537 ], [ -93.528323, 42.908611 ], [ -93.538131, 42.908612 ], [ -93.557916, 42.90869 ], [ -93.577697, 42.908697 ], [ -93.587559, 42.90863 ], [ -93.596516, 42.908575 ], [ -93.59758, 42.90858 ], [ -93.614765, 42.908526 ], [ -93.616547, 42.908544 ], [ -93.636286, 42.908519 ], [ -93.641057, 42.908509 ], [ -93.654, 42.90843 ], [ -93.655926, 42.908432 ], [ -93.675663, 42.908467 ], [ -93.685463, 42.908462 ], [ -93.695336, 42.908491 ], [ -93.705204, 42.90852 ], [ -93.715031, 42.908549 ], [ -93.724653, 42.908578 ], [ -93.734125, 42.908016 ], [ -93.750216, 42.908453 ], [ -93.753824, 42.908592 ], [ -93.76323, 42.908601 ], [ -93.773505, 42.908607 ], [ -93.793196, 42.908642 ], [ -93.804808, 42.908717 ], [ -93.812895, 42.908756 ], [ -93.832616, 42.908684 ], [ -93.852343, 42.908554 ], [ -93.871911, 42.908491 ], [ -93.875223, 42.908309 ], [ -93.881656, 42.908411 ], [ -93.882496, 42.908424 ], [ -93.891634, 42.908314 ], [ -93.911257, 42.908197 ], [ -93.930103, 42.90798 ], [ -93.930888, 42.907998 ], [ -93.950478, 42.907865 ], [ -93.960544, 42.907815 ], [ -93.971238, 42.907762 ], [ -93.971412, 42.891774 ], [ -93.971431, 42.884593 ], [ -93.971431, 42.877379 ], [ -93.971428, 42.862992 ], [ -93.971458, 42.847848 ], [ -93.971473, 42.834124 ], [ -93.971472, 42.831174 ], [ -93.971464, 42.827893 ], [ -93.971475, 42.826942 ], [ -93.971475, 42.826881 ], [ -93.971472, 42.825838 ], [ -93.971465, 42.819699 ], [ -93.971467, 42.818743 ], [ -93.971471, 42.814768 ], [ -93.971472, 42.804083 ], [ -93.97148, 42.796819 ], [ -93.971488, 42.789716 ], [ -93.971487, 42.789577 ], [ -93.971526, 42.782286 ], [ -93.971568, 42.775155 ], [ -93.971601, 42.767888 ], [ -93.97157, 42.763239 ], [ -93.971398, 42.746135 ], [ -93.971381, 42.734449 ], [ -93.971347, 42.73167 ], [ -93.971335, 42.727943 ], [ -93.971671, 42.717145 ], [ -93.971753, 42.69904 ], [ -93.971771, 42.69541 ], [ -93.971337, 42.695182 ], [ -93.971367, 42.691999 ], [ -93.971573, 42.688121 ], [ -93.971658, 42.673695 ], [ -93.971315, 42.673619 ], [ -93.97132, 42.669713 ], [ -93.971324, 42.666496 ], [ -93.971333, 42.659187 ], [ -93.971344, 42.655341 ], [ -93.971714, 42.644707 ], [ -93.971499, 42.630286 ], [ -93.971426, 42.625489 ], [ -93.971452, 42.620335 ], [ -93.971464, 42.615882 ], [ -93.971481, 42.606946 ], [ -93.971493, 42.601527 ], [ -93.971494, 42.600889 ], [ -93.971524, 42.587109 ], [ -93.971556, 42.572613 ], [ -93.971571, 42.564938 ], [ -93.971583, 42.558139 ], [ -93.95112, 42.557976 ], [ -93.941332, 42.557979 ], [ -93.931565, 42.557982 ], [ -93.921831, 42.557959 ], [ -93.916861, 42.557965 ], [ -93.912094, 42.557948 ], [ -93.902216, 42.55783 ], [ -93.901999, 42.557852 ], [ -93.899789, 42.557655 ], [ -93.897312, 42.557856 ], [ -93.89353, 42.557939 ], [ -93.870474, 42.557808 ], [ -93.863125, 42.55772 ], [ -93.853605, 42.557497 ], [ -93.853346, 42.557497 ], [ -93.837796, 42.557509 ], [ -93.832876, 42.557513 ], [ -93.827966, 42.557515 ], [ -93.82308, 42.557519 ], [ -93.793706, 42.557538 ], [ -93.77853, 42.557385 ], [ -93.774131, 42.557327 ], [ -93.754522, 42.557537 ], [ -93.746333, 42.557514 ], [ -93.734962, 42.557593 ], [ -93.715344, 42.557612 ], [ -93.705621, 42.557516 ], [ -93.695762, 42.557531 ], [ -93.676196, 42.55756 ], [ -93.665668, 42.557576 ], [ -93.656636, 42.55759 ], [ -93.637041, 42.557622 ], [ -93.629731, 42.557697 ], [ -93.617485, 42.557542 ], [ -93.597415, 42.557566 ], [ -93.588418, 42.557527 ], [ -93.577826, 42.557532 ], [ -93.568043, 42.557545 ], [ -93.565585, 42.55755 ], [ -93.564655, 42.557552 ], [ -93.558058, 42.557768 ], [ -93.548464, 42.557722 ], [ -93.530552, 42.557707 ], [ -93.519107, 42.557721 ], [ -93.500212, 42.557836 ], [ -93.499485, 42.5577 ], [ -93.480764, 42.55764 ], [ -93.479072, 42.557425 ], [ -93.478983, 42.557489 ], [ -93.478787, 42.557648 ], [ -93.459188, 42.557605 ], [ -93.439551, 42.557557 ], [ -93.419909, 42.557541 ], [ -93.417747, 42.557555 ], [ -93.405978, 42.557613 ], [ -93.405432, 42.557314 ], [ -93.398194, 42.557387 ], [ -93.390776, 42.557629 ], [ -93.380889, 42.557563 ], [ -93.375525, 42.557535 ], [ -93.36693, 42.557535 ], [ -93.360653, 42.557498 ], [ -93.340931, 42.557446 ], [ -93.33107, 42.557407 ], [ -93.321155, 42.557378 ], [ -93.311374, 42.557339 ], [ -93.290604, 42.557263 ], [ -93.289726, 42.55726 ], [ -93.281816, 42.557219 ], [ -93.271963, 42.557157 ], [ -93.262149, 42.557112 ] ] ] ] } },
{ "type": "Feature", "properties": { "id": 33, "NAME": "33", "TotalPop": 30612, "PopDevPct": -0.04048717, "DemPct": 0.42248795, "RepPct": 0.55847721, "WhitePct": 0.93573296, "MinorityPct": 0.06426704, "BlackPct": 0.01393202, "HispanicPct": 0.02304298, "PacificPct": 0.00085798, "AsianPct": 0.0109495, "NativePct": 0.01156235, "TotalVAP": 24476, "Margin": -0.13598926, "color": "#ff2020", "opacity": "0.5", "DemPct2": 0.44155921, "RepPct2": 0.53901004, "Margin2": -0.09745083, "Swing": -0.03853843, "R_Margin": -0.0077060432, "R_Margin2": -0.0199976431, "R_Swing": 0.0122915999, "Majority": "White" }, "geometry": { "type": "MultiPolygon", "coordinates": [ [ [ [ -91.605307, 43.081653 ], [ -91.628292, 43.081792 ], [ -91.62887, 43.081791 ], [ -91.645441, 43.08177 ], [ -91.650177, 43.081795 ], [ -91.654977, 43.081804 ], [ -91.664902, 43.081804 ], [ -91.67302, 43.081825 ], [ -91.674042, 43.082045 ], [ -91.678572, 43.082025 ], [ -91.682536, 43.081842 ], [ -91.694565, 43.081825 ], [ -91.704219, 43.081772 ], [ -91.719664, 43.081728 ], [ -91.722679, 43.08175 ], [ -91.725232, 43.081769 ], [ -91.725121, 43.087717 ], [ -91.724637, 43.101443 ], [ -91.724724, 43.11812 ], [ -91.724216, 43.124998 ], [ -91.724298, 43.131571 ], [ -91.724542, 43.132798 ], [ -91.724646, 43.133275 ], [ -91.724524, 43.135463 ], [ -91.724002, 43.136455 ], [ -91.72387, 43.148164 ], [ -91.723787, 43.165224 ], [ -91.723748, 43.168587 ], [ -91.723745, 43.187553 ], [ -91.723798, 43.194165 ], [ -91.723674, 43.205148 ], [ -91.723554, 43.215898 ], [ -91.723489, 43.221809 ], [ -91.723258, 43.227349 ], [ -91.723012, 43.246362 ], [ -91.723332, 43.249991 ], [ -91.723398, 43.255539 ], [ -91.723299, 43.267801 ], [ -91.723323, 43.270032 ], [ -91.721926, 43.270022 ], [ -91.722017, 43.273158 ], [ -91.719821, 43.273146 ], [ -91.719869, 43.274061 ], [ -91.718599, 43.274049 ], [ -91.718595, 43.279432 ], [ -91.720785, 43.280933 ], [ -91.723468, 43.280968 ], [ -91.723641, 43.294278 ], [ -91.723703, 43.299045 ], [ -91.723707, 43.313462 ], [ -91.723653, 43.316622 ], [ -91.723595, 43.319974 ], [ -91.723499, 43.32555 ], [ -91.723394, 43.342148 ], [ -91.729976, 43.34213 ], [ -91.743461, 43.342091 ], [ -91.750151, 43.341837 ], [ -91.757947, 43.341887 ], [ -91.776978, 43.342011 ], [ -91.789427, 43.342093 ], [ -91.808003, 43.342193 ], [ -91.810103, 43.342228 ], [ -91.834226, 43.34193 ], [ -91.836089, 43.341938 ], [ -91.841087, 43.342149 ], [ -91.843119, 43.342112 ], [ -91.843146, 43.33987 ], [ -91.843193, 43.336743 ], [ -91.843464, 43.311362 ], [ -91.843485, 43.307141 ], [ -91.843769, 43.291681 ], [ -91.843627, 43.290621 ], [ -91.843681, 43.284343 ], [ -91.843729, 43.266491 ], [ -91.843806, 43.258948 ], [ -91.843844, 43.25518 ], [ -91.843863, 43.247094 ], [ -91.843869, 43.245865 ], [ -91.843935, 43.23773 ], [ -91.843927, 43.221563 ], [ -91.844145, 43.211909 ], [ -91.844366, 43.20872 ], [ -91.844304, 43.198484 ], [ -91.844336, 43.197758 ], [ -91.844582, 43.180497 ], [ -91.844604, 43.179609 ], [ -91.844796, 43.168535 ], [ -91.844928, 43.16178 ], [ -91.844884, 43.126507 ], [ -91.844668, 43.119306 ], [ -91.84454, 43.118264 ], [ -91.844777, 43.117066 ], [ -91.844669, 43.110525 ], [ -91.844616, 43.096552 ], [ -91.844013, 43.081914 ], [ -91.844246, 43.081914 ], [ -91.854425, 43.08192 ], [ -91.860987, 43.081943 ], [ -91.879276, 43.082044 ], [ -91.894063, 43.082139 ], [ -91.90041, 43.082155 ], [ -91.903856, 43.082193 ], [ -91.922576, 43.082332 ], [ -91.924384, 43.082252 ], [ -91.924431, 43.082495 ], [ -91.935944, 43.082576 ], [ -91.943496, 43.08251 ], [ -91.955962, 43.082546 ], [ -91.963156, 43.082519 ], [ -91.96935, 43.082528 ], [ -91.982978, 43.082565 ], [ -91.992778, 43.082493 ], [ -92.000168, 43.082556 ], [ -92.002107, 43.082281 ], [ -92.016271, 43.082394 ], [ -92.022816, 43.082728 ], [ -92.03269, 43.082714 ], [ -92.049838, 43.082689 ], [ -92.052604, 43.082667 ], [ -92.067429, 43.082725 ], [ -92.072465, 43.082751 ], [ -92.081146, 43.082794 ], [ -92.081167, 43.078039 ], [ -92.081176, 43.067097 ], [ -92.081241, 43.055264 ], [ -92.081465, 43.037883 ], [ -92.081497, 43.030705 ], [ -92.081495, 43.03045 ], [ -92.081498, 43.02346 ], [ -92.081238, 43.02329 ], [ -92.081342, 43.016782 ], [ -92.08147, 43.00975 ], [ -92.081526, 43.00632 ], [ -92.081524, 42.99723 ], [ -92.081562, 42.994198 ], [ -92.08158, 42.994063 ], [ -92.081492, 42.990529 ], [ -92.08148, 42.979698 ], [ -92.081482, 42.975581 ], [ -92.081502, 42.96508 ], [ -92.081452, 42.950484 ], [ -92.081455, 42.935897 ], [ -92.081461, 42.924413 ], [ -92.081453, 42.921296 ], [ -92.081568, 42.907013 ], [ -92.081721, 42.891162 ], [ -92.081715, 42.877829 ], [ -92.081691, 42.876646 ], [ -92.081537, 42.873295 ], [ -92.081573, 42.865683 ], [ -92.081408, 42.862064 ], [ -92.081494, 42.861395 ], [ -92.081758, 42.860396 ], [ -92.081575, 42.86025 ], [ -92.08155, 42.849303 ], [ -92.081564, 42.84748 ], [ -92.0818, 42.840988 ], [ -92.081805, 42.840854 ], [ -92.081812, 42.84024 ], [ -92.081862, 42.832959 ], [ -92.081884, 42.831375 ], [ -92.081593, 42.830334 ], [ -92.081566, 42.81842 ], [ -92.081643, 42.802279 ], [ -92.081632, 42.797647 ], [ -92.081629, 42.787703 ], [ -92.081649, 42.785367 ], [ -92.081709, 42.773192 ], [ -92.081756, 42.758649 ], [ -92.081786, 42.751347 ], [ -92.081766, 42.747808 ], [ -92.081745, 42.744137 ], [ -92.081734, 42.740513 ], [ -92.081723, 42.736881 ], [ -92.081656, 42.729755 ], [ -92.081647, 42.714821 ], [ -92.081642, 42.702266 ], [ -92.08164, 42.70024 ], [ -92.081628, 42.685703 ], [ -92.081633, 42.682087 ], [ -92.081654, 42.673133 ], [ -92.08166, 42.671169 ], [ -92.081676, 42.656617 ], [ -92.081661, 42.642056 ], [ -92.057875, 42.642119 ], [ -92.05715, 42.642122 ], [ -92.052173, 42.642105 ], [ -92.050439, 42.642109 ], [ -92.05037, 42.642109 ], [ -92.049872, 42.64211 ], [ -92.049764, 42.642111 ], [ -92.049696, 42.642111 ], [ -92.049625, 42.642112 ], [ -92.049478, 42.642112 ], [ -92.048236, 42.642116 ], [ -92.047281, 42.642117 ], [ -92.045842, 42.642121 ], [ -92.043983, 42.642124 ], [ -92.042875, 42.642131 ], [ -92.04184, 42.642138 ], [ -92.04017, 42.642133 ], [ -92.036448, 42.642142 ], [ -92.021618, 42.642203 ], [ -92.017558, 42.642227 ], [ -92.01286, 42.642226 ], [ -91.988277, 42.64221 ], [ -91.983319, 42.642208 ], [ -91.973494, 42.642195 ], [ -91.97018, 42.642191 ], [ -91.963727, 42.642181 ], [ -91.943182, 42.641934 ], [ -91.932458, 42.64186 ], [ -91.923531, 42.641831 ], [ -91.915857, 42.642033 ], [ -91.912997, 42.642112 ], [ -91.910035, 42.642194 ], [ -91.908683, 42.642232 ], [ -91.903732, 42.642376 ], [ -91.897841, 42.642627 ], [ -91.893265, 42.642829 ], [ -91.881033, 42.642982 ], [ -91.87703, 42.64305 ], [ -91.864338, 42.643247 ], [ -91.854299, 42.643437 ], [ -91.845046, 42.643626 ], [ -91.824299, 42.643625 ], [ -91.821366, 42.643618 ], [ -91.819448, 42.643622 ], [ -91.818613, 42.643622 ], [ -91.814559, 42.643621 ], [ -91.814544, 42.643621 ], [ -91.812581, 42.643619 ], [ -91.811051, 42.643605 ], [ -91.809628, 42.643594 ], [ -91.80473, 42.643583 ], [ -91.785026, 42.64349 ], [ -91.781761, 42.643453 ], [ -91.76535, 42.643362 ], [ -91.755461, 42.643289 ], [ -91.74567, 42.64323 ], [ -91.726064, 42.643089 ], [ -91.705686, 42.643228 ], [ -91.705591, 42.643232 ], [ -91.69738, 42.643284 ], [ -91.690938, 42.643341 ], [ -91.685858, 42.643395 ], [ -91.684564, 42.643391 ], [ -91.666183, 42.643529 ], [ -91.646479, 42.643667 ], [ -91.6268, 42.643841 ], [ -91.607059, 42.643973 ], [ -91.606717, 42.65852 ], [ -91.606567, 42.662098 ], [ -91.606344, 42.679505 ], [ -91.606192, 42.687753 ], [ -91.606321, 42.690249 ], [ -91.606295, 42.702289 ], [ -91.606372, 42.716417 ], [ -91.606426, 42.724057 ], [ -91.606525, 42.731359 ], [ -91.606746, 42.74224 ], [ -91.607045, 42.75002 ], [ -91.607165, 42.760427 ], [ -91.607343, 42.775014 ], [ -91.607371, 42.777298 ], [ -91.60746, 42.784279 ], [ -91.607556, 42.789353 ], [ -91.607713, 42.79673 ], [ -91.607471, 42.802663 ], [ -91.607827, 42.811243 ], [ -91.608359, 42.813025 ], [ -91.607561, 42.814935 ], [ -91.606597, 42.818549 ], [ -91.607328, 42.821222 ], [ -91.607294, 42.822379 ], [ -91.607133, 42.836443 ], [ -91.60713, 42.836752 ], [ -91.607073, 42.842695 ], [ -91.606982, 42.853169 ], [ -91.606773, 42.884596 ], [ -91.606854, 42.893671 ], [ -91.606661, 42.896876 ], [ -91.606617, 42.905634 ], [ -91.606515, 42.918714 ], [ -91.606482, 42.927518 ], [ -91.60661, 42.927811 ], [ -91.606427, 42.935082 ], [ -91.606368, 42.943273 ], [ -91.606327, 42.949271 ], [ -91.60631, 42.95175 ], [ -91.606233, 42.962491 ], [ -91.606471, 42.963537 ], [ -91.605654, 42.968223 ], [ -91.606086, 42.970595 ], [ -91.606113, 42.975241 ], [ -91.60608, 42.977741 ], [ -91.606002, 42.985274 ], [ -91.605968, 42.991836 ], [ -91.605736, 42.993234 ], [ -91.606011, 42.995073 ], [ -91.605958, 43.000987 ], [ -91.606079, 43.004287 ], [ -91.605795, 43.010158 ], [ -91.605825, 43.015357 ], [ -91.605958, 43.019116 ], [ -91.605642, 43.032736 ], [ -91.605677, 43.036511 ], [ -91.605482, 43.043824 ], [ -91.605466, 43.047456 ], [ -91.605485, 43.051056 ], [ -91.605508, 43.061281 ], [ -91.605476, 43.065569 ], [ -91.605499, 43.074839 ], [ -91.605281, 43.075829 ], [ -91.605278, 43.076465 ], [ -91.605307, 43.081653 ] ] ] ] } },
{ "type": "Feature", "properties": { "id": 34, "NAME": "34", "TotalPop": 32497, "PopDevPct": 0.01859691, "DemPct": 0.32373324, "RepPct": 0.65962281, "WhitePct": 0.93501906, "MinorityPct": 0.06498094, "BlackPct": 0.00642183, "HispanicPct": 0.03921333, "PacificPct": 0.00108368, "AsianPct": 0.00525788, "NativePct": 0.01071644, "TotalVAP": 24915, "Margin": -0.33588957, "color": "#960018", "opacity": "0.5", "DemPct2": 0.35778889, "RepPct2": 0.62754901, "Margin2": -0.26976012, "Swing": -0.06612945, "R_Margin": -0.2076063532, "R_Margin2": -0.1923069331, "R_Swing": -0.0152994201000001, "Majority": "White" }, "geometry": { "type": "MultiPolygon", "coordinates": [ [ [ [ -91.850941, 43.500719 ], [ -91.871121, 43.500724 ], [ -91.894177, 43.500727 ], [ -91.91071, 43.500817 ], [ -91.928715, 43.500728 ], [ -91.930194, 43.500639 ], [ -91.941701, 43.500705 ], [ -91.947543, 43.500504 ], [ -91.9505, 43.500673 ], [ -91.957008, 43.500714 ], [ -91.970713, 43.500645 ], [ -91.990863, 43.500685 ], [ -91.995624, 43.500718 ], [ -92.00934, 43.500694 ], [ -92.024576, 43.500656 ], [ -92.030688, 43.500624 ], [ -92.047247, 43.500736 ], [ -92.060569, 43.500722 ], [ -92.074754, 43.500731 ], [ -92.079802, 43.500621 ], [ -92.082684, 43.500769 ], [ -92.092391, 43.500671 ], [ -92.117583, 43.500806 ], [ -92.12985, 43.500656 ], [ -92.132813, 43.500694 ], [ -92.134966, 43.500701 ], [ -92.137138, 43.500749 ], [ -92.139258, 43.500782 ], [ -92.139994, 43.500778 ], [ -92.147595, 43.50079 ], [ -92.150135, 43.500719 ], [ -92.178723, 43.500714 ], [ -92.197899, 43.500563 ], [ -92.212735, 43.500525 ], [ -92.222514, 43.500614 ], [ -92.238203, 43.500587 ], [ -92.276898, 43.500579 ], [ -92.278464, 43.50044 ], [ -92.279473, 43.5006 ], [ -92.28855, 43.50058 ], [ -92.309347, 43.500549 ], [ -92.316282, 43.500538 ], [ -92.326344, 43.500549 ], [ -92.349768, 43.500606 ], [ -92.355731, 43.500559 ], [ -92.368858, 43.500519 ], [ -92.376343, 43.500603 ], [ -92.377876, 43.50069 ], [ -92.38781, 43.500486 ], [ -92.391775, 43.500564 ], [ -92.405959, 43.500512 ], [ -92.418822, 43.500615 ], [ -92.431629, 43.500514 ], [ -92.435606, 43.5005 ], [ -92.445532, 43.500478 ], [ -92.458974, 43.500413 ], [ -92.464386, 43.500281 ], [ -92.475706, 43.500281 ], [ -92.495537, 43.500254 ], [ -92.525578, 43.500242 ], [ -92.553128, 43.500218 ], [ -92.553269, 43.487172 ], [ -92.553348, 43.479883 ], [ -92.553512, 43.465272 ], [ -92.553562, 43.458019 ], [ -92.553456, 43.44344 ], [ -92.553742, 43.428898 ], [ -92.553894, 43.418393 ], [ -92.553941, 43.414623 ], [ -92.553985, 43.406919 ], [ -92.554046, 43.400075 ], [ -92.554023, 43.399138 ], [ -92.554035, 43.391787 ], [ -92.554094, 43.390844 ], [ -92.554134, 43.385562 ], [ -92.554099, 43.378325 ], [ -92.554137, 43.371041 ], [ -92.554137, 43.371028 ], [ -92.554104, 43.368256 ], [ -92.554148, 43.366209 ], [ -92.554205, 43.364733 ], [ -92.554207, 43.363858 ], [ -92.554181, 43.362938 ], [ -92.554194, 43.362011 ], [ -92.554199, 43.361116 ], [ -92.554198, 43.360216 ], [ -92.554197, 43.359752 ], [ -92.554195, 43.358828 ], [ -92.554194, 43.357904 ], [ -92.554195, 43.356106 ], [ -92.554194, 43.35289 ], [ -92.554202, 43.349313 ], [ -92.554198, 43.341931 ], [ -92.554272, 43.335173 ], [ -92.554344, 43.327902 ], [ -92.554418, 43.313371 ], [ -92.554425, 43.300042 ], [ -92.55443, 43.298975 ], [ -92.554429, 43.298318 ], [ -92.554507, 43.284353 ], [ -92.554431, 43.269838 ], [ -92.554441, 43.265799 ], [ -92.554553, 43.25994 ], [ -92.554452, 43.255327 ], [ -92.554467, 43.241881 ], [ -92.554414, 43.227354 ], [ -92.554381, 43.212813 ], [ -92.534454, 43.212938 ], [ -92.529531, 43.212894 ], [ -92.529377, 43.212893 ], [ -92.514829, 43.212747 ], [ -92.505078, 43.21273 ], [ -92.495111, 43.212817 ], [ -92.475266, 43.212964 ], [ -92.465331, 43.212812 ], [ -92.455334, 43.212749 ], [ -92.451102, 43.212808 ], [ -92.435756, 43.213027 ], [ -92.425924, 43.213148 ], [ -92.416804, 43.213053 ], [ -92.411945, 43.213022 ], [ -92.397491, 43.212971 ], [ -92.384442, 43.213023 ], [ -92.377094, 43.213061 ], [ -92.374156, 43.213029 ], [ -92.367207, 43.212954 ], [ -92.357199, 43.212697 ], [ -92.347236, 43.212722 ], [ -92.337223, 43.212915 ], [ -92.317589, 43.212946 ], [ -92.313591, 43.212915 ], [ -92.298407, 43.212815 ], [ -92.294973, 43.212978 ], [ -92.288189, 43.213299 ], [ -92.277456, 43.213697 ], [ -92.264146, 43.213548 ], [ -92.259536, 43.213498 ], [ -92.239137, 43.213455 ], [ -92.219379, 43.213215 ], [ -92.209546, 43.213115 ], [ -92.199102, 43.212978 ], [ -92.193692, 43.212919 ], [ -92.180703, 43.212787 ], [ -92.160907, 43.212928 ], [ -92.140963, 43.212952 ], [ -92.130316, 43.213079 ], [ -92.120999, 43.213102 ], [ -92.100874, 43.213011 ], [ -92.095894, 43.213 ], [ -92.094773, 43.212994 ], [ -92.093539, 43.212992 ], [ -92.093477, 43.212992 ], [ -92.092266, 43.212992 ], [ -92.090955, 43.212987 ], [ -92.090097, 43.212983 ], [ -92.089396, 43.212978 ], [ -92.088551, 43.212972 ], [ -92.080976, 43.212947 ], [ -92.081045, 43.198368 ], [ -92.081076, 43.191079 ], [ -92.081103, 43.183771 ], [ -92.081126, 43.176483 ], [ -92.081177, 43.169229 ], [ -92.081072, 43.164012 ], [ -92.081259, 43.155601 ], [ -92.081063, 43.141013 ], [ -92.081024, 43.126289 ], [ -92.081257, 43.126199 ], [ -92.081239, 43.119196 ], [ -92.081233, 43.108253 ], [ -92.081229, 43.105861 ], [ -92.081219, 43.104921 ], [ -92.081192, 43.097315 ], [ -92.081091, 43.095416 ], [ -92.081097, 43.094913 ], [ -92.081146, 43.082794 ], [ -92.072465, 43.082751 ], [ -92.067429, 43.082725 ], [ -92.052604, 43.082667 ], [ -92.049838, 43.082689 ], [ -92.03269, 43.082714 ], [ -92.022816, 43.082728 ], [ -92.016271, 43.082394 ], [ -92.002107, 43.082281 ], [ -92.000168, 43.082556 ], [ -91.992778, 43.082493 ], [ -91.982978, 43.082565 ], [ -91.96935, 43.082528 ], [ -91.963156, 43.082519 ], [ -91.955962, 43.082546 ], [ -91.943496, 43.08251 ], [ -91.935944, 43.082576 ], [ -91.924431, 43.082495 ], [ -91.924384, 43.082252 ], [ -91.922576, 43.082332 ], [ -91.903856, 43.082193 ], [ -91.90041, 43.082155 ], [ -91.894063, 43.082139 ], [ -91.879276, 43.082044 ], [ -91.860987, 43.081943 ], [ -91.854425, 43.08192 ], [ -91.844246, 43.081914 ], [ -91.844013, 43.081914 ], [ -91.844616, 43.096552 ], [ -91.844669, 43.110525 ], [ -91.844777, 43.117066 ], [ -91.84454, 43.118264 ], [ -91.844668, 43.119306 ], [ -91.844884, 43.126507 ], [ -91.844928, 43.16178 ], [ -91.844796, 43.168535 ], [ -91.844604, 43.179609 ], [ -91.844582, 43.180497 ], [ -91.844336, 43.197758 ], [ -91.844304, 43.198484 ], [ -91.844366, 43.20872 ], [ -91.844145, 43.211909 ], [ -91.843927, 43.221563 ], [ -91.843935, 43.23773 ], [ -91.843869, 43.245865 ], [ -91.843863, 43.247094 ], [ -91.843844, 43.25518 ], [ -91.843806, 43.258948 ], [ -91.843729, 43.266491 ], [ -91.843681, 43.284343 ], [ -91.843627, 43.290621 ], [ -91.843769, 43.291681 ], [ -91.843485, 43.307141 ], [ -91.843464, 43.311362 ], [ -91.843193, 43.336743 ], [ -91.843146, 43.33987 ], [ -91.843119, 43.342112 ], [ -91.841087, 43.342149 ], [ -91.836089, 43.341938 ], [ -91.834226, 43.34193 ], [ -91.810103, 43.342228 ], [ -91.808003, 43.342193 ], [ -91.789427, 43.342093 ], [ -91.776978, 43.342011 ], [ -91.757947, 43.341887 ], [ -91.750151, 43.341837 ], [ -91.743461, 43.342091 ], [ -91.729976, 43.34213 ], [ -91.723394, 43.342148 ], [ -91.723499, 43.32555 ], [ -91.723595, 43.319974 ], [ -91.723653, 43.316622 ], [ -91.723707, 43.313462 ], [ -91.723703, 43.299045 ], [ -91.723641, 43.294278 ], [ -91.723468, 43.280968 ], [ -91.720785, 43.280933 ], [ -91.718595, 43.279432 ], [ -91.718599, 43.274049 ], [ -91.719869, 43.274061 ], [ -91.719821, 43.273146 ], [ -91.722017, 43.273158 ], [ -91.721926, 43.270022 ], [ -91.723323, 43.270032 ], [ -91.723299, 43.267801 ], [ -91.723398, 43.255539 ], [ -91.723332, 43.249991 ], [ -91.723012, 43.246362 ], [ -91.723258, 43.227349 ], [ -91.723489, 43.221809 ], [ -91.723554, 43.215898 ], [ -91.723674, 43.205148 ], [ -91.723798, 43.194165 ], [ -91.723745, 43.187553 ], [ -91.723748, 43.168587 ], [ -91.723787, 43.165224 ], [ -91.72387, 43.148164 ], [ -91.724002, 43.136455 ], [ -91.724524, 43.135463 ], [ -91.724646, 43.133275 ], [ -91.724542, 43.132798 ], [ -91.724298, 43.131571 ], [ -91.724216, 43.124998 ], [ -91.724724, 43.11812 ], [ -91.724637, 43.101443 ], [ -91.725121, 43.087717 ], [ -91.725232, 43.081769 ], [ -91.722679, 43.08175 ], [ -91.719664, 43.081728 ], [ -91.704219, 43.081772 ], [ -91.694565, 43.081825 ], [ -91.682536, 43.081842 ], [ -91.678572, 43.082025 ], [ -91.674042, 43.082045 ], [ -91.67302, 43.081825 ], [ -91.664902, 43.081804 ], [ -91.654977, 43.081804 ], [ -91.650177, 43.081795 ], [ -91.645441, 43.08177 ], [ -91.62887, 43.081791 ], [ -91.628292, 43.081792 ], [ -91.605307, 43.081653 ], [ -91.600407, 43.081622 ], [ -91.588072, 43.081694 ], [ -91.583115, 43.081666 ], [ -91.577721, 43.081677 ], [ -91.568245, 43.0817 ], [ -91.562593, 43.081693 ], [ -91.561544, 43.08169 ], [ -91.553462, 43.081686 ], [ -91.553414, 43.081686 ], [ -91.538096, 43.081628 ], [ -91.518782, 43.081558 ], [ -91.508823, 43.081541 ], [ -91.505978, 43.081545 ], [ -91.498956, 43.081601 ], [ -91.493998, 43.081528 ], [ -91.488997, 43.081453 ], [ -91.485301, 43.081461 ], [ -91.484085, 43.081462 ], [ -91.469337, 43.081497 ], [ -91.464419, 43.081509 ], [ -91.454529, 43.081534 ], [ -91.436042, 43.081548 ], [ -91.430097, 43.081563 ], [ -91.422543, 43.081373 ], [ -91.419774, 43.081342 ], [ -91.390135, 43.081338 ], [ -91.384745, 43.081317 ], [ -91.370442, 43.081237 ], [ -91.369995, 43.081239 ], [ -91.361277, 43.081195 ], [ -91.34083, 43.081101 ], [ -91.330313, 43.081053 ], [ -91.304507, 43.08126 ], [ -91.300432, 43.08136 ], [ -91.297698, 43.08136 ], [ -91.29056, 43.081221 ], [ -91.272829, 43.081017 ], [ -91.265143, 43.080605 ], [ -91.258228, 43.080721 ], [ -91.251183, 43.080687 ], [ -91.231095, 43.080507 ], [ -91.220945, 43.080424 ], [ -91.191705, 43.080327 ], [ -91.180267, 43.080263 ], [ -91.180142, 43.080263 ], [ -91.179806, 43.080261 ], [ -91.177222, 43.080247 ], [ -91.176914, 43.085455 ], [ -91.176307, 43.089377 ], [ -91.176269, 43.092447 ], [ -91.175331, 43.101248 ], [ -91.175305, 43.104968 ], [ -91.176067, 43.108326 ], [ -91.17772, 43.118627 ], [ -91.178251, 43.124982 ], [ -91.177932, 43.128875 ], [ -91.177003, 43.131846 ], [ -91.175253, 43.134665 ], [ -91.170372, 43.137384 ], [ -91.165016, 43.138924 ], [ -91.160449, 43.140575 ], [ -91.1562, 43.142945 ], [ -91.146018, 43.152654 ], [ -91.143283, 43.156413 ], [ -91.141356, 43.163537 ], [ -91.139991, 43.167422 ], [ -91.138649, 43.169993 ], [ -91.135917, 43.173422 ], [ -91.134173, 43.174405 ], [ -91.127698, 43.183702 ], [ -91.124428, 43.187886 ], [ -91.123896, 43.193536 ], [ -91.12217, 43.197255 ], [ -91.119115, 43.200366 ], [ -91.113749, 43.202908 ], [ -91.107931, 43.206578 ], [ -91.097536, 43.21452 ], [ -91.087456, 43.221891 ], [ -91.079278, 43.228259 ], [ -91.071857, 43.235164 ], [ -91.066398, 43.239293 ], [ -91.062562, 43.243165 ], [ -91.059684, 43.248566 ], [ -91.05791, 43.253968 ], [ -91.057918, 43.255366 ], [ -91.058644, 43.257679 ], [ -91.05975, 43.259074 ], [ -91.061798, 43.259952 ], [ -91.065456, 43.260262 ], [ -91.068474, 43.259979 ], [ -91.071698, 43.261014 ], [ -91.072649, 43.262129 ], [ -91.072782, 43.264363 ], [ -91.071574, 43.268193 ], [ -91.071724, 43.271392 ], [ -91.07371, 43.274746 ], [ -91.078259, 43.280776 ], [ -91.082099, 43.285507 ], [ -91.085652, 43.29187 ], [ -91.089124, 43.295476 ], [ -91.096485, 43.302371 ], [ -91.09995, 43.306467 ], [ -91.102668, 43.308934 ], [ -91.107237, 43.313645 ], [ -91.117661, 43.319332 ], [ -91.129121, 43.32635 ], [ -91.132813, 43.32803 ], [ -91.137343, 43.329757 ], [ -91.154806, 43.334826 ], [ -91.163328, 43.338277 ], [ -91.171493, 43.341179 ], [ -91.181115, 43.345926 ], [ -91.188014, 43.347602 ], [ -91.201847, 43.349103 ], [ -91.203964, 43.349852 ], [ -91.20662, 43.352524 ], [ -91.210497, 43.359457 ], [ -91.214412, 43.365337 ], [ -91.214971, 43.366389 ], [ -91.21473, 43.368788 ], [ -91.212044, 43.371035 ], [ -91.207367, 43.373659 ], [ -91.205878, 43.375338 ], [ -91.204831, 43.378887 ], [ -91.200701, 43.38593 ], [ -91.198953, 43.389835 ], [ -91.19767, 43.395334 ], [ -91.198048, 43.399223 ], [ -91.199408, 43.403032 ], [ -91.200527, 43.408486 ], [ -91.200359, 43.412701 ], [ -91.201224, 43.415903 ], [ -91.203144, 43.419805 ], [ -91.207145, 43.425031 ], [ -91.209049, 43.426845 ], [ -91.213575, 43.431159 ], [ -91.218182, 43.434688 ], [ -91.220425, 43.437331 ], [ -91.22875, 43.445537 ], [ -91.232276, 43.450952 ], [ -91.233367, 43.455168 ], [ -91.233187, 43.457784 ], [ -91.232241, 43.460018 ], [ -91.231051, 43.461144 ], [ -91.229503, 43.462607 ], [ -91.226464, 43.464158 ], [ -91.224586, 43.465525 ], [ -91.220399, 43.471306 ], [ -91.216035, 43.481142 ], [ -91.215282, 43.484798 ], [ -91.215925, 43.486979 ], [ -91.217615, 43.491008 ], [ -91.21827, 43.497228 ], [ -91.217706, 43.50055 ], [ -91.219805, 43.500557 ], [ -91.246623, 43.500485 ], [ -91.249166, 43.500532 ], [ -91.250132, 43.50079 ], [ -91.261184, 43.501015 ], [ -91.267696, 43.500923 ], [ -91.282128, 43.500871 ], [ -91.283754, 43.500876 ], [ -91.284401, 43.500879 ], [ -91.291925, 43.500831 ], [ -91.294675, 43.500837 ], [ -91.323456, 43.50075 ], [ -91.342974, 43.500704 ], [ -91.369325, 43.500827 ], [ -91.376629, 43.500501 ], [ -91.397319, 43.500887 ], [ -91.404459, 43.500837 ], [ -91.431536, 43.500724 ], [ -91.441934, 43.500618 ], [ -91.448854, 43.500598 ], [ -91.465268, 43.500684 ], [ -91.475036, 43.500624 ], [ -91.49104, 43.500714 ], [ -91.493896, 43.500754 ], [ -91.50014, 43.50064 ], [ -91.51761, 43.500618 ], [ -91.529015, 43.500604 ], [ -91.533806, 43.50056 ], [ -91.541558, 43.500684 ], [ -91.551043, 43.500668 ], [ -91.559076, 43.500538 ], [ -91.570079, 43.500537 ], [ -91.59098, 43.50068 ], [ -91.610835, 43.500657 ], [ -91.625611, 43.500727 ], [ -91.632178, 43.500441 ], [ -91.640419, 43.500552 ], [ -91.648519, 43.500544 ], [ -91.65074, 43.500462 ], [ -91.658394, 43.500532 ], [ -91.670808, 43.500598 ], [ -91.700717, 43.500704 ], [ -91.711846, 43.500761 ], [ -91.7314, 43.50066 ], [ -91.737217, 43.500548 ], [ -91.737529, 43.500761 ], [ -91.749998, 43.500696 ], [ -91.761252, 43.500829 ], [ -91.776876, 43.500707 ], [ -91.790616, 43.5007 ], [ -91.807175, 43.500647 ], [ -91.830666, 43.500731 ], [ -91.842748, 43.500782 ], [ -91.850941, 43.500719 ] ] ] ] } },
{ "type": "Feature", "properties": { "id": 35, "NAME": "35", "TotalPop": 31174, "PopDevPct": -0.02287165, "DemPct": 0.34028913, "RepPct": 0.64399749, "WhitePct": 0.93674293, "MinorityPct": 0.06325707, "BlackPct": 0.01497308, "HispanicPct": 0.02178668, "PacificPct": 0.0011356, "AsianPct": 0.01383748, "NativePct": 0.01017833, "TotalVAP": 23776, "Margin": -0.30370836, "color": "#960018", "opacity": "0.5", "DemPct2": 0.36694576, "RepPct2": 0.61752215, "Margin2": -0.25057639, "Swing": -0.05313197, "R_Margin": -0.1754251432, "R_Margin2": -0.1731232031, "R_Swing": -0.0023019401, "Majority": "White" }, "geometry": { "type": "MultiPolygon", "coordinates": [ [ [ [ -92.906809, 42.907374 ], [ -92.888977, 42.907308 ], [ -92.869233, 42.90733 ], [ -92.844517, 42.907322 ], [ -92.829755, 42.907277 ], [ -92.827039, 42.90719 ], [ -92.824879, 42.907366 ], [ -92.823421, 42.907387 ], [ -92.820092, 42.907396 ], [ -92.819121, 42.907165 ], [ -92.815194, 42.907156 ], [ -92.812579, 42.90715 ], [ -92.810156, 42.907145 ], [ -92.808858, 42.907298 ], [ -92.805214, 42.90731 ], [ -92.802748, 42.907317 ], [ -92.800226, 42.907324 ], [ -92.790497, 42.907352 ], [ -92.772002, 42.907137 ], [ -92.752163, 42.907119 ], [ -92.746951, 42.907119 ], [ -92.732356, 42.90712 ], [ -92.720699, 42.907118 ], [ -92.692695, 42.907132 ], [ -92.672895, 42.907126 ], [ -92.653394, 42.907095 ], [ -92.633541, 42.907059 ], [ -92.613736, 42.907118 ], [ -92.59389, 42.907132 ], [ -92.574044, 42.907078 ], [ -92.554211, 42.907112 ], [ -92.544793, 42.907152 ], [ -92.544402, 42.907154 ], [ -92.543898, 42.907155 ], [ -92.532656, 42.907245 ], [ -92.531893, 42.907248 ], [ -92.531518, 42.907247 ], [ -92.515119, 42.907033 ], [ -92.507305, 42.907067 ], [ -92.500201, 42.907271 ], [ -92.495395, 42.907116 ], [ -92.485383, 42.907161 ], [ -92.475728, 42.907042 ], [ -92.455899, 42.907004 ], [ -92.450537, 42.907014 ], [ -92.4459, 42.907022 ], [ -92.436112, 42.90704 ], [ -92.436102, 42.921593 ], [ -92.436034, 42.936184 ], [ -92.436038, 42.950736 ], [ -92.436089, 42.96535 ], [ -92.436011, 42.979898 ], [ -92.43602, 42.994163 ], [ -92.436003, 43.008677 ], [ -92.435998, 43.015974 ], [ -92.435961, 43.023238 ], [ -92.435988, 43.033638 ], [ -92.436034, 43.034151 ], [ -92.435932, 43.036116 ], [ -92.435956, 43.051787 ], [ -92.435952, 43.066828 ], [ -92.436115, 43.074917 ], [ -92.43612, 43.083063 ], [ -92.41717, 43.083046 ], [ -92.389715, 43.082956 ], [ -92.377413, 43.082946 ], [ -92.357539, 43.082907 ], [ -92.337673, 43.082898 ], [ -92.329806, 43.082852 ], [ -92.329371, 43.082849 ], [ -92.317836, 43.082871 ], [ -92.313028, 43.082841 ], [ -92.302123, 43.082845 ], [ -92.299605, 43.082863 ], [ -92.298718, 43.082908 ], [ -92.278782, 43.082859 ], [ -92.258886, 43.082835 ], [ -92.25543, 43.082838 ], [ -92.253077, 43.082839 ], [ -92.248967, 43.082851 ], [ -92.239019, 43.082867 ], [ -92.219099, 43.082838 ], [ -92.209151, 43.082798 ], [ -92.199239, 43.082758 ], [ -92.191048, 43.082751 ], [ -92.190764, 43.082611 ], [ -92.169019, 43.082626 ], [ -92.164227, 43.082734 ], [ -92.157119, 43.08277 ], [ -92.141105, 43.082742 ], [ -92.121054, 43.08274 ], [ -92.111522, 43.082697 ], [ -92.110441, 43.082723 ], [ -92.101202, 43.082741 ], [ -92.081146, 43.082794 ], [ -92.081097, 43.094913 ], [ -92.081091, 43.095416 ], [ -92.081192, 43.097315 ], [ -92.081219, 43.104921 ], [ -92.081229, 43.105861 ], [ -92.081233, 43.108253 ], [ -92.081239, 43.119196 ], [ -92.081257, 43.126199 ], [ -92.081024, 43.126289 ], [ -92.081063, 43.141013 ], [ -92.081259, 43.155601 ], [ -92.081072, 43.164012 ], [ -92.081177, 43.169229 ], [ -92.081126, 43.176483 ], [ -92.081103, 43.183771 ], [ -92.081076, 43.191079 ], [ -92.081045, 43.198368 ], [ -92.080976, 43.212947 ], [ -92.088551, 43.212972 ], [ -92.089396, 43.212978 ], [ -92.090097, 43.212983 ], [ -92.090955, 43.212987 ], [ -92.092266, 43.212992 ], [ -92.093477, 43.212992 ], [ -92.093539, 43.212992 ], [ -92.094773, 43.212994 ], [ -92.095894, 43.213 ], [ -92.100874, 43.213011 ], [ -92.120999, 43.213102 ], [ -92.130316, 43.213079 ], [ -92.140963, 43.212952 ], [ -92.160907, 43.212928 ], [ -92.180703, 43.212787 ], [ -92.193692, 43.212919 ], [ -92.199102, 43.212978 ], [ -92.209546, 43.213115 ], [ -92.219379, 43.213215 ], [ -92.239137, 43.213455 ], [ -92.259536, 43.213498 ], [ -92.264146, 43.213548 ], [ -92.277456, 43.213697 ], [ -92.288189, 43.213299 ], [ -92.294973, 43.212978 ], [ -92.298407, 43.212815 ], [ -92.313591, 43.212915 ], [ -92.317589, 43.212946 ], [ -92.337223, 43.212915 ], [ -92.347236, 43.212722 ], [ -92.357199, 43.212697 ], [ -92.367207, 43.212954 ], [ -92.374156, 43.213029 ], [ -92.377094, 43.213061 ], [ -92.384442, 43.213023 ], [ -92.397491, 43.212971 ], [ -92.411945, 43.213022 ], [ -92.416804, 43.213053 ], [ -92.425924, 43.213148 ], [ -92.435756, 43.213027 ], [ -92.451102, 43.212808 ], [ -92.455334, 43.212749 ], [ -92.465331, 43.212812 ], [ -92.475266, 43.212964 ], [ -92.495111, 43.212817 ], [ -92.505078, 43.21273 ], [ -92.514829, 43.212747 ], [ -92.529377, 43.212893 ], [ -92.529531, 43.212894 ], [ -92.534454, 43.212938 ], [ -92.554381, 43.212813 ], [ -92.554414, 43.227354 ], [ -92.554467, 43.241881 ], [ -92.554452, 43.255327 ], [ -92.554553, 43.25994 ], [ -92.554441, 43.265799 ], [ -92.554431, 43.269838 ], [ -92.554507, 43.284353 ], [ -92.554429, 43.298318 ], [ -92.55443, 43.298975 ], [ -92.554425, 43.300042 ], [ -92.554418, 43.313371 ], [ -92.554344, 43.327902 ], [ -92.554272, 43.335173 ], [ -92.554198, 43.341931 ], [ -92.554202, 43.349313 ], [ -92.554194, 43.35289 ], [ -92.554195, 43.356106 ], [ -92.554194, 43.357904 ], [ -92.554195, 43.358828 ], [ -92.554197, 43.359752 ], [ -92.554198, 43.360216 ], [ -92.554199, 43.361116 ], [ -92.554194, 43.362011 ], [ -92.554181, 43.362938 ], [ -92.554207, 43.363858 ], [ -92.554205, 43.364733 ], [ -92.554148, 43.366209 ], [ -92.554104, 43.368256 ], [ -92.554137, 43.371028 ], [ -92.554137, 43.371041 ], [ -92.554099, 43.378325 ], [ -92.554134, 43.385562 ], [ -92.554094, 43.390844 ], [ -92.554035, 43.391787 ], [ -92.554023, 43.399138 ], [ -92.554046, 43.400075 ], [ -92.553985, 43.406919 ], [ -92.553941, 43.414623 ], [ -92.553894, 43.418393 ], [ -92.553742, 43.428898 ], [ -92.553456, 43.44344 ], [ -92.553562, 43.458019 ], [ -92.553512, 43.465272 ], [ -92.553348, 43.479883 ], [ -92.553269, 43.487172 ], [ -92.553128, 43.500218 ], [ -92.558031, 43.500284 ], [ -92.573125, 43.500261 ], [ -92.591004, 43.500226 ], [ -92.613233, 43.500213 ], [ -92.632907, 43.500196 ], [ -92.653185, 43.500215 ], [ -92.670857, 43.500135 ], [ -92.672582, 43.500134 ], [ -92.692657, 43.500096 ], [ -92.712433, 43.500079 ], [ -92.722794, 43.500062 ], [ -92.732568, 43.500043 ], [ -92.749249, 43.500036 ], [ -92.752, 43.500029 ], [ -92.768871, 43.500005 ], [ -92.790284, 43.499986 ], [ -92.810276, 43.499951 ], [ -92.821742, 43.499982 ], [ -92.830278, 43.499898 ], [ -92.858586, 43.499912 ], [ -92.870297, 43.499882 ], [ -92.890307, 43.499838 ], [ -92.905531, 43.49985 ], [ -92.91585, 43.499814 ], [ -92.92518, 43.499809 ], [ -92.931513, 43.499794 ], [ -92.944298, 43.499777 ], [ -92.944539, 43.499786 ], [ -92.946722, 43.499775 ], [ -92.965823, 43.499772 ], [ -93.001804, 43.499772 ], [ -93.007706, 43.499755 ], [ -93.024345, 43.499733 ], [ -93.024449, 43.4875 ], [ -93.024505, 43.4722 ], [ -93.024486, 43.465647 ], [ -93.024487, 43.447777 ], [ -93.024498, 43.443845 ], [ -93.024466, 43.429358 ], [ -93.024445, 43.427975 ], [ -93.024389, 43.425559 ], [ -93.024386, 43.425405 ], [ -93.024274, 43.418694 ], [ -93.024239, 43.415071 ], [ -93.024218, 43.411417 ], [ -93.024183, 43.403984 ], [ -93.024175, 43.400511 ], [ -93.023915, 43.385942 ], [ -93.023973, 43.371441 ], [ -93.024121, 43.356884 ], [ -93.024092, 43.342336 ], [ -93.024091, 43.328102 ], [ -93.024128, 43.313584 ], [ -93.024129, 43.299088 ], [ -93.024123, 43.284565 ], [ -93.02412, 43.277218 ], [ -93.024103, 43.270055 ], [ -93.024114, 43.262789 ], [ -93.024143, 43.255538 ], [ -93.024217, 43.241878 ], [ -93.024135, 43.227363 ], [ -93.024092, 43.212812 ], [ -93.023924, 43.205544 ], [ -93.024043, 43.191031 ], [ -93.024049, 43.169279 ], [ -93.023899, 43.162573 ], [ -93.023849, 43.155344 ], [ -93.023839, 43.155263 ], [ -93.023917, 43.154979 ], [ -93.023761, 43.149962 ], [ -93.02368, 43.147457 ], [ -93.02367, 43.146976 ], [ -93.023715, 43.146817 ], [ -93.023723, 43.145205 ], [ -93.02368, 43.143813 ], [ -93.023675, 43.143407 ], [ -93.023642, 43.140865 ], [ -93.02354, 43.13726 ], [ -93.023444, 43.133615 ], [ -93.023374, 43.1264 ], [ -93.023503, 43.116482 ], [ -93.02351, 43.116232 ], [ -93.023611, 43.111771 ], [ -93.023723, 43.097987 ], [ -93.023725, 43.097433 ], [ -93.023719, 43.096466 ], [ -93.023964, 43.09566 ], [ -93.023789, 43.092097 ], [ -93.023739, 43.090012 ], [ -93.023702, 43.088591 ], [ -93.023746, 43.08737 ], [ -93.023754, 43.086873 ], [ -93.023754, 43.086738 ], [ -93.023787, 43.083144 ], [ -93.023539, 43.066739 ], [ -93.023254, 43.052383 ], [ -93.023172, 43.045136 ], [ -93.023227, 43.039337 ], [ -93.023154, 43.038099 ], [ -93.022976, 43.032772 ], [ -93.023195, 43.025731 ], [ -93.023282, 43.016229 ], [ -93.023346, 43.009011 ], [ -93.023429, 43.001947 ], [ -93.023492, 42.994571 ], [ -93.02362, 42.992402 ], [ -93.023697, 42.991961 ], [ -93.024628, 42.979951 ], [ -93.024683, 42.968015 ], [ -93.024701, 42.965426 ], [ -93.024815, 42.950943 ], [ -93.024968, 42.936457 ], [ -93.025036, 42.925638 ], [ -93.025063, 42.922011 ], [ -93.025079, 42.918388 ], [ -93.025114, 42.914771 ], [ -93.025125, 42.912577 ], [ -93.025144, 42.907549 ], [ -93.005278, 42.907524 ], [ -93.002474, 42.907524 ], [ -93.002125, 42.907524 ], [ -92.985714, 42.907521 ], [ -92.965906, 42.907494 ], [ -92.9557, 42.907472 ], [ -92.946183, 42.907451 ], [ -92.926509, 42.907443 ], [ -92.906809, 42.907374 ] ] ] ] } },
{ "type": "Feature", "properties": { "id": 36, "NAME": "36", "TotalPop": 32018, "PopDevPct": 0.00358297, "DemPct": 0.37048537, "RepPct": 0.61377131, "WhitePct": 0.9429582, "MinorityPct": 0.0570418, "BlackPct": 0.01215645, "HispanicPct": 0.02195479, "PacificPct": 0.00052854, "AsianPct": 0.00975768, "NativePct": 0.01053017, "TotalVAP": 24596, "Margin": -0.24328594, "color": "#960018", "opacity": "0.5", "DemPct2": 0.39721818, "RepPct2": 0.5840207, "Margin2": -0.18680252, "Swing": -0.05648342, "R_Margin": -0.1150027232, "R_Margin2": -0.1093493331, "R_Swing": -0.0056533901, "Majority": "White" }, "geometry": { "type": "MultiPolygon", "coordinates": [ [ [ [ -92.08158, 42.994063 ], [ -92.081562, 42.994198 ], [ -92.081524, 42.99723 ], [ -92.081526, 43.00632 ], [ -92.08147, 43.00975 ], [ -92.081342, 43.016782 ], [ -92.081238, 43.02329 ], [ -92.081498, 43.02346 ], [ -92.081495, 43.03045 ], [ -92.081497, 43.030705 ], [ -92.081465, 43.037883 ], [ -92.081241, 43.055264 ], [ -92.081176, 43.067097 ], [ -92.081167, 43.078039 ], [ -92.081146, 43.082794 ], [ -92.101202, 43.082741 ], [ -92.110441, 43.082723 ], [ -92.111522, 43.082697 ], [ -92.121054, 43.08274 ], [ -92.141105, 43.082742 ], [ -92.157119, 43.08277 ], [ -92.164227, 43.082734 ], [ -92.169019, 43.082626 ], [ -92.190764, 43.082611 ], [ -92.191048, 43.082751 ], [ -92.199239, 43.082758 ], [ -92.209151, 43.082798 ], [ -92.219099, 43.082838 ], [ -92.239019, 43.082867 ], [ -92.248967, 43.082851 ], [ -92.253077, 43.082839 ], [ -92.25543, 43.082838 ], [ -92.258886, 43.082835 ], [ -92.278782, 43.082859 ], [ -92.298718, 43.082908 ], [ -92.299605, 43.082863 ], [ -92.302123, 43.082845 ], [ -92.313028, 43.082841 ], [ -92.317836, 43.082871 ], [ -92.329371, 43.082849 ], [ -92.329806, 43.082852 ], [ -92.337673, 43.082898 ], [ -92.357539, 43.082907 ], [ -92.377413, 43.082946 ], [ -92.389715, 43.082956 ], [ -92.41717, 43.083046 ], [ -92.43612, 43.083063 ], [ -92.436115, 43.074917 ], [ -92.435952, 43.066828 ], [ -92.435956, 43.051787 ], [ -92.435932, 43.036116 ], [ -92.436034, 43.034151 ], [ -92.435988, 43.033638 ], [ -92.435961, 43.023238 ], [ -92.435998, 43.015974 ], [ -92.436003, 43.008677 ], [ -92.43602, 42.994163 ], [ -92.436011, 42.979898 ], [ -92.436089, 42.96535 ], [ -92.436038, 42.950736 ], [ -92.436034, 42.936184 ], [ -92.436102, 42.921593 ], [ -92.436112, 42.90704 ], [ -92.4459, 42.907022 ], [ -92.450537, 42.907014 ], [ -92.455899, 42.907004 ], [ -92.475728, 42.907042 ], [ -92.485383, 42.907161 ], [ -92.495395, 42.907116 ], [ -92.500201, 42.907271 ], [ -92.507305, 42.907067 ], [ -92.515119, 42.907033 ], [ -92.531518, 42.907247 ], [ -92.531893, 42.907248 ], [ -92.532656, 42.907245 ], [ -92.543898, 42.907155 ], [ -92.544402, 42.907154 ], [ -92.544793, 42.907152 ], [ -92.554211, 42.907112 ], [ -92.554229, 42.891085 ], [ -92.554253, 42.883739 ], [ -92.554276, 42.876483 ], [ -92.554308, 42.861958 ], [ -92.554375, 42.847395 ], [ -92.5544, 42.832848 ], [ -92.554402, 42.825818 ], [ -92.554405, 42.818271 ], [ -92.554413, 42.809936 ], [ -92.554421, 42.802675 ], [ -92.554446, 42.795412 ], [ -92.554451, 42.788149 ], [ -92.554444, 42.773652 ], [ -92.554472, 42.759124 ], [ -92.554438, 42.744634 ], [ -92.554495, 42.730127 ], [ -92.55443, 42.714941 ], [ -92.554799, 42.702689 ], [ -92.554782, 42.698177 ], [ -92.554779, 42.697572 ], [ -92.554771, 42.694327 ], [ -92.554771, 42.694073 ], [ -92.554519, 42.687276 ], [ -92.554411, 42.68588 ], [ -92.554432, 42.671355 ], [ -92.554431, 42.664089 ], [ -92.554481, 42.656816 ], [ -92.554492, 42.642314 ], [ -92.543913, 42.642273 ], [ -92.534132, 42.642259 ], [ -92.529263, 42.642258 ], [ -92.522803, 42.642257 ], [ -92.514425, 42.64232 ], [ -92.504221, 42.642248 ], [ -92.503991, 42.642248 ], [ -92.499428, 42.642274 ], [ -92.498875, 42.642294 ], [ -92.498449, 42.642299 ], [ -92.495411, 42.642241 ], [ -92.494492, 42.642242 ], [ -92.489851, 42.642248 ], [ -92.485652, 42.642254 ], [ -92.479969, 42.642261 ], [ -92.475409, 42.642267 ], [ -92.472035, 42.642265 ], [ -92.466967, 42.642263 ], [ -92.465716, 42.642262 ], [ -92.464321, 42.642261 ], [ -92.463129, 42.64226 ], [ -92.4618, 42.642259 ], [ -92.460453, 42.642258 ], [ -92.457858, 42.642256 ], [ -92.457477, 42.642256 ], [ -92.453372, 42.642259 ], [ -92.452393, 42.642262 ], [ -92.45202, 42.642262 ], [ -92.451471, 42.642263 ], [ -92.450879, 42.642264 ], [ -92.436121, 42.642265 ], [ -92.416115, 42.642278 ], [ -92.407001, 42.642291 ], [ -92.396423, 42.642296 ], [ -92.376725, 42.642278 ], [ -92.371862, 42.642288 ], [ -92.366886, 42.642297 ], [ -92.357048, 42.642317 ], [ -92.337699, 42.64226 ], [ -92.337456, 42.64226 ], [ -92.337178, 42.642259 ], [ -92.317662, 42.642237 ], [ -92.297892, 42.642231 ], [ -92.278201, 42.642209 ], [ -92.258549, 42.6422 ], [ -92.256178, 42.642201 ], [ -92.256048, 42.642201 ], [ -92.248707, 42.642203 ], [ -92.238851, 42.642206 ], [ -92.229016, 42.642191 ], [ -92.219167, 42.642187 ], [ -92.19895, 42.642189 ], [ -92.18978, 42.642158 ], [ -92.179965, 42.642119 ], [ -92.165243, 42.642083 ], [ -92.162929, 42.642085 ], [ -92.148295, 42.642153 ], [ -92.147888, 42.642152 ], [ -92.124907, 42.642095 ], [ -92.121033, 42.641952 ], [ -92.116139, 42.641958 ], [ -92.101361, 42.641968 ], [ -92.098519, 42.641982 ], [ -92.081661, 42.642056 ], [ -92.081676, 42.656617 ], [ -92.08166, 42.671169 ], [ -92.081654, 42.673133 ], [ -92.081633, 42.682087 ], [ -92.081628, 42.685703 ], [ -92.08164, 42.70024 ], [ -92.081642, 42.702266 ], [ -92.081647, 42.714821 ], [ -92.081656, 42.729755 ], [ -92.081723, 42.736881 ], [ -92.081734, 42.740513 ], [ -92.081745, 42.744137 ], [ -92.081766, 42.747808 ], [ -92.081786, 42.751347 ], [ -92.081756, 42.758649 ], [ -92.081709, 42.773192 ], [ -92.081649, 42.785367 ], [ -92.081629, 42.787703 ], [ -92.081632, 42.797647 ], [ -92.081643, 42.802279 ], [ -92.081566, 42.81842 ], [ -92.081593, 42.830334 ], [ -92.081884, 42.831375 ], [ -92.081862, 42.832959 ], [ -92.081812, 42.84024 ], [ -92.081805, 42.840854 ], [ -92.0818, 42.840988 ], [ -92.081564, 42.84748 ], [ -92.08155, 42.849303 ], [ -92.081575, 42.86025 ], [ -92.081758, 42.860396 ], [ -92.081494, 42.861395 ], [ -92.081408, 42.862064 ], [ -92.081573, 42.865683 ], [ -92.081537, 42.873295 ], [ -92.081691, 42.876646 ], [ -92.081715, 42.877829 ], [ -92.081721, 42.891162 ], [ -92.081568, 42.907013 ], [ -92.081453, 42.921296 ], [ -92.081461, 42.924413 ], [ -92.081455, 42.935897 ], [ -92.081452, 42.950484 ], [ -92.081502, 42.96508 ], [ -92.081482, 42.975581 ], [ -92.08148, 42.979698 ], [ -92.081492, 42.990529 ], [ -92.08158, 42.994063 ] ] ] ] } },
{ "type": "Feature", "properties": { "id": 37, "NAME": "37", "TotalPop": 32780, "PopDevPct": 0.02746736, "DemPct": 0.45455091, "RepPct": 0.53086938, "WhitePct": 0.79473369, "MinorityPct": 0.20526631, "BlackPct": 0.13588669, "HispanicPct": 0.03462996, "PacificPct": 0.0031917, "AsianPct": 0.01667664, "NativePct": 0.01547975, "TotalVAP": 25065, "Margin": -0.07631847, "color": "#ff7c7c", "opacity": "0.5", "DemPct2": 0.48960194, "RepPct2": 0.49184861, "Margin2": -0.00224667, "Swing": -0.0740718, "R_Margin": 0.0519647468, "R_Margin2": 0.0752065169, "R_Swing": -0.0232417701, "Majority": "White" }, "geometry": { "type": "MultiPolygon", "coordinates": [ [ [ [ -92.475409, 42.642267 ], [ -92.479969, 42.642261 ], [ -92.485652, 42.642254 ], [ -92.489851, 42.642248 ], [ -92.494492, 42.642242 ], [ -92.495411, 42.642241 ], [ -92.498449, 42.642299 ], [ -92.498875, 42.642294 ], [ -92.499428, 42.642274 ], [ -92.503991, 42.642248 ], [ -92.504221, 42.642248 ], [ -92.514425, 42.64232 ], [ -92.522803, 42.642257 ], [ -92.529263, 42.642258 ], [ -92.534132, 42.642259 ], [ -92.543913, 42.642273 ], [ -92.554492, 42.642314 ], [ -92.554493, 42.631914 ], [ -92.554482, 42.62931 ], [ -92.554478, 42.628281 ], [ -92.554655, 42.624981 ], [ -92.554387, 42.622449 ], [ -92.554351, 42.62205 ], [ -92.554256, 42.621073 ], [ -92.554141, 42.619879 ], [ -92.554489, 42.613578 ], [ -92.554486, 42.610136 ], [ -92.554489, 42.599278 ], [ -92.554497, 42.592029 ], [ -92.554502, 42.584763 ], [ -92.554516, 42.57753 ], [ -92.554589, 42.56725 ], [ -92.554591, 42.56702 ], [ -92.554517, 42.558976 ], [ -92.5543, 42.555854 ], [ -92.554468, 42.542316 ], [ -92.554401, 42.527783 ], [ -92.554366, 42.513239 ], [ -92.554357, 42.50324 ], [ -92.554348, 42.500103 ], [ -92.554343, 42.498634 ], [ -92.55435, 42.484147 ], [ -92.55433, 42.469601 ], [ -92.534805, 42.469591 ], [ -92.534015, 42.469592 ], [ -92.521742, 42.469619 ], [ -92.514397, 42.469618 ], [ -92.495443, 42.469582 ], [ -92.494795, 42.469582 ], [ -92.484984, 42.469554 ], [ -92.475905, 42.469543 ], [ -92.475218, 42.469543 ], [ -92.47522, 42.474979 ], [ -92.485038, 42.47499 ], [ -92.48504, 42.475396 ], [ -92.485045, 42.476859 ], [ -92.485063, 42.482575 ], [ -92.481046, 42.482574 ], [ -92.48105, 42.48411 ], [ -92.481366, 42.48411 ], [ -92.481401, 42.491327 ], [ -92.494916, 42.491298 ], [ -92.4984, 42.491306 ], [ -92.49986, 42.49131 ], [ -92.499914, 42.508676 ], [ -92.499919, 42.512111 ], [ -92.499922, 42.513122 ], [ -92.494972, 42.513096 ], [ -92.483187, 42.51315 ], [ -92.482325, 42.513155 ], [ -92.482704, 42.520099 ], [ -92.482127, 42.522268 ], [ -92.482148, 42.524641 ], [ -92.48187, 42.527703 ], [ -92.478139, 42.527719 ], [ -92.474631, 42.527731 ], [ -92.466336, 42.527699 ], [ -92.465472, 42.527696 ], [ -92.465572, 42.531485 ], [ -92.465534, 42.532391 ], [ -92.465425, 42.534936 ], [ -92.465391, 42.535995 ], [ -92.465301, 42.536912 ], [ -92.465265, 42.537852 ], [ -92.465429, 42.537852 ], [ -92.46543, 42.539764 ], [ -92.464442, 42.539763 ], [ -92.463159, 42.539762 ], [ -92.463164, 42.542111 ], [ -92.463329, 42.542089 ], [ -92.464476, 42.542088 ], [ -92.464481, 42.544259 ], [ -92.465591, 42.544258 ], [ -92.465515, 42.545357 ], [ -92.465527, 42.545772 ], [ -92.463994, 42.545511 ], [ -92.462948, 42.545744 ], [ -92.462938, 42.546029 ], [ -92.462849, 42.546093 ], [ -92.462562, 42.547097 ], [ -92.458858, 42.546131 ], [ -92.455334, 42.543779 ], [ -92.452005, 42.539899 ], [ -92.449849, 42.539177 ], [ -92.446733, 42.539861 ], [ -92.445735, 42.539423 ], [ -92.444941, 42.539048 ], [ -92.442108, 42.537742 ], [ -92.43756, 42.534376 ], [ -92.435632, 42.532638 ], [ -92.433033, 42.529873 ], [ -92.433099, 42.52715 ], [ -92.433119, 42.526985 ], [ -92.432232, 42.527257 ], [ -92.431173, 42.527637 ], [ -92.428405, 42.529015 ], [ -92.427103, 42.530994 ], [ -92.426698, 42.53299 ], [ -92.425028, 42.535058 ], [ -92.421937, 42.536668 ], [ -92.419367, 42.53745 ], [ -92.417495, 42.537621 ], [ -92.417496, 42.537762 ], [ -92.417503, 42.538087 ], [ -92.416555, 42.538108 ], [ -92.41648, 42.538802 ], [ -92.416545, 42.539144 ], [ -92.416556, 42.540126 ], [ -92.41656, 42.5404 ], [ -92.416565, 42.540877 ], [ -92.416571, 42.541406 ], [ -92.416517, 42.541935 ], [ -92.416463, 42.543782 ], [ -92.416457, 42.543972 ], [ -92.416351, 42.547642 ], [ -92.416218, 42.552236 ], [ -92.416186, 42.561209 ], [ -92.416318, 42.570466 ], [ -92.396679, 42.570459 ], [ -92.396607, 42.563201 ], [ -92.386733, 42.563215 ], [ -92.386733, 42.56499 ], [ -92.379372, 42.565053 ], [ -92.379351, 42.563228 ], [ -92.376859, 42.563236 ], [ -92.376806, 42.557764 ], [ -92.376861, 42.549242 ], [ -92.377027, 42.541946 ], [ -92.37694, 42.536873 ], [ -92.376935, 42.536611 ], [ -92.376919, 42.535641 ], [ -92.377196, 42.531618 ], [ -92.376174, 42.531418 ], [ -92.376163, 42.530705 ], [ -92.376153, 42.529992 ], [ -92.376142, 42.529278 ], [ -92.376131, 42.528565 ], [ -92.37231, 42.528613 ], [ -92.368735, 42.528658 ], [ -92.368735, 42.527945 ], [ -92.368734, 42.527442 ], [ -92.367017, 42.527464 ], [ -92.365298, 42.527488 ], [ -92.365304, 42.525781 ], [ -92.362171, 42.52579 ], [ -92.360513, 42.525794 ], [ -92.359776, 42.525312 ], [ -92.357742, 42.523981 ], [ -92.357261, 42.523666 ], [ -92.354856, 42.522093 ], [ -92.351236, 42.519725 ], [ -92.350083, 42.51897 ], [ -92.346641, 42.516718 ], [ -92.345426, 42.515903 ], [ -92.345103, 42.514981 ], [ -92.345088, 42.514059 ], [ -92.345078, 42.513137 ], [ -92.345067, 42.512165 ], [ -92.342581, 42.512162 ], [ -92.341246, 42.512161 ], [ -92.340894, 42.512175 ], [ -92.340187, 42.512561 ], [ -92.340039, 42.512719 ], [ -92.339891, 42.512924 ], [ -92.338973, 42.513129 ], [ -92.337731, 42.513128 ], [ -92.336646, 42.513179 ], [ -92.33473, 42.513242 ], [ -92.334735, 42.512309 ], [ -92.332711, 42.512296 ], [ -92.331128, 42.512289 ], [ -92.329548, 42.512282 ], [ -92.32778, 42.512274 ], [ -92.327778, 42.511338 ], [ -92.327775, 42.510381 ], [ -92.327773, 42.509336 ], [ -92.327771, 42.50832 ], [ -92.327768, 42.507302 ], [ -92.327767, 42.506651 ], [ -92.327763, 42.505584 ], [ -92.326474, 42.505161 ], [ -92.326466, 42.504428 ], [ -92.325202, 42.504097 ], [ -92.323941, 42.504086 ], [ -92.323905, 42.503106 ], [ -92.322666, 42.503095 ], [ -92.321322, 42.502003 ], [ -92.32301, 42.501569 ], [ -92.322626, 42.501317 ], [ -92.320544, 42.499955 ], [ -92.31784, 42.499933 ], [ -92.316494, 42.499895 ], [ -92.315144, 42.499903 ], [ -92.315145, 42.499451 ], [ -92.31285, 42.499461 ], [ -92.312404, 42.499463 ], [ -92.311959, 42.499465 ], [ -92.309701, 42.499474 ], [ -92.30781, 42.499482 ], [ -92.307802, 42.49839 ], [ -92.307807, 42.497481 ], [ -92.307802, 42.496581 ], [ -92.307763, 42.495698 ], [ -92.307725, 42.494815 ], [ -92.307721, 42.494361 ], [ -92.307719, 42.493335 ], [ -92.30773, 42.492368 ], [ -92.308128, 42.491812 ], [ -92.30839, 42.491591 ], [ -92.308735, 42.490387 ], [ -92.308736, 42.488581 ], [ -92.308737, 42.487662 ], [ -92.308228, 42.48743 ], [ -92.307059, 42.486897 ], [ -92.305889, 42.486364 ], [ -92.304727, 42.485834 ], [ -92.302879, 42.484991 ], [ -92.299975, 42.483656 ], [ -92.297918, 42.483861 ], [ -92.295346, 42.483837 ], [ -92.293964, 42.483386 ], [ -92.293972, 42.482191 ], [ -92.294021, 42.479508 ], [ -92.294029, 42.47889 ], [ -92.293567, 42.478453 ], [ -92.292928, 42.476023 ], [ -92.294096, 42.473622 ], [ -92.297981, 42.470143 ], [ -92.302604, 42.467963 ], [ -92.300611, 42.467524 ], [ -92.303348, 42.466966 ], [ -92.307201, 42.467078 ], [ -92.308624, 42.466003 ], [ -92.309688, 42.464153 ], [ -92.309983, 42.462109 ], [ -92.309748, 42.460114 ], [ -92.308998, 42.458841 ], [ -92.307625, 42.457742 ], [ -92.305179, 42.456551 ], [ -92.304762, 42.456366 ], [ -92.304704, 42.45634 ], [ -92.300794, 42.454494 ], [ -92.295188, 42.453376 ], [ -92.292571, 42.453397 ], [ -92.291978, 42.45399 ], [ -92.290096, 42.456335 ], [ -92.288134, 42.457942 ], [ -92.285562, 42.458918 ], [ -92.282668, 42.459364 ], [ -92.278672, 42.459586 ], [ -92.277155, 42.459159 ], [ -92.275303, 42.457888 ], [ -92.269916, 42.455138 ], [ -92.268143, 42.453625 ], [ -92.266004, 42.451233 ], [ -92.263703, 42.449185 ], [ -92.263463, 42.449015 ], [ -92.263863, 42.448565 ], [ -92.258826, 42.445731 ], [ -92.258338, 42.445044 ], [ -92.259473, 42.442927 ], [ -92.263646, 42.442191 ], [ -92.264644, 42.440555 ], [ -92.26381, 42.43936 ], [ -92.259181, 42.436681 ], [ -92.256453, 42.435725 ], [ -92.251749, 42.434678 ], [ -92.246906, 42.43414 ], [ -92.242344, 42.433344 ], [ -92.239725, 42.4317 ], [ -92.239347, 42.430565 ], [ -92.240941, 42.426929 ], [ -92.241014, 42.425598 ], [ -92.239628, 42.424222 ], [ -92.237676, 42.42396 ], [ -92.23371, 42.424889 ], [ -92.226641, 42.423994 ], [ -92.223982, 42.423096 ], [ -92.221972, 42.421393 ], [ -92.219736, 42.418663 ], [ -92.218755, 42.415842 ], [ -92.217773, 42.413965 ], [ -92.217853, 42.411571 ], [ -92.220839, 42.408964 ], [ -92.221438, 42.406439 ], [ -92.220034, 42.403367 ], [ -92.219892, 42.402417 ], [ -92.217837, 42.39897 ], [ -92.21718, 42.39719 ], [ -92.217288, 42.394737 ], [ -92.216443, 42.393073 ], [ -92.215807, 42.389859 ], [ -92.21575, 42.388003 ], [ -92.214973, 42.384463 ], [ -92.21439, 42.382992 ], [ -92.214007, 42.380186 ], [ -92.216031, 42.377487 ], [ -92.221539, 42.374209 ], [ -92.221757, 42.373235 ], [ -92.220986, 42.370937 ], [ -92.219837, 42.370398 ], [ -92.215808, 42.370646 ], [ -92.214275, 42.369991 ], [ -92.214192, 42.365492 ], [ -92.213735, 42.361097 ], [ -92.213124, 42.35874 ], [ -92.210836, 42.356393 ], [ -92.207451, 42.354144 ], [ -92.205357, 42.353329 ], [ -92.200451, 42.352121 ], [ -92.197247, 42.350704 ], [ -92.195982, 42.349745 ], [ -92.196142, 42.34652 ], [ -92.195404, 42.343416 ], [ -92.193949, 42.341869 ], [ -92.192472, 42.341281 ], [ -92.189976, 42.341299 ], [ -92.187942, 42.34245 ], [ -92.186482, 42.344442 ], [ -92.184658, 42.345532 ], [ -92.18281, 42.345718 ], [ -92.181263, 42.345239 ], [ -92.17925, 42.343173 ], [ -92.176871, 42.341502 ], [ -92.172613, 42.340651 ], [ -92.166536, 42.337129 ], [ -92.167094, 42.336887 ], [ -92.167503, 42.33535 ], [ -92.174438, 42.332158 ], [ -92.174539, 42.332113 ], [ -92.174046, 42.331406 ], [ -92.173766, 42.330757 ], [ -92.173829, 42.329937 ], [ -92.173604, 42.32945 ], [ -92.173179, 42.329254 ], [ -92.172854, 42.329192 ], [ -92.17269, 42.328621 ], [ -92.172526, 42.328304 ], [ -92.172549, 42.327882 ], [ -92.172456, 42.327501 ], [ -92.171956, 42.326924 ], [ -92.171714, 42.326376 ], [ -92.171582, 42.325862 ], [ -92.171608, 42.32574 ], [ -92.171363, 42.325562 ], [ -92.170591, 42.325221 ], [ -92.170099, 42.324933 ], [ -92.169545, 42.324754 ], [ -92.169007, 42.32435 ], [ -92.168578, 42.324148 ], [ -92.168039, 42.32394 ], [ -92.167431, 42.323871 ], [ -92.16672, 42.324061 ], [ -92.166049, 42.324385 ], [ -92.16548, 42.324742 ], [ -92.165121, 42.325037 ], [ -92.164044, 42.326081 ], [ -92.16367, 42.326457 ], [ -92.163186, 42.326618 ], [ -92.162257, 42.326895 ], [ -92.161297, 42.327167 ], [ -92.160751, 42.327259 ], [ -92.159612, 42.327218 ], [ -92.15876, 42.3272 ], [ -92.158192, 42.327143 ], [ -92.157685, 42.326936 ], [ -92.157146, 42.326595 ], [ -92.155968, 42.325776 ], [ -92.155594, 42.325354 ], [ -92.155481, 42.324888 ], [ -92.155326, 42.32458 ], [ -92.154779, 42.324105 ], [ -92.154197, 42.32378 ], [ -92.153638, 42.323736 ], [ -92.153124, 42.323798 ], [ -92.152413, 42.32378 ], [ -92.151176, 42.323701 ], [ -92.149773, 42.32356 ], [ -92.149018, 42.323524 ], [ -92.14829, 42.323511 ], [ -92.146298, 42.323625 ], [ -92.145552, 42.323613 ], [ -92.144654, 42.32381 ], [ -92.138935, 42.322369 ], [ -92.135811, 42.320213 ], [ -92.134298, 42.317751 ], [ -92.133861, 42.315546 ], [ -92.132907, 42.312845 ], [ -92.130835, 42.309389 ], [ -92.129531, 42.308824 ], [ -92.128841, 42.3078 ], [ -92.12534, 42.307742 ], [ -92.119513, 42.308952 ], [ -92.118028, 42.309756 ], [ -92.117953, 42.310467 ], [ -92.117952, 42.310486 ], [ -92.116791, 42.31199 ], [ -92.118464, 42.313239 ], [ -92.118495, 42.314244 ], [ -92.11661, 42.316018 ], [ -92.113018, 42.315867 ], [ -92.111736, 42.315354 ], [ -92.109535, 42.315747 ], [ -92.107351, 42.315349 ], [ -92.105915, 42.31468 ], [ -92.105078, 42.313492 ], [ -92.103456, 42.311995 ], [ -92.099366, 42.310579 ], [ -92.096976, 42.310101 ], [ -92.09534, 42.309344 ], [ -92.093274, 42.307649 ], [ -92.091782, 42.30583 ], [ -92.089296, 42.305326 ], [ -92.087935, 42.304412 ], [ -92.083062, 42.30425 ], [ -92.08096, 42.303545 ], [ -92.07716, 42.30321 ], [ -92.072454, 42.301927 ], [ -92.067304, 42.300835 ], [ -92.064744, 42.299116 ], [ -92.064704, 42.300197 ], [ -92.064645, 42.303136 ], [ -92.064713, 42.319098 ], [ -92.064723, 42.333589 ], [ -92.064721, 42.340822 ], [ -92.064715, 42.34802 ], [ -92.064715, 42.348087 ], [ -92.064712, 42.353838 ], [ -92.064712, 42.354094 ], [ -92.0647, 42.362564 ], [ -92.064692, 42.367502 ], [ -92.064496, 42.368701 ], [ -92.06478, 42.374985 ], [ -92.064753, 42.378214 ], [ -92.064739, 42.380874 ], [ -92.064692, 42.384616 ], [ -92.06456, 42.399076 ], [ -92.06417, 42.442438 ], [ -92.064136, 42.44916 ], [ -92.064136, 42.449445 ], [ -92.064172, 42.459303 ], [ -92.064192, 42.464148 ], [ -92.064187, 42.468221 ], [ -92.065163, 42.46822 ], [ -92.066479, 42.468218 ], [ -92.067796, 42.468216 ], [ -92.070284, 42.468212 ], [ -92.073971, 42.468205 ], [ -92.081446, 42.468192 ], [ -92.081524, 42.474443 ], [ -92.08171, 42.482758 ], [ -92.08201, 42.511843 ], [ -92.082079, 42.522865 ], [ -92.082416, 42.526312 ], [ -92.082418, 42.533647 ], [ -92.082399, 42.539381 ], [ -92.082361, 42.552418 ], [ -92.082362, 42.552811 ], [ -92.08238, 42.554918 ], [ -92.082362, 42.565887 ], [ -92.082043, 42.569408 ], [ -92.081857, 42.583969 ], [ -92.081828, 42.591114 ], [ -92.081795, 42.601987 ], [ -92.08171, 42.612862 ], [ -92.081703, 42.617878 ], [ -92.081694, 42.623754 ], [ -92.081691, 42.625529 ], [ -92.081672, 42.638309 ], [ -92.081661, 42.642056 ], [ -92.098519, 42.641982 ], [ -92.101361, 42.641968 ], [ -92.116139, 42.641958 ], [ -92.121033, 42.641952 ], [ -92.124907, 42.642095 ], [ -92.147888, 42.642152 ], [ -92.148295, 42.642153 ], [ -92.162929, 42.642085 ], [ -92.165243, 42.642083 ], [ -92.179965, 42.642119 ], [ -92.18978, 42.642158 ], [ -92.19895, 42.642189 ], [ -92.219167, 42.642187 ], [ -92.229016, 42.642191 ], [ -92.238851, 42.642206 ], [ -92.248707, 42.642203 ], [ -92.256048, 42.642201 ], [ -92.256178, 42.642201 ], [ -92.258549, 42.6422 ], [ -92.278201, 42.642209 ], [ -92.297892, 42.642231 ], [ -92.317662, 42.642237 ], [ -92.337178, 42.642259 ], [ -92.337456, 42.64226 ], [ -92.337699, 42.64226 ], [ -92.357048, 42.642317 ], [ -92.366886, 42.642297 ], [ -92.371862, 42.642288 ], [ -92.376725, 42.642278 ], [ -92.396423, 42.642296 ], [ -92.407001, 42.642291 ], [ -92.416115, 42.642278 ], [ -92.436121, 42.642265 ], [ -92.450879, 42.642264 ], [ -92.451471, 42.642263 ], [ -92.45202, 42.642262 ], [ -92.452393, 42.642262 ], [ -92.453372, 42.642259 ], [ -92.457477, 42.642256 ], [ -92.457858, 42.642256 ], [ -92.460453, 42.642258 ], [ -92.4618, 42.642259 ], [ -92.463129, 42.64226 ], [ -92.464321, 42.642261 ], [ -92.465716, 42.642262 ], [ -92.466967, 42.642263 ], [ -92.472035, 42.642265 ], [ -92.475409, 42.642267 ] ] ] ] } },
{ "type": "Feature", "properties": { "id": 38, "NAME": "38", "TotalPop": 32706, "PopDevPct": 0.02514787, "DemPct": 0.54063927, "RepPct": 0.44058219, "WhitePct": 0.87662289, "MinorityPct": 0.12337711, "BlackPct": 0.04335174, "HispanicPct": 0.02555589, "PacificPct": 0.00298463, "AsianPct": 0.03514401, "NativePct": 0.01134159, "TotalVAP": 26804, "Margin": 0.10005708, "color": "#2020ff", "opacity": "0.5", "DemPct2": 0.5717663, "RepPct2": 0.40712597, "Margin2": 0.16464033, "Swing": -0.06458325, "R_Margin": 0.2283402968, "R_Margin2": 0.2420935169, "R_Swing": -0.0137532201, "Majority": "White" }, "geometry": { "type": "MultiPolygon", "coordinates": [ [ [ [ -92.499922, 42.513122 ], [ -92.499919, 42.512111 ], [ -92.499914, 42.508676 ], [ -92.49986, 42.49131 ], [ -92.4984, 42.491306 ], [ -92.494916, 42.491298 ], [ -92.481401, 42.491327 ], [ -92.481366, 42.48411 ], [ -92.48105, 42.48411 ], [ -92.481046, 42.482574 ], [ -92.485063, 42.482575 ], [ -92.485045, 42.476859 ], [ -92.48504, 42.475396 ], [ -92.485038, 42.47499 ], [ -92.47522, 42.474979 ], [ -92.475218, 42.469543 ], [ -92.475905, 42.469543 ], [ -92.475884, 42.465184 ], [ -92.475886, 42.465067 ], [ -92.465506, 42.464746 ], [ -92.450524, 42.464525 ], [ -92.44415, 42.464426 ], [ -92.436736, 42.464245 ], [ -92.436735, 42.464496 ], [ -92.436741, 42.469501 ], [ -92.435966, 42.469499 ], [ -92.436009, 42.473118 ], [ -92.415756, 42.473051 ], [ -92.412765, 42.473036 ], [ -92.412623, 42.47305 ], [ -92.412496, 42.473051 ], [ -92.40598, 42.472995 ], [ -92.406044, 42.475606 ], [ -92.40605, 42.475759 ], [ -92.406051, 42.475886 ], [ -92.406102, 42.478698 ], [ -92.406285, 42.491241 ], [ -92.406334, 42.494889 ], [ -92.40634, 42.495353 ], [ -92.40635, 42.496123 ], [ -92.406361, 42.49692 ], [ -92.40637, 42.497743 ], [ -92.406382, 42.498567 ], [ -92.406382, 42.498688 ], [ -92.406381, 42.498837 ], [ -92.406381, 42.50025 ], [ -92.406375, 42.503225 ], [ -92.40634, 42.505677 ], [ -92.406337, 42.507415 ], [ -92.406336, 42.508086 ], [ -92.406334, 42.509534 ], [ -92.406363, 42.510656 ], [ -92.406359, 42.513051 ], [ -92.406344, 42.514199 ], [ -92.406334, 42.514893 ], [ -92.406315, 42.516277 ], [ -92.406308, 42.517386 ], [ -92.406305, 42.520106 ], [ -92.407782, 42.520388 ], [ -92.408445, 42.520395 ], [ -92.408779, 42.522085 ], [ -92.411229, 42.52212 ], [ -92.411218, 42.520321 ], [ -92.416132, 42.520389 ], [ -92.416103, 42.521017 ], [ -92.416082, 42.523029 ], [ -92.415165, 42.523928 ], [ -92.415163, 42.52528 ], [ -92.416077, 42.526072 ], [ -92.416075, 42.527116 ], [ -92.416102, 42.528105 ], [ -92.416129, 42.528724 ], [ -92.420597, 42.526604 ], [ -92.425718, 42.524828 ], [ -92.428914, 42.524359 ], [ -92.431227, 42.525127 ], [ -92.433159, 42.526659 ], [ -92.433119, 42.526985 ], [ -92.433099, 42.52715 ], [ -92.433033, 42.529873 ], [ -92.435632, 42.532638 ], [ -92.43756, 42.534376 ], [ -92.442108, 42.537742 ], [ -92.444941, 42.539048 ], [ -92.445735, 42.539423 ], [ -92.446733, 42.539861 ], [ -92.449849, 42.539177 ], [ -92.452005, 42.539899 ], [ -92.455334, 42.543779 ], [ -92.458858, 42.546131 ], [ -92.462562, 42.547097 ], [ -92.462849, 42.546093 ], [ -92.462938, 42.546029 ], [ -92.462948, 42.545744 ], [ -92.463994, 42.545511 ], [ -92.465527, 42.545772 ], [ -92.465515, 42.545357 ], [ -92.465591, 42.544258 ], [ -92.464481, 42.544259 ], [ -92.464476, 42.542088 ], [ -92.463329, 42.542089 ], [ -92.463164, 42.542111 ], [ -92.463159, 42.539762 ], [ -92.464442, 42.539763 ], [ -92.46543, 42.539764 ], [ -92.465429, 42.537852 ], [ -92.465265, 42.537852 ], [ -92.465301, 42.536912 ], [ -92.465391, 42.535995 ], [ -92.465425, 42.534936 ], [ -92.465534, 42.532391 ], [ -92.465572, 42.531485 ], [ -92.465472, 42.527696 ], [ -92.466336, 42.527699 ], [ -92.474631, 42.527731 ], [ -92.478139, 42.527719 ], [ -92.48187, 42.527703 ], [ -92.482148, 42.524641 ], [ -92.482127, 42.522268 ], [ -92.482704, 42.520099 ], [ -92.482325, 42.513155 ], [ -92.483187, 42.51315 ], [ -92.494972, 42.513096 ], [ -92.499922, 42.513122 ] ] ] ] } },
{ "type": "Feature", "properties": { "id": 39, "NAME": "39", "TotalPop": 32489, "PopDevPct": 0.01834615, "DemPct": 0.54490274, "RepPct": 0.43761884, "WhitePct": 0.75977587, "MinorityPct": 0.24022413, "BlackPct": 0.13765697, "HispanicPct": 0.0460976, "PacificPct": 0.00981561, "AsianPct": 0.03151327, "NativePct": 0.01780321, "TotalVAP": 25164, "Margin": 0.1072839, "color": "#2020ff", "opacity": "0.5", "DemPct2": 0.58386535, "RepPct2": 0.39627265, "Margin2": 0.1875927, "Swing": -0.0803088, "R_Margin": 0.2355671168, "R_Margin2": 0.2650458869, "R_Swing": -0.029478770099999899, "Majority": "White" }, "geometry": { "type": "MultiPolygon", "coordinates": [ [ [ [ -92.343139, 42.466099 ], [ -92.342569, 42.467646 ], [ -92.342558, 42.468478 ], [ -92.34256, 42.469399 ], [ -92.342575, 42.470289 ], [ -92.342365, 42.472042 ], [ -92.342383, 42.473027 ], [ -92.342399, 42.473938 ], [ -92.342415, 42.474845 ], [ -92.342432, 42.475752 ], [ -92.342448, 42.476657 ], [ -92.342466, 42.477559 ], [ -92.342484, 42.47846 ], [ -92.342502, 42.479386 ], [ -92.342789, 42.480293 ], [ -92.342811, 42.481199 ], [ -92.342833, 42.482105 ], [ -92.342855, 42.483011 ], [ -92.342877, 42.48392 ], [ -92.342855, 42.484696 ], [ -92.341948, 42.485443 ], [ -92.342981, 42.486123 ], [ -92.344361, 42.487032 ], [ -92.344997, 42.486735 ], [ -92.34584, 42.487546 ], [ -92.345899, 42.487603 ], [ -92.346683, 42.488358 ], [ -92.347704, 42.489341 ], [ -92.346237, 42.48985 ], [ -92.346072, 42.490233 ], [ -92.345504, 42.490561 ], [ -92.344394, 42.491229 ], [ -92.343449, 42.492006 ], [ -92.342508, 42.492781 ], [ -92.341453, 42.492084 ], [ -92.340397, 42.491388 ], [ -92.340071, 42.491657 ], [ -92.339914, 42.491787 ], [ -92.339592, 42.492053 ], [ -92.338509, 42.492945 ], [ -92.337766, 42.492454 ], [ -92.337057, 42.493388 ], [ -92.336221, 42.494149 ], [ -92.335233, 42.494973 ], [ -92.335684, 42.495299 ], [ -92.336684, 42.496029 ], [ -92.337819, 42.496786 ], [ -92.337187, 42.497232 ], [ -92.3368, 42.497506 ], [ -92.335898, 42.498253 ], [ -92.334964, 42.499036 ], [ -92.33403, 42.499818 ], [ -92.333096, 42.500601 ], [ -92.332699, 42.501722 ], [ -92.331318, 42.50081 ], [ -92.330764, 42.500446 ], [ -92.32995, 42.499905 ], [ -92.329383, 42.499531 ], [ -92.327746, 42.500033 ], [ -92.325231, 42.500472 ], [ -92.322626, 42.501317 ], [ -92.32301, 42.501569 ], [ -92.321322, 42.502003 ], [ -92.322666, 42.503095 ], [ -92.323905, 42.503106 ], [ -92.323941, 42.504086 ], [ -92.325202, 42.504097 ], [ -92.326466, 42.504428 ], [ -92.326474, 42.505161 ], [ -92.327763, 42.505584 ], [ -92.327767, 42.506651 ], [ -92.327768, 42.507302 ], [ -92.327771, 42.50832 ], [ -92.327773, 42.509336 ], [ -92.327775, 42.510381 ], [ -92.327778, 42.511338 ], [ -92.32778, 42.512274 ], [ -92.329548, 42.512282 ], [ -92.331128, 42.512289 ], [ -92.332711, 42.512296 ], [ -92.334735, 42.512309 ], [ -92.33473, 42.513242 ], [ -92.336646, 42.513179 ], [ -92.337731, 42.513128 ], [ -92.338973, 42.513129 ], [ -92.339891, 42.512924 ], [ -92.340039, 42.512719 ], [ -92.340187, 42.512561 ], [ -92.340894, 42.512175 ], [ -92.341246, 42.512161 ], [ -92.342581, 42.512162 ], [ -92.345067, 42.512165 ], [ -92.345078, 42.513137 ], [ -92.345088, 42.514059 ], [ -92.345103, 42.514981 ], [ -92.345426, 42.515903 ], [ -92.346641, 42.516718 ], [ -92.350083, 42.51897 ], [ -92.351236, 42.519725 ], [ -92.354856, 42.522093 ], [ -92.357261, 42.523666 ], [ -92.357742, 42.523981 ], [ -92.359776, 42.525312 ], [ -92.360513, 42.525794 ], [ -92.362171, 42.52579 ], [ -92.365304, 42.525781 ], [ -92.365298, 42.527488 ], [ -92.367017, 42.527464 ], [ -92.368734, 42.527442 ], [ -92.368735, 42.527945 ], [ -92.368735, 42.528658 ], [ -92.37231, 42.528613 ], [ -92.376131, 42.528565 ], [ -92.376142, 42.529278 ], [ -92.376153, 42.529992 ], [ -92.376163, 42.530705 ], [ -92.376174, 42.531418 ], [ -92.377196, 42.531618 ], [ -92.376919, 42.535641 ], [ -92.376935, 42.536611 ], [ -92.37694, 42.536873 ], [ -92.377027, 42.541946 ], [ -92.376861, 42.549242 ], [ -92.376806, 42.557764 ], [ -92.376859, 42.563236 ], [ -92.379351, 42.563228 ], [ -92.379372, 42.565053 ], [ -92.386733, 42.56499 ], [ -92.386733, 42.563215 ], [ -92.396607, 42.563201 ], [ -92.396679, 42.570459 ], [ -92.416318, 42.570466 ], [ -92.416186, 42.561209 ], [ -92.416218, 42.552236 ], [ -92.416351, 42.547642 ], [ -92.416457, 42.543972 ], [ -92.416463, 42.543782 ], [ -92.416517, 42.541935 ], [ -92.416571, 42.541406 ], [ -92.416565, 42.540877 ], [ -92.41656, 42.5404 ], [ -92.416556, 42.540126 ], [ -92.416545, 42.539144 ], [ -92.41648, 42.538802 ], [ -92.416555, 42.538108 ], [ -92.417503, 42.538087 ], [ -92.417496, 42.537762 ], [ -92.417495, 42.537621 ], [ -92.419367, 42.53745 ], [ -92.421937, 42.536668 ], [ -92.425028, 42.535058 ], [ -92.426698, 42.53299 ], [ -92.427103, 42.530994 ], [ -92.428405, 42.529015 ], [ -92.431173, 42.527637 ], [ -92.432232, 42.527257 ], [ -92.433119, 42.526985 ], [ -92.433159, 42.526659 ], [ -92.431227, 42.525127 ], [ -92.428914, 42.524359 ], [ -92.425718, 42.524828 ], [ -92.420597, 42.526604 ], [ -92.416129, 42.528724 ], [ -92.416102, 42.528105 ], [ -92.416075, 42.527116 ], [ -92.416077, 42.526072 ], [ -92.415163, 42.52528 ], [ -92.415165, 42.523928 ], [ -92.416082, 42.523029 ], [ -92.416103, 42.521017 ], [ -92.416132, 42.520389 ], [ -92.411218, 42.520321 ], [ -92.411229, 42.52212 ], [ -92.408779, 42.522085 ], [ -92.408445, 42.520395 ], [ -92.407782, 42.520388 ], [ -92.406305, 42.520106 ], [ -92.406308, 42.517386 ], [ -92.406315, 42.516277 ], [ -92.406334, 42.514893 ], [ -92.406344, 42.514199 ], [ -92.406359, 42.513051 ], [ -92.406363, 42.510656 ], [ -92.406334, 42.509534 ], [ -92.406336, 42.508086 ], [ -92.406337, 42.507415 ], [ -92.40634, 42.505677 ], [ -92.406375, 42.503225 ], [ -92.406381, 42.50025 ], [ -92.406381, 42.498837 ], [ -92.406382, 42.498688 ], [ -92.406382, 42.498567 ], [ -92.40637, 42.497743 ], [ -92.406361, 42.49692 ], [ -92.40635, 42.496123 ], [ -92.40634, 42.495353 ], [ -92.406334, 42.494889 ], [ -92.406285, 42.491241 ], [ -92.406102, 42.478698 ], [ -92.406051, 42.475886 ], [ -92.40605, 42.475759 ], [ -92.406044, 42.475606 ], [ -92.40598, 42.472995 ], [ -92.412496, 42.473051 ], [ -92.412623, 42.47305 ], [ -92.412736, 42.472285 ], [ -92.414234, 42.470716 ], [ -92.413526, 42.46953 ], [ -92.413367, 42.469516 ], [ -92.40708, 42.469271 ], [ -92.405005, 42.469278 ], [ -92.399227, 42.469296 ], [ -92.39607, 42.469366 ], [ -92.394505, 42.46937 ], [ -92.392307, 42.469376 ], [ -92.383004, 42.469393 ], [ -92.386451, 42.467172 ], [ -92.385896, 42.466404 ], [ -92.383102, 42.465913 ], [ -92.382234, 42.465355 ], [ -92.38089, 42.464491 ], [ -92.380265, 42.463385 ], [ -92.379154, 42.463386 ], [ -92.376164, 42.463388 ], [ -92.375312, 42.463389 ], [ -92.375306, 42.464317 ], [ -92.372763, 42.463795 ], [ -92.37112, 42.46323 ], [ -92.369786, 42.463231 ], [ -92.368452, 42.463232 ], [ -92.367092, 42.463233 ], [ -92.365726, 42.463234 ], [ -92.365729, 42.462688 ], [ -92.364513, 42.46269 ], [ -92.363306, 42.462691 ], [ -92.362099, 42.462692 ], [ -92.360903, 42.462693 ], [ -92.360899, 42.463511 ], [ -92.360895, 42.464317 ], [ -92.360889, 42.465602 ], [ -92.35869, 42.465995 ], [ -92.356813, 42.465996 ], [ -92.356751, 42.464304 ], [ -92.356757, 42.463817 ], [ -92.356717, 42.463306 ], [ -92.356655, 42.462698 ], [ -92.356544, 42.459357 ], [ -92.35655, 42.45837 ], [ -92.356555, 42.457554 ], [ -92.351828, 42.457447 ], [ -92.348766, 42.457378 ], [ -92.348693, 42.457678 ], [ -92.348686, 42.458877 ], [ -92.348676, 42.460711 ], [ -92.347856, 42.462141 ], [ -92.345415, 42.464126 ], [ -92.343764, 42.465393 ], [ -92.343139, 42.466099 ] ] ] ] } },
{ "type": "Feature", "properties": { "id": 40, "NAME": "40", "TotalPop": 33169, "PopDevPct": 0.0396603, "DemPct": 0.4519774, "RepPct": 0.53313393, "WhitePct": 0.8000706, "MinorityPct": 0.1999294, "BlackPct": 0.10127873, "HispanicPct": 0.05009022, "PacificPct": 0.00596219, "AsianPct": 0.02851651, "NativePct": 0.01518004, "TotalVAP": 25494, "Margin": -0.08115653, "color": "#ff7676", "opacity": "0.5", "DemPct2": 0.49721195, "RepPct2": 0.48392958, "Margin2": 0.01328237, "Swing": -0.0944389, "R_Margin": 0.0471266868, "R_Margin2": 0.0907355569, "R_Swing": -0.0436088701, "Majority": "White" }, "geometry": { "type": "MultiPolygon", "coordinates": [ [ [ [ -92.342448, 42.476657 ], [ -92.342432, 42.475752 ], [ -92.342415, 42.474845 ], [ -92.342399, 42.473938 ], [ -92.342383, 42.473027 ], [ -92.342365, 42.472042 ], [ -92.342575, 42.470289 ], [ -92.34256, 42.469399 ], [ -92.342558, 42.468478 ], [ -92.342569, 42.467646 ], [ -92.343139, 42.466099 ], [ -92.343764, 42.465393 ], [ -92.345415, 42.464126 ], [ -92.347856, 42.462141 ], [ -92.348676, 42.460711 ], [ -92.348686, 42.458877 ], [ -92.348693, 42.457678 ], [ -92.348766, 42.457378 ], [ -92.351828, 42.457447 ], [ -92.356555, 42.457554 ], [ -92.35655, 42.45837 ], [ -92.356544, 42.459357 ], [ -92.356655, 42.462698 ], [ -92.356717, 42.463306 ], [ -92.356757, 42.463817 ], [ -92.356751, 42.464304 ], [ -92.356813, 42.465996 ], [ -92.35869, 42.465995 ], [ -92.360889, 42.465602 ], [ -92.360895, 42.464317 ], [ -92.360899, 42.463511 ], [ -92.360903, 42.462693 ], [ -92.362099, 42.462692 ], [ -92.363306, 42.462691 ], [ -92.364513, 42.46269 ], [ -92.365729, 42.462688 ], [ -92.365726, 42.463234 ], [ -92.367092, 42.463233 ], [ -92.368452, 42.463232 ], [ -92.369786, 42.463231 ], [ -92.37112, 42.46323 ], [ -92.372763, 42.463795 ], [ -92.375306, 42.464317 ], [ -92.375312, 42.463389 ], [ -92.376164, 42.463388 ], [ -92.379154, 42.463386 ], [ -92.380265, 42.463385 ], [ -92.38089, 42.464491 ], [ -92.382234, 42.465355 ], [ -92.383102, 42.465913 ], [ -92.385896, 42.466404 ], [ -92.386451, 42.467172 ], [ -92.383004, 42.469393 ], [ -92.392307, 42.469376 ], [ -92.394505, 42.46937 ], [ -92.39607, 42.469366 ], [ -92.399227, 42.469296 ], [ -92.405005, 42.469278 ], [ -92.40708, 42.469271 ], [ -92.413367, 42.469516 ], [ -92.413526, 42.46953 ], [ -92.414234, 42.470716 ], [ -92.412736, 42.472285 ], [ -92.412623, 42.47305 ], [ -92.412765, 42.473036 ], [ -92.415756, 42.473051 ], [ -92.436009, 42.473118 ], [ -92.435966, 42.469499 ], [ -92.436741, 42.469501 ], [ -92.436735, 42.464496 ], [ -92.436736, 42.464245 ], [ -92.44415, 42.464426 ], [ -92.450524, 42.464525 ], [ -92.465506, 42.464746 ], [ -92.475886, 42.465067 ], [ -92.475884, 42.465184 ], [ -92.475905, 42.469543 ], [ -92.484984, 42.469554 ], [ -92.494795, 42.469582 ], [ -92.495443, 42.469582 ], [ -92.514397, 42.469618 ], [ -92.521742, 42.469619 ], [ -92.534015, 42.469592 ], [ -92.534023, 42.468999 ], [ -92.53405, 42.463797 ], [ -92.534047, 42.463541 ], [ -92.534098, 42.456666 ], [ -92.533995, 42.442242 ], [ -92.533989, 42.438509 ], [ -92.533971, 42.427796 ], [ -92.533915, 42.413422 ], [ -92.533889, 42.406198 ], [ -92.533889, 42.404509 ], [ -92.533876, 42.391735 ], [ -92.533862, 42.384022 ], [ -92.533841, 42.37727 ], [ -92.53383, 42.375009 ], [ -92.533794, 42.369141 ], [ -92.533718, 42.351126 ], [ -92.533677, 42.340312 ], [ -92.533603, 42.325864 ], [ -92.533549, 42.31143 ], [ -92.53351, 42.297001 ], [ -92.523414, 42.29719 ], [ -92.514065, 42.297175 ], [ -92.494669, 42.29714 ], [ -92.475242, 42.297162 ], [ -92.465533, 42.297193 ], [ -92.460473, 42.297202 ], [ -92.455717, 42.297215 ], [ -92.440552, 42.297235 ], [ -92.436408, 42.297245 ], [ -92.416949, 42.297284 ], [ -92.396621, 42.297332 ], [ -92.377061, 42.297358 ], [ -92.357476, 42.297362 ], [ -92.347687, 42.297385 ], [ -92.33793, 42.297407 ], [ -92.319384, 42.297441 ], [ -92.318321, 42.297492 ], [ -92.298792, 42.297527 ], [ -92.292529, 42.297423 ], [ -92.278977, 42.297443 ], [ -92.2595, 42.297455 ], [ -92.239998, 42.297446 ], [ -92.220393, 42.297421 ], [ -92.208926, 42.297406 ], [ -92.208473, 42.297408 ], [ -92.196418, 42.297401 ], [ -92.186298, 42.297431 ], [ -92.181433, 42.297481 ], [ -92.162038, 42.29748 ], [ -92.154301, 42.297504 ], [ -92.14819, 42.297438 ], [ -92.146091, 42.297435 ], [ -92.142521, 42.297431 ], [ -92.133403, 42.297414 ], [ -92.115004, 42.297371 ], [ -92.10368, 42.297354 ], [ -92.093879, 42.297335 ], [ -92.084206, 42.29732 ], [ -92.064766, 42.297259 ], [ -92.064775, 42.297797 ], [ -92.064744, 42.299116 ], [ -92.067304, 42.300835 ], [ -92.072454, 42.301927 ], [ -92.07716, 42.30321 ], [ -92.08096, 42.303545 ], [ -92.083062, 42.30425 ], [ -92.087935, 42.304412 ], [ -92.089296, 42.305326 ], [ -92.091782, 42.30583 ], [ -92.093274, 42.307649 ], [ -92.09534, 42.309344 ], [ -92.096976, 42.310101 ], [ -92.099366, 42.310579 ], [ -92.103456, 42.311995 ], [ -92.105078, 42.313492 ], [ -92.105915, 42.31468 ], [ -92.107351, 42.315349 ], [ -92.109535, 42.315747 ], [ -92.111736, 42.315354 ], [ -92.113018, 42.315867 ], [ -92.11661, 42.316018 ], [ -92.118495, 42.314244 ], [ -92.118464, 42.313239 ], [ -92.116791, 42.31199 ], [ -92.117952, 42.310486 ], [ -92.117953, 42.310467 ], [ -92.118028, 42.309756 ], [ -92.119513, 42.308952 ], [ -92.12534, 42.307742 ], [ -92.128841, 42.3078 ], [ -92.129531, 42.308824 ], [ -92.130835, 42.309389 ], [ -92.132907, 42.312845 ], [ -92.133861, 42.315546 ], [ -92.134298, 42.317751 ], [ -92.135811, 42.320213 ], [ -92.138935, 42.322369 ], [ -92.144654, 42.32381 ], [ -92.145552, 42.323613 ], [ -92.146298, 42.323625 ], [ -92.14829, 42.323511 ], [ -92.149018, 42.323524 ], [ -92.149773, 42.32356 ], [ -92.151176, 42.323701 ], [ -92.152413, 42.32378 ], [ -92.153124, 42.323798 ], [ -92.153638, 42.323736 ], [ -92.154197, 42.32378 ], [ -92.154779, 42.324105 ], [ -92.155326, 42.32458 ], [ -92.155481, 42.324888 ], [ -92.155594, 42.325354 ], [ -92.155968, 42.325776 ], [ -92.157146, 42.326595 ], [ -92.157685, 42.326936 ], [ -92.158192, 42.327143 ], [ -92.15876, 42.3272 ], [ -92.159612, 42.327218 ], [ -92.160751, 42.327259 ], [ -92.161297, 42.327167 ], [ -92.162257, 42.326895 ], [ -92.163186, 42.326618 ], [ -92.16367, 42.326457 ], [ -92.164044, 42.326081 ], [ -92.165121, 42.325037 ], [ -92.16548, 42.324742 ], [ -92.166049, 42.324385 ], [ -92.16672, 42.324061 ], [ -92.167431, 42.323871 ], [ -92.168039, 42.32394 ], [ -92.168578, 42.324148 ], [ -92.169007, 42.32435 ], [ -92.169545, 42.324754 ], [ -92.170099, 42.324933 ], [ -92.170591, 42.325221 ], [ -92.171363, 42.325562 ], [ -92.171608, 42.32574 ], [ -92.171582, 42.325862 ], [ -92.171714, 42.326376 ], [ -92.171956, 42.326924 ], [ -92.172456, 42.327501 ], [ -92.172549, 42.327882 ], [ -92.172526, 42.328304 ], [ -92.17269, 42.328621 ], [ -92.172854, 42.329192 ], [ -92.173179, 42.329254 ], [ -92.173604, 42.32945 ], [ -92.173829, 42.329937 ], [ -92.173766, 42.330757 ], [ -92.174046, 42.331406 ], [ -92.174539, 42.332113 ], [ -92.174438, 42.332158 ], [ -92.167503, 42.33535 ], [ -92.167094, 42.336887 ], [ -92.166536, 42.337129 ], [ -92.172613, 42.340651 ], [ -92.176871, 42.341502 ], [ -92.17925, 42.343173 ], [ -92.181263, 42.345239 ], [ -92.18281, 42.345718 ], [ -92.184658, 42.345532 ], [ -92.186482, 42.344442 ], [ -92.187942, 42.34245 ], [ -92.189976, 42.341299 ], [ -92.192472, 42.341281 ], [ -92.193949, 42.341869 ], [ -92.195404, 42.343416 ], [ -92.196142, 42.34652 ], [ -92.195982, 42.349745 ], [ -92.197247, 42.350704 ], [ -92.200451, 42.352121 ], [ -92.205357, 42.353329 ], [ -92.207451, 42.354144 ], [ -92.210836, 42.356393 ], [ -92.213124, 42.35874 ], [ -92.213735, 42.361097 ], [ -92.214192, 42.365492 ], [ -92.214275, 42.369991 ], [ -92.215808, 42.370646 ], [ -92.219837, 42.370398 ], [ -92.220986, 42.370937 ], [ -92.221757, 42.373235 ], [ -92.221539, 42.374209 ], [ -92.216031, 42.377487 ], [ -92.214007, 42.380186 ], [ -92.21439, 42.382992 ], [ -92.214973, 42.384463 ], [ -92.21575, 42.388003 ], [ -92.215807, 42.389859 ], [ -92.216443, 42.393073 ], [ -92.217288, 42.394737 ], [ -92.21718, 42.39719 ], [ -92.217837, 42.39897 ], [ -92.219892, 42.402417 ], [ -92.220034, 42.403367 ], [ -92.221438, 42.406439 ], [ -92.220839, 42.408964 ], [ -92.217853, 42.411571 ], [ -92.217773, 42.413965 ], [ -92.218755, 42.415842 ], [ -92.219736, 42.418663 ], [ -92.221972, 42.421393 ], [ -92.223982, 42.423096 ], [ -92.226641, 42.423994 ], [ -92.23371, 42.424889 ], [ -92.237676, 42.42396 ], [ -92.239628, 42.424222 ], [ -92.241014, 42.425598 ], [ -92.240941, 42.426929 ], [ -92.239347, 42.430565 ], [ -92.239725, 42.4317 ], [ -92.242344, 42.433344 ], [ -92.246906, 42.43414 ], [ -92.251749, 42.434678 ], [ -92.256453, 42.435725 ], [ -92.259181, 42.436681 ], [ -92.26381, 42.43936 ], [ -92.264644, 42.440555 ], [ -92.263646, 42.442191 ], [ -92.259473, 42.442927 ], [ -92.258338, 42.445044 ], [ -92.258826, 42.445731 ], [ -92.263863, 42.448565 ], [ -92.263463, 42.449015 ], [ -92.263703, 42.449185 ], [ -92.266004, 42.451233 ], [ -92.268143, 42.453625 ], [ -92.269916, 42.455138 ], [ -92.275303, 42.457888 ], [ -92.277155, 42.459159 ], [ -92.278672, 42.459586 ], [ -92.282668, 42.459364 ], [ -92.285562, 42.458918 ], [ -92.288134, 42.457942 ], [ -92.290096, 42.456335 ], [ -92.291978, 42.45399 ], [ -92.292571, 42.453397 ], [ -92.295188, 42.453376 ], [ -92.300794, 42.454494 ], [ -92.304704, 42.45634 ], [ -92.304762, 42.456366 ], [ -92.305179, 42.456551 ], [ -92.307625, 42.457742 ], [ -92.308998, 42.458841 ], [ -92.309748, 42.460114 ], [ -92.309983, 42.462109 ], [ -92.309688, 42.464153 ], [ -92.308624, 42.466003 ], [ -92.307201, 42.467078 ], [ -92.303348, 42.466966 ], [ -92.300611, 42.467524 ], [ -92.302604, 42.467963 ], [ -92.297981, 42.470143 ], [ -92.294096, 42.473622 ], [ -92.292928, 42.476023 ], [ -92.293567, 42.478453 ], [ -92.294029, 42.47889 ], [ -92.294021, 42.479508 ], [ -92.293972, 42.482191 ], [ -92.293964, 42.483386 ], [ -92.295346, 42.483837 ], [ -92.297918, 42.483861 ], [ -92.299975, 42.483656 ], [ -92.302879, 42.484991 ], [ -92.304727, 42.485834 ], [ -92.305889, 42.486364 ], [ -92.307059, 42.486897 ], [ -92.308228, 42.48743 ], [ -92.308737, 42.487662 ], [ -92.308736, 42.488581 ], [ -92.308735, 42.490387 ], [ -92.30839, 42.491591 ], [ -92.308128, 42.491812 ], [ -92.30773, 42.492368 ], [ -92.307719, 42.493335 ], [ -92.307721, 42.494361 ], [ -92.307725, 42.494815 ], [ -92.307763, 42.495698 ], [ -92.307802, 42.496581 ], [ -92.307807, 42.497481 ], [ -92.307802, 42.49839 ], [ -92.30781, 42.499482 ], [ -92.309701, 42.499474 ], [ -92.311959, 42.499465 ], [ -92.312404, 42.499463 ], [ -92.31285, 42.499461 ], [ -92.315145, 42.499451 ], [ -92.315144, 42.499903 ], [ -92.316494, 42.499895 ], [ -92.31784, 42.499933 ], [ -92.320544, 42.499955 ], [ -92.322626, 42.501317 ], [ -92.325231, 42.500472 ], [ -92.327746, 42.500033 ], [ -92.329383, 42.499531 ], [ -92.32995, 42.499905 ], [ -92.330764, 42.500446 ], [ -92.331318, 42.50081 ], [ -92.332699, 42.501722 ], [ -92.333096, 42.500601 ], [ -92.33403, 42.499818 ], [ -92.334964, 42.499036 ], [ -92.335898, 42.498253 ], [ -92.3368, 42.497506 ], [ -92.337187, 42.497232 ], [ -92.337819, 42.496786 ], [ -92.336684, 42.496029 ], [ -92.335684, 42.495299 ], [ -92.335233, 42.494973 ], [ -92.336221, 42.494149 ], [ -92.337057, 42.493388 ], [ -92.337766, 42.492454 ], [ -92.338509, 42.492945 ], [ -92.339592, 42.492053 ], [ -92.339914, 42.491787 ], [ -92.340071, 42.491657 ], [ -92.340397, 42.491388 ], [ -92.341453, 42.492084 ], [ -92.342508, 42.492781 ], [ -92.343449, 42.492006 ], [ -92.344394, 42.491229 ], [ -92.345504, 42.490561 ], [ -92.346072, 42.490233 ], [ -92.346237, 42.48985 ], [ -92.347704, 42.489341 ], [ -92.346683, 42.488358 ], [ -92.345899, 42.487603 ], [ -92.34584, 42.487546 ], [ -92.344997, 42.486735 ], [ -92.344361, 42.487032 ], [ -92.342981, 42.486123 ], [ -92.341948, 42.485443 ], [ -92.342855, 42.484696 ], [ -92.342877, 42.48392 ], [ -92.342855, 42.483011 ], [ -92.342833, 42.482105 ], [ -92.342811, 42.481199 ], [ -92.342789, 42.480293 ], [ -92.342502, 42.479386 ], [ -92.342484, 42.47846 ], [ -92.342466, 42.477559 ], [ -92.342448, 42.476657 ] ] ] ] } },
{ "type": "Feature", "properties": { "id": 41, "NAME": "41", "TotalPop": 33433, "PopDevPct": 0.04793521, "DemPct": 0.30724959, "RepPct": 0.67696288, "WhitePct": 0.96144616, "MinorityPct": 0.03855384, "BlackPct": 0.00754819, "HispanicPct": 0.0125029, "PacificPct": 0.00092901, "AsianPct": 0.00503213, "NativePct": 0.00990942, "TotalVAP": 25834, "Margin": -0.36971329, "color": "#960018", "opacity": "0.5", "DemPct2": 0.33047142, "RepPct2": 0.65277851, "Margin2": -0.32230709, "Swing": -0.0474062, "R_Margin": -0.2414300732, "R_Margin2": -0.2448539031, "R_Swing": 0.0034238298999999389, "Majority": "White" }, "geometry": { "type": "MultiPolygon", "coordinates": [ [ [ [ -91.151694, 42.732586 ], [ -91.14901, 42.732687 ], [ -91.133056, 42.732772 ], [ -91.132872, 42.732767 ], [ -91.113631, 42.732568 ], [ -91.098136, 42.732558 ], [ -91.095078, 42.732463 ], [ -91.080862, 42.732513 ], [ -91.077554, 42.732626 ], [ -91.069053, 42.732546 ], [ -91.068368, 42.732536 ], [ -91.067081, 42.732524 ], [ -91.061859, 42.732508 ], [ -91.046106, 42.73247 ], [ -91.035806, 42.732406 ], [ -91.03534, 42.732411 ], [ -91.032967, 42.732401 ], [ -91.030956, 42.7324 ], [ -91.032013, 42.734484 ], [ -91.033389, 42.736025 ], [ -91.035418, 42.73734 ], [ -91.039383, 42.738478 ], [ -91.044139, 42.738605 ], [ -91.046571, 42.737167 ], [ -91.048, 42.736912 ], [ -91.051275, 42.737001 ], [ -91.053733, 42.738238 ], [ -91.054801, 42.740529 ], [ -91.05481, 42.744686 ], [ -91.055127, 42.745806 ], [ -91.058091, 42.749246 ], [ -91.060179, 42.749991 ], [ -91.060172, 42.750481 ], [ -91.063781, 42.750568 ], [ -91.06468, 42.750914 ], [ -91.065783, 42.753387 ], [ -91.065606, 42.756766 ], [ -91.064896, 42.757272 ], [ -91.06312, 42.757273 ], [ -91.061432, 42.757974 ], [ -91.060129, 42.759986 ], [ -91.060261, 42.761847 ], [ -91.061361, 42.762973 ], [ -91.063254, 42.763947 ], [ -91.065938, 42.766461 ], [ -91.069369, 42.769283 ], [ -91.070303, 42.773829 ], [ -91.070747, 42.774817 ], [ -91.070614, 42.777083 ], [ -91.07083, 42.782225 ], [ -91.071911, 42.784085 ], [ -91.072008, 42.786382 ], [ -91.073785, 42.79046 ], [ -91.074367, 42.793248 ], [ -91.075616, 42.795965 ], [ -91.077643, 42.803798 ], [ -91.078569, 42.809626 ], [ -91.0787, 42.813115 ], [ -91.079153, 42.817497 ], [ -91.07932, 42.822977 ], [ -91.078665, 42.827678 ], [ -91.081619, 42.829236 ], [ -91.08277, 42.829977 ], [ -91.08399, 42.82997 ], [ -91.089942, 42.829263 ], [ -91.090136, 42.829237 ], [ -91.090159, 42.829241 ], [ -91.090807, 42.829362 ], [ -91.091023, 42.829403 ], [ -91.09406, 42.830813 ], [ -91.095114, 42.834966 ], [ -91.094942, 42.835708 ], [ -91.093939, 42.840042 ], [ -91.091586, 42.848664 ], [ -91.091837, 42.851225 ], [ -91.095329, 42.85532 ], [ -91.097656, 42.859871 ], [ -91.09882, 42.864421 ], [ -91.09882, 42.869881 ], [ -91.098238, 42.875798 ], [ -91.09882, 42.878528 ], [ -91.100565, 42.883078 ], [ -91.104051, 42.885971 ], [ -91.107123, 42.887581 ], [ -91.112158, 42.891149 ], [ -91.115512, 42.894672 ], [ -91.120369, 42.897187 ], [ -91.125129, 42.89905 ], [ -91.126114, 42.899352 ], [ -91.129069, 42.900259 ], [ -91.130055, 42.900562 ], [ -91.137386, 42.903523 ], [ -91.143491, 42.904698 ], [ -91.144794, 42.905997 ], [ -91.146203, 42.909868 ], [ -91.145868, 42.914967 ], [ -91.143875, 42.92072 ], [ -91.1438, 42.922877 ], [ -91.144315, 42.926592 ], [ -91.145517, 42.930378 ], [ -91.146939, 42.934015 ], [ -91.149784, 42.940244 ], [ -91.149701, 42.943855 ], [ -91.14909, 42.946554 ], [ -91.14554, 42.95651 ], [ -91.14543, 42.958211 ], [ -91.14655, 42.963345 ], [ -91.147122, 42.964454 ], [ -91.148001, 42.966155 ], [ -91.150906, 42.970514 ], [ -91.155519, 42.975774 ], [ -91.156562, 42.978226 ], [ -91.156893, 42.980815 ], [ -91.156743, 42.98783 ], [ -91.15749, 42.991475 ], [ -91.159364, 42.996674 ], [ -91.161118, 43.000788 ], [ -91.163246, 43.006478 ], [ -91.165039, 43.011723 ], [ -91.167886, 43.018679 ], [ -91.169572, 43.022153 ], [ -91.170923, 43.026052 ], [ -91.171873, 43.03076 ], [ -91.173504, 43.035966 ], [ -91.174255, 43.037619 ], [ -91.174408, 43.038001 ], [ -91.174692, 43.038713 ], [ -91.175525, 43.044004 ], [ -91.176608, 43.051502 ], [ -91.178087, 43.062044 ], [ -91.177894, 43.064206 ], [ -91.17929, 43.06643 ], [ -91.179382, 43.068624 ], [ -91.178761, 43.070578 ], [ -91.177264, 43.072983 ], [ -91.177222, 43.080247 ], [ -91.179806, 43.080261 ], [ -91.180142, 43.080263 ], [ -91.180267, 43.080263 ], [ -91.191705, 43.080327 ], [ -91.220945, 43.080424 ], [ -91.231095, 43.080507 ], [ -91.251183, 43.080687 ], [ -91.258228, 43.080721 ], [ -91.265143, 43.080605 ], [ -91.272829, 43.081017 ], [ -91.29056, 43.081221 ], [ -91.297698, 43.08136 ], [ -91.300432, 43.08136 ], [ -91.304507, 43.08126 ], [ -91.330313, 43.081053 ], [ -91.34083, 43.081101 ], [ -91.361277, 43.081195 ], [ -91.369995, 43.081239 ], [ -91.370442, 43.081237 ], [ -91.384745, 43.081317 ], [ -91.390135, 43.081338 ], [ -91.419774, 43.081342 ], [ -91.422543, 43.081373 ], [ -91.430097, 43.081563 ], [ -91.436042, 43.081548 ], [ -91.454529, 43.081534 ], [ -91.464419, 43.081509 ], [ -91.469337, 43.081497 ], [ -91.484085, 43.081462 ], [ -91.485301, 43.081461 ], [ -91.488997, 43.081453 ], [ -91.493998, 43.081528 ], [ -91.498956, 43.081601 ], [ -91.505978, 43.081545 ], [ -91.508823, 43.081541 ], [ -91.518782, 43.081558 ], [ -91.538096, 43.081628 ], [ -91.553414, 43.081686 ], [ -91.553462, 43.081686 ], [ -91.561544, 43.08169 ], [ -91.562593, 43.081693 ], [ -91.568245, 43.0817 ], [ -91.577721, 43.081677 ], [ -91.583115, 43.081666 ], [ -91.588072, 43.081694 ], [ -91.600407, 43.081622 ], [ -91.605307, 43.081653 ], [ -91.605278, 43.076465 ], [ -91.605281, 43.075829 ], [ -91.605499, 43.074839 ], [ -91.605476, 43.065569 ], [ -91.605508, 43.061281 ], [ -91.605485, 43.051056 ], [ -91.605466, 43.047456 ], [ -91.605482, 43.043824 ], [ -91.605677, 43.036511 ], [ -91.605642, 43.032736 ], [ -91.605958, 43.019116 ], [ -91.605825, 43.015357 ], [ -91.605795, 43.010158 ], [ -91.606079, 43.004287 ], [ -91.605958, 43.000987 ], [ -91.606011, 42.995073 ], [ -91.605736, 42.993234 ], [ -91.605968, 42.991836 ], [ -91.606002, 42.985274 ], [ -91.60608, 42.977741 ], [ -91.606113, 42.975241 ], [ -91.606086, 42.970595 ], [ -91.605654, 42.968223 ], [ -91.606471, 42.963537 ], [ -91.606233, 42.962491 ], [ -91.60631, 42.95175 ], [ -91.606327, 42.949271 ], [ -91.606368, 42.943273 ], [ -91.606427, 42.935082 ], [ -91.60661, 42.927811 ], [ -91.606482, 42.927518 ], [ -91.606515, 42.918714 ], [ -91.606617, 42.905634 ], [ -91.606661, 42.896876 ], [ -91.606854, 42.893671 ], [ -91.606773, 42.884596 ], [ -91.606982, 42.853169 ], [ -91.607073, 42.842695 ], [ -91.60713, 42.836752 ], [ -91.607133, 42.836443 ], [ -91.607294, 42.822379 ], [ -91.607328, 42.821222 ], [ -91.606597, 42.818549 ], [ -91.607561, 42.814935 ], [ -91.608359, 42.813025 ], [ -91.607827, 42.811243 ], [ -91.607471, 42.802663 ], [ -91.607713, 42.79673 ], [ -91.607556, 42.789353 ], [ -91.60746, 42.784279 ], [ -91.607371, 42.777298 ], [ -91.607343, 42.775014 ], [ -91.607165, 42.760427 ], [ -91.607045, 42.75002 ], [ -91.606746, 42.74224 ], [ -91.606525, 42.731359 ], [ -91.606426, 42.724057 ], [ -91.606372, 42.716417 ], [ -91.606295, 42.702289 ], [ -91.606321, 42.690249 ], [ -91.606192, 42.687753 ], [ -91.606344, 42.679505 ], [ -91.606567, 42.662098 ], [ -91.606717, 42.65852 ], [ -91.607059, 42.643973 ], [ -91.607497, 42.629402 ], [ -91.607894, 42.614823 ], [ -91.608243, 42.600291 ], [ -91.608306, 42.597765 ], [ -91.608416, 42.593011 ], [ -91.608685, 42.578263 ], [ -91.608821, 42.571172 ], [ -91.609048, 42.556445 ], [ -91.608969, 42.549342 ], [ -91.608913, 42.545682 ], [ -91.608882, 42.542075 ], [ -91.60878, 42.539461 ], [ -91.608766, 42.527521 ], [ -91.608745, 42.523813 ], [ -91.608713, 42.520289 ], [ -91.608711, 42.518442 ], [ -91.608658, 42.512966 ], [ -91.608561, 42.49842 ], [ -91.608523, 42.487487 ], [ -91.608515, 42.483861 ], [ -91.608524, 42.480921 ], [ -91.608445, 42.479509 ], [ -91.608383, 42.47657 ], [ -91.608515, 42.476385 ], [ -91.608508, 42.469275 ], [ -91.597397, 42.469242 ], [ -91.597418, 42.464568 ], [ -91.597419, 42.464328 ], [ -91.597441, 42.456614 ], [ -91.59751, 42.442706 ], [ -91.59751, 42.442377 ], [ -91.597591, 42.42767 ], [ -91.597638, 42.413125 ], [ -91.597788, 42.3989 ], [ -91.597842, 42.383988 ], [ -91.597829, 42.376532 ], [ -91.597552, 42.354709 ], [ -91.597529, 42.352791 ], [ -91.59743, 42.344769 ], [ -91.597359, 42.340027 ], [ -91.597334, 42.3252 ], [ -91.597214, 42.318294 ], [ -91.597159, 42.311034 ], [ -91.596981, 42.296408 ], [ -91.578822, 42.296382 ], [ -91.578155, 42.296381 ], [ -91.568065, 42.296349 ], [ -91.558365, 42.296321 ], [ -91.540949, 42.296324 ], [ -91.538854, 42.296327 ], [ -91.535949, 42.296304 ], [ -91.529171, 42.296264 ], [ -91.528961, 42.296261 ], [ -91.519198, 42.296219 ], [ -91.515197, 42.296261 ], [ -91.49949, 42.296188 ], [ -91.47999, 42.296164 ], [ -91.479637, 42.296164 ], [ -91.471096, 42.29617 ], [ -91.461336, 42.296186 ], [ -91.451133, 42.296211 ], [ -91.441789, 42.296235 ], [ -91.422178, 42.296278 ], [ -91.407529, 42.29634 ], [ -91.402533, 42.296362 ], [ -91.397914, 42.296359 ], [ -91.383258, 42.296425 ], [ -91.363263, 42.296445 ], [ -91.349385, 42.296437 ], [ -91.321702, 42.296426 ], [ -91.3154, 42.296409 ], [ -91.31062, 42.296432 ], [ -91.308718, 42.296102 ], [ -91.302522, 42.296275 ], [ -91.295632, 42.296365 ], [ -91.270021, 42.296238 ], [ -91.266349, 42.296111 ], [ -91.25969, 42.296287 ], [ -91.247418, 42.296188 ], [ -91.246726, 42.295879 ], [ -91.237232, 42.296001 ], [ -91.223913, 42.296 ], [ -91.213717, 42.295958 ], [ -91.196977, 42.295967 ], [ -91.16456, 42.295845 ], [ -91.14005, 42.295744 ], [ -91.130079, 42.295761 ], [ -91.130106, 42.303055 ], [ -91.130147, 42.314679 ], [ -91.130173, 42.320506 ], [ -91.130203, 42.321146 ], [ -91.130225, 42.324867 ], [ -91.130259, 42.330217 ], [ -91.13027, 42.332138 ], [ -91.130316, 42.339439 ], [ -91.130326, 42.340883 ], [ -91.130356, 42.342961 ], [ -91.130394, 42.345542 ], [ -91.130453, 42.364966 ], [ -91.130496, 42.382639 ], [ -91.130584, 42.386308 ], [ -91.130599, 42.393053 ], [ -91.130607, 42.394143 ], [ -91.130616, 42.400855 ], [ -91.130619, 42.402897 ], [ -91.130633, 42.41168 ], [ -91.13064, 42.413212 ], [ -91.130706, 42.419316 ], [ -91.130774, 42.41937 ], [ -91.130788, 42.44367 ], [ -91.130813, 42.447564 ], [ -91.13089, 42.471057 ], [ -91.13089, 42.471262 ], [ -91.134195, 42.471269 ], [ -91.134198, 42.471779 ], [ -91.134262, 42.474878 ], [ -91.134307, 42.47738 ], [ -91.134335, 42.479107 ], [ -91.134349, 42.479907 ], [ -91.134304, 42.482294 ], [ -91.134161, 42.484485 ], [ -91.134157, 42.485832 ], [ -91.134164, 42.486694 ], [ -91.134193, 42.489974 ], [ -91.134219, 42.493104 ], [ -91.13422, 42.493137 ], [ -91.134389, 42.496455 ], [ -91.134283, 42.499995 ], [ -91.134347, 42.514986 ], [ -91.134425, 42.536926 ], [ -91.134353, 42.549772 ], [ -91.134439, 42.558658 ], [ -91.134279, 42.56816 ], [ -91.134131, 42.576899 ], [ -91.13407, 42.579637 ], [ -91.134055, 42.580413 ], [ -91.133941, 42.587751 ], [ -91.133745, 42.595009 ], [ -91.133604, 42.600768 ], [ -91.13355, 42.616933 ], [ -91.133076, 42.624992 ], [ -91.132766, 42.645844 ], [ -91.14511, 42.645837 ], [ -91.147418, 42.645836 ], [ -91.155123, 42.645822 ], [ -91.19519, 42.645792 ], [ -91.199761, 42.645763 ], [ -91.201521, 42.645752 ], [ -91.217644, 42.645746 ], [ -91.231044, 42.645675 ], [ -91.235378, 42.645644 ], [ -91.240628, 42.645634 ], [ -91.250802, 42.645576 ], [ -91.251185, 42.653692 ], [ -91.250917, 42.658788 ], [ -91.250903, 42.665933 ], [ -91.250893, 42.681959 ], [ -91.250985, 42.702765 ], [ -91.250786, 42.717563 ], [ -91.250785, 42.72435 ], [ -91.2507, 42.732501 ], [ -91.250368, 42.732496 ], [ -91.239505, 42.732395 ], [ -91.230586, 42.732471 ], [ -91.213628, 42.732559 ], [ -91.202363, 42.732762 ], [ -91.188497, 42.732611 ], [ -91.166766, 42.732533 ], [ -91.166718, 42.727209 ], [ -91.165977, 42.727186 ], [ -91.165638, 42.727182 ], [ -91.164751, 42.727154 ], [ -91.156729, 42.72704 ], [ -91.15671, 42.727563 ], [ -91.15189, 42.727584 ], [ -91.151867, 42.728199 ], [ -91.151694, 42.732586 ] ] ] ] } },
{ "type": "Feature", "properties": { "id": 42, "NAME": "42", "TotalPop": 33450, "PopDevPct": 0.04846806, "DemPct": 0.34691646, "RepPct": 0.63892064, "WhitePct": 0.95665451, "MinorityPct": 0.04334549, "BlackPct": 0.00852633, "HispanicPct": 0.01518877, "PacificPct": 0.00099143, "AsianPct": 0.00908154, "NativePct": 0.00682107, "TotalVAP": 25216, "Margin": -0.29200418, "color": "#960018", "opacity": "0.5", "DemPct2": 0.36697017, "RepPct2": 0.61803914, "Margin2": -0.25106897, "Swing": -0.04093521, "R_Margin": -0.1637209632000001, "R_Margin2": -0.1736157831000001, "R_Swing": 0.0098948199, "Majority": "White" }, "geometry": { "type": "MultiPolygon", "coordinates": [ [ [ [ -90.677694, 42.557858 ], [ -90.677395, 42.557896 ], [ -90.661798, 42.557899 ], [ -90.659127, 42.5579 ], [ -90.661527, 42.567999 ], [ -90.672727, 42.576599 ], [ -90.674827, 42.577699 ], [ -90.677055, 42.579215 ], [ -90.679375, 42.581503 ], [ -90.685487, 42.589614 ], [ -90.686975, 42.591774 ], [ -90.687775, 42.594606 ], [ -90.687999, 42.599198 ], [ -90.689215, 42.602318 ], [ -90.692031, 42.610366 ], [ -90.693999, 42.614509 ], [ -90.700095, 42.622461 ], [ -90.700856, 42.626445 ], [ -90.702671, 42.630756 ], [ -90.706303, 42.634169 ], [ -90.711749, 42.637472 ], [ -90.715133, 42.638904 ], [ -90.720209, 42.640758 ], [ -90.731132, 42.643437 ], [ -90.73454, 42.644103 ], [ -90.743677, 42.64556 ], [ -90.750126, 42.647057 ], [ -90.756946, 42.647756 ], [ -90.760389, 42.649131 ], [ -90.769495, 42.651443 ], [ -90.779373, 42.652995 ], [ -90.781996, 42.653123 ], [ -90.788226, 42.653888 ], [ -90.79291, 42.655003 ], [ -90.797017, 42.655772 ], [ -90.805452, 42.656967 ], [ -90.817679, 42.65892 ], [ -90.821742, 42.659728 ], [ -90.825957, 42.660166 ], [ -90.828921, 42.660975 ], [ -90.832702, 42.661662 ], [ -90.837723, 42.662179 ], [ -90.84391, 42.663071 ], [ -90.852497, 42.664822 ], [ -90.862493, 42.66769 ], [ -90.867125, 42.668728 ], [ -90.875127, 42.66994 ], [ -90.881197, 42.671184 ], [ -90.88743, 42.67247 ], [ -90.892682, 42.673763 ], [ -90.896951, 42.675082 ], [ -90.903351, 42.677549 ], [ -90.909774, 42.681179 ], [ -90.9134, 42.682949 ], [ -90.91719, 42.684355 ], [ -90.921155, 42.685406 ], [ -90.923634, 42.6855 ], [ -90.929881, 42.684128 ], [ -90.932371, 42.683745 ], [ -90.937045, 42.683399 ], [ -90.941567, 42.683844 ], [ -90.949303, 42.685607 ], [ -90.952415, 42.686778 ], [ -90.959824, 42.690831 ], [ -90.965048, 42.693233 ], [ -90.968927, 42.694331 ], [ -90.974237, 42.695249 ], [ -90.977735, 42.696816 ], [ -90.980578, 42.698932 ], [ -90.983478, 42.702225 ], [ -90.985241, 42.704787 ], [ -90.988776, 42.708724 ], [ -90.992233, 42.711508 ], [ -90.995536, 42.713704 ], [ -91.000128, 42.716189 ], [ -91.008124, 42.719567 ], [ -91.010572, 42.720269 ], [ -91.015101, 42.71932 ], [ -91.017239, 42.719566 ], [ -91.022243, 42.721968 ], [ -91.026786, 42.724228 ], [ -91.029692, 42.726774 ], [ -91.030718, 42.729684 ], [ -91.030956, 42.7324 ], [ -91.032967, 42.732401 ], [ -91.03534, 42.732411 ], [ -91.035806, 42.732406 ], [ -91.046106, 42.73247 ], [ -91.061859, 42.732508 ], [ -91.067081, 42.732524 ], [ -91.068368, 42.732536 ], [ -91.069053, 42.732546 ], [ -91.077554, 42.732626 ], [ -91.080862, 42.732513 ], [ -91.095078, 42.732463 ], [ -91.098136, 42.732558 ], [ -91.113631, 42.732568 ], [ -91.132872, 42.732767 ], [ -91.133056, 42.732772 ], [ -91.14901, 42.732687 ], [ -91.151694, 42.732586 ], [ -91.151867, 42.728199 ], [ -91.15189, 42.727584 ], [ -91.15671, 42.727563 ], [ -91.156729, 42.72704 ], [ -91.164751, 42.727154 ], [ -91.165638, 42.727182 ], [ -91.165977, 42.727186 ], [ -91.166718, 42.727209 ], [ -91.166766, 42.732533 ], [ -91.188497, 42.732611 ], [ -91.202363, 42.732762 ], [ -91.213628, 42.732559 ], [ -91.230586, 42.732471 ], [ -91.239505, 42.732395 ], [ -91.250368, 42.732496 ], [ -91.2507, 42.732501 ], [ -91.250785, 42.72435 ], [ -91.250786, 42.717563 ], [ -91.250985, 42.702765 ], [ -91.250893, 42.681959 ], [ -91.250903, 42.665933 ], [ -91.250917, 42.658788 ], [ -91.251185, 42.653692 ], [ -91.250802, 42.645576 ], [ -91.240628, 42.645634 ], [ -91.235378, 42.645644 ], [ -91.231044, 42.645675 ], [ -91.217644, 42.645746 ], [ -91.201521, 42.645752 ], [ -91.199761, 42.645763 ], [ -91.19519, 42.645792 ], [ -91.155123, 42.645822 ], [ -91.147418, 42.645836 ], [ -91.14511, 42.645837 ], [ -91.132766, 42.645844 ], [ -91.133076, 42.624992 ], [ -91.13355, 42.616933 ], [ -91.133604, 42.600768 ], [ -91.133745, 42.595009 ], [ -91.133941, 42.587751 ], [ -91.134055, 42.580413 ], [ -91.13407, 42.579637 ], [ -91.134131, 42.576899 ], [ -91.134279, 42.56816 ], [ -91.134439, 42.558658 ], [ -91.134353, 42.549772 ], [ -91.134425, 42.536926 ], [ -91.134347, 42.514986 ], [ -91.134283, 42.499995 ], [ -91.134389, 42.496455 ], [ -91.13422, 42.493137 ], [ -91.134219, 42.493104 ], [ -91.134193, 42.489974 ], [ -91.134164, 42.486694 ], [ -91.134157, 42.485832 ], [ -91.134161, 42.484485 ], [ -91.134304, 42.482294 ], [ -91.134349, 42.479907 ], [ -91.134335, 42.479107 ], [ -91.134307, 42.47738 ], [ -91.134262, 42.474878 ], [ -91.134198, 42.471779 ], [ -91.134195, 42.471269 ], [ -91.13089, 42.471262 ], [ -91.13089, 42.471057 ], [ -91.130813, 42.447564 ], [ -91.130788, 42.44367 ], [ -91.130774, 42.41937 ], [ -91.130706, 42.419316 ], [ -91.13064, 42.413212 ], [ -91.130633, 42.41168 ], [ -91.130619, 42.402897 ], [ -91.130616, 42.400855 ], [ -91.130607, 42.394143 ], [ -91.130599, 42.393053 ], [ -91.130584, 42.386308 ], [ -91.130496, 42.382639 ], [ -91.130453, 42.364966 ], [ -91.130394, 42.345542 ], [ -91.130356, 42.342961 ], [ -91.130326, 42.340883 ], [ -91.130316, 42.339439 ], [ -91.13027, 42.332138 ], [ -91.130259, 42.330217 ], [ -91.130225, 42.324867 ], [ -91.130203, 42.321146 ], [ -91.130173, 42.320506 ], [ -91.130147, 42.314679 ], [ -91.130106, 42.303055 ], [ -91.130079, 42.295761 ], [ -91.125413, 42.295803 ], [ -91.120981, 42.2958 ], [ -91.111363, 42.29582 ], [ -91.052878, 42.295754 ], [ -91.037667, 42.295719 ], [ -91.036614, 42.295718 ], [ -91.032268, 42.295712 ], [ -91.030863, 42.29571 ], [ -91.030692, 42.29571 ], [ -91.029299, 42.295708 ], [ -91.029008, 42.295708 ], [ -91.02861, 42.295707 ], [ -91.02599, 42.295702 ], [ -91.025276, 42.295699 ], [ -91.023448, 42.295711 ], [ -91.021698, 42.295718 ], [ -91.020229, 42.295706 ], [ -91.018707, 42.295702 ], [ -91.017681, 42.295754 ], [ -91.017312, 42.29575 ], [ -91.014937, 42.295724 ], [ -91.013718, 42.295767 ], [ -91.012476, 42.295769 ], [ -91.00782, 42.295768 ], [ -91.004175, 42.295731 ], [ -91.003283, 42.295724 ], [ -91.00039, 42.295694 ], [ -90.997917, 42.295637 ], [ -90.993348, 42.295662 ], [ -90.988523, 42.295567 ], [ -90.975624, 42.295775 ], [ -90.974512, 42.295466 ], [ -90.965016, 42.295432 ], [ -90.956495, 42.295263 ], [ -90.938645, 42.295117 ], [ -90.93288, 42.29529 ], [ -90.919157, 42.295189 ], [ -90.89802, 42.295236 ], [ -90.889164, 42.295222 ], [ -90.87288, 42.294949 ], [ -90.859842, 42.294936 ], [ -90.850051, 42.294923 ], [ -90.847839, 42.294867 ], [ -90.828181, 42.294836 ], [ -90.825697, 42.294878 ], [ -90.810112, 42.294988 ], [ -90.792583, 42.294779 ], [ -90.783043, 42.294989 ], [ -90.78184, 42.294763 ], [ -90.767911, 42.295031 ], [ -90.757132, 42.294974 ], [ -90.75013, 42.294699 ], [ -90.744998, 42.294646 ], [ -90.730465, 42.295003 ], [ -90.729514, 42.294902 ], [ -90.719545, 42.294905 ], [ -90.714305, 42.294872 ], [ -90.708866, 42.294822 ], [ -90.692215, 42.294822 ], [ -90.691429, 42.294821 ], [ -90.690022, 42.294839 ], [ -90.686294, 42.294877 ], [ -90.68514, 42.294716 ], [ -90.683177, 42.294642 ], [ -90.682217, 42.29465 ], [ -90.681734, 42.294655 ], [ -90.675238, 42.2947 ], [ -90.665551, 42.294699 ], [ -90.665509, 42.302099 ], [ -90.665471, 42.309322 ], [ -90.665374, 42.3269 ], [ -90.665215, 42.337785 ], [ -90.66521, 42.338391 ], [ -90.66515, 42.344138 ], [ -90.665259, 42.354685 ], [ -90.665198, 42.367474 ], [ -90.665029, 42.382155 ], [ -90.658733, 42.382114 ], [ -90.646529, 42.382104 ], [ -90.625128, 42.382308 ], [ -90.620902, 42.38215 ], [ -90.619725, 42.382147 ], [ -90.613572, 42.382139 ], [ -90.593251, 42.382113 ], [ -90.575322, 42.382077 ], [ -90.574418, 42.382075 ], [ -90.573174, 42.382073 ], [ -90.571075, 42.38207 ], [ -90.558778, 42.382059 ], [ -90.548861, 42.382086 ], [ -90.502105, 42.381986 ], [ -90.490896, 42.381686 ], [ -90.488496, 42.381664 ], [ -90.488044, 42.381658 ], [ -90.487158, 42.381645 ], [ -90.480062, 42.381527 ], [ -90.476499, 42.381499 ], [ -90.473798, 42.381458 ], [ -90.477941, 42.384151 ], [ -90.480148, 42.384616 ], [ -90.484621, 42.38453 ], [ -90.487154, 42.385141 ], [ -90.490334, 42.387093 ], [ -90.493642, 42.389996 ], [ -90.496157, 42.392689 ], [ -90.500128, 42.395539 ], [ -90.506829, 42.398792 ], [ -90.513504, 42.401293 ], [ -90.517516, 42.403019 ], [ -90.535863, 42.409205 ], [ -90.541954, 42.411374 ], [ -90.548068, 42.413115 ], [ -90.55281, 42.414985 ], [ -90.555018, 42.416138 ], [ -90.55755, 42.419258 ], [ -90.558168, 42.420984 ], [ -90.558326, 42.425404 ], [ -90.558985, 42.429445 ], [ -90.560439, 42.432897 ], [ -90.561841, 42.435034 ], [ -90.565248, 42.438742 ], [ -90.567968, 42.440389 ], [ -90.570736, 42.441701 ], [ -90.575104, 42.442885 ], [ -90.582128, 42.444437 ], [ -90.590416, 42.447493 ], [ -90.597488, 42.449477 ], [ -90.604016, 42.450805 ], [ -90.606328, 42.451505 ], [ -90.624328, 42.458904 ], [ -90.641027, 42.468304 ], [ -90.643252, 42.469425 ], [ -90.64491, 42.468467 ], [ -90.644959, 42.468439 ], [ -90.645075, 42.468371 ], [ -90.646441, 42.4684 ], [ -90.646442, 42.468503 ], [ -90.647324, 42.468295 ], [ -90.647425, 42.468298 ], [ -90.647554, 42.468303 ], [ -90.647948, 42.467963 ], [ -90.648053, 42.467328 ], [ -90.648591, 42.468572 ], [ -90.648608, 42.46882 ], [ -90.650281, 42.468739 ], [ -90.651326, 42.468857 ], [ -90.651328, 42.468962 ], [ -90.663777, 42.468239 ], [ -90.664884, 42.468173 ], [ -90.668674, 42.467828 ], [ -90.668798, 42.4678 ], [ -90.668745, 42.467951 ], [ -90.668651, 42.468212 ], [ -90.667963, 42.471192 ], [ -90.668111, 42.478009 ], [ -90.66846, 42.47801 ], [ -90.673387, 42.47808 ], [ -90.675079, 42.478375 ], [ -90.676315, 42.476662 ], [ -90.677335, 42.476795 ], [ -90.677557, 42.475152 ], [ -90.67658, 42.474858 ], [ -90.675542, 42.474734 ], [ -90.67417, 42.475451 ], [ -90.6754, 42.473264 ], [ -90.674339, 42.471268 ], [ -90.673971, 42.467379 ], [ -90.674696, 42.46687 ], [ -90.67618, 42.466161 ], [ -90.676577, 42.465968 ], [ -90.678198, 42.467635 ], [ -90.678363, 42.467443 ], [ -90.680146, 42.469411 ], [ -90.681311, 42.469718 ], [ -90.681954, 42.467749 ], [ -90.682725, 42.46735 ], [ -90.683909, 42.466903 ], [ -90.68556, 42.467238 ], [ -90.686163, 42.465593 ], [ -90.687169, 42.465713 ], [ -90.690625, 42.464276 ], [ -90.691298, 42.463426 ], [ -90.690427, 42.461204 ], [ -90.694356, 42.461907 ], [ -90.694346, 42.462765 ], [ -90.697362, 42.462099 ], [ -90.698302, 42.460412 ], [ -90.699225, 42.46243 ], [ -90.701073, 42.462909 ], [ -90.703213, 42.461927 ], [ -90.71377, 42.462003 ], [ -90.715353, 42.462647 ], [ -90.715785, 42.465997 ], [ -90.716011, 42.466793 ], [ -90.716585, 42.467669 ], [ -90.71848, 42.469785 ], [ -90.718487, 42.470081 ], [ -90.716639, 42.471352 ], [ -90.719899, 42.47154 ], [ -90.72805, 42.471308 ], [ -90.73294, 42.47139 ], [ -90.750512, 42.470736 ], [ -90.754175, 42.470922 ], [ -90.75496, 42.471231 ], [ -90.757704, 42.47121 ], [ -90.757706, 42.468353 ], [ -90.757217, 42.468359 ], [ -90.752806, 42.468413 ], [ -90.752808, 42.466711 ], [ -90.751607, 42.466704 ], [ -90.751851, 42.465849 ], [ -90.752357, 42.464114 ], [ -90.753199, 42.462991 ], [ -90.757749, 42.462961 ], [ -90.757734, 42.461842 ], [ -90.765155, 42.461762 ], [ -90.770759, 42.461754 ], [ -90.771039, 42.461914 ], [ -90.771132, 42.46211 ], [ -90.771353, 42.46224 ], [ -90.769752, 42.465398 ], [ -90.767663, 42.467799 ], [ -90.772505, 42.467527 ], [ -90.772496, 42.462705 ], [ -90.773642, 42.462332 ], [ -90.773984, 42.461745 ], [ -90.772498, 42.461352 ], [ -90.774482, 42.458532 ], [ -90.777444, 42.458094 ], [ -90.781328, 42.458061 ], [ -90.786385, 42.458096 ], [ -90.786461, 42.454469 ], [ -90.791477, 42.45452 ], [ -90.791444, 42.458138 ], [ -90.791398, 42.460941 ], [ -90.790565, 42.461454 ], [ -90.789814, 42.463958 ], [ -90.78982, 42.465335 ], [ -90.785798, 42.465336 ], [ -90.785334, 42.465337 ], [ -90.781408, 42.465339 ], [ -90.78142, 42.465704 ], [ -90.781405, 42.46821 ], [ -90.781362, 42.47104 ], [ -90.779588, 42.471055 ], [ -90.779601, 42.472795 ], [ -90.779614, 42.477202 ], [ -90.779632, 42.478338 ], [ -90.786924, 42.478253 ], [ -90.787622, 42.477189 ], [ -90.78897, 42.475136 ], [ -90.792612, 42.472348 ], [ -90.794365, 42.471665 ], [ -90.794354, 42.478174 ], [ -90.792756, 42.479355 ], [ -90.793113, 42.479975 ], [ -90.789783, 42.480965 ], [ -90.789457, 42.481074 ], [ -90.789461, 42.478222 ], [ -90.787784, 42.478247 ], [ -90.785249, 42.481737 ], [ -90.785001, 42.481713 ], [ -90.780588, 42.48128 ], [ -90.779613, 42.480477 ], [ -90.779622, 42.481221 ], [ -90.77945, 42.483502 ], [ -90.779409, 42.483915 ], [ -90.779336, 42.484863 ], [ -90.779592, 42.487196 ], [ -90.779564, 42.487691 ], [ -90.784517, 42.487675 ], [ -90.784642, 42.497532 ], [ -90.786063, 42.497741 ], [ -90.787495, 42.496958 ], [ -90.788529, 42.498318 ], [ -90.789583, 42.497632 ], [ -90.789516, 42.492674 ], [ -90.789496, 42.490371 ], [ -90.792262, 42.490891 ], [ -90.794413, 42.490836 ], [ -90.7944, 42.489357 ], [ -90.794385, 42.487835 ], [ -90.796286, 42.488176 ], [ -90.799326, 42.488745 ], [ -90.799399, 42.496172 ], [ -90.804283, 42.496178 ], [ -90.804304, 42.499797 ], [ -90.817695, 42.499856 ], [ -90.818102, 42.499862 ], [ -90.817807, 42.501503 ], [ -90.821951, 42.50147 ], [ -90.822395, 42.500943 ], [ -90.82304, 42.500938 ], [ -90.824001, 42.50093 ], [ -90.824009, 42.501364 ], [ -90.824019, 42.503491 ], [ -90.819085, 42.503501 ], [ -90.81911, 42.506157 ], [ -90.819113, 42.507175 ], [ -90.823966, 42.507154 ], [ -90.824046, 42.508391 ], [ -90.82401, 42.511688 ], [ -90.822451, 42.512605 ], [ -90.821418, 42.513588 ], [ -90.819154, 42.513558 ], [ -90.819179, 42.515654 ], [ -90.81718, 42.516739 ], [ -90.817209, 42.515543 ], [ -90.815376, 42.515559 ], [ -90.815394, 42.514375 ], [ -90.814212, 42.514357 ], [ -90.813811, 42.512258 ], [ -90.812882, 42.512079 ], [ -90.811791, 42.512322 ], [ -90.811751, 42.507533 ], [ -90.810537, 42.508454 ], [ -90.809302, 42.507536 ], [ -90.809322, 42.510745 ], [ -90.803109, 42.510738 ], [ -90.801325, 42.510361 ], [ -90.80129, 42.510857 ], [ -90.799653, 42.510851 ], [ -90.79836, 42.510819 ], [ -90.79893, 42.512261 ], [ -90.798405, 42.514426 ], [ -90.794639, 42.514608 ], [ -90.795893, 42.515231 ], [ -90.794634, 42.516145 ], [ -90.794679, 42.518245 ], [ -90.789656, 42.518279 ], [ -90.789683, 42.520037 ], [ -90.786977, 42.52189 ], [ -90.7848, 42.521934 ], [ -90.784784, 42.520112 ], [ -90.779851, 42.52021 ], [ -90.77986, 42.522023 ], [ -90.780038, 42.529343 ], [ -90.779876, 42.533233 ], [ -90.780124, 42.541463 ], [ -90.780123, 42.541724 ], [ -90.780227, 42.5434 ], [ -90.780327, 42.557999 ], [ -90.774367, 42.557996 ], [ -90.774027, 42.558 ], [ -90.768941, 42.558001 ], [ -90.763108, 42.558002 ], [ -90.752983, 42.557903 ], [ -90.748006, 42.557964 ], [ -90.745499, 42.557929 ], [ -90.739994, 42.557821 ], [ -90.737783, 42.55779 ], [ -90.720402, 42.557772 ], [ -90.713133, 42.557587 ], [ -90.712836, 42.557575 ], [ -90.710032, 42.557798 ], [ -90.692946, 42.557807 ], [ -90.688646, 42.557815 ], [ -90.681693, 42.557891 ], [ -90.67823, 42.55786 ], [ -90.678047, 42.558201 ], [ -90.677694, 42.557858 ] ] ] ] } },
{ "type": "Feature", "properties": { "id": 43, "NAME": "43", "TotalPop": 33245, "PopDevPct": 0.04204247, "DemPct": 0.3345555, "RepPct": 0.64875923, "WhitePct": 0.95071079, "MinorityPct": 0.04928921, "BlackPct": 0.00978793, "HispanicPct": 0.01371087, "PacificPct": 0.00586499, "AsianPct": 0.00462208, "NativePct": 0.01083663, "TotalVAP": 25746, "Margin": -0.31420373, "color": "#960018", "opacity": "0.5", "DemPct2": 0.3647815, "RepPct2": 0.61857861, "Margin2": -0.25379711, "Swing": -0.06040662, "R_Margin": -0.1859205132, "R_Margin2": -0.1763439231000001, "R_Swing": -0.0095765901, "Majority": "White" }, "geometry": { "type": "MultiPolygon", "coordinates": [ [ [ [ -90.432257, 41.844681 ], [ -90.432222, 41.851756 ], [ -90.43218, 41.859013 ], [ -90.432183, 41.871596 ], [ -90.432037, 41.880437 ], [ -90.431744, 41.88126 ], [ -90.431953, 41.890934 ], [ -90.43182, 41.896844 ], [ -90.431807, 41.902556 ], [ -90.43179, 41.909784 ], [ -90.431687, 41.927878 ], [ -90.431635, 41.946031 ], [ -90.431756, 41.962911 ], [ -90.431574, 41.965272 ], [ -90.432007, 41.97149 ], [ -90.432262, 41.993103 ], [ -90.432369, 41.997306 ], [ -90.43246, 42.00062 ], [ -90.432482, 42.013811 ], [ -90.432312, 42.017908 ], [ -90.432538, 42.026068 ], [ -90.432583, 42.029854 ], [ -90.432478, 42.033452 ], [ -90.42342, 42.033408 ], [ -90.416494, 42.033311 ], [ -90.406258, 42.033336 ], [ -90.403916, 42.033343 ], [ -90.398818, 42.033353 ], [ -90.374296, 42.033436 ], [ -90.371236, 42.033537 ], [ -90.360667, 42.033546 ], [ -90.355018, 42.033548 ], [ -90.335327, 42.03359 ], [ -90.326152, 42.033589 ], [ -90.315743, 42.033574 ], [ -90.305362, 42.033565 ], [ -90.29675, 42.033534 ], [ -90.288518, 42.03349 ], [ -90.286957, 42.033483 ], [ -90.27225, 42.033427 ], [ -90.262482, 42.0334 ], [ -90.2604, 42.033383 ], [ -90.252882, 42.033343 ], [ -90.228226, 42.03327 ], [ -90.21859, 42.033199 ], [ -90.210991, 42.033271 ], [ -90.210889, 42.033274 ], [ -90.210513, 42.033271 ], [ -90.209081, 42.033263 ], [ -90.20887, 42.033262 ], [ -90.208604, 42.033275 ], [ -90.208515, 42.03332 ], [ -90.208421, 42.033313 ], [ -90.207841, 42.033271 ], [ -90.207648, 42.033258 ], [ -90.207097, 42.033242 ], [ -90.205447, 42.033196 ], [ -90.204897, 42.033181 ], [ -90.20225, 42.033148 ], [ -90.193977, 42.033049 ], [ -90.192949, 42.033066 ], [ -90.171923, 42.033056 ], [ -90.166432, 42.033063 ], [ -90.166132, 42.033064 ], [ -90.161718, 42.03307 ], [ -90.160218, 42.033087 ], [ -90.157977, 42.033092 ], [ -90.15743, 42.033069 ], [ -90.154221, 42.033073 ], [ -90.158829, 42.037769 ], [ -90.163446, 42.040407 ], [ -90.164485, 42.042105 ], [ -90.164537, 42.045007 ], [ -90.165294, 42.050973 ], [ -90.166663, 42.054715 ], [ -90.166808, 42.055933 ], [ -90.165526, 42.061518 ], [ -90.165897, 42.064234 ], [ -90.166482, 42.067333 ], [ -90.16729, 42.069705 ], [ -90.168054, 42.073083 ], [ -90.168142, 42.07662 ], [ -90.166512, 42.080568 ], [ -90.16573, 42.081751 ], [ -90.163718, 42.086674 ], [ -90.162615, 42.090995 ], [ -90.162401, 42.094185 ], [ -90.161504, 42.098912 ], [ -90.16113, 42.104298 ], [ -90.161352, 42.11017 ], [ -90.161884, 42.11378 ], [ -90.162895, 42.116718 ], [ -90.163992, 42.118303 ], [ -90.167533, 42.122475 ], [ -90.17041, 42.125021 ], [ -90.17097, 42.125198 ], [ -90.18471, 42.125198 ], [ -90.190452, 42.125779 ], [ -90.194717, 42.127185 ], [ -90.197342, 42.128163 ], [ -90.201404, 42.130937 ], [ -90.204145, 42.136995 ], [ -90.20536, 42.139079 ], [ -90.206369, 42.1455 ], [ -90.207421, 42.149109 ], [ -90.209479, 42.15268 ], [ -90.211328, 42.15401 ], [ -90.216107, 42.15673 ], [ -90.224244, 42.160028 ], [ -90.231127, 42.163425 ], [ -90.234919, 42.165431 ], [ -90.250129, 42.171469 ], [ -90.255456, 42.171821 ], [ -90.262345, 42.173451 ], [ -90.26908, 42.1745 ], [ -90.282173, 42.178846 ], [ -90.296151, 42.18638 ], [ -90.298442, 42.187576 ], [ -90.306647, 42.19047 ], [ -90.314465, 42.192537 ], [ -90.317774, 42.193789 ], [ -90.328273, 42.201047 ], [ -90.332177, 42.202232 ], [ -90.338169, 42.203321 ], [ -90.349162, 42.204277 ], [ -90.356964, 42.205445 ], [ -90.360435, 42.207538 ], [ -90.365138, 42.210526 ], [ -90.375129, 42.214811 ], [ -90.382251, 42.219646 ], [ -90.386781, 42.222967 ], [ -90.391108, 42.225473 ], [ -90.393151, 42.227186 ], [ -90.394865, 42.229476 ], [ -90.395883, 42.233133 ], [ -90.400653, 42.239293 ], [ -90.410471, 42.247749 ], [ -90.415169, 42.250942 ], [ -90.418274, 42.253215 ], [ -90.419326, 42.254467 ], [ -90.42098, 42.257282 ], [ -90.422439, 42.260563 ], [ -90.423242, 42.264411 ], [ -90.425612, 42.269189 ], [ -90.428204, 42.273405 ], [ -90.430884, 42.27823 ], [ -90.431039, 42.282452 ], [ -90.430218, 42.284593 ], [ -90.426909, 42.290719 ], [ -90.424326, 42.293326 ], [ -90.424257, 42.294576 ], [ -90.422675, 42.298804 ], [ -90.421676, 42.302506 ], [ -90.418915, 42.308328 ], [ -90.419008, 42.309217 ], [ -90.4203, 42.31169 ], [ -90.421182, 42.315255 ], [ -90.420075, 42.317681 ], [ -90.417125, 42.319943 ], [ -90.4162, 42.321314 ], [ -90.415937, 42.322699 ], [ -90.416535, 42.325109 ], [ -90.419027, 42.328505 ], [ -90.42135, 42.330472 ], [ -90.425363, 42.332615 ], [ -90.430546, 42.33686 ], [ -90.433949, 42.341701 ], [ -90.438951, 42.34771 ], [ -90.44248, 42.353511 ], [ -90.445167, 42.356441 ], [ -90.44632, 42.357041 ], [ -90.452724, 42.359303 ], [ -90.454646, 42.360652 ], [ -90.456298, 42.362548 ], [ -90.462619, 42.367253 ], [ -90.464788, 42.369452 ], [ -90.467875, 42.375009 ], [ -90.470273, 42.378355 ], [ -90.473798, 42.381458 ], [ -90.476499, 42.381499 ], [ -90.480062, 42.381527 ], [ -90.487158, 42.381645 ], [ -90.488044, 42.381658 ], [ -90.488496, 42.381664 ], [ -90.490896, 42.381686 ], [ -90.502105, 42.381986 ], [ -90.548861, 42.382086 ], [ -90.558778, 42.382059 ], [ -90.571075, 42.38207 ], [ -90.573174, 42.382073 ], [ -90.574418, 42.382075 ], [ -90.575322, 42.382077 ], [ -90.593251, 42.382113 ], [ -90.613572, 42.382139 ], [ -90.619725, 42.382147 ], [ -90.620902, 42.38215 ], [ -90.625128, 42.382308 ], [ -90.646529, 42.382104 ], [ -90.658733, 42.382114 ], [ -90.665029, 42.382155 ], [ -90.665198, 42.367474 ], [ -90.665259, 42.354685 ], [ -90.66515, 42.344138 ], [ -90.66521, 42.338391 ], [ -90.665215, 42.337785 ], [ -90.665374, 42.3269 ], [ -90.665471, 42.309322 ], [ -90.665509, 42.302099 ], [ -90.665551, 42.294699 ], [ -90.675238, 42.2947 ], [ -90.681734, 42.294655 ], [ -90.682217, 42.29465 ], [ -90.683177, 42.294642 ], [ -90.68514, 42.294716 ], [ -90.686294, 42.294877 ], [ -90.690022, 42.294839 ], [ -90.691429, 42.294821 ], [ -90.692215, 42.294822 ], [ -90.708866, 42.294822 ], [ -90.714305, 42.294872 ], [ -90.719545, 42.294905 ], [ -90.729514, 42.294902 ], [ -90.730465, 42.295003 ], [ -90.744998, 42.294646 ], [ -90.75013, 42.294699 ], [ -90.757132, 42.294974 ], [ -90.767911, 42.295031 ], [ -90.78184, 42.294763 ], [ -90.783043, 42.294989 ], [ -90.792583, 42.294779 ], [ -90.810112, 42.294988 ], [ -90.825697, 42.294878 ], [ -90.828181, 42.294836 ], [ -90.847839, 42.294867 ], [ -90.850051, 42.294923 ], [ -90.859842, 42.294936 ], [ -90.87288, 42.294949 ], [ -90.889164, 42.295222 ], [ -90.89802, 42.295236 ], [ -90.898039, 42.283521 ], [ -90.898075, 42.272996 ], [ -90.898102, 42.243824 ], [ -90.898087, 42.229392 ], [ -90.898217, 42.218674 ], [ -90.898267, 42.207724 ], [ -90.898268, 42.206475 ], [ -90.898279, 42.192246 ], [ -90.898304, 42.185825 ], [ -90.898347, 42.174127 ], [ -90.898354, 42.172428 ], [ -90.898412, 42.171243 ], [ -90.898455, 42.17041 ], [ -90.898498, 42.167177 ], [ -90.898428, 42.166713 ], [ -90.898435, 42.163354 ], [ -90.898447, 42.162321 ], [ -90.898458, 42.160473 ], [ -90.898458, 42.160095 ], [ -90.89849, 42.152648 ], [ -90.898629, 42.139914 ], [ -90.898654, 42.135088 ], [ -90.898226, 42.120593 ], [ -90.89826, 42.104822 ], [ -90.898347, 42.085758 ], [ -90.898217, 42.085091 ], [ -90.898208, 42.073447 ], [ -90.898385, 42.067273 ], [ -90.898358, 42.062448 ], [ -90.898339, 42.057917 ], [ -90.898352, 42.044651 ], [ -90.898366, 42.037175 ], [ -90.898373, 42.033548 ], [ -90.898387, 42.026512 ], [ -90.898312, 42.026147 ], [ -90.898396, 42.018957 ], [ -90.898402, 42.011712 ], [ -90.898458, 42.004469 ], [ -90.898472, 41.995165 ], [ -90.898439, 41.986267 ], [ -90.898476, 41.97611 ], [ -90.898413, 41.968257 ], [ -90.898484, 41.946245 ], [ -90.898611, 41.944367 ], [ -90.898461, 41.928125 ], [ -90.898434, 41.924344 ], [ -90.89845, 41.922562 ], [ -90.898337, 41.920735 ], [ -90.898941, 41.918528 ], [ -90.898771, 41.907509 ], [ -90.898464, 41.906446 ], [ -90.89846, 41.905537 ], [ -90.898405, 41.8953 ], [ -90.89836, 41.887998 ], [ -90.898323, 41.876981 ], [ -90.898276, 41.858722 ], [ -90.898388, 41.851683 ], [ -90.898319, 41.851614 ], [ -90.898465, 41.844513 ], [ -90.898467, 41.844402 ], [ -90.898501, 41.84244 ], [ -90.898593, 41.837002 ], [ -90.898329, 41.836855 ], [ -90.898348, 41.833491 ], [ -90.898482, 41.82377 ], [ -90.898436, 41.815205 ], [ -90.898359, 41.810328 ], [ -90.898427, 41.804207 ], [ -90.898179, 41.798766 ], [ -90.898167, 41.792957 ], [ -90.898317, 41.780233 ], [ -90.898326, 41.778679 ], [ -90.898361, 41.773685 ], [ -90.898373, 41.771392 ], [ -90.886902, 41.771414 ], [ -90.879143, 41.771614 ], [ -90.879013, 41.771593 ], [ -90.869616, 41.771543 ], [ -90.861647, 41.771414 ], [ -90.859744, 41.771479 ], [ -90.859227, 41.771507 ], [ -90.855797, 41.771557 ], [ -90.850387, 41.771594 ], [ -90.849819, 41.77155 ], [ -90.848133, 41.771521 ], [ -90.832541, 41.771554 ], [ -90.830653, 41.771548 ], [ -90.827139, 41.771536 ], [ -90.825635, 41.771529 ], [ -90.82102, 41.77151 ], [ -90.804744, 41.771445 ], [ -90.796555, 41.771411 ], [ -90.786212, 41.771369 ], [ -90.78546, 41.769066 ], [ -90.783688, 41.768218 ], [ -90.782174, 41.768008 ], [ -90.777091, 41.76728 ], [ -90.773456, 41.76785 ], [ -90.772082, 41.767164 ], [ -90.771472, 41.765769 ], [ -90.768296, 41.765264 ], [ -90.765028, 41.7638 ], [ -90.761883, 41.762815 ], [ -90.760327, 41.760985 ], [ -90.759931, 41.759247 ], [ -90.758436, 41.758103 ], [ -90.756665, 41.758102 ], [ -90.755017, 41.756615 ], [ -90.754744, 41.754603 ], [ -90.752974, 41.752978 ], [ -90.75267, 41.751606 ], [ -90.75331, 41.750027 ], [ -90.753034, 41.748998 ], [ -90.750715, 41.746664 ], [ -90.750144, 41.745648 ], [ -90.74933, 41.744436 ], [ -90.748926, 41.74415 ], [ -90.748114, 41.743977 ], [ -90.746618, 41.743969 ], [ -90.746143, 41.743827 ], [ -90.74523, 41.743283 ], [ -90.744696, 41.742787 ], [ -90.744146, 41.741947 ], [ -90.743643, 41.741527 ], [ -90.741632, 41.741076 ], [ -90.740261, 41.741218 ], [ -90.736152, 41.740574 ], [ -90.734426, 41.738209 ], [ -90.731588, 41.737408 ], [ -90.729743, 41.738427 ], [ -90.728643, 41.739559 ], [ -90.728704, 41.740902 ], [ -90.72756, 41.742054 ], [ -90.726187, 41.742314 ], [ -90.72492, 41.741452 ], [ -90.722921, 41.73888 ], [ -90.722341, 41.736996 ], [ -90.721843, 41.736927 ], [ -90.71996, 41.736843 ], [ -90.717842, 41.736228 ], [ -90.716573, 41.735525 ], [ -90.713902, 41.734578 ], [ -90.713475, 41.73467 ], [ -90.712682, 41.735387 ], [ -90.712331, 41.73715 ], [ -90.712529, 41.738279 ], [ -90.712514, 41.738843 ], [ -90.712117, 41.739354 ], [ -90.711095, 41.739728 ], [ -90.709462, 41.739644 ], [ -90.708409, 41.740194 ], [ -90.707942, 41.740228 ], [ -90.707738, 41.740377 ], [ -90.707036, 41.740247 ], [ -90.706742, 41.739128 ], [ -90.706258, 41.738515 ], [ -90.705089, 41.737573 ], [ -90.704542, 41.737328 ], [ -90.703572, 41.737226 ], [ -90.702142, 41.737728 ], [ -90.701817, 41.738317 ], [ -90.700902, 41.740262 ], [ -90.700627, 41.740545 ], [ -90.698842, 41.741528 ], [ -90.698342, 41.742128 ], [ -90.69825, 41.74223 ], [ -90.697977, 41.742537 ], [ -90.697887, 41.74264 ], [ -90.697649, 41.742906 ], [ -90.697542, 41.743028 ], [ -90.69668, 41.743315 ], [ -90.696342, 41.743428 ], [ -90.695642, 41.743528 ], [ -90.693703, 41.743189 ], [ -90.692342, 41.742928 ], [ -90.691642, 41.743128 ], [ -90.691167, 41.745229 ], [ -90.692042, 41.746728 ], [ -90.692742, 41.747628 ], [ -90.694342, 41.748928 ], [ -90.69314, 41.750642 ], [ -90.688315, 41.751785 ], [ -90.68688, 41.752471 ], [ -90.686513, 41.753798 ], [ -90.68746, 41.75565 ], [ -90.686971, 41.756862 ], [ -90.685383, 41.757205 ], [ -90.684223, 41.756611 ], [ -90.683123, 41.755216 ], [ -90.681749, 41.754552 ], [ -90.678786, 41.754864 ], [ -90.676344, 41.75565 ], [ -90.676099, 41.75629 ], [ -90.677565, 41.758028 ], [ -90.676526, 41.760932 ], [ -90.675213, 41.761915 ], [ -90.671883, 41.762807 ], [ -90.670051, 41.76363 ], [ -90.667851, 41.764475 ], [ -90.665823, 41.764419 ], [ -90.66388, 41.764383 ], [ -90.661161, 41.765389 ], [ -90.659756, 41.765205 ], [ -90.657436, 41.764084 ], [ -90.657528, 41.762804 ], [ -90.655849, 41.760631 ], [ -90.656125, 41.757841 ], [ -90.654141, 41.75624 ], [ -90.651454, 41.755416 ], [ -90.647209, 41.75626 ], [ -90.645131, 41.75754 ], [ -90.64403, 41.760101 ], [ -90.64238, 41.761541 ], [ -90.640761, 41.7617 ], [ -90.638532, 41.761128 ], [ -90.636364, 41.760967 ], [ -90.633827, 41.761903 ], [ -90.633154, 41.763984 ], [ -90.630679, 41.765354 ], [ -90.626525, 41.764712 ], [ -90.623632, 41.76364 ], [ -90.620331, 41.761538 ], [ -90.618161, 41.759047 ], [ -90.61816, 41.758453 ], [ -90.617608, 41.757286 ], [ -90.616284, 41.756478 ], [ -90.614643, 41.756832 ], [ -90.612844, 41.758205 ], [ -90.612357, 41.759143 ], [ -90.612513, 41.761543 ], [ -90.611263, 41.763966 ], [ -90.609889, 41.76431 ], [ -90.60662, 41.763832 ], [ -90.604726, 41.762895 ], [ -90.602953, 41.762507 ], [ -90.600083, 41.762988 ], [ -90.598892, 41.763995 ], [ -90.597092, 41.767608 ], [ -90.59523, 41.769278 ], [ -90.59242, 41.770639 ], [ -90.590702, 41.770622 ], [ -90.589187, 41.769945 ], [ -90.589314, 41.767786 ], [ -90.588907, 41.766993 ], [ -90.589028, 41.764409 ], [ -90.58769, 41.76341 ], [ -90.584141, 41.763267 ], [ -90.582888, 41.7613 ], [ -90.581544, 41.760843 ], [ -90.579131, 41.759129 ], [ -90.577207, 41.759678 ], [ -90.574856, 41.761853 ], [ -90.569937, 41.763664 ], [ -90.568218, 41.763358 ], [ -90.56793, 41.763213 ], [ -90.56648, 41.76233 ], [ -90.565416, 41.762468 ], [ -90.565081, 41.763355 ], [ -90.565966, 41.764688 ], [ -90.564763, 41.765831 ], [ -90.563783, 41.765695 ], [ -90.562322, 41.764373 ], [ -90.559637, 41.763633 ], [ -90.555405, 41.764528 ], [ -90.553263, 41.764617 ], [ -90.550911, 41.763519 ], [ -90.549537, 41.763565 ], [ -90.550269, 41.767292 ], [ -90.549994, 41.768939 ], [ -90.548711, 41.769236 ], [ -90.542816, 41.765919 ], [ -90.542113, 41.766295 ], [ -90.541014, 41.767588 ], [ -90.539823, 41.771153 ], [ -90.538937, 41.772867 ], [ -90.538143, 41.775793 ], [ -90.537616, 41.776395 ], [ -90.535764, 41.775966 ], [ -90.531727, 41.774922 ], [ -90.529345, 41.775424 ], [ -90.52797, 41.77531 ], [ -90.527511, 41.774373 ], [ -90.528336, 41.773825 ], [ -90.52791, 41.773002 ], [ -90.526383, 41.772384 ], [ -90.524397, 41.772933 ], [ -90.523175, 41.772796 ], [ -90.521802, 41.771081 ], [ -90.519999, 41.770899 ], [ -90.518075, 41.770052 ], [ -90.516333, 41.770028 ], [ -90.515234, 41.769296 ], [ -90.514869, 41.766827 ], [ -90.513801, 41.765546 ], [ -90.512794, 41.765339 ], [ -90.511113, 41.766047 ], [ -90.50879, 41.768927 ], [ -90.506651, 41.769475 ], [ -90.505369, 41.768857 ], [ -90.504301, 41.767645 ], [ -90.502561, 41.767141 ], [ -90.500135, 41.767701 ], [ -90.498537, 41.767441 ], [ -90.495786, 41.765887 ], [ -90.493649, 41.766163 ], [ -90.491816, 41.765958 ], [ -90.48971, 41.767331 ], [ -90.488213, 41.767446 ], [ -90.486136, 41.766372 ], [ -90.483937, 41.766785 ], [ -90.483785, 41.768842 ], [ -90.481312, 41.770238 ], [ -90.480213, 41.771222 ], [ -90.473617, 41.773465 ], [ -90.471723, 41.773603 ], [ -90.470073, 41.77278 ], [ -90.467262, 41.768871 ], [ -90.467322, 41.76807 ], [ -90.468879, 41.766172 ], [ -90.468328, 41.762788 ], [ -90.465181, 41.759039 ], [ -90.461149, 41.757965 ], [ -90.458462, 41.758263 ], [ -90.456539, 41.760847 ], [ -90.45315, 41.76254 ], [ -90.451696, 41.764082 ], [ -90.451894, 41.769974 ], [ -90.451899, 41.770126 ], [ -90.451914, 41.770584 ], [ -90.45192, 41.770737 ], [ -90.451915, 41.771054 ], [ -90.451904, 41.772008 ], [ -90.4519, 41.772326 ], [ -90.451931, 41.773515 ], [ -90.452096, 41.786359 ], [ -90.451877, 41.800947 ], [ -90.451831, 41.813364 ], [ -90.451796, 41.81517 ], [ -90.451753, 41.815377 ], [ -90.451907, 41.818607 ], [ -90.451905, 41.820174 ], [ -90.451898, 41.822756 ], [ -90.451895, 41.829872 ], [ -90.439639, 41.829822 ], [ -90.432334, 41.829903 ], [ -90.432286, 41.838179 ], [ -90.432257, 41.844681 ] ] ] ] } },
{ "type": "Feature", "properties": { "id": 44, "NAME": "44", "TotalPop": 32700, "PopDevPct": 0.02495981, "DemPct": 0.42515763, "RepPct": 0.55668348, "WhitePct": 0.89612128, "MinorityPct": 0.10387872, "BlackPct": 0.04079543, "HispanicPct": 0.02626501, "PacificPct": 0.00098445, "AsianPct": 0.01000197, "NativePct": 0.0188226, "TotalVAP": 25395, "Margin": -0.13152585, "color": "#ff2020", "opacity": "0.5", "DemPct2": 0.47208275, "RepPct2": 0.50620047, "Margin2": -0.03411772, "Swing": -0.09740813, "R_Margin": -0.0032426332, "R_Margin2": 0.0433354669, "R_Swing": -0.0465781001, "Majority": "White" }, "geometry": { "type": "MultiPolygon", "coordinates": [ [ [ [ -90.180169, 41.846133 ], [ -90.178942, 41.847898 ], [ -90.175057, 41.853615 ], [ -90.173009, 41.857393 ], [ -90.17287, 41.858409 ], [ -90.173329, 41.863671 ], [ -90.173213, 41.864693 ], [ -90.172101, 41.867543 ], [ -90.170909, 41.870784 ], [ -90.170491, 41.875028 ], [ -90.170041, 41.876439 ], [ -90.168645, 41.878325 ], [ -90.165065, 41.883777 ], [ -90.157019, 41.898019 ], [ -90.153986, 41.905608 ], [ -90.153584, 41.906614 ], [ -90.153471, 41.90967 ], [ -90.153362, 41.915593 ], [ -90.152138, 41.928052 ], [ -90.1516, 41.931002 ], [ -90.152659, 41.933058 ], [ -90.155104, 41.935762 ], [ -90.156902, 41.938181 ], [ -90.160648, 41.940845 ], [ -90.163847, 41.944934 ], [ -90.164939, 41.948861 ], [ -90.164867, 41.949513 ], [ -90.164135, 41.956178 ], [ -90.162141, 41.961293 ], [ -90.158592, 41.967117 ], [ -90.156315, 41.969113 ], [ -90.153828, 41.974121 ], [ -90.152107, 41.97567 ], [ -90.148599, 41.978269 ], [ -90.146753, 41.980647 ], [ -90.146225, 41.981329 ], [ -90.146399, 41.985375 ], [ -90.146033, 41.988139 ], [ -90.144241, 41.991031 ], [ -90.140613, 41.995999 ], [ -90.140536, 42.000026 ], [ -90.140061, 42.003252 ], [ -90.141167, 42.008931 ], [ -90.143776, 42.014881 ], [ -90.144683, 42.016198 ], [ -90.147194, 42.018479 ], [ -90.149112, 42.022679 ], [ -90.149733, 42.026564 ], [ -90.151579, 42.030633 ], [ -90.154221, 42.033073 ], [ -90.15743, 42.033069 ], [ -90.157977, 42.033092 ], [ -90.160218, 42.033087 ], [ -90.161718, 42.03307 ], [ -90.166132, 42.033064 ], [ -90.166432, 42.033063 ], [ -90.171923, 42.033056 ], [ -90.192949, 42.033066 ], [ -90.193977, 42.033049 ], [ -90.20225, 42.033148 ], [ -90.204897, 42.033181 ], [ -90.205447, 42.033196 ], [ -90.207097, 42.033242 ], [ -90.207648, 42.033258 ], [ -90.207841, 42.033271 ], [ -90.208421, 42.033313 ], [ -90.208515, 42.03332 ], [ -90.208604, 42.033275 ], [ -90.20887, 42.033262 ], [ -90.209081, 42.033263 ], [ -90.210513, 42.033271 ], [ -90.210889, 42.033274 ], [ -90.210991, 42.033271 ], [ -90.21859, 42.033199 ], [ -90.228226, 42.03327 ], [ -90.252882, 42.033343 ], [ -90.2604, 42.033383 ], [ -90.262482, 42.0334 ], [ -90.27225, 42.033427 ], [ -90.286957, 42.033483 ], [ -90.288518, 42.03349 ], [ -90.29675, 42.033534 ], [ -90.305362, 42.033565 ], [ -90.315743, 42.033574 ], [ -90.326152, 42.033589 ], [ -90.335327, 42.03359 ], [ -90.355018, 42.033548 ], [ -90.360667, 42.033546 ], [ -90.371236, 42.033537 ], [ -90.374296, 42.033436 ], [ -90.398818, 42.033353 ], [ -90.403916, 42.033343 ], [ -90.406258, 42.033336 ], [ -90.416494, 42.033311 ], [ -90.42342, 42.033408 ], [ -90.432478, 42.033452 ], [ -90.432583, 42.029854 ], [ -90.432538, 42.026068 ], [ -90.432312, 42.017908 ], [ -90.432482, 42.013811 ], [ -90.43246, 42.00062 ], [ -90.432369, 41.997306 ], [ -90.432262, 41.993103 ], [ -90.432007, 41.97149 ], [ -90.431574, 41.965272 ], [ -90.431756, 41.962911 ], [ -90.431635, 41.946031 ], [ -90.431687, 41.927878 ], [ -90.43179, 41.909784 ], [ -90.431807, 41.902556 ], [ -90.43182, 41.896844 ], [ -90.431953, 41.890934 ], [ -90.431744, 41.88126 ], [ -90.432037, 41.880437 ], [ -90.432183, 41.871596 ], [ -90.43218, 41.859013 ], [ -90.432222, 41.851756 ], [ -90.432257, 41.844681 ], [ -90.432286, 41.838179 ], [ -90.432334, 41.829903 ], [ -90.439639, 41.829822 ], [ -90.451895, 41.829872 ], [ -90.451898, 41.822756 ], [ -90.451905, 41.820174 ], [ -90.451907, 41.818607 ], [ -90.451753, 41.815377 ], [ -90.451796, 41.81517 ], [ -90.451831, 41.813364 ], [ -90.451877, 41.800947 ], [ -90.452096, 41.786359 ], [ -90.451931, 41.773515 ], [ -90.4519, 41.772326 ], [ -90.451904, 41.772008 ], [ -90.451915, 41.771054 ], [ -90.45192, 41.770737 ], [ -90.451914, 41.770584 ], [ -90.451899, 41.770126 ], [ -90.451894, 41.769974 ], [ -90.451696, 41.764082 ], [ -90.451104, 41.764643 ], [ -90.449333, 41.764827 ], [ -90.446583, 41.763844 ], [ -90.444934, 41.761671 ], [ -90.442582, 41.76078 ], [ -90.440811, 41.758722 ], [ -90.439498, 41.758562 ], [ -90.438154, 41.759294 ], [ -90.437208, 41.76062 ], [ -90.435528, 41.759682 ], [ -90.435325, 41.758625 ], [ -90.434205, 41.756867 ], [ -90.433093, 41.755892 ], [ -90.431284, 41.754789 ], [ -90.426032, 41.752662 ], [ -90.424201, 41.750559 ], [ -90.424165, 41.749101 ], [ -90.425936, 41.747043 ], [ -90.427463, 41.74446 ], [ -90.426548, 41.743202 ], [ -90.424044, 41.742218 ], [ -90.423099, 41.740572 ], [ -90.423526, 41.739566 ], [ -90.424809, 41.738857 ], [ -90.427098, 41.738492 ], [ -90.428167, 41.737212 ], [ -90.427526, 41.736274 ], [ -90.424809, 41.736113 ], [ -90.422581, 41.737416 ], [ -90.418093, 41.73833 ], [ -90.415986, 41.739336 ], [ -90.415131, 41.740296 ], [ -90.412504, 41.741118 ], [ -90.41168, 41.740638 ], [ -90.411041, 41.737711 ], [ -90.409728, 41.737025 ], [ -90.407653, 41.736635 ], [ -90.406249, 41.735675 ], [ -90.406464, 41.734097 ], [ -90.410188, 41.733023 ], [ -90.410525, 41.731309 ], [ -90.40961, 41.729982 ], [ -90.407931, 41.729296 ], [ -90.405489, 41.729889 ], [ -90.403628, 41.729614 ], [ -90.401826, 41.730711 ], [ -90.399048, 41.731648 ], [ -90.396971, 41.733705 ], [ -90.394957, 41.733087 ], [ -90.394622, 41.731646 ], [ -90.392608, 41.731302 ], [ -90.391387, 41.730638 ], [ -90.389586, 41.730569 ], [ -90.388304, 41.731506 ], [ -90.388242, 41.732306 ], [ -90.390346, 41.734342 ], [ -90.390254, 41.735966 ], [ -90.389642, 41.736948 ], [ -90.388329, 41.737131 ], [ -90.386407, 41.736261 ], [ -90.38143, 41.736258 ], [ -90.378044, 41.734725 ], [ -90.375907, 41.734769 ], [ -90.374508, 41.734267 ], [ -90.373064, 41.732327 ], [ -90.369095, 41.730316 ], [ -90.366041, 41.728443 ], [ -90.364178, 41.727803 ], [ -90.359636, 41.727701 ], [ -90.357525, 41.727783 ], [ -90.35664, 41.7284 ], [ -90.356671, 41.729498 ], [ -90.357923, 41.730321 ], [ -90.357802, 41.731281 ], [ -90.356673, 41.731876 ], [ -90.354946, 41.731988 ], [ -90.352369, 41.7319 ], [ -90.348888, 41.729866 ], [ -90.347728, 41.730049 ], [ -90.347729, 41.732107 ], [ -90.346508, 41.733479 ], [ -90.344891, 41.733457 ], [ -90.344251, 41.735835 ], [ -90.343183, 41.738327 ], [ -90.341731, 41.740211 ], [ -90.33946, 41.740477 ], [ -90.337078, 41.739106 ], [ -90.333874, 41.739404 ], [ -90.332408, 41.738489 ], [ -90.330117, 41.735515 ], [ -90.328896, 41.73442 ], [ -90.323646, 41.733483 ], [ -90.321936, 41.732476 ], [ -90.320715, 41.730647 ], [ -90.319676, 41.730076 ], [ -90.316562, 41.728928 ], [ -90.315549, 41.734426 ], [ -90.312609, 41.739939 ], [ -90.309973, 41.74342 ], [ -90.304525, 41.74861 ], [ -90.302782, 41.750031 ], [ -90.294383, 41.756054 ], [ -90.289732, 41.759507 ], [ -90.287697, 41.760545 ], [ -90.285356, 41.762341 ], [ -90.283552, 41.764386 ], [ -90.279736, 41.766619 ], [ -90.278633, 41.767358 ], [ -90.269758, 41.770258 ], [ -90.264696, 41.771475 ], [ -90.261623, 41.773101 ], [ -90.258622, 41.775295 ], [ -90.250128, 41.7792 ], [ -90.246656, 41.780802 ], [ -90.24238, 41.782964 ], [ -90.222263, 41.793133 ], [ -90.216889, 41.795335 ], [ -90.209517, 41.797426 ], [ -90.203588, 41.799109 ], [ -90.196165, 41.800656 ], [ -90.187969, 41.803163 ], [ -90.181973, 41.80707 ], [ -90.180954, 41.809354 ], [ -90.180643, 41.811979 ], [ -90.181904, 41.824605 ], [ -90.181889, 41.827755 ], [ -90.18281, 41.829381 ], [ -90.183973, 41.83307 ], [ -90.183736, 41.836332 ], [ -90.18327, 41.837847 ], [ -90.182608, 41.839235 ], [ -90.182016, 41.842269 ], [ -90.181401, 41.844647 ], [ -90.180169, 41.846133 ] ] ] ] } },
{ "type": "Feature", "properties": { "id": 45, "NAME": "45", "TotalPop": 30930, "PopDevPct": -0.03051967, "DemPct": 0.25908156, "RepPct": 0.72671194, "WhitePct": 0.92518806, "MinorityPct": 0.07481194, "BlackPct": 0.01752501, "HispanicPct": 0.02587418, "PacificPct": 0.00082665, "AsianPct": 0.00917583, "NativePct": 0.017773, "TotalVAP": 24194, "Margin": -0.46763038, "color": "#960018", "opacity": "0.5", "DemPct2": 0.26553295, "RepPct2": 0.71928333, "Margin2": -0.45375038, "Swing": -0.01388, "R_Margin": -0.3393471632, "R_Margin2": -0.3762971931, "R_Swing": 0.0369500299000001, "Majority": "White" }, "geometry": { "type": "MultiPolygon", "coordinates": [ [ [ [ -94.928041, 40.98621 ], [ -94.928056, 40.980222 ], [ -94.928274, 40.972987 ], [ -94.928326, 40.958523 ], [ -94.928373, 40.944059 ], [ -94.928425, 40.929576 ], [ -94.928434, 40.926435 ], [ -94.928464, 40.908476 ], [ -94.928604, 40.90177 ], [ -94.928459, 40.900653 ], [ -94.937864, 40.900656 ], [ -94.956964, 40.900671 ], [ -94.966511, 40.900697 ], [ -94.971349, 40.900788 ], [ -94.985636, 40.900775 ], [ -95.002618, 40.900751 ], [ -95.005923, 40.90076 ], [ -95.012651, 40.900624 ], [ -95.023787, 40.90066 ], [ -95.033389, 40.900687 ], [ -95.04227, 40.900714 ], [ -95.061284, 40.900876 ], [ -95.072626, 40.900876 ], [ -95.08034, 40.900871 ], [ -95.099395, 40.900916 ], [ -95.117721, 40.900975 ], [ -95.118458, 40.900957 ], [ -95.134097, 40.901018 ], [ -95.134977, 40.900871 ], [ -95.137504, 40.901012 ], [ -95.146669, 40.901038 ], [ -95.156199, 40.901035 ], [ -95.165776, 40.901072 ], [ -95.170512, 40.901077 ], [ -95.175229, 40.901091 ], [ -95.176635, 40.901074 ], [ -95.188733, 40.901088 ], [ -95.195012, 40.9011 ], [ -95.20111, 40.901145 ], [ -95.213313, 40.90115 ], [ -95.222584, 40.901193 ], [ -95.232301, 40.901262 ], [ -95.241866, 40.901326 ], [ -95.251314, 40.901329 ], [ -95.261027, 40.901341 ], [ -95.270151, 40.901406 ], [ -95.27024, 40.901407 ], [ -95.279987, 40.901444 ], [ -95.28093, 40.901448 ], [ -95.289436, 40.901482 ], [ -95.298984, 40.901518 ], [ -95.300521, 40.901368 ], [ -95.308477, 40.901351 ], [ -95.316171, 40.901338 ], [ -95.326382, 40.901318 ], [ -95.327536, 40.901316 ], [ -95.346597, 40.901462 ], [ -95.365655, 40.901476 ], [ -95.377916, 40.901512 ], [ -95.384964, 40.90155 ], [ -95.38486, 40.895286 ], [ -95.38471, 40.887056 ], [ -95.384702, 40.884551 ], [ -95.384697, 40.881379 ], [ -95.384636, 40.873992 ], [ -95.384636, 40.872563 ], [ -95.384636, 40.870852 ], [ -95.384653, 40.858115 ], [ -95.384672, 40.843602 ], [ -95.384704, 40.829128 ], [ -95.384739, 40.814663 ], [ -95.384748, 40.800729 ], [ -95.384774, 40.793452 ], [ -95.38481, 40.785561 ], [ -95.3849, 40.775314 ], [ -95.384978, 40.771701 ], [ -95.385015, 40.769917 ], [ -95.38504, 40.768165 ], [ -95.385045, 40.76764 ], [ -95.385049, 40.767198 ], [ -95.385053, 40.766751 ], [ -95.385073, 40.765866 ], [ -95.385084, 40.765369 ], [ -95.385086, 40.764937 ], [ -95.385089, 40.764058 ], [ -95.385099, 40.762866 ], [ -95.385103, 40.762672 ], [ -95.385112, 40.762203 ], [ -95.385121, 40.76177 ], [ -95.385125, 40.761474 ], [ -95.385121, 40.761243 ], [ -95.385122, 40.760792 ], [ -95.385117, 40.75952 ], [ -95.38512, 40.758657 ], [ -95.385125, 40.757798 ], [ -95.385128, 40.757519 ], [ -95.385138, 40.757213 ], [ -95.385193, 40.754431 ], [ -95.385259, 40.749961 ], [ -95.385342, 40.742619 ], [ -95.385296, 40.733432 ], [ -95.385483, 40.731825 ], [ -95.385254, 40.728378 ], [ -95.370618, 40.728241 ], [ -95.37061, 40.727932 ], [ -95.371062, 40.719052 ], [ -95.371139, 40.717305 ], [ -95.371972, 40.698898 ], [ -95.372623, 40.684455 ], [ -95.372812, 40.677317 ], [ -95.3732, 40.669903 ], [ -95.373885, 40.65537 ], [ -95.373972, 40.648271 ], [ -95.373929, 40.640868 ], [ -95.373928, 40.640579 ], [ -95.37389, 40.626298 ], [ -95.373889, 40.626084 ], [ -95.373871, 40.611613 ], [ -95.373939, 40.607846 ], [ -95.373864, 40.597085 ], [ -95.373852, 40.588601 ], [ -95.373902, 40.582731 ], [ -95.373923, 40.580503 ], [ -95.368262, 40.580356 ], [ -95.360839, 40.580175 ], [ -95.354508, 40.580245 ], [ -95.335483, 40.580018 ], [ -95.316264, 40.57969 ], [ -95.308312, 40.579614 ], [ -95.302554, 40.57956 ], [ -95.278096, 40.579322 ], [ -95.25901, 40.57915 ], [ -95.249191, 40.579206 ], [ -95.232787, 40.57899 ], [ -95.230863, 40.578966 ], [ -95.222801, 40.578871 ], [ -95.221335, 40.578824 ], [ -95.220047, 40.578802 ], [ -95.218692, 40.578779 ], [ -95.211831, 40.57866 ], [ -95.21166, 40.578631 ], [ -95.202265, 40.578488 ], [ -95.183136, 40.578265 ], [ -95.164008, 40.578016 ], [ -95.145115, 40.577707 ], [ -95.135489, 40.577561 ], [ -95.131592, 40.577503 ], [ -95.116419, 40.577361 ], [ -95.112109, 40.577318 ], [ -95.110468, 40.577363 ], [ -95.107098, 40.577269 ], [ -95.097266, 40.577161 ], [ -95.087726, 40.577118 ], [ -95.079666, 40.576912 ], [ -95.06872, 40.576878 ], [ -95.040229, 40.576366 ], [ -95.036265, 40.576354 ], [ -95.030676, 40.576263 ], [ -95.022769, 40.576189 ], [ -95.021836, 40.576181 ], [ -95.010169, 40.576039 ], [ -95.000555, 40.575939 ], [ -94.99166, 40.575692 ], [ -94.972045, 40.575687 ], [ -94.966491, 40.575839 ], [ -94.948199, 40.575567 ], [ -94.933987, 40.575352 ], [ -94.914896, 40.575068 ], [ -94.901107, 40.574863 ], [ -94.896773, 40.574737 ], [ -94.887084, 40.574694 ], [ -94.88578, 40.574674 ], [ -94.878201, 40.574563 ], [ -94.858567, 40.574301 ], [ -94.848135, 40.574142 ], [ -94.848034, 40.57414 ], [ -94.83951, 40.573994 ], [ -94.81995, 40.573756 ], [ -94.801475, 40.573387 ], [ -94.799887, 40.573363 ], [ -94.797443, 40.573326 ], [ -94.773895, 40.573105 ], [ -94.768193, 40.573071 ], [ -94.754694, 40.572792 ], [ -94.750042, 40.572795 ], [ -94.733256, 40.572564 ], [ -94.72212, 40.572419 ], [ -94.714512, 40.572325 ], [ -94.697806, 40.572105 ], [ -94.688353, 40.571996 ], [ -94.687087, 40.571968 ], [ -94.674848, 40.571803 ], [ -94.661678, 40.571652 ], [ -94.642601, 40.571437 ], [ -94.62771, 40.571317 ], [ -94.622963, 40.571289 ], [ -94.604701, 40.571113 ], [ -94.594196, 40.57096 ], [ -94.585766, 40.57094 ], [ -94.577727, 40.570918 ], [ -94.566853, 40.570881 ], [ -94.552281, 40.57084 ], [ -94.547405, 40.57082 ], [ -94.541648, 40.570825 ], [ -94.540272, 40.570854 ], [ -94.537848, 40.570836 ], [ -94.529166, 40.57086 ], [ -94.528929, 40.57086 ], [ -94.50943, 40.57093 ], [ -94.490435, 40.571005 ], [ -94.489109, 40.570706 ], [ -94.482994, 40.570728 ], [ -94.471213, 40.570825 ], [ -94.470541, 40.571022 ], [ -94.46047, 40.571101 ], [ -94.457866, 40.570924 ], [ -94.443202, 40.570983 ], [ -94.432654, 40.571029 ], [ -94.429668, 40.571236 ], [ -94.422342, 40.571317 ], [ -94.405815, 40.571291 ], [ -94.405541, 40.571294 ], [ -94.396745, 40.571331 ], [ -94.389203, 40.571453 ], [ -94.38401, 40.571279 ], [ -94.375009, 40.571396 ], [ -94.372032, 40.571252 ], [ -94.358391, 40.571371 ], [ -94.355216, 40.571373 ], [ -94.336763, 40.57153 ], [ -94.324711, 40.571542 ], [ -94.311602, 40.571647 ], [ -94.305829, 40.57156 ], [ -94.304554, 40.571422 ], [ -94.294671, 40.571428 ], [ -94.29417, 40.571656 ], [ -94.28745, 40.571661 ], [ -94.282994, 40.571469 ], [ -94.270456, 40.571531 ], [ -94.269827, 40.571597 ], [ -94.25509, 40.571693 ], [ -94.24315, 40.571845 ], [ -94.234023, 40.57189 ], [ -94.199871, 40.572168 ], [ -94.175618, 40.572406 ], [ -94.155089, 40.572574 ], [ -94.130131, 40.572754 ], [ -94.119946, 40.572904 ], [ -94.110406, 40.572901 ], [ -94.083542, 40.573033 ], [ -94.080122, 40.57316 ], [ -94.07214, 40.573026 ], [ -94.046656, 40.573426 ], [ -94.034211, 40.573585 ], [ -94.02663, 40.57371 ], [ -94.015492, 40.573914 ], [ -94.015481, 40.580519 ], [ -94.01548, 40.581227 ], [ -94.015465, 40.591117 ], [ -94.015459, 40.594979 ], [ -94.015413, 40.620363 ], [ -94.015394, 40.623904 ], [ -94.015203, 40.625023 ], [ -94.015219, 40.631215 ], [ -94.015239, 40.638389 ], [ -94.01524, 40.639424 ], [ -94.015369, 40.64922 ], [ -94.015326, 40.652856 ], [ -94.015352, 40.65743 ], [ -94.015363, 40.667355 ], [ -94.01528, 40.669012 ], [ -94.015384, 40.669859 ], [ -94.015379, 40.681772 ], [ -94.015362, 40.687369 ], [ -94.015332, 40.692658 ], [ -94.015317, 40.694341 ], [ -94.015284, 40.696286 ], [ -94.01529, 40.710713 ], [ -94.015368, 40.717674 ], [ -94.015423, 40.724653 ], [ -94.015388, 40.7478 ], [ -94.015387, 40.748862 ], [ -94.015395, 40.75698 ], [ -94.015343, 40.763967 ], [ -94.015281, 40.775358 ], [ -94.015339, 40.780288 ], [ -94.01528, 40.796553 ], [ -94.015301, 40.810582 ], [ -94.015299, 40.810846 ], [ -94.015308, 40.823175 ], [ -94.015323, 40.825146 ], [ -94.015104, 40.839459 ], [ -94.014924, 40.86707 ], [ -94.014759, 40.874994 ], [ -94.014772, 40.882058 ], [ -94.014773, 40.882821 ], [ -94.014803, 40.897031 ], [ -94.014811, 40.900839 ], [ -94.014863, 40.904228 ], [ -94.014748, 40.911483 ], [ -94.014783, 40.925893 ], [ -94.014816, 40.940306 ], [ -94.014831, 40.945804 ], [ -94.014821, 40.962067 ], [ -94.014855, 40.969177 ], [ -94.014878, 40.983712 ], [ -94.024954, 40.983732 ], [ -94.028923, 40.983783 ], [ -94.03619, 40.983746 ], [ -94.043236, 40.983726 ], [ -94.047935, 40.98376 ], [ -94.067404, 40.983866 ], [ -94.074608, 40.983844 ], [ -94.081259, 40.983855 ], [ -94.083829, 40.983917 ], [ -94.104978, 40.983919 ], [ -94.128795, 40.984026 ], [ -94.138896, 40.983983 ], [ -94.144863, 40.984055 ], [ -94.152695, 40.984097 ], [ -94.167011, 40.984104 ], [ -94.169349, 40.984114 ], [ -94.181953, 40.984143 ], [ -94.206776, 40.984177 ], [ -94.21774, 40.984221 ], [ -94.223833, 40.984199 ], [ -94.234688, 40.984156 ], [ -94.242338, 40.984232 ], [ -94.252931, 40.984368 ], [ -94.261367, 40.984435 ], [ -94.265043, 40.984472 ], [ -94.270894, 40.984533 ], [ -94.27556, 40.984595 ], [ -94.296124, 40.984765 ], [ -94.299475, 40.984781 ], [ -94.30837, 40.984822 ], [ -94.309007, 40.984832 ], [ -94.318558, 40.984906 ], [ -94.328084, 40.984924 ], [ -94.330343, 40.984923 ], [ -94.334531, 40.984931 ], [ -94.337597, 40.984934 ], [ -94.345107, 40.984763 ], [ -94.354265, 40.984555 ], [ -94.354407, 40.984961 ], [ -94.356998, 40.984949 ], [ -94.357021, 40.988375 ], [ -94.357091, 40.999398 ], [ -94.357014, 41.00658 ], [ -94.356997, 41.009504 ], [ -94.356975, 41.01611 ], [ -94.35689, 41.0282 ], [ -94.356831, 41.035431 ], [ -94.356813, 41.039967 ], [ -94.356787, 41.042744 ], [ -94.362587, 41.042768 ], [ -94.375735, 41.042948 ], [ -94.378979, 41.042938 ], [ -94.37903, 41.042938 ], [ -94.380333, 41.042926 ], [ -94.383901, 41.042937 ], [ -94.385226, 41.042956 ], [ -94.385215, 41.046978 ], [ -94.385217, 41.048905 ], [ -94.388079, 41.048208 ], [ -94.390455, 41.047047 ], [ -94.394251, 41.046619 ], [ -94.394711, 41.047928 ], [ -94.394698, 41.050211 ], [ -94.388811, 41.050158 ], [ -94.388526, 41.051951 ], [ -94.387305, 41.053437 ], [ -94.385141, 41.055042 ], [ -94.385144, 41.057344 ], [ -94.385138, 41.059337 ], [ -94.385138, 41.060689 ], [ -94.385198, 41.06451 ], [ -94.385212, 41.064981 ], [ -94.385231, 41.06587 ], [ -94.385247, 41.066802 ], [ -94.385296, 41.068169 ], [ -94.386575, 41.068176 ], [ -94.38656, 41.069147 ], [ -94.385325, 41.069137 ], [ -94.385394, 41.071182 ], [ -94.392635, 41.071222 ], [ -94.402879, 41.071294 ], [ -94.4044, 41.071296 ], [ -94.411639, 41.07136 ], [ -94.413958, 41.071361 ], [ -94.421877, 41.071353 ], [ -94.433048, 41.071335 ], [ -94.434971, 41.071345 ], [ -94.443087, 41.071417 ], [ -94.452182, 41.071409 ], [ -94.452181, 41.071351 ], [ -94.453454, 41.071404 ], [ -94.470529, 41.0714 ], [ -94.470621, 41.085818 ], [ -94.470558, 41.100222 ], [ -94.47056, 41.107076 ], [ -94.470504, 41.114946 ], [ -94.470711, 41.12904 ], [ -94.470637, 41.138786 ], [ -94.470666, 41.143492 ], [ -94.470603, 41.157566 ], [ -94.479865, 41.157585 ], [ -94.48975, 41.15758 ], [ -94.499269, 41.157624 ], [ -94.508869, 41.157657 ], [ -94.519059, 41.157699 ], [ -94.51941, 41.157871 ], [ -94.528069, 41.157829 ], [ -94.52831, 41.157732 ], [ -94.53752, 41.157747 ], [ -94.54711, 41.157802 ], [ -94.547455, 41.157806 ], [ -94.566238, 41.15783 ], [ -94.585358, 41.157886 ], [ -94.594779, 41.157847 ], [ -94.59713, 41.157952 ], [ -94.604384, 41.157919 ], [ -94.613959, 41.157901 ], [ -94.623463, 41.157897 ], [ -94.630337, 41.157949 ], [ -94.63304, 41.157801 ], [ -94.637795, 41.15778 ], [ -94.638251, 41.157901 ], [ -94.652112, 41.157959 ], [ -94.661892, 41.157953 ], [ -94.675988, 41.158068 ], [ -94.683372, 41.158076 ], [ -94.690389, 41.158079 ], [ -94.700589, 41.158085 ], [ -94.704982, 41.157903 ], [ -94.716291, 41.157991 ], [ -94.719451, 41.158094 ], [ -94.728957, 41.158125 ], [ -94.738479, 41.158165 ], [ -94.747999, 41.158163 ], [ -94.757479, 41.157991 ], [ -94.757481, 41.158186 ], [ -94.776577, 41.158262 ], [ -94.795865, 41.15824 ], [ -94.81495, 41.158392 ], [ -94.834081, 41.158453 ], [ -94.853213, 41.158465 ], [ -94.866062, 41.158448 ], [ -94.872398, 41.158446 ], [ -94.901127, 41.158473 ], [ -94.909863, 41.15847 ], [ -94.910699, 41.158424 ], [ -94.916512, 41.15848 ], [ -94.927587, 41.158508 ], [ -94.927609, 41.151719 ], [ -94.927616, 41.14987 ], [ -94.927632, 41.144596 ], [ -94.927632, 41.144396 ], [ -94.927576, 41.137294 ], [ -94.927501, 41.129954 ], [ -94.92756, 41.123259 ], [ -94.927481, 41.115663 ], [ -94.927564, 41.1073 ], [ -94.927584, 41.101474 ], [ -94.927464, 41.099516 ], [ -94.927574, 41.086627 ], [ -94.927684, 41.072318 ], [ -94.927683, 41.066023 ], [ -94.92768, 41.058995 ], [ -94.927684, 41.051711 ], [ -94.92784, 41.029968 ], [ -94.927856, 41.023075 ], [ -94.927837, 41.015923 ], [ -94.927864, 41.00849 ], [ -94.927733, 41.005595 ], [ -94.927883, 41.001057 ], [ -94.928179, 40.988401 ], [ -94.928041, 40.98621 ] ] ] ] } },
{ "type": "Feature", "properties": { "id": 46, "NAME": "46", "TotalPop": 31305, "PopDevPct": -0.01876554, "DemPct": 0.29232636, "RepPct": 0.68971793, "WhitePct": 0.94511467, "MinorityPct": 0.05488533, "BlackPct": 0.00955244, "HispanicPct": 0.02042245, "PacificPct": 0.00255281, "AsianPct": 0.00477622, "NativePct": 0.01445218, "TotalVAP": 24287, "Margin": -0.39739157, "color": "#960018", "opacity": "0.5", "DemPct2": 0.3102116, "RepPct2": 0.67362102, "Margin2": -0.36340942, "Swing": -0.03398215, "R_Margin": -0.2691083532, "R_Margin2": -0.2859562331000001, "R_Swing": 0.0168478799, "Majority": "White" }, "geometry": { "type": "MultiPolygon", "coordinates": [ [ [ [ -95.155284, 41.331878 ], [ -95.155336, 41.328071 ], [ -95.155155, 41.327897 ], [ -95.155114, 41.322106 ], [ -95.15523, 41.317268 ], [ -95.155368, 41.310018 ], [ -95.155333, 41.303231 ], [ -95.155499, 41.302768 ], [ -95.155338, 41.302199 ], [ -95.15541, 41.291941 ], [ -95.155484, 41.288639 ], [ -95.15498, 41.274898 ], [ -95.154959, 41.270145 ], [ -95.155037, 41.257627 ], [ -95.155089, 41.252082 ], [ -95.155373, 41.245034 ], [ -95.155483, 41.234786 ], [ -95.155596, 41.218747 ], [ -95.155348, 41.21875 ], [ -95.155325, 41.217341 ], [ -95.155499, 41.213054 ], [ -95.155575, 41.212742 ], [ -95.155664, 41.19542 ], [ -95.155744, 41.188204 ], [ -95.155704, 41.173684 ], [ -95.155851, 41.159236 ], [ -95.146959, 41.15913 ], [ -95.137356, 41.159104 ], [ -95.127767, 41.159068 ], [ -95.099042, 41.15896 ], [ -95.089411, 41.158937 ], [ -95.082076, 41.158957 ], [ -95.060682, 41.158808 ], [ -95.041485, 41.158725 ], [ -95.033436, 41.158573 ], [ -95.030134, 41.158479 ], [ -95.027778, 41.158651 ], [ -95.022988, 41.158652 ], [ -95.018189, 41.158626 ], [ -95.013434, 41.158594 ], [ -95.009386, 41.158571 ], [ -95.003867, 41.158551 ], [ -94.984891, 41.158475 ], [ -94.976142, 41.15843 ], [ -94.964393, 41.158248 ], [ -94.958532, 41.158298 ], [ -94.946618, 41.158343 ], [ -94.937, 41.158388 ], [ -94.936738, 41.158516 ], [ -94.927587, 41.158508 ], [ -94.916512, 41.15848 ], [ -94.910699, 41.158424 ], [ -94.909863, 41.15847 ], [ -94.901127, 41.158473 ], [ -94.872398, 41.158446 ], [ -94.866062, 41.158448 ], [ -94.853213, 41.158465 ], [ -94.834081, 41.158453 ], [ -94.81495, 41.158392 ], [ -94.795865, 41.15824 ], [ -94.776577, 41.158262 ], [ -94.757481, 41.158186 ], [ -94.757479, 41.157991 ], [ -94.747999, 41.158163 ], [ -94.738479, 41.158165 ], [ -94.728957, 41.158125 ], [ -94.719451, 41.158094 ], [ -94.716291, 41.157991 ], [ -94.704982, 41.157903 ], [ -94.700589, 41.158085 ], [ -94.690389, 41.158079 ], [ -94.683372, 41.158076 ], [ -94.675988, 41.158068 ], [ -94.661892, 41.157953 ], [ -94.652112, 41.157959 ], [ -94.638251, 41.157901 ], [ -94.637795, 41.15778 ], [ -94.63304, 41.157801 ], [ -94.630337, 41.157949 ], [ -94.623463, 41.157897 ], [ -94.613959, 41.157901 ], [ -94.604384, 41.157919 ], [ -94.59713, 41.157952 ], [ -94.594779, 41.157847 ], [ -94.585358, 41.157886 ], [ -94.566238, 41.15783 ], [ -94.547455, 41.157806 ], [ -94.54711, 41.157802 ], [ -94.53752, 41.157747 ], [ -94.52831, 41.157732 ], [ -94.528069, 41.157829 ], [ -94.51941, 41.157871 ], [ -94.519059, 41.157699 ], [ -94.508869, 41.157657 ], [ -94.499269, 41.157624 ], [ -94.48975, 41.15758 ], [ -94.479865, 41.157585 ], [ -94.470603, 41.157566 ], [ -94.470666, 41.143492 ], [ -94.470637, 41.138786 ], [ -94.470711, 41.12904 ], [ -94.470504, 41.114946 ], [ -94.47056, 41.107076 ], [ -94.470558, 41.100222 ], [ -94.470621, 41.085818 ], [ -94.470529, 41.0714 ], [ -94.453454, 41.071404 ], [ -94.452181, 41.071351 ], [ -94.452182, 41.071409 ], [ -94.443087, 41.071417 ], [ -94.434971, 41.071345 ], [ -94.433048, 41.071335 ], [ -94.421877, 41.071353 ], [ -94.413958, 41.071361 ], [ -94.411639, 41.07136 ], [ -94.4044, 41.071296 ], [ -94.402879, 41.071294 ], [ -94.392635, 41.071222 ], [ -94.385394, 41.071182 ], [ -94.385325, 41.069137 ], [ -94.38656, 41.069147 ], [ -94.386575, 41.068176 ], [ -94.385296, 41.068169 ], [ -94.385247, 41.066802 ], [ -94.385231, 41.06587 ], [ -94.385212, 41.064981 ], [ -94.385198, 41.06451 ], [ -94.385138, 41.060689 ], [ -94.385138, 41.059337 ], [ -94.385144, 41.057344 ], [ -94.385141, 41.055042 ], [ -94.387305, 41.053437 ], [ -94.388526, 41.051951 ], [ -94.388811, 41.050158 ], [ -94.394698, 41.050211 ], [ -94.394711, 41.047928 ], [ -94.394251, 41.046619 ], [ -94.390455, 41.047047 ], [ -94.388079, 41.048208 ], [ -94.385217, 41.048905 ], [ -94.385215, 41.046978 ], [ -94.385226, 41.042956 ], [ -94.383901, 41.042937 ], [ -94.380333, 41.042926 ], [ -94.37903, 41.042938 ], [ -94.378979, 41.042938 ], [ -94.375735, 41.042948 ], [ -94.362587, 41.042768 ], [ -94.356787, 41.042744 ], [ -94.356813, 41.039967 ], [ -94.356831, 41.035431 ], [ -94.35689, 41.0282 ], [ -94.356975, 41.01611 ], [ -94.356997, 41.009504 ], [ -94.357014, 41.00658 ], [ -94.357091, 40.999398 ], [ -94.357021, 40.988375 ], [ -94.356998, 40.984949 ], [ -94.354407, 40.984961 ], [ -94.354265, 40.984555 ], [ -94.345107, 40.984763 ], [ -94.337597, 40.984934 ], [ -94.334531, 40.984931 ], [ -94.330343, 40.984923 ], [ -94.328084, 40.984924 ], [ -94.318558, 40.984906 ], [ -94.309007, 40.984832 ], [ -94.30837, 40.984822 ], [ -94.299475, 40.984781 ], [ -94.296124, 40.984765 ], [ -94.27556, 40.984595 ], [ -94.270894, 40.984533 ], [ -94.265043, 40.984472 ], [ -94.261367, 40.984435 ], [ -94.252931, 40.984368 ], [ -94.242338, 40.984232 ], [ -94.234688, 40.984156 ], [ -94.223833, 40.984199 ], [ -94.21774, 40.984221 ], [ -94.206776, 40.984177 ], [ -94.181953, 40.984143 ], [ -94.169349, 40.984114 ], [ -94.167011, 40.984104 ], [ -94.152695, 40.984097 ], [ -94.144863, 40.984055 ], [ -94.138896, 40.983983 ], [ -94.128795, 40.984026 ], [ -94.104978, 40.983919 ], [ -94.083829, 40.983917 ], [ -94.081259, 40.983855 ], [ -94.074608, 40.983844 ], [ -94.067404, 40.983866 ], [ -94.047935, 40.98376 ], [ -94.043236, 40.983726 ], [ -94.03619, 40.983746 ], [ -94.028923, 40.983783 ], [ -94.024954, 40.983732 ], [ -94.014878, 40.983712 ], [ -94.014887, 40.997986 ], [ -94.01461, 41.002549 ], [ -94.014587, 41.003998 ], [ -94.014573, 41.015923 ], [ -94.014575, 41.017495 ], [ -94.014552, 41.026693 ], [ -94.014494, 41.033855 ], [ -94.014495, 41.033911 ], [ -94.014517, 41.037533 ], [ -94.014481, 41.051992 ], [ -94.014543, 41.056163 ], [ -94.014417, 41.065309 ], [ -94.014415, 41.070237 ], [ -94.014317, 41.082345 ], [ -94.014385, 41.084644 ], [ -94.014495, 41.085023 ], [ -94.014463, 41.09912 ], [ -94.014429, 41.106561 ], [ -94.014443, 41.113497 ], [ -94.014436, 41.113642 ], [ -94.014365, 41.120825 ], [ -94.014345, 41.128053 ], [ -94.014299, 41.142392 ], [ -94.014189, 41.156762 ], [ -94.023796, 41.15678 ], [ -94.033461, 41.156712 ], [ -94.047668, 41.156735 ], [ -94.050618, 41.156736 ], [ -94.071652, 41.156681 ], [ -94.080894, 41.156768 ], [ -94.090481, 41.156771 ], [ -94.1096, 41.156852 ], [ -94.12786, 41.15684 ], [ -94.142111, 41.156809 ], [ -94.147072, 41.156797 ], [ -94.161456, 41.157031 ], [ -94.166002, 41.157052 ], [ -94.171143, 41.156918 ], [ -94.179403, 41.15672 ], [ -94.181663, 41.156663 ], [ -94.184979, 41.157012 ], [ -94.203903, 41.157039 ], [ -94.207346, 41.157055 ], [ -94.222967, 41.157018 ], [ -94.237093, 41.157129 ], [ -94.241637, 41.157134 ], [ -94.241589, 41.165113 ], [ -94.241608, 41.180571 ], [ -94.241612, 41.185936 ], [ -94.241579, 41.189691 ], [ -94.241599, 41.200388 ], [ -94.241626, 41.214819 ], [ -94.241608, 41.225447 ], [ -94.241705, 41.243738 ], [ -94.241698, 41.25816 ], [ -94.241581, 41.272546 ], [ -94.241578, 41.273535 ], [ -94.241455, 41.280138 ], [ -94.241486, 41.287093 ], [ -94.241579, 41.293871 ], [ -94.241553, 41.298241 ], [ -94.241563, 41.3016 ], [ -94.241586, 41.309365 ], [ -94.241486, 41.310357 ], [ -94.241422, 41.315843 ], [ -94.241409, 41.329518 ], [ -94.241392, 41.330504 ], [ -94.241364, 41.332258 ], [ -94.241428, 41.336089 ], [ -94.241475, 41.337764 ], [ -94.241506, 41.341268 ], [ -94.241504, 41.341391 ], [ -94.24145, 41.344886 ], [ -94.24147, 41.355773 ], [ -94.241482, 41.359376 ], [ -94.24152, 41.370194 ], [ -94.24147, 41.373755 ], [ -94.241468, 41.37383 ], [ -94.241454, 41.38821 ], [ -94.241455, 41.388362 ], [ -94.241551, 41.393332 ], [ -94.241393, 41.402738 ], [ -94.241358, 41.405939 ], [ -94.241304, 41.411263 ], [ -94.241532, 41.417118 ], [ -94.241705, 41.422703 ], [ -94.241498, 41.43165 ], [ -94.241515, 41.446071 ], [ -94.241448, 41.460543 ], [ -94.241484, 41.467719 ], [ -94.241457, 41.475067 ], [ -94.241475, 41.481672 ], [ -94.241517, 41.489519 ], [ -94.241555, 41.493323 ], [ -94.241556, 41.49352 ], [ -94.241593, 41.503679 ], [ -94.260755, 41.503658 ], [ -94.273356, 41.503634 ], [ -94.274449, 41.503751 ], [ -94.280053, 41.503659 ], [ -94.294335, 41.503685 ], [ -94.299155, 41.50368 ], [ -94.306193, 41.503695 ], [ -94.308902, 41.503689 ], [ -94.30939, 41.503693 ], [ -94.312205, 41.503686 ], [ -94.312819, 41.503691 ], [ -94.31417, 41.503688 ], [ -94.315599, 41.50368 ], [ -94.316996, 41.503685 ], [ -94.318352, 41.503684 ], [ -94.319734, 41.503682 ], [ -94.320447, 41.503685 ], [ -94.321144, 41.503679 ], [ -94.321816, 41.503679 ], [ -94.322497, 41.503659 ], [ -94.326452, 41.503699 ], [ -94.327956, 41.503733 ], [ -94.328174, 41.503747 ], [ -94.32943, 41.503693 ], [ -94.337647, 41.503641 ], [ -94.356711, 41.503664 ], [ -94.356763, 41.503664 ], [ -94.375978, 41.503662 ], [ -94.395142, 41.503709 ], [ -94.397898, 41.503695 ], [ -94.414327, 41.503754 ], [ -94.434097, 41.50381 ], [ -94.452662, 41.503822 ], [ -94.471088, 41.50381 ], [ -94.488166, 41.503817 ], [ -94.488695, 41.503797 ], [ -94.499485, 41.503773 ], [ -94.514106, 41.503849 ], [ -94.51759, 41.50365 ], [ -94.519246, 41.50364 ], [ -94.522534, 41.503658 ], [ -94.524328, 41.503827 ], [ -94.528515, 41.503683 ], [ -94.52857, 41.503621 ], [ -94.547718, 41.503755 ], [ -94.566799, 41.503845 ], [ -94.585896, 41.503938 ], [ -94.605208, 41.503984 ], [ -94.607123, 41.504001 ], [ -94.624235, 41.503998 ], [ -94.627662, 41.50396 ], [ -94.629028, 41.503957 ], [ -94.641146, 41.50391 ], [ -94.642532, 41.50394 ], [ -94.643406, 41.503978 ], [ -94.646015, 41.503978 ], [ -94.648153, 41.503991 ], [ -94.653, 41.50405 ], [ -94.656306, 41.504073 ], [ -94.657816, 41.504078 ], [ -94.681699, 41.504092 ], [ -94.700629, 41.504148 ], [ -94.719778, 41.504164 ], [ -94.724554, 41.504201 ], [ -94.738883, 41.504245 ], [ -94.758057, 41.50425 ], [ -94.76009, 41.504317 ], [ -94.767452, 41.504281 ], [ -94.774711, 41.504265 ], [ -94.777283, 41.504294 ], [ -94.779074, 41.50428 ], [ -94.808143, 41.504341 ], [ -94.815826, 41.50442 ], [ -94.835067, 41.5044 ], [ -94.85117, 41.504419 ], [ -94.853274, 41.504584 ], [ -94.868743, 41.504586 ], [ -94.875261, 41.504518 ], [ -94.892845, 41.504473 ], [ -94.897768, 41.504492 ], [ -94.901518, 41.50452 ], [ -94.9121, 41.504522 ], [ -94.92638, 41.504524 ], [ -94.93338, 41.504571 ], [ -94.943659, 41.504601 ], [ -94.943697, 41.504601 ], [ -94.945629, 41.504603 ], [ -94.955337, 41.504615 ], [ -94.984254, 41.504648 ], [ -94.993847, 41.504593 ], [ -95.003555, 41.50464 ], [ -95.02104, 41.504665 ], [ -95.022848, 41.504667 ], [ -95.04077, 41.50469 ], [ -95.060079, 41.504789 ], [ -95.079372, 41.504933 ], [ -95.084368, 41.504972 ], [ -95.098714, 41.504983 ], [ -95.108377, 41.505042 ], [ -95.117978, 41.505058 ], [ -95.132723, 41.505121 ], [ -95.137347, 41.505152 ], [ -95.154722, 41.505211 ], [ -95.154634, 41.501317 ], [ -95.155293, 41.500035 ], [ -95.155291, 41.498398 ], [ -95.155289, 41.498196 ], [ -95.155222, 41.490737 ], [ -95.155146, 41.479873 ], [ -95.155126, 41.47623 ], [ -95.155053, 41.465457 ], [ -95.155003, 41.458077 ], [ -95.154926, 41.447193 ], [ -95.154905, 41.443578 ], [ -95.15485, 41.433871 ], [ -95.154836, 41.432574 ], [ -95.154744, 41.418292 ], [ -95.154711, 41.4135 ], [ -95.154647, 41.410938 ], [ -95.154653, 41.404061 ], [ -95.154617, 41.396921 ], [ -95.154614, 41.388455 ], [ -95.155316, 41.37513 ], [ -95.155295, 41.372175 ], [ -95.155661, 41.356965 ], [ -95.155506, 41.353377 ], [ -95.155239, 41.34933 ], [ -95.155376, 41.346207 ], [ -95.155162, 41.33897 ], [ -95.155284, 41.331878 ] ] ] ] } },
{ "type": "Feature", "properties": { "id": 47, "NAME": "47", "TotalPop": 33168, "PopDevPct": 0.03962896, "DemPct": 0.28449567, "RepPct": 0.70039721, "WhitePct": 0.82974425, "MinorityPct": 0.17025575, "BlackPct": 0.01870631, "HispanicPct": 0.12827765, "PacificPct": 0.00060604, "AsianPct": 0.01268636, "NativePct": 0.01288837, "TotalVAP": 24751, "Margin": -0.41590154, "color": "#960018", "opacity": "0.5", "DemPct2": 0.31197564, "RepPct2": 0.67590579, "Margin2": -0.36393015, "Swing": -0.05197139, "R_Margin": -0.2876183232, "R_Margin2": -0.2864769631, "R_Swing": -0.0011413601000001, "Majority": "White" }, "geometry": { "type": "MultiPolygon", "coordinates": [ [ [ [ -94.975249, 42.209936 ], [ -94.990567, 42.209995 ], [ -94.994683, 42.210019 ], [ -95.01411, 42.210172 ], [ -95.025246, 42.21025 ], [ -95.033495, 42.210272 ], [ -95.052864, 42.210326 ], [ -95.072265, 42.210415 ], [ -95.090851, 42.210405 ], [ -95.110304, 42.210599 ], [ -95.119755, 42.210627 ], [ -95.129673, 42.210638 ], [ -95.149045, 42.210728 ], [ -95.16336, 42.210796 ], [ -95.168398, 42.210827 ], [ -95.187661, 42.210791 ], [ -95.187901, 42.210791 ], [ -95.192101, 42.210811 ], [ -95.194212, 42.210822 ], [ -95.194444, 42.210823 ], [ -95.207045, 42.210885 ], [ -95.210545, 42.21088 ], [ -95.22647, 42.210867 ], [ -95.231432, 42.210845 ], [ -95.24567, 42.210773 ], [ -95.246273, 42.210773 ], [ -95.248311, 42.210895 ], [ -95.254779, 42.210796 ], [ -95.254866, 42.211016 ], [ -95.256837, 42.210764 ], [ -95.265264, 42.210755 ], [ -95.284678, 42.210807 ], [ -95.295674, 42.210851 ], [ -95.304046, 42.210884 ], [ -95.318857, 42.210925 ], [ -95.320269, 42.210799 ], [ -95.320846, 42.210628 ], [ -95.323039, 42.210933 ], [ -95.323497, 42.210932 ], [ -95.32816, 42.210906 ], [ -95.342769, 42.210824 ], [ -95.355369, 42.21083 ], [ -95.362167, 42.210854 ], [ -95.38157, 42.210862 ], [ -95.400992, 42.210743 ], [ -95.42043, 42.210736 ], [ -95.439395, 42.210701 ], [ -95.458879, 42.210786 ], [ -95.478297, 42.210786 ], [ -95.497715, 42.210798 ], [ -95.527332, 42.210886 ], [ -95.536605, 42.210951 ], [ -95.546009, 42.21094 ], [ -95.555382, 42.21093 ], [ -95.564995, 42.210947 ], [ -95.574593, 42.211042 ], [ -95.589232, 42.211005 ], [ -95.594239, 42.211071 ], [ -95.603767, 42.211092 ], [ -95.608789, 42.211106 ], [ -95.613668, 42.211118 ], [ -95.613739, 42.211118 ], [ -95.633285, 42.211196 ], [ -95.633574, 42.211205 ], [ -95.642985, 42.211259 ], [ -95.652718, 42.211321 ], [ -95.669752, 42.211273 ], [ -95.670822, 42.211408 ], [ -95.670692, 42.205253 ], [ -95.670583, 42.196874 ], [ -95.670639, 42.182392 ], [ -95.670721, 42.175114 ], [ -95.670823, 42.167883 ], [ -95.670825, 42.167529 ], [ -95.671032, 42.153444 ], [ -95.670898, 42.146238 ], [ -95.6709, 42.145492 ], [ -95.670894, 42.145253 ], [ -95.670898, 42.138985 ], [ -95.671036, 42.13882 ], [ -95.671102, 42.13186 ], [ -95.671155, 42.124497 ], [ -95.671397, 42.122487 ], [ -95.671241, 42.116935 ], [ -95.671322, 42.110024 ], [ -95.671654, 42.095518 ], [ -95.671782, 42.080987 ], [ -95.671714, 42.066466 ], [ -95.671941, 42.060833 ], [ -95.671706, 42.051941 ], [ -95.671699, 42.048814 ], [ -95.671701, 42.048705 ], [ -95.671563, 42.045441 ], [ -95.671607, 42.043296 ], [ -95.671683, 42.041585 ], [ -95.671751, 42.037435 ], [ -95.671689, 42.034531 ], [ -95.672207, 42.028787 ], [ -95.672098, 42.01741 ], [ -95.671875, 42.014607 ], [ -95.671902, 42.011753 ], [ -95.671891, 42.008353 ], [ -95.671913, 41.994858 ], [ -95.672163, 41.994098 ], [ -95.672011, 41.993886 ], [ -95.671929, 41.985452 ], [ -95.672032, 41.980574 ], [ -95.671989, 41.972628 ], [ -95.672073, 41.964822 ], [ -95.672109, 41.961264 ], [ -95.672152, 41.950315 ], [ -95.67222, 41.943327 ], [ -95.672103, 41.937954 ], [ -95.672253, 41.935656 ], [ -95.672422, 41.921107 ], [ -95.67251, 41.909658 ], [ -95.672508, 41.909327 ], [ -95.67253, 41.895719 ], [ -95.67252, 41.894197 ], [ -95.672618, 41.88489 ], [ -95.672456, 41.883474 ], [ -95.67255, 41.877574 ], [ -95.672708, 41.877321 ], [ -95.672596, 41.867295 ], [ -95.672771, 41.863147 ], [ -95.666656, 41.863235 ], [ -95.626954, 41.863275 ], [ -95.622841, 41.863275 ], [ -95.611433, 41.863309 ], [ -95.602755, 41.863309 ], [ -95.59807, 41.863303 ], [ -95.59765, 41.863303 ], [ -95.596074, 41.8633 ], [ -95.595997, 41.8633 ], [ -95.589534, 41.863307 ], [ -95.569022, 41.863424 ], [ -95.561292, 41.863358 ], [ -95.557277, 41.863449 ], [ -95.550475, 41.863517 ], [ -95.537509, 41.863536 ], [ -95.51316, 41.863472 ], [ -95.493829, 41.863374 ], [ -95.491979, 41.863367 ], [ -95.479224, 41.863279 ], [ -95.478654, 41.863284 ], [ -95.459662, 41.863164 ], [ -95.45336, 41.863262 ], [ -95.440528, 41.863236 ], [ -95.429065, 41.863273 ], [ -95.424177, 41.863222 ], [ -95.408946, 41.863314 ], [ -95.402205, 41.863538 ], [ -95.392545, 41.863601 ], [ -95.383285, 41.863673 ], [ -95.38299, 41.863798 ], [ -95.374523, 41.863841 ], [ -95.373224, 41.863846 ], [ -95.366497, 41.863881 ], [ -95.363659, 41.86385 ], [ -95.353796, 41.863948 ], [ -95.349071, 41.863997 ], [ -95.344189, 41.863999 ], [ -95.333402, 41.86412 ], [ -95.32484, 41.864121 ], [ -95.324813, 41.8641 ], [ -95.324076, 41.864182 ], [ -95.305511, 41.86413 ], [ -95.303456, 41.864126 ], [ -95.302131, 41.864123 ], [ -95.292351, 41.864081 ], [ -95.286203, 41.864028 ], [ -95.266866, 41.863841 ], [ -95.247645, 41.863914 ], [ -95.228325, 41.863809 ], [ -95.209023, 41.863709 ], [ -95.198727, 41.863565 ], [ -95.189301, 41.86352 ], [ -95.188738, 41.863521 ], [ -95.17014, 41.863477 ], [ -95.150791, 41.863516 ], [ -95.131438, 41.863513 ], [ -95.12071, 41.863474 ], [ -95.112109, 41.863356 ], [ -95.092861, 41.863374 ], [ -95.09293, 41.874456 ], [ -95.092944, 41.877806 ], [ -95.093084, 41.882501 ], [ -95.092935, 41.892223 ], [ -95.092797, 41.898784 ], [ -95.092794, 41.90662 ], [ -95.092787, 41.909638 ], [ -95.092654, 41.920971 ], [ -95.092641, 41.935386 ], [ -95.092544, 41.950801 ], [ -95.073064, 41.950693 ], [ -95.05381, 41.950658 ], [ -95.034518, 41.950568 ], [ -95.027004, 41.950541 ], [ -95.015208, 41.950499 ], [ -94.995842, 41.950424 ], [ -94.97653, 41.950365 ], [ -94.95683, 41.950303 ], [ -94.947296, 41.950274 ], [ -94.937478, 41.95024 ], [ -94.928072, 41.950204 ], [ -94.918169, 41.950151 ], [ -94.898836, 41.950079 ], [ -94.890488, 41.950028 ], [ -94.879505, 41.94998 ], [ -94.866671, 41.950011 ], [ -94.860212, 41.949818 ], [ -94.842089, 41.949835 ], [ -94.822747, 41.949895 ], [ -94.803438, 41.949882 ], [ -94.784054, 41.949682 ], [ -94.771389, 41.94974 ], [ -94.76462, 41.949794 ], [ -94.756053, 41.949841 ], [ -94.745449, 41.950078 ], [ -94.744567, 41.949967 ], [ -94.736136, 41.95015 ], [ -94.726062, 41.950112 ], [ -94.716357, 41.950143 ], [ -94.687373, 41.950213 ], [ -94.668019, 41.950272 ], [ -94.64867, 41.950331 ], [ -94.629347, 41.950329 ], [ -94.629345, 41.950505 ], [ -94.629273, 41.964769 ], [ -94.629235, 41.968464 ], [ -94.629214, 41.979231 ], [ -94.629218, 41.993657 ], [ -94.62917, 42.008104 ], [ -94.629164, 42.022538 ], [ -94.629133, 42.028571 ], [ -94.629147, 42.034635 ], [ -94.629116, 42.038536 ], [ -94.629117, 42.039265 ], [ -94.629112, 42.042741 ], [ -94.629098, 42.049032 ], [ -94.629051, 42.053244 ], [ -94.628955, 42.063479 ], [ -94.628947, 42.077882 ], [ -94.628952, 42.084725 ], [ -94.62896, 42.085063 ], [ -94.628921, 42.091798 ], [ -94.628925, 42.092119 ], [ -94.628952, 42.097093 ], [ -94.628956, 42.106583 ], [ -94.628983, 42.113747 ], [ -94.629003, 42.122963 ], [ -94.628996, 42.130158 ], [ -94.628973, 42.137385 ], [ -94.628988, 42.15183 ], [ -94.629077, 42.157494 ], [ -94.629032, 42.159067 ], [ -94.628961, 42.166267 ], [ -94.62881, 42.180689 ], [ -94.628812, 42.195132 ], [ -94.628806, 42.209396 ], [ -94.645024, 42.209427 ], [ -94.648259, 42.209542 ], [ -94.667486, 42.209537 ], [ -94.674807, 42.209658 ], [ -94.686947, 42.209492 ], [ -94.696852, 42.209456 ], [ -94.69934, 42.209605 ], [ -94.706412, 42.209598 ], [ -94.70802, 42.209673 ], [ -94.725798, 42.209609 ], [ -94.744903, 42.209523 ], [ -94.750258, 42.209332 ], [ -94.754779, 42.209461 ], [ -94.774198, 42.20966 ], [ -94.780059, 42.209669 ], [ -94.783847, 42.209681 ], [ -94.803304, 42.209752 ], [ -94.822743, 42.209691 ], [ -94.841592, 42.209764 ], [ -94.858412, 42.209692 ], [ -94.877836, 42.209789 ], [ -94.89727, 42.209793 ], [ -94.916708, 42.209856 ], [ -94.936146, 42.209841 ], [ -94.955616, 42.209839 ], [ -94.975249, 42.209936 ] ] ] ] } },
{ "type": "Feature", "properties": { "id": 48, "NAME": "48", "TotalPop": 32160, "PopDevPct": 0.00803387, "DemPct": 0.28730201, "RepPct": 0.69632215, "WhitePct": 0.95193543, "MinorityPct": 0.04806457, "BlackPct": 0.00457758, "HispanicPct": 0.02039833, "PacificPct": 0.00128493, "AsianPct": 0.00453742, "NativePct": 0.01276903, "TotalVAP": 24904, "Margin": -0.40902014, "color": "#960018", "opacity": "0.5", "DemPct2": 0.29861989, "RepPct2": 0.68368099, "Margin2": -0.3850611, "Swing": -0.02395904, "R_Margin": -0.2807369232, "R_Margin2": -0.3076079131000001, "R_Swing": 0.0268709899000001, "Majority": "White" }, "geometry": { "type": "MultiPolygon", "coordinates": [ [ [ [ -94.97653, 41.950365 ], [ -94.995842, 41.950424 ], [ -95.015208, 41.950499 ], [ -95.027004, 41.950541 ], [ -95.034518, 41.950568 ], [ -95.05381, 41.950658 ], [ -95.073064, 41.950693 ], [ -95.092544, 41.950801 ], [ -95.092641, 41.935386 ], [ -95.092654, 41.920971 ], [ -95.092787, 41.909638 ], [ -95.092794, 41.90662 ], [ -95.092797, 41.898784 ], [ -95.092935, 41.892223 ], [ -95.093084, 41.882501 ], [ -95.092944, 41.877806 ], [ -95.09293, 41.874456 ], [ -95.092861, 41.863374 ], [ -95.112109, 41.863356 ], [ -95.12071, 41.863474 ], [ -95.131438, 41.863513 ], [ -95.150791, 41.863516 ], [ -95.17014, 41.863477 ], [ -95.188738, 41.863521 ], [ -95.189301, 41.86352 ], [ -95.198727, 41.863565 ], [ -95.209023, 41.863709 ], [ -95.228325, 41.863809 ], [ -95.247645, 41.863914 ], [ -95.266866, 41.863841 ], [ -95.286203, 41.864028 ], [ -95.292351, 41.864081 ], [ -95.302131, 41.864123 ], [ -95.303456, 41.864126 ], [ -95.305511, 41.86413 ], [ -95.324076, 41.864182 ], [ -95.324813, 41.8641 ], [ -95.32484, 41.864121 ], [ -95.333402, 41.86412 ], [ -95.344189, 41.863999 ], [ -95.349071, 41.863997 ], [ -95.353796, 41.863948 ], [ -95.363659, 41.86385 ], [ -95.366497, 41.863881 ], [ -95.373224, 41.863846 ], [ -95.374523, 41.863841 ], [ -95.38299, 41.863798 ], [ -95.383285, 41.863673 ], [ -95.392545, 41.863601 ], [ -95.402205, 41.863538 ], [ -95.408946, 41.863314 ], [ -95.424177, 41.863222 ], [ -95.429065, 41.863273 ], [ -95.440528, 41.863236 ], [ -95.45336, 41.863262 ], [ -95.459662, 41.863164 ], [ -95.478654, 41.863284 ], [ -95.479224, 41.863279 ], [ -95.491979, 41.863367 ], [ -95.493829, 41.863374 ], [ -95.51316, 41.863472 ], [ -95.537509, 41.863536 ], [ -95.550475, 41.863517 ], [ -95.557277, 41.863449 ], [ -95.557144, 41.856242 ], [ -95.557186, 41.830819 ], [ -95.557194, 41.825744 ], [ -95.55721, 41.805452 ], [ -95.557233, 41.802862 ], [ -95.557195, 41.790894 ], [ -95.557345, 41.783641 ], [ -95.557356, 41.776396 ], [ -95.557361, 41.772363 ], [ -95.557363, 41.761478 ], [ -95.557042, 41.759057 ], [ -95.557417, 41.75726 ], [ -95.557368, 41.754444 ], [ -95.557366, 41.754212 ], [ -95.55739, 41.746926 ], [ -95.557512, 41.732427 ], [ -95.557521, 41.726102 ], [ -95.557603, 41.725186 ], [ -95.557715, 41.717929 ], [ -95.557789, 41.71236 ], [ -95.557602, 41.707032 ], [ -95.557735, 41.698181 ], [ -95.557725, 41.696283 ], [ -95.557805, 41.689168 ], [ -95.55786, 41.674829 ], [ -95.557847, 41.667599 ], [ -95.557892, 41.660304 ], [ -95.557862, 41.65876 ], [ -95.55786, 41.657937 ], [ -95.557893, 41.645835 ], [ -95.55792, 41.638704 ], [ -95.557953, 41.631375 ], [ -95.557948, 41.616866 ], [ -95.55796, 41.609751 ], [ -95.558143, 41.602383 ], [ -95.555696, 41.602318 ], [ -95.554498, 41.602375 ], [ -95.553394, 41.602402 ], [ -95.542004, 41.602297 ], [ -95.537978, 41.602348 ], [ -95.528337, 41.60232 ], [ -95.518568, 41.602333 ], [ -95.518247, 41.602331 ], [ -95.497793, 41.602333 ], [ -95.497998, 41.594376 ], [ -95.49794, 41.585605 ], [ -95.498027, 41.579005 ], [ -95.498027, 41.56392 ], [ -95.498121, 41.561017 ], [ -95.498077, 41.549473 ], [ -95.498086, 41.535012 ], [ -95.498023, 41.526155 ], [ -95.498087, 41.520537 ], [ -95.498082, 41.516457 ], [ -95.497997, 41.506074 ], [ -95.479908, 41.505993 ], [ -95.460629, 41.506059 ], [ -95.450973, 41.505998 ], [ -95.441376, 41.505892 ], [ -95.439528, 41.505897 ], [ -95.422153, 41.505865 ], [ -95.402843, 41.505835 ], [ -95.383612, 41.505847 ], [ -95.376279, 41.505785 ], [ -95.356283, 41.505816 ], [ -95.349789, 41.505785 ], [ -95.33691, 41.505774 ], [ -95.336707, 41.505773 ], [ -95.332208, 41.505759 ], [ -95.312349, 41.505757 ], [ -95.29934, 41.505766 ], [ -95.28868, 41.505673 ], [ -95.277114, 41.50572 ], [ -95.269357, 41.505672 ], [ -95.251084, 41.505672 ], [ -95.245797, 41.505599 ], [ -95.222206, 41.505488 ], [ -95.219141, 41.505482 ], [ -95.21826, 41.505457 ], [ -95.213069, 41.505447 ], [ -95.202894, 41.50537 ], [ -95.193277, 41.505335 ], [ -95.187902, 41.50531 ], [ -95.174034, 41.50527 ], [ -95.164171, 41.505231 ], [ -95.154722, 41.505211 ], [ -95.137347, 41.505152 ], [ -95.132723, 41.505121 ], [ -95.117978, 41.505058 ], [ -95.108377, 41.505042 ], [ -95.098714, 41.504983 ], [ -95.084368, 41.504972 ], [ -95.079372, 41.504933 ], [ -95.060079, 41.504789 ], [ -95.04077, 41.50469 ], [ -95.022848, 41.504667 ], [ -95.02104, 41.504665 ], [ -95.003555, 41.50464 ], [ -94.993847, 41.504593 ], [ -94.984254, 41.504648 ], [ -94.955337, 41.504615 ], [ -94.945629, 41.504603 ], [ -94.943697, 41.504601 ], [ -94.943659, 41.504601 ], [ -94.93338, 41.504571 ], [ -94.92638, 41.504524 ], [ -94.9121, 41.504522 ], [ -94.901518, 41.50452 ], [ -94.897768, 41.504492 ], [ -94.892845, 41.504473 ], [ -94.875261, 41.504518 ], [ -94.868743, 41.504586 ], [ -94.853274, 41.504584 ], [ -94.85117, 41.504419 ], [ -94.835067, 41.5044 ], [ -94.815826, 41.50442 ], [ -94.808143, 41.504341 ], [ -94.779074, 41.50428 ], [ -94.777283, 41.504294 ], [ -94.774711, 41.504265 ], [ -94.767452, 41.504281 ], [ -94.76009, 41.504317 ], [ -94.758057, 41.50425 ], [ -94.738883, 41.504245 ], [ -94.724554, 41.504201 ], [ -94.719778, 41.504164 ], [ -94.700629, 41.504148 ], [ -94.681699, 41.504092 ], [ -94.657816, 41.504078 ], [ -94.656306, 41.504073 ], [ -94.653, 41.50405 ], [ -94.648153, 41.503991 ], [ -94.646015, 41.503978 ], [ -94.643406, 41.503978 ], [ -94.642532, 41.50394 ], [ -94.641146, 41.50391 ], [ -94.629028, 41.503957 ], [ -94.627662, 41.50396 ], [ -94.624235, 41.503998 ], [ -94.607123, 41.504001 ], [ -94.605208, 41.503984 ], [ -94.585896, 41.503938 ], [ -94.566799, 41.503845 ], [ -94.547718, 41.503755 ], [ -94.52857, 41.503621 ], [ -94.528515, 41.503683 ], [ -94.524328, 41.503827 ], [ -94.522534, 41.503658 ], [ -94.519246, 41.50364 ], [ -94.51759, 41.50365 ], [ -94.514106, 41.503849 ], [ -94.499485, 41.503773 ], [ -94.488695, 41.503797 ], [ -94.488166, 41.503817 ], [ -94.471088, 41.50381 ], [ -94.452662, 41.503822 ], [ -94.434097, 41.50381 ], [ -94.414327, 41.503754 ], [ -94.397898, 41.503695 ], [ -94.395142, 41.503709 ], [ -94.375978, 41.503662 ], [ -94.356763, 41.503664 ], [ -94.356711, 41.503664 ], [ -94.337647, 41.503641 ], [ -94.32943, 41.503693 ], [ -94.328174, 41.503747 ], [ -94.327956, 41.503733 ], [ -94.326452, 41.503699 ], [ -94.322497, 41.503659 ], [ -94.321816, 41.503679 ], [ -94.321144, 41.503679 ], [ -94.320447, 41.503685 ], [ -94.319734, 41.503682 ], [ -94.318352, 41.503684 ], [ -94.316996, 41.503685 ], [ -94.315599, 41.50368 ], [ -94.31417, 41.503688 ], [ -94.312819, 41.503691 ], [ -94.312205, 41.503686 ], [ -94.30939, 41.503693 ], [ -94.308902, 41.503689 ], [ -94.306193, 41.503695 ], [ -94.299155, 41.50368 ], [ -94.294335, 41.503685 ], [ -94.280053, 41.503659 ], [ -94.274449, 41.503751 ], [ -94.273356, 41.503634 ], [ -94.260755, 41.503658 ], [ -94.241593, 41.503679 ], [ -94.241576, 41.509172 ], [ -94.24146, 41.509794 ], [ -94.241424, 41.517321 ], [ -94.241423, 41.517855 ], [ -94.241423, 41.518203 ], [ -94.24142, 41.521843 ], [ -94.241371, 41.561622 ], [ -94.241376, 41.564181 ], [ -94.241361, 41.576047 ], [ -94.241361, 41.586911 ], [ -94.241356, 41.600971 ], [ -94.249116, 41.601044 ], [ -94.264683, 41.601154 ], [ -94.274702, 41.601254 ], [ -94.280057, 41.601312 ], [ -94.280057, 41.60497 ], [ -94.279996, 41.614946 ], [ -94.279995, 41.615286 ], [ -94.279966, 41.622853 ], [ -94.280002, 41.62578 ], [ -94.279866, 41.626164 ], [ -94.279913, 41.63377 ], [ -94.279917, 41.637354 ], [ -94.279896, 41.644639 ], [ -94.279922, 41.645691 ], [ -94.279905, 41.651847 ], [ -94.280057, 41.666345 ], [ -94.280323, 41.680785 ], [ -94.280496, 41.688326 ], [ -94.280505, 41.702807 ], [ -94.280619, 41.717271 ], [ -94.28067, 41.731711 ], [ -94.280729, 41.74617 ], [ -94.280782, 41.76061 ], [ -94.280781, 41.766772 ], [ -94.280724, 41.776568 ], [ -94.280696, 41.790979 ], [ -94.280626, 41.805442 ], [ -94.280573, 41.819828 ], [ -94.280535, 41.834405 ], [ -94.28047, 41.848721 ], [ -94.280461, 41.853694 ], [ -94.28034, 41.862999 ], [ -94.289498, 41.86302 ], [ -94.295686, 41.862943 ], [ -94.30937, 41.863018 ], [ -94.310561, 41.862963 ], [ -94.32645, 41.863029 ], [ -94.338296, 41.86301 ], [ -94.357601, 41.863042 ], [ -94.361584, 41.863061 ], [ -94.367238, 41.863081 ], [ -94.386842, 41.863066 ], [ -94.396445, 41.863123 ], [ -94.406088, 41.863173 ], [ -94.415741, 41.863192 ], [ -94.435063, 41.863218 ], [ -94.449771, 41.863238 ], [ -94.454383, 41.863244 ], [ -94.46689, 41.863244 ], [ -94.473681, 41.863232 ], [ -94.478554, 41.863231 ], [ -94.483462, 41.863231 ], [ -94.492951, 41.863235 ], [ -94.507898, 41.863308 ], [ -94.512959, 41.863252 ], [ -94.53227, 41.863243 ], [ -94.551577, 41.863194 ], [ -94.570929, 41.86322 ], [ -94.599894, 41.863137 ], [ -94.613669, 41.862971 ], [ -94.628724, 41.862763 ], [ -94.628885, 41.870065 ], [ -94.629026, 41.877351 ], [ -94.629172, 41.88205 ], [ -94.629412, 41.891777 ], [ -94.629622, 41.906227 ], [ -94.629613, 41.920686 ], [ -94.629463, 41.935096 ], [ -94.629347, 41.950329 ], [ -94.64867, 41.950331 ], [ -94.668019, 41.950272 ], [ -94.687373, 41.950213 ], [ -94.716357, 41.950143 ], [ -94.726062, 41.950112 ], [ -94.736136, 41.95015 ], [ -94.744567, 41.949967 ], [ -94.745449, 41.950078 ], [ -94.756053, 41.949841 ], [ -94.76462, 41.949794 ], [ -94.771389, 41.94974 ], [ -94.784054, 41.949682 ], [ -94.803438, 41.949882 ], [ -94.822747, 41.949895 ], [ -94.842089, 41.949835 ], [ -94.860212, 41.949818 ], [ -94.866671, 41.950011 ], [ -94.879505, 41.94998 ], [ -94.890488, 41.950028 ], [ -94.898836, 41.950079 ], [ -94.918169, 41.950151 ], [ -94.928072, 41.950204 ], [ -94.937478, 41.95024 ], [ -94.947296, 41.950274 ], [ -94.95683, 41.950303 ], [ -94.97653, 41.950365 ] ] ] ] } },
{ "type": "Feature", "properties": { "id": 49, "NAME": "49", "TotalPop": 30410, "PopDevPct": -0.04681872, "DemPct": 0.32181131, "RepPct": 0.66375519, "WhitePct": 0.9037641, "MinorityPct": 0.0962359, "BlackPct": 0.01432132, "HispanicPct": 0.0501035, "PacificPct": 0.00084492, "AsianPct": 0.01537747, "NativePct": 0.01364539, "TotalVAP": 23671, "Margin": -0.34194388, "color": "#960018", "opacity": "0.5", "DemPct2": 0.35366292, "RepPct2": 0.63041657, "Margin2": -0.27675365, "Swing": -0.06519023, "R_Margin": -0.2136606632, "R_Margin2": -0.1993004631, "R_Swing": -0.0143602001000001, "Majority": "White" }, "geometry": { "type": "MultiPolygon", "coordinates": [ [ [ [ -94.187815, 42.472243 ], [ -94.185651, 42.470751 ], [ -94.183328, 42.468674 ], [ -94.180253, 42.467508 ], [ -94.178493, 42.467408 ], [ -94.173341, 42.466285 ], [ -94.17055, 42.465096 ], [ -94.167279, 42.463131 ], [ -94.164492, 42.461894 ], [ -94.164447, 42.461433 ], [ -94.164401, 42.456274 ], [ -94.164519, 42.448746 ], [ -94.164484, 42.445252 ], [ -94.164481, 42.444999 ], [ -94.164651, 42.441512 ], [ -94.16463, 42.43826 ], [ -94.16463, 42.430722 ], [ -94.164603, 42.427058 ], [ -94.164571, 42.408983 ], [ -94.164568, 42.405348 ], [ -94.164564, 42.398127 ], [ -94.164524, 42.383627 ], [ -94.164391, 42.372074 ], [ -94.164504, 42.368505 ], [ -94.164461, 42.354034 ], [ -94.164389, 42.339575 ], [ -94.164314, 42.325099 ], [ -94.164291, 42.310636 ], [ -94.164402, 42.300043 ], [ -94.164446, 42.296227 ], [ -94.164562, 42.285788 ], [ -94.164511, 42.282196 ], [ -94.164578, 42.27492 ], [ -94.164647, 42.267752 ], [ -94.164679, 42.258554 ], [ -94.164635, 42.253285 ], [ -94.164634, 42.246204 ], [ -94.164659, 42.238891 ], [ -94.164661, 42.224443 ], [ -94.164673, 42.2208 ], [ -94.164701, 42.213538 ], [ -94.164704, 42.20992 ], [ -94.145048, 42.209936 ], [ -94.125636, 42.2099 ], [ -94.106192, 42.210013 ], [ -94.086734, 42.210011 ], [ -94.06732, 42.209981 ], [ -94.047817, 42.209946 ], [ -94.028562, 42.209915 ], [ -94.009103, 42.209883 ], [ -94.00443, 42.209862 ], [ -93.993041, 42.209814 ], [ -93.987411, 42.209795 ], [ -93.980163, 42.209841 ], [ -93.97978, 42.209846 ], [ -93.979006, 42.20985 ], [ -93.970331, 42.209888 ], [ -93.962116, 42.209833 ], [ -93.951176, 42.209878 ], [ -93.93158, 42.209908 ], [ -93.924003, 42.209938 ], [ -93.923862, 42.20994 ], [ -93.923723, 42.209941 ], [ -93.912999, 42.209874 ], [ -93.89356, 42.209845 ], [ -93.874144, 42.20978 ], [ -93.854666, 42.209709 ], [ -93.844943, 42.209678 ], [ -93.835229, 42.209643 ], [ -93.815729, 42.209597 ], [ -93.795434, 42.209531 ], [ -93.785368, 42.209518 ], [ -93.781014, 42.209521 ], [ -93.776147, 42.209499 ], [ -93.756727, 42.209469 ], [ -93.747148, 42.209429 ], [ -93.737295, 42.209381 ], [ -93.717857, 42.209369 ], [ -93.69839, 42.209339 ], [ -93.678487, 42.209356 ], [ -93.665255, 42.209342 ], [ -93.659069, 42.209331 ], [ -93.639647, 42.209397 ], [ -93.620188, 42.209321 ], [ -93.600796, 42.209256 ], [ -93.591016, 42.209234 ], [ -93.581299, 42.20918 ], [ -93.574238, 42.209176 ], [ -93.572669, 42.209257 ], [ -93.570896, 42.209184 ], [ -93.57061, 42.209146 ], [ -93.569843, 42.209271 ], [ -93.56026, 42.2093 ], [ -93.540815, 42.209272 ], [ -93.521367, 42.209243 ], [ -93.515879, 42.209268 ], [ -93.507528, 42.209274 ], [ -93.501959, 42.209281 ], [ -93.482482, 42.209303 ], [ -93.467327, 42.209304 ], [ -93.463043, 42.209302 ], [ -93.463084, 42.2238 ], [ -93.4631, 42.238298 ], [ -93.463106, 42.252768 ], [ -93.462995, 42.267226 ], [ -93.462955, 42.281695 ], [ -93.462885, 42.296 ], [ -93.462893, 42.310492 ], [ -93.462976, 42.324998 ], [ -93.46304, 42.339509 ], [ -93.462973, 42.353999 ], [ -93.462924, 42.368481 ], [ -93.462884, 42.380683 ], [ -93.462895, 42.383688 ], [ -93.462883, 42.392846 ], [ -93.462827, 42.398146 ], [ -93.462956, 42.408073 ], [ -93.462942, 42.41259 ], [ -93.462909, 42.427067 ], [ -93.462797, 42.438186 ], [ -93.462771, 42.441381 ], [ -93.462841, 42.448574 ], [ -93.462839, 42.448804 ], [ -93.462776, 42.455946 ], [ -93.462635, 42.470802 ], [ -93.469067, 42.470815 ], [ -93.482051, 42.470864 ], [ -93.493508, 42.470942 ], [ -93.499098, 42.470975 ], [ -93.499178, 42.485408 ], [ -93.499186, 42.492675 ], [ -93.499183, 42.493731 ], [ -93.49922, 42.49993 ], [ -93.49912, 42.501666 ], [ -93.499207, 42.51188 ], [ -93.49934, 42.514425 ], [ -93.499383, 42.517987 ], [ -93.499474, 42.528892 ], [ -93.499572, 42.543408 ], [ -93.499485, 42.5577 ], [ -93.500212, 42.557836 ], [ -93.519107, 42.557721 ], [ -93.530552, 42.557707 ], [ -93.548464, 42.557722 ], [ -93.558058, 42.557768 ], [ -93.564655, 42.557552 ], [ -93.565585, 42.55755 ], [ -93.568043, 42.557545 ], [ -93.577826, 42.557532 ], [ -93.588418, 42.557527 ], [ -93.597415, 42.557566 ], [ -93.617485, 42.557542 ], [ -93.629731, 42.557697 ], [ -93.637041, 42.557622 ], [ -93.656636, 42.55759 ], [ -93.665668, 42.557576 ], [ -93.676196, 42.55756 ], [ -93.695762, 42.557531 ], [ -93.705621, 42.557516 ], [ -93.715344, 42.557612 ], [ -93.734962, 42.557593 ], [ -93.746333, 42.557514 ], [ -93.754522, 42.557537 ], [ -93.774131, 42.557327 ], [ -93.77853, 42.557385 ], [ -93.793706, 42.557538 ], [ -93.82308, 42.557519 ], [ -93.827966, 42.557515 ], [ -93.832876, 42.557513 ], [ -93.837796, 42.557509 ], [ -93.853346, 42.557497 ], [ -93.853605, 42.557497 ], [ -93.863125, 42.55772 ], [ -93.870474, 42.557808 ], [ -93.89353, 42.557939 ], [ -93.897312, 42.557856 ], [ -93.899789, 42.557655 ], [ -93.901999, 42.557852 ], [ -93.902216, 42.55783 ], [ -93.912094, 42.557948 ], [ -93.916861, 42.557965 ], [ -93.921831, 42.557959 ], [ -93.931565, 42.557982 ], [ -93.941332, 42.557979 ], [ -93.95112, 42.557976 ], [ -93.971583, 42.558139 ], [ -93.971571, 42.564938 ], [ -93.971556, 42.572613 ], [ -93.971524, 42.587109 ], [ -93.971494, 42.600889 ], [ -93.971493, 42.601527 ], [ -93.971481, 42.606946 ], [ -93.971464, 42.615882 ], [ -93.971452, 42.620335 ], [ -93.971426, 42.625489 ], [ -93.971499, 42.630286 ], [ -93.971714, 42.644707 ], [ -93.99105, 42.644704 ], [ -94.010703, 42.644722 ], [ -94.030354, 42.644738 ], [ -94.041661, 42.644761 ], [ -94.04997, 42.644763 ], [ -94.06962, 42.644764 ], [ -94.090123, 42.644784 ], [ -94.109735, 42.644777 ], [ -94.119492, 42.644773 ], [ -94.129247, 42.644785 ], [ -94.138914, 42.644745 ], [ -94.148883, 42.644752 ], [ -94.168514, 42.644795 ], [ -94.185272, 42.644715 ], [ -94.187796, 42.644693 ], [ -94.192118, 42.644343 ], [ -94.192461, 42.644339 ], [ -94.192952, 42.644333 ], [ -94.19351, 42.644327 ], [ -94.205685, 42.64459 ], [ -94.207271, 42.644522 ], [ -94.226864, 42.644561 ], [ -94.246477, 42.644885 ], [ -94.256197, 42.644953 ], [ -94.263267, 42.644776 ], [ -94.280117, 42.644827 ], [ -94.28554, 42.644836 ], [ -94.295366, 42.644939 ], [ -94.305121, 42.645057 ], [ -94.324789, 42.645093 ], [ -94.344316, 42.645109 ], [ -94.354127, 42.645091 ], [ -94.363775, 42.645096 ], [ -94.363934, 42.645097 ], [ -94.382238, 42.645164 ], [ -94.383512, 42.645003 ], [ -94.387035, 42.645022 ], [ -94.40305, 42.645135 ], [ -94.422703, 42.645192 ], [ -94.443083, 42.645164 ], [ -94.443278, 42.637997 ], [ -94.443416, 42.630984 ], [ -94.443438, 42.616519 ], [ -94.443247, 42.609272 ], [ -94.44318, 42.60685 ], [ -94.443138, 42.602083 ], [ -94.443174, 42.595702 ], [ -94.443578, 42.595145 ], [ -94.443478, 42.587779 ], [ -94.443112, 42.5869 ], [ -94.443022, 42.573307 ], [ -94.443029, 42.566036 ], [ -94.443024, 42.558843 ], [ -94.422615, 42.558726 ], [ -94.403026, 42.558734 ], [ -94.383382, 42.558709 ], [ -94.37178, 42.558764 ], [ -94.363887, 42.558809 ], [ -94.35457, 42.558774 ], [ -94.344019, 42.558724 ], [ -94.342579, 42.558715 ], [ -94.339513, 42.558696 ], [ -94.334931, 42.558668 ], [ -94.325314, 42.558619 ], [ -94.30927, 42.55861 ], [ -94.30534, 42.558598 ], [ -94.284702, 42.558484 ], [ -94.256305, 42.558372 ], [ -94.246542, 42.558348 ], [ -94.243775, 42.558304 ], [ -94.240136, 42.558304 ], [ -94.23771, 42.558272 ], [ -94.236712, 42.558282 ], [ -94.232327, 42.558225 ], [ -94.22702, 42.558187 ], [ -94.221059, 42.558135 ], [ -94.21715, 42.558098 ], [ -94.206759, 42.558063 ], [ -94.206208, 42.558077 ], [ -94.209274, 42.555351 ], [ -94.209223, 42.552075 ], [ -94.210251, 42.550496 ], [ -94.212783, 42.549553 ], [ -94.215107, 42.549741 ], [ -94.216414, 42.54904 ], [ -94.218043, 42.546708 ], [ -94.218093, 42.545031 ], [ -94.216083, 42.543461 ], [ -94.215152, 42.542703 ], [ -94.215378, 42.538846 ], [ -94.214588, 42.537754 ], [ -94.213164, 42.537472 ], [ -94.211348, 42.53828 ], [ -94.208866, 42.538634 ], [ -94.205748, 42.538442 ], [ -94.202593, 42.537485 ], [ -94.199406, 42.537931 ], [ -94.196417, 42.539949 ], [ -94.194296, 42.539437 ], [ -94.191975, 42.536815 ], [ -94.192624, 42.533598 ], [ -94.192686, 42.531014 ], [ -94.19318, 42.52772 ], [ -94.19383, 42.525204 ], [ -94.19488, 42.523183 ], [ -94.194372, 42.522982 ], [ -94.194456, 42.522557 ], [ -94.193984, 42.520346 ], [ -94.193597, 42.518899 ], [ -94.193198, 42.517376 ], [ -94.192537, 42.517473 ], [ -94.191591, 42.517611 ], [ -94.191237, 42.517663 ], [ -94.190078, 42.517827 ], [ -94.189088, 42.518268 ], [ -94.188421, 42.519496 ], [ -94.187051, 42.519508 ], [ -94.186155, 42.517937 ], [ -94.182727, 42.518674 ], [ -94.182094, 42.517863 ], [ -94.180814, 42.519809 ], [ -94.17808, 42.520668 ], [ -94.174194, 42.522504 ], [ -94.172516, 42.521943 ], [ -94.172468, 42.519452 ], [ -94.172363, 42.519454 ], [ -94.169545, 42.519492 ], [ -94.168091, 42.519515 ], [ -94.168091, 42.520384 ], [ -94.166357, 42.520383 ], [ -94.165091, 42.520382 ], [ -94.165085, 42.519253 ], [ -94.16508, 42.517414 ], [ -94.164978, 42.517413 ], [ -94.16499, 42.515668 ], [ -94.164493, 42.515669 ], [ -94.164469, 42.51386 ], [ -94.164457, 42.512948 ], [ -94.164445, 42.512031 ], [ -94.166854, 42.512022 ], [ -94.168066, 42.512024 ], [ -94.168063, 42.511529 ], [ -94.168054, 42.510683 ], [ -94.16805, 42.510213 ], [ -94.168045, 42.509792 ], [ -94.168043, 42.509583 ], [ -94.168041, 42.509358 ], [ -94.168037, 42.50901 ], [ -94.168036, 42.508931 ], [ -94.168031, 42.508409 ], [ -94.166725, 42.508427 ], [ -94.166337, 42.50843 ], [ -94.16736, 42.507255 ], [ -94.168056, 42.50522 ], [ -94.168149, 42.502646 ], [ -94.168567, 42.501175 ], [ -94.169024, 42.500126 ], [ -94.168656, 42.500072 ], [ -94.168165, 42.49995 ], [ -94.167948, 42.498827 ], [ -94.167934, 42.497538 ], [ -94.167933, 42.497094 ], [ -94.167933, 42.496629 ], [ -94.167932, 42.496164 ], [ -94.167932, 42.495736 ], [ -94.167899, 42.493925 ], [ -94.167875, 42.492985 ], [ -94.16787, 42.492802 ], [ -94.167841, 42.491661 ], [ -94.167811, 42.490325 ], [ -94.16777, 42.488498 ], [ -94.167734, 42.486731 ], [ -94.167733, 42.486687 ], [ -94.167717, 42.485867 ], [ -94.16769, 42.482568 ], [ -94.172557, 42.484187 ], [ -94.172534, 42.479579 ], [ -94.174669, 42.479658 ], [ -94.177465, 42.479575 ], [ -94.178132, 42.479573 ], [ -94.178771, 42.479572 ], [ -94.17945, 42.479567 ], [ -94.180141, 42.479563 ], [ -94.180661, 42.479559 ], [ -94.18281, 42.479563 ], [ -94.18337, 42.479566 ], [ -94.183878, 42.479565 ], [ -94.184307, 42.479564 ], [ -94.190731, 42.479611 ], [ -94.191391, 42.479619 ], [ -94.196913, 42.479688 ], [ -94.196922, 42.475809 ], [ -94.197098, 42.472484 ], [ -94.18946, 42.472263 ], [ -94.188312, 42.472252 ], [ -94.1881, 42.472248 ], [ -94.187815, 42.472243 ] ] ] ] } },
{ "type": "Feature", "properties": { "id": 50, "NAME": "50", "TotalPop": 30399, "PopDevPct": -0.04716351, "DemPct": 0.34632729, "RepPct": 0.63823282, "WhitePct": 0.86339118, "MinorityPct": 0.13660882, "BlackPct": 0.06196948, "HispanicPct": 0.04670709, "PacificPct": 0.00234163, "AsianPct": 0.00961739, "NativePct": 0.01689316, "TotalVAP": 23915, "Margin": -0.29190553, "color": "#960018", "opacity": "0.5", "DemPct2": 0.3766473, "RepPct2": 0.60819045, "Margin2": -0.23154315, "Swing": -0.06036238, "R_Margin": -0.1636223132, "R_Margin2": -0.1540899631000001, "R_Swing": -0.0095323501, "Majority": "White" }, "geometry": { "type": "MultiPolygon", "coordinates": [ [ [ [ -94.168031, 42.508409 ], [ -94.168036, 42.508931 ], [ -94.168037, 42.50901 ], [ -94.168041, 42.509358 ], [ -94.168043, 42.509583 ], [ -94.168045, 42.509792 ], [ -94.16805, 42.510213 ], [ -94.168054, 42.510683 ], [ -94.168063, 42.511529 ], [ -94.168066, 42.512024 ], [ -94.166854, 42.512022 ], [ -94.164445, 42.512031 ], [ -94.164457, 42.512948 ], [ -94.164469, 42.51386 ], [ -94.164493, 42.515669 ], [ -94.16499, 42.515668 ], [ -94.164978, 42.517413 ], [ -94.16508, 42.517414 ], [ -94.165085, 42.519253 ], [ -94.165091, 42.520382 ], [ -94.166357, 42.520383 ], [ -94.168091, 42.520384 ], [ -94.168091, 42.519515 ], [ -94.169545, 42.519492 ], [ -94.172363, 42.519454 ], [ -94.172468, 42.519452 ], [ -94.172516, 42.521943 ], [ -94.174194, 42.522504 ], [ -94.17808, 42.520668 ], [ -94.180814, 42.519809 ], [ -94.182094, 42.517863 ], [ -94.182727, 42.518674 ], [ -94.186155, 42.517937 ], [ -94.187051, 42.519508 ], [ -94.188421, 42.519496 ], [ -94.189088, 42.518268 ], [ -94.190078, 42.517827 ], [ -94.191237, 42.517663 ], [ -94.191591, 42.517611 ], [ -94.192537, 42.517473 ], [ -94.193198, 42.517376 ], [ -94.193597, 42.518899 ], [ -94.193984, 42.520346 ], [ -94.194456, 42.522557 ], [ -94.194372, 42.522982 ], [ -94.19488, 42.523183 ], [ -94.19383, 42.525204 ], [ -94.19318, 42.52772 ], [ -94.192686, 42.531014 ], [ -94.192624, 42.533598 ], [ -94.191975, 42.536815 ], [ -94.194296, 42.539437 ], [ -94.196417, 42.539949 ], [ -94.199406, 42.537931 ], [ -94.202593, 42.537485 ], [ -94.205748, 42.538442 ], [ -94.208866, 42.538634 ], [ -94.211348, 42.53828 ], [ -94.213164, 42.537472 ], [ -94.214588, 42.537754 ], [ -94.215378, 42.538846 ], [ -94.215152, 42.542703 ], [ -94.216083, 42.543461 ], [ -94.218093, 42.545031 ], [ -94.218043, 42.546708 ], [ -94.216414, 42.54904 ], [ -94.215107, 42.549741 ], [ -94.212783, 42.549553 ], [ -94.210251, 42.550496 ], [ -94.209223, 42.552075 ], [ -94.209274, 42.555351 ], [ -94.206208, 42.558077 ], [ -94.206759, 42.558063 ], [ -94.21715, 42.558098 ], [ -94.221059, 42.558135 ], [ -94.22702, 42.558187 ], [ -94.232327, 42.558225 ], [ -94.236712, 42.558282 ], [ -94.23771, 42.558272 ], [ -94.240136, 42.558304 ], [ -94.243775, 42.558304 ], [ -94.246542, 42.558348 ], [ -94.256305, 42.558372 ], [ -94.284702, 42.558484 ], [ -94.30534, 42.558598 ], [ -94.30927, 42.55861 ], [ -94.325314, 42.558619 ], [ -94.334931, 42.558668 ], [ -94.339513, 42.558696 ], [ -94.342579, 42.558715 ], [ -94.344019, 42.558724 ], [ -94.35457, 42.558774 ], [ -94.363887, 42.558809 ], [ -94.37178, 42.558764 ], [ -94.383382, 42.558709 ], [ -94.403026, 42.558734 ], [ -94.422615, 42.558726 ], [ -94.443024, 42.558843 ], [ -94.44308, 42.545613 ], [ -94.443089, 42.537585 ], [ -94.443062, 42.535974 ], [ -94.443077, 42.531203 ], [ -94.443111, 42.518667 ], [ -94.44308, 42.517173 ], [ -94.44298, 42.502278 ], [ -94.443122, 42.499972 ], [ -94.443064, 42.491337 ], [ -94.443183, 42.487832 ], [ -94.443034, 42.483418 ], [ -94.443033, 42.473378 ], [ -94.43654, 42.47336 ], [ -94.431968, 42.473362 ], [ -94.418387, 42.473343 ], [ -94.417054, 42.47333 ], [ -94.411125, 42.473326 ], [ -94.403565, 42.473313 ], [ -94.397671, 42.4733 ], [ -94.397562, 42.463545 ], [ -94.397476, 42.45619 ], [ -94.397433, 42.449613 ], [ -94.397429, 42.449352 ], [ -94.397454, 42.441664 ], [ -94.397392, 42.427198 ], [ -94.397248, 42.406555 ], [ -94.397217, 42.398215 ], [ -94.397092, 42.396004 ], [ -94.397182, 42.383745 ], [ -94.397254, 42.368628 ], [ -94.397322, 42.354125 ], [ -94.397371, 42.339624 ], [ -94.397367, 42.336269 ], [ -94.397356, 42.325168 ], [ -94.39745, 42.310632 ], [ -94.397474, 42.308207 ], [ -94.397539, 42.29612 ], [ -94.39759, 42.281505 ], [ -94.397616, 42.277893 ], [ -94.397625, 42.275224 ], [ -94.39765, 42.274284 ], [ -94.397637, 42.273548 ], [ -94.397658, 42.267063 ], [ -94.397735, 42.252586 ], [ -94.397694, 42.238087 ], [ -94.397633, 42.223627 ], [ -94.397526, 42.209161 ], [ -94.397682, 42.209084 ], [ -94.417098, 42.209243 ], [ -94.423415, 42.209243 ], [ -94.426653, 42.209016 ], [ -94.427061, 42.209224 ], [ -94.435159, 42.209282 ], [ -94.436372, 42.209296 ], [ -94.451008, 42.209337 ], [ -94.455865, 42.20932 ], [ -94.475206, 42.209312 ], [ -94.494602, 42.20931 ], [ -94.513105, 42.209319 ], [ -94.522823, 42.209269 ], [ -94.532485, 42.209368 ], [ -94.542198, 42.209402 ], [ -94.553883, 42.2094 ], [ -94.571266, 42.209426 ], [ -94.590694, 42.20948 ], [ -94.610141, 42.209536 ], [ -94.628586, 42.209569 ], [ -94.628806, 42.209396 ], [ -94.628812, 42.195132 ], [ -94.62881, 42.180689 ], [ -94.628961, 42.166267 ], [ -94.629032, 42.159067 ], [ -94.629077, 42.157494 ], [ -94.628988, 42.15183 ], [ -94.628973, 42.137385 ], [ -94.628996, 42.130158 ], [ -94.629003, 42.122963 ], [ -94.628983, 42.113747 ], [ -94.628956, 42.106583 ], [ -94.628952, 42.097093 ], [ -94.628925, 42.092119 ], [ -94.628921, 42.091798 ], [ -94.62896, 42.085063 ], [ -94.628952, 42.084725 ], [ -94.628947, 42.077882 ], [ -94.628955, 42.063479 ], [ -94.629051, 42.053244 ], [ -94.629098, 42.049032 ], [ -94.629112, 42.042741 ], [ -94.629117, 42.039265 ], [ -94.629116, 42.038536 ], [ -94.629147, 42.034635 ], [ -94.629133, 42.028571 ], [ -94.629164, 42.022538 ], [ -94.62917, 42.008104 ], [ -94.629218, 41.993657 ], [ -94.629214, 41.979231 ], [ -94.629235, 41.968464 ], [ -94.629273, 41.964769 ], [ -94.629345, 41.950505 ], [ -94.629347, 41.950329 ], [ -94.629463, 41.935096 ], [ -94.629613, 41.920686 ], [ -94.629622, 41.906227 ], [ -94.629412, 41.891777 ], [ -94.629172, 41.88205 ], [ -94.629026, 41.877351 ], [ -94.628885, 41.870065 ], [ -94.628724, 41.862763 ], [ -94.613669, 41.862971 ], [ -94.599894, 41.863137 ], [ -94.570929, 41.86322 ], [ -94.551577, 41.863194 ], [ -94.53227, 41.863243 ], [ -94.512959, 41.863252 ], [ -94.507898, 41.863308 ], [ -94.492951, 41.863235 ], [ -94.483462, 41.863231 ], [ -94.478554, 41.863231 ], [ -94.473681, 41.863232 ], [ -94.46689, 41.863244 ], [ -94.454383, 41.863244 ], [ -94.449771, 41.863238 ], [ -94.435063, 41.863218 ], [ -94.415741, 41.863192 ], [ -94.406088, 41.863173 ], [ -94.396445, 41.863123 ], [ -94.386842, 41.863066 ], [ -94.367238, 41.863081 ], [ -94.361584, 41.863061 ], [ -94.357601, 41.863042 ], [ -94.338296, 41.86301 ], [ -94.32645, 41.863029 ], [ -94.310561, 41.862963 ], [ -94.30937, 41.863018 ], [ -94.295686, 41.862943 ], [ -94.289498, 41.86302 ], [ -94.28034, 41.862999 ], [ -94.270389, 41.863026 ], [ -94.260667, 41.863049 ], [ -94.255702, 41.863064 ], [ -94.250928, 41.863121 ], [ -94.250299, 41.863083 ], [ -94.250224, 41.863085 ], [ -94.24131, 41.863119 ], [ -94.222011, 41.863198 ], [ -94.219605, 41.863205 ], [ -94.203083, 41.863257 ], [ -94.192064, 41.863315 ], [ -94.185968, 41.863308 ], [ -94.176368, 41.863307 ], [ -94.173862, 41.863316 ], [ -94.17067, 41.863318 ], [ -94.170324, 41.863304 ], [ -94.16763, 41.863284 ], [ -94.167062, 41.863253 ], [ -94.164138, 41.863244 ], [ -94.164288, 41.867486 ], [ -94.16432, 41.870481 ], [ -94.164366, 41.877729 ], [ -94.164377, 41.884959 ], [ -94.164401, 41.890405 ], [ -94.164432, 41.897921 ], [ -94.164477, 41.906721 ], [ -94.164519, 41.921213 ], [ -94.164531, 41.935716 ], [ -94.164565, 41.950172 ], [ -94.164538, 41.964651 ], [ -94.164504, 41.979116 ], [ -94.164528, 41.993591 ], [ -94.164521, 42.008061 ], [ -94.164542, 42.015357 ], [ -94.164563, 42.022539 ], [ -94.164562, 42.024605 ], [ -94.164589, 42.029765 ], [ -94.164602, 42.034601 ], [ -94.164603, 42.035271 ], [ -94.164599, 42.049077 ], [ -94.164684, 42.063558 ], [ -94.164699, 42.078026 ], [ -94.164717, 42.092506 ], [ -94.164787, 42.106968 ], [ -94.164765, 42.122807 ], [ -94.164708, 42.13005 ], [ -94.164791, 42.137293 ], [ -94.164845, 42.144511 ], [ -94.164911, 42.151607 ], [ -94.164895, 42.151753 ], [ -94.164765, 42.166262 ], [ -94.164786, 42.166262 ], [ -94.164791, 42.180743 ], [ -94.164752, 42.195188 ], [ -94.164704, 42.20992 ], [ -94.164701, 42.213538 ], [ -94.164673, 42.2208 ], [ -94.164661, 42.224443 ], [ -94.164659, 42.238891 ], [ -94.164634, 42.246204 ], [ -94.164635, 42.253285 ], [ -94.164679, 42.258554 ], [ -94.164647, 42.267752 ], [ -94.164578, 42.27492 ], [ -94.164511, 42.282196 ], [ -94.164562, 42.285788 ], [ -94.164446, 42.296227 ], [ -94.164402, 42.300043 ], [ -94.164291, 42.310636 ], [ -94.164314, 42.325099 ], [ -94.164389, 42.339575 ], [ -94.164461, 42.354034 ], [ -94.164504, 42.368505 ], [ -94.164391, 42.372074 ], [ -94.164524, 42.383627 ], [ -94.164564, 42.398127 ], [ -94.164568, 42.405348 ], [ -94.164571, 42.408983 ], [ -94.164603, 42.427058 ], [ -94.16463, 42.430722 ], [ -94.16463, 42.43826 ], [ -94.164651, 42.441512 ], [ -94.164481, 42.444999 ], [ -94.164484, 42.445252 ], [ -94.164519, 42.448746 ], [ -94.164401, 42.456274 ], [ -94.164447, 42.461433 ], [ -94.164492, 42.461894 ], [ -94.167279, 42.463131 ], [ -94.17055, 42.465096 ], [ -94.173341, 42.466285 ], [ -94.178493, 42.467408 ], [ -94.180253, 42.467508 ], [ -94.183328, 42.468674 ], [ -94.185651, 42.470751 ], [ -94.187815, 42.472243 ], [ -94.1881, 42.472248 ], [ -94.188312, 42.472252 ], [ -94.18946, 42.472263 ], [ -94.197098, 42.472484 ], [ -94.196922, 42.475809 ], [ -94.196913, 42.479688 ], [ -94.191391, 42.479619 ], [ -94.190731, 42.479611 ], [ -94.184307, 42.479564 ], [ -94.183878, 42.479565 ], [ -94.18337, 42.479566 ], [ -94.18281, 42.479563 ], [ -94.180661, 42.479559 ], [ -94.180141, 42.479563 ], [ -94.17945, 42.479567 ], [ -94.178771, 42.479572 ], [ -94.178132, 42.479573 ], [ -94.177465, 42.479575 ], [ -94.174669, 42.479658 ], [ -94.172534, 42.479579 ], [ -94.172557, 42.484187 ], [ -94.16769, 42.482568 ], [ -94.167717, 42.485867 ], [ -94.167733, 42.486687 ], [ -94.167734, 42.486731 ], [ -94.16777, 42.488498 ], [ -94.167811, 42.490325 ], [ -94.167841, 42.491661 ], [ -94.16787, 42.492802 ], [ -94.167875, 42.492985 ], [ -94.167899, 42.493925 ], [ -94.167932, 42.495736 ], [ -94.167932, 42.496164 ], [ -94.167933, 42.496629 ], [ -94.167933, 42.497094 ], [ -94.167934, 42.497538 ], [ -94.167948, 42.498827 ], [ -94.168165, 42.49995 ], [ -94.168656, 42.500072 ], [ -94.169024, 42.500126 ], [ -94.168567, 42.501175 ], [ -94.168149, 42.502646 ], [ -94.168056, 42.50522 ], [ -94.16736, 42.507255 ], [ -94.166337, 42.50843 ], [ -94.166725, 42.508427 ], [ -94.168031, 42.508409 ] ] ] ] } },
{ "type": "Feature", "properties": { "id": 51, "NAME": "51", "TotalPop": 30756, "PopDevPct": -0.03597358, "DemPct": 0.46839118, "RepPct": 0.51103083, "WhitePct": 0.8837419, "MinorityPct": 0.1162581, "BlackPct": 0.02775273, "HispanicPct": 0.05009429, "PacificPct": 0.00442732, "AsianPct": 0.01647946, "NativePct": 0.0142658, "TotalVAP": 24394, "Margin": -0.04263965, "color": "#ffa7a7", "opacity": "0.5", "DemPct2": 0.49894475, "RepPct2": 0.48249534, "Margin2": 0.01644941, "Swing": -0.05908906, "R_Margin": 0.0856435668, "R_Margin2": 0.0939025969, "R_Swing": -0.0082590301, "Majority": "White" }, "geometry": { "type": "MultiPolygon", "coordinates": [ [ [ [ -93.270512, 43.148482 ], [ -93.27051, 43.148249 ], [ -93.270498, 43.1468 ], [ -93.270515, 43.138865 ], [ -93.270542, 43.133879 ], [ -93.270543, 43.133718 ], [ -93.270584, 43.126538 ], [ -93.260713, 43.126471 ], [ -93.260681, 43.111994 ], [ -93.260729, 43.105505 ], [ -93.260731, 43.105249 ], [ -93.260818, 43.097491 ], [ -93.260859, 43.082991 ], [ -93.260846, 43.067125 ], [ -93.260892, 43.052622 ], [ -93.260821, 43.038074 ], [ -93.26083, 43.023538 ], [ -93.26109, 43.00902 ], [ -93.261099, 42.994522 ], [ -93.276124, 42.994582 ], [ -93.28082, 42.994598 ], [ -93.29049, 42.994633 ], [ -93.300543, 42.994656 ], [ -93.30649, 42.994632 ], [ -93.309441, 42.994879 ], [ -93.320245, 42.994742 ], [ -93.339914, 42.994746 ], [ -93.340573, 42.994776 ], [ -93.340956, 42.994773 ], [ -93.343028, 42.994791 ], [ -93.359704, 42.994877 ], [ -93.365391, 42.994908 ], [ -93.379233, 42.994988 ], [ -93.379242, 42.993689 ], [ -93.379363, 42.98034 ], [ -93.379484, 42.965846 ], [ -93.379551, 42.951388 ], [ -93.384879, 42.951463 ], [ -93.385067, 42.951466 ], [ -93.399195, 42.951593 ], [ -93.39924, 42.944392 ], [ -93.399261, 42.937766 ], [ -93.399263, 42.937049 ], [ -93.395366, 42.936984 ], [ -93.379611, 42.936954 ], [ -93.379709, 42.922488 ], [ -93.379684, 42.907998 ], [ -93.360139, 42.907928 ], [ -93.351144, 42.907893 ], [ -93.350757, 42.907895 ], [ -93.340546, 42.907838 ], [ -93.320958, 42.9078 ], [ -93.300261, 42.907685 ], [ -93.288599, 42.907684 ], [ -93.281603, 42.907692 ], [ -93.276806, 42.907712 ], [ -93.261912, 42.907727 ], [ -93.241531, 42.907699 ], [ -93.231515, 42.907657 ], [ -93.212182, 42.907654 ], [ -93.202105, 42.907649 ], [ -93.182425, 42.90764 ], [ -93.17748, 42.907641 ], [ -93.167206, 42.907634 ], [ -93.162875, 42.907637 ], [ -93.143172, 42.907628 ], [ -93.125198, 42.907613 ], [ -93.123728, 42.9075 ], [ -93.103949, 42.907549 ], [ -93.0843, 42.907598 ], [ -93.06462, 42.907633 ], [ -93.04491, 42.907693 ], [ -93.025144, 42.907549 ], [ -93.025125, 42.912577 ], [ -93.025114, 42.914771 ], [ -93.025079, 42.918388 ], [ -93.025063, 42.922011 ], [ -93.025036, 42.925638 ], [ -93.024968, 42.936457 ], [ -93.024815, 42.950943 ], [ -93.024701, 42.965426 ], [ -93.024683, 42.968015 ], [ -93.024628, 42.979951 ], [ -93.023697, 42.991961 ], [ -93.02362, 42.992402 ], [ -93.023492, 42.994571 ], [ -93.023429, 43.001947 ], [ -93.023346, 43.009011 ], [ -93.023282, 43.016229 ], [ -93.023195, 43.025731 ], [ -93.022976, 43.032772 ], [ -93.023154, 43.038099 ], [ -93.023227, 43.039337 ], [ -93.023172, 43.045136 ], [ -93.023254, 43.052383 ], [ -93.023539, 43.066739 ], [ -93.023787, 43.083144 ], [ -93.023754, 43.086738 ], [ -93.023754, 43.086873 ], [ -93.023746, 43.08737 ], [ -93.023702, 43.088591 ], [ -93.023739, 43.090012 ], [ -93.023789, 43.092097 ], [ -93.023964, 43.09566 ], [ -93.023719, 43.096466 ], [ -93.023725, 43.097433 ], [ -93.023723, 43.097987 ], [ -93.023611, 43.111771 ], [ -93.02351, 43.116232 ], [ -93.023503, 43.116482 ], [ -93.023374, 43.1264 ], [ -93.023444, 43.133615 ], [ -93.02354, 43.13726 ], [ -93.023642, 43.140865 ], [ -93.023675, 43.143407 ], [ -93.02368, 43.143813 ], [ -93.023723, 43.145205 ], [ -93.023715, 43.146817 ], [ -93.02367, 43.146976 ], [ -93.02368, 43.147457 ], [ -93.023761, 43.149962 ], [ -93.023917, 43.154979 ], [ -93.023839, 43.155263 ], [ -93.023849, 43.155344 ], [ -93.023899, 43.162573 ], [ -93.024049, 43.169279 ], [ -93.034014, 43.169234 ], [ -93.038869, 43.169219 ], [ -93.045811, 43.169216 ], [ -93.050582, 43.169217 ], [ -93.063453, 43.169221 ], [ -93.082517, 43.169259 ], [ -93.08329, 43.169312 ], [ -93.103061, 43.169169 ], [ -93.122888, 43.169224 ], [ -93.141791, 43.169357 ], [ -93.151431, 43.169452 ], [ -93.159143, 43.169566 ], [ -93.160151, 43.169704 ], [ -93.161568, 43.169552 ], [ -93.164829, 43.169601 ], [ -93.170668, 43.169654 ], [ -93.171792, 43.169633 ], [ -93.174005, 43.169574 ], [ -93.176298, 43.169573 ], [ -93.176268, 43.175844 ], [ -93.171236, 43.175836 ], [ -93.171245, 43.1784 ], [ -93.175689, 43.178435 ], [ -93.17572, 43.184096 ], [ -93.18054, 43.184089 ], [ -93.190106, 43.18408 ], [ -93.190405, 43.184075 ], [ -93.192043, 43.184154 ], [ -93.200991, 43.18393 ], [ -93.20367, 43.183937 ], [ -93.204521, 43.183942 ], [ -93.208037, 43.18396 ], [ -93.226694, 43.184048 ], [ -93.239341, 43.184093 ], [ -93.240547, 43.184095 ], [ -93.240576, 43.176895 ], [ -93.240654, 43.169592 ], [ -93.244301, 43.169597 ], [ -93.249165, 43.169608 ], [ -93.260552, 43.169635 ], [ -93.270451, 43.169683 ], [ -93.270473, 43.162715 ], [ -93.270494, 43.155806 ], [ -93.270596, 43.15547 ], [ -93.28036, 43.1555 ], [ -93.280381, 43.148881 ], [ -93.270516, 43.148857 ], [ -93.270512, 43.148482 ] ] ] ] } },
{ "type": "Feature", "properties": { "id": 52, "NAME": "52", "TotalPop": 30493, "PopDevPct": -0.04421714, "DemPct": 0.35026079, "RepPct": 0.63369061, "WhitePct": 0.92879806, "MinorityPct": 0.07120194, "BlackPct": 0.01569904, "HispanicPct": 0.02958507, "PacificPct": 0.0008653, "AsianPct": 0.01079567, "NativePct": 0.00894145, "TotalVAP": 24269, "Margin": -0.28342982, "color": "#960018", "opacity": "0.5", "DemPct2": 0.36694507, "RepPct2": 0.61474639, "Margin2": -0.24780132, "Swing": -0.0356285, "R_Margin": -0.1551466032000001, "R_Margin2": -0.1703481331, "R_Swing": 0.0152015299, "Majority": "White" }, "geometry": { "type": "MultiPolygon", "coordinates": [ [ [ [ -93.024466, 43.429358 ], [ -93.024498, 43.443845 ], [ -93.024487, 43.447777 ], [ -93.024486, 43.465647 ], [ -93.024505, 43.4722 ], [ -93.024449, 43.4875 ], [ -93.024345, 43.499733 ], [ -93.044382, 43.499717 ], [ -93.064323, 43.499644 ], [ -93.071156, 43.499641 ], [ -93.084283, 43.499641 ], [ -93.124281, 43.49962 ], [ -93.127744, 43.499621 ], [ -93.14122, 43.499608 ], [ -93.161068, 43.499588 ], [ -93.201098, 43.49956 ], [ -93.226058, 43.499524 ], [ -93.233845, 43.499506 ], [ -93.247207, 43.499511 ], [ -93.247786, 43.499485 ], [ -93.250204, 43.499386 ], [ -93.260984, 43.499369 ], [ -93.271831, 43.499488 ], [ -93.280413, 43.499493 ], [ -93.300617, 43.499461 ], [ -93.301057, 43.499462 ], [ -93.330244, 43.499485 ], [ -93.344041, 43.499482 ], [ -93.350161, 43.499491 ], [ -93.353307, 43.499502 ], [ -93.353709, 43.499504 ], [ -93.370052, 43.499513 ], [ -93.379924, 43.499528 ], [ -93.399042, 43.499534 ], [ -93.438797, 43.499562 ], [ -93.458595, 43.499579 ], [ -93.468321, 43.499565 ], [ -93.472301, 43.499466 ], [ -93.483087, 43.499474 ], [ -93.488209, 43.499591 ], [ -93.492638, 43.499612 ], [ -93.497353, 43.499622 ], [ -93.502104, 43.499576 ], [ -93.518039, 43.499626 ], [ -93.557011, 43.499639 ], [ -93.558112, 43.499643 ], [ -93.576522, 43.499644 ], [ -93.600839, 43.49962 ], [ -93.61691, 43.499666 ], [ -93.636878, 43.499679 ], [ -93.656597, 43.499664 ], [ -93.66164, 43.499674 ], [ -93.676303, 43.49968 ], [ -93.696288, 43.499679 ], [ -93.70008, 43.499675 ], [ -93.716122, 43.499688 ], [ -93.73395, 43.499686 ], [ -93.753668, 43.499678 ], [ -93.773734, 43.499682 ], [ -93.793979, 43.499681 ], [ -93.813272, 43.499699 ], [ -93.852262, 43.499743 ], [ -93.872447, 43.499743 ], [ -93.892288, 43.499774 ], [ -93.897069, 43.499779 ], [ -93.912203, 43.499812 ], [ -93.914717, 43.499822 ], [ -93.930401, 43.499814 ], [ -93.952288, 43.499874 ], [ -93.970762, 43.499886 ], [ -93.970749, 43.487651 ], [ -93.970736, 43.473101 ], [ -93.970727, 43.458622 ], [ -93.970686, 43.452779 ], [ -93.970543, 43.444152 ], [ -93.970543, 43.429708 ], [ -93.970583, 43.414401 ], [ -93.970587, 43.412799 ], [ -93.970575, 43.400032 ], [ -93.970723, 43.38561 ], [ -93.970759, 43.374958 ], [ -93.970684, 43.371126 ], [ -93.970729, 43.356731 ], [ -93.970693, 43.342245 ], [ -93.97059, 43.32755 ], [ -93.970488, 43.313106 ], [ -93.970267, 43.298802 ], [ -93.970259, 43.298615 ], [ -93.970331, 43.284259 ], [ -93.970379, 43.269823 ], [ -93.970415, 43.255358 ], [ -93.9606, 43.255299 ], [ -93.951062, 43.255249 ], [ -93.931286, 43.255085 ], [ -93.921715, 43.255021 ], [ -93.911464, 43.255054 ], [ -93.891725, 43.255093 ], [ -93.871944, 43.255213 ], [ -93.852173, 43.255329 ], [ -93.832219, 43.255305 ], [ -93.830851, 43.255307 ], [ -93.81248, 43.25534 ], [ -93.806413, 43.255274 ], [ -93.792713, 43.255319 ], [ -93.773017, 43.255383 ], [ -93.755113, 43.25551 ], [ -93.745418, 43.255349 ], [ -93.744976, 43.25548 ], [ -93.733714, 43.255465 ], [ -93.715134, 43.255427 ], [ -93.656076, 43.255515 ], [ -93.652856, 43.25552 ], [ -93.650138, 43.255504 ], [ -93.64368, 43.255513 ], [ -93.641459, 43.25561 ], [ -93.640261, 43.255622 ], [ -93.639028, 43.255617 ], [ -93.637721, 43.25561 ], [ -93.63703, 43.255607 ], [ -93.634811, 43.255522 ], [ -93.634483, 43.255514 ], [ -93.632476, 43.25546 ], [ -93.626655, 43.255529 ], [ -93.622625, 43.255625 ], [ -93.6218, 43.255627 ], [ -93.61957, 43.255625 ], [ -93.617922, 43.255625 ], [ -93.616953, 43.255622 ], [ -93.596898, 43.255591 ], [ -93.56727, 43.255509 ], [ -93.557422, 43.255545 ], [ -93.537395, 43.255493 ], [ -93.535702, 43.255489 ], [ -93.53095, 43.255512 ], [ -93.517582, 43.255425 ], [ -93.497635, 43.255468 ], [ -93.497507, 43.24209 ], [ -93.497643, 43.227527 ], [ -93.497663, 43.219719 ], [ -93.497564, 43.213107 ], [ -93.497531, 43.207117 ], [ -93.497534, 43.204031 ], [ -93.497546, 43.198644 ], [ -93.497644, 43.184141 ], [ -93.497659, 43.169704 ], [ -93.497633, 43.155553 ], [ -93.497716, 43.141083 ], [ -93.497728, 43.127199 ], [ -93.497731, 43.126788 ], [ -93.497725, 43.126566 ], [ -93.497649, 43.119049 ], [ -93.497651, 43.117497 ], [ -93.497701, 43.110563 ], [ -93.497712, 43.108532 ], [ -93.497748, 43.097636 ], [ -93.497743, 43.090394 ], [ -93.497735, 43.083147 ], [ -93.497792, 43.067666 ], [ -93.497758, 43.053194 ], [ -93.49779, 43.047945 ], [ -93.497812, 43.038712 ], [ -93.497827, 43.034626 ], [ -93.4978, 43.024211 ], [ -93.497783, 43.009727 ], [ -93.497837, 42.995254 ], [ -93.497989, 42.980818 ], [ -93.498129, 42.96633 ], [ -93.498205, 42.95186 ], [ -93.498276, 42.937398 ], [ -93.498486, 42.922964 ], [ -93.498617, 42.908512 ], [ -93.488031, 42.908446 ], [ -93.478213, 42.908408 ], [ -93.476818, 42.908401 ], [ -93.475435, 42.908395 ], [ -93.458538, 42.908372 ], [ -93.438913, 42.908304 ], [ -93.419223, 42.908198 ], [ -93.399459, 42.90812 ], [ -93.379684, 42.907998 ], [ -93.379709, 42.922488 ], [ -93.379611, 42.936954 ], [ -93.395366, 42.936984 ], [ -93.399263, 42.937049 ], [ -93.399261, 42.937766 ], [ -93.39924, 42.944392 ], [ -93.399195, 42.951593 ], [ -93.385067, 42.951466 ], [ -93.384879, 42.951463 ], [ -93.379551, 42.951388 ], [ -93.379484, 42.965846 ], [ -93.379363, 42.98034 ], [ -93.379242, 42.993689 ], [ -93.379233, 42.994988 ], [ -93.365391, 42.994908 ], [ -93.359704, 42.994877 ], [ -93.343028, 42.994791 ], [ -93.340956, 42.994773 ], [ -93.340573, 42.994776 ], [ -93.339914, 42.994746 ], [ -93.320245, 42.994742 ], [ -93.309441, 42.994879 ], [ -93.30649, 42.994632 ], [ -93.300543, 42.994656 ], [ -93.29049, 42.994633 ], [ -93.28082, 42.994598 ], [ -93.276124, 42.994582 ], [ -93.261099, 42.994522 ], [ -93.26109, 43.00902 ], [ -93.26083, 43.023538 ], [ -93.260821, 43.038074 ], [ -93.260892, 43.052622 ], [ -93.260846, 43.067125 ], [ -93.260859, 43.082991 ], [ -93.260818, 43.097491 ], [ -93.260731, 43.105249 ], [ -93.260729, 43.105505 ], [ -93.260681, 43.111994 ], [ -93.260713, 43.126471 ], [ -93.270584, 43.126538 ], [ -93.270543, 43.133718 ], [ -93.270542, 43.133879 ], [ -93.270515, 43.138865 ], [ -93.270498, 43.1468 ], [ -93.27051, 43.148249 ], [ -93.270512, 43.148482 ], [ -93.270516, 43.148857 ], [ -93.280381, 43.148881 ], [ -93.28036, 43.1555 ], [ -93.270596, 43.15547 ], [ -93.270494, 43.155806 ], [ -93.270473, 43.162715 ], [ -93.270451, 43.169683 ], [ -93.260552, 43.169635 ], [ -93.249165, 43.169608 ], [ -93.244301, 43.169597 ], [ -93.240654, 43.169592 ], [ -93.240576, 43.176895 ], [ -93.240547, 43.184095 ], [ -93.239341, 43.184093 ], [ -93.226694, 43.184048 ], [ -93.208037, 43.18396 ], [ -93.204521, 43.183942 ], [ -93.20367, 43.183937 ], [ -93.200991, 43.18393 ], [ -93.192043, 43.184154 ], [ -93.190405, 43.184075 ], [ -93.190106, 43.18408 ], [ -93.18054, 43.184089 ], [ -93.17572, 43.184096 ], [ -93.175689, 43.178435 ], [ -93.171245, 43.1784 ], [ -93.171236, 43.175836 ], [ -93.176268, 43.175844 ], [ -93.176298, 43.169573 ], [ -93.174005, 43.169574 ], [ -93.171792, 43.169633 ], [ -93.170668, 43.169654 ], [ -93.164829, 43.169601 ], [ -93.161568, 43.169552 ], [ -93.160151, 43.169704 ], [ -93.159143, 43.169566 ], [ -93.151431, 43.169452 ], [ -93.141791, 43.169357 ], [ -93.122888, 43.169224 ], [ -93.103061, 43.169169 ], [ -93.08329, 43.169312 ], [ -93.082517, 43.169259 ], [ -93.063453, 43.169221 ], [ -93.050582, 43.169217 ], [ -93.045811, 43.169216 ], [ -93.038869, 43.169219 ], [ -93.034014, 43.169234 ], [ -93.024049, 43.169279 ], [ -93.024043, 43.191031 ], [ -93.023924, 43.205544 ], [ -93.024092, 43.212812 ], [ -93.024135, 43.227363 ], [ -93.024217, 43.241878 ], [ -93.024143, 43.255538 ], [ -93.024114, 43.262789 ], [ -93.024103, 43.270055 ], [ -93.02412, 43.277218 ], [ -93.024123, 43.284565 ], [ -93.024129, 43.299088 ], [ -93.024128, 43.313584 ], [ -93.024091, 43.328102 ], [ -93.024092, 43.342336 ], [ -93.024121, 43.356884 ], [ -93.023973, 43.371441 ], [ -93.023915, 43.385942 ], [ -93.024175, 43.400511 ], [ -93.024183, 43.403984 ], [ -93.024218, 43.411417 ], [ -93.024239, 43.415071 ], [ -93.024274, 43.418694 ], [ -93.024386, 43.425405 ], [ -93.024389, 43.425559 ], [ -93.024445, 43.427975 ], [ -93.024466, 43.429358 ] ] ] ] } },
{ "type": "Feature", "properties": { "id": 53, "NAME": "53", "TotalPop": 30325, "PopDevPct": -0.04948299, "DemPct": 0.24660194, "RepPct": 0.73889563, "WhitePct": 0.94118153, "MinorityPct": 0.05881847, "BlackPct": 0.00846402, "HispanicPct": 0.02809882, "PacificPct": 0.00141783, "AsianPct": 0.00558539, "NativePct": 0.01074114, "TotalVAP": 23275, "Margin": -0.49229369, "color": "#960018", "opacity": "0.5", "DemPct2": 0.27505705, "RepPct2": 0.71119303, "Margin2": -0.43613598, "Swing": -0.05615771, "R_Margin": -0.3640104732, "R_Margin2": -0.3586827931, "R_Swing": -0.0053276801, "Majority": "White" }, "geometry": { "type": "MultiPolygon", "coordinates": [ [ [ [ -94.913459, 43.168747 ], [ -94.91346, 43.164374 ], [ -94.913605, 43.158813 ], [ -94.913609, 43.155211 ], [ -94.913597, 43.140793 ], [ -94.91357, 43.13369 ], [ -94.913568, 43.133335 ], [ -94.913566, 43.126344 ], [ -94.913594, 43.123859 ], [ -94.91365, 43.111951 ], [ -94.913617, 43.097514 ], [ -94.91357, 43.083078 ], [ -94.913746, 43.075143 ], [ -94.91374, 43.067992 ], [ -94.913696, 43.0536 ], [ -94.913651, 43.039171 ], [ -94.913661, 43.035967 ], [ -94.913683, 43.024723 ], [ -94.91381, 43.010245 ], [ -94.913848, 43.003174 ], [ -94.913864, 42.995794 ], [ -94.91385, 42.982237 ], [ -94.913838, 42.96773 ], [ -94.913823, 42.953229 ], [ -94.913838, 42.947886 ], [ -94.913859, 42.9387 ], [ -94.913892, 42.92422 ], [ -94.91389, 42.9097 ], [ -94.914133, 42.904201 ], [ -94.913894, 42.903955 ], [ -94.913903, 42.894315 ], [ -94.913884, 42.879809 ], [ -94.913892, 42.877471 ], [ -94.913907, 42.877195 ], [ -94.913951, 42.87637 ], [ -94.913967, 42.876095 ], [ -94.913962, 42.87608 ], [ -94.913967, 42.876062 ], [ -94.913967, 42.876049 ], [ -94.913967, 42.875815 ], [ -94.913967, 42.875743 ], [ -94.913917, 42.875117 ], [ -94.913899, 42.874885 ], [ -94.913865, 42.865326 ], [ -94.91384, 42.855374 ], [ -94.913835, 42.850786 ], [ -94.913869, 42.83632 ], [ -94.913862, 42.829067 ], [ -94.913865, 42.82178 ], [ -94.913862, 42.806951 ], [ -94.913865, 42.79972 ], [ -94.913858, 42.792438 ], [ -94.91387, 42.777931 ], [ -94.91387, 42.763434 ], [ -94.913851, 42.748832 ], [ -94.913927, 42.734438 ], [ -94.914094, 42.726956 ], [ -94.914275, 42.719615 ], [ -94.914613, 42.705154 ], [ -94.914662, 42.702294 ], [ -94.914856, 42.690653 ], [ -94.915068, 42.679992 ], [ -94.915135, 42.676156 ], [ -94.915362, 42.665287 ], [ -94.915448, 42.66166 ], [ -94.915569, 42.655077 ], [ -94.915564, 42.647129 ], [ -94.915495, 42.640023 ], [ -94.915424, 42.632775 ], [ -94.915292, 42.618281 ], [ -94.915115, 42.603799 ], [ -94.915056, 42.596529 ], [ -94.915032, 42.591812 ], [ -94.915023, 42.589283 ], [ -94.91485, 42.574803 ], [ -94.914648, 42.560493 ], [ -94.914485, 42.560309 ], [ -94.904641, 42.56028 ], [ -94.894615, 42.560257 ], [ -94.874926, 42.56015 ], [ -94.8646, 42.560095 ], [ -94.855361, 42.560072 ], [ -94.842781, 42.559981 ], [ -94.835682, 42.559939 ], [ -94.815952, 42.559787 ], [ -94.796398, 42.559617 ], [ -94.775841, 42.559496 ], [ -94.766242, 42.559526 ], [ -94.756456, 42.559535 ], [ -94.745539, 42.559518 ], [ -94.736648, 42.559421 ], [ -94.723562, 42.559247 ], [ -94.717038, 42.559379 ], [ -94.717036, 42.559262 ], [ -94.697407, 42.559303 ], [ -94.68781, 42.559284 ], [ -94.678125, 42.559208 ], [ -94.66769, 42.559471 ], [ -94.657927, 42.559624 ], [ -94.638398, 42.559767 ], [ -94.618853, 42.56 ], [ -94.608917, 42.559605 ], [ -94.604201, 42.559595 ], [ -94.599003, 42.559579 ], [ -94.590109, 42.559579 ], [ -94.579676, 42.559447 ], [ -94.560114, 42.559219 ], [ -94.539619, 42.558786 ], [ -94.520045, 42.558782 ], [ -94.500485, 42.558869 ], [ -94.490948, 42.55886 ], [ -94.480904, 42.558847 ], [ -94.462596, 42.558874 ], [ -94.443024, 42.558843 ], [ -94.443029, 42.566036 ], [ -94.443022, 42.573307 ], [ -94.443112, 42.5869 ], [ -94.443478, 42.587779 ], [ -94.443578, 42.595145 ], [ -94.443174, 42.595702 ], [ -94.443138, 42.602083 ], [ -94.44318, 42.60685 ], [ -94.443247, 42.609272 ], [ -94.443438, 42.616519 ], [ -94.443416, 42.630984 ], [ -94.443278, 42.637997 ], [ -94.443083, 42.645164 ], [ -94.422703, 42.645192 ], [ -94.40305, 42.645135 ], [ -94.387035, 42.645022 ], [ -94.383512, 42.645003 ], [ -94.382238, 42.645164 ], [ -94.363934, 42.645097 ], [ -94.363775, 42.645096 ], [ -94.354127, 42.645091 ], [ -94.344316, 42.645109 ], [ -94.324789, 42.645093 ], [ -94.305121, 42.645057 ], [ -94.295366, 42.644939 ], [ -94.28554, 42.644836 ], [ -94.280117, 42.644827 ], [ -94.263267, 42.644776 ], [ -94.256197, 42.644953 ], [ -94.246477, 42.644885 ], [ -94.226864, 42.644561 ], [ -94.207271, 42.644522 ], [ -94.205685, 42.64459 ], [ -94.19351, 42.644327 ], [ -94.192952, 42.644333 ], [ -94.192461, 42.644339 ], [ -94.192118, 42.644343 ], [ -94.187796, 42.644693 ], [ -94.185272, 42.644715 ], [ -94.168514, 42.644795 ], [ -94.148883, 42.644752 ], [ -94.138914, 42.644745 ], [ -94.129247, 42.644785 ], [ -94.119492, 42.644773 ], [ -94.109735, 42.644777 ], [ -94.090123, 42.644784 ], [ -94.06962, 42.644764 ], [ -94.04997, 42.644763 ], [ -94.041661, 42.644761 ], [ -94.030354, 42.644738 ], [ -94.010703, 42.644722 ], [ -93.99105, 42.644704 ], [ -93.971714, 42.644707 ], [ -93.971344, 42.655341 ], [ -93.971333, 42.659187 ], [ -93.971324, 42.666496 ], [ -93.97132, 42.669713 ], [ -93.971315, 42.673619 ], [ -93.971658, 42.673695 ], [ -93.971573, 42.688121 ], [ -93.971367, 42.691999 ], [ -93.971337, 42.695182 ], [ -93.971771, 42.69541 ], [ -93.971753, 42.69904 ], [ -93.971671, 42.717145 ], [ -93.971335, 42.727943 ], [ -93.971347, 42.73167 ], [ -93.971381, 42.734449 ], [ -93.971398, 42.746135 ], [ -93.97157, 42.763239 ], [ -93.971601, 42.767888 ], [ -93.971568, 42.775155 ], [ -93.971526, 42.782286 ], [ -93.971487, 42.789577 ], [ -93.971488, 42.789716 ], [ -93.97148, 42.796819 ], [ -93.971472, 42.804083 ], [ -93.971471, 42.814768 ], [ -93.971467, 42.818743 ], [ -93.971465, 42.819699 ], [ -93.971472, 42.825838 ], [ -93.971475, 42.826881 ], [ -93.971475, 42.826942 ], [ -93.971464, 42.827893 ], [ -93.971472, 42.831174 ], [ -93.971473, 42.834124 ], [ -93.971458, 42.847848 ], [ -93.971428, 42.862992 ], [ -93.971431, 42.877379 ], [ -93.971431, 42.884593 ], [ -93.971412, 42.891774 ], [ -93.971238, 42.907762 ], [ -93.971233, 42.91504 ], [ -93.971286, 42.92223 ], [ -93.971379, 42.936658 ], [ -93.971479, 42.951109 ], [ -93.971431, 42.96558 ], [ -93.971291, 42.979162 ], [ -93.971078, 42.990398 ], [ -93.971029, 42.994156 ], [ -93.971045, 43.008599 ], [ -93.970995, 43.023047 ], [ -93.970939, 43.037565 ], [ -93.970885, 43.052052 ], [ -93.970576, 43.066548 ], [ -93.970448, 43.082609 ], [ -93.985173, 43.082626 ], [ -93.987539, 43.082627 ], [ -93.988142, 43.08263 ], [ -93.990155, 43.0822 ], [ -93.990143, 43.082655 ], [ -93.991186, 43.082655 ], [ -93.992186, 43.082654 ], [ -93.993507, 43.082691 ], [ -93.994735, 43.082722 ], [ -93.999966, 43.082637 ], [ -94.006856, 43.082836 ], [ -94.009772, 43.082781 ], [ -94.028741, 43.082821 ], [ -94.02949, 43.082816 ], [ -94.039213, 43.08283 ], [ -94.049249, 43.082836 ], [ -94.06267, 43.082854 ], [ -94.063805, 43.082858 ], [ -94.068877, 43.082931 ], [ -94.072529, 43.082847 ], [ -94.088931, 43.082881 ], [ -94.090826, 43.082883 ], [ -94.108678, 43.082905 ], [ -94.11855, 43.082901 ], [ -94.128419, 43.082898 ], [ -94.148253, 43.082854 ], [ -94.161766, 43.082899 ], [ -94.187487, 43.082823 ], [ -94.199785, 43.082834 ], [ -94.202244, 43.082828 ], [ -94.202323, 43.076865 ], [ -94.203935, 43.076301 ], [ -94.204108, 43.067848 ], [ -94.204827, 43.067421 ], [ -94.207492, 43.067351 ], [ -94.207488, 43.066614 ], [ -94.20892, 43.066641 ], [ -94.208923, 43.066521 ], [ -94.208924, 43.066469 ], [ -94.208925, 43.066362 ], [ -94.208929, 43.065883 ], [ -94.208931, 43.065698 ], [ -94.209455, 43.065706 ], [ -94.20973, 43.06571 ], [ -94.209866, 43.065712 ], [ -94.209862, 43.066181 ], [ -94.209861, 43.06626 ], [ -94.209669, 43.066258 ], [ -94.20958, 43.066257 ], [ -94.209579, 43.066391 ], [ -94.209579, 43.066447 ], [ -94.209578, 43.066531 ], [ -94.209577, 43.066654 ], [ -94.212257, 43.066703 ], [ -94.212373, 43.059455 ], [ -94.222137, 43.059635 ], [ -94.225019, 43.059682 ], [ -94.225253, 43.059683 ], [ -94.222791, 43.057339 ], [ -94.224069, 43.057248 ], [ -94.224061, 43.055538 ], [ -94.227124, 43.055471 ], [ -94.227106, 43.056818 ], [ -94.22783, 43.05666 ], [ -94.23017, 43.056896 ], [ -94.231648, 43.059798 ], [ -94.234875, 43.059686 ], [ -94.235658, 43.060271 ], [ -94.236708, 43.059749 ], [ -94.236708, 43.060535 ], [ -94.238279, 43.061182 ], [ -94.240656, 43.06158 ], [ -94.24107, 43.060991 ], [ -94.241384, 43.060573 ], [ -94.245476, 43.061741 ], [ -94.244673, 43.063249 ], [ -94.24656, 43.06378 ], [ -94.246603, 43.063242 ], [ -94.254627, 43.063328 ], [ -94.255118, 43.063981 ], [ -94.253077, 43.064156 ], [ -94.251527, 43.064919 ], [ -94.24934, 43.066867 ], [ -94.248502, 43.067701 ], [ -94.24659, 43.067709 ], [ -94.246584, 43.070462 ], [ -94.246966, 43.070468 ], [ -94.246969, 43.073635 ], [ -94.24663, 43.073665 ], [ -94.246595, 43.073769 ], [ -94.24664, 43.079052 ], [ -94.246673, 43.082831 ], [ -94.236188, 43.082802 ], [ -94.230902, 43.08278 ], [ -94.227961, 43.082784 ], [ -94.216936, 43.082794 ], [ -94.216693, 43.082796 ], [ -94.21424, 43.082804 ], [ -94.211886, 43.082805 ], [ -94.207021, 43.086412 ], [ -94.207076, 43.086412 ], [ -94.206944, 43.091621 ], [ -94.206712, 43.111383 ], [ -94.206679, 43.114126 ], [ -94.206621, 43.125774 ], [ -94.206496, 43.154688 ], [ -94.206682, 43.168611 ], [ -94.206687, 43.175221 ], [ -94.206657, 43.186948 ], [ -94.206577, 43.197487 ], [ -94.206408, 43.212016 ], [ -94.206488, 43.226479 ], [ -94.206493, 43.238799 ], [ -94.206495, 43.240996 ], [ -94.206676, 43.255034 ], [ -94.21052, 43.25509 ], [ -94.217134, 43.255117 ], [ -94.221168, 43.254971 ], [ -94.226369, 43.255013 ], [ -94.236226, 43.254956 ], [ -94.246107, 43.254882 ], [ -94.265839, 43.25482 ], [ -94.272692, 43.254772 ], [ -94.275782, 43.254738 ], [ -94.285655, 43.254694 ], [ -94.294288, 43.254654 ], [ -94.305433, 43.254728 ], [ -94.32447, 43.254893 ], [ -94.344302, 43.254895 ], [ -94.350085, 43.254999 ], [ -94.364141, 43.255042 ], [ -94.364565, 43.255037 ], [ -94.383916, 43.254901 ], [ -94.403764, 43.254885 ], [ -94.418838, 43.254858 ], [ -94.423539, 43.254843 ], [ -94.443137, 43.255014 ], [ -94.462999, 43.255031 ], [ -94.482796, 43.255058 ], [ -94.502293, 43.255061 ], [ -94.521341, 43.255053 ], [ -94.541134, 43.255008 ], [ -94.549673, 43.255023 ], [ -94.560293, 43.255231 ], [ -94.580078, 43.255272 ], [ -94.590279, 43.25541 ], [ -94.592069, 43.255511 ], [ -94.599899, 43.255322 ], [ -94.608556, 43.25514 ], [ -94.619681, 43.255163 ], [ -94.63958, 43.255098 ], [ -94.651403, 43.255099 ], [ -94.669252, 43.255193 ], [ -94.678672, 43.255298 ], [ -94.698451, 43.2553 ], [ -94.718271, 43.255282 ], [ -94.736982, 43.2553 ], [ -94.737051, 43.255458 ], [ -94.738747, 43.255339 ], [ -94.747952, 43.255223 ], [ -94.76242, 43.255263 ], [ -94.762696, 43.255254 ], [ -94.774903, 43.255323 ], [ -94.777503, 43.255341 ], [ -94.796925, 43.255245 ], [ -94.798255, 43.255244 ], [ -94.810684, 43.255395 ], [ -94.816829, 43.255449 ], [ -94.827342, 43.255236 ], [ -94.836854, 43.255231 ], [ -94.856645, 43.255226 ], [ -94.876468, 43.255144 ], [ -94.886772, 43.255235 ], [ -94.896119, 43.255082 ], [ -94.913723, 43.255054 ], [ -94.913714, 43.240975 ], [ -94.913651, 43.226523 ], [ -94.913678, 43.212176 ], [ -94.913642, 43.20484 ], [ -94.913656, 43.202281 ], [ -94.913672, 43.193672 ], [ -94.913606, 43.186299 ], [ -94.913567, 43.179819 ], [ -94.913566, 43.179662 ], [ -94.913459, 43.168747 ] ] ] ] } },
{ "type": "Feature", "properties": { "id": 54, "NAME": "54", "TotalPop": 30357, "PopDevPct": -0.04847997, "DemPct": 0.27163978, "RepPct": 0.71388258, "WhitePct": 0.91948957, "MinorityPct": 0.08051043, "BlackPct": 0.00931873, "HispanicPct": 0.05028754, "PacificPct": 0.00113336, "AsianPct": 0.00587667, "NativePct": 0.01196323, "TotalVAP": 23823, "Margin": -0.4422428, "color": "#960018", "opacity": "0.5", "DemPct2": 0.29722157, "RepPct2": 0.68818585, "Margin2": -0.39096428, "Swing": -0.05127852, "R_Margin": -0.3139595832000001, "R_Margin2": -0.3135110931, "R_Swing": -0.00044849010000004574, "Majority": "White" }, "geometry": { "type": "MultiPolygon", "coordinates": [ [ [ [ -93.497659, 43.169704 ], [ -93.497644, 43.184141 ], [ -93.497546, 43.198644 ], [ -93.497534, 43.204031 ], [ -93.497531, 43.207117 ], [ -93.497564, 43.213107 ], [ -93.497663, 43.219719 ], [ -93.497643, 43.227527 ], [ -93.497507, 43.24209 ], [ -93.497635, 43.255468 ], [ -93.517582, 43.255425 ], [ -93.53095, 43.255512 ], [ -93.535702, 43.255489 ], [ -93.537395, 43.255493 ], [ -93.557422, 43.255545 ], [ -93.56727, 43.255509 ], [ -93.596898, 43.255591 ], [ -93.616953, 43.255622 ], [ -93.617922, 43.255625 ], [ -93.61957, 43.255625 ], [ -93.6218, 43.255627 ], [ -93.622625, 43.255625 ], [ -93.626655, 43.255529 ], [ -93.632476, 43.25546 ], [ -93.634483, 43.255514 ], [ -93.634811, 43.255522 ], [ -93.63703, 43.255607 ], [ -93.637721, 43.25561 ], [ -93.639028, 43.255617 ], [ -93.640261, 43.255622 ], [ -93.641459, 43.25561 ], [ -93.64368, 43.255513 ], [ -93.650138, 43.255504 ], [ -93.652856, 43.25552 ], [ -93.656076, 43.255515 ], [ -93.715134, 43.255427 ], [ -93.733714, 43.255465 ], [ -93.744976, 43.25548 ], [ -93.745418, 43.255349 ], [ -93.755113, 43.25551 ], [ -93.773017, 43.255383 ], [ -93.792713, 43.255319 ], [ -93.806413, 43.255274 ], [ -93.81248, 43.25534 ], [ -93.830851, 43.255307 ], [ -93.832219, 43.255305 ], [ -93.852173, 43.255329 ], [ -93.871944, 43.255213 ], [ -93.891725, 43.255093 ], [ -93.911464, 43.255054 ], [ -93.921715, 43.255021 ], [ -93.931286, 43.255085 ], [ -93.951062, 43.255249 ], [ -93.9606, 43.255299 ], [ -93.970415, 43.255358 ], [ -93.970379, 43.269823 ], [ -93.970331, 43.284259 ], [ -93.970259, 43.298615 ], [ -93.970267, 43.298802 ], [ -93.970488, 43.313106 ], [ -93.97059, 43.32755 ], [ -93.970693, 43.342245 ], [ -93.970729, 43.356731 ], [ -93.970684, 43.371126 ], [ -93.970759, 43.374958 ], [ -93.970723, 43.38561 ], [ -93.970575, 43.400032 ], [ -93.970587, 43.412799 ], [ -93.970583, 43.414401 ], [ -93.970543, 43.429708 ], [ -93.970543, 43.444152 ], [ -93.970686, 43.452779 ], [ -93.970727, 43.458622 ], [ -93.970736, 43.473101 ], [ -93.970749, 43.487651 ], [ -93.970762, 43.499886 ], [ -93.982302, 43.499902 ], [ -93.990844, 43.49992 ], [ -94.010752, 43.499916 ], [ -94.030751, 43.499955 ], [ -94.050801, 43.499997 ], [ -94.07523, 43.500016 ], [ -94.088586, 43.500092 ], [ -94.106864, 43.500128 ], [ -94.108152, 43.500111 ], [ -94.147128, 43.500088 ], [ -94.150897, 43.500105 ], [ -94.167112, 43.500094 ], [ -94.186993, 43.500082 ], [ -94.19323, 43.500101 ], [ -94.206422, 43.500133 ], [ -94.22608, 43.500125 ], [ -94.245416, 43.500143 ], [ -94.251081, 43.50012 ], [ -94.265648, 43.500138 ], [ -94.285786, 43.500174 ], [ -94.306895, 43.500185 ], [ -94.324976, 43.500243 ], [ -94.344526, 43.500251 ], [ -94.364213, 43.500265 ], [ -94.377367, 43.500236 ], [ -94.377466, 43.500379 ], [ -94.389248, 43.500458 ], [ -94.39472, 43.500303 ], [ -94.404584, 43.500324 ], [ -94.424434, 43.500336 ], [ -94.44285, 43.500422 ], [ -94.447094, 43.500396 ], [ -94.448156, 43.500429 ], [ -94.470332, 43.50033 ], [ -94.470547, 43.500321 ], [ -94.470957, 43.500431 ], [ -94.482607, 43.500443 ], [ -94.502525, 43.500462 ], [ -94.52259, 43.500494 ], [ -94.542522, 43.500519 ], [ -94.560835, 43.500549 ], [ -94.566087, 43.500584 ], [ -94.566525, 43.500354 ], [ -94.567272, 43.500373 ], [ -94.607205, 43.500513 ], [ -94.611635, 43.500532 ], [ -94.613654, 43.500783 ], [ -94.620603, 43.500686 ], [ -94.640508, 43.500742 ], [ -94.652584, 43.500733 ], [ -94.670274, 43.500795 ], [ -94.678474, 43.500808 ], [ -94.718466, 43.500885 ], [ -94.73837, 43.50096 ], [ -94.74746, 43.501035 ], [ -94.76081, 43.501043 ], [ -94.785826, 43.501025 ], [ -94.797932, 43.501005 ], [ -94.818023, 43.500942 ], [ -94.824375, 43.500877 ], [ -94.837944, 43.500881 ], [ -94.857932, 43.500924 ], [ -94.85882, 43.500591 ], [ -94.861145, 43.500935 ], [ -94.884418, 43.500933 ], [ -94.889122, 43.500499 ], [ -94.903818, 43.50047 ], [ -94.914582, 43.500853 ], [ -94.914843, 43.499103 ], [ -94.914798, 43.488246 ], [ -94.914614, 43.459369 ], [ -94.91449, 43.444847 ], [ -94.914387, 43.43046 ], [ -94.914407, 43.422581 ], [ -94.914403, 43.422348 ], [ -94.914307, 43.414213 ], [ -94.914304, 43.407507 ], [ -94.91416, 43.399705 ], [ -94.914292, 43.39551 ], [ -94.914259, 43.394234 ], [ -94.914092, 43.384891 ], [ -94.914082, 43.377675 ], [ -94.914039, 43.370587 ], [ -94.91404, 43.355953 ], [ -94.913985, 43.341458 ], [ -94.913997, 43.327523 ], [ -94.913999, 43.320259 ], [ -94.914001, 43.313004 ], [ -94.913998, 43.298542 ], [ -94.913931, 43.284042 ], [ -94.913823, 43.269525 ], [ -94.913723, 43.255054 ], [ -94.896119, 43.255082 ], [ -94.886772, 43.255235 ], [ -94.876468, 43.255144 ], [ -94.856645, 43.255226 ], [ -94.836854, 43.255231 ], [ -94.827342, 43.255236 ], [ -94.816829, 43.255449 ], [ -94.810684, 43.255395 ], [ -94.798255, 43.255244 ], [ -94.796925, 43.255245 ], [ -94.777503, 43.255341 ], [ -94.774903, 43.255323 ], [ -94.762696, 43.255254 ], [ -94.76242, 43.255263 ], [ -94.747952, 43.255223 ], [ -94.738747, 43.255339 ], [ -94.737051, 43.255458 ], [ -94.736982, 43.2553 ], [ -94.718271, 43.255282 ], [ -94.698451, 43.2553 ], [ -94.678672, 43.255298 ], [ -94.669252, 43.255193 ], [ -94.651403, 43.255099 ], [ -94.63958, 43.255098 ], [ -94.619681, 43.255163 ], [ -94.608556, 43.25514 ], [ -94.599899, 43.255322 ], [ -94.592069, 43.255511 ], [ -94.590279, 43.25541 ], [ -94.580078, 43.255272 ], [ -94.560293, 43.255231 ], [ -94.549673, 43.255023 ], [ -94.541134, 43.255008 ], [ -94.521341, 43.255053 ], [ -94.502293, 43.255061 ], [ -94.482796, 43.255058 ], [ -94.462999, 43.255031 ], [ -94.443137, 43.255014 ], [ -94.423539, 43.254843 ], [ -94.418838, 43.254858 ], [ -94.403764, 43.254885 ], [ -94.383916, 43.254901 ], [ -94.364565, 43.255037 ], [ -94.364141, 43.255042 ], [ -94.350085, 43.254999 ], [ -94.344302, 43.254895 ], [ -94.32447, 43.254893 ], [ -94.305433, 43.254728 ], [ -94.294288, 43.254654 ], [ -94.285655, 43.254694 ], [ -94.275782, 43.254738 ], [ -94.272692, 43.254772 ], [ -94.265839, 43.25482 ], [ -94.246107, 43.254882 ], [ -94.236226, 43.254956 ], [ -94.226369, 43.255013 ], [ -94.221168, 43.254971 ], [ -94.217134, 43.255117 ], [ -94.21052, 43.25509 ], [ -94.206676, 43.255034 ], [ -94.206495, 43.240996 ], [ -94.206493, 43.238799 ], [ -94.206488, 43.226479 ], [ -94.206408, 43.212016 ], [ -94.206577, 43.197487 ], [ -94.206657, 43.186948 ], [ -94.206687, 43.175221 ], [ -94.206682, 43.168611 ], [ -94.206496, 43.154688 ], [ -94.206621, 43.125774 ], [ -94.206679, 43.114126 ], [ -94.206712, 43.111383 ], [ -94.206944, 43.091621 ], [ -94.207076, 43.086412 ], [ -94.207021, 43.086412 ], [ -94.211886, 43.082805 ], [ -94.21424, 43.082804 ], [ -94.216693, 43.082796 ], [ -94.216936, 43.082794 ], [ -94.227961, 43.082784 ], [ -94.230902, 43.08278 ], [ -94.236188, 43.082802 ], [ -94.246673, 43.082831 ], [ -94.24664, 43.079052 ], [ -94.246595, 43.073769 ], [ -94.24663, 43.073665 ], [ -94.246969, 43.073635 ], [ -94.246966, 43.070468 ], [ -94.246584, 43.070462 ], [ -94.24659, 43.067709 ], [ -94.248502, 43.067701 ], [ -94.24934, 43.066867 ], [ -94.251527, 43.064919 ], [ -94.253077, 43.064156 ], [ -94.255118, 43.063981 ], [ -94.254627, 43.063328 ], [ -94.246603, 43.063242 ], [ -94.24656, 43.06378 ], [ -94.244673, 43.063249 ], [ -94.245476, 43.061741 ], [ -94.241384, 43.060573 ], [ -94.24107, 43.060991 ], [ -94.240656, 43.06158 ], [ -94.238279, 43.061182 ], [ -94.236708, 43.060535 ], [ -94.236708, 43.059749 ], [ -94.235658, 43.060271 ], [ -94.234875, 43.059686 ], [ -94.231648, 43.059798 ], [ -94.23017, 43.056896 ], [ -94.22783, 43.05666 ], [ -94.227106, 43.056818 ], [ -94.227124, 43.055471 ], [ -94.224061, 43.055538 ], [ -94.224069, 43.057248 ], [ -94.222791, 43.057339 ], [ -94.225253, 43.059683 ], [ -94.225019, 43.059682 ], [ -94.222137, 43.059635 ], [ -94.212373, 43.059455 ], [ -94.212257, 43.066703 ], [ -94.209577, 43.066654 ], [ -94.209578, 43.066531 ], [ -94.209579, 43.066447 ], [ -94.209579, 43.066391 ], [ -94.20958, 43.066257 ], [ -94.209669, 43.066258 ], [ -94.209861, 43.06626 ], [ -94.209862, 43.066181 ], [ -94.209866, 43.065712 ], [ -94.20973, 43.06571 ], [ -94.209455, 43.065706 ], [ -94.208931, 43.065698 ], [ -94.208929, 43.065883 ], [ -94.208925, 43.066362 ], [ -94.208924, 43.066469 ], [ -94.208923, 43.066521 ], [ -94.20892, 43.066641 ], [ -94.207488, 43.066614 ], [ -94.207492, 43.067351 ], [ -94.204827, 43.067421 ], [ -94.204108, 43.067848 ], [ -94.203935, 43.076301 ], [ -94.202323, 43.076865 ], [ -94.202244, 43.082828 ], [ -94.199785, 43.082834 ], [ -94.187487, 43.082823 ], [ -94.161766, 43.082899 ], [ -94.148253, 43.082854 ], [ -94.128419, 43.082898 ], [ -94.11855, 43.082901 ], [ -94.108678, 43.082905 ], [ -94.090826, 43.082883 ], [ -94.088931, 43.082881 ], [ -94.072529, 43.082847 ], [ -94.068877, 43.082931 ], [ -94.063805, 43.082858 ], [ -94.06267, 43.082854 ], [ -94.049249, 43.082836 ], [ -94.039213, 43.08283 ], [ -94.02949, 43.082816 ], [ -94.028741, 43.082821 ], [ -94.009772, 43.082781 ], [ -94.006856, 43.082836 ], [ -93.999966, 43.082637 ], [ -93.994735, 43.082722 ], [ -93.993507, 43.082691 ], [ -93.992186, 43.082654 ], [ -93.991186, 43.082655 ], [ -93.990143, 43.082655 ], [ -93.990155, 43.0822 ], [ -93.988142, 43.08263 ], [ -93.987539, 43.082627 ], [ -93.985173, 43.082626 ], [ -93.970448, 43.082609 ], [ -93.970576, 43.066548 ], [ -93.970885, 43.052052 ], [ -93.970939, 43.037565 ], [ -93.970995, 43.023047 ], [ -93.971045, 43.008599 ], [ -93.971029, 42.994156 ], [ -93.971078, 42.990398 ], [ -93.971291, 42.979162 ], [ -93.971431, 42.96558 ], [ -93.971479, 42.951109 ], [ -93.971379, 42.936658 ], [ -93.971286, 42.92223 ], [ -93.971233, 42.91504 ], [ -93.971238, 42.907762 ], [ -93.960544, 42.907815 ], [ -93.950478, 42.907865 ], [ -93.930888, 42.907998 ], [ -93.930103, 42.90798 ], [ -93.911257, 42.908197 ], [ -93.891634, 42.908314 ], [ -93.882496, 42.908424 ], [ -93.881656, 42.908411 ], [ -93.875223, 42.908309 ], [ -93.871911, 42.908491 ], [ -93.852343, 42.908554 ], [ -93.832616, 42.908684 ], [ -93.812895, 42.908756 ], [ -93.804808, 42.908717 ], [ -93.793196, 42.908642 ], [ -93.773505, 42.908607 ], [ -93.76323, 42.908601 ], [ -93.753824, 42.908592 ], [ -93.750216, 42.908453 ], [ -93.734125, 42.908016 ], [ -93.724653, 42.908578 ], [ -93.715031, 42.908549 ], [ -93.705204, 42.90852 ], [ -93.695336, 42.908491 ], [ -93.685463, 42.908462 ], [ -93.675663, 42.908467 ], [ -93.655926, 42.908432 ], [ -93.654, 42.90843 ], [ -93.641057, 42.908509 ], [ -93.636286, 42.908519 ], [ -93.616547, 42.908544 ], [ -93.614765, 42.908526 ], [ -93.59758, 42.90858 ], [ -93.596516, 42.908575 ], [ -93.587559, 42.90863 ], [ -93.577697, 42.908697 ], [ -93.557916, 42.90869 ], [ -93.538131, 42.908612 ], [ -93.528323, 42.908611 ], [ -93.518409, 42.908537 ], [ -93.498617, 42.908512 ], [ -93.498486, 42.922964 ], [ -93.498276, 42.937398 ], [ -93.498205, 42.95186 ], [ -93.498129, 42.96633 ], [ -93.497989, 42.980818 ], [ -93.497837, 42.995254 ], [ -93.497783, 43.009727 ], [ -93.4978, 43.024211 ], [ -93.497827, 43.034626 ], [ -93.497812, 43.038712 ], [ -93.49779, 43.047945 ], [ -93.497758, 43.053194 ], [ -93.497792, 43.067666 ], [ -93.497735, 43.083147 ], [ -93.497743, 43.090394 ], [ -93.497748, 43.097636 ], [ -93.497712, 43.108532 ], [ -93.497701, 43.110563 ], [ -93.497651, 43.117497 ], [ -93.497649, 43.119049 ], [ -93.497725, 43.126566 ], [ -93.497731, 43.126788 ], [ -93.497728, 43.127199 ], [ -93.497716, 43.141083 ], [ -93.497633, 43.155553 ], [ -93.497659, 43.169704 ] ] ] ] } },
{ "type": "Feature", "properties": { "id": 55, "NAME": "55", "TotalPop": 32332, "PopDevPct": 0.01342509, "DemPct": 0.2436147, "RepPct": 0.74329027, "WhitePct": 0.92332731, "MinorityPct": 0.07667269, "BlackPct": 0.01237693, "HispanicPct": 0.04239502, "PacificPct": 0.00458107, "AsianPct": 0.00691179, "NativePct": 0.01024714, "TotalVAP": 24885, "Margin": -0.49967557, "color": "#960018", "opacity": "0.5", "DemPct2": 0.26117822, "RepPct2": 0.72290605, "Margin2": -0.46172783, "Swing": -0.03794774, "R_Margin": -0.3713923532000001, "R_Margin2": -0.3842746431, "R_Swing": 0.012882289899999885, "Majority": "White" }, "geometry": { "type": "MultiPolygon", "coordinates": [ [ [ [ -95.175405, 42.624299 ], [ -95.175379, 42.625448 ], [ -95.177054, 42.628981 ], [ -95.177148, 42.630495 ], [ -95.178614, 42.631728 ], [ -95.181178, 42.632723 ], [ -95.183452, 42.63278 ], [ -95.184405, 42.63407 ], [ -95.186909, 42.635095 ], [ -95.191163, 42.635816 ], [ -95.194174, 42.63521 ], [ -95.195356, 42.633766 ], [ -95.197392, 42.635039 ], [ -95.20102, 42.636507 ], [ -95.204147, 42.637393 ], [ -95.210116, 42.637436 ], [ -95.210459, 42.637425 ], [ -95.212033, 42.639296 ], [ -95.213322, 42.639638 ], [ -95.213752, 42.64086 ], [ -95.215597, 42.641511 ], [ -95.219649, 42.642426 ], [ -95.223793, 42.642652 ], [ -95.226158, 42.642327 ], [ -95.229957, 42.642336 ], [ -95.233336, 42.640632 ], [ -95.233341, 42.638842 ], [ -95.234029, 42.637632 ], [ -95.237205, 42.637063 ], [ -95.238346, 42.636057 ], [ -95.238424, 42.635939 ], [ -95.236914, 42.634251 ], [ -95.235781, 42.631767 ], [ -95.235873, 42.629212 ], [ -95.235473, 42.627493 ], [ -95.236321, 42.626636 ], [ -95.236031, 42.625425 ], [ -95.236034, 42.623986 ], [ -95.235847, 42.623985 ], [ -95.235934, 42.618877 ], [ -95.234715, 42.618878 ], [ -95.234753, 42.615257 ], [ -95.237996, 42.615239 ], [ -95.237997, 42.616963 ], [ -95.239627, 42.616951 ], [ -95.239647, 42.618878 ], [ -95.239712, 42.623977 ], [ -95.239759, 42.627772 ], [ -95.239773, 42.62888 ], [ -95.24132, 42.629314 ], [ -95.2447, 42.629344 ], [ -95.244748, 42.632574 ], [ -95.245436, 42.633373 ], [ -95.24348, 42.633382 ], [ -95.242392, 42.634502 ], [ -95.242371, 42.633388 ], [ -95.241601, 42.633395 ], [ -95.239748, 42.633414 ], [ -95.238551, 42.636074 ], [ -95.237335, 42.637675 ], [ -95.234672, 42.640142 ], [ -95.232049, 42.641604 ], [ -95.230238, 42.643178 ], [ -95.230251, 42.644728 ], [ -95.231952, 42.644715 ], [ -95.231972, 42.646198 ], [ -95.230269, 42.646211 ], [ -95.230288, 42.647509 ], [ -95.24365, 42.647587 ], [ -95.249937, 42.647632 ], [ -95.250004, 42.64757 ], [ -95.259755, 42.647549 ], [ -95.269953, 42.647535 ], [ -95.269927, 42.662037 ], [ -95.269897, 42.663768 ], [ -95.269908, 42.664035 ], [ -95.269919, 42.665431 ], [ -95.269863, 42.676554 ], [ -95.269853, 42.691077 ], [ -95.269831, 42.698341 ], [ -95.269791, 42.705579 ], [ -95.269751, 42.72011 ], [ -95.26971, 42.734302 ], [ -95.289406, 42.734309 ], [ -95.297381, 42.734317 ], [ -95.309095, 42.734342 ], [ -95.328793, 42.734346 ], [ -95.341087, 42.734338 ], [ -95.348466, 42.734338 ], [ -95.362404, 42.73438 ], [ -95.368144, 42.734325 ], [ -95.3875, 42.734301 ], [ -95.387559, 42.726928 ], [ -95.387616, 42.720304 ], [ -95.387744, 42.705813 ], [ -95.387781, 42.701759 ], [ -95.38779, 42.70159 ], [ -95.387871, 42.691295 ], [ -95.387984, 42.676814 ], [ -95.388043, 42.662301 ], [ -95.388185, 42.647797 ], [ -95.388232, 42.634404 ], [ -95.388238, 42.619902 ], [ -95.388084, 42.605364 ], [ -95.388065, 42.590869 ], [ -95.38806, 42.590712 ], [ -95.38799, 42.576368 ], [ -95.387988, 42.569048 ], [ -95.38801, 42.563522 ], [ -95.38801, 42.561742 ], [ -95.391756, 42.56176 ], [ -95.407643, 42.561841 ], [ -95.427257, 42.561836 ], [ -95.442601, 42.561807 ], [ -95.446883, 42.561785 ], [ -95.486115, 42.56184 ], [ -95.491109, 42.561854 ], [ -95.506122, 42.561875 ], [ -95.525745, 42.561857 ], [ -95.535433, 42.561852 ], [ -95.545293, 42.56185 ], [ -95.555372, 42.561843 ], [ -95.565024, 42.5618 ], [ -95.58468, 42.561789 ], [ -95.594486, 42.561779 ], [ -95.604321, 42.561741 ], [ -95.623127, 42.561658 ], [ -95.632997, 42.561641 ], [ -95.642768, 42.561593 ], [ -95.662405, 42.561559 ], [ -95.68205, 42.561361 ], [ -95.710978, 42.561335 ], [ -95.721291, 42.561288 ], [ -95.721494, 42.561289 ], [ -95.730336, 42.561299 ], [ -95.741611, 42.561285 ], [ -95.741216, 42.537521 ], [ -95.741132, 42.531494 ], [ -95.741203, 42.530436 ], [ -95.741258, 42.525463 ], [ -95.74143, 42.521511 ], [ -95.741397, 42.51965 ], [ -95.741527, 42.499987 ], [ -95.741541, 42.489103 ], [ -95.741821, 42.474865 ], [ -95.721835, 42.474878 ], [ -95.708268, 42.47479 ], [ -95.702035, 42.474773 ], [ -95.682551, 42.474664 ], [ -95.673585, 42.474628 ], [ -95.669265, 42.474645 ], [ -95.669247, 42.471139 ], [ -95.669239, 42.468149 ], [ -95.669203, 42.467201 ], [ -95.669179, 42.466135 ], [ -95.66922, 42.464512 ], [ -95.669176, 42.460987 ], [ -95.669141, 42.457351 ], [ -95.669299, 42.442807 ], [ -95.669317, 42.4284 ], [ -95.669629, 42.41386 ], [ -95.669546, 42.403069 ], [ -95.669569, 42.399284 ], [ -95.670041, 42.396586 ], [ -95.670036, 42.392081 ], [ -95.670036, 42.391892 ], [ -95.670021, 42.38479 ], [ -95.669597, 42.374996 ], [ -95.670142, 42.370527 ], [ -95.670316, 42.356081 ], [ -95.670705, 42.345813 ], [ -95.670333, 42.341509 ], [ -95.670477, 42.327034 ], [ -95.670917, 42.325078 ], [ -95.670842, 42.312575 ], [ -95.67044, 42.305382 ], [ -95.670396, 42.298091 ], [ -95.670239, 42.28733 ], [ -95.670221, 42.283715 ], [ -95.670088, 42.280304 ], [ -95.66989, 42.27418 ], [ -95.670221, 42.26966 ], [ -95.67031, 42.268446 ], [ -95.669921, 42.262788 ], [ -95.670037, 42.257792 ], [ -95.670368, 42.25723 ], [ -95.670387, 42.254764 ], [ -95.67038, 42.253557 ], [ -95.670282, 42.244096 ], [ -95.670352, 42.240248 ], [ -95.670374, 42.238884 ], [ -95.670149, 42.231172 ], [ -95.670555, 42.225758 ], [ -95.670618, 42.218515 ], [ -95.670822, 42.211408 ], [ -95.669752, 42.211273 ], [ -95.652718, 42.211321 ], [ -95.642985, 42.211259 ], [ -95.633574, 42.211205 ], [ -95.633285, 42.211196 ], [ -95.613739, 42.211118 ], [ -95.613668, 42.211118 ], [ -95.608789, 42.211106 ], [ -95.603767, 42.211092 ], [ -95.594239, 42.211071 ], [ -95.589232, 42.211005 ], [ -95.574593, 42.211042 ], [ -95.564995, 42.210947 ], [ -95.555382, 42.21093 ], [ -95.546009, 42.21094 ], [ -95.536605, 42.210951 ], [ -95.527332, 42.210886 ], [ -95.497715, 42.210798 ], [ -95.478297, 42.210786 ], [ -95.458879, 42.210786 ], [ -95.439395, 42.210701 ], [ -95.42043, 42.210736 ], [ -95.400992, 42.210743 ], [ -95.38157, 42.210862 ], [ -95.362167, 42.210854 ], [ -95.355369, 42.21083 ], [ -95.342769, 42.210824 ], [ -95.32816, 42.210906 ], [ -95.323497, 42.210932 ], [ -95.323039, 42.210933 ], [ -95.320846, 42.210628 ], [ -95.320269, 42.210799 ], [ -95.318857, 42.210925 ], [ -95.304046, 42.210884 ], [ -95.295674, 42.210851 ], [ -95.284678, 42.210807 ], [ -95.265264, 42.210755 ], [ -95.256837, 42.210764 ], [ -95.254866, 42.211016 ], [ -95.254779, 42.210796 ], [ -95.248311, 42.210895 ], [ -95.246273, 42.210773 ], [ -95.24567, 42.210773 ], [ -95.231432, 42.210845 ], [ -95.22647, 42.210867 ], [ -95.210545, 42.21088 ], [ -95.207045, 42.210885 ], [ -95.194444, 42.210823 ], [ -95.194212, 42.210822 ], [ -95.192101, 42.210811 ], [ -95.187901, 42.210791 ], [ -95.187661, 42.210791 ], [ -95.168398, 42.210827 ], [ -95.16336, 42.210796 ], [ -95.149045, 42.210728 ], [ -95.129673, 42.210638 ], [ -95.119755, 42.210627 ], [ -95.110304, 42.210599 ], [ -95.090851, 42.210405 ], [ -95.072265, 42.210415 ], [ -95.052864, 42.210326 ], [ -95.033495, 42.210272 ], [ -95.025246, 42.21025 ], [ -95.01411, 42.210172 ], [ -94.994683, 42.210019 ], [ -94.990567, 42.209995 ], [ -94.975249, 42.209936 ], [ -94.955616, 42.209839 ], [ -94.936146, 42.209841 ], [ -94.916708, 42.209856 ], [ -94.89727, 42.209793 ], [ -94.877836, 42.209789 ], [ -94.858412, 42.209692 ], [ -94.841592, 42.209764 ], [ -94.822743, 42.209691 ], [ -94.803304, 42.209752 ], [ -94.783847, 42.209681 ], [ -94.780059, 42.209669 ], [ -94.774198, 42.20966 ], [ -94.754779, 42.209461 ], [ -94.750258, 42.209332 ], [ -94.744903, 42.209523 ], [ -94.725798, 42.209609 ], [ -94.70802, 42.209673 ], [ -94.706412, 42.209598 ], [ -94.69934, 42.209605 ], [ -94.696852, 42.209456 ], [ -94.686947, 42.209492 ], [ -94.674807, 42.209658 ], [ -94.667486, 42.209537 ], [ -94.648259, 42.209542 ], [ -94.645024, 42.209427 ], [ -94.628806, 42.209396 ], [ -94.628586, 42.209569 ], [ -94.610141, 42.209536 ], [ -94.590694, 42.20948 ], [ -94.571266, 42.209426 ], [ -94.553883, 42.2094 ], [ -94.542198, 42.209402 ], [ -94.532485, 42.209368 ], [ -94.522823, 42.209269 ], [ -94.513105, 42.209319 ], [ -94.494602, 42.20931 ], [ -94.475206, 42.209312 ], [ -94.455865, 42.20932 ], [ -94.451008, 42.209337 ], [ -94.436372, 42.209296 ], [ -94.435159, 42.209282 ], [ -94.427061, 42.209224 ], [ -94.426653, 42.209016 ], [ -94.423415, 42.209243 ], [ -94.417098, 42.209243 ], [ -94.397682, 42.209084 ], [ -94.397526, 42.209161 ], [ -94.397633, 42.223627 ], [ -94.397694, 42.238087 ], [ -94.397735, 42.252586 ], [ -94.397658, 42.267063 ], [ -94.397637, 42.273548 ], [ -94.39765, 42.274284 ], [ -94.397625, 42.275224 ], [ -94.397616, 42.277893 ], [ -94.39759, 42.281505 ], [ -94.397539, 42.29612 ], [ -94.397474, 42.308207 ], [ -94.39745, 42.310632 ], [ -94.397356, 42.325168 ], [ -94.397367, 42.336269 ], [ -94.397371, 42.339624 ], [ -94.397322, 42.354125 ], [ -94.397254, 42.368628 ], [ -94.397182, 42.383745 ], [ -94.397092, 42.396004 ], [ -94.397217, 42.398215 ], [ -94.397248, 42.406555 ], [ -94.397392, 42.427198 ], [ -94.397454, 42.441664 ], [ -94.397429, 42.449352 ], [ -94.397433, 42.449613 ], [ -94.397476, 42.45619 ], [ -94.397562, 42.463545 ], [ -94.397671, 42.4733 ], [ -94.403565, 42.473313 ], [ -94.411125, 42.473326 ], [ -94.417054, 42.47333 ], [ -94.418387, 42.473343 ], [ -94.431968, 42.473362 ], [ -94.43654, 42.47336 ], [ -94.443033, 42.473378 ], [ -94.443034, 42.483418 ], [ -94.443183, 42.487832 ], [ -94.443064, 42.491337 ], [ -94.443122, 42.499972 ], [ -94.44298, 42.502278 ], [ -94.44308, 42.517173 ], [ -94.443111, 42.518667 ], [ -94.443077, 42.531203 ], [ -94.443062, 42.535974 ], [ -94.443089, 42.537585 ], [ -94.44308, 42.545613 ], [ -94.443024, 42.558843 ], [ -94.462596, 42.558874 ], [ -94.480904, 42.558847 ], [ -94.490948, 42.55886 ], [ -94.500485, 42.558869 ], [ -94.520045, 42.558782 ], [ -94.539619, 42.558786 ], [ -94.560114, 42.559219 ], [ -94.579676, 42.559447 ], [ -94.590109, 42.559579 ], [ -94.599003, 42.559579 ], [ -94.604201, 42.559595 ], [ -94.608917, 42.559605 ], [ -94.618853, 42.56 ], [ -94.638398, 42.559767 ], [ -94.657927, 42.559624 ], [ -94.66769, 42.559471 ], [ -94.678125, 42.559208 ], [ -94.68781, 42.559284 ], [ -94.697407, 42.559303 ], [ -94.717036, 42.559262 ], [ -94.717038, 42.559379 ], [ -94.723562, 42.559247 ], [ -94.736648, 42.559421 ], [ -94.745539, 42.559518 ], [ -94.756456, 42.559535 ], [ -94.766242, 42.559526 ], [ -94.775841, 42.559496 ], [ -94.796398, 42.559617 ], [ -94.815952, 42.559787 ], [ -94.835682, 42.559939 ], [ -94.842781, 42.559981 ], [ -94.855361, 42.560072 ], [ -94.8646, 42.560095 ], [ -94.874926, 42.56015 ], [ -94.894615, 42.560257 ], [ -94.904641, 42.56028 ], [ -94.914485, 42.560309 ], [ -94.914648, 42.560493 ], [ -94.91485, 42.574803 ], [ -94.915023, 42.589283 ], [ -94.915032, 42.591812 ], [ -94.915056, 42.596529 ], [ -94.915115, 42.603799 ], [ -94.915292, 42.618281 ], [ -94.915424, 42.632775 ], [ -94.915495, 42.640023 ], [ -94.915564, 42.647129 ], [ -94.915569, 42.655077 ], [ -94.915448, 42.66166 ], [ -94.915362, 42.665287 ], [ -94.915135, 42.676156 ], [ -94.915068, 42.679992 ], [ -94.914856, 42.690653 ], [ -94.914662, 42.702294 ], [ -94.914613, 42.705154 ], [ -94.914275, 42.719615 ], [ -94.914094, 42.726956 ], [ -94.913927, 42.734438 ], [ -94.923166, 42.734439 ], [ -94.930461, 42.734362 ], [ -94.933606, 42.734402 ], [ -94.953299, 42.734428 ], [ -94.972975, 42.734422 ], [ -94.992657, 42.734376 ], [ -95.012347, 42.734358 ], [ -95.028185, 42.734365 ], [ -95.033352, 42.734364 ], [ -95.053032, 42.734366 ], [ -95.072453, 42.734315 ], [ -95.082301, 42.73428 ], [ -95.092255, 42.734283 ], [ -95.092618, 42.734283 ], [ -95.111832, 42.734292 ], [ -95.131528, 42.734291 ], [ -95.151303, 42.734284 ], [ -95.151493, 42.719874 ], [ -95.151508, 42.7172 ], [ -95.151556, 42.709422 ], [ -95.151417, 42.705366 ], [ -95.151298, 42.702152 ], [ -95.151455, 42.697899 ], [ -95.151512, 42.69086 ], [ -95.151532, 42.689307 ], [ -95.151583, 42.676359 ], [ -95.151697, 42.661838 ], [ -95.15188, 42.656043 ], [ -95.151739, 42.647327 ], [ -95.151689, 42.636453 ], [ -95.151654, 42.635219 ], [ -95.151646, 42.632862 ], [ -95.151633, 42.631306 ], [ -95.151639, 42.628427 ], [ -95.156689, 42.628486 ], [ -95.156682, 42.626286 ], [ -95.158083, 42.6263 ], [ -95.158066, 42.622683 ], [ -95.166318, 42.622782 ], [ -95.166334, 42.626387 ], [ -95.171188, 42.626432 ], [ -95.171209, 42.622227 ], [ -95.171654, 42.622216 ], [ -95.172507, 42.624314 ], [ -95.174377, 42.624302 ], [ -95.175405, 42.624299 ] ] ] ] } },
{ "type": "Feature", "properties": { "id": 56, "NAME": "56", "TotalPop": 31621, "PopDevPct": -0.00886073, "DemPct": 0.31056459, "RepPct": 0.67383969, "WhitePct": 0.74333403, "MinorityPct": 0.25666597, "BlackPct": 0.02052994, "HispanicPct": 0.15288963, "PacificPct": 0.01326935, "AsianPct": 0.05733361, "NativePct": 0.0128938, "TotalVAP": 23965, "Margin": -0.3632751, "color": "#960018", "opacity": "0.5", "DemPct2": 0.33799175, "RepPct2": 0.64258263, "Margin2": -0.30459088, "Swing": -0.05868422, "R_Margin": -0.2349918832, "R_Margin2": -0.2271376931000001, "R_Swing": -0.0078541900999999498, "Majority": "White" }, "geometry": { "type": "MultiPolygon", "coordinates": [ [ [ [ -95.151739, 42.647327 ], [ -95.15188, 42.656043 ], [ -95.151697, 42.661838 ], [ -95.151583, 42.676359 ], [ -95.151532, 42.689307 ], [ -95.151512, 42.69086 ], [ -95.151455, 42.697899 ], [ -95.151298, 42.702152 ], [ -95.151417, 42.705366 ], [ -95.151556, 42.709422 ], [ -95.151508, 42.7172 ], [ -95.151493, 42.719874 ], [ -95.151303, 42.734284 ], [ -95.131528, 42.734291 ], [ -95.111832, 42.734292 ], [ -95.092618, 42.734283 ], [ -95.092255, 42.734283 ], [ -95.082301, 42.73428 ], [ -95.072453, 42.734315 ], [ -95.053032, 42.734366 ], [ -95.033352, 42.734364 ], [ -95.028185, 42.734365 ], [ -95.012347, 42.734358 ], [ -94.992657, 42.734376 ], [ -94.972975, 42.734422 ], [ -94.953299, 42.734428 ], [ -94.933606, 42.734402 ], [ -94.930461, 42.734362 ], [ -94.923166, 42.734439 ], [ -94.913927, 42.734438 ], [ -94.913851, 42.748832 ], [ -94.91387, 42.763434 ], [ -94.91387, 42.777931 ], [ -94.913858, 42.792438 ], [ -94.913865, 42.79972 ], [ -94.913862, 42.806951 ], [ -94.913865, 42.82178 ], [ -94.913862, 42.829067 ], [ -94.913869, 42.83632 ], [ -94.913835, 42.850786 ], [ -94.91384, 42.855374 ], [ -94.913865, 42.865326 ], [ -94.913899, 42.874885 ], [ -94.913917, 42.875117 ], [ -94.913967, 42.875743 ], [ -94.913967, 42.875815 ], [ -94.913967, 42.876049 ], [ -94.913967, 42.876062 ], [ -94.913962, 42.87608 ], [ -94.913967, 42.876095 ], [ -94.913951, 42.87637 ], [ -94.913907, 42.877195 ], [ -94.913892, 42.877471 ], [ -94.913884, 42.879809 ], [ -94.913903, 42.894315 ], [ -94.913894, 42.903955 ], [ -94.914133, 42.904201 ], [ -94.91389, 42.9097 ], [ -94.913892, 42.92422 ], [ -94.913859, 42.9387 ], [ -94.913838, 42.947886 ], [ -94.913823, 42.953229 ], [ -94.913838, 42.96773 ], [ -94.91385, 42.982237 ], [ -94.913864, 42.995794 ], [ -94.913848, 43.003174 ], [ -94.91381, 43.010245 ], [ -94.913683, 43.024723 ], [ -94.913661, 43.035967 ], [ -94.913651, 43.039171 ], [ -94.913696, 43.0536 ], [ -94.91374, 43.067992 ], [ -94.913746, 43.075143 ], [ -94.91357, 43.083078 ], [ -94.913617, 43.097514 ], [ -94.91365, 43.111951 ], [ -94.913594, 43.123859 ], [ -94.913566, 43.126344 ], [ -94.913568, 43.133335 ], [ -94.91357, 43.13369 ], [ -94.913597, 43.140793 ], [ -94.913609, 43.155211 ], [ -94.913605, 43.158813 ], [ -94.91346, 43.164374 ], [ -94.913459, 43.168747 ], [ -94.913566, 43.179662 ], [ -94.913567, 43.179819 ], [ -94.913606, 43.186299 ], [ -94.913672, 43.193672 ], [ -94.913656, 43.202281 ], [ -94.913642, 43.20484 ], [ -94.913678, 43.212176 ], [ -94.913651, 43.226523 ], [ -94.913714, 43.240975 ], [ -94.913723, 43.255054 ], [ -94.933635, 43.25506 ], [ -94.941093, 43.25508 ], [ -94.953412, 43.255115 ], [ -94.972032, 43.255177 ], [ -94.974218, 43.255183 ], [ -94.992955, 43.255211 ], [ -95.0128, 43.255237 ], [ -95.022274, 43.255288 ], [ -95.032853, 43.255304 ], [ -95.0426, 43.255329 ], [ -95.052457, 43.255404 ], [ -95.072471, 43.255387 ], [ -95.092263, 43.255435 ], [ -95.11211, 43.255488 ], [ -95.131927, 43.255469 ], [ -95.142089, 43.255613 ], [ -95.149935, 43.255479 ], [ -95.15024, 43.255478 ], [ -95.170076, 43.255482 ], [ -95.189924, 43.25549 ], [ -95.209728, 43.255468 ], [ -95.229553, 43.255455 ], [ -95.240953, 43.255424 ], [ -95.241625, 43.255421 ], [ -95.259945, 43.255404 ], [ -95.269263, 43.255373 ], [ -95.27916, 43.255358 ], [ -95.289066, 43.255344 ], [ -95.308903, 43.255328 ], [ -95.321242, 43.255321 ], [ -95.321433, 43.255321 ], [ -95.32867, 43.255317 ], [ -95.348524, 43.255314 ], [ -95.368357, 43.255228 ], [ -95.388078, 43.255221 ], [ -95.388076, 43.241762 ], [ -95.388183, 43.241293 ], [ -95.388154, 43.230833 ], [ -95.388153, 43.230669 ], [ -95.388262, 43.220304 ], [ -95.388173, 43.212993 ], [ -95.388167, 43.198584 ], [ -95.38813, 43.19141 ], [ -95.388093, 43.184213 ], [ -95.387943, 43.169826 ], [ -95.387915, 43.166923 ], [ -95.387893, 43.164796 ], [ -95.387882, 43.163739 ], [ -95.38781, 43.156494 ], [ -95.387782, 43.149008 ], [ -95.387756, 43.142066 ], [ -95.387747, 43.130334 ], [ -95.387746, 43.129276 ], [ -95.387745, 43.127499 ], [ -95.387838, 43.113108 ], [ -95.387909, 43.105563 ], [ -95.387975, 43.098595 ], [ -95.388032, 43.091185 ], [ -95.388086, 43.084146 ], [ -95.38818, 43.068528 ], [ -95.388305, 43.054032 ], [ -95.388398, 43.039541 ], [ -95.388511, 43.025053 ], [ -95.388627, 43.010567 ], [ -95.388757, 42.996159 ], [ -95.388264, 42.982142 ], [ -95.388262, 42.965151 ], [ -95.388195, 42.960559 ], [ -95.388014, 42.953188 ], [ -95.388314, 42.938772 ], [ -95.38831, 42.938737 ], [ -95.388259, 42.935044 ], [ -95.388253, 42.93464 ], [ -95.388149, 42.920663 ], [ -95.388182, 42.909897 ], [ -95.388194, 42.901695 ], [ -95.388138, 42.8943 ], [ -95.388155, 42.888982 ], [ -95.388042, 42.879837 ], [ -95.388149, 42.865378 ], [ -95.388036, 42.85089 ], [ -95.387874, 42.836376 ], [ -95.387778, 42.821877 ], [ -95.387772, 42.817252 ], [ -95.387815, 42.806692 ], [ -95.387795, 42.7922 ], [ -95.387795, 42.777732 ], [ -95.387769, 42.76325 ], [ -95.387563, 42.748767 ], [ -95.387498, 42.741548 ], [ -95.387487, 42.73867 ], [ -95.3875, 42.734301 ], [ -95.368144, 42.734325 ], [ -95.362404, 42.73438 ], [ -95.348466, 42.734338 ], [ -95.341087, 42.734338 ], [ -95.328793, 42.734346 ], [ -95.309095, 42.734342 ], [ -95.297381, 42.734317 ], [ -95.289406, 42.734309 ], [ -95.26971, 42.734302 ], [ -95.269751, 42.72011 ], [ -95.269791, 42.705579 ], [ -95.269831, 42.698341 ], [ -95.269853, 42.691077 ], [ -95.269863, 42.676554 ], [ -95.269919, 42.665431 ], [ -95.269908, 42.664035 ], [ -95.269897, 42.663768 ], [ -95.269927, 42.662037 ], [ -95.269953, 42.647535 ], [ -95.259755, 42.647549 ], [ -95.250004, 42.64757 ], [ -95.249937, 42.647632 ], [ -95.24365, 42.647587 ], [ -95.230288, 42.647509 ], [ -95.230269, 42.646211 ], [ -95.231972, 42.646198 ], [ -95.231952, 42.644715 ], [ -95.230251, 42.644728 ], [ -95.230238, 42.643178 ], [ -95.232049, 42.641604 ], [ -95.234672, 42.640142 ], [ -95.237335, 42.637675 ], [ -95.238551, 42.636074 ], [ -95.239748, 42.633414 ], [ -95.241601, 42.633395 ], [ -95.242371, 42.633388 ], [ -95.242392, 42.634502 ], [ -95.24348, 42.633382 ], [ -95.245436, 42.633373 ], [ -95.244748, 42.632574 ], [ -95.2447, 42.629344 ], [ -95.24132, 42.629314 ], [ -95.239773, 42.62888 ], [ -95.239759, 42.627772 ], [ -95.239712, 42.623977 ], [ -95.239647, 42.618878 ], [ -95.239627, 42.616951 ], [ -95.237997, 42.616963 ], [ -95.237996, 42.615239 ], [ -95.234753, 42.615257 ], [ -95.234715, 42.618878 ], [ -95.235934, 42.618877 ], [ -95.235847, 42.623985 ], [ -95.236034, 42.623986 ], [ -95.236031, 42.625425 ], [ -95.236321, 42.626636 ], [ -95.235473, 42.627493 ], [ -95.235873, 42.629212 ], [ -95.235781, 42.631767 ], [ -95.236914, 42.634251 ], [ -95.238424, 42.635939 ], [ -95.238346, 42.636057 ], [ -95.237205, 42.637063 ], [ -95.234029, 42.637632 ], [ -95.233341, 42.638842 ], [ -95.233336, 42.640632 ], [ -95.229957, 42.642336 ], [ -95.226158, 42.642327 ], [ -95.223793, 42.642652 ], [ -95.219649, 42.642426 ], [ -95.215597, 42.641511 ], [ -95.213752, 42.64086 ], [ -95.213322, 42.639638 ], [ -95.212033, 42.639296 ], [ -95.210459, 42.637425 ], [ -95.210116, 42.637436 ], [ -95.204147, 42.637393 ], [ -95.20102, 42.636507 ], [ -95.197392, 42.635039 ], [ -95.195356, 42.633766 ], [ -95.194174, 42.63521 ], [ -95.191163, 42.635816 ], [ -95.186909, 42.635095 ], [ -95.184405, 42.63407 ], [ -95.183452, 42.63278 ], [ -95.181178, 42.632723 ], [ -95.178614, 42.631728 ], [ -95.177148, 42.630495 ], [ -95.177054, 42.628981 ], [ -95.175379, 42.625448 ], [ -95.175405, 42.624299 ], [ -95.174377, 42.624302 ], [ -95.172507, 42.624314 ], [ -95.171654, 42.622216 ], [ -95.171209, 42.622227 ], [ -95.171188, 42.626432 ], [ -95.166334, 42.626387 ], [ -95.166318, 42.622782 ], [ -95.158066, 42.622683 ], [ -95.158083, 42.6263 ], [ -95.156682, 42.626286 ], [ -95.156689, 42.628486 ], [ -95.151639, 42.628427 ], [ -95.151633, 42.631306 ], [ -95.151646, 42.632862 ], [ -95.151654, 42.635219 ], [ -95.151689, 42.636453 ], [ -95.151739, 42.647327 ] ] ] ] } },
{ "type": "Feature", "properties": { "id": 57, "NAME": "57", "TotalPop": 30522, "PopDevPct": -0.04330816, "DemPct": 0.21574872, "RepPct": 0.77001374, "WhitePct": 0.91596141, "MinorityPct": 0.08403859, "BlackPct": 0.01024035, "HispanicPct": 0.05238659, "PacificPct": 0.00220041, "AsianPct": 0.00596649, "NativePct": 0.0109174, "TotalVAP": 23632, "Margin": -0.55426502, "color": "#960018", "opacity": "0.5", "DemPct2": 0.23832509, "RepPct2": 0.7471944, "Margin2": -0.50886931, "Swing": -0.04539571, "R_Margin": -0.4259818032, "R_Margin2": -0.4314161231, "R_Swing": 0.0054343199, "Majority": "White" }, "geometry": { "type": "MultiPolygon", "coordinates": [ [ [ [ -95.388078, 43.255221 ], [ -95.388065, 43.269694 ], [ -95.38809, 43.284165 ], [ -95.387994, 43.298669 ], [ -95.387914, 43.30601 ], [ -95.387857, 43.313158 ], [ -95.387736, 43.327662 ], [ -95.387678, 43.334848 ], [ -95.38759, 43.342237 ], [ -95.397542, 43.342203 ], [ -95.407499, 43.34227 ], [ -95.417492, 43.342313 ], [ -95.42429, 43.342343 ], [ -95.427405, 43.342357 ], [ -95.447236, 43.342425 ], [ -95.457184, 43.342492 ], [ -95.467047, 43.34255 ], [ -95.468194, 43.34256 ], [ -95.476969, 43.342626 ], [ -95.48666, 43.342711 ], [ -95.491759, 43.342714 ], [ -95.50533, 43.342742 ], [ -95.514878, 43.342907 ], [ -95.525155, 43.343195 ], [ -95.544997, 43.343646 ], [ -95.564872, 43.344083 ], [ -95.581131, 43.344448 ], [ -95.58471, 43.344527 ], [ -95.604625, 43.345013 ], [ -95.623003, 43.345488 ], [ -95.62299, 43.360027 ], [ -95.622985, 43.37458 ], [ -95.622972, 43.381669 ], [ -95.622961, 43.389103 ], [ -95.623139, 43.403636 ], [ -95.623361, 43.41547 ], [ -95.623427, 43.418175 ], [ -95.623343, 43.419654 ], [ -95.623398, 43.432967 ], [ -95.629265, 43.432849 ], [ -95.64325, 43.432833 ], [ -95.663092, 43.432753 ], [ -95.682964, 43.432741 ], [ -95.702835, 43.432674 ], [ -95.713468, 43.432637 ], [ -95.713848, 43.432635 ], [ -95.722681, 43.432608 ], [ -95.732549, 43.432648 ], [ -95.733647, 43.432663 ], [ -95.741599, 43.432695 ], [ -95.761454, 43.432707 ], [ -95.781311, 43.432715 ], [ -95.801182, 43.432709 ], [ -95.821035, 43.432706 ], [ -95.828742, 43.432707 ], [ -95.830961, 43.432708 ], [ -95.840936, 43.432692 ], [ -95.860658, 43.432664 ], [ -95.86061, 43.41801 ], [ -95.860579, 43.410695 ], [ -95.860517, 43.403492 ], [ -95.860415, 43.38901 ], [ -95.860436, 43.374485 ], [ -95.860455, 43.367236 ], [ -95.860445, 43.359993 ], [ -95.860475, 43.345502 ], [ -95.860736, 43.330047 ], [ -95.86095, 43.315538 ], [ -95.861175, 43.301046 ], [ -95.861273, 43.293797 ], [ -95.861397, 43.286574 ], [ -95.861696, 43.272085 ], [ -95.861891, 43.260759 ], [ -95.861914, 43.257566 ], [ -95.86221, 43.243932 ], [ -95.862431, 43.229609 ], [ -95.862272, 43.214859 ], [ -95.862207, 43.200317 ], [ -95.862178, 43.191814 ], [ -95.86215, 43.189408 ], [ -95.862118, 43.1858 ], [ -95.861974, 43.184838 ], [ -95.861928, 43.183633 ], [ -95.861899, 43.182439 ], [ -95.861844, 43.18123 ], [ -95.861793, 43.179526 ], [ -95.861564, 43.171322 ], [ -95.861607, 43.167772 ], [ -95.861961, 43.165345 ], [ -95.861458, 43.164438 ], [ -95.861404, 43.160832 ], [ -95.861401, 43.160523 ], [ -95.8614, 43.160431 ], [ -95.861373, 43.157084 ], [ -95.861162, 43.14185 ], [ -95.861039, 43.127286 ], [ -95.860905, 43.112717 ], [ -95.860579, 43.098204 ], [ -95.86029, 43.083699 ], [ -95.860276, 43.069205 ], [ -95.86026, 43.061956 ], [ -95.860271, 43.054745 ], [ -95.860171, 43.040238 ], [ -95.86011, 43.025749 ], [ -95.860081, 43.020055 ], [ -95.86003, 43.011206 ], [ -95.859951, 42.996661 ], [ -95.859777, 42.982093 ], [ -95.859608, 42.967481 ], [ -95.859379, 42.952783 ], [ -95.859337, 42.93951 ], [ -95.859337, 42.938333 ], [ -95.859332, 42.92387 ], [ -95.859377, 42.909097 ], [ -95.859116, 42.895035 ], [ -95.859078, 42.887741 ], [ -95.859026, 42.880511 ], [ -95.858979, 42.866026 ], [ -95.858801, 42.851515 ], [ -95.858761, 42.842809 ], [ -95.858686, 42.837018 ], [ -95.858579, 42.82546 ], [ -95.85857, 42.822509 ], [ -95.858739, 42.813227 ], [ -95.859057, 42.811456 ], [ -95.858827, 42.808011 ], [ -95.859075, 42.796523 ], [ -95.859136, 42.793431 ], [ -95.859415, 42.77886 ], [ -95.859514, 42.764315 ], [ -95.859564, 42.75796 ], [ -95.859811, 42.749765 ], [ -95.860449, 42.735203 ], [ -95.86081, 42.720784 ], [ -95.860626, 42.713598 ], [ -95.860445, 42.706381 ], [ -95.860265, 42.699052 ], [ -95.860118, 42.691848 ], [ -95.860025, 42.677397 ], [ -95.859963, 42.662888 ], [ -95.85996, 42.660834 ], [ -95.859915, 42.648413 ], [ -95.859845, 42.633077 ], [ -95.859689, 42.62593 ], [ -95.859523, 42.618591 ], [ -95.859429, 42.611453 ], [ -95.859303, 42.604065 ], [ -95.859504, 42.589606 ], [ -95.859542, 42.585988 ], [ -95.859709, 42.575072 ], [ -95.859814, 42.567823 ], [ -95.859949, 42.56062 ], [ -95.85367, 42.560583 ], [ -95.839548, 42.56066 ], [ -95.819988, 42.560775 ], [ -95.810756, 42.560819 ], [ -95.800289, 42.560883 ], [ -95.79049, 42.560948 ], [ -95.780817, 42.561121 ], [ -95.779399, 42.561235 ], [ -95.761012, 42.56121 ], [ -95.750287, 42.561106 ], [ -95.741771, 42.561288 ], [ -95.741611, 42.561285 ], [ -95.730336, 42.561299 ], [ -95.721494, 42.561289 ], [ -95.721291, 42.561288 ], [ -95.710978, 42.561335 ], [ -95.68205, 42.561361 ], [ -95.662405, 42.561559 ], [ -95.642768, 42.561593 ], [ -95.632997, 42.561641 ], [ -95.623127, 42.561658 ], [ -95.604321, 42.561741 ], [ -95.594486, 42.561779 ], [ -95.58468, 42.561789 ], [ -95.565024, 42.5618 ], [ -95.555372, 42.561843 ], [ -95.545293, 42.56185 ], [ -95.535433, 42.561852 ], [ -95.525745, 42.561857 ], [ -95.506122, 42.561875 ], [ -95.491109, 42.561854 ], [ -95.486115, 42.56184 ], [ -95.446883, 42.561785 ], [ -95.442601, 42.561807 ], [ -95.427257, 42.561836 ], [ -95.407643, 42.561841 ], [ -95.391756, 42.56176 ], [ -95.38801, 42.561742 ], [ -95.38801, 42.563522 ], [ -95.387988, 42.569048 ], [ -95.38799, 42.576368 ], [ -95.38806, 42.590712 ], [ -95.388065, 42.590869 ], [ -95.388084, 42.605364 ], [ -95.388238, 42.619902 ], [ -95.388232, 42.634404 ], [ -95.388185, 42.647797 ], [ -95.388043, 42.662301 ], [ -95.387984, 42.676814 ], [ -95.387871, 42.691295 ], [ -95.38779, 42.70159 ], [ -95.387781, 42.701759 ], [ -95.387744, 42.705813 ], [ -95.387616, 42.720304 ], [ -95.387559, 42.726928 ], [ -95.3875, 42.734301 ], [ -95.387487, 42.73867 ], [ -95.387498, 42.741548 ], [ -95.387563, 42.748767 ], [ -95.387769, 42.76325 ], [ -95.387795, 42.777732 ], [ -95.387795, 42.7922 ], [ -95.387815, 42.806692 ], [ -95.387772, 42.817252 ], [ -95.387778, 42.821877 ], [ -95.387874, 42.836376 ], [ -95.388036, 42.85089 ], [ -95.388149, 42.865378 ], [ -95.388042, 42.879837 ], [ -95.388155, 42.888982 ], [ -95.388138, 42.8943 ], [ -95.388194, 42.901695 ], [ -95.388182, 42.909897 ], [ -95.388149, 42.920663 ], [ -95.388253, 42.93464 ], [ -95.388259, 42.935044 ], [ -95.38831, 42.938737 ], [ -95.388314, 42.938772 ], [ -95.388014, 42.953188 ], [ -95.388195, 42.960559 ], [ -95.388262, 42.965151 ], [ -95.388264, 42.982142 ], [ -95.388757, 42.996159 ], [ -95.388627, 43.010567 ], [ -95.388511, 43.025053 ], [ -95.388398, 43.039541 ], [ -95.388305, 43.054032 ], [ -95.38818, 43.068528 ], [ -95.388086, 43.084146 ], [ -95.388032, 43.091185 ], [ -95.387975, 43.098595 ], [ -95.387909, 43.105563 ], [ -95.387838, 43.113108 ], [ -95.387745, 43.127499 ], [ -95.387746, 43.129276 ], [ -95.387747, 43.130334 ], [ -95.387756, 43.142066 ], [ -95.387782, 43.149008 ], [ -95.38781, 43.156494 ], [ -95.387882, 43.163739 ], [ -95.387893, 43.164796 ], [ -95.387915, 43.166923 ], [ -95.387943, 43.169826 ], [ -95.388093, 43.184213 ], [ -95.38813, 43.19141 ], [ -95.388167, 43.198584 ], [ -95.388173, 43.212993 ], [ -95.388262, 43.220304 ], [ -95.388153, 43.230669 ], [ -95.388154, 43.230833 ], [ -95.388183, 43.241293 ], [ -95.388076, 43.241762 ], [ -95.388078, 43.255221 ] ] ] ] } },
{ "type": "Feature", "properties": { "id": 58, "NAME": "58", "TotalPop": 31147, "PopDevPct": -0.02371795, "DemPct": 0.23368796, "RepPct": 0.75268592, "WhitePct": 0.95367938, "MinorityPct": 0.04632062, "BlackPct": 0.00466959, "HispanicPct": 0.02113821, "PacificPct": 0.00195956, "AsianPct": 0.00537836, "NativePct": 0.008005, "TotalVAP": 23985, "Margin": -0.51899796, "color": "#960018", "opacity": "0.5", "DemPct2": 0.25800317, "RepPct2": 0.72937137, "Margin2": -0.4713682, "Swing": -0.04762976, "R_Margin": -0.3907147432, "R_Margin2": -0.3939150131, "R_Swing": 0.0032002699, "Majority": "White" }, "geometry": { "type": "MultiPolygon", "coordinates": [ [ [ [ -95.03256, 43.500948 ], [ -95.054181, 43.500955 ], [ -95.076754, 43.501009 ], [ -95.082454, 43.50101 ], [ -95.096698, 43.500961 ], [ -95.104192, 43.500902 ], [ -95.11313, 43.50084 ], [ -95.114741, 43.500829 ], [ -95.122666, 43.500989 ], [ -95.124249, 43.500863 ], [ -95.126806, 43.500643 ], [ -95.133906, 43.500614 ], [ -95.136799, 43.500604 ], [ -95.146511, 43.500535 ], [ -95.151283, 43.500486 ], [ -95.154936, 43.500448 ], [ -95.165798, 43.500768 ], [ -95.167408, 43.500998 ], [ -95.167907, 43.501019 ], [ -95.179917, 43.500909 ], [ -95.201281, 43.500846 ], [ -95.21128, 43.500815 ], [ -95.21493, 43.501016 ], [ -95.222383, 43.500949 ], [ -95.234861, 43.501057 ], [ -95.244844, 43.501196 ], [ -95.25086, 43.50052 ], [ -95.251028, 43.500603 ], [ -95.268968, 43.500548 ], [ -95.279583, 43.500538 ], [ -95.304868, 43.500412 ], [ -95.309123, 43.500446 ], [ -95.319065, 43.500424 ], [ -95.329007, 43.500395 ], [ -95.368803, 43.500246 ], [ -95.387787, 43.500226 ], [ -95.41343, 43.50018 ], [ -95.424809, 43.500114 ], [ -95.427494, 43.500099 ], [ -95.433839, 43.500113 ], [ -95.43425, 43.500415 ], [ -95.454614, 43.500647 ], [ -95.454608, 43.500565 ], [ -95.460448, 43.500469 ], [ -95.474776, 43.500331 ], [ -95.478276, 43.500024 ], [ -95.487376, 43.499998 ], [ -95.492711, 43.500164 ], [ -95.497158, 43.500043 ], [ -95.504899, 43.499964 ], [ -95.514656, 43.499867 ], [ -95.521726, 43.499992 ], [ -95.5245, 43.499856 ], [ -95.524921, 43.49997 ], [ -95.544504, 43.499927 ], [ -95.564744, 43.499926 ], [ -95.584545, 43.499906 ], [ -95.604395, 43.499914 ], [ -95.623257, 43.499905 ], [ -95.626572, 43.499889 ], [ -95.643156, 43.499885 ], [ -95.649093, 43.499891 ], [ -95.663098, 43.499884 ], [ -95.68167, 43.499905 ], [ -95.683064, 43.499898 ], [ -95.683605, 43.499896 ], [ -95.695154, 43.499892 ], [ -95.722669, 43.499917 ], [ -95.741448, 43.49991 ], [ -95.761325, 43.499918 ], [ -95.781374, 43.499945 ], [ -95.797176, 43.500012 ], [ -95.802415, 43.499974 ], [ -95.821129, 43.499992 ], [ -95.833347, 43.500006 ], [ -95.841098, 43.500018 ], [ -95.843562, 43.500021 ], [ -95.849366, 43.500048 ], [ -95.860947, 43.500036 ], [ -95.878544, 43.50008 ], [ -95.900618, 43.500032 ], [ -95.920478, 43.500042 ], [ -95.940504, 43.500104 ], [ -95.960608, 43.500069 ], [ -95.978103, 43.500067 ], [ -95.978286, 43.500067 ], [ -95.998239, 43.500113 ], [ -96.018242, 43.500098 ], [ -96.038215, 43.500115 ], [ -96.055027, 43.500163 ], [ -96.07804, 43.500189 ], [ -96.09462, 43.50017 ], [ -96.096197, 43.500191 ], [ -96.116413, 43.500191 ], [ -96.120224, 43.500146 ], [ -96.155994, 43.500222 ], [ -96.175903, 43.500233 ], [ -96.184479, 43.50022 ], [ -96.199112, 43.500256 ], [ -96.208903, 43.500365 ], [ -96.214014, 43.50029 ], [ -96.222076, 43.500257 ], [ -96.253832, 43.500268 ], [ -96.273143, 43.500273 ], [ -96.273702, 43.500272 ], [ -96.293689, 43.500297 ], [ -96.32966, 43.5003 ], [ -96.332062, 43.500415 ], [ -96.350845, 43.500238 ], [ -96.356196, 43.500295 ], [ -96.370127, 43.500316 ], [ -96.390105, 43.500325 ], [ -96.42986, 43.500359 ], [ -96.446758, 43.500411 ], [ -96.466737, 43.500393 ], [ -96.486629, 43.500392 ], [ -96.508257, 43.500407 ], [ -96.52648, 43.500434 ], [ -96.546448, 43.500413 ], [ -96.577873, 43.500444 ], [ -96.586367, 43.500446 ], [ -96.599191, 43.500456 ], [ -96.598874, 43.498508 ], [ -96.599452, 43.496104 ], [ -96.59803, 43.494541 ], [ -96.595126, 43.49319 ], [ -96.594213, 43.493147 ], [ -96.592378, 43.494209 ], [ -96.590783, 43.494453 ], [ -96.589784, 43.493649 ], [ -96.589965, 43.491864 ], [ -96.586741, 43.491388 ], [ -96.584858, 43.489689 ], [ -96.58505, 43.488187 ], [ -96.586995, 43.487262 ], [ -96.586242, 43.486161 ], [ -96.587261, 43.484853 ], [ -96.586002, 43.483433 ], [ -96.582058, 43.48309 ], [ -96.581084, 43.481462 ], [ -96.581661, 43.480689 ], [ -96.58652, 43.478528 ], [ -96.58672, 43.477357 ], [ -96.584409, 43.475762 ], [ -96.583639, 43.474399 ], [ -96.585319, 43.471257 ], [ -96.585083, 43.47013 ], [ -96.582402, 43.466739 ], [ -96.585259, 43.465002 ], [ -96.587008, 43.464502 ], [ -96.588423, 43.464871 ], [ -96.588836, 43.466694 ], [ -96.589872, 43.465911 ], [ -96.590035, 43.463735 ], [ -96.591106, 43.462675 ], [ -96.594133, 43.462646 ], [ -96.594687, 43.461591 ], [ -96.593727, 43.46081 ], [ -96.59358, 43.459163 ], [ -96.59463, 43.458393 ], [ -96.597268, 43.458438 ], [ -96.59814, 43.45695 ], [ -96.600148, 43.45692 ], [ -96.601238, 43.454619 ], [ -96.599606, 43.452233 ], [ -96.600017, 43.450577 ], [ -96.601073, 43.449972 ], [ -96.60254, 43.450887 ], [ -96.602547, 43.449249 ], [ -96.601366, 43.447978 ], [ -96.600355, 43.446027 ], [ -96.599276, 43.445469 ], [ -96.598943, 43.444441 ], [ -96.599659, 43.442888 ], [ -96.598422, 43.44189 ], [ -96.596392, 43.442156 ], [ -96.596363, 43.441304 ], [ -96.597414, 43.440479 ], [ -96.596456, 43.439473 ], [ -96.596046, 43.43801 ], [ -96.594687, 43.437758 ], [ -96.593574, 43.436654 ], [ -96.594375, 43.434887 ], [ -96.593141, 43.433045 ], [ -96.589544, 43.432202 ], [ -96.587703, 43.431464 ], [ -96.585886, 43.432128 ], [ -96.584903, 43.431595 ], [ -96.583216, 43.432065 ], [ -96.577348, 43.431678 ], [ -96.57615, 43.431882 ], [ -96.57433, 43.43112 ], [ -96.573624, 43.43002 ], [ -96.570512, 43.42869 ], [ -96.569766, 43.426799 ], [ -96.570891, 43.423551 ], [ -96.57237, 43.421538 ], [ -96.572803, 43.420099 ], [ -96.573726, 43.419185 ], [ -96.571494, 43.417956 ], [ -96.568258, 43.416903 ], [ -96.567046, 43.416046 ], [ -96.565046, 43.413398 ], [ -96.564051, 43.412828 ], [ -96.560439, 43.412462 ], [ -96.55963, 43.410741 ], [ -96.559627, 43.409421 ], [ -96.55799, 43.40778 ], [ -96.556978, 43.406062 ], [ -96.554458, 43.406106 ], [ -96.554241, 43.404455 ], [ -96.551985, 43.403756 ], [ -96.548781, 43.403892 ], [ -96.546588, 43.400984 ], [ -96.544881, 43.400007 ], [ -96.545595, 43.397436 ], [ -96.544429, 43.396189 ], [ -96.542765, 43.396019 ], [ -96.541764, 43.397344 ], [ -96.539527, 43.397049 ], [ -96.537459, 43.394909 ], [ -96.536157, 43.394777 ], [ -96.531362, 43.395311 ], [ -96.530015, 43.396157 ], [ -96.530195, 43.397238 ], [ -96.52924, 43.397589 ], [ -96.525242, 43.396072 ], [ -96.524218, 43.394698 ], [ -96.524005, 43.393212 ], [ -96.524434, 43.391231 ], [ -96.523124, 43.389295 ], [ -96.522583, 43.388926 ], [ -96.521671, 43.385762 ], [ -96.522517, 43.383867 ], [ -96.524504, 43.382617 ], [ -96.524459, 43.381825 ], [ -96.522334, 43.380951 ], [ -96.524309, 43.380213 ], [ -96.524405, 43.379175 ], [ -96.523367, 43.377687 ], [ -96.521349, 43.375696 ], [ -96.522155, 43.373333 ], [ -96.522163, 43.372013 ], [ -96.523125, 43.371738 ], [ -96.524298, 43.372651 ], [ -96.525138, 43.372281 ], [ -96.525468, 43.370996 ], [ -96.524762, 43.369859 ], [ -96.526718, 43.368147 ], [ -96.52765, 43.368127 ], [ -96.528715, 43.369298 ], [ -96.529944, 43.369253 ], [ -96.530961, 43.368433 ], [ -96.530907, 43.365997 ], [ -96.529439, 43.364283 ], [ -96.529143, 43.362413 ], [ -96.527569, 43.362556 ], [ -96.5272, 43.358642 ], [ -96.52781, 43.357066 ], [ -96.52722, 43.355286 ], [ -96.525142, 43.353347 ], [ -96.527004, 43.351528 ], [ -96.527766, 43.348543 ], [ -96.526308, 43.347745 ], [ -96.524706, 43.348382 ], [ -96.524567, 43.346892 ], [ -96.526558, 43.344987 ], [ -96.527621, 43.342897 ], [ -96.528661, 43.342162 ], [ -96.530383, 43.34191 ], [ -96.531851, 43.3432 ], [ -96.532828, 43.341778 ], [ -96.531561, 43.339969 ], [ -96.532102, 43.338657 ], [ -96.535022, 43.336674 ], [ -96.534429, 43.334878 ], [ -96.53245, 43.334491 ], [ -96.532491, 43.333573 ], [ -96.531458, 43.331883 ], [ -96.533189, 43.328714 ], [ -96.531705, 43.326453 ], [ -96.528848, 43.324337 ], [ -96.528945, 43.324061 ], [ -96.529009, 43.322472 ], [ -96.52986, 43.321147 ], [ -96.530939, 43.320638 ], [ -96.529104, 43.318947 ], [ -96.527695, 43.318632 ], [ -96.525938, 43.319033 ], [ -96.525824, 43.316899 ], [ -96.527034, 43.315761 ], [ -96.528674, 43.316566 ], [ -96.528636, 43.314504 ], [ -96.527127, 43.312888 ], [ -96.524522, 43.312067 ], [ -96.524104, 43.311029 ], [ -96.525005, 43.310163 ], [ -96.527382, 43.309726 ], [ -96.527631, 43.309078 ], [ -96.529138, 43.309111 ], [ -96.528177, 43.3072 ], [ -96.526909, 43.306284 ], [ -96.527674, 43.304701 ], [ -96.529407, 43.304933 ], [ -96.531612, 43.304467 ], [ -96.532222, 43.302546 ], [ -96.530154, 43.300405 ], [ -96.530691, 43.299713 ], [ -96.537512, 43.298315 ], [ -96.538764, 43.298544 ], [ -96.540498, 43.2958 ], [ -96.541156, 43.295392 ], [ -96.547397, 43.294035 ], [ -96.54995, 43.294209 ], [ -96.550896, 43.293129 ], [ -96.553082, 43.292835 ], [ -96.554938, 43.294025 ], [ -96.555396, 43.295481 ], [ -96.554712, 43.296509 ], [ -96.560879, 43.296087 ], [ -96.56438, 43.294639 ], [ -96.566168, 43.295935 ], [ -96.567981, 43.295238 ], [ -96.570786, 43.296324 ], [ -96.57215, 43.298262 ], [ -96.574542, 43.299064 ], [ -96.577842, 43.298657 ], [ -96.579966, 43.297968 ], [ -96.582947, 43.298125 ], [ -96.584869, 43.297015 ], [ -96.588492, 43.296175 ], [ -96.589274, 43.295265 ], [ -96.588738, 43.292868 ], [ -96.587985, 43.292377 ], [ -96.584891, 43.292968 ], [ -96.581528, 43.295595 ], [ -96.579543, 43.295739 ], [ -96.579176, 43.292473 ], [ -96.580261, 43.291217 ], [ -96.581351, 43.288884 ], [ -96.580753, 43.286071 ], [ -96.578685, 43.284044 ], [ -96.578319, 43.281456 ], [ -96.577557, 43.279177 ], [ -96.577754, 43.278373 ], [ -96.580522, 43.276036 ], [ -96.580846, 43.275007 ], [ -96.581943, 43.274321 ], [ -96.583171, 43.274605 ], [ -96.58303, 43.275836 ], [ -96.584194, 43.276501 ], [ -96.586525, 43.273715 ], [ -96.586291, 43.272445 ], [ -96.58505, 43.270684 ], [ -96.585341, 43.268869 ], [ -96.58407, 43.26783 ], [ -96.582601, 43.267566 ], [ -96.581464, 43.268041 ], [ -96.577708, 43.26839 ], [ -96.575947, 43.267823 ], [ -96.574333, 43.266232 ], [ -96.571504, 43.264538 ], [ -96.569859, 43.262794 ], [ -96.566702, 43.261898 ], [ -96.564823, 43.260227 ], [ -96.561514, 43.25933 ], [ -96.558852, 43.258957 ], [ -96.556794, 43.259023 ], [ -96.554969, 43.259951 ], [ -96.551682, 43.260111 ], [ -96.549038, 43.260051 ], [ -96.539797, 43.259891 ], [ -96.529341, 43.259693 ], [ -96.519195, 43.259609 ], [ -96.50952, 43.259517 ], [ -96.489844, 43.259257 ], [ -96.470084, 43.259031 ], [ -96.450478, 43.258797 ], [ -96.43257, 43.258622 ], [ -96.412837, 43.258382 ], [ -96.40264, 43.258258 ], [ -96.39319, 43.258186 ], [ -96.373571, 43.258062 ], [ -96.354023, 43.257853 ], [ -96.344853, 43.257766 ], [ -96.334119, 43.257698 ], [ -96.315486, 43.257668 ], [ -96.295692, 43.25759 ], [ -96.275765, 43.257422 ], [ -96.265785, 43.25744 ], [ -96.260738, 43.257462 ], [ -96.256405, 43.257477 ], [ -96.247892, 43.2576 ], [ -96.236341, 43.257542 ], [ -96.234214, 43.257533 ], [ -96.216523, 43.25746 ], [ -96.197998, 43.257459 ], [ -96.17803, 43.25737 ], [ -96.167894, 43.257356 ], [ -96.158036, 43.257285 ], [ -96.13817, 43.257276 ], [ -96.118147, 43.257333 ], [ -96.098063, 43.257399 ], [ -96.079284, 43.257842 ], [ -96.059402, 43.258324 ], [ -96.049232, 43.258569 ], [ -96.039414, 43.258887 ], [ -96.020094, 43.258426 ], [ -96.012464, 43.25829 ], [ -96.0001, 43.258118 ], [ -95.980326, 43.257832 ], [ -95.971069, 43.257754 ], [ -95.961204, 43.257674 ], [ -95.949459, 43.257777 ], [ -95.941418, 43.257825 ], [ -95.92161, 43.257861 ], [ -95.90162, 43.257831 ], [ -95.889154, 43.257847 ], [ -95.886138, 43.257588 ], [ -95.881717, 43.257897 ], [ -95.87762, 43.257622 ], [ -95.875287, 43.257709 ], [ -95.861914, 43.257566 ], [ -95.861891, 43.260759 ], [ -95.861696, 43.272085 ], [ -95.861397, 43.286574 ], [ -95.861273, 43.293797 ], [ -95.861175, 43.301046 ], [ -95.86095, 43.315538 ], [ -95.860736, 43.330047 ], [ -95.860475, 43.345502 ], [ -95.860445, 43.359993 ], [ -95.860455, 43.367236 ], [ -95.860436, 43.374485 ], [ -95.860415, 43.38901 ], [ -95.860517, 43.403492 ], [ -95.860579, 43.410695 ], [ -95.86061, 43.41801 ], [ -95.860658, 43.432664 ], [ -95.840936, 43.432692 ], [ -95.830961, 43.432708 ], [ -95.828742, 43.432707 ], [ -95.821035, 43.432706 ], [ -95.801182, 43.432709 ], [ -95.781311, 43.432715 ], [ -95.761454, 43.432707 ], [ -95.741599, 43.432695 ], [ -95.733647, 43.432663 ], [ -95.732549, 43.432648 ], [ -95.722681, 43.432608 ], [ -95.713848, 43.432635 ], [ -95.713468, 43.432637 ], [ -95.702835, 43.432674 ], [ -95.682964, 43.432741 ], [ -95.663092, 43.432753 ], [ -95.64325, 43.432833 ], [ -95.629265, 43.432849 ], [ -95.623398, 43.432967 ], [ -95.623343, 43.419654 ], [ -95.623427, 43.418175 ], [ -95.623361, 43.41547 ], [ -95.623139, 43.403636 ], [ -95.622961, 43.389103 ], [ -95.622972, 43.381669 ], [ -95.622985, 43.37458 ], [ -95.62299, 43.360027 ], [ -95.623003, 43.345488 ], [ -95.604625, 43.345013 ], [ -95.58471, 43.344527 ], [ -95.581131, 43.344448 ], [ -95.564872, 43.344083 ], [ -95.544997, 43.343646 ], [ -95.525155, 43.343195 ], [ -95.514878, 43.342907 ], [ -95.50533, 43.342742 ], [ -95.491759, 43.342714 ], [ -95.48666, 43.342711 ], [ -95.476969, 43.342626 ], [ -95.468194, 43.34256 ], [ -95.467047, 43.34255 ], [ -95.457184, 43.342492 ], [ -95.447236, 43.342425 ], [ -95.427405, 43.342357 ], [ -95.42429, 43.342343 ], [ -95.417492, 43.342313 ], [ -95.407499, 43.34227 ], [ -95.397542, 43.342203 ], [ -95.38759, 43.342237 ], [ -95.387678, 43.334848 ], [ -95.387736, 43.327662 ], [ -95.387857, 43.313158 ], [ -95.387914, 43.30601 ], [ -95.387994, 43.298669 ], [ -95.38809, 43.284165 ], [ -95.388065, 43.269694 ], [ -95.388078, 43.255221 ], [ -95.368357, 43.255228 ], [ -95.348524, 43.255314 ], [ -95.32867, 43.255317 ], [ -95.321433, 43.255321 ], [ -95.321242, 43.255321 ], [ -95.308903, 43.255328 ], [ -95.289066, 43.255344 ], [ -95.27916, 43.255358 ], [ -95.269263, 43.255373 ], [ -95.259945, 43.255404 ], [ -95.241625, 43.255421 ], [ -95.240953, 43.255424 ], [ -95.229553, 43.255455 ], [ -95.209728, 43.255468 ], [ -95.189924, 43.25549 ], [ -95.170076, 43.255482 ], [ -95.15024, 43.255478 ], [ -95.149935, 43.255479 ], [ -95.142089, 43.255613 ], [ -95.131927, 43.255469 ], [ -95.11211, 43.255488 ], [ -95.092263, 43.255435 ], [ -95.072471, 43.255387 ], [ -95.052457, 43.255404 ], [ -95.0426, 43.255329 ], [ -95.032853, 43.255304 ], [ -95.022274, 43.255288 ], [ -95.0128, 43.255237 ], [ -94.992955, 43.255211 ], [ -94.974218, 43.255183 ], [ -94.972032, 43.255177 ], [ -94.953412, 43.255115 ], [ -94.941093, 43.25508 ], [ -94.933635, 43.25506 ], [ -94.913723, 43.255054 ], [ -94.913823, 43.269525 ], [ -94.913931, 43.284042 ], [ -94.913998, 43.298542 ], [ -94.914001, 43.313004 ], [ -94.913999, 43.320259 ], [ -94.913997, 43.327523 ], [ -94.913985, 43.341458 ], [ -94.91404, 43.355953 ], [ -94.914039, 43.370587 ], [ -94.914082, 43.377675 ], [ -94.914092, 43.384891 ], [ -94.914259, 43.394234 ], [ -94.914292, 43.39551 ], [ -94.91416, 43.399705 ], [ -94.914304, 43.407507 ], [ -94.914307, 43.414213 ], [ -94.914403, 43.422348 ], [ -94.914407, 43.422581 ], [ -94.914387, 43.43046 ], [ -94.91449, 43.444847 ], [ -94.914614, 43.459369 ], [ -94.914798, 43.488246 ], [ -94.914843, 43.499103 ], [ -94.914582, 43.500853 ], [ -94.924783, 43.50094 ], [ -94.934626, 43.500931 ], [ -94.95439, 43.500926 ], [ -94.965025, 43.501007 ], [ -94.974793, 43.500923 ], [ -94.994439, 43.500924 ], [ -95.02892, 43.500972 ], [ -95.03256, 43.500948 ] ] ] ] } },
{ "type": "Feature", "properties": { "id": 59, "NAME": "59", "TotalPop": 30559, "PopDevPct": -0.04214842, "DemPct": 0.13236638, "RepPct": 0.85044792, "WhitePct": 0.8741373, "MinorityPct": 0.1258627, "BlackPct": 0.00590265, "HispanicPct": 0.10356883, "PacificPct": 0.00036324, "AsianPct": 0.00853614, "NativePct": 0.00821831, "TotalVAP": 22024, "Margin": -0.71808154, "color": "#960018", "opacity": "0.5", "DemPct2": 0.14787701, "RepPct2": 0.8329673, "Margin2": -0.68509029, "Swing": -0.03299125, "R_Margin": -0.5897983232, "R_Margin2": -0.6076371031000001, "R_Swing": 0.0178387799, "Majority": "White" }, "geometry": { "type": "MultiPolygon", "coordinates": [ [ [ [ -96.331637, 42.997064 ], [ -96.312805, 42.997093 ], [ -96.293099, 42.997107 ], [ -96.27328, 42.997118 ], [ -96.263523, 42.997119 ], [ -96.253467, 42.997128 ], [ -96.238587, 42.997204 ], [ -96.233643, 42.997235 ], [ -96.2138, 42.99728 ], [ -96.195208, 42.997207 ], [ -96.17939, 42.99716 ], [ -96.175509, 42.997134 ], [ -96.155746, 42.997111 ], [ -96.14736, 42.997137 ], [ -96.135849, 42.997347 ], [ -96.116117, 42.99747 ], [ -96.096297, 42.997588 ], [ -96.086421, 42.997611 ], [ -96.086409, 42.993718 ], [ -96.076559, 42.993646 ], [ -96.071629, 42.993579 ], [ -96.071627, 42.994874 ], [ -96.066702, 42.994765 ], [ -96.065713, 42.995143 ], [ -96.060931, 42.982239 ], [ -96.05703, 42.982136 ], [ -96.050168, 42.982109 ], [ -96.050151, 42.9841 ], [ -96.048731, 42.984096 ], [ -96.048737, 42.98339 ], [ -96.044596, 42.983377 ], [ -96.044596, 42.989859 ], [ -96.04208, 42.989893 ], [ -96.042075, 42.990474 ], [ -96.042054, 42.993397 ], [ -96.039631, 42.994217 ], [ -96.037116, 42.994617 ], [ -96.036035, 42.994656 ], [ -96.027248, 42.994141 ], [ -96.027282, 42.989415 ], [ -96.018438, 42.989357 ], [ -96.018467, 42.988107 ], [ -96.017388, 42.988098 ], [ -96.017389, 42.988045 ], [ -96.017412, 42.986811 ], [ -96.017413, 42.986728 ], [ -96.018481, 42.987171 ], [ -96.02191, 42.987204 ], [ -96.021997, 42.982485 ], [ -96.017488, 42.98258 ], [ -96.017425, 42.975285 ], [ -96.015715, 42.975283 ], [ -96.014418, 42.975287 ], [ -96.011589, 42.975296 ], [ -96.009906, 42.975294 ], [ -96.006684, 42.975298 ], [ -95.997454, 42.975311 ], [ -95.997475, 42.981176 ], [ -95.997469, 42.982327 ], [ -95.99747, 42.982857 ], [ -95.997499, 42.98419 ], [ -95.99754, 42.986104 ], [ -95.997643, 42.989895 ], [ -95.997722, 42.993863 ], [ -95.997838, 42.997325 ], [ -95.994181, 42.997341 ], [ -95.993831, 42.997337 ], [ -95.977798, 42.997241 ], [ -95.958664, 42.997089 ], [ -95.950569, 42.997025 ], [ -95.938955, 42.997047 ], [ -95.937983, 42.997052 ], [ -95.919209, 42.996897 ], [ -95.899467, 42.996798 ], [ -95.879712, 42.996703 ], [ -95.869816, 42.996699 ], [ -95.859951, 42.996661 ], [ -95.86003, 43.011206 ], [ -95.860081, 43.020055 ], [ -95.86011, 43.025749 ], [ -95.860171, 43.040238 ], [ -95.860271, 43.054745 ], [ -95.86026, 43.061956 ], [ -95.860276, 43.069205 ], [ -95.86029, 43.083699 ], [ -95.860579, 43.098204 ], [ -95.860905, 43.112717 ], [ -95.861039, 43.127286 ], [ -95.861162, 43.14185 ], [ -95.861373, 43.157084 ], [ -95.8614, 43.160431 ], [ -95.861401, 43.160523 ], [ -95.861404, 43.160832 ], [ -95.861458, 43.164438 ], [ -95.861961, 43.165345 ], [ -95.861607, 43.167772 ], [ -95.861564, 43.171322 ], [ -95.861793, 43.179526 ], [ -95.861844, 43.18123 ], [ -95.861899, 43.182439 ], [ -95.861928, 43.183633 ], [ -95.861974, 43.184838 ], [ -95.862118, 43.1858 ], [ -95.86215, 43.189408 ], [ -95.862178, 43.191814 ], [ -95.862207, 43.200317 ], [ -95.862272, 43.214859 ], [ -95.862431, 43.229609 ], [ -95.86221, 43.243932 ], [ -95.861914, 43.257566 ], [ -95.875287, 43.257709 ], [ -95.87762, 43.257622 ], [ -95.881717, 43.257897 ], [ -95.886138, 43.257588 ], [ -95.889154, 43.257847 ], [ -95.90162, 43.257831 ], [ -95.92161, 43.257861 ], [ -95.941418, 43.257825 ], [ -95.949459, 43.257777 ], [ -95.961204, 43.257674 ], [ -95.971069, 43.257754 ], [ -95.980326, 43.257832 ], [ -96.0001, 43.258118 ], [ -96.012464, 43.25829 ], [ -96.020094, 43.258426 ], [ -96.039414, 43.258887 ], [ -96.049232, 43.258569 ], [ -96.059402, 43.258324 ], [ -96.079284, 43.257842 ], [ -96.098063, 43.257399 ], [ -96.118147, 43.257333 ], [ -96.13817, 43.257276 ], [ -96.158036, 43.257285 ], [ -96.167894, 43.257356 ], [ -96.17803, 43.25737 ], [ -96.197998, 43.257459 ], [ -96.216523, 43.25746 ], [ -96.234214, 43.257533 ], [ -96.236341, 43.257542 ], [ -96.247892, 43.2576 ], [ -96.256405, 43.257477 ], [ -96.260738, 43.257462 ], [ -96.265785, 43.25744 ], [ -96.275765, 43.257422 ], [ -96.295692, 43.25759 ], [ -96.315486, 43.257668 ], [ -96.334119, 43.257698 ], [ -96.344853, 43.257766 ], [ -96.354023, 43.257853 ], [ -96.373571, 43.258062 ], [ -96.39319, 43.258186 ], [ -96.40264, 43.258258 ], [ -96.412837, 43.258382 ], [ -96.43257, 43.258622 ], [ -96.450478, 43.258797 ], [ -96.470084, 43.259031 ], [ -96.489844, 43.259257 ], [ -96.50952, 43.259517 ], [ -96.519195, 43.259609 ], [ -96.529341, 43.259693 ], [ -96.539797, 43.259891 ], [ -96.549038, 43.260051 ], [ -96.551682, 43.260111 ], [ -96.554969, 43.259951 ], [ -96.553484, 43.259451 ], [ -96.55266, 43.258148 ], [ -96.552422, 43.256582 ], [ -96.552767, 43.25476 ], [ -96.551855, 43.253222 ], [ -96.552567, 43.251817 ], [ -96.551038, 43.249603 ], [ -96.549534, 43.248372 ], [ -96.549109, 43.247093 ], [ -96.549883, 43.246728 ], [ -96.553054, 43.247513 ], [ -96.554424, 43.246826 ], [ -96.558669, 43.245479 ], [ -96.56045, 43.243947 ], [ -96.562031, 43.243725 ], [ -96.564855, 43.244498 ], [ -96.56567, 43.244201 ], [ -96.568762, 43.241654 ], [ -96.569864, 43.240181 ], [ -96.571414, 43.239078 ], [ -96.571165, 43.238197 ], [ -96.56956, 43.23774 ], [ -96.56896, 43.236764 ], [ -96.569594, 43.234493 ], [ -96.569178, 43.2327 ], [ -96.568261, 43.231314 ], [ -96.565207, 43.230281 ], [ -96.563508, 43.227483 ], [ -96.560708, 43.22521 ], [ -96.559326, 43.222934 ], [ -96.557888, 43.223288 ], [ -96.556624, 43.22469 ], [ -96.556445, 43.225928 ], [ -96.555281, 43.226666 ], [ -96.552038, 43.227065 ], [ -96.548201, 43.226955 ], [ -96.54548, 43.225973 ], [ -96.5419, 43.226065 ], [ -96.540119, 43.225655 ], [ -96.537144, 43.22674 ], [ -96.535823, 43.227606 ], [ -96.532573, 43.226311 ], [ -96.529363, 43.224296 ], [ -96.526524, 43.224052 ], [ -96.521451, 43.220276 ], [ -96.521415, 43.218501 ], [ -96.519649, 43.217778 ], [ -96.51754, 43.217825 ], [ -96.514588, 43.218782 ], [ -96.512686, 43.218668 ], [ -96.509342, 43.217224 ], [ -96.508144, 43.217806 ], [ -96.508841, 43.220469 ], [ -96.506964, 43.22168 ], [ -96.504706, 43.221705 ], [ -96.501296, 43.220564 ], [ -96.499956, 43.221072 ], [ -96.496639, 43.223716 ], [ -96.494189, 43.223266 ], [ -96.490118, 43.223304 ], [ -96.487976, 43.223766 ], [ -96.485653, 43.224222 ], [ -96.484333, 43.223654 ], [ -96.481632, 43.223457 ], [ -96.479491, 43.222331 ], [ -96.476729, 43.221987 ], [ -96.475241, 43.220123 ], [ -96.474962, 43.217431 ], [ -96.475655, 43.214835 ], [ -96.476525, 43.213535 ], [ -96.47624, 43.212695 ], [ -96.472117, 43.20925 ], [ -96.471777, 43.207965 ], [ -96.470811, 43.207543 ], [ -96.471188, 43.206357 ], [ -96.470744, 43.205179 ], [ -96.474896, 43.202774 ], [ -96.474189, 43.19951 ], [ -96.473977, 43.198685 ], [ -96.472396, 43.197021 ], [ -96.472148, 43.196023 ], [ -96.473724, 43.192646 ], [ -96.47407, 43.190309 ], [ -96.473588, 43.188883 ], [ -96.472363, 43.187158 ], [ -96.472924, 43.186389 ], [ -96.471668, 43.185397 ], [ -96.469886, 43.185918 ], [ -96.468765, 43.184443 ], [ -96.4676, 43.184841 ], [ -96.465247, 43.182916 ], [ -96.464883, 43.180711 ], [ -96.466375, 43.177748 ], [ -96.465538, 43.176515 ], [ -96.46683, 43.17438 ], [ -96.465351, 43.172231 ], [ -96.466018, 43.170734 ], [ -96.466469, 43.170724 ], [ -96.468757, 43.170373 ], [ -96.468743, 43.1687 ], [ -96.466903, 43.168112 ], [ -96.467034, 43.163184 ], [ -96.466025, 43.161877 ], [ -96.467019, 43.159769 ], [ -96.469556, 43.158353 ], [ -96.467737, 43.15737 ], [ -96.466723, 43.156236 ], [ -96.463968, 43.156199 ], [ -96.464422, 43.153311 ], [ -96.465896, 43.152253 ], [ -96.46825, 43.152505 ], [ -96.46829, 43.151552 ], [ -96.46554, 43.149242 ], [ -96.465357, 43.147712 ], [ -96.463, 43.147701 ], [ -96.46305, 43.148634 ], [ -96.461514, 43.149058 ], [ -96.460858, 43.147973 ], [ -96.459432, 43.147656 ], [ -96.459208, 43.146557 ], [ -96.4606, 43.146035 ], [ -96.460824, 43.144177 ], [ -96.458678, 43.143379 ], [ -96.45639, 43.144196 ], [ -96.455231, 43.144133 ], [ -96.453698, 43.142532 ], [ -96.450598, 43.142521 ], [ -96.448823, 43.139864 ], [ -96.447008, 43.137879 ], [ -96.448389, 43.136973 ], [ -96.448356, 43.136044 ], [ -96.446939, 43.136006 ], [ -96.445875, 43.136658 ], [ -96.443236, 43.133756 ], [ -96.443242, 43.131364 ], [ -96.44276, 43.128615 ], [ -96.440939, 43.128918 ], [ -96.440122, 43.127391 ], [ -96.441646, 43.12534 ], [ -96.441581, 43.124496 ], [ -96.439864, 43.122194 ], [ -96.437031, 43.121305 ], [ -96.436567, 43.119818 ], [ -96.438492, 43.117215 ], [ -96.438959, 43.1147 ], [ -96.439832, 43.113423 ], [ -96.443784, 43.110745 ], [ -96.446374, 43.109542 ], [ -96.447452, 43.106454 ], [ -96.44697, 43.105546 ], [ -96.448506, 43.104433 ], [ -96.45037, 43.103906 ], [ -96.450346, 43.100908 ], [ -96.452462, 43.100771 ], [ -96.453115, 43.099195 ], [ -96.452311, 43.098542 ], [ -96.454063, 43.097331 ], [ -96.457023, 43.097647 ], [ -96.456777, 43.096048 ], [ -96.457762, 43.095523 ], [ -96.459706, 43.095466 ], [ -96.460729, 43.094887 ], [ -96.462243, 43.093016 ], [ -96.463168, 43.090096 ], [ -96.462672, 43.089662 ], [ -96.457893, 43.088933 ], [ -96.455432, 43.088258 ], [ -96.454401, 43.086152 ], [ -96.454084, 43.083883 ], [ -96.454376, 43.082498 ], [ -96.455798, 43.080845 ], [ -96.455718, 43.077702 ], [ -96.455324, 43.075469 ], [ -96.455903, 43.073614 ], [ -96.457107, 43.072583 ], [ -96.457627, 43.070766 ], [ -96.459337, 43.069904 ], [ -96.458234, 43.068056 ], [ -96.458577, 43.067177 ], [ -96.460522, 43.066354 ], [ -96.460742, 43.064337 ], [ -96.463836, 43.062909 ], [ -96.467345, 43.06196 ], [ -96.470641, 43.062391 ], [ -96.473048, 43.063717 ], [ -96.47674, 43.062697 ], [ -96.478548, 43.061124 ], [ -96.481392, 43.0598 ], [ -96.483872, 43.058134 ], [ -96.485232, 43.056725 ], [ -96.486967, 43.055779 ], [ -96.488727, 43.054165 ], [ -96.488861, 43.052014 ], [ -96.489341, 43.05143 ], [ -96.492032, 43.050621 ], [ -96.494868, 43.050395 ], [ -96.499241, 43.050045 ], [ -96.500493, 43.048927 ], [ -96.504363, 43.048735 ], [ -96.506355, 43.049138 ], [ -96.50881, 43.050183 ], [ -96.510851, 43.04977 ], [ -96.513681, 43.04703 ], [ -96.514818, 43.044495 ], [ -96.514325, 43.043338 ], [ -96.512521, 43.04108 ], [ -96.514636, 43.040943 ], [ -96.515759, 43.041383 ], [ -96.518393, 43.040105 ], [ -96.520887, 43.040138 ], [ -96.521519, 43.038781 ], [ -96.521087, 43.037846 ], [ -96.519511, 43.037856 ], [ -96.516307, 43.038956 ], [ -96.514052, 43.040105 ], [ -96.512222, 43.040486 ], [ -96.509333, 43.037962 ], [ -96.509138, 43.036763 ], [ -96.510666, 43.032036 ], [ -96.513467, 43.030955 ], [ -96.513952, 43.030075 ], [ -96.512435, 43.026865 ], [ -96.510209, 43.024229 ], [ -96.506188, 43.022323 ], [ -96.50451, 43.020781 ], [ -96.501995, 43.019681 ], [ -96.499619, 43.019403 ], [ -96.498759, 43.018027 ], [ -96.499532, 43.016548 ], [ -96.498535, 43.016075 ], [ -96.496526, 43.016288 ], [ -96.495639, 43.015841 ], [ -96.494113, 43.013729 ], [ -96.493497, 43.01154 ], [ -96.491981, 43.010197 ], [ -96.492206, 43.007814 ], [ -96.492811, 43.00565 ], [ -96.494446, 43.003998 ], [ -96.494416, 43.002084 ], [ -96.494876, 43.001279 ], [ -96.496571, 43.000632 ], [ -96.496683, 42.999219 ], [ -96.496022, 43.00037 ], [ -96.494407, 43.001206 ], [ -96.49421, 43.003622 ], [ -96.492708, 43.005109 ], [ -96.49179, 43.007622 ], [ -96.491757, 43.010452 ], [ -96.493238, 43.011662 ], [ -96.493594, 43.013502 ], [ -96.494892, 43.015492 ], [ -96.494811, 43.018582 ], [ -96.48989, 43.018531 ], [ -96.489316, 43.018536 ], [ -96.488896, 43.018531 ], [ -96.479921, 43.018548 ], [ -96.470167, 43.018633 ], [ -96.47032, 43.011135 ], [ -96.470219, 43.011103 ], [ -96.470189, 43.009245 ], [ -96.470171, 43.004057 ], [ -96.470311, 42.999341 ], [ -96.47028, 42.996781 ], [ -96.465352, 42.996769 ], [ -96.450304, 42.996773 ], [ -96.430896, 42.996785 ], [ -96.424623, 42.996818 ], [ -96.411034, 42.996818 ], [ -96.401613, 42.99685 ], [ -96.391229, 42.996874 ], [ -96.371336, 42.996959 ], [ -96.351457, 42.997019 ], [ -96.341557, 42.997043 ], [ -96.331637, 42.997064 ] ] ] ] } },
{ "type": "Feature", "properties": { "id": 60, "NAME": "60", "TotalPop": 31011, "PopDevPct": -0.02798078, "DemPct": 0.21481616, "RepPct": 0.77033146, "WhitePct": 0.9019174, "MinorityPct": 0.0980826, "BlackPct": 0.01318758, "HispanicPct": 0.06190352, "PacificPct": 0.00403436, "AsianPct": 0.00629013, "NativePct": 0.01140899, "TotalVAP": 23052, "Margin": -0.5555153, "color": "#960018", "opacity": "0.5", "DemPct2": 0.24271384, "RepPct2": 0.7430403, "Margin2": -0.50032646, "Swing": -0.05518884, "R_Margin": -0.4272320832, "R_Margin2": -0.4228732731000001, "R_Swing": -0.0043588100999999019, "Majority": "White" }, "geometry": { "type": "MultiPolygon", "coordinates": [ [ [ [ -96.450304, 42.996773 ], [ -96.465352, 42.996769 ], [ -96.47028, 42.996781 ], [ -96.470311, 42.999341 ], [ -96.470171, 43.004057 ], [ -96.470189, 43.009245 ], [ -96.470219, 43.011103 ], [ -96.47032, 43.011135 ], [ -96.470167, 43.018633 ], [ -96.479921, 43.018548 ], [ -96.488896, 43.018531 ], [ -96.489316, 43.018536 ], [ -96.48989, 43.018531 ], [ -96.494811, 43.018582 ], [ -96.494892, 43.015492 ], [ -96.493594, 43.013502 ], [ -96.493238, 43.011662 ], [ -96.491757, 43.010452 ], [ -96.49179, 43.007622 ], [ -96.492708, 43.005109 ], [ -96.49421, 43.003622 ], [ -96.494407, 43.001206 ], [ -96.496022, 43.00037 ], [ -96.496683, 42.999219 ], [ -96.496995, 42.998478 ], [ -96.498184, 42.998029 ], [ -96.500064, 42.997907 ], [ -96.504246, 42.996804 ], [ -96.507373, 42.996604 ], [ -96.510564, 42.994585 ], [ -96.512732, 42.992189 ], [ -96.512857, 42.991627 ], [ -96.511244, 42.990551 ], [ -96.512355, 42.988874 ], [ -96.51185, 42.987191 ], [ -96.51243, 42.985596 ], [ -96.515342, 42.984141 ], [ -96.517672, 42.985282 ], [ -96.518502, 42.985086 ], [ -96.518897, 42.983895 ], [ -96.516685, 42.98166 ], [ -96.517666, 42.980192 ], [ -96.520431, 42.980652 ], [ -96.52082, 42.979923 ], [ -96.51958, 42.97698 ], [ -96.517301, 42.975717 ], [ -96.515992, 42.972988 ], [ -96.511368, 42.971514 ], [ -96.50516, 42.971095 ], [ -96.503005, 42.968279 ], [ -96.502367, 42.966084 ], [ -96.501968, 42.961269 ], [ -96.501324, 42.96009 ], [ -96.499283, 42.958745 ], [ -96.498982, 42.957769 ], [ -96.502357, 42.957216 ], [ -96.503646, 42.956407 ], [ -96.504853, 42.954514 ], [ -96.508886, 42.953742 ], [ -96.509317, 42.952413 ], [ -96.507962, 42.948962 ], [ -96.508047, 42.947924 ], [ -96.509187, 42.94672 ], [ -96.509138, 42.945417 ], [ -96.511312, 42.944391 ], [ -96.513924, 42.94493 ], [ -96.514857, 42.943531 ], [ -96.519345, 42.94053 ], [ -96.520164, 42.938924 ], [ -96.519179, 42.937159 ], [ -96.516819, 42.93586 ], [ -96.51647, 42.93281 ], [ -96.518312, 42.931762 ], [ -96.519884, 42.932011 ], [ -96.521373, 42.93488 ], [ -96.522854, 42.935694 ], [ -96.524458, 42.935798 ], [ -96.526437, 42.935078 ], [ -96.528843, 42.933391 ], [ -96.533761, 42.928492 ], [ -96.534592, 42.92698 ], [ -96.532981, 42.92465 ], [ -96.534106, 42.92371 ], [ -96.536409, 42.923106 ], [ -96.539926, 42.925066 ], [ -96.540812, 42.924843 ], [ -96.541705, 42.922498 ], [ -96.541164, 42.919406 ], [ -96.538087, 42.917982 ], [ -96.538055, 42.916532 ], [ -96.538943, 42.915306 ], [ -96.5401, 42.912318 ], [ -96.539909, 42.91166 ], [ -96.53797, 42.911098 ], [ -96.538458, 42.908771 ], [ -96.538573, 42.907805 ], [ -96.536467, 42.905643 ], [ -96.537727, 42.904802 ], [ -96.539406, 42.904537 ], [ -96.542416, 42.905054 ], [ -96.54293, 42.903756 ], [ -96.54098, 42.901939 ], [ -96.540054, 42.900359 ], [ -96.539017, 42.899803 ], [ -96.53637, 42.90088 ], [ -96.533458, 42.89996 ], [ -96.528536, 42.897666 ], [ -96.528349, 42.896995 ], [ -96.530104, 42.895835 ], [ -96.529011, 42.893578 ], [ -96.525739, 42.892774 ], [ -96.525435, 42.891424 ], [ -96.527163, 42.890628 ], [ -96.534598, 42.890582 ], [ -96.536887, 42.889381 ], [ -96.539223, 42.889921 ], [ -96.540376, 42.889449 ], [ -96.539715, 42.888228 ], [ -96.538144, 42.887668 ], [ -96.537695, 42.886748 ], [ -96.540627, 42.885007 ], [ -96.543095, 42.8842 ], [ -96.543258, 42.88287 ], [ -96.540613, 42.881745 ], [ -96.537837, 42.879104 ], [ -96.53767, 42.878462 ], [ -96.540484, 42.877485 ], [ -96.543219, 42.875083 ], [ -96.544918, 42.874468 ], [ -96.546561, 42.874524 ], [ -96.549623, 42.869565 ], [ -96.546405, 42.867826 ], [ -96.546005, 42.866291 ], [ -96.546616, 42.863811 ], [ -96.547243, 42.863534 ], [ -96.549801, 42.864172 ], [ -96.550206, 42.862824 ], [ -96.548986, 42.861708 ], [ -96.546575, 42.861512 ], [ -96.546035, 42.860916 ], [ -96.546948, 42.859129 ], [ -96.546819, 42.857436 ], [ -96.545212, 42.857081 ], [ -96.543768, 42.858049 ], [ -96.54302, 42.859561 ], [ -96.542234, 42.859631 ], [ -96.541142, 42.858167 ], [ -96.542688, 42.854038 ], [ -96.544831, 42.850193 ], [ -96.547091, 42.849715 ], [ -96.548777, 42.851211 ], [ -96.550558, 42.850098 ], [ -96.549541, 42.848655 ], [ -96.550537, 42.847574 ], [ -96.552809, 42.848238 ], [ -96.554554, 42.849588 ], [ -96.555891, 42.84952 ], [ -96.556036, 42.84877 ], [ -96.55494, 42.847196 ], [ -96.554287, 42.843925 ], [ -96.552045, 42.841876 ], [ -96.548598, 42.840891 ], [ -96.550598, 42.837142 ], [ -96.551568, 42.836202 ], [ -96.552778, 42.835961 ], [ -96.556, 42.836538 ], [ -96.557818, 42.838984 ], [ -96.558942, 42.83965 ], [ -96.560976, 42.839106 ], [ -96.561938, 42.837585 ], [ -96.562809, 42.836422 ], [ -96.562387, 42.833398 ], [ -96.563019, 42.831785 ], [ -96.562749, 42.830706 ], [ -96.561537, 42.829397 ], [ -96.563042, 42.8283 ], [ -96.564324, 42.828375 ], [ -96.564937, 42.829814 ], [ -96.566714, 42.831945 ], [ -96.56928, 42.83401 ], [ -96.569737, 42.835135 ], [ -96.568117, 42.836577 ], [ -96.567948, 42.837397 ], [ -96.569079, 42.837923 ], [ -96.57145, 42.837065 ], [ -96.572942, 42.837104 ], [ -96.574424, 42.837978 ], [ -96.575599, 42.835783 ], [ -96.577682, 42.834792 ], [ -96.579377, 42.834983 ], [ -96.57931, 42.83629 ], [ -96.578049, 42.837097 ], [ -96.578459, 42.837907 ], [ -96.580583, 42.838149 ], [ -96.581378, 42.83781 ], [ -96.581512, 42.836381 ], [ -96.582391, 42.834282 ], [ -96.581815, 42.833179 ], [ -96.580581, 42.832772 ], [ -96.579796, 42.830733 ], [ -96.57783, 42.829067 ], [ -96.577531, 42.828136 ], [ -96.580598, 42.824865 ], [ -96.583128, 42.824851 ], [ -96.585808, 42.823776 ], [ -96.586131, 42.822233 ], [ -96.584305, 42.82029 ], [ -96.584109, 42.819005 ], [ -96.586029, 42.8178 ], [ -96.587581, 42.817839 ], [ -96.588943, 42.818487 ], [ -96.589587, 42.817913 ], [ -96.590392, 42.815642 ], [ -96.591632, 42.81527 ], [ -96.59457, 42.815893 ], [ -96.595902, 42.815057 ], [ -96.595126, 42.812822 ], [ -96.595697, 42.810437 ], [ -96.591968, 42.809846 ], [ -96.590465, 42.808297 ], [ -96.591196, 42.805451 ], [ -96.593005, 42.802958 ], [ -96.592353, 42.801272 ], [ -96.593296, 42.799187 ], [ -96.594919, 42.797588 ], [ -96.595808, 42.797415 ], [ -96.597317, 42.798213 ], [ -96.597802, 42.799701 ], [ -96.598945, 42.799631 ], [ -96.599683, 42.798435 ], [ -96.599378, 42.797489 ], [ -96.59729, 42.796603 ], [ -96.596596, 42.794586 ], [ -96.595017, 42.793575 ], [ -96.595343, 42.792788 ], [ -96.597198, 42.791924 ], [ -96.600765, 42.791746 ], [ -96.602712, 42.792305 ], [ -96.604155, 42.792224 ], [ -96.605229, 42.791163 ], [ -96.604943, 42.790286 ], [ -96.602557, 42.78874 ], [ -96.602686, 42.787188 ], [ -96.603678, 42.785996 ], [ -96.603582, 42.78414 ], [ -96.605008, 42.783009 ], [ -96.607993, 42.784434 ], [ -96.608979, 42.784011 ], [ -96.609406, 42.782518 ], [ -96.611046, 42.782858 ], [ -96.61169, 42.784278 ], [ -96.613264, 42.784216 ], [ -96.61384, 42.782629 ], [ -96.615467, 42.782815 ], [ -96.615201, 42.784497 ], [ -96.616148, 42.785066 ], [ -96.619849, 42.783792 ], [ -96.621544, 42.780337 ], [ -96.621985, 42.77683 ], [ -96.623071, 42.776202 ], [ -96.626523, 42.775761 ], [ -96.627081, 42.774178 ], [ -96.626073, 42.771801 ], [ -96.627126, 42.771225 ], [ -96.629652, 42.771815 ], [ -96.631309, 42.76965 ], [ -96.632812, 42.7713 ], [ -96.635091, 42.770748 ], [ -96.636382, 42.76974 ], [ -96.636393, 42.768631 ], [ -96.63474, 42.767955 ], [ -96.633137, 42.768783 ], [ -96.632335, 42.768041 ], [ -96.631625, 42.765533 ], [ -96.632892, 42.764989 ], [ -96.634828, 42.765595 ], [ -96.636493, 42.76486 ], [ -96.635409, 42.763381 ], [ -96.632784, 42.761786 ], [ -96.630967, 42.760094 ], [ -96.630012, 42.758525 ], [ -96.627811, 42.756783 ], [ -96.627243, 42.754413 ], [ -96.625601, 42.754433 ], [ -96.624471, 42.757102 ], [ -96.623023, 42.758365 ], [ -96.620267, 42.757585 ], [ -96.620005, 42.75588 ], [ -96.619269, 42.754752 ], [ -96.620306, 42.753499 ], [ -96.623344, 42.752852 ], [ -96.625626, 42.752951 ], [ -96.62682, 42.75211 ], [ -96.627532, 42.750657 ], [ -96.629521, 42.750823 ], [ -96.63042, 42.750207 ], [ -96.629835, 42.748018 ], [ -96.630236, 42.746916 ], [ -96.631369, 42.746589 ], [ -96.631911, 42.744789 ], [ -96.62942, 42.744126 ], [ -96.629712, 42.743452 ], [ -96.633967, 42.742759 ], [ -96.63542, 42.7421 ], [ -96.635561, 42.740847 ], [ -96.634809, 42.739847 ], [ -96.630489, 42.736265 ], [ -96.630839, 42.735122 ], [ -96.632829, 42.735343 ], [ -96.635024, 42.736543 ], [ -96.638749, 42.737501 ], [ -96.639485, 42.736928 ], [ -96.638348, 42.734654 ], [ -96.636077, 42.732851 ], [ -96.632587, 42.732209 ], [ -96.630985, 42.730863 ], [ -96.630677, 42.72935 ], [ -96.632021, 42.728776 ], [ -96.632517, 42.727136 ], [ -96.634363, 42.726379 ], [ -96.634812, 42.725598 ], [ -96.633703, 42.724137 ], [ -96.632425, 42.72479 ], [ -96.627019, 42.725934 ], [ -96.624691, 42.725626 ], [ -96.625393, 42.723327 ], [ -96.624596, 42.722485 ], [ -96.624465, 42.721113 ], [ -96.625352, 42.719821 ], [ -96.628011, 42.717798 ], [ -96.625042, 42.716095 ], [ -96.62426, 42.714717 ], [ -96.624904, 42.713119 ], [ -96.625977, 42.711063 ], [ -96.627498, 42.709486 ], [ -96.62917, 42.709148 ], [ -96.630441, 42.706888 ], [ -96.62992, 42.705255 ], [ -96.628521, 42.705015 ], [ -96.626843, 42.704058 ], [ -96.625208, 42.704345 ], [ -96.625305, 42.707129 ], [ -96.623881, 42.707555 ], [ -96.621642, 42.704963 ], [ -96.620822, 42.702731 ], [ -96.619761, 42.701827 ], [ -96.619194, 42.699812 ], [ -96.616601, 42.700523 ], [ -96.615722, 42.700254 ], [ -96.615148, 42.698433 ], [ -96.612956, 42.699168 ], [ -96.611698, 42.700152 ], [ -96.610284, 42.702082 ], [ -96.609436, 42.702421 ], [ -96.605596, 42.70202 ], [ -96.6048, 42.701189 ], [ -96.604528, 42.698565 ], [ -96.605692, 42.697897 ], [ -96.607896, 42.697852 ], [ -96.609624, 42.698425 ], [ -96.61179, 42.696885 ], [ -96.612056, 42.695512 ], [ -96.610208, 42.69456 ], [ -96.605875, 42.694624 ], [ -96.60442, 42.695618 ], [ -96.604523, 42.696708 ], [ -96.602241, 42.697053 ], [ -96.60113, 42.699114 ], [ -96.599603, 42.698829 ], [ -96.599154, 42.697156 ], [ -96.596635, 42.695057 ], [ -96.594336, 42.694579 ], [ -96.594167, 42.693576 ], [ -96.595922, 42.6928 ], [ -96.596453, 42.691472 ], [ -96.594542, 42.690834 ], [ -96.593614, 42.689723 ], [ -96.593936, 42.689133 ], [ -96.596559, 42.688288 ], [ -96.598877, 42.689031 ], [ -96.600177, 42.687926 ], [ -96.598884, 42.686667 ], [ -96.594022, 42.68671 ], [ -96.592295, 42.68716 ], [ -96.591505, 42.688885 ], [ -96.591592, 42.690759 ], [ -96.589595, 42.690946 ], [ -96.586342, 42.689794 ], [ -96.586303, 42.688448 ], [ -96.58553, 42.687141 ], [ -96.585462, 42.685829 ], [ -96.586425, 42.68381 ], [ -96.585833, 42.683059 ], [ -96.580292, 42.682848 ], [ -96.576692, 42.683109 ], [ -96.575295, 42.682823 ], [ -96.574568, 42.681966 ], [ -96.574972, 42.68073 ], [ -96.578704, 42.678598 ], [ -96.577921, 42.677632 ], [ -96.575428, 42.677931 ], [ -96.573975, 42.67872 ], [ -96.572488, 42.678884 ], [ -96.571944, 42.677161 ], [ -96.572614, 42.675564 ], [ -96.573926, 42.674017 ], [ -96.575655, 42.673121 ], [ -96.577344, 42.672916 ], [ -96.578576, 42.672207 ], [ -96.577852, 42.671569 ], [ -96.57357, 42.670721 ], [ -96.571112, 42.671167 ], [ -96.570293, 42.672632 ], [ -96.569895, 42.674679 ], [ -96.56801, 42.676289 ], [ -96.566964, 42.676417 ], [ -96.566184, 42.675287 ], [ -96.565504, 42.672709 ], [ -96.564297, 42.671244 ], [ -96.562334, 42.669966 ], [ -96.560278, 42.669152 ], [ -96.55853, 42.666866 ], [ -96.556012, 42.664596 ], [ -96.555776, 42.663924 ], [ -96.559454, 42.663357 ], [ -96.559823, 42.662834 ], [ -96.559408, 42.660664 ], [ -96.559919, 42.659025 ], [ -96.558672, 42.657608 ], [ -96.556542, 42.657768 ], [ -96.554316, 42.658407 ], [ -96.549608, 42.660571 ], [ -96.546302, 42.661534 ], [ -96.543482, 42.661433 ], [ -96.541393, 42.660089 ], [ -96.538898, 42.657193 ], [ -96.537767, 42.655425 ], [ -96.53727, 42.652781 ], [ -96.538026, 42.649032 ], [ -96.538164, 42.647686 ], [ -96.537472, 42.645951 ], [ -96.533822, 42.643535 ], [ -96.531067, 42.642398 ], [ -96.527671, 42.641875 ], [ -96.526414, 42.641213 ], [ -96.52523, 42.637869 ], [ -96.525458, 42.635598 ], [ -96.524271, 42.634511 ], [ -96.521532, 42.634832 ], [ -96.519824, 42.633181 ], [ -96.51684, 42.630975 ], [ -96.515607, 42.629611 ], [ -96.515178, 42.627569 ], [ -96.515551, 42.624983 ], [ -96.516828, 42.621891 ], [ -96.518114, 42.619816 ], [ -96.521453, 42.617676 ], [ -96.523754, 42.617592 ], [ -96.528131, 42.61844 ], [ -96.53059, 42.617444 ], [ -96.531615, 42.615318 ], [ -96.531335, 42.613642 ], [ -96.529937, 42.610471 ], [ -96.527816, 42.608961 ], [ -96.525718, 42.609276 ], [ -96.52204, 42.612995 ], [ -96.521318, 42.614506 ], [ -96.519694, 42.616083 ], [ -96.517663, 42.616647 ], [ -96.515024, 42.616183 ], [ -96.513557, 42.615469 ], [ -96.509453, 42.612704 ], [ -96.504653, 42.604998 ], [ -96.500183, 42.594104 ], [ -96.500234, 42.59273 ], [ -96.501438, 42.59061 ], [ -96.501082, 42.589311 ], [ -96.499086, 42.588425 ], [ -96.495712, 42.588425 ], [ -96.493599, 42.588141 ], [ -96.49152, 42.587346 ], [ -96.491492, 42.586103 ], [ -96.494909, 42.583536 ], [ -96.49597, 42.581774 ], [ -96.496026, 42.580382 ], [ -96.495002, 42.578853 ], [ -96.491373, 42.577067 ], [ -96.487748, 42.576365 ], [ -96.486198, 42.575784 ], [ -96.485742, 42.57407 ], [ -96.486146, 42.573149 ], [ -96.498776, 42.561043 ], [ -96.498473, 42.561046 ], [ -96.480911, 42.56131 ], [ -96.479528, 42.561333 ], [ -96.460849, 42.561678 ], [ -96.45634, 42.561775 ], [ -96.454112, 42.561827 ], [ -96.449134, 42.561945 ], [ -96.446107, 42.562009 ], [ -96.43894, 42.562087 ], [ -96.429498, 42.562209 ], [ -96.41815, 42.562234 ], [ -96.407748, 42.562163 ], [ -96.404998, 42.562144 ], [ -96.40283, 42.56213 ], [ -96.401034, 42.562108 ], [ -96.399811, 42.56207 ], [ -96.371023, 42.562011 ], [ -96.351425, 42.561996 ], [ -96.333537, 42.561832 ], [ -96.332051, 42.561848 ], [ -96.331744, 42.561843 ], [ -96.331267, 42.561836 ], [ -96.330799, 42.561825 ], [ -96.330321, 42.561803 ], [ -96.330141, 42.561759 ], [ -96.330062, 42.561739 ], [ -96.327258, 42.56182 ], [ -96.325002, 42.561798 ], [ -96.323566, 42.561784 ], [ -96.317545, 42.561722 ], [ -96.311487, 42.561728 ], [ -96.289947, 42.561587 ], [ -96.272685, 42.561526 ], [ -96.253154, 42.56146 ], [ -96.233629, 42.561421 ], [ -96.229606, 42.561568 ], [ -96.219457, 42.561804 ], [ -96.214085, 42.561924 ], [ -96.193909, 42.561857 ], [ -96.180545, 42.561634 ], [ -96.174814, 42.56153 ], [ -96.174336, 42.561425 ], [ -96.15478, 42.561393 ], [ -96.135211, 42.561353 ], [ -96.115623, 42.561313 ], [ -96.095862, 42.561262 ], [ -96.094469, 42.561262 ], [ -96.085724, 42.561237 ], [ -96.076493, 42.561183 ], [ -96.07596, 42.561354 ], [ -96.056136, 42.561279 ], [ -96.026991, 42.561044 ], [ -96.013378, 42.561016 ], [ -96.010784, 42.560988 ], [ -96.007436, 42.561006 ], [ -95.997757, 42.561007 ], [ -95.978187, 42.561085 ], [ -95.957856, 42.560977 ], [ -95.938244, 42.560902 ], [ -95.918649, 42.560974 ], [ -95.899082, 42.560883 ], [ -95.892463, 42.560865 ], [ -95.879488, 42.560821 ], [ -95.864195, 42.560646 ], [ -95.859949, 42.56062 ], [ -95.859814, 42.567823 ], [ -95.859709, 42.575072 ], [ -95.859542, 42.585988 ], [ -95.859504, 42.589606 ], [ -95.859303, 42.604065 ], [ -95.859429, 42.611453 ], [ -95.859523, 42.618591 ], [ -95.859689, 42.62593 ], [ -95.859845, 42.633077 ], [ -95.859915, 42.648413 ], [ -95.85996, 42.660834 ], [ -95.859963, 42.662888 ], [ -95.860025, 42.677397 ], [ -95.860118, 42.691848 ], [ -95.860265, 42.699052 ], [ -95.860445, 42.706381 ], [ -95.860626, 42.713598 ], [ -95.86081, 42.720784 ], [ -95.860449, 42.735203 ], [ -95.859811, 42.749765 ], [ -95.859564, 42.75796 ], [ -95.859514, 42.764315 ], [ -95.859415, 42.77886 ], [ -95.859136, 42.793431 ], [ -95.859075, 42.796523 ], [ -95.858827, 42.808011 ], [ -95.859057, 42.811456 ], [ -95.858739, 42.813227 ], [ -95.85857, 42.822509 ], [ -95.858579, 42.82546 ], [ -95.858686, 42.837018 ], [ -95.858761, 42.842809 ], [ -95.858801, 42.851515 ], [ -95.858979, 42.866026 ], [ -95.859026, 42.880511 ], [ -95.859078, 42.887741 ], [ -95.859116, 42.895035 ], [ -95.859377, 42.909097 ], [ -95.859332, 42.92387 ], [ -95.859337, 42.938333 ], [ -95.859337, 42.93951 ], [ -95.859379, 42.952783 ], [ -95.859608, 42.967481 ], [ -95.859777, 42.982093 ], [ -95.859951, 42.996661 ], [ -95.869816, 42.996699 ], [ -95.879712, 42.996703 ], [ -95.899467, 42.996798 ], [ -95.919209, 42.996897 ], [ -95.937983, 42.997052 ], [ -95.938955, 42.997047 ], [ -95.950569, 42.997025 ], [ -95.958664, 42.997089 ], [ -95.977798, 42.997241 ], [ -95.993831, 42.997337 ], [ -95.994181, 42.997341 ], [ -95.997838, 42.997325 ], [ -95.997722, 42.993863 ], [ -95.997643, 42.989895 ], [ -95.99754, 42.986104 ], [ -95.997499, 42.98419 ], [ -95.99747, 42.982857 ], [ -95.997469, 42.982327 ], [ -95.997475, 42.981176 ], [ -95.997454, 42.975311 ], [ -96.006684, 42.975298 ], [ -96.009906, 42.975294 ], [ -96.011589, 42.975296 ], [ -96.014418, 42.975287 ], [ -96.015715, 42.975283 ], [ -96.017425, 42.975285 ], [ -96.017488, 42.98258 ], [ -96.021997, 42.982485 ], [ -96.02191, 42.987204 ], [ -96.018481, 42.987171 ], [ -96.017413, 42.986728 ], [ -96.017412, 42.986811 ], [ -96.017389, 42.988045 ], [ -96.017388, 42.988098 ], [ -96.018467, 42.988107 ], [ -96.018438, 42.989357 ], [ -96.027282, 42.989415 ], [ -96.027248, 42.994141 ], [ -96.036035, 42.994656 ], [ -96.037116, 42.994617 ], [ -96.039631, 42.994217 ], [ -96.042054, 42.993397 ], [ -96.042075, 42.990474 ], [ -96.04208, 42.989893 ], [ -96.044596, 42.989859 ], [ -96.044596, 42.983377 ], [ -96.048737, 42.98339 ], [ -96.048731, 42.984096 ], [ -96.050151, 42.9841 ], [ -96.050168, 42.982109 ], [ -96.05703, 42.982136 ], [ -96.060931, 42.982239 ], [ -96.065713, 42.995143 ], [ -96.066702, 42.994765 ], [ -96.071627, 42.994874 ], [ -96.071629, 42.993579 ], [ -96.076559, 42.993646 ], [ -96.086409, 42.993718 ], [ -96.086421, 42.997611 ], [ -96.096297, 42.997588 ], [ -96.116117, 42.99747 ], [ -96.135849, 42.997347 ], [ -96.14736, 42.997137 ], [ -96.155746, 42.997111 ], [ -96.175509, 42.997134 ], [ -96.17939, 42.99716 ], [ -96.195208, 42.997207 ], [ -96.2138, 42.99728 ], [ -96.233643, 42.997235 ], [ -96.238587, 42.997204 ], [ -96.253467, 42.997128 ], [ -96.263523, 42.997119 ], [ -96.27328, 42.997118 ], [ -96.293099, 42.997107 ], [ -96.312805, 42.997093 ], [ -96.331637, 42.997064 ], [ -96.341557, 42.997043 ], [ -96.351457, 42.997019 ], [ -96.371336, 42.996959 ], [ -96.391229, 42.996874 ], [ -96.401613, 42.99685 ], [ -96.411034, 42.996818 ], [ -96.424623, 42.996818 ], [ -96.430896, 42.996785 ], [ -96.450304, 42.996773 ] ] ] ] } },
{ "type": "Feature", "properties": { "id": 61, "NAME": "61", "TotalPop": 30753, "PopDevPct": -0.03606761, "DemPct": 0.29296735, "RepPct": 0.69142447, "WhitePct": 0.93801968, "MinorityPct": 0.06198032, "BlackPct": 0.00517563, "HispanicPct": 0.02418123, "PacificPct": 0.00131512, "AsianPct": 0.00534532, "NativePct": 0.01824198, "TotalVAP": 23572, "Margin": -0.39845712, "color": "#960018", "opacity": "0.5", "DemPct2": 0.29817563, "RepPct2": 0.68299408, "Margin2": -0.38481845, "Swing": -0.01363867, "R_Margin": -0.2701739032, "R_Margin2": -0.3073652631, "R_Swing": 0.0371913599, "Majority": "White" }, "geometry": { "type": "MultiPolygon", "coordinates": [ [ [ [ -95.384717, 41.073394 ], [ -95.384606, 41.087922 ], [ -95.384454, 41.104197 ], [ -95.384438, 41.116979 ], [ -95.384381, 41.129972 ], [ -95.38417, 41.131486 ], [ -95.384374, 41.145998 ], [ -95.384336, 41.14963 ], [ -95.384349, 41.160011 ], [ -95.388029, 41.160034 ], [ -95.403586, 41.160137 ], [ -95.432384, 41.160205 ], [ -95.441341, 41.160312 ], [ -95.442973, 41.160331 ], [ -95.444852, 41.160231 ], [ -95.461121, 41.160242 ], [ -95.480256, 41.160194 ], [ -95.49898, 41.160116 ], [ -95.518207, 41.160182 ], [ -95.534889, 41.160164 ], [ -95.541697, 41.160154 ], [ -95.556401, 41.160085 ], [ -95.575584, 41.159996 ], [ -95.577509, 41.159878 ], [ -95.589493, 41.159661 ], [ -95.595009, 41.160006 ], [ -95.60084, 41.160022 ], [ -95.604394, 41.160039 ], [ -95.613042, 41.160037 ], [ -95.631656, 41.160062 ], [ -95.633894, 41.160056 ], [ -95.637006, 41.160087 ], [ -95.666715, 41.16008 ], [ -95.670394, 41.160089 ], [ -95.689502, 41.160014 ], [ -95.691918, 41.160007 ], [ -95.703824, 41.159988 ], [ -95.705025, 41.159996 ], [ -95.708596, 41.16002 ], [ -95.708726, 41.160021 ], [ -95.718158, 41.160051 ], [ -95.720866, 41.160125 ], [ -95.72754, 41.159992 ], [ -95.735163, 41.160095 ], [ -95.746897, 41.160103 ], [ -95.749742, 41.160072 ], [ -95.762165, 41.160043 ], [ -95.765596, 41.160136 ], [ -95.774661, 41.160109 ], [ -95.776752, 41.159903 ], [ -95.790003, 41.1598 ], [ -95.794209, 41.159853 ], [ -95.8011, 41.16007 ], [ -95.802156, 41.160097 ], [ -95.809347, 41.160224 ], [ -95.814753, 41.160259 ], [ -95.822722, 41.160313 ], [ -95.823212, 41.16031 ], [ -95.823498, 41.160306 ], [ -95.823914, 41.160305 ], [ -95.838484, 41.160242 ], [ -95.850802, 41.160277 ], [ -95.853502, 41.160283 ], [ -95.857334, 41.160293 ], [ -95.874006, 41.160294 ], [ -95.87928, 41.159847 ], [ -95.880521, 41.159874 ], [ -95.881477, 41.158361 ], [ -95.882944, 41.154572 ], [ -95.883346, 41.151056 ], [ -95.882883, 41.146657 ], [ -95.882032, 41.143534 ], [ -95.880865, 41.140883 ], [ -95.879318, 41.138586 ], [ -95.878302, 41.136947 ], [ -95.871168, 41.128795 ], [ -95.869092, 41.125548 ], [ -95.867228, 41.121493 ], [ -95.866425, 41.117812 ], [ -95.866304, 41.115116 ], [ -95.867072, 41.108379 ], [ -95.866661, 41.104975 ], [ -95.865978, 41.102377 ], [ -95.865076, 41.09899 ], [ -95.863279, 41.094495 ], [ -95.862587, 41.091876 ], [ -95.862427, 41.089687 ], [ -95.862937, 41.086178 ], [ -95.863843, 41.083456 ], [ -95.864782, 41.081611 ], [ -95.866912, 41.078855 ], [ -95.870323, 41.075809 ], [ -95.873877, 41.073136 ], [ -95.877441, 41.070357 ], [ -95.879367, 41.068532 ], [ -95.879542, 41.068314 ], [ -95.881011, 41.066303 ], [ -95.882225, 41.063539 ], [ -95.882476, 41.06136 ], [ -95.882101, 41.058359 ], [ -95.881173, 41.055938 ], [ -95.881588, 41.054378 ], [ -95.877258, 41.051946 ], [ -95.875187, 41.050399 ], [ -95.874711, 41.049323 ], [ -95.871783, 41.046383 ], [ -95.867246, 41.043671 ], [ -95.865158, 41.042215 ], [ -95.860862, 41.038547 ], [ -95.859654, 41.035695 ], [ -95.859102, 41.031599 ], [ -95.85919, 41.028931 ], [ -95.859918, 41.025403 ], [ -95.860959, 41.02362 ], [ -95.865886, 41.017418 ], [ -95.868387, 41.012727 ], [ -95.869502, 41.009429 ], [ -95.869495, 41.00709 ], [ -95.8687, 41.004395 ], [ -95.867303, 41.001645 ], [ -95.8669, 41.001026 ], [ -95.863492, 40.99734 ], [ -95.860116, 40.995242 ], [ -95.856071, 40.993206 ], [ -95.852547, 40.991738 ], [ -95.849232, 40.990688 ], [ -95.844351, 40.989524 ], [ -95.840144, 40.987243 ], [ -95.835434, 40.984184 ], [ -95.832055, 40.98114 ], [ -95.829792, 40.977344 ], [ -95.828545, 40.973901 ], [ -95.828329, 40.972378 ], [ -95.829354, 40.96738 ], [ -95.829829, 40.963857 ], [ -95.830801, 40.962105 ], [ -95.836558, 40.953205 ], [ -95.837951, 40.950618 ], [ -95.839364, 40.944059 ], [ -95.840275, 40.939942 ], [ -95.840139, 40.93548 ], [ -95.839743, 40.93278 ], [ -95.837774, 40.924712 ], [ -95.836438, 40.921642 ], [ -95.833041, 40.917243 ], [ -95.830699, 40.915004 ], [ -95.824959, 40.910933 ], [ -95.818709, 40.906818 ], [ -95.81618, 40.904791 ], [ -95.813465, 40.901693 ], [ -95.810886, 40.897907 ], [ -95.809775, 40.895447 ], [ -95.809379, 40.893279 ], [ -95.809474, 40.891228 ], [ -95.810709, 40.886681 ], [ -95.812083, 40.884239 ], [ -95.815933, 40.879846 ], [ -95.81959, 40.877439 ], [ -95.824989, 40.875 ], [ -95.832103, 40.873412 ], [ -95.836996, 40.872644 ], [ -95.840788, 40.871236 ], [ -95.844073, 40.869248 ], [ -95.845974, 40.867034 ], [ -95.847785, 40.864328 ], [ -95.84859, 40.861061 ], [ -95.84849, 40.858607 ], [ -95.847084, 40.854174 ], [ -95.846076, 40.85237 ], [ -95.841893, 40.846603 ], [ -95.840506, 40.843953 ], [ -95.838688, 40.839804 ], [ -95.837186, 40.835347 ], [ -95.837303, 40.831164 ], [ -95.838601, 40.826175 ], [ -95.840437, 40.822903 ], [ -95.841581, 40.821533 ], [ -95.843921, 40.817686 ], [ -95.844922, 40.814646 ], [ -95.845251, 40.812818 ], [ -95.84522, 40.809831 ], [ -95.843745, 40.803783 ], [ -95.842738, 40.801866 ], [ -95.838578, 40.794976 ], [ -95.835815, 40.79063 ], [ -95.834523, 40.787778 ], [ -95.834065, 40.785592 ], [ -95.834156, 40.783016 ], [ -95.835232, 40.779151 ], [ -95.836903, 40.776477 ], [ -95.84154, 40.772158 ], [ -95.84372, 40.770467 ], [ -95.850144, 40.766663 ], [ -95.856668, 40.764319 ], [ -95.861695, 40.762871 ], [ -95.869982, 40.759645 ], [ -95.872281, 40.758349 ], [ -95.876896, 40.754913 ], [ -95.881529, 40.750611 ], [ -95.883643, 40.747831 ], [ -95.88669, 40.742101 ], [ -95.888697, 40.736292 ], [ -95.888907, 40.731855 ], [ -95.885349, 40.721093 ], [ -95.883178, 40.717579 ], [ -95.877015, 40.714287 ], [ -95.87528, 40.71412 ], [ -95.872937, 40.713127 ], [ -95.870481, 40.71248 ], [ -95.861798, 40.709242 ], [ -95.857901, 40.70713 ], [ -95.854456, 40.704164 ], [ -95.852615, 40.702262 ], [ -95.849828, 40.698147 ], [ -95.84868, 40.695973 ], [ -95.847581, 40.692954 ], [ -95.847116, 40.690179 ], [ -95.846712, 40.685171 ], [ -95.845172, 40.680417 ], [ -95.842801, 40.677496 ], [ -95.839395, 40.675272 ], [ -95.832397, 40.671309 ], [ -95.830834, 40.670613 ], [ -95.83074, 40.670571 ], [ -95.826199, 40.668498 ], [ -95.822913, 40.66724 ], [ -95.818354, 40.666106 ], [ -95.81415, 40.66557 ], [ -95.805641, 40.665061 ], [ -95.801472, 40.664283 ], [ -95.795489, 40.662384 ], [ -95.789485, 40.659388 ], [ -95.783822, 40.654974 ], [ -95.780239, 40.651635 ], [ -95.776251, 40.647463 ], [ -95.774143, 40.644472 ], [ -95.77147, 40.639788 ], [ -95.770559, 40.63635 ], [ -95.770293, 40.629811 ], [ -95.769671, 40.625001 ], [ -95.770083, 40.624425 ], [ -95.768926, 40.621264 ], [ -95.766823, 40.61878 ], [ -95.761683, 40.615353 ], [ -95.758045, 40.613759 ], [ -95.755583, 40.612231 ], [ -95.751271, 40.609057 ], [ -95.749685, 40.606842 ], [ -95.748626, 40.603355 ], [ -95.748858, 40.599965 ], [ -95.750274, 40.596317 ], [ -95.753148, 40.59284 ], [ -95.758895, 40.588973 ], [ -95.765645, 40.585208 ], [ -95.764549, 40.585208 ], [ -95.749776, 40.585014 ], [ -95.744892, 40.585029 ], [ -95.735429, 40.584905 ], [ -95.716233, 40.584686 ], [ -95.703792, 40.584556 ], [ -95.687694, 40.584273 ], [ -95.687432, 40.584378 ], [ -95.673257, 40.58435 ], [ -95.658705, 40.584378 ], [ -95.657169, 40.58438 ], [ -95.652775, 40.584388 ], [ -95.652198, 40.584389 ], [ -95.647973, 40.584398 ], [ -95.638208, 40.584137 ], [ -95.638063, 40.584133 ], [ -95.637817, 40.584127 ], [ -95.632106, 40.583974 ], [ -95.610881, 40.583491 ], [ -95.601397, 40.58335 ], [ -95.593195, 40.583228 ], [ -95.573954, 40.582946 ], [ -95.538891, 40.582449 ], [ -95.526498, 40.582234 ], [ -95.507477, 40.582004 ], [ -95.488144, 40.581733 ], [ -95.484021, 40.581702 ], [ -95.469213, 40.581548 ], [ -95.455064, 40.5814 ], [ -95.45019, 40.581353 ], [ -95.413824, 40.580998 ], [ -95.392922, 40.580793 ], [ -95.375311, 40.580626 ], [ -95.373923, 40.580503 ], [ -95.373902, 40.582731 ], [ -95.373852, 40.588601 ], [ -95.373864, 40.597085 ], [ -95.373939, 40.607846 ], [ -95.373871, 40.611613 ], [ -95.373889, 40.626084 ], [ -95.37389, 40.626298 ], [ -95.373928, 40.640579 ], [ -95.373929, 40.640868 ], [ -95.373972, 40.648271 ], [ -95.373885, 40.65537 ], [ -95.3732, 40.669903 ], [ -95.372812, 40.677317 ], [ -95.372623, 40.684455 ], [ -95.371972, 40.698898 ], [ -95.371139, 40.717305 ], [ -95.371062, 40.719052 ], [ -95.37061, 40.727932 ], [ -95.370618, 40.728241 ], [ -95.385254, 40.728378 ], [ -95.385483, 40.731825 ], [ -95.385296, 40.733432 ], [ -95.385342, 40.742619 ], [ -95.385259, 40.749961 ], [ -95.385193, 40.754431 ], [ -95.385138, 40.757213 ], [ -95.385128, 40.757519 ], [ -95.385125, 40.757798 ], [ -95.38512, 40.758657 ], [ -95.385117, 40.75952 ], [ -95.385122, 40.760792 ], [ -95.385121, 40.761243 ], [ -95.385125, 40.761474 ], [ -95.385121, 40.76177 ], [ -95.385112, 40.762203 ], [ -95.385103, 40.762672 ], [ -95.385099, 40.762866 ], [ -95.385089, 40.764058 ], [ -95.385086, 40.764937 ], [ -95.385084, 40.765369 ], [ -95.385073, 40.765866 ], [ -95.385053, 40.766751 ], [ -95.385049, 40.767198 ], [ -95.385045, 40.76764 ], [ -95.38504, 40.768165 ], [ -95.385015, 40.769917 ], [ -95.384978, 40.771701 ], [ -95.3849, 40.775314 ], [ -95.38481, 40.785561 ], [ -95.384774, 40.793452 ], [ -95.384748, 40.800729 ], [ -95.384739, 40.814663 ], [ -95.384704, 40.829128 ], [ -95.384672, 40.843602 ], [ -95.384653, 40.858115 ], [ -95.384636, 40.870852 ], [ -95.384636, 40.872563 ], [ -95.384636, 40.873992 ], [ -95.384697, 40.881379 ], [ -95.384702, 40.884551 ], [ -95.38471, 40.887056 ], [ -95.38486, 40.895286 ], [ -95.384964, 40.90155 ], [ -95.377916, 40.901512 ], [ -95.365655, 40.901476 ], [ -95.346597, 40.901462 ], [ -95.327536, 40.901316 ], [ -95.326382, 40.901318 ], [ -95.316171, 40.901338 ], [ -95.308477, 40.901351 ], [ -95.300521, 40.901368 ], [ -95.298984, 40.901518 ], [ -95.289436, 40.901482 ], [ -95.28093, 40.901448 ], [ -95.279987, 40.901444 ], [ -95.27024, 40.901407 ], [ -95.270151, 40.901406 ], [ -95.261027, 40.901341 ], [ -95.251314, 40.901329 ], [ -95.241866, 40.901326 ], [ -95.232301, 40.901262 ], [ -95.222584, 40.901193 ], [ -95.213313, 40.90115 ], [ -95.20111, 40.901145 ], [ -95.195012, 40.9011 ], [ -95.188733, 40.901088 ], [ -95.176635, 40.901074 ], [ -95.175229, 40.901091 ], [ -95.170512, 40.901077 ], [ -95.165776, 40.901072 ], [ -95.156199, 40.901035 ], [ -95.146669, 40.901038 ], [ -95.137504, 40.901012 ], [ -95.134977, 40.900871 ], [ -95.134097, 40.901018 ], [ -95.118458, 40.900957 ], [ -95.117721, 40.900975 ], [ -95.099395, 40.900916 ], [ -95.08034, 40.900871 ], [ -95.072626, 40.900876 ], [ -95.061284, 40.900876 ], [ -95.04227, 40.900714 ], [ -95.033389, 40.900687 ], [ -95.023787, 40.90066 ], [ -95.012651, 40.900624 ], [ -95.005923, 40.90076 ], [ -95.002618, 40.900751 ], [ -94.985636, 40.900775 ], [ -94.971349, 40.900788 ], [ -94.966511, 40.900697 ], [ -94.956964, 40.900671 ], [ -94.937864, 40.900656 ], [ -94.928459, 40.900653 ], [ -94.928604, 40.90177 ], [ -94.928464, 40.908476 ], [ -94.928434, 40.926435 ], [ -94.928425, 40.929576 ], [ -94.928373, 40.944059 ], [ -94.928326, 40.958523 ], [ -94.928274, 40.972987 ], [ -94.928056, 40.980222 ], [ -94.928041, 40.98621 ], [ -94.928179, 40.988401 ], [ -94.927883, 41.001057 ], [ -94.927733, 41.005595 ], [ -94.927864, 41.00849 ], [ -94.927837, 41.015923 ], [ -94.927856, 41.023075 ], [ -94.92784, 41.029968 ], [ -94.927684, 41.051711 ], [ -94.92768, 41.058995 ], [ -94.927683, 41.066023 ], [ -94.927684, 41.072318 ], [ -94.927574, 41.086627 ], [ -94.927464, 41.099516 ], [ -94.927584, 41.101474 ], [ -94.927564, 41.1073 ], [ -94.927481, 41.115663 ], [ -94.92756, 41.123259 ], [ -94.927501, 41.129954 ], [ -94.927576, 41.137294 ], [ -94.927632, 41.144396 ], [ -94.927632, 41.144596 ], [ -94.927616, 41.14987 ], [ -94.927609, 41.151719 ], [ -94.927587, 41.158508 ], [ -94.936738, 41.158516 ], [ -94.937, 41.158388 ], [ -94.946618, 41.158343 ], [ -94.958532, 41.158298 ], [ -94.964393, 41.158248 ], [ -94.976142, 41.15843 ], [ -94.984891, 41.158475 ], [ -95.003867, 41.158551 ], [ -95.009386, 41.158571 ], [ -95.013434, 41.158594 ], [ -95.018189, 41.158626 ], [ -95.022988, 41.158652 ], [ -95.027778, 41.158651 ], [ -95.030134, 41.158479 ], [ -95.033436, 41.158573 ], [ -95.041485, 41.158725 ], [ -95.060682, 41.158808 ], [ -95.082076, 41.158957 ], [ -95.089411, 41.158937 ], [ -95.099042, 41.15896 ], [ -95.127767, 41.159068 ], [ -95.137356, 41.159104 ], [ -95.146959, 41.15913 ], [ -95.155851, 41.159236 ], [ -95.155719, 41.153397 ], [ -95.155821, 41.147519 ], [ -95.155843, 41.146661 ], [ -95.155872, 41.145959 ], [ -95.155701, 41.145226 ], [ -95.155773, 41.130463 ], [ -95.155828, 41.11615 ], [ -95.155847, 41.114348 ], [ -95.156012, 41.101633 ], [ -95.155931, 41.090781 ], [ -95.155929, 41.082622 ], [ -95.156063, 41.072686 ], [ -95.175192, 41.072722 ], [ -95.181026, 41.072768 ], [ -95.186906, 41.072846 ], [ -95.18814, 41.072766 ], [ -95.194334, 41.072782 ], [ -95.203907, 41.072548 ], [ -95.207511, 41.072572 ], [ -95.208192, 41.072583 ], [ -95.223146, 41.072844 ], [ -95.232476, 41.072901 ], [ -95.251503, 41.072947 ], [ -95.262003, 41.073089 ], [ -95.270029, 41.073085 ], [ -95.272583, 41.073078 ], [ -95.286726, 41.073162 ], [ -95.289496, 41.073153 ], [ -95.291004, 41.073162 ], [ -95.2934, 41.073163 ], [ -95.308748, 41.073172 ], [ -95.311694, 41.073182 ], [ -95.327612, 41.073243 ], [ -95.330409, 41.073372 ], [ -95.335454, 41.073052 ], [ -95.337342, 41.073132 ], [ -95.337742, 41.073298 ], [ -95.347198, 41.073288 ], [ -95.358149, 41.073327 ], [ -95.363129, 41.073319 ], [ -95.366329, 41.073331 ], [ -95.376078, 41.073364 ], [ -95.384717, 41.073394 ] ] ] ] } },
{ "type": "Feature", "properties": { "id": 62, "NAME": "62", "TotalPop": 30748, "PopDevPct": -0.03622434, "DemPct": 0.31214293, "RepPct": 0.67191233, "WhitePct": 0.94567207, "MinorityPct": 0.05432793, "BlackPct": 0.00430025, "HispanicPct": 0.02099034, "PacificPct": 0.00114957, "AsianPct": 0.00736578, "NativePct": 0.01358198, "TotalVAP": 23487, "Margin": -0.3597694, "color": "#960018", "opacity": "0.5", "DemPct2": 0.32119086, "RepPct2": 0.6627109, "Margin2": -0.34152004, "Swing": -0.01824936, "R_Margin": -0.2314861832, "R_Margin2": -0.2640668531, "R_Swing": 0.0325806699, "Majority": "White" }, "geometry": { "type": "MultiPolygon", "coordinates": [ [ [ [ -95.155719, 41.153397 ], [ -95.155851, 41.159236 ], [ -95.155704, 41.173684 ], [ -95.155744, 41.188204 ], [ -95.155664, 41.19542 ], [ -95.155575, 41.212742 ], [ -95.155499, 41.213054 ], [ -95.155325, 41.217341 ], [ -95.155348, 41.21875 ], [ -95.155596, 41.218747 ], [ -95.155483, 41.234786 ], [ -95.155373, 41.245034 ], [ -95.155089, 41.252082 ], [ -95.155037, 41.257627 ], [ -95.154959, 41.270145 ], [ -95.15498, 41.274898 ], [ -95.155484, 41.288639 ], [ -95.15541, 41.291941 ], [ -95.155338, 41.302199 ], [ -95.155499, 41.302768 ], [ -95.155333, 41.303231 ], [ -95.155368, 41.310018 ], [ -95.15523, 41.317268 ], [ -95.155114, 41.322106 ], [ -95.155155, 41.327897 ], [ -95.155336, 41.328071 ], [ -95.155284, 41.331878 ], [ -95.155162, 41.33897 ], [ -95.155376, 41.346207 ], [ -95.155239, 41.34933 ], [ -95.155506, 41.353377 ], [ -95.155661, 41.356965 ], [ -95.155295, 41.372175 ], [ -95.155316, 41.37513 ], [ -95.154614, 41.388455 ], [ -95.154617, 41.396921 ], [ -95.154653, 41.404061 ], [ -95.154647, 41.410938 ], [ -95.154711, 41.4135 ], [ -95.154744, 41.418292 ], [ -95.154836, 41.432574 ], [ -95.15485, 41.433871 ], [ -95.154905, 41.443578 ], [ -95.154926, 41.447193 ], [ -95.155003, 41.458077 ], [ -95.155053, 41.465457 ], [ -95.155126, 41.47623 ], [ -95.155146, 41.479873 ], [ -95.155222, 41.490737 ], [ -95.155289, 41.498196 ], [ -95.155291, 41.498398 ], [ -95.155293, 41.500035 ], [ -95.154634, 41.501317 ], [ -95.154722, 41.505211 ], [ -95.164171, 41.505231 ], [ -95.174034, 41.50527 ], [ -95.187902, 41.50531 ], [ -95.193277, 41.505335 ], [ -95.202894, 41.50537 ], [ -95.213069, 41.505447 ], [ -95.21826, 41.505457 ], [ -95.219141, 41.505482 ], [ -95.222206, 41.505488 ], [ -95.245797, 41.505599 ], [ -95.251084, 41.505672 ], [ -95.269357, 41.505672 ], [ -95.277114, 41.50572 ], [ -95.28868, 41.505673 ], [ -95.29934, 41.505766 ], [ -95.312349, 41.505757 ], [ -95.332208, 41.505759 ], [ -95.336707, 41.505773 ], [ -95.33691, 41.505774 ], [ -95.349789, 41.505785 ], [ -95.356283, 41.505816 ], [ -95.376279, 41.505785 ], [ -95.383612, 41.505847 ], [ -95.402843, 41.505835 ], [ -95.422153, 41.505865 ], [ -95.439528, 41.505897 ], [ -95.441376, 41.505892 ], [ -95.450973, 41.505998 ], [ -95.460629, 41.506059 ], [ -95.479908, 41.505993 ], [ -95.497997, 41.506074 ], [ -95.517293, 41.506137 ], [ -95.526931, 41.506149 ], [ -95.527693, 41.506152 ], [ -95.536387, 41.506155 ], [ -95.546137, 41.506118 ], [ -95.569682, 41.506116 ], [ -95.569968, 41.506214 ], [ -95.584242, 41.506036 ], [ -95.586489, 41.506037 ], [ -95.590624, 41.506036 ], [ -95.59108, 41.506031 ], [ -95.594254, 41.505968 ], [ -95.598525, 41.506073 ], [ -95.612283, 41.506081 ], [ -95.617006, 41.506157 ], [ -95.632486, 41.506171 ], [ -95.641613, 41.506156 ], [ -95.650611, 41.506136 ], [ -95.654388, 41.506012 ], [ -95.669957, 41.506164 ], [ -95.677022, 41.506227 ], [ -95.691519, 41.506433 ], [ -95.708395, 41.506241 ], [ -95.717991, 41.506325 ], [ -95.72696, 41.506365 ], [ -95.728494, 41.506387 ], [ -95.745884, 41.506444 ], [ -95.74846, 41.506385 ], [ -95.753001, 41.506511 ], [ -95.756041, 41.506392 ], [ -95.76417, 41.506393 ], [ -95.784503, 41.506474 ], [ -95.79397, 41.506509 ], [ -95.798684, 41.506554 ], [ -95.80199, 41.506578 ], [ -95.803191, 41.506566 ], [ -95.808537, 41.506558 ], [ -95.813343, 41.50658 ], [ -95.823054, 41.506565 ], [ -95.832581, 41.506536 ], [ -95.840706, 41.506577 ], [ -95.855973, 41.506604 ], [ -95.867504, 41.506503 ], [ -95.867996, 41.506505 ], [ -95.870912, 41.506508 ], [ -95.875659, 41.506524 ], [ -95.879057, 41.506557 ], [ -95.881673, 41.506485 ], [ -95.890783, 41.506548 ], [ -95.891082, 41.506551 ], [ -95.891432, 41.506545 ], [ -95.897792, 41.506568 ], [ -95.898129, 41.506566 ], [ -95.903332, 41.506613 ], [ -95.903648, 41.506611 ], [ -95.907327, 41.506594 ], [ -95.907955, 41.506601 ], [ -95.917426, 41.506624 ], [ -95.927081, 41.50668 ], [ -95.936729, 41.5066 ], [ -95.955928, 41.506527 ], [ -95.975389, 41.506661 ], [ -95.975666, 41.506709 ], [ -95.979516, 41.506846 ], [ -95.994504, 41.506893 ], [ -95.996194, 41.50696 ], [ -96.000649, 41.50254 ], [ -96.01282, 41.494904 ], [ -96.017918, 41.491976 ], [ -96.018591, 41.491772 ], [ -96.019543, 41.491592 ], [ -96.019343, 41.486926 ], [ -96.017836, 41.483584 ], [ -96.013585, 41.478469 ], [ -96.01125, 41.476186 ], [ -96.008519, 41.474039 ], [ -96.004047, 41.472146 ], [ -96.001612, 41.471695 ], [ -95.998052, 41.47146 ], [ -95.991661, 41.471849 ], [ -95.988497, 41.471578 ], [ -95.984279, 41.470939 ], [ -95.979804, 41.469719 ], [ -95.976435, 41.468286 ], [ -95.972901, 41.466082 ], [ -95.968334, 41.46389 ], [ -95.966688, 41.463425 ], [ -95.962702, 41.463077 ], [ -95.958372, 41.463218 ], [ -95.952491, 41.46451 ], [ -95.949589, 41.465538 ], [ -95.945007, 41.466485 ], [ -95.941767, 41.466349 ], [ -95.93634, 41.465304 ], [ -95.933537, 41.464277 ], [ -95.928419, 41.461683 ], [ -95.92451, 41.458914 ], [ -95.922786, 41.457306 ], [ -95.921192, 41.455138 ], [ -95.919989, 41.452604 ], [ -95.919537, 41.448186 ], [ -95.919905, 41.445869 ], [ -95.920857, 41.443428 ], [ -95.923285, 41.440503 ], [ -95.928638, 41.436501 ], [ -95.930921, 41.434178 ], [ -95.932311, 41.432071 ], [ -95.933097, 41.428941 ], [ -95.932994, 41.426186 ], [ -95.932255, 41.423073 ], [ -95.930625, 41.41924 ], [ -95.929478, 41.415329 ], [ -95.929677, 41.411071 ], [ -95.930891, 41.407205 ], [ -95.932439, 41.404 ], [ -95.935793, 41.399632 ], [ -95.936752, 41.397873 ], [ -95.937694, 41.39477 ], [ -95.937791, 41.390752 ], [ -95.936411, 41.385876 ], [ -95.934896, 41.383136 ], [ -95.930575, 41.377676 ], [ -95.929486, 41.375326 ], [ -95.928768, 41.37166 ], [ -95.928774, 41.37008 ], [ -95.929681, 41.367058 ], [ -95.930965, 41.364495 ], [ -95.933642, 41.361551 ], [ -95.936923, 41.359247 ], [ -95.939062, 41.358375 ], [ -95.943337, 41.357063 ], [ -95.946914, 41.356609 ], [ -95.950965, 41.355479 ], [ -95.954271, 41.353508 ], [ -95.956635, 41.350716 ], [ -95.95713, 41.349593 ], [ -95.957097, 41.345794 ], [ -95.957008, 41.345558 ], [ -95.956038, 41.343063 ], [ -95.953418, 41.33947 ], [ -95.951657, 41.337502 ], [ -95.946532, 41.333139 ], [ -95.944087, 41.33155 ], [ -95.940121, 41.328843 ], [ -95.93786, 41.327853 ], [ -95.93573, 41.326473 ], [ -95.931008, 41.324236 ], [ -95.929383, 41.32313 ], [ -95.925185, 41.321355 ], [ -95.921378, 41.320434 ], [ -95.915091, 41.319918 ], [ -95.909734, 41.320304 ], [ -95.905181, 41.321108 ], [ -95.899943, 41.321481 ], [ -95.894405, 41.320848 ], [ -95.892035, 41.320374 ], [ -95.885554, 41.318097 ], [ -95.882916, 41.316647 ], [ -95.879868, 41.314381 ], [ -95.87676, 41.311537 ], [ -95.874184, 41.307924 ], [ -95.871871, 41.301813 ], [ -95.871141, 41.29669 ], [ -95.871442, 41.293408 ], [ -95.872577, 41.290188 ], [ -95.871015, 41.290167 ], [ -95.870556, 41.290163 ], [ -95.867377, 41.290133 ], [ -95.866249, 41.290128 ], [ -95.865393, 41.290116 ], [ -95.864862, 41.290107 ], [ -95.859932, 41.290055 ], [ -95.859833, 41.290054 ], [ -95.857494, 41.290021 ], [ -95.850558, 41.289902 ], [ -95.845219, 41.289619 ], [ -95.841112, 41.289438 ], [ -95.838379, 41.289661 ], [ -95.834568, 41.289601 ], [ -95.834558, 41.289638 ], [ -95.832886, 41.290002 ], [ -95.83207, 41.290653 ], [ -95.82767, 41.290714 ], [ -95.827667, 41.289765 ], [ -95.822498, 41.289775 ], [ -95.820373, 41.289802 ], [ -95.806226, 41.289984 ], [ -95.80243, 41.290015 ], [ -95.796745, 41.290002 ], [ -95.794371, 41.289995 ], [ -95.793514, 41.289986 ], [ -95.792757, 41.289974 ], [ -95.792572, 41.289971 ], [ -95.784433, 41.289839 ], [ -95.779534, 41.289852 ], [ -95.77852, 41.289854 ], [ -95.778205, 41.289854 ], [ -95.774884, 41.289863 ], [ -95.774901, 41.286231 ], [ -95.774862, 41.280474 ], [ -95.774879, 41.278995 ], [ -95.774904, 41.278978 ], [ -95.786022, 41.27148 ], [ -95.790109, 41.267827 ], [ -95.792899, 41.265662 ], [ -95.799221, 41.261341 ], [ -95.798854, 41.261285 ], [ -95.797844, 41.261293 ], [ -95.797455, 41.260969 ], [ -95.795592, 41.259446 ], [ -95.79625, 41.258479 ], [ -95.796034, 41.257401 ], [ -95.797394, 41.257406 ], [ -95.797398, 41.255852 ], [ -95.797405, 41.253749 ], [ -95.80105, 41.25637 ], [ -95.800664, 41.256741 ], [ -95.800876, 41.257612 ], [ -95.802196, 41.258402 ], [ -95.804677, 41.256025 ], [ -95.804916, 41.256125 ], [ -95.807616, 41.253403 ], [ -95.8123, 41.248483 ], [ -95.813847, 41.246586 ], [ -95.817739, 41.241823 ], [ -95.816858, 41.241249 ], [ -95.815653, 41.241588 ], [ -95.815647, 41.239682 ], [ -95.814437, 41.240034 ], [ -95.814074, 41.242198 ], [ -95.815654, 41.241921 ], [ -95.815654, 41.243411 ], [ -95.813644, 41.24341 ], [ -95.813665, 41.242262 ], [ -95.81082, 41.242527 ], [ -95.809809, 41.242242 ], [ -95.808476, 41.23986 ], [ -95.807705, 41.239828 ], [ -95.805948, 41.239845 ], [ -95.80358, 41.239856 ], [ -95.803548, 41.238035 ], [ -95.808407, 41.23802 ], [ -95.813267, 41.238011 ], [ -95.813283, 41.236222 ], [ -95.815108, 41.23623 ], [ -95.817743, 41.237556 ], [ -95.818085, 41.236432 ], [ -95.818163, 41.23261 ], [ -95.818123, 41.230495 ], [ -95.818097, 41.229188 ], [ -95.818096, 41.229075 ], [ -95.818091, 41.228541 ], [ -95.817997, 41.228158 ], [ -95.818025, 41.227808 ], [ -95.818076, 41.225376 ], [ -95.816254, 41.225376 ], [ -95.816255, 41.224358 ], [ -95.818113, 41.224212 ], [ -95.81814, 41.221767 ], [ -95.813274, 41.221733 ], [ -95.813268, 41.220846 ], [ -95.818158, 41.220917 ], [ -95.818232, 41.220721 ], [ -95.817156, 41.219664 ], [ -95.81688, 41.219392 ], [ -95.815659, 41.220228 ], [ -95.813458, 41.220099 ], [ -95.812197, 41.220728 ], [ -95.810991, 41.220271 ], [ -95.811137, 41.218172 ], [ -95.808457, 41.218191 ], [ -95.808484, 41.21511 ], [ -95.813929, 41.21721 ], [ -95.815921, 41.218476 ], [ -95.817423, 41.21841 ], [ -95.818314, 41.218279 ], [ -95.820126, 41.217978 ], [ -95.818193, 41.215494 ], [ -95.818263, 41.210828 ], [ -95.818331, 41.205586 ], [ -95.818332, 41.205451 ], [ -95.821719, 41.205456 ], [ -95.81998, 41.203709 ], [ -95.82285, 41.203695 ], [ -95.823056, 41.189444 ], [ -95.823092, 41.181762 ], [ -95.823091, 41.181449 ], [ -95.823091, 41.181382 ], [ -95.814857, 41.181444 ], [ -95.81274, 41.181385 ], [ -95.798807, 41.181472 ], [ -95.795871, 41.181883 ], [ -95.78459, 41.181845 ], [ -95.784572, 41.178227 ], [ -95.779832, 41.178243 ], [ -95.779828, 41.177584 ], [ -95.784479, 41.171509 ], [ -95.786072, 41.169862 ], [ -95.788138, 41.168648 ], [ -95.791936, 41.166886 ], [ -95.794039, 41.167588 ], [ -95.796589, 41.167364 ], [ -95.813268, 41.167436 ], [ -95.813334, 41.175635 ], [ -95.813238, 41.180033 ], [ -95.81376, 41.180846 ], [ -95.814869, 41.180869 ], [ -95.815201, 41.177986 ], [ -95.817427, 41.174596 ], [ -95.8175, 41.174519 ], [ -95.82349, 41.174614 ], [ -95.823783, 41.174619 ], [ -95.824216, 41.174627 ], [ -95.824658, 41.174838 ], [ -95.832052, 41.174874 ], [ -95.835164, 41.1747 ], [ -95.839566, 41.17477 ], [ -95.84003, 41.174772 ], [ -95.841667, 41.174769 ], [ -95.842039, 41.171367 ], [ -95.843443, 41.169096 ], [ -95.845451, 41.167423 ], [ -95.847938, 41.166239 ], [ -95.850882, 41.165674 ], [ -95.853451, 41.165518 ], [ -95.856813, 41.165935 ], [ -95.865929, 41.168129 ], [ -95.870574, 41.167784 ], [ -95.873692, 41.166642 ], [ -95.875798, 41.165268 ], [ -95.879171, 41.161968 ], [ -95.880521, 41.159874 ], [ -95.87928, 41.159847 ], [ -95.874006, 41.160294 ], [ -95.857334, 41.160293 ], [ -95.853502, 41.160283 ], [ -95.850802, 41.160277 ], [ -95.838484, 41.160242 ], [ -95.823914, 41.160305 ], [ -95.823498, 41.160306 ], [ -95.823212, 41.16031 ], [ -95.822722, 41.160313 ], [ -95.814753, 41.160259 ], [ -95.809347, 41.160224 ], [ -95.802156, 41.160097 ], [ -95.8011, 41.16007 ], [ -95.794209, 41.159853 ], [ -95.790003, 41.1598 ], [ -95.776752, 41.159903 ], [ -95.774661, 41.160109 ], [ -95.765596, 41.160136 ], [ -95.762165, 41.160043 ], [ -95.749742, 41.160072 ], [ -95.746897, 41.160103 ], [ -95.735163, 41.160095 ], [ -95.72754, 41.159992 ], [ -95.720866, 41.160125 ], [ -95.718158, 41.160051 ], [ -95.708726, 41.160021 ], [ -95.708596, 41.16002 ], [ -95.705025, 41.159996 ], [ -95.703824, 41.159988 ], [ -95.691918, 41.160007 ], [ -95.689502, 41.160014 ], [ -95.670394, 41.160089 ], [ -95.666715, 41.16008 ], [ -95.637006, 41.160087 ], [ -95.633894, 41.160056 ], [ -95.631656, 41.160062 ], [ -95.613042, 41.160037 ], [ -95.604394, 41.160039 ], [ -95.60084, 41.160022 ], [ -95.595009, 41.160006 ], [ -95.589493, 41.159661 ], [ -95.577509, 41.159878 ], [ -95.575584, 41.159996 ], [ -95.556401, 41.160085 ], [ -95.541697, 41.160154 ], [ -95.534889, 41.160164 ], [ -95.518207, 41.160182 ], [ -95.49898, 41.160116 ], [ -95.480256, 41.160194 ], [ -95.461121, 41.160242 ], [ -95.444852, 41.160231 ], [ -95.442973, 41.160331 ], [ -95.441341, 41.160312 ], [ -95.432384, 41.160205 ], [ -95.403586, 41.160137 ], [ -95.388029, 41.160034 ], [ -95.384349, 41.160011 ], [ -95.384336, 41.14963 ], [ -95.384374, 41.145998 ], [ -95.38417, 41.131486 ], [ -95.384381, 41.129972 ], [ -95.384438, 41.116979 ], [ -95.384454, 41.104197 ], [ -95.384606, 41.087922 ], [ -95.384717, 41.073394 ], [ -95.376078, 41.073364 ], [ -95.366329, 41.073331 ], [ -95.363129, 41.073319 ], [ -95.358149, 41.073327 ], [ -95.347198, 41.073288 ], [ -95.337742, 41.073298 ], [ -95.337342, 41.073132 ], [ -95.335454, 41.073052 ], [ -95.330409, 41.073372 ], [ -95.327612, 41.073243 ], [ -95.311694, 41.073182 ], [ -95.308748, 41.073172 ], [ -95.2934, 41.073163 ], [ -95.291004, 41.073162 ], [ -95.289496, 41.073153 ], [ -95.286726, 41.073162 ], [ -95.272583, 41.073078 ], [ -95.270029, 41.073085 ], [ -95.262003, 41.073089 ], [ -95.251503, 41.072947 ], [ -95.232476, 41.072901 ], [ -95.223146, 41.072844 ], [ -95.208192, 41.072583 ], [ -95.207511, 41.072572 ], [ -95.203907, 41.072548 ], [ -95.194334, 41.072782 ], [ -95.18814, 41.072766 ], [ -95.186906, 41.072846 ], [ -95.181026, 41.072768 ], [ -95.175192, 41.072722 ], [ -95.156063, 41.072686 ], [ -95.155929, 41.082622 ], [ -95.155931, 41.090781 ], [ -95.156012, 41.101633 ], [ -95.155847, 41.114348 ], [ -95.155828, 41.11615 ], [ -95.155773, 41.130463 ], [ -95.155701, 41.145226 ], [ -95.155872, 41.145959 ], [ -95.155843, 41.146661 ], [ -95.155821, 41.147519 ], [ -95.155719, 41.153397 ] ] ] ] } },
{ "type": "Feature", "properties": { "id": 63, "NAME": "63", "TotalPop": 32354, "PopDevPct": 0.01411467, "DemPct": 0.25824795, "RepPct": 0.72525616, "WhitePct": 0.95040788, "MinorityPct": 0.04959212, "BlackPct": 0.00456344, "HispanicPct": 0.01724416, "PacificPct": 0.0007673, "AsianPct": 0.00496729, "NativePct": 0.01817301, "TotalVAP": 24762, "Margin": -0.46700821, "color": "#960018", "opacity": "0.5", "DemPct2": 0.28145345, "RepPct2": 0.70201992, "Margin2": -0.42056647, "Swing": -0.04644174, "R_Margin": -0.3387249932, "R_Margin2": -0.3431132831000001, "R_Swing": 0.0043882899, "Majority": "White" }, "geometry": { "type": "MultiPolygon", "coordinates": [ [ [ [ -95.72696, 41.506365 ], [ -95.717991, 41.506325 ], [ -95.708395, 41.506241 ], [ -95.691519, 41.506433 ], [ -95.677022, 41.506227 ], [ -95.669957, 41.506164 ], [ -95.654388, 41.506012 ], [ -95.650611, 41.506136 ], [ -95.641613, 41.506156 ], [ -95.632486, 41.506171 ], [ -95.617006, 41.506157 ], [ -95.612283, 41.506081 ], [ -95.598525, 41.506073 ], [ -95.594254, 41.505968 ], [ -95.59108, 41.506031 ], [ -95.590624, 41.506036 ], [ -95.586489, 41.506037 ], [ -95.584242, 41.506036 ], [ -95.569968, 41.506214 ], [ -95.569682, 41.506116 ], [ -95.546137, 41.506118 ], [ -95.536387, 41.506155 ], [ -95.527693, 41.506152 ], [ -95.526931, 41.506149 ], [ -95.517293, 41.506137 ], [ -95.497997, 41.506074 ], [ -95.498082, 41.516457 ], [ -95.498087, 41.520537 ], [ -95.498023, 41.526155 ], [ -95.498086, 41.535012 ], [ -95.498077, 41.549473 ], [ -95.498121, 41.561017 ], [ -95.498027, 41.56392 ], [ -95.498027, 41.579005 ], [ -95.49794, 41.585605 ], [ -95.497998, 41.594376 ], [ -95.497793, 41.602333 ], [ -95.518247, 41.602331 ], [ -95.518568, 41.602333 ], [ -95.528337, 41.60232 ], [ -95.537978, 41.602348 ], [ -95.542004, 41.602297 ], [ -95.553394, 41.602402 ], [ -95.554498, 41.602375 ], [ -95.555696, 41.602318 ], [ -95.558143, 41.602383 ], [ -95.55796, 41.609751 ], [ -95.557948, 41.616866 ], [ -95.557953, 41.631375 ], [ -95.55792, 41.638704 ], [ -95.557893, 41.645835 ], [ -95.55786, 41.657937 ], [ -95.557862, 41.65876 ], [ -95.557892, 41.660304 ], [ -95.557847, 41.667599 ], [ -95.55786, 41.674829 ], [ -95.557805, 41.689168 ], [ -95.557725, 41.696283 ], [ -95.557735, 41.698181 ], [ -95.557602, 41.707032 ], [ -95.557789, 41.71236 ], [ -95.557715, 41.717929 ], [ -95.557603, 41.725186 ], [ -95.557521, 41.726102 ], [ -95.557512, 41.732427 ], [ -95.55739, 41.746926 ], [ -95.557366, 41.754212 ], [ -95.557368, 41.754444 ], [ -95.557417, 41.75726 ], [ -95.557042, 41.759057 ], [ -95.557363, 41.761478 ], [ -95.557361, 41.772363 ], [ -95.557356, 41.776396 ], [ -95.557345, 41.783641 ], [ -95.557195, 41.790894 ], [ -95.557233, 41.802862 ], [ -95.55721, 41.805452 ], [ -95.557194, 41.825744 ], [ -95.557186, 41.830819 ], [ -95.557144, 41.856242 ], [ -95.557277, 41.863449 ], [ -95.561292, 41.863358 ], [ -95.569022, 41.863424 ], [ -95.589534, 41.863307 ], [ -95.595997, 41.8633 ], [ -95.596074, 41.8633 ], [ -95.59765, 41.863303 ], [ -95.59807, 41.863303 ], [ -95.602755, 41.863309 ], [ -95.611433, 41.863309 ], [ -95.622841, 41.863275 ], [ -95.626954, 41.863275 ], [ -95.666656, 41.863235 ], [ -95.672771, 41.863147 ], [ -95.672596, 41.867295 ], [ -95.672708, 41.877321 ], [ -95.67255, 41.877574 ], [ -95.672456, 41.883474 ], [ -95.672618, 41.88489 ], [ -95.67252, 41.894197 ], [ -95.67253, 41.895719 ], [ -95.672508, 41.909327 ], [ -95.67251, 41.909658 ], [ -95.672422, 41.921107 ], [ -95.672253, 41.935656 ], [ -95.672103, 41.937954 ], [ -95.67222, 41.943327 ], [ -95.672152, 41.950315 ], [ -95.672109, 41.961264 ], [ -95.672073, 41.964822 ], [ -95.671989, 41.972628 ], [ -95.672032, 41.980574 ], [ -95.671929, 41.985452 ], [ -95.672011, 41.993886 ], [ -95.672163, 41.994098 ], [ -95.671913, 41.994858 ], [ -95.671891, 42.008353 ], [ -95.671902, 42.011753 ], [ -95.671875, 42.014607 ], [ -95.672098, 42.01741 ], [ -95.672207, 42.028787 ], [ -95.671689, 42.034531 ], [ -95.671751, 42.037435 ], [ -95.671683, 42.041585 ], [ -95.671607, 42.043296 ], [ -95.671563, 42.045441 ], [ -95.671701, 42.048705 ], [ -95.671699, 42.048814 ], [ -95.671706, 42.051941 ], [ -95.671941, 42.060833 ], [ -95.671714, 42.066466 ], [ -95.671782, 42.080987 ], [ -95.671654, 42.095518 ], [ -95.671322, 42.110024 ], [ -95.671241, 42.116935 ], [ -95.671397, 42.122487 ], [ -95.671155, 42.124497 ], [ -95.671102, 42.13186 ], [ -95.671036, 42.13882 ], [ -95.670898, 42.138985 ], [ -95.670894, 42.145253 ], [ -95.6709, 42.145492 ], [ -95.670898, 42.146238 ], [ -95.671032, 42.153444 ], [ -95.670825, 42.167529 ], [ -95.670823, 42.167883 ], [ -95.670721, 42.175114 ], [ -95.670639, 42.182392 ], [ -95.670583, 42.196874 ], [ -95.670692, 42.205253 ], [ -95.670822, 42.211408 ], [ -95.670618, 42.218515 ], [ -95.670555, 42.225758 ], [ -95.670149, 42.231172 ], [ -95.670374, 42.238884 ], [ -95.670352, 42.240248 ], [ -95.670282, 42.244096 ], [ -95.67038, 42.253557 ], [ -95.670387, 42.254764 ], [ -95.670368, 42.25723 ], [ -95.670037, 42.257792 ], [ -95.669921, 42.262788 ], [ -95.67031, 42.268446 ], [ -95.670221, 42.26966 ], [ -95.66989, 42.27418 ], [ -95.670088, 42.280304 ], [ -95.670221, 42.283715 ], [ -95.670239, 42.28733 ], [ -95.670396, 42.298091 ], [ -95.67044, 42.305382 ], [ -95.670842, 42.312575 ], [ -95.670917, 42.325078 ], [ -95.670477, 42.327034 ], [ -95.670333, 42.341509 ], [ -95.670705, 42.345813 ], [ -95.670316, 42.356081 ], [ -95.670142, 42.370527 ], [ -95.669597, 42.374996 ], [ -95.670021, 42.38479 ], [ -95.670036, 42.391892 ], [ -95.670036, 42.392081 ], [ -95.670041, 42.396586 ], [ -95.669569, 42.399284 ], [ -95.669546, 42.403069 ], [ -95.669629, 42.41386 ], [ -95.669317, 42.4284 ], [ -95.669299, 42.442807 ], [ -95.669141, 42.457351 ], [ -95.669176, 42.460987 ], [ -95.66922, 42.464512 ], [ -95.669179, 42.466135 ], [ -95.669203, 42.467201 ], [ -95.669239, 42.468149 ], [ -95.669247, 42.471139 ], [ -95.669265, 42.474645 ], [ -95.673585, 42.474628 ], [ -95.682551, 42.474664 ], [ -95.702035, 42.474773 ], [ -95.708268, 42.47479 ], [ -95.721835, 42.474878 ], [ -95.741821, 42.474865 ], [ -95.741541, 42.489103 ], [ -95.741527, 42.499987 ], [ -95.741397, 42.51965 ], [ -95.74143, 42.521511 ], [ -95.741258, 42.525463 ], [ -95.741203, 42.530436 ], [ -95.741132, 42.531494 ], [ -95.741216, 42.537521 ], [ -95.741611, 42.561285 ], [ -95.741771, 42.561288 ], [ -95.750287, 42.561106 ], [ -95.761012, 42.56121 ], [ -95.779399, 42.561235 ], [ -95.780817, 42.561121 ], [ -95.79049, 42.560948 ], [ -95.800289, 42.560883 ], [ -95.810756, 42.560819 ], [ -95.819988, 42.560775 ], [ -95.839548, 42.56066 ], [ -95.85367, 42.560583 ], [ -95.859949, 42.56062 ], [ -95.864195, 42.560646 ], [ -95.879488, 42.560821 ], [ -95.892463, 42.560865 ], [ -95.899082, 42.560883 ], [ -95.918649, 42.560974 ], [ -95.938244, 42.560902 ], [ -95.957856, 42.560977 ], [ -95.978187, 42.561085 ], [ -95.997757, 42.561007 ], [ -96.007436, 42.561006 ], [ -96.010784, 42.560988 ], [ -96.013378, 42.561016 ], [ -96.026991, 42.561044 ], [ -96.056136, 42.561279 ], [ -96.07596, 42.561354 ], [ -96.076493, 42.561183 ], [ -96.085724, 42.561237 ], [ -96.094469, 42.561262 ], [ -96.095862, 42.561262 ], [ -96.096281, 42.551875 ], [ -96.096209, 42.547188 ], [ -96.096121, 42.54072 ], [ -96.096086, 42.532748 ], [ -96.095996, 42.518303 ], [ -96.095948, 42.509828 ], [ -96.095925, 42.503873 ], [ -96.095897, 42.500677 ], [ -96.095746, 42.492748 ], [ -96.095716, 42.489727 ], [ -96.09567, 42.482199 ], [ -96.095664, 42.48163 ], [ -96.095658, 42.481374 ], [ -96.095597, 42.480199 ], [ -96.095743, 42.474988 ], [ -96.097283, 42.474873 ], [ -96.105999, 42.474845 ], [ -96.110534, 42.474776 ], [ -96.116985, 42.474763 ], [ -96.134806, 42.474809 ], [ -96.134921, 42.47481 ], [ -96.135237, 42.474815 ], [ -96.135252, 42.474083 ], [ -96.135294, 42.461487 ], [ -96.135305, 42.457872 ], [ -96.135157, 42.457755 ], [ -96.135271, 42.443501 ], [ -96.135644, 42.429147 ], [ -96.135484, 42.42187 ], [ -96.135205, 42.414657 ], [ -96.135291, 42.414657 ], [ -96.135163, 42.400397 ], [ -96.135107, 42.390398 ], [ -96.135089, 42.385914 ], [ -96.135083, 42.37934 ], [ -96.135009, 42.37222 ], [ -96.135288, 42.357877 ], [ -96.135351, 42.344562 ], [ -96.135248, 42.338021 ], [ -96.135288, 42.337316 ], [ -96.13507, 42.333638 ], [ -96.135153, 42.329567 ], [ -96.13513, 42.322126 ], [ -96.135086, 42.315262 ], [ -96.135035, 42.31329 ], [ -96.134943, 42.30786 ], [ -96.13471, 42.300599 ], [ -96.154403, 42.300703 ], [ -96.173802, 42.300836 ], [ -96.180926, 42.300712 ], [ -96.188835, 42.300697 ], [ -96.193222, 42.300817 ], [ -96.212673, 42.30088 ], [ -96.222128, 42.300895 ], [ -96.224609, 42.300918 ], [ -96.232134, 42.300923 ], [ -96.251301, 42.300932 ], [ -96.260017, 42.300908 ], [ -96.280091, 42.301143 ], [ -96.280444, 42.301132 ], [ -96.280753, 42.30111 ], [ -96.289972, 42.301259 ], [ -96.290079, 42.301437 ], [ -96.298231, 42.301265 ], [ -96.298593, 42.301249 ], [ -96.309523, 42.301193 ], [ -96.31331, 42.301168 ], [ -96.320137, 42.30105 ], [ -96.321845, 42.301031 ], [ -96.323931, 42.300989 ], [ -96.324345, 42.301065 ], [ -96.325856, 42.301032 ], [ -96.326809, 42.300943 ], [ -96.329053, 42.300912 ], [ -96.336666, 42.300963 ], [ -96.345561, 42.301037 ], [ -96.346155, 42.301071 ], [ -96.349031, 42.301047 ], [ -96.356907, 42.301077 ], [ -96.360608, 42.301096 ], [ -96.366259, 42.301099 ], [ -96.366581, 42.3011 ], [ -96.367274, 42.301107 ], [ -96.368585, 42.301104 ], [ -96.368723, 42.29662 ], [ -96.368467, 42.292619 ], [ -96.367977, 42.290681 ], [ -96.365751, 42.285814 ], [ -96.363009, 42.282218 ], [ -96.360732, 42.279786 ], [ -96.35655, 42.276594 ], [ -96.34905, 42.272609 ], [ -96.341387, 42.269087 ], [ -96.335964, 42.264777 ], [ -96.331312, 42.259408 ], [ -96.328897, 42.254723 ], [ -96.327706, 42.249992 ], [ -96.328093, 42.245736 ], [ -96.328958, 42.241885 ], [ -96.330006, 42.240225 ], [ -96.329529, 42.239461 ], [ -96.327893, 42.23816 ], [ -96.3271, 42.237318 ], [ -96.325744, 42.236111 ], [ -96.323926, 42.23495 ], [ -96.322868, 42.233637 ], [ -96.322827, 42.231461 ], [ -96.323723, 42.229887 ], [ -96.325949, 42.228661 ], [ -96.326961, 42.227234 ], [ -96.328182, 42.225795 ], [ -96.330151, 42.223361 ], [ -96.334179, 42.219872 ], [ -96.334402, 42.21927 ], [ -96.337025, 42.217463 ], [ -96.345033, 42.217495 ], [ -96.35062, 42.216117 ], [ -96.35419, 42.215714 ], [ -96.35656, 42.215002 ], [ -96.358146, 42.214086 ], [ -96.35916, 42.212168 ], [ -96.35987, 42.210553 ], [ -96.358741, 42.208165 ], [ -96.357041, 42.205832 ], [ -96.351203, 42.200401 ], [ -96.348474, 42.196146 ], [ -96.348097, 42.194074 ], [ -96.347565, 42.193519 ], [ -96.346909, 42.189996 ], [ -96.347278, 42.185774 ], [ -96.348095, 42.183398 ], [ -96.349469, 42.180579 ], [ -96.350268, 42.177943 ], [ -96.350422, 42.175227 ], [ -96.349688, 42.170702 ], [ -96.348602, 42.168027 ], [ -96.346688, 42.164686 ], [ -96.344905, 42.162376 ], [ -96.341571, 42.15908 ], [ -96.3363, 42.155674 ], [ -96.329641, 42.153255 ], [ -96.326855, 42.152324 ], [ -96.323993, 42.150542 ], [ -96.32074, 42.147928 ], [ -96.318333, 42.145268 ], [ -96.316384, 42.141947 ], [ -96.31482, 42.137688 ], [ -96.312624, 42.134655 ], [ -96.309758, 42.132101 ], [ -96.305012, 42.129295 ], [ -96.301326, 42.128074 ], [ -96.300154, 42.127696 ], [ -96.296035, 42.127324 ], [ -96.294608, 42.12673 ], [ -96.290322, 42.126497 ], [ -96.285952, 42.125926 ], [ -96.28277, 42.124909 ], [ -96.2802, 42.123783 ], [ -96.2764, 42.121682 ], [ -96.273411, 42.11928 ], [ -96.271467, 42.117089 ], [ -96.269459, 42.114216 ], [ -96.267486, 42.10978 ], [ -96.266988, 42.106172 ], [ -96.266898, 42.102178 ], [ -96.267303, 42.099027 ], [ -96.26838, 42.09524 ], [ -96.270798, 42.090761 ], [ -96.274608, 42.085386 ], [ -96.275798, 42.083743 ], [ -96.277732, 42.079097 ], [ -96.279201, 42.073544 ], [ -96.279536, 42.068554 ], [ -96.279379, 42.065495 ], [ -96.278838, 42.062049 ], [ -96.277907, 42.058025 ], [ -96.276213, 42.053215 ], [ -96.274908, 42.050215 ], [ -96.272545, 42.046202 ], [ -96.269785, 42.042967 ], [ -96.268063, 42.041705 ], [ -96.265332, 42.040266 ], [ -96.262254, 42.039295 ], [ -96.258067, 42.038274 ], [ -96.256203, 42.038201 ], [ -96.25559, 42.038712 ], [ -96.251707, 42.040446 ], [ -96.246832, 42.041616 ], [ -96.243104, 42.041474 ], [ -96.234356, 42.040712 ], [ -96.230253, 42.039433 ], [ -96.226977, 42.037353 ], [ -96.227808, 42.037278 ], [ -96.229844, 42.038717 ], [ -96.232454, 42.03937 ], [ -96.225656, 42.035217 ], [ -96.223822, 42.033346 ], [ -96.221901, 42.029558 ], [ -96.22173, 42.026205 ], [ -96.223611, 42.022652 ], [ -96.224346, 42.02192 ], [ -96.224511, 42.021737 ], [ -96.225007, 42.021187 ], [ -96.225173, 42.021005 ], [ -96.227867, 42.018651 ], [ -96.23548, 42.014318 ], [ -96.238382, 42.012602 ], [ -96.240832, 42.009315 ], [ -96.241972, 42.006732 ], [ -96.242323, 42.001996 ], [ -96.241372, 41.999987 ], [ -96.239748, 41.998605 ], [ -96.236488, 41.996429 ], [ -96.23325, 41.995178 ], [ -96.228349, 41.994257 ], [ -96.225463, 41.994734 ], [ -96.223827, 41.995517 ], [ -96.222641, 41.996451 ], [ -96.219867, 41.999987 ], [ -96.217637, 42.003862 ], [ -96.215225, 42.006701 ], [ -96.214095, 42.007071 ], [ -96.210057, 42.008432 ], [ -96.206083, 42.009267 ], [ -96.201487, 42.009343 ], [ -96.194838, 42.008671 ], [ -96.187522, 42.006626 ], [ -96.184711, 42.004972 ], [ -96.184002, 42.003063 ], [ -96.184318, 42.001831 ], [ -96.183608, 41.99999 ], [ -96.183801, 41.99776 ], [ -96.185144, 41.994898 ], [ -96.185474, 41.994385 ], [ -96.189102, 41.989836 ], [ -96.19037, 41.987964 ], [ -96.191971, 41.985347 ], [ -96.192141, 41.984461 ], [ -96.191549, 41.982032 ], [ -96.189546, 41.97965 ], [ -96.187219, 41.977946 ], [ -96.184164, 41.976793 ], [ -96.181945, 41.976412 ], [ -96.177204, 41.976308 ], [ -96.173315, 41.977189 ], [ -96.170542, 41.978472 ], [ -96.163338, 41.979839 ], [ -96.158049, 41.980275 ], [ -96.15616, 41.980082 ], [ -96.142715, 41.978491 ], [ -96.141229, 41.978063 ], [ -96.133794, 41.975174 ], [ -96.132537, 41.974625 ], [ -96.130355, 41.972863 ], [ -96.129505, 41.971673 ], [ -96.1289, 41.969727 ], [ -96.128967, 41.967871 ], [ -96.129186, 41.965136 ], [ -96.129978, 41.962642 ], [ -96.131368, 41.960741 ], [ -96.133318, 41.955732 ], [ -96.135393, 41.952223 ], [ -96.137076, 41.950773 ], [ -96.139414, 41.948138 ], [ -96.142597, 41.945908 ], [ -96.143603, 41.944512 ], [ -96.144583, 41.941544 ], [ -96.14448, 41.940013 ], [ -96.143493, 41.937387 ], [ -96.1395, 41.931529 ], [ -96.137672, 41.9291 ], [ -96.136613, 41.927167 ], [ -96.136133, 41.92353 ], [ -96.136743, 41.920826 ], [ -96.1383, 41.918273 ], [ -96.139653, 41.916838 ], [ -96.142265, 41.915379 ], [ -96.14726, 41.913862 ], [ -96.152582, 41.912894 ], [ -96.156302, 41.91166 ], [ -96.159098, 41.910057 ], [ -96.161501, 41.906839 ], [ -96.161988, 41.905553 ], [ -96.162067, 41.903047 ], [ -96.161101, 41.900551 ], [ -96.158198, 41.897184 ], [ -96.152153, 41.892135 ], [ -96.149874, 41.889662 ], [ -96.148186, 41.887166 ], [ -96.147292, 41.884896 ], [ -96.146801, 41.881998 ], [ -96.14666, 41.877636 ], [ -96.145974, 41.875093 ], [ -96.144359, 41.871971 ], [ -96.141908, 41.868999 ], [ -96.139008, 41.866277 ], [ -96.136525, 41.864151 ], [ -96.1312, 41.861426 ], [ -96.124984, 41.858892 ], [ -96.120152, 41.857188 ], [ -96.116597, 41.855103 ], [ -96.11451, 41.853572 ], [ -96.111252, 41.850229 ], [ -96.109312, 41.847128 ], [ -96.108287, 41.844535 ], [ -96.107617, 41.8404 ], [ -96.108171, 41.837898 ], [ -96.10911, 41.836043 ], [ -96.110797, 41.832157 ], [ -96.110962, 41.828827 ], [ -96.109746, 41.823992 ], [ -96.108714, 41.822099 ], [ -96.105336, 41.81846 ], [ -96.102332, 41.816215 ], [ -96.09748, 41.813917 ], [ -96.092851, 41.812521 ], [ -96.083322, 41.810811 ], [ -96.080161, 41.810023 ], [ -96.076294, 41.808268 ], [ -96.073117, 41.806233 ], [ -96.069269, 41.802922 ], [ -96.065881, 41.798623 ], [ -96.064883, 41.795243 ], [ -96.065049, 41.791347 ], [ -96.066754, 41.788507 ], [ -96.067089, 41.788272 ], [ -96.073197, 41.783008 ], [ -96.077546, 41.777822 ], [ -96.078973, 41.772879 ], [ -96.079028, 41.770593 ], [ -96.078466, 41.765327 ], [ -96.078629, 41.761963 ], [ -96.08089, 41.757526 ], [ -96.083114, 41.755002 ], [ -96.084969, 41.753549 ], [ -96.087361, 41.752176 ], [ -96.092045, 41.750466 ], [ -96.097437, 41.749181 ], [ -96.100313, 41.747964 ], [ -96.102853, 41.745777 ], [ -96.104006, 41.744306 ], [ -96.105469, 41.741634 ], [ -96.106185, 41.739176 ], [ -96.106314, 41.735205 ], [ -96.105194, 41.731195 ], [ -96.102807, 41.728116 ], [ -96.099441, 41.726086 ], [ -96.09472, 41.724586 ], [ -96.093113, 41.724186 ], [ -96.091947, 41.723857 ], [ -96.08647, 41.72186 ], [ -96.081849, 41.719495 ], [ -96.077498, 41.716485 ], [ -96.075171, 41.713876 ], [ -96.074293, 41.712449 ], [ -96.0731, 41.709169 ], [ -96.072867, 41.70682 ], [ -96.073225, 41.704062 ], [ -96.074135, 41.70282 ], [ -96.07695, 41.700457 ], [ -96.079257, 41.699312 ], [ -96.083822, 41.69786 ], [ -96.087139, 41.69742 ], [ -96.090991, 41.6975 ], [ -96.10038, 41.699163 ], [ -96.104887, 41.699379 ], [ -96.108559, 41.699279 ], [ -96.114222, 41.697234 ], [ -96.116161, 41.695886 ], [ -96.119861, 41.692649 ], [ -96.121636, 41.689579 ], [ -96.121853, 41.689205 ], [ -96.122604, 41.68304 ], [ -96.120865, 41.678227 ], [ -96.121048, 41.677002 ], [ -96.117959, 41.673314 ], [ -96.112454, 41.668486 ], [ -96.108918, 41.666039 ], [ -96.107186, 41.665595 ], [ -96.103994, 41.663223 ], [ -96.100055, 41.661077 ], [ -96.097683, 41.657758 ], [ -96.096116, 41.654472 ], [ -96.095221, 41.650114 ], [ -96.095131, 41.647767 ], [ -96.095937, 41.644616 ], [ -96.097777, 41.639625 ], [ -96.100709, 41.635451 ], [ -96.106796, 41.630372 ], [ -96.109437, 41.62883 ], [ -96.113107, 41.62536 ], [ -96.115995, 41.622024 ], [ -96.117718, 41.618555 ], [ -96.118277, 41.614967 ], [ -96.118233, 41.613291 ], [ -96.117584, 41.610441 ], [ -96.115811, 41.605659 ], [ -96.11466, 41.603703 ], [ -96.112386, 41.600279 ], [ -96.109455, 41.596775 ], [ -96.105829, 41.593574 ], [ -96.101331, 41.591411 ], [ -96.098869, 41.590439 ], [ -96.093453, 41.589098 ], [ -96.089066, 41.587572 ], [ -96.087186, 41.58655 ], [ -96.083963, 41.583683 ], [ -96.082285, 41.580683 ], [ -96.08139, 41.5779 ], [ -96.081188, 41.574296 ], [ -96.082486, 41.571145 ], [ -96.084859, 41.567859 ], [ -96.088842, 41.56444 ], [ -96.091259, 41.562244 ], [ -96.093654, 41.558288 ], [ -96.095042, 41.554768 ], [ -96.095891, 41.551641 ], [ -96.096018, 41.551038 ], [ -96.096586, 41.545397 ], [ -96.094437, 41.539463 ], [ -96.091908, 41.534049 ], [ -96.090118, 41.531702 ], [ -96.084031, 41.526875 ], [ -96.082253, 41.525973 ], [ -96.078343, 41.525563 ], [ -96.07457, 41.524157 ], [ -96.072478, 41.522957 ], [ -96.069893, 41.520581 ], [ -96.069067, 41.519579 ], [ -96.066842, 41.517746 ], [ -96.064444, 41.516924 ], [ -96.060867, 41.514101 ], [ -96.057331, 41.511051 ], [ -96.055048, 41.509508 ], [ -96.052765, 41.508436 ], [ -96.048311, 41.507262 ], [ -96.044686, 41.506893 ], [ -96.040613, 41.506893 ], [ -96.037882, 41.507899 ], [ -96.035575, 41.510549 ], [ -96.03465, 41.512215 ], [ -96.03429, 41.513036 ], [ -96.034397, 41.514446 ], [ -96.033675, 41.517119 ], [ -96.033854, 41.519935 ], [ -96.034441, 41.521051 ], [ -96.031705, 41.522181 ], [ -96.031127, 41.523004 ], [ -96.02931, 41.527981 ], [ -96.029053, 41.529996 ], [ -96.027747, 41.534663 ], [ -96.026657, 41.540366 ], [ -96.02349, 41.543438 ], [ -96.01915, 41.54514 ], [ -96.013876, 41.545315 ], [ -96.005112, 41.54325 ], [ -95.999966, 41.53948 ], [ -95.997233, 41.53172 ], [ -95.994308, 41.523743 ], [ -95.992777, 41.514596 ], [ -95.99328, 41.512314 ], [ -95.996194, 41.50696 ], [ -95.994504, 41.506893 ], [ -95.979516, 41.506846 ], [ -95.975666, 41.506709 ], [ -95.975389, 41.506661 ], [ -95.955928, 41.506527 ], [ -95.936729, 41.5066 ], [ -95.927081, 41.50668 ], [ -95.917426, 41.506624 ], [ -95.907955, 41.506601 ], [ -95.907327, 41.506594 ], [ -95.903648, 41.506611 ], [ -95.903332, 41.506613 ], [ -95.898129, 41.506566 ], [ -95.897792, 41.506568 ], [ -95.891432, 41.506545 ], [ -95.891082, 41.506551 ], [ -95.890783, 41.506548 ], [ -95.881673, 41.506485 ], [ -95.879057, 41.506557 ], [ -95.875659, 41.506524 ], [ -95.870912, 41.506508 ], [ -95.867996, 41.506505 ], [ -95.867504, 41.506503 ], [ -95.855973, 41.506604 ], [ -95.840706, 41.506577 ], [ -95.832581, 41.506536 ], [ -95.823054, 41.506565 ], [ -95.813343, 41.50658 ], [ -95.808537, 41.506558 ], [ -95.803191, 41.506566 ], [ -95.80199, 41.506578 ], [ -95.798684, 41.506554 ], [ -95.79397, 41.506509 ], [ -95.784503, 41.506474 ], [ -95.76417, 41.506393 ], [ -95.756041, 41.506392 ], [ -95.753001, 41.506511 ], [ -95.74846, 41.506385 ], [ -95.745884, 41.506444 ], [ -95.728494, 41.506387 ], [ -95.72696, 41.506365 ] ] ] ] } },
{ "type": "Feature", "properties": { "id": 64, "NAME": "64", "TotalPop": 31844, "PopDevPct": -0.00187094, "DemPct": 0.33062645, "RepPct": 0.64959091, "WhitePct": 0.84870124, "MinorityPct": 0.15129876, "BlackPct": 0.0318216, "HispanicPct": 0.07116011, "PacificPct": 0.00488599, "AsianPct": 0.02184081, "NativePct": 0.02192433, "TotalVAP": 23946, "Margin": -0.31896446, "color": "#960018", "opacity": "0.5", "DemPct2": 0.35870699, "RepPct2": 0.62209409, "Margin2": -0.2633871, "Swing": -0.05557736, "R_Margin": -0.1906812432, "R_Margin2": -0.1859339131000001, "R_Swing": -0.0047473301, "Majority": "White" }, "geometry": { "type": "MultiPolygon", "coordinates": [ [ [ [ -96.411124, 42.38606 ], [ -96.409153, 42.381491 ], [ -96.408532, 42.379078 ], [ -96.408436, 42.376092 ], [ -96.411451, 42.370249 ], [ -96.413994, 42.365932 ], [ -96.416858, 42.361784 ], [ -96.417918, 42.3587 ], [ -96.418168, 42.354678 ], [ -96.417786, 42.351449 ], [ -96.416344, 42.348115 ], [ -96.413895, 42.343393 ], [ -96.407998, 42.337408 ], [ -96.402957, 42.334156 ], [ -96.396269, 42.330857 ], [ -96.385717, 42.326511 ], [ -96.384169, 42.325874 ], [ -96.379484, 42.322197 ], [ -96.375307, 42.318339 ], [ -96.37179, 42.314172 ], [ -96.369969, 42.310878 ], [ -96.369402, 42.308983 ], [ -96.368675, 42.304748 ], [ -96.368585, 42.301104 ], [ -96.367274, 42.301107 ], [ -96.366581, 42.3011 ], [ -96.366259, 42.301099 ], [ -96.360608, 42.301096 ], [ -96.356907, 42.301077 ], [ -96.349031, 42.301047 ], [ -96.346155, 42.301071 ], [ -96.345561, 42.301037 ], [ -96.336666, 42.300963 ], [ -96.329053, 42.300912 ], [ -96.326809, 42.300943 ], [ -96.325856, 42.301032 ], [ -96.324345, 42.301065 ], [ -96.323931, 42.300989 ], [ -96.321845, 42.301031 ], [ -96.320137, 42.30105 ], [ -96.31331, 42.301168 ], [ -96.309523, 42.301193 ], [ -96.298593, 42.301249 ], [ -96.298231, 42.301265 ], [ -96.290079, 42.301437 ], [ -96.289972, 42.301259 ], [ -96.280753, 42.30111 ], [ -96.280444, 42.301132 ], [ -96.280091, 42.301143 ], [ -96.260017, 42.300908 ], [ -96.251301, 42.300932 ], [ -96.232134, 42.300923 ], [ -96.224609, 42.300918 ], [ -96.222128, 42.300895 ], [ -96.212673, 42.30088 ], [ -96.193222, 42.300817 ], [ -96.188835, 42.300697 ], [ -96.180926, 42.300712 ], [ -96.173802, 42.300836 ], [ -96.154403, 42.300703 ], [ -96.13471, 42.300599 ], [ -96.134943, 42.30786 ], [ -96.135035, 42.31329 ], [ -96.135086, 42.315262 ], [ -96.13513, 42.322126 ], [ -96.135153, 42.329567 ], [ -96.13507, 42.333638 ], [ -96.135288, 42.337316 ], [ -96.135248, 42.338021 ], [ -96.135351, 42.344562 ], [ -96.135288, 42.357877 ], [ -96.135009, 42.37222 ], [ -96.135083, 42.37934 ], [ -96.135089, 42.385914 ], [ -96.135107, 42.390398 ], [ -96.135163, 42.400397 ], [ -96.135291, 42.414657 ], [ -96.135205, 42.414657 ], [ -96.135484, 42.42187 ], [ -96.135644, 42.429147 ], [ -96.135271, 42.443501 ], [ -96.135157, 42.457755 ], [ -96.135305, 42.457872 ], [ -96.135294, 42.461487 ], [ -96.135252, 42.474083 ], [ -96.135237, 42.474815 ], [ -96.134921, 42.47481 ], [ -96.134806, 42.474809 ], [ -96.116985, 42.474763 ], [ -96.110534, 42.474776 ], [ -96.105999, 42.474845 ], [ -96.097283, 42.474873 ], [ -96.095743, 42.474988 ], [ -96.095597, 42.480199 ], [ -96.095658, 42.481374 ], [ -96.095664, 42.48163 ], [ -96.09567, 42.482199 ], [ -96.095716, 42.489727 ], [ -96.095746, 42.492748 ], [ -96.095897, 42.500677 ], [ -96.095925, 42.503873 ], [ -96.095948, 42.509828 ], [ -96.095996, 42.518303 ], [ -96.096086, 42.532748 ], [ -96.096121, 42.54072 ], [ -96.096209, 42.547188 ], [ -96.096281, 42.551875 ], [ -96.095862, 42.561262 ], [ -96.115623, 42.561313 ], [ -96.135211, 42.561353 ], [ -96.15478, 42.561393 ], [ -96.174336, 42.561425 ], [ -96.174814, 42.56153 ], [ -96.180545, 42.561634 ], [ -96.193909, 42.561857 ], [ -96.214085, 42.561924 ], [ -96.219457, 42.561804 ], [ -96.229606, 42.561568 ], [ -96.233629, 42.561421 ], [ -96.253154, 42.56146 ], [ -96.272685, 42.561526 ], [ -96.289947, 42.561587 ], [ -96.311487, 42.561728 ], [ -96.317545, 42.561722 ], [ -96.323566, 42.561784 ], [ -96.325002, 42.561798 ], [ -96.327258, 42.56182 ], [ -96.330062, 42.561739 ], [ -96.330141, 42.561759 ], [ -96.331862, 42.560328 ], [ -96.331849, 42.551583 ], [ -96.331849, 42.551455 ], [ -96.331837, 42.547274 ], [ -96.331928, 42.54003 ], [ -96.331865, 42.538002 ], [ -96.331985, 42.537358 ], [ -96.332077, 42.532834 ], [ -96.332174, 42.518355 ], [ -96.32147, 42.518501 ], [ -96.311652, 42.518596 ], [ -96.311527, 42.51142 ], [ -96.321358, 42.511321 ], [ -96.32148, 42.514921 ], [ -96.331096, 42.514793 ], [ -96.332247, 42.515181 ], [ -96.332337, 42.512091 ], [ -96.332337, 42.511654 ], [ -96.332337, 42.511175 ], [ -96.332298, 42.504966 ], [ -96.330543, 42.504462 ], [ -96.330514, 42.503276 ], [ -96.331316, 42.502596 ], [ -96.332348, 42.501724 ], [ -96.332322, 42.500422 ], [ -96.328329, 42.500503 ], [ -96.328302, 42.498836 ], [ -96.332297, 42.498792 ], [ -96.332281, 42.496848 ], [ -96.332313, 42.493359 ], [ -96.332246, 42.491308 ], [ -96.332191, 42.489771 ], [ -96.330776, 42.490206 ], [ -96.330945, 42.490953 ], [ -96.330987, 42.491133 ], [ -96.331121, 42.491791 ], [ -96.331581, 42.493869 ], [ -96.330503, 42.494939 ], [ -96.330372, 42.495031 ], [ -96.329653, 42.493891 ], [ -96.328093, 42.494356 ], [ -96.32893, 42.495383 ], [ -96.328211, 42.495708 ], [ -96.327381, 42.494673 ], [ -96.326669, 42.494989 ], [ -96.327524, 42.496034 ], [ -96.326307, 42.496269 ], [ -96.325559, 42.49515 ], [ -96.322299, 42.49508 ], [ -96.322462, 42.496567 ], [ -96.319989, 42.496963 ], [ -96.319642, 42.496963 ], [ -96.31884, 42.496964 ], [ -96.319428, 42.496317 ], [ -96.319476, 42.494076 ], [ -96.319482, 42.493812 ], [ -96.320032, 42.491511 ], [ -96.320095, 42.491303 ], [ -96.320528, 42.489806 ], [ -96.321783, 42.489802 ], [ -96.322121, 42.489801 ], [ -96.330519, 42.489777 ], [ -96.332191, 42.489645 ], [ -96.332189, 42.483336 ], [ -96.329864, 42.482691 ], [ -96.329889, 42.482612 ], [ -96.329792, 42.482611 ], [ -96.329784, 42.482278 ], [ -96.329793, 42.48221 ], [ -96.329789, 42.481715 ], [ -96.3322, 42.481715 ], [ -96.332188, 42.480818 ], [ -96.329782, 42.480819 ], [ -96.329788, 42.479318 ], [ -96.331491, 42.479019 ], [ -96.33222, 42.479023 ], [ -96.339531, 42.479081 ], [ -96.342052, 42.479109 ], [ -96.343611, 42.479125 ], [ -96.343799, 42.479128 ], [ -96.345213, 42.479154 ], [ -96.347591, 42.479172 ], [ -96.351932, 42.479206 ], [ -96.352107, 42.479224 ], [ -96.354504, 42.479238 ], [ -96.355921, 42.47924 ], [ -96.356661, 42.479243 ], [ -96.35739, 42.479245 ], [ -96.357444, 42.479245 ], [ -96.358084, 42.479254 ], [ -96.358799, 42.479256 ], [ -96.358858, 42.479257 ], [ -96.359494, 42.479258 ], [ -96.360202, 42.47927 ], [ -96.360833, 42.479282 ], [ -96.36145, 42.479287 ], [ -96.362169, 42.479292 ], [ -96.362465, 42.479295 ], [ -96.362355, 42.479207 ], [ -96.361685, 42.478679 ], [ -96.361048, 42.478127 ], [ -96.360805, 42.477898 ], [ -96.360148, 42.47723 ], [ -96.359649, 42.476643 ], [ -96.358844, 42.475672 ], [ -96.358809, 42.475625 ], [ -96.36258, 42.475644 ], [ -96.362852, 42.475648 ], [ -96.363859, 42.475663 ], [ -96.365694, 42.475684 ], [ -96.364125, 42.474335 ], [ -96.365014, 42.473719 ], [ -96.365352, 42.47381 ], [ -96.365323, 42.473246 ], [ -96.365324, 42.473123 ], [ -96.365327, 42.472425 ], [ -96.36572, 42.472428 ], [ -96.365731, 42.471941 ], [ -96.365742, 42.471449 ], [ -96.36574, 42.470943 ], [ -96.365738, 42.470451 ], [ -96.367495, 42.470476 ], [ -96.369228, 42.471069 ], [ -96.369553, 42.471226 ], [ -96.370322, 42.471608 ], [ -96.371846, 42.472344 ], [ -96.373009, 42.472898 ], [ -96.374143, 42.473464 ], [ -96.375522, 42.474183 ], [ -96.378266, 42.475837 ], [ -96.379244, 42.477483 ], [ -96.380413, 42.477427 ], [ -96.380546, 42.477432 ], [ -96.381282, 42.477527 ], [ -96.383319, 42.475489 ], [ -96.38385, 42.475258 ], [ -96.384006, 42.475197 ], [ -96.384501, 42.475016 ], [ -96.386013, 42.474506 ], [ -96.385407, 42.473094 ], [ -96.381305, 42.461695 ], [ -96.380905, 42.459195 ], [ -96.380105, 42.451494 ], [ -96.38064, 42.446944 ], [ -96.380654, 42.446821 ], [ -96.380705, 42.446393 ], [ -96.384307, 42.437294 ], [ -96.387608, 42.432494 ], [ -96.398808, 42.422494 ], [ -96.407383, 42.415945 ], [ -96.410307, 42.412965 ], [ -96.413609, 42.407894 ], [ -96.415186, 42.404203 ], [ -96.415504, 42.400345 ], [ -96.415348, 42.395784 ], [ -96.414606, 42.392247 ], [ -96.411124, 42.38606 ] ] ] ] } },
{ "type": "Feature", "properties": { "id": 65, "NAME": "65", "TotalPop": 30495, "PopDevPct": -0.04415445, "DemPct": 0.29476551, "RepPct": 0.68937973, "WhitePct": 0.90334816, "MinorityPct": 0.09665184, "BlackPct": 0.00854477, "HispanicPct": 0.0558026, "PacificPct": 0.00318249, "AsianPct": 0.00998343, "NativePct": 0.01573808, "TotalVAP": 22938, "Margin": -0.39461422, "color": "#960018", "opacity": "0.5", "DemPct2": 0.32058398, "RepPct2": 0.66222249, "Margin2": -0.34163851, "Swing": -0.05297571, "R_Margin": -0.2663310032, "R_Margin2": -0.2641853231, "R_Swing": -0.0021456800999999498, "Majority": "White" }, "geometry": { "type": "MultiPolygon", "coordinates": [ [ [ [ -94.241705, 41.243738 ], [ -94.241608, 41.225447 ], [ -94.241626, 41.214819 ], [ -94.241599, 41.200388 ], [ -94.241579, 41.189691 ], [ -94.241612, 41.185936 ], [ -94.241608, 41.180571 ], [ -94.241589, 41.165113 ], [ -94.241637, 41.157134 ], [ -94.237093, 41.157129 ], [ -94.222967, 41.157018 ], [ -94.207346, 41.157055 ], [ -94.203903, 41.157039 ], [ -94.184979, 41.157012 ], [ -94.181663, 41.156663 ], [ -94.179403, 41.15672 ], [ -94.171143, 41.156918 ], [ -94.166002, 41.157052 ], [ -94.161456, 41.157031 ], [ -94.147072, 41.156797 ], [ -94.142111, 41.156809 ], [ -94.12786, 41.15684 ], [ -94.1096, 41.156852 ], [ -94.090481, 41.156771 ], [ -94.080894, 41.156768 ], [ -94.071652, 41.156681 ], [ -94.050618, 41.156736 ], [ -94.047668, 41.156735 ], [ -94.033461, 41.156712 ], [ -94.023796, 41.15678 ], [ -94.014189, 41.156762 ], [ -94.014299, 41.142392 ], [ -94.014345, 41.128053 ], [ -94.014365, 41.120825 ], [ -94.014436, 41.113642 ], [ -94.014443, 41.113497 ], [ -94.014429, 41.106561 ], [ -94.014463, 41.09912 ], [ -94.014495, 41.085023 ], [ -94.014385, 41.084644 ], [ -94.014317, 41.082345 ], [ -94.014415, 41.070237 ], [ -94.014417, 41.065309 ], [ -94.014543, 41.056163 ], [ -94.014481, 41.051992 ], [ -94.014517, 41.037533 ], [ -94.014495, 41.033911 ], [ -94.014494, 41.033855 ], [ -94.014552, 41.026693 ], [ -94.014575, 41.017495 ], [ -94.014573, 41.015923 ], [ -94.014587, 41.003998 ], [ -94.01461, 41.002549 ], [ -94.014887, 40.997986 ], [ -94.014878, 40.983712 ], [ -94.014855, 40.969177 ], [ -94.014821, 40.962067 ], [ -94.014831, 40.945804 ], [ -94.014816, 40.940306 ], [ -94.014783, 40.925893 ], [ -94.014748, 40.911483 ], [ -94.014863, 40.904228 ], [ -94.014811, 40.900839 ], [ -94.014803, 40.897031 ], [ -94.014773, 40.882821 ], [ -94.014772, 40.882058 ], [ -94.014759, 40.874994 ], [ -94.014924, 40.86707 ], [ -94.015104, 40.839459 ], [ -94.015323, 40.825146 ], [ -94.015308, 40.823175 ], [ -94.015299, 40.810846 ], [ -94.015301, 40.810582 ], [ -94.01528, 40.796553 ], [ -94.015339, 40.780288 ], [ -94.015281, 40.775358 ], [ -94.015343, 40.763967 ], [ -94.015395, 40.75698 ], [ -94.015387, 40.748862 ], [ -94.015388, 40.7478 ], [ -94.015423, 40.724653 ], [ -94.015368, 40.717674 ], [ -94.01529, 40.710713 ], [ -94.015284, 40.696286 ], [ -94.015317, 40.694341 ], [ -94.015332, 40.692658 ], [ -94.015362, 40.687369 ], [ -94.015379, 40.681772 ], [ -94.015384, 40.669859 ], [ -94.01528, 40.669012 ], [ -94.015363, 40.667355 ], [ -94.015352, 40.65743 ], [ -94.015326, 40.652856 ], [ -94.015369, 40.64922 ], [ -94.01524, 40.639424 ], [ -94.015239, 40.638389 ], [ -94.015219, 40.631215 ], [ -94.015203, 40.625023 ], [ -94.015394, 40.623904 ], [ -94.015413, 40.620363 ], [ -94.015459, 40.594979 ], [ -94.015465, 40.591117 ], [ -94.01548, 40.581227 ], [ -94.015481, 40.580519 ], [ -94.015492, 40.573914 ], [ -94.003323, 40.574096 ], [ -94.000197, 40.574335 ], [ -93.98743, 40.57436 ], [ -93.976667, 40.574633 ], [ -93.9452, 40.575081 ], [ -93.939967, 40.57519 ], [ -93.937644, 40.575206 ], [ -93.937106, 40.575209 ], [ -93.925288, 40.575395 ], [ -93.915644, 40.575597 ], [ -93.900855, 40.575815 ], [ -93.877604, 40.576279 ], [ -93.863007, 40.57642 ], [ -93.853906, 40.576605 ], [ -93.82528, 40.577037 ], [ -93.815749, 40.577237 ], [ -93.801249, 40.577338 ], [ -93.786869, 40.577369 ], [ -93.787162, 40.578172 ], [ -93.787098, 40.594239 ], [ -93.787158, 40.607392 ], [ -93.787285, 40.615726 ], [ -93.787249, 40.625002 ], [ -93.787059, 40.63824 ], [ -93.786993, 40.645296 ], [ -93.787077, 40.657521 ], [ -93.787236, 40.674008 ], [ -93.78714, 40.690108 ], [ -93.786829, 40.718054 ], [ -93.786752, 40.725139 ], [ -93.78664, 40.732578 ], [ -93.786513, 40.741169 ], [ -93.786111, 40.749999 ], [ -93.786111, 40.753186 ], [ -93.786122, 40.772297 ], [ -93.786138, 40.797867 ], [ -93.786143, 40.812516 ], [ -93.786273, 40.827085 ], [ -93.786447, 40.840762 ], [ -93.786357, 40.841572 ], [ -93.786435, 40.852511 ], [ -93.78646, 40.856101 ], [ -93.786515, 40.86341 ], [ -93.786542, 40.866994 ], [ -93.786627, 40.870622 ], [ -93.786634, 40.872009 ], [ -93.786662, 40.873353 ], [ -93.786749, 40.877839 ], [ -93.786764, 40.884985 ], [ -93.787031, 40.89935 ], [ -93.77747, 40.899328 ], [ -93.767828, 40.8993 ], [ -93.748597, 40.899312 ], [ -93.741726, 40.8993 ], [ -93.74172, 40.897507 ], [ -93.741709, 40.895816 ], [ -93.738962, 40.895818 ], [ -93.738946, 40.894509 ], [ -93.736073, 40.894615 ], [ -93.73412, 40.894369 ], [ -93.733618, 40.89611 ], [ -93.729375, 40.896109 ], [ -93.727596, 40.89608 ], [ -93.727614, 40.899273 ], [ -93.69088, 40.899358 ], [ -93.671701, 40.899354 ], [ -93.67148, 40.899354 ], [ -93.66208, 40.899347 ], [ -93.652398, 40.899285 ], [ -93.642314, 40.899242 ], [ -93.633239, 40.899187 ], [ -93.614081, 40.898987 ], [ -93.594895, 40.898815 ], [ -93.588135, 40.898639 ], [ -93.575683, 40.898459 ], [ -93.564981, 40.898286 ], [ -93.55654, 40.898295 ], [ -93.55664, 40.919519 ], [ -93.556726, 40.919722 ], [ -93.556669, 40.923899 ], [ -93.556613, 40.927419 ], [ -93.556716, 40.938616 ], [ -93.556724, 40.94208 ], [ -93.556819, 40.954249 ], [ -93.556801, 40.954696 ], [ -93.556912, 40.956511 ], [ -93.556875, 40.971665 ], [ -93.556752, 40.983156 ], [ -93.556705, 40.986094 ], [ -93.556677, 40.986251 ], [ -93.556822, 40.993468 ], [ -93.55683, 40.993549 ], [ -93.556586, 40.996847 ], [ -93.556637, 41.002776 ], [ -93.556653, 41.00441 ], [ -93.556658, 41.004912 ], [ -93.556711, 41.010761 ], [ -93.556723, 41.015221 ], [ -93.556824, 41.018029 ], [ -93.556871, 41.029782 ], [ -93.556893, 41.037081 ], [ -93.556939, 41.044305 ], [ -93.557012, 41.065094 ], [ -93.55707, 41.073696 ], [ -93.557019, 41.084652 ], [ -93.557147, 41.106563 ], [ -93.557229, 41.117501 ], [ -93.557204, 41.133958 ], [ -93.557166, 41.146862 ], [ -93.557246, 41.153861 ], [ -93.557556, 41.161271 ], [ -93.576806, 41.161374 ], [ -93.577943, 41.161327 ], [ -93.596389, 41.161547 ], [ -93.600856, 41.161581 ], [ -93.605257, 41.161587 ], [ -93.632321, 41.1616 ], [ -93.638254, 41.161609 ], [ -93.65821, 41.161676 ], [ -93.663336, 41.16166 ], [ -93.663439, 41.161662 ], [ -93.673283, 41.161785 ], [ -93.682162, 41.161742 ], [ -93.68763, 41.161855 ], [ -93.693524, 41.161865 ], [ -93.69733, 41.161865 ], [ -93.711814, 41.161917 ], [ -93.731047, 41.161931 ], [ -93.738662, 41.161978 ], [ -93.750764, 41.162113 ], [ -93.760358, 41.162084 ], [ -93.77936, 41.162126 ], [ -93.784202, 41.162082 ], [ -93.784436, 41.16208 ], [ -93.789196, 41.162035 ], [ -93.789256, 41.176695 ], [ -93.789373, 41.199406 ], [ -93.789381, 41.202449 ], [ -93.789443, 41.224134 ], [ -93.789197, 41.227656 ], [ -93.789454, 41.242453 ], [ -93.789489, 41.249452 ], [ -93.789577, 41.256892 ], [ -93.789479, 41.264219 ], [ -93.789648, 41.271471 ], [ -93.78976, 41.28974 ], [ -93.789752, 41.29332 ], [ -93.789905, 41.300701 ], [ -93.789833, 41.30685 ], [ -93.789878, 41.315732 ], [ -93.789937, 41.31985 ], [ -93.789945, 41.320416 ], [ -93.790003, 41.326262 ], [ -93.790129, 41.337234 ], [ -93.790039, 41.340924 ], [ -93.790069, 41.342687 ], [ -93.790116, 41.347255 ], [ -93.790279, 41.355444 ], [ -93.790281, 41.355483 ], [ -93.790379, 41.359177 ], [ -93.79038, 41.359359 ], [ -93.790386, 41.360352 ], [ -93.790399, 41.360388 ], [ -93.790392, 41.36079 ], [ -93.790404, 41.361727 ], [ -93.790427, 41.362749 ], [ -93.79051, 41.366519 ], [ -93.790774, 41.379493 ], [ -93.790797, 41.384741 ], [ -93.790789, 41.388394 ], [ -93.790806, 41.404081 ], [ -93.790665, 41.418469 ], [ -93.790662, 41.418643 ], [ -93.790563, 41.425178 ], [ -93.790572, 41.429009 ], [ -93.790596, 41.432407 ], [ -93.790674, 41.445997 ], [ -93.790647, 41.454225 ], [ -93.790646, 41.465017 ], [ -93.790649, 41.468648 ], [ -93.790608, 41.479458 ], [ -93.79057, 41.483089 ], [ -93.790594, 41.486724 ], [ -93.790587, 41.490378 ], [ -93.790599, 41.493998 ], [ -93.790605, 41.4976 ], [ -93.7906, 41.501265 ], [ -93.790617, 41.504858 ], [ -93.790614, 41.508894 ], [ -93.790614, 41.50961 ], [ -93.790614, 41.510208 ], [ -93.790612, 41.511916 ], [ -93.796415, 41.511429 ], [ -93.798959, 41.511141 ], [ -93.814623, 41.509926 ], [ -93.815851, 41.509934 ], [ -93.82402, 41.50912 ], [ -93.828641, 41.508746 ], [ -93.833386, 41.508395 ], [ -93.842883, 41.507652 ], [ -93.847526, 41.507231 ], [ -93.855704, 41.506625 ], [ -93.86195, 41.506091 ], [ -93.862027, 41.506006 ], [ -93.862049, 41.505973 ], [ -93.862124, 41.505958 ], [ -93.862209, 41.505941 ], [ -93.862824, 41.505894 ], [ -93.862851, 41.505892 ], [ -93.862872, 41.50589 ], [ -93.863041, 41.505877 ], [ -93.864497, 41.505717 ], [ -93.86475, 41.505705 ], [ -93.866766, 41.505609 ], [ -93.873903, 41.505124 ], [ -93.875651, 41.505068 ], [ -93.88166, 41.504541 ], [ -93.891013, 41.503564 ], [ -93.897118, 41.503099 ], [ -93.906605, 41.50314 ], [ -93.925873, 41.503225 ], [ -93.935089, 41.503244 ], [ -93.94035, 41.503264 ], [ -93.954774, 41.503254 ], [ -93.974045, 41.50324 ], [ -93.982211, 41.503263 ], [ -93.984759, 41.50327 ], [ -93.998207, 41.503309 ], [ -94.000236, 41.503182 ], [ -94.012762, 41.503191 ], [ -94.013752, 41.503191 ], [ -94.030077, 41.503204 ], [ -94.031179, 41.503169 ], [ -94.031966, 41.503169 ], [ -94.051172, 41.503162 ], [ -94.060843, 41.503155 ], [ -94.080085, 41.503142 ], [ -94.096398, 41.503135 ], [ -94.123452, 41.503173 ], [ -94.127172, 41.503103 ], [ -94.13063, 41.503122 ], [ -94.132061, 41.503131 ], [ -94.175178, 41.503362 ], [ -94.185002, 41.503417 ], [ -94.187798, 41.50343 ], [ -94.189801, 41.503444 ], [ -94.194843, 41.503698 ], [ -94.195475, 41.503493 ], [ -94.20396, 41.503602 ], [ -94.204266, 41.50348 ], [ -94.208804, 41.503533 ], [ -94.209193, 41.503537 ], [ -94.213947, 41.503532 ], [ -94.22352, 41.503561 ], [ -94.233578, 41.503647 ], [ -94.241593, 41.503679 ], [ -94.241556, 41.49352 ], [ -94.241555, 41.493323 ], [ -94.241517, 41.489519 ], [ -94.241475, 41.481672 ], [ -94.241457, 41.475067 ], [ -94.241484, 41.467719 ], [ -94.241448, 41.460543 ], [ -94.241515, 41.446071 ], [ -94.241498, 41.43165 ], [ -94.241705, 41.422703 ], [ -94.241532, 41.417118 ], [ -94.241304, 41.411263 ], [ -94.241358, 41.405939 ], [ -94.241393, 41.402738 ], [ -94.241551, 41.393332 ], [ -94.241455, 41.388362 ], [ -94.241454, 41.38821 ], [ -94.241468, 41.37383 ], [ -94.24147, 41.373755 ], [ -94.24152, 41.370194 ], [ -94.241482, 41.359376 ], [ -94.24147, 41.355773 ], [ -94.24145, 41.344886 ], [ -94.241504, 41.341391 ], [ -94.241506, 41.341268 ], [ -94.241475, 41.337764 ], [ -94.241428, 41.336089 ], [ -94.241364, 41.332258 ], [ -94.241392, 41.330504 ], [ -94.241409, 41.329518 ], [ -94.241422, 41.315843 ], [ -94.241486, 41.310357 ], [ -94.241586, 41.309365 ], [ -94.241563, 41.3016 ], [ -94.241553, 41.298241 ], [ -94.241579, 41.293871 ], [ -94.241486, 41.287093 ], [ -94.241455, 41.280138 ], [ -94.241578, 41.273535 ], [ -94.241581, 41.272546 ], [ -94.241698, 41.25816 ], [ -94.241705, 41.243738 ] ] ] ] } },
{ "type": "Feature", "properties": { "id": 66, "NAME": "66", "TotalPop": 31370, "PopDevPct": -0.01672816, "DemPct": 0.23333115, "RepPct": 0.75116142, "WhitePct": 0.95665754, "MinorityPct": 0.04334246, "BlackPct": 0.00594729, "HispanicPct": 0.0130498, "PacificPct": 0.00115523, "AsianPct": 0.00586171, "NativePct": 0.01223686, "TotalVAP": 23372, "Margin": -0.51783027, "color": "#960018", "opacity": "0.5", "DemPct2": 0.26131141, "RepPct2": 0.72308887, "Margin2": -0.46177746, "Swing": -0.05605281, "R_Margin": -0.3895470532, "R_Margin2": -0.3843242731, "R_Swing": -0.0052227800999999491, "Majority": "White" }, "geometry": { "type": "MultiPolygon", "coordinates": [ [ [ [ -93.327417, 40.897884 ], [ -93.331998, 40.897847 ], [ -93.356155, 40.898042 ], [ -93.365396, 40.898018 ], [ -93.375088, 40.897778 ], [ -93.384371, 40.897737 ], [ -93.393861, 40.89766 ], [ -93.398487, 40.897651 ], [ -93.412811, 40.897612 ], [ -93.42649, 40.897645 ], [ -93.442126, 40.897581 ], [ -93.461281, 40.897692 ], [ -93.480459, 40.89763 ], [ -93.493733, 40.897757 ], [ -93.499646, 40.897808 ], [ -93.518795, 40.89798 ], [ -93.528291, 40.898057 ], [ -93.539281, 40.898131 ], [ -93.55654, 40.898295 ], [ -93.564981, 40.898286 ], [ -93.575683, 40.898459 ], [ -93.588135, 40.898639 ], [ -93.594895, 40.898815 ], [ -93.614081, 40.898987 ], [ -93.633239, 40.899187 ], [ -93.642314, 40.899242 ], [ -93.652398, 40.899285 ], [ -93.66208, 40.899347 ], [ -93.67148, 40.899354 ], [ -93.671701, 40.899354 ], [ -93.69088, 40.899358 ], [ -93.727614, 40.899273 ], [ -93.727596, 40.89608 ], [ -93.729375, 40.896109 ], [ -93.733618, 40.89611 ], [ -93.73412, 40.894369 ], [ -93.736073, 40.894615 ], [ -93.738946, 40.894509 ], [ -93.738962, 40.895818 ], [ -93.741709, 40.895816 ], [ -93.74172, 40.897507 ], [ -93.741726, 40.8993 ], [ -93.748597, 40.899312 ], [ -93.767828, 40.8993 ], [ -93.77747, 40.899328 ], [ -93.787031, 40.89935 ], [ -93.786764, 40.884985 ], [ -93.786749, 40.877839 ], [ -93.786662, 40.873353 ], [ -93.786634, 40.872009 ], [ -93.786627, 40.870622 ], [ -93.786542, 40.866994 ], [ -93.786515, 40.86341 ], [ -93.78646, 40.856101 ], [ -93.786435, 40.852511 ], [ -93.786357, 40.841572 ], [ -93.786447, 40.840762 ], [ -93.786273, 40.827085 ], [ -93.786143, 40.812516 ], [ -93.786138, 40.797867 ], [ -93.786122, 40.772297 ], [ -93.786111, 40.753186 ], [ -93.786111, 40.749999 ], [ -93.786513, 40.741169 ], [ -93.78664, 40.732578 ], [ -93.786752, 40.725139 ], [ -93.786829, 40.718054 ], [ -93.78714, 40.690108 ], [ -93.787236, 40.674008 ], [ -93.787077, 40.657521 ], [ -93.786993, 40.645296 ], [ -93.787059, 40.63824 ], [ -93.787249, 40.625002 ], [ -93.787285, 40.615726 ], [ -93.787158, 40.607392 ], [ -93.787098, 40.594239 ], [ -93.787162, 40.578172 ], [ -93.786869, 40.577369 ], [ -93.774344, 40.577548 ], [ -93.76698, 40.577489 ], [ -93.750671, 40.577612 ], [ -93.747848, 40.577567 ], [ -93.745215, 40.57751 ], [ -93.743811, 40.577483 ], [ -93.742929, 40.577516 ], [ -93.738009, 40.577538 ], [ -93.728355, 40.577547 ], [ -93.69035, 40.5779 ], [ -93.675748, 40.57815 ], [ -93.671249, 40.578173 ], [ -93.669106, 40.578232 ], [ -93.660353, 40.578376 ], [ -93.646992, 40.578488 ], [ -93.633097, 40.578692 ], [ -93.625221, 40.578812 ], [ -93.62316, 40.579005 ], [ -93.610511, 40.57918 ], [ -93.597377, 40.579431 ], [ -93.568517, 40.580077 ], [ -93.556899, 40.580235 ], [ -93.547578, 40.580407 ], [ -93.532728, 40.580335 ], [ -93.527274, 40.580496 ], [ -93.526709, 40.580501 ], [ -93.525792, 40.580503 ], [ -93.524597, 40.580489 ], [ -93.523939, 40.580473 ], [ -93.523307, 40.580457 ], [ -93.5224, 40.580445 ], [ -93.521651, 40.580442 ], [ -93.520934, 40.580439 ], [ -93.513635, 40.580393 ], [ -93.500218, 40.58027 ], [ -93.496899, 40.580381 ], [ -93.485195, 40.580386 ], [ -93.466887, 40.580072 ], [ -93.465297, 40.580164 ], [ -93.455089, 40.580013 ], [ -93.441647, 40.579951 ], [ -93.422546, 40.580018 ], [ -93.412847, 40.580113 ], [ -93.39851, 40.580105 ], [ -93.387026, 40.580346 ], [ -93.3861, 40.580195 ], [ -93.380262, 40.580237 ], [ -93.376542, 40.580369 ], [ -93.370653, 40.580327 ], [ -93.370202, 40.580527 ], [ -93.369453, 40.580311 ], [ -93.34652, 40.580468 ], [ -93.345529, 40.580515 ], [ -93.33395, 40.580441 ], [ -93.327761, 40.580527 ], [ -93.317486, 40.580674 ], [ -93.312456, 40.580686 ], [ -93.305251, 40.580713 ], [ -93.303807, 40.580724 ], [ -93.29034, 40.580705 ], [ -93.288918, 40.580781 ], [ -93.279454, 40.580754 ], [ -93.266856, 40.580794 ], [ -93.260444, 40.580814 ], [ -93.250552, 40.580939 ], [ -93.241476, 40.58124 ], [ -93.2316, 40.58135 ], [ -93.221626, 40.581449 ], [ -93.212396, 40.581625 ], [ -93.201236, 40.581806 ], [ -93.197294, 40.581829 ], [ -93.18371, 40.581999 ], [ -93.166404, 40.58233 ], [ -93.141078, 40.582793 ], [ -93.129571, 40.583036 ], [ -93.120004, 40.583272 ], [ -93.103067, 40.583832 ], [ -93.097296, 40.584014 ], [ -93.089784, 40.584262 ], [ -93.077788, 40.584512 ], [ -93.070116, 40.58466 ], [ -93.054941, 40.585206 ], [ -93.040348, 40.585617 ], [ -93.034488, 40.58572 ], [ -93.024413, 40.586013 ], [ -93.0012, 40.586546 ], [ -92.986767, 40.586848 ], [ -92.985008, 40.586887 ], [ -92.982372, 40.586931 ], [ -92.97192, 40.587106 ], [ -92.961591, 40.587337 ], [ -92.954437, 40.587372 ], [ -92.944282, 40.587558 ], [ -92.943472, 40.587762 ], [ -92.943061, 40.587604 ], [ -92.932555, 40.587654 ], [ -92.918038, 40.587842 ], [ -92.9074, 40.587978 ], [ -92.903899, 40.587864 ], [ -92.903081, 40.587956 ], [ -92.890181, 40.587958 ], [ -92.889746, 40.588042 ], [ -92.886341, 40.588248 ], [ -92.8752, 40.588392 ], [ -92.867308, 40.588178 ], [ -92.857219, 40.588199 ], [ -92.857044, 40.588358 ], [ -92.856582, 40.588363 ], [ -92.828016, 40.588468 ], [ -92.827853, 40.588602 ], [ -92.816228, 40.588542 ], [ -92.795772, 40.588688 ], [ -92.781317, 40.58859 ], [ -92.775087, 40.588713 ], [ -92.757123, 40.588902 ], [ -92.753682, 40.588957 ], [ -92.752893, 40.588968 ], [ -92.742316, 40.589205 ], [ -92.729024, 40.589261 ], [ -92.714596, 40.589427 ], [ -92.696639, 40.589704 ], [ -92.688412, 40.589922 ], [ -92.686282, 40.589861 ], [ -92.659409, 40.590341 ], [ -92.647773, 40.59065 ], [ -92.637898, 40.590853 ], [ -92.635043, 40.590922 ], [ -92.632282, 40.590992 ], [ -92.631711, 40.590995 ], [ -92.625191, 40.591044 ], [ -92.618372, 40.591268 ], [ -92.587073, 40.591966 ], [ -92.580266, 40.592258 ], [ -92.5613, 40.592814 ], [ -92.542327, 40.593342 ], [ -92.523738, 40.593827 ], [ -92.522245, 40.593868 ], [ -92.502361, 40.594437 ], [ -92.497105, 40.594743 ], [ -92.485216, 40.595085 ], [ -92.481148, 40.594971 ], [ -92.47956, 40.595006 ], [ -92.461461, 40.595377 ], [ -92.4482, 40.595306 ], [ -92.448097, 40.595306 ], [ -92.436705, 40.59537 ], [ -92.427773, 40.595567 ], [ -92.409047, 40.59595 ], [ -92.394114, 40.596251 ], [ -92.379576, 40.596469 ], [ -92.37539, 40.596594 ], [ -92.355999, 40.597187 ], [ -92.350807, 40.597275 ], [ -92.341668, 40.597365 ], [ -92.325852, 40.597896 ], [ -92.317816, 40.598051 ], [ -92.298774, 40.598468 ], [ -92.293593, 40.598546 ], [ -92.269758, 40.598909 ], [ -92.255586, 40.59916 ], [ -92.250183, 40.599264 ], [ -92.246035, 40.59915 ], [ -92.236474, 40.599481 ], [ -92.2223, 40.599756 ], [ -92.217547, 40.599832 ], [ -92.20913, 40.599966 ], [ -92.201819, 40.59998 ], [ -92.198783, 40.600114 ], [ -92.17978, 40.600529 ], [ -92.17978, 40.608785 ], [ -92.179626, 40.609885 ], [ -92.179381, 40.624442 ], [ -92.179091, 40.639042 ], [ -92.178903, 40.648068 ], [ -92.178825, 40.657779 ], [ -92.178821, 40.657904 ], [ -92.178809, 40.659095 ], [ -92.178782, 40.660709 ], [ -92.178524, 40.672853 ], [ -92.178435, 40.675175 ], [ -92.178182, 40.68282 ], [ -92.178175, 40.689674 ], [ -92.178171, 40.69023 ], [ -92.178107, 40.696853 ], [ -92.178278, 40.700833 ], [ -92.178329, 40.711757 ], [ -92.178331, 40.712157 ], [ -92.178353, 40.715364 ], [ -92.178391, 40.722979 ], [ -92.178391, 40.723 ], [ -92.178391, 40.723064 ], [ -92.178392, 40.723086 ], [ -92.178394, 40.723401 ], [ -92.178393, 40.723588 ], [ -92.178395, 40.723775 ], [ -92.178397, 40.724109 ], [ -92.178397, 40.724444 ], [ -92.178407, 40.726539 ], [ -92.178428, 40.730199 ], [ -92.178522, 40.748351 ], [ -92.178473, 40.766456 ], [ -92.178441, 40.777405 ], [ -92.178418, 40.784533 ], [ -92.178407, 40.788187 ], [ -92.178406, 40.788469 ], [ -92.17836, 40.802915 ], [ -92.178325, 40.813754 ], [ -92.178298, 40.829732 ], [ -92.178387, 40.835569 ], [ -92.178553, 40.846588 ], [ -92.178607, 40.850148 ], [ -92.178661, 40.853679 ], [ -92.178977, 40.875664 ], [ -92.178978, 40.875988 ], [ -92.178979, 40.876778 ], [ -92.178973, 40.877554 ], [ -92.178979, 40.878104 ], [ -92.178989, 40.892974 ], [ -92.17904, 40.898914 ], [ -92.179072, 40.89972 ], [ -92.191876, 40.899646 ], [ -92.21025, 40.899544 ], [ -92.210935, 40.89954 ], [ -92.21171, 40.899535 ], [ -92.21265, 40.899529 ], [ -92.213499, 40.899525 ], [ -92.224978, 40.899471 ], [ -92.227132, 40.899461 ], [ -92.227283, 40.89946 ], [ -92.233433, 40.899433 ], [ -92.234273, 40.899429 ], [ -92.234306, 40.899429 ], [ -92.250744, 40.899467 ], [ -92.255519, 40.899449 ], [ -92.265073, 40.899414 ], [ -92.276884, 40.899372 ], [ -92.284557, 40.899343 ], [ -92.287712, 40.899328 ], [ -92.289009, 40.899283 ], [ -92.29471, 40.899324 ], [ -92.297562, 40.899433 ], [ -92.30096, 40.899285 ], [ -92.310011, 40.899342 ], [ -92.312695, 40.899233 ], [ -92.31533, 40.899224 ], [ -92.332931, 40.899163 ], [ -92.357482, 40.899079 ], [ -92.375184, 40.899017 ], [ -92.409336, 40.899116 ], [ -92.4097, 40.899115 ], [ -92.411543, 40.899109 ], [ -92.437559, 40.899042 ], [ -92.448009, 40.899028 ], [ -92.45231, 40.899143 ], [ -92.461749, 40.899158 ], [ -92.466188, 40.899215 ], [ -92.482079, 40.899262 ], [ -92.500187, 40.899316 ], [ -92.520491, 40.899148 ], [ -92.52476, 40.899115 ], [ -92.534086, 40.899092 ], [ -92.543691, 40.899067 ], [ -92.558192, 40.899158 ], [ -92.559518, 40.89909 ], [ -92.562756, 40.899054 ], [ -92.572319, 40.899019 ], [ -92.581864, 40.898985 ], [ -92.596136, 40.89894 ], [ -92.605877, 40.898902 ], [ -92.639091, 40.898886 ], [ -92.647551, 40.898834 ], [ -92.647602, 40.898814 ], [ -92.658224, 40.898811 ], [ -92.696439, 40.898613 ], [ -92.710889, 40.898688 ], [ -92.737283, 40.898712 ], [ -92.750094, 40.898712 ], [ -92.753901, 40.898596 ], [ -92.758099, 40.898567 ], [ -92.758147, 40.898567 ], [ -92.758683, 40.898573 ], [ -92.760436, 40.898596 ], [ -92.761025, 40.898588 ], [ -92.765141, 40.898532 ], [ -92.801682, 40.898624 ], [ -92.806679, 40.898562 ], [ -92.811461, 40.89851 ], [ -92.812674, 40.898514 ], [ -92.820865, 40.898435 ], [ -92.823006, 40.898413 ], [ -92.825438, 40.89839 ], [ -92.830818, 40.89834 ], [ -92.839996, 40.898349 ], [ -92.868583, 40.898242 ], [ -92.874031, 40.898222 ], [ -92.875197, 40.898709 ], [ -92.881147, 40.898735 ], [ -92.906533, 40.898674 ], [ -92.913288, 40.89865 ], [ -92.926133, 40.898446 ], [ -92.935359, 40.898413 ], [ -92.954589, 40.898475 ], [ -92.983352, 40.898438 ], [ -92.992844, 40.898422 ], [ -92.997586, 40.898424 ], [ -93.0024, 40.898267 ], [ -93.021504, 40.898256 ], [ -93.031069, 40.898254 ], [ -93.031766, 40.898377 ], [ -93.035092, 40.898376 ], [ -93.04065, 40.898256 ], [ -93.059764, 40.89832 ], [ -93.065898, 40.898387 ], [ -93.069628, 40.898326 ], [ -93.074074, 40.89839 ], [ -93.079389, 40.898499 ], [ -93.083593, 40.898387 ], [ -93.086014, 40.898311 ], [ -93.092771, 40.898486 ], [ -93.097595, 40.898451 ], [ -93.1007, 40.898448 ], [ -93.119396, 40.898347 ], [ -93.126478, 40.898281 ], [ -93.161696, 40.898158 ], [ -93.164526, 40.898198 ], [ -93.17438, 40.898191 ], [ -93.191099, 40.898191 ], [ -93.198204, 40.89814 ], [ -93.21221, 40.898054 ], [ -93.231314, 40.898228 ], [ -93.244479, 40.898175 ], [ -93.24736, 40.898069 ], [ -93.260085, 40.898018 ], [ -93.264128, 40.898099 ], [ -93.28878, 40.898028 ], [ -93.293501, 40.89801 ], [ -93.29399, 40.898007 ], [ -93.301424, 40.897968 ], [ -93.309365, 40.897931 ], [ -93.317404, 40.897926 ], [ -93.326966, 40.897888 ], [ -93.327417, 40.897884 ] ] ] ] } },
{ "type": "Feature", "properties": { "id": 67, "NAME": "67", "TotalPop": 30658, "PopDevPct": -0.03904533, "DemPct": 0.23631457, "RepPct": 0.74922899, "WhitePct": 0.93494686, "MinorityPct": 0.06505314, "BlackPct": 0.01643403, "HispanicPct": 0.01583643, "PacificPct": 0.00145132, "AsianPct": 0.01233619, "NativePct": 0.01370214, "TotalVAP": 23427, "Margin": -0.51291442, "color": "#960018", "opacity": "0.5", "DemPct2": 0.25645202, "RepPct2": 0.72763718, "Margin2": -0.47118516, "Swing": -0.04172926, "R_Margin": -0.3846312032, "R_Margin2": -0.3937319731, "R_Swing": 0.0091007699, "Majority": "White" }, "geometry": { "type": "MultiPolygon", "coordinates": [ [ [ [ -93.09836, 40.98636 ], [ -93.098278, 40.978436 ], [ -93.0982, 40.978143 ], [ -93.098159, 40.963605 ], [ -93.098153, 40.956484 ], [ -93.098114, 40.952813 ], [ -93.098058, 40.942583 ], [ -93.098011, 40.934697 ], [ -93.097962, 40.927398 ], [ -93.09789, 40.912893 ], [ -93.097758, 40.90006 ], [ -93.097595, 40.898451 ], [ -93.092771, 40.898486 ], [ -93.086014, 40.898311 ], [ -93.083593, 40.898387 ], [ -93.079389, 40.898499 ], [ -93.074074, 40.89839 ], [ -93.069628, 40.898326 ], [ -93.065898, 40.898387 ], [ -93.059764, 40.89832 ], [ -93.04065, 40.898256 ], [ -93.035092, 40.898376 ], [ -93.031766, 40.898377 ], [ -93.031069, 40.898254 ], [ -93.021504, 40.898256 ], [ -93.0024, 40.898267 ], [ -92.997586, 40.898424 ], [ -92.992844, 40.898422 ], [ -92.983352, 40.898438 ], [ -92.954589, 40.898475 ], [ -92.935359, 40.898413 ], [ -92.926133, 40.898446 ], [ -92.913288, 40.89865 ], [ -92.906533, 40.898674 ], [ -92.881147, 40.898735 ], [ -92.875197, 40.898709 ], [ -92.874031, 40.898222 ], [ -92.868583, 40.898242 ], [ -92.839996, 40.898349 ], [ -92.830818, 40.89834 ], [ -92.825438, 40.89839 ], [ -92.823006, 40.898413 ], [ -92.820865, 40.898435 ], [ -92.812674, 40.898514 ], [ -92.811461, 40.89851 ], [ -92.806679, 40.898562 ], [ -92.801682, 40.898624 ], [ -92.765141, 40.898532 ], [ -92.761025, 40.898588 ], [ -92.760436, 40.898596 ], [ -92.758683, 40.898573 ], [ -92.758147, 40.898567 ], [ -92.758099, 40.898567 ], [ -92.753901, 40.898596 ], [ -92.750094, 40.898712 ], [ -92.737283, 40.898712 ], [ -92.710889, 40.898688 ], [ -92.696439, 40.898613 ], [ -92.658224, 40.898811 ], [ -92.647602, 40.898814 ], [ -92.647551, 40.898834 ], [ -92.639091, 40.898886 ], [ -92.639215, 40.913379 ], [ -92.639255, 40.926004 ], [ -92.639377, 40.937572 ], [ -92.639368, 40.945975 ], [ -92.639361, 40.951774 ], [ -92.639363, 40.952023 ], [ -92.63937, 40.956847 ], [ -92.639229, 40.958655 ], [ -92.639222, 40.959912 ], [ -92.639302, 40.965014 ], [ -92.639315, 40.965917 ], [ -92.63939, 40.973223 ], [ -92.63949, 40.987122 ], [ -92.639554, 41.00424 ], [ -92.639165, 41.006443 ], [ -92.639536, 41.010024 ], [ -92.639573, 41.016134 ], [ -92.639635, 41.023258 ], [ -92.6397, 41.030491 ], [ -92.6397, 41.03411 ], [ -92.639669, 41.036786 ], [ -92.63976, 41.063145 ], [ -92.639849, 41.075047 ], [ -92.63993, 41.082253 ], [ -92.63994, 41.090852 ], [ -92.639955, 41.092078 ], [ -92.639961, 41.104003 ], [ -92.640042, 41.118496 ], [ -92.64013, 41.132628 ], [ -92.640127, 41.133025 ], [ -92.640076, 41.138255 ], [ -92.640192, 41.147147 ], [ -92.64011, 41.155428 ], [ -92.640097, 41.156686 ], [ -92.640145, 41.15778 ], [ -92.640336, 41.160573 ], [ -92.640361, 41.161298 ], [ -92.63933, 41.161306 ], [ -92.638002, 41.161336 ], [ -92.636746, 41.161402 ], [ -92.635404, 41.161397 ], [ -92.634074, 41.161333 ], [ -92.633127, 41.161296 ], [ -92.631464, 41.161308 ], [ -92.630076, 41.161299 ], [ -92.628311, 41.161295 ], [ -92.627004, 41.161364 ], [ -92.622625, 41.161473 ], [ -92.62224, 41.161479 ], [ -92.621684, 41.161489 ], [ -92.616297, 41.161492 ], [ -92.616112, 41.161491 ], [ -92.615557, 41.161491 ], [ -92.615373, 41.161491 ], [ -92.6118, 41.161486 ], [ -92.6073, 41.161467 ], [ -92.584759, 41.161534 ], [ -92.583198, 41.161509 ], [ -92.559051, 41.161427 ], [ -92.554324, 41.161498 ], [ -92.544556, 41.161443 ], [ -92.525545, 41.16151 ], [ -92.525115, 41.161513 ], [ -92.505966, 41.161588 ], [ -92.496428, 41.161623 ], [ -92.467729, 41.161719 ], [ -92.453112, 41.161769 ], [ -92.429384, 41.161903 ], [ -92.410233, 41.161942 ], [ -92.410289, 41.16918 ], [ -92.41007, 41.176734 ], [ -92.41028, 41.182602 ], [ -92.410342, 41.1844 ], [ -92.410382, 41.190896 ], [ -92.410385, 41.203433 ], [ -92.410527, 41.203974 ], [ -92.410592, 41.205385 ], [ -92.41047, 41.212628 ], [ -92.4106, 41.230234 ], [ -92.410602, 41.23055 ], [ -92.41061, 41.2315 ], [ -92.410613, 41.231817 ], [ -92.410606, 41.234007 ], [ -92.410458, 41.239867 ], [ -92.410493, 41.24989 ], [ -92.410571, 41.25684 ], [ -92.410574, 41.257325 ], [ -92.410775, 41.267301 ], [ -92.410828, 41.271544 ], [ -92.410893, 41.278753 ], [ -92.41093, 41.293202 ], [ -92.410997, 41.307702 ], [ -92.411052, 41.314926 ], [ -92.411111, 41.318313 ], [ -92.411158, 41.325814 ], [ -92.411155, 41.336124 ], [ -92.411277, 41.350586 ], [ -92.41134, 41.362562 ], [ -92.411334, 41.36647 ], [ -92.411327, 41.368688 ], [ -92.411364, 41.375907 ], [ -92.411393, 41.37951 ], [ -92.411483, 41.394002 ], [ -92.411505, 41.397614 ], [ -92.411569, 41.408481 ], [ -92.411673, 41.423212 ], [ -92.411751, 41.437653 ], [ -92.411826, 41.452214 ], [ -92.411828, 41.452324 ], [ -92.411911, 41.466696 ], [ -92.411988, 41.48117 ], [ -92.412008, 41.484792 ], [ -92.412074, 41.495673 ], [ -92.412031, 41.504962 ], [ -92.411995, 41.509548 ], [ -92.431283, 41.509483 ], [ -92.436863, 41.509458 ], [ -92.450548, 41.509437 ], [ -92.460161, 41.509406 ], [ -92.460175, 41.509406 ], [ -92.462922, 41.509407 ], [ -92.464051, 41.509411 ], [ -92.464463, 41.509413 ], [ -92.468275, 41.509419 ], [ -92.469784, 41.509404 ], [ -92.474596, 41.50934 ], [ -92.475982, 41.50937 ], [ -92.47887, 41.509385 ], [ -92.479396, 41.509383 ], [ -92.486616, 41.509347 ], [ -92.491071, 41.509333 ], [ -92.508243, 41.509094 ], [ -92.514095, 41.509311 ], [ -92.52677, 41.509242 ], [ -92.527519, 41.509236 ], [ -92.555948, 41.50915 ], [ -92.565617, 41.509116 ], [ -92.572116, 41.509156 ], [ -92.584813, 41.509161 ], [ -92.589725, 41.509155 ], [ -92.595191, 41.509161 ], [ -92.599213, 41.509163 ], [ -92.601315, 41.50916 ], [ -92.603576, 41.509158 ], [ -92.615687, 41.50915 ], [ -92.61849, 41.509163 ], [ -92.622107, 41.509148 ], [ -92.623429, 41.509149 ], [ -92.64225, 41.509144 ], [ -92.644324, 41.509149 ], [ -92.651167, 41.508907 ], [ -92.651635, 41.508941 ], [ -92.652318, 41.508956 ], [ -92.656459, 41.509106 ], [ -92.661019, 41.509136 ], [ -92.68523, 41.508992 ], [ -92.69973, 41.509067 ], [ -92.709909, 41.509 ], [ -92.712593, 41.508931 ], [ -92.733522, 41.508787 ], [ -92.747918, 41.50871 ], [ -92.756508, 41.508794 ], [ -92.770381, 41.508831 ], [ -92.771715, 41.508724 ], [ -92.785616, 41.508751 ], [ -92.795418, 41.508749 ], [ -92.799946, 41.508763 ], [ -92.814542, 41.508665 ], [ -92.824177, 41.508664 ], [ -92.834511, 41.508631 ], [ -92.84812, 41.508604 ], [ -92.867603, 41.508531 ], [ -92.867659, 41.508533 ], [ -92.871421, 41.508522 ], [ -92.871458, 41.501152 ], [ -92.8714, 41.497242 ], [ -92.871267, 41.490631 ], [ -92.87126, 41.479747 ], [ -92.871303, 41.464017 ], [ -92.871116, 41.450713 ], [ -92.871121, 41.436344 ], [ -92.871001, 41.42188 ], [ -92.870966, 41.414817 ], [ -92.870951, 41.412001 ], [ -92.870922, 41.407551 ], [ -92.870901, 41.400354 ], [ -92.870888, 41.395394 ], [ -92.870805, 41.391181 ], [ -92.870771, 41.389616 ], [ -92.870785, 41.389369 ], [ -92.870801, 41.378589 ], [ -92.870794, 41.369479 ], [ -92.870792, 41.364132 ], [ -92.870854, 41.360573 ], [ -92.870695, 41.347915 ], [ -92.87064, 41.342216 ], [ -92.870612, 41.340566 ], [ -92.870628, 41.335005 ], [ -92.870637, 41.328137 ], [ -92.870617, 41.324559 ], [ -92.870638, 41.321024 ], [ -92.870705, 41.316733 ], [ -92.870729, 41.309337 ], [ -92.870753, 41.306615 ], [ -92.870818, 41.300056 ], [ -92.870824, 41.299342 ], [ -92.870828, 41.298937 ], [ -92.870831, 41.298591 ], [ -92.870924, 41.289021 ], [ -92.870932, 41.280542 ], [ -92.870935, 41.277465 ], [ -92.870892, 41.270214 ], [ -92.870841, 41.262816 ], [ -92.870778, 41.259858 ], [ -92.870682, 41.25 ], [ -92.8704, 41.248374 ], [ -92.875199, 41.248573 ], [ -92.882301, 41.248538 ], [ -92.901448, 41.248441 ], [ -92.911161, 41.248354 ], [ -92.928081, 41.248291 ], [ -92.947233, 41.24822 ], [ -92.957008, 41.248179 ], [ -92.97123, 41.248269 ], [ -92.975972, 41.248245 ], [ -92.985157, 41.248164 ], [ -92.985116, 41.24689 ], [ -92.984977, 41.2434 ], [ -92.984997, 41.240391 ], [ -92.985072, 41.235625 ], [ -92.985057, 41.225942 ], [ -92.98503, 41.204172 ], [ -92.985019, 41.196293 ], [ -92.984919, 41.188527 ], [ -92.984844, 41.187347 ], [ -92.984755, 41.18201 ], [ -92.984641, 41.173873 ], [ -92.984422, 41.160797 ], [ -92.994217, 41.16083 ], [ -93.013467, 41.160807 ], [ -93.023801, 41.1608 ], [ -93.050436, 41.160742 ], [ -93.061494, 41.160718 ], [ -93.069179, 41.160702 ], [ -93.081171, 41.160802 ], [ -93.099217, 41.160867 ], [ -93.099158, 41.153904 ], [ -93.099129, 41.14691 ], [ -93.098822, 41.125124 ], [ -93.098737, 41.123854 ], [ -93.098703, 41.122865 ], [ -93.098684, 41.115686 ], [ -93.098703, 41.111858 ], [ -93.098499, 41.102282 ], [ -93.098417, 41.090959 ], [ -93.098418, 41.090723 ], [ -93.098361, 41.087009 ], [ -93.098442, 41.081587 ], [ -93.098465, 41.074273 ], [ -93.098467, 41.074143 ], [ -93.098528, 41.066823 ], [ -93.098596, 41.055492 ], [ -93.098549, 41.044828 ], [ -93.098398, 41.034815 ], [ -93.098506, 41.025654 ], [ -93.098381, 41.000884 ], [ -93.09836, 40.98636 ] ] ] ] } },
{ "type": "Feature", "properties": { "id": 68, "NAME": "68", "TotalPop": 32523, "PopDevPct": 0.01941186, "DemPct": 0.30508741, "RepPct": 0.67722182, "WhitePct": 0.93672257, "MinorityPct": 0.06327743, "BlackPct": 0.0101918, "HispanicPct": 0.01757483, "PacificPct": 0.00108338, "AsianPct": 0.01516732, "NativePct": 0.01336169, "TotalVAP": 24922, "Margin": -0.37213441, "color": "#960018", "opacity": "0.5", "DemPct2": 0.3228145, "RepPct2": 0.65666311, "Margin2": -0.33384861, "Swing": -0.0382858, "R_Margin": -0.2438511932, "R_Margin2": -0.2563954231, "R_Swing": 0.0125442299, "Majority": "White" }, "geometry": { "type": "MultiPolygon", "coordinates": [ [ [ [ -92.870966, 41.414817 ], [ -92.871001, 41.42188 ], [ -92.871121, 41.436344 ], [ -92.871116, 41.450713 ], [ -92.871303, 41.464017 ], [ -92.87126, 41.479747 ], [ -92.871267, 41.490631 ], [ -92.8714, 41.497242 ], [ -92.871458, 41.501152 ], [ -92.871421, 41.508522 ], [ -92.881031, 41.508466 ], [ -92.91493, 41.508328 ], [ -92.919644, 41.508437 ], [ -92.933148, 41.50838 ], [ -92.938812, 41.508446 ], [ -92.940436, 41.508266 ], [ -92.963648, 41.508216 ], [ -92.967551, 41.508216 ], [ -92.969421, 41.508317 ], [ -92.986305, 41.508261 ], [ -92.993626, 41.508239 ], [ -93.005606, 41.508325 ], [ -93.015282, 41.508359 ], [ -93.024976, 41.50841 ], [ -93.044298, 41.508405 ], [ -93.04431, 41.508401 ], [ -93.053982, 41.508315 ], [ -93.063601, 41.50828 ], [ -93.079343, 41.508317 ], [ -93.083786, 41.508262 ], [ -93.084407, 41.50815 ], [ -93.084729, 41.508079 ], [ -93.08662, 41.508266 ], [ -93.09255, 41.508305 ], [ -93.10102, 41.508326 ], [ -93.11071, 41.508296 ], [ -93.123444, 41.50823 ], [ -93.123807, 41.508158 ], [ -93.139687, 41.508106 ], [ -93.149333, 41.508183 ], [ -93.168886, 41.508121 ], [ -93.178296, 41.508077 ], [ -93.187926, 41.508031 ], [ -93.203775, 41.507996 ], [ -93.211988, 41.507991 ], [ -93.214438, 41.508076 ], [ -93.234108, 41.508095 ], [ -93.25335, 41.508059 ], [ -93.272538, 41.50806 ], [ -93.282106, 41.508038 ], [ -93.291663, 41.50805 ], [ -93.302717, 41.507984 ], [ -93.306058, 41.507973 ], [ -93.308922, 41.507913 ], [ -93.32042, 41.50785 ], [ -93.328614, 41.507824 ], [ -93.32844, 41.497113 ], [ -93.328476, 41.492626 ], [ -93.328476, 41.492574 ], [ -93.328486, 41.49134 ], [ -93.328407, 41.490921 ], [ -93.328403, 41.489588 ], [ -93.328539, 41.47934 ], [ -93.328433, 41.47271 ], [ -93.328426, 41.472298 ], [ -93.328389, 41.466627 ], [ -93.32835, 41.464955 ], [ -93.328311, 41.450639 ], [ -93.328383, 41.446411 ], [ -93.328264, 41.439215 ], [ -93.328242, 41.437076 ], [ -93.328236, 41.436341 ], [ -93.328233, 41.436021 ], [ -93.328232, 41.435666 ], [ -93.328208, 41.421691 ], [ -93.328223, 41.414684 ], [ -93.328286, 41.407335 ], [ -93.328237, 41.396282 ], [ -93.328189, 41.391432 ], [ -93.328128, 41.382423 ], [ -93.328402, 41.381527 ], [ -93.328294, 41.371088 ], [ -93.328382, 41.363698 ], [ -93.328402, 41.358219 ], [ -93.328411, 41.355884 ], [ -93.328388, 41.345759 ], [ -93.328346, 41.342723 ], [ -93.328362, 41.334871 ], [ -93.328363, 41.334637 ], [ -93.328363, 41.327768 ], [ -93.328359, 41.325233 ], [ -93.328351, 41.320523 ], [ -93.328324, 41.306008 ], [ -93.328317, 41.30239 ], [ -93.328299, 41.291572 ], [ -93.328281, 41.280725 ], [ -93.328274, 41.277099 ], [ -93.32824, 41.266377 ], [ -93.32823, 41.255295 ], [ -93.328336, 41.24798 ], [ -93.328198, 41.244118 ], [ -93.328101, 41.233229 ], [ -93.327945, 41.220404 ], [ -93.327987, 41.217604 ], [ -93.327977, 41.216455 ], [ -93.32797, 41.215626 ], [ -93.327964, 41.207158 ], [ -93.327941, 41.20415 ], [ -93.328013, 41.200558 ], [ -93.327944, 41.198721 ], [ -93.327945, 41.198419 ], [ -93.327943, 41.196568 ], [ -93.327986, 41.189591 ], [ -93.327908, 41.182739 ], [ -93.32791, 41.178785 ], [ -93.327996, 41.17509 ], [ -93.327948, 41.166454 ], [ -93.327886, 41.160659 ], [ -93.313688, 41.160725 ], [ -93.311748, 41.160734 ], [ -93.311589, 41.160735 ], [ -93.311182, 41.16074 ], [ -93.311112, 41.16074 ], [ -93.310954, 41.160744 ], [ -93.310836, 41.160743 ], [ -93.309896, 41.16075 ], [ -93.308935, 41.160752 ], [ -93.300402, 41.160798 ], [ -93.289753, 41.160705 ], [ -93.270072, 41.160734 ], [ -93.251436, 41.16077 ], [ -93.241038, 41.160736 ], [ -93.236815, 41.16081 ], [ -93.232242, 41.160784 ], [ -93.225727, 41.160761 ], [ -93.21314, 41.160761 ], [ -93.199387, 41.16088 ], [ -93.185097, 41.160881 ], [ -93.184026, 41.16088 ], [ -93.180422, 41.160875 ], [ -93.170862, 41.160947 ], [ -93.147424, 41.16098 ], [ -93.145461, 41.161013 ], [ -93.134455, 41.160822 ], [ -93.11836, 41.160963 ], [ -93.099217, 41.160867 ], [ -93.081171, 41.160802 ], [ -93.069179, 41.160702 ], [ -93.061494, 41.160718 ], [ -93.050436, 41.160742 ], [ -93.023801, 41.1608 ], [ -93.013467, 41.160807 ], [ -92.994217, 41.16083 ], [ -92.984422, 41.160797 ], [ -92.984641, 41.173873 ], [ -92.984755, 41.18201 ], [ -92.984844, 41.187347 ], [ -92.984919, 41.188527 ], [ -92.985019, 41.196293 ], [ -92.98503, 41.204172 ], [ -92.985057, 41.225942 ], [ -92.985072, 41.235625 ], [ -92.984997, 41.240391 ], [ -92.984977, 41.2434 ], [ -92.985116, 41.24689 ], [ -92.985157, 41.248164 ], [ -92.975972, 41.248245 ], [ -92.97123, 41.248269 ], [ -92.957008, 41.248179 ], [ -92.947233, 41.24822 ], [ -92.928081, 41.248291 ], [ -92.911161, 41.248354 ], [ -92.901448, 41.248441 ], [ -92.882301, 41.248538 ], [ -92.875199, 41.248573 ], [ -92.8704, 41.248374 ], [ -92.870682, 41.25 ], [ -92.870778, 41.259858 ], [ -92.870841, 41.262816 ], [ -92.870892, 41.270214 ], [ -92.870935, 41.277465 ], [ -92.870932, 41.280542 ], [ -92.870924, 41.289021 ], [ -92.870831, 41.298591 ], [ -92.870828, 41.298937 ], [ -92.870824, 41.299342 ], [ -92.870818, 41.300056 ], [ -92.870753, 41.306615 ], [ -92.870729, 41.309337 ], [ -92.870705, 41.316733 ], [ -92.870638, 41.321024 ], [ -92.870617, 41.324559 ], [ -92.870637, 41.328137 ], [ -92.870628, 41.335005 ], [ -92.870612, 41.340566 ], [ -92.87064, 41.342216 ], [ -92.870695, 41.347915 ], [ -92.870854, 41.360573 ], [ -92.870792, 41.364132 ], [ -92.870794, 41.369479 ], [ -92.870801, 41.378589 ], [ -92.870785, 41.389369 ], [ -92.870771, 41.389616 ], [ -92.870805, 41.391181 ], [ -92.870888, 41.395394 ], [ -92.870901, 41.400354 ], [ -92.870922, 41.407551 ], [ -92.870951, 41.412001 ], [ -92.870966, 41.414817 ] ] ] ] } },
{ "type": "Feature", "properties": { "id": 69, "NAME": "69", "TotalPop": 31089, "PopDevPct": -0.02553592, "DemPct": 0.34068805, "RepPct": 0.64347246, "WhitePct": 0.94782316, "MinorityPct": 0.05217684, "BlackPct": 0.007502, "HispanicPct": 0.01799638, "PacificPct": 0.00050575, "AsianPct": 0.00686981, "NativePct": 0.01285455, "TotalVAP": 23727, "Margin": -0.30278441, "color": "#960018", "opacity": "0.5", "DemPct2": 0.35841343, "RepPct2": 0.62169926, "Margin2": -0.26328583, "Swing": -0.03949858, "R_Margin": -0.1745011932, "R_Margin2": -0.1858326431, "R_Swing": 0.0113314499, "Majority": "White" }, "geometry": { "type": "MultiPolygon", "coordinates": [ [ [ [ -91.950749, 42.122905 ], [ -91.970245, 42.122997 ], [ -91.989641, 42.123081 ], [ -91.998226, 42.123137 ], [ -92.00018, 42.122992 ], [ -92.009077, 42.123203 ], [ -92.028403, 42.123189 ], [ -92.047012, 42.123044 ], [ -92.049281, 42.123017 ], [ -92.063626, 42.122959 ], [ -92.066538, 42.12312 ], [ -92.085931, 42.123162 ], [ -92.095586, 42.123204 ], [ -92.095917, 42.123346 ], [ -92.096288, 42.123204 ], [ -92.105409, 42.123267 ], [ -92.124857, 42.123319 ], [ -92.144242, 42.123381 ], [ -92.163693, 42.123372 ], [ -92.182922, 42.123282 ], [ -92.202495, 42.123282 ], [ -92.222025, 42.12334 ], [ -92.241572, 42.123288 ], [ -92.261082, 42.123295 ], [ -92.26124, 42.123294 ], [ -92.28058, 42.123243 ], [ -92.288321, 42.123232 ], [ -92.299118, 42.12327 ], [ -92.29902, 42.108538 ], [ -92.298934, 42.102057 ], [ -92.29916, 42.094027 ], [ -92.299269, 42.090241 ], [ -92.299138, 42.079819 ], [ -92.29913, 42.079501 ], [ -92.298968, 42.072359 ], [ -92.298892, 42.068225 ], [ -92.298837, 42.065112 ], [ -92.298588, 42.050508 ], [ -92.298696, 42.043366 ], [ -92.298484, 42.0362 ], [ -92.298165, 42.025815 ], [ -92.298131, 42.021812 ], [ -92.298065, 42.01533 ], [ -92.297741, 42.007385 ], [ -92.297767, 42.002359 ], [ -92.297715, 41.992936 ], [ -92.297416, 41.985728 ], [ -92.297269, 41.978542 ], [ -92.297273, 41.971335 ], [ -92.297755, 41.964267 ], [ -92.297656, 41.949644 ], [ -92.297652, 41.94812 ], [ -92.297659, 41.946205 ], [ -92.29767, 41.942752 ], [ -92.297784, 41.935274 ], [ -92.298078, 41.920889 ], [ -92.297934, 41.909416 ], [ -92.298111, 41.906375 ], [ -92.298027, 41.898576 ], [ -92.298023, 41.898406 ], [ -92.298012, 41.891912 ], [ -92.298009, 41.884823 ], [ -92.298136, 41.870314 ], [ -92.298146, 41.867781 ], [ -92.298164, 41.862779 ], [ -92.298174, 41.860167 ], [ -92.298359, 41.848492 ], [ -92.298536, 41.833995 ], [ -92.29869, 41.819509 ], [ -92.298749, 41.812138 ], [ -92.298783, 41.805511 ], [ -92.298816, 41.797952 ], [ -92.298891, 41.795729 ], [ -92.299101, 41.792543 ], [ -92.299099, 41.790672 ], [ -92.29896, 41.790208 ], [ -92.299161, 41.779018 ], [ -92.299191, 41.776094 ], [ -92.299236, 41.77245 ], [ -92.299453, 41.761607 ], [ -92.299714, 41.745746 ], [ -92.299844, 41.739852 ], [ -92.299873, 41.736132 ], [ -92.299876, 41.735512 ], [ -92.299901, 41.732815 ], [ -92.299907, 41.732173 ], [ -92.299913, 41.731534 ], [ -92.299916, 41.731097 ], [ -92.299919, 41.730675 ], [ -92.299921, 41.730205 ], [ -92.299924, 41.729774 ], [ -92.299925, 41.729303 ], [ -92.299927, 41.728865 ], [ -92.299928, 41.72842 ], [ -92.29993, 41.727966 ], [ -92.299932, 41.727535 ], [ -92.299951, 41.725332 ], [ -92.299974, 41.71441 ], [ -92.299809, 41.696322 ], [ -92.299804, 41.695889 ], [ -92.299802, 41.695699 ], [ -92.299949, 41.695103 ], [ -92.299952, 41.689045 ], [ -92.300117, 41.67424 ], [ -92.300106, 41.659692 ], [ -92.299874, 41.645194 ], [ -92.299654, 41.642346 ], [ -92.29975, 41.637159 ], [ -92.299667, 41.63074 ], [ -92.299399, 41.627153 ], [ -92.29961, 41.626836 ], [ -92.299585, 41.616083 ], [ -92.299518, 41.610986 ], [ -92.299495, 41.601536 ], [ -92.297814, 41.601535 ], [ -92.297783, 41.59666 ], [ -92.297723, 41.585631 ], [ -92.29772, 41.578411 ], [ -92.297529, 41.575547 ], [ -92.297708, 41.57107 ], [ -92.297709, 41.567619 ], [ -92.297663, 41.560386 ], [ -92.297648, 41.553205 ], [ -92.297634, 41.549662 ], [ -92.297633, 41.546037 ], [ -92.297593, 41.538811 ], [ -92.297575, 41.531494 ], [ -92.297558, 41.52423 ], [ -92.297494, 41.50979 ], [ -92.287642, 41.509828 ], [ -92.278223, 41.509849 ], [ -92.258755, 41.50989 ], [ -92.239511, 41.509955 ], [ -92.228169, 41.510009 ], [ -92.224604, 41.509901 ], [ -92.220155, 41.509906 ], [ -92.200871, 41.510019 ], [ -92.181784, 41.510038 ], [ -92.171108, 41.510102 ], [ -92.156622, 41.510156 ], [ -92.142225, 41.510214 ], [ -92.127731, 41.510191 ], [ -92.113259, 41.510239 ], [ -92.098804, 41.510246 ], [ -92.081917, 41.510336 ], [ -92.081738, 41.510337 ], [ -92.078933, 41.510348 ], [ -92.076441, 41.510358 ], [ -92.069859, 41.510379 ], [ -92.065058, 41.510403 ], [ -92.051674, 41.510437 ], [ -92.043831, 41.510468 ], [ -92.039328, 41.510635 ], [ -92.032402, 41.510494 ], [ -92.013153, 41.510561 ], [ -91.988942, 41.510624 ], [ -91.985132, 41.510795 ], [ -91.979413, 41.510666 ], [ -91.972444, 41.510694 ], [ -91.967431, 41.51071 ], [ -91.950728, 41.51078 ], [ -91.946043, 41.510749 ], [ -91.934905, 41.510895 ], [ -91.9256, 41.510974 ], [ -91.920834, 41.510996 ], [ -91.906375, 41.511126 ], [ -91.887086, 41.511245 ], [ -91.876349, 41.511158 ], [ -91.867841, 41.511316 ], [ -91.848433, 41.511421 ], [ -91.829231, 41.511457 ], [ -91.828964, 41.526005 ], [ -91.828651, 41.54052 ], [ -91.828568, 41.542699 ], [ -91.828161, 41.555008 ], [ -91.828049, 41.558607 ], [ -91.827941, 41.562225 ], [ -91.827846, 41.565824 ], [ -91.827843, 41.565925 ], [ -91.827749, 41.569508 ], [ -91.827644, 41.573151 ], [ -91.827378, 41.582132 ], [ -91.827389, 41.58395 ], [ -91.82706, 41.600452 ], [ -91.832725, 41.600416 ], [ -91.833078, 41.600414 ], [ -91.833133, 41.602736 ], [ -91.833214, 41.606061 ], [ -91.832949, 41.607722 ], [ -91.832971, 41.612849 ], [ -91.83297, 41.622269 ], [ -91.833051, 41.629476 ], [ -91.833139, 41.643952 ], [ -91.833387, 41.651164 ], [ -91.833404, 41.658257 ], [ -91.833686, 41.665443 ], [ -91.833821, 41.672782 ], [ -91.833929, 41.676507 ], [ -91.834002, 41.679993 ], [ -91.834185, 41.686702 ], [ -91.834156, 41.687184 ], [ -91.83415, 41.687388 ], [ -91.833948, 41.693956 ], [ -91.83376, 41.701229 ], [ -91.833666, 41.710074 ], [ -91.833618, 41.715823 ], [ -91.833457, 41.721182 ], [ -91.833091, 41.730379 ], [ -91.832617, 41.741362 ], [ -91.832545, 41.745014 ], [ -91.83224, 41.753364 ], [ -91.832187, 41.75425 ], [ -91.832033, 41.757425 ], [ -91.831898, 41.759636 ], [ -91.832072, 41.762472 ], [ -91.831818, 41.774059 ], [ -91.831812, 41.774341 ], [ -91.831589, 41.784548 ], [ -91.831506, 41.790312 ], [ -91.83079, 41.803803 ], [ -91.831008, 41.811006 ], [ -91.831183, 41.81635 ], [ -91.831212, 41.821133 ], [ -91.831243, 41.825491 ], [ -91.831272, 41.82936 ], [ -91.831056, 41.832739 ], [ -91.831184, 41.847308 ], [ -91.831379, 41.861851 ], [ -91.831421, 41.865027 ], [ -91.831466, 41.869114 ], [ -91.831497, 41.871829 ], [ -91.831508, 41.872796 ], [ -91.831555, 41.875494 ], [ -91.831569, 41.876366 ], [ -91.831571, 41.877293 ], [ -91.8316, 41.879333 ], [ -91.83161, 41.879691 ], [ -91.831641, 41.883451 ], [ -91.831684, 41.88727 ], [ -91.831727, 41.890918 ], [ -91.832234, 41.912728 ], [ -91.832331, 41.917061 ], [ -91.832507, 41.923505 ], [ -91.832616, 41.92726 ], [ -91.833193, 41.945537 ], [ -91.833214, 41.946374 ], [ -91.833289, 41.949373 ], [ -91.833654, 41.96401 ], [ -91.833661, 41.964253 ], [ -91.834011, 41.978594 ], [ -91.834198, 41.986509 ], [ -91.834355, 41.99313 ], [ -91.83453, 42.000514 ], [ -91.834675, 42.007735 ], [ -91.834822, 42.015074 ], [ -91.834989, 42.022335 ], [ -91.835157, 42.02963 ], [ -91.835262, 42.036954 ], [ -91.835143, 42.047353 ], [ -91.835053, 42.055207 ], [ -91.834896, 42.066128 ], [ -91.834784, 42.08037 ], [ -91.834779, 42.08099 ], [ -91.834757, 42.083283 ], [ -91.834748, 42.084251 ], [ -91.834726, 42.087993 ], [ -91.834733, 42.095281 ], [ -91.83467, 42.098365 ], [ -91.834418, 42.109277 ], [ -91.83445, 42.115842 ], [ -91.83447, 42.11877 ], [ -91.834532, 42.124607 ], [ -91.848927, 42.124403 ], [ -91.873166, 42.124088 ], [ -91.892617, 42.123884 ], [ -91.89272, 42.123895 ], [ -91.904004, 42.123763 ], [ -91.910792, 42.123424 ], [ -91.911961, 42.12342 ], [ -91.928207, 42.123065 ], [ -91.931631, 42.123234 ], [ -91.940672, 42.123075 ], [ -91.950749, 42.122905 ] ] ] ] } },
{ "type": "Feature", "properties": { "id": 70, "NAME": "70", "TotalPop": 31713, "PopDevPct": -0.00597705, "DemPct": 0.34161491, "RepPct": 0.64057971, "WhitePct": 0.95724074, "MinorityPct": 0.04275926, "BlackPct": 0.00579428, "HispanicPct": 0.01315344, "PacificPct": 0.00080359, "AsianPct": 0.00490611, "NativePct": 0.01294197, "TotalVAP": 23644, "Margin": -0.2989648, "color": "#960018", "opacity": "0.5", "DemPct2": 0.37452349, "RepPct2": 0.607589, "Margin2": -0.23306551, "Swing": -0.06589929, "R_Margin": -0.1706815832, "R_Margin2": -0.1556123231000001, "R_Swing": -0.0150692601, "Majority": "White" }, "geometry": { "type": "MultiPolygon", "coordinates": [ [ [ [ -92.064692, 42.384616 ], [ -92.064739, 42.380874 ], [ -92.064753, 42.378214 ], [ -92.06478, 42.374985 ], [ -92.064496, 42.368701 ], [ -92.064692, 42.367502 ], [ -92.0647, 42.362564 ], [ -92.064712, 42.354094 ], [ -92.064712, 42.353838 ], [ -92.064715, 42.348087 ], [ -92.064715, 42.34802 ], [ -92.064721, 42.340822 ], [ -92.064723, 42.333589 ], [ -92.064713, 42.319098 ], [ -92.064645, 42.303136 ], [ -92.064704, 42.300197 ], [ -92.064744, 42.299116 ], [ -92.064775, 42.297797 ], [ -92.064766, 42.297259 ], [ -92.084206, 42.29732 ], [ -92.093879, 42.297335 ], [ -92.10368, 42.297354 ], [ -92.115004, 42.297371 ], [ -92.133403, 42.297414 ], [ -92.142521, 42.297431 ], [ -92.146091, 42.297435 ], [ -92.14819, 42.297438 ], [ -92.154301, 42.297504 ], [ -92.162038, 42.29748 ], [ -92.181433, 42.297481 ], [ -92.186298, 42.297431 ], [ -92.196418, 42.297401 ], [ -92.208473, 42.297408 ], [ -92.208926, 42.297406 ], [ -92.220393, 42.297421 ], [ -92.239998, 42.297446 ], [ -92.2595, 42.297455 ], [ -92.278977, 42.297443 ], [ -92.292529, 42.297423 ], [ -92.298792, 42.297527 ], [ -92.298745, 42.290405 ], [ -92.298699, 42.268668 ], [ -92.298816, 42.257413 ], [ -92.298851, 42.254148 ], [ -92.298863, 42.251638 ], [ -92.298836, 42.246927 ], [ -92.298857, 42.243341 ], [ -92.298898, 42.225248 ], [ -92.298845, 42.210769 ], [ -92.299039, 42.195685 ], [ -92.299152, 42.181236 ], [ -92.29919, 42.172584 ], [ -92.299204, 42.171722 ], [ -92.299219, 42.170457 ], [ -92.299244, 42.168422 ], [ -92.299245, 42.168332 ], [ -92.299248, 42.168208 ], [ -92.29925, 42.168065 ], [ -92.299252, 42.167976 ], [ -92.299273, 42.166766 ], [ -92.299305, 42.165082 ], [ -92.299324, 42.163123 ], [ -92.299257, 42.152253 ], [ -92.299152, 42.137796 ], [ -92.299118, 42.12327 ], [ -92.288321, 42.123232 ], [ -92.28058, 42.123243 ], [ -92.26124, 42.123294 ], [ -92.261082, 42.123295 ], [ -92.241572, 42.123288 ], [ -92.222025, 42.12334 ], [ -92.202495, 42.123282 ], [ -92.182922, 42.123282 ], [ -92.163693, 42.123372 ], [ -92.144242, 42.123381 ], [ -92.124857, 42.123319 ], [ -92.105409, 42.123267 ], [ -92.096288, 42.123204 ], [ -92.095917, 42.123346 ], [ -92.095586, 42.123204 ], [ -92.085931, 42.123162 ], [ -92.066538, 42.12312 ], [ -92.063626, 42.122959 ], [ -92.049281, 42.123017 ], [ -92.047012, 42.123044 ], [ -92.028403, 42.123189 ], [ -92.009077, 42.123203 ], [ -92.00018, 42.122992 ], [ -91.998226, 42.123137 ], [ -91.989641, 42.123081 ], [ -91.970245, 42.122997 ], [ -91.950749, 42.122905 ], [ -91.940672, 42.123075 ], [ -91.931631, 42.123234 ], [ -91.928207, 42.123065 ], [ -91.911961, 42.12342 ], [ -91.910792, 42.123424 ], [ -91.904004, 42.123763 ], [ -91.89272, 42.123895 ], [ -91.892617, 42.123884 ], [ -91.873166, 42.124088 ], [ -91.848927, 42.124403 ], [ -91.834532, 42.124607 ], [ -91.834525, 42.124995 ], [ -91.834254, 42.139043 ], [ -91.834046, 42.157392 ], [ -91.8337, 42.170706 ], [ -91.833686, 42.171495 ], [ -91.833532, 42.175718 ], [ -91.833508, 42.176304 ], [ -91.833489, 42.176917 ], [ -91.833273, 42.183 ], [ -91.833144, 42.191924 ], [ -91.832933, 42.200995 ], [ -91.832846, 42.203745 ], [ -91.832829, 42.204359 ], [ -91.832822, 42.204736 ], [ -91.832613, 42.212032 ], [ -91.83243, 42.223063 ], [ -91.832428, 42.224801 ], [ -91.832394, 42.228177 ], [ -91.832177, 42.239546 ], [ -91.832088, 42.243299 ], [ -91.832075, 42.244595 ], [ -91.831764, 42.262751 ], [ -91.831736, 42.263802 ], [ -91.831527, 42.273523 ], [ -91.831385, 42.284529 ], [ -91.831089, 42.299063 ], [ -91.812459, 42.298599 ], [ -91.812303, 42.298598 ], [ -91.793068, 42.298146 ], [ -91.785982, 42.297986 ], [ -91.777245, 42.297792 ], [ -91.773521, 42.29771 ], [ -91.758471, 42.297424 ], [ -91.743914, 42.297084 ], [ -91.732047, 42.296787 ], [ -91.714438, 42.296544 ], [ -91.708546, 42.296533 ], [ -91.707671, 42.296532 ], [ -91.699775, 42.296524 ], [ -91.685128, 42.296511 ], [ -91.682642, 42.296508 ], [ -91.676884, 42.296507 ], [ -91.665606, 42.29649 ], [ -91.648929, 42.296483 ], [ -91.636157, 42.296487 ], [ -91.632739, 42.29648 ], [ -91.617648, 42.296444 ], [ -91.616356, 42.296442 ], [ -91.615934, 42.296441 ], [ -91.596981, 42.296408 ], [ -91.597159, 42.311034 ], [ -91.597214, 42.318294 ], [ -91.597334, 42.3252 ], [ -91.597359, 42.340027 ], [ -91.59743, 42.344769 ], [ -91.597529, 42.352791 ], [ -91.597552, 42.354709 ], [ -91.597829, 42.376532 ], [ -91.597842, 42.383988 ], [ -91.597788, 42.3989 ], [ -91.597638, 42.413125 ], [ -91.597591, 42.42767 ], [ -91.59751, 42.442377 ], [ -91.59751, 42.442706 ], [ -91.597441, 42.456614 ], [ -91.597419, 42.464328 ], [ -91.597418, 42.464568 ], [ -91.597397, 42.469242 ], [ -91.608508, 42.469275 ], [ -91.608515, 42.476385 ], [ -91.608383, 42.47657 ], [ -91.608445, 42.479509 ], [ -91.608524, 42.480921 ], [ -91.608515, 42.483861 ], [ -91.608523, 42.487487 ], [ -91.608561, 42.49842 ], [ -91.608658, 42.512966 ], [ -91.608711, 42.518442 ], [ -91.608713, 42.520289 ], [ -91.608745, 42.523813 ], [ -91.608766, 42.527521 ], [ -91.60878, 42.539461 ], [ -91.608882, 42.542075 ], [ -91.608913, 42.545682 ], [ -91.608969, 42.549342 ], [ -91.609048, 42.556445 ], [ -91.608821, 42.571172 ], [ -91.608685, 42.578263 ], [ -91.608416, 42.593011 ], [ -91.608306, 42.597765 ], [ -91.608243, 42.600291 ], [ -91.607894, 42.614823 ], [ -91.607497, 42.629402 ], [ -91.607059, 42.643973 ], [ -91.6268, 42.643841 ], [ -91.646479, 42.643667 ], [ -91.666183, 42.643529 ], [ -91.684564, 42.643391 ], [ -91.685858, 42.643395 ], [ -91.690938, 42.643341 ], [ -91.69738, 42.643284 ], [ -91.705591, 42.643232 ], [ -91.705686, 42.643228 ], [ -91.726064, 42.643089 ], [ -91.74567, 42.64323 ], [ -91.755461, 42.643289 ], [ -91.76535, 42.643362 ], [ -91.781761, 42.643453 ], [ -91.785026, 42.64349 ], [ -91.80473, 42.643583 ], [ -91.809628, 42.643594 ], [ -91.811051, 42.643605 ], [ -91.812581, 42.643619 ], [ -91.814544, 42.643621 ], [ -91.814559, 42.643621 ], [ -91.818613, 42.643622 ], [ -91.819448, 42.643622 ], [ -91.821366, 42.643618 ], [ -91.824299, 42.643625 ], [ -91.845046, 42.643626 ], [ -91.854299, 42.643437 ], [ -91.864338, 42.643247 ], [ -91.87703, 42.64305 ], [ -91.881033, 42.642982 ], [ -91.893265, 42.642829 ], [ -91.897841, 42.642627 ], [ -91.903732, 42.642376 ], [ -91.908683, 42.642232 ], [ -91.910035, 42.642194 ], [ -91.912997, 42.642112 ], [ -91.915857, 42.642033 ], [ -91.923531, 42.641831 ], [ -91.932458, 42.64186 ], [ -91.943182, 42.641934 ], [ -91.963727, 42.642181 ], [ -91.97018, 42.642191 ], [ -91.973494, 42.642195 ], [ -91.983319, 42.642208 ], [ -91.988277, 42.64221 ], [ -92.01286, 42.642226 ], [ -92.017558, 42.642227 ], [ -92.021618, 42.642203 ], [ -92.036448, 42.642142 ], [ -92.04017, 42.642133 ], [ -92.04184, 42.642138 ], [ -92.042875, 42.642131 ], [ -92.043983, 42.642124 ], [ -92.045842, 42.642121 ], [ -92.047281, 42.642117 ], [ -92.048236, 42.642116 ], [ -92.049478, 42.642112 ], [ -92.049625, 42.642112 ], [ -92.049696, 42.642111 ], [ -92.049764, 42.642111 ], [ -92.049872, 42.64211 ], [ -92.05037, 42.642109 ], [ -92.050439, 42.642109 ], [ -92.052173, 42.642105 ], [ -92.05715, 42.642122 ], [ -92.057875, 42.642119 ], [ -92.081661, 42.642056 ], [ -92.081672, 42.638309 ], [ -92.081691, 42.625529 ], [ -92.081694, 42.623754 ], [ -92.081703, 42.617878 ], [ -92.08171, 42.612862 ], [ -92.081795, 42.601987 ], [ -92.081828, 42.591114 ], [ -92.081857, 42.583969 ], [ -92.082043, 42.569408 ], [ -92.082362, 42.565887 ], [ -92.08238, 42.554918 ], [ -92.082362, 42.552811 ], [ -92.082361, 42.552418 ], [ -92.082399, 42.539381 ], [ -92.082418, 42.533647 ], [ -92.082416, 42.526312 ], [ -92.082079, 42.522865 ], [ -92.08201, 42.511843 ], [ -92.08171, 42.482758 ], [ -92.081524, 42.474443 ], [ -92.081446, 42.468192 ], [ -92.073971, 42.468205 ], [ -92.070284, 42.468212 ], [ -92.067796, 42.468216 ], [ -92.066479, 42.468218 ], [ -92.065163, 42.46822 ], [ -92.064187, 42.468221 ], [ -92.064192, 42.464148 ], [ -92.064172, 42.459303 ], [ -92.064136, 42.449445 ], [ -92.064136, 42.44916 ], [ -92.06417, 42.442438 ], [ -92.06456, 42.399076 ], [ -92.064692, 42.384616 ] ] ] ] } },
{ "type": "Feature", "properties": { "id": 71, "NAME": "71", "TotalPop": 32602, "PopDevPct": 0.02188806, "DemPct": 0.3475161, "RepPct": 0.63814781, "WhitePct": 0.80077588, "MinorityPct": 0.19922412, "BlackPct": 0.04315849, "HispanicPct": 0.10252162, "PacificPct": 0.01179989, "AsianPct": 0.02202376, "NativePct": 0.02020529, "TotalVAP": 24746, "Margin": -0.29063171, "color": "#960018", "opacity": "0.5", "DemPct2": 0.38337478, "RepPct2": 0.59737123, "Margin2": -0.21399645, "Swing": -0.07663526, "R_Margin": -0.1623484932, "R_Margin2": -0.1365432631, "R_Swing": -0.0258052301, "Majority": "White" }, "geometry": { "type": "MultiPolygon", "coordinates": [ [ [ [ -92.353027, 41.031199 ], [ -92.333151, 41.031185 ], [ -92.33035, 41.031252 ], [ -92.321677, 41.031316 ], [ -92.314652, 41.031355 ], [ -92.305188, 41.031396 ], [ -92.302336, 41.031408 ], [ -92.297721, 41.031489 ], [ -92.295484, 41.031422 ], [ -92.295483, 41.031489 ], [ -92.295511, 41.033194 ], [ -92.295441, 41.033661 ], [ -92.295513, 41.045966 ], [ -92.295577, 41.053221 ], [ -92.295629, 41.060477 ], [ -92.295675, 41.067722 ], [ -92.295703, 41.075868 ], [ -92.29577, 41.086571 ], [ -92.29582, 41.097563 ], [ -92.295828, 41.104816 ], [ -92.29585, 41.108967 ], [ -92.295859, 41.119292 ], [ -92.295872, 41.12653 ], [ -92.2959, 41.141014 ], [ -92.29591, 41.148237 ], [ -92.295911, 41.148275 ], [ -92.29592, 41.155461 ], [ -92.295933, 41.162303 ], [ -92.309015, 41.162259 ], [ -92.315097, 41.162267 ], [ -92.319859, 41.16224 ], [ -92.334238, 41.162155 ], [ -92.353439, 41.162122 ], [ -92.372561, 41.162094 ], [ -92.378408, 41.162047 ], [ -92.389507, 41.161996 ], [ -92.391713, 41.161998 ], [ -92.406547, 41.161922 ], [ -92.410233, 41.161942 ], [ -92.429384, 41.161903 ], [ -92.453112, 41.161769 ], [ -92.467729, 41.161719 ], [ -92.496428, 41.161623 ], [ -92.505966, 41.161588 ], [ -92.525115, 41.161513 ], [ -92.525545, 41.16151 ], [ -92.544556, 41.161443 ], [ -92.554324, 41.161498 ], [ -92.559051, 41.161427 ], [ -92.583198, 41.161509 ], [ -92.584759, 41.161534 ], [ -92.6073, 41.161467 ], [ -92.6118, 41.161486 ], [ -92.615373, 41.161491 ], [ -92.615557, 41.161491 ], [ -92.616112, 41.161491 ], [ -92.616297, 41.161492 ], [ -92.621684, 41.161489 ], [ -92.62224, 41.161479 ], [ -92.622625, 41.161473 ], [ -92.627004, 41.161364 ], [ -92.628311, 41.161295 ], [ -92.630076, 41.161299 ], [ -92.631464, 41.161308 ], [ -92.633127, 41.161296 ], [ -92.634074, 41.161333 ], [ -92.635404, 41.161397 ], [ -92.636746, 41.161402 ], [ -92.638002, 41.161336 ], [ -92.63933, 41.161306 ], [ -92.640361, 41.161298 ], [ -92.640336, 41.160573 ], [ -92.640145, 41.15778 ], [ -92.640097, 41.156686 ], [ -92.64011, 41.155428 ], [ -92.640192, 41.147147 ], [ -92.640076, 41.138255 ], [ -92.640127, 41.133025 ], [ -92.64013, 41.132628 ], [ -92.640042, 41.118496 ], [ -92.639961, 41.104003 ], [ -92.639955, 41.092078 ], [ -92.63994, 41.090852 ], [ -92.63993, 41.082253 ], [ -92.639849, 41.075047 ], [ -92.63976, 41.063145 ], [ -92.639669, 41.036786 ], [ -92.6397, 41.03411 ], [ -92.6397, 41.030491 ], [ -92.639635, 41.023258 ], [ -92.639573, 41.016134 ], [ -92.639536, 41.010024 ], [ -92.639165, 41.006443 ], [ -92.639554, 41.00424 ], [ -92.63949, 40.987122 ], [ -92.63939, 40.973223 ], [ -92.639315, 40.965917 ], [ -92.639302, 40.965014 ], [ -92.639222, 40.959912 ], [ -92.639229, 40.958655 ], [ -92.63937, 40.956847 ], [ -92.639363, 40.952023 ], [ -92.639361, 40.951774 ], [ -92.639368, 40.945975 ], [ -92.639377, 40.937572 ], [ -92.639255, 40.926004 ], [ -92.639215, 40.913379 ], [ -92.639091, 40.898886 ], [ -92.605877, 40.898902 ], [ -92.596136, 40.89894 ], [ -92.581864, 40.898985 ], [ -92.572319, 40.899019 ], [ -92.562756, 40.899054 ], [ -92.559518, 40.89909 ], [ -92.558192, 40.899158 ], [ -92.543691, 40.899067 ], [ -92.534086, 40.899092 ], [ -92.52476, 40.899115 ], [ -92.520491, 40.899148 ], [ -92.500187, 40.899316 ], [ -92.482079, 40.899262 ], [ -92.466188, 40.899215 ], [ -92.461749, 40.899158 ], [ -92.45231, 40.899143 ], [ -92.448009, 40.899028 ], [ -92.437559, 40.899042 ], [ -92.411543, 40.899109 ], [ -92.4097, 40.899115 ], [ -92.409336, 40.899116 ], [ -92.375184, 40.899017 ], [ -92.357482, 40.899079 ], [ -92.332931, 40.899163 ], [ -92.31533, 40.899224 ], [ -92.312695, 40.899233 ], [ -92.310011, 40.899342 ], [ -92.30096, 40.899285 ], [ -92.297562, 40.899433 ], [ -92.29471, 40.899324 ], [ -92.294745, 40.910782 ], [ -92.294751, 40.917098 ], [ -92.294743, 40.927934 ], [ -92.294864, 40.943745 ], [ -92.294884, 40.944632 ], [ -92.2949, 40.945352 ], [ -92.296997, 40.944707 ], [ -92.301439, 40.942509 ], [ -92.304546, 40.941427 ], [ -92.307702, 40.942038 ], [ -92.310586, 40.943487 ], [ -92.313636, 40.945323 ], [ -92.314289, 40.947012 ], [ -92.313366, 40.948306 ], [ -92.308944, 40.951786 ], [ -92.308022, 40.952903 ], [ -92.308045, 40.953822 ], [ -92.309151, 40.955976 ], [ -92.310469, 40.957376 ], [ -92.31532, 40.960241 ], [ -92.319876, 40.961967 ], [ -92.323048, 40.962561 ], [ -92.330955, 40.9613 ], [ -92.332413, 40.960485 ], [ -92.334077, 40.957793 ], [ -92.336241, 40.956825 ], [ -92.340263, 40.956941 ], [ -92.3442, 40.957962 ], [ -92.347659, 40.959332 ], [ -92.350902, 40.961274 ], [ -92.354594, 40.962814 ], [ -92.355387, 40.963789 ], [ -92.356846, 40.966452 ], [ -92.357766, 40.97623 ], [ -92.359036, 40.980686 ], [ -92.361144, 40.983953 ], [ -92.363405, 40.98668 ], [ -92.364786, 40.987786 ], [ -92.363608, 40.987794 ], [ -92.361001, 40.987795 ], [ -92.352515, 40.987869 ], [ -92.352521, 40.988043 ], [ -92.352689, 40.993163 ], [ -92.352818, 41.000231 ], [ -92.352817, 41.002329 ], [ -92.352817, 41.002595 ], [ -92.352818, 41.002939 ], [ -92.352807, 41.00493 ], [ -92.352758, 41.013086 ], [ -92.35279, 41.013964 ], [ -92.352956, 41.027732 ], [ -92.353027, 41.031199 ] ] ] ] } },
{ "type": "Feature", "properties": { "id": 72, "NAME": "72", "TotalPop": 32653, "PopDevPct": 0.02348662, "DemPct": 0.34329541, "RepPct": 0.63576159, "WhitePct": 0.9157529, "MinorityPct": 0.0842471, "BlackPct": 0.0184556, "HispanicPct": 0.02277992, "PacificPct": 0.00131274, "AsianPct": 0.0196139, "NativePct": 0.01687259, "TotalVAP": 25900, "Margin": -0.29246618, "color": "#960018", "opacity": "0.5", "DemPct2": 0.37202123, "RepPct2": 0.60864385, "Margin2": -0.23662262, "Swing": -0.05584356, "R_Margin": -0.1641829632, "R_Margin2": -0.1591694331, "R_Swing": -0.0050135301, "Majority": "White" }, "geometry": { "type": "MultiPolygon", "coordinates": [ [ [ [ -91.83325, 40.609759 ], [ -91.824199, 40.610304 ], [ -91.813828, 40.61053 ], [ -91.799241, 40.610979 ], [ -91.795, 40.611249 ], [ -91.785899, 40.611593 ], [ -91.766085, 40.612173 ], [ -91.750164, 40.612724 ], [ -91.737047, 40.613287 ], [ -91.730482, 40.613578 ], [ -91.729115, 40.61364 ], [ -91.720058, 40.601527 ], [ -91.716769, 40.59853 ], [ -91.712025, 40.595046 ], [ -91.707251, 40.592703 ], [ -91.696359, 40.588148 ], [ -91.68882, 40.583409 ], [ -91.686357, 40.580875 ], [ -91.685381, 40.578892 ], [ -91.685723, 40.576785 ], [ -91.689967, 40.568632 ], [ -91.691557, 40.564839 ], [ -91.691581, 40.562223 ], [ -91.690804, 40.559893 ], [ -91.6887, 40.55739 ], [ -91.681714, 40.553035 ], [ -91.670993, 40.550937 ], [ -91.654345, 40.549189 ], [ -91.647995, 40.547684 ], [ -91.638082, 40.545541 ], [ -91.632783, 40.545029 ], [ -91.630791, 40.544454 ], [ -91.625161, 40.5435 ], [ -91.622986, 40.54272 ], [ -91.620412, 40.541092 ], [ -91.618999, 40.539084 ], [ -91.618367, 40.536818 ], [ -91.618028, 40.53403 ], [ -91.618793, 40.526286 ], [ -91.621762, 40.518218 ], [ -91.622192, 40.517039 ], [ -91.622362, 40.514362 ], [ -91.621353, 40.510072 ], [ -91.619486, 40.507134 ], [ -91.616948, 40.504794 ], [ -91.612821, 40.502377 ], [ -91.608347, 40.50004 ], [ -91.599748, 40.497005 ], [ -91.594644, 40.494997 ], [ -91.592551, 40.493696 ], [ -91.589377, 40.490898 ], [ -91.586884, 40.487233 ], [ -91.585169, 40.483611 ], [ -91.583315, 40.479118 ], [ -91.582437, 40.474703 ], [ -91.580355, 40.471015 ], [ -91.576013, 40.466767 ], [ -91.574734, 40.465655 ], [ -91.568683, 40.462706 ], [ -91.56853, 40.462639 ], [ -91.567141, 40.462137 ], [ -91.563844, 40.460988 ], [ -91.556805, 40.4595 ], [ -91.552691, 40.458769 ], [ -91.548366, 40.45823 ], [ -91.543785, 40.458149 ], [ -91.538348, 40.458402 ], [ -91.534356, 40.458879 ], [ -91.527581, 40.458948 ], [ -91.526155, 40.458625 ], [ -91.523864, 40.456331 ], [ -91.523127, 40.451631 ], [ -91.52244, 40.451625 ], [ -91.520057, 40.451604 ], [ -91.510527, 40.451473 ], [ -91.510528, 40.451401 ], [ -91.500189, 40.451336 ], [ -91.491719, 40.451421 ], [ -91.491603, 40.455473 ], [ -91.491521, 40.458701 ], [ -91.491367, 40.464908 ], [ -91.491341, 40.465907 ], [ -91.49111, 40.475166 ], [ -91.490941, 40.481972 ], [ -91.490616, 40.494984 ], [ -91.490262, 40.513081 ], [ -91.489932, 40.523937 ], [ -91.489695, 40.531001 ], [ -91.489264, 40.550617 ], [ -91.489217, 40.552945 ], [ -91.489213, 40.553099 ], [ -91.488976, 40.562968 ], [ -91.48897, 40.563197 ], [ -91.488865, 40.567569 ], [ -91.488236, 40.588459 ], [ -91.487671, 40.613374 ], [ -91.487486, 40.622231 ], [ -91.488118, 40.622206 ], [ -91.487918, 40.629509 ], [ -91.48785, 40.638854 ], [ -91.47613, 40.638772 ], [ -91.473154, 40.63885 ], [ -91.460584, 40.638727 ], [ -91.457579, 40.638783 ], [ -91.449263, 40.638587 ], [ -91.436494, 40.63855 ], [ -91.42892, 40.638587 ], [ -91.423392, 40.638623 ], [ -91.422686, 40.638601 ], [ -91.410807, 40.638459 ], [ -91.40026, 40.638421 ], [ -91.397988, 40.638412 ], [ -91.379675, 40.638527 ], [ -91.379343, 40.638526 ], [ -91.376271, 40.638525 ], [ -91.373104, 40.638739 ], [ -91.373088, 40.640143 ], [ -91.372981, 40.640264 ], [ -91.373031, 40.641612 ], [ -91.373058, 40.641515 ], [ -91.37298, 40.645082 ], [ -91.372973, 40.645441 ], [ -91.372976, 40.653116 ], [ -91.372939, 40.653834 ], [ -91.37292, 40.657245 ], [ -91.372906, 40.659795 ], [ -91.372911, 40.669622 ], [ -91.372748, 40.684259 ], [ -91.372706, 40.693058 ], [ -91.372847, 40.696581 ], [ -91.372782, 40.703733 ], [ -91.372766, 40.706551 ], [ -91.372571, 40.718666 ], [ -91.372586, 40.725466 ], [ -91.348588, 40.725176 ], [ -91.33548, 40.725301 ], [ -91.329674, 40.725289 ], [ -91.322626, 40.725295 ], [ -91.310697, 40.725161 ], [ -91.296255, 40.725184 ], [ -91.285976, 40.725206 ], [ -91.277154, 40.72519 ], [ -91.257949, 40.725079 ], [ -91.257858, 40.734216 ], [ -91.257855, 40.736338 ], [ -91.257782, 40.738314 ], [ -91.258025, 40.751543 ], [ -91.258026, 40.752019 ], [ -91.262279, 40.753858 ], [ -91.265075, 40.754314 ], [ -91.266925, 40.754152 ], [ -91.271529, 40.754503 ], [ -91.274012, 40.754098 ], [ -91.275585, 40.753443 ], [ -91.277158, 40.752875 ], [ -91.27938, 40.753018 ], [ -91.281828, 40.753685 ], [ -91.283039, 40.754485 ], [ -91.284554, 40.758217 ], [ -91.285397, 40.759558 ], [ -91.285532, 40.762644 ], [ -91.286752, 40.766571 ], [ -91.289013, 40.769632 ], [ -91.2908, 40.771171 ], [ -91.293391, 40.772577 ], [ -91.295446, 40.772939 ], [ -91.297574, 40.773082 ], [ -91.302144, 40.772342 ], [ -91.308214, 40.771709 ], [ -91.311674, 40.772147 ], [ -91.313681, 40.773266 ], [ -91.316832, 40.777812 ], [ -91.318847, 40.779921 ], [ -91.319653, 40.780175 ], [ -91.323962, 40.780428 ], [ -91.325901, 40.780782 ], [ -91.329424, 40.782191 ], [ -91.330785, 40.783087 ], [ -91.334764, 40.784655 ], [ -91.339551, 40.785067 ], [ -91.340961, 40.785471 ], [ -91.344805, 40.785774 ], [ -91.346832, 40.786473 ], [ -91.34787, 40.788088 ], [ -91.349271, 40.791788 ], [ -91.34987, 40.792678 ], [ -91.350746, 40.793642 ], [ -91.352684, 40.793729 ], [ -91.355545, 40.792651 ], [ -91.358298, 40.791291 ], [ -91.360517, 40.790763 ], [ -91.363872, 40.790665 ], [ -91.367046, 40.792215 ], [ -91.369478, 40.794553 ], [ -91.372618, 40.796874 ], [ -91.374002, 40.797979 ], [ -91.376879, 40.799 ], [ -91.379712, 40.799787 ], [ -91.384037, 40.801395 ], [ -91.385755, 40.802313 ], [ -91.389362, 40.805123 ], [ -91.391803, 40.807774 ], [ -91.393531, 40.808618 ], [ -91.396849, 40.808948 ], [ -91.402853, 40.808398 ], [ -91.406371, 40.808709 ], [ -91.408558, 40.811359 ], [ -91.409453, 40.812905 ], [ -91.410494, 40.81291 ], [ -91.422108, 40.812916 ], [ -91.426448, 40.81295 ], [ -91.433922, 40.813034 ], [ -91.448686, 40.813062 ], [ -91.453608, 40.813049 ], [ -91.46991, 40.813253 ], [ -91.477457, 40.813236 ], [ -91.487647, 40.81325 ], [ -91.492516, 40.813274 ], [ -91.496478, 40.813279 ], [ -91.516355, 40.813411 ], [ -91.52865, 40.81344 ], [ -91.564166, 40.813784 ], [ -91.564617, 40.813786 ], [ -91.583447, 40.813873 ], [ -91.593031, 40.813882 ], [ -91.602941, 40.81389 ], [ -91.622322, 40.813882 ], [ -91.632006, 40.813901 ], [ -91.641591, 40.813858 ], [ -91.644332, 40.813838 ], [ -91.656001, 40.813764 ], [ -91.657361, 40.813751 ], [ -91.669951, 40.813684 ], [ -91.679968, 40.813648 ], [ -91.680105, 40.813646 ], [ -91.681362, 40.81363 ], [ -91.687372, 40.813572 ], [ -91.699323, 40.813616 ], [ -91.703913, 40.813584 ], [ -91.707631, 40.813572 ], [ -91.708532, 40.813573 ], [ -91.718787, 40.813544 ], [ -91.718714, 40.831755 ], [ -91.718709, 40.835403 ], [ -91.718667, 40.842626 ], [ -91.718606, 40.859116 ], [ -91.718632, 40.864716 ], [ -91.718444, 40.871931 ], [ -91.718327, 40.881165 ], [ -91.718306, 40.882846 ], [ -91.718229, 40.891131 ], [ -91.718211, 40.893811 ], [ -91.718183, 40.90103 ], [ -91.71818, 40.901087 ], [ -91.718035, 40.915611 ], [ -91.717969, 40.919871 ], [ -91.717891, 40.926073 ], [ -91.717878, 40.930139 ], [ -91.717895, 40.937381 ], [ -91.717892, 40.944762 ], [ -91.717932, 40.959316 ], [ -91.717954, 40.963654 ], [ -91.71841, 40.966698 ], [ -91.718012, 40.969314 ], [ -91.718022, 40.973927 ], [ -91.717884, 40.977031 ], [ -91.718073, 40.981211 ], [ -91.718069, 40.985064 ], [ -91.718056, 40.987151 ], [ -91.718065, 40.987544 ], [ -91.718084, 40.988574 ], [ -91.718099, 40.989424 ], [ -91.7181, 40.989782 ], [ -91.718119, 40.992928 ], [ -91.718122, 40.993145 ], [ -91.718131, 40.994231 ], [ -91.718145, 40.999225 ], [ -91.718127, 41.001828 ], [ -91.718122, 41.002956 ], [ -91.718125, 41.005353 ], [ -91.717726, 41.011666 ], [ -91.718087, 41.0127 ], [ -91.718082, 41.017613 ], [ -91.717972, 41.024856 ], [ -91.717679, 41.040587 ], [ -91.717671, 41.041058 ], [ -91.717665, 41.041406 ], [ -91.717463, 41.05403 ], [ -91.717303, 41.056371 ], [ -91.717284, 41.061359 ], [ -91.717065, 41.075893 ], [ -91.717064, 41.075964 ], [ -91.716826, 41.087478 ], [ -91.716788, 41.091194 ], [ -91.716783, 41.092124 ], [ -91.716759, 41.096023 ], [ -91.716747, 41.098 ], [ -91.716741, 41.099073 ], [ -91.716719, 41.102813 ], [ -91.716714, 41.103685 ], [ -91.716692, 41.1074 ], [ -91.716676, 41.110081 ], [ -91.716578, 41.126739 ], [ -91.716337, 41.136205 ], [ -91.716122, 41.150519 ], [ -91.716065, 41.159231 ], [ -91.716055, 41.160619 ], [ -91.716051, 41.161377 ], [ -91.716048, 41.161715 ], [ -91.716042, 41.162808 ], [ -91.718015, 41.16281 ], [ -91.718295, 41.162805 ], [ -91.719312, 41.162787 ], [ -91.720756, 41.162777 ], [ -91.723284, 41.162731 ], [ -91.723655, 41.162727 ], [ -91.724768, 41.162715 ], [ -91.72514, 41.162713 ], [ -91.725991, 41.162753 ], [ -91.744634, 41.162377 ], [ -91.744702, 41.162379 ], [ -91.754255, 41.16231 ], [ -91.763858, 41.162182 ], [ -91.768672, 41.162104 ], [ -91.774985, 41.161998 ], [ -91.787842, 41.161809 ], [ -91.79724, 41.16169 ], [ -91.800197, 41.161767 ], [ -91.818968, 41.161567 ], [ -91.821182, 41.16156 ], [ -91.830335, 41.161536 ], [ -91.836657, 41.16152 ], [ -91.850003, 41.16164 ], [ -91.860227, 41.161702 ], [ -91.868879, 41.161898 ], [ -91.88814, 41.162295 ], [ -91.907551, 41.16268 ], [ -91.908221, 41.162688 ], [ -91.917258, 41.162852 ], [ -91.925351, 41.163064 ], [ -91.926959, 41.163103 ], [ -91.936405, 41.163349 ], [ -91.945571, 41.163578 ], [ -91.950273, 41.163641 ], [ -91.964754, 41.16376 ], [ -91.984152, 41.163796 ], [ -91.99406, 41.163745 ], [ -92.013453, 41.163499 ], [ -92.013546, 41.163669 ], [ -92.022926, 41.163535 ], [ -92.023097, 41.163395 ], [ -92.042748, 41.163438 ], [ -92.063336, 41.163194 ], [ -92.082539, 41.163072 ], [ -92.101691, 41.16293 ], [ -92.108061, 41.16287 ], [ -92.110321, 41.162847 ], [ -92.120832, 41.162887 ], [ -92.139976, 41.162837 ], [ -92.142557, 41.162823 ], [ -92.159099, 41.162761 ], [ -92.179974, 41.162662 ], [ -92.199176, 41.162616 ], [ -92.227955, 41.162539 ], [ -92.237516, 41.162492 ], [ -92.256673, 41.162439 ], [ -92.259733, 41.162436 ], [ -92.295933, 41.162303 ], [ -92.29592, 41.155461 ], [ -92.295911, 41.148275 ], [ -92.29591, 41.148237 ], [ -92.2959, 41.141014 ], [ -92.295872, 41.12653 ], [ -92.295859, 41.119292 ], [ -92.29585, 41.108967 ], [ -92.295828, 41.104816 ], [ -92.29582, 41.097563 ], [ -92.29577, 41.086571 ], [ -92.295703, 41.075868 ], [ -92.295675, 41.067722 ], [ -92.295629, 41.060477 ], [ -92.295577, 41.053221 ], [ -92.295513, 41.045966 ], [ -92.295441, 41.033661 ], [ -92.295511, 41.033194 ], [ -92.295483, 41.031489 ], [ -92.295484, 41.031422 ], [ -92.297721, 41.031489 ], [ -92.302336, 41.031408 ], [ -92.305188, 41.031396 ], [ -92.314652, 41.031355 ], [ -92.321677, 41.031316 ], [ -92.33035, 41.031252 ], [ -92.333151, 41.031185 ], [ -92.353027, 41.031199 ], [ -92.352956, 41.027732 ], [ -92.35279, 41.013964 ], [ -92.352758, 41.013086 ], [ -92.352807, 41.00493 ], [ -92.352818, 41.002939 ], [ -92.352817, 41.002595 ], [ -92.352817, 41.002329 ], [ -92.352818, 41.000231 ], [ -92.352689, 40.993163 ], [ -92.352521, 40.988043 ], [ -92.352515, 40.987869 ], [ -92.361001, 40.987795 ], [ -92.363608, 40.987794 ], [ -92.364786, 40.987786 ], [ -92.363405, 40.98668 ], [ -92.361144, 40.983953 ], [ -92.359036, 40.980686 ], [ -92.357766, 40.97623 ], [ -92.356846, 40.966452 ], [ -92.355387, 40.963789 ], [ -92.354594, 40.962814 ], [ -92.350902, 40.961274 ], [ -92.347659, 40.959332 ], [ -92.3442, 40.957962 ], [ -92.340263, 40.956941 ], [ -92.336241, 40.956825 ], [ -92.334077, 40.957793 ], [ -92.332413, 40.960485 ], [ -92.330955, 40.9613 ], [ -92.323048, 40.962561 ], [ -92.319876, 40.961967 ], [ -92.31532, 40.960241 ], [ -92.310469, 40.957376 ], [ -92.309151, 40.955976 ], [ -92.308045, 40.953822 ], [ -92.308022, 40.952903 ], [ -92.308944, 40.951786 ], [ -92.313366, 40.948306 ], [ -92.314289, 40.947012 ], [ -92.313636, 40.945323 ], [ -92.310586, 40.943487 ], [ -92.307702, 40.942038 ], [ -92.304546, 40.941427 ], [ -92.301439, 40.942509 ], [ -92.296997, 40.944707 ], [ -92.2949, 40.945352 ], [ -92.294884, 40.944632 ], [ -92.294864, 40.943745 ], [ -92.294743, 40.927934 ], [ -92.294751, 40.917098 ], [ -92.294745, 40.910782 ], [ -92.29471, 40.899324 ], [ -92.289009, 40.899283 ], [ -92.287712, 40.899328 ], [ -92.284557, 40.899343 ], [ -92.276884, 40.899372 ], [ -92.265073, 40.899414 ], [ -92.255519, 40.899449 ], [ -92.250744, 40.899467 ], [ -92.234306, 40.899429 ], [ -92.234273, 40.899429 ], [ -92.233433, 40.899433 ], [ -92.227283, 40.89946 ], [ -92.227132, 40.899461 ], [ -92.224978, 40.899471 ], [ -92.213499, 40.899525 ], [ -92.21265, 40.899529 ], [ -92.21171, 40.899535 ], [ -92.210935, 40.89954 ], [ -92.21025, 40.899544 ], [ -92.191876, 40.899646 ], [ -92.179072, 40.89972 ], [ -92.17904, 40.898914 ], [ -92.178989, 40.892974 ], [ -92.178979, 40.878104 ], [ -92.178973, 40.877554 ], [ -92.178979, 40.876778 ], [ -92.178978, 40.875988 ], [ -92.178977, 40.875664 ], [ -92.178661, 40.853679 ], [ -92.178607, 40.850148 ], [ -92.178553, 40.846588 ], [ -92.178387, 40.835569 ], [ -92.178298, 40.829732 ], [ -92.178325, 40.813754 ], [ -92.17836, 40.802915 ], [ -92.178406, 40.788469 ], [ -92.178407, 40.788187 ], [ -92.178418, 40.784533 ], [ -92.178441, 40.777405 ], [ -92.178473, 40.766456 ], [ -92.178522, 40.748351 ], [ -92.178428, 40.730199 ], [ -92.178407, 40.726539 ], [ -92.178397, 40.724444 ], [ -92.178397, 40.724109 ], [ -92.178395, 40.723775 ], [ -92.178393, 40.723588 ], [ -92.178394, 40.723401 ], [ -92.178392, 40.723086 ], [ -92.178391, 40.723064 ], [ -92.178391, 40.723 ], [ -92.178391, 40.722979 ], [ -92.178353, 40.715364 ], [ -92.178331, 40.712157 ], [ -92.178329, 40.711757 ], [ -92.178278, 40.700833 ], [ -92.178107, 40.696853 ], [ -92.178171, 40.69023 ], [ -92.178175, 40.689674 ], [ -92.178182, 40.68282 ], [ -92.178435, 40.675175 ], [ -92.178524, 40.672853 ], [ -92.178782, 40.660709 ], [ -92.178809, 40.659095 ], [ -92.178821, 40.657904 ], [ -92.178825, 40.657779 ], [ -92.178903, 40.648068 ], [ -92.179091, 40.639042 ], [ -92.179381, 40.624442 ], [ -92.179626, 40.609885 ], [ -92.17978, 40.608785 ], [ -92.17978, 40.600529 ], [ -92.149682, 40.601033 ], [ -92.125187, 40.601481 ], [ -92.112642, 40.60187 ], [ -92.096611, 40.601831 ], [ -92.093036, 40.602077 ], [ -92.083292, 40.602273 ], [ -92.082318, 40.602177 ], [ -92.069872, 40.602755 ], [ -92.063932, 40.60273 ], [ -92.053751, 40.603187 ], [ -92.053117, 40.603203 ], [ -92.050774, 40.603198 ], [ -92.031866, 40.603727 ], [ -92.012646, 40.604299 ], [ -92.006918, 40.604419 ], [ -91.998645, 40.604434 ], [ -91.982346, 40.604804 ], [ -91.9715, 40.605106 ], [ -91.961695, 40.605191 ], [ -91.948658, 40.605451 ], [ -91.939451, 40.606146 ], [ -91.916319, 40.606759 ], [ -91.915832, 40.606772 ], [ -91.883338, 40.607636 ], [ -91.8684, 40.608056 ], [ -91.852849, 40.608811 ], [ -91.83325, 40.609759 ] ] ] ] } },
{ "type": "Feature", "properties": { "id": 73, "NAME": "73", "TotalPop": 31319, "PopDevPct": -0.01832672, "DemPct": 0.30355447, "RepPct": 0.67989418, "WhitePct": 0.85512857, "MinorityPct": 0.14487143, "BlackPct": 0.02445087, "HispanicPct": 0.07498268, "PacificPct": 0.00089653, "AsianPct": 0.02542891, "NativePct": 0.01646359, "TotalVAP": 24539, "Margin": -0.37633971, "color": "#960018", "opacity": "0.5", "DemPct2": 0.32656393, "RepPct2": 0.65345436, "Margin2": -0.32689043, "Swing": -0.04944928, "R_Margin": -0.2480564932, "R_Margin2": -0.2494372431, "R_Swing": 0.0013807499, "Majority": "White" }, "geometry": { "type": "MultiPolygon", "coordinates": [ [ [ [ -91.71818, 40.901087 ], [ -91.718183, 40.90103 ], [ -91.718211, 40.893811 ], [ -91.718229, 40.891131 ], [ -91.718306, 40.882846 ], [ -91.718327, 40.881165 ], [ -91.718444, 40.871931 ], [ -91.718632, 40.864716 ], [ -91.718606, 40.859116 ], [ -91.718667, 40.842626 ], [ -91.718709, 40.835403 ], [ -91.718714, 40.831755 ], [ -91.718787, 40.813544 ], [ -91.708532, 40.813573 ], [ -91.707631, 40.813572 ], [ -91.703913, 40.813584 ], [ -91.699323, 40.813616 ], [ -91.687372, 40.813572 ], [ -91.681362, 40.81363 ], [ -91.680105, 40.813646 ], [ -91.679968, 40.813648 ], [ -91.669951, 40.813684 ], [ -91.657361, 40.813751 ], [ -91.656001, 40.813764 ], [ -91.644332, 40.813838 ], [ -91.641591, 40.813858 ], [ -91.632006, 40.813901 ], [ -91.622322, 40.813882 ], [ -91.602941, 40.81389 ], [ -91.593031, 40.813882 ], [ -91.583447, 40.813873 ], [ -91.564617, 40.813786 ], [ -91.564166, 40.813784 ], [ -91.52865, 40.81344 ], [ -91.516355, 40.813411 ], [ -91.496478, 40.813279 ], [ -91.492516, 40.813274 ], [ -91.487647, 40.81325 ], [ -91.477457, 40.813236 ], [ -91.46991, 40.813253 ], [ -91.453608, 40.813049 ], [ -91.448686, 40.813062 ], [ -91.433922, 40.813034 ], [ -91.426448, 40.81295 ], [ -91.422108, 40.812916 ], [ -91.410494, 40.81291 ], [ -91.409453, 40.812905 ], [ -91.408954, 40.812901 ], [ -91.401654, 40.812866 ], [ -91.391242, 40.81279 ], [ -91.38812, 40.812755 ], [ -91.384309, 40.812713 ], [ -91.382763, 40.812694 ], [ -91.381886, 40.812685 ], [ -91.372095, 40.812631 ], [ -91.372004, 40.816032 ], [ -91.371877, 40.827093 ], [ -91.371845, 40.835898 ], [ -91.37213, 40.845184 ], [ -91.371773, 40.856142 ], [ -91.371694, 40.870662 ], [ -91.371695, 40.877931 ], [ -91.371761, 40.892444 ], [ -91.371793, 40.896937 ], [ -91.371824, 40.899694 ], [ -91.371787, 40.905341 ], [ -91.371781, 40.90561 ], [ -91.371803, 40.90723 ], [ -91.371751, 40.909854 ], [ -91.371705, 40.921512 ], [ -91.37168, 40.928793 ], [ -91.371561, 40.95782 ], [ -91.371491, 40.972616 ], [ -91.371387, 40.982493 ], [ -91.37134, 40.986846 ], [ -91.37124, 41.001408 ], [ -91.371173, 41.008104 ], [ -91.371103, 41.015923 ], [ -91.371051, 41.025912 ], [ -91.371006, 41.030461 ], [ -91.37089, 41.045041 ], [ -91.370772, 41.059597 ], [ -91.37071, 41.074112 ], [ -91.364557, 41.074104 ], [ -91.352388, 41.074097 ], [ -91.351341, 41.074089 ], [ -91.341668, 41.074096 ], [ -91.336843, 41.074118 ], [ -91.333251, 41.07412 ], [ -91.332258, 41.074125 ], [ -91.327611, 41.074125 ], [ -91.323539, 41.074131 ], [ -91.322953, 41.074135 ], [ -91.308364, 41.074168 ], [ -91.304169, 41.074151 ], [ -91.294344, 41.074146 ], [ -91.294078, 41.074147 ], [ -91.27492, 41.07413 ], [ -91.2747, 41.074135 ], [ -91.266968, 41.073964 ], [ -91.259898, 41.074173 ], [ -91.255528, 41.074147 ], [ -91.238518, 41.073885 ], [ -91.237682, 41.073717 ], [ -91.236371, 41.073897 ], [ -91.23121, 41.073816 ], [ -91.230492, 41.073822 ], [ -91.225945, 41.073698 ], [ -91.222505, 41.073621 ], [ -91.218918, 41.073642 ], [ -91.217764, 41.073624 ], [ -91.21304, 41.07352 ], [ -91.198778, 41.073397 ], [ -91.188404, 41.073219 ], [ -91.183114, 41.073187 ], [ -91.171625, 41.073073 ], [ -91.159692, 41.07304 ], [ -91.149504, 41.073019 ], [ -91.139818, 41.072983 ], [ -91.121241, 41.073016 ], [ -91.117184, 41.073026 ], [ -91.114077, 41.073037 ], [ -91.102801, 41.073024 ], [ -91.077446, 41.073013 ], [ -91.073843, 41.073007 ], [ -91.055091, 41.073034 ], [ -91.04465, 41.073012 ], [ -91.035405, 41.072945 ], [ -91.021651, 41.073003 ], [ -90.996703, 41.072897 ], [ -90.973222, 41.072815 ], [ -90.971947, 41.072842 ], [ -90.953185, 41.072739 ], [ -90.949381, 41.07271 ], [ -90.949322, 41.074484 ], [ -90.948397, 41.081075 ], [ -90.948027, 41.087392 ], [ -90.947476, 41.090507 ], [ -90.94626, 41.09473 ], [ -90.946625, 41.096628 ], [ -90.949752, 41.101271 ], [ -90.957265, 41.111067 ], [ -90.960802, 41.114774 ], [ -90.965908, 41.119559 ], [ -90.968851, 41.125653 ], [ -90.969347, 41.127388 ], [ -90.970856, 41.130109 ], [ -90.976429, 41.137131 ], [ -90.979077, 41.139775 ], [ -90.981327, 41.142675 ], [ -90.984958, 41.148274 ], [ -90.986069, 41.150608 ], [ -90.989662, 41.155707 ], [ -90.994963, 41.16063 ], [ -90.997905, 41.162562 ], [ -91.005505, 41.165624 ], [ -91.007594, 41.166187 ], [ -91.009435, 41.16624 ], [ -91.017839, 41.165163 ], [ -91.024086, 41.163625 ], [ -91.027231, 41.163383 ], [ -91.030045, 41.163553 ], [ -91.034424, 41.164431 ], [ -91.041875, 41.166484 ], [ -91.043894, 41.169123 ], [ -91.046392, 41.172954 ], [ -91.055068, 41.185789 ], [ -91.057866, 41.189259 ], [ -91.063758, 41.19662 ], [ -91.065899, 41.199517 ], [ -91.072984, 41.207151 ], [ -91.081452, 41.214429 ], [ -91.087076, 41.218222 ], [ -91.09303, 41.222634 ], [ -91.097477, 41.2275 ], [ -91.100845, 41.230531 ], [ -91.106215, 41.234558 ], [ -91.108782, 41.235964 ], [ -91.110422, 41.237281 ], [ -91.112348, 41.239002 ], [ -91.113657, 41.241401 ], [ -91.114137, 41.24504 ], [ -91.114186, 41.250029 ], [ -91.112783, 41.252531 ], [ -91.110304, 41.256088 ], [ -91.107325, 41.258943 ], [ -91.104462, 41.262104 ], [ -91.101142, 41.267169 ], [ -91.09894, 41.271524 ], [ -91.094162, 41.282605 ], [ -91.092034, 41.286911 ], [ -91.090703, 41.289097 ], [ -91.08688, 41.294371 ], [ -91.077505, 41.301828 ], [ -91.074841, 41.305578 ], [ -91.073795, 41.309308 ], [ -91.073232, 41.31344 ], [ -91.072667, 41.322997 ], [ -91.072113, 41.32957 ], [ -91.072045, 41.333599 ], [ -91.074738, 41.333636 ], [ -91.085944, 41.333855 ], [ -91.093238, 41.333809 ], [ -91.098134, 41.333913 ], [ -91.099472, 41.333935 ], [ -91.109129, 41.334132 ], [ -91.11851, 41.334257 ], [ -91.119686, 41.334242 ], [ -91.128879, 41.334274 ], [ -91.138565, 41.334343 ], [ -91.151787, 41.334447 ], [ -91.153568, 41.334447 ], [ -91.158533, 41.334477 ], [ -91.168692, 41.334538 ], [ -91.177163, 41.334605 ], [ -91.18642, 41.334687 ], [ -91.18809, 41.334831 ], [ -91.189118, 41.334737 ], [ -91.200373, 41.334843 ], [ -91.200727, 41.334853 ], [ -91.229938, 41.335171 ], [ -91.239064, 41.335323 ], [ -91.24392, 41.3354 ], [ -91.253807, 41.335546 ], [ -91.262002, 41.335588 ], [ -91.273264, 41.335651 ], [ -91.287648, 41.335669 ], [ -91.307781, 41.335706 ], [ -91.321428, 41.335811 ], [ -91.324844, 41.335722 ], [ -91.336742, 41.335864 ], [ -91.337877, 41.335874 ], [ -91.338774, 41.335868 ], [ -91.352029, 41.336057 ], [ -91.359104, 41.335951 ], [ -91.369332, 41.336063 ], [ -91.369268, 41.339352 ], [ -91.369227, 41.350557 ], [ -91.369223, 41.356513 ], [ -91.369145, 41.365076 ], [ -91.369198, 41.374921 ], [ -91.369104, 41.379671 ], [ -91.368693, 41.401621 ], [ -91.368871, 41.402191 ], [ -91.36876, 41.408656 ], [ -91.368521, 41.423178 ], [ -91.386, 41.423267 ], [ -91.386945, 41.423414 ], [ -91.391574, 41.423626 ], [ -91.410377, 41.423599 ], [ -91.412182, 41.423606 ], [ -91.416913, 41.423602 ], [ -91.418941, 41.423599 ], [ -91.426461, 41.423589 ], [ -91.442387, 41.423579 ], [ -91.447023, 41.423745 ], [ -91.453829, 41.42396 ], [ -91.454984, 41.423997 ], [ -91.460384, 41.42418 ], [ -91.463046, 41.424217 ], [ -91.463259, 41.424217 ], [ -91.463881, 41.424217 ], [ -91.472476, 41.424165 ], [ -91.473855, 41.424158 ], [ -91.474756, 41.424156 ], [ -91.47934, 41.423859 ], [ -91.48037, 41.423854 ], [ -91.483995, 41.423848 ], [ -91.484005, 41.418638 ], [ -91.484029, 41.409001 ], [ -91.484025, 41.402045 ], [ -91.484097, 41.391178 ], [ -91.484196, 41.374303 ], [ -91.484226, 41.373048 ], [ -91.484267, 41.370986 ], [ -91.484437, 41.358603 ], [ -91.484471, 41.351875 ], [ -91.484462, 41.351366 ], [ -91.484672, 41.336842 ], [ -91.484702, 41.322324 ], [ -91.484763, 41.307785 ], [ -91.484828, 41.300511 ], [ -91.484909, 41.293941 ], [ -91.484913, 41.293239 ], [ -91.485091, 41.281017 ], [ -91.485135, 41.271423 ], [ -91.48516, 41.267981 ], [ -91.485161, 41.266862 ], [ -91.485313, 41.256834 ], [ -91.485333, 41.25356 ], [ -91.485355, 41.251462 ], [ -91.48537, 41.249646 ], [ -91.48561, 41.235102 ], [ -91.485712, 41.229586 ], [ -91.485726, 41.227835 ], [ -91.485918, 41.223993 ], [ -91.48582, 41.220666 ], [ -91.485957, 41.2133 ], [ -91.485936, 41.206031 ], [ -91.485948, 41.191511 ], [ -91.485949, 41.184253 ], [ -91.485907, 41.176962 ], [ -91.485836, 41.170109 ], [ -91.485717, 41.162405 ], [ -91.495699, 41.162468 ], [ -91.505107, 41.162584 ], [ -91.51497, 41.162682 ], [ -91.524677, 41.162778 ], [ -91.53953, 41.162737 ], [ -91.541624, 41.162865 ], [ -91.542043, 41.16287 ], [ -91.542078, 41.162907 ], [ -91.548319, 41.162984 ], [ -91.56261, 41.1631 ], [ -91.56348, 41.163102 ], [ -91.582322, 41.163291 ], [ -91.600847, 41.163564 ], [ -91.607946, 41.163465 ], [ -91.611547, 41.163429 ], [ -91.613412, 41.163424 ], [ -91.620157, 41.163395 ], [ -91.635827, 41.163277 ], [ -91.644146, 41.163194 ], [ -91.658569, 41.163008 ], [ -91.668126, 41.162998 ], [ -91.687354, 41.1629 ], [ -91.701673, 41.162842 ], [ -91.710231, 41.162823 ], [ -91.710244, 41.162823 ], [ -91.711414, 41.16284 ], [ -91.716042, 41.162808 ], [ -91.716048, 41.161715 ], [ -91.716051, 41.161377 ], [ -91.716055, 41.160619 ], [ -91.716065, 41.159231 ], [ -91.716122, 41.150519 ], [ -91.716337, 41.136205 ], [ -91.716578, 41.126739 ], [ -91.716676, 41.110081 ], [ -91.716692, 41.1074 ], [ -91.716714, 41.103685 ], [ -91.716719, 41.102813 ], [ -91.716741, 41.099073 ], [ -91.716747, 41.098 ], [ -91.716759, 41.096023 ], [ -91.716783, 41.092124 ], [ -91.716788, 41.091194 ], [ -91.716826, 41.087478 ], [ -91.717064, 41.075964 ], [ -91.717065, 41.075893 ], [ -91.717284, 41.061359 ], [ -91.717303, 41.056371 ], [ -91.717463, 41.05403 ], [ -91.717665, 41.041406 ], [ -91.717671, 41.041058 ], [ -91.717679, 41.040587 ], [ -91.717972, 41.024856 ], [ -91.718082, 41.017613 ], [ -91.718087, 41.0127 ], [ -91.717726, 41.011666 ], [ -91.718125, 41.005353 ], [ -91.718122, 41.002956 ], [ -91.718127, 41.001828 ], [ -91.718145, 40.999225 ], [ -91.718131, 40.994231 ], [ -91.718122, 40.993145 ], [ -91.718119, 40.992928 ], [ -91.7181, 40.989782 ], [ -91.718099, 40.989424 ], [ -91.718084, 40.988574 ], [ -91.718065, 40.987544 ], [ -91.718056, 40.987151 ], [ -91.718069, 40.985064 ], [ -91.718073, 40.981211 ], [ -91.717884, 40.977031 ], [ -91.718022, 40.973927 ], [ -91.718012, 40.969314 ], [ -91.71841, 40.966698 ], [ -91.717954, 40.963654 ], [ -91.717932, 40.959316 ], [ -91.717892, 40.944762 ], [ -91.717895, 40.937381 ], [ -91.717878, 40.930139 ], [ -91.717891, 40.926073 ], [ -91.717969, 40.919871 ], [ -91.718035, 40.915611 ], [ -91.71818, 40.901087 ] ] ] ] } },
{ "type": "Feature", "properties": { "id": 74, "NAME": "74", "TotalPop": 32598, "PopDevPct": 0.02176269, "DemPct": 0.32954953, "RepPct": 0.65647031, "WhitePct": 0.92210944, "MinorityPct": 0.07789056, "BlackPct": 0.00849274, "HispanicPct": 0.04331298, "PacificPct": 0.00064707, "AsianPct": 0.00655154, "NativePct": 0.01415457, "TotalVAP": 24727, "Margin": -0.32692078, "color": "#960018", "opacity": "0.5", "DemPct2": 0.35007031, "RepPct2": 0.63088821, "Margin2": -0.2808179, "Swing": -0.04610288, "R_Margin": -0.1986375632, "R_Margin2": -0.2033647131, "R_Swing": 0.0047271498999999356, "Majority": "White" }, "geometry": { "type": "MultiPolygon", "coordinates": [ [ [ [ -92.063336, 41.163194 ], [ -92.042748, 41.163438 ], [ -92.023097, 41.163395 ], [ -92.022926, 41.163535 ], [ -92.013546, 41.163669 ], [ -92.013453, 41.163499 ], [ -91.99406, 41.163745 ], [ -91.984152, 41.163796 ], [ -91.964754, 41.16376 ], [ -91.950273, 41.163641 ], [ -91.945571, 41.163578 ], [ -91.936405, 41.163349 ], [ -91.926959, 41.163103 ], [ -91.925351, 41.163064 ], [ -91.917258, 41.162852 ], [ -91.908221, 41.162688 ], [ -91.907551, 41.16268 ], [ -91.88814, 41.162295 ], [ -91.868879, 41.161898 ], [ -91.860227, 41.161702 ], [ -91.850003, 41.16164 ], [ -91.836657, 41.16152 ], [ -91.830335, 41.161536 ], [ -91.821182, 41.16156 ], [ -91.818968, 41.161567 ], [ -91.800197, 41.161767 ], [ -91.79724, 41.16169 ], [ -91.787842, 41.161809 ], [ -91.774985, 41.161998 ], [ -91.768672, 41.162104 ], [ -91.763858, 41.162182 ], [ -91.754255, 41.16231 ], [ -91.744702, 41.162379 ], [ -91.744634, 41.162377 ], [ -91.725991, 41.162753 ], [ -91.72514, 41.162713 ], [ -91.724768, 41.162715 ], [ -91.723655, 41.162727 ], [ -91.723284, 41.162731 ], [ -91.720756, 41.162777 ], [ -91.719312, 41.162787 ], [ -91.718295, 41.162805 ], [ -91.718015, 41.16281 ], [ -91.716042, 41.162808 ], [ -91.711414, 41.16284 ], [ -91.710244, 41.162823 ], [ -91.710231, 41.162823 ], [ -91.701673, 41.162842 ], [ -91.687354, 41.1629 ], [ -91.668126, 41.162998 ], [ -91.658569, 41.163008 ], [ -91.644146, 41.163194 ], [ -91.635827, 41.163277 ], [ -91.620157, 41.163395 ], [ -91.613412, 41.163424 ], [ -91.611547, 41.163429 ], [ -91.607946, 41.163465 ], [ -91.600847, 41.163564 ], [ -91.582322, 41.163291 ], [ -91.56348, 41.163102 ], [ -91.56261, 41.1631 ], [ -91.548319, 41.162984 ], [ -91.542078, 41.162907 ], [ -91.542043, 41.16287 ], [ -91.541624, 41.162865 ], [ -91.53953, 41.162737 ], [ -91.524677, 41.162778 ], [ -91.51497, 41.162682 ], [ -91.505107, 41.162584 ], [ -91.495699, 41.162468 ], [ -91.485717, 41.162405 ], [ -91.485836, 41.170109 ], [ -91.485907, 41.176962 ], [ -91.485949, 41.184253 ], [ -91.485948, 41.191511 ], [ -91.485936, 41.206031 ], [ -91.485957, 41.2133 ], [ -91.48582, 41.220666 ], [ -91.485918, 41.223993 ], [ -91.485726, 41.227835 ], [ -91.485712, 41.229586 ], [ -91.48561, 41.235102 ], [ -91.48537, 41.249646 ], [ -91.485355, 41.251462 ], [ -91.485333, 41.25356 ], [ -91.485313, 41.256834 ], [ -91.485161, 41.266862 ], [ -91.48516, 41.267981 ], [ -91.485135, 41.271423 ], [ -91.485091, 41.281017 ], [ -91.484913, 41.293239 ], [ -91.484909, 41.293941 ], [ -91.484828, 41.300511 ], [ -91.484763, 41.307785 ], [ -91.484702, 41.322324 ], [ -91.484672, 41.336842 ], [ -91.484462, 41.351366 ], [ -91.484471, 41.351875 ], [ -91.484437, 41.358603 ], [ -91.484267, 41.370986 ], [ -91.484226, 41.373048 ], [ -91.484196, 41.374303 ], [ -91.484097, 41.391178 ], [ -91.484025, 41.402045 ], [ -91.484029, 41.409001 ], [ -91.484005, 41.418638 ], [ -91.483995, 41.423848 ], [ -91.48386, 41.425827 ], [ -91.483862, 41.427292 ], [ -91.485834, 41.429978 ], [ -91.487232, 41.433868 ], [ -91.490711, 41.440427 ], [ -91.491968, 41.441447 ], [ -91.495961, 41.443733 ], [ -91.500698, 41.446675 ], [ -91.502401, 41.448391 ], [ -91.50282, 41.449359 ], [ -91.502475, 41.450902 ], [ -91.50155, 41.451718 ], [ -91.499227, 41.452734 ], [ -91.498646, 41.453442 ], [ -91.499671, 41.45528 ], [ -91.498519, 41.458251 ], [ -91.499639, 41.459767 ], [ -91.503254, 41.460633 ], [ -91.505209, 41.461495 ], [ -91.510187, 41.465167 ], [ -91.514571, 41.466935 ], [ -91.515868, 41.467915 ], [ -91.516012, 41.469189 ], [ -91.514497, 41.471001 ], [ -91.514115, 41.474182 ], [ -91.51338, 41.475955 ], [ -91.511362, 41.477 ], [ -91.508678, 41.477 ], [ -91.505669, 41.476009 ], [ -91.503093, 41.476387 ], [ -91.502103, 41.47745 ], [ -91.501777, 41.4822 ], [ -91.502627, 41.484066 ], [ -91.502567, 41.485173 ], [ -91.501316, 41.48689 ], [ -91.502112, 41.48938 ], [ -91.503379, 41.491477 ], [ -91.503745, 41.493362 ], [ -91.504734, 41.493493 ], [ -91.506567, 41.492737 ], [ -91.509203, 41.493247 ], [ -91.510674, 41.494689 ], [ -91.510952, 41.496165 ], [ -91.510788, 41.497374 ], [ -91.508167, 41.498366 ], [ -91.506494, 41.500751 ], [ -91.508094, 41.502831 ], [ -91.510072, 41.502671 ], [ -91.511406, 41.501606 ], [ -91.513001, 41.498387 ], [ -91.514889, 41.497078 ], [ -91.516764, 41.496829 ], [ -91.518579, 41.497273 ], [ -91.519684, 41.49833 ], [ -91.51989, 41.499712 ], [ -91.519221, 41.500795 ], [ -91.518988, 41.502584 ], [ -91.519643, 41.50318 ], [ -91.523134, 41.504737 ], [ -91.527121, 41.50689 ], [ -91.527935, 41.507763 ], [ -91.527737, 41.509215 ], [ -91.526116, 41.509974 ], [ -91.520178, 41.510616 ], [ -91.519828, 41.51101 ], [ -91.520257, 41.511017 ], [ -91.535722, 41.51101 ], [ -91.541467, 41.510999 ], [ -91.545433, 41.510992 ], [ -91.550411, 41.510982 ], [ -91.55105, 41.510981 ], [ -91.551375, 41.51098 ], [ -91.560756, 41.510962 ], [ -91.580012, 41.510926 ], [ -91.598829, 41.510891 ], [ -91.608665, 41.510873 ], [ -91.618176, 41.510817 ], [ -91.633132, 41.510695 ], [ -91.63752, 41.510719 ], [ -91.645908, 41.51077 ], [ -91.656868, 41.510834 ], [ -91.684141, 41.511102 ], [ -91.694985, 41.511114 ], [ -91.695501, 41.511118 ], [ -91.704621, 41.5112 ], [ -91.705086, 41.511212 ], [ -91.713786, 41.511317 ], [ -91.723571, 41.511387 ], [ -91.733051, 41.511445 ], [ -91.733248, 41.511448 ], [ -91.752368, 41.511593 ], [ -91.752584, 41.511595 ], [ -91.767056, 41.511687 ], [ -91.771437, 41.511704 ], [ -91.771823, 41.511706 ], [ -91.778764, 41.51172 ], [ -91.790981, 41.511709 ], [ -91.805671, 41.511544 ], [ -91.814946, 41.511506 ], [ -91.829231, 41.511457 ], [ -91.848433, 41.511421 ], [ -91.867841, 41.511316 ], [ -91.876349, 41.511158 ], [ -91.887086, 41.511245 ], [ -91.906375, 41.511126 ], [ -91.920834, 41.510996 ], [ -91.9256, 41.510974 ], [ -91.934905, 41.510895 ], [ -91.946043, 41.510749 ], [ -91.950728, 41.51078 ], [ -91.967431, 41.51071 ], [ -91.972444, 41.510694 ], [ -91.979413, 41.510666 ], [ -91.985132, 41.510795 ], [ -91.988942, 41.510624 ], [ -92.013153, 41.510561 ], [ -92.032402, 41.510494 ], [ -92.039328, 41.510635 ], [ -92.043831, 41.510468 ], [ -92.051674, 41.510437 ], [ -92.065058, 41.510403 ], [ -92.069859, 41.510379 ], [ -92.076441, 41.510358 ], [ -92.078933, 41.510348 ], [ -92.081738, 41.510337 ], [ -92.081917, 41.510336 ], [ -92.098804, 41.510246 ], [ -92.113259, 41.510239 ], [ -92.127731, 41.510191 ], [ -92.142225, 41.510214 ], [ -92.156622, 41.510156 ], [ -92.171108, 41.510102 ], [ -92.181784, 41.510038 ], [ -92.200871, 41.510019 ], [ -92.220155, 41.509906 ], [ -92.224604, 41.509901 ], [ -92.228169, 41.510009 ], [ -92.239511, 41.509955 ], [ -92.258755, 41.50989 ], [ -92.278223, 41.509849 ], [ -92.287642, 41.509828 ], [ -92.297494, 41.50979 ], [ -92.316367, 41.509753 ], [ -92.316728, 41.50975 ], [ -92.336031, 41.509696 ], [ -92.34564, 41.509677 ], [ -92.352021, 41.509666 ], [ -92.354427, 41.509664 ], [ -92.355389, 41.509646 ], [ -92.356792, 41.509638 ], [ -92.374506, 41.509619 ], [ -92.393744, 41.509576 ], [ -92.411995, 41.509548 ], [ -92.412031, 41.504962 ], [ -92.412074, 41.495673 ], [ -92.412008, 41.484792 ], [ -92.411988, 41.48117 ], [ -92.411911, 41.466696 ], [ -92.411828, 41.452324 ], [ -92.411826, 41.452214 ], [ -92.411751, 41.437653 ], [ -92.411673, 41.423212 ], [ -92.411569, 41.408481 ], [ -92.411505, 41.397614 ], [ -92.411483, 41.394002 ], [ -92.411393, 41.37951 ], [ -92.411364, 41.375907 ], [ -92.411327, 41.368688 ], [ -92.411334, 41.36647 ], [ -92.41134, 41.362562 ], [ -92.411277, 41.350586 ], [ -92.411155, 41.336124 ], [ -92.411158, 41.325814 ], [ -92.411111, 41.318313 ], [ -92.411052, 41.314926 ], [ -92.410997, 41.307702 ], [ -92.41093, 41.293202 ], [ -92.410893, 41.278753 ], [ -92.410828, 41.271544 ], [ -92.410775, 41.267301 ], [ -92.410574, 41.257325 ], [ -92.410571, 41.25684 ], [ -92.410493, 41.24989 ], [ -92.410458, 41.239867 ], [ -92.410606, 41.234007 ], [ -92.410613, 41.231817 ], [ -92.41061, 41.2315 ], [ -92.410602, 41.23055 ], [ -92.4106, 41.230234 ], [ -92.41047, 41.212628 ], [ -92.410592, 41.205385 ], [ -92.410527, 41.203974 ], [ -92.410385, 41.203433 ], [ -92.410382, 41.190896 ], [ -92.410342, 41.1844 ], [ -92.41028, 41.182602 ], [ -92.41007, 41.176734 ], [ -92.410289, 41.16918 ], [ -92.410233, 41.161942 ], [ -92.406547, 41.161922 ], [ -92.391713, 41.161998 ], [ -92.389507, 41.161996 ], [ -92.378408, 41.162047 ], [ -92.372561, 41.162094 ], [ -92.353439, 41.162122 ], [ -92.334238, 41.162155 ], [ -92.319859, 41.16224 ], [ -92.315097, 41.162267 ], [ -92.309015, 41.162259 ], [ -92.295933, 41.162303 ], [ -92.259733, 41.162436 ], [ -92.256673, 41.162439 ], [ -92.237516, 41.162492 ], [ -92.227955, 41.162539 ], [ -92.199176, 41.162616 ], [ -92.179974, 41.162662 ], [ -92.159099, 41.162761 ], [ -92.142557, 41.162823 ], [ -92.139976, 41.162837 ], [ -92.120832, 41.162887 ], [ -92.110321, 41.162847 ], [ -92.108061, 41.16287 ], [ -92.101691, 41.16293 ], [ -92.082539, 41.163072 ], [ -92.063336, 41.163194 ] ] ] ] } },
{ "type": "Feature", "properties": { "id": 75, "NAME": "75", "TotalPop": 32746, "PopDevPct": 0.02640165, "DemPct": 0.35263934, "RepPct": 0.62459111, "WhitePct": 0.90129057, "MinorityPct": 0.09870943, "BlackPct": 0.03832616, "HispanicPct": 0.02839265, "PacificPct": 0.00117325, "AsianPct": 0.00754791, "NativePct": 0.02104028, "TotalVAP": 25570, "Margin": -0.27195177, "color": "#960018", "opacity": "0.5", "DemPct2": 0.39498452, "RepPct2": 0.57987616, "Margin2": -0.18489164, "Swing": -0.08706013, "R_Margin": -0.1436685532, "R_Margin2": -0.1074384531, "R_Swing": -0.0362301001, "Majority": "White" }, "geometry": { "type": "MultiPolygon", "coordinates": [ [ [ [ -91.256128, 40.637273 ], [ -91.253074, 40.637962 ], [ -91.250148, 40.638175 ], [ -91.247851, 40.63839 ], [ -91.23244, 40.638115 ], [ -91.2246, 40.638473 ], [ -91.218437, 40.638437 ], [ -91.211352, 40.637882 ], [ -91.202384, 40.636594 ], [ -91.197906, 40.636107 ], [ -91.192558, 40.636508 ], [ -91.18698, 40.637297 ], [ -91.185295, 40.637803 ], [ -91.1751, 40.643027 ], [ -91.154293, 40.653596 ], [ -91.144963, 40.657632 ], [ -91.138055, 40.660893 ], [ -91.125144, 40.668738 ], [ -91.123928, 40.669152 ], [ -91.12082, 40.672777 ], [ -91.119632, 40.675892 ], [ -91.117831, 40.683431 ], [ -91.115407, 40.691825 ], [ -91.112467, 40.696301 ], [ -91.11194, 40.697018 ], [ -91.110927, 40.703262 ], [ -91.111095, 40.708282 ], [ -91.113885, 40.719532 ], [ -91.115158, 40.721895 ], [ -91.115735, 40.725168 ], [ -91.110424, 40.745528 ], [ -91.108765, 40.75004 ], [ -91.107318, 40.751981 ], [ -91.105473, 40.753838 ], [ -91.102486, 40.757076 ], [ -91.098105, 40.763233 ], [ -91.096133, 40.767134 ], [ -91.093426, 40.774306 ], [ -91.096675, 40.774367 ], [ -91.097608, 40.774392 ], [ -91.100463, 40.774483 ], [ -91.108035, 40.774591 ], [ -91.108038, 40.7735 ], [ -91.106122, 40.773484 ], [ -91.106106, 40.773965 ], [ -91.103618, 40.773917 ], [ -91.103648, 40.770154 ], [ -91.109814, 40.770197 ], [ -91.108785, 40.774597 ], [ -91.110363, 40.774601 ], [ -91.110363, 40.774591 ], [ -91.110362, 40.774552 ], [ -91.110362, 40.774515 ], [ -91.110373, 40.774215 ], [ -91.110376, 40.774136 ], [ -91.11038, 40.774009 ], [ -91.111134, 40.774013 ], [ -91.111129, 40.774144 ], [ -91.111127, 40.774197 ], [ -91.111123, 40.774325 ], [ -91.111122, 40.774343 ], [ -91.111121, 40.774383 ], [ -91.111119, 40.774425 ], [ -91.111118, 40.774457 ], [ -91.111117, 40.774486 ], [ -91.111116, 40.774515 ], [ -91.111115, 40.77453 ], [ -91.111116, 40.774556 ], [ -91.111116, 40.774582 ], [ -91.111118, 40.774607 ], [ -91.112231, 40.774617 ], [ -91.113152, 40.774024 ], [ -91.113231, 40.772326 ], [ -91.118878, 40.772376 ], [ -91.118497, 40.774203 ], [ -91.118455, 40.774692 ], [ -91.120412, 40.774728 ], [ -91.120365, 40.773012 ], [ -91.121085, 40.772399 ], [ -91.121025, 40.767691 ], [ -91.120613, 40.767687 ], [ -91.120622, 40.767402 ], [ -91.121567, 40.767412 ], [ -91.121719, 40.765714 ], [ -91.122382, 40.765715 ], [ -91.122029, 40.763825 ], [ -91.126915, 40.763807 ], [ -91.125075, 40.76462 ], [ -91.12655, 40.767371 ], [ -91.126609, 40.774803 ], [ -91.13388, 40.774862 ], [ -91.141897, 40.77493 ], [ -91.141722, 40.78361 ], [ -91.144805, 40.781336 ], [ -91.145086, 40.78328 ], [ -91.14532, 40.783387 ], [ -91.14536, 40.78331 ], [ -91.147795, 40.784442 ], [ -91.147846, 40.785614 ], [ -91.149442, 40.785629 ], [ -91.149477, 40.783836 ], [ -91.150758, 40.783911 ], [ -91.150738, 40.785154 ], [ -91.156428, 40.785489 ], [ -91.159797, 40.785475 ], [ -91.15976, 40.792389 ], [ -91.15597, 40.793723 ], [ -91.155991, 40.794173 ], [ -91.160767, 40.794244 ], [ -91.160718, 40.796705 ], [ -91.162874, 40.796925 ], [ -91.16337, 40.796926 ], [ -91.165012, 40.796938 ], [ -91.166214, 40.796948 ], [ -91.16573, 40.7946 ], [ -91.165766, 40.791785 ], [ -91.170577, 40.791537 ], [ -91.17048, 40.796977 ], [ -91.18019, 40.797078 ], [ -91.180186, 40.80068 ], [ -91.179871, 40.811717 ], [ -91.208929, 40.812145 ], [ -91.214931, 40.812202 ], [ -91.217767, 40.812229 ], [ -91.223363, 40.812306 ], [ -91.224586, 40.812593 ], [ -91.227729, 40.812453 ], [ -91.230395, 40.812367 ], [ -91.254026, 40.812592 ], [ -91.256813, 40.812614 ], [ -91.256769, 40.818991 ], [ -91.256764, 40.819572 ], [ -91.256736, 40.82273 ], [ -91.256735, 40.822745 ], [ -91.256726, 40.823638 ], [ -91.258192, 40.822739 ], [ -91.258204, 40.822068 ], [ -91.270252, 40.822077 ], [ -91.270261, 40.82374 ], [ -91.269088, 40.82375 ], [ -91.269092, 40.824148 ], [ -91.270271, 40.82417 ], [ -91.270269, 40.825054 ], [ -91.271949, 40.825044 ], [ -91.271956, 40.827121 ], [ -91.268025, 40.827123 ], [ -91.266407, 40.827135 ], [ -91.266409, 40.829638 ], [ -91.266407, 40.831731 ], [ -91.266407, 40.832203 ], [ -91.266407, 40.832519 ], [ -91.266408, 40.834454 ], [ -91.261605, 40.834454 ], [ -91.256609, 40.834453 ], [ -91.256751, 40.841017 ], [ -91.256778, 40.852546 ], [ -91.256709, 40.856271 ], [ -91.256657, 40.862617 ], [ -91.256579, 40.870755 ], [ -91.256796, 40.875103 ], [ -91.25677, 40.881954 ], [ -91.256756, 40.888958 ], [ -91.256676, 40.892121 ], [ -91.256528, 40.89964 ], [ -91.256594, 40.90715 ], [ -91.256624, 40.909009 ], [ -91.256623, 40.921664 ], [ -91.256566, 40.932553 ], [ -91.256683, 40.93574 ], [ -91.256436, 40.956231 ], [ -91.256426, 40.964169 ], [ -91.256354, 40.972489 ], [ -91.256364, 40.986981 ], [ -91.246635, 40.986829 ], [ -91.237033, 40.986722 ], [ -91.227533, 40.986716 ], [ -91.199273, 40.986303 ], [ -91.199112, 40.986342 ], [ -91.169949, 40.986133 ], [ -91.15314, 40.985997 ], [ -91.152517, 40.986203 ], [ -91.141334, 40.985913 ], [ -91.137026, 40.985852 ], [ -91.131595, 40.985866 ], [ -91.127308, 40.98609 ], [ -91.126551, 40.985868 ], [ -91.118195, 40.98585 ], [ -91.110465, 40.985927 ], [ -91.102275, 40.985921 ], [ -91.102688, 41.000396 ], [ -91.102718, 41.015005 ], [ -91.102605, 41.022311 ], [ -91.102551, 41.026718 ], [ -91.102798, 41.03512 ], [ -91.1028, 41.045786 ], [ -91.102851, 41.051912 ], [ -91.102848, 41.058737 ], [ -91.102806, 41.065636 ], [ -91.102801, 41.073024 ], [ -91.114077, 41.073037 ], [ -91.117184, 41.073026 ], [ -91.121241, 41.073016 ], [ -91.139818, 41.072983 ], [ -91.149504, 41.073019 ], [ -91.159692, 41.07304 ], [ -91.171625, 41.073073 ], [ -91.183114, 41.073187 ], [ -91.188404, 41.073219 ], [ -91.198778, 41.073397 ], [ -91.21304, 41.07352 ], [ -91.217764, 41.073624 ], [ -91.218918, 41.073642 ], [ -91.222505, 41.073621 ], [ -91.225945, 41.073698 ], [ -91.230492, 41.073822 ], [ -91.23121, 41.073816 ], [ -91.236371, 41.073897 ], [ -91.237682, 41.073717 ], [ -91.238518, 41.073885 ], [ -91.255528, 41.074147 ], [ -91.259898, 41.074173 ], [ -91.266968, 41.073964 ], [ -91.2747, 41.074135 ], [ -91.27492, 41.07413 ], [ -91.294078, 41.074147 ], [ -91.294344, 41.074146 ], [ -91.304169, 41.074151 ], [ -91.308364, 41.074168 ], [ -91.322953, 41.074135 ], [ -91.323539, 41.074131 ], [ -91.327611, 41.074125 ], [ -91.332258, 41.074125 ], [ -91.333251, 41.07412 ], [ -91.336843, 41.074118 ], [ -91.341668, 41.074096 ], [ -91.351341, 41.074089 ], [ -91.352388, 41.074097 ], [ -91.364557, 41.074104 ], [ -91.37071, 41.074112 ], [ -91.370772, 41.059597 ], [ -91.37089, 41.045041 ], [ -91.371006, 41.030461 ], [ -91.371051, 41.025912 ], [ -91.371103, 41.015923 ], [ -91.371173, 41.008104 ], [ -91.37124, 41.001408 ], [ -91.37134, 40.986846 ], [ -91.371387, 40.982493 ], [ -91.371491, 40.972616 ], [ -91.371561, 40.95782 ], [ -91.37168, 40.928793 ], [ -91.371705, 40.921512 ], [ -91.371751, 40.909854 ], [ -91.371803, 40.90723 ], [ -91.371781, 40.90561 ], [ -91.371787, 40.905341 ], [ -91.371824, 40.899694 ], [ -91.371793, 40.896937 ], [ -91.371761, 40.892444 ], [ -91.371695, 40.877931 ], [ -91.371694, 40.870662 ], [ -91.371773, 40.856142 ], [ -91.37213, 40.845184 ], [ -91.371845, 40.835898 ], [ -91.371877, 40.827093 ], [ -91.372004, 40.816032 ], [ -91.372095, 40.812631 ], [ -91.381886, 40.812685 ], [ -91.382763, 40.812694 ], [ -91.384309, 40.812713 ], [ -91.38812, 40.812755 ], [ -91.391242, 40.81279 ], [ -91.401654, 40.812866 ], [ -91.408954, 40.812901 ], [ -91.409453, 40.812905 ], [ -91.408558, 40.811359 ], [ -91.406371, 40.808709 ], [ -91.402853, 40.808398 ], [ -91.396849, 40.808948 ], [ -91.393531, 40.808618 ], [ -91.391803, 40.807774 ], [ -91.389362, 40.805123 ], [ -91.385755, 40.802313 ], [ -91.384037, 40.801395 ], [ -91.379712, 40.799787 ], [ -91.376879, 40.799 ], [ -91.374002, 40.797979 ], [ -91.372618, 40.796874 ], [ -91.369478, 40.794553 ], [ -91.367046, 40.792215 ], [ -91.363872, 40.790665 ], [ -91.360517, 40.790763 ], [ -91.358298, 40.791291 ], [ -91.355545, 40.792651 ], [ -91.352684, 40.793729 ], [ -91.350746, 40.793642 ], [ -91.34987, 40.792678 ], [ -91.349271, 40.791788 ], [ -91.34787, 40.788088 ], [ -91.346832, 40.786473 ], [ -91.344805, 40.785774 ], [ -91.340961, 40.785471 ], [ -91.339551, 40.785067 ], [ -91.334764, 40.784655 ], [ -91.330785, 40.783087 ], [ -91.329424, 40.782191 ], [ -91.325901, 40.780782 ], [ -91.323962, 40.780428 ], [ -91.319653, 40.780175 ], [ -91.318847, 40.779921 ], [ -91.316832, 40.777812 ], [ -91.313681, 40.773266 ], [ -91.311674, 40.772147 ], [ -91.308214, 40.771709 ], [ -91.302144, 40.772342 ], [ -91.297574, 40.773082 ], [ -91.295446, 40.772939 ], [ -91.293391, 40.772577 ], [ -91.2908, 40.771171 ], [ -91.289013, 40.769632 ], [ -91.286752, 40.766571 ], [ -91.285532, 40.762644 ], [ -91.285397, 40.759558 ], [ -91.284554, 40.758217 ], [ -91.283039, 40.754485 ], [ -91.281828, 40.753685 ], [ -91.27938, 40.753018 ], [ -91.277158, 40.752875 ], [ -91.275585, 40.753443 ], [ -91.274012, 40.754098 ], [ -91.271529, 40.754503 ], [ -91.266925, 40.754152 ], [ -91.265075, 40.754314 ], [ -91.262279, 40.753858 ], [ -91.258026, 40.752019 ], [ -91.258025, 40.751543 ], [ -91.257782, 40.738314 ], [ -91.257855, 40.736338 ], [ -91.257858, 40.734216 ], [ -91.257949, 40.725079 ], [ -91.277154, 40.72519 ], [ -91.285976, 40.725206 ], [ -91.296255, 40.725184 ], [ -91.310697, 40.725161 ], [ -91.322626, 40.725295 ], [ -91.329674, 40.725289 ], [ -91.33548, 40.725301 ], [ -91.348588, 40.725176 ], [ -91.372586, 40.725466 ], [ -91.372571, 40.718666 ], [ -91.372766, 40.706551 ], [ -91.372782, 40.703733 ], [ -91.372847, 40.696581 ], [ -91.372706, 40.693058 ], [ -91.372748, 40.684259 ], [ -91.372911, 40.669622 ], [ -91.372906, 40.659795 ], [ -91.37292, 40.657245 ], [ -91.372939, 40.653834 ], [ -91.372976, 40.653116 ], [ -91.372973, 40.645441 ], [ -91.37298, 40.645082 ], [ -91.373058, 40.641515 ], [ -91.373031, 40.641612 ], [ -91.372981, 40.640264 ], [ -91.373088, 40.640143 ], [ -91.373104, 40.638739 ], [ -91.376271, 40.638525 ], [ -91.379343, 40.638526 ], [ -91.379675, 40.638527 ], [ -91.397988, 40.638412 ], [ -91.40026, 40.638421 ], [ -91.410807, 40.638459 ], [ -91.422686, 40.638601 ], [ -91.423392, 40.638623 ], [ -91.42892, 40.638587 ], [ -91.436494, 40.63855 ], [ -91.449263, 40.638587 ], [ -91.457579, 40.638783 ], [ -91.460584, 40.638727 ], [ -91.473154, 40.63885 ], [ -91.47613, 40.638772 ], [ -91.48785, 40.638854 ], [ -91.487918, 40.629509 ], [ -91.488118, 40.622206 ], [ -91.487486, 40.622231 ], [ -91.487671, 40.613374 ], [ -91.488236, 40.588459 ], [ -91.488865, 40.567569 ], [ -91.48897, 40.563197 ], [ -91.488976, 40.562968 ], [ -91.489213, 40.553099 ], [ -91.489217, 40.552945 ], [ -91.489264, 40.550617 ], [ -91.489695, 40.531001 ], [ -91.489932, 40.523937 ], [ -91.490262, 40.513081 ], [ -91.490616, 40.494984 ], [ -91.490941, 40.481972 ], [ -91.49111, 40.475166 ], [ -91.491341, 40.465907 ], [ -91.491367, 40.464908 ], [ -91.491521, 40.458701 ], [ -91.491603, 40.455473 ], [ -91.491719, 40.451421 ], [ -91.500189, 40.451336 ], [ -91.510528, 40.451401 ], [ -91.510527, 40.451473 ], [ -91.520057, 40.451604 ], [ -91.52244, 40.451625 ], [ -91.523127, 40.451631 ], [ -91.523271, 40.450061 ], [ -91.524053, 40.448437 ], [ -91.526108, 40.446634 ], [ -91.529098, 40.444836 ], [ -91.531912, 40.44273 ], [ -91.533548, 40.440804 ], [ -91.533623, 40.43832 ], [ -91.532603, 40.436647 ], [ -91.530355, 40.434964 ], [ -91.527645, 40.433772 ], [ -91.525, 40.433483 ], [ -91.519935, 40.433673 ], [ -91.519134, 40.432822 ], [ -91.519012, 40.431298 ], [ -91.521388, 40.426488 ], [ -91.526555, 40.419872 ], [ -91.527057, 40.416689 ], [ -91.526425, 40.413404 ], [ -91.524612, 40.410765 ], [ -91.522333, 40.409648 ], [ -91.518392, 40.408682 ], [ -91.513993, 40.408537 ], [ -91.513325, 40.40827 ], [ -91.511891, 40.407762 ], [ -91.509063, 40.406775 ], [ -91.507391, 40.405483 ], [ -91.506745, 40.404335 ], [ -91.505272, 40.403512 ], [ -91.502267, 40.402862 ], [ -91.498093, 40.401926 ], [ -91.494592, 40.402256 ], [ -91.492498, 40.402828 ], [ -91.489445, 40.404384 ], [ -91.487889, 40.403906 ], [ -91.488597, 40.400009 ], [ -91.489596, 40.397485 ], [ -91.490153, 40.396449 ], [ -91.490816, 40.395225 ], [ -91.490912, 40.39298 ], [ -91.489208, 40.389944 ], [ -91.486226, 40.386392 ], [ -91.48537, 40.384806 ], [ -91.483153, 40.382492 ], [ -91.480251, 40.381783 ], [ -91.475797, 40.382234 ], [ -91.474538, 40.382503 ], [ -91.471967, 40.382884 ], [ -91.467855, 40.384139 ], [ -91.465334, 40.385168 ], [ -91.464017, 40.385636 ], [ -91.463161, 40.385136 ], [ -91.463514, 40.382543 ], [ -91.464681, 40.380949 ], [ -91.465891, 40.378365 ], [ -91.465009, 40.376223 ], [ -91.463895, 40.375659 ], [ -91.460395, 40.375472 ], [ -91.454535, 40.37544 ], [ -91.448742, 40.376804 ], [ -91.446627, 40.377918 ], [ -91.445371, 40.379388 ], [ -91.445168, 40.382461 ], [ -91.441957, 40.385705 ], [ -91.441243, 40.386255 ], [ -91.436916, 40.385346 ], [ -91.435153, 40.38498 ], [ -91.435117, 40.384973 ], [ -91.429762, 40.383318 ], [ -91.425662, 40.382491 ], [ -91.42218, 40.380802 ], [ -91.419422, 40.378264 ], [ -91.417066, 40.380402 ], [ -91.415051, 40.381747 ], [ -91.413011, 40.382277 ], [ -91.402392, 40.382692 ], [ -91.396996, 40.383127 ], [ -91.392179, 40.383942 ], [ -91.38836, 40.384929 ], [ -91.384201, 40.38643 ], [ -91.376911, 40.390776 ], [ -91.376736, 40.390939 ], [ -91.376652, 40.391018 ], [ -91.375712, 40.391925 ], [ -91.372921, 40.399108 ], [ -91.372554, 40.4012 ], [ -91.372379, 40.405379 ], [ -91.37245, 40.411475 ], [ -91.37328, 40.416496 ], [ -91.375151, 40.421656 ], [ -91.377625, 40.426335 ], [ -91.379635, 40.431497 ], [ -91.380965, 40.435395 ], [ -91.381503, 40.438092 ], [ -91.381769, 40.442555 ], [ -91.381045, 40.44849 ], [ -91.379907, 40.45211 ], [ -91.378144, 40.456394 ], [ -91.373855, 40.464557 ], [ -91.371981, 40.467631 ], [ -91.369572, 40.47138 ], [ -91.36747, 40.476227 ], [ -91.366463, 40.478869 ], [ -91.364915, 40.484168 ], [ -91.36391, 40.490122 ], [ -91.363683, 40.494211 ], [ -91.363879, 40.498062 ], [ -91.364211, 40.500043 ], [ -91.366489, 40.506795 ], [ -91.367876, 40.510479 ], [ -91.369059, 40.512532 ], [ -91.375152, 40.519858 ], [ -91.381857, 40.528247 ], [ -91.384531, 40.530948 ], [ -91.388067, 40.533069 ], [ -91.394475, 40.534543 ], [ -91.400725, 40.536789 ], [ -91.404125, 40.539127 ], [ -91.406202, 40.542698 ], [ -91.406851, 40.547557 ], [ -91.406331, 40.551934 ], [ -91.405241, 40.554641 ], [ -91.401482, 40.559458 ], [ -91.385219, 40.570646 ], [ -91.381192, 40.573234 ], [ -91.379752, 40.57445 ], [ -91.374252, 40.58259 ], [ -91.369661, 40.588822 ], [ -91.359873, 40.601805 ], [ -91.354874, 40.605892 ], [ -91.348733, 40.609695 ], [ -91.34127, 40.612835 ], [ -91.339719, 40.613488 ], [ -91.310048, 40.625041 ], [ -91.306568, 40.626219 ], [ -91.303486, 40.626923 ], [ -91.297394, 40.627995 ], [ -91.297152, 40.628052 ], [ -91.28667, 40.6299 ], [ -91.276175, 40.63224 ], [ -91.268116, 40.633325 ], [ -91.264953, 40.633893 ], [ -91.262528, 40.634752 ], [ -91.258249, 40.636672 ], [ -91.256128, 40.637273 ] ] ] ] } },
{ "type": "Feature", "properties": { "id": 76, "NAME": "76", "TotalPop": 32767, "PopDevPct": 0.02705988, "DemPct": 0.44891641, "RepPct": 0.53334623, "WhitePct": 0.86140535, "MinorityPct": 0.13859465, "BlackPct": 0.07372056, "HispanicPct": 0.02747061, "PacificPct": 0.00139681, "AsianPct": 0.01447251, "NativePct": 0.01792574, "TotalVAP": 25773, "Margin": -0.08442982, "color": "#ff7171", "opacity": "0.5", "DemPct2": 0.47637939, "RepPct2": 0.4987793, "Margin2": -0.02239991, "Swing": -0.06202991, "R_Margin": 0.0438533968, "R_Margin2": 0.0550532769, "R_Swing": -0.0111998801000001, "Majority": "White" }, "geometry": { "type": "MultiPolygon", "coordinates": [ [ [ [ -91.096742, 40.812014 ], [ -91.096713, 40.812102 ], [ -91.095367, 40.815974 ], [ -91.093559, 40.819862 ], [ -91.092993, 40.821079 ], [ -91.090072, 40.824638 ], [ -91.081307, 40.8306 ], [ -91.078285, 40.832838 ], [ -91.071451, 40.838682 ], [ -91.067159, 40.841997 ], [ -91.062226, 40.844645 ], [ -91.058749, 40.846309 ], [ -91.05643, 40.848387 ], [ -91.052778, 40.854015 ], [ -91.050241, 40.858514 ], [ -91.047344, 40.864654 ], [ -91.044653, 40.868356 ], [ -91.041998, 40.871097 ], [ -91.039097, 40.873565 ], [ -91.036789, 40.875038 ], [ -91.032459, 40.876808 ], [ -91.027899, 40.87895 ], [ -91.023192, 40.882775 ], [ -91.021562, 40.884021 ], [ -91.020013, 40.885965 ], [ -91.01758, 40.88995 ], [ -91.01324, 40.896622 ], [ -91.011941, 40.898302 ], [ -91.009536, 40.900565 ], [ -91.005022, 40.904119 ], [ -91.001684, 40.906385 ], [ -90.9985, 40.90812 ], [ -90.995569, 40.909136 ], [ -90.992922, 40.909681 ], [ -90.985462, 40.912141 ], [ -90.97919, 40.915522 ], [ -90.968995, 40.919127 ], [ -90.965344, 40.921633 ], [ -90.962916, 40.924957 ], [ -90.961892, 40.928473 ], [ -90.961112, 40.933537 ], [ -90.959947, 40.937736 ], [ -90.957215, 40.943431 ], [ -90.953587, 40.950502 ], [ -90.952233, 40.954047 ], [ -90.951967, 40.958238 ], [ -90.952715, 40.962087 ], [ -90.955111, 40.969858 ], [ -90.958089, 40.976643 ], [ -90.958142, 40.979767 ], [ -90.95546, 40.986185 ], [ -90.955201, 40.986805 ], [ -90.951811, 40.991407 ], [ -90.949634, 40.995248 ], [ -90.948453, 41.000036 ], [ -90.945949, 41.006495 ], [ -90.945054, 41.011917 ], [ -90.945427, 41.015548 ], [ -90.945324, 41.019279 ], [ -90.943947, 41.025842 ], [ -90.942253, 41.034702 ], [ -90.94232, 41.038472 ], [ -90.943739, 41.043101 ], [ -90.94395, 41.045154 ], [ -90.943652, 41.048637 ], [ -90.944577, 41.052255 ], [ -90.945999, 41.056336 ], [ -90.945549, 41.06173 ], [ -90.946024, 41.063644 ], [ -90.947139, 41.065713 ], [ -90.949135, 41.07061 ], [ -90.949381, 41.07271 ], [ -90.953185, 41.072739 ], [ -90.971947, 41.072842 ], [ -90.973222, 41.072815 ], [ -90.996703, 41.072897 ], [ -91.021651, 41.073003 ], [ -91.035405, 41.072945 ], [ -91.04465, 41.073012 ], [ -91.055091, 41.073034 ], [ -91.073843, 41.073007 ], [ -91.077446, 41.073013 ], [ -91.102801, 41.073024 ], [ -91.102806, 41.065636 ], [ -91.102848, 41.058737 ], [ -91.102851, 41.051912 ], [ -91.1028, 41.045786 ], [ -91.102798, 41.03512 ], [ -91.102551, 41.026718 ], [ -91.102605, 41.022311 ], [ -91.102718, 41.015005 ], [ -91.102688, 41.000396 ], [ -91.102275, 40.985921 ], [ -91.110465, 40.985927 ], [ -91.118195, 40.98585 ], [ -91.126551, 40.985868 ], [ -91.127308, 40.98609 ], [ -91.131595, 40.985866 ], [ -91.137026, 40.985852 ], [ -91.141334, 40.985913 ], [ -91.152517, 40.986203 ], [ -91.15314, 40.985997 ], [ -91.169949, 40.986133 ], [ -91.199112, 40.986342 ], [ -91.199273, 40.986303 ], [ -91.227533, 40.986716 ], [ -91.237033, 40.986722 ], [ -91.246635, 40.986829 ], [ -91.256364, 40.986981 ], [ -91.256354, 40.972489 ], [ -91.256426, 40.964169 ], [ -91.256436, 40.956231 ], [ -91.256683, 40.93574 ], [ -91.256566, 40.932553 ], [ -91.256623, 40.921664 ], [ -91.256624, 40.909009 ], [ -91.256594, 40.90715 ], [ -91.256528, 40.89964 ], [ -91.256676, 40.892121 ], [ -91.256756, 40.888958 ], [ -91.25677, 40.881954 ], [ -91.256796, 40.875103 ], [ -91.256579, 40.870755 ], [ -91.256657, 40.862617 ], [ -91.256709, 40.856271 ], [ -91.256778, 40.852546 ], [ -91.256751, 40.841017 ], [ -91.256609, 40.834453 ], [ -91.261605, 40.834454 ], [ -91.266408, 40.834454 ], [ -91.266407, 40.832519 ], [ -91.266407, 40.832203 ], [ -91.266407, 40.831731 ], [ -91.266409, 40.829638 ], [ -91.266407, 40.827135 ], [ -91.268025, 40.827123 ], [ -91.271956, 40.827121 ], [ -91.271949, 40.825044 ], [ -91.270269, 40.825054 ], [ -91.270271, 40.82417 ], [ -91.269092, 40.824148 ], [ -91.269088, 40.82375 ], [ -91.270261, 40.82374 ], [ -91.270252, 40.822077 ], [ -91.258204, 40.822068 ], [ -91.258192, 40.822739 ], [ -91.256726, 40.823638 ], [ -91.256735, 40.822745 ], [ -91.256736, 40.82273 ], [ -91.256764, 40.819572 ], [ -91.256769, 40.818991 ], [ -91.256813, 40.812614 ], [ -91.254026, 40.812592 ], [ -91.230395, 40.812367 ], [ -91.227729, 40.812453 ], [ -91.224586, 40.812593 ], [ -91.223363, 40.812306 ], [ -91.217767, 40.812229 ], [ -91.214931, 40.812202 ], [ -91.208929, 40.812145 ], [ -91.179871, 40.811717 ], [ -91.180186, 40.80068 ], [ -91.18019, 40.797078 ], [ -91.17048, 40.796977 ], [ -91.170577, 40.791537 ], [ -91.165766, 40.791785 ], [ -91.16573, 40.7946 ], [ -91.166214, 40.796948 ], [ -91.165012, 40.796938 ], [ -91.16337, 40.796926 ], [ -91.162874, 40.796925 ], [ -91.160718, 40.796705 ], [ -91.160767, 40.794244 ], [ -91.155991, 40.794173 ], [ -91.15597, 40.793723 ], [ -91.15976, 40.792389 ], [ -91.159797, 40.785475 ], [ -91.156428, 40.785489 ], [ -91.150738, 40.785154 ], [ -91.150758, 40.783911 ], [ -91.149477, 40.783836 ], [ -91.149442, 40.785629 ], [ -91.147846, 40.785614 ], [ -91.147795, 40.784442 ], [ -91.14536, 40.78331 ], [ -91.14532, 40.783387 ], [ -91.145086, 40.78328 ], [ -91.144805, 40.781336 ], [ -91.141722, 40.78361 ], [ -91.141897, 40.77493 ], [ -91.13388, 40.774862 ], [ -91.126609, 40.774803 ], [ -91.12655, 40.767371 ], [ -91.125075, 40.76462 ], [ -91.126915, 40.763807 ], [ -91.122029, 40.763825 ], [ -91.122382, 40.765715 ], [ -91.121719, 40.765714 ], [ -91.121567, 40.767412 ], [ -91.120622, 40.767402 ], [ -91.120613, 40.767687 ], [ -91.121025, 40.767691 ], [ -91.121085, 40.772399 ], [ -91.120365, 40.773012 ], [ -91.120412, 40.774728 ], [ -91.118455, 40.774692 ], [ -91.118497, 40.774203 ], [ -91.118878, 40.772376 ], [ -91.113231, 40.772326 ], [ -91.113152, 40.774024 ], [ -91.112231, 40.774617 ], [ -91.111118, 40.774607 ], [ -91.111116, 40.774582 ], [ -91.111116, 40.774556 ], [ -91.111115, 40.77453 ], [ -91.111116, 40.774515 ], [ -91.111117, 40.774486 ], [ -91.111118, 40.774457 ], [ -91.111119, 40.774425 ], [ -91.111121, 40.774383 ], [ -91.111122, 40.774343 ], [ -91.111123, 40.774325 ], [ -91.111127, 40.774197 ], [ -91.111129, 40.774144 ], [ -91.111134, 40.774013 ], [ -91.11038, 40.774009 ], [ -91.110376, 40.774136 ], [ -91.110373, 40.774215 ], [ -91.110362, 40.774515 ], [ -91.110362, 40.774552 ], [ -91.110363, 40.774591 ], [ -91.110363, 40.774601 ], [ -91.108785, 40.774597 ], [ -91.109814, 40.770197 ], [ -91.103648, 40.770154 ], [ -91.103618, 40.773917 ], [ -91.106106, 40.773965 ], [ -91.106122, 40.773484 ], [ -91.108038, 40.7735 ], [ -91.108035, 40.774591 ], [ -91.100463, 40.774483 ], [ -91.097608, 40.774392 ], [ -91.096675, 40.774367 ], [ -91.093426, 40.774306 ], [ -91.092476, 40.776838 ], [ -91.091628, 40.780275 ], [ -91.091262, 40.78306 ], [ -91.091246, 40.786724 ], [ -91.091607, 40.789789 ], [ -91.092256, 40.792909 ], [ -91.09462, 40.797627 ], [ -91.097031, 40.802471 ], [ -91.097319, 40.804127 ], [ -91.097649, 40.805575 ], [ -91.097553, 40.808433 ], [ -91.096742, 40.812014 ] ] ] ] } },
{ "type": "Feature", "properties": { "id": 77, "NAME": "77", "TotalPop": 33073, "PopDevPct": 0.03665125, "DemPct": 0.72009411, "RepPct": 0.25837003, "WhitePct": 0.70722257, "MinorityPct": 0.29277743, "BlackPct": 0.11531308, "HispanicPct": 0.06432114, "PacificPct": 0.00077495, "AsianPct": 0.09586175, "NativePct": 0.0125155, "TotalVAP": 25808, "Margin": 0.46172408, "color": "#00008b", "opacity": "0.5", "DemPct2": 0.74536227, "RepPct2": 0.23346167, "Margin2": 0.5119006, "Swing": -0.05017652, "R_Margin": 0.5900072968000001, "R_Margin2": 0.58935378689999984, "R_Swing": 0.00065350990000011266, "Majority": "White" }, "geometry": { "type": "MultiPolygon", "coordinates": [ [ [ [ -91.550167, 41.655082 ], [ -91.552664, 41.656899 ], [ -91.557765, 41.660577 ], [ -91.55749, 41.660573 ], [ -91.559382, 41.661939 ], [ -91.563962, 41.664881 ], [ -91.568602, 41.66727 ], [ -91.568692, 41.667152 ], [ -91.578329, 41.672145 ], [ -91.578417, 41.670274 ], [ -91.583108, 41.672679 ], [ -91.582269, 41.674164 ], [ -91.587377, 41.676826 ], [ -91.589839, 41.678116 ], [ -91.591344, 41.675179 ], [ -91.592049, 41.673809 ], [ -91.598595, 41.673759 ], [ -91.598636, 41.671976 ], [ -91.599857, 41.671588 ], [ -91.599915, 41.670211 ], [ -91.598737, 41.670084 ], [ -91.598823, 41.669213 ], [ -91.602494, 41.669332 ], [ -91.603562, 41.669281 ], [ -91.6036, 41.669284 ], [ -91.603692, 41.66928 ], [ -91.606713, 41.670145 ], [ -91.608384, 41.670309 ], [ -91.609185, 41.670312 ], [ -91.61039, 41.670316 ], [ -91.615279, 41.670335 ], [ -91.616841, 41.671459 ], [ -91.617732, 41.671501 ], [ -91.61823, 41.671525 ], [ -91.622845, 41.671548 ], [ -91.6251, 41.671648 ], [ -91.637399, 41.671724 ], [ -91.647158, 41.671914 ], [ -91.656903, 41.671976 ], [ -91.661498, 41.672128 ], [ -91.676255, 41.672298 ], [ -91.686073, 41.672427 ], [ -91.690804, 41.672567 ], [ -91.697682, 41.67264 ], [ -91.716412, 41.672434 ], [ -91.716362, 41.687511 ], [ -91.735698, 41.687498 ], [ -91.755086, 41.687466 ], [ -91.769391, 41.687479 ], [ -91.779156, 41.687508 ], [ -91.781371, 41.687611 ], [ -91.79024, 41.687707 ], [ -91.793028, 41.687532 ], [ -91.803965, 41.687124 ], [ -91.805995, 41.687053 ], [ -91.80729, 41.687208 ], [ -91.823811, 41.686899 ], [ -91.828074, 41.686817 ], [ -91.834185, 41.686702 ], [ -91.834002, 41.679993 ], [ -91.833929, 41.676507 ], [ -91.833821, 41.672782 ], [ -91.833686, 41.665443 ], [ -91.833404, 41.658257 ], [ -91.833387, 41.651164 ], [ -91.833139, 41.643952 ], [ -91.833051, 41.629476 ], [ -91.83297, 41.622269 ], [ -91.832971, 41.612849 ], [ -91.832949, 41.607722 ], [ -91.833214, 41.606061 ], [ -91.833133, 41.602736 ], [ -91.833078, 41.600414 ], [ -91.832725, 41.600416 ], [ -91.82706, 41.600452 ], [ -91.827389, 41.58395 ], [ -91.827378, 41.582132 ], [ -91.827644, 41.573151 ], [ -91.827749, 41.569508 ], [ -91.827843, 41.565925 ], [ -91.827846, 41.565824 ], [ -91.827941, 41.562225 ], [ -91.828049, 41.558607 ], [ -91.828161, 41.555008 ], [ -91.828568, 41.542699 ], [ -91.828651, 41.54052 ], [ -91.828964, 41.526005 ], [ -91.829231, 41.511457 ], [ -91.814946, 41.511506 ], [ -91.805671, 41.511544 ], [ -91.790981, 41.511709 ], [ -91.778764, 41.51172 ], [ -91.771823, 41.511706 ], [ -91.771437, 41.511704 ], [ -91.767056, 41.511687 ], [ -91.752584, 41.511595 ], [ -91.752368, 41.511593 ], [ -91.733248, 41.511448 ], [ -91.733051, 41.511445 ], [ -91.723571, 41.511387 ], [ -91.713786, 41.511317 ], [ -91.705086, 41.511212 ], [ -91.704621, 41.5112 ], [ -91.695501, 41.511118 ], [ -91.694985, 41.511114 ], [ -91.684141, 41.511102 ], [ -91.656868, 41.510834 ], [ -91.645908, 41.51077 ], [ -91.63752, 41.510719 ], [ -91.633132, 41.510695 ], [ -91.618176, 41.510817 ], [ -91.608665, 41.510873 ], [ -91.598829, 41.510891 ], [ -91.580012, 41.510926 ], [ -91.560756, 41.510962 ], [ -91.551375, 41.51098 ], [ -91.55105, 41.510981 ], [ -91.550411, 41.510982 ], [ -91.545433, 41.510992 ], [ -91.541467, 41.510999 ], [ -91.535722, 41.51101 ], [ -91.520257, 41.511017 ], [ -91.519828, 41.51101 ], [ -91.519635, 41.511719 ], [ -91.519933, 41.512139 ], [ -91.520651, 41.512542 ], [ -91.521421, 41.512612 ], [ -91.524193, 41.512574 ], [ -91.525938, 41.512748 ], [ -91.527981, 41.513415 ], [ -91.528535, 41.514239 ], [ -91.528991, 41.515152 ], [ -91.52903, 41.515959 ], [ -91.528449, 41.516522 ], [ -91.52757, 41.516713 ], [ -91.525664, 41.516611 ], [ -91.524208, 41.516309 ], [ -91.522572, 41.515554 ], [ -91.520783, 41.515751 ], [ -91.519646, 41.516151 ], [ -91.519321, 41.516932 ], [ -91.519511, 41.51732 ], [ -91.520164, 41.517556 ], [ -91.522913, 41.518362 ], [ -91.523136, 41.518693 ], [ -91.523065, 41.520394 ], [ -91.522714, 41.522176 ], [ -91.522946, 41.522935 ], [ -91.523982, 41.523518 ], [ -91.525779, 41.524063 ], [ -91.526655, 41.52455 ], [ -91.527295, 41.525245 ], [ -91.527944, 41.526118 ], [ -91.528638, 41.526555 ], [ -91.529441, 41.526654 ], [ -91.529849, 41.526566 ], [ -91.531429, 41.525369 ], [ -91.532126, 41.525346 ], [ -91.533067, 41.525663 ], [ -91.533974, 41.526376 ], [ -91.534248, 41.527304 ], [ -91.533953, 41.528626 ], [ -91.533651, 41.529077 ], [ -91.532116, 41.529677 ], [ -91.528848, 41.529967 ], [ -91.527903, 41.530457 ], [ -91.527257, 41.530987 ], [ -91.52688, 41.531567 ], [ -91.526673, 41.532187 ], [ -91.526947, 41.533188 ], [ -91.527884, 41.534489 ], [ -91.528888, 41.535129 ], [ -91.531294, 41.536071 ], [ -91.531731, 41.536741 ], [ -91.531835, 41.537371 ], [ -91.531715, 41.537846 ], [ -91.531283, 41.538482 ], [ -91.530724, 41.538908 ], [ -91.53007, 41.539148 ], [ -91.529362, 41.539171 ], [ -91.526795, 41.538349 ], [ -91.525873, 41.53829 ], [ -91.525327, 41.538377 ], [ -91.524318, 41.538762 ], [ -91.522984, 41.539758 ], [ -91.519263, 41.540442 ], [ -91.517869, 41.542954 ], [ -91.515707, 41.544577 ], [ -91.515183, 41.548826 ], [ -91.515925, 41.548732 ], [ -91.517875, 41.546697 ], [ -91.520372, 41.546149 ], [ -91.521467, 41.54782 ], [ -91.520705, 41.549901 ], [ -91.522285, 41.551532 ], [ -91.525444, 41.552987 ], [ -91.527457, 41.554343 ], [ -91.529336, 41.556622 ], [ -91.529697, 41.55929 ], [ -91.528698, 41.560297 ], [ -91.527612, 41.560471 ], [ -91.526333, 41.559418 ], [ -91.52542, 41.559453 ], [ -91.52512, 41.559609 ], [ -91.525314, 41.559911 ], [ -91.525354, 41.560436 ], [ -91.525058, 41.561028 ], [ -91.524237, 41.561889 ], [ -91.524089, 41.562334 ], [ -91.524188, 41.562798 ], [ -91.524611, 41.563496 ], [ -91.525287, 41.564262 ], [ -91.52672, 41.565066 ], [ -91.528215, 41.565635 ], [ -91.528936, 41.566189 ], [ -91.528993, 41.56656 ], [ -91.528344, 41.567284 ], [ -91.527055, 41.567519 ], [ -91.525801, 41.568081 ], [ -91.524945, 41.568667 ], [ -91.524206, 41.569605 ], [ -91.524007, 41.570156 ], [ -91.523972, 41.570883 ], [ -91.524077, 41.571622 ], [ -91.524534, 41.572519 ], [ -91.525003, 41.573239 ], [ -91.525941, 41.574002 ], [ -91.526422, 41.574072 ], [ -91.528262, 41.57474 ], [ -91.528931, 41.575104 ], [ -91.529915, 41.575912 ], [ -91.530361, 41.576522 ], [ -91.530408, 41.57705 ], [ -91.530074, 41.57762 ], [ -91.528919, 41.578257 ], [ -91.528133, 41.578808 ], [ -91.527548, 41.579555 ], [ -91.527383, 41.580227 ], [ -91.527489, 41.580684 ], [ -91.527782, 41.580965 ], [ -91.528989, 41.581739 ], [ -91.530115, 41.582606 ], [ -91.53056, 41.583099 ], [ -91.530806, 41.583873 ], [ -91.530724, 41.585068 ], [ -91.53056, 41.585772 ], [ -91.529869, 41.586768 ], [ -91.529013, 41.58712 ], [ -91.528485, 41.58705 ], [ -91.526551, 41.586112 ], [ -91.52539, 41.58576 ], [ -91.524722, 41.585737 ], [ -91.523808, 41.585866 ], [ -91.522729, 41.586358 ], [ -91.52219, 41.586792 ], [ -91.522002, 41.587741 ], [ -91.522143, 41.588339 ], [ -91.522471, 41.588937 ], [ -91.523104, 41.589769 ], [ -91.524394, 41.590871 ], [ -91.525132, 41.591258 ], [ -91.526809, 41.591528 ], [ -91.52811, 41.591868 ], [ -91.528696, 41.592196 ], [ -91.529364, 41.592958 ], [ -91.529505, 41.593556 ], [ -91.529083, 41.594154 ], [ -91.528075, 41.595162 ], [ -91.527747, 41.59569 ], [ -91.527896, 41.596946 ], [ -91.527803, 41.597491 ], [ -91.526824, 41.598553 ], [ -91.525692, 41.598573 ], [ -91.51471, 41.598515 ], [ -91.506018, 41.598572 ], [ -91.507029, 41.60416 ], [ -91.507033, 41.605872 ], [ -91.511917, 41.605857 ], [ -91.511899, 41.620467 ], [ -91.507449, 41.62046 ], [ -91.502214, 41.62051 ], [ -91.502168, 41.627714 ], [ -91.502325, 41.627714 ], [ -91.50703, 41.627728 ], [ -91.511814, 41.627736 ], [ -91.511806, 41.628211 ], [ -91.511791, 41.629069 ], [ -91.511777, 41.629904 ], [ -91.511759, 41.630988 ], [ -91.511715, 41.633474 ], [ -91.511692, 41.635382 ], [ -91.514191, 41.635364 ], [ -91.515173, 41.635353 ], [ -91.51615, 41.635353 ], [ -91.51716, 41.635346 ], [ -91.51834, 41.635338 ], [ -91.518344, 41.636985 ], [ -91.518286, 41.639777 ], [ -91.518016, 41.640633 ], [ -91.517795, 41.64128 ], [ -91.517648, 41.641253 ], [ -91.517173, 41.641182 ], [ -91.516607, 41.641122 ], [ -91.516339, 41.641101 ], [ -91.516035, 41.641083 ], [ -91.515604, 41.641071 ], [ -91.514796, 41.641066 ], [ -91.51444, 41.641071 ], [ -91.512561, 41.641073 ], [ -91.511624, 41.641069 ], [ -91.511618, 41.641221 ], [ -91.5116, 41.643991 ], [ -91.511583, 41.645789 ], [ -91.511569, 41.646086 ], [ -91.512283, 41.646674 ], [ -91.512802, 41.647088 ], [ -91.513392, 41.647575 ], [ -91.513569, 41.647722 ], [ -91.513519, 41.648564 ], [ -91.513472, 41.649338 ], [ -91.511524, 41.648557 ], [ -91.503439, 41.645313 ], [ -91.50344, 41.646301 ], [ -91.504878, 41.646843 ], [ -91.504881, 41.647386 ], [ -91.506329, 41.647384 ], [ -91.507772, 41.647929 ], [ -91.507773, 41.648472 ], [ -91.507775, 41.649541 ], [ -91.507769, 41.65062 ], [ -91.50633, 41.650617 ], [ -91.50633, 41.650847 ], [ -91.507787, 41.65184 ], [ -91.510024, 41.653366 ], [ -91.510949, 41.653994 ], [ -91.511601, 41.65444 ], [ -91.512824, 41.65531 ], [ -91.514128, 41.656219 ], [ -91.51486, 41.656735 ], [ -91.516407, 41.657803 ], [ -91.521187, 41.657781 ], [ -91.522878, 41.657794 ], [ -91.522926, 41.654093 ], [ -91.524316, 41.654101 ], [ -91.524177, 41.651889 ], [ -91.525934, 41.652234 ], [ -91.527338, 41.65251 ], [ -91.530763, 41.653165 ], [ -91.531212, 41.652251 ], [ -91.531284, 41.652064 ], [ -91.531659, 41.651098 ], [ -91.531991, 41.649446 ], [ -91.531999, 41.648437 ], [ -91.532006, 41.647445 ], [ -91.532061, 41.645856 ], [ -91.532146, 41.645548 ], [ -91.534701, 41.646168 ], [ -91.536175, 41.646547 ], [ -91.536518, 41.646635 ], [ -91.536817, 41.646711 ], [ -91.538554, 41.647161 ], [ -91.540136, 41.647556 ], [ -91.542321, 41.647557 ], [ -91.545412, 41.647506 ], [ -91.546521, 41.647485 ], [ -91.546669, 41.650362 ], [ -91.546453, 41.650365 ], [ -91.546496, 41.652847 ], [ -91.546588, 41.652888 ], [ -91.550167, 41.655082 ] ] ] ] } },
{ "type": "Feature", "properties": { "id": 78, "NAME": "78", "TotalPop": 33512, "PopDevPct": 0.05041141, "DemPct": 0.74206998, "RepPct": 0.23845464, "WhitePct": 0.7940207, "MinorityPct": 0.2059793, "BlackPct": 0.04397126, "HispanicPct": 0.06068297, "PacificPct": 0.00154921, "AsianPct": 0.0824049, "NativePct": 0.01084449, "TotalVAP": 30338, "Margin": 0.50361534, "color": "#00008b", "opacity": "0.5", "DemPct2": 0.79544654, "RepPct2": 0.18436803, "Margin2": 0.61107851, "Swing": -0.10746317, "R_Margin": 0.6318985568000001, "R_Margin2": 0.6885316969, "R_Swing": -0.0566331401, "Majority": "White" }, "geometry": { "type": "MultiPolygon", "coordinates": [ [ [ [ -91.524316, 41.654101 ], [ -91.522926, 41.654093 ], [ -91.522878, 41.657794 ], [ -91.521187, 41.657781 ], [ -91.516407, 41.657803 ], [ -91.51486, 41.656735 ], [ -91.514128, 41.656219 ], [ -91.512824, 41.65531 ], [ -91.511601, 41.65444 ], [ -91.510949, 41.653994 ], [ -91.510024, 41.653366 ], [ -91.507787, 41.65184 ], [ -91.507773, 41.652776 ], [ -91.507783, 41.653307 ], [ -91.50777, 41.654109 ], [ -91.507352, 41.653989 ], [ -91.506327, 41.653863 ], [ -91.504892, 41.653865 ], [ -91.50345, 41.653865 ], [ -91.501992, 41.653875 ], [ -91.501997, 41.655087 ], [ -91.501994, 41.656788 ], [ -91.500114, 41.65681 ], [ -91.49911, 41.65682 ], [ -91.498015, 41.656831 ], [ -91.497219, 41.656839 ], [ -91.496894, 41.656842 ], [ -91.495425, 41.656857 ], [ -91.492937, 41.656883 ], [ -91.491873, 41.65689 ], [ -91.491102, 41.6569 ], [ -91.488244, 41.656952 ], [ -91.485837, 41.656982 ], [ -91.484675, 41.656996 ], [ -91.484582, 41.660102 ], [ -91.483873, 41.660102 ], [ -91.483117, 41.660105 ], [ -91.481982, 41.660266 ], [ -91.482771, 41.661796 ], [ -91.482947, 41.664698 ], [ -91.482947, 41.665058 ], [ -91.482941, 41.667026 ], [ -91.482973, 41.667246 ], [ -91.483551, 41.668741 ], [ -91.483038, 41.668878 ], [ -91.481828, 41.669107 ], [ -91.481756, 41.68082 ], [ -91.481633, 41.684811 ], [ -91.481625, 41.685036 ], [ -91.481612, 41.685529 ], [ -91.481829, 41.69235 ], [ -91.48183, 41.692586 ], [ -91.482372, 41.692987 ], [ -91.495393, 41.69297 ], [ -91.49267, 41.695586 ], [ -91.492737, 41.696619 ], [ -91.502398, 41.696608 ], [ -91.502386, 41.695852 ], [ -91.503875, 41.695856 ], [ -91.505916, 41.695863 ], [ -91.511563, 41.695913 ], [ -91.511508, 41.693342 ], [ -91.512022, 41.692168 ], [ -91.511926, 41.687143 ], [ -91.521571, 41.687367 ], [ -91.524496, 41.68744 ], [ -91.531692, 41.687602 ], [ -91.534101, 41.687515 ], [ -91.539783, 41.686772 ], [ -91.540079, 41.686729 ], [ -91.545696, 41.685952 ], [ -91.54564, 41.687705 ], [ -91.543976, 41.688928 ], [ -91.545566, 41.690208 ], [ -91.546652, 41.691121 ], [ -91.547204, 41.693298 ], [ -91.547426, 41.693675 ], [ -91.547407, 41.693768 ], [ -91.547356, 41.694023 ], [ -91.549132, 41.694411 ], [ -91.549631, 41.694562 ], [ -91.550663, 41.694889 ], [ -91.550924, 41.694987 ], [ -91.551125, 41.695062 ], [ -91.551482, 41.69517 ], [ -91.551855, 41.695282 ], [ -91.552489, 41.695443 ], [ -91.553153, 41.695596 ], [ -91.553309, 41.695632 ], [ -91.55372, 41.695726 ], [ -91.554784, 41.695718 ], [ -91.555161, 41.695607 ], [ -91.555538, 41.695495 ], [ -91.556177, 41.695203 ], [ -91.556741, 41.694913 ], [ -91.557371, 41.694452 ], [ -91.557979, 41.693802 ], [ -91.558435, 41.692739 ], [ -91.558493, 41.691771 ], [ -91.558453, 41.69099 ], [ -91.558424, 41.690593 ], [ -91.558085, 41.688704 ], [ -91.557775, 41.687364 ], [ -91.557737, 41.68721 ], [ -91.557484, 41.686184 ], [ -91.55745, 41.686039 ], [ -91.557359, 41.685677 ], [ -91.5573, 41.685479 ], [ -91.555281, 41.680919 ], [ -91.555626, 41.679936 ], [ -91.558654, 41.678778 ], [ -91.562514, 41.677014 ], [ -91.564341, 41.675644 ], [ -91.564499, 41.674165 ], [ -91.563101, 41.672392 ], [ -91.56257, 41.670017 ], [ -91.561646, 41.669098 ], [ -91.559316, 41.66803 ], [ -91.559331, 41.66764 ], [ -91.559344, 41.667214 ], [ -91.559369, 41.666425 ], [ -91.565788, 41.669053 ], [ -91.567934, 41.667724 ], [ -91.568602, 41.66727 ], [ -91.563962, 41.664881 ], [ -91.559382, 41.661939 ], [ -91.55749, 41.660573 ], [ -91.557765, 41.660577 ], [ -91.552664, 41.656899 ], [ -91.550167, 41.655082 ], [ -91.546588, 41.652888 ], [ -91.546496, 41.652847 ], [ -91.546453, 41.650365 ], [ -91.546669, 41.650362 ], [ -91.546521, 41.647485 ], [ -91.545412, 41.647506 ], [ -91.542321, 41.647557 ], [ -91.540136, 41.647556 ], [ -91.538554, 41.647161 ], [ -91.536817, 41.646711 ], [ -91.536518, 41.646635 ], [ -91.536175, 41.646547 ], [ -91.534701, 41.646168 ], [ -91.532146, 41.645548 ], [ -91.532061, 41.645856 ], [ -91.532006, 41.647445 ], [ -91.531999, 41.648437 ], [ -91.531991, 41.649446 ], [ -91.531659, 41.651098 ], [ -91.531284, 41.652064 ], [ -91.531212, 41.652251 ], [ -91.530763, 41.653165 ], [ -91.527338, 41.65251 ], [ -91.525934, 41.652234 ], [ -91.524177, 41.651889 ], [ -91.524316, 41.654101 ] ] ] ] } },
{ "type": "Feature", "properties": { "id": 79, "NAME": "79", "TotalPop": 32146, "PopDevPct": 0.00759505, "DemPct": 0.58727318, "RepPct": 0.3936863, "WhitePct": 0.85394748, "MinorityPct": 0.14605252, "BlackPct": 0.05226242, "HispanicPct": 0.04225473, "PacificPct": 0.00145411, "AsianPct": 0.03083569, "NativePct": 0.01338637, "TotalVAP": 23382, "Margin": 0.19358688, "color": "#2020ff", "opacity": "0.5", "DemPct2": 0.60376138, "RepPct2": 0.3733901, "Margin2": 0.23037128, "Swing": -0.0367844, "R_Margin": 0.3218700968, "R_Margin2": 0.3078244669, "R_Swing": 0.0140456299, "Majority": "White" }, "geometry": { "type": "MultiPolygon", "coordinates": [ [ [ [ -91.617128, 41.771956 ], [ -91.617085, 41.786574 ], [ -91.61708, 41.788325 ], [ -91.611157, 41.784558 ], [ -91.610061, 41.784365 ], [ -91.604754, 41.784922 ], [ -91.603334, 41.78567 ], [ -91.602065, 41.788144 ], [ -91.602457, 41.791267 ], [ -91.603551, 41.793364 ], [ -91.606312, 41.796657 ], [ -91.60848, 41.79993 ], [ -91.608869, 41.801553 ], [ -91.607697, 41.803988 ], [ -91.604284, 41.806414 ], [ -91.600398, 41.807828 ], [ -91.597753, 41.808238 ], [ -91.597705, 41.810587 ], [ -91.597621, 41.814845 ], [ -91.597703, 41.822087 ], [ -91.597746, 41.827485 ], [ -91.597609, 41.840866 ], [ -91.597762, 41.843879 ], [ -91.597756, 41.847433 ], [ -91.597895, 41.860726 ], [ -91.617191, 41.860984 ], [ -91.636318, 41.861221 ], [ -91.646345, 41.861308 ], [ -91.656074, 41.861415 ], [ -91.665836, 41.86153 ], [ -91.668763, 41.861581 ], [ -91.669078, 41.861579 ], [ -91.669465, 41.861585 ], [ -91.675417, 41.86169 ], [ -91.676719, 41.861705 ], [ -91.694751, 41.861906 ], [ -91.695256, 41.861907 ], [ -91.699908, 41.861935 ], [ -91.714518, 41.862035 ], [ -91.719721, 41.862017 ], [ -91.733978, 41.861985 ], [ -91.743755, 41.861979 ], [ -91.763311, 41.861933 ], [ -91.784337, 41.861914 ], [ -91.792403, 41.861903 ], [ -91.816813, 41.86187 ], [ -91.827109, 41.861853 ], [ -91.831379, 41.861851 ], [ -91.831184, 41.847308 ], [ -91.831056, 41.832739 ], [ -91.831272, 41.82936 ], [ -91.831243, 41.825491 ], [ -91.831212, 41.821133 ], [ -91.831183, 41.81635 ], [ -91.831008, 41.811006 ], [ -91.83079, 41.803803 ], [ -91.831506, 41.790312 ], [ -91.831589, 41.784548 ], [ -91.831812, 41.774341 ], [ -91.831818, 41.774059 ], [ -91.832072, 41.762472 ], [ -91.831898, 41.759636 ], [ -91.832033, 41.757425 ], [ -91.832187, 41.75425 ], [ -91.83224, 41.753364 ], [ -91.832545, 41.745014 ], [ -91.832617, 41.741362 ], [ -91.833091, 41.730379 ], [ -91.833457, 41.721182 ], [ -91.833618, 41.715823 ], [ -91.833666, 41.710074 ], [ -91.83376, 41.701229 ], [ -91.833948, 41.693956 ], [ -91.83415, 41.687388 ], [ -91.834156, 41.687184 ], [ -91.834185, 41.686702 ], [ -91.828074, 41.686817 ], [ -91.823811, 41.686899 ], [ -91.80729, 41.687208 ], [ -91.805995, 41.687053 ], [ -91.803965, 41.687124 ], [ -91.793028, 41.687532 ], [ -91.79024, 41.687707 ], [ -91.781371, 41.687611 ], [ -91.779156, 41.687508 ], [ -91.769391, 41.687479 ], [ -91.755086, 41.687466 ], [ -91.735698, 41.687498 ], [ -91.716362, 41.687511 ], [ -91.716412, 41.672434 ], [ -91.697682, 41.67264 ], [ -91.690804, 41.672567 ], [ -91.686073, 41.672427 ], [ -91.676255, 41.672298 ], [ -91.661498, 41.672128 ], [ -91.656903, 41.671976 ], [ -91.647158, 41.671914 ], [ -91.637399, 41.671724 ], [ -91.6251, 41.671648 ], [ -91.622845, 41.671548 ], [ -91.61823, 41.671525 ], [ -91.617732, 41.671501 ], [ -91.616841, 41.671459 ], [ -91.61707, 41.671634 ], [ -91.617871, 41.673426 ], [ -91.613013, 41.674434 ], [ -91.613001, 41.675253 ], [ -91.609326, 41.675235 ], [ -91.609313, 41.682465 ], [ -91.610087, 41.682482 ], [ -91.617784, 41.682563 ], [ -91.617888, 41.687205 ], [ -91.617896, 41.688876 ], [ -91.617875, 41.690515 ], [ -91.620594, 41.690475 ], [ -91.627707, 41.691366 ], [ -91.627684, 41.687 ], [ -91.634014, 41.687014 ], [ -91.634337, 41.686987 ], [ -91.638372, 41.694269 ], [ -91.638471, 41.694448 ], [ -91.639895, 41.697035 ], [ -91.641541, 41.700007 ], [ -91.642209, 41.702148 ], [ -91.642262, 41.703656 ], [ -91.642261, 41.70544 ], [ -91.642227, 41.719718 ], [ -91.646907, 41.719764 ], [ -91.646937, 41.723393 ], [ -91.646745, 41.72361 ], [ -91.642237, 41.723567 ], [ -91.641926, 41.723577 ], [ -91.637116, 41.723406 ], [ -91.63468, 41.723265 ], [ -91.634714, 41.719646 ], [ -91.625988, 41.719568 ], [ -91.617528, 41.719557 ], [ -91.607884, 41.719427 ], [ -91.607813, 41.723051 ], [ -91.606366, 41.723032 ], [ -91.605818, 41.723025 ], [ -91.603976, 41.722995 ], [ -91.603094, 41.722981 ], [ -91.601381, 41.722961 ], [ -91.5982, 41.722919 ], [ -91.594985, 41.722886 ], [ -91.592815, 41.722881 ], [ -91.59112, 41.722874 ], [ -91.589953, 41.72287 ], [ -91.589724, 41.722871 ], [ -91.585715, 41.722893 ], [ -91.58583, 41.725047 ], [ -91.587581, 41.725053 ], [ -91.587604, 41.726503 ], [ -91.589742, 41.726515 ], [ -91.593325, 41.726534 ], [ -91.593265, 41.729728 ], [ -91.593259, 41.730185 ], [ -91.598051, 41.730209 ], [ -91.598024, 41.733869 ], [ -91.590069, 41.733807 ], [ -91.580476, 41.733709 ], [ -91.580324, 41.73422 ], [ -91.580525, 41.734388 ], [ -91.580535, 41.73489 ], [ -91.57682, 41.734847 ], [ -91.576834, 41.733641 ], [ -91.57574, 41.733628 ], [ -91.575746, 41.732936 ], [ -91.572759, 41.732892 ], [ -91.572757, 41.733597 ], [ -91.571105, 41.73358 ], [ -91.571105, 41.733881 ], [ -91.566101, 41.733835 ], [ -91.566193, 41.738989 ], [ -91.571003, 41.739088 ], [ -91.571064, 41.742304 ], [ -91.575666, 41.742339 ], [ -91.575869, 41.749599 ], [ -91.576016, 41.749949 ], [ -91.577629, 41.751504 ], [ -91.578947, 41.751908 ], [ -91.585278, 41.751979 ], [ -91.589324, 41.752015 ], [ -91.590424, 41.75202 ], [ -91.590405, 41.754273 ], [ -91.590396, 41.755195 ], [ -91.590543, 41.759274 ], [ -91.595806, 41.759176 ], [ -91.595773, 41.760876 ], [ -91.593827, 41.76084 ], [ -91.593801, 41.762017 ], [ -91.592181, 41.761994 ], [ -91.592103, 41.766569 ], [ -91.587163, 41.766532 ], [ -91.586846, 41.769587 ], [ -91.588256, 41.770133 ], [ -91.597803, 41.770242 ], [ -91.597769, 41.767064 ], [ -91.600217, 41.767095 ], [ -91.600227, 41.766631 ], [ -91.607723, 41.766801 ], [ -91.607314, 41.76958 ], [ -91.608096, 41.770377 ], [ -91.611507, 41.77044 ], [ -91.611506, 41.7719 ], [ -91.614795, 41.771932 ], [ -91.617128, 41.771956 ] ] ] ] } },
{ "type": "Feature", "properties": { "id": 80, "NAME": "80", "TotalPop": 33316, "PopDevPct": 0.04426792, "DemPct": 0.6544898, "RepPct": 0.32637755, "WhitePct": 0.77715334, "MinorityPct": 0.22284666, "BlackPct": 0.09068318, "HispanicPct": 0.04679436, "PacificPct": 0.00118515, "AsianPct": 0.07103261, "NativePct": 0.01104867, "TotalVAP": 26157, "Margin": 0.32811225, "color": "#00008b", "opacity": "0.5", "DemPct2": 0.67663493, "RepPct2": 0.30411838, "Margin2": 0.37251655, "Swing": -0.0444043, "R_Margin": 0.4563954668, "R_Margin2": 0.4499697369, "R_Swing": 0.0064257299000001, "Majority": "White" }, "geometry": { "type": "MultiPolygon", "coordinates": [ [ [ [ -91.557359, 41.685677 ], [ -91.55745, 41.686039 ], [ -91.557484, 41.686184 ], [ -91.557737, 41.68721 ], [ -91.557775, 41.687364 ], [ -91.558085, 41.688704 ], [ -91.558424, 41.690593 ], [ -91.558453, 41.69099 ], [ -91.558493, 41.691771 ], [ -91.558435, 41.692739 ], [ -91.557979, 41.693802 ], [ -91.557371, 41.694452 ], [ -91.556741, 41.694913 ], [ -91.556177, 41.695203 ], [ -91.555538, 41.695495 ], [ -91.555161, 41.695607 ], [ -91.554784, 41.695718 ], [ -91.55372, 41.695726 ], [ -91.553309, 41.695632 ], [ -91.553153, 41.695596 ], [ -91.552489, 41.695443 ], [ -91.551855, 41.695282 ], [ -91.551482, 41.69517 ], [ -91.551125, 41.695062 ], [ -91.550924, 41.694987 ], [ -91.550663, 41.694889 ], [ -91.549631, 41.694562 ], [ -91.549132, 41.694411 ], [ -91.547356, 41.694023 ], [ -91.547407, 41.693768 ], [ -91.547426, 41.693675 ], [ -91.547204, 41.693298 ], [ -91.546652, 41.691121 ], [ -91.545566, 41.690208 ], [ -91.543976, 41.688928 ], [ -91.54564, 41.687705 ], [ -91.545696, 41.685952 ], [ -91.540079, 41.686729 ], [ -91.539783, 41.686772 ], [ -91.534101, 41.687515 ], [ -91.531692, 41.687602 ], [ -91.524496, 41.68744 ], [ -91.521571, 41.687367 ], [ -91.511926, 41.687143 ], [ -91.512022, 41.692168 ], [ -91.511508, 41.693342 ], [ -91.511563, 41.695913 ], [ -91.505916, 41.695863 ], [ -91.503875, 41.695856 ], [ -91.502386, 41.695852 ], [ -91.502398, 41.696608 ], [ -91.492737, 41.696619 ], [ -91.49267, 41.695586 ], [ -91.495393, 41.69297 ], [ -91.482372, 41.692987 ], [ -91.48183, 41.692586 ], [ -91.481829, 41.69235 ], [ -91.481612, 41.685529 ], [ -91.477662, 41.685736 ], [ -91.463208, 41.685512 ], [ -91.44384, 41.685548 ], [ -91.428398, 41.685537 ], [ -91.424445, 41.685581 ], [ -91.405868, 41.685579 ], [ -91.391205, 41.685651 ], [ -91.38572, 41.685581 ], [ -91.38077, 41.685538 ], [ -91.366352, 41.685469 ], [ -91.366072, 41.685579 ], [ -91.366221, 41.685886 ], [ -91.36616, 41.707347 ], [ -91.366066, 41.728072 ], [ -91.366067, 41.729196 ], [ -91.365971, 41.743742 ], [ -91.365899, 41.758502 ], [ -91.365925, 41.768958 ], [ -91.365989, 41.772922 ], [ -91.366019, 41.783714 ], [ -91.366023, 41.790949 ], [ -91.366023, 41.803366 ], [ -91.366045, 41.816539 ], [ -91.366048, 41.81796 ], [ -91.366046, 41.818502 ], [ -91.366036, 41.819945 ], [ -91.366021, 41.824057 ], [ -91.36615, 41.827423 ], [ -91.366125, 41.838247 ], [ -91.366079, 41.860068 ], [ -91.366221, 41.860069 ], [ -91.371115, 41.860044 ], [ -91.376657, 41.860016 ], [ -91.385705, 41.859953 ], [ -91.405131, 41.859748 ], [ -91.40597, 41.859735 ], [ -91.411988, 41.859701 ], [ -91.412642, 41.859693 ], [ -91.413145, 41.859688 ], [ -91.42453, 41.85962 ], [ -91.431393, 41.859612 ], [ -91.444102, 41.859606 ], [ -91.463493, 41.859594 ], [ -91.481936, 41.859762 ], [ -91.493335, 41.859851 ], [ -91.503618, 41.85995 ], [ -91.516339, 41.86006 ], [ -91.525228, 41.860112 ], [ -91.526994, 41.860122 ], [ -91.530935, 41.860133 ], [ -91.534844, 41.860162 ], [ -91.549131, 41.860269 ], [ -91.554237, 41.860315 ], [ -91.55924, 41.860361 ], [ -91.559596, 41.860366 ], [ -91.575074, 41.860487 ], [ -91.579731, 41.860531 ], [ -91.579997, 41.86053 ], [ -91.597895, 41.860726 ], [ -91.597756, 41.847433 ], [ -91.597762, 41.843879 ], [ -91.597609, 41.840866 ], [ -91.597746, 41.827485 ], [ -91.597703, 41.822087 ], [ -91.597621, 41.814845 ], [ -91.597705, 41.810587 ], [ -91.597753, 41.808238 ], [ -91.600398, 41.807828 ], [ -91.604284, 41.806414 ], [ -91.607697, 41.803988 ], [ -91.608869, 41.801553 ], [ -91.60848, 41.79993 ], [ -91.606312, 41.796657 ], [ -91.603551, 41.793364 ], [ -91.602457, 41.791267 ], [ -91.602065, 41.788144 ], [ -91.603334, 41.78567 ], [ -91.604754, 41.784922 ], [ -91.610061, 41.784365 ], [ -91.611157, 41.784558 ], [ -91.61708, 41.788325 ], [ -91.617085, 41.786574 ], [ -91.617128, 41.771956 ], [ -91.614795, 41.771932 ], [ -91.611506, 41.7719 ], [ -91.611507, 41.77044 ], [ -91.608096, 41.770377 ], [ -91.607314, 41.76958 ], [ -91.607723, 41.766801 ], [ -91.600227, 41.766631 ], [ -91.600217, 41.767095 ], [ -91.597769, 41.767064 ], [ -91.597803, 41.770242 ], [ -91.588256, 41.770133 ], [ -91.586846, 41.769587 ], [ -91.587163, 41.766532 ], [ -91.592103, 41.766569 ], [ -91.592181, 41.761994 ], [ -91.593801, 41.762017 ], [ -91.593827, 41.76084 ], [ -91.595773, 41.760876 ], [ -91.595806, 41.759176 ], [ -91.590543, 41.759274 ], [ -91.590396, 41.755195 ], [ -91.590405, 41.754273 ], [ -91.590424, 41.75202 ], [ -91.589324, 41.752015 ], [ -91.585278, 41.751979 ], [ -91.578947, 41.751908 ], [ -91.577629, 41.751504 ], [ -91.576016, 41.749949 ], [ -91.575869, 41.749599 ], [ -91.575666, 41.742339 ], [ -91.571064, 41.742304 ], [ -91.571003, 41.739088 ], [ -91.566193, 41.738989 ], [ -91.566101, 41.733835 ], [ -91.571105, 41.733881 ], [ -91.571105, 41.73358 ], [ -91.572757, 41.733597 ], [ -91.572759, 41.732892 ], [ -91.575746, 41.732936 ], [ -91.57574, 41.733628 ], [ -91.576834, 41.733641 ], [ -91.57682, 41.734847 ], [ -91.580535, 41.73489 ], [ -91.580525, 41.734388 ], [ -91.580324, 41.73422 ], [ -91.580476, 41.733709 ], [ -91.590069, 41.733807 ], [ -91.598024, 41.733869 ], [ -91.598051, 41.730209 ], [ -91.593259, 41.730185 ], [ -91.593265, 41.729728 ], [ -91.593325, 41.726534 ], [ -91.589742, 41.726515 ], [ -91.587604, 41.726503 ], [ -91.587581, 41.725053 ], [ -91.58583, 41.725047 ], [ -91.585715, 41.722893 ], [ -91.589724, 41.722871 ], [ -91.589953, 41.72287 ], [ -91.59112, 41.722874 ], [ -91.592815, 41.722881 ], [ -91.594985, 41.722886 ], [ -91.5982, 41.722919 ], [ -91.601381, 41.722961 ], [ -91.603094, 41.722981 ], [ -91.603976, 41.722995 ], [ -91.605818, 41.723025 ], [ -91.606366, 41.723032 ], [ -91.607813, 41.723051 ], [ -91.607884, 41.719427 ], [ -91.617528, 41.719557 ], [ -91.625988, 41.719568 ], [ -91.634714, 41.719646 ], [ -91.63468, 41.723265 ], [ -91.637116, 41.723406 ], [ -91.641926, 41.723577 ], [ -91.642237, 41.723567 ], [ -91.646745, 41.72361 ], [ -91.646937, 41.723393 ], [ -91.646907, 41.719764 ], [ -91.642227, 41.719718 ], [ -91.642261, 41.70544 ], [ -91.642262, 41.703656 ], [ -91.642209, 41.702148 ], [ -91.641541, 41.700007 ], [ -91.639895, 41.697035 ], [ -91.638471, 41.694448 ], [ -91.638372, 41.694269 ], [ -91.634337, 41.686987 ], [ -91.634014, 41.687014 ], [ -91.627684, 41.687 ], [ -91.627707, 41.691366 ], [ -91.620594, 41.690475 ], [ -91.617875, 41.690515 ], [ -91.617896, 41.688876 ], [ -91.617888, 41.687205 ], [ -91.617784, 41.682563 ], [ -91.610087, 41.682482 ], [ -91.609313, 41.682465 ], [ -91.609326, 41.675235 ], [ -91.613001, 41.675253 ], [ -91.613013, 41.674434 ], [ -91.617871, 41.673426 ], [ -91.61707, 41.671634 ], [ -91.616841, 41.671459 ], [ -91.615279, 41.670335 ], [ -91.61039, 41.670316 ], [ -91.609185, 41.670312 ], [ -91.608384, 41.670309 ], [ -91.606713, 41.670145 ], [ -91.603692, 41.66928 ], [ -91.6036, 41.669284 ], [ -91.603562, 41.669281 ], [ -91.602494, 41.669332 ], [ -91.598823, 41.669213 ], [ -91.598737, 41.670084 ], [ -91.599915, 41.670211 ], [ -91.599857, 41.671588 ], [ -91.598636, 41.671976 ], [ -91.598595, 41.673759 ], [ -91.592049, 41.673809 ], [ -91.591344, 41.675179 ], [ -91.589839, 41.678116 ], [ -91.587377, 41.676826 ], [ -91.582269, 41.674164 ], [ -91.583108, 41.672679 ], [ -91.578417, 41.670274 ], [ -91.578329, 41.672145 ], [ -91.568692, 41.667152 ], [ -91.568602, 41.66727 ], [ -91.567934, 41.667724 ], [ -91.565788, 41.669053 ], [ -91.559369, 41.666425 ], [ -91.559344, 41.667214 ], [ -91.559331, 41.66764 ], [ -91.559316, 41.66803 ], [ -91.561646, 41.669098 ], [ -91.56257, 41.670017 ], [ -91.563101, 41.672392 ], [ -91.564499, 41.674165 ], [ -91.564341, 41.675644 ], [ -91.562514, 41.677014 ], [ -91.558654, 41.678778 ], [ -91.555626, 41.679936 ], [ -91.555281, 41.680919 ], [ -91.5573, 41.685479 ], [ -91.557359, 41.685677 ] ] ] ] } },
{ "type": "Feature", "properties": { "id": 81, "NAME": "81", "TotalPop": 30487, "PopDevPct": -0.04440521, "DemPct": 0.58730625, "RepPct": 0.39308014, "WhitePct": 0.78741188, "MinorityPct": 0.21258812, "BlackPct": 0.13060914, "HispanicPct": 0.03347545, "PacificPct": 0.00683862, "AsianPct": 0.02165562, "NativePct": 0.01701212, "TotalVAP": 23689, "Margin": 0.19422611, "color": "#2020ff", "opacity": "0.5", "DemPct2": 0.61308068, "RepPct2": 0.35717196, "Margin2": 0.25590872, "Swing": -0.06168261, "R_Margin": 0.3225093268, "R_Margin2": 0.3333619069, "R_Swing": -0.0108525801, "Majority": "White" }, "geometry": { "type": "MultiPolygon", "coordinates": [ [ [ [ -91.716036, 41.945669 ], [ -91.715943, 41.942002 ], [ -91.715944, 41.941954 ], [ -91.715856, 41.938644 ], [ -91.715844, 41.938379 ], [ -91.710082, 41.936907 ], [ -91.705869, 41.935803 ], [ -91.705552, 41.93572 ], [ -91.704624, 41.93548 ], [ -91.704072, 41.935587 ], [ -91.702696, 41.935818 ], [ -91.699084, 41.936358 ], [ -91.693822, 41.937139 ], [ -91.685461, 41.938382 ], [ -91.676164, 41.939759 ], [ -91.669819, 41.940699 ], [ -91.669455, 41.940753 ], [ -91.666713, 41.941159 ], [ -91.666713, 41.941191 ], [ -91.666733, 41.94233 ], [ -91.666818, 41.94506 ], [ -91.667247, 41.948743 ], [ -91.667306, 41.949614 ], [ -91.667275, 41.950296 ], [ -91.667296, 41.951389 ], [ -91.667297, 41.952295 ], [ -91.664974, 41.952272 ], [ -91.664981, 41.954887 ], [ -91.664993, 41.955937 ], [ -91.667293, 41.955971 ], [ -91.670148, 41.955993 ], [ -91.6707, 41.956003 ], [ -91.671, 41.956004 ], [ -91.67153, 41.956003 ], [ -91.674156, 41.956054 ], [ -91.675496, 41.956076 ], [ -91.677173, 41.95608 ], [ -91.677133, 41.956624 ], [ -91.677132, 41.957679 ], [ -91.67714, 41.958691 ], [ -91.677134, 41.959721 ], [ -91.677099, 41.960782 ], [ -91.67709, 41.961794 ], [ -91.677049, 41.962863 ], [ -91.67705, 41.965192 ], [ -91.677063, 41.966449 ], [ -91.677071, 41.966575 ], [ -91.677095, 41.967495 ], [ -91.677111, 41.968413 ], [ -91.677082, 41.969315 ], [ -91.677079, 41.970231 ], [ -91.677121, 41.970614 ], [ -91.677645, 41.971437 ], [ -91.678227, 41.972397 ], [ -91.678838, 41.973331 ], [ -91.679492, 41.974337 ], [ -91.680743, 41.973862 ], [ -91.682382, 41.973287 ], [ -91.681883, 41.974888 ], [ -91.681553, 41.975914 ], [ -91.681128, 41.977213 ], [ -91.680884, 41.977987 ], [ -91.680573, 41.978994 ], [ -91.681984, 41.978996 ], [ -91.682005, 41.980058 ], [ -91.682018, 41.981105 ], [ -91.682029, 41.981692 ], [ -91.682034, 41.982833 ], [ -91.682024, 41.984091 ], [ -91.682095, 41.985359 ], [ -91.682118, 41.986763 ], [ -91.682148, 41.98791 ], [ -91.682154, 41.989011 ], [ -91.68337, 41.989013 ], [ -91.684584, 41.989016 ], [ -91.685822, 41.989002 ], [ -91.687076, 41.988988 ], [ -91.689526, 41.989005 ], [ -91.691912, 41.989034 ], [ -91.693772, 41.989026 ], [ -91.69928, 41.989099 ], [ -91.701865, 41.989104 ], [ -91.703078, 41.987478 ], [ -91.703424, 41.985584 ], [ -91.702747, 41.985341 ], [ -91.703135, 41.983432 ], [ -91.702288, 41.980939 ], [ -91.703048, 41.980513 ], [ -91.703001, 41.979798 ], [ -91.705833, 41.979787 ], [ -91.708136, 41.979879 ], [ -91.710519, 41.979977 ], [ -91.715956, 41.980112 ], [ -91.715972, 41.979075 ], [ -91.715967, 41.978307 ], [ -91.717898, 41.978321 ], [ -91.719623, 41.978331 ], [ -91.725707, 41.978386 ], [ -91.72683, 41.978403 ], [ -91.73118, 41.978401 ], [ -91.7323, 41.978435 ], [ -91.733631, 41.978432 ], [ -91.73483, 41.978442 ], [ -91.735957, 41.978461 ], [ -91.736976, 41.978454 ], [ -91.737984, 41.978462 ], [ -91.740341, 41.978477 ], [ -91.744204, 41.978473 ], [ -91.744197, 41.977706 ], [ -91.74444, 41.975594 ], [ -91.74474, 41.974892 ], [ -91.744751, 41.97414 ], [ -91.744761, 41.973397 ], [ -91.745775, 41.973382 ], [ -91.745755, 41.972006 ], [ -91.746498, 41.969805 ], [ -91.747299, 41.970301 ], [ -91.748184, 41.970814 ], [ -91.749205, 41.971225 ], [ -91.750118, 41.971314 ], [ -91.75064, 41.9713 ], [ -91.753777, 41.971304 ], [ -91.754963, 41.971331 ], [ -91.754965, 41.970825 ], [ -91.754988, 41.967176 ], [ -91.755013, 41.966096 ], [ -91.755034, 41.964065 ], [ -91.750111, 41.964007 ], [ -91.745379, 41.963941 ], [ -91.740394, 41.963897 ], [ -91.730613, 41.96376 ], [ -91.72589, 41.96373 ], [ -91.719925, 41.963659 ], [ -91.716069, 41.963528 ], [ -91.716065, 41.961949 ], [ -91.716138, 41.960064 ], [ -91.716429, 41.957963 ], [ -91.716428, 41.957828 ], [ -91.716256, 41.956477 ], [ -91.716115, 41.955061 ], [ -91.716141, 41.951242 ], [ -91.716112, 41.949205 ], [ -91.716037, 41.947084 ], [ -91.716036, 41.945669 ] ] ] ] } },
{ "type": "Feature", "properties": { "id": 82, "NAME": "82", "TotalPop": 31465, "PopDevPct": -0.01375045, "DemPct": 0.50797059, "RepPct": 0.47490741, "WhitePct": 0.86616977, "MinorityPct": 0.13383023, "BlackPct": 0.06136646, "HispanicPct": 0.03494824, "PacificPct": 0.00219462, "AsianPct": 0.02186335, "NativePct": 0.01122153, "TotalVAP": 24150, "Margin": 0.03306318, "color": "#b3b3ff", "opacity": "0.5", "DemPct2": 0.51978695, "RepPct2": 0.45768309, "Margin2": 0.06210386, "Swing": -0.02904068, "R_Margin": 0.1613463968, "R_Margin2": 0.1395570469, "R_Swing": 0.0217893499000001, "Majority": "White" }, "geometry": { "type": "MultiPolygon", "coordinates": [ [ [ [ -91.713759, 42.029241 ], [ -91.712988, 42.030342 ], [ -91.712947, 42.030412 ], [ -91.712924, 42.030452 ], [ -91.713494, 42.030453 ], [ -91.712915, 42.032838 ], [ -91.712766, 42.035277 ], [ -91.71449, 42.035983 ], [ -91.716608, 42.036992 ], [ -91.71732, 42.037335 ], [ -91.719759, 42.038495 ], [ -91.72026, 42.037867 ], [ -91.721165, 42.037919 ], [ -91.721152, 42.039159 ], [ -91.72484, 42.040442 ], [ -91.726704, 42.040923 ], [ -91.726697, 42.042802 ], [ -91.726124, 42.043894 ], [ -91.731012, 42.043883 ], [ -91.730941, 42.047973 ], [ -91.726077, 42.048002 ], [ -91.726087, 42.047122 ], [ -91.726025, 42.045298 ], [ -91.726029, 42.044363 ], [ -91.724774, 42.04437 ], [ -91.721133, 42.044374 ], [ -91.721129, 42.045309 ], [ -91.721142, 42.047132 ], [ -91.721135, 42.048679 ], [ -91.721139, 42.049957 ], [ -91.723505, 42.050233 ], [ -91.723495, 42.051653 ], [ -91.721145, 42.051671 ], [ -91.721182, 42.057922 ], [ -91.721353, 42.067315 ], [ -91.721058, 42.068697 ], [ -91.722498, 42.069579 ], [ -91.72395, 42.07046 ], [ -91.725315, 42.071284 ], [ -91.728655, 42.073156 ], [ -91.730031, 42.073425 ], [ -91.730406, 42.073449 ], [ -91.737003, 42.073357 ], [ -91.73893, 42.073335 ], [ -91.74092, 42.073311 ], [ -91.740888, 42.070561 ], [ -91.741153, 42.067261 ], [ -91.742087, 42.065954 ], [ -91.743718, 42.066121 ], [ -91.749324, 42.066002 ], [ -91.751746, 42.065956 ], [ -91.757104, 42.065905 ], [ -91.765116, 42.066035 ], [ -91.767695, 42.066049 ], [ -91.77082, 42.066411 ], [ -91.772951, 42.06673 ], [ -91.77914, 42.067727 ], [ -91.783895, 42.068942 ], [ -91.784588, 42.069118 ], [ -91.780846, 42.072724 ], [ -91.780414, 42.073552 ], [ -91.779636, 42.076108 ], [ -91.779266, 42.078118 ], [ -91.778927, 42.080757 ], [ -91.778467, 42.083179 ], [ -91.777934, 42.084825 ], [ -91.777086, 42.086932 ], [ -91.776186, 42.088078 ], [ -91.775399, 42.090266 ], [ -91.774008, 42.0921 ], [ -91.772139, 42.095797 ], [ -91.771345, 42.096845 ], [ -91.770832, 42.09719 ], [ -91.769762, 42.097524 ], [ -91.767898, 42.09767 ], [ -91.766978, 42.097839 ], [ -91.765864, 42.098227 ], [ -91.765307, 42.09859 ], [ -91.764339, 42.099994 ], [ -91.763975, 42.101108 ], [ -91.764096, 42.102343 ], [ -91.764242, 42.103021 ], [ -91.76475, 42.103602 ], [ -91.76722, 42.104594 ], [ -91.768087, 42.105058 ], [ -91.768592, 42.106062 ], [ -91.768207, 42.110905 ], [ -91.768635, 42.111389 ], [ -91.76872, 42.113003 ], [ -91.769401, 42.11383 ], [ -91.769368, 42.114366 ], [ -91.770207, 42.115602 ], [ -91.770821, 42.117186 ], [ -91.770074, 42.120794 ], [ -91.77084, 42.122273 ], [ -91.772531, 42.123303 ], [ -91.778214, 42.122921 ], [ -91.77916, 42.123224 ], [ -91.779736, 42.12356 ], [ -91.779764, 42.123835 ], [ -91.782251, 42.123768 ], [ -91.783716, 42.124374 ], [ -91.784345, 42.124495 ], [ -91.78535, 42.124846 ], [ -91.785798, 42.124894 ], [ -91.788401, 42.124834 ], [ -91.7892, 42.12458 ], [ -91.789793, 42.124059 ], [ -91.790413, 42.123108 ], [ -91.790568, 42.122479 ], [ -91.790289, 42.120591 ], [ -91.790568, 42.119767 ], [ -91.791657, 42.119114 ], [ -91.792233, 42.119023 ], [ -91.794781, 42.11921 ], [ -91.796875, 42.119804 ], [ -91.797541, 42.120324 ], [ -91.797665, 42.120691 ], [ -91.797725, 42.121491 ], [ -91.795231, 42.125652 ], [ -91.795444, 42.126979 ], [ -91.794765, 42.129106 ], [ -91.79335, 42.130592 ], [ -91.792918, 42.131849 ], [ -91.791349, 42.133243 ], [ -91.78892, 42.134202 ], [ -91.787934, 42.135642 ], [ -91.788361, 42.138113 ], [ -91.789507, 42.139016 ], [ -91.79033, 42.141416 ], [ -91.790271, 42.141793 ], [ -91.789629, 42.142145 ], [ -91.792047, 42.144506 ], [ -91.793329, 42.147501 ], [ -91.793407, 42.149249 ], [ -91.791999, 42.151351 ], [ -91.791943, 42.152289 ], [ -91.792584, 42.153787 ], [ -91.793266, 42.154614 ], [ -91.795359, 42.156293 ], [ -91.800273, 42.156721 ], [ -91.802963, 42.157614 ], [ -91.805239, 42.159299 ], [ -91.805962, 42.159457 ], [ -91.806834, 42.160156 ], [ -91.807755, 42.160052 ], [ -91.809503, 42.160845 ], [ -91.81381, 42.162798 ], [ -91.81698, 42.166052 ], [ -91.820018, 42.168451 ], [ -91.822241, 42.169001 ], [ -91.826292, 42.171257 ], [ -91.829031, 42.171345 ], [ -91.830902, 42.172677 ], [ -91.832006, 42.175133 ], [ -91.833508, 42.176304 ], [ -91.833532, 42.175718 ], [ -91.833686, 42.171495 ], [ -91.8337, 42.170706 ], [ -91.834046, 42.157392 ], [ -91.834254, 42.139043 ], [ -91.834525, 42.124995 ], [ -91.834532, 42.124607 ], [ -91.83447, 42.11877 ], [ -91.83445, 42.115842 ], [ -91.834418, 42.109277 ], [ -91.83467, 42.098365 ], [ -91.834733, 42.095281 ], [ -91.834726, 42.087993 ], [ -91.834748, 42.084251 ], [ -91.834757, 42.083283 ], [ -91.834779, 42.08099 ], [ -91.834784, 42.08037 ], [ -91.834896, 42.066128 ], [ -91.835053, 42.055207 ], [ -91.835143, 42.047353 ], [ -91.835262, 42.036954 ], [ -91.835157, 42.02963 ], [ -91.834989, 42.022335 ], [ -91.834822, 42.015074 ], [ -91.834675, 42.007735 ], [ -91.83453, 42.000514 ], [ -91.834355, 41.99313 ], [ -91.834198, 41.986509 ], [ -91.834011, 41.978594 ], [ -91.833661, 41.964253 ], [ -91.833654, 41.96401 ], [ -91.833289, 41.949373 ], [ -91.833214, 41.946374 ], [ -91.833193, 41.945537 ], [ -91.832616, 41.92726 ], [ -91.832507, 41.923505 ], [ -91.832331, 41.917061 ], [ -91.832234, 41.912728 ], [ -91.831727, 41.890918 ], [ -91.831684, 41.88727 ], [ -91.831641, 41.883451 ], [ -91.83161, 41.879691 ], [ -91.8316, 41.879333 ], [ -91.831571, 41.877293 ], [ -91.831569, 41.876366 ], [ -91.831555, 41.875494 ], [ -91.831508, 41.872796 ], [ -91.831497, 41.871829 ], [ -91.831466, 41.869114 ], [ -91.831421, 41.865027 ], [ -91.831379, 41.861851 ], [ -91.827109, 41.861853 ], [ -91.816813, 41.86187 ], [ -91.792403, 41.861903 ], [ -91.784337, 41.861914 ], [ -91.763311, 41.861933 ], [ -91.743755, 41.861979 ], [ -91.733978, 41.861985 ], [ -91.719721, 41.862017 ], [ -91.714518, 41.862035 ], [ -91.714732, 41.876677 ], [ -91.714842, 41.880251 ], [ -91.729393, 41.880195 ], [ -91.72933, 41.87658 ], [ -91.734191, 41.87658 ], [ -91.734248, 41.880149 ], [ -91.744, 41.88013 ], [ -91.744053, 41.883771 ], [ -91.758727, 41.883762 ], [ -91.758771, 41.887441 ], [ -91.748964, 41.88743 ], [ -91.749078, 41.891035 ], [ -91.744222, 41.891054 ], [ -91.734512, 41.891103 ], [ -91.734638, 41.896234 ], [ -91.734824, 41.905642 ], [ -91.715249, 41.905736 ], [ -91.715514, 41.920281 ], [ -91.729062, 41.920214 ], [ -91.730231, 41.920204 ], [ -91.730269, 41.922403 ], [ -91.728682, 41.923453 ], [ -91.728071, 41.923855 ], [ -91.725339, 41.923868 ], [ -91.725372, 41.925502 ], [ -91.725411, 41.927489 ], [ -91.719606, 41.927518 ], [ -91.716558, 41.927527 ], [ -91.715478, 41.927537 ], [ -91.715366, 41.928291 ], [ -91.715233, 41.930585 ], [ -91.715219, 41.932506 ], [ -91.715215, 41.932667 ], [ -91.715229, 41.93327 ], [ -91.715561, 41.934953 ], [ -91.715844, 41.938379 ], [ -91.715856, 41.938644 ], [ -91.715944, 41.941954 ], [ -91.715943, 41.942002 ], [ -91.716036, 41.945669 ], [ -91.716037, 41.947084 ], [ -91.716112, 41.949205 ], [ -91.716141, 41.951242 ], [ -91.716115, 41.955061 ], [ -91.716256, 41.956477 ], [ -91.716428, 41.957828 ], [ -91.716429, 41.957963 ], [ -91.716138, 41.960064 ], [ -91.716065, 41.961949 ], [ -91.716069, 41.963528 ], [ -91.719925, 41.963659 ], [ -91.72589, 41.96373 ], [ -91.730613, 41.96376 ], [ -91.740394, 41.963897 ], [ -91.745379, 41.963941 ], [ -91.750111, 41.964007 ], [ -91.755034, 41.964065 ], [ -91.755013, 41.966096 ], [ -91.754988, 41.967176 ], [ -91.754965, 41.970825 ], [ -91.754963, 41.971331 ], [ -91.753777, 41.971304 ], [ -91.75064, 41.9713 ], [ -91.750118, 41.971314 ], [ -91.749205, 41.971225 ], [ -91.748184, 41.970814 ], [ -91.747299, 41.970301 ], [ -91.746498, 41.969805 ], [ -91.745755, 41.972006 ], [ -91.745775, 41.973382 ], [ -91.744761, 41.973397 ], [ -91.744751, 41.97414 ], [ -91.74474, 41.974892 ], [ -91.74444, 41.975594 ], [ -91.744197, 41.977706 ], [ -91.744204, 41.978473 ], [ -91.740341, 41.978477 ], [ -91.737984, 41.978462 ], [ -91.736976, 41.978454 ], [ -91.735957, 41.978461 ], [ -91.73483, 41.978442 ], [ -91.733631, 41.978432 ], [ -91.7323, 41.978435 ], [ -91.73118, 41.978401 ], [ -91.72683, 41.978403 ], [ -91.725707, 41.978386 ], [ -91.719623, 41.978331 ], [ -91.717898, 41.978321 ], [ -91.715967, 41.978307 ], [ -91.715972, 41.979075 ], [ -91.715956, 41.980112 ], [ -91.710519, 41.979977 ], [ -91.708136, 41.979879 ], [ -91.705833, 41.979787 ], [ -91.703001, 41.979798 ], [ -91.703048, 41.980513 ], [ -91.702288, 41.980939 ], [ -91.703135, 41.983432 ], [ -91.702747, 41.985341 ], [ -91.703424, 41.985584 ], [ -91.703078, 41.987478 ], [ -91.701865, 41.989104 ], [ -91.69928, 41.989099 ], [ -91.693772, 41.989026 ], [ -91.691912, 41.989034 ], [ -91.689526, 41.989005 ], [ -91.687076, 41.988988 ], [ -91.685822, 41.989002 ], [ -91.684584, 41.989016 ], [ -91.68337, 41.989013 ], [ -91.682154, 41.989011 ], [ -91.682148, 41.98791 ], [ -91.682118, 41.986763 ], [ -91.682095, 41.985359 ], [ -91.682024, 41.984091 ], [ -91.682034, 41.982833 ], [ -91.682029, 41.981692 ], [ -91.682018, 41.981105 ], [ -91.682005, 41.980058 ], [ -91.681984, 41.978996 ], [ -91.680573, 41.978994 ], [ -91.680218, 41.980062 ], [ -91.679611, 41.981011 ], [ -91.678848, 41.981641 ], [ -91.675682, 41.982727 ], [ -91.675252, 41.982764 ], [ -91.673969, 41.982858 ], [ -91.674927, 41.986399 ], [ -91.674827, 41.988007 ], [ -91.679537, 41.99152 ], [ -91.681581, 41.995282 ], [ -91.688595, 42.001487 ], [ -91.690095, 42.00379 ], [ -91.692702, 42.00592 ], [ -91.698151, 42.009323 ], [ -91.702797, 42.010954 ], [ -91.705079, 42.011124 ], [ -91.705009, 42.011551 ], [ -91.704918, 42.012109 ], [ -91.704307, 42.014478 ], [ -91.702446, 42.017088 ], [ -91.702232, 42.017709 ], [ -91.702173, 42.01882 ], [ -91.702159, 42.019432 ], [ -91.702196, 42.02001 ], [ -91.702306, 42.021753 ], [ -91.702446, 42.026403 ], [ -91.704455, 42.026634 ], [ -91.706378, 42.027957 ], [ -91.709137, 42.028998 ], [ -91.713759, 42.029241 ] ] ] ] } },
{ "type": "Feature", "properties": { "id": 83, "NAME": "83", "TotalPop": 31306, "PopDevPct": -0.0187342, "DemPct": 0.6271697, "RepPct": 0.34887391, "WhitePct": 0.77872596, "MinorityPct": 0.22127404, "BlackPct": 0.12455929, "HispanicPct": 0.04827724, "PacificPct": 0.00372596, "AsianPct": 0.02520032, "NativePct": 0.02003205, "TotalVAP": 24960, "Margin": 0.27829579, "color": "#00008b", "opacity": "0.5", "DemPct2": 0.6416257, "RepPct2": 0.33064569, "Margin2": 0.31098001, "Swing": -0.03268422, "R_Margin": 0.4065790068, "R_Margin2": 0.3884331969, "R_Swing": 0.0181458099000001, "Majority": "White" }, "geometry": { "type": "MultiPolygon", "coordinates": [ [ [ [ -91.646461, 41.977348 ], [ -91.644296, 41.977266 ], [ -91.642792, 41.977247 ], [ -91.642791, 41.978112 ], [ -91.6428, 41.97821 ], [ -91.642813, 41.979005 ], [ -91.642803, 41.979389 ], [ -91.642827, 41.979774 ], [ -91.642871, 41.980375 ], [ -91.642878, 41.981353 ], [ -91.642872, 41.982421 ], [ -91.642866, 41.983461 ], [ -91.642899, 41.984499 ], [ -91.642837, 41.985538 ], [ -91.642782, 41.98659 ], [ -91.642729, 41.987662 ], [ -91.642658, 41.988731 ], [ -91.642601, 41.989781 ], [ -91.642551, 41.991012 ], [ -91.643378, 41.991817 ], [ -91.644282, 41.992756 ], [ -91.642999, 41.993466 ], [ -91.640807, 41.994693 ], [ -91.638883, 41.995916 ], [ -91.637917, 41.996807 ], [ -91.637225, 41.997724 ], [ -91.636505, 41.999181 ], [ -91.6361, 42.000202 ], [ -91.636027, 42.000357 ], [ -91.63564, 42.001216 ], [ -91.635203, 42.002271 ], [ -91.634785, 42.003277 ], [ -91.634722, 42.003418 ], [ -91.6348, 42.005122 ], [ -91.634804, 42.00615 ], [ -91.634874, 42.007315 ], [ -91.63493, 42.008619 ], [ -91.634933, 42.009816 ], [ -91.634942, 42.010984 ], [ -91.634952, 42.011154 ], [ -91.635037, 42.012248 ], [ -91.635034, 42.012354 ], [ -91.635052, 42.013437 ], [ -91.638398, 42.01351 ], [ -91.64096, 42.013573 ], [ -91.643267, 42.013641 ], [ -91.645258, 42.013701 ], [ -91.648135, 42.013768 ], [ -91.652464, 42.013903 ], [ -91.653762, 42.013969 ], [ -91.656495, 42.014022 ], [ -91.655663, 42.015469 ], [ -91.655268, 42.016097 ], [ -91.654439, 42.017833 ], [ -91.653914, 42.018771 ], [ -91.653169, 42.020125 ], [ -91.650863, 42.021109 ], [ -91.653214, 42.021186 ], [ -91.655679, 42.02127 ], [ -91.65814, 42.021354 ], [ -91.658254, 42.024958 ], [ -91.65825, 42.026325 ], [ -91.658285, 42.028577 ], [ -91.659858, 42.028502 ], [ -91.662876, 42.028497 ], [ -91.668005, 42.028307 ], [ -91.671745, 42.028187 ], [ -91.672705, 42.028154 ], [ -91.672995, 42.028142 ], [ -91.676835, 42.028216 ], [ -91.682049, 42.028744 ], [ -91.692246, 42.02764 ], [ -91.69493, 42.027607 ], [ -91.701973, 42.028807 ], [ -91.702125, 42.028114 ], [ -91.702446, 42.026403 ], [ -91.702306, 42.021753 ], [ -91.702196, 42.02001 ], [ -91.702159, 42.019432 ], [ -91.702173, 42.01882 ], [ -91.702232, 42.017709 ], [ -91.702446, 42.017088 ], [ -91.704307, 42.014478 ], [ -91.704918, 42.012109 ], [ -91.705009, 42.011551 ], [ -91.705079, 42.011124 ], [ -91.702797, 42.010954 ], [ -91.698151, 42.009323 ], [ -91.692702, 42.00592 ], [ -91.690095, 42.00379 ], [ -91.688595, 42.001487 ], [ -91.681581, 41.995282 ], [ -91.679537, 41.99152 ], [ -91.674827, 41.988007 ], [ -91.674927, 41.986399 ], [ -91.673969, 41.982858 ], [ -91.675252, 41.982764 ], [ -91.675682, 41.982727 ], [ -91.678848, 41.981641 ], [ -91.679611, 41.981011 ], [ -91.680218, 41.980062 ], [ -91.680573, 41.978994 ], [ -91.680884, 41.977987 ], [ -91.681128, 41.977213 ], [ -91.681553, 41.975914 ], [ -91.681883, 41.974888 ], [ -91.682382, 41.973287 ], [ -91.680743, 41.973862 ], [ -91.679492, 41.974337 ], [ -91.678838, 41.973331 ], [ -91.678227, 41.972397 ], [ -91.677645, 41.971437 ], [ -91.677121, 41.970614 ], [ -91.677079, 41.970231 ], [ -91.677082, 41.969315 ], [ -91.677111, 41.968413 ], [ -91.677095, 41.967495 ], [ -91.677071, 41.966575 ], [ -91.677063, 41.966449 ], [ -91.67705, 41.965192 ], [ -91.677049, 41.962863 ], [ -91.67709, 41.961794 ], [ -91.677099, 41.960782 ], [ -91.677134, 41.959721 ], [ -91.67714, 41.958691 ], [ -91.677132, 41.957679 ], [ -91.677133, 41.956624 ], [ -91.677173, 41.95608 ], [ -91.675496, 41.956076 ], [ -91.674156, 41.956054 ], [ -91.67153, 41.956003 ], [ -91.671, 41.956004 ], [ -91.6707, 41.956003 ], [ -91.670148, 41.955993 ], [ -91.667293, 41.955971 ], [ -91.664993, 41.955937 ], [ -91.664489, 41.95595 ], [ -91.664504, 41.956935 ], [ -91.66448, 41.957764 ], [ -91.664489, 41.958503 ], [ -91.664502, 41.959586 ], [ -91.664516, 41.960668 ], [ -91.664513, 41.961093 ], [ -91.66453, 41.961375 ], [ -91.664871, 41.961249 ], [ -91.665494, 41.962155 ], [ -91.664201, 41.962597 ], [ -91.662914, 41.962992 ], [ -91.662428, 41.963312 ], [ -91.661682, 41.964111 ], [ -91.662454, 41.964523 ], [ -91.662859, 41.964716 ], [ -91.66298, 41.964782 ], [ -91.663575, 41.965109 ], [ -91.664925, 41.965817 ], [ -91.665961, 41.966412 ], [ -91.666845, 41.966785 ], [ -91.667136, 41.967248 ], [ -91.667749, 41.968157 ], [ -91.668329, 41.969084 ], [ -91.665549, 41.970171 ], [ -91.66472, 41.97058 ], [ -91.663731, 41.971032 ], [ -91.661798, 41.971991 ], [ -91.661208, 41.972377 ], [ -91.660673, 41.972668 ], [ -91.659517, 41.973324 ], [ -91.658451, 41.973952 ], [ -91.657372, 41.97457 ], [ -91.656237, 41.975188 ], [ -91.655111, 41.975841 ], [ -91.654037, 41.976434 ], [ -91.652956, 41.977064 ], [ -91.651963, 41.977745 ], [ -91.650406, 41.977456 ], [ -91.649555, 41.977434 ], [ -91.649028, 41.977433 ], [ -91.646461, 41.977348 ] ] ] ] } },
{ "type": "Feature", "properties": { "id": 84, "NAME": "84", "TotalPop": 31778, "PopDevPct": -0.00393967, "DemPct": 0.47071872, "RepPct": 0.50909494, "WhitePct": 0.86630439, "MinorityPct": 0.13369561, "BlackPct": 0.04338989, "HispanicPct": 0.02907869, "PacificPct": 0.00145186, "AsianPct": 0.04061061, "NativePct": 0.0138549, "TotalVAP": 24107, "Margin": -0.03837622, "color": "#ffacac", "opacity": "0.5", "DemPct2": 0.48302133, "RepPct2": 0.49118415, "Margin2": -0.00816282, "Swing": -0.0302134, "R_Margin": 0.0899069968, "R_Margin2": 0.0692903669, "R_Swing": 0.0206166299, "Majority": "White" }, "geometry": { "type": "MultiPolygon", "coordinates": [ [ [ [ -91.672995, 42.028142 ], [ -91.672705, 42.028154 ], [ -91.671745, 42.028187 ], [ -91.668005, 42.028307 ], [ -91.662876, 42.028497 ], [ -91.659858, 42.028502 ], [ -91.658285, 42.028577 ], [ -91.65825, 42.026325 ], [ -91.658254, 42.024958 ], [ -91.65814, 42.021354 ], [ -91.655679, 42.02127 ], [ -91.653214, 42.021186 ], [ -91.650863, 42.021109 ], [ -91.653169, 42.020125 ], [ -91.653914, 42.018771 ], [ -91.654439, 42.017833 ], [ -91.655268, 42.016097 ], [ -91.655663, 42.015469 ], [ -91.656495, 42.014022 ], [ -91.653762, 42.013969 ], [ -91.652464, 42.013903 ], [ -91.648135, 42.013768 ], [ -91.645258, 42.013701 ], [ -91.643267, 42.013641 ], [ -91.64096, 42.013573 ], [ -91.638398, 42.01351 ], [ -91.638398, 42.014737 ], [ -91.638397, 42.015981 ], [ -91.638409, 42.0172 ], [ -91.638434, 42.018532 ], [ -91.638461, 42.019519 ], [ -91.638504, 42.020353 ], [ -91.63856, 42.021423 ], [ -91.638517, 42.023744 ], [ -91.638518, 42.024443 ], [ -91.63852, 42.025446 ], [ -91.638471, 42.027204 ], [ -91.638459, 42.028095 ], [ -91.631693, 42.027929 ], [ -91.627995, 42.027798 ], [ -91.623697, 42.027442 ], [ -91.623456, 42.028017 ], [ -91.625344, 42.027956 ], [ -91.626113, 42.028424 ], [ -91.625288, 42.030129 ], [ -91.628572, 42.030252 ], [ -91.628711, 42.032453 ], [ -91.629388, 42.032464 ], [ -91.631714, 42.032507 ], [ -91.63362, 42.032541 ], [ -91.633607, 42.034186 ], [ -91.631733, 42.033849 ], [ -91.629388, 42.033247 ], [ -91.628713, 42.033055 ], [ -91.62871, 42.035229 ], [ -91.628707, 42.035845 ], [ -91.628934, 42.038834 ], [ -91.628912, 42.039736 ], [ -91.628909, 42.040243 ], [ -91.626827, 42.04022 ], [ -91.623958, 42.04308 ], [ -91.623952, 42.043832 ], [ -91.62466, 42.04384 ], [ -91.625901, 42.043915 ], [ -91.6291, 42.045823 ], [ -91.631512, 42.046293 ], [ -91.632554, 42.046445 ], [ -91.633629, 42.046609 ], [ -91.636622, 42.046682 ], [ -91.638674, 42.046703 ], [ -91.638671, 42.045623 ], [ -91.63866, 42.044735 ], [ -91.638671, 42.043501 ], [ -91.63864, 42.041177 ], [ -91.638592, 42.039933 ], [ -91.642058, 42.039498 ], [ -91.64255, 42.041167 ], [ -91.644139, 42.041313 ], [ -91.64614, 42.042608 ], [ -91.645741, 42.043614 ], [ -91.648289, 42.043545 ], [ -91.651847, 42.041417 ], [ -91.654793, 42.040433 ], [ -91.656143, 42.040684 ], [ -91.658307, 42.039604 ], [ -91.658262, 42.042003 ], [ -91.658286, 42.04282 ], [ -91.658246, 42.04514 ], [ -91.658218, 42.046836 ], [ -91.65818, 42.048922 ], [ -91.658143, 42.049731 ], [ -91.658124, 42.051407 ], [ -91.658153, 42.052804 ], [ -91.658168, 42.053617 ], [ -91.658186, 42.054607 ], [ -91.658189, 42.055011 ], [ -91.658202, 42.056623 ], [ -91.658209, 42.062302 ], [ -91.658207, 42.062591 ], [ -91.657739, 42.062591 ], [ -91.657738, 42.062793 ], [ -91.657738, 42.06299 ], [ -91.657737, 42.063173 ], [ -91.657737, 42.063188 ], [ -91.658013, 42.063189 ], [ -91.658076, 42.063189 ], [ -91.658204, 42.06319 ], [ -91.658191, 42.065299 ], [ -91.658153, 42.066414 ], [ -91.658156, 42.066849 ], [ -91.65328, 42.066808 ], [ -91.653286, 42.064235 ], [ -91.649029, 42.064195 ], [ -91.649314, 42.064396 ], [ -91.648411, 42.064393 ], [ -91.648393, 42.069493 ], [ -91.646712, 42.069477 ], [ -91.645927, 42.06947 ], [ -91.645905, 42.073086 ], [ -91.643443, 42.073065 ], [ -91.643444, 42.073886 ], [ -91.643443, 42.07673 ], [ -91.643443, 42.078533 ], [ -91.648327, 42.078569 ], [ -91.648319, 42.080382 ], [ -91.649525, 42.080402 ], [ -91.65226, 42.080399 ], [ -91.656337, 42.080382 ], [ -91.657805, 42.080383 ], [ -91.658162, 42.080383 ], [ -91.658187, 42.091312 ], [ -91.658211, 42.094961 ], [ -91.657879, 42.094959 ], [ -91.653432, 42.094939 ], [ -91.653374, 42.098553 ], [ -91.658075, 42.098582 ], [ -91.658064, 42.109095 ], [ -91.658041, 42.109508 ], [ -91.657919, 42.124011 ], [ -91.648222, 42.123964 ], [ -91.643741, 42.123841 ], [ -91.638546, 42.123993 ], [ -91.625266, 42.123866 ], [ -91.618954, 42.123952 ], [ -91.599391, 42.12388 ], [ -91.599181, 42.134789 ], [ -91.598739, 42.153053 ], [ -91.598378, 42.167641 ], [ -91.598286, 42.171302 ], [ -91.59809, 42.179755 ], [ -91.597981, 42.184449 ], [ -91.597693, 42.196842 ], [ -91.597541, 42.204158 ], [ -91.597398, 42.20948 ], [ -91.597442, 42.216538 ], [ -91.597451, 42.220188 ], [ -91.59746, 42.223813 ], [ -91.597442, 42.227475 ], [ -91.59742, 42.229699 ], [ -91.597336, 42.238389 ], [ -91.597122, 42.248594 ], [ -91.597151, 42.249113 ], [ -91.597142, 42.249272 ], [ -91.597098, 42.252904 ], [ -91.597122, 42.263817 ], [ -91.596932, 42.268186 ], [ -91.59699, 42.271016 ], [ -91.597027, 42.274628 ], [ -91.597046, 42.281874 ], [ -91.597037, 42.283975 ], [ -91.596981, 42.296408 ], [ -91.615934, 42.296441 ], [ -91.616356, 42.296442 ], [ -91.617648, 42.296444 ], [ -91.632739, 42.29648 ], [ -91.636157, 42.296487 ], [ -91.648929, 42.296483 ], [ -91.665606, 42.29649 ], [ -91.676884, 42.296507 ], [ -91.682642, 42.296508 ], [ -91.685128, 42.296511 ], [ -91.699775, 42.296524 ], [ -91.707671, 42.296532 ], [ -91.708546, 42.296533 ], [ -91.714438, 42.296544 ], [ -91.732047, 42.296787 ], [ -91.743914, 42.297084 ], [ -91.758471, 42.297424 ], [ -91.773521, 42.29771 ], [ -91.777245, 42.297792 ], [ -91.785982, 42.297986 ], [ -91.793068, 42.298146 ], [ -91.812303, 42.298598 ], [ -91.812459, 42.298599 ], [ -91.831089, 42.299063 ], [ -91.831385, 42.284529 ], [ -91.831527, 42.273523 ], [ -91.831736, 42.263802 ], [ -91.831764, 42.262751 ], [ -91.832075, 42.244595 ], [ -91.832088, 42.243299 ], [ -91.832177, 42.239546 ], [ -91.832394, 42.228177 ], [ -91.832428, 42.224801 ], [ -91.83243, 42.223063 ], [ -91.832613, 42.212032 ], [ -91.832822, 42.204736 ], [ -91.832829, 42.204359 ], [ -91.832846, 42.203745 ], [ -91.832933, 42.200995 ], [ -91.833144, 42.191924 ], [ -91.833273, 42.183 ], [ -91.833489, 42.176917 ], [ -91.833508, 42.176304 ], [ -91.832006, 42.175133 ], [ -91.830902, 42.172677 ], [ -91.829031, 42.171345 ], [ -91.826292, 42.171257 ], [ -91.822241, 42.169001 ], [ -91.820018, 42.168451 ], [ -91.81698, 42.166052 ], [ -91.81381, 42.162798 ], [ -91.809503, 42.160845 ], [ -91.807755, 42.160052 ], [ -91.806834, 42.160156 ], [ -91.805962, 42.159457 ], [ -91.805239, 42.159299 ], [ -91.802963, 42.157614 ], [ -91.800273, 42.156721 ], [ -91.795359, 42.156293 ], [ -91.793266, 42.154614 ], [ -91.792584, 42.153787 ], [ -91.791943, 42.152289 ], [ -91.791999, 42.151351 ], [ -91.793407, 42.149249 ], [ -91.793329, 42.147501 ], [ -91.792047, 42.144506 ], [ -91.789629, 42.142145 ], [ -91.790271, 42.141793 ], [ -91.79033, 42.141416 ], [ -91.789507, 42.139016 ], [ -91.788361, 42.138113 ], [ -91.787934, 42.135642 ], [ -91.78892, 42.134202 ], [ -91.791349, 42.133243 ], [ -91.792918, 42.131849 ], [ -91.79335, 42.130592 ], [ -91.794765, 42.129106 ], [ -91.795444, 42.126979 ], [ -91.795231, 42.125652 ], [ -91.797725, 42.121491 ], [ -91.797665, 42.120691 ], [ -91.797541, 42.120324 ], [ -91.796875, 42.119804 ], [ -91.794781, 42.11921 ], [ -91.792233, 42.119023 ], [ -91.791657, 42.119114 ], [ -91.790568, 42.119767 ], [ -91.790289, 42.120591 ], [ -91.790568, 42.122479 ], [ -91.790413, 42.123108 ], [ -91.789793, 42.124059 ], [ -91.7892, 42.12458 ], [ -91.788401, 42.124834 ], [ -91.785798, 42.124894 ], [ -91.78535, 42.124846 ], [ -91.784345, 42.124495 ], [ -91.783716, 42.124374 ], [ -91.782251, 42.123768 ], [ -91.779764, 42.123835 ], [ -91.779736, 42.12356 ], [ -91.77916, 42.123224 ], [ -91.778214, 42.122921 ], [ -91.772531, 42.123303 ], [ -91.77084, 42.122273 ], [ -91.770074, 42.120794 ], [ -91.770821, 42.117186 ], [ -91.770207, 42.115602 ], [ -91.769368, 42.114366 ], [ -91.769401, 42.11383 ], [ -91.76872, 42.113003 ], [ -91.768635, 42.111389 ], [ -91.768207, 42.110905 ], [ -91.768592, 42.106062 ], [ -91.768087, 42.105058 ], [ -91.76722, 42.104594 ], [ -91.76475, 42.103602 ], [ -91.764242, 42.103021 ], [ -91.764096, 42.102343 ], [ -91.763975, 42.101108 ], [ -91.764339, 42.099994 ], [ -91.765307, 42.09859 ], [ -91.765864, 42.098227 ], [ -91.766978, 42.097839 ], [ -91.767898, 42.09767 ], [ -91.769762, 42.097524 ], [ -91.770832, 42.09719 ], [ -91.771345, 42.096845 ], [ -91.772139, 42.095797 ], [ -91.774008, 42.0921 ], [ -91.775399, 42.090266 ], [ -91.776186, 42.088078 ], [ -91.777086, 42.086932 ], [ -91.777934, 42.084825 ], [ -91.778467, 42.083179 ], [ -91.778927, 42.080757 ], [ -91.779266, 42.078118 ], [ -91.779636, 42.076108 ], [ -91.780414, 42.073552 ], [ -91.780846, 42.072724 ], [ -91.784588, 42.069118 ], [ -91.783895, 42.068942 ], [ -91.77914, 42.067727 ], [ -91.772951, 42.06673 ], [ -91.77082, 42.066411 ], [ -91.767695, 42.066049 ], [ -91.765116, 42.066035 ], [ -91.757104, 42.065905 ], [ -91.751746, 42.065956 ], [ -91.749324, 42.066002 ], [ -91.743718, 42.066121 ], [ -91.742087, 42.065954 ], [ -91.741153, 42.067261 ], [ -91.740888, 42.070561 ], [ -91.74092, 42.073311 ], [ -91.73893, 42.073335 ], [ -91.737003, 42.073357 ], [ -91.730406, 42.073449 ], [ -91.730031, 42.073425 ], [ -91.728655, 42.073156 ], [ -91.725315, 42.071284 ], [ -91.72395, 42.07046 ], [ -91.722498, 42.069579 ], [ -91.721058, 42.068697 ], [ -91.721353, 42.067315 ], [ -91.721182, 42.057922 ], [ -91.721145, 42.051671 ], [ -91.723495, 42.051653 ], [ -91.723505, 42.050233 ], [ -91.721139, 42.049957 ], [ -91.721135, 42.048679 ], [ -91.721142, 42.047132 ], [ -91.721129, 42.045309 ], [ -91.721133, 42.044374 ], [ -91.724774, 42.04437 ], [ -91.726029, 42.044363 ], [ -91.726025, 42.045298 ], [ -91.726087, 42.047122 ], [ -91.726077, 42.048002 ], [ -91.730941, 42.047973 ], [ -91.731012, 42.043883 ], [ -91.726124, 42.043894 ], [ -91.726697, 42.042802 ], [ -91.726704, 42.040923 ], [ -91.72484, 42.040442 ], [ -91.721152, 42.039159 ], [ -91.721165, 42.037919 ], [ -91.72026, 42.037867 ], [ -91.719759, 42.038495 ], [ -91.71732, 42.037335 ], [ -91.716608, 42.036992 ], [ -91.71449, 42.035983 ], [ -91.712766, 42.035277 ], [ -91.712915, 42.032838 ], [ -91.713494, 42.030453 ], [ -91.712924, 42.030452 ], [ -91.712947, 42.030412 ], [ -91.712988, 42.030342 ], [ -91.713759, 42.029241 ], [ -91.709137, 42.028998 ], [ -91.706378, 42.027957 ], [ -91.704455, 42.026634 ], [ -91.702446, 42.026403 ], [ -91.702125, 42.028114 ], [ -91.701973, 42.028807 ], [ -91.69493, 42.027607 ], [ -91.692246, 42.02764 ], [ -91.682049, 42.028744 ], [ -91.676835, 42.028216 ], [ -91.672995, 42.028142 ] ] ] ] } },
{ "type": "Feature", "properties": { "id": 85, "NAME": "85", "TotalPop": 30846, "PopDevPct": -0.03315259, "DemPct": 0.48295516, "RepPct": 0.49820866, "WhitePct": 0.91566214, "MinorityPct": 0.08433786, "BlackPct": 0.02525876, "HispanicPct": 0.02121225, "PacificPct": 0.00115006, "AsianPct": 0.01801763, "NativePct": 0.01371555, "TotalVAP": 23477, "Margin": -0.0152535, "color": "#ffcaca", "opacity": "0.5", "DemPct2": 0.49254449, "RepPct2": 0.48313826, "Margin2": 0.00940623, "Swing": -0.02465973, "R_Margin": 0.1130297168, "R_Margin2": 0.0868594169, "R_Swing": 0.0261702999, "Majority": "White" }, "geometry": { "type": "MultiPolygon", "coordinates": [ [ [ [ -91.445334, 42.034609 ], [ -91.443162, 42.0346 ], [ -91.432754, 42.034612 ], [ -91.429276, 42.03467 ], [ -91.424238, 42.034624 ], [ -91.42354, 42.034619 ], [ -91.404083, 42.034586 ], [ -91.384481, 42.034569 ], [ -91.374735, 42.034556 ], [ -91.364873, 42.034521 ], [ -91.364844, 42.04912 ], [ -91.364811, 42.070096 ], [ -91.36478, 42.070529 ], [ -91.364885, 42.0767 ], [ -91.364863, 42.085499 ], [ -91.364925, 42.092774 ], [ -91.364842, 42.100233 ], [ -91.364782, 42.11249 ], [ -91.364795, 42.115875 ], [ -91.3648, 42.11718 ], [ -91.364798, 42.117736 ], [ -91.364817, 42.121906 ], [ -91.364859, 42.13502 ], [ -91.364859, 42.136934 ], [ -91.364608, 42.151541 ], [ -91.364469, 42.161948 ], [ -91.364409, 42.165613 ], [ -91.364215, 42.180152 ], [ -91.364063, 42.194715 ], [ -91.364019, 42.202006 ], [ -91.363959, 42.209132 ], [ -91.363844, 42.223745 ], [ -91.363812, 42.231019 ], [ -91.363769, 42.241975 ], [ -91.363655, 42.252909 ], [ -91.363622, 42.256798 ], [ -91.363552, 42.267477 ], [ -91.363406, 42.282054 ], [ -91.363263, 42.296445 ], [ -91.383258, 42.296425 ], [ -91.397914, 42.296359 ], [ -91.402533, 42.296362 ], [ -91.407529, 42.29634 ], [ -91.422178, 42.296278 ], [ -91.441789, 42.296235 ], [ -91.451133, 42.296211 ], [ -91.461336, 42.296186 ], [ -91.471096, 42.29617 ], [ -91.479637, 42.296164 ], [ -91.47999, 42.296164 ], [ -91.49949, 42.296188 ], [ -91.515197, 42.296261 ], [ -91.519198, 42.296219 ], [ -91.528961, 42.296261 ], [ -91.529171, 42.296264 ], [ -91.535949, 42.296304 ], [ -91.538854, 42.296327 ], [ -91.540949, 42.296324 ], [ -91.558365, 42.296321 ], [ -91.568065, 42.296349 ], [ -91.578155, 42.296381 ], [ -91.578822, 42.296382 ], [ -91.596981, 42.296408 ], [ -91.597037, 42.283975 ], [ -91.597046, 42.281874 ], [ -91.597027, 42.274628 ], [ -91.59699, 42.271016 ], [ -91.596932, 42.268186 ], [ -91.597122, 42.263817 ], [ -91.597098, 42.252904 ], [ -91.597142, 42.249272 ], [ -91.597151, 42.249113 ], [ -91.597122, 42.248594 ], [ -91.597336, 42.238389 ], [ -91.59742, 42.229699 ], [ -91.597442, 42.227475 ], [ -91.59746, 42.223813 ], [ -91.597451, 42.220188 ], [ -91.597442, 42.216538 ], [ -91.597398, 42.20948 ], [ -91.597541, 42.204158 ], [ -91.597693, 42.196842 ], [ -91.597981, 42.184449 ], [ -91.59809, 42.179755 ], [ -91.598286, 42.171302 ], [ -91.598378, 42.167641 ], [ -91.598739, 42.153053 ], [ -91.599181, 42.134789 ], [ -91.599391, 42.12388 ], [ -91.618954, 42.123952 ], [ -91.625266, 42.123866 ], [ -91.638546, 42.123993 ], [ -91.643741, 42.123841 ], [ -91.648222, 42.123964 ], [ -91.657919, 42.124011 ], [ -91.658041, 42.109508 ], [ -91.658064, 42.109095 ], [ -91.658075, 42.098582 ], [ -91.653374, 42.098553 ], [ -91.653432, 42.094939 ], [ -91.657879, 42.094959 ], [ -91.658211, 42.094961 ], [ -91.658187, 42.091312 ], [ -91.658162, 42.080383 ], [ -91.657805, 42.080383 ], [ -91.656337, 42.080382 ], [ -91.65226, 42.080399 ], [ -91.649525, 42.080402 ], [ -91.648319, 42.080382 ], [ -91.648327, 42.078569 ], [ -91.643443, 42.078533 ], [ -91.643443, 42.07673 ], [ -91.643444, 42.073886 ], [ -91.643443, 42.073065 ], [ -91.645905, 42.073086 ], [ -91.645927, 42.06947 ], [ -91.646712, 42.069477 ], [ -91.648393, 42.069493 ], [ -91.648411, 42.064393 ], [ -91.649314, 42.064396 ], [ -91.649029, 42.064195 ], [ -91.647943, 42.063374 ], [ -91.647359, 42.063854 ], [ -91.64593, 42.063541 ], [ -91.645792, 42.063177 ], [ -91.644454, 42.062903 ], [ -91.644466, 42.061193 ], [ -91.64408, 42.060988 ], [ -91.643445, 42.06065 ], [ -91.641223, 42.059577 ], [ -91.638558, 42.058767 ], [ -91.637861, 42.058569 ], [ -91.637863, 42.059175 ], [ -91.638555, 42.059374 ], [ -91.638543, 42.062171 ], [ -91.634265, 42.06211 ], [ -91.634223, 42.058674 ], [ -91.636054, 42.058702 ], [ -91.63608, 42.058043 ], [ -91.635106, 42.057735 ], [ -91.631577, 42.056572 ], [ -91.629333, 42.055778 ], [ -91.62876, 42.055589 ], [ -91.626198, 42.054705 ], [ -91.626197, 42.056072 ], [ -91.628767, 42.056394 ], [ -91.628777, 42.058395 ], [ -91.619, 42.058284 ], [ -91.618965, 42.060172 ], [ -91.614085, 42.060141 ], [ -91.614109, 42.060726 ], [ -91.613997, 42.061191 ], [ -91.613997, 42.061228 ], [ -91.614018, 42.061739 ], [ -91.614075, 42.061739 ], [ -91.614736, 42.061741 ], [ -91.61486, 42.061741 ], [ -91.617127, 42.062741 ], [ -91.617393, 42.062845 ], [ -91.617391, 42.064337 ], [ -91.618909, 42.064335 ], [ -91.61898, 42.064984 ], [ -91.618996, 42.065538 ], [ -91.617652, 42.065533 ], [ -91.617599, 42.069084 ], [ -91.619009, 42.069092 ], [ -91.619015, 42.070996 ], [ -91.623885, 42.071053 ], [ -91.623889, 42.069249 ], [ -91.628781, 42.06932 ], [ -91.628812, 42.076501 ], [ -91.628762, 42.080215 ], [ -91.619924, 42.080074 ], [ -91.619075, 42.080065 ], [ -91.609251, 42.08007 ], [ -91.609203, 42.072805 ], [ -91.605529, 42.072791 ], [ -91.605509, 42.069169 ], [ -91.599391, 42.069183 ], [ -91.599383, 42.067721 ], [ -91.599368, 42.064709 ], [ -91.599417, 42.064302 ], [ -91.604973, 42.06438 ], [ -91.605165, 42.06043 ], [ -91.605639, 42.059026 ], [ -91.602516, 42.059081 ], [ -91.599375, 42.059047 ], [ -91.599382, 42.056937 ], [ -91.599383, 42.056888 ], [ -91.599384, 42.056776 ], [ -91.599388, 42.055839 ], [ -91.599394, 42.054153 ], [ -91.599375, 42.050472 ], [ -91.600421, 42.050542 ], [ -91.601438, 42.050779 ], [ -91.602414, 42.050927 ], [ -91.603476, 42.050946 ], [ -91.604515, 42.050951 ], [ -91.605571, 42.05095 ], [ -91.606639, 42.050963 ], [ -91.606616, 42.050356 ], [ -91.606583, 42.049458 ], [ -91.606358, 42.048596 ], [ -91.606271, 42.047713 ], [ -91.606131, 42.046813 ], [ -91.606186, 42.043639 ], [ -91.605044, 42.043634 ], [ -91.603923, 42.043616 ], [ -91.601694, 42.044917 ], [ -91.599369, 42.045457 ], [ -91.599363, 42.044374 ], [ -91.599359, 42.043645 ], [ -91.599359, 42.043604 ], [ -91.599359, 42.043019 ], [ -91.599359, 42.042212 ], [ -91.599358, 42.041471 ], [ -91.599316, 42.041079 ], [ -91.59932, 42.040314 ], [ -91.599342, 42.039226 ], [ -91.599342, 42.038469 ], [ -91.598082, 42.038463 ], [ -91.596856, 42.03845 ], [ -91.595707, 42.038425 ], [ -91.594633, 42.038416 ], [ -91.593507, 42.038403 ], [ -91.592206, 42.038628 ], [ -91.590941, 42.03859 ], [ -91.591224, 42.036917 ], [ -91.591645, 42.036928 ], [ -91.591604, 42.036175 ], [ -91.59167, 42.034993 ], [ -91.591676, 42.034173 ], [ -91.591671, 42.0333 ], [ -91.591051, 42.033291 ], [ -91.590453, 42.033289 ], [ -91.588965, 42.033277 ], [ -91.585835, 42.033268 ], [ -91.584701, 42.033245 ], [ -91.581292, 42.033229 ], [ -91.579406, 42.033708 ], [ -91.579193, 42.032225 ], [ -91.579187, 42.031437 ], [ -91.583283, 42.031456 ], [ -91.584381, 42.03146 ], [ -91.584383, 42.030624 ], [ -91.584391, 42.029818 ], [ -91.583275, 42.02983 ], [ -91.583265, 42.028962 ], [ -91.583265, 42.027843 ], [ -91.579148, 42.02773 ], [ -91.579143, 42.024293 ], [ -91.579139, 42.021397 ], [ -91.579138, 42.020113 ], [ -91.579135, 42.017081 ], [ -91.580685, 42.016718 ], [ -91.580721, 42.014574 ], [ -91.58401, 42.014603 ], [ -91.583985, 42.012914 ], [ -91.587764, 42.013014 ], [ -91.58782, 42.013096 ], [ -91.588458, 42.014065 ], [ -91.589682, 42.013441 ], [ -91.593732, 42.013486 ], [ -91.593728, 42.013172 ], [ -91.593728, 42.013101 ], [ -91.593715, 42.011538 ], [ -91.599164, 42.011716 ], [ -91.59917, 42.009657 ], [ -91.60102, 42.009658 ], [ -91.604068, 42.009653 ], [ -91.608186, 42.009612 ], [ -91.618806, 42.009508 ], [ -91.61881, 42.009026 ], [ -91.618808, 42.008985 ], [ -91.618572, 42.008981 ], [ -91.617835, 42.008965 ], [ -91.617354, 42.008171 ], [ -91.617576, 42.008158 ], [ -91.617502, 42.007113 ], [ -91.61623, 42.007103 ], [ -91.616206, 42.004986 ], [ -91.615765, 42.004112 ], [ -91.618615, 42.003745 ], [ -91.618623, 42.002159 ], [ -91.618504, 41.997728 ], [ -91.616241, 41.997732 ], [ -91.616245, 41.996802 ], [ -91.613934, 41.996813 ], [ -91.613943, 41.995721 ], [ -91.612911, 41.995724 ], [ -91.612851, 41.995724 ], [ -91.612689, 41.995724 ], [ -91.612682, 41.995347 ], [ -91.612678, 41.995138 ], [ -91.611208, 41.995146 ], [ -91.611186, 41.992731 ], [ -91.614872, 41.993346 ], [ -91.615127, 41.994096 ], [ -91.616845, 41.995069 ], [ -91.6176, 41.995038 ], [ -91.617981, 41.992922 ], [ -91.616497, 41.992876 ], [ -91.616682, 41.991881 ], [ -91.618568, 41.992019 ], [ -91.615778, 41.991384 ], [ -91.61381, 41.99139 ], [ -91.613805, 41.992675 ], [ -91.613802, 41.992837 ], [ -91.613437, 41.992834 ], [ -91.613192, 41.992822 ], [ -91.613067, 41.992816 ], [ -91.61279, 41.992766 ], [ -91.612701, 41.992749 ], [ -91.612621, 41.992729 ], [ -91.612506, 41.992701 ], [ -91.612355, 41.992662 ], [ -91.61219, 41.992616 ], [ -91.61203, 41.992568 ], [ -91.611974, 41.992553 ], [ -91.611896, 41.99252 ], [ -91.611869, 41.992509 ], [ -91.611784, 41.992466 ], [ -91.611678, 41.992412 ], [ -91.611647, 41.992396 ], [ -91.611571, 41.992348 ], [ -91.610018, 41.992325 ], [ -91.609874, 41.994169 ], [ -91.610956, 41.994171 ], [ -91.61096, 41.995147 ], [ -91.609824, 41.995155 ], [ -91.608191, 41.995145 ], [ -91.605115, 41.995219 ], [ -91.604127, 41.99405 ], [ -91.602752, 41.996066 ], [ -91.601479, 41.996247 ], [ -91.600514, 41.997176 ], [ -91.600555, 41.995525 ], [ -91.599154, 41.995693 ], [ -91.598231, 41.996384 ], [ -91.595429, 41.99526 ], [ -91.594069, 41.998624 ], [ -91.595739, 41.998645 ], [ -91.595523, 42.005975 ], [ -91.593561, 42.005894 ], [ -91.593675, 42.002483 ], [ -91.590153, 42.002403 ], [ -91.58777, 42.002096 ], [ -91.586391, 42.001278 ], [ -91.585831, 41.997847 ], [ -91.584165, 41.997831 ], [ -91.584199, 41.995705 ], [ -91.590867, 41.995747 ], [ -91.592537, 41.992952 ], [ -91.595272, 41.994728 ], [ -91.598129, 41.995878 ], [ -91.599144, 41.995121 ], [ -91.600375, 41.995113 ], [ -91.600046, 41.994582 ], [ -91.60128, 41.991751 ], [ -91.602299, 41.990826 ], [ -91.59258, 41.990805 ], [ -91.58902, 41.990669 ], [ -91.58565, 41.99048 ], [ -91.582421, 41.990701 ], [ -91.579627, 41.990707 ], [ -91.569489, 41.990864 ], [ -91.56873, 41.990872 ], [ -91.564237, 41.990807 ], [ -91.5637, 41.991037 ], [ -91.559833, 41.990684 ], [ -91.557159, 41.990671 ], [ -91.550257, 41.990637 ], [ -91.550056, 41.990637 ], [ -91.530524, 41.990454 ], [ -91.518875, 41.990376 ], [ -91.511763, 41.990356 ], [ -91.511144, 41.990363 ], [ -91.506301, 41.99048 ], [ -91.481975, 41.990524 ], [ -91.481971, 41.991167 ], [ -91.481802, 41.996529 ], [ -91.482023, 41.999841 ], [ -91.482056, 42.003045 ], [ -91.482071, 42.005113 ], [ -91.481905, 42.005124 ], [ -91.481833, 42.012907 ], [ -91.481779, 42.019759 ], [ -91.481752, 42.023224 ], [ -91.482061, 42.023213 ], [ -91.482053, 42.031273 ], [ -91.481844, 42.034826 ], [ -91.480721, 42.034709 ], [ -91.479133, 42.034757 ], [ -91.472554, 42.034769 ], [ -91.453012, 42.034649 ], [ -91.445708, 42.034611 ], [ -91.445334, 42.034609 ] ] ] ] } },
{ "type": "Feature", "properties": { "id": 86, "NAME": "86", "TotalPop": 31457, "PopDevPct": -0.0140012, "DemPct": 0.55814355, "RepPct": 0.42333793, "WhitePct": 0.85279532, "MinorityPct": 0.14720468, "BlackPct": 0.04785318, "HispanicPct": 0.02649091, "PacificPct": 0.00097487, "AsianPct": 0.05200695, "NativePct": 0.01551308, "TotalVAP": 23593, "Margin": 0.13480562, "color": "#2020ff", "opacity": "0.5", "DemPct2": 0.56778174, "RepPct2": 0.40742627, "Margin2": 0.16035547, "Swing": -0.02554985, "R_Margin": 0.2630888368000001, "R_Margin2": 0.2378086569, "R_Swing": 0.0252801799, "Majority": "White" }, "geometry": { "type": "MultiPolygon", "coordinates": [ [ [ [ -91.658124, 42.051407 ], [ -91.658143, 42.049731 ], [ -91.65818, 42.048922 ], [ -91.658218, 42.046836 ], [ -91.658246, 42.04514 ], [ -91.658286, 42.04282 ], [ -91.658262, 42.042003 ], [ -91.658307, 42.039604 ], [ -91.656143, 42.040684 ], [ -91.654793, 42.040433 ], [ -91.651847, 42.041417 ], [ -91.648289, 42.043545 ], [ -91.645741, 42.043614 ], [ -91.64614, 42.042608 ], [ -91.644139, 42.041313 ], [ -91.64255, 42.041167 ], [ -91.642058, 42.039498 ], [ -91.638592, 42.039933 ], [ -91.63864, 42.041177 ], [ -91.638671, 42.043501 ], [ -91.63866, 42.044735 ], [ -91.638671, 42.045623 ], [ -91.638674, 42.046703 ], [ -91.636622, 42.046682 ], [ -91.633629, 42.046609 ], [ -91.632554, 42.046445 ], [ -91.631512, 42.046293 ], [ -91.6291, 42.045823 ], [ -91.625901, 42.043915 ], [ -91.62466, 42.04384 ], [ -91.623952, 42.043832 ], [ -91.623958, 42.04308 ], [ -91.626827, 42.04022 ], [ -91.628909, 42.040243 ], [ -91.628912, 42.039736 ], [ -91.628934, 42.038834 ], [ -91.628707, 42.035845 ], [ -91.62871, 42.035229 ], [ -91.628713, 42.033055 ], [ -91.629388, 42.033247 ], [ -91.631733, 42.033849 ], [ -91.633607, 42.034186 ], [ -91.63362, 42.032541 ], [ -91.631714, 42.032507 ], [ -91.629388, 42.032464 ], [ -91.628711, 42.032453 ], [ -91.628572, 42.030252 ], [ -91.625288, 42.030129 ], [ -91.626113, 42.028424 ], [ -91.625344, 42.027956 ], [ -91.623456, 42.028017 ], [ -91.623697, 42.027442 ], [ -91.627995, 42.027798 ], [ -91.631693, 42.027929 ], [ -91.638459, 42.028095 ], [ -91.638471, 42.027204 ], [ -91.63852, 42.025446 ], [ -91.638518, 42.024443 ], [ -91.638517, 42.023744 ], [ -91.63856, 42.021423 ], [ -91.638504, 42.020353 ], [ -91.638461, 42.019519 ], [ -91.638434, 42.018532 ], [ -91.638409, 42.0172 ], [ -91.638397, 42.015981 ], [ -91.638398, 42.014737 ], [ -91.638398, 42.01351 ], [ -91.635052, 42.013437 ], [ -91.635034, 42.012354 ], [ -91.635037, 42.012248 ], [ -91.634952, 42.011154 ], [ -91.634942, 42.010984 ], [ -91.634933, 42.009816 ], [ -91.63493, 42.008619 ], [ -91.634874, 42.007315 ], [ -91.634804, 42.00615 ], [ -91.6348, 42.005122 ], [ -91.634722, 42.003418 ], [ -91.634785, 42.003277 ], [ -91.635203, 42.002271 ], [ -91.63564, 42.001216 ], [ -91.636027, 42.000357 ], [ -91.6361, 42.000202 ], [ -91.636505, 41.999181 ], [ -91.637225, 41.997724 ], [ -91.634398, 41.997633 ], [ -91.633306, 41.997605 ], [ -91.633263, 41.995213 ], [ -91.632023, 41.9952 ], [ -91.630819, 41.99518 ], [ -91.62687, 41.995129 ], [ -91.624191, 41.995103 ], [ -91.618683, 41.994994 ], [ -91.6176, 41.995038 ], [ -91.616845, 41.995069 ], [ -91.615127, 41.994096 ], [ -91.614872, 41.993346 ], [ -91.611186, 41.992731 ], [ -91.611208, 41.995146 ], [ -91.612678, 41.995138 ], [ -91.612682, 41.995347 ], [ -91.612689, 41.995724 ], [ -91.612851, 41.995724 ], [ -91.612911, 41.995724 ], [ -91.613943, 41.995721 ], [ -91.613934, 41.996813 ], [ -91.616245, 41.996802 ], [ -91.616241, 41.997732 ], [ -91.618504, 41.997728 ], [ -91.618623, 42.002159 ], [ -91.618615, 42.003745 ], [ -91.615765, 42.004112 ], [ -91.616206, 42.004986 ], [ -91.61623, 42.007103 ], [ -91.617502, 42.007113 ], [ -91.617576, 42.008158 ], [ -91.617354, 42.008171 ], [ -91.617835, 42.008965 ], [ -91.618572, 42.008981 ], [ -91.618808, 42.008985 ], [ -91.61881, 42.009026 ], [ -91.618806, 42.009508 ], [ -91.608186, 42.009612 ], [ -91.604068, 42.009653 ], [ -91.60102, 42.009658 ], [ -91.59917, 42.009657 ], [ -91.599164, 42.011716 ], [ -91.593715, 42.011538 ], [ -91.593728, 42.013101 ], [ -91.593728, 42.013172 ], [ -91.593732, 42.013486 ], [ -91.589682, 42.013441 ], [ -91.588458, 42.014065 ], [ -91.58782, 42.013096 ], [ -91.587764, 42.013014 ], [ -91.583985, 42.012914 ], [ -91.58401, 42.014603 ], [ -91.580721, 42.014574 ], [ -91.580685, 42.016718 ], [ -91.579135, 42.017081 ], [ -91.579138, 42.020113 ], [ -91.579139, 42.021397 ], [ -91.579143, 42.024293 ], [ -91.579148, 42.02773 ], [ -91.583265, 42.027843 ], [ -91.583265, 42.028962 ], [ -91.583275, 42.02983 ], [ -91.584391, 42.029818 ], [ -91.584383, 42.030624 ], [ -91.584381, 42.03146 ], [ -91.583283, 42.031456 ], [ -91.579187, 42.031437 ], [ -91.579193, 42.032225 ], [ -91.579406, 42.033708 ], [ -91.581292, 42.033229 ], [ -91.584701, 42.033245 ], [ -91.585835, 42.033268 ], [ -91.588965, 42.033277 ], [ -91.590453, 42.033289 ], [ -91.591051, 42.033291 ], [ -91.591671, 42.0333 ], [ -91.591676, 42.034173 ], [ -91.59167, 42.034993 ], [ -91.591604, 42.036175 ], [ -91.591645, 42.036928 ], [ -91.591224, 42.036917 ], [ -91.590941, 42.03859 ], [ -91.592206, 42.038628 ], [ -91.593507, 42.038403 ], [ -91.594633, 42.038416 ], [ -91.595707, 42.038425 ], [ -91.596856, 42.03845 ], [ -91.598082, 42.038463 ], [ -91.599342, 42.038469 ], [ -91.599342, 42.039226 ], [ -91.59932, 42.040314 ], [ -91.599316, 42.041079 ], [ -91.599358, 42.041471 ], [ -91.599359, 42.042212 ], [ -91.599359, 42.043019 ], [ -91.599359, 42.043604 ], [ -91.599359, 42.043645 ], [ -91.599363, 42.044374 ], [ -91.599369, 42.045457 ], [ -91.601694, 42.044917 ], [ -91.603923, 42.043616 ], [ -91.605044, 42.043634 ], [ -91.606186, 42.043639 ], [ -91.606131, 42.046813 ], [ -91.606271, 42.047713 ], [ -91.606358, 42.048596 ], [ -91.606583, 42.049458 ], [ -91.606616, 42.050356 ], [ -91.606639, 42.050963 ], [ -91.605571, 42.05095 ], [ -91.604515, 42.050951 ], [ -91.603476, 42.050946 ], [ -91.602414, 42.050927 ], [ -91.601438, 42.050779 ], [ -91.600421, 42.050542 ], [ -91.599375, 42.050472 ], [ -91.599394, 42.054153 ], [ -91.599388, 42.055839 ], [ -91.599384, 42.056776 ], [ -91.599383, 42.056888 ], [ -91.599382, 42.056937 ], [ -91.599375, 42.059047 ], [ -91.602516, 42.059081 ], [ -91.605639, 42.059026 ], [ -91.605165, 42.06043 ], [ -91.604973, 42.06438 ], [ -91.599417, 42.064302 ], [ -91.599368, 42.064709 ], [ -91.599383, 42.067721 ], [ -91.599391, 42.069183 ], [ -91.605509, 42.069169 ], [ -91.605529, 42.072791 ], [ -91.609203, 42.072805 ], [ -91.609251, 42.08007 ], [ -91.619075, 42.080065 ], [ -91.619924, 42.080074 ], [ -91.628762, 42.080215 ], [ -91.628812, 42.076501 ], [ -91.628781, 42.06932 ], [ -91.623889, 42.069249 ], [ -91.623885, 42.071053 ], [ -91.619015, 42.070996 ], [ -91.619009, 42.069092 ], [ -91.617599, 42.069084 ], [ -91.617652, 42.065533 ], [ -91.618996, 42.065538 ], [ -91.61898, 42.064984 ], [ -91.618909, 42.064335 ], [ -91.617391, 42.064337 ], [ -91.617393, 42.062845 ], [ -91.617127, 42.062741 ], [ -91.61486, 42.061741 ], [ -91.614736, 42.061741 ], [ -91.614075, 42.061739 ], [ -91.614018, 42.061739 ], [ -91.613997, 42.061228 ], [ -91.613997, 42.061191 ], [ -91.614109, 42.060726 ], [ -91.614085, 42.060141 ], [ -91.618965, 42.060172 ], [ -91.619, 42.058284 ], [ -91.628777, 42.058395 ], [ -91.628767, 42.056394 ], [ -91.626197, 42.056072 ], [ -91.626198, 42.054705 ], [ -91.62876, 42.055589 ], [ -91.629333, 42.055778 ], [ -91.631577, 42.056572 ], [ -91.635106, 42.057735 ], [ -91.63608, 42.058043 ], [ -91.636054, 42.058702 ], [ -91.634223, 42.058674 ], [ -91.634265, 42.06211 ], [ -91.638543, 42.062171 ], [ -91.638555, 42.059374 ], [ -91.637863, 42.059175 ], [ -91.637861, 42.058569 ], [ -91.638558, 42.058767 ], [ -91.641223, 42.059577 ], [ -91.643445, 42.06065 ], [ -91.64408, 42.060988 ], [ -91.644466, 42.061193 ], [ -91.644454, 42.062903 ], [ -91.645792, 42.063177 ], [ -91.64593, 42.063541 ], [ -91.647359, 42.063854 ], [ -91.647943, 42.063374 ], [ -91.649029, 42.064195 ], [ -91.653286, 42.064235 ], [ -91.65328, 42.066808 ], [ -91.658156, 42.066849 ], [ -91.658153, 42.066414 ], [ -91.658191, 42.065299 ], [ -91.658204, 42.06319 ], [ -91.658076, 42.063189 ], [ -91.658013, 42.063189 ], [ -91.657737, 42.063188 ], [ -91.657737, 42.063173 ], [ -91.657738, 42.06299 ], [ -91.657738, 42.062793 ], [ -91.657739, 42.062591 ], [ -91.658207, 42.062591 ], [ -91.658209, 42.062302 ], [ -91.658202, 42.056623 ], [ -91.658189, 42.055011 ], [ -91.658186, 42.054607 ], [ -91.658168, 42.053617 ], [ -91.658153, 42.052804 ], [ -91.658124, 42.051407 ] ] ] ] } },
{ "type": "Feature", "properties": { "id": 87, "NAME": "87", "TotalPop": 31388, "PopDevPct": -0.01616396, "DemPct": 0.42509427, "RepPct": 0.55502228, "WhitePct": 0.92796351, "MinorityPct": 0.07203649, "BlackPct": 0.02247832, "HispanicPct": 0.02154172, "PacificPct": 0.0011402, "AsianPct": 0.00871442, "NativePct": 0.01413039, "TotalVAP": 24557, "Margin": -0.12992801, "color": "#ff2020", "opacity": "0.5", "DemPct2": 0.44517894, "RepPct2": 0.53424892, "Margin2": -0.08906998, "Swing": -0.04085803, "R_Margin": -0.0016447932, "R_Margin2": -0.0116167931, "R_Swing": 0.0099719999, "Majority": "White" }, "geometry": { "type": "MultiPolygon", "coordinates": [ [ [ [ -91.550257, 41.990637 ], [ -91.557159, 41.990671 ], [ -91.559833, 41.990684 ], [ -91.5637, 41.991037 ], [ -91.564237, 41.990807 ], [ -91.56873, 41.990872 ], [ -91.569489, 41.990864 ], [ -91.579627, 41.990707 ], [ -91.582421, 41.990701 ], [ -91.58565, 41.99048 ], [ -91.58902, 41.990669 ], [ -91.59258, 41.990805 ], [ -91.602299, 41.990826 ], [ -91.602503, 41.990617 ], [ -91.60301, 41.989549 ], [ -91.603202, 41.989002 ], [ -91.603265, 41.988821 ], [ -91.603301, 41.98872 ], [ -91.604032, 41.988711 ], [ -91.604037, 41.989 ], [ -91.605272, 41.988301 ], [ -91.603569, 41.987816 ], [ -91.603688, 41.987416 ], [ -91.601609, 41.987792 ], [ -91.599142, 41.987807 ], [ -91.599113, 41.984137 ], [ -91.597325, 41.984104 ], [ -91.595514, 41.983355 ], [ -91.596295, 41.981877 ], [ -91.596623, 41.98127 ], [ -91.59411, 41.981217 ], [ -91.594092, 41.982763 ], [ -91.59205, 41.981917 ], [ -91.591097, 41.981524 ], [ -91.591111, 41.981507 ], [ -91.591122, 41.981491 ], [ -91.591346, 41.981197 ], [ -91.59141, 41.981112 ], [ -91.591524, 41.980963 ], [ -91.591563, 41.98091 ], [ -91.592369, 41.981287 ], [ -91.592373, 41.981057 ], [ -91.594112, 41.981059 ], [ -91.59412, 41.980396 ], [ -91.596184, 41.980438 ], [ -91.59646, 41.97921 ], [ -91.595023, 41.978676 ], [ -91.595671, 41.977985 ], [ -91.599086, 41.978058 ], [ -91.599095, 41.977566 ], [ -91.599592, 41.977565 ], [ -91.599592, 41.977502 ], [ -91.599592, 41.976876 ], [ -91.600309, 41.976885 ], [ -91.600299, 41.973224 ], [ -91.601542, 41.973234 ], [ -91.60153, 41.975794 ], [ -91.600755, 41.975798 ], [ -91.60075, 41.976727 ], [ -91.60075, 41.976774 ], [ -91.600753, 41.976871 ], [ -91.600759, 41.977522 ], [ -91.600759, 41.977554 ], [ -91.60076, 41.977564 ], [ -91.600803, 41.977564 ], [ -91.600951, 41.977562 ], [ -91.600947, 41.976871 ], [ -91.601517, 41.976873 ], [ -91.603988, 41.976864 ], [ -91.603935, 41.973229 ], [ -91.606342, 41.973386 ], [ -91.606386, 41.97686 ], [ -91.606983, 41.976859 ], [ -91.60694, 41.973223 ], [ -91.607547, 41.97322 ], [ -91.607581, 41.976034 ], [ -91.608758, 41.976029 ], [ -91.608774, 41.97287 ], [ -91.608766, 41.971824 ], [ -91.608754, 41.969588 ], [ -91.605756, 41.969583 ], [ -91.605762, 41.973228 ], [ -91.605049, 41.971984 ], [ -91.603946, 41.971985 ], [ -91.603942, 41.969584 ], [ -91.600915, 41.969587 ], [ -91.600203, 41.968406 ], [ -91.599143, 41.968392 ], [ -91.599137, 41.968673 ], [ -91.594249, 41.968594 ], [ -91.594263, 41.965892 ], [ -91.599183, 41.965945 ], [ -91.608764, 41.965959 ], [ -91.618374, 41.96591 ], [ -91.618611, 41.951394 ], [ -91.618653, 41.94827 ], [ -91.614251, 41.948884 ], [ -91.611579, 41.949667 ], [ -91.607652, 41.951556 ], [ -91.59925, 41.956908 ], [ -91.59109, 41.962077 ], [ -91.588653, 41.9635 ], [ -91.585323, 41.964771 ], [ -91.581091, 41.965237 ], [ -91.580881, 41.965234 ], [ -91.580722, 41.965365 ], [ -91.580766, 41.966435 ], [ -91.581231, 41.967339 ], [ -91.579498, 41.967626 ], [ -91.578025, 41.96556 ], [ -91.574435, 41.964196 ], [ -91.57007, 41.961626 ], [ -91.566162, 41.961094 ], [ -91.560857, 41.959691 ], [ -91.554935, 41.958771 ], [ -91.554817, 41.957887 ], [ -91.554105, 41.955973 ], [ -91.550687, 41.95188 ], [ -91.556398, 41.949083 ], [ -91.560212, 41.952249 ], [ -91.560219, 41.951749 ], [ -91.56311, 41.954575 ], [ -91.565172, 41.954404 ], [ -91.566307, 41.956829 ], [ -91.569584, 41.958775 ], [ -91.572013, 41.960706 ], [ -91.573243, 41.960799 ], [ -91.566395, 41.955401 ], [ -91.565683, 41.953784 ], [ -91.564916, 41.95139 ], [ -91.564049, 41.950689 ], [ -91.562814, 41.947157 ], [ -91.562958, 41.94488 ], [ -91.561377, 41.941067 ], [ -91.56118, 41.935557 ], [ -91.55909, 41.934009 ], [ -91.556619, 41.932715 ], [ -91.553889, 41.932621 ], [ -91.552502, 41.9315 ], [ -91.551555, 41.929185 ], [ -91.551995, 41.927992 ], [ -91.551067, 41.926132 ], [ -91.550902, 41.925827 ], [ -91.549556, 41.923344 ], [ -91.546574, 41.921496 ], [ -91.543871, 41.921 ], [ -91.539323, 41.920843 ], [ -91.536654, 41.919811 ], [ -91.533734, 41.919845 ], [ -91.530582, 41.920675 ], [ -91.528859, 41.921957 ], [ -91.525515, 41.922915 ], [ -91.52315, 41.922833 ], [ -91.52172, 41.922381 ], [ -91.517387, 41.918875 ], [ -91.51542, 41.918269 ], [ -91.511236, 41.918124 ], [ -91.509945, 41.918347 ], [ -91.507857, 41.916798 ], [ -91.507839, 41.914247 ], [ -91.508245, 41.91359 ], [ -91.513398, 41.910011 ], [ -91.513995, 41.909227 ], [ -91.514115, 41.907352 ], [ -91.513525, 41.905183 ], [ -91.511974, 41.903787 ], [ -91.508656, 41.901524 ], [ -91.506335, 41.900772 ], [ -91.50216, 41.900492 ], [ -91.501632, 41.900205 ], [ -91.49162, 41.89999 ], [ -91.489637, 41.899652 ], [ -91.487169, 41.898358 ], [ -91.485618, 41.896961 ], [ -91.483765, 41.894614 ], [ -91.481599, 41.892953 ], [ -91.481471, 41.892074 ], [ -91.481466, 41.886681 ], [ -91.481459, 41.875879 ], [ -91.481943, 41.867927 ], [ -91.481936, 41.859762 ], [ -91.463493, 41.859594 ], [ -91.444102, 41.859606 ], [ -91.431393, 41.859612 ], [ -91.42453, 41.85962 ], [ -91.413145, 41.859688 ], [ -91.412642, 41.859693 ], [ -91.411988, 41.859701 ], [ -91.40597, 41.859735 ], [ -91.405131, 41.859748 ], [ -91.385705, 41.859953 ], [ -91.376657, 41.860016 ], [ -91.371115, 41.860044 ], [ -91.366221, 41.860069 ], [ -91.366208, 41.865931 ], [ -91.366166, 41.879006 ], [ -91.366119, 41.893897 ], [ -91.366138, 41.903168 ], [ -91.366014, 41.916777 ], [ -91.366006, 41.918271 ], [ -91.365977, 41.926059 ], [ -91.365974, 41.926996 ], [ -91.365877, 41.94741 ], [ -91.356414, 41.94728 ], [ -91.346392, 41.947257 ], [ -91.337515, 41.947182 ], [ -91.32775, 41.947184 ], [ -91.30767, 41.947205 ], [ -91.288315, 41.947235 ], [ -91.268737, 41.947212 ], [ -91.249113, 41.947205 ], [ -91.234488, 41.947185 ], [ -91.210574, 41.947073 ], [ -91.210218, 41.947082 ], [ -91.205944, 41.947087 ], [ -91.190922, 41.94702 ], [ -91.161691, 41.946899 ], [ -91.161455, 41.946896 ], [ -91.151821, 41.946854 ], [ -91.132172, 41.946778 ], [ -91.113084, 41.946753 ], [ -91.112665, 41.946767 ], [ -91.093397, 41.946664 ], [ -91.093178, 41.946684 ], [ -91.088334, 41.946677 ], [ -91.073708, 41.946638 ], [ -91.073579, 41.94664 ], [ -91.054409, 41.946606 ], [ -91.053429, 41.946607 ], [ -91.049474, 41.946705 ], [ -91.042342, 41.946565 ], [ -91.034687, 41.946605 ], [ -91.019933, 41.946604 ], [ -91.014978, 41.946596 ], [ -91.005342, 41.94663 ], [ -90.993253, 41.946688 ], [ -90.989057, 41.946696 ], [ -90.976503, 41.946686 ], [ -90.966628, 41.946688 ], [ -90.952066, 41.946666 ], [ -90.937301, 41.946509 ], [ -90.917904, 41.946293 ], [ -90.910902, 41.946217 ], [ -90.898484, 41.946245 ], [ -90.898413, 41.968257 ], [ -90.898476, 41.97611 ], [ -90.898439, 41.986267 ], [ -90.898472, 41.995165 ], [ -90.898458, 42.004469 ], [ -90.898402, 42.011712 ], [ -90.898396, 42.018957 ], [ -90.898312, 42.026147 ], [ -90.898387, 42.026512 ], [ -90.898373, 42.033548 ], [ -90.898366, 42.037175 ], [ -90.898352, 42.044651 ], [ -90.898339, 42.057917 ], [ -90.898358, 42.062448 ], [ -90.898385, 42.067273 ], [ -90.898208, 42.073447 ], [ -90.898217, 42.085091 ], [ -90.898347, 42.085758 ], [ -90.89826, 42.104822 ], [ -90.898226, 42.120593 ], [ -90.898654, 42.135088 ], [ -90.898629, 42.139914 ], [ -90.89849, 42.152648 ], [ -90.898458, 42.160095 ], [ -90.898458, 42.160473 ], [ -90.898447, 42.162321 ], [ -90.898435, 42.163354 ], [ -90.898428, 42.166713 ], [ -90.898498, 42.167177 ], [ -90.898455, 42.17041 ], [ -90.898412, 42.171243 ], [ -90.898354, 42.172428 ], [ -90.898347, 42.174127 ], [ -90.898304, 42.185825 ], [ -90.898279, 42.192246 ], [ -90.898268, 42.206475 ], [ -90.898267, 42.207724 ], [ -90.898217, 42.218674 ], [ -90.898087, 42.229392 ], [ -90.898102, 42.243824 ], [ -90.898075, 42.272996 ], [ -90.898039, 42.283521 ], [ -90.89802, 42.295236 ], [ -90.919157, 42.295189 ], [ -90.93288, 42.29529 ], [ -90.938645, 42.295117 ], [ -90.956495, 42.295263 ], [ -90.965016, 42.295432 ], [ -90.974512, 42.295466 ], [ -90.975624, 42.295775 ], [ -90.988523, 42.295567 ], [ -90.993348, 42.295662 ], [ -90.997917, 42.295637 ], [ -91.00039, 42.295694 ], [ -91.003283, 42.295724 ], [ -91.004175, 42.295731 ], [ -91.00782, 42.295768 ], [ -91.012476, 42.295769 ], [ -91.013718, 42.295767 ], [ -91.014937, 42.295724 ], [ -91.017312, 42.29575 ], [ -91.017681, 42.295754 ], [ -91.018707, 42.295702 ], [ -91.020229, 42.295706 ], [ -91.021698, 42.295718 ], [ -91.023448, 42.295711 ], [ -91.025276, 42.295699 ], [ -91.02599, 42.295702 ], [ -91.02861, 42.295707 ], [ -91.029008, 42.295708 ], [ -91.029299, 42.295708 ], [ -91.030692, 42.29571 ], [ -91.030863, 42.29571 ], [ -91.032268, 42.295712 ], [ -91.036614, 42.295718 ], [ -91.037667, 42.295719 ], [ -91.052878, 42.295754 ], [ -91.111363, 42.29582 ], [ -91.120981, 42.2958 ], [ -91.125413, 42.295803 ], [ -91.130079, 42.295761 ], [ -91.14005, 42.295744 ], [ -91.16456, 42.295845 ], [ -91.196977, 42.295967 ], [ -91.213717, 42.295958 ], [ -91.223913, 42.296 ], [ -91.237232, 42.296001 ], [ -91.246726, 42.295879 ], [ -91.247418, 42.296188 ], [ -91.25969, 42.296287 ], [ -91.266349, 42.296111 ], [ -91.270021, 42.296238 ], [ -91.295632, 42.296365 ], [ -91.302522, 42.296275 ], [ -91.308718, 42.296102 ], [ -91.31062, 42.296432 ], [ -91.3154, 42.296409 ], [ -91.321702, 42.296426 ], [ -91.349385, 42.296437 ], [ -91.363263, 42.296445 ], [ -91.363406, 42.282054 ], [ -91.363552, 42.267477 ], [ -91.363622, 42.256798 ], [ -91.363655, 42.252909 ], [ -91.363769, 42.241975 ], [ -91.363812, 42.231019 ], [ -91.363844, 42.223745 ], [ -91.363959, 42.209132 ], [ -91.364019, 42.202006 ], [ -91.364063, 42.194715 ], [ -91.364215, 42.180152 ], [ -91.364409, 42.165613 ], [ -91.364469, 42.161948 ], [ -91.364608, 42.151541 ], [ -91.364859, 42.136934 ], [ -91.364859, 42.13502 ], [ -91.364817, 42.121906 ], [ -91.364798, 42.117736 ], [ -91.3648, 42.11718 ], [ -91.364795, 42.115875 ], [ -91.364782, 42.11249 ], [ -91.364842, 42.100233 ], [ -91.364925, 42.092774 ], [ -91.364863, 42.085499 ], [ -91.364885, 42.0767 ], [ -91.36478, 42.070529 ], [ -91.364811, 42.070096 ], [ -91.364844, 42.04912 ], [ -91.364873, 42.034521 ], [ -91.374735, 42.034556 ], [ -91.384481, 42.034569 ], [ -91.404083, 42.034586 ], [ -91.42354, 42.034619 ], [ -91.424238, 42.034624 ], [ -91.429276, 42.03467 ], [ -91.432754, 42.034612 ], [ -91.443162, 42.0346 ], [ -91.445334, 42.034609 ], [ -91.445708, 42.034611 ], [ -91.453012, 42.034649 ], [ -91.472554, 42.034769 ], [ -91.479133, 42.034757 ], [ -91.480721, 42.034709 ], [ -91.481844, 42.034826 ], [ -91.482053, 42.031273 ], [ -91.482061, 42.023213 ], [ -91.481752, 42.023224 ], [ -91.481779, 42.019759 ], [ -91.481833, 42.012907 ], [ -91.481905, 42.005124 ], [ -91.482071, 42.005113 ], [ -91.482056, 42.003045 ], [ -91.482023, 41.999841 ], [ -91.481802, 41.996529 ], [ -91.481971, 41.991167 ], [ -91.481975, 41.990524 ], [ -91.506301, 41.99048 ], [ -91.511144, 41.990363 ], [ -91.511763, 41.990356 ], [ -91.518875, 41.990376 ], [ -91.530524, 41.990454 ], [ -91.550056, 41.990637 ], [ -91.550257, 41.990637 ] ] ] ] } },
{ "type": "Feature", "properties": { "id": 88, "NAME": "88", "TotalPop": 32218, "PopDevPct": 0.00985184, "DemPct": 0.5830337, "RepPct": 0.39984155, "WhitePct": 0.8426697, "MinorityPct": 0.1573303, "BlackPct": 0.08705366, "HispanicPct": 0.03233538, "PacificPct": 0.00223423, "AsianPct": 0.01661453, "NativePct": 0.01572084, "TotalVAP": 24617, "Margin": 0.18319215, "color": "#2020ff", "opacity": "0.5", "DemPct2": 0.60818579, "RepPct2": 0.3681306, "Margin2": 0.24005519, "Swing": -0.05686304, "R_Margin": 0.3114753668, "R_Margin2": 0.3175083769, "R_Swing": -0.0060330101, "Majority": "White" }, "geometry": { "type": "MultiPolygon", "coordinates": [ [ [ [ -91.714518, 41.862035 ], [ -91.699908, 41.861935 ], [ -91.695256, 41.861907 ], [ -91.694751, 41.861906 ], [ -91.676719, 41.861705 ], [ -91.675417, 41.86169 ], [ -91.669465, 41.861585 ], [ -91.669078, 41.861579 ], [ -91.668763, 41.861581 ], [ -91.665836, 41.86153 ], [ -91.656074, 41.861415 ], [ -91.646345, 41.861308 ], [ -91.636318, 41.861221 ], [ -91.617191, 41.860984 ], [ -91.597895, 41.860726 ], [ -91.579997, 41.86053 ], [ -91.579731, 41.860531 ], [ -91.575074, 41.860487 ], [ -91.559596, 41.860366 ], [ -91.55924, 41.860361 ], [ -91.554237, 41.860315 ], [ -91.549131, 41.860269 ], [ -91.534844, 41.860162 ], [ -91.530935, 41.860133 ], [ -91.526994, 41.860122 ], [ -91.525228, 41.860112 ], [ -91.516339, 41.86006 ], [ -91.503618, 41.85995 ], [ -91.493335, 41.859851 ], [ -91.481936, 41.859762 ], [ -91.481943, 41.867927 ], [ -91.481459, 41.875879 ], [ -91.481466, 41.886681 ], [ -91.481471, 41.892074 ], [ -91.481599, 41.892953 ], [ -91.483765, 41.894614 ], [ -91.485618, 41.896961 ], [ -91.487169, 41.898358 ], [ -91.489637, 41.899652 ], [ -91.49162, 41.89999 ], [ -91.501632, 41.900205 ], [ -91.50216, 41.900492 ], [ -91.506335, 41.900772 ], [ -91.508656, 41.901524 ], [ -91.511974, 41.903787 ], [ -91.513525, 41.905183 ], [ -91.514115, 41.907352 ], [ -91.513995, 41.909227 ], [ -91.513398, 41.910011 ], [ -91.508245, 41.91359 ], [ -91.507839, 41.914247 ], [ -91.507857, 41.916798 ], [ -91.509945, 41.918347 ], [ -91.511236, 41.918124 ], [ -91.51542, 41.918269 ], [ -91.517387, 41.918875 ], [ -91.52172, 41.922381 ], [ -91.52315, 41.922833 ], [ -91.525515, 41.922915 ], [ -91.528859, 41.921957 ], [ -91.530582, 41.920675 ], [ -91.533734, 41.919845 ], [ -91.536654, 41.919811 ], [ -91.539323, 41.920843 ], [ -91.543871, 41.921 ], [ -91.546574, 41.921496 ], [ -91.549556, 41.923344 ], [ -91.550902, 41.925827 ], [ -91.551067, 41.926132 ], [ -91.551995, 41.927992 ], [ -91.551555, 41.929185 ], [ -91.552502, 41.9315 ], [ -91.553889, 41.932621 ], [ -91.556619, 41.932715 ], [ -91.55909, 41.934009 ], [ -91.56118, 41.935557 ], [ -91.561377, 41.941067 ], [ -91.562958, 41.94488 ], [ -91.562814, 41.947157 ], [ -91.564049, 41.950689 ], [ -91.564916, 41.95139 ], [ -91.565683, 41.953784 ], [ -91.566395, 41.955401 ], [ -91.573243, 41.960799 ], [ -91.572013, 41.960706 ], [ -91.569584, 41.958775 ], [ -91.566307, 41.956829 ], [ -91.565172, 41.954404 ], [ -91.56311, 41.954575 ], [ -91.560219, 41.951749 ], [ -91.560212, 41.952249 ], [ -91.556398, 41.949083 ], [ -91.550687, 41.95188 ], [ -91.554105, 41.955973 ], [ -91.554817, 41.957887 ], [ -91.554935, 41.958771 ], [ -91.560857, 41.959691 ], [ -91.566162, 41.961094 ], [ -91.57007, 41.961626 ], [ -91.574435, 41.964196 ], [ -91.578025, 41.96556 ], [ -91.579498, 41.967626 ], [ -91.581231, 41.967339 ], [ -91.580766, 41.966435 ], [ -91.580722, 41.965365 ], [ -91.580881, 41.965234 ], [ -91.581091, 41.965237 ], [ -91.585323, 41.964771 ], [ -91.588653, 41.9635 ], [ -91.59109, 41.962077 ], [ -91.59925, 41.956908 ], [ -91.607652, 41.951556 ], [ -91.611579, 41.949667 ], [ -91.614251, 41.948884 ], [ -91.618653, 41.94827 ], [ -91.618611, 41.951394 ], [ -91.618374, 41.96591 ], [ -91.608764, 41.965959 ], [ -91.599183, 41.965945 ], [ -91.594263, 41.965892 ], [ -91.594249, 41.968594 ], [ -91.599137, 41.968673 ], [ -91.599143, 41.968392 ], [ -91.600203, 41.968406 ], [ -91.600915, 41.969587 ], [ -91.603942, 41.969584 ], [ -91.603946, 41.971985 ], [ -91.605049, 41.971984 ], [ -91.605762, 41.973228 ], [ -91.605756, 41.969583 ], [ -91.608754, 41.969588 ], [ -91.608766, 41.971824 ], [ -91.608774, 41.97287 ], [ -91.608758, 41.976029 ], [ -91.607581, 41.976034 ], [ -91.607547, 41.97322 ], [ -91.60694, 41.973223 ], [ -91.606983, 41.976859 ], [ -91.606386, 41.97686 ], [ -91.606342, 41.973386 ], [ -91.603935, 41.973229 ], [ -91.603988, 41.976864 ], [ -91.601517, 41.976873 ], [ -91.600947, 41.976871 ], [ -91.600951, 41.977562 ], [ -91.600803, 41.977564 ], [ -91.60076, 41.977564 ], [ -91.600759, 41.977554 ], [ -91.600759, 41.977522 ], [ -91.600753, 41.976871 ], [ -91.60075, 41.976774 ], [ -91.60075, 41.976727 ], [ -91.600755, 41.975798 ], [ -91.60153, 41.975794 ], [ -91.601542, 41.973234 ], [ -91.600299, 41.973224 ], [ -91.600309, 41.976885 ], [ -91.599592, 41.976876 ], [ -91.599592, 41.977502 ], [ -91.599592, 41.977565 ], [ -91.599095, 41.977566 ], [ -91.599086, 41.978058 ], [ -91.595671, 41.977985 ], [ -91.595023, 41.978676 ], [ -91.59646, 41.97921 ], [ -91.596184, 41.980438 ], [ -91.59412, 41.980396 ], [ -91.594112, 41.981059 ], [ -91.592373, 41.981057 ], [ -91.592369, 41.981287 ], [ -91.591563, 41.98091 ], [ -91.591524, 41.980963 ], [ -91.59141, 41.981112 ], [ -91.591346, 41.981197 ], [ -91.591122, 41.981491 ], [ -91.591111, 41.981507 ], [ -91.591097, 41.981524 ], [ -91.59205, 41.981917 ], [ -91.594092, 41.982763 ], [ -91.59411, 41.981217 ], [ -91.596623, 41.98127 ], [ -91.596295, 41.981877 ], [ -91.595514, 41.983355 ], [ -91.597325, 41.984104 ], [ -91.599113, 41.984137 ], [ -91.599142, 41.987807 ], [ -91.601609, 41.987792 ], [ -91.603688, 41.987416 ], [ -91.603569, 41.987816 ], [ -91.605272, 41.988301 ], [ -91.604037, 41.989 ], [ -91.604032, 41.988711 ], [ -91.603301, 41.98872 ], [ -91.603265, 41.988821 ], [ -91.603202, 41.989002 ], [ -91.60301, 41.989549 ], [ -91.602503, 41.990617 ], [ -91.602299, 41.990826 ], [ -91.60128, 41.991751 ], [ -91.600046, 41.994582 ], [ -91.600375, 41.995113 ], [ -91.599144, 41.995121 ], [ -91.598129, 41.995878 ], [ -91.595272, 41.994728 ], [ -91.592537, 41.992952 ], [ -91.590867, 41.995747 ], [ -91.584199, 41.995705 ], [ -91.584165, 41.997831 ], [ -91.585831, 41.997847 ], [ -91.586391, 42.001278 ], [ -91.58777, 42.002096 ], [ -91.590153, 42.002403 ], [ -91.593675, 42.002483 ], [ -91.593561, 42.005894 ], [ -91.595523, 42.005975 ], [ -91.595739, 41.998645 ], [ -91.594069, 41.998624 ], [ -91.595429, 41.99526 ], [ -91.598231, 41.996384 ], [ -91.599154, 41.995693 ], [ -91.600555, 41.995525 ], [ -91.600514, 41.997176 ], [ -91.601479, 41.996247 ], [ -91.602752, 41.996066 ], [ -91.604127, 41.99405 ], [ -91.605115, 41.995219 ], [ -91.608191, 41.995145 ], [ -91.609824, 41.995155 ], [ -91.61096, 41.995147 ], [ -91.610956, 41.994171 ], [ -91.609874, 41.994169 ], [ -91.610018, 41.992325 ], [ -91.611571, 41.992348 ], [ -91.611647, 41.992396 ], [ -91.611678, 41.992412 ], [ -91.611784, 41.992466 ], [ -91.611869, 41.992509 ], [ -91.611896, 41.99252 ], [ -91.611974, 41.992553 ], [ -91.61203, 41.992568 ], [ -91.61219, 41.992616 ], [ -91.612355, 41.992662 ], [ -91.612506, 41.992701 ], [ -91.612621, 41.992729 ], [ -91.612701, 41.992749 ], [ -91.61279, 41.992766 ], [ -91.613067, 41.992816 ], [ -91.613192, 41.992822 ], [ -91.613437, 41.992834 ], [ -91.613802, 41.992837 ], [ -91.613805, 41.992675 ], [ -91.61381, 41.99139 ], [ -91.615778, 41.991384 ], [ -91.618568, 41.992019 ], [ -91.616682, 41.991881 ], [ -91.616497, 41.992876 ], [ -91.617981, 41.992922 ], [ -91.6176, 41.995038 ], [ -91.618683, 41.994994 ], [ -91.624191, 41.995103 ], [ -91.62687, 41.995129 ], [ -91.630819, 41.99518 ], [ -91.632023, 41.9952 ], [ -91.633263, 41.995213 ], [ -91.633306, 41.997605 ], [ -91.634398, 41.997633 ], [ -91.637225, 41.997724 ], [ -91.637917, 41.996807 ], [ -91.638883, 41.995916 ], [ -91.640807, 41.994693 ], [ -91.642999, 41.993466 ], [ -91.644282, 41.992756 ], [ -91.643378, 41.991817 ], [ -91.642551, 41.991012 ], [ -91.642601, 41.989781 ], [ -91.642658, 41.988731 ], [ -91.642729, 41.987662 ], [ -91.642782, 41.98659 ], [ -91.642837, 41.985538 ], [ -91.642899, 41.984499 ], [ -91.642866, 41.983461 ], [ -91.642872, 41.982421 ], [ -91.642878, 41.981353 ], [ -91.642871, 41.980375 ], [ -91.642827, 41.979774 ], [ -91.642803, 41.979389 ], [ -91.642813, 41.979005 ], [ -91.6428, 41.97821 ], [ -91.642791, 41.978112 ], [ -91.642792, 41.977247 ], [ -91.644296, 41.977266 ], [ -91.646461, 41.977348 ], [ -91.649028, 41.977433 ], [ -91.649555, 41.977434 ], [ -91.650406, 41.977456 ], [ -91.651963, 41.977745 ], [ -91.652956, 41.977064 ], [ -91.654037, 41.976434 ], [ -91.655111, 41.975841 ], [ -91.656237, 41.975188 ], [ -91.657372, 41.97457 ], [ -91.658451, 41.973952 ], [ -91.659517, 41.973324 ], [ -91.660673, 41.972668 ], [ -91.661208, 41.972377 ], [ -91.661798, 41.971991 ], [ -91.663731, 41.971032 ], [ -91.66472, 41.97058 ], [ -91.665549, 41.970171 ], [ -91.668329, 41.969084 ], [ -91.667749, 41.968157 ], [ -91.667136, 41.967248 ], [ -91.666845, 41.966785 ], [ -91.665961, 41.966412 ], [ -91.664925, 41.965817 ], [ -91.663575, 41.965109 ], [ -91.66298, 41.964782 ], [ -91.662859, 41.964716 ], [ -91.662454, 41.964523 ], [ -91.661682, 41.964111 ], [ -91.662428, 41.963312 ], [ -91.662914, 41.962992 ], [ -91.664201, 41.962597 ], [ -91.665494, 41.962155 ], [ -91.664871, 41.961249 ], [ -91.66453, 41.961375 ], [ -91.664513, 41.961093 ], [ -91.664516, 41.960668 ], [ -91.664502, 41.959586 ], [ -91.664489, 41.958503 ], [ -91.66448, 41.957764 ], [ -91.664504, 41.956935 ], [ -91.664489, 41.95595 ], [ -91.664993, 41.955937 ], [ -91.664981, 41.954887 ], [ -91.664974, 41.952272 ], [ -91.667297, 41.952295 ], [ -91.667296, 41.951389 ], [ -91.667275, 41.950296 ], [ -91.667306, 41.949614 ], [ -91.667247, 41.948743 ], [ -91.666818, 41.94506 ], [ -91.666733, 41.94233 ], [ -91.666713, 41.941191 ], [ -91.666713, 41.941159 ], [ -91.669455, 41.940753 ], [ -91.669819, 41.940699 ], [ -91.676164, 41.939759 ], [ -91.685461, 41.938382 ], [ -91.693822, 41.937139 ], [ -91.699084, 41.936358 ], [ -91.702696, 41.935818 ], [ -91.704072, 41.935587 ], [ -91.704624, 41.93548 ], [ -91.705552, 41.93572 ], [ -91.705869, 41.935803 ], [ -91.710082, 41.936907 ], [ -91.715844, 41.938379 ], [ -91.715561, 41.934953 ], [ -91.715229, 41.93327 ], [ -91.715215, 41.932667 ], [ -91.715219, 41.932506 ], [ -91.715233, 41.930585 ], [ -91.715366, 41.928291 ], [ -91.715478, 41.927537 ], [ -91.716558, 41.927527 ], [ -91.719606, 41.927518 ], [ -91.725411, 41.927489 ], [ -91.725372, 41.925502 ], [ -91.725339, 41.923868 ], [ -91.728071, 41.923855 ], [ -91.728682, 41.923453 ], [ -91.730269, 41.922403 ], [ -91.730231, 41.920204 ], [ -91.729062, 41.920214 ], [ -91.715514, 41.920281 ], [ -91.715249, 41.905736 ], [ -91.734824, 41.905642 ], [ -91.734638, 41.896234 ], [ -91.734512, 41.891103 ], [ -91.744222, 41.891054 ], [ -91.749078, 41.891035 ], [ -91.748964, 41.88743 ], [ -91.758771, 41.887441 ], [ -91.758727, 41.883762 ], [ -91.744053, 41.883771 ], [ -91.744, 41.88013 ], [ -91.734248, 41.880149 ], [ -91.734191, 41.87658 ], [ -91.72933, 41.87658 ], [ -91.729393, 41.880195 ], [ -91.714842, 41.880251 ], [ -91.714732, 41.876677 ], [ -91.714518, 41.862035 ] ] ] ] } },
{ "type": "Feature", "properties": { "id": 89, "NAME": "89", "TotalPop": 31703, "PopDevPct": -0.00629049, "DemPct": 0.62996588, "RepPct": 0.35065806, "WhitePct": 0.74897926, "MinorityPct": 0.25102074, "BlackPct": 0.06642985, "HispanicPct": 0.13530949, "PacificPct": 0.00089825, "AsianPct": 0.03213294, "NativePct": 0.0159644, "TotalVAP": 24492, "Margin": 0.27930782, "color": "#00008b", "opacity": "0.5", "DemPct2": 0.64961396, "RepPct2": 0.32946308, "Margin2": 0.32015088, "Swing": -0.04084306, "R_Margin": 0.4075910368, "R_Margin2": 0.3976040669, "R_Swing": 0.0099869699, "Majority": "White" }, "geometry": { "type": "MultiPolygon", "coordinates": [ [ [ [ -91.01655, 41.597405 ], [ -91.01884, 41.597405 ], [ -91.020982, 41.597403 ], [ -91.021857, 41.597401 ], [ -91.037067, 41.5974 ], [ -91.038231, 41.597405 ], [ -91.04296, 41.597411 ], [ -91.053237, 41.597396 ], [ -91.059404, 41.597414 ], [ -91.062064, 41.597368 ], [ -91.062392, 41.597365 ], [ -91.07891, 41.597404 ], [ -91.094335, 41.597469 ], [ -91.095085, 41.597467 ], [ -91.125329, 41.597619 ], [ -91.126349, 41.597623 ], [ -91.127611, 41.597632 ], [ -91.134322, 41.59763 ], [ -91.144256, 41.597608 ], [ -91.153719, 41.597602 ], [ -91.163949, 41.597637 ], [ -91.18155, 41.597777 ], [ -91.183284, 41.597787 ], [ -91.196082, 41.597846 ], [ -91.20204, 41.597871 ], [ -91.210627, 41.597898 ], [ -91.221009, 41.597933 ], [ -91.226429, 41.59794 ], [ -91.229928, 41.59794 ], [ -91.23093, 41.597936 ], [ -91.249708, 41.598005 ], [ -91.250985, 41.598029 ], [ -91.261254, 41.598048 ], [ -91.269394, 41.59808 ], [ -91.283621, 41.598172 ], [ -91.292489, 41.598146 ], [ -91.304656, 41.598143 ], [ -91.307884, 41.598134 ], [ -91.308577, 41.598135 ], [ -91.30904, 41.598133 ], [ -91.327781, 41.598129 ], [ -91.328013, 41.598322 ], [ -91.347125, 41.598343 ], [ -91.366448, 41.598373 ], [ -91.366432, 41.61294 ], [ -91.366425, 41.616715 ], [ -91.366425, 41.616781 ], [ -91.366269, 41.620256 ], [ -91.366484, 41.623851 ], [ -91.366483, 41.628194 ], [ -91.366456, 41.634714 ], [ -91.366439, 41.64197 ], [ -91.366395, 41.656457 ], [ -91.366323, 41.665993 ], [ -91.36632, 41.666207 ], [ -91.366296, 41.66735 ], [ -91.366331, 41.671093 ], [ -91.366285, 41.678326 ], [ -91.366276, 41.680926 ], [ -91.366268, 41.68188 ], [ -91.366072, 41.685579 ], [ -91.366352, 41.685469 ], [ -91.38077, 41.685538 ], [ -91.38572, 41.685581 ], [ -91.391205, 41.685651 ], [ -91.405868, 41.685579 ], [ -91.424445, 41.685581 ], [ -91.428398, 41.685537 ], [ -91.44384, 41.685548 ], [ -91.463208, 41.685512 ], [ -91.477662, 41.685736 ], [ -91.481612, 41.685529 ], [ -91.481625, 41.685036 ], [ -91.481633, 41.684811 ], [ -91.481756, 41.68082 ], [ -91.481828, 41.669107 ], [ -91.483038, 41.668878 ], [ -91.483551, 41.668741 ], [ -91.482973, 41.667246 ], [ -91.482941, 41.667026 ], [ -91.482947, 41.665058 ], [ -91.482947, 41.664698 ], [ -91.482771, 41.661796 ], [ -91.481982, 41.660266 ], [ -91.483117, 41.660105 ], [ -91.483873, 41.660102 ], [ -91.484582, 41.660102 ], [ -91.484675, 41.656996 ], [ -91.485837, 41.656982 ], [ -91.488244, 41.656952 ], [ -91.491102, 41.6569 ], [ -91.491873, 41.65689 ], [ -91.492937, 41.656883 ], [ -91.495425, 41.656857 ], [ -91.496894, 41.656842 ], [ -91.497219, 41.656839 ], [ -91.498015, 41.656831 ], [ -91.49911, 41.65682 ], [ -91.500114, 41.65681 ], [ -91.501994, 41.656788 ], [ -91.501997, 41.655087 ], [ -91.501992, 41.653875 ], [ -91.50345, 41.653865 ], [ -91.504892, 41.653865 ], [ -91.506327, 41.653863 ], [ -91.507352, 41.653989 ], [ -91.50777, 41.654109 ], [ -91.507783, 41.653307 ], [ -91.507773, 41.652776 ], [ -91.507787, 41.65184 ], [ -91.50633, 41.650847 ], [ -91.50633, 41.650617 ], [ -91.507769, 41.65062 ], [ -91.507775, 41.649541 ], [ -91.507773, 41.648472 ], [ -91.507772, 41.647929 ], [ -91.506329, 41.647384 ], [ -91.504881, 41.647386 ], [ -91.504878, 41.646843 ], [ -91.50344, 41.646301 ], [ -91.503439, 41.645313 ], [ -91.511524, 41.648557 ], [ -91.513472, 41.649338 ], [ -91.513519, 41.648564 ], [ -91.513569, 41.647722 ], [ -91.513392, 41.647575 ], [ -91.512802, 41.647088 ], [ -91.512283, 41.646674 ], [ -91.511569, 41.646086 ], [ -91.511583, 41.645789 ], [ -91.5116, 41.643991 ], [ -91.511618, 41.641221 ], [ -91.511624, 41.641069 ], [ -91.512561, 41.641073 ], [ -91.51444, 41.641071 ], [ -91.514796, 41.641066 ], [ -91.515604, 41.641071 ], [ -91.516035, 41.641083 ], [ -91.516339, 41.641101 ], [ -91.516607, 41.641122 ], [ -91.517173, 41.641182 ], [ -91.517648, 41.641253 ], [ -91.517795, 41.64128 ], [ -91.518016, 41.640633 ], [ -91.518286, 41.639777 ], [ -91.518344, 41.636985 ], [ -91.51834, 41.635338 ], [ -91.51716, 41.635346 ], [ -91.51615, 41.635353 ], [ -91.515173, 41.635353 ], [ -91.514191, 41.635364 ], [ -91.511692, 41.635382 ], [ -91.511715, 41.633474 ], [ -91.511759, 41.630988 ], [ -91.511777, 41.629904 ], [ -91.511791, 41.629069 ], [ -91.511806, 41.628211 ], [ -91.511814, 41.627736 ], [ -91.50703, 41.627728 ], [ -91.502325, 41.627714 ], [ -91.502168, 41.627714 ], [ -91.502214, 41.62051 ], [ -91.507449, 41.62046 ], [ -91.511899, 41.620467 ], [ -91.511917, 41.605857 ], [ -91.507033, 41.605872 ], [ -91.507029, 41.60416 ], [ -91.506018, 41.598572 ], [ -91.51471, 41.598515 ], [ -91.525692, 41.598573 ], [ -91.526824, 41.598553 ], [ -91.527803, 41.597491 ], [ -91.527896, 41.596946 ], [ -91.527747, 41.59569 ], [ -91.528075, 41.595162 ], [ -91.529083, 41.594154 ], [ -91.529505, 41.593556 ], [ -91.529364, 41.592958 ], [ -91.528696, 41.592196 ], [ -91.52811, 41.591868 ], [ -91.526809, 41.591528 ], [ -91.525132, 41.591258 ], [ -91.524394, 41.590871 ], [ -91.523104, 41.589769 ], [ -91.522471, 41.588937 ], [ -91.522143, 41.588339 ], [ -91.522002, 41.587741 ], [ -91.52219, 41.586792 ], [ -91.522729, 41.586358 ], [ -91.523808, 41.585866 ], [ -91.524722, 41.585737 ], [ -91.52539, 41.58576 ], [ -91.526551, 41.586112 ], [ -91.528485, 41.58705 ], [ -91.529013, 41.58712 ], [ -91.529869, 41.586768 ], [ -91.53056, 41.585772 ], [ -91.530724, 41.585068 ], [ -91.530806, 41.583873 ], [ -91.53056, 41.583099 ], [ -91.530115, 41.582606 ], [ -91.528989, 41.581739 ], [ -91.527782, 41.580965 ], [ -91.527489, 41.580684 ], [ -91.527383, 41.580227 ], [ -91.527548, 41.579555 ], [ -91.528133, 41.578808 ], [ -91.528919, 41.578257 ], [ -91.530074, 41.57762 ], [ -91.530408, 41.57705 ], [ -91.530361, 41.576522 ], [ -91.529915, 41.575912 ], [ -91.528931, 41.575104 ], [ -91.528262, 41.57474 ], [ -91.526422, 41.574072 ], [ -91.525941, 41.574002 ], [ -91.525003, 41.573239 ], [ -91.524534, 41.572519 ], [ -91.524077, 41.571622 ], [ -91.523972, 41.570883 ], [ -91.524007, 41.570156 ], [ -91.524206, 41.569605 ], [ -91.524945, 41.568667 ], [ -91.525801, 41.568081 ], [ -91.527055, 41.567519 ], [ -91.528344, 41.567284 ], [ -91.528993, 41.56656 ], [ -91.528936, 41.566189 ], [ -91.528215, 41.565635 ], [ -91.52672, 41.565066 ], [ -91.525287, 41.564262 ], [ -91.524611, 41.563496 ], [ -91.524188, 41.562798 ], [ -91.524089, 41.562334 ], [ -91.524237, 41.561889 ], [ -91.525058, 41.561028 ], [ -91.525354, 41.560436 ], [ -91.525314, 41.559911 ], [ -91.52512, 41.559609 ], [ -91.52542, 41.559453 ], [ -91.526333, 41.559418 ], [ -91.527612, 41.560471 ], [ -91.528698, 41.560297 ], [ -91.529697, 41.55929 ], [ -91.529336, 41.556622 ], [ -91.527457, 41.554343 ], [ -91.525444, 41.552987 ], [ -91.522285, 41.551532 ], [ -91.520705, 41.549901 ], [ -91.521467, 41.54782 ], [ -91.520372, 41.546149 ], [ -91.517875, 41.546697 ], [ -91.515925, 41.548732 ], [ -91.515183, 41.548826 ], [ -91.515707, 41.544577 ], [ -91.517869, 41.542954 ], [ -91.519263, 41.540442 ], [ -91.522984, 41.539758 ], [ -91.524318, 41.538762 ], [ -91.525327, 41.538377 ], [ -91.525873, 41.53829 ], [ -91.526795, 41.538349 ], [ -91.529362, 41.539171 ], [ -91.53007, 41.539148 ], [ -91.530724, 41.538908 ], [ -91.531283, 41.538482 ], [ -91.531715, 41.537846 ], [ -91.531835, 41.537371 ], [ -91.531731, 41.536741 ], [ -91.531294, 41.536071 ], [ -91.528888, 41.535129 ], [ -91.527884, 41.534489 ], [ -91.526947, 41.533188 ], [ -91.526673, 41.532187 ], [ -91.52688, 41.531567 ], [ -91.527257, 41.530987 ], [ -91.527903, 41.530457 ], [ -91.528848, 41.529967 ], [ -91.532116, 41.529677 ], [ -91.533651, 41.529077 ], [ -91.533953, 41.528626 ], [ -91.534248, 41.527304 ], [ -91.533974, 41.526376 ], [ -91.533067, 41.525663 ], [ -91.532126, 41.525346 ], [ -91.531429, 41.525369 ], [ -91.529849, 41.526566 ], [ -91.529441, 41.526654 ], [ -91.528638, 41.526555 ], [ -91.527944, 41.526118 ], [ -91.527295, 41.525245 ], [ -91.526655, 41.52455 ], [ -91.525779, 41.524063 ], [ -91.523982, 41.523518 ], [ -91.522946, 41.522935 ], [ -91.522714, 41.522176 ], [ -91.523065, 41.520394 ], [ -91.523136, 41.518693 ], [ -91.522913, 41.518362 ], [ -91.520164, 41.517556 ], [ -91.519511, 41.51732 ], [ -91.519321, 41.516932 ], [ -91.519646, 41.516151 ], [ -91.520783, 41.515751 ], [ -91.522572, 41.515554 ], [ -91.524208, 41.516309 ], [ -91.525664, 41.516611 ], [ -91.52757, 41.516713 ], [ -91.528449, 41.516522 ], [ -91.52903, 41.515959 ], [ -91.528991, 41.515152 ], [ -91.528535, 41.514239 ], [ -91.527981, 41.513415 ], [ -91.525938, 41.512748 ], [ -91.524193, 41.512574 ], [ -91.521421, 41.512612 ], [ -91.520651, 41.512542 ], [ -91.519933, 41.512139 ], [ -91.519635, 41.511719 ], [ -91.519828, 41.51101 ], [ -91.520178, 41.510616 ], [ -91.526116, 41.509974 ], [ -91.527737, 41.509215 ], [ -91.527935, 41.507763 ], [ -91.527121, 41.50689 ], [ -91.523134, 41.504737 ], [ -91.519643, 41.50318 ], [ -91.518988, 41.502584 ], [ -91.519221, 41.500795 ], [ -91.51989, 41.499712 ], [ -91.519684, 41.49833 ], [ -91.518579, 41.497273 ], [ -91.516764, 41.496829 ], [ -91.514889, 41.497078 ], [ -91.513001, 41.498387 ], [ -91.511406, 41.501606 ], [ -91.510072, 41.502671 ], [ -91.508094, 41.502831 ], [ -91.506494, 41.500751 ], [ -91.508167, 41.498366 ], [ -91.510788, 41.497374 ], [ -91.510952, 41.496165 ], [ -91.510674, 41.494689 ], [ -91.509203, 41.493247 ], [ -91.506567, 41.492737 ], [ -91.504734, 41.493493 ], [ -91.503745, 41.493362 ], [ -91.503379, 41.491477 ], [ -91.502112, 41.48938 ], [ -91.501316, 41.48689 ], [ -91.502567, 41.485173 ], [ -91.502627, 41.484066 ], [ -91.501777, 41.4822 ], [ -91.502103, 41.47745 ], [ -91.503093, 41.476387 ], [ -91.505669, 41.476009 ], [ -91.508678, 41.477 ], [ -91.511362, 41.477 ], [ -91.51338, 41.475955 ], [ -91.514115, 41.474182 ], [ -91.514497, 41.471001 ], [ -91.516012, 41.469189 ], [ -91.515868, 41.467915 ], [ -91.514571, 41.466935 ], [ -91.510187, 41.465167 ], [ -91.505209, 41.461495 ], [ -91.503254, 41.460633 ], [ -91.499639, 41.459767 ], [ -91.498519, 41.458251 ], [ -91.499671, 41.45528 ], [ -91.498646, 41.453442 ], [ -91.499227, 41.452734 ], [ -91.50155, 41.451718 ], [ -91.502475, 41.450902 ], [ -91.50282, 41.449359 ], [ -91.502401, 41.448391 ], [ -91.500698, 41.446675 ], [ -91.495961, 41.443733 ], [ -91.491968, 41.441447 ], [ -91.490711, 41.440427 ], [ -91.487232, 41.433868 ], [ -91.485834, 41.429978 ], [ -91.483862, 41.427292 ], [ -91.48386, 41.425827 ], [ -91.483995, 41.423848 ], [ -91.48037, 41.423854 ], [ -91.47934, 41.423859 ], [ -91.474756, 41.424156 ], [ -91.473855, 41.424158 ], [ -91.472476, 41.424165 ], [ -91.463881, 41.424217 ], [ -91.463259, 41.424217 ], [ -91.463046, 41.424217 ], [ -91.460384, 41.42418 ], [ -91.454984, 41.423997 ], [ -91.453829, 41.42396 ], [ -91.447023, 41.423745 ], [ -91.442387, 41.423579 ], [ -91.426461, 41.423589 ], [ -91.418941, 41.423599 ], [ -91.416913, 41.423602 ], [ -91.412182, 41.423606 ], [ -91.410377, 41.423599 ], [ -91.391574, 41.423626 ], [ -91.386945, 41.423414 ], [ -91.386, 41.423267 ], [ -91.368521, 41.423178 ], [ -91.36876, 41.408656 ], [ -91.368871, 41.402191 ], [ -91.368693, 41.401621 ], [ -91.369104, 41.379671 ], [ -91.369198, 41.374921 ], [ -91.369145, 41.365076 ], [ -91.369223, 41.356513 ], [ -91.369227, 41.350557 ], [ -91.369268, 41.339352 ], [ -91.369332, 41.336063 ], [ -91.359104, 41.335951 ], [ -91.352029, 41.336057 ], [ -91.338774, 41.335868 ], [ -91.337877, 41.335874 ], [ -91.336742, 41.335864 ], [ -91.324844, 41.335722 ], [ -91.321428, 41.335811 ], [ -91.307781, 41.335706 ], [ -91.287648, 41.335669 ], [ -91.273264, 41.335651 ], [ -91.262002, 41.335588 ], [ -91.253807, 41.335546 ], [ -91.253766, 41.342825 ], [ -91.253807, 41.357378 ], [ -91.253583, 41.378948 ], [ -91.25341, 41.38142 ], [ -91.253411, 41.383109 ], [ -91.25345, 41.386449 ], [ -91.253346, 41.39348 ], [ -91.253278, 41.397577 ], [ -91.253225, 41.400936 ], [ -91.253052, 41.415394 ], [ -91.252871, 41.421194 ], [ -91.252804, 41.422808 ], [ -91.214619, 41.422479 ], [ -91.195301, 41.422302 ], [ -91.166398, 41.422098 ], [ -91.164944, 41.422042 ], [ -91.13735, 41.421812 ], [ -91.134623, 41.421807 ], [ -91.125206, 41.421713 ], [ -91.114174, 41.421686 ], [ -91.108529, 41.421642 ], [ -91.10852, 41.425511 ], [ -91.108591, 41.43684 ], [ -91.108479, 41.45767 ], [ -91.108337, 41.46526 ], [ -91.108322, 41.467653 ], [ -91.107967, 41.48736 ], [ -91.107839, 41.494478 ], [ -91.125834, 41.494517 ], [ -91.127151, 41.494515 ], [ -91.127178, 41.495216 ], [ -91.126872, 41.508834 ], [ -91.120048, 41.508904 ], [ -91.118463, 41.50887 ], [ -91.102012, 41.508667 ], [ -91.096179, 41.508603 ], [ -91.093007, 41.508559 ], [ -91.087338, 41.508502 ], [ -91.082938, 41.50844 ], [ -91.077937, 41.508382 ], [ -91.06852, 41.508268 ], [ -91.058541, 41.50815 ], [ -91.050164, 41.508079 ], [ -91.038956, 41.507985 ], [ -91.034206, 41.507948 ], [ -91.029453, 41.507906 ], [ -91.021173, 41.507855 ], [ -91.019528, 41.507846 ], [ -91.019386, 41.515171 ], [ -91.019243, 41.522386 ], [ -91.027691, 41.522465 ], [ -91.038557, 41.522652 ], [ -91.038325, 41.534389 ], [ -91.038294, 41.537318 ], [ -91.038289, 41.537774 ], [ -91.038214, 41.544564 ], [ -91.038145, 41.551983 ], [ -91.038117, 41.55933 ], [ -91.038075, 41.56665 ], [ -91.038196, 41.578828 ], [ -91.038198, 41.578972 ], [ -91.038223, 41.581451 ], [ -91.038228, 41.583689 ], [ -91.026069, 41.585876 ], [ -91.023837, 41.586285 ], [ -91.023847, 41.585401 ], [ -91.023859, 41.583606 ], [ -91.018848, 41.583504 ], [ -91.018805, 41.580686 ], [ -91.012665, 41.580794 ], [ -91.01192, 41.580807 ], [ -91.011308, 41.580819 ], [ -91.011247, 41.584432 ], [ -91.009992, 41.584441 ], [ -91.008602, 41.584458 ], [ -91.006481, 41.584492 ], [ -91.006448, 41.587548 ], [ -91.006434, 41.589489 ], [ -91.006421, 41.589983 ], [ -91.006371, 41.591867 ], [ -91.008377, 41.591837 ], [ -91.008625, 41.594005 ], [ -91.007367, 41.59422 ], [ -91.005518, 41.595902 ], [ -91.00529, 41.597384 ], [ -91.011302, 41.597401 ], [ -91.01655, 41.597405 ] ] ] ] } },
{ "type": "Feature", "properties": { "id": 90, "NAME": "90", "TotalPop": 32339, "PopDevPct": 0.0136445, "DemPct": 0.41241099, "RepPct": 0.56744659, "WhitePct": 0.81146146, "MinorityPct": 0.18853854, "BlackPct": 0.03169328, "HispanicPct": 0.12693524, "PacificPct": 4.053e-05, "AsianPct": 0.01094269, "NativePct": 0.01767042, "TotalVAP": 24674, "Margin": -0.1550356, "color": "#ff2020", "opacity": "0.5", "DemPct2": 0.44633863, "RepPct2": 0.52996255, "Margin2": -0.08362392, "Swing": -0.07141168, "R_Margin": -0.0267523832, "R_Margin2": -0.0061707331, "R_Swing": -0.0205816501, "Majority": "White" }, "geometry": { "type": "MultiPolygon", "coordinates": [ [ [ [ -91.021295, 41.424313 ], [ -91.01198, 41.425024 ], [ -91.009578, 41.425493 ], [ -91.005846, 41.426135 ], [ -91.003368, 41.427337 ], [ -90.993969, 41.430282 ], [ -90.985886, 41.433689 ], [ -90.982913, 41.434171 ], [ -90.979815, 41.434321 ], [ -90.975168, 41.433985 ], [ -90.97317, 41.43331 ], [ -90.972689, 41.433022 ], [ -90.970557, 41.431394 ], [ -90.966662, 41.430051 ], [ -90.962095, 41.429327 ], [ -90.958864, 41.428029 ], [ -90.954735, 41.42561 ], [ -90.949032, 41.424053 ], [ -90.939668, 41.423142 ], [ -90.933802, 41.421882 ], [ -90.930691, 41.421368 ], [ -90.925795, 41.422337 ], [ -90.924343, 41.42286 ], [ -90.919351, 41.425589 ], [ -90.90935, 41.428801 ], [ -90.902667, 41.430313 ], [ -90.896583, 41.432823 ], [ -90.890471, 41.435593 ], [ -90.879778, 41.441065 ], [ -90.876117, 41.443349 ], [ -90.871352, 41.445981 ], [ -90.86924, 41.447204 ], [ -90.860626, 41.451393 ], [ -90.857554, 41.452751 ], [ -90.853604, 41.453909 ], [ -90.847458, 41.455019 ], [ -90.840755, 41.455621 ], [ -90.833817, 41.455512 ], [ -90.82903, 41.455127 ], [ -90.824736, 41.454467 ], [ -90.81677, 41.454326 ], [ -90.811973, 41.454594 ], [ -90.807283, 41.454466 ], [ -90.795066, 41.453808 ], [ -90.786282, 41.452888 ], [ -90.786216, 41.455853 ], [ -90.786166, 41.458185 ], [ -90.786161, 41.458415 ], [ -90.785999, 41.46575 ], [ -90.785526, 41.487477 ], [ -90.785255, 41.500038 ], [ -90.785133, 41.5093 ], [ -90.785059, 41.512652 ], [ -90.78505, 41.512899 ], [ -90.785031, 41.51376 ], [ -90.784994, 41.515854 ], [ -90.784986, 41.516519 ], [ -90.784917, 41.520111 ], [ -90.784716, 41.53102 ], [ -90.784709, 41.531475 ], [ -90.784633, 41.538349 ], [ -90.784513, 41.545627 ], [ -90.784353, 41.552963 ], [ -90.784217, 41.560145 ], [ -90.78411, 41.569036 ], [ -90.784022, 41.574825 ], [ -90.783977, 41.576573 ], [ -90.783762, 41.582062 ], [ -90.783811, 41.586022 ], [ -90.783664, 41.589219 ], [ -90.783854, 41.590256 ], [ -90.783756, 41.592889 ], [ -90.783812, 41.596531 ], [ -90.802553, 41.59655 ], [ -90.803102, 41.596552 ], [ -90.812244, 41.596579 ], [ -90.822773, 41.596618 ], [ -90.826775, 41.596629 ], [ -90.841283, 41.596689 ], [ -90.853483, 41.596736 ], [ -90.857079, 41.596747 ], [ -90.859321, 41.596758 ], [ -90.85995, 41.59676 ], [ -90.875559, 41.596856 ], [ -90.880741, 41.596883 ], [ -90.888711, 41.596882 ], [ -90.890919, 41.597085 ], [ -90.892712, 41.597128 ], [ -90.899853, 41.597133 ], [ -90.903065, 41.597142 ], [ -90.904213, 41.597145 ], [ -90.905755, 41.597146 ], [ -90.907958, 41.597135 ], [ -90.909442, 41.597138 ], [ -90.914238, 41.597156 ], [ -90.925773, 41.597227 ], [ -90.933713, 41.597227 ], [ -90.933793, 41.597228 ], [ -90.945136, 41.597248 ], [ -90.958001, 41.597295 ], [ -90.964228, 41.597297 ], [ -90.966526, 41.597301 ], [ -90.967306, 41.597298 ], [ -90.970963, 41.597225 ], [ -90.977265, 41.597234 ], [ -90.996692, 41.597382 ], [ -91.00529, 41.597384 ], [ -91.005518, 41.595902 ], [ -91.007367, 41.59422 ], [ -91.008625, 41.594005 ], [ -91.008377, 41.591837 ], [ -91.006371, 41.591867 ], [ -91.006421, 41.589983 ], [ -91.006434, 41.589489 ], [ -91.006448, 41.587548 ], [ -91.006481, 41.584492 ], [ -91.008602, 41.584458 ], [ -91.009992, 41.584441 ], [ -91.011247, 41.584432 ], [ -91.011308, 41.580819 ], [ -91.01192, 41.580807 ], [ -91.012665, 41.580794 ], [ -91.018805, 41.580686 ], [ -91.018848, 41.583504 ], [ -91.023859, 41.583606 ], [ -91.023847, 41.585401 ], [ -91.023837, 41.586285 ], [ -91.026069, 41.585876 ], [ -91.038228, 41.583689 ], [ -91.038223, 41.581451 ], [ -91.038198, 41.578972 ], [ -91.038196, 41.578828 ], [ -91.038075, 41.56665 ], [ -91.038117, 41.55933 ], [ -91.038145, 41.551983 ], [ -91.038214, 41.544564 ], [ -91.038289, 41.537774 ], [ -91.038294, 41.537318 ], [ -91.038325, 41.534389 ], [ -91.038557, 41.522652 ], [ -91.027691, 41.522465 ], [ -91.019243, 41.522386 ], [ -91.019386, 41.515171 ], [ -91.019528, 41.507846 ], [ -91.021173, 41.507855 ], [ -91.029453, 41.507906 ], [ -91.034206, 41.507948 ], [ -91.038956, 41.507985 ], [ -91.050164, 41.508079 ], [ -91.058541, 41.50815 ], [ -91.06852, 41.508268 ], [ -91.077937, 41.508382 ], [ -91.082938, 41.50844 ], [ -91.087338, 41.508502 ], [ -91.093007, 41.508559 ], [ -91.096179, 41.508603 ], [ -91.102012, 41.508667 ], [ -91.118463, 41.50887 ], [ -91.120048, 41.508904 ], [ -91.126872, 41.508834 ], [ -91.127178, 41.495216 ], [ -91.127151, 41.494515 ], [ -91.125834, 41.494517 ], [ -91.107839, 41.494478 ], [ -91.107967, 41.48736 ], [ -91.108322, 41.467653 ], [ -91.108337, 41.46526 ], [ -91.108479, 41.45767 ], [ -91.108591, 41.43684 ], [ -91.10852, 41.425511 ], [ -91.108529, 41.421642 ], [ -91.114174, 41.421686 ], [ -91.125206, 41.421713 ], [ -91.134623, 41.421807 ], [ -91.13735, 41.421812 ], [ -91.164944, 41.422042 ], [ -91.166398, 41.422098 ], [ -91.195301, 41.422302 ], [ -91.214619, 41.422479 ], [ -91.252804, 41.422808 ], [ -91.252871, 41.421194 ], [ -91.253052, 41.415394 ], [ -91.253225, 41.400936 ], [ -91.253278, 41.397577 ], [ -91.253346, 41.39348 ], [ -91.25345, 41.386449 ], [ -91.253411, 41.383109 ], [ -91.25341, 41.38142 ], [ -91.253583, 41.378948 ], [ -91.253807, 41.357378 ], [ -91.253766, 41.342825 ], [ -91.253807, 41.335546 ], [ -91.24392, 41.3354 ], [ -91.239064, 41.335323 ], [ -91.229938, 41.335171 ], [ -91.200727, 41.334853 ], [ -91.200373, 41.334843 ], [ -91.189118, 41.334737 ], [ -91.18809, 41.334831 ], [ -91.18642, 41.334687 ], [ -91.177163, 41.334605 ], [ -91.168692, 41.334538 ], [ -91.158533, 41.334477 ], [ -91.153568, 41.334447 ], [ -91.151787, 41.334447 ], [ -91.138565, 41.334343 ], [ -91.128879, 41.334274 ], [ -91.119686, 41.334242 ], [ -91.11851, 41.334257 ], [ -91.109129, 41.334132 ], [ -91.099472, 41.333935 ], [ -91.098134, 41.333913 ], [ -91.093238, 41.333809 ], [ -91.085944, 41.333855 ], [ -91.074738, 41.333636 ], [ -91.072045, 41.333599 ], [ -91.071555, 41.339648 ], [ -91.069763, 41.350302 ], [ -91.067586, 41.359319 ], [ -91.066232, 41.366367 ], [ -91.065058, 41.369101 ], [ -91.063746, 41.370729 ], [ -91.059971, 41.375028 ], [ -91.059607, 41.375867 ], [ -91.055598, 41.380026 ], [ -91.052389, 41.383898 ], [ -91.051106, 41.386651 ], [ -91.05087, 41.393275 ], [ -91.050328, 41.400049 ], [ -91.04931, 41.40486 ], [ -91.048259, 41.409748 ], [ -91.047818, 41.410902 ], [ -91.046782, 41.412719 ], [ -91.045063, 41.414872 ], [ -91.043988, 41.415897 ], [ -91.039872, 41.418523 ], [ -91.036378, 41.420269 ], [ -91.034725, 41.420832 ], [ -91.033184, 41.421409 ], [ -91.027787, 41.423603 ], [ -91.021295, 41.424313 ] ] ] ] } },
{ "type": "Feature", "properties": { "id": 91, "NAME": "91", "TotalPop": 30662, "PopDevPct": -0.03891995, "DemPct": 0.51208531, "RepPct": 0.46816746, "WhitePct": 0.74903395, "MinorityPct": 0.25096605, "BlackPct": 0.11405659, "HispanicPct": 0.08733951, "PacificPct": 0.00141272, "AsianPct": 0.02505505, "NativePct": 0.02646778, "TotalVAP": 24067, "Margin": 0.04391785, "color": "#a5a5ff", "opacity": "0.5", "DemPct2": 0.56043714, "RepPct2": 0.41499193, "Margin2": 0.14544521, "Swing": -0.10152736, "R_Margin": 0.1722010668, "R_Margin2": 0.2228983969, "R_Swing": -0.0506973301, "Majority": "White" }, "geometry": { "type": "MultiPolygon", "coordinates": [ [ [ [ -90.601208, 41.52464 ], [ -90.597051, 41.524542 ], [ -90.594334, 41.524561 ], [ -90.593635, 41.524557 ], [ -90.5925, 41.524556 ], [ -90.590886, 41.524559 ], [ -90.589543, 41.524566 ], [ -90.589011, 41.524569 ], [ -90.587266, 41.52458 ], [ -90.585892, 41.524589 ], [ -90.584444, 41.524603 ], [ -90.582969, 41.524611 ], [ -90.582969, 41.524663 ], [ -90.582969, 41.525171 ], [ -90.582964, 41.52569 ], [ -90.582954, 41.526256 ], [ -90.582943, 41.526783 ], [ -90.582933, 41.527303 ], [ -90.582923, 41.527822 ], [ -90.582914, 41.528339 ], [ -90.58291, 41.528837 ], [ -90.582891, 41.530955 ], [ -90.582403, 41.530952 ], [ -90.581258, 41.530949 ], [ -90.579921, 41.530941 ], [ -90.579186, 41.530937 ], [ -90.578507, 41.530933 ], [ -90.577831, 41.530932 ], [ -90.577219, 41.530935 ], [ -90.57723, 41.531958 ], [ -90.577222, 41.532946 ], [ -90.577222, 41.533003 ], [ -90.577232, 41.53391 ], [ -90.577234, 41.534055 ], [ -90.577247, 41.534905 ], [ -90.57725, 41.535103 ], [ -90.577254, 41.535412 ], [ -90.577258, 41.535875 ], [ -90.577257, 41.536169 ], [ -90.577254, 41.536806 ], [ -90.57725, 41.537491 ], [ -90.577247, 41.538275 ], [ -90.578143, 41.538284 ], [ -90.578502, 41.538287 ], [ -90.578502, 41.538526 ], [ -90.578504, 41.538787 ], [ -90.578504, 41.539468 ], [ -90.579841, 41.539426 ], [ -90.579906, 41.540663 ], [ -90.579875, 41.54185 ], [ -90.579855, 41.543075 ], [ -90.579188, 41.543076 ], [ -90.578519, 41.543078 ], [ -90.577854, 41.543079 ], [ -90.577145, 41.543081 ], [ -90.577052, 41.544293 ], [ -90.576951, 41.545529 ], [ -90.577832, 41.545535 ], [ -90.578497, 41.54553 ], [ -90.579199, 41.545533 ], [ -90.579827, 41.545536 ], [ -90.580405, 41.545533 ], [ -90.581033, 41.54553 ], [ -90.581578, 41.545528 ], [ -90.582308, 41.545526 ], [ -90.583006, 41.545523 ], [ -90.583581, 41.545521 ], [ -90.584177, 41.545519 ], [ -90.584751, 41.545519 ], [ -90.585964, 41.545519 ], [ -90.588213, 41.54552 ], [ -90.588793, 41.545518 ], [ -90.589383, 41.545515 ], [ -90.59, 41.545513 ], [ -90.59059, 41.54551 ], [ -90.591233, 41.545512 ], [ -90.591191, 41.547853 ], [ -90.59118, 41.548631 ], [ -90.592352, 41.54864 ], [ -90.593613, 41.548645 ], [ -90.594271, 41.548645 ], [ -90.594888, 41.548645 ], [ -90.595458, 41.548645 ], [ -90.596021, 41.548645 ], [ -90.597153, 41.548645 ], [ -90.60017, 41.548695 ], [ -90.600313, 41.548198 ], [ -90.600877, 41.548214 ], [ -90.600893, 41.5477 ], [ -90.600906, 41.54732 ], [ -90.600922, 41.546827 ], [ -90.60093, 41.5464 ], [ -90.600931, 41.5455 ], [ -90.60149, 41.545493 ], [ -90.602047, 41.54549 ], [ -90.602614, 41.545491 ], [ -90.603168, 41.545491 ], [ -90.603734, 41.545492 ], [ -90.604282, 41.545493 ], [ -90.60483, 41.545493 ], [ -90.605393, 41.545493 ], [ -90.605937, 41.545493 ], [ -90.606513, 41.545494 ], [ -90.607057, 41.545495 ], [ -90.60711, 41.545495 ], [ -90.607642, 41.545494 ], [ -90.608204, 41.545496 ], [ -90.608757, 41.5455 ], [ -90.610562, 41.54548 ], [ -90.61255, 41.545457 ], [ -90.612978, 41.545459 ], [ -90.615367, 41.54546 ], [ -90.616311, 41.545454 ], [ -90.617289, 41.545448 ], [ -90.618211, 41.545442 ], [ -90.618266, 41.545442 ], [ -90.620719, 41.545433 ], [ -90.621667, 41.545429 ], [ -90.622615, 41.545414 ], [ -90.623512, 41.545429 ], [ -90.624446, 41.545426 ], [ -90.62489, 41.545425 ], [ -90.626119, 41.545418 ], [ -90.627334, 41.54541 ], [ -90.627407, 41.541779 ], [ -90.628585, 41.54177 ], [ -90.629799, 41.541767 ], [ -90.631029, 41.541781 ], [ -90.63096, 41.545419 ], [ -90.630918, 41.548123 ], [ -90.629674, 41.548106 ], [ -90.629663, 41.548852 ], [ -90.629652, 41.549567 ], [ -90.629641, 41.550279 ], [ -90.629603, 41.551783 ], [ -90.629576, 41.552986 ], [ -90.634278, 41.552488 ], [ -90.635627, 41.552346 ], [ -90.645238, 41.554633 ], [ -90.646339, 41.554331 ], [ -90.648944, 41.554333 ], [ -90.653739, 41.555631 ], [ -90.66444, 41.555331 ], [ -90.66464, 41.554731 ], [ -90.66624, 41.555631 ], [ -90.668274, 41.555524 ], [ -90.670814, 41.554928 ], [ -90.672946, 41.555029 ], [ -90.676302, 41.556233 ], [ -90.678059, 41.555532 ], [ -90.678388, 41.5556 ], [ -90.678758, 41.555597 ], [ -90.678593, 41.550527 ], [ -90.678786, 41.54546 ], [ -90.687867, 41.545454 ], [ -90.687922, 41.538178 ], [ -90.683384, 41.538193 ], [ -90.683123, 41.538194 ], [ -90.679473, 41.538199 ], [ -90.678906, 41.537047 ], [ -90.676514, 41.534541 ], [ -90.674892, 41.527859 ], [ -90.674921, 41.525413 ], [ -90.675354, 41.525336 ], [ -90.675374, 41.523614 ], [ -90.674569, 41.522963 ], [ -90.675123, 41.519993 ], [ -90.675079, 41.51363 ], [ -90.674433, 41.512325 ], [ -90.674595, 41.509536 ], [ -90.676755, 41.509076 ], [ -90.676583, 41.508971 ], [ -90.673445, 41.507336 ], [ -90.671716, 41.504427 ], [ -90.669598, 41.502413 ], [ -90.668923, 41.500879 ], [ -90.668968, 41.490974 ], [ -90.668932, 41.486474 ], [ -90.669125, 41.479965 ], [ -90.668881, 41.478669 ], [ -90.668912, 41.467127 ], [ -90.668917, 41.466833 ], [ -90.668961, 41.464305 ], [ -90.668939, 41.463732 ], [ -90.668939, 41.460632 ], [ -90.666239, 41.460632 ], [ -90.655839, 41.462132 ], [ -90.650238, 41.465032 ], [ -90.640238, 41.473332 ], [ -90.632205, 41.478915 ], [ -90.632008, 41.479025 ], [ -90.630738, 41.479732 ], [ -90.618537, 41.485032 ], [ -90.605936, 41.494232 ], [ -90.604237, 41.497032 ], [ -90.602137, 41.506032 ], [ -90.605342, 41.508694 ], [ -90.606177, 41.509554 ], [ -90.607596, 41.510928 ], [ -90.607863, 41.512581 ], [ -90.607888, 41.51274 ], [ -90.608004, 41.513564 ], [ -90.608115, 41.514378 ], [ -90.608434, 41.516447 ], [ -90.607435, 41.516901 ], [ -90.60777, 41.51733 ], [ -90.607812, 41.517383 ], [ -90.608141, 41.517805 ], [ -90.608501, 41.518267 ], [ -90.608942, 41.518848 ], [ -90.609145, 41.519115 ], [ -90.609246, 41.519249 ], [ -90.609467, 41.519542 ], [ -90.60986, 41.520062 ], [ -90.605208, 41.520093 ], [ -90.604945, 41.520129 ], [ -90.603711, 41.520147 ], [ -90.60311, 41.520149 ], [ -90.60181, 41.520151 ], [ -90.601173, 41.520148 ], [ -90.601182, 41.520738 ], [ -90.601185, 41.521223 ], [ -90.601187, 41.521775 ], [ -90.60119, 41.522327 ], [ -90.601193, 41.522885 ], [ -90.601196, 41.523417 ], [ -90.601197, 41.523721 ], [ -90.601198, 41.523969 ], [ -90.601206, 41.524531 ], [ -90.601208, 41.52464 ] ] ] ] } },
{ "type": "Feature", "properties": { "id": 92, "NAME": "92", "TotalPop": 33037, "PopDevPct": 0.03552285, "DemPct": 0.50670504, "RepPct": 0.47595997, "WhitePct": 0.76090841, "MinorityPct": 0.23909159, "BlackPct": 0.12014134, "HispanicPct": 0.0630484, "PacificPct": 0.00123079, "AsianPct": 0.0354945, "NativePct": 0.02322627, "TotalVAP": 25187, "Margin": 0.03074507, "color": "#b6b6ff", "opacity": "0.5", "DemPct2": 0.54607105, "RepPct2": 0.43109563, "Margin2": 0.11497542, "Swing": -0.08423035, "R_Margin": 0.1590282868, "R_Margin2": 0.1924286069, "R_Swing": -0.0334003201, "Majority": "White" }, "geometry": { "type": "MultiPolygon", "coordinates": [ [ [ [ -90.571683, 41.57452 ], [ -90.571647, 41.576316 ], [ -90.571519, 41.578027 ], [ -90.571499, 41.579943 ], [ -90.571452, 41.581841 ], [ -90.573468, 41.581875 ], [ -90.575425, 41.581881 ], [ -90.576749, 41.581895 ], [ -90.577816, 41.58171 ], [ -90.579212, 41.582398 ], [ -90.578727, 41.583033 ], [ -90.577896, 41.584204 ], [ -90.577787, 41.585416 ], [ -90.576696, 41.585409 ], [ -90.572411, 41.585416 ], [ -90.571434, 41.585602 ], [ -90.571263, 41.585637 ], [ -90.570751, 41.593805 ], [ -90.569977, 41.596054 ], [ -90.569899, 41.596274 ], [ -90.568892, 41.598979 ], [ -90.56525, 41.606126 ], [ -90.565403, 41.606653 ], [ -90.56603, 41.608811 ], [ -90.568886, 41.608805 ], [ -90.568892, 41.605551 ], [ -90.568986, 41.604143 ], [ -90.569011, 41.603728 ], [ -90.578554, 41.603653 ], [ -90.578559, 41.607358 ], [ -90.578505, 41.607512 ], [ -90.578511, 41.6098 ], [ -90.578512, 41.610348 ], [ -90.578551, 41.610557 ], [ -90.578583, 41.610603 ], [ -90.578626, 41.610977 ], [ -90.570697, 41.611047 ], [ -90.570699, 41.612949 ], [ -90.569402, 41.612959 ], [ -90.567774, 41.614794 ], [ -90.568891, 41.617803 ], [ -90.570616, 41.620939 ], [ -90.571264, 41.619859 ], [ -90.572183, 41.619355 ], [ -90.580742, 41.619261 ], [ -90.58072, 41.618283 ], [ -90.598029, 41.618212 ], [ -90.607193, 41.618211 ], [ -90.612644, 41.619 ], [ -90.61262, 41.614547 ], [ -90.617471, 41.61458 ], [ -90.617489, 41.618246 ], [ -90.622295, 41.618271 ], [ -90.622281, 41.614609 ], [ -90.630794, 41.614638 ], [ -90.630816, 41.610995 ], [ -90.632006, 41.610996 ], [ -90.632005, 41.612187 ], [ -90.633539, 41.612194 ], [ -90.636866, 41.612208 ], [ -90.636856, 41.611081 ], [ -90.646503, 41.610996 ], [ -90.666219, 41.611003 ], [ -90.685792, 41.611033 ], [ -90.685783, 41.605603 ], [ -90.685648, 41.603882 ], [ -90.685654, 41.603633 ], [ -90.685633, 41.596707 ], [ -90.685818, 41.596188 ], [ -90.687061, 41.596384 ], [ -90.687089, 41.594567 ], [ -90.68731, 41.581909 ], [ -90.676968, 41.581895 ], [ -90.677664, 41.578096 ], [ -90.67854, 41.575764 ], [ -90.678474, 41.574352 ], [ -90.679072, 41.570846 ], [ -90.679572, 41.568272 ], [ -90.679463, 41.563684 ], [ -90.678758, 41.555597 ], [ -90.678388, 41.5556 ], [ -90.678059, 41.555532 ], [ -90.676302, 41.556233 ], [ -90.672946, 41.555029 ], [ -90.670814, 41.554928 ], [ -90.668274, 41.555524 ], [ -90.66624, 41.555631 ], [ -90.66464, 41.554731 ], [ -90.66444, 41.555331 ], [ -90.653739, 41.555631 ], [ -90.648944, 41.554333 ], [ -90.646339, 41.554331 ], [ -90.645238, 41.554633 ], [ -90.635627, 41.552346 ], [ -90.634278, 41.552488 ], [ -90.629576, 41.552986 ], [ -90.629603, 41.551783 ], [ -90.629641, 41.550279 ], [ -90.629652, 41.549567 ], [ -90.629663, 41.548852 ], [ -90.629674, 41.548106 ], [ -90.630918, 41.548123 ], [ -90.63096, 41.545419 ], [ -90.631029, 41.541781 ], [ -90.629799, 41.541767 ], [ -90.628585, 41.54177 ], [ -90.627407, 41.541779 ], [ -90.627334, 41.54541 ], [ -90.626119, 41.545418 ], [ -90.62489, 41.545425 ], [ -90.624446, 41.545426 ], [ -90.623512, 41.545429 ], [ -90.622615, 41.545414 ], [ -90.621667, 41.545429 ], [ -90.620719, 41.545433 ], [ -90.618266, 41.545442 ], [ -90.618211, 41.545442 ], [ -90.617289, 41.545448 ], [ -90.616311, 41.545454 ], [ -90.615367, 41.54546 ], [ -90.612978, 41.545459 ], [ -90.61255, 41.545457 ], [ -90.610562, 41.54548 ], [ -90.608757, 41.5455 ], [ -90.608204, 41.545496 ], [ -90.607642, 41.545494 ], [ -90.60711, 41.545495 ], [ -90.607057, 41.545495 ], [ -90.606513, 41.545494 ], [ -90.605937, 41.545493 ], [ -90.605393, 41.545493 ], [ -90.60483, 41.545493 ], [ -90.604282, 41.545493 ], [ -90.603734, 41.545492 ], [ -90.603168, 41.545491 ], [ -90.602614, 41.545491 ], [ -90.602047, 41.54549 ], [ -90.60149, 41.545493 ], [ -90.600931, 41.5455 ], [ -90.60093, 41.5464 ], [ -90.600922, 41.546827 ], [ -90.600906, 41.54732 ], [ -90.600893, 41.5477 ], [ -90.600877, 41.548214 ], [ -90.600313, 41.548198 ], [ -90.60017, 41.548695 ], [ -90.597153, 41.548645 ], [ -90.596021, 41.548645 ], [ -90.595458, 41.548645 ], [ -90.594888, 41.548645 ], [ -90.594271, 41.548645 ], [ -90.593613, 41.548645 ], [ -90.592352, 41.54864 ], [ -90.59118, 41.548631 ], [ -90.591191, 41.547853 ], [ -90.591233, 41.545512 ], [ -90.59059, 41.54551 ], [ -90.59, 41.545513 ], [ -90.589383, 41.545515 ], [ -90.588793, 41.545518 ], [ -90.588213, 41.54552 ], [ -90.585964, 41.545519 ], [ -90.584751, 41.545519 ], [ -90.584177, 41.545519 ], [ -90.583581, 41.545521 ], [ -90.583006, 41.545523 ], [ -90.582308, 41.545526 ], [ -90.581578, 41.545528 ], [ -90.581033, 41.54553 ], [ -90.580405, 41.545533 ], [ -90.579827, 41.545536 ], [ -90.579199, 41.545533 ], [ -90.578497, 41.54553 ], [ -90.577832, 41.545535 ], [ -90.576951, 41.545529 ], [ -90.575776, 41.54552 ], [ -90.575773, 41.54604 ], [ -90.575762, 41.546681 ], [ -90.575113, 41.546679 ], [ -90.57445, 41.546676 ], [ -90.57443, 41.547642 ], [ -90.574409, 41.548625 ], [ -90.574393, 41.549677 ], [ -90.574383, 41.550165 ], [ -90.574373, 41.550667 ], [ -90.573807, 41.550668 ], [ -90.573212, 41.550667 ], [ -90.572499, 41.550666 ], [ -90.571877, 41.550665 ], [ -90.571875, 41.550954 ], [ -90.570217, 41.550954 ], [ -90.570202, 41.550997 ], [ -90.56982, 41.551893 ], [ -90.569543, 41.552577 ], [ -90.569467, 41.552783 ], [ -90.569293, 41.553371 ], [ -90.569275, 41.55344 ], [ -90.569198, 41.55373 ], [ -90.568952, 41.55475 ], [ -90.568708, 41.556501 ], [ -90.568686, 41.556671 ], [ -90.568585, 41.557475 ], [ -90.569982, 41.557469 ], [ -90.572616, 41.557457 ], [ -90.572576, 41.559406 ], [ -90.572539, 41.560188 ], [ -90.570997, 41.560219 ], [ -90.569986, 41.560235 ], [ -90.568231, 41.560178 ], [ -90.568205, 41.560368 ], [ -90.567767, 41.563626 ], [ -90.567586, 41.56554 ], [ -90.567955, 41.567605 ], [ -90.568378, 41.569473 ], [ -90.568387, 41.569509 ], [ -90.568485, 41.569943 ], [ -90.568613, 41.570501 ], [ -90.568761, 41.571167 ], [ -90.569229, 41.573335 ], [ -90.56965, 41.574535 ], [ -90.571683, 41.57452 ] ] ] ] } },
{ "type": "Feature", "properties": { "id": 93, "NAME": "93", "TotalPop": 32741, "PopDevPct": 0.02624493, "DemPct": 0.51654799, "RepPct": 0.46459698, "WhitePct": 0.81055545, "MinorityPct": 0.18944455, "BlackPct": 0.08559004, "HispanicPct": 0.05143309, "PacificPct": 0.00075114, "AsianPct": 0.03609409, "NativePct": 0.01391579, "TotalVAP": 25295, "Margin": 0.05195101, "color": "#9b9bff", "opacity": "0.5", "DemPct2": 0.5438174, "RepPct2": 0.43478023, "Margin2": 0.10903717, "Swing": -0.05708616, "R_Margin": 0.1802342268, "R_Margin2": 0.1864903569, "R_Swing": -0.0062561301, "Majority": "White" }, "geometry": { "type": "MultiPolygon", "coordinates": [ [ [ [ -90.575776, 41.54552 ], [ -90.576951, 41.545529 ], [ -90.577052, 41.544293 ], [ -90.577145, 41.543081 ], [ -90.577854, 41.543079 ], [ -90.578519, 41.543078 ], [ -90.579188, 41.543076 ], [ -90.579855, 41.543075 ], [ -90.579875, 41.54185 ], [ -90.579906, 41.540663 ], [ -90.579841, 41.539426 ], [ -90.578504, 41.539468 ], [ -90.578504, 41.538787 ], [ -90.578502, 41.538526 ], [ -90.578502, 41.538287 ], [ -90.578143, 41.538284 ], [ -90.577247, 41.538275 ], [ -90.57725, 41.537491 ], [ -90.577254, 41.536806 ], [ -90.577257, 41.536169 ], [ -90.577258, 41.535875 ], [ -90.576238, 41.535886 ], [ -90.575547, 41.535884 ], [ -90.5747, 41.535881 ], [ -90.574048, 41.535878 ], [ -90.574044, 41.536101 ], [ -90.573355, 41.536106 ], [ -90.572609, 41.536111 ], [ -90.571897, 41.536116 ], [ -90.571166, 41.536116 ], [ -90.569675, 41.536119 ], [ -90.569674, 41.536226 ], [ -90.569673, 41.536723 ], [ -90.569668, 41.538275 ], [ -90.568556, 41.538274 ], [ -90.568004, 41.538274 ], [ -90.567868, 41.538274 ], [ -90.567461, 41.538274 ], [ -90.567177, 41.538276 ], [ -90.566758, 41.538278 ], [ -90.566296, 41.538276 ], [ -90.565797, 41.538275 ], [ -90.565271, 41.538273 ], [ -90.564902, 41.538272 ], [ -90.56481, 41.538272 ], [ -90.564339, 41.53827 ], [ -90.563749, 41.538269 ], [ -90.562519, 41.538271 ], [ -90.561194, 41.538288 ], [ -90.559907, 41.538294 ], [ -90.558152, 41.538303 ], [ -90.557868, 41.538305 ], [ -90.55789, 41.536259 ], [ -90.55789, 41.536135 ], [ -90.55718, 41.535982 ], [ -90.55645, 41.535358 ], [ -90.555773, 41.535064 ], [ -90.555083, 41.534785 ], [ -90.554415, 41.534694 ], [ -90.55374, 41.534622 ], [ -90.5523, 41.53423 ], [ -90.55227, 41.534224 ], [ -90.552103, 41.534221 ], [ -90.551892, 41.534239 ], [ -90.551724, 41.534285 ], [ -90.551572, 41.534343 ], [ -90.551413, 41.534404 ], [ -90.550687, 41.534809 ], [ -90.550391, 41.534954 ], [ -90.550148, 41.535002 ], [ -90.549738, 41.535031 ], [ -90.549162, 41.535054 ], [ -90.547003, 41.534636 ], [ -90.546689, 41.534545 ], [ -90.546625, 41.534518 ], [ -90.546498, 41.534462 ], [ -90.546332, 41.534318 ], [ -90.546168, 41.534087 ], [ -90.546047, 41.533875 ], [ -90.545825, 41.533621 ], [ -90.545647, 41.533492 ], [ -90.545284, 41.533306 ], [ -90.545402, 41.533153 ], [ -90.546467, 41.53316 ], [ -90.546464, 41.532666 ], [ -90.546462, 41.532138 ], [ -90.546459, 41.531628 ], [ -90.546462, 41.531099 ], [ -90.545119, 41.531089 ], [ -90.543982, 41.531081 ], [ -90.543673, 41.531606 ], [ -90.543515, 41.53212 ], [ -90.543366, 41.532574 ], [ -90.543342, 41.532643 ], [ -90.542798, 41.533768 ], [ -90.54193, 41.536009 ], [ -90.540744, 41.538412 ], [ -90.540713, 41.539459 ], [ -90.541264, 41.54027 ], [ -90.541361, 41.540404 ], [ -90.541808, 41.541552 ], [ -90.541817, 41.54207 ], [ -90.54182, 41.542596 ], [ -90.5418, 41.5443 ], [ -90.541788, 41.545211 ], [ -90.541765, 41.547026 ], [ -90.541749, 41.548369 ], [ -90.541741, 41.549189 ], [ -90.541728, 41.550606 ], [ -90.541722, 41.551158 ], [ -90.540021, 41.551831 ], [ -90.534935, 41.551332 ], [ -90.530735, 41.549232 ], [ -90.529735, 41.548232 ], [ -90.529135, 41.546932 ], [ -90.529734, 41.545632 ], [ -90.528133, 41.544632 ], [ -90.526832, 41.545632 ], [ -90.525632, 41.545332 ], [ -90.522386, 41.546892 ], [ -90.522409, 41.548436 ], [ -90.522248, 41.554751 ], [ -90.522146, 41.554943 ], [ -90.522556, 41.560387 ], [ -90.522429, 41.567627 ], [ -90.522155, 41.567622 ], [ -90.518599, 41.567607 ], [ -90.517243, 41.567607 ], [ -90.515759, 41.567576 ], [ -90.510475, 41.567611 ], [ -90.510095, 41.567614 ], [ -90.509414, 41.567626 ], [ -90.508672, 41.567639 ], [ -90.508205, 41.567647 ], [ -90.506796, 41.567668 ], [ -90.505689, 41.567681 ], [ -90.504547, 41.567696 ], [ -90.502799, 41.567721 ], [ -90.501962, 41.567733 ], [ -90.502553, 41.566231 ], [ -90.502555, 41.563831 ], [ -90.503215, 41.563881 ], [ -90.503152, 41.56312 ], [ -90.502365, 41.562174 ], [ -90.502325, 41.560485 ], [ -90.502322, 41.559397 ], [ -90.502336, 41.558603 ], [ -90.500844, 41.558592 ], [ -90.498652, 41.558572 ], [ -90.498638, 41.559385 ], [ -90.498626, 41.560541 ], [ -90.49471, 41.560607 ], [ -90.493179, 41.560627 ], [ -90.491758, 41.56064 ], [ -90.49038, 41.560646 ], [ -90.490686, 41.559489 ], [ -90.490177, 41.557832 ], [ -90.490162, 41.556007 ], [ -90.488094, 41.555657 ], [ -90.486964, 41.555671 ], [ -90.48699, 41.557208 ], [ -90.483602, 41.557527 ], [ -90.483506, 41.560698 ], [ -90.483465, 41.562803 ], [ -90.483458, 41.563154 ], [ -90.475494, 41.563225 ], [ -90.472059, 41.563237 ], [ -90.470287, 41.562187 ], [ -90.467673, 41.561494 ], [ -90.467285, 41.562622 ], [ -90.468939, 41.563071 ], [ -90.46944, 41.564538 ], [ -90.474533, 41.565435 ], [ -90.473536, 41.568937 ], [ -90.474832, 41.571337 ], [ -90.477232, 41.572333 ], [ -90.479531, 41.571633 ], [ -90.482146, 41.573832 ], [ -90.48231, 41.57397 ], [ -90.483499, 41.574786 ], [ -90.483537, 41.579944 ], [ -90.483543, 41.581016 ], [ -90.483549, 41.582073 ], [ -90.483553, 41.582572 ], [ -90.483555, 41.583053 ], [ -90.48355, 41.584021 ], [ -90.483545, 41.584433 ], [ -90.483529, 41.586355 ], [ -90.483527, 41.588338 ], [ -90.483523, 41.589862 ], [ -90.493212, 41.589752 ], [ -90.493126, 41.596386 ], [ -90.493133, 41.596619 ], [ -90.493093, 41.597 ], [ -90.490807, 41.597026 ], [ -90.490764, 41.601281 ], [ -90.490762, 41.601488 ], [ -90.493945, 41.601452 ], [ -90.493918, 41.604253 ], [ -90.493918, 41.604285 ], [ -90.503726, 41.604178 ], [ -90.504706, 41.604031 ], [ -90.504656, 41.604197 ], [ -90.508083, 41.604164 ], [ -90.519866, 41.603976 ], [ -90.532725, 41.603911 ], [ -90.53937, 41.603877 ], [ -90.539487, 41.60973 ], [ -90.541833, 41.609694 ], [ -90.543221, 41.609673 ], [ -90.543237, 41.611177 ], [ -90.549506, 41.611067 ], [ -90.5578, 41.610978 ], [ -90.563018, 41.611 ], [ -90.563375, 41.611005 ], [ -90.566281, 41.611024 ], [ -90.565157, 41.607144 ], [ -90.565007, 41.606625 ], [ -90.564327, 41.603736 ], [ -90.56525, 41.606126 ], [ -90.568892, 41.598979 ], [ -90.569899, 41.596274 ], [ -90.569977, 41.596054 ], [ -90.570751, 41.593805 ], [ -90.571263, 41.585637 ], [ -90.571434, 41.585602 ], [ -90.572411, 41.585416 ], [ -90.576696, 41.585409 ], [ -90.577787, 41.585416 ], [ -90.577896, 41.584204 ], [ -90.578727, 41.583033 ], [ -90.579212, 41.582398 ], [ -90.577816, 41.58171 ], [ -90.576749, 41.581895 ], [ -90.575425, 41.581881 ], [ -90.573468, 41.581875 ], [ -90.571452, 41.581841 ], [ -90.571499, 41.579943 ], [ -90.571519, 41.578027 ], [ -90.571647, 41.576316 ], [ -90.571683, 41.57452 ], [ -90.56965, 41.574535 ], [ -90.569229, 41.573335 ], [ -90.568761, 41.571167 ], [ -90.568613, 41.570501 ], [ -90.568485, 41.569943 ], [ -90.568387, 41.569509 ], [ -90.568378, 41.569473 ], [ -90.567955, 41.567605 ], [ -90.567586, 41.56554 ], [ -90.567767, 41.563626 ], [ -90.568205, 41.560368 ], [ -90.568231, 41.560178 ], [ -90.569986, 41.560235 ], [ -90.570997, 41.560219 ], [ -90.572539, 41.560188 ], [ -90.572576, 41.559406 ], [ -90.572616, 41.557457 ], [ -90.569982, 41.557469 ], [ -90.568585, 41.557475 ], [ -90.568686, 41.556671 ], [ -90.568708, 41.556501 ], [ -90.568952, 41.55475 ], [ -90.569198, 41.55373 ], [ -90.569275, 41.55344 ], [ -90.569293, 41.553371 ], [ -90.569467, 41.552783 ], [ -90.569543, 41.552577 ], [ -90.56982, 41.551893 ], [ -90.570202, 41.550997 ], [ -90.570217, 41.550954 ], [ -90.571875, 41.550954 ], [ -90.571877, 41.550665 ], [ -90.572499, 41.550666 ], [ -90.573212, 41.550667 ], [ -90.573807, 41.550668 ], [ -90.574373, 41.550667 ], [ -90.574383, 41.550165 ], [ -90.574393, 41.549677 ], [ -90.574409, 41.548625 ], [ -90.57443, 41.547642 ], [ -90.57445, 41.546676 ], [ -90.575113, 41.546679 ], [ -90.575762, 41.546681 ], [ -90.575773, 41.54604 ], [ -90.575776, 41.54552 ] ] ] ] } },
{ "type": "Feature", "properties": { "id": 94, "NAME": "94", "TotalPop": 33382, "PopDevPct": 0.04633665, "DemPct": 0.52654005, "RepPct": 0.45367665, "WhitePct": 0.7801773, "MinorityPct": 0.2198227, "BlackPct": 0.10364353, "HispanicPct": 0.06588042, "PacificPct": 0.00132776, "AsianPct": 0.02948413, "NativePct": 0.0236654, "TotalVAP": 25607, "Margin": 0.0728634, "color": "#8080ff", "opacity": "0.5", "DemPct2": 0.55397066, "RepPct2": 0.42227527, "Margin2": 0.13169539, "Swing": -0.05883199, "R_Margin": 0.2011466168, "R_Margin2": 0.2091485769, "R_Swing": -0.0080019600999999413, "Majority": "White" }, "geometry": { "type": "MultiPolygon", "coordinates": [ [ [ [ -90.522386, 41.546892 ], [ -90.525632, 41.545332 ], [ -90.526832, 41.545632 ], [ -90.528133, 41.544632 ], [ -90.529734, 41.545632 ], [ -90.529135, 41.546932 ], [ -90.529735, 41.548232 ], [ -90.530735, 41.549232 ], [ -90.534935, 41.551332 ], [ -90.540021, 41.551831 ], [ -90.541722, 41.551158 ], [ -90.541728, 41.550606 ], [ -90.541741, 41.549189 ], [ -90.541749, 41.548369 ], [ -90.541765, 41.547026 ], [ -90.541788, 41.545211 ], [ -90.5418, 41.5443 ], [ -90.54182, 41.542596 ], [ -90.541817, 41.54207 ], [ -90.541808, 41.541552 ], [ -90.541361, 41.540404 ], [ -90.541264, 41.54027 ], [ -90.540713, 41.539459 ], [ -90.540744, 41.538412 ], [ -90.54193, 41.536009 ], [ -90.542798, 41.533768 ], [ -90.543342, 41.532643 ], [ -90.543366, 41.532574 ], [ -90.543515, 41.53212 ], [ -90.543673, 41.531606 ], [ -90.543982, 41.531081 ], [ -90.545119, 41.531089 ], [ -90.546462, 41.531099 ], [ -90.546459, 41.531628 ], [ -90.546462, 41.532138 ], [ -90.546464, 41.532666 ], [ -90.546467, 41.53316 ], [ -90.545402, 41.533153 ], [ -90.545284, 41.533306 ], [ -90.545647, 41.533492 ], [ -90.545825, 41.533621 ], [ -90.546047, 41.533875 ], [ -90.546168, 41.534087 ], [ -90.546332, 41.534318 ], [ -90.546498, 41.534462 ], [ -90.546625, 41.534518 ], [ -90.546689, 41.534545 ], [ -90.547003, 41.534636 ], [ -90.549162, 41.535054 ], [ -90.549738, 41.535031 ], [ -90.550148, 41.535002 ], [ -90.550391, 41.534954 ], [ -90.550687, 41.534809 ], [ -90.551413, 41.534404 ], [ -90.551572, 41.534343 ], [ -90.551724, 41.534285 ], [ -90.551892, 41.534239 ], [ -90.552103, 41.534221 ], [ -90.55227, 41.534224 ], [ -90.5523, 41.53423 ], [ -90.55374, 41.534622 ], [ -90.554415, 41.534694 ], [ -90.555083, 41.534785 ], [ -90.555773, 41.535064 ], [ -90.55645, 41.535358 ], [ -90.55718, 41.535982 ], [ -90.55789, 41.536135 ], [ -90.55789, 41.536259 ], [ -90.557868, 41.538305 ], [ -90.558152, 41.538303 ], [ -90.559907, 41.538294 ], [ -90.561194, 41.538288 ], [ -90.562519, 41.538271 ], [ -90.563749, 41.538269 ], [ -90.564339, 41.53827 ], [ -90.56481, 41.538272 ], [ -90.564902, 41.538272 ], [ -90.565271, 41.538273 ], [ -90.565797, 41.538275 ], [ -90.566296, 41.538276 ], [ -90.566758, 41.538278 ], [ -90.567177, 41.538276 ], [ -90.567461, 41.538274 ], [ -90.567868, 41.538274 ], [ -90.568004, 41.538274 ], [ -90.568556, 41.538274 ], [ -90.569668, 41.538275 ], [ -90.569673, 41.536723 ], [ -90.569674, 41.536226 ], [ -90.569675, 41.536119 ], [ -90.571166, 41.536116 ], [ -90.571897, 41.536116 ], [ -90.572609, 41.536111 ], [ -90.573355, 41.536106 ], [ -90.574044, 41.536101 ], [ -90.574048, 41.535878 ], [ -90.5747, 41.535881 ], [ -90.575547, 41.535884 ], [ -90.576238, 41.535886 ], [ -90.577258, 41.535875 ], [ -90.577254, 41.535412 ], [ -90.57725, 41.535103 ], [ -90.577247, 41.534905 ], [ -90.577234, 41.534055 ], [ -90.577232, 41.53391 ], [ -90.577222, 41.533003 ], [ -90.577222, 41.532946 ], [ -90.57723, 41.531958 ], [ -90.577219, 41.530935 ], [ -90.577831, 41.530932 ], [ -90.578507, 41.530933 ], [ -90.579186, 41.530937 ], [ -90.579921, 41.530941 ], [ -90.581258, 41.530949 ], [ -90.582403, 41.530952 ], [ -90.582891, 41.530955 ], [ -90.58291, 41.528837 ], [ -90.582914, 41.528339 ], [ -90.582923, 41.527822 ], [ -90.582933, 41.527303 ], [ -90.582943, 41.526783 ], [ -90.582954, 41.526256 ], [ -90.582964, 41.52569 ], [ -90.582969, 41.525171 ], [ -90.582969, 41.524663 ], [ -90.582969, 41.524611 ], [ -90.584444, 41.524603 ], [ -90.585892, 41.524589 ], [ -90.587266, 41.52458 ], [ -90.589011, 41.524569 ], [ -90.589543, 41.524566 ], [ -90.590886, 41.524559 ], [ -90.5925, 41.524556 ], [ -90.593635, 41.524557 ], [ -90.594334, 41.524561 ], [ -90.597051, 41.524542 ], [ -90.601208, 41.52464 ], [ -90.601206, 41.524531 ], [ -90.601198, 41.523969 ], [ -90.601197, 41.523721 ], [ -90.601196, 41.523417 ], [ -90.601193, 41.522885 ], [ -90.60119, 41.522327 ], [ -90.601187, 41.521775 ], [ -90.601185, 41.521223 ], [ -90.601182, 41.520738 ], [ -90.601173, 41.520148 ], [ -90.60181, 41.520151 ], [ -90.60311, 41.520149 ], [ -90.603711, 41.520147 ], [ -90.604945, 41.520129 ], [ -90.605208, 41.520093 ], [ -90.60986, 41.520062 ], [ -90.609467, 41.519542 ], [ -90.609246, 41.519249 ], [ -90.609145, 41.519115 ], [ -90.608942, 41.518848 ], [ -90.608501, 41.518267 ], [ -90.608141, 41.517805 ], [ -90.607812, 41.517383 ], [ -90.60777, 41.51733 ], [ -90.607435, 41.516901 ], [ -90.608434, 41.516447 ], [ -90.608115, 41.514378 ], [ -90.608004, 41.513564 ], [ -90.607888, 41.51274 ], [ -90.607863, 41.512581 ], [ -90.607596, 41.510928 ], [ -90.606177, 41.509554 ], [ -90.605342, 41.508694 ], [ -90.602137, 41.506032 ], [ -90.595237, 41.511032 ], [ -90.594541, 41.51137 ], [ -90.591037, 41.512832 ], [ -90.586236, 41.514232 ], [ -90.581615, 41.515188 ], [ -90.571136, 41.516332 ], [ -90.566223, 41.518008 ], [ -90.563836, 41.519632 ], [ -90.556235, 41.524232 ], [ -90.554935, 41.524432 ], [ -90.545535, 41.525732 ], [ -90.540935, 41.526133 ], [ -90.533035, 41.524933 ], [ -90.532497, 41.524786 ], [ -90.513189, 41.519548 ], [ -90.512909, 41.519505 ], [ -90.503633, 41.518233 ], [ -90.499852, 41.518048 ], [ -90.489487, 41.518277 ], [ -90.475295, 41.51964 ], [ -90.475069, 41.52385 ], [ -90.47506, 41.524019 ], [ -90.474757, 41.527795 ], [ -90.474767, 41.528611 ], [ -90.475567, 41.530058 ], [ -90.474071, 41.531802 ], [ -90.475131, 41.532536 ], [ -90.47454, 41.532902 ], [ -90.474504, 41.532924 ], [ -90.474111, 41.533172 ], [ -90.472865, 41.53397 ], [ -90.473408, 41.534535 ], [ -90.473266, 41.534944 ], [ -90.473925, 41.536133 ], [ -90.474108, 41.536301 ], [ -90.474108, 41.536493 ], [ -90.474118, 41.538919 ], [ -90.473967, 41.546232 ], [ -90.473829, 41.553513 ], [ -90.475387, 41.553604 ], [ -90.476131, 41.553821 ], [ -90.477742, 41.554697 ], [ -90.479272, 41.553606 ], [ -90.482068, 41.552261 ], [ -90.483638, 41.551568 ], [ -90.48466, 41.551116 ], [ -90.487474, 41.550139 ], [ -90.490056, 41.549949 ], [ -90.491256, 41.549757 ], [ -90.490712, 41.551849 ], [ -90.490404, 41.55247 ], [ -90.49012, 41.55316 ], [ -90.490105, 41.553365 ], [ -90.490126, 41.554096 ], [ -90.49014, 41.554846 ], [ -90.490162, 41.556007 ], [ -90.490177, 41.557832 ], [ -90.490686, 41.559489 ], [ -90.49038, 41.560646 ], [ -90.491758, 41.56064 ], [ -90.493179, 41.560627 ], [ -90.49471, 41.560607 ], [ -90.498626, 41.560541 ], [ -90.498638, 41.559385 ], [ -90.498652, 41.558572 ], [ -90.500844, 41.558592 ], [ -90.502336, 41.558603 ], [ -90.502322, 41.559397 ], [ -90.502325, 41.560485 ], [ -90.502365, 41.562174 ], [ -90.503152, 41.56312 ], [ -90.503215, 41.563881 ], [ -90.502555, 41.563831 ], [ -90.502553, 41.566231 ], [ -90.501962, 41.567733 ], [ -90.502799, 41.567721 ], [ -90.504547, 41.567696 ], [ -90.505689, 41.567681 ], [ -90.506796, 41.567668 ], [ -90.508205, 41.567647 ], [ -90.508672, 41.567639 ], [ -90.509414, 41.567626 ], [ -90.510095, 41.567614 ], [ -90.510475, 41.567611 ], [ -90.515759, 41.567576 ], [ -90.517243, 41.567607 ], [ -90.518599, 41.567607 ], [ -90.522155, 41.567622 ], [ -90.522429, 41.567627 ], [ -90.522556, 41.560387 ], [ -90.522146, 41.554943 ], [ -90.522248, 41.554751 ], [ -90.522409, 41.548436 ], [ -90.522386, 41.546892 ] ] ] ] } },
{ "type": "Feature", "properties": { "id": 95, "NAME": "95", "TotalPop": 33459, "PopDevPct": 0.04875016, "DemPct": 0.49328659, "RepPct": 0.48825981, "WhitePct": 0.85992203, "MinorityPct": 0.14007797, "BlackPct": 0.06930093, "HispanicPct": 0.03281481, "PacificPct": 0.01071118, "AsianPct": 0.0129821, "NativePct": 0.01411756, "TotalVAP": 26421, "Margin": 0.00502678, "color": "#d7d7ff", "opacity": "0.5", "DemPct2": 0.52460977, "RepPct2": 0.4508434, "Margin2": 0.07376637, "Swing": -0.06873959, "R_Margin": 0.1333099968, "R_Margin2": 0.1512195569, "R_Swing": -0.0179095601, "Majority": "White" }, "geometry": { "type": "MultiPolygon", "coordinates": [ [ [ [ -90.671711, 42.505214 ], [ -90.671355, 42.504558 ], [ -90.670826, 42.503576 ], [ -90.670387, 42.502723 ], [ -90.669625, 42.502964 ], [ -90.66917, 42.502128 ], [ -90.669889, 42.501648 ], [ -90.669643, 42.501096 ], [ -90.669301, 42.500269 ], [ -90.668947, 42.499413 ], [ -90.66851, 42.498542 ], [ -90.668048, 42.497749 ], [ -90.667608, 42.496938 ], [ -90.667166, 42.496118 ], [ -90.666707, 42.495263 ], [ -90.666457, 42.494797 ], [ -90.666268, 42.494447 ], [ -90.666439, 42.493789 ], [ -90.665788, 42.493729 ], [ -90.664911, 42.493631 ], [ -90.664692, 42.493587 ], [ -90.663132, 42.493408 ], [ -90.662671, 42.492566 ], [ -90.661927, 42.492838 ], [ -90.661781, 42.492881 ], [ -90.66144, 42.492983 ], [ -90.659399, 42.493 ], [ -90.658749, 42.492932 ], [ -90.658825, 42.491655 ], [ -90.657714, 42.491676 ], [ -90.656046, 42.491706 ], [ -90.652945, 42.495794 ], [ -90.651026, 42.497705 ], [ -90.650547, 42.498694 ], [ -90.649612, 42.500906 ], [ -90.647865, 42.502463 ], [ -90.645505, 42.505527 ], [ -90.641766, 42.509604 ], [ -90.63856, 42.512116 ], [ -90.635986, 42.515452 ], [ -90.635988, 42.51553 ], [ -90.635829, 42.517928 ], [ -90.637084, 42.521186 ], [ -90.640981, 42.527739 ], [ -90.641921, 42.530141 ], [ -90.642641, 42.533454 ], [ -90.644033, 42.53986 ], [ -90.645937, 42.543284 ], [ -90.64703, 42.544358 ], [ -90.648885, 42.546323 ], [ -90.654127, 42.5499 ], [ -90.659127, 42.5579 ], [ -90.661798, 42.557899 ], [ -90.677395, 42.557896 ], [ -90.677694, 42.557858 ], [ -90.678047, 42.558201 ], [ -90.67823, 42.55786 ], [ -90.681693, 42.557891 ], [ -90.688646, 42.557815 ], [ -90.692946, 42.557807 ], [ -90.710032, 42.557798 ], [ -90.712836, 42.557575 ], [ -90.713133, 42.557587 ], [ -90.720402, 42.557772 ], [ -90.737783, 42.55779 ], [ -90.739994, 42.557821 ], [ -90.745499, 42.557929 ], [ -90.748006, 42.557964 ], [ -90.752983, 42.557903 ], [ -90.763108, 42.558002 ], [ -90.768941, 42.558001 ], [ -90.774027, 42.558 ], [ -90.774367, 42.557996 ], [ -90.780327, 42.557999 ], [ -90.780227, 42.5434 ], [ -90.780123, 42.541724 ], [ -90.780124, 42.541463 ], [ -90.779876, 42.533233 ], [ -90.780038, 42.529343 ], [ -90.77986, 42.522023 ], [ -90.767377, 42.522206 ], [ -90.759852, 42.522307 ], [ -90.760226, 42.523169 ], [ -90.760002, 42.523227 ], [ -90.760015, 42.523853 ], [ -90.760018, 42.52404 ], [ -90.760019, 42.524083 ], [ -90.760229, 42.524081 ], [ -90.760397, 42.523884 ], [ -90.76043, 42.52387 ], [ -90.760562, 42.523931 ], [ -90.760772, 42.523729 ], [ -90.761026, 42.523902 ], [ -90.760024, 42.52432 ], [ -90.760056, 42.52595 ], [ -90.755115, 42.526022 ], [ -90.755101, 42.518387 ], [ -90.753847, 42.517109 ], [ -90.752918, 42.517392 ], [ -90.752672, 42.516866 ], [ -90.753624, 42.516653 ], [ -90.752534, 42.515165 ], [ -90.749582, 42.515116 ], [ -90.7496, 42.514671 ], [ -90.749135, 42.514737 ], [ -90.749196, 42.515106 ], [ -90.749209, 42.515205 ], [ -90.745377, 42.515243 ], [ -90.745235, 42.515245 ], [ -90.742722, 42.515281 ], [ -90.741015, 42.5153 ], [ -90.740837, 42.515302 ], [ -90.734919, 42.515291 ], [ -90.733951, 42.513842 ], [ -90.733758, 42.512095 ], [ -90.731127, 42.509002 ], [ -90.730246, 42.507483 ], [ -90.729643, 42.507495 ], [ -90.729188, 42.5075 ], [ -90.728237, 42.507482 ], [ -90.728236, 42.506177 ], [ -90.727299, 42.50615 ], [ -90.726318, 42.506103 ], [ -90.725289, 42.505937 ], [ -90.725292, 42.507434 ], [ -90.723548, 42.506942 ], [ -90.720421, 42.506871 ], [ -90.720448, 42.508165 ], [ -90.720497, 42.510616 ], [ -90.720528, 42.512216 ], [ -90.720537, 42.514893 ], [ -90.719539, 42.51481 ], [ -90.718482, 42.514735 ], [ -90.71756, 42.51467 ], [ -90.716662, 42.514604 ], [ -90.715713, 42.514545 ], [ -90.715003, 42.514544 ], [ -90.710548, 42.514438 ], [ -90.707437, 42.514329 ], [ -90.706062, 42.514308 ], [ -90.705501, 42.512744 ], [ -90.706309, 42.511133 ], [ -90.70636, 42.511028 ], [ -90.70798, 42.508219 ], [ -90.706795, 42.507865 ], [ -90.705691, 42.507481 ], [ -90.703709, 42.506458 ], [ -90.702595, 42.505641 ], [ -90.701911, 42.505162 ], [ -90.70105, 42.504593 ], [ -90.700596, 42.504325 ], [ -90.699771, 42.503876 ], [ -90.698207, 42.503937 ], [ -90.69577, 42.503924 ], [ -90.693664, 42.503963 ], [ -90.692588, 42.503942 ], [ -90.692071, 42.503932 ], [ -90.691444, 42.503896 ], [ -90.690432, 42.503794 ], [ -90.690212, 42.503448 ], [ -90.68983, 42.502665 ], [ -90.689463, 42.501888 ], [ -90.689096, 42.501116 ], [ -90.688706, 42.500325 ], [ -90.687772, 42.500575 ], [ -90.687465, 42.500677 ], [ -90.686543, 42.500944 ], [ -90.685323, 42.501275 ], [ -90.684071, 42.50162 ], [ -90.68276, 42.502007 ], [ -90.682032, 42.502206 ], [ -90.681188, 42.502448 ], [ -90.680116, 42.502779 ], [ -90.678209, 42.503352 ], [ -90.676823, 42.503755 ], [ -90.675943, 42.504011 ], [ -90.674788, 42.50434 ], [ -90.673729, 42.504638 ], [ -90.673371, 42.504738 ], [ -90.673309, 42.504755 ], [ -90.671711, 42.505214 ] ] ] ] } },
{ "type": "Feature", "properties": { "id": 96, "NAME": "96", "TotalPop": 33455, "PopDevPct": 0.04862478, "DemPct": 0.52088045, "RepPct": 0.46356264, "WhitePct": 0.8941973, "MinorityPct": 0.1058027, "BlackPct": 0.03878667, "HispanicPct": 0.02624029, "PacificPct": 0.00807099, "AsianPct": 0.01859006, "NativePct": 0.0115901, "TotalVAP": 26143, "Margin": 0.05731781, "color": "#9494ff", "opacity": "0.5", "DemPct2": 0.54605508, "RepPct2": 0.43386074, "Margin2": 0.11219434, "Swing": -0.05487653, "R_Margin": 0.1856010268, "R_Margin2": 0.1896475269, "R_Swing": -0.0040465001, "Majority": "White" }, "geometry": { "type": "MultiPolygon", "coordinates": [ [ [ [ -90.671711, 42.505214 ], [ -90.673309, 42.504755 ], [ -90.673371, 42.504738 ], [ -90.673729, 42.504638 ], [ -90.674788, 42.50434 ], [ -90.675943, 42.504011 ], [ -90.676823, 42.503755 ], [ -90.678209, 42.503352 ], [ -90.680116, 42.502779 ], [ -90.681188, 42.502448 ], [ -90.682032, 42.502206 ], [ -90.68276, 42.502007 ], [ -90.684071, 42.50162 ], [ -90.685323, 42.501275 ], [ -90.686543, 42.500944 ], [ -90.687465, 42.500677 ], [ -90.687772, 42.500575 ], [ -90.688706, 42.500325 ], [ -90.689096, 42.501116 ], [ -90.689463, 42.501888 ], [ -90.68983, 42.502665 ], [ -90.690212, 42.503448 ], [ -90.690432, 42.503794 ], [ -90.691444, 42.503896 ], [ -90.692071, 42.503932 ], [ -90.692588, 42.503942 ], [ -90.693664, 42.503963 ], [ -90.69577, 42.503924 ], [ -90.698207, 42.503937 ], [ -90.699771, 42.503876 ], [ -90.700596, 42.504325 ], [ -90.70105, 42.504593 ], [ -90.701911, 42.505162 ], [ -90.702595, 42.505641 ], [ -90.703709, 42.506458 ], [ -90.705691, 42.507481 ], [ -90.706795, 42.507865 ], [ -90.70798, 42.508219 ], [ -90.70636, 42.511028 ], [ -90.706309, 42.511133 ], [ -90.705501, 42.512744 ], [ -90.706062, 42.514308 ], [ -90.707437, 42.514329 ], [ -90.710548, 42.514438 ], [ -90.715003, 42.514544 ], [ -90.715713, 42.514545 ], [ -90.716662, 42.514604 ], [ -90.71756, 42.51467 ], [ -90.718482, 42.514735 ], [ -90.719539, 42.51481 ], [ -90.720537, 42.514893 ], [ -90.720528, 42.512216 ], [ -90.720497, 42.510616 ], [ -90.720448, 42.508165 ], [ -90.720421, 42.506871 ], [ -90.723548, 42.506942 ], [ -90.725292, 42.507434 ], [ -90.725289, 42.505937 ], [ -90.726318, 42.506103 ], [ -90.727299, 42.50615 ], [ -90.728236, 42.506177 ], [ -90.728237, 42.507482 ], [ -90.729188, 42.5075 ], [ -90.729643, 42.507495 ], [ -90.730246, 42.507483 ], [ -90.731127, 42.509002 ], [ -90.733758, 42.512095 ], [ -90.733951, 42.513842 ], [ -90.734919, 42.515291 ], [ -90.740837, 42.515302 ], [ -90.741015, 42.5153 ], [ -90.742722, 42.515281 ], [ -90.745235, 42.515245 ], [ -90.745377, 42.515243 ], [ -90.749209, 42.515205 ], [ -90.749196, 42.515106 ], [ -90.749135, 42.514737 ], [ -90.7496, 42.514671 ], [ -90.749582, 42.515116 ], [ -90.752534, 42.515165 ], [ -90.753624, 42.516653 ], [ -90.752672, 42.516866 ], [ -90.752918, 42.517392 ], [ -90.753847, 42.517109 ], [ -90.755101, 42.518387 ], [ -90.755115, 42.526022 ], [ -90.760056, 42.52595 ], [ -90.760024, 42.52432 ], [ -90.761026, 42.523902 ], [ -90.760772, 42.523729 ], [ -90.760562, 42.523931 ], [ -90.76043, 42.52387 ], [ -90.760397, 42.523884 ], [ -90.760229, 42.524081 ], [ -90.760019, 42.524083 ], [ -90.760018, 42.52404 ], [ -90.760015, 42.523853 ], [ -90.760002, 42.523227 ], [ -90.760226, 42.523169 ], [ -90.759852, 42.522307 ], [ -90.767377, 42.522206 ], [ -90.77986, 42.522023 ], [ -90.779851, 42.52021 ], [ -90.784784, 42.520112 ], [ -90.7848, 42.521934 ], [ -90.786977, 42.52189 ], [ -90.789683, 42.520037 ], [ -90.789656, 42.518279 ], [ -90.794679, 42.518245 ], [ -90.794634, 42.516145 ], [ -90.795893, 42.515231 ], [ -90.794639, 42.514608 ], [ -90.798405, 42.514426 ], [ -90.79893, 42.512261 ], [ -90.79836, 42.510819 ], [ -90.799653, 42.510851 ], [ -90.80129, 42.510857 ], [ -90.801325, 42.510361 ], [ -90.803109, 42.510738 ], [ -90.809322, 42.510745 ], [ -90.809302, 42.507536 ], [ -90.810537, 42.508454 ], [ -90.811751, 42.507533 ], [ -90.811791, 42.512322 ], [ -90.812882, 42.512079 ], [ -90.813811, 42.512258 ], [ -90.814212, 42.514357 ], [ -90.815394, 42.514375 ], [ -90.815376, 42.515559 ], [ -90.817209, 42.515543 ], [ -90.81718, 42.516739 ], [ -90.819179, 42.515654 ], [ -90.819154, 42.513558 ], [ -90.821418, 42.513588 ], [ -90.822451, 42.512605 ], [ -90.82401, 42.511688 ], [ -90.824046, 42.508391 ], [ -90.823966, 42.507154 ], [ -90.819113, 42.507175 ], [ -90.81911, 42.506157 ], [ -90.819085, 42.503501 ], [ -90.824019, 42.503491 ], [ -90.824009, 42.501364 ], [ -90.824001, 42.50093 ], [ -90.82304, 42.500938 ], [ -90.822395, 42.500943 ], [ -90.821951, 42.50147 ], [ -90.817807, 42.501503 ], [ -90.818102, 42.499862 ], [ -90.817695, 42.499856 ], [ -90.804304, 42.499797 ], [ -90.804283, 42.496178 ], [ -90.799399, 42.496172 ], [ -90.799326, 42.488745 ], [ -90.796286, 42.488176 ], [ -90.794385, 42.487835 ], [ -90.7944, 42.489357 ], [ -90.794413, 42.490836 ], [ -90.792262, 42.490891 ], [ -90.789496, 42.490371 ], [ -90.789516, 42.492674 ], [ -90.789583, 42.497632 ], [ -90.788529, 42.498318 ], [ -90.787495, 42.496958 ], [ -90.786063, 42.497741 ], [ -90.784642, 42.497532 ], [ -90.784517, 42.487675 ], [ -90.779564, 42.487691 ], [ -90.779592, 42.487196 ], [ -90.779336, 42.484863 ], [ -90.779409, 42.483915 ], [ -90.77945, 42.483502 ], [ -90.779622, 42.481221 ], [ -90.779613, 42.480477 ], [ -90.780588, 42.48128 ], [ -90.785001, 42.481713 ], [ -90.785249, 42.481737 ], [ -90.787784, 42.478247 ], [ -90.789461, 42.478222 ], [ -90.789457, 42.481074 ], [ -90.789783, 42.480965 ], [ -90.793113, 42.479975 ], [ -90.792756, 42.479355 ], [ -90.794354, 42.478174 ], [ -90.794365, 42.471665 ], [ -90.792612, 42.472348 ], [ -90.78897, 42.475136 ], [ -90.787622, 42.477189 ], [ -90.786924, 42.478253 ], [ -90.779632, 42.478338 ], [ -90.779614, 42.477202 ], [ -90.779601, 42.472795 ], [ -90.779588, 42.471055 ], [ -90.781362, 42.47104 ], [ -90.781405, 42.46821 ], [ -90.78142, 42.465704 ], [ -90.781408, 42.465339 ], [ -90.785334, 42.465337 ], [ -90.785798, 42.465336 ], [ -90.78982, 42.465335 ], [ -90.789814, 42.463958 ], [ -90.790565, 42.461454 ], [ -90.791398, 42.460941 ], [ -90.791444, 42.458138 ], [ -90.791477, 42.45452 ], [ -90.786461, 42.454469 ], [ -90.786385, 42.458096 ], [ -90.781328, 42.458061 ], [ -90.777444, 42.458094 ], [ -90.774482, 42.458532 ], [ -90.772498, 42.461352 ], [ -90.773984, 42.461745 ], [ -90.773642, 42.462332 ], [ -90.772496, 42.462705 ], [ -90.772505, 42.467527 ], [ -90.767663, 42.467799 ], [ -90.769752, 42.465398 ], [ -90.771353, 42.46224 ], [ -90.771132, 42.46211 ], [ -90.771039, 42.461914 ], [ -90.770759, 42.461754 ], [ -90.765155, 42.461762 ], [ -90.757734, 42.461842 ], [ -90.757749, 42.462961 ], [ -90.753199, 42.462991 ], [ -90.752357, 42.464114 ], [ -90.751851, 42.465849 ], [ -90.751607, 42.466704 ], [ -90.752808, 42.466711 ], [ -90.752806, 42.468413 ], [ -90.757217, 42.468359 ], [ -90.757706, 42.468353 ], [ -90.757704, 42.47121 ], [ -90.75496, 42.471231 ], [ -90.754175, 42.470922 ], [ -90.750512, 42.470736 ], [ -90.73294, 42.47139 ], [ -90.72805, 42.471308 ], [ -90.719899, 42.47154 ], [ -90.716639, 42.471352 ], [ -90.718487, 42.470081 ], [ -90.71848, 42.469785 ], [ -90.716585, 42.467669 ], [ -90.716011, 42.466793 ], [ -90.715785, 42.465997 ], [ -90.715353, 42.462647 ], [ -90.71377, 42.462003 ], [ -90.703213, 42.461927 ], [ -90.701073, 42.462909 ], [ -90.699225, 42.46243 ], [ -90.698302, 42.460412 ], [ -90.697362, 42.462099 ], [ -90.694346, 42.462765 ], [ -90.694356, 42.461907 ], [ -90.690427, 42.461204 ], [ -90.691298, 42.463426 ], [ -90.690625, 42.464276 ], [ -90.687169, 42.465713 ], [ -90.686163, 42.465593 ], [ -90.68556, 42.467238 ], [ -90.683909, 42.466903 ], [ -90.682725, 42.46735 ], [ -90.681954, 42.467749 ], [ -90.681311, 42.469718 ], [ -90.680146, 42.469411 ], [ -90.678363, 42.467443 ], [ -90.678198, 42.467635 ], [ -90.676577, 42.465968 ], [ -90.67618, 42.466161 ], [ -90.674696, 42.46687 ], [ -90.673971, 42.467379 ], [ -90.674339, 42.471268 ], [ -90.6754, 42.473264 ], [ -90.67417, 42.475451 ], [ -90.675542, 42.474734 ], [ -90.67658, 42.474858 ], [ -90.677557, 42.475152 ], [ -90.677335, 42.476795 ], [ -90.676315, 42.476662 ], [ -90.675079, 42.478375 ], [ -90.673387, 42.47808 ], [ -90.66846, 42.47801 ], [ -90.668111, 42.478009 ], [ -90.667963, 42.471192 ], [ -90.668651, 42.468212 ], [ -90.668745, 42.467951 ], [ -90.668798, 42.4678 ], [ -90.668674, 42.467828 ], [ -90.664884, 42.468173 ], [ -90.663777, 42.468239 ], [ -90.651328, 42.468962 ], [ -90.651326, 42.468857 ], [ -90.650281, 42.468739 ], [ -90.648608, 42.46882 ], [ -90.648591, 42.468572 ], [ -90.648053, 42.467328 ], [ -90.647948, 42.467963 ], [ -90.647554, 42.468303 ], [ -90.647425, 42.468298 ], [ -90.647324, 42.468295 ], [ -90.646442, 42.468503 ], [ -90.646441, 42.4684 ], [ -90.645075, 42.468371 ], [ -90.644959, 42.468439 ], [ -90.64491, 42.468467 ], [ -90.643252, 42.469425 ], [ -90.646419, 42.471328 ], [ -90.65112, 42.475189 ], [ -90.654496, 42.479205 ], [ -90.655441, 42.480935 ], [ -90.656302, 42.483691 ], [ -90.65671, 42.488835 ], [ -90.656046, 42.491706 ], [ -90.657714, 42.491676 ], [ -90.658825, 42.491655 ], [ -90.658749, 42.492932 ], [ -90.659399, 42.493 ], [ -90.66144, 42.492983 ], [ -90.661781, 42.492881 ], [ -90.661927, 42.492838 ], [ -90.662671, 42.492566 ], [ -90.663132, 42.493408 ], [ -90.664692, 42.493587 ], [ -90.664911, 42.493631 ], [ -90.665788, 42.493729 ], [ -90.666439, 42.493789 ], [ -90.666268, 42.494447 ], [ -90.666457, 42.494797 ], [ -90.666707, 42.495263 ], [ -90.667166, 42.496118 ], [ -90.667608, 42.496938 ], [ -90.668048, 42.497749 ], [ -90.66851, 42.498542 ], [ -90.668947, 42.499413 ], [ -90.669301, 42.500269 ], [ -90.669643, 42.501096 ], [ -90.669889, 42.501648 ], [ -90.66917, 42.502128 ], [ -90.669625, 42.502964 ], [ -90.670387, 42.502723 ], [ -90.670826, 42.503576 ], [ -90.671355, 42.504558 ], [ -90.671711, 42.505214 ] ] ] ] } },
{ "type": "Feature", "properties": { "id": 97, "NAME": "97", "TotalPop": 31286, "PopDevPct": -0.01936108, "DemPct": 0.45235893, "RepPct": 0.53148794, "WhitePct": 0.85453271, "MinorityPct": 0.14546729, "BlackPct": 0.03080921, "HispanicPct": 0.07267178, "PacificPct": 0.001691, "AsianPct": 0.01505403, "NativePct": 0.02202425, "TotalVAP": 24246, "Margin": -0.07912901, "color": "#ff7878", "opacity": "0.5", "DemPct2": 0.46178387, "RepPct2": 0.51730926, "Margin2": -0.05552539, "Swing": -0.02360362, "R_Margin": 0.0491542068, "R_Margin2": 0.0219277969, "R_Swing": 0.0272264099, "Majority": "White" }, "geometry": { "type": "MultiPolygon", "coordinates": [ [ [ [ -95.817743, 41.237556 ], [ -95.815108, 41.23623 ], [ -95.813283, 41.236222 ], [ -95.813267, 41.238011 ], [ -95.808407, 41.23802 ], [ -95.803548, 41.238035 ], [ -95.80358, 41.239856 ], [ -95.805948, 41.239845 ], [ -95.807705, 41.239828 ], [ -95.808476, 41.23986 ], [ -95.809809, 41.242242 ], [ -95.81082, 41.242527 ], [ -95.813665, 41.242262 ], [ -95.813644, 41.24341 ], [ -95.815654, 41.243411 ], [ -95.815654, 41.241921 ], [ -95.814074, 41.242198 ], [ -95.814437, 41.240034 ], [ -95.815647, 41.239682 ], [ -95.815653, 41.241588 ], [ -95.816858, 41.241249 ], [ -95.817739, 41.241823 ], [ -95.813847, 41.246586 ], [ -95.8123, 41.248483 ], [ -95.807616, 41.253403 ], [ -95.804916, 41.256125 ], [ -95.804677, 41.256025 ], [ -95.802196, 41.258402 ], [ -95.800876, 41.257612 ], [ -95.800664, 41.256741 ], [ -95.80105, 41.25637 ], [ -95.797405, 41.253749 ], [ -95.797398, 41.255852 ], [ -95.797394, 41.257406 ], [ -95.796034, 41.257401 ], [ -95.79625, 41.258479 ], [ -95.795592, 41.259446 ], [ -95.797455, 41.260969 ], [ -95.797844, 41.261293 ], [ -95.798854, 41.261285 ], [ -95.799221, 41.261341 ], [ -95.792899, 41.265662 ], [ -95.790109, 41.267827 ], [ -95.786022, 41.27148 ], [ -95.774904, 41.278978 ], [ -95.774879, 41.278995 ], [ -95.774862, 41.280474 ], [ -95.774901, 41.286231 ], [ -95.774884, 41.289863 ], [ -95.778205, 41.289854 ], [ -95.77852, 41.289854 ], [ -95.779534, 41.289852 ], [ -95.784433, 41.289839 ], [ -95.792572, 41.289971 ], [ -95.792757, 41.289974 ], [ -95.793514, 41.289986 ], [ -95.794371, 41.289995 ], [ -95.796745, 41.290002 ], [ -95.80243, 41.290015 ], [ -95.806226, 41.289984 ], [ -95.820373, 41.289802 ], [ -95.822498, 41.289775 ], [ -95.827667, 41.289765 ], [ -95.82767, 41.290714 ], [ -95.83207, 41.290653 ], [ -95.832886, 41.290002 ], [ -95.834558, 41.289638 ], [ -95.834568, 41.289601 ], [ -95.838379, 41.289661 ], [ -95.841112, 41.289438 ], [ -95.845219, 41.289619 ], [ -95.845847, 41.288549 ], [ -95.845874, 41.284785 ], [ -95.84342, 41.284725 ], [ -95.843544, 41.284069 ], [ -95.846163, 41.284133 ], [ -95.846493, 41.283713 ], [ -95.846492, 41.283477 ], [ -95.843973, 41.2834 ], [ -95.843511, 41.282965 ], [ -95.844548, 41.281177 ], [ -95.847223, 41.280712 ], [ -95.849219, 41.280746 ], [ -95.84912, 41.278986 ], [ -95.84912, 41.277182 ], [ -95.848945, 41.275373 ], [ -95.848521, 41.274489 ], [ -95.847566, 41.272464 ], [ -95.84693, 41.271116 ], [ -95.845666, 41.26843 ], [ -95.845638, 41.268371 ], [ -95.844488, 41.265987 ], [ -95.844071, 41.265076 ], [ -95.844023, 41.264971 ], [ -95.843206, 41.265344 ], [ -95.842138, 41.265901 ], [ -95.840202, 41.266829 ], [ -95.838752, 41.267295 ], [ -95.838144, 41.267594 ], [ -95.838687, 41.267044 ], [ -95.839371, 41.266367 ], [ -95.838523, 41.265911 ], [ -95.839112, 41.265371 ], [ -95.839957, 41.264649 ], [ -95.840627, 41.265254 ], [ -95.841622, 41.264644 ], [ -95.842117, 41.264344 ], [ -95.842554, 41.264079 ], [ -95.843736, 41.263364 ], [ -95.843125, 41.262796 ], [ -95.845623, 41.261581 ], [ -95.843578, 41.25898 ], [ -95.842721, 41.257899 ], [ -95.843318, 41.257638 ], [ -95.84332, 41.256058 ], [ -95.845828, 41.256328 ], [ -95.847764, 41.256612 ], [ -95.848108, 41.255348 ], [ -95.84845, 41.254091 ], [ -95.848545, 41.253343 ], [ -95.849591, 41.253354 ], [ -95.85063, 41.253362 ], [ -95.851664, 41.25337 ], [ -95.853032, 41.25338 ], [ -95.853838, 41.253385 ], [ -95.85396, 41.253386 ], [ -95.854758, 41.253391 ], [ -95.854751, 41.25429 ], [ -95.854757, 41.255202 ], [ -95.856075, 41.25521 ], [ -95.857517, 41.255221 ], [ -95.858956, 41.255229 ], [ -95.861721, 41.255249 ], [ -95.861767, 41.254335 ], [ -95.861578, 41.25343 ], [ -95.863299, 41.25344 ], [ -95.864683, 41.253447 ], [ -95.866054, 41.253454 ], [ -95.867601, 41.253462 ], [ -95.86915, 41.25347 ], [ -95.870633, 41.253479 ], [ -95.873136, 41.252095 ], [ -95.877622, 41.251843 ], [ -95.880772, 41.251726 ], [ -95.884192, 41.250575 ], [ -95.885274, 41.250354 ], [ -95.885287, 41.250354 ], [ -95.885508, 41.250315 ], [ -95.885999, 41.25025 ], [ -95.886508, 41.250198 ], [ -95.886946, 41.250167 ], [ -95.887484, 41.250146 ], [ -95.88872, 41.250129 ], [ -95.889251, 41.250103 ], [ -95.890623, 41.250017 ], [ -95.891136, 41.250012 ], [ -95.891344, 41.25001 ], [ -95.891943, 41.250004 ], [ -95.893449, 41.249988 ], [ -95.893577, 41.249987 ], [ -95.90205, 41.2499 ], [ -95.906673, 41.249851 ], [ -95.906922, 41.249849 ], [ -95.91591, 41.249796 ], [ -95.917455, 41.249792 ], [ -95.91602, 41.247274 ], [ -95.913175, 41.243542 ], [ -95.911296, 41.239442 ], [ -95.910703, 41.23623 ], [ -95.910778, 41.23189 ], [ -95.910889, 41.231604 ], [ -95.911496, 41.228962 ], [ -95.912977, 41.225895 ], [ -95.914272, 41.223858 ], [ -95.9173, 41.220617 ], [ -95.923045, 41.215824 ], [ -95.925084, 41.213269 ], [ -95.92619, 41.211378 ], [ -95.927183, 41.208971 ], [ -95.928019, 41.204895 ], [ -95.927975, 41.200069 ], [ -95.926694, 41.195633 ], [ -95.925086, 41.192796 ], [ -95.922182, 41.189092 ], [ -95.919561, 41.186901 ], [ -95.916119, 41.185279 ], [ -95.912506, 41.184638 ], [ -95.90758, 41.184368 ], [ -95.898155, 41.184775 ], [ -95.88784, 41.186239 ], [ -95.880658, 41.187663 ], [ -95.873608, 41.188223 ], [ -95.867624, 41.188416 ], [ -95.863797, 41.188245 ], [ -95.856125, 41.186949 ], [ -95.850374, 41.18509 ], [ -95.847241, 41.183351 ], [ -95.845433, 41.18193 ], [ -95.843351, 41.179677 ], [ -95.84171, 41.175858 ], [ -95.841667, 41.174769 ], [ -95.84003, 41.174772 ], [ -95.839566, 41.17477 ], [ -95.835164, 41.1747 ], [ -95.832052, 41.174874 ], [ -95.824658, 41.174838 ], [ -95.824216, 41.174627 ], [ -95.823783, 41.174619 ], [ -95.82349, 41.174614 ], [ -95.8175, 41.174519 ], [ -95.817427, 41.174596 ], [ -95.815201, 41.177986 ], [ -95.814869, 41.180869 ], [ -95.81376, 41.180846 ], [ -95.813238, 41.180033 ], [ -95.813334, 41.175635 ], [ -95.813268, 41.167436 ], [ -95.796589, 41.167364 ], [ -95.794039, 41.167588 ], [ -95.791936, 41.166886 ], [ -95.788138, 41.168648 ], [ -95.786072, 41.169862 ], [ -95.784479, 41.171509 ], [ -95.779828, 41.177584 ], [ -95.779832, 41.178243 ], [ -95.784572, 41.178227 ], [ -95.78459, 41.181845 ], [ -95.795871, 41.181883 ], [ -95.798807, 41.181472 ], [ -95.81274, 41.181385 ], [ -95.814857, 41.181444 ], [ -95.823091, 41.181382 ], [ -95.823091, 41.181449 ], [ -95.823092, 41.181762 ], [ -95.823056, 41.189444 ], [ -95.82285, 41.203695 ], [ -95.81998, 41.203709 ], [ -95.821719, 41.205456 ], [ -95.818332, 41.205451 ], [ -95.818331, 41.205586 ], [ -95.818263, 41.210828 ], [ -95.818193, 41.215494 ], [ -95.820126, 41.217978 ], [ -95.818314, 41.218279 ], [ -95.817423, 41.21841 ], [ -95.815921, 41.218476 ], [ -95.813929, 41.21721 ], [ -95.808484, 41.21511 ], [ -95.808457, 41.218191 ], [ -95.811137, 41.218172 ], [ -95.810991, 41.220271 ], [ -95.812197, 41.220728 ], [ -95.813458, 41.220099 ], [ -95.815659, 41.220228 ], [ -95.81688, 41.219392 ], [ -95.817156, 41.219664 ], [ -95.818232, 41.220721 ], [ -95.818158, 41.220917 ], [ -95.813268, 41.220846 ], [ -95.813274, 41.221733 ], [ -95.81814, 41.221767 ], [ -95.818113, 41.224212 ], [ -95.816255, 41.224358 ], [ -95.816254, 41.225376 ], [ -95.818076, 41.225376 ], [ -95.818025, 41.227808 ], [ -95.817997, 41.228158 ], [ -95.818091, 41.228541 ], [ -95.818096, 41.229075 ], [ -95.818097, 41.229188 ], [ -95.818123, 41.230495 ], [ -95.818163, 41.23261 ], [ -95.818085, 41.236432 ], [ -95.817743, 41.237556 ] ] ] ] } },
{ "type": "Feature", "properties": { "id": 98, "NAME": "98", "TotalPop": 32299, "PopDevPct": 0.01239073, "DemPct": 0.44533127, "RepPct": 0.53510127, "WhitePct": 0.81534149, "MinorityPct": 0.18465851, "BlackPct": 0.03550969, "HispanicPct": 0.09945964, "PacificPct": 0.00138138, "AsianPct": 0.01393573, "NativePct": 0.02961849, "TotalVAP": 24613, "Margin": -0.08977, "color": "#ff6a6a", "opacity": "0.5", "DemPct2": 0.4681788, "RepPct2": 0.50631439, "Margin2": -0.03813559, "Swing": -0.05163441, "R_Margin": 0.0385132168, "R_Margin2": 0.0393175969, "R_Swing": -0.00080438009999996007, "Majority": "White" }, "geometry": { "type": "MultiPolygon", "coordinates": [ [ [ [ -95.870556, 41.290163 ], [ -95.871015, 41.290167 ], [ -95.872577, 41.290188 ], [ -95.872937, 41.289517 ], [ -95.874324, 41.287394 ], [ -95.877481, 41.284583 ], [ -95.881448, 41.282171 ], [ -95.884495, 41.280689 ], [ -95.891066, 41.278019 ], [ -95.897634, 41.275977 ], [ -95.898441, 41.275537 ], [ -95.90284, 41.274374 ], [ -95.905178, 41.275037 ], [ -95.912581, 41.279527 ], [ -95.910791, 41.281317 ], [ -95.907177, 41.284938 ], [ -95.906144, 41.287488 ], [ -95.905954, 41.28856 ], [ -95.905892, 41.288909 ], [ -95.905067, 41.293013 ], [ -95.904576, 41.293255 ], [ -95.904222, 41.297591 ], [ -95.904865, 41.299787 ], [ -95.905899, 41.301038 ], [ -95.908095, 41.301093 ], [ -95.910791, 41.301203 ], [ -95.911248, 41.301223 ], [ -95.920247, 41.301191 ], [ -95.92236, 41.300392 ], [ -95.927642, 41.29844 ], [ -95.929651, 41.292262 ], [ -95.929602, 41.290449 ], [ -95.929619, 41.285077 ], [ -95.928646, 41.281332 ], [ -95.925884, 41.27953 ], [ -95.918187, 41.2743 ], [ -95.918041, 41.274208 ], [ -95.916045, 41.272802 ], [ -95.914091, 41.272428 ], [ -95.91747, 41.2709 ], [ -95.920119, 41.269085 ], [ -95.921497, 41.267604 ], [ -95.922318, 41.265617 ], [ -95.922104, 41.261399 ], [ -95.921692, 41.259838 ], [ -95.921669, 41.259688 ], [ -95.921364, 41.258181 ], [ -95.919093, 41.252698 ], [ -95.917455, 41.249792 ], [ -95.91591, 41.249796 ], [ -95.906922, 41.249849 ], [ -95.906673, 41.249851 ], [ -95.90205, 41.2499 ], [ -95.893577, 41.249987 ], [ -95.893449, 41.249988 ], [ -95.891943, 41.250004 ], [ -95.891344, 41.25001 ], [ -95.891136, 41.250012 ], [ -95.890623, 41.250017 ], [ -95.889251, 41.250103 ], [ -95.88872, 41.250129 ], [ -95.887484, 41.250146 ], [ -95.886946, 41.250167 ], [ -95.886508, 41.250198 ], [ -95.885999, 41.25025 ], [ -95.885508, 41.250315 ], [ -95.885287, 41.250354 ], [ -95.885274, 41.250354 ], [ -95.884192, 41.250575 ], [ -95.880772, 41.251726 ], [ -95.877622, 41.251843 ], [ -95.873136, 41.252095 ], [ -95.870633, 41.253479 ], [ -95.86915, 41.25347 ], [ -95.867601, 41.253462 ], [ -95.866054, 41.253454 ], [ -95.864683, 41.253447 ], [ -95.863299, 41.25344 ], [ -95.861578, 41.25343 ], [ -95.861767, 41.254335 ], [ -95.861721, 41.255249 ], [ -95.858956, 41.255229 ], [ -95.857517, 41.255221 ], [ -95.856075, 41.25521 ], [ -95.854757, 41.255202 ], [ -95.854751, 41.25429 ], [ -95.854758, 41.253391 ], [ -95.85396, 41.253386 ], [ -95.853838, 41.253385 ], [ -95.853032, 41.25338 ], [ -95.851664, 41.25337 ], [ -95.85063, 41.253362 ], [ -95.849591, 41.253354 ], [ -95.848545, 41.253343 ], [ -95.84845, 41.254091 ], [ -95.848108, 41.255348 ], [ -95.847764, 41.256612 ], [ -95.845828, 41.256328 ], [ -95.84332, 41.256058 ], [ -95.843318, 41.257638 ], [ -95.842721, 41.257899 ], [ -95.843578, 41.25898 ], [ -95.845623, 41.261581 ], [ -95.843125, 41.262796 ], [ -95.843736, 41.263364 ], [ -95.842554, 41.264079 ], [ -95.842117, 41.264344 ], [ -95.841622, 41.264644 ], [ -95.840627, 41.265254 ], [ -95.839957, 41.264649 ], [ -95.839112, 41.265371 ], [ -95.838523, 41.265911 ], [ -95.839371, 41.266367 ], [ -95.838687, 41.267044 ], [ -95.838144, 41.267594 ], [ -95.838752, 41.267295 ], [ -95.840202, 41.266829 ], [ -95.842138, 41.265901 ], [ -95.843206, 41.265344 ], [ -95.844023, 41.264971 ], [ -95.844071, 41.265076 ], [ -95.844488, 41.265987 ], [ -95.845638, 41.268371 ], [ -95.845666, 41.26843 ], [ -95.84693, 41.271116 ], [ -95.847566, 41.272464 ], [ -95.848521, 41.274489 ], [ -95.848945, 41.275373 ], [ -95.84912, 41.277182 ], [ -95.84912, 41.278986 ], [ -95.849219, 41.280746 ], [ -95.847223, 41.280712 ], [ -95.844548, 41.281177 ], [ -95.843511, 41.282965 ], [ -95.843973, 41.2834 ], [ -95.846492, 41.283477 ], [ -95.846493, 41.283713 ], [ -95.846163, 41.284133 ], [ -95.843544, 41.284069 ], [ -95.84342, 41.284725 ], [ -95.845874, 41.284785 ], [ -95.845847, 41.288549 ], [ -95.845219, 41.289619 ], [ -95.850558, 41.289902 ], [ -95.857494, 41.290021 ], [ -95.859833, 41.290054 ], [ -95.859932, 41.290055 ], [ -95.864862, 41.290107 ], [ -95.865393, 41.290116 ], [ -95.866249, 41.290128 ], [ -95.867377, 41.290133 ], [ -95.870556, 41.290163 ] ] ] ] } },
{ "type": "Feature", "properties": { "id": 99, "NAME": "99", "TotalPop": 32281, "PopDevPct": 0.01182653, "DemPct": 0.42085527, "RepPct": 0.55895963, "WhitePct": 0.74379378, "MinorityPct": 0.25620622, "BlackPct": 0.05395997, "HispanicPct": 0.13572879, "PacificPct": 0.00360562, "AsianPct": 0.03518588, "NativePct": 0.02838908, "TotalVAP": 24129, "Margin": -0.13810436, "color": "#ff2020", "opacity": "0.5", "DemPct2": 0.45079142, "RepPct2": 0.52725994, "Margin2": -0.07646852, "Swing": -0.06163584, "R_Margin": -0.0098211432, "R_Margin2": 0.00098466689999998636, "R_Swing": -0.0108058101, "Majority": "White" }, "geometry": { "type": "MultiPolygon", "coordinates": [ [ [ [ -96.365694, 42.475684 ], [ -96.363859, 42.475663 ], [ -96.362852, 42.475648 ], [ -96.36258, 42.475644 ], [ -96.358809, 42.475625 ], [ -96.358844, 42.475672 ], [ -96.359649, 42.476643 ], [ -96.360148, 42.47723 ], [ -96.360805, 42.477898 ], [ -96.361048, 42.478127 ], [ -96.361685, 42.478679 ], [ -96.362355, 42.479207 ], [ -96.362465, 42.479295 ], [ -96.362169, 42.479292 ], [ -96.36145, 42.479287 ], [ -96.360833, 42.479282 ], [ -96.360202, 42.47927 ], [ -96.359494, 42.479258 ], [ -96.358858, 42.479257 ], [ -96.358799, 42.479256 ], [ -96.358084, 42.479254 ], [ -96.357444, 42.479245 ], [ -96.35739, 42.479245 ], [ -96.356661, 42.479243 ], [ -96.355921, 42.47924 ], [ -96.354504, 42.479238 ], [ -96.352107, 42.479224 ], [ -96.351932, 42.479206 ], [ -96.347591, 42.479172 ], [ -96.345213, 42.479154 ], [ -96.343799, 42.479128 ], [ -96.343611, 42.479125 ], [ -96.342052, 42.479109 ], [ -96.339531, 42.479081 ], [ -96.33222, 42.479023 ], [ -96.331491, 42.479019 ], [ -96.329788, 42.479318 ], [ -96.329782, 42.480819 ], [ -96.332188, 42.480818 ], [ -96.3322, 42.481715 ], [ -96.329789, 42.481715 ], [ -96.329793, 42.48221 ], [ -96.329784, 42.482278 ], [ -96.329792, 42.482611 ], [ -96.329889, 42.482612 ], [ -96.329864, 42.482691 ], [ -96.332189, 42.483336 ], [ -96.332191, 42.489645 ], [ -96.330519, 42.489777 ], [ -96.322121, 42.489801 ], [ -96.321783, 42.489802 ], [ -96.320528, 42.489806 ], [ -96.320095, 42.491303 ], [ -96.320032, 42.491511 ], [ -96.319482, 42.493812 ], [ -96.319476, 42.494076 ], [ -96.319428, 42.496317 ], [ -96.31884, 42.496964 ], [ -96.319642, 42.496963 ], [ -96.319989, 42.496963 ], [ -96.322462, 42.496567 ], [ -96.322299, 42.49508 ], [ -96.325559, 42.49515 ], [ -96.326307, 42.496269 ], [ -96.327524, 42.496034 ], [ -96.326669, 42.494989 ], [ -96.327381, 42.494673 ], [ -96.328211, 42.495708 ], [ -96.32893, 42.495383 ], [ -96.328093, 42.494356 ], [ -96.329653, 42.493891 ], [ -96.330372, 42.495031 ], [ -96.330503, 42.494939 ], [ -96.331581, 42.493869 ], [ -96.331121, 42.491791 ], [ -96.330987, 42.491133 ], [ -96.330945, 42.490953 ], [ -96.330776, 42.490206 ], [ -96.332191, 42.489771 ], [ -96.332246, 42.491308 ], [ -96.332313, 42.493359 ], [ -96.332281, 42.496848 ], [ -96.332297, 42.498792 ], [ -96.328302, 42.498836 ], [ -96.328329, 42.500503 ], [ -96.332322, 42.500422 ], [ -96.332348, 42.501724 ], [ -96.331316, 42.502596 ], [ -96.330514, 42.503276 ], [ -96.330543, 42.504462 ], [ -96.332298, 42.504966 ], [ -96.332337, 42.511175 ], [ -96.332337, 42.511654 ], [ -96.332337, 42.512091 ], [ -96.332247, 42.515181 ], [ -96.331096, 42.514793 ], [ -96.32148, 42.514921 ], [ -96.321358, 42.511321 ], [ -96.311527, 42.51142 ], [ -96.311652, 42.518596 ], [ -96.32147, 42.518501 ], [ -96.332174, 42.518355 ], [ -96.332077, 42.532834 ], [ -96.331985, 42.537358 ], [ -96.331865, 42.538002 ], [ -96.331928, 42.54003 ], [ -96.331837, 42.547274 ], [ -96.331849, 42.551455 ], [ -96.331849, 42.551583 ], [ -96.331862, 42.560328 ], [ -96.330141, 42.561759 ], [ -96.330321, 42.561803 ], [ -96.330799, 42.561825 ], [ -96.331267, 42.561836 ], [ -96.331744, 42.561843 ], [ -96.332051, 42.561848 ], [ -96.333537, 42.561832 ], [ -96.351425, 42.561996 ], [ -96.371023, 42.562011 ], [ -96.399811, 42.56207 ], [ -96.401034, 42.562108 ], [ -96.40283, 42.56213 ], [ -96.404998, 42.562144 ], [ -96.407748, 42.562163 ], [ -96.41815, 42.562234 ], [ -96.429498, 42.562209 ], [ -96.43894, 42.562087 ], [ -96.446107, 42.562009 ], [ -96.449134, 42.561945 ], [ -96.454112, 42.561827 ], [ -96.45634, 42.561775 ], [ -96.460849, 42.561678 ], [ -96.460568, 42.559257 ], [ -96.45981, 42.558165 ], [ -96.459533, 42.554853 ], [ -96.45847, 42.552558 ], [ -96.456666, 42.549053 ], [ -96.454707, 42.547671 ], [ -96.452596, 42.547186 ], [ -96.448661, 42.541515 ], [ -96.444007, 42.536618 ], [ -96.441815, 42.53427 ], [ -96.441276, 42.532699 ], [ -96.440828, 42.531063 ], [ -96.440172, 42.528839 ], [ -96.440125, 42.526144 ], [ -96.439327, 42.522945 ], [ -96.438047, 42.520707 ], [ -96.436239, 42.519175 ], [ -96.434505, 42.517063 ], [ -96.434102, 42.515639 ], [ -96.434162, 42.514856 ], [ -96.432907, 42.514421 ], [ -96.431673, 42.514046 ], [ -96.430454, 42.513676 ], [ -96.428642, 42.512985 ], [ -96.427851, 42.512567 ], [ -96.427167, 42.512236 ], [ -96.426768, 42.512244 ], [ -96.425576, 42.512237 ], [ -96.424129, 42.512249 ], [ -96.422627, 42.512246 ], [ -96.42263, 42.514285 ], [ -96.419992, 42.514261 ], [ -96.419601, 42.514259 ], [ -96.418273, 42.514274 ], [ -96.41827, 42.514215 ], [ -96.416827, 42.514235 ], [ -96.416847, 42.515242 ], [ -96.417024, 42.516238 ], [ -96.417473, 42.517989 ], [ -96.417599, 42.518784 ], [ -96.417984, 42.521962 ], [ -96.416405, 42.524577 ], [ -96.415704, 42.525277 ], [ -96.415276, 42.52559 ], [ -96.415003, 42.525409 ], [ -96.414705, 42.525213 ], [ -96.413858, 42.524672 ], [ -96.412873, 42.523901 ], [ -96.412044, 42.523238 ], [ -96.411086, 42.522483 ], [ -96.410811, 42.522269 ], [ -96.410028, 42.521683 ], [ -96.409609, 42.521335 ], [ -96.408885, 42.520761 ], [ -96.406655, 42.519053 ], [ -96.405684, 42.518271 ], [ -96.40517, 42.517181 ], [ -96.405145, 42.516158 ], [ -96.405141, 42.515171 ], [ -96.40444, 42.515154 ], [ -96.403687, 42.515148 ], [ -96.402962, 42.515145 ], [ -96.402224, 42.515141 ], [ -96.40149, 42.515141 ], [ -96.400947, 42.51514 ], [ -96.400954, 42.515806 ], [ -96.400956, 42.516118 ], [ -96.400955, 42.516657 ], [ -96.400311, 42.516656 ], [ -96.39965, 42.516654 ], [ -96.399031, 42.516653 ], [ -96.398405, 42.516652 ], [ -96.397863, 42.516652 ], [ -96.397258, 42.516653 ], [ -96.396686, 42.516653 ], [ -96.396025, 42.516652 ], [ -96.396029, 42.516209 ], [ -96.396033, 42.515747 ], [ -96.396041, 42.515286 ], [ -96.39604, 42.51483 ], [ -96.393588, 42.514824 ], [ -96.391109, 42.514818 ], [ -96.389889, 42.514801 ], [ -96.388695, 42.514784 ], [ -96.386609, 42.514744 ], [ -96.386202, 42.515102 ], [ -96.384949, 42.516129 ], [ -96.383131, 42.517448 ], [ -96.382621, 42.517504 ], [ -96.386193, 42.514841 ], [ -96.389824, 42.511634 ], [ -96.39096, 42.50994 ], [ -96.392222, 42.506983 ], [ -96.392212, 42.503903 ], [ -96.392093, 42.501892 ], [ -96.392055, 42.498536 ], [ -96.392044, 42.497495 ], [ -96.39202, 42.496466 ], [ -96.392013, 42.494272 ], [ -96.393453, 42.494243 ], [ -96.393445, 42.493145 ], [ -96.393443, 42.492153 ], [ -96.393434, 42.489811 ], [ -96.392269, 42.489825 ], [ -96.39178, 42.489831 ], [ -96.390995, 42.489841 ], [ -96.389814, 42.489854 ], [ -96.388784, 42.489866 ], [ -96.387274, 42.489876 ], [ -96.385852, 42.489891 ], [ -96.384546, 42.489908 ], [ -96.382264, 42.489903 ], [ -96.381525, 42.489903 ], [ -96.381117, 42.489905 ], [ -96.380348, 42.489909 ], [ -96.380127, 42.48991 ], [ -96.377361, 42.489942 ], [ -96.377361, 42.490271 ], [ -96.375912, 42.490235 ], [ -96.374509, 42.4902 ], [ -96.374373, 42.490199 ], [ -96.37309, 42.490196 ], [ -96.371516, 42.490193 ], [ -96.371364, 42.490193 ], [ -96.37073, 42.490187 ], [ -96.370146, 42.490182 ], [ -96.368955, 42.490172 ], [ -96.368181, 42.490166 ], [ -96.368179, 42.489863 ], [ -96.368188, 42.48931 ], [ -96.368192, 42.489191 ], [ -96.368186, 42.488788 ], [ -96.368175, 42.488118 ], [ -96.36817, 42.48787 ], [ -96.368167, 42.487625 ], [ -96.367613, 42.487619 ], [ -96.367488, 42.487618 ], [ -96.36744, 42.487591 ], [ -96.366927, 42.48709 ], [ -96.36692, 42.486629 ], [ -96.366913, 42.48583 ], [ -96.366906, 42.485366 ], [ -96.366898, 42.484864 ], [ -96.366903, 42.484361 ], [ -96.366914, 42.483867 ], [ -96.366921, 42.483056 ], [ -96.366888, 42.482774 ], [ -96.367204, 42.482948 ], [ -96.367183, 42.481788 ], [ -96.367177, 42.480519 ], [ -96.367192, 42.479255 ], [ -96.366465, 42.479245 ], [ -96.365743, 42.479235 ], [ -96.365735, 42.478595 ], [ -96.365727, 42.47796 ], [ -96.365716, 42.477014 ], [ -96.365711, 42.476664 ], [ -96.365694, 42.475684 ] ] ] ] } },
{ "type": "Feature", "properties": { "id": 100, "NAME": "100", "TotalPop": 32795, "PopDevPct": 0.02793752, "DemPct": 0.49180142, "RepPct": 0.49067059, "WhitePct": 0.5345626, "MinorityPct": 0.4654374, "BlackPct": 0.08641713, "HispanicPct": 0.26749373, "PacificPct": 0.01040914, "AsianPct": 0.05497727, "NativePct": 0.06105281, "TotalVAP": 23537, "Margin": 0.00113083, "color": "#dcdcff", "opacity": "0.5", "DemPct2": 0.53679787, "RepPct2": 0.44075441, "Margin2": 0.09604346, "Swing": -0.09491263, "R_Margin": 0.1294140468, "R_Margin2": 0.1734966469, "R_Swing": -0.0440826001, "Majority": "White" }, "geometry": { "type": "MultiPolygon", "coordinates": [ [ [ [ -96.422627, 42.512246 ], [ -96.424129, 42.512249 ], [ -96.425576, 42.512237 ], [ -96.426768, 42.512244 ], [ -96.427167, 42.512236 ], [ -96.427851, 42.512567 ], [ -96.428642, 42.512985 ], [ -96.430454, 42.513676 ], [ -96.431673, 42.514046 ], [ -96.432907, 42.514421 ], [ -96.434162, 42.514856 ], [ -96.434102, 42.515639 ], [ -96.434505, 42.517063 ], [ -96.436239, 42.519175 ], [ -96.438047, 42.520707 ], [ -96.439327, 42.522945 ], [ -96.440125, 42.526144 ], [ -96.440172, 42.528839 ], [ -96.440828, 42.531063 ], [ -96.441276, 42.532699 ], [ -96.441815, 42.53427 ], [ -96.444007, 42.536618 ], [ -96.448661, 42.541515 ], [ -96.452596, 42.547186 ], [ -96.454707, 42.547671 ], [ -96.456666, 42.549053 ], [ -96.45847, 42.552558 ], [ -96.459533, 42.554853 ], [ -96.45981, 42.558165 ], [ -96.460568, 42.559257 ], [ -96.460849, 42.561678 ], [ -96.479528, 42.561333 ], [ -96.480911, 42.56131 ], [ -96.498473, 42.561046 ], [ -96.498776, 42.561043 ], [ -96.498997, 42.560832 ], [ -96.498835, 42.55878 ], [ -96.498544, 42.558116 ], [ -96.497265, 42.556981 ], [ -96.49554, 42.55644 ], [ -96.493098, 42.556354 ], [ -96.491035, 42.556593 ], [ -96.490128, 42.556755 ], [ -96.486326, 42.556961 ], [ -96.481281, 42.556744 ], [ -96.478541, 42.556378 ], [ -96.47696, 42.555972 ], [ -96.476948, 42.554731 ], [ -96.47697, 42.549169 ], [ -96.476952, 42.546696 ], [ -96.476581, 42.546467 ], [ -96.477409, 42.539888 ], [ -96.477707, 42.535596 ], [ -96.479813, 42.529601 ], [ -96.479041, 42.526515 ], [ -96.479949, 42.524246 ], [ -96.487455, 42.521518 ], [ -96.490646, 42.52027 ], [ -96.491042, 42.520175 ], [ -96.492085, 42.519625 ], [ -96.492869, 42.51906 ], [ -96.493449, 42.518259 ], [ -96.493722, 42.516742 ], [ -96.49357, 42.515626 ], [ -96.493068, 42.514821 ], [ -96.492444, 42.514183 ], [ -96.491431, 42.513465 ], [ -96.490752, 42.513073 ], [ -96.488885, 42.511699 ], [ -96.488163, 42.511284 ], [ -96.4866, 42.510739 ], [ -96.484379, 42.510312 ], [ -96.483504, 42.51028 ], [ -96.48263, 42.510351 ], [ -96.479023, 42.510843 ], [ -96.477468, 42.509613 ], [ -96.476048, 42.507783 ], [ -96.473334, 42.503536 ], [ -96.474136, 42.503288 ], [ -96.474745, 42.501095 ], [ -96.476913, 42.497879 ], [ -96.477444, 42.49547 ], [ -96.477498, 42.495213 ], [ -96.477901, 42.494346 ], [ -96.477186, 42.491011 ], [ -96.476369, 42.490043 ], [ -96.473496, 42.489253 ], [ -96.471505, 42.489268 ], [ -96.470047, 42.490051 ], [ -96.469696, 42.491351 ], [ -96.464466, 42.490491 ], [ -96.462251, 42.49073 ], [ -96.456852, 42.492517 ], [ -96.455424, 42.492498 ], [ -96.447918, 42.490442 ], [ -96.445629, 42.490691 ], [ -96.440308, 42.489595 ], [ -96.423892, 42.48898 ], [ -96.413612, 42.487969 ], [ -96.413499, 42.487959 ], [ -96.409408, 42.487595 ], [ -96.407217, 42.487018 ], [ -96.401962, 42.48644 ], [ -96.396124, 42.484361 ], [ -96.392648, 42.48141 ], [ -96.386013, 42.474506 ], [ -96.384501, 42.475016 ], [ -96.384006, 42.475197 ], [ -96.38385, 42.475258 ], [ -96.383319, 42.475489 ], [ -96.381282, 42.477527 ], [ -96.380546, 42.477432 ], [ -96.380413, 42.477427 ], [ -96.379244, 42.477483 ], [ -96.378266, 42.475837 ], [ -96.375522, 42.474183 ], [ -96.374143, 42.473464 ], [ -96.373009, 42.472898 ], [ -96.371846, 42.472344 ], [ -96.370322, 42.471608 ], [ -96.369553, 42.471226 ], [ -96.369228, 42.471069 ], [ -96.367495, 42.470476 ], [ -96.365738, 42.470451 ], [ -96.36574, 42.470943 ], [ -96.365742, 42.471449 ], [ -96.365731, 42.471941 ], [ -96.36572, 42.472428 ], [ -96.365327, 42.472425 ], [ -96.365324, 42.473123 ], [ -96.365323, 42.473246 ], [ -96.365352, 42.47381 ], [ -96.365014, 42.473719 ], [ -96.364125, 42.474335 ], [ -96.365694, 42.475684 ], [ -96.365711, 42.476664 ], [ -96.365716, 42.477014 ], [ -96.365727, 42.47796 ], [ -96.365735, 42.478595 ], [ -96.365743, 42.479235 ], [ -96.366465, 42.479245 ], [ -96.367192, 42.479255 ], [ -96.367177, 42.480519 ], [ -96.367183, 42.481788 ], [ -96.367204, 42.482948 ], [ -96.366888, 42.482774 ], [ -96.366921, 42.483056 ], [ -96.366914, 42.483867 ], [ -96.366903, 42.484361 ], [ -96.366898, 42.484864 ], [ -96.366906, 42.485366 ], [ -96.366913, 42.48583 ], [ -96.36692, 42.486629 ], [ -96.366927, 42.48709 ], [ -96.36744, 42.487591 ], [ -96.367488, 42.487618 ], [ -96.367613, 42.487619 ], [ -96.368167, 42.487625 ], [ -96.36817, 42.48787 ], [ -96.368175, 42.488118 ], [ -96.368186, 42.488788 ], [ -96.368192, 42.489191 ], [ -96.368188, 42.48931 ], [ -96.368179, 42.489863 ], [ -96.368181, 42.490166 ], [ -96.368955, 42.490172 ], [ -96.370146, 42.490182 ], [ -96.37073, 42.490187 ], [ -96.371364, 42.490193 ], [ -96.371516, 42.490193 ], [ -96.37309, 42.490196 ], [ -96.374373, 42.490199 ], [ -96.374509, 42.4902 ], [ -96.375912, 42.490235 ], [ -96.377361, 42.490271 ], [ -96.377361, 42.489942 ], [ -96.380127, 42.48991 ], [ -96.380348, 42.489909 ], [ -96.381117, 42.489905 ], [ -96.381525, 42.489903 ], [ -96.382264, 42.489903 ], [ -96.384546, 42.489908 ], [ -96.385852, 42.489891 ], [ -96.387274, 42.489876 ], [ -96.388784, 42.489866 ], [ -96.389814, 42.489854 ], [ -96.390995, 42.489841 ], [ -96.39178, 42.489831 ], [ -96.392269, 42.489825 ], [ -96.393434, 42.489811 ], [ -96.393443, 42.492153 ], [ -96.393445, 42.493145 ], [ -96.393453, 42.494243 ], [ -96.392013, 42.494272 ], [ -96.39202, 42.496466 ], [ -96.392044, 42.497495 ], [ -96.392055, 42.498536 ], [ -96.392093, 42.501892 ], [ -96.392212, 42.503903 ], [ -96.392222, 42.506983 ], [ -96.39096, 42.50994 ], [ -96.389824, 42.511634 ], [ -96.386193, 42.514841 ], [ -96.382621, 42.517504 ], [ -96.383131, 42.517448 ], [ -96.384949, 42.516129 ], [ -96.386202, 42.515102 ], [ -96.386609, 42.514744 ], [ -96.388695, 42.514784 ], [ -96.389889, 42.514801 ], [ -96.391109, 42.514818 ], [ -96.393588, 42.514824 ], [ -96.39604, 42.51483 ], [ -96.396041, 42.515286 ], [ -96.396033, 42.515747 ], [ -96.396029, 42.516209 ], [ -96.396025, 42.516652 ], [ -96.396686, 42.516653 ], [ -96.397258, 42.516653 ], [ -96.397863, 42.516652 ], [ -96.398405, 42.516652 ], [ -96.399031, 42.516653 ], [ -96.39965, 42.516654 ], [ -96.400311, 42.516656 ], [ -96.400955, 42.516657 ], [ -96.400956, 42.516118 ], [ -96.400954, 42.515806 ], [ -96.400947, 42.51514 ], [ -96.40149, 42.515141 ], [ -96.402224, 42.515141 ], [ -96.402962, 42.515145 ], [ -96.403687, 42.515148 ], [ -96.40444, 42.515154 ], [ -96.405141, 42.515171 ], [ -96.405145, 42.516158 ], [ -96.40517, 42.517181 ], [ -96.405684, 42.518271 ], [ -96.406655, 42.519053 ], [ -96.408885, 42.520761 ], [ -96.409609, 42.521335 ], [ -96.410028, 42.521683 ], [ -96.410811, 42.522269 ], [ -96.411086, 42.522483 ], [ -96.412044, 42.523238 ], [ -96.412873, 42.523901 ], [ -96.413858, 42.524672 ], [ -96.414705, 42.525213 ], [ -96.415003, 42.525409 ], [ -96.415276, 42.52559 ], [ -96.415704, 42.525277 ], [ -96.416405, 42.524577 ], [ -96.417984, 42.521962 ], [ -96.417599, 42.518784 ], [ -96.417473, 42.517989 ], [ -96.417024, 42.516238 ], [ -96.416847, 42.515242 ], [ -96.416827, 42.514235 ], [ -96.41827, 42.514215 ], [ -96.418273, 42.514274 ], [ -96.419601, 42.514259 ], [ -96.419992, 42.514261 ], [ -96.42263, 42.514285 ], [ -96.422627, 42.512246 ] ] ] ] } }
]
}
