{
"type": "FeatureCollection",
"name": "UT House_Merged",
"crs": { "type": "name", "properties": { "name": "urn:ogc:def:crs:OGC:1.3:CRS84" } },
"features": [
{ "type": "Feature", "properties": { "id": 1, "NAME": "1", "TotalPop": 44417, "PopDevPct": 0.01823533, "DemPct": 0.494, "RepPct": 0.47311111, "WhitePct": 0.50638025, "MinorityPct": 0.49361975, "BlackPct": 0.03215774, "HispanicPct": 0.36290478, "PacificPct": 0.03921129, "AsianPct": 0.04389227, "NativePct": 0.03228599, "TotalVAP": 31190, "Margin": 0.02088889, "color": "#c2c2ff", "opacity": "0.5", "DemPct2": 0.51974904, "RepPct2": 0.42884643, "Margin2": 0.09090261, "Swing": -0.07001372, "R_Margin": 0.2195979404, "R_Margin2": 0.29544973586666667, "R_Swing": -0.075851795466666663, "Majority": "White" }, "geometry": { "type": "MultiPolygon", "coordinates": [ [ [ [ -112.063131, 40.708754 ], [ -112.063143, 40.711009 ], [ -112.063145, 40.711343 ], [ -112.063144, 40.711466 ], [ -112.063154, 40.713011 ], [ -112.063158, 40.713572 ], [ -112.063158, 40.713723 ], [ -112.06317, 40.715356 ], [ -112.063183, 40.716806 ], [ -112.063189, 40.718839 ], [ -112.063267, 40.725586 ], [ -112.053656, 40.725555 ], [ -112.042457, 40.725659 ], [ -112.037596, 40.725855 ], [ -112.035443, 40.725755 ], [ -112.024898, 40.725888 ], [ -112.005868, 40.725931 ], [ -111.986233, 40.72592 ], [ -111.980312, 40.725937 ], [ -111.97717, 40.726157 ], [ -111.970108, 40.726821 ], [ -111.967775, 40.726801 ], [ -111.962548, 40.726179 ], [ -111.957993, 40.725906 ], [ -111.953621, 40.725724 ], [ -111.951411, 40.725401 ], [ -111.948187, 40.724931 ], [ -111.943772, 40.724292 ], [ -111.938958, 40.724191 ], [ -111.938953, 40.725883 ], [ -111.938959, 40.728743 ], [ -111.938968, 40.733131 ], [ -111.938972, 40.735009 ], [ -111.938977, 40.737793 ], [ -111.938979, 40.738584 ], [ -111.938979, 40.738624 ], [ -111.938983, 40.740277 ], [ -111.938984, 40.740665 ], [ -111.938983, 40.740737 ], [ -111.938988, 40.743617 ], [ -111.938999, 40.750059 ], [ -111.939001, 40.750242 ], [ -111.939003, 40.751246 ], [ -111.939004, 40.752246 ], [ -111.939011, 40.755077 ], [ -111.939014, 40.756723 ], [ -111.939017, 40.758443 ], [ -111.939018, 40.758973 ], [ -111.939021, 40.760615 ], [ -111.939022, 40.760637 ], [ -111.939022, 40.76088 ], [ -111.939026, 40.762794 ], [ -111.939029, 40.764106 ], [ -111.939031, 40.764975 ], [ -111.939033, 40.766218 ], [ -111.93904, 40.769418 ], [ -111.93904, 40.769475 ], [ -111.939042, 40.770408 ], [ -111.939045, 40.771524 ], [ -111.939267, 40.771522 ], [ -111.939267, 40.772913 ], [ -111.939326, 40.776127 ], [ -111.939384, 40.778146 ], [ -111.939385, 40.780197 ], [ -111.939368, 40.784741 ], [ -111.93936, 40.787039 ], [ -111.939279, 40.789011 ], [ -111.939204, 40.791067 ], [ -111.937189, 40.791069 ], [ -111.935663, 40.791069 ], [ -111.936303, 40.792532 ], [ -111.936509, 40.795 ], [ -111.937135, 40.797854 ], [ -111.936284, 40.79889 ], [ -111.935969, 40.80063 ], [ -111.934644, 40.801136 ], [ -111.934165, 40.805189 ], [ -111.935339, 40.806973 ], [ -111.938989, 40.80821 ], [ -111.938868, 40.809572 ], [ -111.938231, 40.816766 ], [ -111.937785, 40.821801 ], [ -111.941362, 40.821792 ], [ -111.945863, 40.821791 ], [ -111.946408, 40.822046 ], [ -111.946686, 40.823845 ], [ -111.944084, 40.826535 ], [ -111.943587, 40.827394 ], [ -111.943824, 40.829096 ], [ -111.942873, 40.830494 ], [ -111.943985, 40.831562 ], [ -111.944256, 40.831626 ], [ -111.944468, 40.831804 ], [ -111.944656, 40.832175 ], [ -111.944287, 40.834154 ], [ -111.944839, 40.834866 ], [ -111.946733, 40.837959 ], [ -111.94826, 40.838471 ], [ -111.949049, 40.840145 ], [ -111.951116, 40.841067 ], [ -111.951248, 40.841963 ], [ -111.949783, 40.843125 ], [ -111.952931, 40.844681 ], [ -111.953918, 40.847641 ], [ -111.955872, 40.849112 ], [ -111.957998, 40.848531 ], [ -111.959654, 40.848602 ], [ -111.96063, 40.847889 ], [ -111.963003, 40.84817 ], [ -111.961683, 40.849032 ], [ -111.958898, 40.849245 ], [ -111.959967, 40.851075 ], [ -111.9597, 40.852166 ], [ -111.961794, 40.851877 ], [ -111.964494, 40.853445 ], [ -111.961747, 40.853883 ], [ -111.961599, 40.854233 ], [ -111.963782, 40.855325 ], [ -111.965876, 40.854626 ], [ -111.965887, 40.856482 ], [ -111.96645, 40.857867 ], [ -111.964075, 40.859973 ], [ -111.964769, 40.861476 ], [ -111.964335, 40.86254 ], [ -111.962652, 40.863599 ], [ -111.963836, 40.864532 ], [ -111.963964, 40.866313 ], [ -111.962834, 40.866623 ], [ -111.963899, 40.8675 ], [ -111.962558, 40.868729 ], [ -111.962892, 40.870004 ], [ -111.964495, 40.871017 ], [ -111.963706, 40.871312 ], [ -111.966575, 40.87232 ], [ -111.967974, 40.871804 ], [ -111.96954, 40.872316 ], [ -111.968907, 40.874107 ], [ -111.970726, 40.875094 ], [ -111.971069, 40.876645 ], [ -111.969501, 40.878568 ], [ -111.967556, 40.880059 ], [ -111.968069, 40.8811 ], [ -111.967844, 40.882387 ], [ -111.969037, 40.883471 ], [ -111.968032, 40.884565 ], [ -111.969163, 40.88566 ], [ -111.968734, 40.886904 ], [ -111.966294, 40.888802 ], [ -111.966147, 40.891653 ], [ -111.963374, 40.89302 ], [ -111.961744, 40.89336 ], [ -111.961528, 40.895282 ], [ -111.959266, 40.896327 ], [ -111.959548, 40.897813 ], [ -111.958602, 40.900167 ], [ -111.958643, 40.912697 ], [ -111.95866, 40.918064 ], [ -111.958672, 40.921822 ], [ -111.97845, 40.921834 ], [ -112.00075, 40.921847 ], [ -112.006566, 40.921846 ], [ -112.008134, 40.921016 ], [ -112.027117, 40.910909 ], [ -112.075979, 40.884796 ], [ -112.100586, 40.871693 ], [ -112.125764, 40.858178 ], [ -112.141647, 40.849698 ], [ -112.142181, 40.849387 ], [ -112.148271, 40.846133 ], [ -112.150219, 40.844818 ], [ -112.195979, 40.813321 ], [ -112.217033, 40.79886 ], [ -112.250155, 40.775975 ], [ -112.260216, 40.769093 ], [ -112.255592, 40.762973 ], [ -112.227795, 40.725594 ], [ -112.225919, 40.724204 ], [ -112.225794, 40.724116 ], [ -112.224979, 40.723541 ], [ -112.224787, 40.723407 ], [ -112.224077, 40.722909 ], [ -112.222749, 40.721995 ], [ -112.220499, 40.722014 ], [ -112.201725, 40.726253 ], [ -112.194568, 40.72716 ], [ -112.174333, 40.728064 ], [ -112.170892, 40.72801 ], [ -112.167613, 40.727727 ], [ -112.164786, 40.727034 ], [ -112.160781, 40.724902 ], [ -112.159776, 40.724216 ], [ -112.158091, 40.722708 ], [ -112.157237, 40.722195 ], [ -112.156417, 40.721888 ], [ -112.155255, 40.721625 ], [ -112.153093, 40.721392 ], [ -112.152004, 40.721206 ], [ -112.150585, 40.720719 ], [ -112.148301, 40.719709 ], [ -112.146891, 40.719299 ], [ -112.145806, 40.719205 ], [ -112.14361, 40.719389 ], [ -112.142124, 40.71935 ], [ -112.14109, 40.719124 ], [ -112.138873, 40.718261 ], [ -112.137677, 40.717851 ], [ -112.134951, 40.717163 ], [ -112.133999, 40.716964 ], [ -112.132087, 40.716693 ], [ -112.129283, 40.716164 ], [ -112.128223, 40.71601 ], [ -112.12712, 40.715966 ], [ -112.126113, 40.71602 ], [ -112.124182, 40.716294 ], [ -112.122747, 40.716584 ], [ -112.119842, 40.717336 ], [ -112.118552, 40.717639 ], [ -112.116651, 40.71796 ], [ -112.115545, 40.718088 ], [ -112.113973, 40.718178 ], [ -112.110046, 40.718197 ], [ -112.110068, 40.712829 ], [ -112.110066, 40.712025 ], [ -112.111344, 40.712146 ], [ -112.111323, 40.711009 ], [ -112.110481, 40.710939 ], [ -112.110456, 40.709889 ], [ -112.110443, 40.708886 ], [ -112.110419, 40.707895 ], [ -112.110418, 40.705815 ], [ -112.110377, 40.703752 ], [ -112.110355, 40.70192 ], [ -112.110686, 40.701913 ], [ -112.110851, 40.701911 ], [ -112.110846, 40.70061 ], [ -112.110623, 40.700613 ], [ -112.110354, 40.700615 ], [ -112.110356, 40.70014 ], [ -112.110348, 40.699863 ], [ -112.110358, 40.699375 ], [ -112.10747, 40.697945 ], [ -112.105928, 40.696592 ], [ -112.106932, 40.696502 ], [ -112.107503, 40.695446 ], [ -112.108824, 40.694646 ], [ -112.110218, 40.694808 ], [ -112.109904, 40.697065 ], [ -112.112699, 40.69636 ], [ -112.111447, 40.694738 ], [ -112.108996, 40.694473 ], [ -112.107466, 40.695279 ], [ -112.10746, 40.694387 ], [ -112.106149, 40.694391 ], [ -112.106184, 40.691605 ], [ -112.104511, 40.689406 ], [ -112.103241, 40.686166 ], [ -112.09815, 40.682007 ], [ -112.097242, 40.682006 ], [ -112.09185, 40.68201 ], [ -112.087764, 40.68201 ], [ -112.082236, 40.682007 ], [ -112.078369, 40.682005 ], [ -112.075937, 40.685208 ], [ -112.073917, 40.684662 ], [ -112.075859, 40.682002 ], [ -112.063052, 40.681995 ], [ -112.063054, 40.68248 ], [ -112.063065, 40.684464 ], [ -112.063065, 40.685116 ], [ -112.063067, 40.685855 ], [ -112.063072, 40.687112 ], [ -112.063074, 40.687545 ], [ -112.063078, 40.688416 ], [ -112.063082, 40.689241 ], [ -112.063081, 40.69021 ], [ -112.063079, 40.692249 ], [ -112.063079, 40.692395 ], [ -112.063076, 40.696489 ], [ -112.063079, 40.697271 ], [ -112.063083, 40.697999 ], [ -112.06309, 40.699913 ], [ -112.063092, 40.701157 ], [ -112.063095, 40.701981 ], [ -112.063097, 40.702593 ], [ -112.063104, 40.703747 ], [ -112.063123, 40.707365 ], [ -112.063131, 40.708754 ] ] ] ] } },
{ "type": "Feature", "properties": { "id": 2, "NAME": "2", "TotalPop": 42497, "PopDevPct": -0.02577961, "DemPct": 0.67958175, "RepPct": 0.28329416, "WhitePct": 0.44285302, "MinorityPct": 0.55714698, "BlackPct": 0.04444231, "HispanicPct": 0.39325195, "PacificPct": 0.05302957, "AsianPct": 0.04966516, "NativePct": 0.04658912, "TotalVAP": 31209, "Margin": 0.39628759, "color": "#00008b", "opacity": "0.5", "DemPct2": 0.69584811, "RepPct2": 0.26411052, "Margin2": 0.43173759, "Swing": -0.03545, "R_Margin": 0.5949966404, "R_Margin2": 0.63628471586666668, "R_Swing": -0.041288075466666699, "Majority": "Minority" }, "geometry": { "type": "MultiPolygon", "coordinates": [ [ [ [ -111.910303, 40.780203 ], [ -111.90826, 40.780211 ], [ -111.905509, 40.780211 ], [ -111.904932, 40.78021 ], [ -111.902539, 40.78021 ], [ -111.901031, 40.780213 ], [ -111.89968, 40.78021 ], [ -111.896821, 40.780214 ], [ -111.896821, 40.780107 ], [ -111.895322, 40.780105 ], [ -111.894908, 40.780107 ], [ -111.893455, 40.780106 ], [ -111.892644, 40.780107 ], [ -111.89298, 40.780519 ], [ -111.893592, 40.781281 ], [ -111.894089, 40.781899 ], [ -111.894179, 40.782011 ], [ -111.89445, 40.782347 ], [ -111.894541, 40.782459 ], [ -111.895222, 40.783304 ], [ -111.895296, 40.783394 ], [ -111.896825, 40.785291 ], [ -111.89737, 40.785733 ], [ -111.899684, 40.786733 ], [ -111.899684, 40.787814 ], [ -111.901051, 40.790105 ], [ -111.903429, 40.794026 ], [ -111.903697, 40.794435 ], [ -111.909817, 40.799409 ], [ -111.911677, 40.800923 ], [ -111.913155, 40.80211 ], [ -111.91691, 40.805097 ], [ -111.917816, 40.806246 ], [ -111.918285, 40.807469 ], [ -111.918712, 40.81142 ], [ -111.919097, 40.814554 ], [ -111.918941, 40.816936 ], [ -111.917111, 40.818717 ], [ -111.916312, 40.820333 ], [ -111.916184, 40.821823 ], [ -111.916474, 40.821826 ], [ -111.916836, 40.821829 ], [ -111.918527, 40.821813 ], [ -111.919461, 40.821816 ], [ -111.91981, 40.821816 ], [ -111.921597, 40.821821 ], [ -111.929344, 40.821809 ], [ -111.937785, 40.821801 ], [ -111.938231, 40.816766 ], [ -111.938868, 40.809572 ], [ -111.938989, 40.80821 ], [ -111.935339, 40.806973 ], [ -111.934165, 40.805189 ], [ -111.934644, 40.801136 ], [ -111.935969, 40.80063 ], [ -111.936284, 40.79889 ], [ -111.937135, 40.797854 ], [ -111.936509, 40.795 ], [ -111.936303, 40.792532 ], [ -111.935663, 40.791069 ], [ -111.937189, 40.791069 ], [ -111.939204, 40.791067 ], [ -111.939279, 40.789011 ], [ -111.93936, 40.787039 ], [ -111.939368, 40.784741 ], [ -111.939385, 40.780197 ], [ -111.939384, 40.778146 ], [ -111.939326, 40.776127 ], [ -111.939267, 40.772913 ], [ -111.939267, 40.771522 ], [ -111.939045, 40.771524 ], [ -111.939042, 40.770408 ], [ -111.93904, 40.769475 ], [ -111.93904, 40.769418 ], [ -111.939033, 40.766218 ], [ -111.939031, 40.764975 ], [ -111.939029, 40.764106 ], [ -111.939026, 40.762794 ], [ -111.939022, 40.76088 ], [ -111.939022, 40.760637 ], [ -111.939021, 40.760615 ], [ -111.939018, 40.758973 ], [ -111.939017, 40.758443 ], [ -111.939014, 40.756723 ], [ -111.939011, 40.755077 ], [ -111.939004, 40.752246 ], [ -111.939003, 40.751246 ], [ -111.939001, 40.750242 ], [ -111.938999, 40.750059 ], [ -111.938988, 40.743617 ], [ -111.938983, 40.740737 ], [ -111.938984, 40.740665 ], [ -111.938983, 40.740277 ], [ -111.938979, 40.738624 ], [ -111.938979, 40.738584 ], [ -111.938977, 40.737793 ], [ -111.938972, 40.735009 ], [ -111.938968, 40.733131 ], [ -111.938959, 40.728743 ], [ -111.938953, 40.725883 ], [ -111.938958, 40.724191 ], [ -111.924196, 40.724457 ], [ -111.926117, 40.72597 ], [ -111.921061, 40.725976 ], [ -111.916802, 40.72568 ], [ -111.911234, 40.725534 ], [ -111.908454, 40.725551 ], [ -111.904775, 40.725463 ], [ -111.904661, 40.72546 ], [ -111.904175, 40.725418 ], [ -111.904526, 40.733509 ], [ -111.904024, 40.741604 ], [ -111.90406, 40.744263 ], [ -111.904645, 40.745551 ], [ -111.906537, 40.747507 ], [ -111.908924, 40.749381 ], [ -111.909224, 40.749759 ], [ -111.910576, 40.751937 ], [ -111.911025, 40.754099 ], [ -111.912107, 40.756483 ], [ -111.913712, 40.759655 ], [ -111.913993, 40.760635 ], [ -111.91374, 40.763667 ], [ -111.913123, 40.76499 ], [ -111.911683, 40.768444 ], [ -111.911294, 40.7694 ], [ -111.910412, 40.77154 ], [ -111.910247, 40.775861 ], [ -111.910303, 40.780203 ] ] ] ] } },
{ "type": "Feature", "properties": { "id": 3, "NAME": "3", "TotalPop": 45264, "PopDevPct": 0.03765234, "DemPct": 0.48690304, "RepPct": 0.48174019, "WhitePct": 0.51205456, "MinorityPct": 0.48794544, "BlackPct": 0.01956264, "HispanicPct": 0.37265072, "PacificPct": 0.03265777, "AsianPct": 0.04873051, "NativePct": 0.03320206, "TotalVAP": 31233, "Margin": 0.00516285, "color": "#d7d7ff", "opacity": "0.5", "DemPct2": 0.50486235, "RepPct2": 0.44452815, "Margin2": 0.0603342, "Swing": -0.05517135, "R_Margin": 0.2038719004, "R_Margin2": 0.26488132586666668, "R_Swing": -0.06100942546666667, "Majority": "White" }, "geometry": { "type": "MultiPolygon", "coordinates": [ [ [ [ -112.035019, 40.631229 ], [ -112.03093, 40.631332 ], [ -112.024636, 40.631484 ], [ -112.024647, 40.633375 ], [ -112.024643, 40.636152 ], [ -112.024634, 40.638551 ], [ -112.021708, 40.638563 ], [ -112.018895, 40.638567 ], [ -112.017209, 40.638577 ], [ -112.015486, 40.638581 ], [ -112.013885, 40.638588 ], [ -112.012512, 40.638593 ], [ -112.011002, 40.638599 ], [ -112.008118, 40.638609 ], [ -112.005385, 40.638605 ], [ -112.005459, 40.640209 ], [ -112.005459, 40.6403 ], [ -112.0039, 40.640315 ], [ -112.004554, 40.638579 ], [ -112.000479, 40.638575 ], [ -111.999837, 40.638573 ], [ -111.998808, 40.638578 ], [ -111.997939, 40.638584 ], [ -111.995734, 40.638586 ], [ -111.994787, 40.638584 ], [ -111.991702, 40.638591 ], [ -111.991129, 40.638565 ], [ -111.989781, 40.638558 ], [ -111.98871, 40.638567 ], [ -111.988148, 40.638568 ], [ -111.986479, 40.638578 ], [ -111.986495, 40.639307 ], [ -111.986477, 40.63964 ], [ -111.986474, 40.639724 ], [ -111.986458, 40.641586 ], [ -111.986479, 40.641831 ], [ -111.98649, 40.64252 ], [ -111.986485, 40.64328 ], [ -111.986484, 40.644753 ], [ -111.986482, 40.644876 ], [ -111.986928, 40.645807 ], [ -111.986944, 40.646219 ], [ -111.986941, 40.646511 ], [ -111.986921, 40.649151 ], [ -111.986911, 40.649843 ], [ -111.986921, 40.650478 ], [ -111.986893, 40.65078 ], [ -111.986916, 40.651249 ], [ -111.986904, 40.652996 ], [ -111.986912, 40.655025 ], [ -111.986901, 40.655768 ], [ -111.986891, 40.658068 ], [ -111.986912, 40.658643 ], [ -111.98691, 40.659267 ], [ -111.986922, 40.659966 ], [ -111.98691, 40.660317 ], [ -111.9869, 40.660654 ], [ -111.986914, 40.663611 ], [ -111.986818, 40.666226 ], [ -111.986708, 40.666682 ], [ -111.98658, 40.667564 ], [ -111.988534, 40.667696 ], [ -111.989709, 40.667721 ], [ -111.990625, 40.667712 ], [ -111.992614, 40.667714 ], [ -111.993927, 40.667716 ], [ -111.99483, 40.667718 ], [ -111.998765, 40.667802 ], [ -112.000227, 40.667726 ], [ -112.002948, 40.667738 ], [ -112.003866, 40.667737 ], [ -112.003869, 40.667253 ], [ -112.005675, 40.667245 ], [ -112.006534, 40.667273 ], [ -112.007827, 40.667584 ], [ -112.010831, 40.667573 ], [ -112.011151, 40.667573 ], [ -112.013316, 40.667574 ], [ -112.014415, 40.667575 ], [ -112.016554, 40.667575 ], [ -112.01992, 40.667577 ], [ -112.023279, 40.667578 ], [ -112.024672, 40.667578 ], [ -112.024676, 40.668462 ], [ -112.025274, 40.66884 ], [ -112.030848, 40.672419 ], [ -112.031371, 40.672764 ], [ -112.034291, 40.674569 ], [ -112.038792, 40.676334 ], [ -112.043885, 40.677413 ], [ -112.05228, 40.679029 ], [ -112.057888, 40.681159 ], [ -112.060754, 40.682 ], [ -112.063052, 40.681995 ], [ -112.075859, 40.682002 ], [ -112.073917, 40.684662 ], [ -112.075937, 40.685208 ], [ -112.078369, 40.682005 ], [ -112.082236, 40.682007 ], [ -112.087764, 40.68201 ], [ -112.09185, 40.68201 ], [ -112.097242, 40.682006 ], [ -112.09815, 40.682007 ], [ -112.103241, 40.686166 ], [ -112.104511, 40.689406 ], [ -112.106184, 40.691605 ], [ -112.106149, 40.694391 ], [ -112.10746, 40.694387 ], [ -112.107466, 40.695279 ], [ -112.108996, 40.694473 ], [ -112.111447, 40.694738 ], [ -112.112699, 40.69636 ], [ -112.109904, 40.697065 ], [ -112.110218, 40.694808 ], [ -112.108824, 40.694646 ], [ -112.107503, 40.695446 ], [ -112.106932, 40.696502 ], [ -112.105928, 40.696592 ], [ -112.10747, 40.697945 ], [ -112.110358, 40.699375 ], [ -112.110348, 40.699863 ], [ -112.110356, 40.70014 ], [ -112.110354, 40.700615 ], [ -112.110623, 40.700613 ], [ -112.110846, 40.70061 ], [ -112.110851, 40.701911 ], [ -112.110686, 40.701913 ], [ -112.110355, 40.70192 ], [ -112.110377, 40.703752 ], [ -112.110418, 40.705815 ], [ -112.110419, 40.707895 ], [ -112.110443, 40.708886 ], [ -112.110456, 40.709889 ], [ -112.110481, 40.710939 ], [ -112.111323, 40.711009 ], [ -112.111344, 40.712146 ], [ -112.110066, 40.712025 ], [ -112.110068, 40.712829 ], [ -112.110046, 40.718197 ], [ -112.113973, 40.718178 ], [ -112.115545, 40.718088 ], [ -112.116651, 40.71796 ], [ -112.118552, 40.717639 ], [ -112.119842, 40.717336 ], [ -112.122747, 40.716584 ], [ -112.124182, 40.716294 ], [ -112.126113, 40.71602 ], [ -112.12712, 40.715966 ], [ -112.128223, 40.71601 ], [ -112.129283, 40.716164 ], [ -112.132087, 40.716693 ], [ -112.133999, 40.716964 ], [ -112.134951, 40.717163 ], [ -112.137677, 40.717851 ], [ -112.138873, 40.718261 ], [ -112.14109, 40.719124 ], [ -112.142124, 40.71935 ], [ -112.14361, 40.719389 ], [ -112.145806, 40.719205 ], [ -112.146891, 40.719299 ], [ -112.148301, 40.719709 ], [ -112.150585, 40.720719 ], [ -112.152004, 40.721206 ], [ -112.153093, 40.721392 ], [ -112.155255, 40.721625 ], [ -112.156417, 40.721888 ], [ -112.157237, 40.722195 ], [ -112.158091, 40.722708 ], [ -112.159776, 40.724216 ], [ -112.160781, 40.724902 ], [ -112.164786, 40.727034 ], [ -112.167613, 40.727727 ], [ -112.170892, 40.72801 ], [ -112.174333, 40.728064 ], [ -112.194568, 40.72716 ], [ -112.201725, 40.726253 ], [ -112.220499, 40.722014 ], [ -112.222749, 40.721995 ], [ -112.220283, 40.720304 ], [ -112.217271, 40.718279 ], [ -112.216533, 40.717906 ], [ -112.21489, 40.718022 ], [ -112.214542, 40.717892 ], [ -112.214266, 40.71744 ], [ -112.213613, 40.716806 ], [ -112.213245, 40.716651 ], [ -112.212475, 40.716602 ], [ -112.211474, 40.716239 ], [ -112.21082, 40.716093 ], [ -112.208309, 40.716049 ], [ -112.207676, 40.715721 ], [ -112.207355, 40.715189 ], [ -112.206739, 40.713823 ], [ -112.206383, 40.713267 ], [ -112.205211, 40.712157 ], [ -112.204825, 40.710761 ], [ -112.20331, 40.709137 ], [ -112.202891, 40.708024 ], [ -112.202079, 40.706921 ], [ -112.201132, 40.704919 ], [ -112.200818, 40.703538 ], [ -112.200405, 40.702979 ], [ -112.199962, 40.701686 ], [ -112.199586, 40.700181 ], [ -112.199157, 40.699114 ], [ -112.198893, 40.69818 ], [ -112.198693, 40.696871 ], [ -112.198735, 40.696258 ], [ -112.1991, 40.694916 ], [ -112.19861, 40.693423 ], [ -112.19864, 40.693193 ], [ -112.199714, 40.69182 ], [ -112.199659, 40.690925 ], [ -112.200432, 40.68961 ], [ -112.200527, 40.689002 ], [ -112.200863, 40.68851 ], [ -112.201475, 40.686342 ], [ -112.203102, 40.684684 ], [ -112.204182, 40.683395 ], [ -112.203917, 40.682809 ], [ -112.203098, 40.681759 ], [ -112.203788, 40.680399 ], [ -112.203959, 40.679727 ], [ -112.204365, 40.678646 ], [ -112.204031, 40.677363 ], [ -112.203361, 40.676139 ], [ -112.20319, 40.675356 ], [ -112.202468, 40.67486 ], [ -112.202218, 40.674425 ], [ -112.201894, 40.673164 ], [ -112.201366, 40.671998 ], [ -112.201476, 40.671184 ], [ -112.201809, 40.668723 ], [ -112.201236, 40.663216 ], [ -112.20161, 40.661596 ], [ -112.203046, 40.658301 ], [ -112.202926, 40.653981 ], [ -112.202118, 40.652136 ], [ -112.200003, 40.649743 ], [ -112.198632, 40.64905 ], [ -112.197852, 40.647842 ], [ -112.198021, 40.643926 ], [ -112.197356, 40.641838 ], [ -112.195439, 40.640314 ], [ -112.195047, 40.639512 ], [ -112.195137, 40.637133 ], [ -112.194194, 40.635844 ], [ -112.194264, 40.635005 ], [ -112.195556, 40.633592 ], [ -112.196206, 40.63167 ], [ -112.196393, 40.62934 ], [ -112.190338, 40.628011 ], [ -112.174356, 40.628368 ], [ -112.103206, 40.629041 ], [ -112.079473, 40.628959 ], [ -112.06661, 40.62892 ], [ -112.065716, 40.631231 ], [ -112.062873, 40.631254 ], [ -112.058692, 40.631289 ], [ -112.056384, 40.631298 ], [ -112.053401, 40.631319 ], [ -112.053337, 40.631166 ], [ -112.04923, 40.631167 ], [ -112.04643, 40.631179 ], [ -112.045874, 40.631181 ], [ -112.043978, 40.631217 ], [ -112.043554, 40.631218 ], [ -112.04137, 40.631225 ], [ -112.03833, 40.631215 ], [ -112.035019, 40.631229 ] ] ] ] } },
{ "type": "Feature", "properties": { "id": 4, "NAME": "4", "TotalPop": 45460, "PopDevPct": 0.04214553, "DemPct": 0.49114243, "RepPct": 0.47815133, "WhitePct": 0.48207437, "MinorityPct": 0.51792563, "BlackPct": 0.02361556, "HispanicPct": 0.36894158, "PacificPct": 0.04025739, "AsianPct": 0.07065648, "NativePct": 0.03404444, "TotalVAP": 31547, "Margin": 0.0129911, "color": "#cdcdff", "opacity": "0.5", "DemPct2": 0.50971907, "RepPct2": 0.4422007, "Margin2": 0.06751837, "Swing": -0.05452727, "R_Margin": 0.2117001504, "R_Margin2": 0.27206549586666673, "R_Swing": -0.060365345466666678, "Majority": "Minority" }, "geometry": { "type": "MultiPolygon", "coordinates": [ [ [ [ -112.024706, 40.674488 ], [ -112.024711, 40.675891 ], [ -112.024719, 40.677194 ], [ -112.024718, 40.678101 ], [ -112.024736, 40.680744 ], [ -112.024739, 40.681378 ], [ -112.024743, 40.682078 ], [ -112.02476, 40.684344 ], [ -112.02476, 40.684552 ], [ -112.024764, 40.684879 ], [ -112.024772, 40.686053 ], [ -112.024778, 40.686862 ], [ -112.024779, 40.687119 ], [ -112.024784, 40.68779 ], [ -112.024834, 40.694744 ], [ -112.024835, 40.695007 ], [ -112.024845, 40.696554 ], [ -112.021275, 40.696559 ], [ -112.018737, 40.696561 ], [ -112.018284, 40.696561 ], [ -112.017308, 40.696564 ], [ -112.015285, 40.696565 ], [ -112.01335, 40.696568 ], [ -112.010904, 40.696571 ], [ -112.009481, 40.696572 ], [ -112.005724, 40.696577 ], [ -112.001913, 40.696583 ], [ -111.996177, 40.696592 ], [ -111.993813, 40.696594 ], [ -111.992696, 40.696592 ], [ -111.992054, 40.696599 ], [ -111.991385, 40.696599 ], [ -111.990331, 40.696602 ], [ -111.98663, 40.696607 ], [ -111.98096, 40.696612 ], [ -111.980158, 40.699282 ], [ -111.980179, 40.703908 ], [ -111.979937, 40.703911 ], [ -111.979949, 40.707716 ], [ -111.980377, 40.709791 ], [ -111.981381, 40.71159 ], [ -111.985592, 40.718338 ], [ -111.986231, 40.720777 ], [ -111.98621, 40.722979 ], [ -111.986233, 40.72592 ], [ -112.005868, 40.725931 ], [ -112.024898, 40.725888 ], [ -112.035443, 40.725755 ], [ -112.037596, 40.725855 ], [ -112.042457, 40.725659 ], [ -112.053656, 40.725555 ], [ -112.063267, 40.725586 ], [ -112.063189, 40.718839 ], [ -112.063183, 40.716806 ], [ -112.06317, 40.715356 ], [ -112.063158, 40.713723 ], [ -112.063158, 40.713572 ], [ -112.063154, 40.713011 ], [ -112.063144, 40.711466 ], [ -112.063145, 40.711343 ], [ -112.063143, 40.711009 ], [ -112.063131, 40.708754 ], [ -112.063123, 40.707365 ], [ -112.063104, 40.703747 ], [ -112.063097, 40.702593 ], [ -112.063095, 40.701981 ], [ -112.063092, 40.701157 ], [ -112.06309, 40.699913 ], [ -112.063083, 40.697999 ], [ -112.063079, 40.697271 ], [ -112.063076, 40.696489 ], [ -112.063079, 40.692395 ], [ -112.063079, 40.692249 ], [ -112.063081, 40.69021 ], [ -112.063082, 40.689241 ], [ -112.063078, 40.688416 ], [ -112.063074, 40.687545 ], [ -112.063072, 40.687112 ], [ -112.063067, 40.685855 ], [ -112.063065, 40.685116 ], [ -112.063065, 40.684464 ], [ -112.063054, 40.68248 ], [ -112.063052, 40.681995 ], [ -112.060754, 40.682 ], [ -112.057888, 40.681159 ], [ -112.05228, 40.679029 ], [ -112.043885, 40.677413 ], [ -112.038792, 40.676334 ], [ -112.034291, 40.674569 ], [ -112.031371, 40.672764 ], [ -112.030848, 40.672419 ], [ -112.025274, 40.66884 ], [ -112.024676, 40.668462 ], [ -112.024692, 40.671559 ], [ -112.024699, 40.673118 ], [ -112.024706, 40.674488 ] ] ] ] } },
{ "type": "Feature", "properties": { "id": 5, "NAME": "5", "TotalPop": 44648, "PopDevPct": 0.02353088, "DemPct": 0.49870112, "RepPct": 0.47054694, "WhitePct": 0.54190411, "MinorityPct": 0.45809589, "BlackPct": 0.02750248, "HispanicPct": 0.31311943, "PacificPct": 0.04936819, "AsianPct": 0.05243434, "NativePct": 0.03112611, "TotalVAP": 32288, "Margin": 0.02815418, "color": "#b9b9ff", "opacity": "0.5", "DemPct2": 0.50808642, "RepPct2": 0.45018519, "Margin2": 0.05790123, "Swing": -0.02974705, "R_Margin": 0.2268632304, "R_Margin2": 0.2624483558666667, "R_Swing": -0.035585125466666714, "Majority": "White" }, "geometry": { "type": "MultiPolygon", "coordinates": [ [ [ [ -112.010831, 40.667573 ], [ -112.007827, 40.667584 ], [ -112.006534, 40.667273 ], [ -112.005675, 40.667245 ], [ -112.003869, 40.667253 ], [ -112.003866, 40.667737 ], [ -112.002948, 40.667738 ], [ -112.000227, 40.667726 ], [ -111.998765, 40.667802 ], [ -111.99483, 40.667718 ], [ -111.993927, 40.667716 ], [ -111.992614, 40.667714 ], [ -111.990625, 40.667712 ], [ -111.989709, 40.667721 ], [ -111.988534, 40.667696 ], [ -111.98658, 40.667564 ], [ -111.981407, 40.667554 ], [ -111.979013, 40.667567 ], [ -111.977011, 40.667549 ], [ -111.972323, 40.667574 ], [ -111.970882, 40.667584 ], [ -111.967453, 40.667599 ], [ -111.96443, 40.66761 ], [ -111.963482, 40.667611 ], [ -111.962282, 40.667616 ], [ -111.960154, 40.66762 ], [ -111.957963, 40.667631 ], [ -111.957976, 40.669038 ], [ -111.958036, 40.674868 ], [ -111.958041, 40.675248 ], [ -111.958042, 40.678008 ], [ -111.958036, 40.679638 ], [ -111.958031, 40.680361 ], [ -111.958023, 40.68203 ], [ -111.958022, 40.682146 ], [ -111.958261, 40.682145 ], [ -111.959984, 40.682141 ], [ -111.960605, 40.68214 ], [ -111.961582, 40.682137 ], [ -111.965271, 40.682129 ], [ -111.966909, 40.682126 ], [ -111.96703, 40.682125 ], [ -111.967396, 40.682124 ], [ -111.967518, 40.682124 ], [ -111.967519, 40.683114 ], [ -111.967521, 40.684281 ], [ -111.967521, 40.684931 ], [ -111.967522, 40.687334 ], [ -111.967523, 40.687503 ], [ -111.967523, 40.688473 ], [ -111.967526, 40.689379 ], [ -111.967527, 40.691286 ], [ -111.967529, 40.69293 ], [ -111.967957, 40.692928 ], [ -111.970493, 40.692923 ], [ -111.97246, 40.69292 ], [ -111.972802, 40.69292 ], [ -111.973644, 40.692919 ], [ -111.977076, 40.692913 ], [ -111.977083, 40.696619 ], [ -111.979328, 40.696618 ], [ -111.98096, 40.696612 ], [ -111.98663, 40.696607 ], [ -111.990331, 40.696602 ], [ -111.991385, 40.696599 ], [ -111.992054, 40.696599 ], [ -111.992696, 40.696592 ], [ -111.993813, 40.696594 ], [ -111.996177, 40.696592 ], [ -112.001913, 40.696583 ], [ -112.005724, 40.696577 ], [ -112.009481, 40.696572 ], [ -112.010904, 40.696571 ], [ -112.01335, 40.696568 ], [ -112.015285, 40.696565 ], [ -112.017308, 40.696564 ], [ -112.018284, 40.696561 ], [ -112.018737, 40.696561 ], [ -112.021275, 40.696559 ], [ -112.024845, 40.696554 ], [ -112.024835, 40.695007 ], [ -112.024834, 40.694744 ], [ -112.024784, 40.68779 ], [ -112.024779, 40.687119 ], [ -112.024778, 40.686862 ], [ -112.024772, 40.686053 ], [ -112.024764, 40.684879 ], [ -112.02476, 40.684552 ], [ -112.02476, 40.684344 ], [ -112.024743, 40.682078 ], [ -112.024739, 40.681378 ], [ -112.024736, 40.680744 ], [ -112.024718, 40.678101 ], [ -112.024719, 40.677194 ], [ -112.024711, 40.675891 ], [ -112.024706, 40.674488 ], [ -112.024699, 40.673118 ], [ -112.024692, 40.671559 ], [ -112.024676, 40.668462 ], [ -112.024672, 40.667578 ], [ -112.023279, 40.667578 ], [ -112.01992, 40.667577 ], [ -112.016554, 40.667575 ], [ -112.014415, 40.667575 ], [ -112.013316, 40.667574 ], [ -112.011151, 40.667573 ], [ -112.010831, 40.667573 ] ] ] ] } },
{ "type": "Feature", "properties": { "id": 6, "NAME": "6", "TotalPop": 41586, "PopDevPct": -0.04666379, "DemPct": 0.56168831, "RepPct": 0.40967069, "WhitePct": 0.40685413, "MinorityPct": 0.59314587, "BlackPct": 0.04079356, "HispanicPct": 0.40513046, "PacificPct": 0.05029066, "AsianPct": 0.07773422, "NativePct": 0.03869812, "TotalVAP": 29588, "Margin": 0.15201762, "color": "#2020ff", "opacity": "0.5", "DemPct2": 0.58590484, "RepPct2": 0.36999801, "Margin2": 0.21590683, "Swing": -0.06388921, "R_Margin": 0.3507266704, "R_Margin2": 0.42045395586666667, "R_Swing": -0.069727285466666691, "Majority": "Minority" }, "geometry": { "type": "MultiPolygon", "coordinates": [ [ [ [ -111.967518, 40.682124 ], [ -111.967396, 40.682124 ], [ -111.96703, 40.682125 ], [ -111.966909, 40.682126 ], [ -111.965271, 40.682129 ], [ -111.961582, 40.682137 ], [ -111.960605, 40.68214 ], [ -111.959984, 40.682141 ], [ -111.958261, 40.682145 ], [ -111.958022, 40.682146 ], [ -111.951651, 40.682135 ], [ -111.948444, 40.682129 ], [ -111.946828, 40.682129 ], [ -111.946322, 40.682127 ], [ -111.945989, 40.682126 ], [ -111.945189, 40.682126 ], [ -111.942808, 40.682124 ], [ -111.940219, 40.682122 ], [ -111.93888, 40.682122 ], [ -111.936372, 40.682438 ], [ -111.93423, 40.683299 ], [ -111.92935, 40.68456 ], [ -111.925603, 40.685385 ], [ -111.925126, 40.685485 ], [ -111.92475, 40.685564 ], [ -111.921104, 40.686329 ], [ -111.922043, 40.687371 ], [ -111.923909, 40.688024 ], [ -111.92458, 40.688821 ], [ -111.922692, 40.689862 ], [ -111.923778, 40.690967 ], [ -111.923222, 40.691596 ], [ -111.92181, 40.691747 ], [ -111.922652, 40.694036 ], [ -111.922819, 40.695177 ], [ -111.922096, 40.696062 ], [ -111.92267, 40.698292 ], [ -111.924572, 40.699434 ], [ -111.924679, 40.701129 ], [ -111.926157, 40.702084 ], [ -111.928311, 40.702347 ], [ -111.92817, 40.7031 ], [ -111.92677, 40.704079 ], [ -111.92679, 40.705811 ], [ -111.923349, 40.705634 ], [ -111.922719, 40.706353 ], [ -111.923827, 40.708458 ], [ -111.923921, 40.709781 ], [ -111.924088, 40.714269 ], [ -111.923573, 40.715807 ], [ -111.921305, 40.716991 ], [ -111.920344, 40.721029 ], [ -111.924196, 40.724457 ], [ -111.938958, 40.724191 ], [ -111.943772, 40.724292 ], [ -111.948187, 40.724931 ], [ -111.951411, 40.725401 ], [ -111.953621, 40.725724 ], [ -111.957993, 40.725906 ], [ -111.962548, 40.726179 ], [ -111.967775, 40.726801 ], [ -111.970108, 40.726821 ], [ -111.97717, 40.726157 ], [ -111.980312, 40.725937 ], [ -111.986233, 40.72592 ], [ -111.98621, 40.722979 ], [ -111.986231, 40.720777 ], [ -111.985592, 40.718338 ], [ -111.981381, 40.71159 ], [ -111.980377, 40.709791 ], [ -111.979949, 40.707716 ], [ -111.979937, 40.703911 ], [ -111.980179, 40.703908 ], [ -111.980158, 40.699282 ], [ -111.98096, 40.696612 ], [ -111.979328, 40.696618 ], [ -111.977083, 40.696619 ], [ -111.977076, 40.692913 ], [ -111.973644, 40.692919 ], [ -111.972802, 40.69292 ], [ -111.97246, 40.69292 ], [ -111.970493, 40.692923 ], [ -111.967957, 40.692928 ], [ -111.967529, 40.69293 ], [ -111.967527, 40.691286 ], [ -111.967526, 40.689379 ], [ -111.967523, 40.688473 ], [ -111.967523, 40.687503 ], [ -111.967522, 40.687334 ], [ -111.967521, 40.684931 ], [ -111.967521, 40.684281 ], [ -111.967519, 40.683114 ], [ -111.967518, 40.682124 ] ] ] ] } },
{ "type": "Feature", "properties": { "id": 7, "NAME": "7", "TotalPop": 42357, "PopDevPct": -0.02898904, "DemPct": 0.56473776, "RepPct": 0.41676021, "WhitePct": 0.84846591, "MinorityPct": 0.15153409, "BlackPct": 0.00734237, "HispanicPct": 0.0965444, "PacificPct": 0.00309317, "AsianPct": 0.02602637, "NativePct": 0.01268512, "TotalVAP": 32006, "Margin": 0.14797755, "color": "#2020ff", "opacity": "0.5", "DemPct2": 0.58437476, "RepPct2": 0.39300774, "Margin2": 0.19136702, "Swing": -0.04338947, "R_Margin": 0.3466866004, "R_Margin2": 0.39591414586666662, "R_Swing": -0.049227545466666703, "Majority": "White" }, "geometry": { "type": "MultiPolygon", "coordinates": [ [ [ [ -111.046766, 41.251627 ], [ -111.055115, 41.251566 ], [ -111.059655, 41.251416 ], [ -111.063921, 41.250436 ], [ -111.067351, 41.248857 ], [ -111.069981, 41.247015 ], [ -111.071363, 41.245503 ], [ -111.074481, 41.244388 ], [ -111.075611, 41.243293 ], [ -111.078595, 41.238414 ], [ -111.084847, 41.231599 ], [ -111.086551, 41.229891 ], [ -111.087654, 41.228744 ], [ -111.090512, 41.225661 ], [ -111.092711, 41.222487 ], [ -111.09442, 41.21919 ], [ -111.096548, 41.213878 ], [ -111.098258, 41.210929 ], [ -111.101335, 41.20769 ], [ -111.101536, 41.207712 ], [ -111.110263, 41.214658 ], [ -111.113169, 41.2128 ], [ -111.116154, 41.211221 ], [ -111.121173, 41.208937 ], [ -111.130663, 41.207285 ], [ -111.133234, 41.206822 ], [ -111.129731, 41.198329 ], [ -111.129487, 41.197569 ], [ -111.132287, 41.196132 ], [ -111.135201, 41.193962 ], [ -111.137035, 41.193502 ], [ -111.140243, 41.191091 ], [ -111.141757, 41.190445 ], [ -111.140658, 41.188704 ], [ -111.140944, 41.187115 ], [ -111.143194, 41.185734 ], [ -111.145364, 41.185443 ], [ -111.148745, 41.183182 ], [ -111.151658, 41.182296 ], [ -111.153744, 41.180444 ], [ -111.15611, 41.179572 ], [ -111.157207, 41.177653 ], [ -111.159646, 41.176898 ], [ -111.160894, 41.176111 ], [ -111.165138, 41.175485 ], [ -111.167399, 41.176126 ], [ -111.169006, 41.175315 ], [ -111.171744, 41.173744 ], [ -111.172031, 41.172881 ], [ -111.174301, 41.171647 ], [ -111.175653, 41.170251 ], [ -111.179, 41.170136 ], [ -111.179617, 41.169443 ], [ -111.18258, 41.169506 ], [ -111.183484, 41.170802 ], [ -111.185345, 41.17001 ], [ -111.187932, 41.169651 ], [ -111.192435, 41.167686 ], [ -111.195868, 41.165803 ], [ -111.200148, 41.164798 ], [ -111.202955, 41.163782 ], [ -111.203787, 41.162907 ], [ -111.205157, 41.16267 ], [ -111.207561, 41.161463 ], [ -111.211919, 41.158262 ], [ -111.214002, 41.157591 ], [ -111.216506, 41.156015 ], [ -111.219075, 41.153738 ], [ -111.220805, 41.153151 ], [ -111.221839, 41.152055 ], [ -111.223314, 41.151534 ], [ -111.224733, 41.14963 ], [ -111.224762, 41.148573 ], [ -111.22699, 41.14723 ], [ -111.228329, 41.147155 ], [ -111.228188, 41.146256 ], [ -111.229518, 41.144951 ], [ -111.231165, 41.14452 ], [ -111.231546, 41.143553 ], [ -111.232407, 41.142972 ], [ -111.234471, 41.142607 ], [ -111.23831, 41.142578 ], [ -111.240633, 41.141973 ], [ -111.241987, 41.142248 ], [ -111.24301, 41.14381 ], [ -111.244547, 41.145105 ], [ -111.245496, 41.144089 ], [ -111.250326, 41.144258 ], [ -111.253576, 41.143175 ], [ -111.258128, 41.14219 ], [ -111.261356, 41.141106 ], [ -111.262658, 41.141066 ], [ -111.264341, 41.142543 ], [ -111.264974, 41.144044 ], [ -111.2698, 41.143274 ], [ -111.271649, 41.143422 ], [ -111.27467, 41.142574 ], [ -111.27754, 41.142901 ], [ -111.281212, 41.142532 ], [ -111.284519, 41.143007 ], [ -111.28773, 41.142902 ], [ -111.289716, 41.143257 ], [ -111.291742, 41.142729 ], [ -111.294436, 41.139126 ], [ -111.297607, 41.137736 ], [ -111.300088, 41.137172 ], [ -111.30128, 41.135942 ], [ -111.30162, 41.134422 ], [ -111.304414, 41.133726 ], [ -111.306102, 41.131559 ], [ -111.307005, 41.130931 ], [ -111.310199, 41.130487 ], [ -111.311478, 41.131527 ], [ -111.314923, 41.132344 ], [ -111.316482, 41.13206 ], [ -111.318462, 41.132438 ], [ -111.320252, 41.134432 ], [ -111.324119, 41.137455 ], [ -111.327384, 41.136868 ], [ -111.330847, 41.137519 ], [ -111.332389, 41.138101 ], [ -111.333992, 41.137101 ], [ -111.335629, 41.13456 ], [ -111.337874, 41.133036 ], [ -111.340964, 41.132824 ], [ -111.341675, 41.132047 ], [ -111.343777, 41.129654 ], [ -111.345793, 41.128718 ], [ -111.347803, 41.128976 ], [ -111.348857, 41.129966 ], [ -111.350658, 41.129751 ], [ -111.352746, 41.130334 ], [ -111.35426, 41.129433 ], [ -111.357475, 41.129104 ], [ -111.35978, 41.129304 ], [ -111.361653, 41.12841 ], [ -111.364291, 41.128314 ], [ -111.365071, 41.129481 ], [ -111.366604, 41.130018 ], [ -111.368085, 41.124944 ], [ -111.367846, 41.123438 ], [ -111.368682, 41.12201 ], [ -111.368382, 41.120471 ], [ -111.367555, 41.119631 ], [ -111.368555, 41.118603 ], [ -111.369982, 41.118056 ], [ -111.370482, 41.117438 ], [ -111.370049, 41.116146 ], [ -111.370484, 41.1154 ], [ -111.373285, 41.113673 ], [ -111.374186, 41.112551 ], [ -111.375434, 41.112165 ], [ -111.375543, 41.109444 ], [ -111.37769, 41.107816 ], [ -111.377053, 41.105574 ], [ -111.378345, 41.104724 ], [ -111.378329, 41.1 ], [ -111.378517, 41.098399 ], [ -111.380884, 41.097942 ], [ -111.381628, 41.096859 ], [ -111.381358, 41.095467 ], [ -111.380473, 41.094789 ], [ -111.380431, 41.093696 ], [ -111.381488, 41.092184 ], [ -111.379984, 41.089675 ], [ -111.380452, 41.087248 ], [ -111.38234, 41.086357 ], [ -111.384235, 41.086411 ], [ -111.386285, 41.084871 ], [ -111.389494, 41.085409 ], [ -111.390945, 41.084716 ], [ -111.392221, 41.083326 ], [ -111.392248, 41.081603 ], [ -111.394014, 41.081429 ], [ -111.396584, 41.08013 ], [ -111.398476, 41.08045 ], [ -111.400291, 41.0813 ], [ -111.403105, 41.078625 ], [ -111.404529, 41.07876 ], [ -111.40608, 41.077349 ], [ -111.406331, 41.07621 ], [ -111.408441, 41.074944 ], [ -111.410316, 41.075127 ], [ -111.412925, 41.073958 ], [ -111.415845, 41.074256 ], [ -111.417024, 41.074015 ], [ -111.417278, 41.074039 ], [ -111.418598, 41.074655 ], [ -111.419563, 41.075207 ], [ -111.422422, 41.076253 ], [ -111.422871, 41.076559 ], [ -111.422916, 41.077119 ], [ -111.422646, 41.078657 ], [ -111.422766, 41.079035 ], [ -111.423438, 41.079716 ], [ -111.424059, 41.080058 ], [ -111.425188, 41.080189 ], [ -111.426507, 41.08045 ], [ -111.428081, 41.080418 ], [ -111.428697, 41.080502 ], [ -111.430204, 41.081135 ], [ -111.430794, 41.081122 ], [ -111.431514, 41.080688 ], [ -111.432129, 41.080524 ], [ -111.432939, 41.080561 ], [ -111.433859, 41.080399 ], [ -111.435083, 41.080706 ], [ -111.435353, 41.08107 ], [ -111.435806, 41.081298 ], [ -111.43648, 41.081345 ], [ -111.437449, 41.081139 ], [ -111.438538, 41.081195 ], [ -111.439327, 41.081021 ], [ -111.439718, 41.080778 ], [ -111.440677, 41.080807 ], [ -111.441842, 41.080968 ], [ -111.442903, 41.081372 ], [ -111.443617, 41.081279 ], [ -111.44483, 41.081579 ], [ -111.445287, 41.081999 ], [ -111.446506, 41.082133 ], [ -111.447573, 41.081875 ], [ -111.447838, 41.08168 ], [ -111.448728, 41.081279 ], [ -111.449562, 41.080079 ], [ -111.451258, 41.079107 ], [ -111.451622, 41.078333 ], [ -111.452241, 41.077609 ], [ -111.452637, 41.076851 ], [ -111.453033, 41.076344 ], [ -111.453772, 41.076139 ], [ -111.453634, 41.075599 ], [ -111.454458, 41.074682 ], [ -111.455509, 41.074022 ], [ -111.456322, 41.073619 ], [ -111.45732, 41.0734 ], [ -111.458451, 41.072612 ], [ -111.459847, 41.072445 ], [ -111.460561, 41.072204 ], [ -111.461445, 41.072254 ], [ -111.46254, 41.072594 ], [ -111.463105, 41.072595 ], [ -111.463553, 41.072209 ], [ -111.464448, 41.07196 ], [ -111.46529, 41.071357 ], [ -111.466057, 41.071213 ], [ -111.466856, 41.070827 ], [ -111.467411, 41.07036 ], [ -111.468513, 41.068728 ], [ -111.469019, 41.068111 ], [ -111.469509, 41.067317 ], [ -111.472085, 41.065058 ], [ -111.473965, 41.064235 ], [ -111.475423, 41.06484 ], [ -111.481744, 41.062973 ], [ -111.483481, 41.06161 ], [ -111.486142, 41.061789 ], [ -111.490544, 41.061085 ], [ -111.492469, 41.063139 ], [ -111.494634, 41.064133 ], [ -111.496971, 41.063467 ], [ -111.500258, 41.061341 ], [ -111.50135, 41.062416 ], [ -111.50751, 41.063234 ], [ -111.508422, 41.062879 ], [ -111.511482, 41.059384 ], [ -111.513001, 41.05846 ], [ -111.514659, 41.058304 ], [ -111.517627, 41.057485 ], [ -111.519364, 41.057515 ], [ -111.523642, 41.056231 ], [ -111.529772, 41.052837 ], [ -111.529911, 41.052774 ], [ -111.532726, 41.051124 ], [ -111.534027, 41.04964 ], [ -111.535834, 41.048524 ], [ -111.536546, 41.047495 ], [ -111.53839, 41.046801 ], [ -111.541049, 41.045279 ], [ -111.542205, 41.042835 ], [ -111.543699, 41.040551 ], [ -111.545593, 41.039239 ], [ -111.545369, 41.037395 ], [ -111.546765, 41.036514 ], [ -111.550661, 41.035766 ], [ -111.551922, 41.03508 ], [ -111.552343, 41.03411 ], [ -111.553977, 41.033255 ], [ -111.555243, 41.031937 ], [ -111.552966, 41.029711 ], [ -111.554463, 41.028028 ], [ -111.55629, 41.02707 ], [ -111.55637, 41.025024 ], [ -111.557425, 41.024214 ], [ -111.557314, 41.022654 ], [ -111.553968, 41.021567 ], [ -111.553335, 41.020462 ], [ -111.553949, 41.019401 ], [ -111.554444, 41.016628 ], [ -111.555449, 41.015907 ], [ -111.556366, 41.013917 ], [ -111.558331, 41.012087 ], [ -111.55875, 41.011004 ], [ -111.560475, 41.010415 ], [ -111.56251, 41.009068 ], [ -111.56335, 41.008022 ], [ -111.564392, 41.007383 ], [ -111.56873, 41.002884 ], [ -111.568612, 41.002194 ], [ -111.566632, 41.000484 ], [ -111.568817, 41.000082 ], [ -111.57137, 41.001011 ], [ -111.572785, 41.000687 ], [ -111.575082, 40.998534 ], [ -111.577587, 40.997377 ], [ -111.579851, 40.995914 ], [ -111.585521, 40.996375 ], [ -111.587649, 40.996304 ], [ -111.591, 40.993839 ], [ -111.592981, 40.993015 ], [ -111.59347, 40.991622 ], [ -111.593677, 40.986341 ], [ -111.591412, 40.984407 ], [ -111.590632, 40.982148 ], [ -111.588846, 40.979676 ], [ -111.587648, 40.978723 ], [ -111.588315, 40.974964 ], [ -111.587627, 40.971792 ], [ -111.588223, 40.969281 ], [ -111.587351, 40.967714 ], [ -111.588032, 40.965863 ], [ -111.585875, 40.964518 ], [ -111.58458, 40.962011 ], [ -111.583224, 40.961163 ], [ -111.580662, 40.961104 ], [ -111.577602, 40.958372 ], [ -111.574273, 40.960718 ], [ -111.573353, 40.961043 ], [ -111.571913, 40.960586 ], [ -111.569352, 40.960732 ], [ -111.566701, 40.959517 ], [ -111.562451, 40.960176 ], [ -111.558744, 40.959284 ], [ -111.556907, 40.958007 ], [ -111.556479, 40.957123 ], [ -111.553738, 40.955794 ], [ -111.551726, 40.95407 ], [ -111.549605, 40.953992 ], [ -111.547469, 40.954874 ], [ -111.546028, 40.954999 ], [ -111.542756, 40.954671 ], [ -111.53715, 40.956364 ], [ -111.534265, 40.958152 ], [ -111.532451, 40.957853 ], [ -111.531677, 40.957687 ], [ -111.52856, 40.955084 ], [ -111.527034, 40.954272 ], [ -111.524895, 40.953842 ], [ -111.525437, 40.950133 ], [ -111.523707, 40.946983 ], [ -111.523592, 40.94592 ], [ -111.52523, 40.94168 ], [ -111.525686, 40.939827 ], [ -111.526498, 40.9385 ], [ -111.526108, 40.937276 ], [ -111.526301, 40.9349 ], [ -111.527015, 40.933573 ], [ -111.526302, 40.930971 ], [ -111.526707, 40.928987 ], [ -111.527444, 40.926875 ], [ -111.526977, 40.92477 ], [ -111.527152, 40.923611 ], [ -111.52828, 40.922505 ], [ -111.528796, 40.919104 ], [ -111.52776, 40.918708 ], [ -111.523109, 40.91922 ], [ -111.521018, 40.918351 ], [ -111.519655, 40.918571 ], [ -111.517371, 40.917925 ], [ -111.516526, 40.917651 ], [ -111.514908, 40.916888 ], [ -111.513409, 40.913237 ], [ -111.512723, 40.91259 ], [ -111.510579, 40.912095 ], [ -111.508456, 40.909422 ], [ -111.508747, 40.907916 ], [ -111.509967, 40.906234 ], [ -111.510245, 40.904973 ], [ -111.509572, 40.902422 ], [ -111.510595, 40.900413 ], [ -111.510427, 40.898616 ], [ -111.509768, 40.897781 ], [ -111.506493, 40.897059 ], [ -111.505974, 40.894618 ], [ -111.503197, 40.894051 ], [ -111.501154, 40.892016 ], [ -111.501259, 40.891105 ], [ -111.499433, 40.88936 ], [ -111.499519, 40.887329 ], [ -111.498576, 40.884501 ], [ -111.496116, 40.88249 ], [ -111.494807, 40.880281 ], [ -111.494767, 40.879532 ], [ -111.490127, 40.876104 ], [ -111.48907, 40.87413 ], [ -111.486316, 40.873265 ], [ -111.485304, 40.871123 ], [ -111.483875, 40.869304 ], [ -111.481661, 40.864664 ], [ -111.481492, 40.863032 ], [ -111.479793, 40.85987 ], [ -111.479555, 40.858288 ], [ -111.480839, 40.8564 ], [ -111.48042, 40.855395 ], [ -111.481015, 40.854552 ], [ -111.483896, 40.853482 ], [ -111.48712, 40.853814 ], [ -111.488292, 40.854251 ], [ -111.48882, 40.852613 ], [ -111.491932, 40.850097 ], [ -111.493445, 40.846892 ], [ -111.492651, 40.846085 ], [ -111.493667, 40.845752 ], [ -111.495287, 40.844134 ], [ -111.495043, 40.842561 ], [ -111.494876, 40.842206 ], [ -111.497082, 40.840544 ], [ -111.498469, 40.837571 ], [ -111.498733, 40.835378 ], [ -111.499964, 40.833999 ], [ -111.50006, 40.832022 ], [ -111.501266, 40.831503 ], [ -111.501979, 40.830081 ], [ -111.504683, 40.827277 ], [ -111.505732, 40.825381 ], [ -111.507381, 40.824191 ], [ -111.507759, 40.823188 ], [ -111.510058, 40.821069 ], [ -111.514069, 40.819778 ], [ -111.516922, 40.819386 ], [ -111.517163, 40.818398 ], [ -111.516228, 40.816303 ], [ -111.516523, 40.81373 ], [ -111.516166, 40.812786 ], [ -111.514834, 40.812473 ], [ -111.513056, 40.810462 ], [ -111.511127, 40.810561 ], [ -111.51093, 40.809735 ], [ -111.511308, 40.808277 ], [ -111.512112, 40.807494 ], [ -111.514151, 40.806069 ], [ -111.514586, 40.805201 ], [ -111.514073, 40.802818 ], [ -111.514292, 40.800434 ], [ -111.516735, 40.79876 ], [ -111.517952, 40.798182 ], [ -111.517696, 40.796488 ], [ -111.518394, 40.794944 ], [ -111.518439, 40.793729 ], [ -111.519425, 40.791689 ], [ -111.524299, 40.789852 ], [ -111.525302, 40.789016 ], [ -111.526747, 40.787877 ], [ -111.527564, 40.785615 ], [ -111.531222, 40.78432 ], [ -111.533184, 40.784733 ], [ -111.534178, 40.783721 ], [ -111.537977, 40.783118 ], [ -111.541279, 40.782926 ], [ -111.544302, 40.782186 ], [ -111.547434, 40.78171 ], [ -111.549121, 40.780772 ], [ -111.552529, 40.780298 ], [ -111.554472, 40.779948 ], [ -111.557838, 40.78069 ], [ -111.557406, 40.782537 ], [ -111.559286, 40.784693 ], [ -111.56082, 40.784899 ], [ -111.564434, 40.784669 ], [ -111.566616, 40.78551 ], [ -111.571023, 40.785581 ], [ -111.573312, 40.786548 ], [ -111.57585, 40.78846 ], [ -111.57917, 40.788596 ], [ -111.581606, 40.789368 ], [ -111.581928, 40.791578 ], [ -111.58394, 40.792576 ], [ -111.587897, 40.793687 ], [ -111.58796, 40.797506 ], [ -111.591176, 40.800035 ], [ -111.591042, 40.800796 ], [ -111.592364, 40.802154 ], [ -111.594217, 40.805001 ], [ -111.598091, 40.806111 ], [ -111.603847, 40.808874 ], [ -111.611034, 40.811057 ], [ -111.613228, 40.811135 ], [ -111.616608, 40.810635 ], [ -111.621294, 40.807714 ], [ -111.624325, 40.804698 ], [ -111.627471, 40.804398 ], [ -111.629196, 40.803302 ], [ -111.633833, 40.802344 ], [ -111.637732, 40.801136 ], [ -111.639041, 40.799536 ], [ -111.641052, 40.798925 ], [ -111.642925, 40.798694 ], [ -111.646484, 40.79757 ], [ -111.648743, 40.792245 ], [ -111.647012, 40.789315 ], [ -111.64401, 40.787595 ], [ -111.643041, 40.785943 ], [ -111.645813, 40.78329 ], [ -111.646386, 40.782102 ], [ -111.645339, 40.779036 ], [ -111.645992, 40.777993 ], [ -111.647979, 40.7763 ], [ -111.648906, 40.774795 ], [ -111.649129, 40.773443 ], [ -111.647826, 40.772391 ], [ -111.6458, 40.772163 ], [ -111.644331, 40.771061 ], [ -111.641456, 40.771271 ], [ -111.639928, 40.77053 ], [ -111.637365, 40.76819 ], [ -111.636758, 40.766548 ], [ -111.63741, 40.763897 ], [ -111.635206, 40.762405 ], [ -111.633568, 40.762147 ], [ -111.630357, 40.760801 ], [ -111.62728, 40.760477 ], [ -111.625387, 40.761018 ], [ -111.624013, 40.760414 ], [ -111.621038, 40.75795 ], [ -111.622757, 40.75681 ], [ -111.623389, 40.754248 ], [ -111.623529, 40.753723 ], [ -111.623483, 40.75347 ], [ -111.621329, 40.750628 ], [ -111.620475, 40.74993 ], [ -111.618776, 40.749232 ], [ -111.617772, 40.747653 ], [ -111.617574, 40.745916 ], [ -111.61909, 40.743534 ], [ -111.620911, 40.742412 ], [ -111.624184, 40.741604 ], [ -111.624691, 40.740015 ], [ -111.621655, 40.737727 ], [ -111.621904, 40.735839 ], [ -111.623404, 40.732911 ], [ -111.62348, 40.732154 ], [ -111.622286, 40.729914 ], [ -111.618094, 40.729437 ], [ -111.61334, 40.727939 ], [ -111.614375, 40.726571 ], [ -111.615041, 40.724484 ], [ -111.616322, 40.72278 ], [ -111.615246, 40.722311 ], [ -111.614668, 40.721088 ], [ -111.614638, 40.719384 ], [ -111.611789, 40.718879 ], [ -111.611869, 40.717744 ], [ -111.607241, 40.71434 ], [ -111.606221, 40.712856 ], [ -111.603973, 40.711664 ], [ -111.602517, 40.709812 ], [ -111.60039, 40.708475 ], [ -111.597898, 40.705656 ], [ -111.594745, 40.703685 ], [ -111.593961, 40.702778 ], [ -111.592726, 40.69912 ], [ -111.593761, 40.698146 ], [ -111.594714, 40.696111 ], [ -111.595931, 40.69527 ], [ -111.599588, 40.691756 ], [ -111.599209, 40.690581 ], [ -111.600303, 40.689568 ], [ -111.601107, 40.687283 ], [ -111.601796, 40.684235 ], [ -111.601541, 40.682733 ], [ -111.60211, 40.681589 ], [ -111.601682, 40.679257 ], [ -111.603027, 40.677251 ], [ -111.601982, 40.675773 ], [ -111.602513, 40.674421 ], [ -111.602378, 40.672112 ], [ -111.601938, 40.671202 ], [ -111.604454, 40.669237 ], [ -111.604411, 40.666523 ], [ -111.601772, 40.665236 ], [ -111.600261, 40.664163 ], [ -111.598853, 40.661693 ], [ -111.596736, 40.659767 ], [ -111.595929, 40.658636 ], [ -111.595281, 40.656223 ], [ -111.594053, 40.653758 ], [ -111.593872, 40.651656 ], [ -111.591748, 40.6506 ], [ -111.589531, 40.649782 ], [ -111.586867, 40.649183 ], [ -111.585364, 40.647727 ], [ -111.582926, 40.646888 ], [ -111.579488, 40.645301 ], [ -111.577495, 40.643124 ], [ -111.577478, 40.641295 ], [ -111.577746, 40.638684 ], [ -111.576167, 40.636772 ], [ -111.57671, 40.633724 ], [ -111.576051, 40.632778 ], [ -111.572621, 40.63071 ], [ -111.569774, 40.629392 ], [ -111.56897, 40.629402 ], [ -111.567851, 40.626895 ], [ -111.56742, 40.623281 ], [ -111.564656, 40.622201 ], [ -111.559517, 40.620521 ], [ -111.55775, 40.619728 ], [ -111.557807, 40.618183 ], [ -111.558118, 40.617266 ], [ -111.558424, 40.616482 ], [ -111.559025, 40.614202 ], [ -111.558856, 40.613427 ], [ -111.556655, 40.611852 ], [ -111.553974, 40.611265 ], [ -111.553266, 40.609313 ], [ -111.550583, 40.609743 ], [ -111.54659, 40.610032 ], [ -111.540267, 40.613175 ], [ -111.536991, 40.612213 ], [ -111.534279, 40.612383 ], [ -111.530504, 40.611824 ], [ -111.527947, 40.611962 ], [ -111.526715, 40.61026 ], [ -111.525472, 40.609246 ], [ -111.524956, 40.609015 ], [ -111.52493, 40.609004 ], [ -111.524889, 40.608983 ], [ -111.520492, 40.6095 ], [ -111.515316, 40.60756 ], [ -111.513056, 40.607988 ], [ -111.511462, 40.606671 ], [ -111.508712, 40.606052 ], [ -111.508302, 40.606025 ], [ -111.505087, 40.605531 ], [ -111.50391, 40.606879 ], [ -111.500494, 40.606092 ], [ -111.498423, 40.604192 ], [ -111.495942, 40.602775 ], [ -111.49573, 40.602713 ], [ -111.495594, 40.602673 ], [ -111.495486, 40.602642 ], [ -111.495119, 40.602562 ], [ -111.494936, 40.602518 ], [ -111.494805, 40.602486 ], [ -111.494442, 40.602376 ], [ -111.492894, 40.602085 ], [ -111.491496, 40.60077 ], [ -111.489794, 40.599332 ], [ -111.489265, 40.599438 ], [ -111.485611, 40.601828 ], [ -111.485222, 40.602748 ], [ -111.484948, 40.605677 ], [ -111.484253, 40.606784 ], [ -111.482625, 40.609038 ], [ -111.486657, 40.615719 ], [ -111.486518, 40.617942 ], [ -111.486838, 40.62092 ], [ -111.486057, 40.621672 ], [ -111.485386, 40.621996 ], [ -111.484627, 40.62185 ], [ -111.481446, 40.624011 ], [ -111.481096, 40.623546 ], [ -111.48031, 40.62387 ], [ -111.480155, 40.624188 ], [ -111.479438, 40.625764 ], [ -111.478438, 40.626495 ], [ -111.47872, 40.62758 ], [ -111.47795, 40.628949 ], [ -111.475857, 40.630807 ], [ -111.475638, 40.631087 ], [ -111.475595, 40.631143 ], [ -111.475495, 40.631206 ], [ -111.475295, 40.631378 ], [ -111.475066, 40.631569 ], [ -111.475, 40.631618 ], [ -111.474796, 40.631778 ], [ -111.474654, 40.63189 ], [ -111.474284, 40.63227 ], [ -111.474185, 40.632392 ], [ -111.47417, 40.632427 ], [ -111.474103, 40.632586 ], [ -111.474175, 40.632694 ], [ -111.474292, 40.632726 ], [ -111.474495, 40.632783 ], [ -111.474612, 40.632832 ], [ -111.476121, 40.634642 ], [ -111.474336, 40.640444 ], [ -111.473691, 40.643095 ], [ -111.472056, 40.644847 ], [ -111.469022, 40.645724 ], [ -111.469026, 40.645745 ], [ -111.46887, 40.645766 ], [ -111.467022, 40.646164 ], [ -111.464526, 40.645106 ], [ -111.463467, 40.645391 ], [ -111.462717, 40.648177 ], [ -111.461516, 40.649795 ], [ -111.460551, 40.652155 ], [ -111.457848, 40.652905 ], [ -111.456835, 40.653102 ], [ -111.456505, 40.65317 ], [ -111.454084, 40.653585 ], [ -111.452651, 40.653248 ], [ -111.450813, 40.653476 ], [ -111.448401, 40.654508 ], [ -111.445819, 40.657765 ], [ -111.445157, 40.659462 ], [ -111.443531, 40.659482 ], [ -111.4401, 40.660458 ], [ -111.435305, 40.660689 ], [ -111.430385, 40.665392 ], [ -111.433011, 40.66904 ], [ -111.435672, 40.673297 ], [ -111.436843, 40.676491 ], [ -111.436101, 40.678564 ], [ -111.43687, 40.680587 ], [ -111.437336, 40.68433 ], [ -111.436636, 40.685976 ], [ -111.434243, 40.684684 ], [ -111.431957, 40.684554 ], [ -111.42756, 40.685316 ], [ -111.426571, 40.683248 ], [ -111.425636, 40.682359 ], [ -111.423416, 40.681237 ], [ -111.422158, 40.681598 ], [ -111.419777, 40.681322 ], [ -111.417954, 40.681973 ], [ -111.41518, 40.681432 ], [ -111.41485, 40.681363 ], [ -111.412416, 40.681101 ], [ -111.410781, 40.681733 ], [ -111.409712, 40.682963 ], [ -111.407805, 40.683539 ], [ -111.406336, 40.685061 ], [ -111.40386, 40.68591 ], [ -111.400717, 40.688656 ], [ -111.399313, 40.690444 ], [ -111.397173, 40.690736 ], [ -111.395595, 40.690178 ], [ -111.39424, 40.690606 ], [ -111.392856, 40.689363 ], [ -111.392663, 40.687424 ], [ -111.394146, 40.684003 ], [ -111.391049, 40.680847 ], [ -111.390734, 40.679435 ], [ -111.389635, 40.677838 ], [ -111.390986, 40.675702 ], [ -111.391294, 40.671049 ], [ -111.390065, 40.671305 ], [ -111.388705, 40.670436 ], [ -111.39049, 40.665126 ], [ -111.390198, 40.660643 ], [ -111.388714, 40.658756 ], [ -111.387206, 40.658073 ], [ -111.387027, 40.657173 ], [ -111.387281, 40.656365 ], [ -111.386645, 40.653896 ], [ -111.385639, 40.652807 ], [ -111.383529, 40.652297 ], [ -111.381895, 40.651698 ], [ -111.381477, 40.650866 ], [ -111.38202, 40.648821 ], [ -111.381464, 40.64656 ], [ -111.380904, 40.64585 ], [ -111.378667, 40.64499 ], [ -111.376386, 40.642613 ], [ -111.376281, 40.640762 ], [ -111.375309, 40.640228 ], [ -111.3747, 40.637226 ], [ -111.375326, 40.634142 ], [ -111.375278, 40.63281 ], [ -111.371496, 40.631806 ], [ -111.370136, 40.629863 ], [ -111.368623, 40.628944 ], [ -111.367826, 40.6291 ], [ -111.366273, 40.630537 ], [ -111.363087, 40.630808 ], [ -111.361604, 40.629719 ], [ -111.35843, 40.629927 ], [ -111.356831, 40.628031 ], [ -111.354747, 40.626731 ], [ -111.351636, 40.625359 ], [ -111.350021, 40.625011 ], [ -111.347926, 40.625129 ], [ -111.345445, 40.625039 ], [ -111.342946, 40.624163 ], [ -111.340012, 40.623676 ], [ -111.333586, 40.622671 ], [ -111.332569, 40.622604 ], [ -111.327178, 40.623126 ], [ -111.325993, 40.62272 ], [ -111.325526, 40.620631 ], [ -111.323668, 40.619278 ], [ -111.321623, 40.618265 ], [ -111.314741, 40.616582 ], [ -111.313194, 40.615748 ], [ -111.310384, 40.612711 ], [ -111.30751, 40.611168 ], [ -111.306028, 40.609702 ], [ -111.30327, 40.605904 ], [ -111.30137, 40.60714 ], [ -111.299273, 40.607579 ], [ -111.296779, 40.608726 ], [ -111.293934, 40.608103 ], [ -111.292644, 40.606985 ], [ -111.292514, 40.604096 ], [ -111.29162, 40.601667 ], [ -111.290304, 40.60051 ], [ -111.289068, 40.600063 ], [ -111.287789, 40.598861 ], [ -111.285542, 40.597021 ], [ -111.283863, 40.597118 ], [ -111.280765, 40.595624 ], [ -111.278634, 40.59572 ], [ -111.274556, 40.593117 ], [ -111.272739, 40.592729 ], [ -111.272744, 40.592081 ], [ -111.270153, 40.590073 ], [ -111.268999, 40.58959 ], [ -111.265066, 40.58718 ], [ -111.262181, 40.586615 ], [ -111.260806, 40.585626 ], [ -111.259098, 40.585693 ], [ -111.257005, 40.585036 ], [ -111.256576, 40.584225 ], [ -111.254896, 40.583824 ], [ -111.253127, 40.582887 ], [ -111.25272, 40.581843 ], [ -111.250043, 40.58095 ], [ -111.245858, 40.579306 ], [ -111.238337, 40.577557 ], [ -111.234025, 40.577733 ], [ -111.230946, 40.578568 ], [ -111.227835, 40.577849 ], [ -111.225299, 40.575723 ], [ -111.223579, 40.575398 ], [ -111.221514, 40.57433 ], [ -111.216859, 40.57396 ], [ -111.214414, 40.574582 ], [ -111.21161, 40.573484 ], [ -111.209588, 40.571311 ], [ -111.205111, 40.569909 ], [ -111.200252, 40.568031 ], [ -111.199637, 40.566768 ], [ -111.197483, 40.56579 ], [ -111.194397, 40.567676 ], [ -111.193525, 40.56751 ], [ -111.189258, 40.565158 ], [ -111.189213, 40.563973 ], [ -111.187819, 40.563944 ], [ -111.18548, 40.56216 ], [ -111.18537, 40.561133 ], [ -111.183606, 40.559826 ], [ -111.181189, 40.558537 ], [ -111.177709, 40.55854 ], [ -111.17428, 40.559046 ], [ -111.170857, 40.557421 ], [ -111.167801, 40.557682 ], [ -111.165569, 40.55638 ], [ -111.164654, 40.554778 ], [ -111.164434, 40.553885 ], [ -111.162655, 40.551547 ], [ -111.162302, 40.551057 ], [ -111.158645, 40.549672 ], [ -111.155966, 40.549157 ], [ -111.153346, 40.548984 ], [ -111.15136, 40.548352 ], [ -111.147601, 40.549283 ], [ -111.146539, 40.551276 ], [ -111.144817, 40.55143 ], [ -111.14362, 40.55287 ], [ -111.142123, 40.553784 ], [ -111.140211, 40.556001 ], [ -111.137797, 40.558123 ], [ -111.137685, 40.56124 ], [ -111.137009, 40.562852 ], [ -111.136807, 40.564763 ], [ -111.135396, 40.565777 ], [ -111.135981, 40.568107 ], [ -111.134977, 40.568892 ], [ -111.133919, 40.570803 ], [ -111.13421, 40.571745 ], [ -111.13287, 40.572475 ], [ -111.133313, 40.574984 ], [ -111.13168, 40.576972 ], [ -111.131228, 40.57836 ], [ -111.128261, 40.581052 ], [ -111.128292, 40.581746 ], [ -111.125882, 40.581947 ], [ -111.124181, 40.58539 ], [ -111.124661, 40.586281 ], [ -111.123445, 40.586787 ], [ -111.123334, 40.587854 ], [ -111.123472, 40.588872 ], [ -111.120655, 40.590554 ], [ -111.111248, 40.592655 ], [ -111.109553, 40.593333 ], [ -111.108176, 40.593312 ], [ -111.106689, 40.594065 ], [ -111.103266, 40.593523 ], [ -111.101841, 40.59403 ], [ -111.096909, 40.593741 ], [ -111.09543, 40.593852 ], [ -111.092519, 40.593014 ], [ -111.090542, 40.592809 ], [ -111.089082, 40.592124 ], [ -111.085697, 40.592344 ], [ -111.084062, 40.593239 ], [ -111.080411, 40.594447 ], [ -111.079106, 40.594551 ], [ -111.07813, 40.593953 ], [ -111.075175, 40.593456 ], [ -111.073549, 40.592451 ], [ -111.073199, 40.59156 ], [ -111.070409, 40.590287 ], [ -111.070336, 40.58957 ], [ -111.066347, 40.588014 ], [ -111.065767, 40.587078 ], [ -111.062942, 40.586332 ], [ -111.059769, 40.584009 ], [ -111.058166, 40.583749 ], [ -111.056233, 40.582713 ], [ -111.055339, 40.581702 ], [ -111.052829, 40.581003 ], [ -111.05134, 40.58131 ], [ -111.048173, 40.58051 ], [ -111.047576, 40.579637 ], [ -111.045118, 40.579355 ], [ -111.043892, 40.578421 ], [ -111.04181, 40.578116 ], [ -111.040054, 40.577423 ], [ -111.035983, 40.577653 ], [ -111.035554, 40.576574 ], [ -111.032802, 40.57592 ], [ -111.024901, 40.577504 ], [ -111.022609, 40.578964 ], [ -111.020176, 40.581532 ], [ -111.019799, 40.582428 ], [ -111.018234, 40.583115 ], [ -111.017419, 40.585119 ], [ -111.018109, 40.58582 ], [ -111.016683, 40.586953 ], [ -111.016154, 40.588875 ], [ -111.014045, 40.590203 ], [ -111.012261, 40.590748 ], [ -111.01097, 40.592002 ], [ -111.008258, 40.591762 ], [ -111.00713, 40.592776 ], [ -111.004557, 40.592321 ], [ -111.000024, 40.591996 ], [ -110.997666, 40.592209 ], [ -110.996449, 40.592759 ], [ -110.99597, 40.592258 ], [ -110.99292, 40.592565 ], [ -110.988253, 40.591682 ], [ -110.98613, 40.591867 ], [ -110.98546, 40.591472 ], [ -110.981954, 40.591284 ], [ -110.9804, 40.5915 ], [ -110.978588, 40.59265 ], [ -110.976086, 40.592954 ], [ -110.974467, 40.594125 ], [ -110.973816, 40.596012 ], [ -110.971257, 40.59782 ], [ -110.970813, 40.59857 ], [ -110.968105, 40.600263 ], [ -110.967405, 40.600347 ], [ -110.966397, 40.601483 ], [ -110.964423, 40.60264 ], [ -110.964109, 40.60387 ], [ -110.96256, 40.604932 ], [ -110.961039, 40.607626 ], [ -110.961245, 40.609013 ], [ -110.960817, 40.611048 ], [ -110.962484, 40.613824 ], [ -110.962932, 40.615239 ], [ -110.962689, 40.616806 ], [ -110.961808, 40.618031 ], [ -110.96168, 40.619481 ], [ -110.960445, 40.622589 ], [ -110.960699, 40.624206 ], [ -110.958794, 40.625341 ], [ -110.958114, 40.626327 ], [ -110.958226, 40.627486 ], [ -110.955002, 40.629934 ], [ -110.952487, 40.632347 ], [ -110.95224, 40.633092 ], [ -110.950937, 40.634747 ], [ -110.950589, 40.638327 ], [ -110.94937, 40.6392 ], [ -110.949226, 40.640524 ], [ -110.948131, 40.640848 ], [ -110.946785, 40.642324 ], [ -110.947136, 40.643171 ], [ -110.946595, 40.644415 ], [ -110.944959, 40.646362 ], [ -110.946063, 40.648178 ], [ -110.945862, 40.651029 ], [ -110.946321, 40.654249 ], [ -110.945809, 40.656112 ], [ -110.946431, 40.657452 ], [ -110.947542, 40.658042 ], [ -110.948823, 40.661331 ], [ -110.947314, 40.663011 ], [ -110.946478, 40.665051 ], [ -110.946893, 40.668286 ], [ -110.94682, 40.668486 ], [ -110.946355, 40.670249 ], [ -110.944431, 40.672604 ], [ -110.942695, 40.67365 ], [ -110.938808, 40.675267 ], [ -110.937208, 40.677572 ], [ -110.935918, 40.67888 ], [ -110.934708, 40.679279 ], [ -110.933957, 40.680354 ], [ -110.932703, 40.680237 ], [ -110.928206, 40.680662 ], [ -110.924722, 40.68011 ], [ -110.921153, 40.680828 ], [ -110.916307, 40.681237 ], [ -110.9136, 40.681188 ], [ -110.911212, 40.681988 ], [ -110.906051, 40.682178 ], [ -110.90195, 40.682187 ], [ -110.901974, 40.678162 ], [ -110.893768, 40.679748 ], [ -110.898714, 40.68885 ], [ -110.903459, 40.697583 ], [ -110.904347, 40.701499 ], [ -110.903343, 40.705019 ], [ -110.904197, 40.706411 ], [ -110.90148, 40.707384 ], [ -110.899712, 40.709413 ], [ -110.900052, 40.710057 ], [ -110.89777, 40.713358 ], [ -110.89551, 40.713597 ], [ -110.891808, 40.715095 ], [ -110.887602, 40.714476 ], [ -110.886335, 40.714708 ], [ -110.885154, 40.716329 ], [ -110.88562, 40.717167 ], [ -110.887064, 40.717843 ], [ -110.888072, 40.720269 ], [ -110.890204, 40.719744 ], [ -110.891151, 40.719933 ], [ -110.891771, 40.721214 ], [ -110.894455, 40.723567 ], [ -110.89239, 40.726959 ], [ -110.885004, 40.726977 ], [ -110.879219, 40.728304 ], [ -110.875259, 40.728323 ], [ -110.872543, 40.726369 ], [ -110.870074, 40.726236 ], [ -110.867899, 40.724513 ], [ -110.865219, 40.723118 ], [ -110.863352, 40.721733 ], [ -110.861418, 40.721546 ], [ -110.854364, 40.722186 ], [ -110.849622, 40.724674 ], [ -110.84758, 40.725274 ], [ -110.844361, 40.723484 ], [ -110.842665, 40.72227 ], [ -110.840808, 40.721551 ], [ -110.839367, 40.71999 ], [ -110.83521, 40.718083 ], [ -110.831812, 40.718025 ], [ -110.829879, 40.716752 ], [ -110.827919, 40.714839 ], [ -110.825941, 40.712184 ], [ -110.822999, 40.710372 ], [ -110.81921, 40.710691 ], [ -110.818081, 40.711101 ], [ -110.811602, 40.711345 ], [ -110.810198, 40.711681 ], [ -110.806712, 40.711571 ], [ -110.803732, 40.712345 ], [ -110.801189, 40.713413 ], [ -110.797267, 40.716631 ], [ -110.795624, 40.717426 ], [ -110.793743, 40.719017 ], [ -110.790605, 40.722993 ], [ -110.789317, 40.723874 ], [ -110.788697, 40.725425 ], [ -110.78665, 40.726716 ], [ -110.785182, 40.728402 ], [ -110.783883, 40.729098 ], [ -110.783217, 40.730963 ], [ -110.78212, 40.731216 ], [ -110.779673, 40.7309 ], [ -110.776841, 40.731544 ], [ -110.774615, 40.731359 ], [ -110.769013, 40.734911 ], [ -110.767902, 40.735891 ], [ -110.76522, 40.737034 ], [ -110.765493, 40.738962 ], [ -110.766349, 40.741387 ], [ -110.764583, 40.741816 ], [ -110.761018, 40.741642 ], [ -110.758014, 40.742271 ], [ -110.756667, 40.742993 ], [ -110.754698, 40.745282 ], [ -110.752841, 40.746143 ], [ -110.750733, 40.747706 ], [ -110.746723, 40.746148 ], [ -110.745399, 40.745389 ], [ -110.742996, 40.744725 ], [ -110.739615, 40.744789 ], [ -110.737398, 40.745302 ], [ -110.733821, 40.746821 ], [ -110.732024, 40.745889 ], [ -110.728237, 40.745142 ], [ -110.721656, 40.745473 ], [ -110.721876, 40.746707 ], [ -110.719667, 40.748139 ], [ -110.719267, 40.748863 ], [ -110.714744, 40.751122 ], [ -110.713185, 40.752884 ], [ -110.711681, 40.752705 ], [ -110.707623, 40.750163 ], [ -110.706421, 40.750034 ], [ -110.699759, 40.74717 ], [ -110.696096, 40.746475 ], [ -110.695032, 40.744685 ], [ -110.692156, 40.742858 ], [ -110.691368, 40.742846 ], [ -110.690528, 40.741516 ], [ -110.688698, 40.741546 ], [ -110.683489, 40.741118 ], [ -110.67897, 40.739835 ], [ -110.678973, 40.739331 ], [ -110.676943, 40.738938 ], [ -110.67497, 40.739153 ], [ -110.672117, 40.740356 ], [ -110.669453, 40.741065 ], [ -110.668349, 40.741692 ], [ -110.664711, 40.741979 ], [ -110.660639, 40.741458 ], [ -110.660016, 40.740525 ], [ -110.658706, 40.740781 ], [ -110.656482, 40.740275 ], [ -110.654593, 40.742034 ], [ -110.653328, 40.74222 ], [ -110.650254, 40.745589 ], [ -110.647594, 40.74804 ], [ -110.646814, 40.749844 ], [ -110.647239, 40.751224 ], [ -110.646511, 40.753442 ], [ -110.644465, 40.753877 ], [ -110.64215, 40.75483 ], [ -110.640127, 40.756571 ], [ -110.634738, 40.762793 ], [ -110.63374, 40.765433 ], [ -110.630531, 40.76727 ], [ -110.627872, 40.768041 ], [ -110.625737, 40.769471 ], [ -110.623828, 40.76963 ], [ -110.621294, 40.768489 ], [ -110.618994, 40.765246 ], [ -110.61523, 40.762887 ], [ -110.613519, 40.762575 ], [ -110.611413, 40.761045 ], [ -110.607382, 40.758578 ], [ -110.607022, 40.757265 ], [ -110.603805, 40.75738 ], [ -110.599163, 40.757023 ], [ -110.594621, 40.757866 ], [ -110.592876, 40.759635 ], [ -110.5904, 40.761283 ], [ -110.588833, 40.761886 ], [ -110.583176, 40.762717 ], [ -110.582591, 40.761576 ], [ -110.579454, 40.758528 ], [ -110.576643, 40.757306 ], [ -110.568489, 40.756995 ], [ -110.561377, 40.758365 ], [ -110.559634, 40.760737 ], [ -110.556485, 40.762597 ], [ -110.552675, 40.764521 ], [ -110.549909, 40.767893 ], [ -110.548666, 40.773351 ], [ -110.547031, 40.773733 ], [ -110.544243, 40.772322 ], [ -110.540043, 40.77135 ], [ -110.535343, 40.771615 ], [ -110.533516, 40.771081 ], [ -110.531926, 40.768061 ], [ -110.529636, 40.765975 ], [ -110.528452, 40.764214 ], [ -110.526597, 40.762557 ], [ -110.523512, 40.761504 ], [ -110.518181, 40.763104 ], [ -110.516054, 40.763932 ], [ -110.510766, 40.765252 ], [ -110.50909, 40.765178 ], [ -110.5059, 40.765682 ], [ -110.500294, 40.767442 ], [ -110.497808, 40.768647 ], [ -110.497459, 40.769447 ], [ -110.495417, 40.771555 ], [ -110.491909, 40.773891 ], [ -110.487114, 40.780289 ], [ -110.485102, 40.779158 ], [ -110.480969, 40.775005 ], [ -110.477829, 40.774139 ], [ -110.474716, 40.772958 ], [ -110.472616, 40.771845 ], [ -110.467655, 40.772841 ], [ -110.463038, 40.775455 ], [ -110.461783, 40.775822 ], [ -110.461136, 40.777095 ], [ -110.461471, 40.778519 ], [ -110.460831, 40.780011 ], [ -110.4585, 40.781752 ], [ -110.457195, 40.78321 ], [ -110.45417, 40.781438 ], [ -110.450507, 40.781665 ], [ -110.445805, 40.781125 ], [ -110.444359, 40.781253 ], [ -110.443478, 40.780294 ], [ -110.43851, 40.778553 ], [ -110.437699, 40.777784 ], [ -110.434919, 40.777891 ], [ -110.432312, 40.77851 ], [ -110.430072, 40.781967 ], [ -110.429435, 40.785148 ], [ -110.428792, 40.785492 ], [ -110.427166, 40.789173 ], [ -110.42512, 40.790681 ], [ -110.424558, 40.791948 ], [ -110.421324, 40.790191 ], [ -110.416878, 40.788477 ], [ -110.416001, 40.788541 ], [ -110.414816, 40.786494 ], [ -110.413115, 40.785774 ], [ -110.412313, 40.784738 ], [ -110.411001, 40.784299 ], [ -110.407375, 40.784154 ], [ -110.404595, 40.784329 ], [ -110.40026, 40.785302 ], [ -110.399446, 40.786244 ], [ -110.396478, 40.787408 ], [ -110.395969, 40.788698 ], [ -110.393337, 40.787392 ], [ -110.391923, 40.787141 ], [ -110.389784, 40.787729 ], [ -110.383551, 40.787043 ], [ -110.378962, 40.78718 ], [ -110.376222, 40.788742 ], [ -110.374367, 40.788083 ], [ -110.373255, 40.788537 ], [ -110.372506, 40.789792 ], [ -110.366775, 40.792528 ], [ -110.365326, 40.795182 ], [ -110.36061, 40.796332 ], [ -110.358204, 40.79835 ], [ -110.355169, 40.800094 ], [ -110.354584, 40.80114 ], [ -110.352444, 40.802961 ], [ -110.352476, 40.803939 ], [ -110.35162, 40.805971 ], [ -110.348945, 40.808682 ], [ -110.349863, 40.811726 ], [ -110.351071, 40.812476 ], [ -110.351369, 40.814279 ], [ -110.351122, 40.815751 ], [ -110.348507, 40.81761 ], [ -110.347152, 40.81912 ], [ -110.343923, 40.821912 ], [ -110.342735, 40.823356 ], [ -110.340249, 40.823477 ], [ -110.339089, 40.822709 ], [ -110.334612, 40.820994 ], [ -110.33113, 40.819906 ], [ -110.327844, 40.819486 ], [ -110.320321, 40.82051 ], [ -110.315827, 40.821686 ], [ -110.313732, 40.823628 ], [ -110.312159, 40.824191 ], [ -110.3083, 40.824771 ], [ -110.30592, 40.825568 ], [ -110.303511, 40.825761 ], [ -110.301423, 40.826388 ], [ -110.299543, 40.829065 ], [ -110.298732, 40.829623 ], [ -110.296726, 40.832651 ], [ -110.293047, 40.833399 ], [ -110.291458, 40.832263 ], [ -110.291215, 40.830595 ], [ -110.289571, 40.828491 ], [ -110.285875, 40.828131 ], [ -110.282525, 40.828118 ], [ -110.280326, 40.828573 ], [ -110.275954, 40.830307 ], [ -110.271101, 40.832709 ], [ -110.266556, 40.83345 ], [ -110.262612, 40.8346 ], [ -110.260967, 40.834824 ], [ -110.255617, 40.832754 ], [ -110.251725, 40.832341 ], [ -110.247997, 40.832691 ], [ -110.243476, 40.829891 ], [ -110.240867, 40.828757 ], [ -110.238205, 40.82819 ], [ -110.23382, 40.828904 ], [ -110.229387, 40.830807 ], [ -110.227688, 40.828985 ], [ -110.227882, 40.827563 ], [ -110.225784, 40.826463 ], [ -110.223125, 40.825702 ], [ -110.221297, 40.825567 ], [ -110.21856, 40.826153 ], [ -110.215812, 40.82736 ], [ -110.214169, 40.827389 ], [ -110.210489, 40.826229 ], [ -110.210049, 40.825289 ], [ -110.205837, 40.822499 ], [ -110.202661, 40.821802 ], [ -110.199505, 40.822027 ], [ -110.196414, 40.822601 ], [ -110.193645, 40.823947 ], [ -110.19236, 40.823982 ], [ -110.189916, 40.82501 ], [ -110.189134, 40.825959 ], [ -110.187809, 40.826139 ], [ -110.188038, 40.824402 ], [ -110.185704, 40.822737 ], [ -110.184753, 40.821501 ], [ -110.182451, 40.82016 ], [ -110.180373, 40.82042 ], [ -110.177724, 40.818375 ], [ -110.1759, 40.817699 ], [ -110.171133, 40.816763 ], [ -110.168656, 40.819048 ], [ -110.167282, 40.819881 ], [ -110.159807, 40.820741 ], [ -110.158795, 40.821016 ], [ -110.156103, 40.820164 ], [ -110.155053, 40.820202 ], [ -110.152533, 40.818823 ], [ -110.150396, 40.818114 ], [ -110.148629, 40.817582 ], [ -110.147289, 40.815284 ], [ -110.14741, 40.814177 ], [ -110.146334, 40.813534 ], [ -110.144239, 40.813649 ], [ -110.141749, 40.811847 ], [ -110.139501, 40.810993 ], [ -110.137819, 40.810913 ], [ -110.13515, 40.811892 ], [ -110.131791, 40.812601 ], [ -110.126514, 40.814935 ], [ -110.124461, 40.812352 ], [ -110.121825, 40.811346 ], [ -110.119179, 40.811019 ], [ -110.111549, 40.811506 ], [ -110.110437, 40.811335 ], [ -110.108038, 40.809575 ], [ -110.103167, 40.807968 ], [ -110.101591, 40.807911 ], [ -110.097396, 40.808581 ], [ -110.093112, 40.809777 ], [ -110.090954, 40.810679 ], [ -110.088761, 40.811035 ], [ -110.086351, 40.811005 ], [ -110.084582, 40.810601 ], [ -110.081963, 40.810536 ], [ -110.075573, 40.810039 ], [ -110.073677, 40.810415 ], [ -110.070991, 40.811741 ], [ -110.06441, 40.814214 ], [ -110.061122, 40.8133 ], [ -110.055501, 40.812534 ], [ -110.05203, 40.812293 ], [ -110.050705, 40.812936 ], [ -110.049339, 40.814361 ], [ -110.046989, 40.815725 ], [ -110.044938, 40.818658 ], [ -110.042697, 40.820671 ], [ -110.040604, 40.819469 ], [ -110.03685, 40.818307 ], [ -110.03354, 40.818387 ], [ -110.031401, 40.818707 ], [ -110.027204, 40.820298 ], [ -110.025658, 40.820582 ], [ -110.023305, 40.820048 ], [ -110.020764, 40.818753 ], [ -110.019432, 40.817034 ], [ -110.017463, 40.815847 ], [ -110.016019, 40.814505 ], [ -110.013344, 40.813744 ], [ -110.009939, 40.813944 ], [ -110.003153, 40.813363 ], [ -110.000711, 40.813678 ], [ -110.000705, 40.840051 ], [ -110.000711, 40.879109 ], [ -110.000708, 40.908447 ], [ -110.000708, 40.918028 ], [ -110.000707, 40.930246 ], [ -110.000708, 40.942097 ], [ -110.000709, 40.942197 ], [ -110.000708, 40.950975 ], [ -110.000708, 40.970158 ], [ -110.000717, 40.99745 ], [ -110.022021, 40.997376 ], [ -110.032599, 40.997337 ], [ -110.050348, 40.997304 ], [ -110.069845, 40.99715 ], [ -110.086964, 40.997128 ], [ -110.099538, 40.997047 ], [ -110.121075, 40.996741 ], [ -110.12662, 40.996692 ], [ -110.146466, 40.996322 ], [ -110.15756, 40.996222 ], [ -110.164383, 40.996159 ], [ -110.18346, 40.995763 ], [ -110.194848, 40.995762 ], [ -110.219166, 40.995707 ], [ -110.229452, 40.995557 ], [ -110.236604, 40.995439 ], [ -110.24998, 40.995256 ], [ -110.269833, 40.994914 ], [ -110.274112, 40.994817 ], [ -110.286796, 40.994819 ], [ -110.316567, 40.994796 ], [ -110.325382, 40.994826 ], [ -110.330311, 40.994846 ], [ -110.355905, 40.994838 ], [ -110.356454, 40.994843 ], [ -110.384569, 40.994805 ], [ -110.404478, 40.994777 ], [ -110.433663, 40.994798 ], [ -110.448923, 40.994828 ], [ -110.477996, 40.994802 ], [ -110.505074, 40.994804 ], [ -110.545871, 40.996332 ], [ -110.562541, 40.996315 ], [ -110.580866, 40.996292 ], [ -110.584225, 40.996292 ], [ -110.593622, 40.996275 ], [ -110.606794, 40.996255 ], [ -110.6387, 40.996183 ], [ -110.681369, 40.996239 ], [ -110.717144, 40.99643 ], [ -110.737135, 40.996584 ], [ -110.765269, 40.996684 ], [ -110.778078, 40.996725 ], [ -110.802729, 40.996873 ], [ -110.805623, 40.996854 ], [ -110.841821, 40.997074 ], [ -110.844964, 40.99709 ], [ -110.864764, 40.997202 ], [ -110.872057, 40.997209 ], [ -110.905929, 40.997191 ], [ -110.910892, 40.997235 ], [ -110.932264, 40.997387 ], [ -110.964531, 40.997529 ], [ -110.980532, 40.997581 ], [ -110.982108, 40.997806 ], [ -111.00522, 40.997961 ], [ -111.028082, 40.997928 ], [ -111.03383, 40.997916 ], [ -111.046815, 40.997875 ], [ -111.046769, 41.008811 ], [ -111.046734, 41.030062 ], [ -111.046691, 41.055322 ], [ -111.046701, 41.057558 ], [ -111.046697, 41.078924 ], [ -111.046719, 41.093974 ], [ -111.046752, 41.104379 ], [ -111.046745, 41.104742 ], [ -111.046788, 41.116497 ], [ -111.046736, 41.140125 ], [ -111.046818, 41.156042 ], [ -111.046803, 41.174815 ], [ -111.046801, 41.177121 ], [ -111.046759, 41.200919 ], [ -111.046701, 41.225056 ], [ -111.046796, 41.23908 ], [ -111.046766, 41.251627 ] ] ] ] } },
{ "type": "Feature", "properties": { "id": 8, "NAME": "8", "TotalPop": 42221, "PopDevPct": -0.03210676, "DemPct": 0.77916582, "RepPct": 0.19044463, "WhitePct": 0.74669544, "MinorityPct": 0.25330456, "BlackPct": 0.02897221, "HispanicPct": 0.09606151, "PacificPct": 0.00847046, "AsianPct": 0.09697869, "NativePct": 0.01801996, "TotalVAP": 37070, "Margin": 0.58872119, "color": "#00008b", "opacity": "0.5", "DemPct2": 0.78837114, "RepPct2": 0.18205468, "Margin2": 0.60631646, "Swing": -0.01759527, "R_Margin": 0.7874302404, "R_Margin2": 0.81086358586666663, "R_Swing": -0.023433345466666602, "Majority": "White" }, "geometry": { "type": "MultiPolygon", "coordinates": [ [ [ [ -111.845321, 40.750746 ], [ -111.841662, 40.750746 ], [ -111.840219, 40.750746 ], [ -111.838676, 40.750745 ], [ -111.837129, 40.750741 ], [ -111.836503, 40.750741 ], [ -111.835673, 40.750741 ], [ -111.835101, 40.750743 ], [ -111.833419, 40.750742 ], [ -111.830669, 40.750739 ], [ -111.830069, 40.750739 ], [ -111.827989, 40.750741 ], [ -111.826645, 40.750737 ], [ -111.825303, 40.750736 ], [ -111.823664, 40.750736 ], [ -111.821392, 40.750737 ], [ -111.813472, 40.750983 ], [ -111.811156, 40.750499 ], [ -111.807547, 40.75044 ], [ -111.806477, 40.751599 ], [ -111.804953, 40.752003 ], [ -111.800695, 40.75178 ], [ -111.800724, 40.751398 ], [ -111.800718, 40.747595 ], [ -111.794952, 40.747776 ], [ -111.790701, 40.74885 ], [ -111.785484, 40.748932 ], [ -111.784035, 40.748546 ], [ -111.778023, 40.749531 ], [ -111.773668, 40.749198 ], [ -111.772535, 40.748333 ], [ -111.771117, 40.746199 ], [ -111.768128, 40.745234 ], [ -111.764482, 40.745908 ], [ -111.762286, 40.74738 ], [ -111.75955, 40.749657 ], [ -111.757899, 40.751656 ], [ -111.754049, 40.754371 ], [ -111.752062, 40.75543 ], [ -111.751006, 40.755433 ], [ -111.749486, 40.758141 ], [ -111.74796, 40.758114 ], [ -111.745804, 40.75971 ], [ -111.744425, 40.762052 ], [ -111.739837, 40.763336 ], [ -111.737917, 40.764221 ], [ -111.735897, 40.764626 ], [ -111.732971, 40.764575 ], [ -111.731645, 40.764991 ], [ -111.727249, 40.767614 ], [ -111.725201, 40.76849 ], [ -111.72375, 40.769544 ], [ -111.722466, 40.771843 ], [ -111.718761, 40.77498 ], [ -111.718663, 40.775101 ], [ -111.716692, 40.77745 ], [ -111.713469, 40.779382 ], [ -111.711304, 40.781795 ], [ -111.709738, 40.782508 ], [ -111.706546, 40.784762 ], [ -111.703803, 40.785753 ], [ -111.701215, 40.788005 ], [ -111.698715, 40.789615 ], [ -111.6982, 40.790467 ], [ -111.693859, 40.790564 ], [ -111.690615, 40.795752 ], [ -111.690712, 40.798046 ], [ -111.690111, 40.798987 ], [ -111.690438, 40.801844 ], [ -111.690243, 40.803036 ], [ -111.691466, 40.807445 ], [ -111.691469, 40.809993 ], [ -111.690698, 40.811085 ], [ -111.680179, 40.813554 ], [ -111.676746, 40.814423 ], [ -111.667043, 40.820014 ], [ -111.66519, 40.821079 ], [ -111.656951, 40.824785 ], [ -111.65578, 40.825796 ], [ -111.655071, 40.827566 ], [ -111.654325, 40.828096 ], [ -111.654093, 40.828247 ], [ -111.655067, 40.829524 ], [ -111.656734, 40.830496 ], [ -111.658636, 40.830627 ], [ -111.664501, 40.829899 ], [ -111.665691, 40.830658 ], [ -111.666128, 40.832108 ], [ -111.66599, 40.83498 ], [ -111.665093, 40.835627 ], [ -111.663889, 40.840922 ], [ -111.662374, 40.843601 ], [ -111.660483, 40.845079 ], [ -111.660801, 40.846337 ], [ -111.662032, 40.848377 ], [ -111.663996, 40.850194 ], [ -111.668866, 40.852365 ], [ -111.669799, 40.853528 ], [ -111.67253, 40.853756 ], [ -111.674114, 40.855279 ], [ -111.676743, 40.855349 ], [ -111.679264, 40.856182 ], [ -111.683323, 40.856304 ], [ -111.687207, 40.858809 ], [ -111.69088, 40.858825 ], [ -111.695911, 40.861784 ], [ -111.697075, 40.861525 ], [ -111.700513, 40.861608 ], [ -111.701295, 40.861235 ], [ -111.703851, 40.855826 ], [ -111.705899, 40.854107 ], [ -111.706732, 40.852773 ], [ -111.709078, 40.852782 ], [ -111.71216, 40.851682 ], [ -111.716218, 40.853601 ], [ -111.717634, 40.853149 ], [ -111.719129, 40.853987 ], [ -111.720842, 40.855763 ], [ -111.724618, 40.854688 ], [ -111.72903, 40.856329 ], [ -111.733311, 40.859399 ], [ -111.738744, 40.860998 ], [ -111.741062, 40.860484 ], [ -111.744766, 40.860665 ], [ -111.746288, 40.860266 ], [ -111.748039, 40.858966 ], [ -111.748617, 40.856714 ], [ -111.749662, 40.85523 ], [ -111.75219, 40.853498 ], [ -111.755046, 40.854074 ], [ -111.757126, 40.853222 ], [ -111.758726, 40.852408 ], [ -111.759974, 40.85297 ], [ -111.76271, 40.850926 ], [ -111.768719, 40.84875 ], [ -111.771231, 40.849009 ], [ -111.774883, 40.847628 ], [ -111.778531, 40.844577 ], [ -111.781744, 40.843902 ], [ -111.785758, 40.845348 ], [ -111.789225, 40.845554 ], [ -111.792878, 40.844496 ], [ -111.794741, 40.843079 ], [ -111.795936, 40.842824 ], [ -111.797861, 40.841643 ], [ -111.799286, 40.840278 ], [ -111.800443, 40.840324 ], [ -111.804387, 40.838351 ], [ -111.807386, 40.839194 ], [ -111.809819, 40.839313 ], [ -111.811166, 40.839848 ], [ -111.812616, 40.84009 ], [ -111.815761, 40.838923 ], [ -111.818392, 40.837612 ], [ -111.818852, 40.836474 ], [ -111.821767, 40.834332 ], [ -111.824688, 40.83364 ], [ -111.828142, 40.833772 ], [ -111.829073, 40.832406 ], [ -111.830188, 40.831925 ], [ -111.833294, 40.831826 ], [ -111.835203, 40.830844 ], [ -111.838417, 40.830824 ], [ -111.841401, 40.832447 ], [ -111.844039, 40.832235 ], [ -111.844678, 40.830784 ], [ -111.846799, 40.829705 ], [ -111.848772, 40.830384 ], [ -111.84958, 40.829649 ], [ -111.853655, 40.82928 ], [ -111.854265, 40.827966 ], [ -111.85728, 40.826182 ], [ -111.858127, 40.824338 ], [ -111.86081, 40.825012 ], [ -111.863323, 40.82398 ], [ -111.865323, 40.824555 ], [ -111.86928, 40.823809 ], [ -111.870503, 40.821741 ], [ -111.875829, 40.821822 ], [ -111.890956, 40.821826 ], [ -111.891548, 40.821826 ], [ -111.900906, 40.821827 ], [ -111.900907, 40.819882 ], [ -111.903422, 40.819895 ], [ -111.905669, 40.819878 ], [ -111.905665, 40.821823 ], [ -111.915555, 40.821816 ], [ -111.915846, 40.821814 ], [ -111.916184, 40.821823 ], [ -111.916312, 40.820333 ], [ -111.917111, 40.818717 ], [ -111.918941, 40.816936 ], [ -111.919097, 40.814554 ], [ -111.918712, 40.81142 ], [ -111.918285, 40.807469 ], [ -111.917816, 40.806246 ], [ -111.91691, 40.805097 ], [ -111.913155, 40.80211 ], [ -111.911677, 40.800923 ], [ -111.909817, 40.799409 ], [ -111.903697, 40.794435 ], [ -111.903429, 40.794026 ], [ -111.901051, 40.790105 ], [ -111.899684, 40.787814 ], [ -111.899684, 40.786733 ], [ -111.89737, 40.785733 ], [ -111.896825, 40.785291 ], [ -111.895296, 40.783394 ], [ -111.895222, 40.783304 ], [ -111.894541, 40.782459 ], [ -111.89445, 40.782347 ], [ -111.894179, 40.782011 ], [ -111.894089, 40.781899 ], [ -111.893592, 40.781281 ], [ -111.89298, 40.780519 ], [ -111.892644, 40.780107 ], [ -111.893455, 40.780106 ], [ -111.894908, 40.780107 ], [ -111.895322, 40.780105 ], [ -111.896821, 40.780107 ], [ -111.896821, 40.780214 ], [ -111.89968, 40.78021 ], [ -111.901031, 40.780213 ], [ -111.902539, 40.78021 ], [ -111.904932, 40.78021 ], [ -111.905509, 40.780211 ], [ -111.90826, 40.780211 ], [ -111.910303, 40.780203 ], [ -111.910247, 40.775861 ], [ -111.910412, 40.77154 ], [ -111.911294, 40.7694 ], [ -111.908252, 40.769674 ], [ -111.908252, 40.769404 ], [ -111.908252, 40.769343 ], [ -111.905489, 40.769342 ], [ -111.905394, 40.769342 ], [ -111.905326, 40.769341 ], [ -111.905333, 40.769487 ], [ -111.905366, 40.770233 ], [ -111.905758, 40.771007 ], [ -111.905485, 40.771545 ], [ -111.902535, 40.771545 ], [ -111.902534, 40.770389 ], [ -111.902533, 40.769342 ], [ -111.899674, 40.769346 ], [ -111.896815, 40.769346 ], [ -111.893957, 40.769346 ], [ -111.891097, 40.769346 ], [ -111.888229, 40.769349 ], [ -111.885369, 40.769349 ], [ -111.883543, 40.769349 ], [ -111.882507, 40.769348 ], [ -111.882047, 40.769348 ], [ -111.880555, 40.769349 ], [ -111.879641, 40.769352 ], [ -111.879057, 40.769352 ], [ -111.87876, 40.769351 ], [ -111.878199, 40.769351 ], [ -111.877575, 40.769351 ], [ -111.876784, 40.769352 ], [ -111.876056, 40.769351 ], [ -111.874551, 40.769351 ], [ -111.873921, 40.769351 ], [ -111.873047, 40.769353 ], [ -111.871557, 40.769351 ], [ -111.87106, 40.769351 ], [ -111.870067, 40.769352 ], [ -111.868579, 40.76935 ], [ -111.868194, 40.769354 ], [ -111.86709, 40.769352 ], [ -111.865599, 40.76935 ], [ -111.865334, 40.769352 ], [ -111.865333, 40.767182 ], [ -111.865332, 40.765005 ], [ -111.865331, 40.764141 ], [ -111.865332, 40.76283 ], [ -111.865332, 40.760659 ], [ -111.865331, 40.758488 ], [ -111.865332, 40.756312 ], [ -111.865332, 40.755222 ], [ -111.865332, 40.754137 ], [ -111.865332, 40.753047 ], [ -111.865331, 40.751966 ], [ -111.863882, 40.751963 ], [ -111.862459, 40.751966 ], [ -111.862311, 40.751967 ], [ -111.860781, 40.751965 ], [ -111.859497, 40.751966 ], [ -111.858164, 40.751965 ], [ -111.856739, 40.751968 ], [ -111.85532, 40.751968 ], [ -111.853889, 40.751971 ], [ -111.85247, 40.751699 ], [ -111.85104, 40.750891 ], [ -111.847617, 40.750743 ], [ -111.845321, 40.750746 ] ] ] ] } },
{ "type": "Feature", "properties": { "id": 9, "NAME": "9", "TotalPop": 44961, "PopDevPct": 0.03070623, "DemPct": 0.78096744, "RepPct": 0.1814813, "WhitePct": 0.69257771, "MinorityPct": 0.30742229, "BlackPct": 0.04405555, "HispanicPct": 0.14218853, "PacificPct": 0.01246375, "AsianPct": 0.0789795, "NativePct": 0.03202422, "TotalVAP": 39314, "Margin": 0.59948614, "color": "#00008b", "opacity": "0.5", "DemPct2": 0.8043704, "RepPct2": 0.1617425, "Margin2": 0.6426279, "Swing": -0.04314176, "R_Margin": 0.7981951904, "R_Margin2": 0.84717502586666671, "R_Swing": -0.048979835466666691, "Majority": "White" }, "geometry": { "type": "MultiPolygon", "coordinates": [ [ [ [ -111.913993, 40.760635 ], [ -111.913712, 40.759655 ], [ -111.912107, 40.756483 ], [ -111.911025, 40.754099 ], [ -111.910576, 40.751937 ], [ -111.909224, 40.749759 ], [ -111.908924, 40.749381 ], [ -111.906537, 40.747507 ], [ -111.904645, 40.745551 ], [ -111.90406, 40.744263 ], [ -111.904024, 40.741604 ], [ -111.904526, 40.733509 ], [ -111.904175, 40.725418 ], [ -111.901938, 40.725415 ], [ -111.899712, 40.7254 ], [ -111.896849, 40.725437 ], [ -111.893985, 40.725434 ], [ -111.892795, 40.725428 ], [ -111.89109, 40.725433 ], [ -111.890663, 40.725448 ], [ -111.889525, 40.725444 ], [ -111.888215, 40.725455 ], [ -111.885393, 40.725438 ], [ -111.884424, 40.725427 ], [ -111.884125, 40.725427 ], [ -111.883497, 40.725432 ], [ -111.88255, 40.725433 ], [ -111.879682, 40.725443 ], [ -111.876796, 40.725434 ], [ -111.873908, 40.725425 ], [ -111.872846, 40.725425 ], [ -111.871096, 40.725425 ], [ -111.871091, 40.726146 ], [ -111.871089, 40.726712 ], [ -111.871085, 40.727609 ], [ -111.871084, 40.727812 ], [ -111.869622, 40.72781 ], [ -111.868193, 40.727811 ], [ -111.868193, 40.728279 ], [ -111.868195, 40.729053 ], [ -111.868194, 40.729476 ], [ -111.868195, 40.729855 ], [ -111.86533, 40.729855 ], [ -111.865331, 40.730647 ], [ -111.865331, 40.731053 ], [ -111.86533, 40.731435 ], [ -111.865331, 40.731562 ], [ -111.865329, 40.731836 ], [ -111.86533, 40.732535 ], [ -111.865331, 40.733508 ], [ -111.865329, 40.734477 ], [ -111.86533, 40.735445 ], [ -111.865331, 40.735594 ], [ -111.865331, 40.73598 ], [ -111.86533, 40.736386 ], [ -111.865331, 40.737177 ], [ -111.865331, 40.738053 ], [ -111.86533, 40.738939 ], [ -111.86533, 40.739139 ], [ -111.865331, 40.739827 ], [ -111.865331, 40.740723 ], [ -111.865331, 40.741633 ], [ -111.865331, 40.742903 ], [ -111.86533, 40.74389 ], [ -111.86533, 40.744881 ], [ -111.865331, 40.745309 ], [ -111.865331, 40.745664 ], [ -111.865329, 40.746453 ], [ -111.865331, 40.748029 ], [ -111.866755, 40.748029 ], [ -111.868194, 40.748026 ], [ -111.868193, 40.749792 ], [ -111.866755, 40.749789 ], [ -111.865331, 40.74979 ], [ -111.865331, 40.750225 ], [ -111.865331, 40.751966 ], [ -111.865332, 40.753047 ], [ -111.865332, 40.754137 ], [ -111.865332, 40.755222 ], [ -111.865332, 40.756312 ], [ -111.865331, 40.758488 ], [ -111.865332, 40.760659 ], [ -111.865332, 40.76283 ], [ -111.865331, 40.764141 ], [ -111.865332, 40.765005 ], [ -111.865333, 40.767182 ], [ -111.865334, 40.769352 ], [ -111.865599, 40.76935 ], [ -111.86709, 40.769352 ], [ -111.868194, 40.769354 ], [ -111.868579, 40.76935 ], [ -111.870067, 40.769352 ], [ -111.87106, 40.769351 ], [ -111.871557, 40.769351 ], [ -111.873047, 40.769353 ], [ -111.873921, 40.769351 ], [ -111.874551, 40.769351 ], [ -111.876056, 40.769351 ], [ -111.876784, 40.769352 ], [ -111.877575, 40.769351 ], [ -111.878199, 40.769351 ], [ -111.87876, 40.769351 ], [ -111.879057, 40.769352 ], [ -111.879641, 40.769352 ], [ -111.880555, 40.769349 ], [ -111.882047, 40.769348 ], [ -111.882507, 40.769348 ], [ -111.883543, 40.769349 ], [ -111.885369, 40.769349 ], [ -111.888229, 40.769349 ], [ -111.891097, 40.769346 ], [ -111.893957, 40.769346 ], [ -111.896815, 40.769346 ], [ -111.899674, 40.769346 ], [ -111.902533, 40.769342 ], [ -111.902534, 40.770389 ], [ -111.902535, 40.771545 ], [ -111.905485, 40.771545 ], [ -111.905758, 40.771007 ], [ -111.905366, 40.770233 ], [ -111.905333, 40.769487 ], [ -111.905326, 40.769341 ], [ -111.905394, 40.769342 ], [ -111.905489, 40.769342 ], [ -111.908252, 40.769343 ], [ -111.908252, 40.769404 ], [ -111.908252, 40.769674 ], [ -111.911294, 40.7694 ], [ -111.911683, 40.768444 ], [ -111.913123, 40.76499 ], [ -111.91374, 40.763667 ], [ -111.913993, 40.760635 ] ] ] ] } },
{ "type": "Feature", "properties": { "id": 10, "NAME": "10", "TotalPop": 43467, "PopDevPct": -0.0035429, "DemPct": 0.78797653, "RepPct": 0.19006723, "WhitePct": 0.846494, "MinorityPct": 0.153506, "BlackPct": 0.0141848, "HispanicPct": 0.05992649, "PacificPct": 0.00459427, "AsianPct": 0.05857693, "NativePct": 0.01369666, "TotalVAP": 34826, "Margin": 0.5979093, "color": "#00008b", "opacity": "0.5", "DemPct2": 0.78312769, "RepPct2": 0.19135577, "Margin2": 0.59177192, "Swing": 0.00613738, "R_Margin": 0.7966183504, "R_Margin2": 0.79631904586666669, "R_Swing": 0.00029930453333330657, "Majority": "White" }, "geometry": { "type": "MultiPolygon", "coordinates": [ [ [ [ -111.865331, 40.741633 ], [ -111.865331, 40.740723 ], [ -111.865331, 40.739827 ], [ -111.86533, 40.739139 ], [ -111.86533, 40.738939 ], [ -111.865331, 40.738053 ], [ -111.865331, 40.737177 ], [ -111.86533, 40.736386 ], [ -111.865331, 40.73598 ], [ -111.865331, 40.735594 ], [ -111.86533, 40.735445 ], [ -111.865329, 40.734477 ], [ -111.865331, 40.733508 ], [ -111.86533, 40.732535 ], [ -111.865329, 40.731836 ], [ -111.865331, 40.731562 ], [ -111.86533, 40.731435 ], [ -111.865331, 40.731053 ], [ -111.865331, 40.730647 ], [ -111.86533, 40.729855 ], [ -111.868195, 40.729855 ], [ -111.868194, 40.729476 ], [ -111.868195, 40.729053 ], [ -111.868193, 40.728279 ], [ -111.868193, 40.727811 ], [ -111.869622, 40.72781 ], [ -111.871084, 40.727812 ], [ -111.871085, 40.727609 ], [ -111.871089, 40.726712 ], [ -111.871091, 40.726146 ], [ -111.871096, 40.725425 ], [ -111.872846, 40.725425 ], [ -111.873908, 40.725425 ], [ -111.876796, 40.725434 ], [ -111.876807, 40.724593 ], [ -111.876811, 40.723791 ], [ -111.876816, 40.723 ], [ -111.876816, 40.72298 ], [ -111.876818, 40.722323 ], [ -111.87682, 40.72164 ], [ -111.876829, 40.72103 ], [ -111.876832, 40.720237 ], [ -111.876829, 40.719449 ], [ -111.876829, 40.719156 ], [ -111.876827, 40.718673 ], [ -111.876826, 40.718365 ], [ -111.873941, 40.718459 ], [ -111.871214, 40.71884 ], [ -111.865358, 40.719512 ], [ -111.859817, 40.719685 ], [ -111.857401, 40.719759 ], [ -111.853635, 40.719775 ], [ -111.846707, 40.719667 ], [ -111.84211, 40.718865 ], [ -111.835747, 40.717423 ], [ -111.833859, 40.716662 ], [ -111.83165, 40.715657 ], [ -111.822358, 40.713162 ], [ -111.820599, 40.713016 ], [ -111.818379, 40.71333 ], [ -111.814965, 40.714545 ], [ -111.814839, 40.714901 ], [ -111.807475, 40.714924 ], [ -111.805474, 40.714952 ], [ -111.805363, 40.714952 ], [ -111.805381, 40.723437 ], [ -111.805026, 40.725789 ], [ -111.795889, 40.725814 ], [ -111.795938, 40.733049 ], [ -111.801701, 40.732962 ], [ -111.805085, 40.730433 ], [ -111.805512, 40.732188 ], [ -111.8055, 40.733948 ], [ -111.806498, 40.734411 ], [ -111.805515, 40.736727 ], [ -111.805524, 40.740226 ], [ -111.804301, 40.741212 ], [ -111.802739, 40.741223 ], [ -111.802369, 40.741886 ], [ -111.803396, 40.742973 ], [ -111.803108, 40.743992 ], [ -111.803108, 40.747599 ], [ -111.800718, 40.747595 ], [ -111.800724, 40.751398 ], [ -111.800695, 40.75178 ], [ -111.804953, 40.752003 ], [ -111.806477, 40.751599 ], [ -111.807547, 40.75044 ], [ -111.811156, 40.750499 ], [ -111.813472, 40.750983 ], [ -111.821392, 40.750737 ], [ -111.823664, 40.750736 ], [ -111.825303, 40.750736 ], [ -111.826645, 40.750737 ], [ -111.827989, 40.750741 ], [ -111.830069, 40.750739 ], [ -111.830669, 40.750739 ], [ -111.833419, 40.750742 ], [ -111.835101, 40.750743 ], [ -111.835673, 40.750741 ], [ -111.836503, 40.750741 ], [ -111.837129, 40.750741 ], [ -111.838676, 40.750745 ], [ -111.840219, 40.750746 ], [ -111.841662, 40.750746 ], [ -111.845321, 40.750746 ], [ -111.847617, 40.750743 ], [ -111.85104, 40.750891 ], [ -111.85247, 40.751699 ], [ -111.853889, 40.751971 ], [ -111.85532, 40.751968 ], [ -111.856739, 40.751968 ], [ -111.858164, 40.751965 ], [ -111.859497, 40.751966 ], [ -111.860781, 40.751965 ], [ -111.862311, 40.751967 ], [ -111.862459, 40.751966 ], [ -111.863882, 40.751963 ], [ -111.865331, 40.751966 ], [ -111.865331, 40.750225 ], [ -111.865331, 40.74979 ], [ -111.866755, 40.749789 ], [ -111.868193, 40.749792 ], [ -111.868194, 40.748026 ], [ -111.866755, 40.748029 ], [ -111.865331, 40.748029 ], [ -111.865329, 40.746453 ], [ -111.865331, 40.745664 ], [ -111.865331, 40.745309 ], [ -111.86533, 40.744881 ], [ -111.86533, 40.74389 ], [ -111.865331, 40.742903 ], [ -111.865331, 40.741633 ] ] ] ] } },
{ "type": "Feature", "properties": { "id": 11, "NAME": "11", "TotalPop": 45659, "PopDevPct": 0.0467075, "DemPct": 0.62939013, "RepPct": 0.34586641, "WhitePct": 0.86355801, "MinorityPct": 0.13644199, "BlackPct": 0.01200942, "HispanicPct": 0.05326668, "PacificPct": 0.0061771, "AsianPct": 0.0494455, "NativePct": 0.01154973, "TotalVAP": 34806, "Margin": 0.28352372, "color": "#00008b", "opacity": "0.5", "DemPct2": 0.61921226, "RepPct2": 0.35148815, "Margin2": 0.26772411, "Swing": 0.01579961, "R_Margin": 0.4822327704, "R_Margin2": 0.47227123586666664, "R_Swing": 0.009961534533333356, "Majority": "White" }, "geometry": { "type": "MultiPolygon", "coordinates": [ [ [ [ -111.777077, 40.572967 ], [ -111.777054, 40.572395 ], [ -111.776968, 40.571922 ], [ -111.776952, 40.571362 ], [ -111.776902, 40.56947 ], [ -111.776822, 40.566156 ], [ -111.776999, 40.566156 ], [ -111.777009, 40.562413 ], [ -111.782408, 40.562416 ], [ -111.786518, 40.562379 ], [ -111.786546, 40.55871 ], [ -111.791308, 40.558707 ], [ -111.791357, 40.555068 ], [ -111.786583, 40.555044 ], [ -111.786629, 40.551381 ], [ -111.796202, 40.551483 ], [ -111.796159, 40.547861 ], [ -111.800978, 40.547858 ], [ -111.80096, 40.544235 ], [ -111.803919, 40.544234 ], [ -111.805727, 40.544231 ], [ -111.805749, 40.544219 ], [ -111.805758, 40.543877 ], [ -111.805774, 40.543322 ], [ -111.808126, 40.543322 ], [ -111.808926, 40.542945 ], [ -111.809277, 40.543266 ], [ -111.809672, 40.543266 ], [ -111.809729, 40.543206 ], [ -111.809792, 40.543111 ], [ -111.809817, 40.543039 ], [ -111.8098, 40.542974 ], [ -111.809791, 40.542938 ], [ -111.80976, 40.542881 ], [ -111.809695, 40.542853 ], [ -111.809628, 40.542839 ], [ -111.809567, 40.542834 ], [ -111.809481, 40.542829 ], [ -111.809414, 40.542842 ], [ -111.809382, 40.542862 ], [ -111.809722, 40.540596 ], [ -111.810505, 40.540595 ], [ -111.810426, 40.536942 ], [ -111.810039, 40.536936 ], [ -111.810296, 40.536746 ], [ -111.810494, 40.536655 ], [ -111.810567, 40.536585 ], [ -111.811067, 40.536239 ], [ -111.811179, 40.536155 ], [ -111.81192, 40.535546 ], [ -111.812073, 40.535381 ], [ -111.812116, 40.535296 ], [ -111.812079, 40.535249 ], [ -111.812035, 40.535238 ], [ -111.81142, 40.535281 ], [ -111.811361, 40.535299 ], [ -111.808998, 40.534316 ], [ -111.807848, 40.533328 ], [ -111.81116, 40.533701 ], [ -111.812247, 40.533302 ], [ -111.813906, 40.533895 ], [ -111.81819, 40.530939 ], [ -111.823737, 40.525706 ], [ -111.822427, 40.524805 ], [ -111.822557, 40.523228 ], [ -111.821729, 40.521768 ], [ -111.824615, 40.522646 ], [ -111.825486, 40.522383 ], [ -111.82633, 40.521988 ], [ -111.826894, 40.520254 ], [ -111.826349, 40.519499 ], [ -111.827961, 40.519383 ], [ -111.828917, 40.518258 ], [ -111.828946, 40.517022 ], [ -111.83063, 40.516511 ], [ -111.831816, 40.514436 ], [ -111.831319, 40.513699 ], [ -111.82979, 40.512357 ], [ -111.829059, 40.5124 ], [ -111.829827, 40.51189 ], [ -111.831596, 40.511908 ], [ -111.831613, 40.509665 ], [ -111.831598, 40.50712 ], [ -111.829562, 40.506759 ], [ -111.830306, 40.506149 ], [ -111.831273, 40.504539 ], [ -111.831151, 40.503545 ], [ -111.829971, 40.502727 ], [ -111.830366, 40.502145 ], [ -111.82861, 40.500805 ], [ -111.827136, 40.500964 ], [ -111.827194, 40.499566 ], [ -111.824355, 40.497805 ], [ -111.822201, 40.497719 ], [ -111.8228, 40.497183 ], [ -111.821317, 40.496899 ], [ -111.820776, 40.497108 ], [ -111.820537, 40.496884 ], [ -111.820534, 40.49638 ], [ -111.818344, 40.49556 ], [ -111.818682, 40.494537 ], [ -111.816606, 40.493344 ], [ -111.813594, 40.493415 ], [ -111.81199, 40.493426 ], [ -111.811925, 40.488408 ], [ -111.811299, 40.488299 ], [ -111.811047, 40.488273 ], [ -111.810425, 40.488411 ], [ -111.810375, 40.488422 ], [ -111.809865, 40.488489 ], [ -111.807378, 40.489286 ], [ -111.805112, 40.491759 ], [ -111.803452, 40.49248 ], [ -111.80268, 40.49364 ], [ -111.799762, 40.494306 ], [ -111.797864, 40.495546 ], [ -111.79169, 40.497088 ], [ -111.789626, 40.497772 ], [ -111.789105, 40.50014 ], [ -111.789113, 40.501862 ], [ -111.791195, 40.50402 ], [ -111.791671, 40.505207 ], [ -111.78912, 40.50911 ], [ -111.789145, 40.510944 ], [ -111.787838, 40.513763 ], [ -111.783538, 40.514911 ], [ -111.782979, 40.516001 ], [ -111.781312, 40.516938 ], [ -111.781167, 40.518679 ], [ -111.775613, 40.521276 ], [ -111.76966, 40.522613 ], [ -111.766682, 40.524668 ], [ -111.766024, 40.525711 ], [ -111.764084, 40.526916 ], [ -111.762368, 40.529238 ], [ -111.760351, 40.529229 ], [ -111.759552, 40.528634 ], [ -111.757914, 40.528526 ], [ -111.756283, 40.527731 ], [ -111.755449, 40.526402 ], [ -111.753169, 40.525742 ], [ -111.750055, 40.524188 ], [ -111.747525, 40.524384 ], [ -111.74377, 40.522541 ], [ -111.739847, 40.523981 ], [ -111.738714, 40.526733 ], [ -111.73752, 40.528148 ], [ -111.736744, 40.528937 ], [ -111.736128, 40.532062 ], [ -111.735106, 40.532691 ], [ -111.733874, 40.53227 ], [ -111.732607, 40.530469 ], [ -111.731469, 40.529942 ], [ -111.729017, 40.529872 ], [ -111.726825, 40.529313 ], [ -111.726597, 40.528635 ], [ -111.723732, 40.526392 ], [ -111.72175, 40.525324 ], [ -111.720305, 40.525181 ], [ -111.716364, 40.527641 ], [ -111.71403, 40.53187 ], [ -111.713141, 40.532695 ], [ -111.711125, 40.532486 ], [ -111.707638, 40.533021 ], [ -111.705911, 40.533621 ], [ -111.701637, 40.533591 ], [ -111.699706, 40.534398 ], [ -111.698113, 40.535728 ], [ -111.693605, 40.53394 ], [ -111.690445, 40.53327 ], [ -111.688, 40.532131 ], [ -111.684626, 40.531309 ], [ -111.681314, 40.532986 ], [ -111.678462, 40.53171 ], [ -111.67532, 40.533026 ], [ -111.673854, 40.535598 ], [ -111.673336, 40.537202 ], [ -111.672242, 40.538078 ], [ -111.670965, 40.538274 ], [ -111.667855, 40.539959 ], [ -111.664099, 40.541219 ], [ -111.661206, 40.547362 ], [ -111.661874, 40.549674 ], [ -111.658544, 40.551306 ], [ -111.656599, 40.55186 ], [ -111.650251, 40.551134 ], [ -111.648648, 40.554274 ], [ -111.646475, 40.556071 ], [ -111.645556, 40.559941 ], [ -111.644817, 40.560886 ], [ -111.642425, 40.561876 ], [ -111.640882, 40.563625 ], [ -111.639224, 40.565611 ], [ -111.638084, 40.567753 ], [ -111.637524, 40.568115 ], [ -111.634653, 40.568107 ], [ -111.633823, 40.567547 ], [ -111.630356, 40.56694 ], [ -111.627823, 40.566294 ], [ -111.620253, 40.565184 ], [ -111.612626, 40.565267 ], [ -111.61071, 40.565883 ], [ -111.609135, 40.565212 ], [ -111.605812, 40.564407 ], [ -111.602616, 40.567973 ], [ -111.601818, 40.570649 ], [ -111.602602, 40.572715 ], [ -111.602631, 40.574539 ], [ -111.601266, 40.576251 ], [ -111.598079, 40.577908 ], [ -111.593942, 40.577066 ], [ -111.593892, 40.577065 ], [ -111.593879, 40.577063 ], [ -111.593749, 40.577077 ], [ -111.593707, 40.577082 ], [ -111.593544, 40.577125 ], [ -111.591935, 40.579141 ], [ -111.590696, 40.580139 ], [ -111.587848, 40.581295 ], [ -111.586706, 40.581466 ], [ -111.582664, 40.581278 ], [ -111.579018, 40.582517 ], [ -111.577837, 40.58343 ], [ -111.576169, 40.583311 ], [ -111.572491, 40.582163 ], [ -111.569816, 40.582775 ], [ -111.568387, 40.584124 ], [ -111.563905, 40.585052 ], [ -111.561596, 40.589351 ], [ -111.560023, 40.5908 ], [ -111.560981, 40.593166 ], [ -111.560434, 40.594757 ], [ -111.55965, 40.596206 ], [ -111.558405, 40.599946 ], [ -111.55926, 40.601519 ], [ -111.557787, 40.603869 ], [ -111.555958, 40.605058 ], [ -111.555102, 40.606664 ], [ -111.554213, 40.608489 ], [ -111.553266, 40.609313 ], [ -111.553974, 40.611265 ], [ -111.556655, 40.611852 ], [ -111.558856, 40.613427 ], [ -111.559025, 40.614202 ], [ -111.558424, 40.616482 ], [ -111.558118, 40.617266 ], [ -111.557807, 40.618183 ], [ -111.55775, 40.619728 ], [ -111.559517, 40.620521 ], [ -111.564656, 40.622201 ], [ -111.56742, 40.623281 ], [ -111.567851, 40.626895 ], [ -111.56897, 40.629402 ], [ -111.569774, 40.629392 ], [ -111.572621, 40.63071 ], [ -111.576051, 40.632778 ], [ -111.57671, 40.633724 ], [ -111.576167, 40.636772 ], [ -111.577746, 40.638684 ], [ -111.577478, 40.641295 ], [ -111.577495, 40.643124 ], [ -111.579488, 40.645301 ], [ -111.582926, 40.646888 ], [ -111.585364, 40.647727 ], [ -111.586867, 40.649183 ], [ -111.589531, 40.649782 ], [ -111.591748, 40.6506 ], [ -111.593872, 40.651656 ], [ -111.594053, 40.653758 ], [ -111.595281, 40.656223 ], [ -111.595929, 40.658636 ], [ -111.596736, 40.659767 ], [ -111.598853, 40.661693 ], [ -111.600261, 40.664163 ], [ -111.601772, 40.665236 ], [ -111.604411, 40.666523 ], [ -111.604454, 40.669237 ], [ -111.601938, 40.671202 ], [ -111.602378, 40.672112 ], [ -111.602513, 40.674421 ], [ -111.601982, 40.675773 ], [ -111.603027, 40.677251 ], [ -111.601682, 40.679257 ], [ -111.60211, 40.681589 ], [ -111.601541, 40.682733 ], [ -111.601796, 40.684235 ], [ -111.601107, 40.687283 ], [ -111.600303, 40.689568 ], [ -111.599209, 40.690581 ], [ -111.599588, 40.691756 ], [ -111.595931, 40.69527 ], [ -111.594714, 40.696111 ], [ -111.593761, 40.698146 ], [ -111.592726, 40.69912 ], [ -111.593961, 40.702778 ], [ -111.594745, 40.703685 ], [ -111.597898, 40.705656 ], [ -111.60039, 40.708475 ], [ -111.602517, 40.709812 ], [ -111.603973, 40.711664 ], [ -111.606221, 40.712856 ], [ -111.607241, 40.71434 ], [ -111.611869, 40.717744 ], [ -111.611789, 40.718879 ], [ -111.614638, 40.719384 ], [ -111.614668, 40.721088 ], [ -111.615246, 40.722311 ], [ -111.616322, 40.72278 ], [ -111.615041, 40.724484 ], [ -111.614375, 40.726571 ], [ -111.61334, 40.727939 ], [ -111.618094, 40.729437 ], [ -111.622286, 40.729914 ], [ -111.62348, 40.732154 ], [ -111.623404, 40.732911 ], [ -111.621904, 40.735839 ], [ -111.621655, 40.737727 ], [ -111.624691, 40.740015 ], [ -111.624184, 40.741604 ], [ -111.620911, 40.742412 ], [ -111.61909, 40.743534 ], [ -111.617574, 40.745916 ], [ -111.617772, 40.747653 ], [ -111.618776, 40.749232 ], [ -111.620475, 40.74993 ], [ -111.621329, 40.750628 ], [ -111.623483, 40.75347 ], [ -111.623529, 40.753723 ], [ -111.623389, 40.754248 ], [ -111.622757, 40.75681 ], [ -111.621038, 40.75795 ], [ -111.624013, 40.760414 ], [ -111.625387, 40.761018 ], [ -111.62728, 40.760477 ], [ -111.630357, 40.760801 ], [ -111.633568, 40.762147 ], [ -111.635206, 40.762405 ], [ -111.63741, 40.763897 ], [ -111.636758, 40.766548 ], [ -111.637365, 40.76819 ], [ -111.639928, 40.77053 ], [ -111.641456, 40.771271 ], [ -111.644331, 40.771061 ], [ -111.6458, 40.772163 ], [ -111.647826, 40.772391 ], [ -111.649129, 40.773443 ], [ -111.648906, 40.774795 ], [ -111.647979, 40.7763 ], [ -111.645992, 40.777993 ], [ -111.645339, 40.779036 ], [ -111.646386, 40.782102 ], [ -111.645813, 40.78329 ], [ -111.643041, 40.785943 ], [ -111.64401, 40.787595 ], [ -111.647012, 40.789315 ], [ -111.648743, 40.792245 ], [ -111.646484, 40.79757 ], [ -111.642925, 40.798694 ], [ -111.641052, 40.798925 ], [ -111.641286, 40.803616 ], [ -111.640819, 40.805062 ], [ -111.642479, 40.805742 ], [ -111.641588, 40.80749 ], [ -111.639046, 40.809286 ], [ -111.640018, 40.8125 ], [ -111.640715, 40.812996 ], [ -111.640379, 40.814794 ], [ -111.641701, 40.816607 ], [ -111.641994, 40.818136 ], [ -111.645594, 40.820539 ], [ -111.64565, 40.824061 ], [ -111.648866, 40.824554 ], [ -111.651758, 40.82404 ], [ -111.65246, 40.827347 ], [ -111.654093, 40.828247 ], [ -111.654325, 40.828096 ], [ -111.655071, 40.827566 ], [ -111.65578, 40.825796 ], [ -111.656951, 40.824785 ], [ -111.66519, 40.821079 ], [ -111.667043, 40.820014 ], [ -111.676746, 40.814423 ], [ -111.680179, 40.813554 ], [ -111.690698, 40.811085 ], [ -111.691469, 40.809993 ], [ -111.691466, 40.807445 ], [ -111.690243, 40.803036 ], [ -111.690438, 40.801844 ], [ -111.690111, 40.798987 ], [ -111.690712, 40.798046 ], [ -111.690615, 40.795752 ], [ -111.693859, 40.790564 ], [ -111.6982, 40.790467 ], [ -111.698715, 40.789615 ], [ -111.701215, 40.788005 ], [ -111.703803, 40.785753 ], [ -111.706546, 40.784762 ], [ -111.709738, 40.782508 ], [ -111.711304, 40.781795 ], [ -111.713469, 40.779382 ], [ -111.716692, 40.77745 ], [ -111.718663, 40.775101 ], [ -111.718761, 40.77498 ], [ -111.722466, 40.771843 ], [ -111.72375, 40.769544 ], [ -111.725201, 40.76849 ], [ -111.727249, 40.767614 ], [ -111.731645, 40.764991 ], [ -111.732971, 40.764575 ], [ -111.735897, 40.764626 ], [ -111.737917, 40.764221 ], [ -111.739837, 40.763336 ], [ -111.744425, 40.762052 ], [ -111.745804, 40.75971 ], [ -111.74796, 40.758114 ], [ -111.749486, 40.758141 ], [ -111.751006, 40.755433 ], [ -111.752062, 40.75543 ], [ -111.754049, 40.754371 ], [ -111.757899, 40.751656 ], [ -111.75955, 40.749657 ], [ -111.762286, 40.74738 ], [ -111.764482, 40.745908 ], [ -111.768128, 40.745234 ], [ -111.771117, 40.746199 ], [ -111.772535, 40.748333 ], [ -111.773668, 40.749198 ], [ -111.778023, 40.749531 ], [ -111.784035, 40.748546 ], [ -111.785484, 40.748932 ], [ -111.790701, 40.74885 ], [ -111.794952, 40.747776 ], [ -111.800718, 40.747595 ], [ -111.803108, 40.747599 ], [ -111.803108, 40.743992 ], [ -111.803396, 40.742973 ], [ -111.802369, 40.741886 ], [ -111.802739, 40.741223 ], [ -111.804301, 40.741212 ], [ -111.805524, 40.740226 ], [ -111.805515, 40.736727 ], [ -111.806498, 40.734411 ], [ -111.8055, 40.733948 ], [ -111.805512, 40.732188 ], [ -111.805085, 40.730433 ], [ -111.801701, 40.732962 ], [ -111.795938, 40.733049 ], [ -111.795889, 40.725814 ], [ -111.805026, 40.725789 ], [ -111.805381, 40.723437 ], [ -111.805363, 40.714952 ], [ -111.805474, 40.714952 ], [ -111.805513, 40.714373 ], [ -111.804449, 40.71342 ], [ -111.801862, 40.711104 ], [ -111.800284, 40.709748 ], [ -111.800042, 40.709866 ], [ -111.797955, 40.708351 ], [ -111.795567, 40.705362 ], [ -111.795113, 40.70376 ], [ -111.795013, 40.699846 ], [ -111.795364, 40.697711 ], [ -111.796264, 40.693813 ], [ -111.796334, 40.693504 ], [ -111.797264, 40.689251 ], [ -111.797421, 40.68704 ], [ -111.798144, 40.686999 ], [ -111.798534, 40.687003 ], [ -111.799606, 40.687013 ], [ -111.800095, 40.68702 ], [ -111.801873, 40.687015 ], [ -111.80494, 40.68703 ], [ -111.805449, 40.687028 ], [ -111.805934, 40.687014 ], [ -111.808211, 40.68699 ], [ -111.810183, 40.687008 ], [ -111.811104, 40.687021 ], [ -111.811327, 40.68702 ], [ -111.811583, 40.687027 ], [ -111.812055, 40.687045 ], [ -111.814669, 40.687079 ], [ -111.814946, 40.687084 ], [ -111.815438, 40.687082 ], [ -111.818199, 40.687077 ], [ -111.818562, 40.687077 ], [ -111.81958, 40.687087 ], [ -111.819847, 40.687089 ], [ -111.822302, 40.687094 ], [ -111.824492, 40.687078 ], [ -111.827148, 40.687092 ], [ -111.828505, 40.687083 ], [ -111.829527, 40.687082 ], [ -111.829665, 40.687087 ], [ -111.830874, 40.687082 ], [ -111.832407, 40.687074 ], [ -111.832943, 40.687073 ], [ -111.834032, 40.687088 ], [ -111.835602, 40.687098 ], [ -111.836633, 40.687084 ], [ -111.836839, 40.687085 ], [ -111.837457, 40.687089 ], [ -111.837664, 40.687091 ], [ -111.837839, 40.687091 ], [ -111.838365, 40.687091 ], [ -111.838541, 40.687092 ], [ -111.839818, 40.687099 ], [ -111.840352, 40.687097 ], [ -111.843143, 40.687095 ], [ -111.843672, 40.687095 ], [ -111.844803, 40.687096 ], [ -111.84508, 40.687096 ], [ -111.845809, 40.687099 ], [ -111.848266, 40.687087 ], [ -111.848413, 40.687086 ], [ -111.849571, 40.687089 ], [ -111.851607, 40.687077 ], [ -111.851744, 40.687092 ], [ -111.854093, 40.68707 ], [ -111.854074, 40.686374 ], [ -111.854076, 40.685015 ], [ -111.854065, 40.684689 ], [ -111.854088, 40.684217 ], [ -111.854089, 40.683618 ], [ -111.854092, 40.683301 ], [ -111.854103, 40.682796 ], [ -111.8541, 40.681778 ], [ -111.854095, 40.681495 ], [ -111.854094, 40.680995 ], [ -111.854096, 40.680806 ], [ -111.854097, 40.68007 ], [ -111.8541, 40.676461 ], [ -111.854123, 40.67429 ], [ -111.854152, 40.67337 ], [ -111.854159, 40.670331 ], [ -111.85428, 40.667588 ], [ -111.854295, 40.667288 ], [ -111.854303, 40.667068 ], [ -111.854383, 40.665725 ], [ -111.854461, 40.662664 ], [ -111.854463, 40.66045 ], [ -111.854426, 40.659224 ], [ -111.852932, 40.657646 ], [ -111.850864, 40.654516 ], [ -111.848419, 40.649375 ], [ -111.846441, 40.646589 ], [ -111.845314, 40.645726 ], [ -111.842098, 40.64396 ], [ -111.839544, 40.642638 ], [ -111.836259, 40.640743 ], [ -111.834901, 40.639276 ], [ -111.834463, 40.638508 ], [ -111.834266, 40.637529 ], [ -111.834254, 40.635625 ], [ -111.834259, 40.634677 ], [ -111.834114, 40.632937 ], [ -111.828133, 40.634316 ], [ -111.824715, 40.634358 ], [ -111.819658, 40.634333 ], [ -111.815742, 40.634121 ], [ -111.813126, 40.634312 ], [ -111.811203, 40.635036 ], [ -111.809918, 40.635849 ], [ -111.808615, 40.637497 ], [ -111.805548, 40.635904 ], [ -111.805978, 40.634465 ], [ -111.806331, 40.633284 ], [ -111.806803, 40.631892 ], [ -111.806865, 40.631696 ], [ -111.805772, 40.631186 ], [ -111.805083, 40.631187 ], [ -111.801223, 40.631181 ], [ -111.800795, 40.631181 ], [ -111.800122, 40.631173 ], [ -111.799125, 40.631166 ], [ -111.797439, 40.631154 ], [ -111.797263, 40.631155 ], [ -111.791206, 40.631115 ], [ -111.789343, 40.631107 ], [ -111.786662, 40.631085 ], [ -111.786526, 40.627703 ], [ -111.786595, 40.623455 ], [ -111.786601, 40.621954 ], [ -111.785473, 40.620878 ], [ -111.780545, 40.62024 ], [ -111.77823, 40.619396 ], [ -111.777079, 40.618972 ], [ -111.776897, 40.61889 ], [ -111.776873, 40.616142 ], [ -111.776752, 40.608951 ], [ -111.786565, 40.608957 ], [ -111.786504, 40.594448 ], [ -111.786463, 40.592031 ], [ -111.786496, 40.592027 ], [ -111.78589, 40.59071 ], [ -111.786564, 40.588201 ], [ -111.784331, 40.587746 ], [ -111.785267, 40.585861 ], [ -111.784952, 40.584393 ], [ -111.78648, 40.581352 ], [ -111.787606, 40.581533 ], [ -111.790181, 40.58195 ], [ -111.789273, 40.580572 ], [ -111.787543, 40.580564 ], [ -111.786642, 40.580331 ], [ -111.787529, 40.580335 ], [ -111.786769, 40.579803 ], [ -111.786661, 40.576474 ], [ -111.786624, 40.57532 ], [ -111.785723, 40.575633 ], [ -111.785916, 40.576289 ], [ -111.781295, 40.574541 ], [ -111.778721, 40.573852 ], [ -111.777077, 40.572967 ] ] ] ] } },
{ "type": "Feature", "properties": { "id": 12, "NAME": "12", "TotalPop": 45282, "PopDevPct": 0.03806498, "DemPct": 0.69687298, "RepPct": 0.27727052, "WhitePct": 0.82785651, "MinorityPct": 0.17214349, "BlackPct": 0.01908603, "HispanicPct": 0.07745179, "PacificPct": 0.00948621, "AsianPct": 0.04615297, "NativePct": 0.01695589, "TotalVAP": 35209, "Margin": 0.41960246, "color": "#00008b", "opacity": "0.5", "DemPct2": 0.6880779, "RepPct2": 0.28037136, "Margin2": 0.40770654, "Swing": 0.01189592, "R_Margin": 0.6183115104, "R_Margin2": 0.61225366586666663, "R_Swing": 0.0060578445333332853, "Majority": "White" }, "geometry": { "type": "MultiPolygon", "coordinates": [ [ [ [ -111.853635, 40.719775 ], [ -111.857401, 40.719759 ], [ -111.859817, 40.719685 ], [ -111.865358, 40.719512 ], [ -111.871214, 40.71884 ], [ -111.873941, 40.718459 ], [ -111.876826, 40.718365 ], [ -111.876836, 40.717867 ], [ -111.877796, 40.717854 ], [ -111.87779, 40.716987 ], [ -111.877616, 40.716987 ], [ -111.877461, 40.716271 ], [ -111.876856, 40.716268 ], [ -111.876859, 40.715105 ], [ -111.877571, 40.715103 ], [ -111.877582, 40.713268 ], [ -111.876867, 40.713275 ], [ -111.876864, 40.712651 ], [ -111.876872, 40.712087 ], [ -111.876877, 40.7094 ], [ -111.876044, 40.709421 ], [ -111.876043, 40.707843 ], [ -111.873998, 40.70785 ], [ -111.87487, 40.709324 ], [ -111.871265, 40.709334 ], [ -111.871261, 40.709034 ], [ -111.871261, 40.707847 ], [ -111.871273, 40.707126 ], [ -111.871287, 40.70587 ], [ -111.871293, 40.705503 ], [ -111.871304, 40.704363 ], [ -111.871294, 40.703942 ], [ -111.8713, 40.703483 ], [ -111.87129, 40.703103 ], [ -111.871299, 40.702265 ], [ -111.871305, 40.701476 ], [ -111.871306, 40.701316 ], [ -111.871303, 40.700704 ], [ -111.871326, 40.699875 ], [ -111.871326, 40.69777 ], [ -111.871336, 40.697454 ], [ -111.871338, 40.696372 ], [ -111.87136, 40.695359 ], [ -111.871341, 40.6923 ], [ -111.871369, 40.688439 ], [ -111.871369, 40.687906 ], [ -111.871369, 40.687072 ], [ -111.868998, 40.687062 ], [ -111.868351, 40.687054 ], [ -111.86662, 40.687073 ], [ -111.865518, 40.687057 ], [ -111.863519, 40.687072 ], [ -111.862698, 40.68707 ], [ -111.861914, 40.687068 ], [ -111.861625, 40.687066 ], [ -111.859808, 40.687054 ], [ -111.85645, 40.687054 ], [ -111.854093, 40.68707 ], [ -111.851744, 40.687092 ], [ -111.851607, 40.687077 ], [ -111.849571, 40.687089 ], [ -111.848413, 40.687086 ], [ -111.848266, 40.687087 ], [ -111.845809, 40.687099 ], [ -111.84508, 40.687096 ], [ -111.844803, 40.687096 ], [ -111.843672, 40.687095 ], [ -111.843143, 40.687095 ], [ -111.840352, 40.687097 ], [ -111.839818, 40.687099 ], [ -111.838541, 40.687092 ], [ -111.838365, 40.687091 ], [ -111.837839, 40.687091 ], [ -111.837664, 40.687091 ], [ -111.837457, 40.687089 ], [ -111.836839, 40.687085 ], [ -111.836633, 40.687084 ], [ -111.835602, 40.687098 ], [ -111.834032, 40.687088 ], [ -111.832943, 40.687073 ], [ -111.832407, 40.687074 ], [ -111.830874, 40.687082 ], [ -111.829665, 40.687087 ], [ -111.829527, 40.687082 ], [ -111.828505, 40.687083 ], [ -111.827148, 40.687092 ], [ -111.824492, 40.687078 ], [ -111.822302, 40.687094 ], [ -111.819847, 40.687089 ], [ -111.81958, 40.687087 ], [ -111.818562, 40.687077 ], [ -111.818199, 40.687077 ], [ -111.815438, 40.687082 ], [ -111.814946, 40.687084 ], [ -111.814669, 40.687079 ], [ -111.812055, 40.687045 ], [ -111.811583, 40.687027 ], [ -111.811327, 40.68702 ], [ -111.811104, 40.687021 ], [ -111.810183, 40.687008 ], [ -111.808211, 40.68699 ], [ -111.805934, 40.687014 ], [ -111.805449, 40.687028 ], [ -111.80494, 40.68703 ], [ -111.801873, 40.687015 ], [ -111.800095, 40.68702 ], [ -111.799606, 40.687013 ], [ -111.798534, 40.687003 ], [ -111.798144, 40.686999 ], [ -111.797421, 40.68704 ], [ -111.797264, 40.689251 ], [ -111.796334, 40.693504 ], [ -111.796264, 40.693813 ], [ -111.795364, 40.697711 ], [ -111.795013, 40.699846 ], [ -111.795113, 40.70376 ], [ -111.795567, 40.705362 ], [ -111.797955, 40.708351 ], [ -111.800042, 40.709866 ], [ -111.800284, 40.709748 ], [ -111.801862, 40.711104 ], [ -111.804449, 40.71342 ], [ -111.805513, 40.714373 ], [ -111.805474, 40.714952 ], [ -111.807475, 40.714924 ], [ -111.814839, 40.714901 ], [ -111.814965, 40.714545 ], [ -111.818379, 40.71333 ], [ -111.820599, 40.713016 ], [ -111.822358, 40.713162 ], [ -111.83165, 40.715657 ], [ -111.833859, 40.716662 ], [ -111.835747, 40.717423 ], [ -111.84211, 40.718865 ], [ -111.846707, 40.719667 ], [ -111.853635, 40.719775 ] ] ] ] } },
{ "type": "Feature", "properties": { "id": 13, "NAME": "13", "TotalPop": 45006, "PopDevPct": 0.03173783, "DemPct": 0.69303293, "RepPct": 0.27500867, "WhitePct": 0.60775732, "MinorityPct": 0.39224268, "BlackPct": 0.06301098, "HispanicPct": 0.19363008, "PacificPct": 0.01684697, "AsianPct": 0.08921739, "NativePct": 0.03462989, "TotalVAP": 36327, "Margin": 0.41802426, "color": "#00008b", "opacity": "0.5", "DemPct2": 0.69066013, "RepPct2": 0.27121412, "Margin2": 0.41944601, "Swing": -0.0014217500000000549, "R_Margin": 0.6167333104, "R_Margin2": 0.62399313586666671, "R_Swing": -0.0072598254666667184, "Majority": "White" }, "geometry": { "type": "MultiPolygon", "coordinates": [ [ [ [ -111.924572, 40.699434 ], [ -111.92267, 40.698292 ], [ -111.922096, 40.696062 ], [ -111.922819, 40.695177 ], [ -111.922652, 40.694036 ], [ -111.92181, 40.691747 ], [ -111.923222, 40.691596 ], [ -111.923778, 40.690967 ], [ -111.922692, 40.689862 ], [ -111.92458, 40.688821 ], [ -111.923909, 40.688024 ], [ -111.922043, 40.687371 ], [ -111.921104, 40.686329 ], [ -111.920205, 40.685736 ], [ -111.917039, 40.685443 ], [ -111.917292, 40.683804 ], [ -111.915149, 40.683045 ], [ -111.91332, 40.683244 ], [ -111.912348, 40.682223 ], [ -111.911377, 40.682224 ], [ -111.910426, 40.682686 ], [ -111.907972, 40.682699 ], [ -111.907976, 40.683785 ], [ -111.905481, 40.683795 ], [ -111.905482, 40.683863 ], [ -111.903024, 40.683926 ], [ -111.902238, 40.683176 ], [ -111.899753, 40.683823 ], [ -111.899751, 40.682851 ], [ -111.90063, 40.682833 ], [ -111.900624, 40.682361 ], [ -111.899739, 40.682395 ], [ -111.899741, 40.681659 ], [ -111.899741, 40.68113 ], [ -111.898144, 40.681335 ], [ -111.897337, 40.679733 ], [ -111.896093, 40.679743 ], [ -111.894736, 40.679551 ], [ -111.894491, 40.680543 ], [ -111.892792, 40.680421 ], [ -111.891214, 40.679753 ], [ -111.889357, 40.679621 ], [ -111.889318, 40.678668 ], [ -111.888265, 40.678641 ], [ -111.886692, 40.678639 ], [ -111.884364, 40.678482 ], [ -111.883973, 40.678669 ], [ -111.88351, 40.678236 ], [ -111.882938, 40.677777 ], [ -111.882799, 40.677688 ], [ -111.881877, 40.677098 ], [ -111.882899, 40.675448 ], [ -111.880756, 40.674332 ], [ -111.880183, 40.674337 ], [ -111.879237, 40.674339 ], [ -111.877332, 40.674342 ], [ -111.876967, 40.67434 ], [ -111.874652, 40.674332 ], [ -111.873836, 40.674349 ], [ -111.873653, 40.674348 ], [ -111.871519, 40.67435 ], [ -111.871414, 40.674351 ], [ -111.871332, 40.674349 ], [ -111.87033, 40.674325 ], [ -111.870535, 40.673283 ], [ -111.871376, 40.673266 ], [ -111.871377, 40.671411 ], [ -111.871364, 40.670205 ], [ -111.87126, 40.668965 ], [ -111.869741, 40.667053 ], [ -111.867997, 40.666399 ], [ -111.868006, 40.666934 ], [ -111.867992, 40.668292 ], [ -111.867857, 40.670567 ], [ -111.865424, 40.670629 ], [ -111.86537, 40.670233 ], [ -111.865139, 40.668307 ], [ -111.865003, 40.667164 ], [ -111.864859, 40.665782 ], [ -111.864533, 40.665714 ], [ -111.862768, 40.66522 ], [ -111.862321, 40.665711 ], [ -111.860841, 40.665719 ], [ -111.860767, 40.665719 ], [ -111.860546, 40.66572 ], [ -111.860473, 40.665721 ], [ -111.860447, 40.66572 ], [ -111.860371, 40.665719 ], [ -111.860346, 40.665719 ], [ -111.860257, 40.665718 ], [ -111.860041, 40.665716 ], [ -111.859993, 40.665715 ], [ -111.859905, 40.665714 ], [ -111.859753, 40.665714 ], [ -111.859298, 40.665714 ], [ -111.859147, 40.665714 ], [ -111.858964, 40.665715 ], [ -111.85874, 40.665717 ], [ -111.858234, 40.665725 ], [ -111.854383, 40.665725 ], [ -111.854303, 40.667068 ], [ -111.854295, 40.667288 ], [ -111.85428, 40.667588 ], [ -111.854159, 40.670331 ], [ -111.854152, 40.67337 ], [ -111.854123, 40.67429 ], [ -111.8541, 40.676461 ], [ -111.854097, 40.68007 ], [ -111.854096, 40.680806 ], [ -111.854094, 40.680995 ], [ -111.854095, 40.681495 ], [ -111.8541, 40.681778 ], [ -111.854103, 40.682796 ], [ -111.854092, 40.683301 ], [ -111.854089, 40.683618 ], [ -111.854088, 40.684217 ], [ -111.854065, 40.684689 ], [ -111.854076, 40.685015 ], [ -111.854074, 40.686374 ], [ -111.854093, 40.68707 ], [ -111.85645, 40.687054 ], [ -111.859808, 40.687054 ], [ -111.861625, 40.687066 ], [ -111.861914, 40.687068 ], [ -111.862698, 40.68707 ], [ -111.863519, 40.687072 ], [ -111.865518, 40.687057 ], [ -111.86662, 40.687073 ], [ -111.868351, 40.687054 ], [ -111.868998, 40.687062 ], [ -111.871369, 40.687072 ], [ -111.871369, 40.687906 ], [ -111.871369, 40.688439 ], [ -111.871341, 40.6923 ], [ -111.87136, 40.695359 ], [ -111.871338, 40.696372 ], [ -111.871336, 40.697454 ], [ -111.871326, 40.69777 ], [ -111.871326, 40.699875 ], [ -111.871303, 40.700704 ], [ -111.871306, 40.701316 ], [ -111.871305, 40.701476 ], [ -111.871299, 40.702265 ], [ -111.87129, 40.703103 ], [ -111.8713, 40.703483 ], [ -111.871294, 40.703942 ], [ -111.871304, 40.704363 ], [ -111.871293, 40.705503 ], [ -111.871287, 40.70587 ], [ -111.871273, 40.707126 ], [ -111.871261, 40.707847 ], [ -111.871261, 40.709034 ], [ -111.871265, 40.709334 ], [ -111.87487, 40.709324 ], [ -111.873998, 40.70785 ], [ -111.876043, 40.707843 ], [ -111.876044, 40.709421 ], [ -111.876877, 40.7094 ], [ -111.876872, 40.712087 ], [ -111.876864, 40.712651 ], [ -111.876867, 40.713275 ], [ -111.877582, 40.713268 ], [ -111.877571, 40.715103 ], [ -111.876859, 40.715105 ], [ -111.876856, 40.716268 ], [ -111.877461, 40.716271 ], [ -111.877616, 40.716987 ], [ -111.87779, 40.716987 ], [ -111.877796, 40.717854 ], [ -111.876836, 40.717867 ], [ -111.876826, 40.718365 ], [ -111.876827, 40.718673 ], [ -111.876829, 40.719156 ], [ -111.876829, 40.719449 ], [ -111.876832, 40.720237 ], [ -111.876829, 40.72103 ], [ -111.87682, 40.72164 ], [ -111.876818, 40.722323 ], [ -111.876816, 40.72298 ], [ -111.876816, 40.723 ], [ -111.876811, 40.723791 ], [ -111.876807, 40.724593 ], [ -111.876796, 40.725434 ], [ -111.879682, 40.725443 ], [ -111.88255, 40.725433 ], [ -111.883497, 40.725432 ], [ -111.884125, 40.725427 ], [ -111.884424, 40.725427 ], [ -111.885393, 40.725438 ], [ -111.888215, 40.725455 ], [ -111.889525, 40.725444 ], [ -111.890663, 40.725448 ], [ -111.89109, 40.725433 ], [ -111.892795, 40.725428 ], [ -111.893985, 40.725434 ], [ -111.896849, 40.725437 ], [ -111.899712, 40.7254 ], [ -111.901938, 40.725415 ], [ -111.904175, 40.725418 ], [ -111.904661, 40.72546 ], [ -111.904775, 40.725463 ], [ -111.908454, 40.725551 ], [ -111.911234, 40.725534 ], [ -111.916802, 40.72568 ], [ -111.921061, 40.725976 ], [ -111.926117, 40.72597 ], [ -111.924196, 40.724457 ], [ -111.920344, 40.721029 ], [ -111.921305, 40.716991 ], [ -111.923573, 40.715807 ], [ -111.924088, 40.714269 ], [ -111.923921, 40.709781 ], [ -111.923827, 40.708458 ], [ -111.922719, 40.706353 ], [ -111.923349, 40.705634 ], [ -111.92679, 40.705811 ], [ -111.92677, 40.704079 ], [ -111.92817, 40.7031 ], [ -111.928311, 40.702347 ], [ -111.926157, 40.702084 ], [ -111.924679, 40.701129 ], [ -111.924572, 40.699434 ] ] ] ] } },
{ "type": "Feature", "properties": { "id": 14, "NAME": "14", "TotalPop": 43965, "PopDevPct": 0.00787348, "DemPct": 0.5967529, "RepPct": 0.37693775, "WhitePct": 0.76591411, "MinorityPct": 0.23408589, "BlackPct": 0.02834275, "HispanicPct": 0.12625147, "PacificPct": 0.01078631, "AsianPct": 0.04805072, "NativePct": 0.02231848, "TotalVAP": 34859, "Margin": 0.21981515, "color": "#00008b", "opacity": "0.5", "DemPct2": 0.58033303, "RepPct2": 0.38141314, "Margin2": 0.19891989, "Swing": 0.02089526, "R_Margin": 0.4185242004, "R_Margin2": 0.40346701586666667, "R_Swing": 0.015057184533333308, "Majority": "White" }, "geometry": { "type": "MultiPolygon", "coordinates": [ [ [ [ -111.908491, 40.666893 ], [ -111.908407, 40.666232 ], [ -111.908198, 40.666028 ], [ -111.908125, 40.665541 ], [ -111.90868, 40.665076 ], [ -111.909533, 40.664027 ], [ -111.909884, 40.663801 ], [ -111.911007, 40.663947 ], [ -111.911975, 40.663943 ], [ -111.912429, 40.663651 ], [ -111.913131, 40.662776 ], [ -111.914454, 40.662142 ], [ -111.915017, 40.662022 ], [ -111.916062, 40.662055 ], [ -111.916828, 40.661835 ], [ -111.918025, 40.660896 ], [ -111.918995, 40.660039 ], [ -111.919304, 40.659746 ], [ -111.920577, 40.659103 ], [ -111.921116, 40.658746 ], [ -111.921569, 40.65797 ], [ -111.922219, 40.656453 ], [ -111.923454, 40.653058 ], [ -111.922092, 40.653032 ], [ -111.917804, 40.65304 ], [ -111.918197, 40.651698 ], [ -111.918459, 40.650767 ], [ -111.918918, 40.649174 ], [ -111.918427, 40.649135 ], [ -111.914018, 40.648779 ], [ -111.910256, 40.648471 ], [ -111.910261, 40.648643 ], [ -111.908739, 40.648156 ], [ -111.908969, 40.647432 ], [ -111.909125, 40.647429 ], [ -111.910241, 40.647446 ], [ -111.910233, 40.645983 ], [ -111.910236, 40.64589 ], [ -111.910211, 40.644695 ], [ -111.910217, 40.642932 ], [ -111.908956, 40.642936 ], [ -111.907747, 40.642935 ], [ -111.906076, 40.642933 ], [ -111.905123, 40.64293 ], [ -111.904981, 40.642929 ], [ -111.902731, 40.642915 ], [ -111.903008, 40.640618 ], [ -111.904633, 40.6362 ], [ -111.901685, 40.635709 ], [ -111.90191, 40.6348 ], [ -111.898474, 40.634835 ], [ -111.895812, 40.634502 ], [ -111.893014, 40.633185 ], [ -111.889555, 40.631704 ], [ -111.889862, 40.628029 ], [ -111.889228, 40.628025 ], [ -111.888019, 40.629841 ], [ -111.884814, 40.629869 ], [ -111.883756, 40.630051 ], [ -111.881753, 40.630343 ], [ -111.881776, 40.63081 ], [ -111.874255, 40.630058 ], [ -111.872065, 40.630025 ], [ -111.8659, 40.630055 ], [ -111.86248, 40.630054 ], [ -111.861732, 40.630053 ], [ -111.85472, 40.630385 ], [ -111.849324, 40.630736 ], [ -111.84293, 40.630846 ], [ -111.837976, 40.631982 ], [ -111.834114, 40.632937 ], [ -111.834259, 40.634677 ], [ -111.834254, 40.635625 ], [ -111.834266, 40.637529 ], [ -111.834463, 40.638508 ], [ -111.834901, 40.639276 ], [ -111.836259, 40.640743 ], [ -111.839544, 40.642638 ], [ -111.842098, 40.64396 ], [ -111.845314, 40.645726 ], [ -111.846441, 40.646589 ], [ -111.848419, 40.649375 ], [ -111.850864, 40.654516 ], [ -111.852932, 40.657646 ], [ -111.854426, 40.659224 ], [ -111.854463, 40.66045 ], [ -111.854461, 40.662664 ], [ -111.854383, 40.665725 ], [ -111.858234, 40.665725 ], [ -111.85874, 40.665717 ], [ -111.858964, 40.665715 ], [ -111.859147, 40.665714 ], [ -111.859298, 40.665714 ], [ -111.859753, 40.665714 ], [ -111.859905, 40.665714 ], [ -111.859993, 40.665715 ], [ -111.860041, 40.665716 ], [ -111.860257, 40.665718 ], [ -111.860346, 40.665719 ], [ -111.860371, 40.665719 ], [ -111.860447, 40.66572 ], [ -111.860473, 40.665721 ], [ -111.860546, 40.66572 ], [ -111.860767, 40.665719 ], [ -111.860841, 40.665719 ], [ -111.862321, 40.665711 ], [ -111.862768, 40.66522 ], [ -111.864533, 40.665714 ], [ -111.864859, 40.665782 ], [ -111.865003, 40.667164 ], [ -111.865139, 40.668307 ], [ -111.86537, 40.670233 ], [ -111.865424, 40.670629 ], [ -111.867857, 40.670567 ], [ -111.867992, 40.668292 ], [ -111.868006, 40.666934 ], [ -111.867997, 40.666399 ], [ -111.869741, 40.667053 ], [ -111.87126, 40.668965 ], [ -111.871364, 40.670205 ], [ -111.871377, 40.671411 ], [ -111.871376, 40.673266 ], [ -111.870535, 40.673283 ], [ -111.87033, 40.674325 ], [ -111.871332, 40.674349 ], [ -111.871414, 40.674351 ], [ -111.871519, 40.67435 ], [ -111.873653, 40.674348 ], [ -111.873836, 40.674349 ], [ -111.874652, 40.674332 ], [ -111.876967, 40.67434 ], [ -111.877332, 40.674342 ], [ -111.879237, 40.674339 ], [ -111.880183, 40.674337 ], [ -111.880756, 40.674332 ], [ -111.882899, 40.675448 ], [ -111.881877, 40.677098 ], [ -111.882799, 40.677688 ], [ -111.882938, 40.677777 ], [ -111.88351, 40.678236 ], [ -111.883973, 40.678669 ], [ -111.884364, 40.678482 ], [ -111.886692, 40.678639 ], [ -111.888265, 40.678641 ], [ -111.889318, 40.678668 ], [ -111.889357, 40.679621 ], [ -111.891214, 40.679753 ], [ -111.892792, 40.680421 ], [ -111.894491, 40.680543 ], [ -111.894736, 40.679551 ], [ -111.896093, 40.679743 ], [ -111.897337, 40.679733 ], [ -111.898144, 40.681335 ], [ -111.899741, 40.68113 ], [ -111.899741, 40.681659 ], [ -111.899739, 40.682395 ], [ -111.900624, 40.682361 ], [ -111.90063, 40.682833 ], [ -111.899751, 40.682851 ], [ -111.899753, 40.683823 ], [ -111.902238, 40.683176 ], [ -111.903024, 40.683926 ], [ -111.905482, 40.683863 ], [ -111.905481, 40.683795 ], [ -111.907976, 40.683785 ], [ -111.907972, 40.682699 ], [ -111.910426, 40.682686 ], [ -111.911377, 40.682224 ], [ -111.912348, 40.682223 ], [ -111.912478, 40.680965 ], [ -111.911731, 40.679912 ], [ -111.911798, 40.678787 ], [ -111.911865, 40.677502 ], [ -111.910499, 40.676857 ], [ -111.907947, 40.674815 ], [ -111.908376, 40.673625 ], [ -111.908299, 40.671421 ], [ -111.907828, 40.670536 ], [ -111.908491, 40.666893 ] ] ] ] } },
{ "type": "Feature", "properties": { "id": 15, "NAME": "15", "TotalPop": 44278, "PopDevPct": 0.01504883, "DemPct": 0.57690536, "RepPct": 0.39402487, "WhitePct": 0.69578269, "MinorityPct": 0.30421731, "BlackPct": 0.03163719, "HispanicPct": 0.18326025, "PacificPct": 0.0173931, "AsianPct": 0.05382736, "NativePct": 0.02660467, "TotalVAP": 33979, "Margin": 0.18288049, "color": "#2020ff", "opacity": "0.5", "DemPct2": 0.56936202, "RepPct2": 0.38512081, "Margin2": 0.18424121, "Swing": -0.00136072, "R_Margin": 0.3815895404, "R_Margin2": 0.38878833586666672, "R_Swing": -0.007198795466666701, "Majority": "White" }, "geometry": { "type": "MultiPolygon", "coordinates": [ [ [ [ -111.903483, 40.598552 ], [ -111.902998, 40.596325 ], [ -111.900615, 40.596317 ], [ -111.900644, 40.595755 ], [ -111.900661, 40.59547 ], [ -111.900693, 40.595017 ], [ -111.90069, 40.593742 ], [ -111.899845, 40.593742 ], [ -111.898833, 40.594563 ], [ -111.896, 40.594424 ], [ -111.896004, 40.594161 ], [ -111.892325, 40.594096 ], [ -111.890833, 40.594474 ], [ -111.890832, 40.594564 ], [ -111.890821, 40.595043 ], [ -111.890828, 40.596307 ], [ -111.89081, 40.597877 ], [ -111.890795, 40.599008 ], [ -111.890792, 40.599523 ], [ -111.891537, 40.599529 ], [ -111.891226, 40.600963 ], [ -111.890786, 40.600954 ], [ -111.890174, 40.600605 ], [ -111.889838, 40.600606 ], [ -111.889503, 40.600607 ], [ -111.889321, 40.600607 ], [ -111.888682, 40.600608 ], [ -111.88758, 40.600611 ], [ -111.887413, 40.600611 ], [ -111.886966, 40.600596 ], [ -111.886065, 40.600617 ], [ -111.886166, 40.601417 ], [ -111.886363, 40.602214 ], [ -111.882615, 40.602246 ], [ -111.881713, 40.602301 ], [ -111.881708, 40.602614 ], [ -111.883356, 40.602873 ], [ -111.883362, 40.603823 ], [ -111.88167, 40.603855 ], [ -111.881666, 40.60412 ], [ -111.880701, 40.604122 ], [ -111.880665, 40.605842 ], [ -111.879963, 40.605843 ], [ -111.8797, 40.605844 ], [ -111.879285, 40.605846 ], [ -111.878776, 40.605852 ], [ -111.878769, 40.609544 ], [ -111.8786, 40.609545 ], [ -111.878604, 40.611326 ], [ -111.87708, 40.611323 ], [ -111.877031, 40.611939 ], [ -111.877025, 40.612282 ], [ -111.881679, 40.612285 ], [ -111.881601, 40.615059 ], [ -111.880767, 40.615003 ], [ -111.879559, 40.61497 ], [ -111.878454, 40.614972 ], [ -111.877583, 40.614951 ], [ -111.877062, 40.614951 ], [ -111.877113, 40.613173 ], [ -111.876524, 40.613174 ], [ -111.872181, 40.612856 ], [ -111.872239, 40.61222 ], [ -111.87214, 40.612094 ], [ -111.871984, 40.611921 ], [ -111.872054, 40.611801 ], [ -111.870292, 40.611346 ], [ -111.869723, 40.611255 ], [ -111.869712, 40.612284 ], [ -111.868406, 40.611916 ], [ -111.867486, 40.610992 ], [ -111.867477, 40.60955 ], [ -111.864919, 40.609571 ], [ -111.862605, 40.609587 ], [ -111.860707, 40.609587 ], [ -111.858481, 40.609583 ], [ -111.857342, 40.60958 ], [ -111.856652, 40.60959 ], [ -111.856645, 40.613091 ], [ -111.856663, 40.613212 ], [ -111.856887, 40.613214 ], [ -111.857207, 40.613214 ], [ -111.857363, 40.613206 ], [ -111.857869, 40.61321 ], [ -111.857868, 40.613624 ], [ -111.857875, 40.613704 ], [ -111.857867, 40.613765 ], [ -111.857867, 40.613873 ], [ -111.857852, 40.614074 ], [ -111.858891, 40.616221 ], [ -111.858042, 40.618005 ], [ -111.857495, 40.618603 ], [ -111.856718, 40.619587 ], [ -111.856356, 40.620031 ], [ -111.856001, 40.620463 ], [ -111.856045, 40.622029 ], [ -111.856312, 40.622184 ], [ -111.858467, 40.623438 ], [ -111.860108, 40.624627 ], [ -111.861669, 40.626504 ], [ -111.86248, 40.630054 ], [ -111.8659, 40.630055 ], [ -111.872065, 40.630025 ], [ -111.874255, 40.630058 ], [ -111.881776, 40.63081 ], [ -111.881753, 40.630343 ], [ -111.883756, 40.630051 ], [ -111.884814, 40.629869 ], [ -111.888019, 40.629841 ], [ -111.889228, 40.628025 ], [ -111.889862, 40.628029 ], [ -111.889555, 40.631704 ], [ -111.893014, 40.633185 ], [ -111.895812, 40.634502 ], [ -111.898474, 40.634835 ], [ -111.90191, 40.6348 ], [ -111.901685, 40.635709 ], [ -111.904633, 40.6362 ], [ -111.903008, 40.640618 ], [ -111.902731, 40.642915 ], [ -111.904981, 40.642929 ], [ -111.905123, 40.64293 ], [ -111.906076, 40.642933 ], [ -111.907747, 40.642935 ], [ -111.908956, 40.642936 ], [ -111.910217, 40.642932 ], [ -111.910211, 40.644695 ], [ -111.910236, 40.64589 ], [ -111.910233, 40.645983 ], [ -111.910241, 40.647446 ], [ -111.909125, 40.647429 ], [ -111.908969, 40.647432 ], [ -111.908739, 40.648156 ], [ -111.910261, 40.648643 ], [ -111.910256, 40.648471 ], [ -111.914018, 40.648779 ], [ -111.918427, 40.649135 ], [ -111.918918, 40.649174 ], [ -111.918459, 40.650767 ], [ -111.918197, 40.651698 ], [ -111.917804, 40.65304 ], [ -111.922092, 40.653032 ], [ -111.923454, 40.653058 ], [ -111.925937, 40.653037 ], [ -111.928169, 40.653021 ], [ -111.929551, 40.65301 ], [ -111.929294, 40.652598 ], [ -111.9291, 40.652219 ], [ -111.929078, 40.652087 ], [ -111.929143, 40.651906 ], [ -111.929237, 40.651774 ], [ -111.929518, 40.651565 ], [ -111.929611, 40.651445 ], [ -111.929616, 40.651419 ], [ -111.929817, 40.651427 ], [ -111.929544, 40.650393 ], [ -111.929485, 40.647409 ], [ -111.929381, 40.647289 ], [ -111.930405, 40.646942 ], [ -111.931099, 40.646542 ], [ -111.931686, 40.645859 ], [ -111.932071, 40.644783 ], [ -111.932045, 40.64452 ], [ -111.931304, 40.643214 ], [ -111.92944, 40.642691 ], [ -111.930009, 40.641291 ], [ -111.929533, 40.640154 ], [ -111.929743, 40.63987 ], [ -111.929254, 40.63795 ], [ -111.926958, 40.637943 ], [ -111.927573, 40.636678 ], [ -111.926478, 40.63474 ], [ -111.927134, 40.633548 ], [ -111.927025, 40.631563 ], [ -111.92875, 40.631342 ], [ -111.929256, 40.631342 ], [ -111.929256, 40.630842 ], [ -111.929225, 40.629975 ], [ -111.92922, 40.62987 ], [ -111.929221, 40.629139 ], [ -111.929215, 40.628315 ], [ -111.926089, 40.628602 ], [ -111.924014, 40.627299 ], [ -111.923288, 40.626269 ], [ -111.923348, 40.627548 ], [ -111.923561, 40.628583 ], [ -111.923, 40.630024 ], [ -111.921562, 40.628773 ], [ -111.921408, 40.627719 ], [ -111.92082, 40.623719 ], [ -111.920147, 40.617625 ], [ -111.920693, 40.615247 ], [ -111.920366, 40.613135 ], [ -111.921259, 40.612013 ], [ -111.921292, 40.609525 ], [ -111.92059, 40.607817 ], [ -111.920641, 40.604802 ], [ -111.92017, 40.601039 ], [ -111.91887, 40.598591 ], [ -111.918394, 40.596981 ], [ -111.915747, 40.596498 ], [ -111.913646, 40.597101 ], [ -111.912399, 40.595887 ], [ -111.910239, 40.595939 ], [ -111.910242, 40.598494 ], [ -111.910252, 40.599254 ], [ -111.907609, 40.599248 ], [ -111.907608, 40.599283 ], [ -111.905185, 40.599481 ], [ -111.905208, 40.598638 ], [ -111.904071, 40.598028 ], [ -111.904164, 40.598527 ], [ -111.903483, 40.598552 ] ] ] ] } },
{ "type": "Feature", "properties": { "id": 16, "NAME": "16", "TotalPop": 45441, "PopDevPct": 0.04170997, "DemPct": 0.51957524, "RepPct": 0.45224342, "WhitePct": 0.65429727, "MinorityPct": 0.34570273, "BlackPct": 0.03055968, "HispanicPct": 0.20486627, "PacificPct": 0.02907535, "AsianPct": 0.05785966, "NativePct": 0.0294246, "TotalVAP": 34359, "Margin": 0.06733182, "color": "#8686ff", "opacity": "0.5", "DemPct2": 0.51103609, "RepPct2": 0.44440405, "Margin2": 0.06663204, "Swing": 0.00069977999999992768, "R_Margin": 0.2660408704, "R_Margin2": 0.27117916586666668, "R_Swing": -0.0051382954666667358, "Majority": "White" }, "geometry": { "type": "MultiPolygon", "coordinates": [ [ [ [ -111.946322, 40.682127 ], [ -111.946828, 40.682129 ], [ -111.948444, 40.682129 ], [ -111.951651, 40.682135 ], [ -111.958022, 40.682146 ], [ -111.958023, 40.68203 ], [ -111.958031, 40.680361 ], [ -111.958036, 40.679638 ], [ -111.958042, 40.678008 ], [ -111.958041, 40.675248 ], [ -111.958036, 40.674868 ], [ -111.957976, 40.669038 ], [ -111.957963, 40.667631 ], [ -111.960154, 40.66762 ], [ -111.962282, 40.667616 ], [ -111.963482, 40.667611 ], [ -111.96443, 40.66761 ], [ -111.967453, 40.667599 ], [ -111.970882, 40.667584 ], [ -111.972323, 40.667574 ], [ -111.977011, 40.667549 ], [ -111.979013, 40.667567 ], [ -111.981407, 40.667554 ], [ -111.981448, 40.664032 ], [ -111.981448, 40.662859 ], [ -111.981459, 40.66122 ], [ -111.981493, 40.660312 ], [ -111.98193, 40.656686 ], [ -111.981954, 40.655088 ], [ -111.9813, 40.653097 ], [ -111.97694, 40.653071 ], [ -111.972244, 40.653083 ], [ -111.967378, 40.653092 ], [ -111.966251, 40.653094 ], [ -111.96391, 40.653099 ], [ -111.960848, 40.653077 ], [ -111.959142, 40.653096 ], [ -111.957869, 40.653099 ], [ -111.957869, 40.651953 ], [ -111.95787, 40.651606 ], [ -111.957871, 40.651167 ], [ -111.957832, 40.647023 ], [ -111.957844, 40.645832 ], [ -111.957849, 40.645474 ], [ -111.957855, 40.645118 ], [ -111.957872, 40.644026 ], [ -111.957867, 40.643468 ], [ -111.957831, 40.640334 ], [ -111.957816, 40.638563 ], [ -111.957807, 40.637126 ], [ -111.957816, 40.635254 ], [ -111.957842, 40.633322 ], [ -111.957823, 40.632326 ], [ -111.957824, 40.631888 ], [ -111.957824, 40.631651 ], [ -111.95782, 40.631299 ], [ -111.948298, 40.631305 ], [ -111.943534, 40.631314 ], [ -111.943507, 40.634376 ], [ -111.943544, 40.634935 ], [ -111.939298, 40.634955 ], [ -111.938748, 40.634958 ], [ -111.938751, 40.634606 ], [ -111.938768, 40.631313 ], [ -111.938757, 40.630614 ], [ -111.938754, 40.630478 ], [ -111.936866, 40.630834 ], [ -111.935388, 40.630924 ], [ -111.935347, 40.630162 ], [ -111.935091, 40.630161 ], [ -111.933246, 40.63017 ], [ -111.932678, 40.630167 ], [ -111.931848, 40.629881 ], [ -111.93055, 40.629924 ], [ -111.929225, 40.629975 ], [ -111.929256, 40.630842 ], [ -111.929256, 40.631342 ], [ -111.92875, 40.631342 ], [ -111.927025, 40.631563 ], [ -111.927134, 40.633548 ], [ -111.926478, 40.63474 ], [ -111.927573, 40.636678 ], [ -111.926958, 40.637943 ], [ -111.929254, 40.63795 ], [ -111.929743, 40.63987 ], [ -111.929533, 40.640154 ], [ -111.930009, 40.641291 ], [ -111.92944, 40.642691 ], [ -111.931304, 40.643214 ], [ -111.932045, 40.64452 ], [ -111.932071, 40.644783 ], [ -111.931686, 40.645859 ], [ -111.931099, 40.646542 ], [ -111.930405, 40.646942 ], [ -111.929381, 40.647289 ], [ -111.929485, 40.647409 ], [ -111.929544, 40.650393 ], [ -111.929817, 40.651427 ], [ -111.929616, 40.651419 ], [ -111.929611, 40.651445 ], [ -111.929518, 40.651565 ], [ -111.929237, 40.651774 ], [ -111.929143, 40.651906 ], [ -111.929078, 40.652087 ], [ -111.9291, 40.652219 ], [ -111.929294, 40.652598 ], [ -111.929551, 40.65301 ], [ -111.928169, 40.653021 ], [ -111.925937, 40.653037 ], [ -111.923454, 40.653058 ], [ -111.922219, 40.656453 ], [ -111.921569, 40.65797 ], [ -111.921116, 40.658746 ], [ -111.920577, 40.659103 ], [ -111.919304, 40.659746 ], [ -111.918995, 40.660039 ], [ -111.918025, 40.660896 ], [ -111.916828, 40.661835 ], [ -111.916062, 40.662055 ], [ -111.915017, 40.662022 ], [ -111.914454, 40.662142 ], [ -111.913131, 40.662776 ], [ -111.912429, 40.663651 ], [ -111.911975, 40.663943 ], [ -111.911007, 40.663947 ], [ -111.909884, 40.663801 ], [ -111.909533, 40.664027 ], [ -111.90868, 40.665076 ], [ -111.908125, 40.665541 ], [ -111.908198, 40.666028 ], [ -111.908407, 40.666232 ], [ -111.908491, 40.666893 ], [ -111.907828, 40.670536 ], [ -111.908299, 40.671421 ], [ -111.908376, 40.673625 ], [ -111.907947, 40.674815 ], [ -111.910499, 40.676857 ], [ -111.911865, 40.677502 ], [ -111.911798, 40.678787 ], [ -111.911731, 40.679912 ], [ -111.912478, 40.680965 ], [ -111.912348, 40.682223 ], [ -111.91332, 40.683244 ], [ -111.915149, 40.683045 ], [ -111.917292, 40.683804 ], [ -111.917039, 40.685443 ], [ -111.920205, 40.685736 ], [ -111.921104, 40.686329 ], [ -111.92475, 40.685564 ], [ -111.925126, 40.685485 ], [ -111.925603, 40.685385 ], [ -111.92935, 40.68456 ], [ -111.93423, 40.683299 ], [ -111.936372, 40.682438 ], [ -111.93888, 40.682122 ], [ -111.940219, 40.682122 ], [ -111.942808, 40.682124 ], [ -111.945189, 40.682126 ], [ -111.945989, 40.682126 ], [ -111.946322, 40.682127 ] ] ] ] } },
{ "type": "Feature", "properties": { "id": 17, "NAME": "17", "TotalPop": 44494, "PopDevPct": 0.02000051, "DemPct": 0.47383342, "RepPct": 0.4969666, "WhitePct": 0.66852436, "MinorityPct": 0.33147564, "BlackPct": 0.01751539, "HispanicPct": 0.22087148, "PacificPct": 0.0271611, "AsianPct": 0.04847353, "NativePct": 0.02749793, "TotalVAP": 32657, "Margin": -0.02313318, "color": "#ffbfbf", "opacity": "0.5", "DemPct2": 0.46454489, "RepPct2": 0.49004769, "Margin2": -0.0255028, "Swing": 0.00236962, "R_Margin": 0.1755758704, "R_Margin2": 0.17904432586666666, "R_Swing": -0.0034684554666666468, "Majority": "White" }, "geometry": { "type": "MultiPolygon", "coordinates": [ [ [ [ -111.943534, 40.631314 ], [ -111.948298, 40.631305 ], [ -111.95782, 40.631299 ], [ -111.957824, 40.631651 ], [ -111.957824, 40.631888 ], [ -111.957823, 40.632326 ], [ -111.957842, 40.633322 ], [ -111.957816, 40.635254 ], [ -111.957807, 40.637126 ], [ -111.957816, 40.638563 ], [ -111.957831, 40.640334 ], [ -111.957867, 40.643468 ], [ -111.957872, 40.644026 ], [ -111.957855, 40.645118 ], [ -111.957849, 40.645474 ], [ -111.957844, 40.645832 ], [ -111.957832, 40.647023 ], [ -111.957871, 40.651167 ], [ -111.95787, 40.651606 ], [ -111.957869, 40.651953 ], [ -111.957869, 40.653099 ], [ -111.959142, 40.653096 ], [ -111.960848, 40.653077 ], [ -111.96391, 40.653099 ], [ -111.966251, 40.653094 ], [ -111.967378, 40.653092 ], [ -111.972244, 40.653083 ], [ -111.97694, 40.653071 ], [ -111.9813, 40.653097 ], [ -111.981954, 40.655088 ], [ -111.98193, 40.656686 ], [ -111.981493, 40.660312 ], [ -111.981459, 40.66122 ], [ -111.981448, 40.662859 ], [ -111.981448, 40.664032 ], [ -111.981407, 40.667554 ], [ -111.98658, 40.667564 ], [ -111.986708, 40.666682 ], [ -111.986818, 40.666226 ], [ -111.986914, 40.663611 ], [ -111.9869, 40.660654 ], [ -111.98691, 40.660317 ], [ -111.986922, 40.659966 ], [ -111.98691, 40.659267 ], [ -111.986912, 40.658643 ], [ -111.986891, 40.658068 ], [ -111.986901, 40.655768 ], [ -111.986912, 40.655025 ], [ -111.986904, 40.652996 ], [ -111.986916, 40.651249 ], [ -111.986893, 40.65078 ], [ -111.986921, 40.650478 ], [ -111.986911, 40.649843 ], [ -111.986921, 40.649151 ], [ -111.986941, 40.646511 ], [ -111.986944, 40.646219 ], [ -111.986928, 40.645807 ], [ -111.986482, 40.644876 ], [ -111.986484, 40.644753 ], [ -111.986485, 40.64328 ], [ -111.98649, 40.64252 ], [ -111.986479, 40.641831 ], [ -111.986458, 40.641586 ], [ -111.986474, 40.639724 ], [ -111.986477, 40.63964 ], [ -111.986495, 40.639307 ], [ -111.986479, 40.638578 ], [ -111.988148, 40.638568 ], [ -111.988142, 40.637349 ], [ -111.988142, 40.637046 ], [ -111.989834, 40.637031 ], [ -111.989824, 40.634801 ], [ -111.989831, 40.634584 ], [ -111.989828, 40.634478 ], [ -111.991095, 40.634484 ], [ -111.991525, 40.634479 ], [ -111.991511, 40.631324 ], [ -111.991859, 40.63133 ], [ -111.999841, 40.631276 ], [ -111.999842, 40.629452 ], [ -111.999845, 40.625786 ], [ -111.999837, 40.624026 ], [ -111.997266, 40.609465 ], [ -111.988635, 40.609439 ], [ -111.986376, 40.609425 ], [ -111.984865, 40.609453 ], [ -111.982721, 40.609461 ], [ -111.981428, 40.609444 ], [ -111.979824, 40.609448 ], [ -111.978147, 40.60945 ], [ -111.977381, 40.60945 ], [ -111.976555, 40.609456 ], [ -111.976323, 40.609461 ], [ -111.973711, 40.609483 ], [ -111.972891, 40.609456 ], [ -111.971688, 40.609458 ], [ -111.969398, 40.609461 ], [ -111.967383, 40.609499 ], [ -111.966517, 40.609499 ], [ -111.963875, 40.609504 ], [ -111.963161, 40.609505 ], [ -111.961995, 40.609506 ], [ -111.960221, 40.609513 ], [ -111.957802, 40.609517 ], [ -111.953513, 40.60944 ], [ -111.951014, 40.609455 ], [ -111.948139, 40.609458 ], [ -111.944225, 40.609528 ], [ -111.942922, 40.609524 ], [ -111.941281, 40.609515 ], [ -111.938743, 40.609514 ], [ -111.934696, 40.609519 ], [ -111.931757, 40.60954 ], [ -111.929148, 40.609406 ], [ -111.925316, 40.608786 ], [ -111.923863, 40.608992 ], [ -111.922232, 40.609327 ], [ -111.921292, 40.609525 ], [ -111.921259, 40.612013 ], [ -111.920366, 40.613135 ], [ -111.920693, 40.615247 ], [ -111.920147, 40.617625 ], [ -111.92082, 40.623719 ], [ -111.921408, 40.627719 ], [ -111.921562, 40.628773 ], [ -111.923, 40.630024 ], [ -111.923561, 40.628583 ], [ -111.923348, 40.627548 ], [ -111.923288, 40.626269 ], [ -111.924014, 40.627299 ], [ -111.926089, 40.628602 ], [ -111.929215, 40.628315 ], [ -111.929221, 40.629139 ], [ -111.92922, 40.62987 ], [ -111.929225, 40.629975 ], [ -111.93055, 40.629924 ], [ -111.931848, 40.629881 ], [ -111.932678, 40.630167 ], [ -111.933246, 40.63017 ], [ -111.935091, 40.630161 ], [ -111.935347, 40.630162 ], [ -111.935388, 40.630924 ], [ -111.936866, 40.630834 ], [ -111.938754, 40.630478 ], [ -111.938757, 40.630614 ], [ -111.938768, 40.631313 ], [ -111.938751, 40.634606 ], [ -111.938748, 40.634958 ], [ -111.939298, 40.634955 ], [ -111.943544, 40.634935 ], [ -111.943507, 40.634376 ], [ -111.943534, 40.631314 ] ] ] ] } },
{ "type": "Feature", "properties": { "id": 18, "NAME": "18", "TotalPop": 45432, "PopDevPct": 0.04150365, "DemPct": 0.42550573, "RepPct": 0.54077919, "WhitePct": 0.7135285, "MinorityPct": 0.2864715, "BlackPct": 0.0183081, "HispanicPct": 0.1857008, "PacificPct": 0.02022725, "AsianPct": 0.04481067, "NativePct": 0.02202455, "TotalVAP": 32827, "Margin": -0.11527346, "color": "#ff2020", "opacity": "0.5", "DemPct2": 0.41041595, "RepPct2": 0.54642105, "Margin2": -0.1360051, "Swing": 0.02073164, "R_Margin": 0.0834355904000001, "R_Margin2": 0.068542025866666662, "R_Swing": 0.014893564533333388, "Majority": "White" }, "geometry": { "type": "MultiPolygon", "coordinates": [ [ [ [ -112.005358, 40.609451 ], [ -112.007128, 40.609448 ], [ -112.008823, 40.609449 ], [ -112.012663, 40.609448 ], [ -112.014767, 40.60945 ], [ -112.016763, 40.609448 ], [ -112.020727, 40.609449 ], [ -112.022475, 40.609448 ], [ -112.022425, 40.608152 ], [ -112.022419, 40.607983 ], [ -112.022403, 40.607576 ], [ -112.022363, 40.606522 ], [ -112.022344, 40.60601 ], [ -112.022316, 40.605281 ], [ -112.022676, 40.605179 ], [ -112.022265, 40.603954 ], [ -112.02221, 40.602531 ], [ -112.024234, 40.602458 ], [ -112.024233, 40.60229 ], [ -112.024168, 40.5993 ], [ -112.024155, 40.597234 ], [ -112.024155, 40.594927 ], [ -112.024167, 40.594116 ], [ -112.024179, 40.593644 ], [ -112.023349, 40.594057 ], [ -112.022374, 40.594545 ], [ -112.02151, 40.594975 ], [ -112.020933, 40.595257 ], [ -112.018915, 40.596204 ], [ -112.016721, 40.597238 ], [ -112.015915, 40.596266 ], [ -112.015279, 40.595448 ], [ -112.014699, 40.594493 ], [ -112.014698, 40.593126 ], [ -112.014699, 40.592526 ], [ -112.014672, 40.589751 ], [ -112.014687, 40.587913 ], [ -112.01406, 40.585939 ], [ -112.015006, 40.585622 ], [ -112.015905, 40.585331 ], [ -112.016399, 40.585135 ], [ -112.014659, 40.581924 ], [ -112.014677, 40.581026 ], [ -112.016495, 40.580492 ], [ -112.015826, 40.577629 ], [ -112.015234, 40.576327 ], [ -112.014603, 40.576633 ], [ -112.014616, 40.576208 ], [ -112.014658, 40.573313 ], [ -112.01367, 40.573312 ], [ -112.013656, 40.576721 ], [ -112.005859, 40.580587 ], [ -112.004907, 40.580619 ], [ -112.003982, 40.580624 ], [ -111.997292, 40.58063 ], [ -111.992379, 40.580622 ], [ -111.99077, 40.580596 ], [ -111.986441, 40.580588 ], [ -111.985693, 40.580585 ], [ -111.982055, 40.580567 ], [ -111.979941, 40.580567 ], [ -111.979266, 40.580557 ], [ -111.977099, 40.580529 ], [ -111.977014, 40.580528 ], [ -111.972053, 40.580503 ], [ -111.969028, 40.580488 ], [ -111.968942, 40.580489 ], [ -111.967304, 40.580491 ], [ -111.957749, 40.580507 ], [ -111.957752, 40.580931 ], [ -111.953049, 40.580967 ], [ -111.950685, 40.580968 ], [ -111.949839, 40.580964 ], [ -111.949676, 40.580464 ], [ -111.948172, 40.58046 ], [ -111.946382, 40.580459 ], [ -111.944081, 40.580462 ], [ -111.943557, 40.580458 ], [ -111.941798, 40.580458 ], [ -111.938697, 40.580455 ], [ -111.937659, 40.580452 ], [ -111.936697, 40.580456 ], [ -111.929154, 40.580454 ], [ -111.92916, 40.581419 ], [ -111.926792, 40.582098 ], [ -111.924398, 40.5821 ], [ -111.924396, 40.581584 ], [ -111.922514, 40.581583 ], [ -111.922502, 40.58051 ], [ -111.922301, 40.580498 ], [ -111.920252, 40.580499 ], [ -111.919973, 40.580503 ], [ -111.919164, 40.580517 ], [ -111.918253, 40.581927 ], [ -111.916947, 40.583841 ], [ -111.91361, 40.586095 ], [ -111.912696, 40.587738 ], [ -111.913167, 40.5904 ], [ -111.912206, 40.59172 ], [ -111.911754, 40.59403 ], [ -111.912399, 40.595887 ], [ -111.913646, 40.597101 ], [ -111.915747, 40.596498 ], [ -111.918394, 40.596981 ], [ -111.91887, 40.598591 ], [ -111.92017, 40.601039 ], [ -111.920641, 40.604802 ], [ -111.92059, 40.607817 ], [ -111.921292, 40.609525 ], [ -111.922232, 40.609327 ], [ -111.923863, 40.608992 ], [ -111.925316, 40.608786 ], [ -111.929148, 40.609406 ], [ -111.931757, 40.60954 ], [ -111.934696, 40.609519 ], [ -111.938743, 40.609514 ], [ -111.941281, 40.609515 ], [ -111.942922, 40.609524 ], [ -111.944225, 40.609528 ], [ -111.948139, 40.609458 ], [ -111.951014, 40.609455 ], [ -111.953513, 40.60944 ], [ -111.957802, 40.609517 ], [ -111.960221, 40.609513 ], [ -111.961995, 40.609506 ], [ -111.963161, 40.609505 ], [ -111.963875, 40.609504 ], [ -111.966517, 40.609499 ], [ -111.967383, 40.609499 ], [ -111.969398, 40.609461 ], [ -111.971688, 40.609458 ], [ -111.972891, 40.609456 ], [ -111.973711, 40.609483 ], [ -111.976323, 40.609461 ], [ -111.976555, 40.609456 ], [ -111.977381, 40.60945 ], [ -111.978147, 40.60945 ], [ -111.979824, 40.609448 ], [ -111.981428, 40.609444 ], [ -111.982721, 40.609461 ], [ -111.984865, 40.609453 ], [ -111.986376, 40.609425 ], [ -111.988635, 40.609439 ], [ -111.997266, 40.609465 ], [ -112.000992, 40.609459 ], [ -112.005358, 40.609451 ] ] ] ] } },
{ "type": "Feature", "properties": { "id": 19, "NAME": "19", "TotalPop": 44888, "PopDevPct": 0.02903275, "DemPct": 0.43361921, "RepPct": 0.53819325, "WhitePct": 0.66546248, "MinorityPct": 0.33453752, "BlackPct": 0.02157317, "HispanicPct": 0.22547884, "PacificPct": 0.02641265, "AsianPct": 0.04972395, "NativePct": 0.02222071, "TotalVAP": 29342, "Margin": -0.10457404, "color": "#ff2020", "opacity": "0.5", "DemPct2": 0.43675499, "RepPct2": 0.51963166, "Margin2": -0.08287667, "Swing": -0.02169737, "R_Margin": 0.0941350104, "R_Margin2": 0.12167045586666661, "R_Swing": -0.0275354454666666, "Majority": "White" }, "geometry": { "type": "MultiPolygon", "coordinates": [ [ [ [ -112.020727, 40.609449 ], [ -112.016763, 40.609448 ], [ -112.014767, 40.60945 ], [ -112.012663, 40.609448 ], [ -112.008823, 40.609449 ], [ -112.007128, 40.609448 ], [ -112.005358, 40.609451 ], [ -112.000992, 40.609459 ], [ -111.997266, 40.609465 ], [ -111.999837, 40.624026 ], [ -111.999845, 40.625786 ], [ -111.999842, 40.629452 ], [ -111.999841, 40.631276 ], [ -111.991859, 40.63133 ], [ -111.991511, 40.631324 ], [ -111.991525, 40.634479 ], [ -111.991095, 40.634484 ], [ -111.989828, 40.634478 ], [ -111.989831, 40.634584 ], [ -111.989824, 40.634801 ], [ -111.989834, 40.637031 ], [ -111.988142, 40.637046 ], [ -111.988142, 40.637349 ], [ -111.988148, 40.638568 ], [ -111.98871, 40.638567 ], [ -111.989781, 40.638558 ], [ -111.991129, 40.638565 ], [ -111.991702, 40.638591 ], [ -111.994787, 40.638584 ], [ -111.995734, 40.638586 ], [ -111.997939, 40.638584 ], [ -111.998808, 40.638578 ], [ -111.999837, 40.638573 ], [ -112.000479, 40.638575 ], [ -112.004554, 40.638579 ], [ -112.0039, 40.640315 ], [ -112.005459, 40.6403 ], [ -112.005459, 40.640209 ], [ -112.005385, 40.638605 ], [ -112.008118, 40.638609 ], [ -112.011002, 40.638599 ], [ -112.012512, 40.638593 ], [ -112.013885, 40.638588 ], [ -112.015486, 40.638581 ], [ -112.017209, 40.638577 ], [ -112.018895, 40.638567 ], [ -112.021708, 40.638563 ], [ -112.024634, 40.638551 ], [ -112.024643, 40.636152 ], [ -112.024647, 40.633375 ], [ -112.024636, 40.631484 ], [ -112.03093, 40.631332 ], [ -112.035019, 40.631229 ], [ -112.03833, 40.631215 ], [ -112.04137, 40.631225 ], [ -112.043554, 40.631218 ], [ -112.043978, 40.631217 ], [ -112.045874, 40.631181 ], [ -112.04643, 40.631179 ], [ -112.04923, 40.631167 ], [ -112.053337, 40.631166 ], [ -112.053401, 40.631319 ], [ -112.056384, 40.631298 ], [ -112.058692, 40.631289 ], [ -112.062873, 40.631254 ], [ -112.065716, 40.631231 ], [ -112.06661, 40.62892 ], [ -112.079473, 40.628959 ], [ -112.103206, 40.629041 ], [ -112.174356, 40.628368 ], [ -112.190338, 40.628011 ], [ -112.196393, 40.62934 ], [ -112.196434, 40.628125 ], [ -112.197617, 40.626206 ], [ -112.197473, 40.624941 ], [ -112.196252, 40.623617 ], [ -112.195899, 40.621233 ], [ -112.193424, 40.619968 ], [ -112.192376, 40.618304 ], [ -112.189737, 40.616266 ], [ -112.18845, 40.614181 ], [ -112.187433, 40.613725 ], [ -112.185626, 40.614077 ], [ -112.181709, 40.612055 ], [ -112.180878, 40.610349 ], [ -112.178448, 40.606784 ], [ -112.17855, 40.605473 ], [ -112.176496, 40.604888 ], [ -112.175337, 40.603981 ], [ -112.175438, 40.602099 ], [ -112.1764, 40.600263 ], [ -112.176369, 40.597196 ], [ -112.177524, 40.596265 ], [ -112.17655, 40.593989 ], [ -112.175684, 40.590294 ], [ -112.176512, 40.588431 ], [ -112.174936, 40.585401 ], [ -112.175554, 40.584789 ], [ -112.177906, 40.584099 ], [ -112.179235, 40.58177 ], [ -112.181469, 40.580383 ], [ -112.180377, 40.577346 ], [ -112.181575, 40.576307 ], [ -112.182613, 40.574605 ], [ -112.180564, 40.573928 ], [ -112.176258, 40.574021 ], [ -112.174774, 40.573599 ], [ -112.171915, 40.573758 ], [ -112.169179, 40.572692 ], [ -112.166939, 40.572324 ], [ -112.165427, 40.573257 ], [ -112.162769, 40.573893 ], [ -112.15865, 40.574381 ], [ -112.156741, 40.574941 ], [ -112.155035, 40.574792 ], [ -112.153451, 40.573276 ], [ -112.14978, 40.570837 ], [ -112.148535, 40.569228 ], [ -112.142905, 40.56435 ], [ -112.141425, 40.563324 ], [ -112.135379, 40.559931 ], [ -112.131815, 40.556892 ], [ -112.129807, 40.55888 ], [ -112.129866, 40.560024 ], [ -112.128396, 40.560572 ], [ -112.129361, 40.562951 ], [ -112.130639, 40.563248 ], [ -112.130738, 40.565532 ], [ -112.130237, 40.566249 ], [ -112.123653, 40.565933 ], [ -112.116745, 40.565819 ], [ -112.115347, 40.566991 ], [ -112.114515, 40.569735 ], [ -112.113741, 40.570592 ], [ -112.111672, 40.57154 ], [ -112.101977, 40.572857 ], [ -112.101032, 40.570498 ], [ -112.10061, 40.570801 ], [ -112.09188, 40.567431 ], [ -112.091772, 40.566186 ], [ -112.088893, 40.566177 ], [ -112.088399, 40.566177 ], [ -112.086891, 40.566183 ], [ -112.084858, 40.566279 ], [ -112.083567, 40.566297 ], [ -112.08168, 40.56619 ], [ -112.079187, 40.566015 ], [ -112.063265, 40.565982 ], [ -112.054293, 40.565998 ], [ -112.040325, 40.566026 ], [ -112.036682, 40.566028 ], [ -112.035336, 40.565975 ], [ -112.03324, 40.565978 ], [ -112.031939, 40.565975 ], [ -112.027043, 40.565967 ], [ -112.027044, 40.567322 ], [ -112.026182, 40.567321 ], [ -112.026174, 40.565966 ], [ -112.017738, 40.56598 ], [ -112.015318, 40.565972 ], [ -112.014828, 40.565971 ], [ -112.014809, 40.568192 ], [ -112.014658, 40.573313 ], [ -112.014616, 40.576208 ], [ -112.014603, 40.576633 ], [ -112.015234, 40.576327 ], [ -112.015826, 40.577629 ], [ -112.016495, 40.580492 ], [ -112.014677, 40.581026 ], [ -112.014659, 40.581924 ], [ -112.016399, 40.585135 ], [ -112.015905, 40.585331 ], [ -112.015006, 40.585622 ], [ -112.01406, 40.585939 ], [ -112.014687, 40.587913 ], [ -112.014672, 40.589751 ], [ -112.014699, 40.592526 ], [ -112.014698, 40.593126 ], [ -112.014699, 40.594493 ], [ -112.015279, 40.595448 ], [ -112.015915, 40.596266 ], [ -112.016721, 40.597238 ], [ -112.018915, 40.596204 ], [ -112.020933, 40.595257 ], [ -112.02151, 40.594975 ], [ -112.022374, 40.594545 ], [ -112.023349, 40.594057 ], [ -112.024179, 40.593644 ], [ -112.024167, 40.594116 ], [ -112.024155, 40.594927 ], [ -112.024155, 40.597234 ], [ -112.024168, 40.5993 ], [ -112.024233, 40.60229 ], [ -112.024234, 40.602458 ], [ -112.02221, 40.602531 ], [ -112.022265, 40.603954 ], [ -112.022676, 40.605179 ], [ -112.022316, 40.605281 ], [ -112.022344, 40.60601 ], [ -112.022363, 40.606522 ], [ -112.022403, 40.607576 ], [ -112.022419, 40.607983 ], [ -112.022425, 40.608152 ], [ -112.022475, 40.609448 ], [ -112.020727, 40.609449 ] ] ] ] } },
{ "type": "Feature", "properties": { "id": 20, "NAME": "20", "TotalPop": 45285, "PopDevPct": 0.03813375, "DemPct": 0.32039979, "RepPct": 0.65153631, "WhitePct": 0.85924013, "MinorityPct": 0.14075987, "BlackPct": 0.0103322, "HispanicPct": 0.07265237, "PacificPct": 0.01183625, "AsianPct": 0.0330565, "NativePct": 0.01288255, "TotalVAP": 30584, "Margin": -0.33113652, "color": "#960018", "opacity": "0.5", "DemPct2": 0.29852411, "RepPct2": 0.66041702, "Margin2": -0.36189291, "Swing": 0.03075639, "R_Margin": -0.1324274696, "R_Margin2": -0.15734578413333336, "R_Swing": 0.024918314533333361, "Majority": "White" }, "geometry": { "type": "MultiPolygon", "coordinates": [ [ [ [ -111.948179, 40.536855 ], [ -111.948201, 40.538922 ], [ -111.948218, 40.540472 ], [ -111.948929, 40.540461 ], [ -111.950888, 40.540475 ], [ -111.952378, 40.540491 ], [ -111.956351, 40.540505 ], [ -111.957711, 40.5405 ], [ -111.957711, 40.540397 ], [ -111.957743, 40.539194 ], [ -111.957686, 40.536853 ], [ -111.963391, 40.536847 ], [ -111.965056, 40.536849 ], [ -111.967018, 40.53685 ], [ -111.969714, 40.536856 ], [ -111.970011, 40.536857 ], [ -111.970472, 40.536858 ], [ -111.971049, 40.53686 ], [ -111.972527, 40.536865 ], [ -111.973064, 40.536863 ], [ -111.976742, 40.536948 ], [ -111.97825, 40.536952 ], [ -111.97922, 40.536956 ], [ -111.980961, 40.536963 ], [ -111.982523, 40.536967 ], [ -111.984073, 40.536907 ], [ -111.984295, 40.536907 ], [ -111.986258, 40.536912 ], [ -111.991643, 40.53698 ], [ -111.992512, 40.536984 ], [ -111.993121, 40.536983 ], [ -111.995262, 40.536979 ], [ -111.998448, 40.536969 ], [ -111.999977, 40.536962 ], [ -111.99995, 40.533198 ], [ -111.999923, 40.529621 ], [ -111.999081, 40.529641 ], [ -111.999081, 40.524933 ], [ -111.999081, 40.523381 ], [ -111.998274, 40.522347 ], [ -111.99994, 40.522366 ], [ -112.004777, 40.522487 ], [ -112.006017, 40.522518 ], [ -112.008533, 40.522474 ], [ -112.0107, 40.522009 ], [ -112.010701, 40.518913 ], [ -112.010708, 40.516434 ], [ -112.010708, 40.515949 ], [ -112.009267, 40.515959 ], [ -112.009084, 40.51595 ], [ -112.009085, 40.51548 ], [ -112.009085, 40.514989 ], [ -112.009085, 40.514584 ], [ -112.009085, 40.514178 ], [ -112.009086, 40.513616 ], [ -112.009087, 40.512526 ], [ -112.008995, 40.51168 ], [ -112.005368, 40.511676 ], [ -112.005389, 40.50786 ], [ -112.007283, 40.507874 ], [ -112.010163, 40.507897 ], [ -112.011163, 40.507892 ], [ -112.012659, 40.507885 ], [ -112.014777, 40.507876 ], [ -112.016801, 40.507866 ], [ -112.020551, 40.507848 ], [ -112.020615, 40.507847 ], [ -112.024454, 40.507829 ], [ -112.024467, 40.503702 ], [ -112.01854, 40.503665 ], [ -112.018546, 40.503638 ], [ -112.018563, 40.50358 ], [ -112.018587, 40.503498 ], [ -112.018669, 40.503214 ], [ -112.018977, 40.502157 ], [ -112.019683, 40.50096 ], [ -112.019785, 40.500441 ], [ -112.016718, 40.500458 ], [ -112.014867, 40.500391 ], [ -112.014859, 40.499181 ], [ -112.014848, 40.497575 ], [ -112.014842, 40.496775 ], [ -112.017194, 40.496773 ], [ -112.01964, 40.496769 ], [ -112.019637, 40.496341 ], [ -112.019642, 40.494451 ], [ -112.019621, 40.493137 ], [ -112.016467, 40.493144 ], [ -112.011221, 40.493164 ], [ -112.006075, 40.493167 ], [ -112.005278, 40.493171 ], [ -112.005305, 40.495948 ], [ -112.005349, 40.499934 ], [ -112.005355, 40.500539 ], [ -112.005077, 40.500538 ], [ -112.00384, 40.500531 ], [ -111.991597, 40.500474 ], [ -111.990324, 40.500483 ], [ -111.988647, 40.500504 ], [ -111.986235, 40.500511 ], [ -111.982685, 40.500511 ], [ -111.980695, 40.500509 ], [ -111.976742, 40.500504 ], [ -111.976726, 40.502502 ], [ -111.974526, 40.501559 ], [ -111.971726, 40.500978 ], [ -111.964179, 40.500886 ], [ -111.961091, 40.500529 ], [ -111.957709, 40.50052 ], [ -111.953547, 40.500515 ], [ -111.948503, 40.500507 ], [ -111.948237, 40.50055 ], [ -111.948238, 40.500389 ], [ -111.948243, 40.500203 ], [ -111.948253, 40.499898 ], [ -111.946788, 40.499285 ], [ -111.946794, 40.497758 ], [ -111.94469, 40.497753 ], [ -111.944664, 40.50049 ], [ -111.944663, 40.500669 ], [ -111.944663, 40.500844 ], [ -111.944445, 40.500854 ], [ -111.938711, 40.500713 ], [ -111.93523, 40.500368 ], [ -111.933079, 40.499593 ], [ -111.931442, 40.498682 ], [ -111.930938, 40.500508 ], [ -111.929231, 40.500503 ], [ -111.917575, 40.500576 ], [ -111.916814, 40.5017 ], [ -111.915368, 40.502074 ], [ -111.915298, 40.503691 ], [ -111.916411, 40.504911 ], [ -111.916028, 40.50676 ], [ -111.913917, 40.50917 ], [ -111.915036, 40.511054 ], [ -111.914942, 40.512701 ], [ -111.913979, 40.517082 ], [ -111.915074, 40.517851 ], [ -111.915614, 40.519233 ], [ -111.916057, 40.519912 ], [ -111.91881, 40.519822 ], [ -111.919367, 40.519521 ], [ -111.920476, 40.519482 ], [ -111.920157, 40.520905 ], [ -111.919386, 40.521801 ], [ -111.921838, 40.52238 ], [ -111.921849, 40.523496 ], [ -111.921836, 40.524691 ], [ -111.920519, 40.52537 ], [ -111.919434, 40.526737 ], [ -111.919996, 40.528601 ], [ -111.921359, 40.530354 ], [ -111.920341, 40.531864 ], [ -111.918038, 40.531876 ], [ -111.917161, 40.532412 ], [ -111.917781, 40.534756 ], [ -111.917392, 40.536966 ], [ -111.920117, 40.536955 ], [ -111.920318, 40.5373 ], [ -111.920057, 40.537329 ], [ -111.920201, 40.538001 ], [ -111.92348, 40.537893 ], [ -111.927669, 40.538005 ], [ -111.929131, 40.537977 ], [ -111.929133, 40.539156 ], [ -111.929133, 40.539366 ], [ -111.929128, 40.539993 ], [ -111.929125, 40.54028 ], [ -111.929124, 40.540415 ], [ -111.930242, 40.540419 ], [ -111.930515, 40.540368 ], [ -111.93336, 40.539873 ], [ -111.933509, 40.539847 ], [ -111.933923, 40.539776 ], [ -111.933929, 40.539876 ], [ -111.933921, 40.540477 ], [ -111.934379, 40.540476 ], [ -111.934418, 40.540476 ], [ -111.934423, 40.540336 ], [ -111.935331, 40.540369 ], [ -111.935922, 40.539925 ], [ -111.93616, 40.539776 ], [ -111.936338, 40.539668 ], [ -111.9368, 40.539191 ], [ -111.938669, 40.539172 ], [ -111.93868, 40.540123 ], [ -111.938674, 40.540662 ], [ -111.939512, 40.540665 ], [ -111.941241, 40.540667 ], [ -111.941292, 40.537899 ], [ -111.941273, 40.536897 ], [ -111.942473, 40.536896 ], [ -111.944369, 40.536888 ], [ -111.947215, 40.53686 ], [ -111.947648, 40.536853 ], [ -111.948179, 40.536855 ] ] ] ] } },
{ "type": "Feature", "properties": { "id": 21, "NAME": "21", "TotalPop": 42974, "PopDevPct": -0.01484465, "DemPct": 0.58109555, "RepPct": 0.3946458, "WhitePct": 0.85578753, "MinorityPct": 0.14421247, "BlackPct": 0.0119044, "HispanicPct": 0.05792066, "PacificPct": 0.00655649, "AsianPct": 0.05000453, "NativePct": 0.01272019, "TotalVAP": 33097, "Margin": 0.18644975, "color": "#2020ff", "opacity": "0.5", "DemPct2": 0.56562595, "RepPct2": 0.40209154, "Margin2": 0.16353441, "Swing": 0.02291534, "R_Margin": 0.3851588004000001, "R_Margin2": 0.3680815358666667, "R_Swing": 0.017077264533333344, "Majority": "White" }, "geometry": { "type": "MultiPolygon", "coordinates": [ [ [ [ -111.853397, 40.610549 ], [ -111.853086, 40.607292 ], [ -111.853086, 40.606295 ], [ -111.853112, 40.605609 ], [ -111.85312, 40.604116 ], [ -111.848899, 40.604118 ], [ -111.848354, 40.604106 ], [ -111.848355, 40.603895 ], [ -111.848363, 40.603831 ], [ -111.848366, 40.60272 ], [ -111.847858, 40.602718 ], [ -111.846297, 40.602078 ], [ -111.845234, 40.601281 ], [ -111.84433, 40.600775 ], [ -111.843627, 40.600584 ], [ -111.843629, 40.599955 ], [ -111.843623, 40.598994 ], [ -111.843623, 40.598722 ], [ -111.843623, 40.598682 ], [ -111.843637, 40.59864 ], [ -111.843659, 40.595599 ], [ -111.843649, 40.595035 ], [ -111.843619, 40.595035 ], [ -111.84265, 40.595031 ], [ -111.841691, 40.595023 ], [ -111.839895, 40.59504 ], [ -111.838505, 40.59556 ], [ -111.83712, 40.595151 ], [ -111.836436, 40.595738 ], [ -111.835091, 40.594993 ], [ -111.833668, 40.594927 ], [ -111.831783, 40.594913 ], [ -111.830936, 40.594924 ], [ -111.829464, 40.594608 ], [ -111.828415, 40.594447 ], [ -111.826769, 40.594239 ], [ -111.826222, 40.594398 ], [ -111.824975, 40.593036 ], [ -111.823583, 40.592283 ], [ -111.823377, 40.590186 ], [ -111.823187, 40.590183 ], [ -111.823826, 40.587993 ], [ -111.822876, 40.587449 ], [ -111.819978, 40.586875 ], [ -111.817559, 40.58642 ], [ -111.815541, 40.586356 ], [ -111.815535, 40.585009 ], [ -111.815549, 40.584331 ], [ -111.815546, 40.583642 ], [ -111.815546, 40.582309 ], [ -111.815558, 40.581601 ], [ -111.81555, 40.581262 ], [ -111.815667, 40.581046 ], [ -111.815074, 40.580419 ], [ -111.810812, 40.580432 ], [ -111.81031, 40.579242 ], [ -111.810338, 40.578815 ], [ -111.808298, 40.578817 ], [ -111.808285, 40.577344 ], [ -111.808077, 40.577386 ], [ -111.8067, 40.577663 ], [ -111.805573, 40.577871 ], [ -111.805517, 40.577882 ], [ -111.803248, 40.578033 ], [ -111.803253, 40.579395 ], [ -111.80094, 40.579582 ], [ -111.801497, 40.580397 ], [ -111.801495, 40.582521 ], [ -111.80084, 40.582523 ], [ -111.800589, 40.581836 ], [ -111.796271, 40.581843 ], [ -111.796114, 40.582052 ], [ -111.796089, 40.578503 ], [ -111.794685, 40.576721 ], [ -111.793365, 40.576866 ], [ -111.79216, 40.576202 ], [ -111.790308, 40.57614 ], [ -111.788279, 40.575938 ], [ -111.786624, 40.57532 ], [ -111.786661, 40.576474 ], [ -111.786769, 40.579803 ], [ -111.787529, 40.580335 ], [ -111.786642, 40.580331 ], [ -111.787543, 40.580564 ], [ -111.789273, 40.580572 ], [ -111.790181, 40.58195 ], [ -111.787606, 40.581533 ], [ -111.78648, 40.581352 ], [ -111.784952, 40.584393 ], [ -111.785267, 40.585861 ], [ -111.784331, 40.587746 ], [ -111.786564, 40.588201 ], [ -111.78589, 40.59071 ], [ -111.786496, 40.592027 ], [ -111.786463, 40.592031 ], [ -111.786504, 40.594448 ], [ -111.786565, 40.608957 ], [ -111.776752, 40.608951 ], [ -111.776873, 40.616142 ], [ -111.776897, 40.61889 ], [ -111.777079, 40.618972 ], [ -111.77823, 40.619396 ], [ -111.780545, 40.62024 ], [ -111.785473, 40.620878 ], [ -111.786601, 40.621954 ], [ -111.786595, 40.623455 ], [ -111.786526, 40.627703 ], [ -111.786662, 40.631085 ], [ -111.789343, 40.631107 ], [ -111.791206, 40.631115 ], [ -111.797263, 40.631155 ], [ -111.797439, 40.631154 ], [ -111.799125, 40.631166 ], [ -111.800122, 40.631173 ], [ -111.800795, 40.631181 ], [ -111.801223, 40.631181 ], [ -111.805083, 40.631187 ], [ -111.805772, 40.631186 ], [ -111.806865, 40.631696 ], [ -111.806803, 40.631892 ], [ -111.806331, 40.633284 ], [ -111.805978, 40.634465 ], [ -111.805548, 40.635904 ], [ -111.808615, 40.637497 ], [ -111.809918, 40.635849 ], [ -111.811203, 40.635036 ], [ -111.813126, 40.634312 ], [ -111.815742, 40.634121 ], [ -111.819658, 40.634333 ], [ -111.824715, 40.634358 ], [ -111.828133, 40.634316 ], [ -111.834114, 40.632937 ], [ -111.837976, 40.631982 ], [ -111.84293, 40.630846 ], [ -111.849324, 40.630736 ], [ -111.85472, 40.630385 ], [ -111.861732, 40.630053 ], [ -111.86248, 40.630054 ], [ -111.861669, 40.626504 ], [ -111.860108, 40.624627 ], [ -111.858467, 40.623438 ], [ -111.856312, 40.622184 ], [ -111.856045, 40.622029 ], [ -111.856001, 40.620463 ], [ -111.856356, 40.620031 ], [ -111.856718, 40.619587 ], [ -111.857495, 40.618603 ], [ -111.858042, 40.618005 ], [ -111.858891, 40.616221 ], [ -111.857852, 40.614074 ], [ -111.857867, 40.613873 ], [ -111.857867, 40.613765 ], [ -111.857875, 40.613704 ], [ -111.857868, 40.613624 ], [ -111.857869, 40.61321 ], [ -111.857363, 40.613206 ], [ -111.857207, 40.613214 ], [ -111.856887, 40.613214 ], [ -111.856663, 40.613212 ], [ -111.856645, 40.613091 ], [ -111.856652, 40.60959 ], [ -111.855329, 40.609636 ], [ -111.853397, 40.610549 ] ] ] ] } },
{ "type": "Feature", "properties": { "id": 22, "NAME": "22", "TotalPop": 44204, "PopDevPct": 0.01335242, "DemPct": 0.5122516, "RepPct": 0.45726749, "WhitePct": 0.74828403, "MinorityPct": 0.25171597, "BlackPct": 0.01780415, "HispanicPct": 0.14195366, "PacificPct": 0.01339808, "AsianPct": 0.05569044, "NativePct": 0.02200042, "TotalVAP": 33363, "Margin": 0.05498411, "color": "#9696ff", "opacity": "0.5", "DemPct2": 0.50735074, "RepPct2": 0.44929493, "Margin2": 0.05805581, "Swing": -0.0030717, "R_Margin": 0.2536931604, "R_Margin2": 0.26260293586666672, "R_Swing": -0.008909775466666674, "Majority": "White" }, "geometry": { "type": "MultiPolygon", "coordinates": [ [ [ [ -111.890833, 40.594474 ], [ -111.892325, 40.594096 ], [ -111.896004, 40.594161 ], [ -111.896, 40.594424 ], [ -111.898833, 40.594563 ], [ -111.899845, 40.593742 ], [ -111.90069, 40.593742 ], [ -111.900693, 40.595017 ], [ -111.900661, 40.59547 ], [ -111.900644, 40.595755 ], [ -111.900615, 40.596317 ], [ -111.902998, 40.596325 ], [ -111.903483, 40.598552 ], [ -111.904164, 40.598527 ], [ -111.904071, 40.598028 ], [ -111.905208, 40.598638 ], [ -111.905185, 40.599481 ], [ -111.907608, 40.599283 ], [ -111.907609, 40.599248 ], [ -111.910252, 40.599254 ], [ -111.910242, 40.598494 ], [ -111.910239, 40.595939 ], [ -111.912399, 40.595887 ], [ -111.911754, 40.59403 ], [ -111.912206, 40.59172 ], [ -111.913167, 40.5904 ], [ -111.912696, 40.587738 ], [ -111.91361, 40.586095 ], [ -111.916947, 40.583841 ], [ -111.918253, 40.581927 ], [ -111.919164, 40.580517 ], [ -111.920116, 40.579753 ], [ -111.921589, 40.579022 ], [ -111.920165, 40.577319 ], [ -111.918696, 40.576384 ], [ -111.91686, 40.573519 ], [ -111.91664, 40.573265 ], [ -111.91582, 40.573273 ], [ -111.915448, 40.573276 ], [ -111.914987, 40.573271 ], [ -111.914924, 40.57349 ], [ -111.910242, 40.573504 ], [ -111.909173, 40.573308 ], [ -111.906336, 40.573306 ], [ -111.904017, 40.573294 ], [ -111.902135, 40.569718 ], [ -111.900782, 40.56971 ], [ -111.9001, 40.569703 ], [ -111.899732, 40.565805 ], [ -111.898407, 40.558887 ], [ -111.896707, 40.551552 ], [ -111.89494, 40.544313 ], [ -111.894573, 40.544312 ], [ -111.89115, 40.544362 ], [ -111.888619, 40.544339 ], [ -111.885514, 40.544304 ], [ -111.885412, 40.544303 ], [ -111.881747, 40.544323 ], [ -111.878363, 40.544326 ], [ -111.877643, 40.544327 ], [ -111.877068, 40.544326 ], [ -111.874395, 40.544328 ], [ -111.874228, 40.544329 ], [ -111.873457, 40.544324 ], [ -111.872005, 40.54431 ], [ -111.871066, 40.544317 ], [ -111.867964, 40.544267 ], [ -111.865912, 40.544263 ], [ -111.865472, 40.544262 ], [ -111.862735, 40.544269 ], [ -111.862722, 40.546432 ], [ -111.862729, 40.548909 ], [ -111.862749, 40.549589 ], [ -111.862753, 40.55035 ], [ -111.862742, 40.551129 ], [ -111.862744, 40.551515 ], [ -111.861315, 40.551502 ], [ -111.860389, 40.5515 ], [ -111.859444, 40.551512 ], [ -111.858105, 40.551498 ], [ -111.857589, 40.551515 ], [ -111.855894, 40.551514 ], [ -111.853373, 40.551487 ], [ -111.853334, 40.55405 ], [ -111.853308, 40.555595 ], [ -111.853302, 40.555955 ], [ -111.853286, 40.557006 ], [ -111.853277, 40.557663 ], [ -111.853262, 40.558771 ], [ -111.853183, 40.561549 ], [ -111.853173, 40.562362 ], [ -111.853169, 40.562711 ], [ -111.85311, 40.565539 ], [ -111.853113, 40.565966 ], [ -111.85311, 40.568238 ], [ -111.853115, 40.569199 ], [ -111.853123, 40.571867 ], [ -111.85314, 40.57315 ], [ -111.853145, 40.573557 ], [ -111.85314, 40.574166 ], [ -111.853146, 40.579812 ], [ -111.853228, 40.580441 ], [ -111.855283, 40.580473 ], [ -111.857875, 40.580513 ], [ -111.859535, 40.580545 ], [ -111.861585, 40.580543 ], [ -111.861763, 40.580699 ], [ -111.861436, 40.581068 ], [ -111.863337, 40.583095 ], [ -111.863908, 40.586348 ], [ -111.865679, 40.587913 ], [ -111.865337, 40.588492 ], [ -111.864732, 40.588675 ], [ -111.864529, 40.590255 ], [ -111.865558, 40.590426 ], [ -111.866782, 40.590657 ], [ -111.86744, 40.590782 ], [ -111.869133, 40.591105 ], [ -111.870676, 40.59138 ], [ -111.871447, 40.591513 ], [ -111.872221, 40.591647 ], [ -111.872187, 40.593754 ], [ -111.872169, 40.594995 ], [ -111.872167, 40.595254 ], [ -111.872172, 40.596292 ], [ -111.872167, 40.596842 ], [ -111.872162, 40.597283 ], [ -111.872152, 40.5982 ], [ -111.872149, 40.598442 ], [ -111.872146, 40.598686 ], [ -111.87215, 40.600941 ], [ -111.87215, 40.601025 ], [ -111.87215, 40.601366 ], [ -111.872158, 40.603276 ], [ -111.87216, 40.603619 ], [ -111.872167, 40.604127 ], [ -111.872173, 40.604526 ], [ -111.872178, 40.604934 ], [ -111.872192, 40.605886 ], [ -111.872171, 40.608385 ], [ -111.872172, 40.608723 ], [ -111.87218, 40.609541 ], [ -111.872174, 40.610543 ], [ -111.872054, 40.611801 ], [ -111.871984, 40.611921 ], [ -111.87214, 40.612094 ], [ -111.872239, 40.61222 ], [ -111.872181, 40.612856 ], [ -111.876524, 40.613174 ], [ -111.877113, 40.613173 ], [ -111.877062, 40.614951 ], [ -111.877583, 40.614951 ], [ -111.878454, 40.614972 ], [ -111.879559, 40.61497 ], [ -111.880767, 40.615003 ], [ -111.881601, 40.615059 ], [ -111.881679, 40.612285 ], [ -111.877025, 40.612282 ], [ -111.877031, 40.611939 ], [ -111.87708, 40.611323 ], [ -111.878604, 40.611326 ], [ -111.8786, 40.609545 ], [ -111.878769, 40.609544 ], [ -111.878776, 40.605852 ], [ -111.879285, 40.605846 ], [ -111.8797, 40.605844 ], [ -111.879963, 40.605843 ], [ -111.880665, 40.605842 ], [ -111.880701, 40.604122 ], [ -111.881666, 40.60412 ], [ -111.88167, 40.603855 ], [ -111.883362, 40.603823 ], [ -111.883356, 40.602873 ], [ -111.881708, 40.602614 ], [ -111.881713, 40.602301 ], [ -111.882615, 40.602246 ], [ -111.886363, 40.602214 ], [ -111.886166, 40.601417 ], [ -111.886065, 40.600617 ], [ -111.886966, 40.600596 ], [ -111.887413, 40.600611 ], [ -111.88758, 40.600611 ], [ -111.888682, 40.600608 ], [ -111.889321, 40.600607 ], [ -111.889503, 40.600607 ], [ -111.889838, 40.600606 ], [ -111.890174, 40.600605 ], [ -111.890786, 40.600954 ], [ -111.891226, 40.600963 ], [ -111.891537, 40.599529 ], [ -111.890792, 40.599523 ], [ -111.890795, 40.599008 ], [ -111.89081, 40.597877 ], [ -111.890828, 40.596307 ], [ -111.890821, 40.595043 ], [ -111.890832, 40.594564 ], [ -111.890833, 40.594474 ] ] ] ] } },
{ "type": "Feature", "properties": { "id": 23, "NAME": "23", "TotalPop": 44213, "PopDevPct": 0.01355874, "DemPct": 0.50834567, "RepPct": 0.4661651, "WhitePct": 0.85100243, "MinorityPct": 0.14899757, "BlackPct": 0.01148238, "HispanicPct": 0.06075334, "PacificPct": 0.00917375, "AsianPct": 0.04878493, "NativePct": 0.0140644, "TotalVAP": 32920, "Margin": 0.04218057, "color": "#a7a7ff", "opacity": "0.5", "DemPct2": 0.49692858, "RepPct2": 0.46934238, "Margin2": 0.0275862, "Swing": 0.01459437, "R_Margin": 0.2408896204, "R_Margin2": 0.23213332586666666, "R_Swing": 0.0087562945333333041, "Majority": "White" }, "geometry": { "type": "MultiPolygon", "coordinates": [ [ [ [ -111.853183, 40.561549 ], [ -111.853262, 40.558771 ], [ -111.853277, 40.557663 ], [ -111.853286, 40.557006 ], [ -111.853302, 40.555955 ], [ -111.853308, 40.555595 ], [ -111.853334, 40.55405 ], [ -111.853373, 40.551487 ], [ -111.855894, 40.551514 ], [ -111.857589, 40.551515 ], [ -111.858105, 40.551498 ], [ -111.859444, 40.551512 ], [ -111.860389, 40.5515 ], [ -111.861315, 40.551502 ], [ -111.862744, 40.551515 ], [ -111.862742, 40.551129 ], [ -111.862753, 40.55035 ], [ -111.862749, 40.549589 ], [ -111.862729, 40.548909 ], [ -111.862722, 40.546432 ], [ -111.862735, 40.544269 ], [ -111.861584, 40.544283 ], [ -111.860771, 40.544286 ], [ -111.860665, 40.54429 ], [ -111.858577, 40.544294 ], [ -111.85756, 40.544267 ], [ -111.856054, 40.544276 ], [ -111.855529, 40.544283 ], [ -111.853455, 40.544283 ], [ -111.851225, 40.54429 ], [ -111.850453, 40.544295 ], [ -111.849436, 40.544275 ], [ -111.848224, 40.544246 ], [ -111.847454, 40.544238 ], [ -111.846816, 40.544245 ], [ -111.846147, 40.544252 ], [ -111.846142, 40.543451 ], [ -111.844523, 40.543449 ], [ -111.844541, 40.544266 ], [ -111.843812, 40.544258 ], [ -111.841301, 40.544248 ], [ -111.840124, 40.544243 ], [ -111.841304, 40.543747 ], [ -111.842282, 40.543669 ], [ -111.842186, 40.541974 ], [ -111.839353, 40.542071 ], [ -111.838545, 40.541974 ], [ -111.838543, 40.54347 ], [ -111.837747, 40.544287 ], [ -111.835714, 40.545293 ], [ -111.834643, 40.54557 ], [ -111.832856, 40.546267 ], [ -111.830798, 40.546684 ], [ -111.829425, 40.546194 ], [ -111.824084, 40.546275 ], [ -111.821662, 40.545703 ], [ -111.821485, 40.544223 ], [ -111.816827, 40.54423 ], [ -111.810633, 40.544171 ], [ -111.810518, 40.544226 ], [ -111.810507, 40.54418 ], [ -111.810513, 40.544119 ], [ -111.810501, 40.543381 ], [ -111.810508, 40.542938 ], [ -111.810507, 40.542505 ], [ -111.810505, 40.540595 ], [ -111.809722, 40.540596 ], [ -111.809382, 40.542862 ], [ -111.809414, 40.542842 ], [ -111.809481, 40.542829 ], [ -111.809567, 40.542834 ], [ -111.809628, 40.542839 ], [ -111.809695, 40.542853 ], [ -111.80976, 40.542881 ], [ -111.809791, 40.542938 ], [ -111.8098, 40.542974 ], [ -111.809817, 40.543039 ], [ -111.809792, 40.543111 ], [ -111.809729, 40.543206 ], [ -111.809672, 40.543266 ], [ -111.809277, 40.543266 ], [ -111.808926, 40.542945 ], [ -111.808126, 40.543322 ], [ -111.805774, 40.543322 ], [ -111.805758, 40.543877 ], [ -111.805749, 40.544219 ], [ -111.805727, 40.544231 ], [ -111.803919, 40.544234 ], [ -111.80096, 40.544235 ], [ -111.800978, 40.547858 ], [ -111.796159, 40.547861 ], [ -111.796202, 40.551483 ], [ -111.786629, 40.551381 ], [ -111.786583, 40.555044 ], [ -111.791357, 40.555068 ], [ -111.791308, 40.558707 ], [ -111.786546, 40.55871 ], [ -111.786518, 40.562379 ], [ -111.782408, 40.562416 ], [ -111.777009, 40.562413 ], [ -111.776999, 40.566156 ], [ -111.776822, 40.566156 ], [ -111.776902, 40.56947 ], [ -111.776952, 40.571362 ], [ -111.776968, 40.571922 ], [ -111.777054, 40.572395 ], [ -111.777077, 40.572967 ], [ -111.778721, 40.573852 ], [ -111.781295, 40.574541 ], [ -111.785916, 40.576289 ], [ -111.785723, 40.575633 ], [ -111.786624, 40.57532 ], [ -111.788279, 40.575938 ], [ -111.790308, 40.57614 ], [ -111.79216, 40.576202 ], [ -111.793365, 40.576866 ], [ -111.794685, 40.576721 ], [ -111.796089, 40.578503 ], [ -111.796114, 40.582052 ], [ -111.796271, 40.581843 ], [ -111.800589, 40.581836 ], [ -111.80084, 40.582523 ], [ -111.801495, 40.582521 ], [ -111.801497, 40.580397 ], [ -111.80094, 40.579582 ], [ -111.803253, 40.579395 ], [ -111.803248, 40.578033 ], [ -111.805517, 40.577882 ], [ -111.805573, 40.577871 ], [ -111.8067, 40.577663 ], [ -111.808077, 40.577386 ], [ -111.808285, 40.577344 ], [ -111.808298, 40.578817 ], [ -111.810338, 40.578815 ], [ -111.81031, 40.579242 ], [ -111.810812, 40.580432 ], [ -111.815074, 40.580419 ], [ -111.815667, 40.581046 ], [ -111.81555, 40.581262 ], [ -111.815558, 40.581601 ], [ -111.815546, 40.582309 ], [ -111.815546, 40.583642 ], [ -111.815549, 40.584331 ], [ -111.815535, 40.585009 ], [ -111.815541, 40.586356 ], [ -111.817559, 40.58642 ], [ -111.819978, 40.586875 ], [ -111.822876, 40.587449 ], [ -111.823826, 40.587993 ], [ -111.823187, 40.590183 ], [ -111.823377, 40.590186 ], [ -111.823583, 40.592283 ], [ -111.824975, 40.593036 ], [ -111.826222, 40.594398 ], [ -111.826769, 40.594239 ], [ -111.828415, 40.594447 ], [ -111.829464, 40.594608 ], [ -111.830936, 40.594924 ], [ -111.831783, 40.594913 ], [ -111.833668, 40.594927 ], [ -111.835091, 40.594993 ], [ -111.836436, 40.595738 ], [ -111.83712, 40.595151 ], [ -111.838505, 40.59556 ], [ -111.839895, 40.59504 ], [ -111.841691, 40.595023 ], [ -111.84265, 40.595031 ], [ -111.843619, 40.595035 ], [ -111.843649, 40.595035 ], [ -111.843659, 40.595599 ], [ -111.843637, 40.59864 ], [ -111.843623, 40.598682 ], [ -111.843623, 40.598722 ], [ -111.843623, 40.598994 ], [ -111.843629, 40.599955 ], [ -111.843627, 40.600584 ], [ -111.84433, 40.600775 ], [ -111.845234, 40.601281 ], [ -111.846297, 40.602078 ], [ -111.847858, 40.602718 ], [ -111.848366, 40.60272 ], [ -111.848363, 40.603831 ], [ -111.848355, 40.603895 ], [ -111.848354, 40.604106 ], [ -111.848899, 40.604118 ], [ -111.85312, 40.604116 ], [ -111.853112, 40.605609 ], [ -111.853086, 40.606295 ], [ -111.853086, 40.607292 ], [ -111.853397, 40.610549 ], [ -111.855329, 40.609636 ], [ -111.856652, 40.60959 ], [ -111.857342, 40.60958 ], [ -111.858481, 40.609583 ], [ -111.860707, 40.609587 ], [ -111.862605, 40.609587 ], [ -111.864919, 40.609571 ], [ -111.867477, 40.60955 ], [ -111.867486, 40.610992 ], [ -111.868406, 40.611916 ], [ -111.869712, 40.612284 ], [ -111.869723, 40.611255 ], [ -111.870292, 40.611346 ], [ -111.872054, 40.611801 ], [ -111.872174, 40.610543 ], [ -111.87218, 40.609541 ], [ -111.872172, 40.608723 ], [ -111.872171, 40.608385 ], [ -111.872192, 40.605886 ], [ -111.872178, 40.604934 ], [ -111.872173, 40.604526 ], [ -111.872167, 40.604127 ], [ -111.87216, 40.603619 ], [ -111.872158, 40.603276 ], [ -111.87215, 40.601366 ], [ -111.87215, 40.601025 ], [ -111.87215, 40.600941 ], [ -111.872146, 40.598686 ], [ -111.872149, 40.598442 ], [ -111.872152, 40.5982 ], [ -111.872162, 40.597283 ], [ -111.872167, 40.596842 ], [ -111.872172, 40.596292 ], [ -111.872167, 40.595254 ], [ -111.872169, 40.594995 ], [ -111.872187, 40.593754 ], [ -111.872221, 40.591647 ], [ -111.871447, 40.591513 ], [ -111.870676, 40.59138 ], [ -111.869133, 40.591105 ], [ -111.86744, 40.590782 ], [ -111.866782, 40.590657 ], [ -111.865558, 40.590426 ], [ -111.864529, 40.590255 ], [ -111.864732, 40.588675 ], [ -111.865337, 40.588492 ], [ -111.865679, 40.587913 ], [ -111.863908, 40.586348 ], [ -111.863337, 40.583095 ], [ -111.861436, 40.581068 ], [ -111.861763, 40.580699 ], [ -111.861585, 40.580543 ], [ -111.859535, 40.580545 ], [ -111.857875, 40.580513 ], [ -111.855283, 40.580473 ], [ -111.853228, 40.580441 ], [ -111.853146, 40.579812 ], [ -111.85314, 40.574166 ], [ -111.853145, 40.573557 ], [ -111.85314, 40.57315 ], [ -111.853123, 40.571867 ], [ -111.853115, 40.569199 ], [ -111.85311, 40.568238 ], [ -111.853113, 40.565966 ], [ -111.85311, 40.565539 ], [ -111.853169, 40.562711 ], [ -111.853173, 40.562362 ], [ -111.853183, 40.561549 ] ] ] ] } },
{ "type": "Feature", "properties": { "id": 24, "NAME": "24", "TotalPop": 44877, "PopDevPct": 0.02878058, "DemPct": 0.36992284, "RepPct": 0.60315441, "WhitePct": 0.82785074, "MinorityPct": 0.17214926, "BlackPct": 0.01113907, "HispanicPct": 0.06806186, "PacificPct": 0.01319504, "AsianPct": 0.06658893, "NativePct": 0.01110838, "TotalVAP": 32588, "Margin": -0.23323157, "color": "#960018", "opacity": "0.5", "DemPct2": 0.34665179, "RepPct2": 0.61574314, "Margin2": -0.26909135, "Swing": 0.03585978, "R_Margin": -0.0345225196000001, "R_Margin2": -0.0645442241333333, "R_Swing": 0.030021704533333235, "Majority": "White" }, "geometry": { "type": "MultiPolygon", "coordinates": [ [ [ [ -111.979352, 40.551668 ], [ -111.9827, 40.548383 ], [ -111.983822, 40.546629 ], [ -111.9843, 40.544199 ], [ -111.984295, 40.536907 ], [ -111.984073, 40.536907 ], [ -111.982523, 40.536967 ], [ -111.980961, 40.536963 ], [ -111.97922, 40.536956 ], [ -111.97825, 40.536952 ], [ -111.976742, 40.536948 ], [ -111.973064, 40.536863 ], [ -111.972527, 40.536865 ], [ -111.971049, 40.53686 ], [ -111.970472, 40.536858 ], [ -111.970011, 40.536857 ], [ -111.969714, 40.536856 ], [ -111.967018, 40.53685 ], [ -111.965056, 40.536849 ], [ -111.963391, 40.536847 ], [ -111.957686, 40.536853 ], [ -111.957743, 40.539194 ], [ -111.957711, 40.540397 ], [ -111.957711, 40.5405 ], [ -111.956351, 40.540505 ], [ -111.952378, 40.540491 ], [ -111.950888, 40.540475 ], [ -111.948929, 40.540461 ], [ -111.948218, 40.540472 ], [ -111.948201, 40.538922 ], [ -111.948179, 40.536855 ], [ -111.947648, 40.536853 ], [ -111.947215, 40.53686 ], [ -111.944369, 40.536888 ], [ -111.942473, 40.536896 ], [ -111.941273, 40.536897 ], [ -111.941292, 40.537899 ], [ -111.941241, 40.540667 ], [ -111.939512, 40.540665 ], [ -111.938674, 40.540662 ], [ -111.93868, 40.540123 ], [ -111.938669, 40.539172 ], [ -111.9368, 40.539191 ], [ -111.936338, 40.539668 ], [ -111.93616, 40.539776 ], [ -111.935922, 40.539925 ], [ -111.935331, 40.540369 ], [ -111.934423, 40.540336 ], [ -111.934418, 40.540476 ], [ -111.934379, 40.540476 ], [ -111.933921, 40.540477 ], [ -111.933929, 40.539876 ], [ -111.933923, 40.539776 ], [ -111.933509, 40.539847 ], [ -111.93336, 40.539873 ], [ -111.930515, 40.540368 ], [ -111.930242, 40.540419 ], [ -111.929124, 40.540415 ], [ -111.929125, 40.54028 ], [ -111.929128, 40.539993 ], [ -111.929133, 40.539366 ], [ -111.929133, 40.539156 ], [ -111.929131, 40.537977 ], [ -111.927669, 40.538005 ], [ -111.92348, 40.537893 ], [ -111.920201, 40.538001 ], [ -111.920057, 40.537329 ], [ -111.920318, 40.5373 ], [ -111.920117, 40.536955 ], [ -111.917392, 40.536966 ], [ -111.917444, 40.537947 ], [ -111.917353, 40.538 ], [ -111.917306, 40.538017 ], [ -111.917231, 40.538032 ], [ -111.917165, 40.538032 ], [ -111.917087, 40.538022 ], [ -111.917048, 40.538005 ], [ -111.91696, 40.537954 ], [ -111.916911, 40.537912 ], [ -111.91687, 40.537878 ], [ -111.916813, 40.53785 ], [ -111.916714, 40.537851 ], [ -111.916677, 40.537859 ], [ -111.916643, 40.537873 ], [ -111.916604, 40.537898 ], [ -111.916543, 40.537946 ], [ -111.916497, 40.537993 ], [ -111.916472, 40.538027 ], [ -111.916455, 40.538066 ], [ -111.91644, 40.538107 ], [ -111.916436, 40.538137 ], [ -111.916433, 40.538173 ], [ -111.916433, 40.53822 ], [ -111.916438, 40.538278 ], [ -111.916453, 40.538337 ], [ -111.916475, 40.538381 ], [ -111.916514, 40.53842 ], [ -111.916572, 40.538459 ], [ -111.916645, 40.538483 ], [ -111.916953, 40.538556 ], [ -111.917199, 40.538651 ], [ -111.917294, 40.538698 ], [ -111.917484, 40.538827 ], [ -111.91836, 40.539973 ], [ -111.916799, 40.540671 ], [ -111.916316, 40.543085 ], [ -111.91657, 40.544265 ], [ -111.913835, 40.54427 ], [ -111.910341, 40.544202 ], [ -111.908008, 40.543996 ], [ -111.905526, 40.544326 ], [ -111.902835, 40.544326 ], [ -111.900769, 40.544327 ], [ -111.898647, 40.544337 ], [ -111.89494, 40.544313 ], [ -111.896707, 40.551552 ], [ -111.898407, 40.558887 ], [ -111.899732, 40.565805 ], [ -111.9001, 40.569703 ], [ -111.900782, 40.56971 ], [ -111.902135, 40.569718 ], [ -111.904017, 40.573294 ], [ -111.906336, 40.573306 ], [ -111.909173, 40.573308 ], [ -111.910242, 40.573504 ], [ -111.914924, 40.57349 ], [ -111.914987, 40.573271 ], [ -111.915448, 40.573276 ], [ -111.91582, 40.573273 ], [ -111.91664, 40.573265 ], [ -111.91686, 40.573519 ], [ -111.918696, 40.576384 ], [ -111.920165, 40.577319 ], [ -111.921589, 40.579022 ], [ -111.920116, 40.579753 ], [ -111.919164, 40.580517 ], [ -111.919973, 40.580503 ], [ -111.920252, 40.580499 ], [ -111.922301, 40.580498 ], [ -111.922502, 40.58051 ], [ -111.922514, 40.581583 ], [ -111.924396, 40.581584 ], [ -111.924398, 40.5821 ], [ -111.926792, 40.582098 ], [ -111.92916, 40.581419 ], [ -111.929154, 40.580454 ], [ -111.936697, 40.580456 ], [ -111.937659, 40.580452 ], [ -111.938697, 40.580455 ], [ -111.941798, 40.580458 ], [ -111.943557, 40.580458 ], [ -111.944081, 40.580462 ], [ -111.946382, 40.580459 ], [ -111.948172, 40.58046 ], [ -111.949676, 40.580464 ], [ -111.949839, 40.580964 ], [ -111.950685, 40.580968 ], [ -111.953049, 40.580967 ], [ -111.957752, 40.580931 ], [ -111.957749, 40.580507 ], [ -111.967304, 40.580491 ], [ -111.968942, 40.580489 ], [ -111.969028, 40.580488 ], [ -111.972053, 40.580503 ], [ -111.977014, 40.580528 ], [ -111.977099, 40.580529 ], [ -111.979266, 40.580557 ], [ -111.979941, 40.580567 ], [ -111.982055, 40.580567 ], [ -111.985693, 40.580585 ], [ -111.986441, 40.580588 ], [ -111.99077, 40.580596 ], [ -111.992379, 40.580622 ], [ -111.997292, 40.58063 ], [ -112.003982, 40.580624 ], [ -112.004907, 40.580619 ], [ -112.005859, 40.580587 ], [ -112.013656, 40.576721 ], [ -112.01367, 40.573312 ], [ -112.014658, 40.573313 ], [ -112.014809, 40.568192 ], [ -112.014828, 40.565971 ], [ -112.013702, 40.565975 ], [ -112.010441, 40.565971 ], [ -112.008601, 40.565967 ], [ -112.005116, 40.565979 ], [ -112.002577, 40.565986 ], [ -111.999777, 40.56603 ], [ -111.998766, 40.566027 ], [ -111.995346, 40.566043 ], [ -111.994864, 40.566047 ], [ -111.994905, 40.566835 ], [ -111.995076, 40.567448 ], [ -111.995089, 40.568101 ], [ -111.994737, 40.568446 ], [ -111.99366, 40.569289 ], [ -111.992518, 40.570226 ], [ -111.99176, 40.570952 ], [ -111.990605, 40.57352 ], [ -111.988147, 40.573502 ], [ -111.986362, 40.573502 ], [ -111.985734, 40.573508 ], [ -111.98267, 40.57332 ], [ -111.979933, 40.573306 ], [ -111.977195, 40.573286 ], [ -111.977205, 40.56596 ], [ -111.97718, 40.561914 ], [ -111.977138, 40.556649 ], [ -111.977479, 40.554532 ], [ -111.979352, 40.551668 ] ] ] ] } },
{ "type": "Feature", "properties": { "id": 25, "NAME": "25", "TotalPop": 44501, "PopDevPct": 0.02016098, "DemPct": 0.45358659, "RepPct": 0.51830063, "WhitePct": 0.7749099, "MinorityPct": 0.2250901, "BlackPct": 0.01860305, "HispanicPct": 0.11865454, "PacificPct": 0.01757337, "AsianPct": 0.05828042, "NativePct": 0.01475888, "TotalVAP": 29135, "Margin": -0.06471404, "color": "#ff8a8a", "opacity": "0.5", "DemPct2": 0.43455573, "RepPct2": 0.52068173, "Margin2": -0.086126, "Swing": 0.02141196, "R_Margin": 0.1339950104, "R_Margin2": 0.11842112586666667, "R_Swing": 0.015573884533333289, "Majority": "White" }, "geometry": { "type": "MultiPolygon", "coordinates": [ [ [ [ -111.97718, 40.561914 ], [ -111.977205, 40.56596 ], [ -111.977195, 40.573286 ], [ -111.979933, 40.573306 ], [ -111.98267, 40.57332 ], [ -111.985734, 40.573508 ], [ -111.986362, 40.573502 ], [ -111.988147, 40.573502 ], [ -111.990605, 40.57352 ], [ -111.99176, 40.570952 ], [ -111.992518, 40.570226 ], [ -111.99366, 40.569289 ], [ -111.994737, 40.568446 ], [ -111.995089, 40.568101 ], [ -111.995076, 40.567448 ], [ -111.994905, 40.566835 ], [ -111.994864, 40.566047 ], [ -111.995346, 40.566043 ], [ -111.998766, 40.566027 ], [ -111.999777, 40.56603 ], [ -112.002577, 40.565986 ], [ -112.005116, 40.565979 ], [ -112.008601, 40.565967 ], [ -112.010441, 40.565971 ], [ -112.013702, 40.565975 ], [ -112.014828, 40.565971 ], [ -112.015318, 40.565972 ], [ -112.017738, 40.56598 ], [ -112.026174, 40.565966 ], [ -112.026182, 40.567321 ], [ -112.027044, 40.567322 ], [ -112.027043, 40.565967 ], [ -112.031939, 40.565975 ], [ -112.03324, 40.565978 ], [ -112.035336, 40.565975 ], [ -112.036682, 40.566028 ], [ -112.040325, 40.566026 ], [ -112.054293, 40.565998 ], [ -112.063265, 40.565982 ], [ -112.079187, 40.566015 ], [ -112.08168, 40.56619 ], [ -112.083567, 40.566297 ], [ -112.084858, 40.566279 ], [ -112.086891, 40.566183 ], [ -112.088399, 40.566177 ], [ -112.088893, 40.566177 ], [ -112.091772, 40.566186 ], [ -112.09188, 40.567431 ], [ -112.10061, 40.570801 ], [ -112.101032, 40.570498 ], [ -112.101977, 40.572857 ], [ -112.111672, 40.57154 ], [ -112.113741, 40.570592 ], [ -112.114515, 40.569735 ], [ -112.115347, 40.566991 ], [ -112.116745, 40.565819 ], [ -112.123653, 40.565933 ], [ -112.130237, 40.566249 ], [ -112.130738, 40.565532 ], [ -112.130639, 40.563248 ], [ -112.129361, 40.562951 ], [ -112.128396, 40.560572 ], [ -112.129866, 40.560024 ], [ -112.129807, 40.55888 ], [ -112.131815, 40.556892 ], [ -112.135379, 40.559931 ], [ -112.141425, 40.563324 ], [ -112.142905, 40.56435 ], [ -112.148535, 40.569228 ], [ -112.14978, 40.570837 ], [ -112.153451, 40.573276 ], [ -112.155035, 40.574792 ], [ -112.156741, 40.574941 ], [ -112.15865, 40.574381 ], [ -112.162769, 40.573893 ], [ -112.165427, 40.573257 ], [ -112.166939, 40.572324 ], [ -112.169179, 40.572692 ], [ -112.171915, 40.573758 ], [ -112.174774, 40.573599 ], [ -112.176258, 40.574021 ], [ -112.180564, 40.573928 ], [ -112.182613, 40.574605 ], [ -112.183539, 40.573678 ], [ -112.183379, 40.572531 ], [ -112.182046, 40.570879 ], [ -112.181953, 40.566493 ], [ -112.183377, 40.564648 ], [ -112.182907, 40.56219 ], [ -112.180244, 40.558187 ], [ -112.178312, 40.556415 ], [ -112.178923, 40.554533 ], [ -112.178606, 40.552788 ], [ -112.179167, 40.550178 ], [ -112.179914, 40.548726 ], [ -112.180036, 40.54586 ], [ -112.182153, 40.543662 ], [ -112.182789, 40.54098 ], [ -112.182738, 40.538558 ], [ -112.18184, 40.537678 ], [ -112.181318, 40.534996 ], [ -112.180097, 40.532635 ], [ -112.179195, 40.531612 ], [ -112.179462, 40.52883 ], [ -112.1788, 40.527176 ], [ -112.179093, 40.5231 ], [ -112.178764, 40.52177 ], [ -112.180739, 40.520739 ], [ -112.183822, 40.518468 ], [ -112.185211, 40.517778 ], [ -112.187647, 40.513795 ], [ -112.187146, 40.513079 ], [ -112.185378, 40.510341 ], [ -112.184586, 40.508318 ], [ -112.180985, 40.503448 ], [ -112.179722, 40.502221 ], [ -112.1776, 40.501377 ], [ -112.175845, 40.500142 ], [ -112.178767, 40.49821 ], [ -112.180016, 40.49799 ], [ -112.181268, 40.495295 ], [ -112.181433, 40.493918 ], [ -112.181019, 40.491829 ], [ -112.177016, 40.485383 ], [ -112.177317, 40.484595 ], [ -112.176032, 40.484907 ], [ -112.176483, 40.486294 ], [ -112.175977, 40.486696 ], [ -112.176808, 40.487866 ], [ -112.176298, 40.489521 ], [ -112.173096, 40.488151 ], [ -112.171072, 40.488607 ], [ -112.170319, 40.489292 ], [ -112.171098, 40.490682 ], [ -112.168951, 40.490432 ], [ -112.167532, 40.488672 ], [ -112.164859, 40.487472 ], [ -112.15986, 40.487576 ], [ -112.157394, 40.48643 ], [ -112.154893, 40.486112 ], [ -112.154444, 40.487801 ], [ -112.156143, 40.489415 ], [ -112.15367, 40.488399 ], [ -112.151007, 40.486075 ], [ -112.149413, 40.485574 ], [ -112.147689, 40.485869 ], [ -112.144769, 40.484741 ], [ -112.142813, 40.485428 ], [ -112.139017, 40.48536 ], [ -112.134547, 40.487046 ], [ -112.132266, 40.48722 ], [ -112.131526, 40.487656 ], [ -112.127192, 40.488784 ], [ -112.125628, 40.489486 ], [ -112.122354, 40.489288 ], [ -112.120175, 40.490222 ], [ -112.117619, 40.492481 ], [ -112.116653, 40.493987 ], [ -112.114912, 40.495091 ], [ -112.112867, 40.497325 ], [ -112.111522, 40.499336 ], [ -112.110183, 40.500354 ], [ -112.109775, 40.50189 ], [ -112.107917, 40.504911 ], [ -112.108285, 40.507465 ], [ -112.107367, 40.508356 ], [ -112.105171, 40.509656 ], [ -112.103529, 40.510221 ], [ -112.100281, 40.512441 ], [ -112.097009, 40.513497 ], [ -112.093526, 40.512898 ], [ -112.091004, 40.513377 ], [ -112.087541, 40.513814 ], [ -112.082833, 40.512765 ], [ -112.081301, 40.512599 ], [ -112.077049, 40.512928 ], [ -112.077026, 40.515153 ], [ -112.057889, 40.515144 ], [ -112.057915, 40.51878 ], [ -112.048344, 40.518765 ], [ -112.048337, 40.515085 ], [ -112.046353, 40.515496 ], [ -112.043552, 40.516525 ], [ -112.041169, 40.517803 ], [ -112.039248, 40.51881 ], [ -112.038426, 40.516159 ], [ -112.036259, 40.517282 ], [ -112.033165, 40.517334 ], [ -112.033216, 40.520082 ], [ -112.03301, 40.5201 ], [ -112.033009, 40.520394 ], [ -112.032993, 40.523875 ], [ -112.032991, 40.525433 ], [ -112.032991, 40.525601 ], [ -112.028707, 40.525586 ], [ -112.023832, 40.525438 ], [ -112.021267, 40.525124 ], [ -112.019984, 40.524541 ], [ -112.017441, 40.522753 ], [ -112.015446, 40.522415 ], [ -112.011062, 40.52242 ], [ -112.011071, 40.521846 ], [ -112.0107, 40.522009 ], [ -112.008533, 40.522474 ], [ -112.006017, 40.522518 ], [ -112.004777, 40.522487 ], [ -111.99994, 40.522366 ], [ -111.998274, 40.522347 ], [ -111.999081, 40.523381 ], [ -111.999081, 40.524933 ], [ -111.999081, 40.529641 ], [ -111.999923, 40.529621 ], [ -111.99995, 40.533198 ], [ -111.999977, 40.536962 ], [ -111.998448, 40.536969 ], [ -111.995262, 40.536979 ], [ -111.993121, 40.536983 ], [ -111.992512, 40.536984 ], [ -111.991643, 40.53698 ], [ -111.986258, 40.536912 ], [ -111.984295, 40.536907 ], [ -111.9843, 40.544199 ], [ -111.983822, 40.546629 ], [ -111.9827, 40.548383 ], [ -111.979352, 40.551668 ], [ -111.977479, 40.554532 ], [ -111.977138, 40.556649 ], [ -111.97718, 40.561914 ] ] ] ] } },
{ "type": "Feature", "properties": { "id": 26, "NAME": "26", "TotalPop": 45158, "PopDevPct": 0.03522235, "DemPct": 0.32242899, "RepPct": 0.65146915, "WhitePct": 0.80309933, "MinorityPct": 0.19690067, "BlackPct": 0.01610647, "HispanicPct": 0.1104136, "PacificPct": 0.01908383, "AsianPct": 0.03669692, "NativePct": 0.01775657, "TotalVAP": 27877, "Margin": -0.32904016, "color": "#960018", "opacity": "0.5", "DemPct2": 0.30994547, "RepPct2": 0.64705271, "Margin2": -0.33710724, "Swing": 0.0080670799999999487, "R_Margin": -0.1303311096, "R_Margin2": -0.13256011413333332, "R_Swing": 0.0022290045333332852, "Majority": "White" }, "geometry": { "type": "MultiPolygon", "coordinates": [ [ [ [ -112.034028, 40.462929 ], [ -112.033148, 40.462552 ], [ -112.032543, 40.460127 ], [ -112.03288, 40.458254 ], [ -112.0319, 40.456565 ], [ -112.03152, 40.456171 ], [ -112.030415, 40.453891 ], [ -112.031475, 40.450547 ], [ -112.0293, 40.450108 ], [ -112.024644, 40.450399 ], [ -112.022768, 40.448322 ], [ -112.020338, 40.447271 ], [ -112.022937, 40.445531 ], [ -112.024324, 40.445207 ], [ -112.024798, 40.444394 ], [ -112.024415, 40.442997 ], [ -112.022199, 40.441363 ], [ -112.021623, 40.439165 ], [ -112.018543, 40.436355 ], [ -112.016208, 40.434985 ], [ -112.014263, 40.435444 ], [ -112.012728, 40.436682 ], [ -112.010634, 40.4372 ], [ -112.010099, 40.436212 ], [ -112.006624, 40.435215 ], [ -112.006915, 40.433652 ], [ -112.009011, 40.432761 ], [ -112.008814, 40.431445 ], [ -112.006579, 40.428433 ], [ -112.006569, 40.426705 ], [ -112.005642, 40.426483 ], [ -112.003573, 40.427069 ], [ -112.001746, 40.426623 ], [ -111.999245, 40.424129 ], [ -111.997178, 40.424119 ], [ -111.993921, 40.424548 ], [ -111.992573, 40.424018 ], [ -111.992453, 40.420363 ], [ -111.990679, 40.419269 ], [ -111.988766, 40.418638 ], [ -111.986205, 40.41837 ], [ -111.984462, 40.417218 ], [ -111.982469, 40.414599 ], [ -111.981962, 40.414169 ], [ -111.981033, 40.415095 ], [ -111.979204, 40.415841 ], [ -111.978658, 40.417091 ], [ -111.973661, 40.417257 ], [ -111.969617, 40.41862 ], [ -111.967959, 40.419732 ], [ -111.966483, 40.419889 ], [ -111.9644, 40.419131 ], [ -111.962019, 40.418952 ], [ -111.960041, 40.418393 ], [ -111.958682, 40.419287 ], [ -111.957708, 40.421763 ], [ -111.954386, 40.421552 ], [ -111.953027, 40.42301 ], [ -111.950108, 40.423349 ], [ -111.948458, 40.424174 ], [ -111.946454, 40.424594 ], [ -111.945117, 40.425599 ], [ -111.938144, 40.429568 ], [ -111.936386, 40.434094 ], [ -111.936703, 40.435214 ], [ -111.938564, 40.435209 ], [ -111.938599, 40.437652 ], [ -111.938652, 40.442345 ], [ -111.933337, 40.442428 ], [ -111.933352, 40.44246 ], [ -111.942806, 40.462654 ], [ -111.943852, 40.464891 ], [ -111.946762, 40.47142 ], [ -111.948435, 40.471416 ], [ -111.95508, 40.47149 ], [ -111.956333, 40.471941 ], [ -111.960065, 40.472555 ], [ -111.963999, 40.474043 ], [ -111.967383, 40.477348 ], [ -111.96975, 40.478619 ], [ -111.971225, 40.479428 ], [ -111.97323, 40.483022 ], [ -111.974541, 40.484142 ], [ -111.979119, 40.485857 ], [ -111.978917, 40.486658 ], [ -111.980484, 40.488699 ], [ -111.981019, 40.489483 ], [ -111.981745, 40.491247 ], [ -111.983125, 40.492504 ], [ -111.985161, 40.492564 ], [ -111.987744, 40.494023 ], [ -111.989997, 40.496153 ], [ -111.991963, 40.498684 ], [ -111.991597, 40.500474 ], [ -112.00384, 40.500531 ], [ -112.005077, 40.500538 ], [ -112.005355, 40.500539 ], [ -112.005349, 40.499934 ], [ -112.005305, 40.495948 ], [ -112.005278, 40.493171 ], [ -112.006075, 40.493167 ], [ -112.011221, 40.493164 ], [ -112.016467, 40.493144 ], [ -112.019621, 40.493137 ], [ -112.019642, 40.494451 ], [ -112.019637, 40.496341 ], [ -112.01964, 40.496769 ], [ -112.017194, 40.496773 ], [ -112.014842, 40.496775 ], [ -112.014848, 40.497575 ], [ -112.014859, 40.499181 ], [ -112.014867, 40.500391 ], [ -112.016718, 40.500458 ], [ -112.019785, 40.500441 ], [ -112.019683, 40.50096 ], [ -112.018977, 40.502157 ], [ -112.018669, 40.503214 ], [ -112.018587, 40.503498 ], [ -112.018563, 40.50358 ], [ -112.018546, 40.503638 ], [ -112.01854, 40.503665 ], [ -112.024467, 40.503702 ], [ -112.024454, 40.507829 ], [ -112.020615, 40.507847 ], [ -112.020551, 40.507848 ], [ -112.016801, 40.507866 ], [ -112.014777, 40.507876 ], [ -112.012659, 40.507885 ], [ -112.011163, 40.507892 ], [ -112.010163, 40.507897 ], [ -112.007283, 40.507874 ], [ -112.005389, 40.50786 ], [ -112.005368, 40.511676 ], [ -112.008995, 40.51168 ], [ -112.009087, 40.512526 ], [ -112.009086, 40.513616 ], [ -112.009085, 40.514178 ], [ -112.009085, 40.514584 ], [ -112.009085, 40.514989 ], [ -112.009085, 40.51548 ], [ -112.009084, 40.51595 ], [ -112.009267, 40.515959 ], [ -112.010708, 40.515949 ], [ -112.010708, 40.516434 ], [ -112.010701, 40.518913 ], [ -112.0107, 40.522009 ], [ -112.011071, 40.521846 ], [ -112.011062, 40.52242 ], [ -112.015446, 40.522415 ], [ -112.017441, 40.522753 ], [ -112.019984, 40.524541 ], [ -112.021267, 40.525124 ], [ -112.023832, 40.525438 ], [ -112.028707, 40.525586 ], [ -112.032991, 40.525601 ], [ -112.032991, 40.525433 ], [ -112.032993, 40.523875 ], [ -112.033009, 40.520394 ], [ -112.03301, 40.5201 ], [ -112.033216, 40.520082 ], [ -112.033165, 40.517334 ], [ -112.036259, 40.517282 ], [ -112.038426, 40.516159 ], [ -112.039248, 40.51881 ], [ -112.041169, 40.517803 ], [ -112.043552, 40.516525 ], [ -112.046353, 40.515496 ], [ -112.048337, 40.515085 ], [ -112.048344, 40.518765 ], [ -112.057915, 40.51878 ], [ -112.057889, 40.515144 ], [ -112.077026, 40.515153 ], [ -112.077049, 40.512928 ], [ -112.081301, 40.512599 ], [ -112.082833, 40.512765 ], [ -112.087541, 40.513814 ], [ -112.091004, 40.513377 ], [ -112.093526, 40.512898 ], [ -112.097009, 40.513497 ], [ -112.100281, 40.512441 ], [ -112.103529, 40.510221 ], [ -112.105171, 40.509656 ], [ -112.107367, 40.508356 ], [ -112.108285, 40.507465 ], [ -112.107917, 40.504911 ], [ -112.109775, 40.50189 ], [ -112.110183, 40.500354 ], [ -112.111522, 40.499336 ], [ -112.112867, 40.497325 ], [ -112.114912, 40.495091 ], [ -112.116653, 40.493987 ], [ -112.117619, 40.492481 ], [ -112.120175, 40.490222 ], [ -112.122354, 40.489288 ], [ -112.125628, 40.489486 ], [ -112.127192, 40.488784 ], [ -112.131526, 40.487656 ], [ -112.132266, 40.48722 ], [ -112.134547, 40.487046 ], [ -112.139017, 40.48536 ], [ -112.142813, 40.485428 ], [ -112.144769, 40.484741 ], [ -112.147689, 40.485869 ], [ -112.149413, 40.485574 ], [ -112.151007, 40.486075 ], [ -112.15367, 40.488399 ], [ -112.156143, 40.489415 ], [ -112.154444, 40.487801 ], [ -112.154893, 40.486112 ], [ -112.157394, 40.48643 ], [ -112.15986, 40.487576 ], [ -112.164859, 40.487472 ], [ -112.167532, 40.488672 ], [ -112.168951, 40.490432 ], [ -112.171098, 40.490682 ], [ -112.170319, 40.489292 ], [ -112.171072, 40.488607 ], [ -112.173096, 40.488151 ], [ -112.176298, 40.489521 ], [ -112.176808, 40.487866 ], [ -112.175977, 40.486696 ], [ -112.176483, 40.486294 ], [ -112.176032, 40.484907 ], [ -112.177317, 40.484595 ], [ -112.177484, 40.484269 ], [ -112.178141, 40.482066 ], [ -112.17601, 40.479024 ], [ -112.176313, 40.476933 ], [ -112.175316, 40.47621 ], [ -112.173973, 40.476116 ], [ -112.173393, 40.474601 ], [ -112.171846, 40.472252 ], [ -112.171567, 40.471182 ], [ -112.171968, 40.469133 ], [ -112.172862, 40.467065 ], [ -112.171941, 40.465479 ], [ -112.165407, 40.462284 ], [ -112.164052, 40.462405 ], [ -112.159967, 40.461041 ], [ -112.15627, 40.464339 ], [ -112.155618, 40.466169 ], [ -112.156113, 40.466912 ], [ -112.153642, 40.468357 ], [ -112.150575, 40.468049 ], [ -112.148718, 40.469604 ], [ -112.147612, 40.469624 ], [ -112.14592, 40.470456 ], [ -112.143217, 40.470437 ], [ -112.141091, 40.468538 ], [ -112.138795, 40.46847 ], [ -112.137009, 40.466791 ], [ -112.134646, 40.466106 ], [ -112.1331, 40.464682 ], [ -112.131821, 40.464441 ], [ -112.130855, 40.462811 ], [ -112.127938, 40.461037 ], [ -112.125648, 40.458962 ], [ -112.124252, 40.458555 ], [ -112.122318, 40.456033 ], [ -112.121285, 40.454236 ], [ -112.119311, 40.452689 ], [ -112.116406, 40.451313 ], [ -112.114251, 40.450016 ], [ -112.114087, 40.449229 ], [ -112.113417, 40.447461 ], [ -112.114148, 40.445738 ], [ -112.114619, 40.443292 ], [ -112.114424, 40.441289 ], [ -112.112445, 40.439249 ], [ -112.111691, 40.439084 ], [ -112.11003, 40.44041 ], [ -112.106375, 40.442166 ], [ -112.104581, 40.442591 ], [ -112.10208, 40.444736 ], [ -112.101169, 40.445545 ], [ -112.096845, 40.447036 ], [ -112.095038, 40.447175 ], [ -112.093551, 40.44783 ], [ -112.088666, 40.447836 ], [ -112.08751, 40.448368 ], [ -112.085042, 40.447598 ], [ -112.083211, 40.447623 ], [ -112.081427, 40.448248 ], [ -112.08038, 40.44697 ], [ -112.078786, 40.446615 ], [ -112.076604, 40.447151 ], [ -112.071864, 40.44676 ], [ -112.070943, 40.445687 ], [ -112.066561, 40.446509 ], [ -112.065173, 40.448804 ], [ -112.061605, 40.450063 ], [ -112.060701, 40.450652 ], [ -112.059672, 40.452297 ], [ -112.059379, 40.452994 ], [ -112.05771, 40.45381 ], [ -112.054242, 40.454923 ], [ -112.047086, 40.456637 ], [ -112.04577, 40.457437 ], [ -112.045084, 40.458964 ], [ -112.043562, 40.45961 ], [ -112.041635, 40.460696 ], [ -112.040158, 40.462818 ], [ -112.03817, 40.464623 ], [ -112.035463, 40.463908 ], [ -112.034028, 40.462929 ] ] ] ] } },
{ "type": "Feature", "properties": { "id": 27, "NAME": "27", "TotalPop": 42992, "PopDevPct": -0.01443201, "DemPct": 0.41163845, "RepPct": 0.56308133, "WhitePct": 0.80921032, "MinorityPct": 0.19078968, "BlackPct": 0.01933267, "HispanicPct": 0.08754295, "PacificPct": 0.01172164, "AsianPct": 0.0570667, "NativePct": 0.01833713, "TotalVAP": 31139, "Margin": -0.15144288, "color": "#ff2020", "opacity": "0.5", "DemPct2": 0.3996105, "RepPct2": 0.5661226, "Margin2": -0.1665121, "Swing": 0.01506922, "R_Margin": 0.0472661704, "R_Margin2": 0.0380350258666666, "R_Swing": 0.0092311445333333308, "Majority": "White" }, "geometry": { "type": "MultiPolygon", "coordinates": [ [ [ [ -111.810518, 40.544226 ], [ -111.810633, 40.544171 ], [ -111.816827, 40.54423 ], [ -111.821485, 40.544223 ], [ -111.821662, 40.545703 ], [ -111.824084, 40.546275 ], [ -111.829425, 40.546194 ], [ -111.830798, 40.546684 ], [ -111.832856, 40.546267 ], [ -111.834643, 40.54557 ], [ -111.835714, 40.545293 ], [ -111.837747, 40.544287 ], [ -111.838543, 40.54347 ], [ -111.838545, 40.541974 ], [ -111.839353, 40.542071 ], [ -111.842186, 40.541974 ], [ -111.842282, 40.543669 ], [ -111.841304, 40.543747 ], [ -111.840124, 40.544243 ], [ -111.841301, 40.544248 ], [ -111.843812, 40.544258 ], [ -111.844541, 40.544266 ], [ -111.844523, 40.543449 ], [ -111.846142, 40.543451 ], [ -111.846147, 40.544252 ], [ -111.846816, 40.544245 ], [ -111.847454, 40.544238 ], [ -111.848224, 40.544246 ], [ -111.849436, 40.544275 ], [ -111.850453, 40.544295 ], [ -111.851225, 40.54429 ], [ -111.853455, 40.544283 ], [ -111.855529, 40.544283 ], [ -111.856054, 40.544276 ], [ -111.85756, 40.544267 ], [ -111.858577, 40.544294 ], [ -111.860665, 40.54429 ], [ -111.860771, 40.544286 ], [ -111.861584, 40.544283 ], [ -111.862735, 40.544269 ], [ -111.865472, 40.544262 ], [ -111.865912, 40.544263 ], [ -111.867964, 40.544267 ], [ -111.871066, 40.544317 ], [ -111.872005, 40.54431 ], [ -111.873457, 40.544324 ], [ -111.874228, 40.544329 ], [ -111.874395, 40.544328 ], [ -111.877068, 40.544326 ], [ -111.877643, 40.544327 ], [ -111.878363, 40.544326 ], [ -111.881747, 40.544323 ], [ -111.885412, 40.544303 ], [ -111.885514, 40.544304 ], [ -111.888619, 40.544339 ], [ -111.89115, 40.544362 ], [ -111.894573, 40.544312 ], [ -111.89494, 40.544313 ], [ -111.898647, 40.544337 ], [ -111.900769, 40.544327 ], [ -111.902835, 40.544326 ], [ -111.905526, 40.544326 ], [ -111.908008, 40.543996 ], [ -111.910341, 40.544202 ], [ -111.913835, 40.54427 ], [ -111.91657, 40.544265 ], [ -111.916316, 40.543085 ], [ -111.916799, 40.540671 ], [ -111.91836, 40.539973 ], [ -111.917484, 40.538827 ], [ -111.917294, 40.538698 ], [ -111.917199, 40.538651 ], [ -111.916953, 40.538556 ], [ -111.916645, 40.538483 ], [ -111.916572, 40.538459 ], [ -111.916514, 40.53842 ], [ -111.916475, 40.538381 ], [ -111.916453, 40.538337 ], [ -111.916438, 40.538278 ], [ -111.916433, 40.53822 ], [ -111.916433, 40.538173 ], [ -111.916436, 40.538137 ], [ -111.91644, 40.538107 ], [ -111.916455, 40.538066 ], [ -111.916472, 40.538027 ], [ -111.916497, 40.537993 ], [ -111.916543, 40.537946 ], [ -111.916604, 40.537898 ], [ -111.916643, 40.537873 ], [ -111.916677, 40.537859 ], [ -111.916714, 40.537851 ], [ -111.916813, 40.53785 ], [ -111.91687, 40.537878 ], [ -111.916911, 40.537912 ], [ -111.91696, 40.537954 ], [ -111.917048, 40.538005 ], [ -111.917087, 40.538022 ], [ -111.917165, 40.538032 ], [ -111.917231, 40.538032 ], [ -111.917306, 40.538017 ], [ -111.917353, 40.538 ], [ -111.917444, 40.537947 ], [ -111.917392, 40.536966 ], [ -111.917781, 40.534756 ], [ -111.917161, 40.532412 ], [ -111.918038, 40.531876 ], [ -111.920341, 40.531864 ], [ -111.921359, 40.530354 ], [ -111.919996, 40.528601 ], [ -111.919434, 40.526737 ], [ -111.920519, 40.52537 ], [ -111.921836, 40.524691 ], [ -111.921849, 40.523496 ], [ -111.921838, 40.52238 ], [ -111.919386, 40.521801 ], [ -111.920157, 40.520905 ], [ -111.920476, 40.519482 ], [ -111.919367, 40.519521 ], [ -111.91881, 40.519822 ], [ -111.916057, 40.519912 ], [ -111.915614, 40.519233 ], [ -111.915074, 40.517851 ], [ -111.913979, 40.517082 ], [ -111.914942, 40.512701 ], [ -111.915036, 40.511054 ], [ -111.913917, 40.50917 ], [ -111.916028, 40.50676 ], [ -111.916411, 40.504911 ], [ -111.915298, 40.503691 ], [ -111.915368, 40.502074 ], [ -111.916814, 40.5017 ], [ -111.917575, 40.500576 ], [ -111.917599, 40.500001 ], [ -111.919246, 40.49855 ], [ -111.920048, 40.4969 ], [ -111.915045, 40.496947 ], [ -111.915044, 40.496793 ], [ -111.915042, 40.495571 ], [ -111.915058, 40.489763 ], [ -111.905526, 40.489787 ], [ -111.905534, 40.486933 ], [ -111.905536, 40.486154 ], [ -111.902969, 40.486155 ], [ -111.900561, 40.485423 ], [ -111.899002, 40.484125 ], [ -111.898749, 40.483911 ], [ -111.896328, 40.4863 ], [ -111.893588, 40.489014 ], [ -111.892249, 40.490387 ], [ -111.891145, 40.492504 ], [ -111.890924, 40.497064 ], [ -111.890944, 40.500023 ], [ -111.890462, 40.500039 ], [ -111.889171, 40.500678 ], [ -111.884853, 40.500683 ], [ -111.88476, 40.500683 ], [ -111.881801, 40.50068 ], [ -111.877599, 40.500673 ], [ -111.877522, 40.500673 ], [ -111.873841, 40.50067 ], [ -111.872311, 40.500662 ], [ -111.870882, 40.500666 ], [ -111.865112, 40.500647 ], [ -111.861979, 40.50063 ], [ -111.862337, 40.499554 ], [ -111.861618, 40.498671 ], [ -111.860407, 40.499215 ], [ -111.858566, 40.499455 ], [ -111.856116, 40.500846 ], [ -111.852629, 40.503141 ], [ -111.850396, 40.504569 ], [ -111.848871, 40.505043 ], [ -111.845466, 40.505524 ], [ -111.843762, 40.507662 ], [ -111.843518, 40.511356 ], [ -111.843395, 40.513003 ], [ -111.842381, 40.514412 ], [ -111.839682, 40.514167 ], [ -111.838718, 40.513354 ], [ -111.835956, 40.513136 ], [ -111.833529, 40.513461 ], [ -111.832569, 40.51293 ], [ -111.832546, 40.512927 ], [ -111.830089, 40.512114 ], [ -111.829059, 40.5124 ], [ -111.82979, 40.512357 ], [ -111.831319, 40.513699 ], [ -111.831816, 40.514436 ], [ -111.83063, 40.516511 ], [ -111.828946, 40.517022 ], [ -111.828917, 40.518258 ], [ -111.827961, 40.519383 ], [ -111.826349, 40.519499 ], [ -111.826894, 40.520254 ], [ -111.82633, 40.521988 ], [ -111.825486, 40.522383 ], [ -111.824615, 40.522646 ], [ -111.821729, 40.521768 ], [ -111.822557, 40.523228 ], [ -111.822427, 40.524805 ], [ -111.823737, 40.525706 ], [ -111.81819, 40.530939 ], [ -111.813906, 40.533895 ], [ -111.812247, 40.533302 ], [ -111.81116, 40.533701 ], [ -111.807848, 40.533328 ], [ -111.808998, 40.534316 ], [ -111.811361, 40.535299 ], [ -111.81142, 40.535281 ], [ -111.812035, 40.535238 ], [ -111.812079, 40.535249 ], [ -111.812116, 40.535296 ], [ -111.812073, 40.535381 ], [ -111.81192, 40.535546 ], [ -111.811179, 40.536155 ], [ -111.811067, 40.536239 ], [ -111.810567, 40.536585 ], [ -111.810494, 40.536655 ], [ -111.810296, 40.536746 ], [ -111.810039, 40.536936 ], [ -111.810426, 40.536942 ], [ -111.810505, 40.540595 ], [ -111.810507, 40.542505 ], [ -111.810508, 40.542938 ], [ -111.810501, 40.543381 ], [ -111.810513, 40.544119 ], [ -111.810507, 40.54418 ], [ -111.810518, 40.544226 ] ] ] ] } },
{ "type": "Feature", "properties": { "id": 28, "NAME": "28", "TotalPop": 43851, "PopDevPct": 0.00526009, "DemPct": 0.52454952, "RepPct": 0.44304027, "WhitePct": 0.70229512, "MinorityPct": 0.29770488, "BlackPct": 0.02763759, "HispanicPct": 0.21704518, "PacificPct": 0.00675919, "AsianPct": 0.02712689, "NativePct": 0.030882, "TotalVAP": 33288, "Margin": 0.08150925, "color": "#7373ff", "opacity": "0.5", "DemPct2": 0.51414667, "RepPct2": 0.43605704, "Margin2": 0.07808963, "Swing": 0.00341962, "R_Margin": 0.2802183004, "R_Margin2": 0.2826367558666667, "R_Swing": -0.0024184554666667069, "Majority": "White" }, "geometry": { "type": "MultiPolygon", "coordinates": [ [ [ [ -111.929674, 41.190263 ], [ -111.929486, 41.197382 ], [ -111.92929, 41.205678 ], [ -111.929101, 41.211856 ], [ -111.929068, 41.212789 ], [ -111.928963, 41.215932 ], [ -111.928947, 41.218001 ], [ -111.928914, 41.219208 ], [ -111.924262, 41.21926 ], [ -111.924227, 41.226361 ], [ -111.924388, 41.230048 ], [ -111.927741, 41.230014 ], [ -111.929231, 41.228791 ], [ -111.929204, 41.231463 ], [ -111.929174, 41.233837 ], [ -111.927707, 41.233834 ], [ -111.927732, 41.235164 ], [ -111.927748, 41.236257 ], [ -111.927771, 41.237598 ], [ -111.929, 41.237606 ], [ -111.928965, 41.240242 ], [ -111.928915, 41.24461 ], [ -111.928799, 41.25673 ], [ -111.92874, 41.266524 ], [ -111.942934, 41.266543 ], [ -111.944199, 41.265969 ], [ -111.947794, 41.265958 ], [ -111.947807, 41.264832 ], [ -111.947827, 41.264056 ], [ -111.947824, 41.26328 ], [ -111.947831, 41.262518 ], [ -111.947837, 41.261764 ], [ -111.947847, 41.260425 ], [ -111.947857, 41.259257 ], [ -111.94786, 41.258931 ], [ -111.947868, 41.257796 ], [ -111.947875, 41.25688 ], [ -111.947876, 41.256764 ], [ -111.947882, 41.255923 ], [ -111.947883, 41.255788 ], [ -111.947897, 41.255018 ], [ -111.947915, 41.254032 ], [ -111.947946, 41.252324 ], [ -111.947961, 41.251456 ], [ -111.948016, 41.248397 ], [ -111.949435, 41.248405 ], [ -111.95249, 41.248423 ], [ -111.952719, 41.248423 ], [ -111.953407, 41.248426 ], [ -111.953637, 41.248427 ], [ -111.953861, 41.248429 ], [ -111.954533, 41.248435 ], [ -111.954758, 41.248437 ], [ -111.954734, 41.247446 ], [ -111.953385, 41.245479 ], [ -111.953406, 41.2443 ], [ -111.953409, 41.244116 ], [ -111.952774, 41.241165 ], [ -111.952781, 41.240061 ], [ -111.952794, 41.239468 ], [ -111.952822, 41.23829 ], [ -111.952846, 41.237729 ], [ -111.95354, 41.236538 ], [ -111.954751, 41.235913 ], [ -111.956145, 41.235409 ], [ -111.953828, 41.234207 ], [ -111.953455, 41.232974 ], [ -111.953505, 41.230892 ], [ -111.956263, 41.230928 ], [ -111.957455, 41.230945 ], [ -111.959067, 41.230965 ], [ -111.960467, 41.230983 ], [ -111.961868, 41.231002 ], [ -111.961916, 41.228919 ], [ -111.961966, 41.226827 ], [ -111.962014, 41.224738 ], [ -111.962063, 41.222646 ], [ -111.962112, 41.220542 ], [ -111.96216, 41.218451 ], [ -111.962188, 41.217183 ], [ -111.962198, 41.216721 ], [ -111.962208, 41.216355 ], [ -111.962603, 41.21636 ], [ -111.964586, 41.216386 ], [ -111.964972, 41.216392 ], [ -111.965628, 41.216399 ], [ -111.967441, 41.216422 ], [ -111.967747, 41.216428 ], [ -111.970578, 41.216466 ], [ -111.97062, 41.214395 ], [ -111.970636, 41.213504 ], [ -111.970662, 41.212281 ], [ -111.970711, 41.210199 ], [ -111.970725, 41.209182 ], [ -111.970738, 41.208163 ], [ -111.970749, 41.207453 ], [ -111.970797, 41.206074 ], [ -111.970843, 41.204591 ], [ -111.970863, 41.203377 ], [ -111.970904, 41.201869 ], [ -111.970928, 41.200796 ], [ -111.970936, 41.200467 ], [ -111.970946, 41.199738 ], [ -111.971001, 41.197792 ], [ -111.96953, 41.197773 ], [ -111.968183, 41.197756 ], [ -111.966783, 41.197742 ], [ -111.965395, 41.197724 ], [ -111.964035, 41.19771 ], [ -111.963237, 41.197688 ], [ -111.962797, 41.19769 ], [ -111.961617, 41.197669 ], [ -111.960383, 41.197646 ], [ -111.959845, 41.19764 ], [ -111.959894, 41.195904 ], [ -111.959915, 41.195486 ], [ -111.95777, 41.195453 ], [ -111.957778, 41.194749 ], [ -111.958539, 41.194128 ], [ -111.958572, 41.190488 ], [ -111.95862, 41.189855 ], [ -111.958621, 41.189819 ], [ -111.958623, 41.189714 ], [ -111.958625, 41.189679 ], [ -111.958628, 41.189566 ], [ -111.958638, 41.189229 ], [ -111.958642, 41.189117 ], [ -111.958589, 41.189093 ], [ -111.95843, 41.189021 ], [ -111.958377, 41.188997 ], [ -111.958328, 41.188975 ], [ -111.958181, 41.188909 ], [ -111.958132, 41.188887 ], [ -111.957411, 41.188671 ], [ -111.956612, 41.188608 ], [ -111.955851, 41.188566 ], [ -111.955787, 41.188555 ], [ -111.955813, 41.185852 ], [ -111.955826, 41.184246 ], [ -111.955872, 41.182336 ], [ -111.95605, 41.179325 ], [ -111.956106, 41.178486 ], [ -111.956147, 41.176084 ], [ -111.955631, 41.176085 ], [ -111.954011, 41.176058 ], [ -111.954033, 41.175184 ], [ -111.95402, 41.172452 ], [ -111.94845, 41.172464 ], [ -111.947862, 41.171706 ], [ -111.946865, 41.170424 ], [ -111.944991, 41.168188 ], [ -111.94383, 41.166754 ], [ -111.943203, 41.165972 ], [ -111.942368, 41.164927 ], [ -111.940893, 41.164932 ], [ -111.939657, 41.164948 ], [ -111.939927, 41.16648 ], [ -111.937948, 41.166655 ], [ -111.937924, 41.164894 ], [ -111.936334, 41.164894 ], [ -111.936332, 41.164308 ], [ -111.929952, 41.164308 ], [ -111.930045, 41.16122 ], [ -111.923407, 41.161296 ], [ -111.923392, 41.161071 ], [ -111.923237, 41.160109 ], [ -111.920425, 41.160126 ], [ -111.920454, 41.162343 ], [ -111.920468, 41.164391 ], [ -111.920383, 41.172872 ], [ -111.920382, 41.175875 ], [ -111.928117, 41.175906 ], [ -111.930037, 41.175988 ], [ -111.929894, 41.177513 ], [ -111.929674, 41.190263 ] ] ] ] } },
{ "type": "Feature", "properties": { "id": 29, "NAME": "29", "TotalPop": 43482, "PopDevPct": -0.00319903, "DemPct": 0.49072542, "RepPct": 0.47714012, "WhitePct": 0.58918243, "MinorityPct": 0.41081757, "BlackPct": 0.03701735, "HispanicPct": 0.32130686, "PacificPct": 0.00740972, "AsianPct": 0.02473034, "NativePct": 0.03948726, "TotalVAP": 31985, "Margin": 0.0135853, "color": "#ccccff", "opacity": "0.5", "DemPct2": 0.51598911, "RepPct2": 0.4329818, "Margin2": 0.08300731, "Swing": -0.06942201, "R_Margin": 0.2122943504, "R_Margin2": 0.28755443586666674, "R_Swing": -0.075260085466666696, "Majority": "White" }, "geometry": { "type": "MultiPolygon", "coordinates": [ [ [ [ -112.025681, 41.219686 ], [ -112.025746, 41.214261 ], [ -112.025761, 41.21243 ], [ -112.025808, 41.209782 ], [ -112.025801, 41.208805 ], [ -112.02582, 41.205339 ], [ -112.025837, 41.200454 ], [ -112.025838, 41.200383 ], [ -112.025837, 41.198125 ], [ -112.025857, 41.196943 ], [ -112.025495, 41.196939 ], [ -112.023222, 41.19689 ], [ -112.020978, 41.193116 ], [ -112.021012, 41.190774 ], [ -112.021011, 41.190649 ], [ -112.021025, 41.189144 ], [ -112.021064, 41.183496 ], [ -112.020796, 41.183498 ], [ -112.016738, 41.183507 ], [ -112.015168, 41.183515 ], [ -112.014697, 41.183519 ], [ -112.013478, 41.183428 ], [ -112.011056, 41.185351 ], [ -112.010964, 41.186162 ], [ -112.010961, 41.186811 ], [ -112.007097, 41.190352 ], [ -112.002482, 41.194851 ], [ -112.002345, 41.194678 ], [ -111.999203, 41.197892 ], [ -111.997676, 41.197902 ], [ -111.997308, 41.197905 ], [ -111.996874, 41.197908 ], [ -111.996813, 41.197908 ], [ -111.996817, 41.1983 ], [ -111.99682, 41.19859 ], [ -111.996824, 41.199039 ], [ -111.996321, 41.199063 ], [ -111.996108, 41.199073 ], [ -111.99594, 41.199082 ], [ -111.995376, 41.199113 ], [ -111.994435, 41.200166 ], [ -111.992406, 41.200787 ], [ -111.99237, 41.198274 ], [ -111.992045, 41.193453 ], [ -111.988424, 41.193191 ], [ -111.98702, 41.193099 ], [ -111.986967, 41.193099 ], [ -111.985813, 41.193045 ], [ -111.981217, 41.19265 ], [ -111.980554, 41.195194 ], [ -111.97948, 41.195152 ], [ -111.979394, 41.197902 ], [ -111.976612, 41.197866 ], [ -111.973889, 41.197829 ], [ -111.973708, 41.197827 ], [ -111.972468, 41.197811 ], [ -111.971001, 41.197792 ], [ -111.970946, 41.199738 ], [ -111.970936, 41.200467 ], [ -111.970928, 41.200796 ], [ -111.970904, 41.201869 ], [ -111.970863, 41.203377 ], [ -111.970843, 41.204591 ], [ -111.970797, 41.206074 ], [ -111.970749, 41.207453 ], [ -111.970738, 41.208163 ], [ -111.970725, 41.209182 ], [ -111.970711, 41.210199 ], [ -111.970662, 41.212281 ], [ -111.970636, 41.213504 ], [ -111.97062, 41.214395 ], [ -111.970578, 41.216466 ], [ -111.967747, 41.216428 ], [ -111.967441, 41.216422 ], [ -111.965628, 41.216399 ], [ -111.964972, 41.216392 ], [ -111.964586, 41.216386 ], [ -111.962603, 41.21636 ], [ -111.962208, 41.216355 ], [ -111.962198, 41.216721 ], [ -111.962188, 41.217183 ], [ -111.96216, 41.218451 ], [ -111.962112, 41.220542 ], [ -111.962063, 41.222646 ], [ -111.962014, 41.224738 ], [ -111.961966, 41.226827 ], [ -111.961916, 41.228919 ], [ -111.961868, 41.231002 ], [ -111.960467, 41.230983 ], [ -111.959067, 41.230965 ], [ -111.957455, 41.230945 ], [ -111.956263, 41.230928 ], [ -111.953505, 41.230892 ], [ -111.953455, 41.232974 ], [ -111.953828, 41.234207 ], [ -111.956145, 41.235409 ], [ -111.954751, 41.235913 ], [ -111.95354, 41.236538 ], [ -111.952846, 41.237729 ], [ -111.952822, 41.23829 ], [ -111.952794, 41.239468 ], [ -111.952781, 41.240061 ], [ -111.952774, 41.241165 ], [ -111.953409, 41.244116 ], [ -111.953406, 41.2443 ], [ -111.953385, 41.245479 ], [ -111.954734, 41.247446 ], [ -111.954758, 41.248437 ], [ -111.954533, 41.248435 ], [ -111.953861, 41.248429 ], [ -111.953637, 41.248427 ], [ -111.953407, 41.248426 ], [ -111.952719, 41.248423 ], [ -111.95249, 41.248423 ], [ -111.949435, 41.248405 ], [ -111.948016, 41.248397 ], [ -111.947961, 41.251456 ], [ -111.947946, 41.252324 ], [ -111.947915, 41.254032 ], [ -111.947897, 41.255018 ], [ -111.947883, 41.255788 ], [ -111.947882, 41.255923 ], [ -111.947876, 41.256764 ], [ -111.947875, 41.25688 ], [ -111.947868, 41.257796 ], [ -111.94786, 41.258931 ], [ -111.947857, 41.259257 ], [ -111.947847, 41.260425 ], [ -111.947837, 41.261764 ], [ -111.947831, 41.262518 ], [ -111.947824, 41.26328 ], [ -111.947827, 41.264056 ], [ -111.947807, 41.264832 ], [ -111.947794, 41.265958 ], [ -111.944199, 41.265969 ], [ -111.942934, 41.266543 ], [ -111.942966, 41.273832 ], [ -111.943967, 41.273836 ], [ -111.947719, 41.27388 ], [ -111.94767, 41.277524 ], [ -111.947667, 41.277764 ], [ -111.946667, 41.278002 ], [ -111.943951, 41.277972 ], [ -111.942641, 41.277966 ], [ -111.942627, 41.284662 ], [ -111.943949, 41.284684 ], [ -111.945029, 41.284704 ], [ -111.948957, 41.284566 ], [ -111.948916, 41.284798 ], [ -111.952321, 41.284843 ], [ -111.954181, 41.285232 ], [ -111.958545, 41.285228 ], [ -111.959089, 41.285244 ], [ -111.961596, 41.285219 ], [ -111.969133, 41.285252 ], [ -111.969156, 41.284113 ], [ -111.969178, 41.282965 ], [ -111.969234, 41.279901 ], [ -111.969259, 41.278385 ], [ -111.969288, 41.277206 ], [ -111.969293, 41.276794 ], [ -111.969328, 41.275118 ], [ -111.969345, 41.274079 ], [ -111.96936, 41.27294 ], [ -111.969363, 41.272127 ], [ -111.969427, 41.269976 ], [ -111.969444, 41.26967 ], [ -111.969438, 41.269618 ], [ -111.969498, 41.266611 ], [ -111.970637, 41.266826 ], [ -111.972489, 41.266831 ], [ -111.972859, 41.266731 ], [ -111.974374, 41.266666 ], [ -111.977712, 41.266748 ], [ -111.982172, 41.266758 ], [ -111.98387, 41.266761 ], [ -111.986009, 41.266798 ], [ -111.990045, 41.266848 ], [ -111.990572, 41.268034 ], [ -111.991666, 41.27686 ], [ -111.991769, 41.277487 ], [ -111.991868, 41.278175 ], [ -111.995255, 41.28379 ], [ -111.996495, 41.284209 ], [ -111.996533, 41.28423 ], [ -111.99763, 41.284597 ], [ -112.000662, 41.285624 ], [ -112.001384, 41.285836 ], [ -112.002051, 41.285965 ], [ -112.005473, 41.285973 ], [ -112.007387, 41.285957 ], [ -112.008116, 41.285953 ], [ -112.008489, 41.27905 ], [ -112.008548, 41.277616 ], [ -112.008569, 41.275539 ], [ -112.008626, 41.272412 ], [ -112.008847, 41.267089 ], [ -112.008948, 41.259584 ], [ -112.009013, 41.254575 ], [ -112.009262, 41.253965 ], [ -112.009604, 41.251706 ], [ -112.00951, 41.245186 ], [ -112.00938, 41.245183 ], [ -112.008611, 41.245167 ], [ -112.008603, 41.244834 ], [ -112.008594, 41.244626 ], [ -112.008593, 41.244593 ], [ -112.004535, 41.244544 ], [ -112.004592, 41.240999 ], [ -112.003644, 41.240852 ], [ -112.003611, 41.244531 ], [ -112.002661, 41.24452 ], [ -112.002677, 41.242888 ], [ -112.00153, 41.242926 ], [ -112.001479, 41.244505 ], [ -111.998576, 41.24447 ], [ -111.996089, 41.244439 ], [ -111.996232, 41.239612 ], [ -111.996369, 41.236335 ], [ -111.996385, 41.234269 ], [ -111.996527, 41.229983 ], [ -111.996577, 41.228668 ], [ -111.998251, 41.228162 ], [ -111.999333, 41.227834 ], [ -112.003057, 41.226483 ], [ -112.006253, 41.224756 ], [ -112.006744, 41.224444 ], [ -112.007444, 41.224022 ], [ -112.009945, 41.222403 ], [ -112.010213, 41.22225 ], [ -112.010506, 41.222083 ], [ -112.011961, 41.223325 ], [ -112.012698, 41.222647 ], [ -112.015029, 41.222545 ], [ -112.01607, 41.223907 ], [ -112.016542, 41.223253 ], [ -112.023814, 41.22332 ], [ -112.023813, 41.222894 ], [ -112.023769, 41.219663 ], [ -112.025681, 41.219686 ] ] ] ] } },
{ "type": "Feature", "properties": { "id": 30, "NAME": "30", "TotalPop": 43313, "PopDevPct": -0.00707326, "DemPct": 0.22862227, "RepPct": 0.74661922, "WhitePct": 0.82838369, "MinorityPct": 0.17161631, "BlackPct": 0.01472009, "HispanicPct": 0.09089738, "PacificPct": 0.0087934, "AsianPct": 0.02270824, "NativePct": 0.03578561, "TotalVAP": 31046, "Margin": -0.51799695, "color": "#960018", "opacity": "0.5", "DemPct2": 0.21479766, "RepPct2": 0.73878046, "Margin2": -0.5239828, "Swing": 0.00598585, "R_Margin": -0.3192878996, "R_Margin2": -0.31943567413333329, "R_Swing": 0.00014777453333329575, "Majority": "White" }, "geometry": { "type": "MultiPolygon", "coordinates": [ [ [ [ -113.117543, 37.677741 ], [ -113.120228, 37.675459 ], [ -113.122778, 37.673307 ], [ -113.123532, 37.672668 ], [ -113.122911, 37.672213 ], [ -113.124568, 37.670822 ], [ -113.124572, 37.66838 ], [ -113.124501, 37.663224 ], [ -113.120021, 37.663157 ], [ -113.119957, 37.65546 ], [ -113.11985, 37.641178 ], [ -113.133908, 37.641091 ], [ -113.133914, 37.64239 ], [ -113.133908, 37.648557 ], [ -113.141951, 37.648569 ], [ -113.152042, 37.648459 ], [ -113.152034, 37.648641 ], [ -113.161225, 37.648584 ], [ -113.170413, 37.648621 ], [ -113.195828, 37.64867 ], [ -113.198056, 37.648678 ], [ -113.198023, 37.641085 ], [ -113.194943, 37.641089 ], [ -113.179577, 37.640978 ], [ -113.179513, 37.626416 ], [ -113.179586, 37.62282 ], [ -113.170396, 37.622888 ], [ -113.170379, 37.626511 ], [ -113.161075, 37.626515 ], [ -113.160774, 37.628126 ], [ -113.14902, 37.628431 ], [ -113.149112, 37.633893 ], [ -113.142794, 37.633899 ], [ -113.142815, 37.637388 ], [ -113.133922, 37.637442 ], [ -113.133725, 37.633785 ], [ -113.115184, 37.633844 ], [ -113.115151, 37.63028 ], [ -113.115151, 37.628538 ], [ -113.115123, 37.624264 ], [ -113.110113, 37.624274 ], [ -113.110874, 37.620679 ], [ -113.108138, 37.618407 ], [ -113.108146, 37.621319 ], [ -113.105965, 37.621366 ], [ -113.105955, 37.619292 ], [ -113.101418, 37.619299 ], [ -113.101418, 37.619587 ], [ -113.101419, 37.622934 ], [ -113.096855, 37.622931 ], [ -113.096839, 37.630276 ], [ -113.092276, 37.630279 ], [ -113.092267, 37.637612 ], [ -113.08771, 37.637619 ], [ -113.087705, 37.641271 ], [ -113.083162, 37.641393 ], [ -113.083194, 37.644984 ], [ -113.078586, 37.644979 ], [ -113.078528, 37.648584 ], [ -113.074646, 37.648592 ], [ -113.069381, 37.648596 ], [ -113.069398, 37.650418 ], [ -113.069415, 37.652311 ], [ -113.069434, 37.654498 ], [ -113.064908, 37.656087 ], [ -113.062454, 37.656121 ], [ -113.061235, 37.656627 ], [ -113.060939, 37.658588 ], [ -113.059677, 37.659818 ], [ -113.051541, 37.659915 ], [ -113.051536, 37.663546 ], [ -113.051464, 37.672764 ], [ -113.051033, 37.672977 ], [ -113.049104, 37.672455 ], [ -113.048641, 37.670853 ], [ -113.046892, 37.670863 ], [ -113.046905, 37.667218 ], [ -113.037671, 37.667267 ], [ -113.037588, 37.670923 ], [ -113.031673, 37.670802 ], [ -113.031669, 37.672712 ], [ -113.031668, 37.673237 ], [ -113.030328, 37.674103 ], [ -113.030327, 37.674479 ], [ -113.036461, 37.674558 ], [ -113.04688, 37.674495 ], [ -113.046849, 37.685506 ], [ -113.042329, 37.685513 ], [ -113.042323, 37.689649 ], [ -113.042318, 37.700115 ], [ -113.042422, 37.7064 ], [ -113.038876, 37.706453 ], [ -113.032295, 37.706445 ], [ -113.032228, 37.714656 ], [ -113.032257, 37.720822 ], [ -113.021902, 37.720619 ], [ -113.012777, 37.720605 ], [ -113.012707, 37.721574 ], [ -113.012702, 37.736302 ], [ -113.01728, 37.73632 ], [ -113.017272, 37.747237 ], [ -113.03237, 37.747483 ], [ -113.032387, 37.746478 ], [ -113.033983, 37.746462 ], [ -113.027776, 37.751909 ], [ -113.022269, 37.756414 ], [ -113.013823, 37.762571 ], [ -113.012073, 37.763456 ], [ -113.007001, 37.76342 ], [ -113.006939, 37.765744 ], [ -113.010453, 37.765741 ], [ -113.013118, 37.765939 ], [ -113.013228, 37.766847 ], [ -113.011847, 37.766796 ], [ -113.009246, 37.768098 ], [ -113.009232, 37.769353 ], [ -113.006533, 37.769352 ], [ -113.006005, 37.769627 ], [ -113.000042, 37.772734 ], [ -113.002964, 37.773009 ], [ -113.006903, 37.773092 ], [ -113.006929, 37.773114 ], [ -113.006925, 37.773704 ], [ -113.00692, 37.776572 ], [ -113.013811, 37.776574 ], [ -113.01377, 37.783841 ], [ -113.018372, 37.783872 ], [ -113.018351, 37.785734 ], [ -113.019051, 37.785733 ], [ -113.024333, 37.785775 ], [ -113.028304, 37.789776 ], [ -113.030331, 37.790148 ], [ -113.030792, 37.78837 ], [ -113.032073, 37.78837 ], [ -113.032153, 37.782932 ], [ -113.027575, 37.782923 ], [ -113.027598, 37.780294 ], [ -113.030203, 37.780305 ], [ -113.030209, 37.777942 ], [ -113.031346, 37.777935 ], [ -113.031347, 37.778723 ], [ -113.032591, 37.778756 ], [ -113.03213, 37.777938 ], [ -113.032193, 37.772049 ], [ -113.032283, 37.768833 ], [ -113.032256, 37.768074 ], [ -113.032214, 37.765435 ], [ -113.032719, 37.764714 ], [ -113.033084, 37.764714 ], [ -113.033222, 37.764714 ], [ -113.034597, 37.764717 ], [ -113.035968, 37.764719 ], [ -113.037201, 37.764718 ], [ -113.037349, 37.764718 ], [ -113.03875, 37.764717 ], [ -113.040105, 37.764715 ], [ -113.04148, 37.764716 ], [ -113.041485, 37.768921 ], [ -113.041426, 37.772013 ], [ -113.041421, 37.779191 ], [ -113.041376, 37.783007 ], [ -113.045987, 37.783002 ], [ -113.045757, 37.794882 ], [ -113.046093, 37.794898 ], [ -113.0506, 37.794917 ], [ -113.05064, 37.790359 ], [ -113.055081, 37.790379 ], [ -113.055008, 37.793431 ], [ -113.059626, 37.793447 ], [ -113.059829, 37.786752 ], [ -113.064456, 37.786654 ], [ -113.069114, 37.786654 ], [ -113.069175, 37.783117 ], [ -113.073813, 37.783129 ], [ -113.073935, 37.775833 ], [ -113.073971, 37.768504 ], [ -113.064703, 37.76847 ], [ -113.064698, 37.765388 ], [ -113.065235, 37.764835 ], [ -113.064699, 37.76483 ], [ -113.064749, 37.761197 ], [ -113.064683, 37.757467 ], [ -113.066334, 37.757458 ], [ -113.067613, 37.757448 ], [ -113.06763, 37.750145 ], [ -113.073954, 37.750204 ], [ -113.073958, 37.748613 ], [ -113.073964, 37.747488 ], [ -113.073961, 37.742863 ], [ -113.072639, 37.742867 ], [ -113.071317, 37.742867 ], [ -113.071336, 37.739716 ], [ -113.073954, 37.739715 ], [ -113.073949, 37.736508 ], [ -113.071839, 37.736517 ], [ -113.071852, 37.737608 ], [ -113.066439, 37.737644 ], [ -113.066461, 37.738641 ], [ -113.064169, 37.738648 ], [ -113.064079, 37.739287 ], [ -113.059624, 37.739221 ], [ -113.059645, 37.735578 ], [ -113.060105, 37.735577 ], [ -113.060037, 37.731313 ], [ -113.060142, 37.731312 ], [ -113.060139, 37.730186 ], [ -113.064129, 37.73023 ], [ -113.064702, 37.730233 ], [ -113.064736, 37.730233 ], [ -113.064726, 37.730749 ], [ -113.064709, 37.731289 ], [ -113.06635, 37.731275 ], [ -113.066333, 37.729243 ], [ -113.068707, 37.729252 ], [ -113.068739, 37.731234 ], [ -113.07351, 37.73116 ], [ -113.073384, 37.726305 ], [ -113.076479, 37.726247 ], [ -113.077311, 37.726514 ], [ -113.077313, 37.729669 ], [ -113.078615, 37.729686 ], [ -113.078606, 37.728244 ], [ -113.080942, 37.728226 ], [ -113.080953, 37.730073 ], [ -113.085861, 37.730091 ], [ -113.085807, 37.731851 ], [ -113.083218, 37.731913 ], [ -113.083129, 37.73374 ], [ -113.08097, 37.733738 ], [ -113.080957, 37.731928 ], [ -113.078574, 37.731939 ], [ -113.078611, 37.735537 ], [ -113.087858, 37.735531 ], [ -113.08787, 37.731876 ], [ -113.086814, 37.731748 ], [ -113.087439, 37.726665 ], [ -113.087821, 37.725729 ], [ -113.087803, 37.722496 ], [ -113.085827, 37.722507 ], [ -113.085856, 37.720992 ], [ -113.089253, 37.721002 ], [ -113.089979, 37.721007 ], [ -113.089961, 37.719658 ], [ -113.092318, 37.719624 ], [ -113.092323, 37.720096 ], [ -113.092319, 37.721 ], [ -113.092314, 37.721893 ], [ -113.092315, 37.722706 ], [ -113.092324, 37.724117 ], [ -113.092327, 37.725506 ], [ -113.092329, 37.726572 ], [ -113.096923, 37.726588 ], [ -113.096919, 37.726208 ], [ -113.09925, 37.728401 ], [ -113.099248, 37.732044 ], [ -113.10602, 37.732099 ], [ -113.106005, 37.728452 ], [ -113.110546, 37.728394 ], [ -113.110545, 37.728344 ], [ -113.110554, 37.721043 ], [ -113.103067, 37.721016 ], [ -113.097076, 37.720949 ], [ -113.097099, 37.717356 ], [ -113.092332, 37.717333 ], [ -113.092324, 37.713803 ], [ -113.092337, 37.713341 ], [ -113.092413, 37.711946 ], [ -113.094576, 37.709997 ], [ -113.105939, 37.710012 ], [ -113.111079, 37.710177 ], [ -113.111079, 37.710051 ], [ -113.113197, 37.710044 ], [ -113.113239, 37.711508 ], [ -113.119849, 37.711451 ], [ -113.11985, 37.711081 ], [ -113.119861, 37.706464 ], [ -113.124764, 37.706488 ], [ -113.12643, 37.706494 ], [ -113.129145, 37.706499 ], [ -113.129294, 37.704988 ], [ -113.129295, 37.7043 ], [ -113.129303, 37.703608 ], [ -113.129317, 37.702926 ], [ -113.129317, 37.702224 ], [ -113.129317, 37.701534 ], [ -113.129324, 37.700794 ], [ -113.129372, 37.699673 ], [ -113.133933, 37.699702 ], [ -113.147763, 37.699633 ], [ -113.147744, 37.701435 ], [ -113.138582, 37.701528 ], [ -113.138584, 37.703292 ], [ -113.134049, 37.703294 ], [ -113.134057, 37.703832 ], [ -113.136441, 37.703842 ], [ -113.136444, 37.706508 ], [ -113.135904, 37.706505 ], [ -113.136003, 37.710173 ], [ -113.138237, 37.71017 ], [ -113.138245, 37.706521 ], [ -113.142685, 37.706545 ], [ -113.143185, 37.706549 ], [ -113.152077, 37.706505 ], [ -113.152084, 37.710155 ], [ -113.161504, 37.71037 ], [ -113.17033, 37.710354 ], [ -113.172632, 37.70872 ], [ -113.165961, 37.703179 ], [ -113.16596, 37.702859 ], [ -113.16597, 37.688006 ], [ -113.166003, 37.6849 ], [ -113.167504, 37.684758 ], [ -113.170588, 37.684757 ], [ -113.170563, 37.680751 ], [ -113.170544, 37.677399 ], [ -113.165938, 37.677407 ], [ -113.165903, 37.678326 ], [ -113.165927, 37.681176 ], [ -113.165958, 37.682967 ], [ -113.161856, 37.684816 ], [ -113.161414, 37.684919 ], [ -113.160467, 37.685025 ], [ -113.160403, 37.681216 ], [ -113.156909, 37.681449 ], [ -113.156853, 37.678469 ], [ -113.156872, 37.675719 ], [ -113.156828, 37.674037 ], [ -113.129303, 37.674143 ], [ -113.129314, 37.674589 ], [ -113.12933, 37.675998 ], [ -113.129333, 37.677846 ], [ -113.118348, 37.677877 ], [ -113.117543, 37.677741 ] ] ] ] } },
{ "type": "Feature", "properties": { "id": 31, "NAME": "31", "TotalPop": 45765, "PopDevPct": 0.04913749, "DemPct": 0.42302538, "RepPct": 0.54186026, "WhitePct": 0.86676361, "MinorityPct": 0.13323639, "BlackPct": 0.01045169, "HispanicPct": 0.06731497, "PacificPct": 0.01454149, "AsianPct": 0.02747735, "NativePct": 0.01469296, "TotalVAP": 33009, "Margin": -0.11883488, "color": "#ff2020", "opacity": "0.5", "DemPct2": 0.39739719, "RepPct2": 0.55515666, "Margin2": -0.15775947, "Swing": 0.03892459, "R_Margin": 0.0798741704, "R_Margin2": 0.046787655866666694, "R_Swing": 0.033086514533333319, "Majority": "White" }, "geometry": { "type": "MultiPolygon", "coordinates": [ [ [ [ -111.863122, 40.906486 ], [ -111.865947, 40.906483 ], [ -111.865946, 40.906602 ], [ -111.866814, 40.906582 ], [ -111.867762, 40.906584 ], [ -111.86777, 40.906077 ], [ -111.869287, 40.90608 ], [ -111.872416, 40.906079 ], [ -111.872424, 40.905386 ], [ -111.875559, 40.905373 ], [ -111.875559, 40.904262 ], [ -111.875557, 40.90378 ], [ -111.878351, 40.903795 ], [ -111.878334, 40.904278 ], [ -111.878974, 40.904282 ], [ -111.879, 40.906552 ], [ -111.88114, 40.906574 ], [ -111.881785, 40.906581 ], [ -111.882288, 40.906585 ], [ -111.88227, 40.909308 ], [ -111.884719, 40.909322 ], [ -111.885543, 40.909335 ], [ -111.885536, 40.909707 ], [ -111.885535, 40.909964 ], [ -111.886792, 40.910234 ], [ -111.887012, 40.910229 ], [ -111.887321, 40.909346 ], [ -111.890092, 40.909347 ], [ -111.890198, 40.907062 ], [ -111.890785, 40.907062 ], [ -111.891261, 40.90695 ], [ -111.89146, 40.90695 ], [ -111.891954, 40.90695 ], [ -111.891953, 40.906622 ], [ -111.892368, 40.901752 ], [ -111.892379, 40.900438 ], [ -111.892302, 40.899597 ], [ -111.892213, 40.899599 ], [ -111.892173, 40.898703 ], [ -111.892177, 40.897957 ], [ -111.892187, 40.89745 ], [ -111.892228, 40.894047 ], [ -111.892231, 40.892277 ], [ -111.892232, 40.89219 ], [ -111.893754, 40.892188 ], [ -111.893756, 40.89151 ], [ -111.892215, 40.891512 ], [ -111.892211, 40.891398 ], [ -111.892233, 40.890389 ], [ -111.892849, 40.890399 ], [ -111.893282, 40.890406 ], [ -111.89328, 40.890114 ], [ -111.89342, 40.890113 ], [ -111.893418, 40.889761 ], [ -111.893423, 40.887073 ], [ -111.892221, 40.887075 ], [ -111.89222, 40.886605 ], [ -111.893436, 40.886611 ], [ -111.893034, 40.884229 ], [ -111.89346, 40.884229 ], [ -111.896485, 40.884224 ], [ -111.89679, 40.884225 ], [ -111.898045, 40.884222 ], [ -111.898044, 40.884142 ], [ -111.898037, 40.884013 ], [ -111.898012, 40.883966 ], [ -111.897977, 40.883912 ], [ -111.897819, 40.88371 ], [ -111.897757, 40.883631 ], [ -111.897687, 40.883541 ], [ -111.89727, 40.883518 ], [ -111.896809, 40.883489 ], [ -111.896504, 40.883467 ], [ -111.895699, 40.883408 ], [ -111.893814, 40.883247 ], [ -111.893763, 40.882332 ], [ -111.892219, 40.882329 ], [ -111.892222, 40.881361 ], [ -111.892223, 40.880879 ], [ -111.892225, 40.880509 ], [ -111.892231, 40.878114 ], [ -111.892238, 40.87733 ], [ -111.892239, 40.876938 ], [ -111.892245, 40.874746 ], [ -111.89133, 40.874744 ], [ -111.890145, 40.874743 ], [ -111.888344, 40.874743 ], [ -111.890613, 40.871324 ], [ -111.891821, 40.869108 ], [ -111.892217, 40.866854 ], [ -111.89374, 40.864849 ], [ -111.895569, 40.862539 ], [ -111.896308, 40.861611 ], [ -111.897162, 40.860536 ], [ -111.897962, 40.859539 ], [ -111.899529, 40.857611 ], [ -111.896468, 40.85764 ], [ -111.89647, 40.856408 ], [ -111.898923, 40.8564 ], [ -111.898932, 40.855796 ], [ -111.899255, 40.855791 ], [ -111.899423, 40.856347 ], [ -111.900448, 40.856404 ], [ -111.900691, 40.856087 ], [ -111.899912, 40.855803 ], [ -111.899915, 40.855127 ], [ -111.901454, 40.855137 ], [ -111.90192, 40.854562 ], [ -111.902122, 40.854311 ], [ -111.902068, 40.852544 ], [ -111.902068, 40.85228 ], [ -111.902069, 40.85186 ], [ -111.896123, 40.851907 ], [ -111.896123, 40.852272 ], [ -111.894956, 40.853727 ], [ -111.894287, 40.854331 ], [ -111.893941, 40.85409 ], [ -111.893928, 40.85313 ], [ -111.893929, 40.852286 ], [ -111.894963, 40.852255 ], [ -111.895318, 40.852269 ], [ -111.895318, 40.851438 ], [ -111.893921, 40.851395 ], [ -111.893929, 40.850698 ], [ -111.893933, 40.850229 ], [ -111.894793, 40.848896 ], [ -111.893511, 40.848314 ], [ -111.893431, 40.848377 ], [ -111.893168, 40.848627 ], [ -111.892559, 40.848258 ], [ -111.890766, 40.849197 ], [ -111.888967, 40.849509 ], [ -111.886078, 40.847792 ], [ -111.883557, 40.847809 ], [ -111.883559, 40.847337 ], [ -111.883795, 40.844597 ], [ -111.883611, 40.842192 ], [ -111.883794, 40.839546 ], [ -111.883791, 40.835824 ], [ -111.882858, 40.836362 ], [ -111.882001, 40.835637 ], [ -111.880154, 40.836053 ], [ -111.878441, 40.836224 ], [ -111.876904, 40.834567 ], [ -111.875248, 40.834562 ], [ -111.875226, 40.832933 ], [ -111.872361, 40.832957 ], [ -111.872353, 40.827416 ], [ -111.873062, 40.827185 ], [ -111.883302, 40.827324 ], [ -111.890948, 40.827348 ], [ -111.890956, 40.821826 ], [ -111.875829, 40.821822 ], [ -111.870503, 40.821741 ], [ -111.86928, 40.823809 ], [ -111.865323, 40.824555 ], [ -111.863323, 40.82398 ], [ -111.86081, 40.825012 ], [ -111.858127, 40.824338 ], [ -111.85728, 40.826182 ], [ -111.854265, 40.827966 ], [ -111.853655, 40.82928 ], [ -111.84958, 40.829649 ], [ -111.848772, 40.830384 ], [ -111.846799, 40.829705 ], [ -111.844678, 40.830784 ], [ -111.844039, 40.832235 ], [ -111.841401, 40.832447 ], [ -111.838417, 40.830824 ], [ -111.835203, 40.830844 ], [ -111.833294, 40.831826 ], [ -111.830188, 40.831925 ], [ -111.829073, 40.832406 ], [ -111.828142, 40.833772 ], [ -111.824688, 40.83364 ], [ -111.821767, 40.834332 ], [ -111.818852, 40.836474 ], [ -111.818392, 40.837612 ], [ -111.815761, 40.838923 ], [ -111.812616, 40.84009 ], [ -111.811166, 40.839848 ], [ -111.809819, 40.839313 ], [ -111.807386, 40.839194 ], [ -111.804387, 40.838351 ], [ -111.800443, 40.840324 ], [ -111.799286, 40.840278 ], [ -111.797861, 40.841643 ], [ -111.795936, 40.842824 ], [ -111.794741, 40.843079 ], [ -111.792878, 40.844496 ], [ -111.789225, 40.845554 ], [ -111.785758, 40.845348 ], [ -111.781744, 40.843902 ], [ -111.778531, 40.844577 ], [ -111.774883, 40.847628 ], [ -111.771231, 40.849009 ], [ -111.768719, 40.84875 ], [ -111.76271, 40.850926 ], [ -111.759974, 40.85297 ], [ -111.758726, 40.852408 ], [ -111.757126, 40.853222 ], [ -111.755046, 40.854074 ], [ -111.75219, 40.853498 ], [ -111.749662, 40.85523 ], [ -111.748617, 40.856714 ], [ -111.748039, 40.858966 ], [ -111.746288, 40.860266 ], [ -111.744766, 40.860665 ], [ -111.741062, 40.860484 ], [ -111.738744, 40.860998 ], [ -111.74034, 40.864381 ], [ -111.740504, 40.865402 ], [ -111.743432, 40.867999 ], [ -111.744228, 40.869546 ], [ -111.746993, 40.871177 ], [ -111.75151, 40.871941 ], [ -111.75447, 40.872777 ], [ -111.75803, 40.872334 ], [ -111.758999, 40.872309 ], [ -111.762047, 40.873433 ], [ -111.763775, 40.873713 ], [ -111.768295, 40.872533 ], [ -111.768199, 40.875153 ], [ -111.767743, 40.875953 ], [ -111.765079, 40.878721 ], [ -111.763439, 40.883105 ], [ -111.761783, 40.885029 ], [ -111.761767, 40.887373 ], [ -111.763087, 40.888625 ], [ -111.76658, 40.888356 ], [ -111.770223, 40.888421 ], [ -111.771223, 40.889457 ], [ -111.771775, 40.892445 ], [ -111.773311, 40.894173 ], [ -111.775535, 40.895677 ], [ -111.779096, 40.896029 ], [ -111.780706, 40.895727 ], [ -111.781696, 40.896041 ], [ -111.780064, 40.897969 ], [ -111.778456, 40.897941 ], [ -111.776408, 40.898969 ], [ -111.776064, 40.901121 ], [ -111.778312, 40.903193 ], [ -111.778688, 40.905885 ], [ -111.781232, 40.908769 ], [ -111.781592, 40.911369 ], [ -111.7826, 40.912793 ], [ -111.78588, 40.913385 ], [ -111.787416, 40.914197 ], [ -111.791072, 40.915121 ], [ -111.792216, 40.914933 ], [ -111.793472, 40.915861 ], [ -111.794004, 40.918443 ], [ -111.792704, 40.920841 ], [ -111.793104, 40.924113 ], [ -111.791088, 40.926917 ], [ -111.790815, 40.927793 ], [ -111.793199, 40.930362 ], [ -111.793396, 40.927767 ], [ -111.795684, 40.926172 ], [ -111.797932, 40.923242 ], [ -111.799647, 40.922283 ], [ -111.799995, 40.921031 ], [ -111.803398, 40.92105 ], [ -111.804985, 40.920444 ], [ -111.805428, 40.919621 ], [ -111.806801, 40.920413 ], [ -111.806541, 40.91864 ], [ -111.80809, 40.9179 ], [ -111.81047, 40.917649 ], [ -111.818329, 40.91526 ], [ -111.820862, 40.915558 ], [ -111.823364, 40.915288 ], [ -111.822082, 40.914117 ], [ -111.823768, 40.913681 ], [ -111.824249, 40.912264 ], [ -111.822846, 40.912084 ], [ -111.823929, 40.910356 ], [ -111.826103, 40.909494 ], [ -111.82882, 40.910082 ], [ -111.830132, 40.908672 ], [ -111.83139, 40.909312 ], [ -111.835099, 40.908771 ], [ -111.836059, 40.90953 ], [ -111.838481, 40.907515 ], [ -111.84118, 40.907505 ], [ -111.853525, 40.907523 ], [ -111.861813, 40.907491 ], [ -111.861942, 40.90749 ], [ -111.86312, 40.907485 ], [ -111.863122, 40.906486 ] ] ] ] } },
{ "type": "Feature", "properties": { "id": 32, "NAME": "32", "TotalPop": 43776, "PopDevPct": 0.00354076, "DemPct": 0.43080438, "RepPct": 0.53549359, "WhitePct": 0.78029122, "MinorityPct": 0.21970878, "BlackPct": 0.01532389, "HispanicPct": 0.12010349, "PacificPct": 0.02646854, "AsianPct": 0.04046569, "NativePct": 0.02139374, "TotalVAP": 30149, "Margin": -0.10468921, "color": "#ff2020", "opacity": "0.5", "DemPct2": 0.41364861, "RepPct2": 0.5345206, "Margin2": -0.12087199, "Swing": 0.01618278, "R_Margin": 0.0940198404, "R_Margin2": 0.083675135866666667, "R_Swing": 0.010344704533333344, "Majority": "White" }, "geometry": { "type": "MultiPolygon", "coordinates": [ [ [ [ -111.943985, 40.831562 ], [ -111.942873, 40.830494 ], [ -111.943824, 40.829096 ], [ -111.943587, 40.827394 ], [ -111.944084, 40.826535 ], [ -111.946686, 40.823845 ], [ -111.946408, 40.822046 ], [ -111.945863, 40.821791 ], [ -111.941362, 40.821792 ], [ -111.937785, 40.821801 ], [ -111.929344, 40.821809 ], [ -111.921597, 40.821821 ], [ -111.91981, 40.821816 ], [ -111.919461, 40.821816 ], [ -111.918527, 40.821813 ], [ -111.916836, 40.821829 ], [ -111.916474, 40.821826 ], [ -111.916184, 40.821823 ], [ -111.915846, 40.821814 ], [ -111.915555, 40.821816 ], [ -111.905665, 40.821823 ], [ -111.905669, 40.819878 ], [ -111.903422, 40.819895 ], [ -111.900907, 40.819882 ], [ -111.900906, 40.821827 ], [ -111.891548, 40.821826 ], [ -111.890956, 40.821826 ], [ -111.890948, 40.827348 ], [ -111.883302, 40.827324 ], [ -111.873062, 40.827185 ], [ -111.872353, 40.827416 ], [ -111.872361, 40.832957 ], [ -111.875226, 40.832933 ], [ -111.875248, 40.834562 ], [ -111.876904, 40.834567 ], [ -111.878441, 40.836224 ], [ -111.880154, 40.836053 ], [ -111.882001, 40.835637 ], [ -111.882858, 40.836362 ], [ -111.883791, 40.835824 ], [ -111.883794, 40.839546 ], [ -111.883611, 40.842192 ], [ -111.883795, 40.844597 ], [ -111.883559, 40.847337 ], [ -111.883557, 40.847809 ], [ -111.886078, 40.847792 ], [ -111.888967, 40.849509 ], [ -111.890766, 40.849197 ], [ -111.892559, 40.848258 ], [ -111.893168, 40.848627 ], [ -111.893431, 40.848377 ], [ -111.893511, 40.848314 ], [ -111.894793, 40.848896 ], [ -111.893933, 40.850229 ], [ -111.893929, 40.850698 ], [ -111.893921, 40.851395 ], [ -111.895318, 40.851438 ], [ -111.895318, 40.852269 ], [ -111.894963, 40.852255 ], [ -111.893929, 40.852286 ], [ -111.893928, 40.85313 ], [ -111.893941, 40.85409 ], [ -111.894287, 40.854331 ], [ -111.894956, 40.853727 ], [ -111.896123, 40.852272 ], [ -111.896123, 40.851907 ], [ -111.902069, 40.85186 ], [ -111.902068, 40.85228 ], [ -111.902068, 40.852544 ], [ -111.902122, 40.854311 ], [ -111.90192, 40.854562 ], [ -111.901454, 40.855137 ], [ -111.899915, 40.855127 ], [ -111.899912, 40.855803 ], [ -111.900691, 40.856087 ], [ -111.900448, 40.856404 ], [ -111.899423, 40.856347 ], [ -111.899255, 40.855791 ], [ -111.898932, 40.855796 ], [ -111.898923, 40.8564 ], [ -111.89647, 40.856408 ], [ -111.896468, 40.85764 ], [ -111.899529, 40.857611 ], [ -111.897962, 40.859539 ], [ -111.897162, 40.860536 ], [ -111.896308, 40.861611 ], [ -111.895569, 40.862539 ], [ -111.89374, 40.864849 ], [ -111.892217, 40.866854 ], [ -111.891821, 40.869108 ], [ -111.890613, 40.871324 ], [ -111.888344, 40.874743 ], [ -111.890145, 40.874743 ], [ -111.89133, 40.874744 ], [ -111.892245, 40.874746 ], [ -111.892239, 40.876938 ], [ -111.892238, 40.87733 ], [ -111.892231, 40.878114 ], [ -111.892225, 40.880509 ], [ -111.892223, 40.880879 ], [ -111.892222, 40.881361 ], [ -111.892219, 40.882329 ], [ -111.893763, 40.882332 ], [ -111.893814, 40.883247 ], [ -111.895699, 40.883408 ], [ -111.896504, 40.883467 ], [ -111.896809, 40.883489 ], [ -111.89727, 40.883518 ], [ -111.897687, 40.883541 ], [ -111.897757, 40.883631 ], [ -111.897819, 40.88371 ], [ -111.897977, 40.883912 ], [ -111.898012, 40.883966 ], [ -111.898037, 40.884013 ], [ -111.898044, 40.884142 ], [ -111.898045, 40.884222 ], [ -111.89679, 40.884225 ], [ -111.896485, 40.884224 ], [ -111.89346, 40.884229 ], [ -111.893034, 40.884229 ], [ -111.893436, 40.886611 ], [ -111.89222, 40.886605 ], [ -111.892221, 40.887075 ], [ -111.893423, 40.887073 ], [ -111.893418, 40.889761 ], [ -111.89342, 40.890113 ], [ -111.89328, 40.890114 ], [ -111.893282, 40.890406 ], [ -111.892849, 40.890399 ], [ -111.892233, 40.890389 ], [ -111.892211, 40.891398 ], [ -111.892215, 40.891512 ], [ -111.893756, 40.89151 ], [ -111.893754, 40.892188 ], [ -111.892232, 40.89219 ], [ -111.892231, 40.892277 ], [ -111.892228, 40.894047 ], [ -111.892187, 40.89745 ], [ -111.892177, 40.897957 ], [ -111.892173, 40.898703 ], [ -111.892213, 40.899599 ], [ -111.892302, 40.899597 ], [ -111.892379, 40.900438 ], [ -111.892368, 40.901752 ], [ -111.891953, 40.906622 ], [ -111.891954, 40.90695 ], [ -111.89146, 40.90695 ], [ -111.891261, 40.90695 ], [ -111.890785, 40.907062 ], [ -111.890198, 40.907062 ], [ -111.890092, 40.909347 ], [ -111.887321, 40.909346 ], [ -111.887012, 40.910229 ], [ -111.886792, 40.910234 ], [ -111.885535, 40.909964 ], [ -111.885536, 40.909707 ], [ -111.885543, 40.909335 ], [ -111.884719, 40.909322 ], [ -111.88227, 40.909308 ], [ -111.882288, 40.906585 ], [ -111.881785, 40.906581 ], [ -111.88114, 40.906574 ], [ -111.879, 40.906552 ], [ -111.878974, 40.904282 ], [ -111.878334, 40.904278 ], [ -111.878351, 40.903795 ], [ -111.875557, 40.90378 ], [ -111.875559, 40.904262 ], [ -111.875559, 40.905373 ], [ -111.872424, 40.905386 ], [ -111.872416, 40.906079 ], [ -111.872401, 40.906574 ], [ -111.874185, 40.906579 ], [ -111.874178, 40.909732 ], [ -111.874177, 40.910554 ], [ -111.87417, 40.913056 ], [ -111.875421, 40.913058 ], [ -111.875722, 40.913059 ], [ -111.878977, 40.913065 ], [ -111.881887, 40.913087 ], [ -111.882482, 40.913087 ], [ -111.883547, 40.913088 ], [ -111.883521, 40.914156 ], [ -111.883711, 40.915326 ], [ -111.88266, 40.915365 ], [ -111.882165, 40.915389 ], [ -111.882068, 40.915416 ], [ -111.878972, 40.915674 ], [ -111.878973, 40.915321 ], [ -111.877291, 40.915335 ], [ -111.877289, 40.916235 ], [ -111.878971, 40.916237 ], [ -111.87897, 40.916793 ], [ -111.878969, 40.91717 ], [ -111.878967, 40.918102 ], [ -111.878945, 40.918249 ], [ -111.878961, 40.919335 ], [ -111.878959, 40.921487 ], [ -111.880823, 40.921539 ], [ -111.885556, 40.921515 ], [ -111.887772, 40.921502 ], [ -111.889006, 40.921505 ], [ -111.89082, 40.921473 ], [ -111.891193, 40.927004 ], [ -111.891229, 40.929082 ], [ -111.891187, 40.934954 ], [ -111.891153, 40.939253 ], [ -111.891118, 40.943783 ], [ -111.891063, 40.952219 ], [ -111.891432, 40.952208 ], [ -111.892621, 40.952197 ], [ -111.893156, 40.9522 ], [ -111.893522, 40.952201 ], [ -111.893485, 40.95472 ], [ -111.894286, 40.954716 ], [ -111.894807, 40.953557 ], [ -111.898671, 40.952539 ], [ -111.900901, 40.952178 ], [ -111.910864, 40.952169 ], [ -111.913857, 40.953073 ], [ -111.916766, 40.954265 ], [ -111.921967, 40.954665 ], [ -111.925236, 40.956055 ], [ -111.928531, 40.956986 ], [ -111.9325, 40.958108 ], [ -111.934734, 40.960506 ], [ -111.934298, 40.963 ], [ -111.934284, 40.965373 ], [ -111.936663, 40.967511 ], [ -111.938748, 40.969382 ], [ -111.939006, 40.972847 ], [ -111.9402, 40.976811 ], [ -111.94144, 40.980899 ], [ -111.941233, 40.981796 ], [ -111.939918, 40.987408 ], [ -111.94407, 40.990564 ], [ -111.944999, 40.991271 ], [ -111.945433, 40.992681 ], [ -111.946915, 40.994612 ], [ -111.947669, 40.994607 ], [ -111.948224, 40.994494 ], [ -111.950704, 40.99409 ], [ -111.953573, 40.992973 ], [ -111.957982, 40.989835 ], [ -111.959545, 40.989274 ], [ -111.963818, 40.988755 ], [ -111.964802, 40.990995 ], [ -111.966328, 40.991784 ], [ -111.967374, 40.990456 ], [ -111.967907, 40.988653 ], [ -111.969838, 40.986443 ], [ -111.972455, 40.986032 ], [ -111.97428, 40.98666 ], [ -111.974923, 40.988006 ], [ -111.976162, 40.992438 ], [ -111.977224, 40.993181 ], [ -111.97991, 40.993977 ], [ -111.984612, 40.993843 ], [ -111.986545, 40.992756 ], [ -111.988678, 40.992419 ], [ -111.990917, 40.991417 ], [ -111.993439, 40.991401 ], [ -111.997774, 40.990979 ], [ -111.999749, 40.989809 ], [ -112.002429, 40.98632 ], [ -112.0045, 40.985314 ], [ -112.007618, 40.985483 ], [ -112.007735, 40.965375 ], [ -112.008024, 40.923739 ], [ -112.008134, 40.921016 ], [ -112.006566, 40.921846 ], [ -112.00075, 40.921847 ], [ -111.97845, 40.921834 ], [ -111.958672, 40.921822 ], [ -111.95866, 40.918064 ], [ -111.958643, 40.912697 ], [ -111.958602, 40.900167 ], [ -111.959548, 40.897813 ], [ -111.959266, 40.896327 ], [ -111.961528, 40.895282 ], [ -111.961744, 40.89336 ], [ -111.963374, 40.89302 ], [ -111.966147, 40.891653 ], [ -111.966294, 40.888802 ], [ -111.968734, 40.886904 ], [ -111.969163, 40.88566 ], [ -111.968032, 40.884565 ], [ -111.969037, 40.883471 ], [ -111.967844, 40.882387 ], [ -111.968069, 40.8811 ], [ -111.967556, 40.880059 ], [ -111.969501, 40.878568 ], [ -111.971069, 40.876645 ], [ -111.970726, 40.875094 ], [ -111.968907, 40.874107 ], [ -111.96954, 40.872316 ], [ -111.967974, 40.871804 ], [ -111.966575, 40.87232 ], [ -111.963706, 40.871312 ], [ -111.964495, 40.871017 ], [ -111.962892, 40.870004 ], [ -111.962558, 40.868729 ], [ -111.963899, 40.8675 ], [ -111.962834, 40.866623 ], [ -111.963964, 40.866313 ], [ -111.963836, 40.864532 ], [ -111.962652, 40.863599 ], [ -111.964335, 40.86254 ], [ -111.964769, 40.861476 ], [ -111.964075, 40.859973 ], [ -111.96645, 40.857867 ], [ -111.965887, 40.856482 ], [ -111.965876, 40.854626 ], [ -111.963782, 40.855325 ], [ -111.961599, 40.854233 ], [ -111.961747, 40.853883 ], [ -111.964494, 40.853445 ], [ -111.961794, 40.851877 ], [ -111.9597, 40.852166 ], [ -111.959967, 40.851075 ], [ -111.958898, 40.849245 ], [ -111.961683, 40.849032 ], [ -111.963003, 40.84817 ], [ -111.96063, 40.847889 ], [ -111.959654, 40.848602 ], [ -111.957998, 40.848531 ], [ -111.955872, 40.849112 ], [ -111.953918, 40.847641 ], [ -111.952931, 40.844681 ], [ -111.949783, 40.843125 ], [ -111.951248, 40.841963 ], [ -111.951116, 40.841067 ], [ -111.949049, 40.840145 ], [ -111.94826, 40.838471 ], [ -111.946733, 40.837959 ], [ -111.944839, 40.834866 ], [ -111.944287, 40.834154 ], [ -111.944656, 40.832175 ], [ -111.944468, 40.831804 ], [ -111.944256, 40.831626 ], [ -111.943985, 40.831562 ] ] ] ] } },
{ "type": "Feature", "properties": { "id": 33, "NAME": "33", "TotalPop": 44305, "PopDevPct": 0.01566779, "DemPct": 0.36410661, "RepPct": 0.60446256, "WhitePct": 0.89900279, "MinorityPct": 0.10099721, "BlackPct": 0.01047577, "HispanicPct": 0.04841688, "PacificPct": 0.0077561, "AsianPct": 0.02471208, "NativePct": 0.01017359, "TotalVAP": 29783, "Margin": -0.24035595, "color": "#960018", "opacity": "0.5", "DemPct2": 0.32973865, "RepPct2": 0.62484141, "Margin2": -0.29510276, "Swing": 0.05474681, "R_Margin": -0.0416468996, "R_Margin2": -0.090555634133333368, "R_Swing": 0.048908734533333373, "Majority": "White" }, "geometry": { "type": "MultiPolygon", "coordinates": [ [ [ [ -111.914058, 41.012802 ], [ -111.918024, 41.012852 ], [ -111.918971, 41.012868 ], [ -111.919082, 41.012771 ], [ -111.919656, 41.012771 ], [ -111.920677, 41.010719 ], [ -111.920333, 41.010348 ], [ -111.919983, 41.00997 ], [ -111.920121, 41.009923 ], [ -111.920167, 41.009952 ], [ -111.920353, 41.010083 ], [ -111.920478, 41.010213 ], [ -111.920514, 41.010251 ], [ -111.921077, 41.009964 ], [ -111.921139, 41.00981 ], [ -111.921365, 41.009723 ], [ -111.9216, 41.009573 ], [ -111.921627, 41.009157 ], [ -111.92173, 41.008951 ], [ -111.922719, 41.008323 ], [ -111.925966, 41.00818 ], [ -111.925969, 41.006322 ], [ -111.925969, 41.005912 ], [ -111.925961, 41.005459 ], [ -111.92601, 41.005463 ], [ -111.926062, 41.00546 ], [ -111.926555, 41.005462 ], [ -111.930403, 41.00561 ], [ -111.931119, 41.005614 ], [ -111.92605, 41.002248 ], [ -111.92598, 41.002206 ], [ -111.925985, 41.001853 ], [ -111.926012, 40.999809 ], [ -111.926958, 40.999806 ], [ -111.930909, 40.999809 ], [ -111.930907, 40.999368 ], [ -111.930903, 40.999119 ], [ -111.929778, 40.997904 ], [ -111.929892, 40.997073 ], [ -111.929922, 40.996959 ], [ -111.929976, 40.996856 ], [ -111.930081, 40.996737 ], [ -111.930425, 40.996733 ], [ -111.930818, 40.996728 ], [ -111.930936, 40.996724 ], [ -111.930932, 40.996176 ], [ -111.935263, 40.996163 ], [ -111.936557, 40.996044 ], [ -111.936568, 40.994644 ], [ -111.939951, 40.994634 ], [ -111.943621, 40.994625 ], [ -111.946915, 40.994612 ], [ -111.945433, 40.992681 ], [ -111.944999, 40.991271 ], [ -111.94407, 40.990564 ], [ -111.939918, 40.987408 ], [ -111.941233, 40.981796 ], [ -111.94144, 40.980899 ], [ -111.9402, 40.976811 ], [ -111.939006, 40.972847 ], [ -111.938748, 40.969382 ], [ -111.936663, 40.967511 ], [ -111.934284, 40.965373 ], [ -111.934298, 40.963 ], [ -111.934734, 40.960506 ], [ -111.9325, 40.958108 ], [ -111.928531, 40.956986 ], [ -111.925236, 40.956055 ], [ -111.921967, 40.954665 ], [ -111.916766, 40.954265 ], [ -111.913857, 40.953073 ], [ -111.910864, 40.952169 ], [ -111.900901, 40.952178 ], [ -111.898671, 40.952539 ], [ -111.894807, 40.953557 ], [ -111.894286, 40.954716 ], [ -111.893485, 40.95472 ], [ -111.893522, 40.952201 ], [ -111.893156, 40.9522 ], [ -111.892621, 40.952197 ], [ -111.891432, 40.952208 ], [ -111.891063, 40.952219 ], [ -111.891118, 40.943783 ], [ -111.891153, 40.939253 ], [ -111.891187, 40.934954 ], [ -111.891229, 40.929082 ], [ -111.891193, 40.927004 ], [ -111.89082, 40.921473 ], [ -111.889006, 40.921505 ], [ -111.887772, 40.921502 ], [ -111.885556, 40.921515 ], [ -111.880823, 40.921539 ], [ -111.878959, 40.921487 ], [ -111.878961, 40.919335 ], [ -111.878945, 40.918249 ], [ -111.878967, 40.918102 ], [ -111.878969, 40.91717 ], [ -111.87897, 40.916793 ], [ -111.878971, 40.916237 ], [ -111.877289, 40.916235 ], [ -111.877291, 40.915335 ], [ -111.878973, 40.915321 ], [ -111.878972, 40.915674 ], [ -111.882068, 40.915416 ], [ -111.882165, 40.915389 ], [ -111.88266, 40.915365 ], [ -111.883711, 40.915326 ], [ -111.883521, 40.914156 ], [ -111.883547, 40.913088 ], [ -111.882482, 40.913087 ], [ -111.881887, 40.913087 ], [ -111.878977, 40.913065 ], [ -111.875722, 40.913059 ], [ -111.875421, 40.913058 ], [ -111.87417, 40.913056 ], [ -111.874177, 40.910554 ], [ -111.874178, 40.909732 ], [ -111.874185, 40.906579 ], [ -111.872401, 40.906574 ], [ -111.872416, 40.906079 ], [ -111.869287, 40.90608 ], [ -111.86777, 40.906077 ], [ -111.867762, 40.906584 ], [ -111.866814, 40.906582 ], [ -111.865946, 40.906602 ], [ -111.865947, 40.906483 ], [ -111.863122, 40.906486 ], [ -111.86312, 40.907485 ], [ -111.861942, 40.90749 ], [ -111.861813, 40.907491 ], [ -111.853525, 40.907523 ], [ -111.84118, 40.907505 ], [ -111.838481, 40.907515 ], [ -111.836059, 40.90953 ], [ -111.835099, 40.908771 ], [ -111.83139, 40.909312 ], [ -111.830132, 40.908672 ], [ -111.82882, 40.910082 ], [ -111.826103, 40.909494 ], [ -111.823929, 40.910356 ], [ -111.822846, 40.912084 ], [ -111.824249, 40.912264 ], [ -111.823768, 40.913681 ], [ -111.822082, 40.914117 ], [ -111.823364, 40.915288 ], [ -111.820862, 40.915558 ], [ -111.818329, 40.91526 ], [ -111.81047, 40.917649 ], [ -111.80809, 40.9179 ], [ -111.806541, 40.91864 ], [ -111.806801, 40.920413 ], [ -111.805428, 40.919621 ], [ -111.804985, 40.920444 ], [ -111.803398, 40.92105 ], [ -111.799995, 40.921031 ], [ -111.799647, 40.922283 ], [ -111.797932, 40.923242 ], [ -111.795684, 40.926172 ], [ -111.793396, 40.927767 ], [ -111.793199, 40.930362 ], [ -111.795432, 40.932027 ], [ -111.79598, 40.93411 ], [ -111.797847, 40.93586 ], [ -111.800832, 40.93757 ], [ -111.801957, 40.939268 ], [ -111.803982, 40.940701 ], [ -111.804497, 40.94199 ], [ -111.803876, 40.944237 ], [ -111.80558, 40.946095 ], [ -111.806871, 40.949189 ], [ -111.810647, 40.949496 ], [ -111.812051, 40.950648 ], [ -111.813179, 40.953933 ], [ -111.815414, 40.95743 ], [ -111.814647, 40.959774 ], [ -111.813912, 40.959967 ], [ -111.809723, 40.957497 ], [ -111.807696, 40.957412 ], [ -111.805674, 40.958724 ], [ -111.803816, 40.959345 ], [ -111.800345, 40.959707 ], [ -111.798174, 40.959046 ], [ -111.794733, 40.960934 ], [ -111.790756, 40.960853 ], [ -111.789554, 40.959582 ], [ -111.787479, 40.959016 ], [ -111.784695, 40.957215 ], [ -111.782084, 40.956928 ], [ -111.780042, 40.95817 ], [ -111.777168, 40.958266 ], [ -111.775105, 40.959203 ], [ -111.775618, 40.961361 ], [ -111.777872, 40.96309 ], [ -111.778458, 40.964415 ], [ -111.781794, 40.96818 ], [ -111.782771, 40.968853 ], [ -111.784335, 40.972545 ], [ -111.785211, 40.973188 ], [ -111.785331, 40.974826 ], [ -111.788528, 40.979723 ], [ -111.791908, 40.98307 ], [ -111.793039, 40.985741 ], [ -111.79651, 40.988676 ], [ -111.798848, 40.989349 ], [ -111.801627, 40.992577 ], [ -111.804172, 40.994973 ], [ -111.805692, 40.998305 ], [ -111.806699, 40.999487 ], [ -111.806126, 41.001685 ], [ -111.810466, 41.005086 ], [ -111.813894, 41.005887 ], [ -111.816293, 41.005748 ], [ -111.817648, 41.006396 ], [ -111.819978, 41.006452 ], [ -111.821916, 41.008119 ], [ -111.820534, 41.010842 ], [ -111.822688, 41.01449 ], [ -111.824241, 41.01601 ], [ -111.825699, 41.018499 ], [ -111.826553, 41.018768 ], [ -111.828787, 41.020777 ], [ -111.831404, 41.020999 ], [ -111.832438, 41.020455 ], [ -111.834619, 41.020318 ], [ -111.836431, 41.021148 ], [ -111.837953, 41.022519 ], [ -111.838388, 41.023484 ], [ -111.837439, 41.025567 ], [ -111.838045, 41.026589 ], [ -111.838715, 41.029523 ], [ -111.83946, 41.030496 ], [ -111.839165, 41.031688 ], [ -111.837703, 41.034126 ], [ -111.836828, 41.036182 ], [ -111.833688, 41.037012 ], [ -111.83492, 41.037575 ], [ -111.837565, 41.040128 ], [ -111.83935, 41.040446 ], [ -111.838342, 41.042424 ], [ -111.838686, 41.044655 ], [ -111.840849, 41.045874 ], [ -111.84416, 41.049853 ], [ -111.843868, 41.050756 ], [ -111.844207, 41.05397 ], [ -111.84375, 41.054532 ], [ -111.843938, 41.056242 ], [ -111.844635, 41.056778 ], [ -111.844427, 41.058862 ], [ -111.852128, 41.058149 ], [ -111.852914, 41.056157 ], [ -111.85486, 41.054746 ], [ -111.860712, 41.053156 ], [ -111.863405, 41.052598 ], [ -111.86632, 41.053468 ], [ -111.870142, 41.052869 ], [ -111.873316, 41.052865 ], [ -111.877542, 41.053155 ], [ -111.880739, 41.052511 ], [ -111.882639, 41.05383 ], [ -111.88492, 41.053896 ], [ -111.885622, 41.054941 ], [ -111.888796, 41.055227 ], [ -111.88888, 41.0543 ], [ -111.890932, 41.054094 ], [ -111.891764, 41.055837 ], [ -111.89287, 41.055253 ], [ -111.895137, 41.056489 ], [ -111.896632, 41.056558 ], [ -111.899283, 41.056018 ], [ -111.899247, 41.051747 ], [ -111.901647, 41.051755 ], [ -111.901661, 41.049897 ], [ -111.905173, 41.045615 ], [ -111.906442, 41.045603 ], [ -111.906436, 41.046611 ], [ -111.906724, 41.048388 ], [ -111.910075, 41.047675 ], [ -111.909948, 41.046011 ], [ -111.909903, 41.045605 ], [ -111.910088, 41.045611 ], [ -111.910453, 41.045618 ], [ -111.913289, 41.045026 ], [ -111.912572, 41.044065 ], [ -111.911949, 41.04421 ], [ -111.911591, 41.043544 ], [ -111.91296, 41.043103 ], [ -111.91431, 41.041373 ], [ -111.914249, 41.040789 ], [ -111.914255, 41.040258 ], [ -111.91788, 41.039076 ], [ -111.919609, 41.037515 ], [ -111.920704, 41.037817 ], [ -111.920853, 41.035599 ], [ -111.919557, 41.034121 ], [ -111.918025, 41.031675 ], [ -111.917515, 41.031671 ], [ -111.915037, 41.029379 ], [ -111.916043, 41.02786 ], [ -111.918333, 41.027042 ], [ -111.919201, 41.026724 ], [ -111.919198, 41.02557 ], [ -111.919198, 41.025089 ], [ -111.920897, 41.025213 ], [ -111.92306, 41.024429 ], [ -111.923468, 41.022981 ], [ -111.925578, 41.022283 ], [ -111.925147, 41.021906 ], [ -111.922853, 41.019995 ], [ -111.922606, 41.019789 ], [ -111.921162, 41.018594 ], [ -111.918148, 41.016087 ], [ -111.917594, 41.015665 ], [ -111.916909, 41.015125 ], [ -111.916757, 41.014994 ], [ -111.914058, 41.012802 ] ] ] ] } },
{ "type": "Feature", "properties": { "id": 34, "NAME": "34", "TotalPop": 44360, "PopDevPct": 0.01692864, "DemPct": 0.3117975, "RepPct": 0.65610107, "WhitePct": 0.89679969, "MinorityPct": 0.10320031, "BlackPct": 0.0074757, "HispanicPct": 0.05667296, "PacificPct": 0.00669253, "AsianPct": 0.02093197, "NativePct": 0.01156954, "TotalVAP": 28091, "Margin": -0.34430357, "color": "#960018", "opacity": "0.5", "DemPct2": 0.281978, "RepPct2": 0.66930805, "Margin2": -0.38733005, "Swing": 0.04302648, "R_Margin": -0.1455945196, "R_Margin2": -0.18278292413333339, "R_Swing": 0.037188404533333427, "Majority": "White" }, "geometry": { "type": "MultiPolygon", "coordinates": [ [ [ [ -112.002569, 41.026394 ], [ -111.996469, 41.017541 ], [ -112.007394, 40.999943 ], [ -112.007472, 40.995385 ], [ -112.007618, 40.985483 ], [ -112.0045, 40.985314 ], [ -112.002429, 40.98632 ], [ -111.999749, 40.989809 ], [ -111.997774, 40.990979 ], [ -111.993439, 40.991401 ], [ -111.990917, 40.991417 ], [ -111.988678, 40.992419 ], [ -111.986545, 40.992756 ], [ -111.984612, 40.993843 ], [ -111.97991, 40.993977 ], [ -111.977224, 40.993181 ], [ -111.976162, 40.992438 ], [ -111.974923, 40.988006 ], [ -111.97428, 40.98666 ], [ -111.972455, 40.986032 ], [ -111.969838, 40.986443 ], [ -111.967907, 40.988653 ], [ -111.967374, 40.990456 ], [ -111.966328, 40.991784 ], [ -111.964802, 40.990995 ], [ -111.963818, 40.988755 ], [ -111.959545, 40.989274 ], [ -111.957982, 40.989835 ], [ -111.953573, 40.992973 ], [ -111.950704, 40.99409 ], [ -111.948224, 40.994494 ], [ -111.947669, 40.994607 ], [ -111.946915, 40.994612 ], [ -111.943621, 40.994625 ], [ -111.939951, 40.994634 ], [ -111.936568, 40.994644 ], [ -111.936557, 40.996044 ], [ -111.935263, 40.996163 ], [ -111.930932, 40.996176 ], [ -111.930936, 40.996724 ], [ -111.930818, 40.996728 ], [ -111.930425, 40.996733 ], [ -111.930081, 40.996737 ], [ -111.929976, 40.996856 ], [ -111.929922, 40.996959 ], [ -111.929892, 40.997073 ], [ -111.929778, 40.997904 ], [ -111.930903, 40.999119 ], [ -111.930907, 40.999368 ], [ -111.930909, 40.999809 ], [ -111.926958, 40.999806 ], [ -111.926012, 40.999809 ], [ -111.925985, 41.001853 ], [ -111.92598, 41.002206 ], [ -111.92605, 41.002248 ], [ -111.931119, 41.005614 ], [ -111.930403, 41.00561 ], [ -111.926555, 41.005462 ], [ -111.926062, 41.00546 ], [ -111.92601, 41.005463 ], [ -111.925961, 41.005459 ], [ -111.925969, 41.005912 ], [ -111.925969, 41.006322 ], [ -111.925966, 41.00818 ], [ -111.922719, 41.008323 ], [ -111.92173, 41.008951 ], [ -111.921627, 41.009157 ], [ -111.9216, 41.009573 ], [ -111.921365, 41.009723 ], [ -111.921139, 41.00981 ], [ -111.921077, 41.009964 ], [ -111.920514, 41.010251 ], [ -111.920478, 41.010213 ], [ -111.920353, 41.010083 ], [ -111.920167, 41.009952 ], [ -111.920121, 41.009923 ], [ -111.919983, 41.00997 ], [ -111.920333, 41.010348 ], [ -111.920677, 41.010719 ], [ -111.919656, 41.012771 ], [ -111.919082, 41.012771 ], [ -111.918971, 41.012868 ], [ -111.918024, 41.012852 ], [ -111.914058, 41.012802 ], [ -111.916757, 41.014994 ], [ -111.916909, 41.015125 ], [ -111.917594, 41.015665 ], [ -111.918148, 41.016087 ], [ -111.921162, 41.018594 ], [ -111.922606, 41.019789 ], [ -111.922853, 41.019995 ], [ -111.925147, 41.021906 ], [ -111.925578, 41.022283 ], [ -111.923468, 41.022981 ], [ -111.92306, 41.024429 ], [ -111.920897, 41.025213 ], [ -111.919198, 41.025089 ], [ -111.919198, 41.02557 ], [ -111.919201, 41.026724 ], [ -111.918333, 41.027042 ], [ -111.916043, 41.02786 ], [ -111.915037, 41.029379 ], [ -111.917515, 41.031671 ], [ -111.918025, 41.031675 ], [ -111.919557, 41.034121 ], [ -111.920853, 41.035599 ], [ -111.920704, 41.037817 ], [ -111.919609, 41.037515 ], [ -111.91788, 41.039076 ], [ -111.914255, 41.040258 ], [ -111.914249, 41.040789 ], [ -111.91431, 41.041373 ], [ -111.91296, 41.043103 ], [ -111.911591, 41.043544 ], [ -111.911949, 41.04421 ], [ -111.912572, 41.044065 ], [ -111.913289, 41.045026 ], [ -111.910453, 41.045618 ], [ -111.910088, 41.045611 ], [ -111.909903, 41.045605 ], [ -111.909948, 41.046011 ], [ -111.910075, 41.047675 ], [ -111.906724, 41.048388 ], [ -111.906436, 41.046611 ], [ -111.906442, 41.045603 ], [ -111.905173, 41.045615 ], [ -111.901661, 41.049897 ], [ -111.901647, 41.051755 ], [ -111.899247, 41.051747 ], [ -111.899283, 41.056018 ], [ -111.899288, 41.056518 ], [ -111.901598, 41.056517 ], [ -111.906287, 41.056524 ], [ -111.906352, 41.056513 ], [ -111.910381, 41.056467 ], [ -111.910561, 41.056465 ], [ -111.910561, 41.057606 ], [ -111.910791, 41.05759 ], [ -111.910825, 41.058998 ], [ -111.910887, 41.058987 ], [ -111.911888, 41.058808 ], [ -111.913138, 41.058589 ], [ -111.915396, 41.058191 ], [ -111.917699, 41.057952 ], [ -111.91826, 41.057729 ], [ -111.91918, 41.059276 ], [ -111.920199, 41.058931 ], [ -111.920547, 41.060151 ], [ -111.921753, 41.060097 ], [ -111.925869, 41.060081 ], [ -111.925819, 41.057366 ], [ -111.930567, 41.056107 ], [ -111.930579, 41.056612 ], [ -111.930576, 41.057015 ], [ -111.932388, 41.056884 ], [ -111.934598, 41.056498 ], [ -111.934428, 41.055812 ], [ -111.934339, 41.055454 ], [ -111.936472, 41.055067 ], [ -111.938813, 41.054644 ], [ -111.939202, 41.055186 ], [ -111.941368, 41.054546 ], [ -111.94109, 41.054201 ], [ -111.941215, 41.054148 ], [ -111.940488, 41.053226 ], [ -111.941932, 41.052489 ], [ -111.94385, 41.050943 ], [ -111.947896, 41.048761 ], [ -111.949801, 41.049761 ], [ -111.951229, 41.049278 ], [ -111.952779, 41.048751 ], [ -111.953862, 41.048376 ], [ -111.952218, 41.047126 ], [ -111.952864, 41.046144 ], [ -111.952139, 41.045644 ], [ -111.955777, 41.045296 ], [ -111.956524, 41.045649 ], [ -111.956826, 41.045649 ], [ -111.957143, 41.045653 ], [ -111.957415, 41.045651 ], [ -111.958434, 41.047278 ], [ -111.958239, 41.047408 ], [ -111.958006, 41.047563 ], [ -111.957805, 41.047698 ], [ -111.95908, 41.049743 ], [ -111.960687, 41.052619 ], [ -111.960881, 41.053732 ], [ -111.960714, 41.056085 ], [ -111.961147, 41.057904 ], [ -111.96309, 41.060151 ], [ -111.963495, 41.060151 ], [ -111.96408, 41.06015 ], [ -111.966126, 41.060146 ], [ -111.968849, 41.060164 ], [ -111.969367, 41.06018 ], [ -111.969581, 41.060178 ], [ -111.970354, 41.060173 ], [ -111.971161, 41.060185 ], [ -111.975484, 41.060199 ], [ -111.976927, 41.060179 ], [ -111.978312, 41.060184 ], [ -111.982767, 41.060169 ], [ -111.98446, 41.060174 ], [ -111.986071, 41.060169 ], [ -111.9864, 41.060169 ], [ -111.987955, 41.060154 ], [ -111.995938, 41.060154 ], [ -111.997499, 41.060155 ], [ -111.998736, 41.060156 ], [ -111.999282, 41.060156 ], [ -112.00704, 41.060157 ], [ -112.009682, 41.060161 ], [ -112.01111, 41.060164 ], [ -112.016702, 41.060174 ], [ -112.020893, 41.060181 ], [ -112.024466, 41.060187 ], [ -112.026278, 41.06019 ], [ -112.028069, 41.060193 ], [ -112.03055, 41.060197 ], [ -112.031669, 41.060198 ], [ -112.033313, 41.060201 ], [ -112.034159, 41.060203 ], [ -112.035858, 41.060201 ], [ -112.035876, 41.059076 ], [ -112.0359, 41.05295 ], [ -112.037982, 41.052972 ], [ -112.037957, 41.058443 ], [ -112.038253, 41.059794 ], [ -112.040908, 41.060205 ], [ -112.043067, 41.060212 ], [ -112.043095, 41.052976 ], [ -112.044287, 41.053319 ], [ -112.044242, 41.060216 ], [ -112.045451, 41.060221 ], [ -112.050655, 41.06022 ], [ -112.053059, 41.06022 ], [ -112.053075, 41.050875 ], [ -112.051054, 41.050525 ], [ -112.051026, 41.049376 ], [ -112.047975, 41.049345 ], [ -112.045504, 41.04932 ], [ -112.045532, 41.045732 ], [ -112.050269, 41.045676 ], [ -112.050369, 41.042399 ], [ -112.046408, 41.041124 ], [ -112.038601, 41.038016 ], [ -112.028628, 41.036349 ], [ -112.020788, 41.034729 ], [ -112.016892, 41.032861 ], [ -112.015253, 41.031185 ], [ -112.008047, 41.031152 ], [ -112.007029, 41.032105 ], [ -112.007028, 41.033448 ], [ -112.006838, 41.032587 ], [ -112.002569, 41.026394 ] ] ] ] } },
{ "type": "Feature", "properties": { "id": 35, "NAME": "35", "TotalPop": 42985, "PopDevPct": -0.01459248, "DemPct": 0.37338929, "RepPct": 0.59476672, "WhitePct": 0.8081159, "MinorityPct": 0.1918841, "BlackPct": 0.02366592, "HispanicPct": 0.10079323, "PacificPct": 0.01127573, "AsianPct": 0.03848171, "NativePct": 0.02274813, "TotalVAP": 30508, "Margin": -0.22137743, "color": "#960018", "opacity": "0.5", "DemPct2": 0.35057743, "RepPct2": 0.60152404, "Margin2": -0.25094661, "Swing": 0.02956918, "R_Margin": -0.0226683796, "R_Margin2": -0.046399484133333363, "R_Swing": 0.023731104533333366, "Majority": "White" }, "geometry": { "type": "MultiPolygon", "coordinates": [ [ [ [ -111.959402, 41.089091 ], [ -111.962353, 41.089162 ], [ -111.965935, 41.089168 ], [ -111.967015, 41.089182 ], [ -111.968192, 41.089181 ], [ -111.969128, 41.089182 ], [ -111.971116, 41.089199 ], [ -111.973452, 41.0892 ], [ -111.975549, 41.089201 ], [ -111.975551, 41.087008 ], [ -111.974556, 41.087009 ], [ -111.975378, 41.085961 ], [ -111.975252, 41.08517 ], [ -111.973434, 41.085192 ], [ -111.973443, 41.084401 ], [ -111.973453, 41.083615 ], [ -111.973457, 41.08264 ], [ -111.973458, 41.08071 ], [ -111.973459, 41.079745 ], [ -111.97346, 41.079386 ], [ -111.97346, 41.077978 ], [ -111.973462, 41.076162 ], [ -111.974349, 41.0751 ], [ -111.976602, 41.073973 ], [ -111.972515, 41.06957 ], [ -111.966878, 41.06378 ], [ -111.963644, 41.060635 ], [ -111.96309, 41.060151 ], [ -111.961147, 41.057904 ], [ -111.960714, 41.056085 ], [ -111.960881, 41.053732 ], [ -111.960687, 41.052619 ], [ -111.95908, 41.049743 ], [ -111.957805, 41.047698 ], [ -111.958006, 41.047563 ], [ -111.958239, 41.047408 ], [ -111.958434, 41.047278 ], [ -111.957415, 41.045651 ], [ -111.957143, 41.045653 ], [ -111.956826, 41.045649 ], [ -111.956524, 41.045649 ], [ -111.955777, 41.045296 ], [ -111.952139, 41.045644 ], [ -111.952864, 41.046144 ], [ -111.952218, 41.047126 ], [ -111.953862, 41.048376 ], [ -111.952779, 41.048751 ], [ -111.951229, 41.049278 ], [ -111.949801, 41.049761 ], [ -111.947896, 41.048761 ], [ -111.94385, 41.050943 ], [ -111.941932, 41.052489 ], [ -111.940488, 41.053226 ], [ -111.941215, 41.054148 ], [ -111.94109, 41.054201 ], [ -111.941368, 41.054546 ], [ -111.939202, 41.055186 ], [ -111.938813, 41.054644 ], [ -111.936472, 41.055067 ], [ -111.934339, 41.055454 ], [ -111.934428, 41.055812 ], [ -111.934598, 41.056498 ], [ -111.932388, 41.056884 ], [ -111.930576, 41.057015 ], [ -111.930579, 41.056612 ], [ -111.930567, 41.056107 ], [ -111.925819, 41.057366 ], [ -111.925869, 41.060081 ], [ -111.921753, 41.060097 ], [ -111.920547, 41.060151 ], [ -111.920199, 41.058931 ], [ -111.91918, 41.059276 ], [ -111.91826, 41.057729 ], [ -111.917699, 41.057952 ], [ -111.915396, 41.058191 ], [ -111.913138, 41.058589 ], [ -111.911888, 41.058808 ], [ -111.910887, 41.058987 ], [ -111.910825, 41.058998 ], [ -111.910791, 41.05759 ], [ -111.910561, 41.057606 ], [ -111.910561, 41.056465 ], [ -111.910381, 41.056467 ], [ -111.906352, 41.056513 ], [ -111.906287, 41.056524 ], [ -111.901598, 41.056517 ], [ -111.899288, 41.056518 ], [ -111.899283, 41.056018 ], [ -111.896632, 41.056558 ], [ -111.895137, 41.056489 ], [ -111.89287, 41.055253 ], [ -111.891764, 41.055837 ], [ -111.890932, 41.054094 ], [ -111.88888, 41.0543 ], [ -111.888796, 41.055227 ], [ -111.885622, 41.054941 ], [ -111.88492, 41.053896 ], [ -111.882639, 41.05383 ], [ -111.880739, 41.052511 ], [ -111.877542, 41.053155 ], [ -111.873316, 41.052865 ], [ -111.870142, 41.052869 ], [ -111.86632, 41.053468 ], [ -111.863405, 41.052598 ], [ -111.860712, 41.053156 ], [ -111.85486, 41.054746 ], [ -111.852914, 41.056157 ], [ -111.852128, 41.058149 ], [ -111.844427, 41.058862 ], [ -111.844923, 41.059795 ], [ -111.846227, 41.061143 ], [ -111.849021, 41.062357 ], [ -111.851796, 41.066651 ], [ -111.851944, 41.067943 ], [ -111.851007, 41.069161 ], [ -111.850447, 41.071381 ], [ -111.849646, 41.072567 ], [ -111.848311, 41.07564 ], [ -111.850332, 41.077903 ], [ -111.850841, 41.079801 ], [ -111.850779, 41.081477 ], [ -111.851952, 41.082459 ], [ -111.851407, 41.086755 ], [ -111.850826, 41.087899 ], [ -111.853342, 41.089538 ], [ -111.855127, 41.092718 ], [ -111.854469, 41.094268 ], [ -111.851762, 41.097688 ], [ -111.854603, 41.099509 ], [ -111.856259, 41.101925 ], [ -111.856504, 41.102882 ], [ -111.855857, 41.105328 ], [ -111.853964, 41.108139 ], [ -111.854093, 41.108888 ], [ -111.854263, 41.109708 ], [ -111.855549, 41.110692 ], [ -111.856115, 41.111911 ], [ -111.854152, 41.114144 ], [ -111.853065, 41.114717 ], [ -111.849165, 41.115599 ], [ -111.849275, 41.11631 ], [ -111.848138, 41.118186 ], [ -111.846524, 41.118927 ], [ -111.846003, 41.120287 ], [ -111.844513, 41.121626 ], [ -111.844937, 41.123979 ], [ -111.846488, 41.126021 ], [ -111.846807, 41.127144 ], [ -111.846328, 41.128848 ], [ -111.849354, 41.133933 ], [ -111.852965, 41.135819 ], [ -111.857211, 41.137109 ], [ -111.856059, 41.138615 ], [ -111.856103, 41.138714 ], [ -111.856247, 41.139083 ], [ -111.858221, 41.138806 ], [ -111.859863, 41.139859 ], [ -111.861646, 41.140218 ], [ -111.861317, 41.137942 ], [ -111.861255, 41.137511 ], [ -111.865418, 41.13753 ], [ -111.866099, 41.137264 ], [ -111.868605, 41.137941 ], [ -111.874166, 41.138139 ], [ -111.878362, 41.137478 ], [ -111.88098, 41.137786 ], [ -111.882806, 41.137348 ], [ -111.885731, 41.137352 ], [ -111.888476, 41.137748 ], [ -111.889873, 41.137618 ], [ -111.897598, 41.135627 ], [ -111.899656, 41.135653 ], [ -111.901222, 41.136466 ], [ -111.901485, 41.136499 ], [ -111.901448, 41.136253 ], [ -111.901101, 41.136099 ], [ -111.901106, 41.133452 ], [ -111.901108, 41.132458 ], [ -111.901119, 41.126973 ], [ -111.90522, 41.12697 ], [ -111.907782, 41.124735 ], [ -111.905973, 41.12471 ], [ -111.903925, 41.124368 ], [ -111.903932, 41.122359 ], [ -111.905735, 41.122361 ], [ -111.905788, 41.121694 ], [ -111.90211, 41.121541 ], [ -111.901135, 41.121218 ], [ -111.901167, 41.114335 ], [ -111.906692, 41.114337 ], [ -111.9067, 41.115535 ], [ -111.908714, 41.115542 ], [ -111.908762, 41.115107 ], [ -111.908864, 41.114107 ], [ -111.908994, 41.114109 ], [ -111.910741, 41.114224 ], [ -111.910725, 41.115131 ], [ -111.917316, 41.115165 ], [ -111.920356, 41.115169 ], [ -111.920369, 41.114395 ], [ -111.925146, 41.114369 ], [ -111.925194, 41.113869 ], [ -111.926591, 41.113619 ], [ -111.926608, 41.111145 ], [ -111.927062, 41.11073 ], [ -111.929936, 41.110752 ], [ -111.930009, 41.107048 ], [ -111.93048, 41.107051 ], [ -111.933524, 41.107057 ], [ -111.934857, 41.10706 ], [ -111.939734, 41.107126 ], [ -111.93973, 41.108185 ], [ -111.939665, 41.116166 ], [ -111.949414, 41.11618 ], [ -111.951231, 41.116526 ], [ -111.956617, 41.116575 ], [ -111.956691, 41.111109 ], [ -111.956692, 41.111042 ], [ -111.954222, 41.11116 ], [ -111.954243, 41.107213 ], [ -111.955739, 41.107222 ], [ -111.954659, 41.105644 ], [ -111.954615, 41.104543 ], [ -111.954558, 41.103198 ], [ -111.954559, 41.103043 ], [ -111.953107, 41.102851 ], [ -111.953117, 41.099952 ], [ -111.951326, 41.099962 ], [ -111.950902, 41.097865 ], [ -111.94996, 41.097621 ], [ -111.949961, 41.097379 ], [ -111.947707, 41.097086 ], [ -111.949966, 41.096593 ], [ -111.949967, 41.096177 ], [ -111.94997, 41.09591 ], [ -111.953743, 41.095862 ], [ -111.95375, 41.096303 ], [ -111.958157, 41.09635 ], [ -111.958152, 41.097654 ], [ -111.959825, 41.097674 ], [ -111.959929, 41.097673 ], [ -111.959954, 41.09674 ], [ -111.959784, 41.096341 ], [ -111.95958, 41.09434 ], [ -111.959569, 41.091231 ], [ -111.959402, 41.089091 ] ] ] ] } },
{ "type": "Feature", "properties": { "id": 36, "NAME": "36", "TotalPop": 41908, "PopDevPct": -0.03928212, "DemPct": 0.36871389, "RepPct": 0.59647621, "WhitePct": 0.70873887, "MinorityPct": 0.29126113, "BlackPct": 0.03452901, "HispanicPct": 0.17529319, "PacificPct": 0.0132751, "AsianPct": 0.04739141, "NativePct": 0.02998934, "TotalVAP": 29077, "Margin": -0.22776232, "color": "#960018", "opacity": "0.5", "DemPct2": 0.36180833, "RepPct2": 0.58578152, "Margin2": -0.22397319, "Swing": -0.0037891299999999184, "R_Margin": -0.0290532696, "R_Margin2": -0.019426064133333393, "R_Swing": -0.0096272054666665819, "Majority": "White" }, "geometry": { "type": "MultiPolygon", "coordinates": [ [ [ [ -111.96309, 41.060151 ], [ -111.963644, 41.060635 ], [ -111.966878, 41.06378 ], [ -111.972515, 41.06957 ], [ -111.976602, 41.073973 ], [ -111.974349, 41.0751 ], [ -111.973462, 41.076162 ], [ -111.97346, 41.077978 ], [ -111.97346, 41.079386 ], [ -111.973459, 41.079745 ], [ -111.973458, 41.08071 ], [ -111.973457, 41.08264 ], [ -111.973453, 41.083615 ], [ -111.973443, 41.084401 ], [ -111.973434, 41.085192 ], [ -111.975252, 41.08517 ], [ -111.975378, 41.085961 ], [ -111.974556, 41.087009 ], [ -111.975551, 41.087008 ], [ -111.975549, 41.089201 ], [ -111.973452, 41.0892 ], [ -111.971116, 41.089199 ], [ -111.969128, 41.089182 ], [ -111.968192, 41.089181 ], [ -111.967015, 41.089182 ], [ -111.965935, 41.089168 ], [ -111.962353, 41.089162 ], [ -111.959402, 41.089091 ], [ -111.959569, 41.091231 ], [ -111.95958, 41.09434 ], [ -111.959784, 41.096341 ], [ -111.959954, 41.09674 ], [ -111.959929, 41.097673 ], [ -111.959825, 41.097674 ], [ -111.959243, 41.098894 ], [ -111.959886, 41.098944 ], [ -111.959906, 41.098334 ], [ -111.961459, 41.098343 ], [ -111.961436, 41.103407 ], [ -111.961434, 41.103545 ], [ -111.964617, 41.103562 ], [ -111.968943, 41.103581 ], [ -111.970071, 41.103585 ], [ -111.973249, 41.103599 ], [ -111.97342, 41.103599 ], [ -111.978179, 41.103586 ], [ -111.979345, 41.103584 ], [ -111.985833, 41.103585 ], [ -111.987174, 41.103586 ], [ -111.987705, 41.104689 ], [ -111.99039, 41.106018 ], [ -111.990389, 41.106103 ], [ -111.992504, 41.107283 ], [ -111.997321, 41.110987 ], [ -111.999088, 41.110978 ], [ -112.001986, 41.110962 ], [ -112.004718, 41.110968 ], [ -112.006048, 41.111089 ], [ -112.006619, 41.11114 ], [ -112.006616, 41.11126 ], [ -112.006637, 41.112192 ], [ -112.006711, 41.112274 ], [ -112.006813, 41.112386 ], [ -112.006864, 41.112442 ], [ -112.007075, 41.112585 ], [ -112.006883, 41.112909 ], [ -112.006904, 41.112916 ], [ -112.006982, 41.112948 ], [ -112.006941, 41.113007 ], [ -112.006813, 41.113147 ], [ -112.006807, 41.114726 ], [ -112.007015, 41.114789 ], [ -112.006807, 41.115495 ], [ -112.007113, 41.11564 ], [ -112.006807, 41.116082 ], [ -112.006803, 41.116711 ], [ -112.006797, 41.117573 ], [ -112.006801, 41.118213 ], [ -112.008758, 41.11823 ], [ -112.011639, 41.118263 ], [ -112.013535, 41.120422 ], [ -112.013881, 41.121174 ], [ -112.013879, 41.125112 ], [ -112.016914, 41.125318 ], [ -112.019432, 41.125318 ], [ -112.021029, 41.125319 ], [ -112.022876, 41.12532 ], [ -112.023259, 41.125326 ], [ -112.024092, 41.125326 ], [ -112.024574, 41.125325 ], [ -112.025027, 41.125324 ], [ -112.026021, 41.125322 ], [ -112.027002, 41.125309 ], [ -112.030802, 41.125321 ], [ -112.034448, 41.125328 ], [ -112.035262, 41.125326 ], [ -112.034311, 41.121341 ], [ -112.031861, 41.118057 ], [ -112.028765, 41.114194 ], [ -112.028206, 41.113503 ], [ -112.026201, 41.110831 ], [ -112.025985, 41.110829 ], [ -112.026003, 41.110566 ], [ -112.026083, 41.106463 ], [ -112.026084, 41.105847 ], [ -112.026088, 41.103772 ], [ -112.02295, 41.103658 ], [ -112.02077, 41.10366 ], [ -112.018692, 41.103661 ], [ -112.017013, 41.103663 ], [ -112.015464, 41.103665 ], [ -112.015336, 41.103541 ], [ -112.01456, 41.102737 ], [ -112.011355, 41.099511 ], [ -112.011117, 41.099281 ], [ -112.010568, 41.098725 ], [ -112.008998, 41.097123 ], [ -112.006902, 41.095045 ], [ -112.004696, 41.09282 ], [ -112.004032, 41.092135 ], [ -112.003305, 41.091389 ], [ -112.003108, 41.090989 ], [ -112.005862, 41.091153 ], [ -112.006902, 41.090682 ], [ -112.006902, 41.090216 ], [ -112.006903, 41.089124 ], [ -112.006945, 41.087183 ], [ -112.006946, 41.085858 ], [ -112.006946, 41.085367 ], [ -112.006947, 41.084314 ], [ -112.006948, 41.082568 ], [ -112.006948, 41.082269 ], [ -112.006948, 41.081878 ], [ -112.00964, 41.08188 ], [ -112.013723, 41.081899 ], [ -112.017032, 41.081903 ], [ -112.020928, 41.08191 ], [ -112.021392, 41.081911 ], [ -112.02139, 41.081543 ], [ -112.021393, 41.077858 ], [ -112.021405, 41.074665 ], [ -112.021831, 41.074667 ], [ -112.023625, 41.074673 ], [ -112.026227, 41.07468 ], [ -112.026216, 41.075316 ], [ -112.026207, 41.075967 ], [ -112.026181, 41.076828 ], [ -112.027141, 41.076827 ], [ -112.027158, 41.076827 ], [ -112.027724, 41.076826 ], [ -112.035681, 41.076838 ], [ -112.035656, 41.076467 ], [ -112.03569, 41.074685 ], [ -112.035779, 41.073487 ], [ -112.035798, 41.071524 ], [ -112.035796, 41.068213 ], [ -112.035845, 41.065729 ], [ -112.035845, 41.063906 ], [ -112.035858, 41.060201 ], [ -112.034159, 41.060203 ], [ -112.033313, 41.060201 ], [ -112.031669, 41.060198 ], [ -112.03055, 41.060197 ], [ -112.028069, 41.060193 ], [ -112.026278, 41.06019 ], [ -112.024466, 41.060187 ], [ -112.020893, 41.060181 ], [ -112.016702, 41.060174 ], [ -112.01111, 41.060164 ], [ -112.009682, 41.060161 ], [ -112.00704, 41.060157 ], [ -111.999282, 41.060156 ], [ -111.998736, 41.060156 ], [ -111.997499, 41.060155 ], [ -111.995938, 41.060154 ], [ -111.987955, 41.060154 ], [ -111.9864, 41.060169 ], [ -111.986071, 41.060169 ], [ -111.98446, 41.060174 ], [ -111.982767, 41.060169 ], [ -111.978312, 41.060184 ], [ -111.976927, 41.060179 ], [ -111.975484, 41.060199 ], [ -111.971161, 41.060185 ], [ -111.970354, 41.060173 ], [ -111.969581, 41.060178 ], [ -111.969367, 41.06018 ], [ -111.968849, 41.060164 ], [ -111.966126, 41.060146 ], [ -111.96408, 41.06015 ], [ -111.963495, 41.060151 ], [ -111.96309, 41.060151 ] ] ] ] } },
{ "type": "Feature", "properties": { "id": 37, "NAME": "37", "TotalPop": 43548, "PopDevPct": -0.00168602, "DemPct": 0.28493912, "RepPct": 0.6881507, "WhitePct": 0.84962326, "MinorityPct": 0.15037674, "BlackPct": 0.01411004, "HispanicPct": 0.0764501, "PacificPct": 0.00916975, "AsianPct": 0.0368567, "NativePct": 0.01674012, "TotalVAP": 28136, "Margin": -0.40321158, "color": "#960018", "opacity": "0.5", "DemPct2": 0.25412161, "RepPct2": 0.70098534, "Margin2": -0.44686373, "Swing": 0.04365215, "R_Margin": -0.2045025296, "R_Margin2": -0.24231660413333336, "R_Swing": 0.037814074533333339, "Majority": "White" }, "geometry": { "type": "MultiPolygon", "coordinates": [ [ [ [ -112.050369, 41.042399 ], [ -112.050269, 41.045676 ], [ -112.045532, 41.045732 ], [ -112.045504, 41.04932 ], [ -112.047975, 41.049345 ], [ -112.051026, 41.049376 ], [ -112.051054, 41.050525 ], [ -112.053075, 41.050875 ], [ -112.053059, 41.06022 ], [ -112.050655, 41.06022 ], [ -112.045451, 41.060221 ], [ -112.044242, 41.060216 ], [ -112.044287, 41.053319 ], [ -112.043095, 41.052976 ], [ -112.043067, 41.060212 ], [ -112.040908, 41.060205 ], [ -112.038253, 41.059794 ], [ -112.037957, 41.058443 ], [ -112.037982, 41.052972 ], [ -112.0359, 41.05295 ], [ -112.035876, 41.059076 ], [ -112.035858, 41.060201 ], [ -112.035845, 41.063906 ], [ -112.035845, 41.065729 ], [ -112.035796, 41.068213 ], [ -112.035798, 41.071524 ], [ -112.035779, 41.073487 ], [ -112.03569, 41.074685 ], [ -112.035656, 41.076467 ], [ -112.035681, 41.076838 ], [ -112.035682, 41.077174 ], [ -112.035684, 41.077836 ], [ -112.035662, 41.079258 ], [ -112.035662, 41.081532 ], [ -112.035705, 41.082567 ], [ -112.035714, 41.084521 ], [ -112.035725, 41.085539 ], [ -112.035782, 41.089153 ], [ -112.040192, 41.089155 ], [ -112.04533, 41.089151 ], [ -112.045331, 41.092521 ], [ -112.04532, 41.095091 ], [ -112.04531, 41.096397 ], [ -112.051905, 41.096397 ], [ -112.05494, 41.096397 ], [ -112.054932, 41.099985 ], [ -112.054454, 41.099978 ], [ -112.053714, 41.099997 ], [ -112.053707, 41.102466 ], [ -112.053718, 41.103639 ], [ -112.053465, 41.103636 ], [ -112.045291, 41.1056 ], [ -112.045272, 41.110539 ], [ -112.045271, 41.110873 ], [ -112.04977, 41.110885 ], [ -112.051323, 41.110879 ], [ -112.052627, 41.110924 ], [ -112.053838, 41.110967 ], [ -112.054897, 41.110977 ], [ -112.054891, 41.114135 ], [ -112.054883, 41.118085 ], [ -112.054866, 41.120015 ], [ -112.054867, 41.121707 ], [ -112.059148, 41.121712 ], [ -112.05965, 41.121714 ], [ -112.059635, 41.125342 ], [ -112.064505, 41.125354 ], [ -112.070626, 41.125345 ], [ -112.074725, 41.125352 ], [ -112.076616, 41.125365 ], [ -112.07849, 41.12535 ], [ -112.07937, 41.125345 ], [ -112.083789, 41.125347 ], [ -112.083792, 41.127522 ], [ -112.083791, 41.127661 ], [ -112.083785, 41.128546 ], [ -112.083793, 41.128978 ], [ -112.083785, 41.132611 ], [ -112.087887, 41.13259 ], [ -112.092601, 41.132601 ], [ -112.093428, 41.132602 ], [ -112.093431, 41.135614 ], [ -112.093437, 41.139868 ], [ -112.093437, 41.140849 ], [ -112.093438, 41.14251 ], [ -112.093439, 41.143467 ], [ -112.102855, 41.143485 ], [ -112.102856, 41.143683 ], [ -112.107782, 41.143681 ], [ -112.107605, 41.145039 ], [ -112.106644, 41.147113 ], [ -112.102972, 41.147119 ], [ -112.102986, 41.152731 ], [ -112.104527, 41.152733 ], [ -112.104606, 41.152733 ], [ -112.10467, 41.152733 ], [ -112.107995, 41.15274 ], [ -112.112947, 41.15274 ], [ -112.122882, 41.152748 ], [ -112.132752, 41.152748 ], [ -112.138756, 41.152758 ], [ -112.142584, 41.15276 ], [ -112.148471, 41.152796 ], [ -112.152573, 41.152828 ], [ -112.158158, 41.152856 ], [ -112.171116, 41.152936 ], [ -112.173197, 41.152948 ], [ -112.175257, 41.152957 ], [ -112.18654, 41.153027 ], [ -112.190201, 41.152179 ], [ -112.199344, 41.149904 ], [ -112.250779, 41.137213 ], [ -112.288623, 41.127895 ], [ -112.298122, 41.125508 ], [ -112.384667, 41.103969 ], [ -112.402875, 41.099488 ], [ -112.451621, 41.087334 ], [ -112.493515, 41.076888 ], [ -112.466974, 41.041964 ], [ -112.435042, 40.999938 ], [ -112.375788, 40.922079 ], [ -112.340129, 40.874941 ], [ -112.329422, 40.860706 ], [ -112.316394, 40.843772 ], [ -112.280166, 40.795617 ], [ -112.260216, 40.769093 ], [ -112.250155, 40.775975 ], [ -112.217033, 40.79886 ], [ -112.195979, 40.813321 ], [ -112.150219, 40.844818 ], [ -112.148271, 40.846133 ], [ -112.142181, 40.849387 ], [ -112.141647, 40.849698 ], [ -112.125764, 40.858178 ], [ -112.100586, 40.871693 ], [ -112.075979, 40.884796 ], [ -112.027117, 40.910909 ], [ -112.008134, 40.921016 ], [ -112.008024, 40.923739 ], [ -112.007735, 40.965375 ], [ -112.007618, 40.985483 ], [ -112.007472, 40.995385 ], [ -112.007394, 40.999943 ], [ -111.996469, 41.017541 ], [ -112.002569, 41.026394 ], [ -112.006838, 41.032587 ], [ -112.007028, 41.033448 ], [ -112.007029, 41.032105 ], [ -112.008047, 41.031152 ], [ -112.015253, 41.031185 ], [ -112.016892, 41.032861 ], [ -112.020788, 41.034729 ], [ -112.028628, 41.036349 ], [ -112.038601, 41.038016 ], [ -112.046408, 41.041124 ], [ -112.050369, 41.042399 ] ] ] ] } },
{ "type": "Feature", "properties": { "id": 38, "NAME": "38", "TotalPop": 41625, "PopDevPct": -0.04576974, "DemPct": 0.34250045, "RepPct": 0.62354502, "WhitePct": 0.76155691, "MinorityPct": 0.23844309, "BlackPct": 0.02456752, "HispanicPct": 0.14057276, "PacificPct": 0.01446431, "AsianPct": 0.04175752, "NativePct": 0.02547609, "TotalVAP": 27516, "Margin": -0.28104457, "color": "#960018", "opacity": "0.5", "DemPct2": 0.33140998, "RepPct2": 0.61291511, "Margin2": -0.28150513, "Swing": 0.00046056, "R_Margin": -0.0823355196, "R_Margin2": -0.076958004133333341, "R_Swing": -0.0053775154666666648, "Majority": "White" }, "geometry": { "type": "MultiPolygon", "coordinates": [ [ [ [ -112.077871, 41.152703 ], [ -112.083812, 41.152708 ], [ -112.088619, 41.152715 ], [ -112.092857, 41.15272 ], [ -112.101011, 41.152728 ], [ -112.102986, 41.152731 ], [ -112.102972, 41.147119 ], [ -112.106644, 41.147113 ], [ -112.107605, 41.145039 ], [ -112.107782, 41.143681 ], [ -112.102856, 41.143683 ], [ -112.102855, 41.143485 ], [ -112.093439, 41.143467 ], [ -112.093438, 41.14251 ], [ -112.093437, 41.140849 ], [ -112.093437, 41.139868 ], [ -112.093431, 41.135614 ], [ -112.093428, 41.132602 ], [ -112.092601, 41.132601 ], [ -112.087887, 41.13259 ], [ -112.083785, 41.132611 ], [ -112.083793, 41.128978 ], [ -112.083785, 41.128546 ], [ -112.083791, 41.127661 ], [ -112.083792, 41.127522 ], [ -112.083789, 41.125347 ], [ -112.07937, 41.125345 ], [ -112.07849, 41.12535 ], [ -112.076616, 41.125365 ], [ -112.074725, 41.125352 ], [ -112.070626, 41.125345 ], [ -112.064505, 41.125354 ], [ -112.059635, 41.125342 ], [ -112.05965, 41.121714 ], [ -112.059148, 41.121712 ], [ -112.054867, 41.121707 ], [ -112.054866, 41.120015 ], [ -112.054883, 41.118085 ], [ -112.054891, 41.114135 ], [ -112.054897, 41.110977 ], [ -112.053838, 41.110967 ], [ -112.052627, 41.110924 ], [ -112.051323, 41.110879 ], [ -112.04977, 41.110885 ], [ -112.045271, 41.110873 ], [ -112.045272, 41.110539 ], [ -112.045291, 41.1056 ], [ -112.053465, 41.103636 ], [ -112.053718, 41.103639 ], [ -112.053707, 41.102466 ], [ -112.053714, 41.099997 ], [ -112.054454, 41.099978 ], [ -112.054932, 41.099985 ], [ -112.05494, 41.096397 ], [ -112.051905, 41.096397 ], [ -112.04531, 41.096397 ], [ -112.04532, 41.095091 ], [ -112.045331, 41.092521 ], [ -112.04533, 41.089151 ], [ -112.040192, 41.089155 ], [ -112.035782, 41.089153 ], [ -112.035725, 41.085539 ], [ -112.035714, 41.084521 ], [ -112.035705, 41.082567 ], [ -112.035662, 41.081532 ], [ -112.035662, 41.079258 ], [ -112.035684, 41.077836 ], [ -112.035682, 41.077174 ], [ -112.035681, 41.076838 ], [ -112.027724, 41.076826 ], [ -112.027158, 41.076827 ], [ -112.027141, 41.076827 ], [ -112.026181, 41.076828 ], [ -112.026207, 41.075967 ], [ -112.026216, 41.075316 ], [ -112.026227, 41.07468 ], [ -112.023625, 41.074673 ], [ -112.021831, 41.074667 ], [ -112.021405, 41.074665 ], [ -112.021393, 41.077858 ], [ -112.02139, 41.081543 ], [ -112.021392, 41.081911 ], [ -112.020928, 41.08191 ], [ -112.017032, 41.081903 ], [ -112.013723, 41.081899 ], [ -112.00964, 41.08188 ], [ -112.006948, 41.081878 ], [ -112.006948, 41.082269 ], [ -112.006948, 41.082568 ], [ -112.006947, 41.084314 ], [ -112.006946, 41.085367 ], [ -112.006946, 41.085858 ], [ -112.006945, 41.087183 ], [ -112.006903, 41.089124 ], [ -112.006902, 41.090216 ], [ -112.006902, 41.090682 ], [ -112.005862, 41.091153 ], [ -112.003108, 41.090989 ], [ -112.003305, 41.091389 ], [ -112.004032, 41.092135 ], [ -112.004696, 41.09282 ], [ -112.006902, 41.095045 ], [ -112.008998, 41.097123 ], [ -112.010568, 41.098725 ], [ -112.011117, 41.099281 ], [ -112.011355, 41.099511 ], [ -112.01456, 41.102737 ], [ -112.015336, 41.103541 ], [ -112.015464, 41.103665 ], [ -112.017013, 41.103663 ], [ -112.018692, 41.103661 ], [ -112.02077, 41.10366 ], [ -112.02295, 41.103658 ], [ -112.026088, 41.103772 ], [ -112.026084, 41.105847 ], [ -112.026083, 41.106463 ], [ -112.026003, 41.110566 ], [ -112.025985, 41.110829 ], [ -112.026201, 41.110831 ], [ -112.028206, 41.113503 ], [ -112.028765, 41.114194 ], [ -112.031861, 41.118057 ], [ -112.034311, 41.121341 ], [ -112.035262, 41.125326 ], [ -112.035453, 41.125325 ], [ -112.035496, 41.126843 ], [ -112.035505, 41.12715 ], [ -112.035663, 41.132605 ], [ -112.035733, 41.13504 ], [ -112.035769, 41.13625 ], [ -112.035876, 41.139874 ], [ -112.036065, 41.147149 ], [ -112.036685, 41.150383 ], [ -112.037532, 41.152627 ], [ -112.038611, 41.152627 ], [ -112.039669, 41.152623 ], [ -112.041261, 41.152621 ], [ -112.043195, 41.152616 ], [ -112.044244, 41.152619 ], [ -112.045228, 41.152617 ], [ -112.045873, 41.152611 ], [ -112.046598, 41.152613 ], [ -112.047528, 41.152609 ], [ -112.048509, 41.152606 ], [ -112.049498, 41.152606 ], [ -112.05125, 41.152604 ], [ -112.052378, 41.152599 ], [ -112.054856, 41.152611 ], [ -112.064469, 41.152716 ], [ -112.073092, 41.152699 ], [ -112.075296, 41.152702 ], [ -112.077871, 41.152703 ] ] ] ] } },
{ "type": "Feature", "properties": { "id": 39, "NAME": "39", "TotalPop": 43995, "PopDevPct": 0.00856121, "DemPct": 0.38893219, "RepPct": 0.57791634, "WhitePct": 0.80229885, "MinorityPct": 0.19770115, "BlackPct": 0.02491457, "HispanicPct": 0.12202547, "PacificPct": 0.0091954, "AsianPct": 0.02848711, "NativePct": 0.02140416, "TotalVAP": 32190, "Margin": -0.18898415, "color": "#ff2020", "opacity": "0.5", "DemPct2": 0.37595817, "RepPct2": 0.57926798, "Margin2": -0.20330981, "Swing": 0.01432566, "R_Margin": 0.0097249004, "R_Margin2": 0.0012373158666666162, "R_Swing": 0.0084875845333333543, "Majority": "White" }, "geometry": { "type": "MultiPolygon", "coordinates": [ [ [ [ -111.987609, 41.176174 ], [ -111.987622, 41.174361 ], [ -111.987633, 41.173101 ], [ -111.990432, 41.17311 ], [ -111.991316, 41.173149 ], [ -111.991256, 41.168879 ], [ -111.992501, 41.168896 ], [ -111.992553, 41.165343 ], [ -111.989886, 41.165316 ], [ -111.989639, 41.165703 ], [ -111.989033, 41.16889 ], [ -111.987682, 41.168895 ], [ -111.987665, 41.167618 ], [ -111.987747, 41.165346 ], [ -111.987746, 41.162151 ], [ -111.988973, 41.161663 ], [ -111.992326, 41.161743 ], [ -111.992577, 41.159145 ], [ -111.992585, 41.158239 ], [ -111.992418, 41.158094 ], [ -111.991267, 41.158096 ], [ -111.987821, 41.158067 ], [ -111.987819, 41.15602 ], [ -111.987811, 41.155208 ], [ -111.987777, 41.152659 ], [ -111.989106, 41.152664 ], [ -111.993129, 41.152668 ], [ -111.999087, 41.152666 ], [ -111.999402, 41.152668 ], [ -112.000191, 41.152669 ], [ -112.016337, 41.152663 ], [ -112.021127, 41.152652 ], [ -112.021227, 41.152653 ], [ -112.023971, 41.152658 ], [ -112.02412, 41.152658 ], [ -112.024492, 41.152652 ], [ -112.0249, 41.152648 ], [ -112.025101, 41.152646 ], [ -112.025463, 41.152646 ], [ -112.026059, 41.152647 ], [ -112.030243, 41.152639 ], [ -112.031375, 41.152639 ], [ -112.032371, 41.152632 ], [ -112.033369, 41.152628 ], [ -112.035128, 41.152631 ], [ -112.03729, 41.152625 ], [ -112.037532, 41.152627 ], [ -112.036685, 41.150383 ], [ -112.036065, 41.147149 ], [ -112.035876, 41.139874 ], [ -112.035769, 41.13625 ], [ -112.035733, 41.13504 ], [ -112.035663, 41.132605 ], [ -112.035505, 41.12715 ], [ -112.035496, 41.126843 ], [ -112.035453, 41.125325 ], [ -112.035262, 41.125326 ], [ -112.034448, 41.125328 ], [ -112.030802, 41.125321 ], [ -112.027002, 41.125309 ], [ -112.026021, 41.125322 ], [ -112.025027, 41.125324 ], [ -112.024574, 41.125325 ], [ -112.024092, 41.125326 ], [ -112.023259, 41.125326 ], [ -112.022876, 41.12532 ], [ -112.021029, 41.125319 ], [ -112.019432, 41.125318 ], [ -112.016914, 41.125318 ], [ -112.013879, 41.125112 ], [ -112.013881, 41.121174 ], [ -112.013535, 41.120422 ], [ -112.011639, 41.118263 ], [ -112.008758, 41.11823 ], [ -112.006801, 41.118213 ], [ -112.006797, 41.117573 ], [ -112.006803, 41.116711 ], [ -112.006807, 41.116082 ], [ -112.007113, 41.11564 ], [ -112.006807, 41.115495 ], [ -112.007015, 41.114789 ], [ -112.006807, 41.114726 ], [ -112.006813, 41.113147 ], [ -112.006941, 41.113007 ], [ -112.006982, 41.112948 ], [ -112.006904, 41.112916 ], [ -112.006883, 41.112909 ], [ -112.007075, 41.112585 ], [ -112.006864, 41.112442 ], [ -112.006813, 41.112386 ], [ -112.006711, 41.112274 ], [ -112.006637, 41.112192 ], [ -112.006616, 41.11126 ], [ -112.006619, 41.11114 ], [ -112.006048, 41.111089 ], [ -112.004718, 41.110968 ], [ -112.001986, 41.110962 ], [ -111.999088, 41.110978 ], [ -111.997321, 41.110987 ], [ -111.992504, 41.107283 ], [ -111.990389, 41.106103 ], [ -111.99039, 41.106018 ], [ -111.987705, 41.104689 ], [ -111.987174, 41.103586 ], [ -111.985833, 41.103585 ], [ -111.979345, 41.103584 ], [ -111.978179, 41.103586 ], [ -111.97342, 41.103599 ], [ -111.973249, 41.103599 ], [ -111.970071, 41.103585 ], [ -111.968943, 41.103581 ], [ -111.964617, 41.103562 ], [ -111.961434, 41.103545 ], [ -111.961436, 41.103407 ], [ -111.961459, 41.098343 ], [ -111.959906, 41.098334 ], [ -111.959886, 41.098944 ], [ -111.959243, 41.098894 ], [ -111.959825, 41.097674 ], [ -111.958152, 41.097654 ], [ -111.958157, 41.09635 ], [ -111.95375, 41.096303 ], [ -111.953743, 41.095862 ], [ -111.94997, 41.09591 ], [ -111.949967, 41.096177 ], [ -111.949966, 41.096593 ], [ -111.947707, 41.097086 ], [ -111.949961, 41.097379 ], [ -111.94996, 41.097621 ], [ -111.950902, 41.097865 ], [ -111.951326, 41.099962 ], [ -111.953117, 41.099952 ], [ -111.953107, 41.102851 ], [ -111.954559, 41.103043 ], [ -111.954558, 41.103198 ], [ -111.954615, 41.104543 ], [ -111.954659, 41.105644 ], [ -111.955739, 41.107222 ], [ -111.954243, 41.107213 ], [ -111.954222, 41.11116 ], [ -111.956692, 41.111042 ], [ -111.956691, 41.111109 ], [ -111.956617, 41.116575 ], [ -111.951231, 41.116526 ], [ -111.949414, 41.11618 ], [ -111.939665, 41.116166 ], [ -111.93973, 41.108185 ], [ -111.939734, 41.107126 ], [ -111.934857, 41.10706 ], [ -111.933524, 41.107057 ], [ -111.93048, 41.107051 ], [ -111.930009, 41.107048 ], [ -111.929936, 41.110752 ], [ -111.927062, 41.11073 ], [ -111.926608, 41.111145 ], [ -111.926591, 41.113619 ], [ -111.925194, 41.113869 ], [ -111.925146, 41.114369 ], [ -111.920369, 41.114395 ], [ -111.920356, 41.115169 ], [ -111.917316, 41.115165 ], [ -111.910725, 41.115131 ], [ -111.910741, 41.114224 ], [ -111.908994, 41.114109 ], [ -111.908864, 41.114107 ], [ -111.908762, 41.115107 ], [ -111.908714, 41.115542 ], [ -111.9067, 41.115535 ], [ -111.906692, 41.114337 ], [ -111.901167, 41.114335 ], [ -111.901135, 41.121218 ], [ -111.90211, 41.121541 ], [ -111.905788, 41.121694 ], [ -111.905735, 41.122361 ], [ -111.903932, 41.122359 ], [ -111.903925, 41.124368 ], [ -111.905973, 41.12471 ], [ -111.907782, 41.124735 ], [ -111.90522, 41.12697 ], [ -111.901119, 41.126973 ], [ -111.901108, 41.132458 ], [ -111.901106, 41.133452 ], [ -111.901101, 41.136099 ], [ -111.901448, 41.136253 ], [ -111.901485, 41.136499 ], [ -111.903211, 41.136446 ], [ -111.903618, 41.136766 ], [ -111.903919, 41.137002 ], [ -111.904373, 41.137352 ], [ -111.908489, 41.138869 ], [ -111.913565, 41.140109 ], [ -111.914114, 41.141367 ], [ -111.911066, 41.140711 ], [ -111.913778, 41.142137 ], [ -111.913842, 41.143563 ], [ -111.913821, 41.146065 ], [ -111.913852, 41.146645 ], [ -111.913576, 41.146648 ], [ -111.913514, 41.14761 ], [ -111.914794, 41.147957 ], [ -111.91527, 41.149587 ], [ -111.917947, 41.151036 ], [ -111.919793, 41.152921 ], [ -111.920378, 41.154751 ], [ -111.920516, 41.15598 ], [ -111.922153, 41.15741 ], [ -111.923301, 41.157569 ], [ -111.924444, 41.157743 ], [ -111.926791, 41.159537 ], [ -111.930039, 41.160307 ], [ -111.932599, 41.161246 ], [ -111.936031, 41.161309 ], [ -111.936536, 41.161309 ], [ -111.939665, 41.164087 ], [ -111.939657, 41.164948 ], [ -111.940893, 41.164932 ], [ -111.942368, 41.164927 ], [ -111.943203, 41.165972 ], [ -111.94383, 41.166754 ], [ -111.944991, 41.168188 ], [ -111.946865, 41.170424 ], [ -111.947862, 41.171706 ], [ -111.94845, 41.172464 ], [ -111.95402, 41.172452 ], [ -111.954033, 41.175184 ], [ -111.954011, 41.176058 ], [ -111.955631, 41.176085 ], [ -111.956147, 41.176084 ], [ -111.956106, 41.178486 ], [ -111.95605, 41.179325 ], [ -111.955872, 41.182336 ], [ -111.955826, 41.184246 ], [ -111.955813, 41.185852 ], [ -111.955787, 41.188555 ], [ -111.955851, 41.188566 ], [ -111.956612, 41.188608 ], [ -111.957411, 41.188671 ], [ -111.958132, 41.188887 ], [ -111.958181, 41.188909 ], [ -111.958328, 41.188975 ], [ -111.958377, 41.188997 ], [ -111.95843, 41.189021 ], [ -111.958589, 41.189093 ], [ -111.958642, 41.189117 ], [ -111.958638, 41.189229 ], [ -111.958628, 41.189566 ], [ -111.958625, 41.189679 ], [ -111.958623, 41.189714 ], [ -111.958621, 41.189819 ], [ -111.95862, 41.189855 ], [ -111.958572, 41.190488 ], [ -111.958539, 41.194128 ], [ -111.957778, 41.194749 ], [ -111.95777, 41.195453 ], [ -111.959915, 41.195486 ], [ -111.959894, 41.195904 ], [ -111.959845, 41.19764 ], [ -111.960383, 41.197646 ], [ -111.961617, 41.197669 ], [ -111.962797, 41.19769 ], [ -111.963237, 41.197688 ], [ -111.964035, 41.19771 ], [ -111.965395, 41.197724 ], [ -111.966783, 41.197742 ], [ -111.968183, 41.197756 ], [ -111.96953, 41.197773 ], [ -111.971001, 41.197792 ], [ -111.972468, 41.197811 ], [ -111.973708, 41.197827 ], [ -111.973889, 41.197829 ], [ -111.976612, 41.197866 ], [ -111.979394, 41.197902 ], [ -111.97948, 41.195152 ], [ -111.980554, 41.195194 ], [ -111.981217, 41.19265 ], [ -111.980142, 41.191726 ], [ -111.980323, 41.191545 ], [ -111.977741, 41.190424 ], [ -111.980585, 41.187149 ], [ -111.979808, 41.186699 ], [ -111.981164, 41.186374 ], [ -111.98217, 41.185466 ], [ -111.982948, 41.183056 ], [ -111.982475, 41.182245 ], [ -111.982679, 41.181353 ], [ -111.987455, 41.18135 ], [ -111.987467, 41.18069 ], [ -111.987539, 41.178759 ], [ -111.987547, 41.178155 ], [ -111.987609, 41.176174 ] ] ] ] } },
{ "type": "Feature", "properties": { "id": 40, "NAME": "40", "TotalPop": 44709, "PopDevPct": 0.02492927, "DemPct": 0.36063261, "RepPct": 0.60879534, "WhitePct": 0.76696008, "MinorityPct": 0.23303992, "BlackPct": 0.01886199, "HispanicPct": 0.15218485, "PacificPct": 0.0075448, "AsianPct": 0.03388871, "NativePct": 0.0268469, "TotalVAP": 31810, "Margin": -0.24816273, "color": "#960018", "opacity": "0.5", "DemPct2": 0.35095359, "RepPct2": 0.60092603, "Margin2": -0.24997244, "Swing": 0.00180971, "R_Margin": -0.0494536796, "R_Margin2": -0.045425314133333367, "R_Swing": -0.0040283654666666436, "Majority": "White" }, "geometry": { "type": "MultiPolygon", "coordinates": [ [ [ [ -112.039669, 41.152623 ], [ -112.038611, 41.152627 ], [ -112.037532, 41.152627 ], [ -112.03729, 41.152625 ], [ -112.035128, 41.152631 ], [ -112.033369, 41.152628 ], [ -112.032371, 41.152632 ], [ -112.031375, 41.152639 ], [ -112.030243, 41.152639 ], [ -112.026059, 41.152647 ], [ -112.025463, 41.152646 ], [ -112.025101, 41.152646 ], [ -112.0249, 41.152648 ], [ -112.024492, 41.152652 ], [ -112.02412, 41.152658 ], [ -112.023971, 41.152658 ], [ -112.021227, 41.152653 ], [ -112.021127, 41.152652 ], [ -112.016337, 41.152663 ], [ -112.000191, 41.152669 ], [ -111.999402, 41.152668 ], [ -111.999087, 41.152666 ], [ -111.993129, 41.152668 ], [ -111.989106, 41.152664 ], [ -111.987777, 41.152659 ], [ -111.987811, 41.155208 ], [ -111.987819, 41.15602 ], [ -111.987821, 41.158067 ], [ -111.991267, 41.158096 ], [ -111.992418, 41.158094 ], [ -111.992585, 41.158239 ], [ -111.992577, 41.159145 ], [ -111.992326, 41.161743 ], [ -111.988973, 41.161663 ], [ -111.987746, 41.162151 ], [ -111.987747, 41.165346 ], [ -111.987665, 41.167618 ], [ -111.987682, 41.168895 ], [ -111.989033, 41.16889 ], [ -111.989639, 41.165703 ], [ -111.989886, 41.165316 ], [ -111.992553, 41.165343 ], [ -111.992501, 41.168896 ], [ -111.991256, 41.168879 ], [ -111.991316, 41.173149 ], [ -111.990432, 41.17311 ], [ -111.987633, 41.173101 ], [ -111.987622, 41.174361 ], [ -111.987609, 41.176174 ], [ -111.987547, 41.178155 ], [ -111.987539, 41.178759 ], [ -111.987467, 41.18069 ], [ -111.987455, 41.18135 ], [ -111.982679, 41.181353 ], [ -111.982475, 41.182245 ], [ -111.982948, 41.183056 ], [ -111.98217, 41.185466 ], [ -111.981164, 41.186374 ], [ -111.979808, 41.186699 ], [ -111.980585, 41.187149 ], [ -111.977741, 41.190424 ], [ -111.980323, 41.191545 ], [ -111.980142, 41.191726 ], [ -111.981217, 41.19265 ], [ -111.985813, 41.193045 ], [ -111.986967, 41.193099 ], [ -111.98702, 41.193099 ], [ -111.988424, 41.193191 ], [ -111.992045, 41.193453 ], [ -111.99237, 41.198274 ], [ -111.992406, 41.200787 ], [ -111.994435, 41.200166 ], [ -111.995376, 41.199113 ], [ -111.99594, 41.199082 ], [ -111.996108, 41.199073 ], [ -111.996321, 41.199063 ], [ -111.996824, 41.199039 ], [ -111.99682, 41.19859 ], [ -111.996817, 41.1983 ], [ -111.996813, 41.197908 ], [ -111.996874, 41.197908 ], [ -111.997308, 41.197905 ], [ -111.997676, 41.197902 ], [ -111.999203, 41.197892 ], [ -112.002345, 41.194678 ], [ -112.002482, 41.194851 ], [ -112.007097, 41.190352 ], [ -112.010961, 41.186811 ], [ -112.010964, 41.186162 ], [ -112.011056, 41.185351 ], [ -112.013478, 41.183428 ], [ -112.014697, 41.183519 ], [ -112.015168, 41.183515 ], [ -112.016738, 41.183507 ], [ -112.020796, 41.183498 ], [ -112.021064, 41.183496 ], [ -112.021025, 41.189144 ], [ -112.021011, 41.190649 ], [ -112.021012, 41.190774 ], [ -112.023668, 41.190757 ], [ -112.023821, 41.190756 ], [ -112.025816, 41.190743 ], [ -112.027206, 41.190741 ], [ -112.028777, 41.190737 ], [ -112.030439, 41.190723 ], [ -112.032251, 41.190706 ], [ -112.03348, 41.190697 ], [ -112.03479, 41.190679 ], [ -112.037665, 41.190646 ], [ -112.038914, 41.190644 ], [ -112.044208, 41.184766 ], [ -112.044401, 41.185471 ], [ -112.046526, 41.185029 ], [ -112.047168, 41.185416 ], [ -112.04925, 41.185456 ], [ -112.049769, 41.185474 ], [ -112.049713, 41.187765 ], [ -112.051355, 41.187758 ], [ -112.051656, 41.187473 ], [ -112.053594, 41.185897 ], [ -112.054778, 41.184991 ], [ -112.056038, 41.183978 ], [ -112.056746, 41.183405 ], [ -112.058635, 41.181894 ], [ -112.059623, 41.181106 ], [ -112.059712, 41.181028 ], [ -112.061071, 41.179987 ], [ -112.063569, 41.177937 ], [ -112.064447, 41.17691 ], [ -112.064394, 41.180231 ], [ -112.064363, 41.181562 ], [ -112.064364, 41.181733 ], [ -112.064746, 41.181724 ], [ -112.066128, 41.180993 ], [ -112.069748, 41.181005 ], [ -112.072342, 41.181022 ], [ -112.074057, 41.180925 ], [ -112.074082, 41.179766 ], [ -112.075324, 41.179773 ], [ -112.078667, 41.179778 ], [ -112.0812, 41.179756 ], [ -112.081204, 41.178838 ], [ -112.083621, 41.178778 ], [ -112.083611, 41.176159 ], [ -112.083606, 41.17464 ], [ -112.083609, 41.173901 ], [ -112.080942, 41.174309 ], [ -112.08094, 41.173414 ], [ -112.080899, 41.172454 ], [ -112.083628, 41.172449 ], [ -112.083636, 41.172032 ], [ -112.083632, 41.171282 ], [ -112.088492, 41.171279 ], [ -112.088487, 41.171002 ], [ -112.088487, 41.170079 ], [ -112.088476, 41.168864 ], [ -112.083633, 41.168853 ], [ -112.083648, 41.167094 ], [ -112.083656, 41.166204 ], [ -112.083658, 41.165918 ], [ -112.083667, 41.16525 ], [ -112.085601, 41.16524 ], [ -112.086076, 41.163765 ], [ -112.085512, 41.163755 ], [ -112.083681, 41.163753 ], [ -112.08369, 41.162881 ], [ -112.083696, 41.162058 ], [ -112.083698, 41.161546 ], [ -112.083705, 41.160812 ], [ -112.083741, 41.159447 ], [ -112.083746, 41.15845 ], [ -112.083746, 41.158301 ], [ -112.083753, 41.156887 ], [ -112.083775, 41.154409 ], [ -112.083812, 41.152708 ], [ -112.077871, 41.152703 ], [ -112.075296, 41.152702 ], [ -112.073092, 41.152699 ], [ -112.064469, 41.152716 ], [ -112.054856, 41.152611 ], [ -112.052378, 41.152599 ], [ -112.05125, 41.152604 ], [ -112.049498, 41.152606 ], [ -112.048509, 41.152606 ], [ -112.047528, 41.152609 ], [ -112.046598, 41.152613 ], [ -112.045873, 41.152611 ], [ -112.045228, 41.152617 ], [ -112.044244, 41.152619 ], [ -112.043195, 41.152616 ], [ -112.041261, 41.152621 ], [ -112.039669, 41.152623 ] ] ] ] } },
{ "type": "Feature", "properties": { "id": 41, "NAME": "41", "TotalPop": 44872, "PopDevPct": 0.02866596, "DemPct": 0.24890472, "RepPct": 0.72779757, "WhitePct": 0.85457631, "MinorityPct": 0.14542369, "BlackPct": 0.01239352, "HispanicPct": 0.08989304, "PacificPct": 0.00489976, "AsianPct": 0.02164863, "NativePct": 0.02068789, "TotalVAP": 31226, "Margin": -0.47889285, "color": "#960018", "opacity": "0.5", "DemPct2": 0.23363102, "RepPct2": 0.73351534, "Margin2": -0.49988432, "Swing": 0.02099147, "R_Margin": -0.2801837996000001, "R_Margin2": -0.29533719413333326, "R_Swing": 0.015153394533333238, "Majority": "White" }, "geometry": { "type": "MultiPolygon", "coordinates": [ [ [ [ -112.098904, 41.336793 ], [ -112.131272, 41.336871 ], [ -112.131689, 41.336873 ], [ -112.133181, 41.336872 ], [ -112.197892, 41.336684 ], [ -112.238065, 41.336552 ], [ -112.252732, 41.321954 ], [ -112.275843, 41.298498 ], [ -112.279655, 41.294627 ], [ -112.308572, 41.265273 ], [ -112.309048, 41.264794 ], [ -112.339677, 41.233748 ], [ -112.339813, 41.233606 ], [ -112.355604, 41.217628 ], [ -112.368942, 41.203916 ], [ -112.375784, 41.196888 ], [ -112.393569, 41.178764 ], [ -112.454593, 41.11659 ], [ -112.481816, 41.08879 ], [ -112.493515, 41.076888 ], [ -112.451621, 41.087334 ], [ -112.402875, 41.099488 ], [ -112.384667, 41.103969 ], [ -112.298122, 41.125508 ], [ -112.288623, 41.127895 ], [ -112.250779, 41.137213 ], [ -112.199344, 41.149904 ], [ -112.190201, 41.152179 ], [ -112.18654, 41.153027 ], [ -112.175257, 41.152957 ], [ -112.173197, 41.152948 ], [ -112.171116, 41.152936 ], [ -112.158158, 41.152856 ], [ -112.152573, 41.152828 ], [ -112.148471, 41.152796 ], [ -112.142584, 41.15276 ], [ -112.138756, 41.152758 ], [ -112.132752, 41.152748 ], [ -112.122882, 41.152748 ], [ -112.112947, 41.15274 ], [ -112.107995, 41.15274 ], [ -112.10467, 41.152733 ], [ -112.104606, 41.152733 ], [ -112.104527, 41.152733 ], [ -112.102986, 41.152731 ], [ -112.101011, 41.152728 ], [ -112.092857, 41.15272 ], [ -112.088619, 41.152715 ], [ -112.083812, 41.152708 ], [ -112.083775, 41.154409 ], [ -112.083753, 41.156887 ], [ -112.083746, 41.158301 ], [ -112.083746, 41.15845 ], [ -112.083741, 41.159447 ], [ -112.083705, 41.160812 ], [ -112.083698, 41.161546 ], [ -112.083696, 41.162058 ], [ -112.08369, 41.162881 ], [ -112.083681, 41.163753 ], [ -112.085512, 41.163755 ], [ -112.086076, 41.163765 ], [ -112.085601, 41.16524 ], [ -112.083667, 41.16525 ], [ -112.083658, 41.165918 ], [ -112.083656, 41.166204 ], [ -112.083648, 41.167094 ], [ -112.083633, 41.168853 ], [ -112.088476, 41.168864 ], [ -112.088487, 41.170079 ], [ -112.088487, 41.171002 ], [ -112.088492, 41.171279 ], [ -112.083632, 41.171282 ], [ -112.083636, 41.172032 ], [ -112.083628, 41.172449 ], [ -112.080899, 41.172454 ], [ -112.08094, 41.173414 ], [ -112.080942, 41.174309 ], [ -112.083609, 41.173901 ], [ -112.083606, 41.17464 ], [ -112.083611, 41.176159 ], [ -112.083621, 41.178778 ], [ -112.081204, 41.178838 ], [ -112.0812, 41.179756 ], [ -112.078667, 41.179778 ], [ -112.075324, 41.179773 ], [ -112.074082, 41.179766 ], [ -112.074057, 41.180925 ], [ -112.072342, 41.181022 ], [ -112.069748, 41.181005 ], [ -112.066128, 41.180993 ], [ -112.064746, 41.181724 ], [ -112.064364, 41.181733 ], [ -112.064363, 41.181562 ], [ -112.064394, 41.180231 ], [ -112.064447, 41.17691 ], [ -112.063569, 41.177937 ], [ -112.061071, 41.179987 ], [ -112.059712, 41.181028 ], [ -112.059623, 41.181106 ], [ -112.058635, 41.181894 ], [ -112.056746, 41.183405 ], [ -112.056038, 41.183978 ], [ -112.054778, 41.184991 ], [ -112.053594, 41.185897 ], [ -112.051656, 41.187473 ], [ -112.051355, 41.187758 ], [ -112.049713, 41.187765 ], [ -112.049769, 41.185474 ], [ -112.04925, 41.185456 ], [ -112.047168, 41.185416 ], [ -112.046526, 41.185029 ], [ -112.044401, 41.185471 ], [ -112.044208, 41.184766 ], [ -112.038914, 41.190644 ], [ -112.037665, 41.190646 ], [ -112.03479, 41.190679 ], [ -112.03348, 41.190697 ], [ -112.032251, 41.190706 ], [ -112.030439, 41.190723 ], [ -112.028777, 41.190737 ], [ -112.027206, 41.190741 ], [ -112.025816, 41.190743 ], [ -112.023821, 41.190756 ], [ -112.023668, 41.190757 ], [ -112.021012, 41.190774 ], [ -112.020978, 41.193116 ], [ -112.023222, 41.19689 ], [ -112.025495, 41.196939 ], [ -112.025857, 41.196943 ], [ -112.025837, 41.198125 ], [ -112.025838, 41.200383 ], [ -112.025837, 41.200454 ], [ -112.02582, 41.205339 ], [ -112.025801, 41.208805 ], [ -112.025808, 41.209782 ], [ -112.025761, 41.21243 ], [ -112.025746, 41.214261 ], [ -112.025681, 41.219686 ], [ -112.023769, 41.219663 ], [ -112.023813, 41.222894 ], [ -112.023814, 41.22332 ], [ -112.016542, 41.223253 ], [ -112.01607, 41.223907 ], [ -112.015029, 41.222545 ], [ -112.012698, 41.222647 ], [ -112.011961, 41.223325 ], [ -112.010506, 41.222083 ], [ -112.010213, 41.22225 ], [ -112.009945, 41.222403 ], [ -112.007444, 41.224022 ], [ -112.006744, 41.224444 ], [ -112.006253, 41.224756 ], [ -112.003057, 41.226483 ], [ -111.999333, 41.227834 ], [ -111.998251, 41.228162 ], [ -111.996577, 41.228668 ], [ -111.996527, 41.229983 ], [ -111.996385, 41.234269 ], [ -111.996369, 41.236335 ], [ -111.996232, 41.239612 ], [ -111.996089, 41.244439 ], [ -111.998576, 41.24447 ], [ -112.001479, 41.244505 ], [ -112.00153, 41.242926 ], [ -112.002677, 41.242888 ], [ -112.002661, 41.24452 ], [ -112.003611, 41.244531 ], [ -112.003644, 41.240852 ], [ -112.004592, 41.240999 ], [ -112.004535, 41.244544 ], [ -112.008593, 41.244593 ], [ -112.008594, 41.244626 ], [ -112.008603, 41.244834 ], [ -112.008611, 41.245167 ], [ -112.00938, 41.245183 ], [ -112.00951, 41.245186 ], [ -112.009604, 41.251706 ], [ -112.009262, 41.253965 ], [ -112.009013, 41.254575 ], [ -112.008948, 41.259584 ], [ -112.008847, 41.267089 ], [ -112.008626, 41.272412 ], [ -112.008569, 41.275539 ], [ -112.011915, 41.274803 ], [ -112.013256, 41.274557 ], [ -112.025999, 41.274673 ], [ -112.026365, 41.274676 ], [ -112.026387, 41.273554 ], [ -112.028138, 41.273563 ], [ -112.03425, 41.273867 ], [ -112.035097, 41.273871 ], [ -112.034505, 41.274262 ], [ -112.035428, 41.275793 ], [ -112.036695, 41.276223 ], [ -112.037892, 41.275681 ], [ -112.037992, 41.276878 ], [ -112.039922, 41.277833 ], [ -112.043683, 41.278547 ], [ -112.044833, 41.279549 ], [ -112.044887, 41.284933 ], [ -112.044901, 41.2882 ], [ -112.044947, 41.289407 ], [ -112.044975, 41.29057 ], [ -112.044965, 41.292175 ], [ -112.044975, 41.293981 ], [ -112.04487, 41.295214 ], [ -112.044801, 41.295277 ], [ -112.04477, 41.296128 ], [ -112.044763, 41.297054 ], [ -112.04476, 41.297577 ], [ -112.044764, 41.298103 ], [ -112.044772, 41.298959 ], [ -112.044777, 41.299408 ], [ -112.045032, 41.299416 ], [ -112.045236, 41.299418 ], [ -112.045365, 41.299419 ], [ -112.045367, 41.299889 ], [ -112.045376, 41.302911 ], [ -112.044831, 41.302942 ], [ -112.044844, 41.30547 ], [ -112.044844, 41.305521 ], [ -112.044845, 41.305656 ], [ -112.044855, 41.306452 ], [ -112.044905, 41.306527 ], [ -112.045017, 41.310076 ], [ -112.045075, 41.315336 ], [ -112.045152, 41.318673 ], [ -112.045131, 41.31976 ], [ -112.045134, 41.321109 ], [ -112.046417, 41.321096 ], [ -112.054155, 41.321229 ], [ -112.054896, 41.321391 ], [ -112.05486, 41.323124 ], [ -112.054751, 41.327536 ], [ -112.05476, 41.328506 ], [ -112.051527, 41.328444 ], [ -112.051463, 41.328442 ], [ -112.04896, 41.328395 ], [ -112.049067, 41.335911 ], [ -112.049066, 41.33612 ], [ -112.047669, 41.336107 ], [ -112.044804, 41.336096 ], [ -112.044824, 41.336591 ], [ -112.049061, 41.336607 ], [ -112.063515, 41.336661 ], [ -112.06396, 41.336668 ], [ -112.073457, 41.336701 ], [ -112.083086, 41.336738 ], [ -112.092709, 41.336772 ], [ -112.096506, 41.336786 ], [ -112.098257, 41.336797 ], [ -112.098904, 41.336793 ] ] ] ] } },
{ "type": "Feature", "properties": { "id": 42, "NAME": "42", "TotalPop": 44880, "PopDevPct": 0.02884935, "DemPct": 0.45655833, "RepPct": 0.50291338, "WhitePct": 0.81294604, "MinorityPct": 0.18705396, "BlackPct": 0.01713365, "HispanicPct": 0.103996, "PacificPct": 0.00869179, "AsianPct": 0.03873816, "NativePct": 0.02099359, "TotalVAP": 36011, "Margin": -0.04635505, "color": "#ffa1a1", "opacity": "0.5", "DemPct2": 0.43515726, "RepPct2": 0.50347757, "Margin2": -0.06832031, "Swing": 0.02196526, "R_Margin": 0.1523540004000001, "R_Margin2": 0.1362268158666666, "R_Swing": 0.016127184533333436, "Majority": "White" }, "geometry": { "type": "MultiPolygon", "coordinates": [ [ [ [ -111.824896, 41.758721 ], [ -111.825341, 41.759281 ], [ -111.826208, 41.759307 ], [ -111.82729, 41.759339 ], [ -111.82804, 41.759361 ], [ -111.828996, 41.759391 ], [ -111.829006, 41.75891 ], [ -111.831548, 41.758517 ], [ -111.83153, 41.759453 ], [ -111.834339, 41.75951 ], [ -111.834298, 41.761306 ], [ -111.834298, 41.761351 ], [ -111.834274, 41.762262 ], [ -111.834202, 41.764997 ], [ -111.83417, 41.766836 ], [ -111.834152, 41.767858 ], [ -111.834139, 41.768692 ], [ -111.836489, 41.768724 ], [ -111.838982, 41.768763 ], [ -111.8389, 41.770591 ], [ -111.847771, 41.770772 ], [ -111.847656, 41.772685 ], [ -111.847445, 41.776168 ], [ -111.847326, 41.777919 ], [ -111.846719, 41.787618 ], [ -111.846088, 41.797344 ], [ -111.850191, 41.797247 ], [ -111.850696, 41.789569 ], [ -111.855361, 41.78794 ], [ -111.856671, 41.787881 ], [ -111.86244, 41.790621 ], [ -111.864123, 41.792082 ], [ -111.867287, 41.792044 ], [ -111.867377, 41.789925 ], [ -111.862222, 41.787603 ], [ -111.862301, 41.785335 ], [ -111.867011, 41.783492 ], [ -111.869708, 41.783432 ], [ -111.872789, 41.783448 ], [ -111.875227, 41.784915 ], [ -111.879801, 41.78765 ], [ -111.882785, 41.787479 ], [ -111.882751, 41.785672 ], [ -111.892391, 41.785679 ], [ -111.892376, 41.783895 ], [ -111.882758, 41.783875 ], [ -111.882754, 41.778926 ], [ -111.882781, 41.776169 ], [ -111.858384, 41.776375 ], [ -111.853766, 41.776373 ], [ -111.853661, 41.77271 ], [ -111.853732, 41.769071 ], [ -111.858479, 41.769112 ], [ -111.858511, 41.76733 ], [ -111.856152, 41.767289 ], [ -111.856189, 41.765471 ], [ -111.858556, 41.765534 ], [ -111.863639, 41.765575 ], [ -111.863567, 41.767408 ], [ -111.866045, 41.767416 ], [ -111.866118, 41.76539 ], [ -111.866221, 41.761633 ], [ -111.863788, 41.760585 ], [ -111.863853, 41.758005 ], [ -111.86147, 41.757987 ], [ -111.861549, 41.752451 ], [ -111.862281, 41.752462 ], [ -111.864028, 41.752489 ], [ -111.864072, 41.750573 ], [ -111.864017, 41.74711 ], [ -111.864034, 41.746823 ], [ -111.869037, 41.746893 ], [ -111.86915, 41.7451 ], [ -111.874115, 41.745149 ], [ -111.874157, 41.743501 ], [ -111.879356, 41.744089 ], [ -111.879224, 41.749447 ], [ -111.901721, 41.749382 ], [ -111.901596, 41.748992 ], [ -111.901554, 41.739191 ], [ -111.890198, 41.736423 ], [ -111.887636, 41.736014 ], [ -111.879576, 41.735942 ], [ -111.879737, 41.728284 ], [ -111.8798, 41.726478 ], [ -111.874961, 41.726415 ], [ -111.874879, 41.724604 ], [ -111.869924, 41.724642 ], [ -111.86998, 41.722797 ], [ -111.871301, 41.722837 ], [ -111.87132, 41.720878 ], [ -111.874485, 41.720909 ], [ -111.875957, 41.720922 ], [ -111.878191, 41.72095 ], [ -111.880044, 41.720975 ], [ -111.883422, 41.721052 ], [ -111.886277, 41.720576 ], [ -111.885986, 41.720039 ], [ -111.88274, 41.719752 ], [ -111.881215, 41.718806 ], [ -111.87545, 41.718784 ], [ -111.87555, 41.716746 ], [ -111.874888, 41.716783 ], [ -111.870895, 41.716823 ], [ -111.870199, 41.716821 ], [ -111.870263, 41.71519 ], [ -111.867882, 41.715195 ], [ -111.86786, 41.715747 ], [ -111.865108, 41.71571 ], [ -111.864957, 41.720809 ], [ -111.862556, 41.720777 ], [ -111.862654, 41.718199 ], [ -111.859991, 41.718146 ], [ -111.85991, 41.720739 ], [ -111.854871, 41.720614 ], [ -111.853206, 41.720586 ], [ -111.853166, 41.722323 ], [ -111.853118, 41.723447 ], [ -111.852651, 41.724068 ], [ -111.852433, 41.724287 ], [ -111.851796, 41.724931 ], [ -111.851315, 41.725419 ], [ -111.850494, 41.726197 ], [ -111.849928, 41.727811 ], [ -111.847962, 41.727765 ], [ -111.845442, 41.727741 ], [ -111.842869, 41.727678 ], [ -111.842876, 41.727189 ], [ -111.839655, 41.728448 ], [ -111.837655, 41.7287 ], [ -111.837636, 41.729533 ], [ -111.835046, 41.730109 ], [ -111.835047, 41.730013 ], [ -111.835073, 41.727735 ], [ -111.835114, 41.725944 ], [ -111.835188, 41.724026 ], [ -111.83523, 41.722176 ], [ -111.835258, 41.721217 ], [ -111.835262, 41.720907 ], [ -111.835269, 41.720229 ], [ -111.835281, 41.719315 ], [ -111.835273, 41.717515 ], [ -111.834856, 41.715233 ], [ -111.832587, 41.714482 ], [ -111.832519, 41.717621 ], [ -111.832195, 41.718467 ], [ -111.831141, 41.718502 ], [ -111.831379, 41.719271 ], [ -111.829803, 41.719461 ], [ -111.829001, 41.719555 ], [ -111.828355, 41.720686 ], [ -111.828493, 41.72068 ], [ -111.8286, 41.72068 ], [ -111.828719, 41.720679 ], [ -111.829093, 41.720678 ], [ -111.829277, 41.720898 ], [ -111.828452, 41.720892 ], [ -111.828304, 41.720894 ], [ -111.827831, 41.721437 ], [ -111.828533, 41.722614 ], [ -111.831826, 41.722646 ], [ -111.831834, 41.72172 ], [ -111.832675, 41.721721 ], [ -111.832678, 41.721741 ], [ -111.832696, 41.721864 ], [ -111.832677, 41.72246 ], [ -111.831025, 41.724097 ], [ -111.827491, 41.724816 ], [ -111.825735, 41.725098 ], [ -111.822986, 41.72513 ], [ -111.820482, 41.726679 ], [ -111.818945, 41.72823 ], [ -111.818975, 41.727197 ], [ -111.816344, 41.728393 ], [ -111.814385, 41.728353 ], [ -111.8122, 41.727875 ], [ -111.809788, 41.728212 ], [ -111.809304, 41.728599 ], [ -111.808944, 41.72888 ], [ -111.808568, 41.729413 ], [ -111.80653, 41.729443 ], [ -111.80646, 41.729372 ], [ -111.805718, 41.728148 ], [ -111.804225, 41.727096 ], [ -111.80407, 41.723865 ], [ -111.804039, 41.722912 ], [ -111.804047, 41.722314 ], [ -111.802559, 41.722345 ], [ -111.800321, 41.722408 ], [ -111.8003, 41.719613 ], [ -111.802937, 41.71955 ], [ -111.803022, 41.718652 ], [ -111.794425, 41.718669 ], [ -111.794644, 41.724315 ], [ -111.794433, 41.72593 ], [ -111.793761, 41.725915 ], [ -111.784916, 41.726 ], [ -111.785016, 41.729081 ], [ -111.785005, 41.729308 ], [ -111.784972, 41.731697 ], [ -111.78882, 41.731739 ], [ -111.79026, 41.731524 ], [ -111.7886, 41.736725 ], [ -111.789675, 41.737552 ], [ -111.789706, 41.741676 ], [ -111.788382, 41.741681 ], [ -111.784936, 41.74168 ], [ -111.78493, 41.740336 ], [ -111.780187, 41.740335 ], [ -111.78019, 41.742418 ], [ -111.780249, 41.74279 ], [ -111.781556, 41.742792 ], [ -111.78156, 41.743709 ], [ -111.781562, 41.744087 ], [ -111.782184, 41.744086 ], [ -111.782936, 41.744085 ], [ -111.784811, 41.744083 ], [ -111.784802, 41.744383 ], [ -111.784799, 41.744465 ], [ -111.784905, 41.754292 ], [ -111.784934, 41.758606 ], [ -111.780276, 41.758617 ], [ -111.780308, 41.762245 ], [ -111.784145, 41.762216 ], [ -111.785194, 41.762213 ], [ -111.794661, 41.762172 ], [ -111.794663, 41.761779 ], [ -111.794651, 41.760739 ], [ -111.794647, 41.760321 ], [ -111.797015, 41.760303 ], [ -111.799482, 41.760282 ], [ -111.799952, 41.758548 ], [ -111.800565, 41.758524 ], [ -111.804284, 41.758443 ], [ -111.808872, 41.75839 ], [ -111.808428, 41.759076 ], [ -111.811243, 41.75913 ], [ -111.813862, 41.759187 ], [ -111.81642, 41.759255 ], [ -111.818998, 41.759326 ], [ -111.821104, 41.759351 ], [ -111.821483, 41.759356 ], [ -111.823947, 41.759385 ], [ -111.823993, 41.758689 ], [ -111.824896, 41.758721 ] ] ] ] } },
{ "type": "Feature", "properties": { "id": 43, "NAME": "43", "TotalPop": 44297, "PopDevPct": 0.0154844, "DemPct": 0.26559174, "RepPct": 0.70293039, "WhitePct": 0.83255911, "MinorityPct": 0.16744089, "BlackPct": 0.00835471, "HispanicPct": 0.11644595, "PacificPct": 0.00731471, "AsianPct": 0.01917077, "NativePct": 0.0180961, "TotalVAP": 28846, "Margin": -0.43733865, "color": "#960018", "opacity": "0.5", "DemPct2": 0.23572467, "RepPct2": 0.71995789, "Margin2": -0.48423322, "Swing": 0.04689457, "R_Margin": -0.2386295996, "R_Margin2": -0.27968609413333334, "R_Swing": 0.041056494533333363, "Majority": "White" }, "geometry": { "type": "MultiPolygon", "coordinates": [ [ [ [ -111.802937, 41.71955 ], [ -111.8003, 41.719613 ], [ -111.800321, 41.722408 ], [ -111.802559, 41.722345 ], [ -111.804047, 41.722314 ], [ -111.804039, 41.722912 ], [ -111.80407, 41.723865 ], [ -111.804225, 41.727096 ], [ -111.805718, 41.728148 ], [ -111.80646, 41.729372 ], [ -111.80653, 41.729443 ], [ -111.808568, 41.729413 ], [ -111.808944, 41.72888 ], [ -111.809304, 41.728599 ], [ -111.809788, 41.728212 ], [ -111.8122, 41.727875 ], [ -111.814385, 41.728353 ], [ -111.816344, 41.728393 ], [ -111.818975, 41.727197 ], [ -111.818945, 41.72823 ], [ -111.820482, 41.726679 ], [ -111.822986, 41.72513 ], [ -111.825735, 41.725098 ], [ -111.827491, 41.724816 ], [ -111.831025, 41.724097 ], [ -111.832677, 41.72246 ], [ -111.832696, 41.721864 ], [ -111.832678, 41.721741 ], [ -111.832675, 41.721721 ], [ -111.831834, 41.72172 ], [ -111.831826, 41.722646 ], [ -111.828533, 41.722614 ], [ -111.827831, 41.721437 ], [ -111.828304, 41.720894 ], [ -111.828452, 41.720892 ], [ -111.829277, 41.720898 ], [ -111.829093, 41.720678 ], [ -111.828719, 41.720679 ], [ -111.8286, 41.72068 ], [ -111.828493, 41.72068 ], [ -111.828355, 41.720686 ], [ -111.829001, 41.719555 ], [ -111.829803, 41.719461 ], [ -111.831379, 41.719271 ], [ -111.831141, 41.718502 ], [ -111.832195, 41.718467 ], [ -111.832519, 41.717621 ], [ -111.832587, 41.714482 ], [ -111.834856, 41.715233 ], [ -111.835273, 41.717515 ], [ -111.835281, 41.719315 ], [ -111.835269, 41.720229 ], [ -111.835262, 41.720907 ], [ -111.835258, 41.721217 ], [ -111.83523, 41.722176 ], [ -111.835188, 41.724026 ], [ -111.835114, 41.725944 ], [ -111.835073, 41.727735 ], [ -111.835047, 41.730013 ], [ -111.835046, 41.730109 ], [ -111.837636, 41.729533 ], [ -111.837655, 41.7287 ], [ -111.839655, 41.728448 ], [ -111.842876, 41.727189 ], [ -111.842869, 41.727678 ], [ -111.845442, 41.727741 ], [ -111.847962, 41.727765 ], [ -111.849928, 41.727811 ], [ -111.850494, 41.726197 ], [ -111.851315, 41.725419 ], [ -111.851796, 41.724931 ], [ -111.852433, 41.724287 ], [ -111.852651, 41.724068 ], [ -111.853118, 41.723447 ], [ -111.853166, 41.722323 ], [ -111.853206, 41.720586 ], [ -111.854871, 41.720614 ], [ -111.85991, 41.720739 ], [ -111.859991, 41.718146 ], [ -111.86002, 41.717327 ], [ -111.860046, 41.716648 ], [ -111.86017, 41.713389 ], [ -111.860178, 41.7114 ], [ -111.860279, 41.709531 ], [ -111.860467, 41.70621 ], [ -111.863201, 41.706593 ], [ -111.863934, 41.707422 ], [ -111.86581, 41.708091 ], [ -111.865934, 41.707558 ], [ -111.86778, 41.706783 ], [ -111.869442, 41.705004 ], [ -111.871957, 41.70574 ], [ -111.872017, 41.707228 ], [ -111.875698, 41.707231 ], [ -111.876897, 41.707229 ], [ -111.876875, 41.70548 ], [ -111.871956, 41.70549 ], [ -111.86955, 41.704648 ], [ -111.86949, 41.700087 ], [ -111.871946, 41.700087 ], [ -111.871917, 41.6978 ], [ -111.871893, 41.696762 ], [ -111.871895, 41.692818 ], [ -111.87183, 41.687965 ], [ -111.87547, 41.687967 ], [ -111.875981, 41.689175 ], [ -111.878381, 41.687564 ], [ -111.877265, 41.685493 ], [ -111.879685, 41.685489 ], [ -111.87963, 41.682545 ], [ -111.881356, 41.683786 ], [ -111.881331, 41.678223 ], [ -111.883413, 41.678223 ], [ -111.88336, 41.677416 ], [ -111.882089, 41.676646 ], [ -111.881924, 41.676522 ], [ -111.882644, 41.6758 ], [ -111.882916, 41.675528 ], [ -111.882978, 41.675467 ], [ -111.88753, 41.670903 ], [ -111.894462, 41.664009 ], [ -111.896599, 41.661923 ], [ -111.90192, 41.661941 ], [ -111.902161, 41.662037 ], [ -111.903366, 41.661016 ], [ -111.903055, 41.660099 ], [ -111.903939, 41.659216 ], [ -111.905645, 41.65871 ], [ -111.905603, 41.660093 ], [ -111.909024, 41.660156 ], [ -111.909508, 41.656187 ], [ -111.906881, 41.656213 ], [ -111.908265, 41.654663 ], [ -111.909815, 41.6544 ], [ -111.910481, 41.653677 ], [ -111.913255, 41.653715 ], [ -111.913281, 41.650429 ], [ -111.913281, 41.648642 ], [ -111.915894, 41.648648 ], [ -111.915414, 41.650254 ], [ -111.917038, 41.650259 ], [ -111.917088, 41.648643 ], [ -111.919564, 41.648647 ], [ -111.924007, 41.64868 ], [ -111.927795, 41.64879 ], [ -111.92685, 41.649372 ], [ -111.928052, 41.651786 ], [ -111.929687, 41.650814 ], [ -111.930933, 41.650586 ], [ -111.932405, 41.652936 ], [ -111.933931, 41.652365 ], [ -111.933986, 41.650692 ], [ -111.934031, 41.648728 ], [ -111.936775, 41.648712 ], [ -111.937553, 41.648694 ], [ -111.939309, 41.649753 ], [ -111.93984, 41.65056 ], [ -111.943468, 41.650553 ], [ -111.942592, 41.648752 ], [ -111.940811, 41.646086 ], [ -111.94199, 41.645493 ], [ -111.94231, 41.645294 ], [ -111.949071, 41.645356 ], [ -111.949125, 41.642404 ], [ -111.939313, 41.642406 ], [ -111.939313, 41.640891 ], [ -111.939305, 41.638871 ], [ -111.940308, 41.638734 ], [ -111.940316, 41.63783 ], [ -111.944278, 41.637843 ], [ -111.944895, 41.639644 ], [ -111.949139, 41.63966 ], [ -111.949142, 41.63928 ], [ -111.952546, 41.640024 ], [ -111.954003, 41.641327 ], [ -111.968576, 41.6414 ], [ -111.973481, 41.641349 ], [ -112.010102, 41.640969 ], [ -112.013812, 41.638864 ], [ -112.013027, 41.637472 ], [ -112.013253, 41.635785 ], [ -112.010461, 41.633983 ], [ -112.008131, 41.633417 ], [ -112.005988, 41.631891 ], [ -112.004528, 41.629444 ], [ -112.007078, 41.627499 ], [ -112.007252, 41.624931 ], [ -112.007707, 41.623522 ], [ -112.006202, 41.620175 ], [ -112.005941, 41.616067 ], [ -112.006148, 41.614352 ], [ -112.003674, 41.612516 ], [ -112.003686, 41.609534 ], [ -112.004486, 41.605986 ], [ -112.007544, 41.601094 ], [ -112.007721, 41.59977 ], [ -112.006369, 41.597782 ], [ -112.006348, 41.592504 ], [ -112.006705, 41.591893 ], [ -112.00533, 41.590707 ], [ -112.003858, 41.587468 ], [ -112.003652, 41.586141 ], [ -112.002545, 41.584878 ], [ -112.001707, 41.580939 ], [ -112.000402, 41.579626 ], [ -111.999661, 41.577871 ], [ -112.000078, 41.576475 ], [ -111.999436, 41.575976 ], [ -111.998957, 41.574563 ], [ -111.998959, 41.57196 ], [ -111.997169, 41.570606 ], [ -111.995436, 41.568698 ], [ -111.994107, 41.566125 ], [ -111.994828, 41.563461 ], [ -111.994514, 41.562514 ], [ -111.996362, 41.56103 ], [ -111.996606, 41.557572 ], [ -111.993986, 41.556249 ], [ -111.992756, 41.555013 ], [ -111.991282, 41.550747 ], [ -111.99164, 41.549617 ], [ -111.98945, 41.547822 ], [ -111.987945, 41.543395 ], [ -111.987111, 41.5426 ], [ -111.985607, 41.539561 ], [ -111.98455, 41.538462 ], [ -111.983896, 41.535921 ], [ -111.98266, 41.534477 ], [ -111.981042, 41.534117 ], [ -111.978265, 41.535017 ], [ -111.977113, 41.537857 ], [ -111.976852, 41.539638 ], [ -111.975435, 41.541902 ], [ -111.972553, 41.543569 ], [ -111.968743, 41.544164 ], [ -111.965332, 41.543321 ], [ -111.962253, 41.543486 ], [ -111.960386, 41.544916 ], [ -111.959922, 41.54637 ], [ -111.958417, 41.547193 ], [ -111.955312, 41.549651 ], [ -111.953833, 41.550331 ], [ -111.953674, 41.550442 ], [ -111.946089, 41.553029 ], [ -111.942052, 41.552944 ], [ -111.937288, 41.551155 ], [ -111.936724, 41.550709 ], [ -111.936212, 41.548421 ], [ -111.934011, 41.546705 ], [ -111.934857, 41.544266 ], [ -111.933336, 41.541464 ], [ -111.930814, 41.540553 ], [ -111.928323, 41.537937 ], [ -111.926703, 41.536972 ], [ -111.925316, 41.537754 ], [ -111.923832, 41.537618 ], [ -111.920222, 41.539043 ], [ -111.917992, 41.539061 ], [ -111.916352, 41.538406 ], [ -111.916792, 41.53748 ], [ -111.915132, 41.535174 ], [ -111.914855, 41.532997 ], [ -111.913583, 41.531611 ], [ -111.91415, 41.52971 ], [ -111.913439, 41.526869 ], [ -111.913585, 41.524463 ], [ -111.911683, 41.522609 ], [ -111.912099, 41.519386 ], [ -111.9119, 41.518518 ], [ -111.909593, 41.517845 ], [ -111.907181, 41.515501 ], [ -111.905817, 41.514973 ], [ -111.905952, 41.514368 ], [ -111.907635, 41.513409 ], [ -111.907632, 41.511444 ], [ -111.908949, 41.509233 ], [ -111.909117, 41.507097 ], [ -111.907564, 41.504438 ], [ -111.90593, 41.502879 ], [ -111.906907, 41.501183 ], [ -111.906206, 41.498581 ], [ -111.904959, 41.496771 ], [ -111.904236, 41.497331 ], [ -111.900642, 41.497368 ], [ -111.898529, 41.496538 ], [ -111.895844, 41.496941 ], [ -111.894872, 41.496373 ], [ -111.892274, 41.495894 ], [ -111.888673, 41.496391 ], [ -111.884156, 41.496023 ], [ -111.881753, 41.494614 ], [ -111.880081, 41.492205 ], [ -111.880214, 41.491086 ], [ -111.876689, 41.490446 ], [ -111.875708, 41.489928 ], [ -111.875599, 41.48871 ], [ -111.875594, 41.488635 ], [ -111.874877, 41.487118 ], [ -111.873314, 41.485743 ], [ -111.874092, 41.484404 ], [ -111.877238, 41.483196 ], [ -111.877782, 41.482281 ], [ -111.877021, 41.481153 ], [ -111.876236, 41.4797 ], [ -111.877419, 41.478143 ], [ -111.878439, 41.475881 ], [ -111.87821, 41.474447 ], [ -111.880182, 41.473728 ], [ -111.882105, 41.474527 ], [ -111.884517, 41.473224 ], [ -111.886419, 41.47309 ], [ -111.888542, 41.472885 ], [ -111.891243, 41.470356 ], [ -111.896221, 41.46952 ], [ -111.898005, 41.470362 ], [ -111.90236, 41.47126 ], [ -111.906387, 41.472066 ], [ -111.908209, 41.470881 ], [ -111.911363, 41.469915 ], [ -111.913181, 41.469729 ], [ -111.913261, 41.468152 ], [ -111.912479, 41.467773 ], [ -111.914904, 41.467103 ], [ -111.916958, 41.464087 ], [ -111.916077, 41.462338 ], [ -111.916588, 41.460375 ], [ -111.912736, 41.459334 ], [ -111.90913, 41.457113 ], [ -111.908018, 41.455908 ], [ -111.905603, 41.454856 ], [ -111.904233, 41.454849 ], [ -111.900109, 41.453691 ], [ -111.900227, 41.452262 ], [ -111.9012, 41.44944 ], [ -111.900502, 41.448351 ], [ -111.897457, 41.44542 ], [ -111.894354, 41.444364 ], [ -111.892637, 41.442497 ], [ -111.891041, 41.441624 ], [ -111.887354, 41.442074 ], [ -111.883615, 41.44206 ], [ -111.881971, 41.441495 ], [ -111.881368, 41.439071 ], [ -111.88152, 41.435382 ], [ -111.88368, 41.427913 ], [ -111.885443, 41.426374 ], [ -111.884941, 41.425713 ], [ -111.882552, 41.424893 ], [ -111.880433, 41.424901 ], [ -111.877448, 41.423529 ], [ -111.875774, 41.423574 ], [ -111.872417, 41.42171 ], [ -111.875587, 41.418185 ], [ -111.878365, 41.417074 ], [ -111.879456, 41.416259 ], [ -111.880128, 41.414495 ], [ -111.87932, 41.412596 ], [ -111.875538, 41.409777 ], [ -111.875541, 41.408236 ], [ -111.874906, 41.40703 ], [ -111.874994, 41.404609 ], [ -111.869864, 41.400877 ], [ -111.869898, 41.400126 ], [ -111.868507, 41.398497 ], [ -111.865628, 41.398938 ], [ -111.863707, 41.399565 ], [ -111.861843, 41.398584 ], [ -111.86126, 41.396401 ], [ -111.860244, 41.395973 ], [ -111.858219, 41.396729 ], [ -111.857019, 41.396633 ], [ -111.856185, 41.394936 ], [ -111.853901, 41.394129 ], [ -111.851605, 41.393402 ], [ -111.848255, 41.393481 ], [ -111.846631, 41.392807 ], [ -111.844025, 41.392437 ], [ -111.84139, 41.391317 ], [ -111.840969, 41.390093 ], [ -111.839212, 41.390025 ], [ -111.839218, 41.388693 ], [ -111.83695, 41.387829 ], [ -111.835467, 41.388291 ], [ -111.834527, 41.389394 ], [ -111.832668, 41.389834 ], [ -111.83148, 41.389011 ], [ -111.829602, 41.389298 ], [ -111.828463, 41.39086 ], [ -111.827842, 41.39261 ], [ -111.826141, 41.391765 ], [ -111.823815, 41.391612 ], [ -111.820136, 41.391895 ], [ -111.8182, 41.39014 ], [ -111.814108, 41.387964 ], [ -111.807416, 41.388911 ], [ -111.804803, 41.390728 ], [ -111.800757, 41.390729 ], [ -111.797423, 41.392316 ], [ -111.792702, 41.391265 ], [ -111.792306, 41.390364 ], [ -111.790388, 41.388213 ], [ -111.789107, 41.384526 ], [ -111.787232, 41.383923 ], [ -111.785942, 41.382711 ], [ -111.78406, 41.382414 ], [ -111.783241, 41.381072 ], [ -111.781656, 41.379712 ], [ -111.780871, 41.379178 ], [ -111.780845, 41.378614 ], [ -111.775332, 41.376558 ], [ -111.773093, 41.376362 ], [ -111.771589, 41.375831 ], [ -111.771259, 41.374938 ], [ -111.769616, 41.373518 ], [ -111.767587, 41.370801 ], [ -111.766545, 41.370023 ], [ -111.763893, 41.369342 ], [ -111.76059, 41.368818 ], [ -111.758527, 41.369438 ], [ -111.756624, 41.369232 ], [ -111.752163, 41.370686 ], [ -111.750771, 41.370014 ], [ -111.746299, 41.369785 ], [ -111.743708, 41.371701 ], [ -111.739266, 41.37318 ], [ -111.737728, 41.374212 ], [ -111.733318, 41.375006 ], [ -111.730015, 41.375057 ], [ -111.72651, 41.375814 ], [ -111.725126, 41.377631 ], [ -111.725433, 41.37878 ], [ -111.727226, 41.381406 ], [ -111.726887, 41.385051 ], [ -111.725131, 41.386556 ], [ -111.723405, 41.388122 ], [ -111.722932, 41.389777 ], [ -111.720164, 41.391696 ], [ -111.719022, 41.391914 ], [ -111.717014, 41.393372 ], [ -111.715946, 41.394969 ], [ -111.712032, 41.395029 ], [ -111.710509, 41.396994 ], [ -111.71053, 41.3978 ], [ -111.712186, 41.39849 ], [ -111.712199, 41.399594 ], [ -111.710979, 41.400213 ], [ -111.709403, 41.402602 ], [ -111.707305, 41.40387 ], [ -111.706517, 41.404844 ], [ -111.706483, 41.40685 ], [ -111.706992, 41.409375 ], [ -111.70664, 41.410023 ], [ -111.706178, 41.41086 ], [ -111.706781, 41.413077 ], [ -111.708611, 41.412503 ], [ -111.709091, 41.413087 ], [ -111.712414, 41.413516 ], [ -111.713678, 41.415044 ], [ -111.716411, 41.416075 ], [ -111.717034, 41.415529 ], [ -111.718736, 41.417029 ], [ -111.72023, 41.42031 ], [ -111.722075, 41.421325 ], [ -111.722905, 41.423162 ], [ -111.722206, 41.426375 ], [ -111.721301, 41.42739 ], [ -111.720412, 41.425924 ], [ -111.718177, 41.424583 ], [ -111.714592, 41.425187 ], [ -111.713493, 41.424713 ], [ -111.711811, 41.423141 ], [ -111.70779, 41.425425 ], [ -111.706839, 41.423548 ], [ -111.704094, 41.421047 ], [ -111.702856, 41.420659 ], [ -111.700796, 41.419154 ], [ -111.697956, 41.418076 ], [ -111.696486, 41.417074 ], [ -111.695008, 41.41723 ], [ -111.693453, 41.41814 ], [ -111.691811, 41.4185 ], [ -111.689745, 41.418414 ], [ -111.688539, 41.420851 ], [ -111.687222, 41.421384 ], [ -111.685509, 41.421253 ], [ -111.685583, 41.423142 ], [ -111.683672, 41.42404 ], [ -111.683033, 41.424856 ], [ -111.680243, 41.425538 ], [ -111.679071, 41.427296 ], [ -111.673466, 41.427377 ], [ -111.666576, 41.42883 ], [ -111.665778, 41.427668 ], [ -111.664114, 41.423582 ], [ -111.661329, 41.421906 ], [ -111.661207, 41.420166 ], [ -111.660566, 41.418681 ], [ -111.658127, 41.417236 ], [ -111.657133, 41.414809 ], [ -111.656257, 41.413634 ], [ -111.652888, 41.411376 ], [ -111.652061, 41.409667 ], [ -111.652644, 41.407793 ], [ -111.64876, 41.406769 ], [ -111.647519, 41.405456 ], [ -111.64483, 41.405641 ], [ -111.643839, 41.406094 ], [ -111.643101, 41.410567 ], [ -111.64061, 41.414005 ], [ -111.639858, 41.414641 ], [ -111.63748, 41.414792 ], [ -111.634987, 41.415912 ], [ -111.630916, 41.418356 ], [ -111.630112, 41.417725 ], [ -111.626786, 41.4176 ], [ -111.624819, 41.418837 ], [ -111.62294, 41.419288 ], [ -111.62273, 41.420346 ], [ -111.618536, 41.422347 ], [ -111.615597, 41.422194 ], [ -111.612308, 41.421495 ], [ -111.612239, 41.420447 ], [ -111.611139, 41.419158 ], [ -111.608499, 41.418881 ], [ -111.606915, 41.419336 ], [ -111.604123, 41.419437 ], [ -111.602329, 41.420306 ], [ -111.599108, 41.421314 ], [ -111.594853, 41.419671 ], [ -111.592081, 41.419626 ], [ -111.590648, 41.41896 ], [ -111.58473, 41.418111 ], [ -111.583856, 41.418416 ], [ -111.580036, 41.422823 ], [ -111.575476, 41.428774 ], [ -111.573777, 41.428377 ], [ -111.571742, 41.426135 ], [ -111.571653, 41.42508 ], [ -111.570103, 41.424568 ], [ -111.566574, 41.424386 ], [ -111.564165, 41.423104 ], [ -111.559777, 41.423398 ], [ -111.558667, 41.424551 ], [ -111.557352, 41.42477 ], [ -111.554771, 41.424089 ], [ -111.554044, 41.423425 ], [ -111.553734, 41.421563 ], [ -111.552631, 41.417817 ], [ -111.552589, 41.416181 ], [ -111.551681, 41.414076 ], [ -111.550604, 41.412803 ], [ -111.548287, 41.41088 ], [ -111.544996, 41.409571 ], [ -111.544704, 41.408641 ], [ -111.543399, 41.405362 ], [ -111.541523, 41.405063 ], [ -111.540195, 41.406533 ], [ -111.540716, 41.40803 ], [ -111.539921, 41.409186 ], [ -111.537206, 41.411204 ], [ -111.534174, 41.411258 ], [ -111.533211, 41.4122 ], [ -111.531848, 41.414521 ], [ -111.528178, 41.414553 ], [ -111.526562, 41.414929 ], [ -111.52432, 41.416007 ], [ -111.521348, 41.415971 ], [ -111.520907, 41.41807 ], [ -111.519763, 41.419625 ], [ -111.517417, 41.421654 ], [ -111.514069, 41.421746 ], [ -111.51255, 41.422789 ], [ -111.510839, 41.4231 ], [ -111.510175, 41.424853 ], [ -111.510677, 41.427089 ], [ -111.510458, 41.428018 ], [ -111.509288, 41.428387 ], [ -111.508298, 41.428417 ], [ -111.50675, 41.429537 ], [ -111.507236, 41.430678 ], [ -111.50656, 41.43319 ], [ -111.504477, 41.435829 ], [ -111.50256, 41.436868 ], [ -111.500761, 41.437624 ], [ -111.501324, 41.438902 ], [ -111.503117, 41.440864 ], [ -111.505597, 41.442902 ], [ -111.505931, 41.443762 ], [ -111.505532, 41.445891 ], [ -111.502936, 41.448841 ], [ -111.502899, 41.449596 ], [ -111.505199, 41.451598 ], [ -111.503242, 41.453724 ], [ -111.503127, 41.455824 ], [ -111.503707, 41.458861 ], [ -111.503117, 41.459953 ], [ -111.501201, 41.461498 ], [ -111.500757, 41.464449 ], [ -111.496986, 41.46538 ], [ -111.494803, 41.465535 ], [ -111.492982, 41.465325 ], [ -111.491669, 41.465967 ], [ -111.489871, 41.466383 ], [ -111.48854, 41.468583 ], [ -111.49014, 41.471429 ], [ -111.48999, 41.473049 ], [ -111.488134, 41.473712 ], [ -111.485808, 41.474318 ], [ -111.484193, 41.475271 ], [ -111.481416, 41.47692 ], [ -111.481999, 41.479063 ], [ -111.481522, 41.480411 ], [ -111.480294, 41.482002 ], [ -111.479931, 41.483827 ], [ -111.477696, 41.487422 ], [ -111.475508, 41.4886 ], [ -111.47544, 41.489387 ], [ -111.474957, 41.494909 ], [ -111.477982, 41.497252 ], [ -111.477491, 41.49788 ], [ -111.475336, 41.498254 ], [ -111.474806, 41.500302 ], [ -111.476433, 41.500821 ], [ -111.476392, 41.501736 ], [ -111.478254, 41.503241 ], [ -111.478061, 41.503931 ], [ -111.474762, 41.505436 ], [ -111.471386, 41.506458 ], [ -111.468652, 41.508881 ], [ -111.466838, 41.509802 ], [ -111.466588, 41.510259 ], [ -111.466079, 41.511912 ], [ -111.46466, 41.514927 ], [ -111.46303, 41.515716 ], [ -111.460211, 41.518658 ], [ -111.458029, 41.519275 ], [ -111.456359, 41.52093 ], [ -111.457267, 41.5225 ], [ -111.457411, 41.525354 ], [ -111.455811, 41.526733 ], [ -111.4579, 41.527873 ], [ -111.458617, 41.5287 ], [ -111.459296, 41.530773 ], [ -111.457891, 41.53199 ], [ -111.456946, 41.532214 ], [ -111.454854, 41.530529 ], [ -111.453017, 41.52985 ], [ -111.449176, 41.531252 ], [ -111.448176, 41.531412 ], [ -111.442949, 41.531365 ], [ -111.44177, 41.534529 ], [ -111.442777, 41.538874 ], [ -111.443846, 41.541256 ], [ -111.44522, 41.542032 ], [ -111.445188, 41.544336 ], [ -111.442444, 41.546201 ], [ -111.442662, 41.548114 ], [ -111.442169, 41.549028 ], [ -111.436119, 41.550692 ], [ -111.433407, 41.553328 ], [ -111.433341, 41.555351 ], [ -111.432163, 41.557754 ], [ -111.432089, 41.559706 ], [ -111.430704, 41.561064 ], [ -111.431657, 41.562454 ], [ -111.431249, 41.563162 ], [ -111.430989, 41.564704 ], [ -111.429407, 41.566774 ], [ -111.429796, 41.567906 ], [ -111.430852, 41.568617 ], [ -111.430376, 41.569865 ], [ -111.430718, 41.575093 ], [ -111.429811, 41.577702 ], [ -111.427579, 41.579007 ], [ -111.427165, 41.582686 ], [ -111.427028, 41.585569 ], [ -111.4277, 41.586317 ], [ -111.429204, 41.589783 ], [ -111.42849, 41.591875 ], [ -111.427246, 41.592828 ], [ -111.42781, 41.59403 ], [ -111.427778, 41.597838 ], [ -111.426806, 41.599013 ], [ -111.427749, 41.601282 ], [ -111.428006, 41.602456 ], [ -111.427326, 41.603847 ], [ -111.427994, 41.605777 ], [ -111.427276, 41.607132 ], [ -111.427745, 41.608977 ], [ -111.426567, 41.610487 ], [ -111.427485, 41.613065 ], [ -111.427629, 41.61492 ], [ -111.42984, 41.618191 ], [ -111.428752, 41.620221 ], [ -111.426406, 41.621469 ], [ -111.422792, 41.624031 ], [ -111.421233, 41.624015 ], [ -111.417686, 41.622428 ], [ -111.415203, 41.624 ], [ -111.415095, 41.624098 ], [ -111.413359, 41.625265 ], [ -111.412109, 41.625589 ], [ -111.410663, 41.627435 ], [ -111.411546, 41.628295 ], [ -111.412065, 41.630135 ], [ -111.411707, 41.631681 ], [ -111.413769, 41.635006 ], [ -111.415535, 41.63679 ], [ -111.416618, 41.639256 ], [ -111.414146, 41.641684 ], [ -111.412271, 41.64231 ], [ -111.411424, 41.643248 ], [ -111.408636, 41.644941 ], [ -111.408539, 41.648334 ], [ -111.40825, 41.64934 ], [ -111.403251, 41.651995 ], [ -111.402919, 41.65296 ], [ -111.401576, 41.654081 ], [ -111.402077, 41.658881 ], [ -111.402649, 41.659779 ], [ -111.404868, 41.66134 ], [ -111.40686, 41.66315 ], [ -111.405715, 41.664893 ], [ -111.40703, 41.666731 ], [ -111.409165, 41.666002 ], [ -111.411043, 41.66594 ], [ -111.41389, 41.666417 ], [ -111.414678, 41.668284 ], [ -111.413942, 41.669995 ], [ -111.415004, 41.67341 ], [ -111.414101, 41.674629 ], [ -111.415461, 41.67612 ], [ -111.419318, 41.675056 ], [ -111.421249, 41.67414 ], [ -111.423385, 41.674305 ], [ -111.425898, 41.676748 ], [ -111.426855, 41.677864 ], [ -111.425719, 41.681018 ], [ -111.426148, 41.682295 ], [ -111.425472, 41.683404 ], [ -111.425477, 41.685194 ], [ -111.426198, 41.686335 ], [ -111.424604, 41.68782 ], [ -111.424194, 41.689146 ], [ -111.424135, 41.692073 ], [ -111.426944, 41.694313 ], [ -111.426743, 41.695075 ], [ -111.425173, 41.696433 ], [ -111.424928, 41.696559 ], [ -111.423126, 41.697232 ], [ -111.419913, 41.696834 ], [ -111.420083, 41.698279 ], [ -111.421657, 41.700143 ], [ -111.421232, 41.702282 ], [ -111.421168, 41.70618 ], [ -111.418281, 41.708929 ], [ -111.41794, 41.710822 ], [ -111.417127, 41.712624 ], [ -111.417902, 41.714806 ], [ -111.418053, 41.717025 ], [ -111.41753, 41.720046 ], [ -111.417922, 41.721726 ], [ -111.419997, 41.72294 ], [ -111.420272, 41.724603 ], [ -111.422756, 41.724836 ], [ -111.425174, 41.725755 ], [ -111.42854, 41.726516 ], [ -111.429045, 41.7269 ], [ -111.42907, 41.727307 ], [ -111.431835, 41.729322 ], [ -111.43511, 41.731211 ], [ -111.436441, 41.732742 ], [ -111.438398, 41.734182 ], [ -111.43962, 41.73447 ], [ -111.442086, 41.736067 ], [ -111.441625, 41.73722 ], [ -111.442149, 41.738279 ], [ -111.440667, 41.740208 ], [ -111.440778, 41.741774 ], [ -111.442459, 41.742625 ], [ -111.444386, 41.742987 ], [ -111.445288, 41.744755 ], [ -111.444301, 41.746328 ], [ -111.442152, 41.747409 ], [ -111.442872, 41.749965 ], [ -111.441356, 41.751507 ], [ -111.440984, 41.752876 ], [ -111.441508, 41.754718 ], [ -111.441016, 41.755773 ], [ -111.441757, 41.757317 ], [ -111.444576, 41.758981 ], [ -111.445522, 41.760526 ], [ -111.445105, 41.763115 ], [ -111.445323, 41.76414 ], [ -111.443927, 41.765225 ], [ -111.444716, 41.766018 ], [ -111.444835, 41.767414 ], [ -111.444286, 41.768905 ], [ -111.44331, 41.769885 ], [ -111.443512, 41.771701 ], [ -111.44657, 41.773085 ], [ -111.448124, 41.772077 ], [ -111.449737, 41.772186 ], [ -111.450278, 41.774019 ], [ -111.451368, 41.775421 ], [ -111.45223, 41.775569 ], [ -111.452324, 41.777688 ], [ -111.451369, 41.77868 ], [ -111.453528, 41.778803 ], [ -111.454656, 41.77957 ], [ -111.454422, 41.78078 ], [ -111.455103, 41.782631 ], [ -111.454848, 41.784108 ], [ -111.453418, 41.784737 ], [ -111.453042, 41.785634 ], [ -111.454298, 41.788066 ], [ -111.453606, 41.790514 ], [ -111.451748, 41.791138 ], [ -111.4509, 41.79282 ], [ -111.452397, 41.796262 ], [ -111.452086, 41.798195 ], [ -111.453755, 41.801669 ], [ -111.45394, 41.803748 ], [ -111.455871, 41.805509 ], [ -111.457621, 41.806015 ], [ -111.459725, 41.808225 ], [ -111.460213, 41.81085 ], [ -111.461987, 41.812746 ], [ -111.461337, 41.815718 ], [ -111.460722, 41.816985 ], [ -111.464158, 41.820849 ], [ -111.467157, 41.823628 ], [ -111.470339, 41.824735 ], [ -111.474647, 41.82776 ], [ -111.477687, 41.830984 ], [ -111.478674, 41.832506 ], [ -111.483246, 41.836072 ], [ -111.487643, 41.838505 ], [ -111.490317, 41.84045 ], [ -111.493662, 41.8441 ], [ -111.497309, 41.846847 ], [ -111.502072, 41.85043 ], [ -111.504147, 41.85068 ], [ -111.506168, 41.852131 ], [ -111.507864, 41.852589 ], [ -111.507003, 41.853811 ], [ -111.504904, 41.855109 ], [ -111.504388, 41.857412 ], [ -111.5025, 41.859065 ], [ -111.501944, 41.860989 ], [ -111.502618, 41.861477 ], [ -111.506853, 41.864548 ], [ -111.507376, 41.866087 ], [ -111.509035, 41.867312 ], [ -111.509301, 41.868758 ], [ -111.5079, 41.868204 ], [ -111.504955, 41.867693 ], [ -111.501843, 41.868483 ], [ -111.501317, 41.869805 ], [ -111.498868, 41.87146 ], [ -111.498022, 41.871579 ], [ -111.494177, 41.873626 ], [ -111.49329, 41.874823 ], [ -111.493344, 41.876182 ], [ -111.492396, 41.879241 ], [ -111.492949, 41.881183 ], [ -111.492165, 41.88314 ], [ -111.49265, 41.88545 ], [ -111.493658, 41.887128 ], [ -111.496559, 41.887102 ], [ -111.498314, 41.88789 ], [ -111.500092, 41.887238 ], [ -111.500785, 41.887695 ], [ -111.502779, 41.88766 ], [ -111.502599, 41.888401 ], [ -111.500784, 41.890759 ], [ -111.499992, 41.892472 ], [ -111.500034, 41.893679 ], [ -111.5011, 41.895883 ], [ -111.500396, 41.898263 ], [ -111.503977, 41.902329 ], [ -111.504694, 41.902375 ], [ -111.506911, 41.903256 ], [ -111.508087, 41.904372 ], [ -111.511025, 41.904555 ], [ -111.511361, 41.905134 ], [ -111.51111, 41.907237 ], [ -111.511874, 41.90779 ], [ -111.510385, 41.910277 ], [ -111.509143, 41.911299 ], [ -111.507804, 41.911625 ], [ -111.504634, 41.911216 ], [ -111.503953, 41.912977 ], [ -111.502594, 41.913653 ], [ -111.500393, 41.912093 ], [ -111.498987, 41.913119 ], [ -111.49716, 41.913192 ], [ -111.495748, 41.911865 ], [ -111.49398, 41.911801 ], [ -111.492109, 41.912383 ], [ -111.491282, 41.910686 ], [ -111.488692, 41.910923 ], [ -111.485203, 41.910627 ], [ -111.484623, 41.910937 ], [ -111.48199, 41.911217 ], [ -111.479493, 41.912522 ], [ -111.478331, 41.912687 ], [ -111.477851, 41.913519 ], [ -111.478412, 41.917196 ], [ -111.477537, 41.919365 ], [ -111.47643, 41.920419 ], [ -111.475183, 41.922965 ], [ -111.473218, 41.923479 ], [ -111.47374, 41.924087 ], [ -111.473366, 41.925467 ], [ -111.471321, 41.928157 ], [ -111.472665, 41.931044 ], [ -111.473485, 41.931451 ], [ -111.474821, 41.933295 ], [ -111.47484, 41.934314 ], [ -111.476472, 41.935007 ], [ -111.476799, 41.936232 ], [ -111.475169, 41.938621 ], [ -111.475494, 41.940408 ], [ -111.474892, 41.944908 ], [ -111.473408, 41.945694 ], [ -111.473236, 41.947496 ], [ -111.474942, 41.948279 ], [ -111.475809, 41.950355 ], [ -111.476764, 41.951421 ], [ -111.477483, 41.953415 ], [ -111.477289, 41.954768 ], [ -111.475506, 41.956352 ], [ -111.476192, 41.958361 ], [ -111.479153, 41.960737 ], [ -111.479183, 41.961749 ], [ -111.481356, 41.963317 ], [ -111.48336, 41.963799 ], [ -111.484268, 41.965997 ], [ -111.483431, 41.969988 ], [ -111.484352, 41.972538 ], [ -111.484347, 41.975355 ], [ -111.48498, 41.975839 ], [ -111.488226, 41.976054 ], [ -111.49082, 41.977053 ], [ -111.491638, 41.978053 ], [ -111.494034, 41.979449 ], [ -111.49509, 41.98274 ], [ -111.497496, 41.985091 ], [ -111.500151, 41.985944 ], [ -111.503806, 41.987571 ], [ -111.507675, 41.987367 ], [ -111.50878, 41.990672 ], [ -111.508788, 41.99257 ], [ -111.50757, 41.995868 ], [ -111.507368, 41.998583 ], [ -111.507806, 41.999552 ], [ -111.518865, 41.999517 ], [ -111.535493, 41.999507 ], [ -111.541643, 41.999393 ], [ -111.580817, 41.999436 ], [ -111.596264, 41.999493 ], [ -111.626118, 41.999242 ], [ -111.634813, 41.99938 ], [ -111.661815, 41.999377 ], [ -111.671541, 41.999376 ], [ -111.700068, 41.999374 ], [ -111.739701, 41.999226 ], [ -111.739768, 41.991987 ], [ -111.739698, 41.980292 ], [ -111.759121, 41.980228 ], [ -111.75903, 41.97652 ], [ -111.756625, 41.976508 ], [ -111.756112, 41.976483 ], [ -111.749633, 41.976394 ], [ -111.749001, 41.959816 ], [ -111.749062, 41.9532 ], [ -111.748931, 41.951662 ], [ -111.748992, 41.947141 ], [ -111.753817, 41.947085 ], [ -111.759108, 41.947099 ], [ -111.758738, 41.936316 ], [ -111.758431, 41.926763 ], [ -111.75846, 41.926247 ], [ -111.75832, 41.921727 ], [ -111.75343, 41.921757 ], [ -111.748518, 41.921984 ], [ -111.748627, 41.904317 ], [ -111.748631, 41.904033 ], [ -111.763115, 41.904214 ], [ -111.762954, 41.896958 ], [ -111.758123, 41.896828 ], [ -111.758106, 41.893708 ], [ -111.758134, 41.882469 ], [ -111.758139, 41.874975 ], [ -111.757774, 41.869176 ], [ -111.757184, 41.860181 ], [ -111.776537, 41.860258 ], [ -111.776452, 41.852797 ], [ -111.776459, 41.852458 ], [ -111.776251, 41.830317 ], [ -111.776178, 41.824174 ], [ -111.770786, 41.824191 ], [ -111.766182, 41.824205 ], [ -111.766116, 41.818623 ], [ -111.765916, 41.794894 ], [ -111.770855, 41.7949 ], [ -111.770817, 41.787694 ], [ -111.771926, 41.787698 ], [ -111.771768, 41.780367 ], [ -111.775577, 41.780364 ], [ -111.775566, 41.773144 ], [ -111.775477, 41.768003 ], [ -111.77546, 41.762297 ], [ -111.780308, 41.762245 ], [ -111.780276, 41.758617 ], [ -111.784934, 41.758606 ], [ -111.784905, 41.754292 ], [ -111.784799, 41.744465 ], [ -111.784802, 41.744383 ], [ -111.784811, 41.744083 ], [ -111.782936, 41.744085 ], [ -111.782184, 41.744086 ], [ -111.781562, 41.744087 ], [ -111.78156, 41.743709 ], [ -111.781556, 41.742792 ], [ -111.780249, 41.74279 ], [ -111.78019, 41.742418 ], [ -111.780187, 41.740335 ], [ -111.78493, 41.740336 ], [ -111.784936, 41.74168 ], [ -111.788382, 41.741681 ], [ -111.789706, 41.741676 ], [ -111.789675, 41.737552 ], [ -111.7886, 41.736725 ], [ -111.79026, 41.731524 ], [ -111.78882, 41.731739 ], [ -111.784972, 41.731697 ], [ -111.785005, 41.729308 ], [ -111.785016, 41.729081 ], [ -111.784916, 41.726 ], [ -111.793761, 41.725915 ], [ -111.794433, 41.72593 ], [ -111.794644, 41.724315 ], [ -111.794425, 41.718669 ], [ -111.803022, 41.718652 ], [ -111.802937, 41.71955 ] ] ] ] } },
{ "type": "Feature", "properties": { "id": 44, "NAME": "44", "TotalPop": 43977, "PopDevPct": 0.00814857, "DemPct": 0.25529469, "RepPct": 0.71105805, "WhitePct": 0.88363363, "MinorityPct": 0.11636637, "BlackPct": 0.00747338, "HispanicPct": 0.07258395, "PacificPct": 0.0045045, "AsianPct": 0.01805214, "NativePct": 0.01501502, "TotalVAP": 29304, "Margin": -0.45576336, "color": "#960018", "opacity": "0.5", "DemPct2": 0.22858482, "RepPct2": 0.72591378, "Margin2": -0.49732896, "Swing": 0.0415656, "R_Margin": -0.2570543096, "R_Margin2": -0.29278183413333325, "R_Swing": 0.035727524533333263, "Majority": "White" }, "geometry": { "type": "MultiPolygon", "coordinates": [ [ [ [ -111.770855, 41.7949 ], [ -111.765916, 41.794894 ], [ -111.766116, 41.818623 ], [ -111.766182, 41.824205 ], [ -111.770786, 41.824191 ], [ -111.776178, 41.824174 ], [ -111.776251, 41.830317 ], [ -111.776459, 41.852458 ], [ -111.776452, 41.852797 ], [ -111.776537, 41.860258 ], [ -111.757184, 41.860181 ], [ -111.757774, 41.869176 ], [ -111.758139, 41.874975 ], [ -111.758134, 41.882469 ], [ -111.758106, 41.893708 ], [ -111.758123, 41.896828 ], [ -111.762954, 41.896958 ], [ -111.763115, 41.904214 ], [ -111.748631, 41.904033 ], [ -111.748627, 41.904317 ], [ -111.748518, 41.921984 ], [ -111.75343, 41.921757 ], [ -111.75832, 41.921727 ], [ -111.75846, 41.926247 ], [ -111.758431, 41.926763 ], [ -111.758738, 41.936316 ], [ -111.759108, 41.947099 ], [ -111.753817, 41.947085 ], [ -111.748992, 41.947141 ], [ -111.748931, 41.951662 ], [ -111.749062, 41.9532 ], [ -111.749001, 41.959816 ], [ -111.749633, 41.976394 ], [ -111.756112, 41.976483 ], [ -111.756625, 41.976508 ], [ -111.75903, 41.97652 ], [ -111.759121, 41.980228 ], [ -111.739698, 41.980292 ], [ -111.739768, 41.991987 ], [ -111.739701, 41.999226 ], [ -111.7425, 41.999149 ], [ -111.750764, 41.99933 ], [ -111.777565, 41.99911 ], [ -111.787502, 41.999004 ], [ -111.801498, 41.998979 ], [ -111.812838, 41.998903 ], [ -111.813157, 41.9989 ], [ -111.829813, 41.998743 ], [ -111.836874, 41.998836 ], [ -111.842458, 41.9987 ], [ -111.85703, 41.998563 ], [ -111.868751, 41.99864 ], [ -111.876539, 41.998579 ], [ -111.896112, 41.99865 ], [ -111.915606, 41.998545 ], [ -111.925047, 41.998612 ], [ -111.933595, 41.998634 ], [ -111.944982, 41.998402 ], [ -111.949979, 41.998344 ], [ -111.954463, 41.998297 ], [ -111.954985, 41.998298 ], [ -111.971506, 41.998314 ], [ -111.973845, 41.998319 ], [ -111.974251, 41.998317 ], [ -111.99895, 41.998355 ], [ -112.01218, 41.99835 ], [ -112.02684, 41.998219 ], [ -112.040714, 41.998108 ], [ -112.062311, 41.997842 ], [ -112.065017, 41.998026 ], [ -112.083356, 41.997903 ], [ -112.119088, 41.997731 ], [ -112.129277, 41.997562 ], [ -112.135749, 41.997431 ], [ -112.153848, 41.997226 ], [ -112.156888, 41.997874 ], [ -112.159184, 41.998382 ], [ -112.160248, 41.997807 ], [ -112.162428, 41.997968 ], [ -112.166108, 41.996007 ], [ -112.164739, 41.995098 ], [ -112.16434, 41.994084 ], [ -112.163181, 41.993416 ], [ -112.159841, 41.992693 ], [ -112.157875, 41.99142 ], [ -112.156824, 41.989824 ], [ -112.155648, 41.987832 ], [ -112.153841, 41.985012 ], [ -112.154152, 41.983496 ], [ -112.153819, 41.980036 ], [ -112.152281, 41.977805 ], [ -112.152272, 41.975621 ], [ -112.151344, 41.974423 ], [ -112.150611, 41.971535 ], [ -112.150877, 41.970564 ], [ -112.148011, 41.96858 ], [ -112.146086, 41.968239 ], [ -112.14456, 41.967268 ], [ -112.142786, 41.963566 ], [ -112.138721, 41.964304 ], [ -112.137518, 41.963812 ], [ -112.137426, 41.962772 ], [ -112.135559, 41.960251 ], [ -112.134179, 41.958981 ], [ -112.134021, 41.957537 ], [ -112.132216, 41.954758 ], [ -112.132228, 41.954042 ], [ -112.130119, 41.951295 ], [ -112.129257, 41.95087 ], [ -112.128575, 41.950106 ], [ -112.12912, 41.948895 ], [ -112.12783, 41.946173 ], [ -112.126598, 41.94532 ], [ -112.125119, 41.943048 ], [ -112.124381, 41.940946 ], [ -112.124514, 41.938303 ], [ -112.123909, 41.936149 ], [ -112.124222, 41.934487 ], [ -112.12242, 41.930809 ], [ -112.122852, 41.930219 ], [ -112.121924, 41.928171 ], [ -112.119799, 41.926026 ], [ -112.118267, 41.923994 ], [ -112.118364, 41.923437 ], [ -112.116824, 41.922125 ], [ -112.114867, 41.919465 ], [ -112.111248, 41.917023 ], [ -112.108589, 41.916172 ], [ -112.10792, 41.914486 ], [ -112.106982, 41.912792 ], [ -112.105154, 41.910863 ], [ -112.10064, 41.909893 ], [ -112.098921, 41.908779 ], [ -112.095605, 41.907343 ], [ -112.093109, 41.907006 ], [ -112.091814, 41.906005 ], [ -112.08751, 41.904592 ], [ -112.085494, 41.903311 ], [ -112.084593, 41.902094 ], [ -112.083361, 41.900327 ], [ -112.081476, 41.898901 ], [ -112.080899, 41.897723 ], [ -112.07939, 41.896063 ], [ -112.079255, 41.894111 ], [ -112.077964, 41.892485 ], [ -112.075903, 41.891232 ], [ -112.074836, 41.888215 ], [ -112.073364, 41.88636 ], [ -112.072255, 41.886143 ], [ -112.071454, 41.88491 ], [ -112.067974, 41.881867 ], [ -112.065617, 41.878191 ], [ -112.065729, 41.877187 ], [ -112.063697, 41.875061 ], [ -112.064384, 41.873433 ], [ -112.064573, 41.870447 ], [ -112.063982, 41.867952 ], [ -112.058587, 41.868484 ], [ -112.055399, 41.865843 ], [ -112.052863, 41.866231 ], [ -112.051537, 41.864392 ], [ -112.052683, 41.863004 ], [ -112.051098, 41.859632 ], [ -112.049651, 41.85846 ], [ -112.05009, 41.856957 ], [ -112.049352, 41.856374 ], [ -112.048583, 41.853944 ], [ -112.046582, 41.850783 ], [ -112.048021, 41.847915 ], [ -112.047425, 41.847193 ], [ -112.046791, 41.846095 ], [ -112.045857, 41.843355 ], [ -112.046154, 41.842036 ], [ -112.043618, 41.837968 ], [ -112.043347, 41.837568 ], [ -112.043097, 41.837144 ], [ -112.038776, 41.830381 ], [ -112.038156, 41.829721 ], [ -112.03826, 41.828315 ], [ -112.036747, 41.827389 ], [ -112.035441, 41.827257 ], [ -112.034811, 41.823925 ], [ -112.033207, 41.823722 ], [ -112.031095, 41.821705 ], [ -112.029585, 41.821172 ], [ -112.028302, 41.819135 ], [ -112.030936, 41.815501 ], [ -112.029499, 41.812901 ], [ -112.029612, 41.811311 ], [ -112.030483, 41.810047 ], [ -112.029718, 41.8085 ], [ -112.027417, 41.806936 ], [ -112.023871, 41.806472 ], [ -112.022785, 41.805585 ], [ -112.020958, 41.805723 ], [ -112.018188, 41.804568 ], [ -112.014418, 41.801683 ], [ -112.012243, 41.798527 ], [ -112.010292, 41.796905 ], [ -112.008789, 41.795077 ], [ -112.009565, 41.792737 ], [ -112.009532, 41.79026 ], [ -112.010418, 41.787726 ], [ -112.011682, 41.786203 ], [ -112.011717, 41.784981 ], [ -112.013055, 41.782398 ], [ -112.014274, 41.780721 ], [ -112.017386, 41.780829 ], [ -112.019949, 41.780049 ], [ -112.021913, 41.778797 ], [ -112.026371, 41.776412 ], [ -112.026323, 41.775423 ], [ -112.025929, 41.773975 ], [ -112.026323, 41.772692 ], [ -112.02786, 41.771773 ], [ -112.033171, 41.766824 ], [ -112.033132, 41.766309 ], [ -112.032771, 41.761513 ], [ -112.031386, 41.759528 ], [ -112.03171, 41.758908 ], [ -112.032605, 41.757197 ], [ -112.032316, 41.756587 ], [ -112.032421, 41.754183 ], [ -112.033869, 41.749653 ], [ -112.035225, 41.748632 ], [ -112.037136, 41.74521 ], [ -112.037209, 41.743372 ], [ -112.038239, 41.742433 ], [ -112.042236, 41.738485 ], [ -112.043222, 41.737062 ], [ -112.043992, 41.734848 ], [ -112.042804, 41.732779 ], [ -112.042933, 41.730863 ], [ -112.044163, 41.730195 ], [ -112.045025, 41.727354 ], [ -112.044639, 41.724651 ], [ -112.044862, 41.721744 ], [ -112.045472, 41.718577 ], [ -112.045141, 41.716316 ], [ -112.04316, 41.712028 ], [ -112.042792, 41.710433 ], [ -112.04519, 41.708627 ], [ -112.049936, 41.706301 ], [ -112.051664, 41.703921 ], [ -112.051146, 41.702741 ], [ -112.051737, 41.699552 ], [ -112.049183, 41.696549 ], [ -112.04929, 41.694629 ], [ -112.047491, 41.693029 ], [ -112.047679, 41.69205 ], [ -112.046269, 41.688041 ], [ -112.045072, 41.68685 ], [ -112.04299, 41.685923 ], [ -112.041309, 41.685623 ], [ -112.039058, 41.684576 ], [ -112.036626, 41.682796 ], [ -112.030904, 41.681839 ], [ -112.029882, 41.678752 ], [ -112.028567, 41.676951 ], [ -112.027371, 41.673648 ], [ -112.027517, 41.671759 ], [ -112.025191, 41.66869 ], [ -112.023328, 41.667383 ], [ -112.02049, 41.664544 ], [ -112.018743, 41.663556 ], [ -112.018181, 41.662514 ], [ -112.015874, 41.658275 ], [ -112.015345, 41.655141 ], [ -112.012742, 41.648067 ], [ -112.014042, 41.644991 ], [ -112.013788, 41.643914 ], [ -112.01552, 41.641809 ], [ -112.013812, 41.638864 ], [ -112.010102, 41.640969 ], [ -111.973481, 41.641349 ], [ -111.968576, 41.6414 ], [ -111.954003, 41.641327 ], [ -111.952546, 41.640024 ], [ -111.949142, 41.63928 ], [ -111.949139, 41.63966 ], [ -111.944895, 41.639644 ], [ -111.944278, 41.637843 ], [ -111.940316, 41.63783 ], [ -111.940308, 41.638734 ], [ -111.939305, 41.638871 ], [ -111.939313, 41.640891 ], [ -111.939313, 41.642406 ], [ -111.949125, 41.642404 ], [ -111.949071, 41.645356 ], [ -111.94231, 41.645294 ], [ -111.94199, 41.645493 ], [ -111.940811, 41.646086 ], [ -111.942592, 41.648752 ], [ -111.943468, 41.650553 ], [ -111.93984, 41.65056 ], [ -111.939309, 41.649753 ], [ -111.937553, 41.648694 ], [ -111.936775, 41.648712 ], [ -111.934031, 41.648728 ], [ -111.933986, 41.650692 ], [ -111.933931, 41.652365 ], [ -111.932405, 41.652936 ], [ -111.930933, 41.650586 ], [ -111.929687, 41.650814 ], [ -111.928052, 41.651786 ], [ -111.92685, 41.649372 ], [ -111.927795, 41.64879 ], [ -111.924007, 41.64868 ], [ -111.919564, 41.648647 ], [ -111.917088, 41.648643 ], [ -111.917038, 41.650259 ], [ -111.915414, 41.650254 ], [ -111.915894, 41.648648 ], [ -111.913281, 41.648642 ], [ -111.913281, 41.650429 ], [ -111.913255, 41.653715 ], [ -111.910481, 41.653677 ], [ -111.909815, 41.6544 ], [ -111.908265, 41.654663 ], [ -111.906881, 41.656213 ], [ -111.909508, 41.656187 ], [ -111.909024, 41.660156 ], [ -111.905603, 41.660093 ], [ -111.905645, 41.65871 ], [ -111.903939, 41.659216 ], [ -111.903055, 41.660099 ], [ -111.903366, 41.661016 ], [ -111.902161, 41.662037 ], [ -111.90192, 41.661941 ], [ -111.896599, 41.661923 ], [ -111.894462, 41.664009 ], [ -111.88753, 41.670903 ], [ -111.882978, 41.675467 ], [ -111.882916, 41.675528 ], [ -111.882644, 41.6758 ], [ -111.881924, 41.676522 ], [ -111.882089, 41.676646 ], [ -111.88336, 41.677416 ], [ -111.883413, 41.678223 ], [ -111.881331, 41.678223 ], [ -111.881356, 41.683786 ], [ -111.87963, 41.682545 ], [ -111.879685, 41.685489 ], [ -111.877265, 41.685493 ], [ -111.878381, 41.687564 ], [ -111.875981, 41.689175 ], [ -111.87547, 41.687967 ], [ -111.87183, 41.687965 ], [ -111.871895, 41.692818 ], [ -111.871893, 41.696762 ], [ -111.871917, 41.6978 ], [ -111.871946, 41.700087 ], [ -111.86949, 41.700087 ], [ -111.86955, 41.704648 ], [ -111.871956, 41.70549 ], [ -111.876875, 41.70548 ], [ -111.876897, 41.707229 ], [ -111.875698, 41.707231 ], [ -111.872017, 41.707228 ], [ -111.871957, 41.70574 ], [ -111.869442, 41.705004 ], [ -111.86778, 41.706783 ], [ -111.865934, 41.707558 ], [ -111.86581, 41.708091 ], [ -111.863934, 41.707422 ], [ -111.863201, 41.706593 ], [ -111.860467, 41.70621 ], [ -111.860279, 41.709531 ], [ -111.860178, 41.7114 ], [ -111.86017, 41.713389 ], [ -111.860046, 41.716648 ], [ -111.86002, 41.717327 ], [ -111.859991, 41.718146 ], [ -111.862654, 41.718199 ], [ -111.862556, 41.720777 ], [ -111.864957, 41.720809 ], [ -111.865108, 41.71571 ], [ -111.86786, 41.715747 ], [ -111.867882, 41.715195 ], [ -111.870263, 41.71519 ], [ -111.870199, 41.716821 ], [ -111.870895, 41.716823 ], [ -111.874888, 41.716783 ], [ -111.87555, 41.716746 ], [ -111.87545, 41.718784 ], [ -111.881215, 41.718806 ], [ -111.88274, 41.719752 ], [ -111.885986, 41.720039 ], [ -111.886277, 41.720576 ], [ -111.883422, 41.721052 ], [ -111.880044, 41.720975 ], [ -111.878191, 41.72095 ], [ -111.875957, 41.720922 ], [ -111.874485, 41.720909 ], [ -111.87132, 41.720878 ], [ -111.871301, 41.722837 ], [ -111.86998, 41.722797 ], [ -111.869924, 41.724642 ], [ -111.874879, 41.724604 ], [ -111.874961, 41.726415 ], [ -111.8798, 41.726478 ], [ -111.879737, 41.728284 ], [ -111.879576, 41.735942 ], [ -111.887636, 41.736014 ], [ -111.890198, 41.736423 ], [ -111.901554, 41.739191 ], [ -111.901596, 41.748992 ], [ -111.901721, 41.749382 ], [ -111.879224, 41.749447 ], [ -111.879356, 41.744089 ], [ -111.874157, 41.743501 ], [ -111.874115, 41.745149 ], [ -111.86915, 41.7451 ], [ -111.869037, 41.746893 ], [ -111.864034, 41.746823 ], [ -111.864017, 41.74711 ], [ -111.864072, 41.750573 ], [ -111.864028, 41.752489 ], [ -111.862281, 41.752462 ], [ -111.861549, 41.752451 ], [ -111.86147, 41.757987 ], [ -111.863853, 41.758005 ], [ -111.863788, 41.760585 ], [ -111.866221, 41.761633 ], [ -111.866118, 41.76539 ], [ -111.866045, 41.767416 ], [ -111.863567, 41.767408 ], [ -111.863639, 41.765575 ], [ -111.858556, 41.765534 ], [ -111.856189, 41.765471 ], [ -111.856152, 41.767289 ], [ -111.858511, 41.76733 ], [ -111.858479, 41.769112 ], [ -111.853732, 41.769071 ], [ -111.853661, 41.77271 ], [ -111.853766, 41.776373 ], [ -111.858384, 41.776375 ], [ -111.882781, 41.776169 ], [ -111.882754, 41.778926 ], [ -111.882758, 41.783875 ], [ -111.892376, 41.783895 ], [ -111.892391, 41.785679 ], [ -111.882751, 41.785672 ], [ -111.882785, 41.787479 ], [ -111.879801, 41.78765 ], [ -111.875227, 41.784915 ], [ -111.872789, 41.783448 ], [ -111.869708, 41.783432 ], [ -111.867011, 41.783492 ], [ -111.862301, 41.785335 ], [ -111.862222, 41.787603 ], [ -111.867377, 41.789925 ], [ -111.867287, 41.792044 ], [ -111.864123, 41.792082 ], [ -111.86244, 41.790621 ], [ -111.856671, 41.787881 ], [ -111.855361, 41.78794 ], [ -111.850696, 41.789569 ], [ -111.850191, 41.797247 ], [ -111.846088, 41.797344 ], [ -111.846719, 41.787618 ], [ -111.847326, 41.777919 ], [ -111.847445, 41.776168 ], [ -111.847656, 41.772685 ], [ -111.847771, 41.770772 ], [ -111.8389, 41.770591 ], [ -111.838982, 41.768763 ], [ -111.836489, 41.768724 ], [ -111.834139, 41.768692 ], [ -111.834152, 41.767858 ], [ -111.83417, 41.766836 ], [ -111.834202, 41.764997 ], [ -111.834274, 41.762262 ], [ -111.834298, 41.761351 ], [ -111.834298, 41.761306 ], [ -111.834339, 41.75951 ], [ -111.83153, 41.759453 ], [ -111.831548, 41.758517 ], [ -111.829006, 41.75891 ], [ -111.828996, 41.759391 ], [ -111.82804, 41.759361 ], [ -111.82729, 41.759339 ], [ -111.826208, 41.759307 ], [ -111.825341, 41.759281 ], [ -111.824896, 41.758721 ], [ -111.823993, 41.758689 ], [ -111.823947, 41.759385 ], [ -111.821483, 41.759356 ], [ -111.821104, 41.759351 ], [ -111.818998, 41.759326 ], [ -111.81642, 41.759255 ], [ -111.813862, 41.759187 ], [ -111.811243, 41.75913 ], [ -111.808428, 41.759076 ], [ -111.808872, 41.75839 ], [ -111.804284, 41.758443 ], [ -111.800565, 41.758524 ], [ -111.799952, 41.758548 ], [ -111.799482, 41.760282 ], [ -111.797015, 41.760303 ], [ -111.794647, 41.760321 ], [ -111.794651, 41.760739 ], [ -111.794663, 41.761779 ], [ -111.794661, 41.762172 ], [ -111.785194, 41.762213 ], [ -111.784145, 41.762216 ], [ -111.780308, 41.762245 ], [ -111.77546, 41.762297 ], [ -111.775477, 41.768003 ], [ -111.775566, 41.773144 ], [ -111.775577, 41.780364 ], [ -111.771768, 41.780367 ], [ -111.771926, 41.787698 ], [ -111.770817, 41.787694 ], [ -111.770855, 41.7949 ] ] ] ] } },
{ "type": "Feature", "properties": { "id": 45, "NAME": "45", "TotalPop": 44706, "PopDevPct": 0.0248605, "DemPct": 0.29050967, "RepPct": 0.68120605, "WhitePct": 0.90145974, "MinorityPct": 0.09854026, "BlackPct": 0.00766602, "HispanicPct": 0.0577826, "PacificPct": 0.00373718, "AsianPct": 0.01475708, "NativePct": 0.01306417, "TotalVAP": 31307, "Margin": -0.39069638, "color": "#960018", "opacity": "0.5", "DemPct2": 0.27433337, "RepPct2": 0.68823699, "Margin2": -0.41390362, "Swing": 0.02320724, "R_Margin": -0.1919873296, "R_Margin2": -0.20935649413333338, "R_Swing": 0.017369164533333356, "Majority": "White" }, "geometry": { "type": "MultiPolygon", "coordinates": [ [ [ [ -111.980494, 41.317594 ], [ -111.980633, 41.317642 ], [ -111.980722, 41.316139 ], [ -111.980495, 41.313548 ], [ -111.980499, 41.312908 ], [ -111.980667, 41.312912 ], [ -111.980729, 41.3115 ], [ -111.980234, 41.311208 ], [ -111.980577, 41.310839 ], [ -111.979861, 41.310328 ], [ -111.979866, 41.305586 ], [ -111.979843, 41.304047 ], [ -111.979639, 41.304046 ], [ -111.97913, 41.304046 ], [ -111.978622, 41.304046 ], [ -111.97861, 41.300292 ], [ -111.979842, 41.30029 ], [ -111.981608, 41.300345 ], [ -111.981705, 41.299936 ], [ -111.981907, 41.297728 ], [ -111.981308, 41.297731 ], [ -111.977892, 41.297774 ], [ -111.977909, 41.29737 ], [ -111.97803, 41.295609 ], [ -111.978039, 41.294744 ], [ -111.977807, 41.29474 ], [ -111.977504, 41.294735 ], [ -111.976629, 41.29473 ], [ -111.976668, 41.292565 ], [ -111.980808, 41.291986 ], [ -111.986043, 41.291957 ], [ -111.986084, 41.288752 ], [ -111.98559, 41.288748 ], [ -111.981784, 41.288673 ], [ -111.981273, 41.28738 ], [ -111.981081, 41.28521 ], [ -111.980629, 41.285378 ], [ -111.980335, 41.285425 ], [ -111.980189, 41.285409 ], [ -111.979852, 41.285374 ], [ -111.979393, 41.285117 ], [ -111.97904, 41.284973 ], [ -111.979049, 41.284885 ], [ -111.979013, 41.284619 ], [ -111.978445, 41.284751 ], [ -111.977545, 41.285006 ], [ -111.976793, 41.285177 ], [ -111.976448, 41.285025 ], [ -111.973902, 41.284975 ], [ -111.973914, 41.285765 ], [ -111.96912, 41.285679 ], [ -111.969133, 41.285252 ], [ -111.961596, 41.285219 ], [ -111.959089, 41.285244 ], [ -111.958545, 41.285228 ], [ -111.954181, 41.285232 ], [ -111.952321, 41.284843 ], [ -111.948916, 41.284798 ], [ -111.948957, 41.284566 ], [ -111.945029, 41.284704 ], [ -111.943949, 41.284684 ], [ -111.942627, 41.284662 ], [ -111.942641, 41.277966 ], [ -111.943951, 41.277972 ], [ -111.946667, 41.278002 ], [ -111.947667, 41.277764 ], [ -111.94767, 41.277524 ], [ -111.947719, 41.27388 ], [ -111.943967, 41.273836 ], [ -111.942966, 41.273832 ], [ -111.942934, 41.266543 ], [ -111.92874, 41.266524 ], [ -111.928799, 41.25673 ], [ -111.928915, 41.24461 ], [ -111.928965, 41.240242 ], [ -111.929, 41.237606 ], [ -111.927771, 41.237598 ], [ -111.927748, 41.236257 ], [ -111.927732, 41.235164 ], [ -111.927707, 41.233834 ], [ -111.929174, 41.233837 ], [ -111.929204, 41.231463 ], [ -111.929231, 41.228791 ], [ -111.927741, 41.230014 ], [ -111.924388, 41.230048 ], [ -111.924227, 41.226361 ], [ -111.924262, 41.21926 ], [ -111.928914, 41.219208 ], [ -111.928947, 41.218001 ], [ -111.928963, 41.215932 ], [ -111.929068, 41.212789 ], [ -111.929101, 41.211856 ], [ -111.92929, 41.205678 ], [ -111.929486, 41.197382 ], [ -111.929674, 41.190263 ], [ -111.929894, 41.177513 ], [ -111.930037, 41.175988 ], [ -111.928117, 41.175906 ], [ -111.920382, 41.175875 ], [ -111.920383, 41.172872 ], [ -111.920468, 41.164391 ], [ -111.920454, 41.162343 ], [ -111.920425, 41.160126 ], [ -111.923237, 41.160109 ], [ -111.923392, 41.161071 ], [ -111.923407, 41.161296 ], [ -111.930045, 41.16122 ], [ -111.929952, 41.164308 ], [ -111.936332, 41.164308 ], [ -111.936334, 41.164894 ], [ -111.937924, 41.164894 ], [ -111.937948, 41.166655 ], [ -111.939927, 41.16648 ], [ -111.939657, 41.164948 ], [ -111.939665, 41.164087 ], [ -111.936536, 41.161309 ], [ -111.936031, 41.161309 ], [ -111.932599, 41.161246 ], [ -111.930039, 41.160307 ], [ -111.926791, 41.159537 ], [ -111.924444, 41.157743 ], [ -111.923301, 41.157569 ], [ -111.922153, 41.15741 ], [ -111.920516, 41.15598 ], [ -111.920378, 41.154751 ], [ -111.919793, 41.152921 ], [ -111.917947, 41.151036 ], [ -111.91527, 41.149587 ], [ -111.914794, 41.147957 ], [ -111.913514, 41.14761 ], [ -111.913576, 41.146648 ], [ -111.913852, 41.146645 ], [ -111.913821, 41.146065 ], [ -111.913842, 41.143563 ], [ -111.913778, 41.142137 ], [ -111.911066, 41.140711 ], [ -111.914114, 41.141367 ], [ -111.913565, 41.140109 ], [ -111.908489, 41.138869 ], [ -111.904373, 41.137352 ], [ -111.903919, 41.137002 ], [ -111.903618, 41.136766 ], [ -111.903211, 41.136446 ], [ -111.901485, 41.136499 ], [ -111.901222, 41.136466 ], [ -111.899656, 41.135653 ], [ -111.897598, 41.135627 ], [ -111.889873, 41.137618 ], [ -111.888476, 41.137748 ], [ -111.885731, 41.137352 ], [ -111.882806, 41.137348 ], [ -111.88098, 41.137786 ], [ -111.878362, 41.137478 ], [ -111.874166, 41.138139 ], [ -111.868605, 41.137941 ], [ -111.866099, 41.137264 ], [ -111.865418, 41.13753 ], [ -111.861255, 41.137511 ], [ -111.861317, 41.137942 ], [ -111.861646, 41.140218 ], [ -111.859863, 41.139859 ], [ -111.858221, 41.138806 ], [ -111.856247, 41.139083 ], [ -111.856103, 41.138714 ], [ -111.856059, 41.138615 ], [ -111.857211, 41.137109 ], [ -111.852965, 41.135819 ], [ -111.849354, 41.133933 ], [ -111.846328, 41.128848 ], [ -111.846807, 41.127144 ], [ -111.846488, 41.126021 ], [ -111.844937, 41.123979 ], [ -111.844513, 41.121626 ], [ -111.846003, 41.120287 ], [ -111.846524, 41.118927 ], [ -111.848138, 41.118186 ], [ -111.849275, 41.11631 ], [ -111.849165, 41.115599 ], [ -111.853065, 41.114717 ], [ -111.854152, 41.114144 ], [ -111.856115, 41.111911 ], [ -111.855549, 41.110692 ], [ -111.854263, 41.109708 ], [ -111.854093, 41.108888 ], [ -111.853964, 41.108139 ], [ -111.855857, 41.105328 ], [ -111.856504, 41.102882 ], [ -111.856259, 41.101925 ], [ -111.854603, 41.099509 ], [ -111.851762, 41.097688 ], [ -111.854469, 41.094268 ], [ -111.855127, 41.092718 ], [ -111.853342, 41.089538 ], [ -111.850826, 41.087899 ], [ -111.851407, 41.086755 ], [ -111.851952, 41.082459 ], [ -111.850779, 41.081477 ], [ -111.850841, 41.079801 ], [ -111.850332, 41.077903 ], [ -111.848311, 41.07564 ], [ -111.849646, 41.072567 ], [ -111.850447, 41.071381 ], [ -111.851007, 41.069161 ], [ -111.851944, 41.067943 ], [ -111.851796, 41.066651 ], [ -111.849021, 41.062357 ], [ -111.846227, 41.061143 ], [ -111.844923, 41.059795 ], [ -111.844427, 41.058862 ], [ -111.844635, 41.056778 ], [ -111.843938, 41.056242 ], [ -111.84375, 41.054532 ], [ -111.844207, 41.05397 ], [ -111.843868, 41.050756 ], [ -111.84416, 41.049853 ], [ -111.840849, 41.045874 ], [ -111.838686, 41.044655 ], [ -111.838342, 41.042424 ], [ -111.83935, 41.040446 ], [ -111.837565, 41.040128 ], [ -111.83492, 41.037575 ], [ -111.833688, 41.037012 ], [ -111.836828, 41.036182 ], [ -111.837703, 41.034126 ], [ -111.839165, 41.031688 ], [ -111.83946, 41.030496 ], [ -111.838715, 41.029523 ], [ -111.838045, 41.026589 ], [ -111.837439, 41.025567 ], [ -111.838388, 41.023484 ], [ -111.837953, 41.022519 ], [ -111.836431, 41.021148 ], [ -111.834619, 41.020318 ], [ -111.832438, 41.020455 ], [ -111.831404, 41.020999 ], [ -111.828787, 41.020777 ], [ -111.826553, 41.018768 ], [ -111.825699, 41.018499 ], [ -111.824241, 41.01601 ], [ -111.822688, 41.01449 ], [ -111.820534, 41.010842 ], [ -111.821916, 41.008119 ], [ -111.819978, 41.006452 ], [ -111.817648, 41.006396 ], [ -111.816293, 41.005748 ], [ -111.813894, 41.005887 ], [ -111.810466, 41.005086 ], [ -111.806126, 41.001685 ], [ -111.806699, 40.999487 ], [ -111.805692, 40.998305 ], [ -111.804172, 40.994973 ], [ -111.801627, 40.992577 ], [ -111.798848, 40.989349 ], [ -111.79651, 40.988676 ], [ -111.793039, 40.985741 ], [ -111.791908, 40.98307 ], [ -111.788528, 40.979723 ], [ -111.785331, 40.974826 ], [ -111.785211, 40.973188 ], [ -111.784335, 40.972545 ], [ -111.782771, 40.968853 ], [ -111.781794, 40.96818 ], [ -111.778458, 40.964415 ], [ -111.777872, 40.96309 ], [ -111.775618, 40.961361 ], [ -111.775105, 40.959203 ], [ -111.777168, 40.958266 ], [ -111.780042, 40.95817 ], [ -111.782084, 40.956928 ], [ -111.784695, 40.957215 ], [ -111.787479, 40.959016 ], [ -111.789554, 40.959582 ], [ -111.790756, 40.960853 ], [ -111.794733, 40.960934 ], [ -111.798174, 40.959046 ], [ -111.800345, 40.959707 ], [ -111.803816, 40.959345 ], [ -111.805674, 40.958724 ], [ -111.807696, 40.957412 ], [ -111.809723, 40.957497 ], [ -111.813912, 40.959967 ], [ -111.814647, 40.959774 ], [ -111.815414, 40.95743 ], [ -111.813179, 40.953933 ], [ -111.812051, 40.950648 ], [ -111.810647, 40.949496 ], [ -111.806871, 40.949189 ], [ -111.80558, 40.946095 ], [ -111.803876, 40.944237 ], [ -111.804497, 40.94199 ], [ -111.803982, 40.940701 ], [ -111.801957, 40.939268 ], [ -111.800832, 40.93757 ], [ -111.797847, 40.93586 ], [ -111.79598, 40.93411 ], [ -111.795432, 40.932027 ], [ -111.793199, 40.930362 ], [ -111.790815, 40.927793 ], [ -111.791088, 40.926917 ], [ -111.793104, 40.924113 ], [ -111.792704, 40.920841 ], [ -111.794004, 40.918443 ], [ -111.793472, 40.915861 ], [ -111.792216, 40.914933 ], [ -111.791072, 40.915121 ], [ -111.787416, 40.914197 ], [ -111.78588, 40.913385 ], [ -111.7826, 40.912793 ], [ -111.781592, 40.911369 ], [ -111.781232, 40.908769 ], [ -111.778688, 40.905885 ], [ -111.778312, 40.903193 ], [ -111.776064, 40.901121 ], [ -111.776408, 40.898969 ], [ -111.778456, 40.897941 ], [ -111.780064, 40.897969 ], [ -111.781696, 40.896041 ], [ -111.780706, 40.895727 ], [ -111.779096, 40.896029 ], [ -111.775535, 40.895677 ], [ -111.773311, 40.894173 ], [ -111.771775, 40.892445 ], [ -111.771223, 40.889457 ], [ -111.770223, 40.888421 ], [ -111.76658, 40.888356 ], [ -111.763087, 40.888625 ], [ -111.761767, 40.887373 ], [ -111.761783, 40.885029 ], [ -111.763439, 40.883105 ], [ -111.765079, 40.878721 ], [ -111.767743, 40.875953 ], [ -111.768199, 40.875153 ], [ -111.768295, 40.872533 ], [ -111.763775, 40.873713 ], [ -111.762047, 40.873433 ], [ -111.758999, 40.872309 ], [ -111.75803, 40.872334 ], [ -111.75447, 40.872777 ], [ -111.75151, 40.871941 ], [ -111.746993, 40.871177 ], [ -111.744228, 40.869546 ], [ -111.743432, 40.867999 ], [ -111.740504, 40.865402 ], [ -111.74034, 40.864381 ], [ -111.738744, 40.860998 ], [ -111.733311, 40.859399 ], [ -111.72903, 40.856329 ], [ -111.724618, 40.854688 ], [ -111.720842, 40.855763 ], [ -111.719129, 40.853987 ], [ -111.717634, 40.853149 ], [ -111.716218, 40.853601 ], [ -111.71216, 40.851682 ], [ -111.709078, 40.852782 ], [ -111.706732, 40.852773 ], [ -111.705899, 40.854107 ], [ -111.703851, 40.855826 ], [ -111.701295, 40.861235 ], [ -111.700513, 40.861608 ], [ -111.697075, 40.861525 ], [ -111.695911, 40.861784 ], [ -111.69088, 40.858825 ], [ -111.687207, 40.858809 ], [ -111.683323, 40.856304 ], [ -111.679264, 40.856182 ], [ -111.676743, 40.855349 ], [ -111.674114, 40.855279 ], [ -111.67253, 40.853756 ], [ -111.669799, 40.853528 ], [ -111.668866, 40.852365 ], [ -111.663996, 40.850194 ], [ -111.662032, 40.848377 ], [ -111.660801, 40.846337 ], [ -111.660483, 40.845079 ], [ -111.662374, 40.843601 ], [ -111.663889, 40.840922 ], [ -111.665093, 40.835627 ], [ -111.66599, 40.83498 ], [ -111.666128, 40.832108 ], [ -111.665691, 40.830658 ], [ -111.664501, 40.829899 ], [ -111.658636, 40.830627 ], [ -111.656734, 40.830496 ], [ -111.655067, 40.829524 ], [ -111.654093, 40.828247 ], [ -111.65246, 40.827347 ], [ -111.651758, 40.82404 ], [ -111.648866, 40.824554 ], [ -111.64565, 40.824061 ], [ -111.645594, 40.820539 ], [ -111.641994, 40.818136 ], [ -111.641701, 40.816607 ], [ -111.640379, 40.814794 ], [ -111.640715, 40.812996 ], [ -111.640018, 40.8125 ], [ -111.639046, 40.809286 ], [ -111.641588, 40.80749 ], [ -111.642479, 40.805742 ], [ -111.640819, 40.805062 ], [ -111.641286, 40.803616 ], [ -111.641052, 40.798925 ], [ -111.639041, 40.799536 ], [ -111.637732, 40.801136 ], [ -111.633833, 40.802344 ], [ -111.629196, 40.803302 ], [ -111.627471, 40.804398 ], [ -111.624325, 40.804698 ], [ -111.621294, 40.807714 ], [ -111.616608, 40.810635 ], [ -111.613228, 40.811135 ], [ -111.611034, 40.811057 ], [ -111.603847, 40.808874 ], [ -111.598091, 40.806111 ], [ -111.594217, 40.805001 ], [ -111.592364, 40.802154 ], [ -111.591042, 40.800796 ], [ -111.591176, 40.800035 ], [ -111.58796, 40.797506 ], [ -111.587897, 40.793687 ], [ -111.58394, 40.792576 ], [ -111.581928, 40.791578 ], [ -111.581606, 40.789368 ], [ -111.57917, 40.788596 ], [ -111.57585, 40.78846 ], [ -111.573312, 40.786548 ], [ -111.571023, 40.785581 ], [ -111.566616, 40.78551 ], [ -111.564434, 40.784669 ], [ -111.56082, 40.784899 ], [ -111.559286, 40.784693 ], [ -111.557406, 40.782537 ], [ -111.557838, 40.78069 ], [ -111.554472, 40.779948 ], [ -111.552529, 40.780298 ], [ -111.549121, 40.780772 ], [ -111.547434, 40.78171 ], [ -111.544302, 40.782186 ], [ -111.541279, 40.782926 ], [ -111.537977, 40.783118 ], [ -111.534178, 40.783721 ], [ -111.533184, 40.784733 ], [ -111.531222, 40.78432 ], [ -111.527564, 40.785615 ], [ -111.526747, 40.787877 ], [ -111.525302, 40.789016 ], [ -111.524299, 40.789852 ], [ -111.519425, 40.791689 ], [ -111.518439, 40.793729 ], [ -111.518394, 40.794944 ], [ -111.517696, 40.796488 ], [ -111.517952, 40.798182 ], [ -111.516735, 40.79876 ], [ -111.514292, 40.800434 ], [ -111.514073, 40.802818 ], [ -111.514586, 40.805201 ], [ -111.514151, 40.806069 ], [ -111.512112, 40.807494 ], [ -111.511308, 40.808277 ], [ -111.51093, 40.809735 ], [ -111.511127, 40.810561 ], [ -111.513056, 40.810462 ], [ -111.514834, 40.812473 ], [ -111.516166, 40.812786 ], [ -111.516523, 40.81373 ], [ -111.516228, 40.816303 ], [ -111.517163, 40.818398 ], [ -111.516922, 40.819386 ], [ -111.514069, 40.819778 ], [ -111.510058, 40.821069 ], [ -111.507759, 40.823188 ], [ -111.507381, 40.824191 ], [ -111.505732, 40.825381 ], [ -111.504683, 40.827277 ], [ -111.501979, 40.830081 ], [ -111.501266, 40.831503 ], [ -111.50006, 40.832022 ], [ -111.499964, 40.833999 ], [ -111.498733, 40.835378 ], [ -111.498469, 40.837571 ], [ -111.497082, 40.840544 ], [ -111.494876, 40.842206 ], [ -111.495043, 40.842561 ], [ -111.495287, 40.844134 ], [ -111.493667, 40.845752 ], [ -111.492651, 40.846085 ], [ -111.493445, 40.846892 ], [ -111.491932, 40.850097 ], [ -111.48882, 40.852613 ], [ -111.488292, 40.854251 ], [ -111.48712, 40.853814 ], [ -111.483896, 40.853482 ], [ -111.481015, 40.854552 ], [ -111.48042, 40.855395 ], [ -111.480839, 40.8564 ], [ -111.479555, 40.858288 ], [ -111.479793, 40.85987 ], [ -111.481492, 40.863032 ], [ -111.481661, 40.864664 ], [ -111.483875, 40.869304 ], [ -111.485304, 40.871123 ], [ -111.486316, 40.873265 ], [ -111.48907, 40.87413 ], [ -111.490127, 40.876104 ], [ -111.494767, 40.879532 ], [ -111.494807, 40.880281 ], [ -111.496116, 40.88249 ], [ -111.498576, 40.884501 ], [ -111.499519, 40.887329 ], [ -111.499433, 40.88936 ], [ -111.501259, 40.891105 ], [ -111.501154, 40.892016 ], [ -111.503197, 40.894051 ], [ -111.505974, 40.894618 ], [ -111.506493, 40.897059 ], [ -111.509768, 40.897781 ], [ -111.510427, 40.898616 ], [ -111.510595, 40.900413 ], [ -111.509572, 40.902422 ], [ -111.510245, 40.904973 ], [ -111.509967, 40.906234 ], [ -111.508747, 40.907916 ], [ -111.508456, 40.909422 ], [ -111.510579, 40.912095 ], [ -111.512723, 40.91259 ], [ -111.513409, 40.913237 ], [ -111.514908, 40.916888 ], [ -111.516526, 40.917651 ], [ -111.517371, 40.917925 ], [ -111.519655, 40.918571 ], [ -111.521018, 40.918351 ], [ -111.523109, 40.91922 ], [ -111.52776, 40.918708 ], [ -111.528796, 40.919104 ], [ -111.52828, 40.922505 ], [ -111.527152, 40.923611 ], [ -111.526977, 40.92477 ], [ -111.527444, 40.926875 ], [ -111.526707, 40.928987 ], [ -111.526302, 40.930971 ], [ -111.527015, 40.933573 ], [ -111.526301, 40.9349 ], [ -111.526108, 40.937276 ], [ -111.526498, 40.9385 ], [ -111.525686, 40.939827 ], [ -111.52523, 40.94168 ], [ -111.523592, 40.94592 ], [ -111.523707, 40.946983 ], [ -111.525437, 40.950133 ], [ -111.524895, 40.953842 ], [ -111.527034, 40.954272 ], [ -111.52856, 40.955084 ], [ -111.531677, 40.957687 ], [ -111.532451, 40.957853 ], [ -111.534265, 40.958152 ], [ -111.53715, 40.956364 ], [ -111.542756, 40.954671 ], [ -111.546028, 40.954999 ], [ -111.547469, 40.954874 ], [ -111.549605, 40.953992 ], [ -111.551726, 40.95407 ], [ -111.553738, 40.955794 ], [ -111.556479, 40.957123 ], [ -111.556907, 40.958007 ], [ -111.558744, 40.959284 ], [ -111.562451, 40.960176 ], [ -111.566701, 40.959517 ], [ -111.569352, 40.960732 ], [ -111.571913, 40.960586 ], [ -111.573353, 40.961043 ], [ -111.574273, 40.960718 ], [ -111.577602, 40.958372 ], [ -111.580662, 40.961104 ], [ -111.583224, 40.961163 ], [ -111.58458, 40.962011 ], [ -111.585875, 40.964518 ], [ -111.588032, 40.965863 ], [ -111.587351, 40.967714 ], [ -111.588223, 40.969281 ], [ -111.587627, 40.971792 ], [ -111.588315, 40.974964 ], [ -111.587648, 40.978723 ], [ -111.588846, 40.979676 ], [ -111.590632, 40.982148 ], [ -111.591412, 40.984407 ], [ -111.593677, 40.986341 ], [ -111.59347, 40.991622 ], [ -111.592981, 40.993015 ], [ -111.591, 40.993839 ], [ -111.587649, 40.996304 ], [ -111.585521, 40.996375 ], [ -111.579851, 40.995914 ], [ -111.577587, 40.997377 ], [ -111.575082, 40.998534 ], [ -111.572785, 41.000687 ], [ -111.57137, 41.001011 ], [ -111.568817, 41.000082 ], [ -111.566632, 41.000484 ], [ -111.568612, 41.002194 ], [ -111.56873, 41.002884 ], [ -111.564392, 41.007383 ], [ -111.56335, 41.008022 ], [ -111.56251, 41.009068 ], [ -111.560475, 41.010415 ], [ -111.55875, 41.011004 ], [ -111.558331, 41.012087 ], [ -111.556366, 41.013917 ], [ -111.555449, 41.015907 ], [ -111.554444, 41.016628 ], [ -111.553949, 41.019401 ], [ -111.553335, 41.020462 ], [ -111.553968, 41.021567 ], [ -111.557314, 41.022654 ], [ -111.557425, 41.024214 ], [ -111.55637, 41.025024 ], [ -111.55629, 41.02707 ], [ -111.554463, 41.028028 ], [ -111.552966, 41.029711 ], [ -111.555243, 41.031937 ], [ -111.553977, 41.033255 ], [ -111.552343, 41.03411 ], [ -111.551922, 41.03508 ], [ -111.550661, 41.035766 ], [ -111.546765, 41.036514 ], [ -111.545369, 41.037395 ], [ -111.545593, 41.039239 ], [ -111.543699, 41.040551 ], [ -111.542205, 41.042835 ], [ -111.541049, 41.045279 ], [ -111.53839, 41.046801 ], [ -111.536546, 41.047495 ], [ -111.535834, 41.048524 ], [ -111.534027, 41.04964 ], [ -111.532726, 41.051124 ], [ -111.529911, 41.052774 ], [ -111.529772, 41.052837 ], [ -111.523642, 41.056231 ], [ -111.519364, 41.057515 ], [ -111.517627, 41.057485 ], [ -111.514659, 41.058304 ], [ -111.513001, 41.05846 ], [ -111.511482, 41.059384 ], [ -111.508422, 41.062879 ], [ -111.50751, 41.063234 ], [ -111.50135, 41.062416 ], [ -111.500258, 41.061341 ], [ -111.496971, 41.063467 ], [ -111.494634, 41.064133 ], [ -111.492469, 41.063139 ], [ -111.490544, 41.061085 ], [ -111.486142, 41.061789 ], [ -111.483481, 41.06161 ], [ -111.481744, 41.062973 ], [ -111.475423, 41.06484 ], [ -111.473965, 41.064235 ], [ -111.472085, 41.065058 ], [ -111.469509, 41.067317 ], [ -111.469019, 41.068111 ], [ -111.468513, 41.068728 ], [ -111.467411, 41.07036 ], [ -111.466856, 41.070827 ], [ -111.466057, 41.071213 ], [ -111.46529, 41.071357 ], [ -111.464448, 41.07196 ], [ -111.463553, 41.072209 ], [ -111.463105, 41.072595 ], [ -111.46254, 41.072594 ], [ -111.461445, 41.072254 ], [ -111.460561, 41.072204 ], [ -111.459847, 41.072445 ], [ -111.458451, 41.072612 ], [ -111.45732, 41.0734 ], [ -111.456322, 41.073619 ], [ -111.455509, 41.074022 ], [ -111.454458, 41.074682 ], [ -111.453634, 41.075599 ], [ -111.453772, 41.076139 ], [ -111.453033, 41.076344 ], [ -111.452637, 41.076851 ], [ -111.452241, 41.077609 ], [ -111.451622, 41.078333 ], [ -111.451258, 41.079107 ], [ -111.449562, 41.080079 ], [ -111.448728, 41.081279 ], [ -111.447838, 41.08168 ], [ -111.447573, 41.081875 ], [ -111.446506, 41.082133 ], [ -111.445287, 41.081999 ], [ -111.44483, 41.081579 ], [ -111.443617, 41.081279 ], [ -111.442903, 41.081372 ], [ -111.441842, 41.080968 ], [ -111.440677, 41.080807 ], [ -111.439718, 41.080778 ], [ -111.439327, 41.081021 ], [ -111.438538, 41.081195 ], [ -111.437449, 41.081139 ], [ -111.43648, 41.081345 ], [ -111.435806, 41.081298 ], [ -111.435353, 41.08107 ], [ -111.435083, 41.080706 ], [ -111.433859, 41.080399 ], [ -111.432939, 41.080561 ], [ -111.432129, 41.080524 ], [ -111.431514, 41.080688 ], [ -111.430794, 41.081122 ], [ -111.430204, 41.081135 ], [ -111.428697, 41.080502 ], [ -111.428081, 41.080418 ], [ -111.426507, 41.08045 ], [ -111.425188, 41.080189 ], [ -111.424059, 41.080058 ], [ -111.423438, 41.079716 ], [ -111.422766, 41.079035 ], [ -111.422646, 41.078657 ], [ -111.422916, 41.077119 ], [ -111.422871, 41.076559 ], [ -111.422422, 41.076253 ], [ -111.419563, 41.075207 ], [ -111.418598, 41.074655 ], [ -111.417278, 41.074039 ], [ -111.417024, 41.074015 ], [ -111.415845, 41.074256 ], [ -111.412925, 41.073958 ], [ -111.410316, 41.075127 ], [ -111.408441, 41.074944 ], [ -111.406331, 41.07621 ], [ -111.40608, 41.077349 ], [ -111.404529, 41.07876 ], [ -111.403105, 41.078625 ], [ -111.400291, 41.0813 ], [ -111.398476, 41.08045 ], [ -111.396584, 41.08013 ], [ -111.394014, 41.081429 ], [ -111.392248, 41.081603 ], [ -111.392221, 41.083326 ], [ -111.390945, 41.084716 ], [ -111.389494, 41.085409 ], [ -111.386285, 41.084871 ], [ -111.384235, 41.086411 ], [ -111.38234, 41.086357 ], [ -111.380452, 41.087248 ], [ -111.379984, 41.089675 ], [ -111.381488, 41.092184 ], [ -111.380431, 41.093696 ], [ -111.380473, 41.094789 ], [ -111.381358, 41.095467 ], [ -111.381628, 41.096859 ], [ -111.380884, 41.097942 ], [ -111.378517, 41.098399 ], [ -111.378329, 41.1 ], [ -111.378345, 41.104724 ], [ -111.377053, 41.105574 ], [ -111.37769, 41.107816 ], [ -111.375543, 41.109444 ], [ -111.375434, 41.112165 ], [ -111.374186, 41.112551 ], [ -111.373285, 41.113673 ], [ -111.370484, 41.1154 ], [ -111.370049, 41.116146 ], [ -111.370482, 41.117438 ], [ -111.369982, 41.118056 ], [ -111.368555, 41.118603 ], [ -111.367555, 41.119631 ], [ -111.368382, 41.120471 ], [ -111.368682, 41.12201 ], [ -111.367846, 41.123438 ], [ -111.368085, 41.124944 ], [ -111.366604, 41.130018 ], [ -111.365071, 41.129481 ], [ -111.364291, 41.128314 ], [ -111.361653, 41.12841 ], [ -111.35978, 41.129304 ], [ -111.357475, 41.129104 ], [ -111.35426, 41.129433 ], [ -111.352746, 41.130334 ], [ -111.350658, 41.129751 ], [ -111.348857, 41.129966 ], [ -111.347803, 41.128976 ], [ -111.345793, 41.128718 ], [ -111.343777, 41.129654 ], [ -111.341675, 41.132047 ], [ -111.340964, 41.132824 ], [ -111.337874, 41.133036 ], [ -111.335629, 41.13456 ], [ -111.333992, 41.137101 ], [ -111.332389, 41.138101 ], [ -111.330847, 41.137519 ], [ -111.327384, 41.136868 ], [ -111.324119, 41.137455 ], [ -111.320252, 41.134432 ], [ -111.318462, 41.132438 ], [ -111.316482, 41.13206 ], [ -111.314923, 41.132344 ], [ -111.311478, 41.131527 ], [ -111.310199, 41.130487 ], [ -111.307005, 41.130931 ], [ -111.306102, 41.131559 ], [ -111.304414, 41.133726 ], [ -111.30162, 41.134422 ], [ -111.30128, 41.135942 ], [ -111.300088, 41.137172 ], [ -111.297607, 41.137736 ], [ -111.294436, 41.139126 ], [ -111.291742, 41.142729 ], [ -111.289716, 41.143257 ], [ -111.28773, 41.142902 ], [ -111.284519, 41.143007 ], [ -111.281212, 41.142532 ], [ -111.27754, 41.142901 ], [ -111.27467, 41.142574 ], [ -111.271649, 41.143422 ], [ -111.2698, 41.143274 ], [ -111.264974, 41.144044 ], [ -111.264341, 41.142543 ], [ -111.262658, 41.141066 ], [ -111.261356, 41.141106 ], [ -111.258128, 41.14219 ], [ -111.253576, 41.143175 ], [ -111.250326, 41.144258 ], [ -111.245496, 41.144089 ], [ -111.244547, 41.145105 ], [ -111.24301, 41.14381 ], [ -111.241987, 41.142248 ], [ -111.240633, 41.141973 ], [ -111.23831, 41.142578 ], [ -111.234471, 41.142607 ], [ -111.232407, 41.142972 ], [ -111.231546, 41.143553 ], [ -111.231165, 41.14452 ], [ -111.229518, 41.144951 ], [ -111.228188, 41.146256 ], [ -111.228329, 41.147155 ], [ -111.22699, 41.14723 ], [ -111.224762, 41.148573 ], [ -111.224733, 41.14963 ], [ -111.223314, 41.151534 ], [ -111.221839, 41.152055 ], [ -111.220805, 41.153151 ], [ -111.219075, 41.153738 ], [ -111.216506, 41.156015 ], [ -111.214002, 41.157591 ], [ -111.211919, 41.158262 ], [ -111.207561, 41.161463 ], [ -111.205157, 41.16267 ], [ -111.203787, 41.162907 ], [ -111.202955, 41.163782 ], [ -111.200148, 41.164798 ], [ -111.195868, 41.165803 ], [ -111.192435, 41.167686 ], [ -111.187932, 41.169651 ], [ -111.185345, 41.17001 ], [ -111.183484, 41.170802 ], [ -111.18258, 41.169506 ], [ -111.179617, 41.169443 ], [ -111.179, 41.170136 ], [ -111.175653, 41.170251 ], [ -111.174301, 41.171647 ], [ -111.172031, 41.172881 ], [ -111.171744, 41.173744 ], [ -111.169006, 41.175315 ], [ -111.167399, 41.176126 ], [ -111.165138, 41.175485 ], [ -111.160894, 41.176111 ], [ -111.159646, 41.176898 ], [ -111.157207, 41.177653 ], [ -111.15611, 41.179572 ], [ -111.153744, 41.180444 ], [ -111.151658, 41.182296 ], [ -111.148745, 41.183182 ], [ -111.145364, 41.185443 ], [ -111.143194, 41.185734 ], [ -111.140944, 41.187115 ], [ -111.140658, 41.188704 ], [ -111.141757, 41.190445 ], [ -111.140243, 41.191091 ], [ -111.137035, 41.193502 ], [ -111.135201, 41.193962 ], [ -111.132287, 41.196132 ], [ -111.129487, 41.197569 ], [ -111.129731, 41.198329 ], [ -111.133234, 41.206822 ], [ -111.130663, 41.207285 ], [ -111.121173, 41.208937 ], [ -111.116154, 41.211221 ], [ -111.113169, 41.2128 ], [ -111.110263, 41.214658 ], [ -111.101536, 41.207712 ], [ -111.101335, 41.20769 ], [ -111.098258, 41.210929 ], [ -111.096548, 41.213878 ], [ -111.09442, 41.21919 ], [ -111.092711, 41.222487 ], [ -111.090512, 41.225661 ], [ -111.087654, 41.228744 ], [ -111.086551, 41.229891 ], [ -111.084847, 41.231599 ], [ -111.078595, 41.238414 ], [ -111.075611, 41.243293 ], [ -111.074481, 41.244388 ], [ -111.071363, 41.245503 ], [ -111.069981, 41.247015 ], [ -111.067351, 41.248857 ], [ -111.063921, 41.250436 ], [ -111.059655, 41.251416 ], [ -111.055115, 41.251566 ], [ -111.046766, 41.251627 ], [ -111.046595, 41.285761 ], [ -111.046543, 41.300113 ], [ -111.046409, 41.315851 ], [ -111.046427, 41.329694 ], [ -111.046353, 41.358152 ], [ -111.046333, 41.378115 ], [ -111.046314, 41.400917 ], [ -111.04625, 41.414338 ], [ -111.046261, 41.428001 ], [ -111.046266, 41.444153 ], [ -111.046183, 41.456679 ], [ -111.046022, 41.473672 ], [ -111.045796, 41.506066 ], [ -111.0458, 41.514198 ], [ -111.045804, 41.521585 ], [ -111.045797, 41.545758 ], [ -111.045794, 41.552228 ], [ -111.045789, 41.565208 ], [ -111.045834, 41.579031 ], [ -111.045858, 41.592649 ], [ -111.045907, 41.607335 ], [ -111.045947, 41.621812 ], [ -111.045954, 41.623081 ], [ -111.046006, 41.638506 ], [ -111.045907, 41.646505 ], [ -111.046055, 41.662985 ], [ -111.045993, 41.68684 ], [ -111.046154, 41.695588 ], [ -111.046382, 41.701287 ], [ -111.046365, 41.710034 ], [ -111.0465, 41.715816 ], [ -111.046525, 41.732799 ], [ -111.046391, 41.747237 ], [ -111.046503, 41.774045 ], [ -111.046528, 41.779643 ], [ -111.046521, 41.780101 ], [ -111.04648, 41.817724 ], [ -111.046577, 41.840747 ], [ -111.04672, 41.86111 ], [ -111.046678, 41.864582 ], [ -111.04668, 41.864975 ], [ -111.04636, 41.866569 ], [ -111.046634, 41.868356 ], [ -111.046632, 41.868704 ], [ -111.046353, 41.870212 ], [ -111.046588, 41.87198 ], [ -111.046541, 41.875375 ], [ -111.046538, 41.876297 ], [ -111.046445, 41.890394 ], [ -111.046654, 41.904136 ], [ -111.046617, 41.920992 ], [ -111.046609, 41.938088 ], [ -111.046496, 41.956233 ], [ -111.046513, 41.975093 ], [ -111.046714, 42.001702 ], [ -111.063101, 42.001656 ], [ -111.098521, 42.001566 ], [ -111.144036, 42.001534 ], [ -111.172934, 42.001443 ], [ -111.198494, 42.001439 ], [ -111.207545, 42.001371 ], [ -111.259971, 42.001322 ], [ -111.262076, 42.001316 ], [ -111.311026, 42.001223 ], [ -111.407875, 42.000716 ], [ -111.408695, 42.000715 ], [ -111.426055, 42.000581 ], [ -111.445515, 42.000337 ], [ -111.464274, 41.999746 ], [ -111.483516, 41.999541 ], [ -111.489177, 41.999543 ], [ -111.507806, 41.999552 ], [ -111.507368, 41.998583 ], [ -111.50757, 41.995868 ], [ -111.508788, 41.99257 ], [ -111.50878, 41.990672 ], [ -111.507675, 41.987367 ], [ -111.503806, 41.987571 ], [ -111.500151, 41.985944 ], [ -111.497496, 41.985091 ], [ -111.49509, 41.98274 ], [ -111.494034, 41.979449 ], [ -111.491638, 41.978053 ], [ -111.49082, 41.977053 ], [ -111.488226, 41.976054 ], [ -111.48498, 41.975839 ], [ -111.484347, 41.975355 ], [ -111.484352, 41.972538 ], [ -111.483431, 41.969988 ], [ -111.484268, 41.965997 ], [ -111.48336, 41.963799 ], [ -111.481356, 41.963317 ], [ -111.479183, 41.961749 ], [ -111.479153, 41.960737 ], [ -111.476192, 41.958361 ], [ -111.475506, 41.956352 ], [ -111.477289, 41.954768 ], [ -111.477483, 41.953415 ], [ -111.476764, 41.951421 ], [ -111.475809, 41.950355 ], [ -111.474942, 41.948279 ], [ -111.473236, 41.947496 ], [ -111.473408, 41.945694 ], [ -111.474892, 41.944908 ], [ -111.475494, 41.940408 ], [ -111.475169, 41.938621 ], [ -111.476799, 41.936232 ], [ -111.476472, 41.935007 ], [ -111.47484, 41.934314 ], [ -111.474821, 41.933295 ], [ -111.473485, 41.931451 ], [ -111.472665, 41.931044 ], [ -111.471321, 41.928157 ], [ -111.473366, 41.925467 ], [ -111.47374, 41.924087 ], [ -111.473218, 41.923479 ], [ -111.475183, 41.922965 ], [ -111.47643, 41.920419 ], [ -111.477537, 41.919365 ], [ -111.478412, 41.917196 ], [ -111.477851, 41.913519 ], [ -111.478331, 41.912687 ], [ -111.479493, 41.912522 ], [ -111.48199, 41.911217 ], [ -111.484623, 41.910937 ], [ -111.485203, 41.910627 ], [ -111.488692, 41.910923 ], [ -111.491282, 41.910686 ], [ -111.492109, 41.912383 ], [ -111.49398, 41.911801 ], [ -111.495748, 41.911865 ], [ -111.49716, 41.913192 ], [ -111.498987, 41.913119 ], [ -111.500393, 41.912093 ], [ -111.502594, 41.913653 ], [ -111.503953, 41.912977 ], [ -111.504634, 41.911216 ], [ -111.507804, 41.911625 ], [ -111.509143, 41.911299 ], [ -111.510385, 41.910277 ], [ -111.511874, 41.90779 ], [ -111.51111, 41.907237 ], [ -111.511361, 41.905134 ], [ -111.511025, 41.904555 ], [ -111.508087, 41.904372 ], [ -111.506911, 41.903256 ], [ -111.504694, 41.902375 ], [ -111.503977, 41.902329 ], [ -111.500396, 41.898263 ], [ -111.5011, 41.895883 ], [ -111.500034, 41.893679 ], [ -111.499992, 41.892472 ], [ -111.500784, 41.890759 ], [ -111.502599, 41.888401 ], [ -111.502779, 41.88766 ], [ -111.500785, 41.887695 ], [ -111.500092, 41.887238 ], [ -111.498314, 41.88789 ], [ -111.496559, 41.887102 ], [ -111.493658, 41.887128 ], [ -111.49265, 41.88545 ], [ -111.492165, 41.88314 ], [ -111.492949, 41.881183 ], [ -111.492396, 41.879241 ], [ -111.493344, 41.876182 ], [ -111.49329, 41.874823 ], [ -111.494177, 41.873626 ], [ -111.498022, 41.871579 ], [ -111.498868, 41.87146 ], [ -111.501317, 41.869805 ], [ -111.501843, 41.868483 ], [ -111.504955, 41.867693 ], [ -111.5079, 41.868204 ], [ -111.509301, 41.868758 ], [ -111.509035, 41.867312 ], [ -111.507376, 41.866087 ], [ -111.506853, 41.864548 ], [ -111.502618, 41.861477 ], [ -111.501944, 41.860989 ], [ -111.5025, 41.859065 ], [ -111.504388, 41.857412 ], [ -111.504904, 41.855109 ], [ -111.507003, 41.853811 ], [ -111.507864, 41.852589 ], [ -111.506168, 41.852131 ], [ -111.504147, 41.85068 ], [ -111.502072, 41.85043 ], [ -111.497309, 41.846847 ], [ -111.493662, 41.8441 ], [ -111.490317, 41.84045 ], [ -111.487643, 41.838505 ], [ -111.483246, 41.836072 ], [ -111.478674, 41.832506 ], [ -111.477687, 41.830984 ], [ -111.474647, 41.82776 ], [ -111.470339, 41.824735 ], [ -111.467157, 41.823628 ], [ -111.464158, 41.820849 ], [ -111.460722, 41.816985 ], [ -111.461337, 41.815718 ], [ -111.461987, 41.812746 ], [ -111.460213, 41.81085 ], [ -111.459725, 41.808225 ], [ -111.457621, 41.806015 ], [ -111.455871, 41.805509 ], [ -111.45394, 41.803748 ], [ -111.453755, 41.801669 ], [ -111.452086, 41.798195 ], [ -111.452397, 41.796262 ], [ -111.4509, 41.79282 ], [ -111.451748, 41.791138 ], [ -111.453606, 41.790514 ], [ -111.454298, 41.788066 ], [ -111.453042, 41.785634 ], [ -111.453418, 41.784737 ], [ -111.454848, 41.784108 ], [ -111.455103, 41.782631 ], [ -111.454422, 41.78078 ], [ -111.454656, 41.77957 ], [ -111.453528, 41.778803 ], [ -111.451369, 41.77868 ], [ -111.452324, 41.777688 ], [ -111.45223, 41.775569 ], [ -111.451368, 41.775421 ], [ -111.450278, 41.774019 ], [ -111.449737, 41.772186 ], [ -111.448124, 41.772077 ], [ -111.44657, 41.773085 ], [ -111.443512, 41.771701 ], [ -111.44331, 41.769885 ], [ -111.444286, 41.768905 ], [ -111.444835, 41.767414 ], [ -111.444716, 41.766018 ], [ -111.443927, 41.765225 ], [ -111.445323, 41.76414 ], [ -111.445105, 41.763115 ], [ -111.445522, 41.760526 ], [ -111.444576, 41.758981 ], [ -111.441757, 41.757317 ], [ -111.441016, 41.755773 ], [ -111.441508, 41.754718 ], [ -111.440984, 41.752876 ], [ -111.441356, 41.751507 ], [ -111.442872, 41.749965 ], [ -111.442152, 41.747409 ], [ -111.444301, 41.746328 ], [ -111.445288, 41.744755 ], [ -111.444386, 41.742987 ], [ -111.442459, 41.742625 ], [ -111.440778, 41.741774 ], [ -111.440667, 41.740208 ], [ -111.442149, 41.738279 ], [ -111.441625, 41.73722 ], [ -111.442086, 41.736067 ], [ -111.43962, 41.73447 ], [ -111.438398, 41.734182 ], [ -111.436441, 41.732742 ], [ -111.43511, 41.731211 ], [ -111.431835, 41.729322 ], [ -111.42907, 41.727307 ], [ -111.429045, 41.7269 ], [ -111.42854, 41.726516 ], [ -111.425174, 41.725755 ], [ -111.422756, 41.724836 ], [ -111.420272, 41.724603 ], [ -111.419997, 41.72294 ], [ -111.417922, 41.721726 ], [ -111.41753, 41.720046 ], [ -111.418053, 41.717025 ], [ -111.417902, 41.714806 ], [ -111.417127, 41.712624 ], [ -111.41794, 41.710822 ], [ -111.418281, 41.708929 ], [ -111.421168, 41.70618 ], [ -111.421232, 41.702282 ], [ -111.421657, 41.700143 ], [ -111.420083, 41.698279 ], [ -111.419913, 41.696834 ], [ -111.423126, 41.697232 ], [ -111.424928, 41.696559 ], [ -111.425173, 41.696433 ], [ -111.426743, 41.695075 ], [ -111.426944, 41.694313 ], [ -111.424135, 41.692073 ], [ -111.424194, 41.689146 ], [ -111.424604, 41.68782 ], [ -111.426198, 41.686335 ], [ -111.425477, 41.685194 ], [ -111.425472, 41.683404 ], [ -111.426148, 41.682295 ], [ -111.425719, 41.681018 ], [ -111.426855, 41.677864 ], [ -111.425898, 41.676748 ], [ -111.423385, 41.674305 ], [ -111.421249, 41.67414 ], [ -111.419318, 41.675056 ], [ -111.415461, 41.67612 ], [ -111.414101, 41.674629 ], [ -111.415004, 41.67341 ], [ -111.413942, 41.669995 ], [ -111.414678, 41.668284 ], [ -111.41389, 41.666417 ], [ -111.411043, 41.66594 ], [ -111.409165, 41.666002 ], [ -111.40703, 41.666731 ], [ -111.405715, 41.664893 ], [ -111.40686, 41.66315 ], [ -111.404868, 41.66134 ], [ -111.402649, 41.659779 ], [ -111.402077, 41.658881 ], [ -111.401576, 41.654081 ], [ -111.402919, 41.65296 ], [ -111.403251, 41.651995 ], [ -111.40825, 41.64934 ], [ -111.408539, 41.648334 ], [ -111.408636, 41.644941 ], [ -111.411424, 41.643248 ], [ -111.412271, 41.64231 ], [ -111.414146, 41.641684 ], [ -111.416618, 41.639256 ], [ -111.415535, 41.63679 ], [ -111.413769, 41.635006 ], [ -111.411707, 41.631681 ], [ -111.412065, 41.630135 ], [ -111.411546, 41.628295 ], [ -111.410663, 41.627435 ], [ -111.412109, 41.625589 ], [ -111.413359, 41.625265 ], [ -111.415095, 41.624098 ], [ -111.415203, 41.624 ], [ -111.417686, 41.622428 ], [ -111.421233, 41.624015 ], [ -111.422792, 41.624031 ], [ -111.426406, 41.621469 ], [ -111.428752, 41.620221 ], [ -111.42984, 41.618191 ], [ -111.427629, 41.61492 ], [ -111.427485, 41.613065 ], [ -111.426567, 41.610487 ], [ -111.427745, 41.608977 ], [ -111.427276, 41.607132 ], [ -111.427994, 41.605777 ], [ -111.427326, 41.603847 ], [ -111.428006, 41.602456 ], [ -111.427749, 41.601282 ], [ -111.426806, 41.599013 ], [ -111.427778, 41.597838 ], [ -111.42781, 41.59403 ], [ -111.427246, 41.592828 ], [ -111.42849, 41.591875 ], [ -111.429204, 41.589783 ], [ -111.4277, 41.586317 ], [ -111.427028, 41.585569 ], [ -111.427165, 41.582686 ], [ -111.427579, 41.579007 ], [ -111.429811, 41.577702 ], [ -111.430718, 41.575093 ], [ -111.430376, 41.569865 ], [ -111.430852, 41.568617 ], [ -111.429796, 41.567906 ], [ -111.429407, 41.566774 ], [ -111.430989, 41.564704 ], [ -111.431249, 41.563162 ], [ -111.431657, 41.562454 ], [ -111.430704, 41.561064 ], [ -111.432089, 41.559706 ], [ -111.432163, 41.557754 ], [ -111.433341, 41.555351 ], [ -111.433407, 41.553328 ], [ -111.436119, 41.550692 ], [ -111.442169, 41.549028 ], [ -111.442662, 41.548114 ], [ -111.442444, 41.546201 ], [ -111.445188, 41.544336 ], [ -111.44522, 41.542032 ], [ -111.443846, 41.541256 ], [ -111.442777, 41.538874 ], [ -111.44177, 41.534529 ], [ -111.442949, 41.531365 ], [ -111.448176, 41.531412 ], [ -111.449176, 41.531252 ], [ -111.453017, 41.52985 ], [ -111.454854, 41.530529 ], [ -111.456946, 41.532214 ], [ -111.457891, 41.53199 ], [ -111.459296, 41.530773 ], [ -111.458617, 41.5287 ], [ -111.4579, 41.527873 ], [ -111.455811, 41.526733 ], [ -111.457411, 41.525354 ], [ -111.457267, 41.5225 ], [ -111.456359, 41.52093 ], [ -111.458029, 41.519275 ], [ -111.460211, 41.518658 ], [ -111.46303, 41.515716 ], [ -111.46466, 41.514927 ], [ -111.466079, 41.511912 ], [ -111.466588, 41.510259 ], [ -111.466838, 41.509802 ], [ -111.468652, 41.508881 ], [ -111.471386, 41.506458 ], [ -111.474762, 41.505436 ], [ -111.478061, 41.503931 ], [ -111.478254, 41.503241 ], [ -111.476392, 41.501736 ], [ -111.476433, 41.500821 ], [ -111.474806, 41.500302 ], [ -111.475336, 41.498254 ], [ -111.477491, 41.49788 ], [ -111.477982, 41.497252 ], [ -111.474957, 41.494909 ], [ -111.47544, 41.489387 ], [ -111.475508, 41.4886 ], [ -111.477696, 41.487422 ], [ -111.479931, 41.483827 ], [ -111.480294, 41.482002 ], [ -111.481522, 41.480411 ], [ -111.481999, 41.479063 ], [ -111.481416, 41.47692 ], [ -111.484193, 41.475271 ], [ -111.485808, 41.474318 ], [ -111.488134, 41.473712 ], [ -111.48999, 41.473049 ], [ -111.49014, 41.471429 ], [ -111.48854, 41.468583 ], [ -111.489871, 41.466383 ], [ -111.491669, 41.465967 ], [ -111.492982, 41.465325 ], [ -111.494803, 41.465535 ], [ -111.496986, 41.46538 ], [ -111.500757, 41.464449 ], [ -111.501201, 41.461498 ], [ -111.503117, 41.459953 ], [ -111.503707, 41.458861 ], [ -111.503127, 41.455824 ], [ -111.503242, 41.453724 ], [ -111.505199, 41.451598 ], [ -111.502899, 41.449596 ], [ -111.502936, 41.448841 ], [ -111.505532, 41.445891 ], [ -111.505931, 41.443762 ], [ -111.505597, 41.442902 ], [ -111.503117, 41.440864 ], [ -111.501324, 41.438902 ], [ -111.500761, 41.437624 ], [ -111.50256, 41.436868 ], [ -111.504477, 41.435829 ], [ -111.50656, 41.43319 ], [ -111.507236, 41.430678 ], [ -111.50675, 41.429537 ], [ -111.508298, 41.428417 ], [ -111.509288, 41.428387 ], [ -111.510458, 41.428018 ], [ -111.510677, 41.427089 ], [ -111.510175, 41.424853 ], [ -111.510839, 41.4231 ], [ -111.51255, 41.422789 ], [ -111.514069, 41.421746 ], [ -111.517417, 41.421654 ], [ -111.519763, 41.419625 ], [ -111.520907, 41.41807 ], [ -111.521348, 41.415971 ], [ -111.52432, 41.416007 ], [ -111.526562, 41.414929 ], [ -111.528178, 41.414553 ], [ -111.531848, 41.414521 ], [ -111.533211, 41.4122 ], [ -111.534174, 41.411258 ], [ -111.537206, 41.411204 ], [ -111.539921, 41.409186 ], [ -111.540716, 41.40803 ], [ -111.540195, 41.406533 ], [ -111.541523, 41.405063 ], [ -111.543399, 41.405362 ], [ -111.544704, 41.408641 ], [ -111.544996, 41.409571 ], [ -111.548287, 41.41088 ], [ -111.550604, 41.412803 ], [ -111.551681, 41.414076 ], [ -111.552589, 41.416181 ], [ -111.552631, 41.417817 ], [ -111.553734, 41.421563 ], [ -111.554044, 41.423425 ], [ -111.554771, 41.424089 ], [ -111.557352, 41.42477 ], [ -111.558667, 41.424551 ], [ -111.559777, 41.423398 ], [ -111.564165, 41.423104 ], [ -111.566574, 41.424386 ], [ -111.570103, 41.424568 ], [ -111.571653, 41.42508 ], [ -111.571742, 41.426135 ], [ -111.573777, 41.428377 ], [ -111.575476, 41.428774 ], [ -111.580036, 41.422823 ], [ -111.583856, 41.418416 ], [ -111.58473, 41.418111 ], [ -111.590648, 41.41896 ], [ -111.592081, 41.419626 ], [ -111.594853, 41.419671 ], [ -111.599108, 41.421314 ], [ -111.602329, 41.420306 ], [ -111.604123, 41.419437 ], [ -111.606915, 41.419336 ], [ -111.608499, 41.418881 ], [ -111.611139, 41.419158 ], [ -111.612239, 41.420447 ], [ -111.612308, 41.421495 ], [ -111.615597, 41.422194 ], [ -111.618536, 41.422347 ], [ -111.62273, 41.420346 ], [ -111.62294, 41.419288 ], [ -111.624819, 41.418837 ], [ -111.626786, 41.4176 ], [ -111.630112, 41.417725 ], [ -111.630916, 41.418356 ], [ -111.634987, 41.415912 ], [ -111.63748, 41.414792 ], [ -111.639858, 41.414641 ], [ -111.64061, 41.414005 ], [ -111.643101, 41.410567 ], [ -111.643839, 41.406094 ], [ -111.64483, 41.405641 ], [ -111.647519, 41.405456 ], [ -111.64876, 41.406769 ], [ -111.652644, 41.407793 ], [ -111.652061, 41.409667 ], [ -111.652888, 41.411376 ], [ -111.656257, 41.413634 ], [ -111.657133, 41.414809 ], [ -111.658127, 41.417236 ], [ -111.660566, 41.418681 ], [ -111.661207, 41.420166 ], [ -111.661329, 41.421906 ], [ -111.664114, 41.423582 ], [ -111.665778, 41.427668 ], [ -111.666576, 41.42883 ], [ -111.673466, 41.427377 ], [ -111.679071, 41.427296 ], [ -111.680243, 41.425538 ], [ -111.683033, 41.424856 ], [ -111.683672, 41.42404 ], [ -111.685583, 41.423142 ], [ -111.685509, 41.421253 ], [ -111.687222, 41.421384 ], [ -111.688539, 41.420851 ], [ -111.689745, 41.418414 ], [ -111.691811, 41.4185 ], [ -111.693453, 41.41814 ], [ -111.695008, 41.41723 ], [ -111.696486, 41.417074 ], [ -111.697956, 41.418076 ], [ -111.700796, 41.419154 ], [ -111.702856, 41.420659 ], [ -111.704094, 41.421047 ], [ -111.706839, 41.423548 ], [ -111.70779, 41.425425 ], [ -111.711811, 41.423141 ], [ -111.713493, 41.424713 ], [ -111.714592, 41.425187 ], [ -111.718177, 41.424583 ], [ -111.720412, 41.425924 ], [ -111.721301, 41.42739 ], [ -111.722206, 41.426375 ], [ -111.722905, 41.423162 ], [ -111.722075, 41.421325 ], [ -111.72023, 41.42031 ], [ -111.718736, 41.417029 ], [ -111.717034, 41.415529 ], [ -111.716411, 41.416075 ], [ -111.713678, 41.415044 ], [ -111.712414, 41.413516 ], [ -111.709091, 41.413087 ], [ -111.708611, 41.412503 ], [ -111.706781, 41.413077 ], [ -111.706178, 41.41086 ], [ -111.70664, 41.410023 ], [ -111.706992, 41.409375 ], [ -111.706483, 41.40685 ], [ -111.706517, 41.404844 ], [ -111.707305, 41.40387 ], [ -111.709403, 41.402602 ], [ -111.710979, 41.400213 ], [ -111.712199, 41.399594 ], [ -111.712186, 41.39849 ], [ -111.71053, 41.3978 ], [ -111.710509, 41.396994 ], [ -111.712032, 41.395029 ], [ -111.715946, 41.394969 ], [ -111.717014, 41.393372 ], [ -111.719022, 41.391914 ], [ -111.720164, 41.391696 ], [ -111.722932, 41.389777 ], [ -111.723405, 41.388122 ], [ -111.725131, 41.386556 ], [ -111.726887, 41.385051 ], [ -111.727226, 41.381406 ], [ -111.725433, 41.37878 ], [ -111.725126, 41.377631 ], [ -111.72651, 41.375814 ], [ -111.730015, 41.375057 ], [ -111.733318, 41.375006 ], [ -111.737728, 41.374212 ], [ -111.739266, 41.37318 ], [ -111.743708, 41.371701 ], [ -111.746299, 41.369785 ], [ -111.750771, 41.370014 ], [ -111.752163, 41.370686 ], [ -111.756624, 41.369232 ], [ -111.758527, 41.369438 ], [ -111.76059, 41.368818 ], [ -111.763893, 41.369342 ], [ -111.766545, 41.370023 ], [ -111.767587, 41.370801 ], [ -111.769616, 41.373518 ], [ -111.771259, 41.374938 ], [ -111.771589, 41.375831 ], [ -111.773093, 41.376362 ], [ -111.775332, 41.376558 ], [ -111.780845, 41.378614 ], [ -111.780871, 41.379178 ], [ -111.781656, 41.379712 ], [ -111.783241, 41.381072 ], [ -111.78406, 41.382414 ], [ -111.785942, 41.382711 ], [ -111.787232, 41.383923 ], [ -111.789107, 41.384526 ], [ -111.790388, 41.388213 ], [ -111.792306, 41.390364 ], [ -111.792702, 41.391265 ], [ -111.797423, 41.392316 ], [ -111.800757, 41.390729 ], [ -111.804803, 41.390728 ], [ -111.807416, 41.388911 ], [ -111.814108, 41.387964 ], [ -111.8182, 41.39014 ], [ -111.820136, 41.391895 ], [ -111.823815, 41.391612 ], [ -111.826141, 41.391765 ], [ -111.827842, 41.39261 ], [ -111.828463, 41.39086 ], [ -111.829602, 41.389298 ], [ -111.83148, 41.389011 ], [ -111.832668, 41.389834 ], [ -111.834527, 41.389394 ], [ -111.835467, 41.388291 ], [ -111.83695, 41.387829 ], [ -111.839218, 41.388693 ], [ -111.839212, 41.390025 ], [ -111.840969, 41.390093 ], [ -111.84139, 41.391317 ], [ -111.844025, 41.392437 ], [ -111.846631, 41.392807 ], [ -111.848255, 41.393481 ], [ -111.851605, 41.393402 ], [ -111.853901, 41.394129 ], [ -111.856185, 41.394936 ], [ -111.857019, 41.396633 ], [ -111.858219, 41.396729 ], [ -111.860244, 41.395973 ], [ -111.86126, 41.396401 ], [ -111.861843, 41.398584 ], [ -111.863707, 41.399565 ], [ -111.865628, 41.398938 ], [ -111.868507, 41.398497 ], [ -111.869898, 41.400126 ], [ -111.869864, 41.400877 ], [ -111.874994, 41.404609 ], [ -111.874906, 41.40703 ], [ -111.875541, 41.408236 ], [ -111.875538, 41.409777 ], [ -111.87932, 41.412596 ], [ -111.880128, 41.414495 ], [ -111.879456, 41.416259 ], [ -111.878365, 41.417074 ], [ -111.875587, 41.418185 ], [ -111.872417, 41.42171 ], [ -111.875774, 41.423574 ], [ -111.877448, 41.423529 ], [ -111.880433, 41.424901 ], [ -111.882552, 41.424893 ], [ -111.884941, 41.425713 ], [ -111.885443, 41.426374 ], [ -111.890291, 41.424016 ], [ -111.891498, 41.422786 ], [ -111.893012, 41.418095 ], [ -111.89498, 41.41844 ], [ -111.898061, 41.418015 ], [ -111.899086, 41.418993 ], [ -111.901202, 41.419466 ], [ -111.904122, 41.41877 ], [ -111.905471, 41.416948 ], [ -111.905497, 41.414917 ], [ -111.907501, 41.415797 ], [ -111.908961, 41.415804 ], [ -111.910716, 41.414937 ], [ -111.913533, 41.414133 ], [ -111.913782, 41.413167 ], [ -111.916946, 41.41307 ], [ -111.918294, 41.412361 ], [ -111.921068, 41.412663 ], [ -111.923446, 41.413274 ], [ -111.924843, 41.412696 ], [ -111.927172, 41.412776 ], [ -111.929348, 41.414754 ], [ -111.93154, 41.416163 ], [ -111.933319, 41.416356 ], [ -111.934533, 41.415855 ], [ -111.938285, 41.415878 ], [ -111.938028, 41.416791 ], [ -111.938812, 41.418446 ], [ -111.940031, 41.419202 ], [ -111.940546, 41.420472 ], [ -111.943917, 41.422278 ], [ -111.944719, 41.423929 ], [ -111.94694, 41.424748 ], [ -111.949177, 41.426045 ], [ -111.950212, 41.427248 ], [ -111.951966, 41.427769 ], [ -111.953867, 41.429234 ], [ -111.954939, 41.43209 ], [ -111.957957, 41.433839 ], [ -111.959173, 41.433573 ], [ -111.959491, 41.430964 ], [ -111.962156, 41.427608 ], [ -111.963759, 41.425185 ], [ -111.964831, 41.424615 ], [ -111.970094, 41.420686 ], [ -111.972472, 41.420053 ], [ -111.971986, 41.418288 ], [ -111.971497, 41.414378 ], [ -111.969921, 41.412956 ], [ -111.968772, 41.411047 ], [ -111.967757, 41.409939 ], [ -111.967176, 41.404218 ], [ -111.967713, 41.399314 ], [ -111.967502, 41.395136 ], [ -111.96868, 41.391865 ], [ -111.971273, 41.388903 ], [ -111.973099, 41.387695 ], [ -111.973814, 41.385684 ], [ -111.975159, 41.385226 ], [ -111.975759, 41.384158 ], [ -111.974221, 41.382064 ], [ -111.975308, 41.378393 ], [ -111.974465, 41.376632 ], [ -111.97183, 41.37494 ], [ -111.969159, 41.372099 ], [ -111.9676, 41.369887 ], [ -111.965792, 41.3685 ], [ -111.963247, 41.365489 ], [ -111.963422, 41.365121 ], [ -111.967298, 41.36447 ], [ -111.969996, 41.363727 ], [ -111.972516, 41.362498 ], [ -111.973557, 41.361171 ], [ -111.97666, 41.359699 ], [ -111.978064, 41.358435 ], [ -111.982472, 41.356988 ], [ -111.986468, 41.354926 ], [ -111.985969, 41.35459 ], [ -111.98564, 41.352626 ], [ -111.986569, 41.350378 ], [ -111.985524, 41.350469 ], [ -111.976625, 41.350117 ], [ -111.976476, 41.344572 ], [ -111.978128, 41.344289 ], [ -111.979595, 41.344991 ], [ -111.98691, 41.34566 ], [ -111.98619, 41.344989 ], [ -111.986213, 41.343164 ], [ -111.975791, 41.343113 ], [ -111.971592, 41.342961 ], [ -111.971623, 41.340874 ], [ -111.971543, 41.339487 ], [ -111.976374, 41.339619 ], [ -111.976374, 41.337531 ], [ -111.976367, 41.336719 ], [ -111.976341, 41.335428 ], [ -111.97644, 41.330463 ], [ -111.976172, 41.32793 ], [ -111.976184, 41.325136 ], [ -111.976186, 41.325001 ], [ -111.981017, 41.325108 ], [ -111.981576, 41.325176 ], [ -111.981568, 41.321267 ], [ -111.981213, 41.321158 ], [ -111.981602, 41.320676 ], [ -111.979637, 41.319753 ], [ -111.980494, 41.317594 ] ] ] ] } },
{ "type": "Feature", "properties": { "id": 46, "NAME": "46", "TotalPop": 41803, "PopDevPct": -0.04168918, "DemPct": 0.24268741, "RepPct": 0.72200219, "WhitePct": 0.87145248, "MinorityPct": 0.12854752, "BlackPct": 0.00725194, "HispanicPct": 0.07966669, "PacificPct": 0.00446273, "AsianPct": 0.01840876, "NativePct": 0.01941985, "TotalVAP": 28682, "Margin": -0.47931478, "color": "#960018", "opacity": "0.5", "DemPct2": 0.23244147, "RepPct2": 0.73032658, "Margin2": -0.49788511, "Swing": 0.01857033, "R_Margin": -0.2806057296, "R_Margin2": -0.29333798413333323, "R_Swing": 0.012732254533333249, "Majority": "White" }, "geometry": { "type": "MultiPolygon", "coordinates": [ [ [ [ -111.885443, 41.426374 ], [ -111.88368, 41.427913 ], [ -111.88152, 41.435382 ], [ -111.881368, 41.439071 ], [ -111.881971, 41.441495 ], [ -111.883615, 41.44206 ], [ -111.887354, 41.442074 ], [ -111.891041, 41.441624 ], [ -111.892637, 41.442497 ], [ -111.894354, 41.444364 ], [ -111.897457, 41.44542 ], [ -111.900502, 41.448351 ], [ -111.9012, 41.44944 ], [ -111.900227, 41.452262 ], [ -111.900109, 41.453691 ], [ -111.904233, 41.454849 ], [ -111.905603, 41.454856 ], [ -111.908018, 41.455908 ], [ -111.90913, 41.457113 ], [ -111.912736, 41.459334 ], [ -111.916588, 41.460375 ], [ -111.916077, 41.462338 ], [ -111.916958, 41.464087 ], [ -111.914904, 41.467103 ], [ -111.912479, 41.467773 ], [ -111.913261, 41.468152 ], [ -111.913181, 41.469729 ], [ -111.911363, 41.469915 ], [ -111.908209, 41.470881 ], [ -111.906387, 41.472066 ], [ -111.90236, 41.47126 ], [ -111.898005, 41.470362 ], [ -111.896221, 41.46952 ], [ -111.891243, 41.470356 ], [ -111.888542, 41.472885 ], [ -111.886419, 41.47309 ], [ -111.884517, 41.473224 ], [ -111.882105, 41.474527 ], [ -111.880182, 41.473728 ], [ -111.87821, 41.474447 ], [ -111.878439, 41.475881 ], [ -111.877419, 41.478143 ], [ -111.876236, 41.4797 ], [ -111.877021, 41.481153 ], [ -111.877782, 41.482281 ], [ -111.877238, 41.483196 ], [ -111.874092, 41.484404 ], [ -111.873314, 41.485743 ], [ -111.874877, 41.487118 ], [ -111.875594, 41.488635 ], [ -111.875599, 41.48871 ], [ -111.875708, 41.489928 ], [ -111.876689, 41.490446 ], [ -111.880214, 41.491086 ], [ -111.880081, 41.492205 ], [ -111.881753, 41.494614 ], [ -111.884156, 41.496023 ], [ -111.888673, 41.496391 ], [ -111.892274, 41.495894 ], [ -111.894872, 41.496373 ], [ -111.895844, 41.496941 ], [ -111.898529, 41.496538 ], [ -111.900642, 41.497368 ], [ -111.904236, 41.497331 ], [ -111.904959, 41.496771 ], [ -111.906206, 41.498581 ], [ -111.906907, 41.501183 ], [ -111.90593, 41.502879 ], [ -111.907564, 41.504438 ], [ -111.909117, 41.507097 ], [ -111.908949, 41.509233 ], [ -111.907632, 41.511444 ], [ -111.907635, 41.513409 ], [ -111.905952, 41.514368 ], [ -111.905817, 41.514973 ], [ -111.907181, 41.515501 ], [ -111.909593, 41.517845 ], [ -111.9119, 41.518518 ], [ -111.912099, 41.519386 ], [ -111.911683, 41.522609 ], [ -111.913585, 41.524463 ], [ -111.913439, 41.526869 ], [ -111.91415, 41.52971 ], [ -111.913583, 41.531611 ], [ -111.914855, 41.532997 ], [ -111.915132, 41.535174 ], [ -111.916792, 41.53748 ], [ -111.916352, 41.538406 ], [ -111.917992, 41.539061 ], [ -111.920222, 41.539043 ], [ -111.923832, 41.537618 ], [ -111.925316, 41.537754 ], [ -111.926703, 41.536972 ], [ -111.928323, 41.537937 ], [ -111.930814, 41.540553 ], [ -111.933336, 41.541464 ], [ -111.934857, 41.544266 ], [ -111.934011, 41.546705 ], [ -111.936212, 41.548421 ], [ -111.936724, 41.550709 ], [ -111.937288, 41.551155 ], [ -111.942052, 41.552944 ], [ -111.946089, 41.553029 ], [ -111.953674, 41.550442 ], [ -111.953833, 41.550331 ], [ -111.955312, 41.549651 ], [ -111.958417, 41.547193 ], [ -111.959922, 41.54637 ], [ -111.960386, 41.544916 ], [ -111.962253, 41.543486 ], [ -111.965332, 41.543321 ], [ -111.968743, 41.544164 ], [ -111.968428, 41.539411 ], [ -111.968975, 41.52839 ], [ -111.968757, 41.528308 ], [ -111.999043, 41.528291 ], [ -112.002787, 41.52827 ], [ -112.001723, 41.526868 ], [ -112.001628, 41.526618 ], [ -112.001142, 41.524917 ], [ -112.001688, 41.52461 ], [ -112.002974, 41.524397 ], [ -112.004041, 41.524414 ], [ -112.002632, 41.522314 ], [ -112.001999, 41.52179 ], [ -112.002332, 41.520943 ], [ -112.001904, 41.520496 ], [ -112.001708, 41.519793 ], [ -112.001709, 41.518963 ], [ -112.001725, 41.518149 ], [ -112.002238, 41.518145 ], [ -112.002218, 41.517372 ], [ -112.001503, 41.51738 ], [ -112.001498, 41.516611 ], [ -112.001492, 41.515911 ], [ -112.001487, 41.515251 ], [ -112.00147, 41.513754 ], [ -112.001493, 41.512679 ], [ -112.002795, 41.512698 ], [ -112.00404, 41.512718 ], [ -112.004788, 41.512725 ], [ -112.006187, 41.512744 ], [ -112.007698, 41.512757 ], [ -112.007874, 41.512759 ], [ -112.009394, 41.51278 ], [ -112.011004, 41.512802 ], [ -112.012536, 41.512821 ], [ -112.01415, 41.512839 ], [ -112.015675, 41.512864 ], [ -112.015731, 41.510404 ], [ -112.015737, 41.510091 ], [ -112.015769, 41.508142 ], [ -112.015819, 41.5061 ], [ -112.015833, 41.504762 ], [ -112.015874, 41.503129 ], [ -112.015921, 41.500725 ], [ -112.01597, 41.49839 ], [ -112.016017, 41.495967 ], [ -112.016048, 41.49413 ], [ -112.016076, 41.492555 ], [ -112.016128, 41.490123 ], [ -112.016138, 41.488902 ], [ -112.016313, 41.486559 ], [ -112.016506, 41.485853 ], [ -112.017099, 41.484625 ], [ -112.023593, 41.484564 ], [ -112.028398, 41.484545 ], [ -112.034938, 41.484551 ], [ -112.034945, 41.483822 ], [ -112.04011, 41.483908 ], [ -112.040124, 41.480994 ], [ -112.044555, 41.480995 ], [ -112.044248, 41.484568 ], [ -112.04465, 41.486169 ], [ -112.052911, 41.485685 ], [ -112.053075, 41.485675 ], [ -112.05295, 41.489108 ], [ -112.053419, 41.491643 ], [ -112.055223, 41.491138 ], [ -112.054293, 41.488793 ], [ -112.056051, 41.489015 ], [ -112.057552, 41.486827 ], [ -112.059872, 41.486738 ], [ -112.060564, 41.486204 ], [ -112.059291, 41.484431 ], [ -112.064073, 41.484166 ], [ -112.063955, 41.475958 ], [ -112.063791, 41.466272 ], [ -112.063771, 41.459344 ], [ -112.078175, 41.45937 ], [ -112.07825, 41.451016 ], [ -112.066643, 41.450968 ], [ -112.063788, 41.450956 ], [ -112.063779, 41.448619 ], [ -112.057883, 41.448604 ], [ -112.058413, 41.443175 ], [ -112.057392, 41.443143 ], [ -112.057465, 41.44165 ], [ -112.056888, 41.441039 ], [ -112.057024, 41.439379 ], [ -112.057989, 41.439364 ], [ -112.063523, 41.439255 ], [ -112.063521, 41.422478 ], [ -112.063525, 41.420531 ], [ -112.066539, 41.420399 ], [ -112.068253, 41.419883 ], [ -112.125778, 41.383369 ], [ -112.131256, 41.379794 ], [ -112.13234, 41.378792 ], [ -112.132859, 41.376858 ], [ -112.13295, 41.374944 ], [ -112.132995, 41.34676 ], [ -112.132917, 41.34475 ], [ -112.131996, 41.343049 ], [ -112.130538, 41.342234 ], [ -112.128631, 41.341921 ], [ -112.131272, 41.336871 ], [ -112.098904, 41.336793 ], [ -112.098257, 41.336797 ], [ -112.096506, 41.336786 ], [ -112.092709, 41.336772 ], [ -112.083086, 41.336738 ], [ -112.073457, 41.336701 ], [ -112.06396, 41.336668 ], [ -112.063515, 41.336661 ], [ -112.049061, 41.336607 ], [ -112.044824, 41.336591 ], [ -112.044804, 41.336096 ], [ -112.047669, 41.336107 ], [ -112.049066, 41.33612 ], [ -112.049067, 41.335911 ], [ -112.04896, 41.328395 ], [ -112.051463, 41.328442 ], [ -112.051527, 41.328444 ], [ -112.05476, 41.328506 ], [ -112.054751, 41.327536 ], [ -112.05486, 41.323124 ], [ -112.054896, 41.321391 ], [ -112.054155, 41.321229 ], [ -112.046417, 41.321096 ], [ -112.045134, 41.321109 ], [ -112.045131, 41.31976 ], [ -112.045152, 41.318673 ], [ -112.045075, 41.315336 ], [ -112.045017, 41.310076 ], [ -112.044905, 41.306527 ], [ -112.044855, 41.306452 ], [ -112.044845, 41.305656 ], [ -112.044844, 41.305521 ], [ -112.044844, 41.30547 ], [ -112.044831, 41.302942 ], [ -112.045376, 41.302911 ], [ -112.045367, 41.299889 ], [ -112.045365, 41.299419 ], [ -112.045236, 41.299418 ], [ -112.045032, 41.299416 ], [ -112.044777, 41.299408 ], [ -112.044772, 41.298959 ], [ -112.044764, 41.298103 ], [ -112.04476, 41.297577 ], [ -112.044763, 41.297054 ], [ -112.04477, 41.296128 ], [ -112.044801, 41.295277 ], [ -112.04487, 41.295214 ], [ -112.044975, 41.293981 ], [ -112.044965, 41.292175 ], [ -112.044975, 41.29057 ], [ -112.044947, 41.289407 ], [ -112.044901, 41.2882 ], [ -112.044887, 41.284933 ], [ -112.044833, 41.279549 ], [ -112.043683, 41.278547 ], [ -112.039922, 41.277833 ], [ -112.037992, 41.276878 ], [ -112.037892, 41.275681 ], [ -112.036695, 41.276223 ], [ -112.035428, 41.275793 ], [ -112.034505, 41.274262 ], [ -112.035097, 41.273871 ], [ -112.03425, 41.273867 ], [ -112.028138, 41.273563 ], [ -112.026387, 41.273554 ], [ -112.026365, 41.274676 ], [ -112.025999, 41.274673 ], [ -112.013256, 41.274557 ], [ -112.011915, 41.274803 ], [ -112.008569, 41.275539 ], [ -112.008548, 41.277616 ], [ -112.008489, 41.27905 ], [ -112.008116, 41.285953 ], [ -112.007387, 41.285957 ], [ -112.005473, 41.285973 ], [ -112.002051, 41.285965 ], [ -112.001384, 41.285836 ], [ -112.000662, 41.285624 ], [ -111.99763, 41.284597 ], [ -111.996533, 41.28423 ], [ -111.996495, 41.284209 ], [ -111.995255, 41.28379 ], [ -111.991868, 41.278175 ], [ -111.991769, 41.277487 ], [ -111.991666, 41.27686 ], [ -111.990572, 41.268034 ], [ -111.990045, 41.266848 ], [ -111.986009, 41.266798 ], [ -111.98387, 41.266761 ], [ -111.982172, 41.266758 ], [ -111.977712, 41.266748 ], [ -111.974374, 41.266666 ], [ -111.972859, 41.266731 ], [ -111.972489, 41.266831 ], [ -111.970637, 41.266826 ], [ -111.969498, 41.266611 ], [ -111.969438, 41.269618 ], [ -111.969444, 41.26967 ], [ -111.969427, 41.269976 ], [ -111.969363, 41.272127 ], [ -111.96936, 41.27294 ], [ -111.969345, 41.274079 ], [ -111.969328, 41.275118 ], [ -111.969293, 41.276794 ], [ -111.969288, 41.277206 ], [ -111.969259, 41.278385 ], [ -111.969234, 41.279901 ], [ -111.969178, 41.282965 ], [ -111.969156, 41.284113 ], [ -111.969133, 41.285252 ], [ -111.96912, 41.285679 ], [ -111.973914, 41.285765 ], [ -111.973902, 41.284975 ], [ -111.976448, 41.285025 ], [ -111.976793, 41.285177 ], [ -111.977545, 41.285006 ], [ -111.978445, 41.284751 ], [ -111.979013, 41.284619 ], [ -111.979049, 41.284885 ], [ -111.97904, 41.284973 ], [ -111.979393, 41.285117 ], [ -111.979852, 41.285374 ], [ -111.980189, 41.285409 ], [ -111.980335, 41.285425 ], [ -111.980629, 41.285378 ], [ -111.981081, 41.28521 ], [ -111.981273, 41.28738 ], [ -111.981784, 41.288673 ], [ -111.98559, 41.288748 ], [ -111.986084, 41.288752 ], [ -111.986043, 41.291957 ], [ -111.980808, 41.291986 ], [ -111.976668, 41.292565 ], [ -111.976629, 41.29473 ], [ -111.977504, 41.294735 ], [ -111.977807, 41.29474 ], [ -111.978039, 41.294744 ], [ -111.97803, 41.295609 ], [ -111.977909, 41.29737 ], [ -111.977892, 41.297774 ], [ -111.981308, 41.297731 ], [ -111.981907, 41.297728 ], [ -111.981705, 41.299936 ], [ -111.981608, 41.300345 ], [ -111.979842, 41.30029 ], [ -111.97861, 41.300292 ], [ -111.978622, 41.304046 ], [ -111.97913, 41.304046 ], [ -111.979639, 41.304046 ], [ -111.979843, 41.304047 ], [ -111.979866, 41.305586 ], [ -111.979861, 41.310328 ], [ -111.980577, 41.310839 ], [ -111.980234, 41.311208 ], [ -111.980729, 41.3115 ], [ -111.980667, 41.312912 ], [ -111.980499, 41.312908 ], [ -111.980495, 41.313548 ], [ -111.980722, 41.316139 ], [ -111.980633, 41.317642 ], [ -111.980494, 41.317594 ], [ -111.979637, 41.319753 ], [ -111.981602, 41.320676 ], [ -111.981213, 41.321158 ], [ -111.981568, 41.321267 ], [ -111.981576, 41.325176 ], [ -111.981017, 41.325108 ], [ -111.976186, 41.325001 ], [ -111.976184, 41.325136 ], [ -111.976172, 41.32793 ], [ -111.97644, 41.330463 ], [ -111.976341, 41.335428 ], [ -111.976367, 41.336719 ], [ -111.976374, 41.337531 ], [ -111.976374, 41.339619 ], [ -111.971543, 41.339487 ], [ -111.971623, 41.340874 ], [ -111.971592, 41.342961 ], [ -111.975791, 41.343113 ], [ -111.986213, 41.343164 ], [ -111.98619, 41.344989 ], [ -111.98691, 41.34566 ], [ -111.979595, 41.344991 ], [ -111.978128, 41.344289 ], [ -111.976476, 41.344572 ], [ -111.976625, 41.350117 ], [ -111.985524, 41.350469 ], [ -111.986569, 41.350378 ], [ -111.98564, 41.352626 ], [ -111.985969, 41.35459 ], [ -111.986468, 41.354926 ], [ -111.982472, 41.356988 ], [ -111.978064, 41.358435 ], [ -111.97666, 41.359699 ], [ -111.973557, 41.361171 ], [ -111.972516, 41.362498 ], [ -111.969996, 41.363727 ], [ -111.967298, 41.36447 ], [ -111.963422, 41.365121 ], [ -111.963247, 41.365489 ], [ -111.965792, 41.3685 ], [ -111.9676, 41.369887 ], [ -111.969159, 41.372099 ], [ -111.97183, 41.37494 ], [ -111.974465, 41.376632 ], [ -111.975308, 41.378393 ], [ -111.974221, 41.382064 ], [ -111.975759, 41.384158 ], [ -111.975159, 41.385226 ], [ -111.973814, 41.385684 ], [ -111.973099, 41.387695 ], [ -111.971273, 41.388903 ], [ -111.96868, 41.391865 ], [ -111.967502, 41.395136 ], [ -111.967713, 41.399314 ], [ -111.967176, 41.404218 ], [ -111.967757, 41.409939 ], [ -111.968772, 41.411047 ], [ -111.969921, 41.412956 ], [ -111.971497, 41.414378 ], [ -111.971986, 41.418288 ], [ -111.972472, 41.420053 ], [ -111.970094, 41.420686 ], [ -111.964831, 41.424615 ], [ -111.963759, 41.425185 ], [ -111.962156, 41.427608 ], [ -111.959491, 41.430964 ], [ -111.959173, 41.433573 ], [ -111.957957, 41.433839 ], [ -111.954939, 41.43209 ], [ -111.953867, 41.429234 ], [ -111.951966, 41.427769 ], [ -111.950212, 41.427248 ], [ -111.949177, 41.426045 ], [ -111.94694, 41.424748 ], [ -111.944719, 41.423929 ], [ -111.943917, 41.422278 ], [ -111.940546, 41.420472 ], [ -111.940031, 41.419202 ], [ -111.938812, 41.418446 ], [ -111.938028, 41.416791 ], [ -111.938285, 41.415878 ], [ -111.934533, 41.415855 ], [ -111.933319, 41.416356 ], [ -111.93154, 41.416163 ], [ -111.929348, 41.414754 ], [ -111.927172, 41.412776 ], [ -111.924843, 41.412696 ], [ -111.923446, 41.413274 ], [ -111.921068, 41.412663 ], [ -111.918294, 41.412361 ], [ -111.916946, 41.41307 ], [ -111.913782, 41.413167 ], [ -111.913533, 41.414133 ], [ -111.910716, 41.414937 ], [ -111.908961, 41.415804 ], [ -111.907501, 41.415797 ], [ -111.905497, 41.414917 ], [ -111.905471, 41.416948 ], [ -111.904122, 41.41877 ], [ -111.901202, 41.419466 ], [ -111.899086, 41.418993 ], [ -111.898061, 41.418015 ], [ -111.89498, 41.41844 ], [ -111.893012, 41.418095 ], [ -111.891498, 41.422786 ], [ -111.890291, 41.424016 ], [ -111.885443, 41.426374 ] ] ] ] } },
{ "type": "Feature", "properties": { "id": 47, "NAME": "47", "TotalPop": 41683, "PopDevPct": -0.04444012, "DemPct": 0.16980861, "RepPct": 0.79110048, "WhitePct": 0.86710846, "MinorityPct": 0.13289154, "BlackPct": 0.00486446, "HispanicPct": 0.0893581, "PacificPct": 0.00338398, "AsianPct": 0.01586238, "NativePct": 0.02164334, "TotalVAP": 28369, "Margin": -0.62129187, "color": "#960018", "opacity": "0.5", "DemPct2": 0.15555322, "RepPct2": 0.80774085, "Margin2": -0.65218763, "Swing": 0.03089576, "R_Margin": -0.4225828196, "R_Margin2": -0.44764050413333334, "R_Swing": 0.025057684533333388, "Majority": "White" }, "geometry": { "type": "MultiPolygon", "coordinates": [ [ [ [ -112.002787, 41.52827 ], [ -111.999043, 41.528291 ], [ -111.968757, 41.528308 ], [ -111.968975, 41.52839 ], [ -111.968428, 41.539411 ], [ -111.968743, 41.544164 ], [ -111.972553, 41.543569 ], [ -111.975435, 41.541902 ], [ -111.976852, 41.539638 ], [ -111.977113, 41.537857 ], [ -111.978265, 41.535017 ], [ -111.981042, 41.534117 ], [ -111.98266, 41.534477 ], [ -111.983896, 41.535921 ], [ -111.98455, 41.538462 ], [ -111.985607, 41.539561 ], [ -111.987111, 41.5426 ], [ -111.987945, 41.543395 ], [ -111.98945, 41.547822 ], [ -111.99164, 41.549617 ], [ -111.991282, 41.550747 ], [ -111.992756, 41.555013 ], [ -111.993986, 41.556249 ], [ -111.996606, 41.557572 ], [ -111.996362, 41.56103 ], [ -111.994514, 41.562514 ], [ -111.994828, 41.563461 ], [ -111.994107, 41.566125 ], [ -111.995436, 41.568698 ], [ -111.997169, 41.570606 ], [ -111.998959, 41.57196 ], [ -111.998957, 41.574563 ], [ -111.999436, 41.575976 ], [ -112.000078, 41.576475 ], [ -111.999661, 41.577871 ], [ -112.000402, 41.579626 ], [ -112.001707, 41.580939 ], [ -112.002545, 41.584878 ], [ -112.003652, 41.586141 ], [ -112.003858, 41.587468 ], [ -112.00533, 41.590707 ], [ -112.006705, 41.591893 ], [ -112.006348, 41.592504 ], [ -112.006369, 41.597782 ], [ -112.007721, 41.59977 ], [ -112.007544, 41.601094 ], [ -112.004486, 41.605986 ], [ -112.003686, 41.609534 ], [ -112.003674, 41.612516 ], [ -112.006148, 41.614352 ], [ -112.005941, 41.616067 ], [ -112.006202, 41.620175 ], [ -112.007707, 41.623522 ], [ -112.007252, 41.624931 ], [ -112.007078, 41.627499 ], [ -112.004528, 41.629444 ], [ -112.005988, 41.631891 ], [ -112.008131, 41.633417 ], [ -112.010461, 41.633983 ], [ -112.013253, 41.635785 ], [ -112.013027, 41.637472 ], [ -112.013812, 41.638864 ], [ -112.01552, 41.641809 ], [ -112.013788, 41.643914 ], [ -112.014042, 41.644991 ], [ -112.012742, 41.648067 ], [ -112.015345, 41.655141 ], [ -112.015874, 41.658275 ], [ -112.018181, 41.662514 ], [ -112.018743, 41.663556 ], [ -112.02049, 41.664544 ], [ -112.023328, 41.667383 ], [ -112.025191, 41.66869 ], [ -112.027517, 41.671759 ], [ -112.027371, 41.673648 ], [ -112.028567, 41.676951 ], [ -112.029882, 41.678752 ], [ -112.030904, 41.681839 ], [ -112.036626, 41.682796 ], [ -112.039058, 41.684576 ], [ -112.041309, 41.685623 ], [ -112.04299, 41.685923 ], [ -112.045072, 41.68685 ], [ -112.046269, 41.688041 ], [ -112.047679, 41.69205 ], [ -112.047491, 41.693029 ], [ -112.04929, 41.694629 ], [ -112.049183, 41.696549 ], [ -112.051737, 41.699552 ], [ -112.051146, 41.702741 ], [ -112.051664, 41.703921 ], [ -112.049936, 41.706301 ], [ -112.04519, 41.708627 ], [ -112.042792, 41.710433 ], [ -112.04316, 41.712028 ], [ -112.045141, 41.716316 ], [ -112.045472, 41.718577 ], [ -112.044862, 41.721744 ], [ -112.044639, 41.724651 ], [ -112.045025, 41.727354 ], [ -112.044163, 41.730195 ], [ -112.042933, 41.730863 ], [ -112.042804, 41.732779 ], [ -112.043992, 41.734848 ], [ -112.043222, 41.737062 ], [ -112.042236, 41.738485 ], [ -112.038239, 41.742433 ], [ -112.037209, 41.743372 ], [ -112.037136, 41.74521 ], [ -112.035225, 41.748632 ], [ -112.033869, 41.749653 ], [ -112.032421, 41.754183 ], [ -112.032316, 41.756587 ], [ -112.032605, 41.757197 ], [ -112.03171, 41.758908 ], [ -112.031386, 41.759528 ], [ -112.032771, 41.761513 ], [ -112.033132, 41.766309 ], [ -112.033171, 41.766824 ], [ -112.02786, 41.771773 ], [ -112.026323, 41.772692 ], [ -112.025929, 41.773975 ], [ -112.026323, 41.775423 ], [ -112.026371, 41.776412 ], [ -112.021913, 41.778797 ], [ -112.019949, 41.780049 ], [ -112.017386, 41.780829 ], [ -112.014274, 41.780721 ], [ -112.013055, 41.782398 ], [ -112.011717, 41.784981 ], [ -112.011682, 41.786203 ], [ -112.010418, 41.787726 ], [ -112.009532, 41.79026 ], [ -112.009565, 41.792737 ], [ -112.008789, 41.795077 ], [ -112.010292, 41.796905 ], [ -112.012243, 41.798527 ], [ -112.014418, 41.801683 ], [ -112.018188, 41.804568 ], [ -112.020958, 41.805723 ], [ -112.022785, 41.805585 ], [ -112.023871, 41.806472 ], [ -112.027417, 41.806936 ], [ -112.029718, 41.8085 ], [ -112.030483, 41.810047 ], [ -112.029612, 41.811311 ], [ -112.029499, 41.812901 ], [ -112.030936, 41.815501 ], [ -112.028302, 41.819135 ], [ -112.029585, 41.821172 ], [ -112.031095, 41.821705 ], [ -112.033207, 41.823722 ], [ -112.034811, 41.823925 ], [ -112.035441, 41.827257 ], [ -112.036747, 41.827389 ], [ -112.03826, 41.828315 ], [ -112.038156, 41.829721 ], [ -112.038776, 41.830381 ], [ -112.043097, 41.837144 ], [ -112.043347, 41.837568 ], [ -112.043618, 41.837968 ], [ -112.046154, 41.842036 ], [ -112.045857, 41.843355 ], [ -112.046791, 41.846095 ], [ -112.047425, 41.847193 ], [ -112.048021, 41.847915 ], [ -112.046582, 41.850783 ], [ -112.048583, 41.853944 ], [ -112.049352, 41.856374 ], [ -112.05009, 41.856957 ], [ -112.049651, 41.85846 ], [ -112.051098, 41.859632 ], [ -112.052683, 41.863004 ], [ -112.051537, 41.864392 ], [ -112.052863, 41.866231 ], [ -112.055399, 41.865843 ], [ -112.058587, 41.868484 ], [ -112.063982, 41.867952 ], [ -112.064573, 41.870447 ], [ -112.064384, 41.873433 ], [ -112.063697, 41.875061 ], [ -112.065729, 41.877187 ], [ -112.065617, 41.878191 ], [ -112.067974, 41.881867 ], [ -112.071454, 41.88491 ], [ -112.072255, 41.886143 ], [ -112.073364, 41.88636 ], [ -112.074836, 41.888215 ], [ -112.075903, 41.891232 ], [ -112.077964, 41.892485 ], [ -112.079255, 41.894111 ], [ -112.07939, 41.896063 ], [ -112.080899, 41.897723 ], [ -112.081476, 41.898901 ], [ -112.083361, 41.900327 ], [ -112.084593, 41.902094 ], [ -112.085494, 41.903311 ], [ -112.08751, 41.904592 ], [ -112.091814, 41.906005 ], [ -112.093109, 41.907006 ], [ -112.095605, 41.907343 ], [ -112.098921, 41.908779 ], [ -112.10064, 41.909893 ], [ -112.105154, 41.910863 ], [ -112.106982, 41.912792 ], [ -112.10792, 41.914486 ], [ -112.108589, 41.916172 ], [ -112.111248, 41.917023 ], [ -112.114867, 41.919465 ], [ -112.116824, 41.922125 ], [ -112.118364, 41.923437 ], [ -112.118267, 41.923994 ], [ -112.119799, 41.926026 ], [ -112.121924, 41.928171 ], [ -112.122852, 41.930219 ], [ -112.12242, 41.930809 ], [ -112.124222, 41.934487 ], [ -112.123909, 41.936149 ], [ -112.124514, 41.938303 ], [ -112.124381, 41.940946 ], [ -112.125119, 41.943048 ], [ -112.126598, 41.94532 ], [ -112.12783, 41.946173 ], [ -112.12912, 41.948895 ], [ -112.128575, 41.950106 ], [ -112.129257, 41.95087 ], [ -112.130119, 41.951295 ], [ -112.132228, 41.954042 ], [ -112.132216, 41.954758 ], [ -112.134021, 41.957537 ], [ -112.134179, 41.958981 ], [ -112.135559, 41.960251 ], [ -112.137426, 41.962772 ], [ -112.137518, 41.963812 ], [ -112.138721, 41.964304 ], [ -112.142786, 41.963566 ], [ -112.14456, 41.967268 ], [ -112.146086, 41.968239 ], [ -112.148011, 41.96858 ], [ -112.150877, 41.970564 ], [ -112.150611, 41.971535 ], [ -112.151344, 41.974423 ], [ -112.152272, 41.975621 ], [ -112.152281, 41.977805 ], [ -112.153819, 41.980036 ], [ -112.154152, 41.983496 ], [ -112.153841, 41.985012 ], [ -112.155648, 41.987832 ], [ -112.156824, 41.989824 ], [ -112.157875, 41.99142 ], [ -112.159841, 41.992693 ], [ -112.163181, 41.993416 ], [ -112.16434, 41.994084 ], [ -112.164739, 41.995098 ], [ -112.166108, 41.996007 ], [ -112.162428, 41.997968 ], [ -112.160248, 41.997807 ], [ -112.159184, 41.998382 ], [ -112.173148, 42.001515 ], [ -112.189751, 42.001133 ], [ -112.198496, 42.001164 ], [ -112.201546, 42.001163 ], [ -112.21743, 42.001168 ], [ -112.226839, 42.001167 ], [ -112.2364, 42.001167 ], [ -112.239048, 42.001166 ], [ -112.241266, 42.001166 ], [ -112.264579, 42.001211 ], [ -112.268141, 42.001141 ], [ -112.286995, 42.001025 ], [ -112.313897, 42.001065 ], [ -112.363979, 42.001058 ], [ -112.3849, 42.000961 ], [ -112.44068, 42.000776 ], [ -112.455113, 42.000748 ], [ -112.509275, 42.00077 ], [ -112.540345, 42.000672 ], [ -112.582167, 42.000532 ], [ -112.589329, 42.000467 ], [ -112.637897, 42.000295 ], [ -112.648369, 42.000296 ], [ -112.687027, 42.000188 ], [ -112.700508, 42.000159 ], [ -112.705684, 42.000151 ], [ -112.709791, 42.000084 ], [ -112.745871, 41.9999 ], [ -112.78175, 41.999769 ], [ -112.810741, 41.999537 ], [ -112.832528, 41.999421 ], [ -112.843483, 41.999353 ], [ -112.859059, 41.999211 ], [ -112.882288, 41.999089 ], [ -112.891746, 41.999021 ], [ -112.90209, 41.998968 ], [ -112.908962, 41.998872 ], [ -112.937572, 41.99862 ], [ -112.944685, 41.998673 ], [ -112.951211, 41.998557 ], [ -112.979408, 41.99832 ], [ -113.000824, 41.998199 ], [ -113.07532, 41.997563 ], [ -113.116503, 41.99718 ], [ -113.14113, 41.996953 ], [ -113.156407, 41.996801 ], [ -113.169721, 41.996684 ], [ -113.191788, 41.996481 ], [ -113.205005, 41.996366 ], [ -113.237405, 41.996089 ], [ -113.271334, 41.995733 ], [ -113.29164, 41.99551 ], [ -113.31559, 41.995189 ], [ -113.341108, 41.994859 ], [ -113.35951, 41.994676 ], [ -113.396274, 41.994253 ], [ -113.40591, 41.994154 ], [ -113.421675, 41.993979 ], [ -113.454122, 41.993731 ], [ -113.46657, 41.993463 ], [ -113.484696, 41.993215 ], [ -113.495505, 41.993103 ], [ -113.514938, 41.992865 ], [ -113.554423, 41.992393 ], [ -113.564382, 41.99226 ], [ -113.579308, 41.992048 ], [ -113.599126, 41.991791 ], [ -113.626613, 41.99144 ], [ -113.639985, 41.991263 ], [ -113.649247, 41.991165 ], [ -113.672463, 41.990855 ], [ -113.694773, 41.990509 ], [ -113.752589, 41.989637 ], [ -113.776726, 41.989271 ], [ -113.814884, 41.988654 ], [ -113.830611, 41.988607 ], [ -113.863567, 41.988226 ], [ -113.873349, 41.988182 ], [ -113.895206, 41.988418 ], [ -113.901578, 41.988552 ], [ -113.914477, 41.989123 ], [ -113.932742, 41.989966 ], [ -113.963243, 41.991605 ], [ -113.96748, 41.991844 ], [ -113.990091, 41.993095 ], [ -113.996682, 41.993148 ], [ -114.041477, 41.993873 ], [ -114.041374, 41.977717 ], [ -114.040218, 41.949878 ], [ -114.040384, 41.935825 ], [ -114.040304, 41.926547 ], [ -114.039951, 41.903939 ], [ -114.039978, 41.891345 ], [ -114.04042, 41.876987 ], [ -114.040289, 41.864656 ], [ -114.040315, 41.859407 ], [ -114.040375, 41.84801 ], [ -114.039888, 41.833632 ], [ -114.039891, 41.829319 ], [ -114.040177, 41.775203 ], [ -114.040119, 41.77411 ], [ -114.039879, 41.753266 ], [ -114.039707, 41.740817 ], [ -114.039863, 41.733129 ], [ -114.039783, 41.725998 ], [ -114.039463, 41.719178 ], [ -114.03972, 41.711839 ], [ -114.039824, 41.702422 ], [ -114.039802, 41.661217 ], [ -114.039753, 41.648917 ], [ -114.039799, 41.633212 ], [ -114.040121, 41.606945 ], [ -114.040348, 41.581797 ], [ -114.040486, 41.570273 ], [ -114.040715, 41.534082 ], [ -114.040735, 41.526208 ], [ -114.040359, 41.495807 ], [ -114.040289, 41.486183 ], [ -114.040413, 41.464654 ], [ -114.04047, 41.425736 ], [ -114.040495, 41.407568 ], [ -114.040534, 41.394877 ], [ -114.040546, 41.391346 ], [ -114.040598, 41.368202 ], [ -114.04057, 41.360009 ], [ -114.040528, 41.34197 ], [ -114.040566, 41.334139 ], [ -114.040742, 41.303121 ], [ -114.040923, 41.28635 ], [ -114.04099, 41.270791 ], [ -114.041166, 41.254145 ], [ -114.041297, 41.222508 ], [ -114.041369, 41.191271 ], [ -114.041229, 41.153683 ], [ -114.041502, 41.136496 ], [ -114.04157, 41.123425 ], [ -114.041521, 41.103928 ], [ -114.041695, 41.055791 ], [ -114.041861, 41.023749 ], [ -114.041819, 41.019505 ], [ -114.042029, 40.999896 ], [ -114.028393, 40.999958 ], [ -113.990438, 40.999926 ], [ -113.982969, 40.999926 ], [ -113.980166, 40.999925 ], [ -113.973835, 40.999926 ], [ -113.961623, 40.999926 ], [ -113.887239, 40.999926 ], [ -113.836338, 40.999927 ], [ -113.750075, 40.999927 ], [ -113.625834, 40.999927 ], [ -113.61186, 40.999928 ], [ -113.578231, 40.999928 ], [ -113.500829, 40.999929 ], [ -113.397161, 40.99993 ], [ -113.380723, 40.999933 ], [ -113.343561, 40.999924 ], [ -113.266321, 40.999931 ], [ -113.201698, 40.99993 ], [ -113.143093, 40.999931 ], [ -113.129382, 40.999931 ], [ -113.117826, 40.999928 ], [ -113.073446, 40.999932 ], [ -113.04064, 40.999932 ], [ -113.017805, 40.999932 ], [ -112.950391, 40.999932 ], [ -112.916529, 40.999933 ], [ -112.901694, 40.999933 ], [ -112.859941, 40.999933 ], [ -112.848938, 40.999933 ], [ -112.799359, 40.999939 ], [ -112.780821, 41.004662 ], [ -112.761233, 41.009614 ], [ -112.750805, 41.012184 ], [ -112.748605, 41.012934 ], [ -112.663586, 41.03428 ], [ -112.6258, 41.043735 ], [ -112.536796, 41.066036 ], [ -112.500794, 41.075086 ], [ -112.493515, 41.076888 ], [ -112.481816, 41.08879 ], [ -112.454593, 41.11659 ], [ -112.393569, 41.178764 ], [ -112.375784, 41.196888 ], [ -112.368942, 41.203916 ], [ -112.355604, 41.217628 ], [ -112.339813, 41.233606 ], [ -112.339677, 41.233748 ], [ -112.309048, 41.264794 ], [ -112.308572, 41.265273 ], [ -112.279655, 41.294627 ], [ -112.275843, 41.298498 ], [ -112.252732, 41.321954 ], [ -112.238065, 41.336552 ], [ -112.197892, 41.336684 ], [ -112.133181, 41.336872 ], [ -112.131689, 41.336873 ], [ -112.131272, 41.336871 ], [ -112.128631, 41.341921 ], [ -112.130538, 41.342234 ], [ -112.131996, 41.343049 ], [ -112.132917, 41.34475 ], [ -112.132995, 41.34676 ], [ -112.13295, 41.374944 ], [ -112.132859, 41.376858 ], [ -112.13234, 41.378792 ], [ -112.131256, 41.379794 ], [ -112.125778, 41.383369 ], [ -112.068253, 41.419883 ], [ -112.066539, 41.420399 ], [ -112.063525, 41.420531 ], [ -112.063521, 41.422478 ], [ -112.063523, 41.439255 ], [ -112.057989, 41.439364 ], [ -112.057024, 41.439379 ], [ -112.056888, 41.441039 ], [ -112.057465, 41.44165 ], [ -112.057392, 41.443143 ], [ -112.058413, 41.443175 ], [ -112.057883, 41.448604 ], [ -112.063779, 41.448619 ], [ -112.063788, 41.450956 ], [ -112.066643, 41.450968 ], [ -112.07825, 41.451016 ], [ -112.078175, 41.45937 ], [ -112.063771, 41.459344 ], [ -112.063791, 41.466272 ], [ -112.063955, 41.475958 ], [ -112.064073, 41.484166 ], [ -112.059291, 41.484431 ], [ -112.060564, 41.486204 ], [ -112.059872, 41.486738 ], [ -112.057552, 41.486827 ], [ -112.056051, 41.489015 ], [ -112.054293, 41.488793 ], [ -112.055223, 41.491138 ], [ -112.053419, 41.491643 ], [ -112.05295, 41.489108 ], [ -112.053075, 41.485675 ], [ -112.052911, 41.485685 ], [ -112.04465, 41.486169 ], [ -112.044248, 41.484568 ], [ -112.044555, 41.480995 ], [ -112.040124, 41.480994 ], [ -112.04011, 41.483908 ], [ -112.034945, 41.483822 ], [ -112.034938, 41.484551 ], [ -112.028398, 41.484545 ], [ -112.023593, 41.484564 ], [ -112.017099, 41.484625 ], [ -112.016506, 41.485853 ], [ -112.016313, 41.486559 ], [ -112.016138, 41.488902 ], [ -112.016128, 41.490123 ], [ -112.016076, 41.492555 ], [ -112.016048, 41.49413 ], [ -112.016017, 41.495967 ], [ -112.01597, 41.49839 ], [ -112.015921, 41.500725 ], [ -112.015874, 41.503129 ], [ -112.015833, 41.504762 ], [ -112.015819, 41.5061 ], [ -112.015769, 41.508142 ], [ -112.015737, 41.510091 ], [ -112.015731, 41.510404 ], [ -112.015675, 41.512864 ], [ -112.01415, 41.512839 ], [ -112.012536, 41.512821 ], [ -112.011004, 41.512802 ], [ -112.009394, 41.51278 ], [ -112.007874, 41.512759 ], [ -112.007698, 41.512757 ], [ -112.006187, 41.512744 ], [ -112.004788, 41.512725 ], [ -112.00404, 41.512718 ], [ -112.002795, 41.512698 ], [ -112.001493, 41.512679 ], [ -112.00147, 41.513754 ], [ -112.001487, 41.515251 ], [ -112.001492, 41.515911 ], [ -112.001498, 41.516611 ], [ -112.001503, 41.51738 ], [ -112.002218, 41.517372 ], [ -112.002238, 41.518145 ], [ -112.001725, 41.518149 ], [ -112.001709, 41.518963 ], [ -112.001708, 41.519793 ], [ -112.001904, 41.520496 ], [ -112.002332, 41.520943 ], [ -112.001999, 41.52179 ], [ -112.002632, 41.522314 ], [ -112.004041, 41.524414 ], [ -112.002974, 41.524397 ], [ -112.001688, 41.52461 ], [ -112.001142, 41.524917 ], [ -112.001628, 41.526618 ], [ -112.001723, 41.526868 ], [ -112.002787, 41.52827 ] ] ] ] } },
{ "type": "Feature", "properties": { "id": 48, "NAME": "48", "TotalPop": 45616, "PopDevPct": 0.04572175, "DemPct": 0.32869242, "RepPct": 0.64523859, "WhitePct": 0.85640307, "MinorityPct": 0.14359693, "BlackPct": 0.01192027, "HispanicPct": 0.06735279, "PacificPct": 0.00791428, "AsianPct": 0.04087415, "NativePct": 0.01341845, "TotalVAP": 30704, "Margin": -0.31654617, "color": "#960018", "opacity": "0.5", "DemPct2": 0.32612829, "RepPct2": 0.63568358, "Margin2": -0.30955529, "Swing": -0.0069908799999999216, "R_Margin": -0.1178371196, "R_Margin2": -0.10500816413333339, "R_Swing": -0.012828955466666585, "Majority": "White" }, "geometry": { "type": "MultiPolygon", "coordinates": [ [ [ [ -111.877599, 40.500673 ], [ -111.881801, 40.50068 ], [ -111.88476, 40.500683 ], [ -111.884853, 40.500683 ], [ -111.889171, 40.500678 ], [ -111.890462, 40.500039 ], [ -111.890944, 40.500023 ], [ -111.890924, 40.497064 ], [ -111.891145, 40.492504 ], [ -111.892249, 40.490387 ], [ -111.893588, 40.489014 ], [ -111.896328, 40.4863 ], [ -111.898749, 40.483911 ], [ -111.899002, 40.484125 ], [ -111.900561, 40.485423 ], [ -111.902969, 40.486155 ], [ -111.905536, 40.486154 ], [ -111.905534, 40.486933 ], [ -111.905526, 40.489787 ], [ -111.915058, 40.489763 ], [ -111.915042, 40.495571 ], [ -111.915044, 40.496793 ], [ -111.915045, 40.496947 ], [ -111.920048, 40.4969 ], [ -111.919246, 40.49855 ], [ -111.917599, 40.500001 ], [ -111.917575, 40.500576 ], [ -111.929231, 40.500503 ], [ -111.930938, 40.500508 ], [ -111.931442, 40.498682 ], [ -111.933079, 40.499593 ], [ -111.93523, 40.500368 ], [ -111.938711, 40.500713 ], [ -111.944445, 40.500854 ], [ -111.944663, 40.500844 ], [ -111.944663, 40.500669 ], [ -111.944664, 40.50049 ], [ -111.94469, 40.497753 ], [ -111.946794, 40.497758 ], [ -111.946788, 40.499285 ], [ -111.948253, 40.499898 ], [ -111.948243, 40.500203 ], [ -111.948238, 40.500389 ], [ -111.948237, 40.50055 ], [ -111.948503, 40.500507 ], [ -111.953547, 40.500515 ], [ -111.957709, 40.50052 ], [ -111.961091, 40.500529 ], [ -111.964179, 40.500886 ], [ -111.971726, 40.500978 ], [ -111.974526, 40.501559 ], [ -111.976726, 40.502502 ], [ -111.976742, 40.500504 ], [ -111.980695, 40.500509 ], [ -111.982685, 40.500511 ], [ -111.986235, 40.500511 ], [ -111.988647, 40.500504 ], [ -111.990324, 40.500483 ], [ -111.991597, 40.500474 ], [ -111.991963, 40.498684 ], [ -111.989997, 40.496153 ], [ -111.987744, 40.494023 ], [ -111.985161, 40.492564 ], [ -111.983125, 40.492504 ], [ -111.981745, 40.491247 ], [ -111.981019, 40.489483 ], [ -111.980484, 40.488699 ], [ -111.978917, 40.486658 ], [ -111.979119, 40.485857 ], [ -111.974541, 40.484142 ], [ -111.97323, 40.483022 ], [ -111.971225, 40.479428 ], [ -111.96975, 40.478619 ], [ -111.967383, 40.477348 ], [ -111.963999, 40.474043 ], [ -111.960065, 40.472555 ], [ -111.956333, 40.471941 ], [ -111.95508, 40.47149 ], [ -111.948435, 40.471416 ], [ -111.946762, 40.47142 ], [ -111.943852, 40.464891 ], [ -111.942806, 40.462654 ], [ -111.933352, 40.44246 ], [ -111.933337, 40.442428 ], [ -111.938652, 40.442345 ], [ -111.938599, 40.437652 ], [ -111.938564, 40.435209 ], [ -111.936703, 40.435214 ], [ -111.936386, 40.434094 ], [ -111.938144, 40.429568 ], [ -111.930784, 40.433759 ], [ -111.929657, 40.434719 ], [ -111.923607, 40.439588 ], [ -111.921933, 40.440932 ], [ -111.921665, 40.441147 ], [ -111.921038, 40.441651 ], [ -111.920943, 40.441727 ], [ -111.920815, 40.441829 ], [ -111.91912, 40.443191 ], [ -111.91768, 40.446015 ], [ -111.914854, 40.452238 ], [ -111.913664, 40.45244 ], [ -111.913313, 40.452523 ], [ -111.913104, 40.45254 ], [ -111.908175, 40.453295 ], [ -111.906772, 40.454664 ], [ -111.900881, 40.463451 ], [ -111.896288, 40.463765 ], [ -111.893612, 40.46371 ], [ -111.891747, 40.464441 ], [ -111.891052, 40.466324 ], [ -111.889693, 40.466605 ], [ -111.887011, 40.468072 ], [ -111.886354, 40.469652 ], [ -111.884779, 40.471017 ], [ -111.883148, 40.471651 ], [ -111.872789, 40.471734 ], [ -111.872576, 40.471736 ], [ -111.872616, 40.464437 ], [ -111.867522, 40.464437 ], [ -111.860173, 40.464436 ], [ -111.863003, 40.460766 ], [ -111.864183, 40.456659 ], [ -111.866744, 40.453654 ], [ -111.866868, 40.451228 ], [ -111.866592, 40.450071 ], [ -111.866601, 40.449288 ], [ -111.863582, 40.445997 ], [ -111.859769, 40.444685 ], [ -111.859374, 40.446209 ], [ -111.856692, 40.446212 ], [ -111.849844, 40.446207 ], [ -111.849669, 40.442562 ], [ -111.840272, 40.442569 ], [ -111.840267, 40.444099 ], [ -111.840281, 40.444382 ], [ -111.835947, 40.445308 ], [ -111.83596, 40.449881 ], [ -111.83074, 40.449964 ], [ -111.830707, 40.446787 ], [ -111.828003, 40.447291 ], [ -111.825972, 40.448778 ], [ -111.82238, 40.450865 ], [ -111.820398, 40.451688 ], [ -111.816323, 40.453267 ], [ -111.811739, 40.454806 ], [ -111.811574, 40.457621 ], [ -111.80949, 40.457627 ], [ -111.809498, 40.459588 ], [ -111.809499, 40.45971 ], [ -111.808718, 40.459712 ], [ -111.808305, 40.460265 ], [ -111.808277, 40.460344 ], [ -111.808239, 40.46039 ], [ -111.808186, 40.460428 ], [ -111.808114, 40.460455 ], [ -111.80804, 40.460465 ], [ -111.807961, 40.460458 ], [ -111.807788, 40.4604 ], [ -111.807524, 40.460188 ], [ -111.807425, 40.460109 ], [ -111.8074, 40.460108 ], [ -111.806193, 40.460452 ], [ -111.806007, 40.460505 ], [ -111.805935, 40.460526 ], [ -111.807195, 40.464698 ], [ -111.803869, 40.464701 ], [ -111.802166, 40.464698 ], [ -111.802158, 40.462168 ], [ -111.802183, 40.461067 ], [ -111.800931, 40.461084 ], [ -111.798711, 40.461088 ], [ -111.797801, 40.460227 ], [ -111.797794, 40.456815 ], [ -111.797471, 40.456424 ], [ -111.79738, 40.450976 ], [ -111.797374, 40.450447 ], [ -111.797321, 40.45041 ], [ -111.797316, 40.447515 ], [ -111.797353, 40.447412 ], [ -111.79738, 40.447321 ], [ -111.797442, 40.447139 ], [ -111.797481, 40.447049 ], [ -111.797527, 40.446959 ], [ -111.797584, 40.44687 ], [ -111.797718, 40.446725 ], [ -111.797735, 40.446707 ], [ -111.797831, 40.446638 ], [ -111.797902, 40.446599 ], [ -111.798052, 40.446521 ], [ -111.79802, 40.446453 ], [ -111.796436, 40.443924 ], [ -111.796308, 40.441362 ], [ -111.796305, 40.440622 ], [ -111.796302, 40.439575 ], [ -111.796301, 40.439309 ], [ -111.787827, 40.439339 ], [ -111.787826, 40.440151 ], [ -111.784374, 40.440132 ], [ -111.784413, 40.439711 ], [ -111.784461, 40.439179 ], [ -111.780703, 40.439093 ], [ -111.779998, 40.439361 ], [ -111.773497, 40.439382 ], [ -111.763932, 40.439413 ], [ -111.763934, 40.439201 ], [ -111.76091, 40.439199 ], [ -111.760422, 40.437424 ], [ -111.760268, 40.437418 ], [ -111.754357, 40.437428 ], [ -111.754359, 40.439137 ], [ -111.754365, 40.442989 ], [ -111.752739, 40.442981 ], [ -111.744849, 40.442944 ], [ -111.744937, 40.435696 ], [ -111.744929, 40.43353 ], [ -111.738332, 40.433575 ], [ -111.731309, 40.435559 ], [ -111.728007, 40.436183 ], [ -111.724334, 40.437577 ], [ -111.721943, 40.438235 ], [ -111.719219, 40.440083 ], [ -111.715318, 40.441191 ], [ -111.713002, 40.441698 ], [ -111.710309, 40.443056 ], [ -111.709133, 40.443199 ], [ -111.706915, 40.443825 ], [ -111.703467, 40.443907 ], [ -111.699452, 40.444546 ], [ -111.690759, 40.446644 ], [ -111.687927, 40.446683 ], [ -111.681746, 40.448075 ], [ -111.675852, 40.448721 ], [ -111.667909, 40.451013 ], [ -111.662237, 40.453734 ], [ -111.660728, 40.453442 ], [ -111.659046, 40.452498 ], [ -111.655035, 40.451382 ], [ -111.651318, 40.449266 ], [ -111.648308, 40.449822 ], [ -111.646908, 40.44947 ], [ -111.643333, 40.447813 ], [ -111.642201, 40.446146 ], [ -111.641217, 40.445632 ], [ -111.640515, 40.446198 ], [ -111.642376, 40.448393 ], [ -111.644449, 40.450227 ], [ -111.643855, 40.45046 ], [ -111.641786, 40.449236 ], [ -111.641282, 40.448167 ], [ -111.638654, 40.4471 ], [ -111.639044, 40.445965 ], [ -111.638178, 40.445025 ], [ -111.634755, 40.442593 ], [ -111.633114, 40.440535 ], [ -111.633463, 40.438895 ], [ -111.635388, 40.437887 ], [ -111.63567, 40.436015 ], [ -111.635376, 40.433228 ], [ -111.633872, 40.434293 ], [ -111.632682, 40.436516 ], [ -111.630539, 40.436505 ], [ -111.630671, 40.435035 ], [ -111.628722, 40.43549 ], [ -111.627221, 40.438751 ], [ -111.623937, 40.439973 ], [ -111.621944, 40.438858 ], [ -111.622096, 40.441141 ], [ -111.62153, 40.441401 ], [ -111.619777, 40.438548 ], [ -111.618131, 40.437329 ], [ -111.615518, 40.434823 ], [ -111.615223, 40.432604 ], [ -111.614056, 40.431166 ], [ -111.611734, 40.431466 ], [ -111.61258, 40.43288 ], [ -111.613957, 40.433573 ], [ -111.615977, 40.436467 ], [ -111.617329, 40.437688 ], [ -111.617986, 40.439773 ], [ -111.616035, 40.44262 ], [ -111.615822, 40.444146 ], [ -111.617281, 40.446361 ], [ -111.617203, 40.447141 ], [ -111.618471, 40.449026 ], [ -111.620968, 40.449653 ], [ -111.620725, 40.451322 ], [ -111.619497, 40.453313 ], [ -111.620447, 40.454732 ], [ -111.620132, 40.455499 ], [ -111.61829, 40.45643 ], [ -111.617394, 40.456338 ], [ -111.614889, 40.457518 ], [ -111.614668, 40.459192 ], [ -111.611683, 40.461331 ], [ -111.611374, 40.462236 ], [ -111.610099, 40.462971 ], [ -111.609959, 40.465196 ], [ -111.609484, 40.466325 ], [ -111.60635, 40.467331 ], [ -111.603006, 40.466782 ], [ -111.601222, 40.467383 ], [ -111.597634, 40.466838 ], [ -111.594867, 40.467708 ], [ -111.592134, 40.470364 ], [ -111.588955, 40.472326 ], [ -111.587958, 40.473679 ], [ -111.586794, 40.475172 ], [ -111.584123, 40.476955 ], [ -111.58378, 40.479633 ], [ -111.581409, 40.480242 ], [ -111.578639, 40.481985 ], [ -111.578311, 40.483505 ], [ -111.575993, 40.486114 ], [ -111.575028, 40.486526 ], [ -111.574568, 40.488293 ], [ -111.574435, 40.493005 ], [ -111.575918, 40.495578 ], [ -111.577702, 40.496692 ], [ -111.579041, 40.499522 ], [ -111.579126, 40.500356 ], [ -111.575629, 40.502749 ], [ -111.575534, 40.506869 ], [ -111.574852, 40.508491 ], [ -111.575362, 40.509731 ], [ -111.575536, 40.513655 ], [ -111.57543, 40.516407 ], [ -111.571549, 40.520045 ], [ -111.571348, 40.522302 ], [ -111.570706, 40.524765 ], [ -111.569766, 40.52684 ], [ -111.570764, 40.52932 ], [ -111.570453, 40.531087 ], [ -111.570961, 40.5327 ], [ -111.570715, 40.533423 ], [ -111.570677, 40.533458 ], [ -111.570423, 40.534696 ], [ -111.5716, 40.535579 ], [ -111.572609, 40.537745 ], [ -111.571291, 40.538958 ], [ -111.570734, 40.540397 ], [ -111.571251, 40.543301 ], [ -111.570021, 40.545023 ], [ -111.568156, 40.546181 ], [ -111.567801, 40.54748 ], [ -111.570185, 40.550865 ], [ -111.571857, 40.551251 ], [ -111.575173, 40.554351 ], [ -111.577219, 40.557673 ], [ -111.577996, 40.558337 ], [ -111.579653, 40.561135 ], [ -111.580588, 40.564652 ], [ -111.581553, 40.566406 ], [ -111.583656, 40.568102 ], [ -111.586146, 40.568941 ], [ -111.588971, 40.570924 ], [ -111.591861, 40.573081 ], [ -111.591946, 40.575032 ], [ -111.593879, 40.577063 ], [ -111.593892, 40.577065 ], [ -111.593942, 40.577066 ], [ -111.598079, 40.577908 ], [ -111.601266, 40.576251 ], [ -111.602631, 40.574539 ], [ -111.602602, 40.572715 ], [ -111.601818, 40.570649 ], [ -111.602616, 40.567973 ], [ -111.605812, 40.564407 ], [ -111.609135, 40.565212 ], [ -111.61071, 40.565883 ], [ -111.612626, 40.565267 ], [ -111.620253, 40.565184 ], [ -111.627823, 40.566294 ], [ -111.630356, 40.56694 ], [ -111.633823, 40.567547 ], [ -111.634653, 40.568107 ], [ -111.637524, 40.568115 ], [ -111.638084, 40.567753 ], [ -111.639224, 40.565611 ], [ -111.640882, 40.563625 ], [ -111.642425, 40.561876 ], [ -111.644817, 40.560886 ], [ -111.645556, 40.559941 ], [ -111.646475, 40.556071 ], [ -111.648648, 40.554274 ], [ -111.650251, 40.551134 ], [ -111.656599, 40.55186 ], [ -111.658544, 40.551306 ], [ -111.661874, 40.549674 ], [ -111.661206, 40.547362 ], [ -111.664099, 40.541219 ], [ -111.667855, 40.539959 ], [ -111.670965, 40.538274 ], [ -111.672242, 40.538078 ], [ -111.673336, 40.537202 ], [ -111.673854, 40.535598 ], [ -111.67532, 40.533026 ], [ -111.678462, 40.53171 ], [ -111.681314, 40.532986 ], [ -111.684626, 40.531309 ], [ -111.688, 40.532131 ], [ -111.690445, 40.53327 ], [ -111.693605, 40.53394 ], [ -111.698113, 40.535728 ], [ -111.699706, 40.534398 ], [ -111.701637, 40.533591 ], [ -111.705911, 40.533621 ], [ -111.707638, 40.533021 ], [ -111.711125, 40.532486 ], [ -111.713141, 40.532695 ], [ -111.71403, 40.53187 ], [ -111.716364, 40.527641 ], [ -111.720305, 40.525181 ], [ -111.72175, 40.525324 ], [ -111.723732, 40.526392 ], [ -111.726597, 40.528635 ], [ -111.726825, 40.529313 ], [ -111.729017, 40.529872 ], [ -111.731469, 40.529942 ], [ -111.732607, 40.530469 ], [ -111.733874, 40.53227 ], [ -111.735106, 40.532691 ], [ -111.736128, 40.532062 ], [ -111.736744, 40.528937 ], [ -111.73752, 40.528148 ], [ -111.738714, 40.526733 ], [ -111.739847, 40.523981 ], [ -111.74377, 40.522541 ], [ -111.747525, 40.524384 ], [ -111.750055, 40.524188 ], [ -111.753169, 40.525742 ], [ -111.755449, 40.526402 ], [ -111.756283, 40.527731 ], [ -111.757914, 40.528526 ], [ -111.759552, 40.528634 ], [ -111.760351, 40.529229 ], [ -111.762368, 40.529238 ], [ -111.764084, 40.526916 ], [ -111.766024, 40.525711 ], [ -111.766682, 40.524668 ], [ -111.76966, 40.522613 ], [ -111.775613, 40.521276 ], [ -111.781167, 40.518679 ], [ -111.781312, 40.516938 ], [ -111.782979, 40.516001 ], [ -111.783538, 40.514911 ], [ -111.787838, 40.513763 ], [ -111.789145, 40.510944 ], [ -111.78912, 40.50911 ], [ -111.791671, 40.505207 ], [ -111.791195, 40.50402 ], [ -111.789113, 40.501862 ], [ -111.789105, 40.50014 ], [ -111.789626, 40.497772 ], [ -111.79169, 40.497088 ], [ -111.797864, 40.495546 ], [ -111.799762, 40.494306 ], [ -111.80268, 40.49364 ], [ -111.803452, 40.49248 ], [ -111.805112, 40.491759 ], [ -111.807378, 40.489286 ], [ -111.809865, 40.488489 ], [ -111.810375, 40.488422 ], [ -111.810425, 40.488411 ], [ -111.811047, 40.488273 ], [ -111.811299, 40.488299 ], [ -111.811925, 40.488408 ], [ -111.81199, 40.493426 ], [ -111.813594, 40.493415 ], [ -111.816606, 40.493344 ], [ -111.818682, 40.494537 ], [ -111.818344, 40.49556 ], [ -111.820534, 40.49638 ], [ -111.820537, 40.496884 ], [ -111.820776, 40.497108 ], [ -111.821317, 40.496899 ], [ -111.8228, 40.497183 ], [ -111.822201, 40.497719 ], [ -111.824355, 40.497805 ], [ -111.827194, 40.499566 ], [ -111.827136, 40.500964 ], [ -111.82861, 40.500805 ], [ -111.830366, 40.502145 ], [ -111.829971, 40.502727 ], [ -111.831151, 40.503545 ], [ -111.831273, 40.504539 ], [ -111.830306, 40.506149 ], [ -111.829562, 40.506759 ], [ -111.831598, 40.50712 ], [ -111.831613, 40.509665 ], [ -111.831596, 40.511908 ], [ -111.829827, 40.51189 ], [ -111.829059, 40.5124 ], [ -111.830089, 40.512114 ], [ -111.832546, 40.512927 ], [ -111.832569, 40.51293 ], [ -111.833529, 40.513461 ], [ -111.835956, 40.513136 ], [ -111.838718, 40.513354 ], [ -111.839682, 40.514167 ], [ -111.842381, 40.514412 ], [ -111.843395, 40.513003 ], [ -111.843518, 40.511356 ], [ -111.843762, 40.507662 ], [ -111.845466, 40.505524 ], [ -111.848871, 40.505043 ], [ -111.850396, 40.504569 ], [ -111.852629, 40.503141 ], [ -111.856116, 40.500846 ], [ -111.858566, 40.499455 ], [ -111.860407, 40.499215 ], [ -111.861618, 40.498671 ], [ -111.862337, 40.499554 ], [ -111.861979, 40.50063 ], [ -111.865112, 40.500647 ], [ -111.870882, 40.500666 ], [ -111.872311, 40.500662 ], [ -111.873841, 40.50067 ], [ -111.877522, 40.500673 ], [ -111.877599, 40.500673 ] ] ] ] } },
{ "type": "Feature", "properties": { "id": 49, "NAME": "49", "TotalPop": 42533, "PopDevPct": -0.02495433, "DemPct": 0.28335156, "RepPct": 0.69910698, "WhitePct": 0.82144537, "MinorityPct": 0.17855463, "BlackPct": 0.00968804, "HispanicPct": 0.11954852, "PacificPct": 0.01044051, "AsianPct": 0.01646026, "NativePct": 0.02514501, "TotalVAP": 31895, "Margin": -0.41575542, "color": "#960018", "opacity": "0.5", "DemPct2": 0.27399926, "RepPct2": 0.69634915, "Margin2": -0.42234989, "Swing": 0.0065944699999999079, "R_Margin": -0.2170463696, "R_Margin2": -0.2178027641333333, "R_Swing": 0.0007563945333332444, "Majority": "White" }, "geometry": { "type": "MultiPolygon", "coordinates": [ [ [ [ -113.605633, 37.156844 ], [ -113.605646, 37.15992 ], [ -113.605672, 37.16855 ], [ -113.606402, 37.168552 ], [ -113.606484, 37.183048 ], [ -113.597431, 37.183046 ], [ -113.597825, 37.204959 ], [ -113.606506, 37.204801 ], [ -113.607767, 37.204915 ], [ -113.608132, 37.204262 ], [ -113.611169, 37.2048 ], [ -113.613778, 37.204809 ], [ -113.613778, 37.205547 ], [ -113.615996, 37.205547 ], [ -113.616009, 37.200094 ], [ -113.618942, 37.200091 ], [ -113.621481, 37.200087 ], [ -113.624265, 37.200084 ], [ -113.624153, 37.200958 ], [ -113.625481, 37.200858 ], [ -113.628544, 37.207602 ], [ -113.629148, 37.208762 ], [ -113.629143, 37.201378 ], [ -113.630039, 37.201066 ], [ -113.63152, 37.199398 ], [ -113.632789, 37.199117 ], [ -113.633691, 37.197741 ], [ -113.638204, 37.19752 ], [ -113.638197, 37.193897 ], [ -113.634015, 37.193896 ], [ -113.631985, 37.192443 ], [ -113.631275, 37.191934 ], [ -113.631198, 37.190131 ], [ -113.631717, 37.189127 ], [ -113.629214, 37.186313 ], [ -113.629115, 37.183229 ], [ -113.629087, 37.175807 ], [ -113.633622, 37.175762 ], [ -113.633637, 37.179419 ], [ -113.634913, 37.179419 ], [ -113.639338, 37.179418 ], [ -113.644741, 37.179391 ], [ -113.651778, 37.179406 ], [ -113.651762, 37.186632 ], [ -113.656284, 37.186623 ], [ -113.656285, 37.193865 ], [ -113.660817, 37.193867 ], [ -113.660733, 37.177135 ], [ -113.660797, 37.175785 ], [ -113.665672, 37.175777 ], [ -113.674381, 37.175763 ], [ -113.67891, 37.175755 ], [ -113.678914, 37.179378 ], [ -113.683442, 37.17938 ], [ -113.683438, 37.181279 ], [ -113.683438, 37.181549 ], [ -113.683438, 37.187604 ], [ -113.683438, 37.190272 ], [ -113.687973, 37.190272 ], [ -113.687973, 37.197558 ], [ -113.692525, 37.197541 ], [ -113.692525, 37.193915 ], [ -113.698003, 37.193921 ], [ -113.69789, 37.198916 ], [ -113.697912, 37.208012 ], [ -113.702451, 37.208012 ], [ -113.70245, 37.206327 ], [ -113.702454, 37.204387 ], [ -113.70477, 37.204407 ], [ -113.711535, 37.204369 ], [ -113.711533, 37.20575 ], [ -113.711528, 37.208013 ], [ -113.716066, 37.208013 ], [ -113.716067, 37.198999 ], [ -113.71607, 37.186691 ], [ -113.716065, 37.183164 ], [ -113.716084, 37.178849 ], [ -113.716071, 37.17647 ], [ -113.71607, 37.175381 ], [ -113.715161, 37.175412 ], [ -113.713865, 37.174043 ], [ -113.712193, 37.172831 ], [ -113.70749, 37.169598 ], [ -113.706941, 37.168123 ], [ -113.705523, 37.168125 ], [ -113.701715, 37.165201 ], [ -113.697892, 37.162263 ], [ -113.697802, 37.156699 ], [ -113.697765, 37.150128 ], [ -113.693143, 37.150092 ], [ -113.693143, 37.147974 ], [ -113.688492, 37.147978 ], [ -113.688496, 37.150109 ], [ -113.683528, 37.150135 ], [ -113.678505, 37.150165 ], [ -113.674623, 37.147094 ], [ -113.674677, 37.146159 ], [ -113.673544, 37.146194 ], [ -113.672498, 37.145371 ], [ -113.670175, 37.142684 ], [ -113.669879, 37.142218 ], [ -113.669838, 37.134878 ], [ -113.669819, 37.134393 ], [ -113.670462, 37.134303 ], [ -113.671135, 37.134208 ], [ -113.671505, 37.134146 ], [ -113.671519, 37.133946 ], [ -113.671486, 37.131631 ], [ -113.676803, 37.131586 ], [ -113.677703, 37.131015 ], [ -113.677349, 37.120064 ], [ -113.677023, 37.110162 ], [ -113.651221, 37.11019 ], [ -113.650199, 37.110192 ], [ -113.648374, 37.110195 ], [ -113.646458, 37.110163 ], [ -113.645178, 37.110155 ], [ -113.645191, 37.109276 ], [ -113.645194, 37.107555 ], [ -113.645202, 37.106516 ], [ -113.648503, 37.106521 ], [ -113.648927, 37.106513 ], [ -113.649701, 37.106538 ], [ -113.649866, 37.106539 ], [ -113.649861, 37.105953 ], [ -113.649856, 37.105815 ], [ -113.649588, 37.096691 ], [ -113.649756, 37.095563 ], [ -113.64077, 37.095539 ], [ -113.640765, 37.088227 ], [ -113.63716, 37.08821 ], [ -113.636195, 37.088205 ], [ -113.636194, 37.08455 ], [ -113.626695, 37.084512 ], [ -113.623345, 37.0845 ], [ -113.622917, 37.084498 ], [ -113.622413, 37.084499 ], [ -113.62073, 37.084495 ], [ -113.619681, 37.084494 ], [ -113.609462, 37.084507 ], [ -113.608196, 37.08562 ], [ -113.608395, 37.086027 ], [ -113.607232, 37.086928 ], [ -113.604321, 37.084849 ], [ -113.603783, 37.083989 ], [ -113.600587, 37.082998 ], [ -113.599927, 37.081896 ], [ -113.600695, 37.080971 ], [ -113.598593, 37.080996 ], [ -113.59663, 37.081003 ], [ -113.593697, 37.08106 ], [ -113.593778, 37.082372 ], [ -113.593944, 37.096042 ], [ -113.59418, 37.096202 ], [ -113.594172, 37.096263 ], [ -113.590653, 37.09631 ], [ -113.586959, 37.096308 ], [ -113.587561, 37.097946 ], [ -113.58828, 37.099544 ], [ -113.589956, 37.101263 ], [ -113.591885, 37.103041 ], [ -113.592897, 37.104828 ], [ -113.593072, 37.106527 ], [ -113.593159, 37.108221 ], [ -113.59383, 37.109939 ], [ -113.594581, 37.111634 ], [ -113.595349, 37.113346 ], [ -113.596104, 37.115032 ], [ -113.596136, 37.115105 ], [ -113.596858, 37.116742 ], [ -113.597636, 37.118443 ], [ -113.597997, 37.119226 ], [ -113.598402, 37.120136 ], [ -113.599777, 37.12317 ], [ -113.600382, 37.124585 ], [ -113.60059, 37.125098 ], [ -113.601238, 37.126471 ], [ -113.602212, 37.128778 ], [ -113.602783, 37.130881 ], [ -113.602936, 37.133895 ], [ -113.603079, 37.13719 ], [ -113.607372, 37.147985 ], [ -113.607587, 37.148933 ], [ -113.607152, 37.151629 ], [ -113.605633, 37.153679 ], [ -113.605633, 37.156844 ] ] ] ] } },
{ "type": "Feature", "properties": { "id": 50, "NAME": "50", "TotalPop": 43482, "PopDevPct": -0.00319903, "DemPct": 0.2581731, "RepPct": 0.72287546, "WhitePct": 0.82641841, "MinorityPct": 0.17358159, "BlackPct": 0.0141035, "HispanicPct": 0.10112887, "PacificPct": 0.01753409, "AsianPct": 0.02116992, "NativePct": 0.02240141, "TotalVAP": 34105, "Margin": -0.46470236, "color": "#960018", "opacity": "0.5", "DemPct2": 0.24778559, "RepPct2": 0.72171491, "Margin2": -0.47392932, "Swing": 0.00922696, "R_Margin": -0.2659933096, "R_Margin2": -0.26938219413333331, "R_Swing": 0.0033888845333332872, "Majority": "White" }, "geometry": { "type": "MultiPolygon", "coordinates": [ [ [ [ -113.586959, 37.096308 ], [ -113.590653, 37.09631 ], [ -113.594172, 37.096263 ], [ -113.59418, 37.096202 ], [ -113.593944, 37.096042 ], [ -113.593778, 37.082372 ], [ -113.593697, 37.08106 ], [ -113.59663, 37.081003 ], [ -113.598593, 37.080996 ], [ -113.600695, 37.080971 ], [ -113.599927, 37.081896 ], [ -113.600587, 37.082998 ], [ -113.603783, 37.083989 ], [ -113.604321, 37.084849 ], [ -113.607232, 37.086928 ], [ -113.608395, 37.086027 ], [ -113.608196, 37.08562 ], [ -113.607734, 37.08522 ], [ -113.60881, 37.084006 ], [ -113.608753, 37.081474 ], [ -113.608736, 37.080694 ], [ -113.610343, 37.080985 ], [ -113.613494, 37.080924 ], [ -113.61468, 37.081182 ], [ -113.614725, 37.080832 ], [ -113.621083, 37.080838 ], [ -113.627091, 37.08087 ], [ -113.627157, 37.082705 ], [ -113.640765, 37.082757 ], [ -113.640756, 37.077515 ], [ -113.645844, 37.077514 ], [ -113.649697, 37.077513 ], [ -113.649709, 37.066633 ], [ -113.642777, 37.066635 ], [ -113.640653, 37.066637 ], [ -113.640656, 37.066093 ], [ -113.64067, 37.055681 ], [ -113.640663, 37.052374 ], [ -113.640621, 37.037965 ], [ -113.640564, 37.023121 ], [ -113.640155, 37.02312 ], [ -113.640054, 37.023243 ], [ -113.626499, 37.023121 ], [ -113.624281, 37.022246 ], [ -113.623769, 37.019529 ], [ -113.622441, 37.01953 ], [ -113.622419, 37.002971 ], [ -113.622415, 37.000013 ], [ -113.57211, 37.000017 ], [ -113.560236, 37.00002 ], [ -113.55807, 37.000013 ], [ -113.558054, 37.000484 ], [ -113.558047, 37.000714 ], [ -113.557154, 37.029518 ], [ -113.557122, 37.030467 ], [ -113.556898, 37.03767 ], [ -113.556821, 37.040144 ], [ -113.556032, 37.041338 ], [ -113.555357, 37.042723 ], [ -113.555069, 37.045433 ], [ -113.55522, 37.047631 ], [ -113.55536, 37.049598 ], [ -113.555405, 37.050144 ], [ -113.555465, 37.05086 ], [ -113.555306, 37.052047 ], [ -113.551634, 37.056037 ], [ -113.549532, 37.057533 ], [ -113.547525, 37.058451 ], [ -113.54576, 37.059236 ], [ -113.54503, 37.059599 ], [ -113.544424, 37.060383 ], [ -113.544388, 37.061017 ], [ -113.544904, 37.0624 ], [ -113.545215, 37.063083 ], [ -113.546837, 37.065219 ], [ -113.548635, 37.066507 ], [ -113.55038, 37.068568 ], [ -113.551472, 37.070637 ], [ -113.552074, 37.072297 ], [ -113.552416, 37.072908 ], [ -113.553479, 37.074752 ], [ -113.549694, 37.073842 ], [ -113.548857, 37.073909 ], [ -113.548181, 37.073963 ], [ -113.547924, 37.074889 ], [ -113.548843, 37.075908 ], [ -113.550803, 37.079726 ], [ -113.549491, 37.080455 ], [ -113.548191, 37.081666 ], [ -113.547358, 37.081528 ], [ -113.546, 37.082383 ], [ -113.546364, 37.08311 ], [ -113.547993, 37.08369 ], [ -113.547959, 37.084237 ], [ -113.549379, 37.0843 ], [ -113.551979, 37.084445 ], [ -113.55559, 37.084612 ], [ -113.556343, 37.086424 ], [ -113.55427, 37.08546 ], [ -113.549947, 37.087109 ], [ -113.548869, 37.085952 ], [ -113.544022, 37.085841 ], [ -113.542658, 37.084181 ], [ -113.540185, 37.084884 ], [ -113.540174, 37.086042 ], [ -113.539318, 37.087574 ], [ -113.53713, 37.090191 ], [ -113.53592, 37.092326 ], [ -113.53704, 37.093462 ], [ -113.536709, 37.094065 ], [ -113.537028, 37.095485 ], [ -113.538132, 37.097454 ], [ -113.540754, 37.097962 ], [ -113.541391, 37.098968 ], [ -113.541016, 37.099899 ], [ -113.541814, 37.102462 ], [ -113.541719, 37.104312 ], [ -113.542446, 37.104881 ], [ -113.541987, 37.105591 ], [ -113.542401, 37.106243 ], [ -113.543451, 37.106129 ], [ -113.543706, 37.106039 ], [ -113.542834, 37.10455 ], [ -113.543598, 37.104164 ], [ -113.545083, 37.106151 ], [ -113.547288, 37.10892 ], [ -113.548257, 37.110224 ], [ -113.547637, 37.111042 ], [ -113.54742, 37.111176 ], [ -113.547665, 37.113017 ], [ -113.54766, 37.113144 ], [ -113.543217, 37.113155 ], [ -113.54087, 37.113191 ], [ -113.540945, 37.114263 ], [ -113.54011, 37.114285 ], [ -113.539297, 37.114267 ], [ -113.536456, 37.11434 ], [ -113.5359, 37.11433 ], [ -113.535185, 37.114332 ], [ -113.53364, 37.114335 ], [ -113.532582, 37.114381 ], [ -113.531783, 37.11439 ], [ -113.531788, 37.115033 ], [ -113.531793, 37.116172 ], [ -113.531817, 37.11793 ], [ -113.531816, 37.118439 ], [ -113.531802, 37.118966 ], [ -113.531789, 37.11936 ], [ -113.531795, 37.119869 ], [ -113.531801, 37.120513 ], [ -113.531798, 37.12127 ], [ -113.53183, 37.122894 ], [ -113.5322, 37.124064 ], [ -113.532334, 37.124352 ], [ -113.532436, 37.124571 ], [ -113.532639, 37.125049 ], [ -113.532786, 37.125015 ], [ -113.533148, 37.126047 ], [ -113.536416, 37.125291 ], [ -113.53648, 37.128493 ], [ -113.536484, 37.128911 ], [ -113.549336, 37.128839 ], [ -113.549495, 37.128838 ], [ -113.55007, 37.12883 ], [ -113.55006, 37.139839 ], [ -113.565548, 37.139721 ], [ -113.566372, 37.139715 ], [ -113.569215, 37.139709 ], [ -113.575206, 37.139687 ], [ -113.600989, 37.139552 ], [ -113.601009, 37.146831 ], [ -113.605615, 37.146788 ], [ -113.605633, 37.153679 ], [ -113.607152, 37.151629 ], [ -113.607587, 37.148933 ], [ -113.607372, 37.147985 ], [ -113.603079, 37.13719 ], [ -113.602936, 37.133895 ], [ -113.602783, 37.130881 ], [ -113.602212, 37.128778 ], [ -113.601238, 37.126471 ], [ -113.60059, 37.125098 ], [ -113.600382, 37.124585 ], [ -113.599777, 37.12317 ], [ -113.598402, 37.120136 ], [ -113.597997, 37.119226 ], [ -113.597636, 37.118443 ], [ -113.596858, 37.116742 ], [ -113.596136, 37.115105 ], [ -113.596104, 37.115032 ], [ -113.595349, 37.113346 ], [ -113.594581, 37.111634 ], [ -113.59383, 37.109939 ], [ -113.593159, 37.108221 ], [ -113.593072, 37.106527 ], [ -113.592897, 37.104828 ], [ -113.591885, 37.103041 ], [ -113.589956, 37.101263 ], [ -113.58828, 37.099544 ], [ -113.587561, 37.097946 ], [ -113.586959, 37.096308 ] ] ] ] } },
{ "type": "Feature", "properties": { "id": 51, "NAME": "51", "TotalPop": 42189, "PopDevPct": -0.03284035, "DemPct": 0.18555793, "RepPct": 0.79624271, "WhitePct": 0.8409604, "MinorityPct": 0.1590396, "BlackPct": 0.00713134, "HispanicPct": 0.09621932, "PacificPct": 0.01626949, "AsianPct": 0.02003225, "NativePct": 0.01992474, "TotalVAP": 27905, "Margin": -0.61068478, "color": "#960018", "opacity": "0.5", "DemPct2": 0.18179085, "RepPct2": 0.78769354, "Margin2": -0.60590269, "Swing": -0.0047820900000000721, "R_Margin": -0.4119757296000001, "R_Margin2": -0.40135556413333329, "R_Swing": -0.010620165466666736, "Majority": "White" }, "geometry": { "type": "MultiPolygon", "coordinates": [ [ [ [ -113.54503, 37.059599 ], [ -113.54576, 37.059236 ], [ -113.547525, 37.058451 ], [ -113.549532, 37.057533 ], [ -113.551634, 37.056037 ], [ -113.555306, 37.052047 ], [ -113.555465, 37.05086 ], [ -113.555405, 37.050144 ], [ -113.55536, 37.049598 ], [ -113.55522, 37.047631 ], [ -113.555069, 37.045433 ], [ -113.555357, 37.042723 ], [ -113.556032, 37.041338 ], [ -113.556821, 37.040144 ], [ -113.556898, 37.03767 ], [ -113.557122, 37.030467 ], [ -113.557154, 37.029518 ], [ -113.558047, 37.000714 ], [ -113.558054, 37.000484 ], [ -113.55807, 37.000013 ], [ -113.494884, 37.000003 ], [ -113.484468, 36.99999 ], [ -113.484467, 37.005705 ], [ -113.485817, 37.006399 ], [ -113.485818, 37.008696 ], [ -113.478937, 37.008702 ], [ -113.478961, 37.009725 ], [ -113.47669, 37.009756 ], [ -113.476815, 37.014075 ], [ -113.476696, 37.023187 ], [ -113.476496, 37.030347 ], [ -113.476978, 37.032266 ], [ -113.478356, 37.034711 ], [ -113.482864, 37.044991 ], [ -113.476836, 37.044997 ], [ -113.476841, 37.057668 ], [ -113.476857, 37.083011 ], [ -113.466743, 37.083037 ], [ -113.466763, 37.086679 ], [ -113.462954, 37.092552 ], [ -113.45856, 37.096868 ], [ -113.452127, 37.102831 ], [ -113.447268, 37.108783 ], [ -113.443165, 37.112102 ], [ -113.442893, 37.113267 ], [ -113.4428, 37.113665 ], [ -113.448731, 37.114824 ], [ -113.448732, 37.115512 ], [ -113.450511, 37.116273 ], [ -113.452581, 37.116381 ], [ -113.452585, 37.11574 ], [ -113.45704, 37.115799 ], [ -113.457031, 37.117256 ], [ -113.457796, 37.117267 ], [ -113.457799, 37.120142 ], [ -113.457806, 37.12671 ], [ -113.455663, 37.126711 ], [ -113.454777, 37.129709 ], [ -113.455704, 37.129267 ], [ -113.46531, 37.120973 ], [ -113.466311, 37.120198 ], [ -113.469368, 37.123914 ], [ -113.470449, 37.124443 ], [ -113.471917, 37.12429 ], [ -113.475936, 37.1232 ], [ -113.478029, 37.122046 ], [ -113.479688, 37.12193 ], [ -113.480688, 37.121244 ], [ -113.482659, 37.120901 ], [ -113.483958, 37.122027 ], [ -113.485089, 37.12197 ], [ -113.485085, 37.123536 ], [ -113.483815, 37.124986 ], [ -113.483505, 37.126844 ], [ -113.481371, 37.130619 ], [ -113.48124, 37.132117 ], [ -113.48265, 37.131633 ], [ -113.485311, 37.131375 ], [ -113.490491, 37.130923 ], [ -113.490898, 37.130901 ], [ -113.490996, 37.130892 ], [ -113.497555, 37.130354 ], [ -113.498869, 37.130266 ], [ -113.50039, 37.130245 ], [ -113.501666, 37.130251 ], [ -113.502708, 37.130258 ], [ -113.503438, 37.130264 ], [ -113.504888, 37.130278 ], [ -113.504903, 37.131395 ], [ -113.504905, 37.131531 ], [ -113.504894, 37.132829 ], [ -113.504874, 37.133964 ], [ -113.504873, 37.134026 ], [ -113.504863, 37.135838 ], [ -113.50487, 37.136803 ], [ -113.502732, 37.136835 ], [ -113.500644, 37.136847 ], [ -113.500646, 37.137482 ], [ -113.500645, 37.138145 ], [ -113.50085, 37.139174 ], [ -113.501276, 37.139784 ], [ -113.501861, 37.140297 ], [ -113.503827, 37.140206 ], [ -113.504012, 37.139573 ], [ -113.503996, 37.138939 ], [ -113.504176, 37.138607 ], [ -113.504903, 37.138513 ], [ -113.505177, 37.140551 ], [ -113.508164, 37.139407 ], [ -113.509791, 37.138607 ], [ -113.51385, 37.136049 ], [ -113.513852, 37.136391 ], [ -113.517237, 37.134208 ], [ -113.521557, 37.131388 ], [ -113.525208, 37.128792 ], [ -113.527443, 37.127412 ], [ -113.527496, 37.128427 ], [ -113.529921, 37.126547 ], [ -113.530852, 37.125891 ], [ -113.532639, 37.125049 ], [ -113.532436, 37.124571 ], [ -113.532334, 37.124352 ], [ -113.5322, 37.124064 ], [ -113.53183, 37.122894 ], [ -113.531798, 37.12127 ], [ -113.531801, 37.120513 ], [ -113.531795, 37.119869 ], [ -113.531789, 37.11936 ], [ -113.531802, 37.118966 ], [ -113.531816, 37.118439 ], [ -113.531817, 37.11793 ], [ -113.531793, 37.116172 ], [ -113.531788, 37.115033 ], [ -113.531783, 37.11439 ], [ -113.532582, 37.114381 ], [ -113.53364, 37.114335 ], [ -113.535185, 37.114332 ], [ -113.5359, 37.11433 ], [ -113.536456, 37.11434 ], [ -113.539297, 37.114267 ], [ -113.54011, 37.114285 ], [ -113.540945, 37.114263 ], [ -113.54087, 37.113191 ], [ -113.543217, 37.113155 ], [ -113.54766, 37.113144 ], [ -113.547665, 37.113017 ], [ -113.54742, 37.111176 ], [ -113.547637, 37.111042 ], [ -113.548257, 37.110224 ], [ -113.547288, 37.10892 ], [ -113.545083, 37.106151 ], [ -113.543598, 37.104164 ], [ -113.542834, 37.10455 ], [ -113.543706, 37.106039 ], [ -113.543451, 37.106129 ], [ -113.542401, 37.106243 ], [ -113.541987, 37.105591 ], [ -113.542446, 37.104881 ], [ -113.541719, 37.104312 ], [ -113.541814, 37.102462 ], [ -113.541016, 37.099899 ], [ -113.541391, 37.098968 ], [ -113.540754, 37.097962 ], [ -113.538132, 37.097454 ], [ -113.537028, 37.095485 ], [ -113.536709, 37.094065 ], [ -113.53704, 37.093462 ], [ -113.53592, 37.092326 ], [ -113.53713, 37.090191 ], [ -113.539318, 37.087574 ], [ -113.540174, 37.086042 ], [ -113.540185, 37.084884 ], [ -113.542658, 37.084181 ], [ -113.544022, 37.085841 ], [ -113.548869, 37.085952 ], [ -113.549947, 37.087109 ], [ -113.55427, 37.08546 ], [ -113.556343, 37.086424 ], [ -113.55559, 37.084612 ], [ -113.551979, 37.084445 ], [ -113.549379, 37.0843 ], [ -113.547959, 37.084237 ], [ -113.547993, 37.08369 ], [ -113.546364, 37.08311 ], [ -113.546, 37.082383 ], [ -113.547358, 37.081528 ], [ -113.548191, 37.081666 ], [ -113.549491, 37.080455 ], [ -113.550803, 37.079726 ], [ -113.548843, 37.075908 ], [ -113.547924, 37.074889 ], [ -113.548181, 37.073963 ], [ -113.548857, 37.073909 ], [ -113.549694, 37.073842 ], [ -113.553479, 37.074752 ], [ -113.552416, 37.072908 ], [ -113.552074, 37.072297 ], [ -113.551472, 37.070637 ], [ -113.55038, 37.068568 ], [ -113.548635, 37.066507 ], [ -113.546837, 37.065219 ], [ -113.545215, 37.063083 ], [ -113.544904, 37.0624 ], [ -113.544388, 37.061017 ], [ -113.544424, 37.060383 ], [ -113.54503, 37.059599 ] ] ] ] } },
{ "type": "Feature", "properties": { "id": 52, "NAME": "52", "TotalPop": 42743, "PopDevPct": -0.0201402, "DemPct": 0.2200206, "RepPct": 0.76226571, "WhitePct": 0.86104848, "MinorityPct": 0.13895152, "BlackPct": 0.00632594, "HispanicPct": 0.08342728, "PacificPct": 0.01049104, "AsianPct": 0.01600276, "NativePct": 0.02229738, "TotalVAP": 31932, "Margin": -0.54224511, "color": "#960018", "opacity": "0.5", "DemPct2": 0.22398824, "RepPct2": 0.74932243, "Margin2": -0.52533419, "Swing": -0.01691092, "R_Margin": -0.3435360596, "R_Margin2": -0.32078706413333324, "R_Swing": -0.022748995466666713, "Majority": "White" }, "geometry": { "type": "MultiPolygon", "coordinates": [ [ [ [ -113.395004, 37.206485 ], [ -113.401202, 37.196762 ], [ -113.403385, 37.193345 ], [ -113.408529, 37.186668 ], [ -113.410644, 37.18428 ], [ -113.412987, 37.182222 ], [ -113.415338, 37.180673 ], [ -113.420576, 37.178217 ], [ -113.423906, 37.177183 ], [ -113.427798, 37.176045 ], [ -113.432448, 37.174397 ], [ -113.441219, 37.170746 ], [ -113.441238, 37.171429 ], [ -113.441227, 37.183888 ], [ -113.457726, 37.183654 ], [ -113.47904, 37.183908 ], [ -113.499614, 37.183972 ], [ -113.506187, 37.183999 ], [ -113.506198, 37.191236 ], [ -113.518741, 37.191257 ], [ -113.524287, 37.191267 ], [ -113.524182, 37.176802 ], [ -113.533351, 37.176758 ], [ -113.53345, 37.17001 ], [ -113.53225, 37.16952 ], [ -113.532195, 37.161273 ], [ -113.532153, 37.15972 ], [ -113.534747, 37.158956 ], [ -113.53474, 37.154471 ], [ -113.535752, 37.153101 ], [ -113.534339, 37.151439 ], [ -113.534134, 37.150021 ], [ -113.534729, 37.149338 ], [ -113.534029, 37.14814 ], [ -113.532241, 37.147127 ], [ -113.532964, 37.144052 ], [ -113.534425, 37.142965 ], [ -113.534425, 37.139436 ], [ -113.5344, 37.133622 ], [ -113.536355, 37.13364 ], [ -113.536484, 37.128911 ], [ -113.53648, 37.128493 ], [ -113.536416, 37.125291 ], [ -113.533148, 37.126047 ], [ -113.532786, 37.125015 ], [ -113.532639, 37.125049 ], [ -113.530852, 37.125891 ], [ -113.529921, 37.126547 ], [ -113.527496, 37.128427 ], [ -113.527443, 37.127412 ], [ -113.525208, 37.128792 ], [ -113.521557, 37.131388 ], [ -113.517237, 37.134208 ], [ -113.513852, 37.136391 ], [ -113.51385, 37.136049 ], [ -113.509791, 37.138607 ], [ -113.508164, 37.139407 ], [ -113.505177, 37.140551 ], [ -113.504903, 37.138513 ], [ -113.504176, 37.138607 ], [ -113.503996, 37.138939 ], [ -113.504012, 37.139573 ], [ -113.503827, 37.140206 ], [ -113.501861, 37.140297 ], [ -113.501276, 37.139784 ], [ -113.50085, 37.139174 ], [ -113.500645, 37.138145 ], [ -113.500646, 37.137482 ], [ -113.500644, 37.136847 ], [ -113.502732, 37.136835 ], [ -113.50487, 37.136803 ], [ -113.504863, 37.135838 ], [ -113.504873, 37.134026 ], [ -113.504874, 37.133964 ], [ -113.504894, 37.132829 ], [ -113.504905, 37.131531 ], [ -113.504903, 37.131395 ], [ -113.504888, 37.130278 ], [ -113.503438, 37.130264 ], [ -113.502708, 37.130258 ], [ -113.501666, 37.130251 ], [ -113.50039, 37.130245 ], [ -113.498869, 37.130266 ], [ -113.497555, 37.130354 ], [ -113.490996, 37.130892 ], [ -113.490898, 37.130901 ], [ -113.490491, 37.130923 ], [ -113.485311, 37.131375 ], [ -113.48265, 37.131633 ], [ -113.48124, 37.132117 ], [ -113.481371, 37.130619 ], [ -113.483505, 37.126844 ], [ -113.483815, 37.124986 ], [ -113.485085, 37.123536 ], [ -113.485089, 37.12197 ], [ -113.483958, 37.122027 ], [ -113.482659, 37.120901 ], [ -113.480688, 37.121244 ], [ -113.479688, 37.12193 ], [ -113.478029, 37.122046 ], [ -113.475936, 37.1232 ], [ -113.471917, 37.12429 ], [ -113.470449, 37.124443 ], [ -113.469368, 37.123914 ], [ -113.466311, 37.120198 ], [ -113.46531, 37.120973 ], [ -113.455704, 37.129267 ], [ -113.454777, 37.129709 ], [ -113.455663, 37.126711 ], [ -113.457806, 37.12671 ], [ -113.457799, 37.120142 ], [ -113.457796, 37.117267 ], [ -113.457031, 37.117256 ], [ -113.45704, 37.115799 ], [ -113.452585, 37.11574 ], [ -113.452581, 37.116381 ], [ -113.450511, 37.116273 ], [ -113.448732, 37.115512 ], [ -113.448731, 37.114824 ], [ -113.4428, 37.113665 ], [ -113.442893, 37.113267 ], [ -113.443165, 37.112102 ], [ -113.447268, 37.108783 ], [ -113.452127, 37.102831 ], [ -113.45856, 37.096868 ], [ -113.462954, 37.092552 ], [ -113.466763, 37.086679 ], [ -113.466743, 37.083037 ], [ -113.476857, 37.083011 ], [ -113.476841, 37.057668 ], [ -113.476836, 37.044997 ], [ -113.482864, 37.044991 ], [ -113.478356, 37.034711 ], [ -113.476978, 37.032266 ], [ -113.476496, 37.030347 ], [ -113.476696, 37.023187 ], [ -113.476815, 37.014075 ], [ -113.47669, 37.009756 ], [ -113.478961, 37.009725 ], [ -113.478937, 37.008702 ], [ -113.485818, 37.008696 ], [ -113.485817, 37.006399 ], [ -113.484467, 37.005705 ], [ -113.484468, 36.99999 ], [ -113.457666, 36.999982 ], [ -113.409816, 36.999981 ], [ -113.332891, 36.999986 ], [ -113.30644, 36.99999 ], [ -113.274492, 36.999997 ], [ -113.202081, 36.999998 ], [ -113.163847, 37.00005 ], [ -113.121131, 37.000062 ], [ -113.096901, 37.000078 ], [ -113.059258, 37.000057 ], [ -113.052207, 37.000071 ], [ -113.016408, 37.000132 ], [ -113.007373, 37.000141 ], [ -113.005116, 37.000144 ], [ -113.002837, 37.000147 ], [ -112.99883, 37.000152 ], [ -112.998318, 37.000152 ], [ -112.99609, 37.000155 ], [ -112.993812, 37.000159 ], [ -112.991544, 37.000163 ], [ -112.990402, 37.000165 ], [ -112.989299, 37.000167 ], [ -112.988182, 37.000169 ], [ -112.987012, 37.000181 ], [ -112.985892, 37.000182 ], [ -112.984778, 37.000178 ], [ -112.982555, 37.000181 ], [ -112.980274, 37.000177 ], [ -112.975788, 37.000188 ], [ -112.968949, 37.000201 ], [ -112.966581, 37.000206 ], [ -112.953186, 37.000228 ], [ -112.908682, 37.000324 ], [ -112.899191, 37.000385 ], [ -112.899272, 37.029231 ], [ -112.899173, 37.078067 ], [ -112.899104, 37.081538 ], [ -112.899194, 37.092319 ], [ -112.89921, 37.107095 ], [ -112.899154, 37.123649 ], [ -112.899182, 37.141459 ], [ -112.899157, 37.151481 ], [ -112.899166, 37.181913 ], [ -112.899074, 37.22232 ], [ -112.899074, 37.25934 ], [ -112.899115, 37.266904 ], [ -112.899116, 37.267747 ], [ -112.899136, 37.281402 ], [ -112.901283, 37.281445 ], [ -112.901424, 37.296004 ], [ -112.901093, 37.312926 ], [ -112.90107, 37.316627 ], [ -112.900935, 37.339541 ], [ -112.900913, 37.343129 ], [ -112.900849, 37.354091 ], [ -112.900807, 37.361219 ], [ -112.900756, 37.369765 ], [ -112.90074, 37.371222 ], [ -112.901374, 37.37498 ], [ -112.901355, 37.380801 ], [ -112.901306, 37.395153 ], [ -112.9013, 37.396937 ], [ -112.901187, 37.434895 ], [ -112.901169, 37.442063 ], [ -112.901147, 37.449408 ], [ -112.901067, 37.475974 ], [ -112.900993, 37.500021 ], [ -112.924265, 37.499957 ], [ -112.949033, 37.499859 ], [ -112.954921, 37.499823 ], [ -112.998882, 37.49977 ], [ -113.027062, 37.499749 ], [ -113.037088, 37.499748 ], [ -113.037055, 37.480733 ], [ -113.037048, 37.474474 ], [ -113.04263, 37.474469 ], [ -113.043181, 37.474468 ], [ -113.061591, 37.474449 ], [ -113.062571, 37.474445 ], [ -113.070765, 37.474433 ], [ -113.074011, 37.474418 ], [ -113.076073, 37.47442 ], [ -113.078937, 37.474414 ], [ -113.086449, 37.474395 ], [ -113.091173, 37.474387 ], [ -113.093339, 37.47439 ], [ -113.141958, 37.474308 ], [ -113.146084, 37.474298 ], [ -113.146281, 37.474079 ], [ -113.146021, 37.468758 ], [ -113.14598, 37.46575 ], [ -113.146278, 37.459292 ], [ -113.145319, 37.452035 ], [ -113.144496, 37.445331 ], [ -113.142713, 37.445327 ], [ -113.142325, 37.444368 ], [ -113.140394, 37.44309 ], [ -113.13937, 37.441955 ], [ -113.137681, 37.439018 ], [ -113.137987, 37.436969 ], [ -113.135775, 37.435251 ], [ -113.135546, 37.434206 ], [ -113.136546, 37.431589 ], [ -113.137046, 37.429053 ], [ -113.136464, 37.42797 ], [ -113.136738, 37.427685 ], [ -113.13636, 37.424555 ], [ -113.136684, 37.423368 ], [ -113.138181, 37.421731 ], [ -113.140209, 37.421601 ], [ -113.139489, 37.42028 ], [ -113.140666, 37.418065 ], [ -113.142827, 37.417233 ], [ -113.145528, 37.417003 ], [ -113.146286, 37.417225 ], [ -113.150617, 37.415535 ], [ -113.158253, 37.411633 ], [ -113.160213, 37.4115 ], [ -113.167757, 37.410678 ], [ -113.177295, 37.406178 ], [ -113.177975, 37.406293 ], [ -113.180594, 37.404953 ], [ -113.181342, 37.405132 ], [ -113.184334, 37.404742 ], [ -113.185868, 37.403982 ], [ -113.186601, 37.404804 ], [ -113.186874, 37.403288 ], [ -113.187785, 37.40242 ], [ -113.187458, 37.40086 ], [ -113.188785, 37.400325 ], [ -113.189199, 37.397993 ], [ -113.190801, 37.397903 ], [ -113.191351, 37.396223 ], [ -113.191429, 37.393243 ], [ -113.193069, 37.392796 ], [ -113.193861, 37.391171 ], [ -113.195989, 37.389994 ], [ -113.196803, 37.388853 ], [ -113.196075, 37.387888 ], [ -113.196807, 37.387894 ], [ -113.205889, 37.387896 ], [ -113.20589, 37.402394 ], [ -113.215006, 37.402429 ], [ -113.216155, 37.400334 ], [ -113.216369, 37.399175 ], [ -113.215248, 37.397362 ], [ -113.216167, 37.39386 ], [ -113.217301, 37.392727 ], [ -113.217729, 37.391077 ], [ -113.220009, 37.387853 ], [ -113.223447, 37.386933 ], [ -113.225235, 37.385309 ], [ -113.226747, 37.383407 ], [ -113.226999, 37.382336 ], [ -113.230059, 37.378898 ], [ -113.230084, 37.375674 ], [ -113.231697, 37.372915 ], [ -113.233775, 37.372462 ], [ -113.235085, 37.37095 ], [ -113.235411, 37.36954 ], [ -113.235473, 37.367916 ], [ -113.23809, 37.365795 ], [ -113.238959, 37.362863 ], [ -113.241718, 37.360097 ], [ -113.241512, 37.358668 ], [ -113.242097, 37.355835 ], [ -113.241592, 37.354225 ], [ -113.243279, 37.349624 ], [ -113.24518, 37.348804 ], [ -113.248139, 37.34695 ], [ -113.248758, 37.346116 ], [ -113.250424, 37.345355 ], [ -113.253889, 37.342845 ], [ -113.25598, 37.34056 ], [ -113.255967, 37.340083 ], [ -113.257741, 37.338913 ], [ -113.258798, 37.335088 ], [ -113.257218, 37.33429 ], [ -113.256217, 37.33324 ], [ -113.256008, 37.331759 ], [ -113.256602, 37.330093 ], [ -113.259241, 37.326203 ], [ -113.262663, 37.31908 ], [ -113.262927, 37.315997 ], [ -113.263473, 37.31431 ], [ -113.26342, 37.312182 ], [ -113.262934, 37.311218 ], [ -113.264427, 37.30823 ], [ -113.267331, 37.303565 ], [ -113.268486, 37.3029 ], [ -113.272745, 37.297218 ], [ -113.274196, 37.296312 ], [ -113.276813, 37.292574 ], [ -113.276925, 37.28936 ], [ -113.275292, 37.289158 ], [ -113.275729, 37.287586 ], [ -113.292177, 37.287597 ], [ -113.292342, 37.287723 ], [ -113.292281, 37.301373 ], [ -113.292277, 37.302244 ], [ -113.289723, 37.302246 ], [ -113.274107, 37.302264 ], [ -113.274091, 37.314834 ], [ -113.274076, 37.32406 ], [ -113.28493, 37.324046 ], [ -113.286511, 37.324043 ], [ -113.287007, 37.324046 ], [ -113.287727, 37.323371 ], [ -113.287724, 37.327369 ], [ -113.287726, 37.331308 ], [ -113.283187, 37.331301 ], [ -113.282143, 37.333533 ], [ -113.281223, 37.333534 ], [ -113.277613, 37.338628 ], [ -113.27763, 37.348033 ], [ -113.285458, 37.348034 ], [ -113.290105, 37.348036 ], [ -113.301404, 37.348041 ], [ -113.301373, 37.335945 ], [ -113.30137, 37.327024 ], [ -113.301353, 37.3027 ], [ -113.301347, 37.30222 ], [ -113.31044, 37.302233 ], [ -113.310479, 37.294505 ], [ -113.310515, 37.287666 ], [ -113.313502, 37.287677 ], [ -113.328602, 37.288531 ], [ -113.328504, 37.281341 ], [ -113.328284, 37.262347 ], [ -113.327765, 37.262346 ], [ -113.327282, 37.262344 ], [ -113.326099, 37.262341 ], [ -113.324168, 37.262341 ], [ -113.324161, 37.258896 ], [ -113.324806, 37.258898 ], [ -113.324781, 37.255277 ], [ -113.331797, 37.255296 ], [ -113.331616, 37.251708 ], [ -113.333963, 37.251632 ], [ -113.333779, 37.244793 ], [ -113.338381, 37.244691 ], [ -113.338681, 37.244205 ], [ -113.338693, 37.243166 ], [ -113.336946, 37.243219 ], [ -113.336906, 37.241103 ], [ -113.338383, 37.240862 ], [ -113.337874, 37.239661 ], [ -113.33884, 37.239414 ], [ -113.338884, 37.236779 ], [ -113.343729, 37.236688 ], [ -113.343713, 37.240389 ], [ -113.345082, 37.240397 ], [ -113.343686, 37.242651 ], [ -113.344402, 37.242653 ], [ -113.344393, 37.244079 ], [ -113.343697, 37.244091 ], [ -113.343622, 37.249289 ], [ -113.342812, 37.249967 ], [ -113.342622, 37.25009 ], [ -113.336253, 37.254255 ], [ -113.336844, 37.254639 ], [ -113.337024, 37.254756 ], [ -113.337636, 37.255154 ], [ -113.331959, 37.258917 ], [ -113.343578, 37.25897 ], [ -113.343597, 37.251552 ], [ -113.34248, 37.251209 ], [ -113.344014, 37.250168 ], [ -113.344516, 37.249833 ], [ -113.344712, 37.250117 ], [ -113.345188, 37.250658 ], [ -113.347342, 37.25136 ], [ -113.347249, 37.248473 ], [ -113.348232, 37.247832 ], [ -113.355639, 37.247779 ], [ -113.355655, 37.251563 ], [ -113.353049, 37.25154 ], [ -113.352887, 37.258955 ], [ -113.346884, 37.25898 ], [ -113.346874, 37.265968 ], [ -113.355939, 37.265986 ], [ -113.355951, 37.262364 ], [ -113.360534, 37.262375 ], [ -113.360535, 37.258901 ], [ -113.367303, 37.258872 ], [ -113.369032, 37.25887 ], [ -113.369297, 37.258836 ], [ -113.372303, 37.256316 ], [ -113.371569, 37.255584 ], [ -113.369121, 37.255866 ], [ -113.370257, 37.253599 ], [ -113.369447, 37.253365 ], [ -113.369443, 37.253241 ], [ -113.369449, 37.25247 ], [ -113.369505, 37.251623 ], [ -113.366096, 37.251625 ], [ -113.360072, 37.251667 ], [ -113.360043, 37.247738 ], [ -113.364643, 37.247734 ], [ -113.364642, 37.249673 ], [ -113.366583, 37.249712 ], [ -113.366451, 37.250346 ], [ -113.370391, 37.251479 ], [ -113.370757, 37.250451 ], [ -113.368872, 37.249783 ], [ -113.369212, 37.248866 ], [ -113.370286, 37.245841 ], [ -113.368532, 37.245402 ], [ -113.368818, 37.244608 ], [ -113.366825, 37.243837 ], [ -113.365213, 37.242452 ], [ -113.361393, 37.241925 ], [ -113.360997, 37.241545 ], [ -113.357877, 37.242568 ], [ -113.357859, 37.24228 ], [ -113.357846, 37.242079 ], [ -113.359726, 37.241586 ], [ -113.362818, 37.240011 ], [ -113.365565, 37.237637 ], [ -113.366836, 37.236533 ], [ -113.367194, 37.236525 ], [ -113.366412, 37.237242 ], [ -113.368745, 37.237964 ], [ -113.3699, 37.236466 ], [ -113.371524, 37.236602 ], [ -113.373197, 37.233339 ], [ -113.374715, 37.233383 ], [ -113.375977, 37.232827 ], [ -113.376376, 37.231505 ], [ -113.376094, 37.229013 ], [ -113.374134, 37.229101 ], [ -113.373855, 37.229116 ], [ -113.382147, 37.2225 ], [ -113.384709, 37.220188 ], [ -113.387936, 37.216767 ], [ -113.389614, 37.214608 ], [ -113.391565, 37.211932 ], [ -113.394625, 37.207093 ], [ -113.395004, 37.206485 ] ] ] ] } },
{ "type": "Feature", "properties": { "id": 53, "NAME": "53", "TotalPop": 43355, "PopDevPct": -0.00611044, "DemPct": 0.12970208, "RepPct": 0.85344568, "WhitePct": 0.86781216, "MinorityPct": 0.13218784, "BlackPct": 0.00442579, "HispanicPct": 0.09118422, "PacificPct": 0.00384002, "AsianPct": 0.01086921, "NativePct": 0.0257737, "TotalVAP": 30729, "Margin": -0.7237436, "color": "#960018", "opacity": "0.5", "DemPct2": 0.12522934, "RepPct2": 0.85209578, "Margin2": -0.72686644, "Swing": 0.0031228400000000711, "R_Margin": -0.5250345496, "R_Margin2": -0.52231931413333332, "R_Swing": -0.0027152354666665924, "Majority": "White" }, "geometry": { "type": "MultiPolygon", "coordinates": [ [ [ [ -114.051763, 37.724038 ], [ -114.052011, 37.679591 ], [ -114.051849, 37.6642 ], [ -114.052128, 37.650035 ], [ -114.052242, 37.632309 ], [ -114.052304, 37.618878 ], [ -114.052264, 37.607046 ], [ -114.05235, 37.604776 ], [ -114.052806, 37.593913 ], [ -114.052867, 37.58827 ], [ -114.052824, 37.574252 ], [ -114.052885, 37.549262 ], [ -114.052818, 37.531031 ], [ -114.05269, 37.518005 ], [ -114.052701, 37.492014 ], [ -114.052662, 37.482886 ], [ -114.052794, 37.47234 ], [ -114.052779, 37.47192 ], [ -114.052635, 37.464071 ], [ -114.052813, 37.442905 ], [ -114.052807, 37.434149 ], [ -114.051945, 37.418218 ], [ -114.051916, 37.416672 ], [ -114.051864, 37.361298 ], [ -114.051818, 37.347264 ], [ -114.051754, 37.331284 ], [ -114.05189, 37.31995 ], [ -114.051626, 37.303905 ], [ -114.051665, 37.302972 ], [ -114.051868, 37.296336 ], [ -114.05196, 37.284484 ], [ -114.051801, 37.273119 ], [ -114.051676, 37.257753 ], [ -114.051741, 37.250035 ], [ -114.051704, 37.23392 ], [ -114.051712, 37.208151 ], [ -114.051615, 37.184152 ], [ -114.051674, 37.172467 ], [ -114.051889, 37.162463 ], [ -114.051908, 37.14776 ], [ -114.051866, 37.134387 ], [ -114.051914, 37.122766 ], [ -114.052423, 37.1179 ], [ -114.052541, 37.112881 ], [ -114.052317, 37.098469 ], [ -114.051816, 37.091821 ], [ -114.0514, 37.089834 ], [ -114.051633, 37.088591 ], [ -114.05118, 37.080443 ], [ -114.050881, 37.074976 ], [ -114.05016, 37.023164 ], [ -114.050072, 37.014095 ], [ -114.050052, 37.000191 ], [ -114.004345, 37.000172 ], [ -113.935096, 37.000192 ], [ -113.915907, 37.000192 ], [ -113.899501, 37.000178 ], [ -113.874257, 37.000164 ], [ -113.844505, 37.000144 ], [ -113.768883, 37.000114 ], [ -113.733555, 37.000083 ], [ -113.703769, 37.000074 ], [ -113.624309, 37.000015 ], [ -113.622415, 37.000013 ], [ -113.622419, 37.002971 ], [ -113.622441, 37.01953 ], [ -113.623769, 37.019529 ], [ -113.624281, 37.022246 ], [ -113.626499, 37.023121 ], [ -113.640054, 37.023243 ], [ -113.640155, 37.02312 ], [ -113.640564, 37.023121 ], [ -113.640621, 37.037965 ], [ -113.640663, 37.052374 ], [ -113.64067, 37.055681 ], [ -113.640656, 37.066093 ], [ -113.640653, 37.066637 ], [ -113.642777, 37.066635 ], [ -113.649709, 37.066633 ], [ -113.649697, 37.077513 ], [ -113.645844, 37.077514 ], [ -113.640756, 37.077515 ], [ -113.640765, 37.082757 ], [ -113.627157, 37.082705 ], [ -113.627091, 37.08087 ], [ -113.621083, 37.080838 ], [ -113.614725, 37.080832 ], [ -113.61468, 37.081182 ], [ -113.613494, 37.080924 ], [ -113.610343, 37.080985 ], [ -113.608736, 37.080694 ], [ -113.608753, 37.081474 ], [ -113.60881, 37.084006 ], [ -113.607734, 37.08522 ], [ -113.608196, 37.08562 ], [ -113.609462, 37.084507 ], [ -113.619681, 37.084494 ], [ -113.62073, 37.084495 ], [ -113.622413, 37.084499 ], [ -113.622917, 37.084498 ], [ -113.623345, 37.0845 ], [ -113.626695, 37.084512 ], [ -113.636194, 37.08455 ], [ -113.636195, 37.088205 ], [ -113.63716, 37.08821 ], [ -113.640765, 37.088227 ], [ -113.64077, 37.095539 ], [ -113.649756, 37.095563 ], [ -113.649588, 37.096691 ], [ -113.649856, 37.105815 ], [ -113.649861, 37.105953 ], [ -113.649866, 37.106539 ], [ -113.649701, 37.106538 ], [ -113.648927, 37.106513 ], [ -113.648503, 37.106521 ], [ -113.645202, 37.106516 ], [ -113.645194, 37.107555 ], [ -113.645191, 37.109276 ], [ -113.645178, 37.110155 ], [ -113.646458, 37.110163 ], [ -113.648374, 37.110195 ], [ -113.650199, 37.110192 ], [ -113.651221, 37.11019 ], [ -113.677023, 37.110162 ], [ -113.677349, 37.120064 ], [ -113.677703, 37.131015 ], [ -113.676803, 37.131586 ], [ -113.671486, 37.131631 ], [ -113.671519, 37.133946 ], [ -113.671505, 37.134146 ], [ -113.671135, 37.134208 ], [ -113.670462, 37.134303 ], [ -113.669819, 37.134393 ], [ -113.669838, 37.134878 ], [ -113.669879, 37.142218 ], [ -113.670175, 37.142684 ], [ -113.672498, 37.145371 ], [ -113.673544, 37.146194 ], [ -113.674677, 37.146159 ], [ -113.674623, 37.147094 ], [ -113.678505, 37.150165 ], [ -113.683528, 37.150135 ], [ -113.688496, 37.150109 ], [ -113.688492, 37.147978 ], [ -113.693143, 37.147974 ], [ -113.693143, 37.150092 ], [ -113.697765, 37.150128 ], [ -113.697802, 37.156699 ], [ -113.697892, 37.162263 ], [ -113.701715, 37.165201 ], [ -113.705523, 37.168125 ], [ -113.706941, 37.168123 ], [ -113.70749, 37.169598 ], [ -113.712193, 37.172831 ], [ -113.713865, 37.174043 ], [ -113.715161, 37.175412 ], [ -113.71607, 37.175381 ], [ -113.716071, 37.17647 ], [ -113.716084, 37.178849 ], [ -113.716065, 37.183164 ], [ -113.71607, 37.186691 ], [ -113.716067, 37.198999 ], [ -113.716066, 37.208013 ], [ -113.711528, 37.208013 ], [ -113.711533, 37.20575 ], [ -113.711535, 37.204369 ], [ -113.70477, 37.204407 ], [ -113.702454, 37.204387 ], [ -113.70245, 37.206327 ], [ -113.702451, 37.208012 ], [ -113.697912, 37.208012 ], [ -113.69789, 37.198916 ], [ -113.698003, 37.193921 ], [ -113.692525, 37.193915 ], [ -113.692525, 37.197541 ], [ -113.687973, 37.197558 ], [ -113.687973, 37.190272 ], [ -113.683438, 37.190272 ], [ -113.683438, 37.187604 ], [ -113.683438, 37.181549 ], [ -113.683438, 37.181279 ], [ -113.683442, 37.17938 ], [ -113.678914, 37.179378 ], [ -113.67891, 37.175755 ], [ -113.674381, 37.175763 ], [ -113.665672, 37.175777 ], [ -113.660797, 37.175785 ], [ -113.660733, 37.177135 ], [ -113.660817, 37.193867 ], [ -113.656285, 37.193865 ], [ -113.656284, 37.186623 ], [ -113.651762, 37.186632 ], [ -113.651778, 37.179406 ], [ -113.644741, 37.179391 ], [ -113.639338, 37.179418 ], [ -113.634913, 37.179419 ], [ -113.633637, 37.179419 ], [ -113.633622, 37.175762 ], [ -113.629087, 37.175807 ], [ -113.629115, 37.183229 ], [ -113.629214, 37.186313 ], [ -113.631717, 37.189127 ], [ -113.631198, 37.190131 ], [ -113.631275, 37.191934 ], [ -113.631985, 37.192443 ], [ -113.634015, 37.193896 ], [ -113.638197, 37.193897 ], [ -113.638204, 37.19752 ], [ -113.633691, 37.197741 ], [ -113.632789, 37.199117 ], [ -113.63152, 37.199398 ], [ -113.630039, 37.201066 ], [ -113.629143, 37.201378 ], [ -113.629148, 37.208762 ], [ -113.628544, 37.207602 ], [ -113.625481, 37.200858 ], [ -113.624153, 37.200958 ], [ -113.624265, 37.200084 ], [ -113.621481, 37.200087 ], [ -113.618942, 37.200091 ], [ -113.616009, 37.200094 ], [ -113.615996, 37.205547 ], [ -113.613778, 37.205547 ], [ -113.613778, 37.204809 ], [ -113.611169, 37.2048 ], [ -113.608132, 37.204262 ], [ -113.607767, 37.204915 ], [ -113.606506, 37.204801 ], [ -113.597825, 37.204959 ], [ -113.597431, 37.183046 ], [ -113.606484, 37.183048 ], [ -113.606402, 37.168552 ], [ -113.605672, 37.16855 ], [ -113.605646, 37.15992 ], [ -113.605633, 37.156844 ], [ -113.605633, 37.153679 ], [ -113.605615, 37.146788 ], [ -113.601009, 37.146831 ], [ -113.600989, 37.139552 ], [ -113.575206, 37.139687 ], [ -113.569215, 37.139709 ], [ -113.566372, 37.139715 ], [ -113.565548, 37.139721 ], [ -113.55006, 37.139839 ], [ -113.55007, 37.12883 ], [ -113.549495, 37.128838 ], [ -113.549336, 37.128839 ], [ -113.536484, 37.128911 ], [ -113.536355, 37.13364 ], [ -113.5344, 37.133622 ], [ -113.534425, 37.139436 ], [ -113.534425, 37.142965 ], [ -113.532964, 37.144052 ], [ -113.532241, 37.147127 ], [ -113.534029, 37.14814 ], [ -113.534729, 37.149338 ], [ -113.534134, 37.150021 ], [ -113.534339, 37.151439 ], [ -113.535752, 37.153101 ], [ -113.53474, 37.154471 ], [ -113.534747, 37.158956 ], [ -113.532153, 37.15972 ], [ -113.532195, 37.161273 ], [ -113.53225, 37.16952 ], [ -113.53345, 37.17001 ], [ -113.533351, 37.176758 ], [ -113.524182, 37.176802 ], [ -113.524287, 37.191267 ], [ -113.518741, 37.191257 ], [ -113.506198, 37.191236 ], [ -113.506187, 37.183999 ], [ -113.499614, 37.183972 ], [ -113.47904, 37.183908 ], [ -113.457726, 37.183654 ], [ -113.441227, 37.183888 ], [ -113.441238, 37.171429 ], [ -113.441219, 37.170746 ], [ -113.432448, 37.174397 ], [ -113.427798, 37.176045 ], [ -113.423906, 37.177183 ], [ -113.420576, 37.178217 ], [ -113.415338, 37.180673 ], [ -113.412987, 37.182222 ], [ -113.410644, 37.18428 ], [ -113.408529, 37.186668 ], [ -113.403385, 37.193345 ], [ -113.401202, 37.196762 ], [ -113.395004, 37.206485 ], [ -113.394625, 37.207093 ], [ -113.391565, 37.211932 ], [ -113.389614, 37.214608 ], [ -113.387936, 37.216767 ], [ -113.384709, 37.220188 ], [ -113.382147, 37.2225 ], [ -113.373855, 37.229116 ], [ -113.374134, 37.229101 ], [ -113.376094, 37.229013 ], [ -113.376376, 37.231505 ], [ -113.375977, 37.232827 ], [ -113.374715, 37.233383 ], [ -113.373197, 37.233339 ], [ -113.371524, 37.236602 ], [ -113.3699, 37.236466 ], [ -113.368745, 37.237964 ], [ -113.366412, 37.237242 ], [ -113.367194, 37.236525 ], [ -113.366836, 37.236533 ], [ -113.365565, 37.237637 ], [ -113.362818, 37.240011 ], [ -113.359726, 37.241586 ], [ -113.357846, 37.242079 ], [ -113.357859, 37.24228 ], [ -113.357877, 37.242568 ], [ -113.360997, 37.241545 ], [ -113.361393, 37.241925 ], [ -113.365213, 37.242452 ], [ -113.366825, 37.243837 ], [ -113.368818, 37.244608 ], [ -113.368532, 37.245402 ], [ -113.370286, 37.245841 ], [ -113.369212, 37.248866 ], [ -113.368872, 37.249783 ], [ -113.370757, 37.250451 ], [ -113.370391, 37.251479 ], [ -113.366451, 37.250346 ], [ -113.366583, 37.249712 ], [ -113.364642, 37.249673 ], [ -113.364643, 37.247734 ], [ -113.360043, 37.247738 ], [ -113.360072, 37.251667 ], [ -113.366096, 37.251625 ], [ -113.369505, 37.251623 ], [ -113.369449, 37.25247 ], [ -113.369443, 37.253241 ], [ -113.369447, 37.253365 ], [ -113.370257, 37.253599 ], [ -113.369121, 37.255866 ], [ -113.371569, 37.255584 ], [ -113.372303, 37.256316 ], [ -113.369297, 37.258836 ], [ -113.369032, 37.25887 ], [ -113.367303, 37.258872 ], [ -113.360535, 37.258901 ], [ -113.360534, 37.262375 ], [ -113.355951, 37.262364 ], [ -113.355939, 37.265986 ], [ -113.346874, 37.265968 ], [ -113.346884, 37.25898 ], [ -113.352887, 37.258955 ], [ -113.353049, 37.25154 ], [ -113.355655, 37.251563 ], [ -113.355639, 37.247779 ], [ -113.348232, 37.247832 ], [ -113.347249, 37.248473 ], [ -113.347342, 37.25136 ], [ -113.345188, 37.250658 ], [ -113.344712, 37.250117 ], [ -113.344516, 37.249833 ], [ -113.344014, 37.250168 ], [ -113.34248, 37.251209 ], [ -113.343597, 37.251552 ], [ -113.343578, 37.25897 ], [ -113.331959, 37.258917 ], [ -113.337636, 37.255154 ], [ -113.337024, 37.254756 ], [ -113.336844, 37.254639 ], [ -113.336253, 37.254255 ], [ -113.342622, 37.25009 ], [ -113.342812, 37.249967 ], [ -113.343622, 37.249289 ], [ -113.343697, 37.244091 ], [ -113.344393, 37.244079 ], [ -113.344402, 37.242653 ], [ -113.343686, 37.242651 ], [ -113.345082, 37.240397 ], [ -113.343713, 37.240389 ], [ -113.343729, 37.236688 ], [ -113.338884, 37.236779 ], [ -113.33884, 37.239414 ], [ -113.337874, 37.239661 ], [ -113.338383, 37.240862 ], [ -113.336906, 37.241103 ], [ -113.336946, 37.243219 ], [ -113.338693, 37.243166 ], [ -113.338681, 37.244205 ], [ -113.338381, 37.244691 ], [ -113.333779, 37.244793 ], [ -113.333963, 37.251632 ], [ -113.331616, 37.251708 ], [ -113.331797, 37.255296 ], [ -113.324781, 37.255277 ], [ -113.324806, 37.258898 ], [ -113.324161, 37.258896 ], [ -113.324168, 37.262341 ], [ -113.326099, 37.262341 ], [ -113.327282, 37.262344 ], [ -113.327765, 37.262346 ], [ -113.328284, 37.262347 ], [ -113.328504, 37.281341 ], [ -113.328602, 37.288531 ], [ -113.313502, 37.287677 ], [ -113.310515, 37.287666 ], [ -113.310479, 37.294505 ], [ -113.31044, 37.302233 ], [ -113.301347, 37.30222 ], [ -113.301353, 37.3027 ], [ -113.30137, 37.327024 ], [ -113.301373, 37.335945 ], [ -113.301404, 37.348041 ], [ -113.290105, 37.348036 ], [ -113.285458, 37.348034 ], [ -113.27763, 37.348033 ], [ -113.277613, 37.338628 ], [ -113.281223, 37.333534 ], [ -113.282143, 37.333533 ], [ -113.283187, 37.331301 ], [ -113.287726, 37.331308 ], [ -113.287724, 37.327369 ], [ -113.287727, 37.323371 ], [ -113.287007, 37.324046 ], [ -113.286511, 37.324043 ], [ -113.28493, 37.324046 ], [ -113.274076, 37.32406 ], [ -113.274091, 37.314834 ], [ -113.274107, 37.302264 ], [ -113.289723, 37.302246 ], [ -113.292277, 37.302244 ], [ -113.292281, 37.301373 ], [ -113.292342, 37.287723 ], [ -113.292177, 37.287597 ], [ -113.275729, 37.287586 ], [ -113.275292, 37.289158 ], [ -113.276925, 37.28936 ], [ -113.276813, 37.292574 ], [ -113.274196, 37.296312 ], [ -113.272745, 37.297218 ], [ -113.268486, 37.3029 ], [ -113.267331, 37.303565 ], [ -113.264427, 37.30823 ], [ -113.262934, 37.311218 ], [ -113.26342, 37.312182 ], [ -113.263473, 37.31431 ], [ -113.262927, 37.315997 ], [ -113.262663, 37.31908 ], [ -113.259241, 37.326203 ], [ -113.256602, 37.330093 ], [ -113.256008, 37.331759 ], [ -113.256217, 37.33324 ], [ -113.257218, 37.33429 ], [ -113.258798, 37.335088 ], [ -113.257741, 37.338913 ], [ -113.255967, 37.340083 ], [ -113.25598, 37.34056 ], [ -113.253889, 37.342845 ], [ -113.250424, 37.345355 ], [ -113.248758, 37.346116 ], [ -113.248139, 37.34695 ], [ -113.24518, 37.348804 ], [ -113.243279, 37.349624 ], [ -113.241592, 37.354225 ], [ -113.242097, 37.355835 ], [ -113.241512, 37.358668 ], [ -113.241718, 37.360097 ], [ -113.238959, 37.362863 ], [ -113.23809, 37.365795 ], [ -113.235473, 37.367916 ], [ -113.235411, 37.36954 ], [ -113.235085, 37.37095 ], [ -113.233775, 37.372462 ], [ -113.231697, 37.372915 ], [ -113.230084, 37.375674 ], [ -113.230059, 37.378898 ], [ -113.226999, 37.382336 ], [ -113.226747, 37.383407 ], [ -113.225235, 37.385309 ], [ -113.223447, 37.386933 ], [ -113.220009, 37.387853 ], [ -113.217729, 37.391077 ], [ -113.217301, 37.392727 ], [ -113.216167, 37.39386 ], [ -113.215248, 37.397362 ], [ -113.216369, 37.399175 ], [ -113.216155, 37.400334 ], [ -113.215006, 37.402429 ], [ -113.20589, 37.402394 ], [ -113.205889, 37.387896 ], [ -113.196807, 37.387894 ], [ -113.196075, 37.387888 ], [ -113.196803, 37.388853 ], [ -113.195989, 37.389994 ], [ -113.193861, 37.391171 ], [ -113.193069, 37.392796 ], [ -113.191429, 37.393243 ], [ -113.191351, 37.396223 ], [ -113.190801, 37.397903 ], [ -113.189199, 37.397993 ], [ -113.188785, 37.400325 ], [ -113.187458, 37.40086 ], [ -113.187785, 37.40242 ], [ -113.186874, 37.403288 ], [ -113.186601, 37.404804 ], [ -113.185868, 37.403982 ], [ -113.184334, 37.404742 ], [ -113.181342, 37.405132 ], [ -113.180594, 37.404953 ], [ -113.177975, 37.406293 ], [ -113.177295, 37.406178 ], [ -113.167757, 37.410678 ], [ -113.160213, 37.4115 ], [ -113.158253, 37.411633 ], [ -113.150617, 37.415535 ], [ -113.146286, 37.417225 ], [ -113.145528, 37.417003 ], [ -113.142827, 37.417233 ], [ -113.140666, 37.418065 ], [ -113.139489, 37.42028 ], [ -113.140209, 37.421601 ], [ -113.138181, 37.421731 ], [ -113.136684, 37.423368 ], [ -113.13636, 37.424555 ], [ -113.136738, 37.427685 ], [ -113.136464, 37.42797 ], [ -113.137046, 37.429053 ], [ -113.136546, 37.431589 ], [ -113.135546, 37.434206 ], [ -113.135775, 37.435251 ], [ -113.137987, 37.436969 ], [ -113.137681, 37.439018 ], [ -113.13937, 37.441955 ], [ -113.140394, 37.44309 ], [ -113.142325, 37.444368 ], [ -113.142713, 37.445327 ], [ -113.144496, 37.445331 ], [ -113.145319, 37.452035 ], [ -113.146278, 37.459292 ], [ -113.14598, 37.46575 ], [ -113.146021, 37.468758 ], [ -113.146281, 37.474079 ], [ -113.146084, 37.474298 ], [ -113.141958, 37.474308 ], [ -113.093339, 37.47439 ], [ -113.091173, 37.474387 ], [ -113.086449, 37.474395 ], [ -113.078937, 37.474414 ], [ -113.076073, 37.47442 ], [ -113.074011, 37.474418 ], [ -113.070765, 37.474433 ], [ -113.062571, 37.474445 ], [ -113.061591, 37.474449 ], [ -113.043181, 37.474468 ], [ -113.04263, 37.474469 ], [ -113.037048, 37.474474 ], [ -113.037055, 37.480733 ], [ -113.037088, 37.499748 ], [ -113.027062, 37.499749 ], [ -112.998882, 37.49977 ], [ -112.954921, 37.499823 ], [ -112.949033, 37.499859 ], [ -112.924265, 37.499957 ], [ -112.900993, 37.500021 ], [ -112.900924, 37.500954 ], [ -112.901026, 37.519684 ], [ -112.901162, 37.543486 ], [ -112.89909, 37.543483 ], [ -112.885314, 37.543401 ], [ -112.844043, 37.543459 ], [ -112.838186, 37.543476 ], [ -112.817286, 37.543532 ], [ -112.784847, 37.543484 ], [ -112.71642, 37.543629 ], [ -112.714788, 37.543653 ], [ -112.68375, 37.543692 ], [ -112.683846, 37.549677 ], [ -112.684036, 37.57269 ], [ -112.683446, 37.596906 ], [ -112.683541, 37.617619 ], [ -112.683635, 37.631845 ], [ -112.685212, 37.632358 ], [ -112.685568, 37.642695 ], [ -112.686062, 37.653579 ], [ -112.686351, 37.659851 ], [ -112.685666, 37.687335 ], [ -112.68585, 37.693346 ], [ -112.685854, 37.694652 ], [ -112.686045, 37.706852 ], [ -112.685757, 37.717338 ], [ -112.688991, 37.717215 ], [ -112.689159, 37.726237 ], [ -112.689128, 37.728396 ], [ -112.689112, 37.745975 ], [ -112.689181, 37.756895 ], [ -112.689166, 37.780444 ], [ -112.689221, 37.80559 ], [ -112.6801, 37.805565 ], [ -112.672132, 37.80553 ], [ -112.656434, 37.806215 ], [ -112.643394, 37.806701 ], [ -112.608172, 37.805595 ], [ -112.598709, 37.805258 ], [ -112.582419, 37.804677 ], [ -112.57855, 37.80454 ], [ -112.578526, 37.816754 ], [ -112.57844, 37.861941 ], [ -112.578427, 37.868372 ], [ -112.578419, 37.874039 ], [ -112.578408, 37.880385 ], [ -112.578397, 37.882147 ], [ -112.588468, 37.882208 ], [ -112.588402, 37.890423 ], [ -112.568454, 37.890417 ], [ -112.500804, 37.890401 ], [ -112.473732, 37.890426 ], [ -112.468177, 37.890464 ], [ -112.468018, 37.897258 ], [ -112.468041, 37.897795 ], [ -112.467513, 37.926489 ], [ -112.467377, 37.933896 ], [ -112.466936, 37.956918 ], [ -112.466946, 37.965036 ], [ -112.466966, 37.977659 ], [ -112.478965, 37.977677 ], [ -112.478913, 37.986897 ], [ -112.478886, 37.991776 ], [ -112.478656, 37.999974 ], [ -112.4787, 38.045529 ], [ -112.478701, 38.047192 ], [ -112.478703, 38.049726 ], [ -112.47873, 38.084713 ], [ -112.478821, 38.108533 ], [ -112.478625, 38.120687 ], [ -112.47868, 38.147419 ], [ -112.473444, 38.147433 ], [ -112.473446, 38.148858 ], [ -112.46243, 38.150001 ], [ -112.444214, 38.150001 ], [ -112.443994, 38.151348 ], [ -112.440969, 38.15134 ], [ -112.439148, 38.152453 ], [ -112.436837, 38.153125 ], [ -112.433651, 38.153463 ], [ -112.432385, 38.154716 ], [ -112.432264, 38.156998 ], [ -112.434031, 38.16214 ], [ -112.43491, 38.163594 ], [ -112.433592, 38.164865 ], [ -112.429893, 38.165827 ], [ -112.427939, 38.166689 ], [ -112.426294, 38.166757 ], [ -112.423339, 38.170208 ], [ -112.422454, 38.170824 ], [ -112.422442, 38.173299 ], [ -112.424284, 38.180945 ], [ -112.423875, 38.181946 ], [ -112.42194, 38.183704 ], [ -112.41895, 38.184078 ], [ -112.416775, 38.185904 ], [ -112.412665, 38.188242 ], [ -112.410527, 38.188569 ], [ -112.40968, 38.192404 ], [ -112.408352, 38.193681 ], [ -112.405862, 38.194316 ], [ -112.405104, 38.195568 ], [ -112.403355, 38.196476 ], [ -112.401842, 38.196639 ], [ -112.400492, 38.198612 ], [ -112.397845, 38.19935 ], [ -112.395054, 38.205984 ], [ -112.392283, 38.205927 ], [ -112.389686, 38.206874 ], [ -112.388883, 38.207688 ], [ -112.386991, 38.208402 ], [ -112.383904, 38.210631 ], [ -112.380594, 38.211272 ], [ -112.377271, 38.210525 ], [ -112.375493, 38.210699 ], [ -112.371553, 38.212016 ], [ -112.368814, 38.214499 ], [ -112.367045, 38.215223 ], [ -112.36493, 38.215121 ], [ -112.364613, 38.216499 ], [ -112.363516, 38.21803 ], [ -112.362278, 38.218723 ], [ -112.360138, 38.221967 ], [ -112.357627, 38.224118 ], [ -112.35706, 38.224958 ], [ -112.363234, 38.227064 ], [ -112.364434, 38.228078 ], [ -112.367076, 38.231423 ], [ -112.368323, 38.23266 ], [ -112.371153, 38.23451 ], [ -112.371922, 38.236452 ], [ -112.371076, 38.237106 ], [ -112.371581, 38.238281 ], [ -112.373351, 38.239247 ], [ -112.37468, 38.2391 ], [ -112.375581, 38.242361 ], [ -112.377696, 38.242706 ], [ -112.379847, 38.244366 ], [ -112.380583, 38.247372 ], [ -112.38074, 38.250839 ], [ -112.378704, 38.252986 ], [ -112.377145, 38.254325 ], [ -112.374645, 38.25666 ], [ -112.373049, 38.257522 ], [ -112.37116, 38.257661 ], [ -112.370237, 38.25928 ], [ -112.368038, 38.260306 ], [ -112.366802, 38.265358 ], [ -112.362502, 38.272342 ], [ -112.360694, 38.274027 ], [ -112.355925, 38.276791 ], [ -112.352224, 38.279946 ], [ -112.350698, 38.281798 ], [ -112.349325, 38.284846 ], [ -112.347729, 38.289478 ], [ -112.34701, 38.291293 ], [ -112.347239, 38.294166 ], [ -112.34791, 38.295915 ], [ -112.347656, 38.297234 ], [ -112.349327, 38.299851 ], [ -112.349087, 38.302859 ], [ -112.348604, 38.304892 ], [ -112.346695, 38.306789 ], [ -112.342548, 38.308571 ], [ -112.341972, 38.309578 ], [ -112.340033, 38.310707 ], [ -112.338853, 38.311851 ], [ -112.338964, 38.313037 ], [ -112.340666, 38.313545 ], [ -112.341607, 38.314917 ], [ -112.340829, 38.317111 ], [ -112.341659, 38.319296 ], [ -112.340876, 38.322153 ], [ -112.340029, 38.32365 ], [ -112.340821, 38.325523 ], [ -112.33893, 38.330169 ], [ -112.33551, 38.332344 ], [ -112.335605, 38.33339 ], [ -112.336535, 38.334607 ], [ -112.338662, 38.3389 ], [ -112.338433, 38.340466 ], [ -112.339825, 38.341698 ], [ -112.340429, 38.343174 ], [ -112.342701, 38.345401 ], [ -112.343485, 38.347267 ], [ -112.347615, 38.349044 ], [ -112.351572, 38.348921 ], [ -112.352706, 38.349442 ], [ -112.353054, 38.350788 ], [ -112.355438, 38.352216 ], [ -112.358192, 38.353199 ], [ -112.360832, 38.354875 ], [ -112.362637, 38.356814 ], [ -112.364082, 38.359704 ], [ -112.363091, 38.360913 ], [ -112.363103, 38.36181 ], [ -112.365188, 38.363508 ], [ -112.36615, 38.365605 ], [ -112.367372, 38.367001 ], [ -112.369487, 38.36842 ], [ -112.371375, 38.369238 ], [ -112.37231, 38.371405 ], [ -112.373088, 38.372066 ], [ -112.374195, 38.374324 ], [ -112.373528, 38.375652 ], [ -112.37394, 38.376864 ], [ -112.374826, 38.37739 ], [ -112.376021, 38.37711 ], [ -112.379272, 38.379491 ], [ -112.380346, 38.379889 ], [ -112.384492, 38.379529 ], [ -112.386748, 38.379959 ], [ -112.388767, 38.379765 ], [ -112.391589, 38.380692 ], [ -112.393542, 38.382403 ], [ -112.394083, 38.383736 ], [ -112.397949, 38.386354 ], [ -112.398181, 38.388441 ], [ -112.399828, 38.391281 ], [ -112.400919, 38.392689 ], [ -112.403795, 38.394757 ], [ -112.403576, 38.398325 ], [ -112.403863, 38.400453 ], [ -112.401535, 38.402112 ], [ -112.398748, 38.403042 ], [ -112.397749, 38.404081 ], [ -112.397912, 38.406589 ], [ -112.399243, 38.406731 ], [ -112.400345, 38.408038 ], [ -112.402228, 38.412756 ], [ -112.403259, 38.41482 ], [ -112.403034, 38.415601 ], [ -112.407194, 38.416905 ], [ -112.410787, 38.418803 ], [ -112.412492, 38.419364 ], [ -112.417048, 38.419507 ], [ -112.41911, 38.416527 ], [ -112.420255, 38.414165 ], [ -112.420942, 38.411219 ], [ -112.421944, 38.410398 ], [ -112.423871, 38.409803 ], [ -112.424622, 38.40907 ], [ -112.425534, 38.406797 ], [ -112.427672, 38.405465 ], [ -112.429654, 38.404901 ], [ -112.432557, 38.403467 ], [ -112.433645, 38.401981 ], [ -112.436405, 38.402024 ], [ -112.437509, 38.403091 ], [ -112.440317, 38.403823 ], [ -112.444081, 38.405646 ], [ -112.445852, 38.407643 ], [ -112.446419, 38.410029 ], [ -112.448417, 38.412883 ], [ -112.450424, 38.41781 ], [ -112.451568, 38.419238 ], [ -112.452236, 38.421984 ], [ -112.452166, 38.423272 ], [ -112.452824, 38.425012 ], [ -112.452224, 38.427372 ], [ -112.453011, 38.429232 ], [ -112.456708, 38.432191 ], [ -112.45865, 38.43442 ], [ -112.460601, 38.434891 ], [ -112.461488, 38.436264 ], [ -112.462705, 38.436686 ], [ -112.466665, 38.438776 ], [ -112.467404, 38.439884 ], [ -112.468614, 38.439676 ], [ -112.470267, 38.440114 ], [ -112.471218, 38.441951 ], [ -112.472815, 38.443962 ], [ -112.476738, 38.445539 ], [ -112.479229, 38.448049 ], [ -112.483032, 38.448868 ], [ -112.485822, 38.449123 ], [ -112.486406, 38.448774 ], [ -112.487987, 38.449335 ], [ -112.488026, 38.451231 ], [ -112.489606, 38.45282 ], [ -112.49128, 38.452884 ], [ -112.493381, 38.451625 ], [ -112.497186, 38.455571 ], [ -112.496568, 38.457295 ], [ -112.501055, 38.463073 ], [ -112.501142, 38.465361 ], [ -112.501932, 38.466148 ], [ -112.503819, 38.465948 ], [ -112.506358, 38.467064 ], [ -112.50992, 38.467735 ], [ -112.510408, 38.469409 ], [ -112.51164, 38.47161 ], [ -112.513407, 38.475832 ], [ -112.51804, 38.47749 ], [ -112.519142, 38.478709 ], [ -112.519522, 38.479902 ], [ -112.518982, 38.481248 ], [ -112.515746, 38.484033 ], [ -112.512185, 38.485084 ], [ -112.512048, 38.485933 ], [ -112.510167, 38.488377 ], [ -112.510272, 38.48984 ], [ -112.512476, 38.492416 ], [ -112.515878, 38.494192 ], [ -112.517152, 38.497487 ], [ -112.518822, 38.500029 ], [ -112.516899, 38.501316 ], [ -112.515307, 38.501393 ], [ -112.514147, 38.502251 ], [ -112.516165, 38.503204 ], [ -112.517384, 38.506928 ], [ -112.518611, 38.508899 ], [ -112.518495, 38.510413 ], [ -112.51816, 38.511543 ], [ -112.519091, 38.513918 ], [ -112.519405, 38.515769 ], [ -112.521952, 38.517715 ], [ -112.522191, 38.521717 ], [ -112.519211, 38.523486 ], [ -112.517351, 38.525821 ], [ -112.515803, 38.530617 ], [ -112.515716, 38.532935 ], [ -112.516387, 38.536498 ], [ -112.51582, 38.541696 ], [ -112.517156, 38.544144 ], [ -112.517635, 38.546197 ], [ -112.51738, 38.547165 ], [ -112.517365, 38.55054 ], [ -112.516885, 38.551461 ], [ -112.517192, 38.55456 ], [ -112.516522, 38.555994 ], [ -112.515406, 38.556441 ], [ -112.516144, 38.559891 ], [ -112.517444, 38.561429 ], [ -112.517963, 38.562979 ], [ -112.517952, 38.56481 ], [ -112.518473, 38.566124 ], [ -112.518332, 38.567918 ], [ -112.515519, 38.571344 ], [ -112.515394, 38.572845 ], [ -112.51239, 38.571358 ], [ -112.503148, 38.571377 ], [ -112.503115, 38.588175 ], [ -112.503097, 38.593356 ], [ -112.503097, 38.593471 ], [ -112.503074, 38.600568 ], [ -112.484788, 38.600632 ], [ -112.484634, 38.615166 ], [ -112.484566, 38.63155 ], [ -112.484444, 38.644647 ], [ -112.475185, 38.644675 ], [ -112.475341, 38.659257 ], [ -112.466156, 38.659267 ], [ -112.466001, 38.673917 ], [ -112.447667, 38.673923 ], [ -112.447517, 38.68127 ], [ -112.424577, 38.681357 ], [ -112.4198, 38.681388 ], [ -112.401176, 38.680972 ], [ -112.384245, 38.68331 ], [ -112.372775, 38.683881 ], [ -112.365964, 38.684218 ], [ -112.360289, 38.684 ], [ -112.356539, 38.683855 ], [ -112.356637, 38.67674 ], [ -112.347179, 38.676259 ], [ -112.335897, 38.676274 ], [ -112.318688, 38.676124 ], [ -112.309953, 38.67629 ], [ -112.30994, 38.68341 ], [ -112.294207, 38.683315 ], [ -112.291329, 38.683298 ], [ -112.291316, 38.686961 ], [ -112.28226, 38.686874 ], [ -112.282259, 38.687057 ], [ -112.282254, 38.688634 ], [ -112.282253, 38.688718 ], [ -112.28235, 38.701527 ], [ -112.273255, 38.701353 ], [ -112.273297, 38.704999 ], [ -112.261396, 38.705053 ], [ -112.258143, 38.70505 ], [ -112.255438, 38.705047 ], [ -112.2554, 38.708633 ], [ -112.255359, 38.712306 ], [ -112.251254, 38.712372 ], [ -112.24147, 38.712524 ], [ -112.241378, 38.718468 ], [ -112.241362, 38.719785 ], [ -112.239954, 38.719812 ], [ -112.236722, 38.719859 ], [ -112.236701, 38.721807 ], [ -112.236685, 38.723266 ], [ -112.23664, 38.727104 ], [ -112.218356, 38.727361 ], [ -112.218147, 38.740198 ], [ -112.21808, 38.748987 ], [ -112.219114, 38.748976 ], [ -112.219116, 38.751251 ], [ -112.219111, 38.762039 ], [ -112.219118, 38.763987 ], [ -112.228381, 38.763987 ], [ -112.228382, 38.76419 ], [ -112.228378, 38.78228 ], [ -112.228386, 38.787221 ], [ -112.228415, 38.824646 ], [ -112.228438, 38.837508 ], [ -112.227095, 38.837504 ], [ -112.224637, 38.837514 ], [ -112.224553, 38.85556 ], [ -112.224461, 38.864803 ], [ -112.223491, 38.86482 ], [ -112.212084, 38.865013 ], [ -112.206093, 38.865112 ], [ -112.199098, 38.864982 ], [ -112.188541, 38.864787 ], [ -112.18847, 38.879447 ], [ -112.171554, 38.878616 ], [ -112.170782, 38.883589 ], [ -112.169461, 38.892104 ], [ -112.169327, 38.899908 ], [ -112.169351, 38.906132 ], [ -112.15076, 38.906509 ], [ -112.150513, 38.920059 ], [ -112.151928, 38.935473 ], [ -112.134031, 38.935453 ], [ -112.133882, 38.943572 ], [ -112.133876, 38.957182 ], [ -112.133862, 38.959302 ], [ -112.112284, 38.959301 ], [ -112.103741, 38.959302 ], [ -112.087433, 38.95932 ], [ -112.065162, 38.959302 ], [ -112.065163, 38.973795 ], [ -112.065591, 38.981689 ], [ -112.06563, 38.985359 ], [ -112.065661, 38.98843 ], [ -112.056402, 38.988368 ], [ -112.056387, 38.99568 ], [ -112.04278, 38.995702 ], [ -112.022629, 38.995865 ], [ -112.018906, 38.995902 ], [ -112.018887, 38.997058 ], [ -112.018829, 39.00626 ], [ -112.018943, 39.016223 ], [ -112.019034, 39.024207 ], [ -112.014017, 39.024282 ], [ -112.013965, 39.032067 ], [ -112.014083, 39.045518 ], [ -112.014049, 39.089536 ], [ -112.014058, 39.111033 ], [ -112.01452, 39.132617 ], [ -112.014831, 39.148835 ], [ -112.015051, 39.154559 ], [ -112.015187, 39.163471 ], [ -112.016037, 39.198051 ], [ -112.015963, 39.256426 ], [ -112.015958, 39.257082 ], [ -112.016048, 39.283335 ], [ -112.01624, 39.292572 ], [ -112.015961, 39.306 ], [ -112.016003, 39.314561 ], [ -112.053421, 39.314483 ], [ -112.053423, 39.314942 ], [ -112.072218, 39.314923 ], [ -112.072218, 39.315715 ], [ -112.072108, 39.329695 ], [ -112.08198, 39.329687 ], [ -112.091857, 39.329682 ], [ -112.109608, 39.329686 ], [ -112.10962, 39.329522 ], [ -112.136444, 39.329405 ], [ -112.137293, 39.329397 ], [ -112.156245, 39.329369 ], [ -112.188922, 39.329392 ], [ -112.188907, 39.35521 ], [ -112.188907, 39.373089 ], [ -112.193596, 39.37309 ], [ -112.19381, 39.384938 ], [ -112.193756, 39.400821 ], [ -112.193424, 39.443379 ], [ -112.19329, 39.468455 ], [ -112.193277, 39.489834 ], [ -112.202626, 39.489858 ], [ -112.202633, 39.504323 ], [ -112.2073, 39.504334 ], [ -112.207294, 39.507664 ], [ -112.207285, 39.511566 ], [ -112.211961, 39.511579 ], [ -112.211973, 39.526042 ], [ -112.193242, 39.526023 ], [ -112.193292, 39.540451 ], [ -112.202666, 39.540434 ], [ -112.202672, 39.544048 ], [ -112.207346, 39.54408 ], [ -112.207353, 39.547696 ], [ -112.212029, 39.54773 ], [ -112.212045, 39.553987 ], [ -112.216441, 39.554005 ], [ -112.217648, 39.554001 ], [ -112.223782, 39.554029 ], [ -112.225504, 39.554031 ], [ -112.232381, 39.55404 ], [ -112.235962, 39.554045 ], [ -112.235958, 39.553625 ], [ -112.260872, 39.553652 ], [ -112.270185, 39.553613 ], [ -112.295486, 39.55363 ], [ -112.324317, 39.553656 ], [ -112.339119, 39.553671 ], [ -112.350601, 39.553694 ], [ -112.354467, 39.553684 ], [ -112.355071, 39.553688 ], [ -112.368248, 39.553677 ], [ -112.383568, 39.553686 ], [ -112.462423, 39.553704 ], [ -112.462419, 39.552451 ], [ -112.500871, 39.5524 ], [ -112.526627, 39.552437 ], [ -112.536857, 39.552449 ], [ -112.551438, 39.552376 ], [ -112.564974, 39.552419 ], [ -112.592196, 39.552401 ], [ -112.629539, 39.5524 ], [ -112.660217, 39.552486 ], [ -112.687255, 39.55245 ], [ -112.692676, 39.552468 ], [ -112.713084, 39.552532 ], [ -112.724487, 39.552649 ], [ -112.750788, 39.552549 ], [ -112.775986, 39.552634 ], [ -112.803046, 39.552648 ], [ -112.819825, 39.552684 ], [ -112.83279, 39.552572 ], [ -112.892865, 39.552518 ], [ -112.902833, 39.552566 ], [ -112.923426, 39.552539 ], [ -112.989533, 39.552529 ], [ -113.023652, 39.552531 ], [ -113.041057, 39.552531 ], [ -113.063598, 39.552526 ], [ -113.107475, 39.552513 ], [ -113.179812, 39.552507 ], [ -113.226302, 39.55251 ], [ -113.263209, 39.552511 ], [ -113.27318, 39.552513 ], [ -113.276808, 39.552515 ], [ -113.288869, 39.552517 ], [ -113.307706, 39.55252 ], [ -113.341893, 39.552529 ], [ -113.375334, 39.552521 ], [ -113.426363, 39.552466 ], [ -113.472737, 39.552463 ], [ -113.510167, 39.552475 ], [ -113.545606, 39.552504 ], [ -113.570314, 39.552515 ], [ -113.609412, 39.55253 ], [ -113.623408, 39.552535 ], [ -113.625827, 39.5526 ], [ -113.692859, 39.552644 ], [ -113.721589, 39.552662 ], [ -113.77914, 39.552658 ], [ -113.815743, 39.552644 ], [ -113.815766, 39.54409 ], [ -113.816925, 39.544075 ], [ -113.827575, 39.543949 ], [ -113.828925, 39.543939 ], [ -113.85097, 39.543758 ], [ -113.873381, 39.543696 ], [ -113.892324, 39.543703 ], [ -113.901626, 39.543649 ], [ -113.915273, 39.543602 ], [ -113.948045, 39.543318 ], [ -113.974217, 39.543093 ], [ -114.000809, 39.542891 ], [ -114.047649, 39.542742 ], [ -114.047682, 39.53205 ], [ -114.047823, 39.492326 ], [ -114.047894, 39.461852 ], [ -114.047919, 39.456167 ], [ -114.047943, 39.447707 ], [ -114.047988, 39.42267 ], [ -114.048102, 39.400128 ], [ -114.048174, 39.386006 ], [ -114.048193, 39.381587 ], [ -114.048317, 39.342457 ], [ -114.048343, 39.332135 ], [ -114.048377, 39.308579 ], [ -114.048401, 39.298487 ], [ -114.04847, 39.270592 ], [ -114.048496, 39.250266 ], [ -114.0485, 39.241932 ], [ -114.048558, 39.201447 ], [ -114.048542, 39.194931 ], [ -114.04861, 39.170689 ], [ -114.048708, 39.141099 ], [ -114.048811, 39.08777 ], [ -114.048891, 39.057112 ], [ -114.048903, 39.043592 ], [ -114.048956, 39.021905 ], [ -114.049025, 39.006552 ], [ -114.049094, 38.986258 ], [ -114.049171, 38.959577 ], [ -114.049254, 38.949597 ], [ -114.04934, 38.929334 ], [ -114.049493, 38.90043 ], [ -114.049587, 38.877776 ], [ -114.049655, 38.85221 ], [ -114.049653, 38.842255 ], [ -114.049625, 38.828408 ], [ -114.049593, 38.799973 ], [ -114.049621, 38.780105 ], [ -114.049614, 38.770179 ], [ -114.049695, 38.729873 ], [ -114.049721, 38.72019 ], [ -114.0498, 38.697835 ], [ -114.049832, 38.682779 ], [ -114.049799, 38.67102 ], [ -114.049853, 38.651359 ], [ -114.049921, 38.632497 ], [ -114.049908, 38.614413 ], [ -114.049924, 38.592843 ], [ -114.04995, 38.582428 ], [ -114.049977, 38.572974 ], [ -114.050118, 38.527424 ], [ -114.050178, 38.520647 ], [ -114.050521, 38.496117 ], [ -114.050366, 38.489357 ], [ -114.050153, 38.4698 ], [ -114.050284, 38.454575 ], [ -114.050283, 38.441067 ], [ -114.050303, 38.427945 ], [ -114.050301, 38.426066 ], [ -114.049982, 38.392856 ], [ -114.050111, 38.390471 ], [ -114.049948, 38.384895 ], [ -114.049813, 38.366326 ], [ -114.049702, 38.349135 ], [ -114.049549, 38.320188 ], [ -114.049574, 38.303435 ], [ -114.049474, 38.281797 ], [ -114.049325, 38.26606 ], [ -114.049905, 38.255396 ], [ -114.050131, 38.248429 ], [ -114.050346, 38.237104 ], [ -114.050291, 38.229283 ], [ -114.050085, 38.205005 ], [ -114.050052, 38.18471 ], [ -114.049978, 38.148763 ], [ -114.050125, 38.11842 ], [ -114.050043, 38.097528 ], [ -114.050291, 38.075963 ], [ -114.050445, 38.05425 ], [ -114.050291, 38.03962 ], [ -114.050317, 38.01284 ], [ -114.050268, 37.979468 ], [ -114.0505, 37.953341 ], [ -114.050443, 37.941394 ], [ -114.050273, 37.923695 ], [ -114.050254, 37.910402 ], [ -114.050137, 37.894806 ], [ -114.049656, 37.881385 ], [ -114.049973, 37.867851 ], [ -114.049892, 37.852653 ], [ -114.049468, 37.837954 ], [ -114.049613, 37.823541 ], [ -114.048302, 37.809424 ], [ -114.049142, 37.795 ], [ -114.049258, 37.780643 ], [ -114.049861, 37.766142 ], [ -114.051654, 37.751498 ], [ -114.051675, 37.746755 ], [ -114.051763, 37.724038 ] ], [ [ -113.033084, 37.764714 ], [ -113.032719, 37.764714 ], [ -113.032214, 37.765435 ], [ -113.032256, 37.768074 ], [ -113.032283, 37.768833 ], [ -113.032193, 37.772049 ], [ -113.03213, 37.777938 ], [ -113.032591, 37.778756 ], [ -113.031347, 37.778723 ], [ -113.031346, 37.777935 ], [ -113.030209, 37.777942 ], [ -113.030203, 37.780305 ], [ -113.027598, 37.780294 ], [ -113.027575, 37.782923 ], [ -113.032153, 37.782932 ], [ -113.032073, 37.78837 ], [ -113.030792, 37.78837 ], [ -113.030331, 37.790148 ], [ -113.028304, 37.789776 ], [ -113.024333, 37.785775 ], [ -113.019051, 37.785733 ], [ -113.018351, 37.785734 ], [ -113.018372, 37.783872 ], [ -113.01377, 37.783841 ], [ -113.013811, 37.776574 ], [ -113.00692, 37.776572 ], [ -113.006925, 37.773704 ], [ -113.006929, 37.773114 ], [ -113.006903, 37.773092 ], [ -113.002964, 37.773009 ], [ -113.000042, 37.772734 ], [ -113.006005, 37.769627 ], [ -113.006533, 37.769352 ], [ -113.009232, 37.769353 ], [ -113.009246, 37.768098 ], [ -113.011847, 37.766796 ], [ -113.013228, 37.766847 ], [ -113.013118, 37.765939 ], [ -113.010453, 37.765741 ], [ -113.006939, 37.765744 ], [ -113.007001, 37.76342 ], [ -113.012073, 37.763456 ], [ -113.013823, 37.762571 ], [ -113.022269, 37.756414 ], [ -113.027776, 37.751909 ], [ -113.033983, 37.746462 ], [ -113.032387, 37.746478 ], [ -113.03237, 37.747483 ], [ -113.017272, 37.747237 ], [ -113.01728, 37.73632 ], [ -113.012702, 37.736302 ], [ -113.012707, 37.721574 ], [ -113.012777, 37.720605 ], [ -113.021902, 37.720619 ], [ -113.032257, 37.720822 ], [ -113.032228, 37.714656 ], [ -113.032295, 37.706445 ], [ -113.038876, 37.706453 ], [ -113.042422, 37.7064 ], [ -113.042318, 37.700115 ], [ -113.042323, 37.689649 ], [ -113.042329, 37.685513 ], [ -113.046849, 37.685506 ], [ -113.04688, 37.674495 ], [ -113.036461, 37.674558 ], [ -113.030327, 37.674479 ], [ -113.030328, 37.674103 ], [ -113.031668, 37.673237 ], [ -113.031669, 37.672712 ], [ -113.031673, 37.670802 ], [ -113.037588, 37.670923 ], [ -113.037671, 37.667267 ], [ -113.046905, 37.667218 ], [ -113.046892, 37.670863 ], [ -113.048641, 37.670853 ], [ -113.049104, 37.672455 ], [ -113.051033, 37.672977 ], [ -113.051464, 37.672764 ], [ -113.051536, 37.663546 ], [ -113.051541, 37.659915 ], [ -113.059677, 37.659818 ], [ -113.060939, 37.658588 ], [ -113.061235, 37.656627 ], [ -113.062454, 37.656121 ], [ -113.064908, 37.656087 ], [ -113.069434, 37.654498 ], [ -113.069415, 37.652311 ], [ -113.069398, 37.650418 ], [ -113.069381, 37.648596 ], [ -113.074646, 37.648592 ], [ -113.078528, 37.648584 ], [ -113.078586, 37.644979 ], [ -113.083194, 37.644984 ], [ -113.083162, 37.641393 ], [ -113.087705, 37.641271 ], [ -113.08771, 37.637619 ], [ -113.092267, 37.637612 ], [ -113.092276, 37.630279 ], [ -113.096839, 37.630276 ], [ -113.096855, 37.622931 ], [ -113.101419, 37.622934 ], [ -113.101418, 37.619587 ], [ -113.101418, 37.619299 ], [ -113.105955, 37.619292 ], [ -113.105965, 37.621366 ], [ -113.108146, 37.621319 ], [ -113.108138, 37.618407 ], [ -113.110874, 37.620679 ], [ -113.110113, 37.624274 ], [ -113.115123, 37.624264 ], [ -113.115151, 37.628538 ], [ -113.115151, 37.63028 ], [ -113.115184, 37.633844 ], [ -113.133725, 37.633785 ], [ -113.133922, 37.637442 ], [ -113.142815, 37.637388 ], [ -113.142794, 37.633899 ], [ -113.149112, 37.633893 ], [ -113.14902, 37.628431 ], [ -113.160774, 37.628126 ], [ -113.161075, 37.626515 ], [ -113.170379, 37.626511 ], [ -113.170396, 37.622888 ], [ -113.179586, 37.62282 ], [ -113.179513, 37.626416 ], [ -113.179577, 37.640978 ], [ -113.194943, 37.641089 ], [ -113.198023, 37.641085 ], [ -113.198056, 37.648678 ], [ -113.195828, 37.64867 ], [ -113.170413, 37.648621 ], [ -113.161225, 37.648584 ], [ -113.152034, 37.648641 ], [ -113.152042, 37.648459 ], [ -113.141951, 37.648569 ], [ -113.133908, 37.648557 ], [ -113.133914, 37.64239 ], [ -113.133908, 37.641091 ], [ -113.11985, 37.641178 ], [ -113.119957, 37.65546 ], [ -113.120021, 37.663157 ], [ -113.124501, 37.663224 ], [ -113.124572, 37.66838 ], [ -113.124568, 37.670822 ], [ -113.122911, 37.672213 ], [ -113.123532, 37.672668 ], [ -113.122778, 37.673307 ], [ -113.120228, 37.675459 ], [ -113.117543, 37.677741 ], [ -113.118348, 37.677877 ], [ -113.129333, 37.677846 ], [ -113.12933, 37.675998 ], [ -113.129314, 37.674589 ], [ -113.129303, 37.674143 ], [ -113.156828, 37.674037 ], [ -113.156872, 37.675719 ], [ -113.156853, 37.678469 ], [ -113.156909, 37.681449 ], [ -113.160403, 37.681216 ], [ -113.160467, 37.685025 ], [ -113.161414, 37.684919 ], [ -113.161856, 37.684816 ], [ -113.165958, 37.682967 ], [ -113.165927, 37.681176 ], [ -113.165903, 37.678326 ], [ -113.165938, 37.677407 ], [ -113.170544, 37.677399 ], [ -113.170563, 37.680751 ], [ -113.170588, 37.684757 ], [ -113.167504, 37.684758 ], [ -113.166003, 37.6849 ], [ -113.16597, 37.688006 ], [ -113.16596, 37.702859 ], [ -113.165961, 37.703179 ], [ -113.172632, 37.70872 ], [ -113.17033, 37.710354 ], [ -113.161504, 37.71037 ], [ -113.152084, 37.710155 ], [ -113.152077, 37.706505 ], [ -113.143185, 37.706549 ], [ -113.142685, 37.706545 ], [ -113.138245, 37.706521 ], [ -113.138237, 37.71017 ], [ -113.136003, 37.710173 ], [ -113.135904, 37.706505 ], [ -113.136444, 37.706508 ], [ -113.136441, 37.703842 ], [ -113.134057, 37.703832 ], [ -113.134049, 37.703294 ], [ -113.138584, 37.703292 ], [ -113.138582, 37.701528 ], [ -113.147744, 37.701435 ], [ -113.147763, 37.699633 ], [ -113.133933, 37.699702 ], [ -113.129372, 37.699673 ], [ -113.129324, 37.700794 ], [ -113.129317, 37.701534 ], [ -113.129317, 37.702224 ], [ -113.129317, 37.702926 ], [ -113.129303, 37.703608 ], [ -113.129295, 37.7043 ], [ -113.129294, 37.704988 ], [ -113.129145, 37.706499 ], [ -113.12643, 37.706494 ], [ -113.124764, 37.706488 ], [ -113.119861, 37.706464 ], [ -113.11985, 37.711081 ], [ -113.119849, 37.711451 ], [ -113.113239, 37.711508 ], [ -113.113197, 37.710044 ], [ -113.111079, 37.710051 ], [ -113.111079, 37.710177 ], [ -113.105939, 37.710012 ], [ -113.094576, 37.709997 ], [ -113.092413, 37.711946 ], [ -113.092337, 37.713341 ], [ -113.092324, 37.713803 ], [ -113.092332, 37.717333 ], [ -113.097099, 37.717356 ], [ -113.097076, 37.720949 ], [ -113.103067, 37.721016 ], [ -113.110554, 37.721043 ], [ -113.110545, 37.728344 ], [ -113.110546, 37.728394 ], [ -113.106005, 37.728452 ], [ -113.10602, 37.732099 ], [ -113.099248, 37.732044 ], [ -113.09925, 37.728401 ], [ -113.096919, 37.726208 ], [ -113.096923, 37.726588 ], [ -113.092329, 37.726572 ], [ -113.092327, 37.725506 ], [ -113.092324, 37.724117 ], [ -113.092315, 37.722706 ], [ -113.092314, 37.721893 ], [ -113.092319, 37.721 ], [ -113.092323, 37.720096 ], [ -113.092318, 37.719624 ], [ -113.089961, 37.719658 ], [ -113.089979, 37.721007 ], [ -113.089253, 37.721002 ], [ -113.085856, 37.720992 ], [ -113.085827, 37.722507 ], [ -113.087803, 37.722496 ], [ -113.087821, 37.725729 ], [ -113.087439, 37.726665 ], [ -113.086814, 37.731748 ], [ -113.08787, 37.731876 ], [ -113.087858, 37.735531 ], [ -113.078611, 37.735537 ], [ -113.078574, 37.731939 ], [ -113.080957, 37.731928 ], [ -113.08097, 37.733738 ], [ -113.083129, 37.73374 ], [ -113.083218, 37.731913 ], [ -113.085807, 37.731851 ], [ -113.085861, 37.730091 ], [ -113.080953, 37.730073 ], [ -113.080942, 37.728226 ], [ -113.078606, 37.728244 ], [ -113.078615, 37.729686 ], [ -113.077313, 37.729669 ], [ -113.077311, 37.726514 ], [ -113.076479, 37.726247 ], [ -113.073384, 37.726305 ], [ -113.07351, 37.73116 ], [ -113.068739, 37.731234 ], [ -113.068707, 37.729252 ], [ -113.066333, 37.729243 ], [ -113.06635, 37.731275 ], [ -113.064709, 37.731289 ], [ -113.064726, 37.730749 ], [ -113.064736, 37.730233 ], [ -113.064702, 37.730233 ], [ -113.064129, 37.73023 ], [ -113.060139, 37.730186 ], [ -113.060142, 37.731312 ], [ -113.060037, 37.731313 ], [ -113.060105, 37.735577 ], [ -113.059645, 37.735578 ], [ -113.059624, 37.739221 ], [ -113.064079, 37.739287 ], [ -113.064169, 37.738648 ], [ -113.066461, 37.738641 ], [ -113.066439, 37.737644 ], [ -113.071852, 37.737608 ], [ -113.071839, 37.736517 ], [ -113.073949, 37.736508 ], [ -113.073954, 37.739715 ], [ -113.071336, 37.739716 ], [ -113.071317, 37.742867 ], [ -113.072639, 37.742867 ], [ -113.073961, 37.742863 ], [ -113.073964, 37.747488 ], [ -113.073958, 37.748613 ], [ -113.073954, 37.750204 ], [ -113.06763, 37.750145 ], [ -113.067613, 37.757448 ], [ -113.066334, 37.757458 ], [ -113.064683, 37.757467 ], [ -113.064749, 37.761197 ], [ -113.064699, 37.76483 ], [ -113.065235, 37.764835 ], [ -113.064698, 37.765388 ], [ -113.064703, 37.76847 ], [ -113.073971, 37.768504 ], [ -113.073935, 37.775833 ], [ -113.073813, 37.783129 ], [ -113.069175, 37.783117 ], [ -113.069114, 37.786654 ], [ -113.064456, 37.786654 ], [ -113.059829, 37.786752 ], [ -113.059626, 37.793447 ], [ -113.055008, 37.793431 ], [ -113.055081, 37.790379 ], [ -113.05064, 37.790359 ], [ -113.0506, 37.794917 ], [ -113.046093, 37.794898 ], [ -113.045757, 37.794882 ], [ -113.045987, 37.783002 ], [ -113.041376, 37.783007 ], [ -113.041421, 37.779191 ], [ -113.041426, 37.772013 ], [ -113.041485, 37.768921 ], [ -113.04148, 37.764716 ], [ -113.040105, 37.764715 ], [ -113.03875, 37.764717 ], [ -113.037349, 37.764718 ], [ -113.037201, 37.764718 ], [ -113.035968, 37.764719 ], [ -113.034597, 37.764717 ], [ -113.033222, 37.764714 ], [ -113.033084, 37.764714 ] ] ] ] } },
{ "type": "Feature", "properties": { "id": 54, "NAME": "54", "TotalPop": 41829, "PopDevPct": -0.04109315, "DemPct": 0.2015188, "RepPct": 0.77454158, "WhitePct": 0.86483682, "MinorityPct": 0.13516318, "BlackPct": 0.00719296, "HispanicPct": 0.0857787, "PacificPct": 0.00894646, "AsianPct": 0.01066419, "NativePct": 0.02383338, "TotalVAP": 27944, "Margin": -0.57302278, "color": "#960018", "opacity": "0.5", "DemPct2": 0.20543625, "RepPct2": 0.7568704, "Margin2": -0.55143415, "Swing": -0.02158863, "R_Margin": -0.3743137296, "R_Margin2": -0.34688702413333339, "R_Swing": -0.027426705466666548, "Majority": "White" }, "geometry": { "type": "MultiPolygon", "coordinates": [ [ [ [ -111.602193, 39.739971 ], [ -111.590202, 39.740087 ], [ -111.584754, 39.740141 ], [ -111.584857, 39.770293 ], [ -111.584858, 39.784235 ], [ -111.597659, 39.784255 ], [ -111.603604, 39.784274 ], [ -111.622514, 39.783816 ], [ -111.622123, 39.798483 ], [ -111.629729, 39.798406 ], [ -111.642057, 39.798314 ], [ -111.641944, 39.812869 ], [ -111.660798, 39.812606 ], [ -111.676246, 39.812484 ], [ -111.696256, 39.812376 ], [ -111.723819, 39.812296 ], [ -111.723871, 39.812296 ], [ -111.731466, 39.812282 ], [ -111.754665, 39.812266 ], [ -111.756834, 39.811756 ], [ -111.766357, 39.810564 ], [ -111.765478, 39.812758 ], [ -111.764138, 39.815093 ], [ -111.763987, 39.816784 ], [ -111.761263, 39.820061 ], [ -111.758588, 39.824356 ], [ -111.755885, 39.82753 ], [ -111.753671, 39.829415 ], [ -111.750713, 39.831068 ], [ -111.748822, 39.833018 ], [ -111.748373, 39.834135 ], [ -111.749052, 39.835356 ], [ -111.750189, 39.840837 ], [ -111.748989, 39.842451 ], [ -111.748481, 39.843921 ], [ -111.746941, 39.84668 ], [ -111.746573, 39.850067 ], [ -111.74275, 39.851316 ], [ -111.737596, 39.851318 ], [ -111.736947, 39.852133 ], [ -111.735447, 39.852595 ], [ -111.734178, 39.853895 ], [ -111.734582, 39.856471 ], [ -111.73562, 39.858337 ], [ -111.736656, 39.859231 ], [ -111.736823, 39.860608 ], [ -111.738013, 39.862658 ], [ -111.73793, 39.8641 ], [ -111.739833, 39.86567 ], [ -111.74677, 39.869101 ], [ -111.747971, 39.870523 ], [ -111.750984, 39.871582 ], [ -111.751944, 39.873867 ], [ -111.756592, 39.875303 ], [ -111.757836, 39.876596 ], [ -111.758342, 39.878765 ], [ -111.758325, 39.880515 ], [ -111.759224, 39.88192 ], [ -111.761006, 39.883642 ], [ -111.760629, 39.884905 ], [ -111.758427, 39.88787 ], [ -111.756925, 39.888811 ], [ -111.757889, 39.890413 ], [ -111.761115, 39.891998 ], [ -111.761686, 39.893692 ], [ -111.765162, 39.896311 ], [ -111.768658, 39.898324 ], [ -111.770243, 39.898264 ], [ -111.773882, 39.89887 ], [ -111.774579, 39.899341 ], [ -111.777799, 39.89925 ], [ -111.780846, 39.900824 ], [ -111.782999, 39.903909 ], [ -111.78269, 39.905551 ], [ -111.782039, 39.905928 ], [ -111.78215, 39.907478 ], [ -111.783878, 39.907705 ], [ -111.784771, 39.908519 ], [ -111.78702, 39.90926 ], [ -111.787223, 39.912844 ], [ -111.787862, 39.914372 ], [ -111.789097, 39.915328 ], [ -111.787667, 39.916587 ], [ -111.787486, 39.916789 ], [ -111.787384, 39.916912 ], [ -111.787354, 39.916984 ], [ -111.787289, 39.91708 ], [ -111.787147, 39.91732 ], [ -111.787019, 39.917713 ], [ -111.786902, 39.917968 ], [ -111.786873, 39.91803 ], [ -111.786731, 39.918485 ], [ -111.78682, 39.920198 ], [ -111.786362, 39.921706 ], [ -111.787102, 39.923665 ], [ -111.788792, 39.925967 ], [ -111.792184, 39.927316 ], [ -111.793897, 39.930256 ], [ -111.794837, 39.931159 ], [ -111.797521, 39.932106 ], [ -111.799369, 39.932219 ], [ -111.80169, 39.933191 ], [ -111.803221, 39.934241 ], [ -111.804969, 39.934631 ], [ -111.806724, 39.936536 ], [ -111.808499, 39.938349 ], [ -111.810708, 39.939533 ], [ -111.811116, 39.939738 ], [ -111.813777, 39.941385 ], [ -111.81654, 39.942099 ], [ -111.816896, 39.94225 ], [ -111.820844, 39.94361 ], [ -111.823252, 39.946249 ], [ -111.823919, 39.947696 ], [ -111.82529, 39.947696 ], [ -111.827106, 39.947002 ], [ -111.828559, 39.944681 ], [ -111.830591, 39.9404 ], [ -111.830544, 39.939208 ], [ -111.831342, 39.93849 ], [ -111.832711, 39.936691 ], [ -111.832703, 39.935583 ], [ -111.831785, 39.932675 ], [ -111.83177, 39.930414 ], [ -111.832777, 39.928632 ], [ -111.833027, 39.925578 ], [ -111.833626, 39.923945 ], [ -111.83642, 39.924174 ], [ -111.838351, 39.923177 ], [ -111.840706, 39.923844 ], [ -111.842775, 39.922478 ], [ -111.844965, 39.921856 ], [ -111.845947, 39.92037 ], [ -111.845899, 39.919243 ], [ -111.8475, 39.918519 ], [ -111.850499, 39.916321 ], [ -111.853006, 39.915345 ], [ -111.856198, 39.91453 ], [ -111.858429, 39.915373 ], [ -111.858991, 39.914741 ], [ -111.858017, 39.911536 ], [ -111.858494, 39.910366 ], [ -111.861883, 39.909584 ], [ -111.865137, 39.907366 ], [ -111.866198, 39.90575 ], [ -111.867677, 39.906536 ], [ -111.874068, 39.907263 ], [ -111.877645, 39.906182 ], [ -111.881551, 39.907404 ], [ -111.882422, 39.905506 ], [ -111.884708, 39.903628 ], [ -111.887931, 39.902711 ], [ -111.889861, 39.901818 ], [ -111.890962, 39.899907 ], [ -111.891132, 39.898353 ], [ -111.89194, 39.897955 ], [ -111.894749, 39.897939 ], [ -111.895606, 39.8977 ], [ -111.896173, 39.897404 ], [ -111.900354, 39.898701 ], [ -111.902803, 39.898506 ], [ -111.903725, 39.897918 ], [ -111.904433, 39.89652 ], [ -111.909464, 39.894571 ], [ -111.909685, 39.892181 ], [ -111.913014, 39.888768 ], [ -111.913131, 39.887911 ], [ -111.915331, 39.883654 ], [ -111.91707, 39.882907 ], [ -111.917751, 39.881766 ], [ -111.919017, 39.881553 ], [ -111.921057, 39.880154 ], [ -111.922043, 39.875451 ], [ -111.921682, 39.874482 ], [ -111.926616, 39.872672 ], [ -111.92595, 39.870938 ], [ -111.925251, 39.870617 ], [ -111.926071, 39.868548 ], [ -111.927647, 39.867191 ], [ -111.927884, 39.865164 ], [ -111.928917, 39.864817 ], [ -111.931292, 39.864359 ], [ -111.933632, 39.862326 ], [ -111.934147, 39.861101 ], [ -111.935417, 39.860303 ], [ -111.936236, 39.859071 ], [ -111.937752, 39.85836 ], [ -111.938126, 39.857415 ], [ -111.937352, 39.856718 ], [ -111.937091, 39.855365 ], [ -111.938506, 39.85494 ], [ -111.939721, 39.853632 ], [ -111.941747, 39.852865 ], [ -111.943487, 39.85157 ], [ -111.946658, 39.850567 ], [ -111.948279, 39.84899 ], [ -111.94788, 39.847112 ], [ -111.94796, 39.844944 ], [ -111.94852, 39.841785 ], [ -111.95005, 39.839006 ], [ -111.949289, 39.838305 ], [ -111.94891, 39.836669 ], [ -111.950415, 39.834368 ], [ -111.951982, 39.834463 ], [ -111.954614, 39.835437 ], [ -111.957169, 39.836835 ], [ -111.95834, 39.835539 ], [ -111.961439, 39.829195 ], [ -111.962491, 39.827961 ], [ -111.963928, 39.827399 ], [ -111.964868, 39.825274 ], [ -111.963135, 39.823438 ], [ -111.963922, 39.821332 ], [ -111.963166, 39.818834 ], [ -111.963905, 39.817623 ], [ -111.962715, 39.815958 ], [ -111.964192, 39.81505 ], [ -111.964572, 39.813682 ], [ -111.96621, 39.811469 ], [ -111.969392, 39.808452 ], [ -111.969467, 39.807108 ], [ -111.971798, 39.806765 ], [ -111.975548, 39.807043 ], [ -111.979815, 39.808052 ], [ -111.981648, 39.809371 ], [ -111.983046, 39.8099 ], [ -111.987339, 39.810786 ], [ -111.989354, 39.811709 ], [ -111.989892, 39.811295 ], [ -111.989715, 39.807023 ], [ -111.990596, 39.80502 ], [ -111.992984, 39.803436 ], [ -111.994916, 39.801482 ], [ -111.996222, 39.801605 ], [ -111.998482, 39.800862 ], [ -112.000221, 39.800956 ], [ -112.003292, 39.799882 ], [ -112.003353, 39.797053 ], [ -112.004469, 39.795591 ], [ -112.007452, 39.794374 ], [ -112.009647, 39.795331 ], [ -112.012214, 39.793604 ], [ -112.013932, 39.791978 ], [ -112.016031, 39.791798 ], [ -112.016641, 39.790839 ], [ -112.018113, 39.790045 ], [ -112.019803, 39.787085 ], [ -112.022475, 39.786179 ], [ -112.024734, 39.786414 ], [ -112.025535, 39.785578 ], [ -112.0262, 39.782686 ], [ -112.029217, 39.782186 ], [ -112.030253, 39.781276 ], [ -112.03097, 39.7811 ], [ -112.037461, 39.783287 ], [ -112.041561, 39.783427 ], [ -112.044423, 39.78151 ], [ -112.044657, 39.779643 ], [ -112.047184, 39.776849 ], [ -112.04996, 39.77668 ], [ -112.050724, 39.776254 ], [ -112.053244, 39.777258 ], [ -112.055035, 39.777125 ], [ -112.057801, 39.778624 ], [ -112.060275, 39.780715 ], [ -112.06095, 39.782153 ], [ -112.063579, 39.781918 ], [ -112.06616, 39.779942 ], [ -112.067678, 39.777699 ], [ -112.06887, 39.777377 ], [ -112.072608, 39.778207 ], [ -112.074461, 39.779091 ], [ -112.075094, 39.7785 ], [ -112.078683, 39.778845 ], [ -112.080196, 39.780248 ], [ -112.080511, 39.781336 ], [ -112.082956, 39.78126 ], [ -112.089843, 39.781928 ], [ -112.088141, 39.784654 ], [ -112.088557, 39.785501 ], [ -112.087438, 39.786034 ], [ -112.086791, 39.788328 ], [ -112.087265, 39.790626 ], [ -112.085149, 39.791569 ], [ -112.081714, 39.794129 ], [ -112.079441, 39.796673 ], [ -112.078946, 39.797808 ], [ -112.076677, 39.800311 ], [ -112.078127, 39.801532 ], [ -112.079658, 39.801549 ], [ -112.080036, 39.802587 ], [ -112.078253, 39.805477 ], [ -112.077624, 39.80706 ], [ -112.07788, 39.808494 ], [ -112.077188, 39.809834 ], [ -112.075439, 39.811162 ], [ -112.072709, 39.812142 ], [ -112.072647, 39.81303 ], [ -112.071338, 39.81452 ], [ -112.070988, 39.81609 ], [ -112.071432, 39.818325 ], [ -112.069902, 39.819894 ], [ -112.069322, 39.822402 ], [ -112.06865, 39.824279 ], [ -112.068262, 39.827531 ], [ -112.067595, 39.828587 ], [ -112.065761, 39.829632 ], [ -112.065415, 39.830039 ], [ -112.065727, 39.830694 ], [ -112.06659, 39.831632 ], [ -112.066925, 39.832248 ], [ -112.06774, 39.83305 ], [ -112.069256, 39.833815 ], [ -112.069513, 39.834367 ], [ -112.069834, 39.834693 ], [ -112.070001, 39.835299 ], [ -112.069751, 39.836409 ], [ -112.070292, 39.837891 ], [ -112.070801, 39.838265 ], [ -112.071708, 39.838383 ], [ -112.07195, 39.838966 ], [ -112.074259, 39.839688 ], [ -112.075215, 39.839693 ], [ -112.075097, 39.840022 ], [ -112.07519, 39.840751 ], [ -112.074934, 39.842608 ], [ -112.075022, 39.843033 ], [ -112.074873, 39.844281 ], [ -112.075288, 39.844955 ], [ -112.075217, 39.845266 ], [ -112.074173, 39.846514 ], [ -112.073948, 39.847075 ], [ -112.074089, 39.847501 ], [ -112.075318, 39.848863 ], [ -112.075158, 39.849869 ], [ -112.075657, 39.850654 ], [ -112.076954, 39.852892 ], [ -112.078828, 39.852694 ], [ -112.079141, 39.852746 ], [ -112.080614, 39.853317 ], [ -112.080444, 39.85391 ], [ -112.079983, 39.854909 ], [ -112.079872, 39.855949 ], [ -112.079499, 39.856711 ], [ -112.079511, 39.857669 ], [ -112.080511, 39.85904 ], [ -112.080593, 39.86073 ], [ -112.080802, 39.861293 ], [ -112.081345, 39.861984 ], [ -112.081559, 39.86269 ], [ -112.08141, 39.863287 ], [ -112.08122, 39.865081 ], [ -112.079699, 39.865634 ], [ -112.079085, 39.866092 ], [ -112.077912, 39.865895 ], [ -112.076951, 39.865902 ], [ -112.076221, 39.866159 ], [ -112.075917, 39.866514 ], [ -112.075753, 39.867199 ], [ -112.074602, 39.868006 ], [ -112.074232, 39.868466 ], [ -112.073402, 39.869237 ], [ -112.072379, 39.86983 ], [ -112.071632, 39.869539 ], [ -112.07084, 39.869708 ], [ -112.070375, 39.870066 ], [ -112.069802, 39.871245 ], [ -112.069448, 39.871567 ], [ -112.068233, 39.872335 ], [ -112.067507, 39.873404 ], [ -112.067081, 39.873776 ], [ -112.066979, 39.874276 ], [ -112.067202, 39.874923 ], [ -112.067015, 39.875329 ], [ -112.066382, 39.875958 ], [ -112.065999, 39.876132 ], [ -112.064861, 39.876269 ], [ -112.063404, 39.876607 ], [ -112.063245, 39.877248 ], [ -112.062893, 39.877918 ], [ -112.062213, 39.878636 ], [ -112.061252, 39.879298 ], [ -112.060079, 39.879313 ], [ -112.059439, 39.879963 ], [ -112.059131, 39.880052 ], [ -112.059147, 39.88038 ], [ -112.059693, 39.881245 ], [ -112.059644, 39.882223 ], [ -112.060074, 39.883392 ], [ -112.060175, 39.884069 ], [ -112.060394, 39.884248 ], [ -112.059906, 39.884851 ], [ -112.05944, 39.885753 ], [ -112.059328, 39.886402 ], [ -112.059556, 39.88717 ], [ -112.058558, 39.888021 ], [ -112.058215, 39.888538 ], [ -112.05775, 39.888781 ], [ -112.056906, 39.889026 ], [ -112.056735, 39.889267 ], [ -112.056677, 39.890115 ], [ -112.056002, 39.89068 ], [ -112.055542, 39.890833 ], [ -112.054498, 39.891383 ], [ -112.053581, 39.892977 ], [ -112.053524, 39.893482 ], [ -112.05432, 39.893885 ], [ -112.05694, 39.894235 ], [ -112.057771, 39.894705 ], [ -112.058528, 39.895621 ], [ -112.059159, 39.895895 ], [ -112.059922, 39.897235 ], [ -112.061106, 39.898141 ], [ -112.061504, 39.898594 ], [ -112.061754, 39.899245 ], [ -112.061766, 39.899946 ], [ -112.062039, 39.900644 ], [ -112.062555, 39.901098 ], [ -112.062641, 39.901408 ], [ -112.062345, 39.902317 ], [ -112.062473, 39.902648 ], [ -112.062193, 39.903444 ], [ -112.062214, 39.904084 ], [ -112.062552, 39.90468 ], [ -112.064147, 39.905359 ], [ -112.065097, 39.905968 ], [ -112.066341, 39.906542 ], [ -112.06651, 39.907202 ], [ -112.066983, 39.907528 ], [ -112.068365, 39.908009 ], [ -112.069172, 39.90838 ], [ -112.070124, 39.909137 ], [ -112.070397, 39.910036 ], [ -112.071014, 39.910626 ], [ -112.072213, 39.911317 ], [ -112.072928, 39.911341 ], [ -112.07393, 39.911143 ], [ -112.075675, 39.911284 ], [ -112.076451, 39.911115 ], [ -112.077802, 39.911368 ], [ -112.078962, 39.911614 ], [ -112.081256, 39.913147 ], [ -112.081692, 39.915197 ], [ -112.080583, 39.916941 ], [ -112.081169, 39.917684 ], [ -112.083197, 39.918247 ], [ -112.082753, 39.919823 ], [ -112.083032, 39.921888 ], [ -112.085139, 39.923044 ], [ -112.085248, 39.925494 ], [ -112.087967, 39.925387 ], [ -112.088815, 39.926492 ], [ -112.092596, 39.928037 ], [ -112.0926, 39.929248 ], [ -112.093279, 39.930162 ], [ -112.096325, 39.929236 ], [ -112.09887, 39.928109 ], [ -112.100824, 39.928194 ], [ -112.10359, 39.928767 ], [ -112.104308, 39.930805 ], [ -112.103086, 39.932312 ], [ -112.103405, 39.933621 ], [ -112.1025, 39.934845 ], [ -112.103689, 39.936334 ], [ -112.105483, 39.937427 ], [ -112.105972, 39.938356 ], [ -112.106259, 39.939305 ], [ -112.105541, 39.941231 ], [ -112.103213, 39.942437 ], [ -112.103781, 39.945347 ], [ -112.103421, 39.94699 ], [ -112.102528, 39.94826 ], [ -112.100549, 39.948918 ], [ -112.097205, 39.951405 ], [ -112.096249, 39.953446 ], [ -112.09428, 39.953685 ], [ -112.094135, 39.954474 ], [ -112.095724, 39.956773 ], [ -112.09799, 39.956916 ], [ -112.099095, 39.957436 ], [ -112.102424, 39.958888 ], [ -112.102813, 39.959508 ], [ -112.10282, 39.961672 ], [ -112.103602, 39.962971 ], [ -112.104004, 39.965319 ], [ -112.105348, 39.966333 ], [ -112.105971, 39.967529 ], [ -112.109801, 39.970566 ], [ -112.109615, 39.971739 ], [ -112.109867, 39.973799 ], [ -112.112074, 39.973552 ], [ -112.114054, 39.973967 ], [ -112.117848, 39.973582 ], [ -112.124338, 39.974106 ], [ -112.125711, 39.975012 ], [ -112.128229, 39.975384 ], [ -112.131923, 39.977088 ], [ -112.132375, 39.977345 ], [ -112.135122, 39.979326 ], [ -112.136102, 39.981213 ], [ -112.136239, 39.982437 ], [ -112.138678, 39.98418 ], [ -112.14035, 39.984914 ], [ -112.142067, 39.986708 ], [ -112.142337, 39.988188 ], [ -112.141987, 39.989642 ], [ -112.143515, 39.989892 ], [ -112.145964, 39.991819 ], [ -112.14883, 39.992993 ], [ -112.150865, 39.993455 ], [ -112.151349, 39.995085 ], [ -112.150594, 39.997589 ], [ -112.151956, 39.999162 ], [ -112.154804, 40.000428 ], [ -112.155396, 40.002033 ], [ -112.160026, 40.006758 ], [ -112.162373, 40.007881 ], [ -112.16424, 40.008256 ], [ -112.165531, 40.007624 ], [ -112.167204, 40.007486 ], [ -112.170402, 40.007823 ], [ -112.171742, 40.009066 ], [ -112.172762, 40.00911 ], [ -112.174359, 40.011044 ], [ -112.179393, 40.011416 ], [ -112.1798, 40.011656 ], [ -112.17815, 40.014803 ], [ -112.176894, 40.01943 ], [ -112.177017, 40.021815 ], [ -112.177866, 40.022331 ], [ -112.177621, 40.023763 ], [ -112.177853, 40.026133 ], [ -112.177026, 40.028509 ], [ -112.177557, 40.029501 ], [ -112.177079, 40.030589 ], [ -112.17408, 40.03272 ], [ -112.174868, 40.03527 ], [ -112.173301, 40.036178 ], [ -112.172804, 40.038264 ], [ -112.171981, 40.039484 ], [ -112.173783, 40.041248 ], [ -112.177098, 40.046347 ], [ -112.178114, 40.048794 ], [ -112.177548, 40.051035 ], [ -112.178975, 40.053779 ], [ -112.180011, 40.05427 ], [ -112.181688, 40.05629 ], [ -112.182512, 40.059135 ], [ -112.183769, 40.059964 ], [ -112.181955, 40.062164 ], [ -112.180199, 40.067042 ], [ -112.178089, 40.06714 ], [ -112.176835, 40.066161 ], [ -112.173212, 40.066194 ], [ -112.171935, 40.068788 ], [ -112.172451, 40.069796 ], [ -112.174008, 40.071088 ], [ -112.17437, 40.074524 ], [ -112.175961, 40.077716 ], [ -112.17406, 40.079699 ], [ -112.174548, 40.081834 ], [ -112.172621, 40.084571 ], [ -112.17141, 40.085551 ], [ -112.169878, 40.085497 ], [ -112.167255, 40.086093 ], [ -112.164856, 40.087801 ], [ -112.160774, 40.087802 ], [ -112.158354, 40.088822 ], [ -112.157834, 40.090198 ], [ -112.157543, 40.095433 ], [ -112.157179, 40.09796 ], [ -112.155699, 40.099011 ], [ -112.15428, 40.101205 ], [ -112.154197, 40.102661 ], [ -112.15105, 40.105291 ], [ -112.150892, 40.107298 ], [ -112.154908, 40.108796 ], [ -112.155914, 40.110793 ], [ -112.155752, 40.112664 ], [ -112.157414, 40.114098 ], [ -112.160859, 40.114321 ], [ -112.161176, 40.116601 ], [ -112.161686, 40.117364 ], [ -112.164286, 40.118887 ], [ -112.16429, 40.121457 ], [ -112.163614, 40.123189 ], [ -112.168758, 40.126712 ], [ -112.1721, 40.127162 ], [ -112.174577, 40.128884 ], [ -112.175067, 40.130146 ], [ -112.176101, 40.130806 ], [ -112.176175, 40.131689 ], [ -112.175049, 40.133434 ], [ -112.173387, 40.134681 ], [ -112.172798, 40.135971 ], [ -112.173209, 40.137039 ], [ -112.172236, 40.141197 ], [ -112.169939, 40.143059 ], [ -112.169478, 40.144631 ], [ -112.167862, 40.146291 ], [ -112.16793, 40.147137 ], [ -112.171273, 40.148703 ], [ -112.17225, 40.15089 ], [ -112.173961, 40.153797 ], [ -112.173894, 40.154685 ], [ -112.172567, 40.155949 ], [ -112.168628, 40.158536 ], [ -112.164409, 40.161975 ], [ -112.159177, 40.162973 ], [ -112.158071, 40.165282 ], [ -112.156047, 40.16673 ], [ -112.155079, 40.168551 ], [ -112.155899, 40.170168 ], [ -112.153755, 40.17088 ], [ -112.153054, 40.171039 ], [ -112.150077, 40.171695 ], [ -112.147635, 40.171495 ], [ -112.145701, 40.170959 ], [ -112.144751, 40.171716 ], [ -112.144444, 40.173581 ], [ -112.145758, 40.173954 ], [ -112.146856, 40.177817 ], [ -112.146712, 40.17835 ], [ -112.148803, 40.178242 ], [ -112.151009, 40.17892 ], [ -112.152568, 40.179001 ], [ -112.153214, 40.181305 ], [ -112.153373, 40.182158 ], [ -112.152276, 40.184754 ], [ -112.150815, 40.185517 ], [ -112.150499, 40.187682 ], [ -112.147746, 40.188786 ], [ -112.146838, 40.189655 ], [ -112.148714, 40.190484 ], [ -112.148941, 40.192463 ], [ -112.14862, 40.195678 ], [ -112.152066, 40.196814 ], [ -112.155042, 40.197446 ], [ -112.156505, 40.196911 ], [ -112.159426, 40.197915 ], [ -112.160499, 40.199245 ], [ -112.159365, 40.200959 ], [ -112.157242, 40.203232 ], [ -112.157985, 40.205815 ], [ -112.158581, 40.206629 ], [ -112.156379, 40.208421 ], [ -112.153124, 40.210174 ], [ -112.150475, 40.211008 ], [ -112.1495, 40.212004 ], [ -112.150893, 40.213399 ], [ -112.152708, 40.214403 ], [ -112.15443, 40.214747 ], [ -112.154974, 40.215512 ], [ -112.153457, 40.217685 ], [ -112.154594, 40.218561 ], [ -112.157151, 40.219288 ], [ -112.15884, 40.218005 ], [ -112.161532, 40.217059 ], [ -112.163724, 40.218361 ], [ -112.166236, 40.217894 ], [ -112.168992, 40.219637 ], [ -112.168407, 40.220872 ], [ -112.168621, 40.222028 ], [ -112.170214, 40.223624 ], [ -112.170803, 40.225876 ], [ -112.174354, 40.226632 ], [ -112.1753, 40.226553 ], [ -112.176803, 40.227891 ], [ -112.176929, 40.230035 ], [ -112.178429, 40.231221 ], [ -112.178725, 40.231407 ], [ -112.179693, 40.23224 ], [ -112.179764, 40.233947 ], [ -112.17917, 40.238553 ], [ -112.178856, 40.242231 ], [ -112.179006, 40.244722 ], [ -112.179651, 40.247741 ], [ -112.179499, 40.249444 ], [ -112.183089, 40.249702 ], [ -112.183911, 40.249963 ], [ -112.184458, 40.251665 ], [ -112.183288, 40.253344 ], [ -112.184062, 40.25534 ], [ -112.183518, 40.256775 ], [ -112.183843, 40.258132 ], [ -112.186575, 40.259098 ], [ -112.191588, 40.263628 ], [ -112.19221, 40.264892 ], [ -112.192898, 40.268939 ], [ -112.191712, 40.2701 ], [ -112.191466, 40.271823 ], [ -112.18905, 40.273541 ], [ -112.189102, 40.274153 ], [ -112.189015, 40.276938 ], [ -112.188406, 40.279444 ], [ -112.189234, 40.281645 ], [ -112.188114, 40.283258 ], [ -112.188214, 40.284947 ], [ -112.188439, 40.285702 ], [ -112.186495, 40.286858 ], [ -112.188461, 40.290602 ], [ -112.187356, 40.292036 ], [ -112.187947, 40.293864 ], [ -112.190146, 40.296059 ], [ -112.189502, 40.297654 ], [ -112.189799, 40.300142 ], [ -112.191852, 40.302828 ], [ -112.19208, 40.3041 ], [ -112.195585, 40.306171 ], [ -112.196601, 40.306415 ], [ -112.198605, 40.306915 ], [ -112.197394, 40.308751 ], [ -112.198246, 40.311332 ], [ -112.198461, 40.313206 ], [ -112.19706, 40.316723 ], [ -112.196449, 40.317258 ], [ -112.194595, 40.317579 ], [ -112.193702, 40.318345 ], [ -112.193662, 40.320061 ], [ -112.192714, 40.322715 ], [ -112.192889, 40.323369 ], [ -112.196233, 40.325693 ], [ -112.194403, 40.326725 ], [ -112.193268, 40.328121 ], [ -112.19106, 40.32939 ], [ -112.188036, 40.330146 ], [ -112.183216, 40.331867 ], [ -112.179935, 40.332135 ], [ -112.177199, 40.333817 ], [ -112.175533, 40.335837 ], [ -112.177, 40.337255 ], [ -112.178625, 40.339621 ], [ -112.179128, 40.341476 ], [ -112.180741, 40.343843 ], [ -112.181366, 40.345885 ], [ -112.185343, 40.348489 ], [ -112.185949, 40.350794 ], [ -112.18682, 40.351758 ], [ -112.188076, 40.354885 ], [ -112.189189, 40.355242 ], [ -112.190198, 40.357057 ], [ -112.193987, 40.359869 ], [ -112.194719, 40.36133 ], [ -112.194743, 40.362819 ], [ -112.193645, 40.365183 ], [ -112.193728, 40.367894 ], [ -112.191369, 40.370053 ], [ -112.190227, 40.370443 ], [ -112.188734, 40.372487 ], [ -112.190851, 40.374314 ], [ -112.192137, 40.376536 ], [ -112.194411, 40.379544 ], [ -112.195603, 40.380036 ], [ -112.197321, 40.381694 ], [ -112.199169, 40.382545 ], [ -112.200819, 40.384852 ], [ -112.201585, 40.388154 ], [ -112.199336, 40.390635 ], [ -112.199705, 40.392115 ], [ -112.199189, 40.39521 ], [ -112.200051, 40.397356 ], [ -112.198566, 40.399996 ], [ -112.198615, 40.401081 ], [ -112.199847, 40.403584 ], [ -112.199435, 40.405789 ], [ -112.198804, 40.406769 ], [ -112.198285, 40.409098 ], [ -112.198709, 40.410437 ], [ -112.197842, 40.412643 ], [ -112.197912, 40.414932 ], [ -112.195551, 40.41734 ], [ -112.194669, 40.421176 ], [ -112.195534, 40.421419 ], [ -112.19805, 40.423389 ], [ -112.198656, 40.425657 ], [ -112.202401, 40.427735 ], [ -112.204686, 40.429932 ], [ -112.204901, 40.431074 ], [ -112.208526, 40.431743 ], [ -112.209485, 40.433068 ], [ -112.209375, 40.434443 ], [ -112.210735, 40.438882 ], [ -112.210844, 40.440381 ], [ -112.21202, 40.441499 ], [ -112.213171, 40.444798 ], [ -112.21281, 40.449036 ], [ -112.21332, 40.450837 ], [ -112.214079, 40.451739 ], [ -112.213227, 40.455108 ], [ -112.212401, 40.456783 ], [ -112.212219, 40.459282 ], [ -112.209997, 40.459191 ], [ -112.207711, 40.459675 ], [ -112.20619, 40.460628 ], [ -112.203875, 40.460653 ], [ -112.197482, 40.462101 ], [ -112.195465, 40.462315 ], [ -112.1944, 40.463912 ], [ -112.192438, 40.465347 ], [ -112.19027, 40.468518 ], [ -112.184917, 40.468275 ], [ -112.1815, 40.467774 ], [ -112.179654, 40.468135 ], [ -112.176512, 40.46724 ], [ -112.172862, 40.467065 ], [ -112.171968, 40.469133 ], [ -112.171567, 40.471182 ], [ -112.171846, 40.472252 ], [ -112.173393, 40.474601 ], [ -112.173973, 40.476116 ], [ -112.175316, 40.47621 ], [ -112.176313, 40.476933 ], [ -112.17601, 40.479024 ], [ -112.178141, 40.482066 ], [ -112.177484, 40.484269 ], [ -112.177317, 40.484595 ], [ -112.177016, 40.485383 ], [ -112.181019, 40.491829 ], [ -112.181433, 40.493918 ], [ -112.181268, 40.495295 ], [ -112.180016, 40.49799 ], [ -112.178767, 40.49821 ], [ -112.175845, 40.500142 ], [ -112.1776, 40.501377 ], [ -112.179722, 40.502221 ], [ -112.180985, 40.503448 ], [ -112.184586, 40.508318 ], [ -112.185378, 40.510341 ], [ -112.187146, 40.513079 ], [ -112.187647, 40.513795 ], [ -112.185211, 40.517778 ], [ -112.183822, 40.518468 ], [ -112.180739, 40.520739 ], [ -112.178764, 40.52177 ], [ -112.179093, 40.5231 ], [ -112.1788, 40.527176 ], [ -112.179462, 40.52883 ], [ -112.179195, 40.531612 ], [ -112.180097, 40.532635 ], [ -112.181318, 40.534996 ], [ -112.18184, 40.537678 ], [ -112.182738, 40.538558 ], [ -112.182789, 40.54098 ], [ -112.182153, 40.543662 ], [ -112.180036, 40.54586 ], [ -112.179914, 40.548726 ], [ -112.179167, 40.550178 ], [ -112.178606, 40.552788 ], [ -112.178923, 40.554533 ], [ -112.178312, 40.556415 ], [ -112.180244, 40.558187 ], [ -112.182907, 40.56219 ], [ -112.183377, 40.564648 ], [ -112.181953, 40.566493 ], [ -112.182046, 40.570879 ], [ -112.183379, 40.572531 ], [ -112.183539, 40.573678 ], [ -112.182613, 40.574605 ], [ -112.181575, 40.576307 ], [ -112.180377, 40.577346 ], [ -112.181469, 40.580383 ], [ -112.179235, 40.58177 ], [ -112.177906, 40.584099 ], [ -112.175554, 40.584789 ], [ -112.174936, 40.585401 ], [ -112.176512, 40.588431 ], [ -112.175684, 40.590294 ], [ -112.17655, 40.593989 ], [ -112.177524, 40.596265 ], [ -112.176369, 40.597196 ], [ -112.1764, 40.600263 ], [ -112.175438, 40.602099 ], [ -112.175337, 40.603981 ], [ -112.176496, 40.604888 ], [ -112.17855, 40.605473 ], [ -112.178448, 40.606784 ], [ -112.180878, 40.610349 ], [ -112.181709, 40.612055 ], [ -112.185626, 40.614077 ], [ -112.187433, 40.613725 ], [ -112.18845, 40.614181 ], [ -112.189737, 40.616266 ], [ -112.192376, 40.618304 ], [ -112.193424, 40.619968 ], [ -112.195899, 40.621233 ], [ -112.196252, 40.623617 ], [ -112.197473, 40.624941 ], [ -112.197617, 40.626206 ], [ -112.196434, 40.628125 ], [ -112.196393, 40.62934 ], [ -112.196206, 40.63167 ], [ -112.195556, 40.633592 ], [ -112.194264, 40.635005 ], [ -112.194194, 40.635844 ], [ -112.195137, 40.637133 ], [ -112.195047, 40.639512 ], [ -112.195439, 40.640314 ], [ -112.197356, 40.641838 ], [ -112.198021, 40.643926 ], [ -112.197852, 40.647842 ], [ -112.198632, 40.64905 ], [ -112.200003, 40.649743 ], [ -112.202118, 40.652136 ], [ -112.202926, 40.653981 ], [ -112.203046, 40.658301 ], [ -112.20161, 40.661596 ], [ -112.201236, 40.663216 ], [ -112.201809, 40.668723 ], [ -112.201476, 40.671184 ], [ -112.201366, 40.671998 ], [ -112.201894, 40.673164 ], [ -112.202218, 40.674425 ], [ -112.202468, 40.67486 ], [ -112.20319, 40.675356 ], [ -112.203361, 40.676139 ], [ -112.204031, 40.677363 ], [ -112.204365, 40.678646 ], [ -112.203959, 40.679727 ], [ -112.203788, 40.680399 ], [ -112.203098, 40.681759 ], [ -112.203917, 40.682809 ], [ -112.204182, 40.683395 ], [ -112.203102, 40.684684 ], [ -112.201475, 40.686342 ], [ -112.200863, 40.68851 ], [ -112.200527, 40.689002 ], [ -112.200432, 40.68961 ], [ -112.199659, 40.690925 ], [ -112.199714, 40.69182 ], [ -112.19864, 40.693193 ], [ -112.19861, 40.693423 ], [ -112.1991, 40.694916 ], [ -112.198735, 40.696258 ], [ -112.198693, 40.696871 ], [ -112.198893, 40.69818 ], [ -112.199157, 40.699114 ], [ -112.199586, 40.700181 ], [ -112.199962, 40.701686 ], [ -112.200405, 40.702979 ], [ -112.200818, 40.703538 ], [ -112.201132, 40.704919 ], [ -112.202079, 40.706921 ], [ -112.202891, 40.708024 ], [ -112.20331, 40.709137 ], [ -112.204825, 40.710761 ], [ -112.205211, 40.712157 ], [ -112.206383, 40.713267 ], [ -112.206739, 40.713823 ], [ -112.207355, 40.715189 ], [ -112.207676, 40.715721 ], [ -112.208309, 40.716049 ], [ -112.21082, 40.716093 ], [ -112.211474, 40.716239 ], [ -112.212475, 40.716602 ], [ -112.213245, 40.716651 ], [ -112.213613, 40.716806 ], [ -112.214266, 40.71744 ], [ -112.214542, 40.717892 ], [ -112.21489, 40.718022 ], [ -112.216533, 40.717906 ], [ -112.217271, 40.718279 ], [ -112.220283, 40.720304 ], [ -112.222749, 40.721995 ], [ -112.224077, 40.722909 ], [ -112.224787, 40.723407 ], [ -112.224979, 40.723541 ], [ -112.225794, 40.724116 ], [ -112.225919, 40.724204 ], [ -112.227795, 40.725594 ], [ -112.255592, 40.762973 ], [ -112.260216, 40.769093 ], [ -112.280166, 40.795617 ], [ -112.316394, 40.843772 ], [ -112.329422, 40.860706 ], [ -112.340129, 40.874941 ], [ -112.375788, 40.922079 ], [ -112.435042, 40.999938 ], [ -112.466974, 41.041964 ], [ -112.493515, 41.076888 ], [ -112.500794, 41.075086 ], [ -112.536796, 41.066036 ], [ -112.6258, 41.043735 ], [ -112.663586, 41.03428 ], [ -112.748605, 41.012934 ], [ -112.750805, 41.012184 ], [ -112.761233, 41.009614 ], [ -112.780821, 41.004662 ], [ -112.799359, 40.999939 ], [ -112.848938, 40.999933 ], [ -112.859941, 40.999933 ], [ -112.901694, 40.999933 ], [ -112.916529, 40.999933 ], [ -112.950391, 40.999932 ], [ -113.017805, 40.999932 ], [ -113.04064, 40.999932 ], [ -113.073446, 40.999932 ], [ -113.117826, 40.999928 ], [ -113.129382, 40.999931 ], [ -113.143093, 40.999931 ], [ -113.201698, 40.99993 ], [ -113.266321, 40.999931 ], [ -113.343561, 40.999924 ], [ -113.380723, 40.999933 ], [ -113.397161, 40.99993 ], [ -113.500829, 40.999929 ], [ -113.578231, 40.999928 ], [ -113.61186, 40.999928 ], [ -113.625834, 40.999927 ], [ -113.750075, 40.999927 ], [ -113.836338, 40.999927 ], [ -113.887239, 40.999926 ], [ -113.961623, 40.999926 ], [ -113.973835, 40.999926 ], [ -113.980166, 40.999925 ], [ -113.982969, 40.999926 ], [ -113.990438, 40.999926 ], [ -114.028393, 40.999958 ], [ -114.042029, 40.999896 ], [ -114.042153, 40.982138 ], [ -114.042274, 40.953524 ], [ -114.042329, 40.922686 ], [ -114.042477, 40.897577 ], [ -114.042523, 40.879827 ], [ -114.042637, 40.867649 ], [ -114.042674, 40.845903 ], [ -114.042798, 40.826958 ], [ -114.042886, 40.806129 ], [ -114.042874, 40.795071 ], [ -114.043046, 40.780326 ], [ -114.043515, 40.747712 ], [ -114.043544, 40.745715 ], [ -114.043635, 40.73961 ], [ -114.043654, 40.738142 ], [ -114.043657, 40.73799 ], [ -114.043689, 40.735776 ], [ -114.043718, 40.732067 ], [ -114.043722, 40.731488 ], [ -114.043737, 40.729113 ], [ -114.043752, 40.726855 ], [ -114.044004, 40.689755 ], [ -114.044161, 40.668958 ], [ -114.044497, 40.628289 ], [ -114.04467, 40.60742 ], [ -114.04485, 40.578953 ], [ -114.045376, 40.504601 ], [ -114.045405, 40.500393 ], [ -114.045423, 40.497978 ], [ -114.045444, 40.494745 ], [ -114.045477, 40.49008 ], [ -114.045332, 40.457793 ], [ -114.045202, 40.448956 ], [ -114.04507, 40.43992 ], [ -114.04507, 40.43082 ], [ -114.045246, 40.42898 ], [ -114.045671, 40.424544 ], [ -114.04578, 40.416483 ], [ -114.046099, 40.401848 ], [ -114.046035, 40.388453 ], [ -114.0461, 40.372736 ], [ -114.04609, 40.359348 ], [ -114.046156, 40.332159 ], [ -114.046208, 40.284052 ], [ -114.046317, 40.264989 ], [ -114.046273, 40.254928 ], [ -114.04626, 40.242636 ], [ -114.046371, 40.234942 ], [ -114.04648, 40.225447 ], [ -114.046584, 40.200076 ], [ -114.046522, 40.183899 ], [ -114.046432, 40.179036 ], [ -114.046475, 40.155306 ], [ -114.046564, 40.154056 ], [ -114.046456, 40.143255 ], [ -114.046619, 40.115829 ], [ -114.046679, 40.101188 ], [ -114.04671, 40.081025 ], [ -114.046703, 40.078375 ], [ -114.046679, 40.061668 ], [ -114.046689, 40.04986 ], [ -114.046729, 40.037741 ], [ -114.046794, 40.008913 ], [ -114.046802, 40.00473 ], [ -114.046806, 40.002926 ], [ -114.046936, 39.971929 ], [ -114.04698, 39.947234 ], [ -114.046994, 39.911513 ], [ -114.047026, 39.906097 ], [ -114.047114, 39.89552 ], [ -114.047164, 39.873347 ], [ -114.047169, 39.869263 ], [ -114.047174, 39.85333 ], [ -114.047181, 39.849739 ], [ -114.047685, 39.815645 ], [ -114.047766, 39.808439 ], [ -114.047835, 39.786968 ], [ -114.047855, 39.779402 ], [ -114.047726, 39.763588 ], [ -114.047148, 39.737494 ], [ -114.047005, 39.724798 ], [ -114.046839, 39.709111 ], [ -114.047041, 39.694787 ], [ -114.047238, 39.679905 ], [ -114.047301, 39.667585 ], [ -114.047373, 39.651088 ], [ -114.047551, 39.624941 ], [ -114.047542, 39.598031 ], [ -114.04758, 39.577217 ], [ -114.047649, 39.542742 ], [ -114.000809, 39.542891 ], [ -113.974217, 39.543093 ], [ -113.948045, 39.543318 ], [ -113.915273, 39.543602 ], [ -113.901626, 39.543649 ], [ -113.892324, 39.543703 ], [ -113.873381, 39.543696 ], [ -113.85097, 39.543758 ], [ -113.828925, 39.543939 ], [ -113.827575, 39.543949 ], [ -113.816925, 39.544075 ], [ -113.815766, 39.54409 ], [ -113.815743, 39.552644 ], [ -113.77914, 39.552658 ], [ -113.721589, 39.552662 ], [ -113.692859, 39.552644 ], [ -113.625827, 39.5526 ], [ -113.623408, 39.552535 ], [ -113.609412, 39.55253 ], [ -113.570314, 39.552515 ], [ -113.545606, 39.552504 ], [ -113.510167, 39.552475 ], [ -113.472737, 39.552463 ], [ -113.426363, 39.552466 ], [ -113.375334, 39.552521 ], [ -113.341893, 39.552529 ], [ -113.307706, 39.55252 ], [ -113.288869, 39.552517 ], [ -113.276808, 39.552515 ], [ -113.27318, 39.552513 ], [ -113.263209, 39.552511 ], [ -113.226302, 39.55251 ], [ -113.179812, 39.552507 ], [ -113.107475, 39.552513 ], [ -113.063598, 39.552526 ], [ -113.041057, 39.552531 ], [ -113.023652, 39.552531 ], [ -112.989533, 39.552529 ], [ -112.923426, 39.552539 ], [ -112.902833, 39.552566 ], [ -112.892865, 39.552518 ], [ -112.83279, 39.552572 ], [ -112.819825, 39.552684 ], [ -112.803046, 39.552648 ], [ -112.775986, 39.552634 ], [ -112.750788, 39.552549 ], [ -112.724487, 39.552649 ], [ -112.713084, 39.552532 ], [ -112.692676, 39.552468 ], [ -112.687255, 39.55245 ], [ -112.660217, 39.552486 ], [ -112.629539, 39.5524 ], [ -112.592196, 39.552401 ], [ -112.564974, 39.552419 ], [ -112.551438, 39.552376 ], [ -112.536857, 39.552449 ], [ -112.526627, 39.552437 ], [ -112.500871, 39.5524 ], [ -112.462419, 39.552451 ], [ -112.462423, 39.553704 ], [ -112.383568, 39.553686 ], [ -112.368248, 39.553677 ], [ -112.355071, 39.553688 ], [ -112.354467, 39.553684 ], [ -112.350601, 39.553694 ], [ -112.339119, 39.553671 ], [ -112.324317, 39.553656 ], [ -112.295486, 39.55363 ], [ -112.270185, 39.553613 ], [ -112.260872, 39.553652 ], [ -112.235958, 39.553625 ], [ -112.235962, 39.554045 ], [ -112.232381, 39.55404 ], [ -112.225504, 39.554031 ], [ -112.223782, 39.554029 ], [ -112.217648, 39.554001 ], [ -112.216441, 39.554005 ], [ -112.212045, 39.553987 ], [ -112.212029, 39.54773 ], [ -112.207353, 39.547696 ], [ -112.207346, 39.54408 ], [ -112.202672, 39.544048 ], [ -112.202666, 39.540434 ], [ -112.193292, 39.540451 ], [ -112.193242, 39.526023 ], [ -112.211973, 39.526042 ], [ -112.211961, 39.511579 ], [ -112.207285, 39.511566 ], [ -112.207294, 39.507664 ], [ -112.2073, 39.504334 ], [ -112.202633, 39.504323 ], [ -112.202626, 39.489858 ], [ -112.193277, 39.489834 ], [ -112.19329, 39.468455 ], [ -112.193424, 39.443379 ], [ -112.193756, 39.400821 ], [ -112.19381, 39.384938 ], [ -112.193596, 39.37309 ], [ -112.188907, 39.373089 ], [ -112.188907, 39.35521 ], [ -112.188922, 39.329392 ], [ -112.156245, 39.329369 ], [ -112.137293, 39.329397 ], [ -112.136444, 39.329405 ], [ -112.10962, 39.329522 ], [ -112.109608, 39.329686 ], [ -112.091857, 39.329682 ], [ -112.08198, 39.329687 ], [ -112.072108, 39.329695 ], [ -112.072218, 39.315715 ], [ -112.072218, 39.314923 ], [ -112.053423, 39.314942 ], [ -112.053421, 39.314483 ], [ -112.016003, 39.314561 ], [ -112.015787, 39.323551 ], [ -112.015812, 39.336863 ], [ -111.985357, 39.336804 ], [ -111.958106, 39.336846 ], [ -111.958395, 39.350053 ], [ -111.958636, 39.356564 ], [ -111.958756, 39.362545 ], [ -111.958773, 39.366133 ], [ -111.944441, 39.366333 ], [ -111.933983, 39.366625 ], [ -111.92958, 39.366728 ], [ -111.921698, 39.366862 ], [ -111.921948, 39.374904 ], [ -111.922389, 39.381591 ], [ -111.906199, 39.381605 ], [ -111.899548, 39.381552 ], [ -111.899549, 39.38132 ], [ -111.877477, 39.381488 ], [ -111.852932, 39.381704 ], [ -111.826406, 39.382154 ], [ -111.810467, 39.382191 ], [ -111.79453, 39.382434 ], [ -111.776732, 39.38257 ], [ -111.764516, 39.382688 ], [ -111.755263, 39.38272 ], [ -111.747044, 39.38275 ], [ -111.747276, 39.403467 ], [ -111.747276, 39.403548 ], [ -111.747389, 39.41696 ], [ -111.747468, 39.423744 ], [ -111.747591, 39.437455 ], [ -111.74768, 39.444341 ], [ -111.747736, 39.460077 ], [ -111.74491, 39.460105 ], [ -111.738085, 39.460155 ], [ -111.721167, 39.460129 ], [ -111.713224, 39.460294 ], [ -111.713258, 39.476547 ], [ -111.713286, 39.493438 ], [ -111.713219, 39.505199 ], [ -111.713263, 39.512835 ], [ -111.713284, 39.518797 ], [ -111.713282, 39.527845 ], [ -111.713167, 39.533887 ], [ -111.713288, 39.542419 ], [ -111.713282, 39.548111 ], [ -111.715714, 39.548167 ], [ -111.71572, 39.550037 ], [ -111.715368, 39.586461 ], [ -111.715231, 39.607767 ], [ -111.715186, 39.617518 ], [ -111.715184, 39.63698 ], [ -111.717247, 39.63698 ], [ -111.717247, 39.653262 ], [ -111.717248, 39.665566 ], [ -111.717473, 39.665566 ], [ -111.717482, 39.69456 ], [ -111.713316, 39.694668 ], [ -111.703429, 39.694925 ], [ -111.700492, 39.695002 ], [ -111.691915, 39.695183 ], [ -111.689481, 39.695231 ], [ -111.689485, 39.695772 ], [ -111.689596, 39.71036 ], [ -111.680269, 39.710196 ], [ -111.680359, 39.717465 ], [ -111.671896, 39.717552 ], [ -111.661362, 39.717655 ], [ -111.661349, 39.725058 ], [ -111.646658, 39.725139 ], [ -111.642619, 39.725162 ], [ -111.642662, 39.732687 ], [ -111.642519, 39.739693 ], [ -111.632275, 39.739684 ], [ -111.620129, 39.739798 ], [ -111.602193, 39.739971 ] ], [ [ -112.384935, 40.607274 ], [ -112.3754, 40.612147 ], [ -112.371033, 40.614367 ], [ -112.352018, 40.624101 ], [ -112.333016, 40.633811 ], [ -112.325692, 40.637245 ], [ -112.317931, 40.640762 ], [ -112.317508, 40.640321 ], [ -112.316244, 40.639644 ], [ -112.317041, 40.63787 ], [ -112.316185, 40.637407 ], [ -112.314364, 40.638211 ], [ -112.312983, 40.638166 ], [ -112.312294, 40.636946 ], [ -112.312365, 40.636124 ], [ -112.312692, 40.635495 ], [ -112.312721, 40.634572 ], [ -112.312172, 40.634573 ], [ -112.312231, 40.63252 ], [ -112.31049, 40.630938 ], [ -112.308702, 40.630909 ], [ -112.307193, 40.631047 ], [ -112.304296, 40.631027 ], [ -112.303802, 40.631023 ], [ -112.301391, 40.630957 ], [ -112.298485, 40.63099 ], [ -112.29602, 40.630899 ], [ -112.293235, 40.63075 ], [ -112.292244, 40.630491 ], [ -112.291087, 40.630221 ], [ -112.293025, 40.623749 ], [ -112.294816, 40.616612 ], [ -112.294591, 40.61278 ], [ -112.29437, 40.609132 ], [ -112.294191, 40.601911 ], [ -112.294032, 40.593267 ], [ -112.294044, 40.592004 ], [ -112.294021, 40.59116 ], [ -112.29381, 40.582903 ], [ -112.293871, 40.580106 ], [ -112.284435, 40.580255 ], [ -112.284276, 40.573048 ], [ -112.282924, 40.573049 ], [ -112.292093, 40.565673 ], [ -112.29025, 40.565736 ], [ -112.289291, 40.565775 ], [ -112.284107, 40.565803 ], [ -112.283928, 40.558506 ], [ -112.274383, 40.558611 ], [ -112.274346, 40.556369 ], [ -112.274248, 40.551334 ], [ -112.274238, 40.551087 ], [ -112.267148, 40.551163 ], [ -112.267062, 40.547773 ], [ -112.270921, 40.547737 ], [ -112.274178, 40.547698 ], [ -112.274178, 40.547655 ], [ -112.274155, 40.546034 ], [ -112.274131, 40.54443 ], [ -112.274117, 40.5438 ], [ -112.274106, 40.542333 ], [ -112.27409, 40.540506 ], [ -112.269928, 40.540472 ], [ -112.269347, 40.54048 ], [ -112.269187, 40.534296 ], [ -112.27122, 40.533377 ], [ -112.271218, 40.531988 ], [ -112.271947, 40.531593 ], [ -112.271477, 40.531126 ], [ -112.270202, 40.529668 ], [ -112.265953, 40.526251 ], [ -112.264206, 40.524108 ], [ -112.264193, 40.522416 ], [ -112.26899, 40.522335 ], [ -112.269006, 40.52051 ], [ -112.268829, 40.515139 ], [ -112.27404, 40.515177 ], [ -112.27404, 40.513658 ], [ -112.274012, 40.506867 ], [ -112.273233, 40.50707 ], [ -112.267313, 40.505465 ], [ -112.266835, 40.504259 ], [ -112.264663, 40.501089 ], [ -112.263731, 40.500871 ], [ -112.25912, 40.498015 ], [ -112.255633, 40.49634 ], [ -112.255634, 40.49379 ], [ -112.246087, 40.493727 ], [ -112.24608, 40.490116 ], [ -112.241308, 40.490088 ], [ -112.241294, 40.481091 ], [ -112.24347, 40.481548 ], [ -112.24709, 40.483291 ], [ -112.251608, 40.481597 ], [ -112.252532, 40.480168 ], [ -112.254679, 40.480203 ], [ -112.256692, 40.482578 ], [ -112.259914, 40.48361 ], [ -112.261602, 40.482891 ], [ -112.263028, 40.484062 ], [ -112.266043, 40.485396 ], [ -112.268037, 40.485968 ], [ -112.26951, 40.487835 ], [ -112.272638, 40.488419 ], [ -112.273836, 40.489615 ], [ -112.274906, 40.48978 ], [ -112.277926, 40.491966 ], [ -112.278998, 40.493847 ], [ -112.285232, 40.493899 ], [ -112.28518, 40.495377 ], [ -112.288313, 40.502193 ], [ -112.290554, 40.505399 ], [ -112.289454, 40.505407 ], [ -112.289479, 40.507624 ], [ -112.294074, 40.507622 ], [ -112.299247, 40.507691 ], [ -112.312621, 40.507549 ], [ -112.317544, 40.507496 ], [ -112.317635, 40.507412 ], [ -112.318005, 40.507053 ], [ -112.327419, 40.497454 ], [ -112.332121, 40.492699 ], [ -112.342036, 40.492561 ], [ -112.342252, 40.492503 ], [ -112.341705, 40.493688 ], [ -112.340104, 40.499382 ], [ -112.339522, 40.501563 ], [ -112.338049, 40.506951 ], [ -112.338002, 40.507127 ], [ -112.336554, 40.512498 ], [ -112.336019, 40.514481 ], [ -112.335426, 40.516681 ], [ -112.335638, 40.516709 ], [ -112.340565, 40.515559 ], [ -112.341764, 40.517485 ], [ -112.344492, 40.51968 ], [ -112.3482, 40.521164 ], [ -112.350264, 40.519554 ], [ -112.35164, 40.51902 ], [ -112.353957, 40.520139 ], [ -112.353534, 40.521467 ], [ -112.3548, 40.523475 ], [ -112.357255, 40.524489 ], [ -112.360613, 40.523994 ], [ -112.35736, 40.528681 ], [ -112.357027, 40.530326 ], [ -112.357666, 40.531734 ], [ -112.357102, 40.533915 ], [ -112.349842, 40.543843 ], [ -112.347409, 40.542798 ], [ -112.346348, 40.544277 ], [ -112.343556, 40.543105 ], [ -112.340256, 40.546306 ], [ -112.341921, 40.548271 ], [ -112.344192, 40.55091 ], [ -112.35196, 40.559248 ], [ -112.354622, 40.561243 ], [ -112.362933, 40.564948 ], [ -112.363754, 40.564735 ], [ -112.368097, 40.564665 ], [ -112.368103, 40.566866 ], [ -112.367442, 40.566935 ], [ -112.367277, 40.567201 ], [ -112.367385, 40.575747 ], [ -112.367818, 40.578576 ], [ -112.369992, 40.582942 ], [ -112.370156, 40.585479 ], [ -112.36448, 40.585504 ], [ -112.364535, 40.588465 ], [ -112.370231, 40.588315 ], [ -112.3704, 40.593795 ], [ -112.385771, 40.593517 ], [ -112.390839, 40.598429 ], [ -112.392327, 40.600856 ], [ -112.394257, 40.604227 ], [ -112.386954, 40.606371 ], [ -112.384935, 40.607274 ] ] ] ] } },
{ "type": "Feature", "properties": { "id": 55, "NAME": "55", "TotalPop": 42655, "PopDevPct": -0.02215755, "DemPct": 0.3142963, "RepPct": 0.65622188, "WhitePct": 0.80403488, "MinorityPct": 0.19596512, "BlackPct": 0.01211866, "HispanicPct": 0.12913733, "PacificPct": 0.01187349, "AsianPct": 0.01653182, "NativePct": 0.02812511, "TotalVAP": 28551, "Margin": -0.34192558, "color": "#960018", "opacity": "0.5", "DemPct2": 0.31528113, "RepPct2": 0.63130965, "Margin2": -0.31602852, "Swing": -0.02589706, "R_Margin": -0.1432165296000001, "R_Margin2": -0.11148139413333338, "R_Swing": -0.031735135466666689, "Majority": "White" }, "geometry": { "type": "MultiPolygon", "coordinates": [ [ [ [ -112.293871, 40.580106 ], [ -112.29381, 40.582903 ], [ -112.294021, 40.59116 ], [ -112.294044, 40.592004 ], [ -112.294032, 40.593267 ], [ -112.294191, 40.601911 ], [ -112.29437, 40.609132 ], [ -112.294591, 40.61278 ], [ -112.294816, 40.616612 ], [ -112.293025, 40.623749 ], [ -112.291087, 40.630221 ], [ -112.292244, 40.630491 ], [ -112.293235, 40.63075 ], [ -112.29602, 40.630899 ], [ -112.298485, 40.63099 ], [ -112.301391, 40.630957 ], [ -112.303802, 40.631023 ], [ -112.304296, 40.631027 ], [ -112.307193, 40.631047 ], [ -112.308702, 40.630909 ], [ -112.31049, 40.630938 ], [ -112.312231, 40.63252 ], [ -112.312172, 40.634573 ], [ -112.312721, 40.634572 ], [ -112.312692, 40.635495 ], [ -112.312365, 40.636124 ], [ -112.312294, 40.636946 ], [ -112.312983, 40.638166 ], [ -112.314364, 40.638211 ], [ -112.316185, 40.637407 ], [ -112.317041, 40.63787 ], [ -112.316244, 40.639644 ], [ -112.317508, 40.640321 ], [ -112.317931, 40.640762 ], [ -112.325692, 40.637245 ], [ -112.333016, 40.633811 ], [ -112.352018, 40.624101 ], [ -112.371033, 40.614367 ], [ -112.3754, 40.612147 ], [ -112.384935, 40.607274 ], [ -112.386954, 40.606371 ], [ -112.394257, 40.604227 ], [ -112.392327, 40.600856 ], [ -112.390839, 40.598429 ], [ -112.385771, 40.593517 ], [ -112.3704, 40.593795 ], [ -112.370231, 40.588315 ], [ -112.364535, 40.588465 ], [ -112.36448, 40.585504 ], [ -112.370156, 40.585479 ], [ -112.369992, 40.582942 ], [ -112.367818, 40.578576 ], [ -112.367385, 40.575747 ], [ -112.367277, 40.567201 ], [ -112.367442, 40.566935 ], [ -112.368103, 40.566866 ], [ -112.368097, 40.564665 ], [ -112.363754, 40.564735 ], [ -112.362933, 40.564948 ], [ -112.354622, 40.561243 ], [ -112.35196, 40.559248 ], [ -112.344192, 40.55091 ], [ -112.341921, 40.548271 ], [ -112.340256, 40.546306 ], [ -112.343556, 40.543105 ], [ -112.346348, 40.544277 ], [ -112.347409, 40.542798 ], [ -112.349842, 40.543843 ], [ -112.357102, 40.533915 ], [ -112.357666, 40.531734 ], [ -112.357027, 40.530326 ], [ -112.35736, 40.528681 ], [ -112.360613, 40.523994 ], [ -112.357255, 40.524489 ], [ -112.3548, 40.523475 ], [ -112.353534, 40.521467 ], [ -112.353957, 40.520139 ], [ -112.35164, 40.51902 ], [ -112.350264, 40.519554 ], [ -112.3482, 40.521164 ], [ -112.344492, 40.51968 ], [ -112.341764, 40.517485 ], [ -112.340565, 40.515559 ], [ -112.335638, 40.516709 ], [ -112.335426, 40.516681 ], [ -112.336019, 40.514481 ], [ -112.336554, 40.512498 ], [ -112.338002, 40.507127 ], [ -112.338049, 40.506951 ], [ -112.339522, 40.501563 ], [ -112.340104, 40.499382 ], [ -112.341705, 40.493688 ], [ -112.342252, 40.492503 ], [ -112.342036, 40.492561 ], [ -112.332121, 40.492699 ], [ -112.327419, 40.497454 ], [ -112.318005, 40.507053 ], [ -112.317635, 40.507412 ], [ -112.317544, 40.507496 ], [ -112.312621, 40.507549 ], [ -112.299247, 40.507691 ], [ -112.294074, 40.507622 ], [ -112.289479, 40.507624 ], [ -112.289454, 40.505407 ], [ -112.290554, 40.505399 ], [ -112.288313, 40.502193 ], [ -112.28518, 40.495377 ], [ -112.285232, 40.493899 ], [ -112.278998, 40.493847 ], [ -112.277926, 40.491966 ], [ -112.274906, 40.48978 ], [ -112.273836, 40.489615 ], [ -112.272638, 40.488419 ], [ -112.26951, 40.487835 ], [ -112.268037, 40.485968 ], [ -112.266043, 40.485396 ], [ -112.263028, 40.484062 ], [ -112.261602, 40.482891 ], [ -112.259914, 40.48361 ], [ -112.256692, 40.482578 ], [ -112.254679, 40.480203 ], [ -112.252532, 40.480168 ], [ -112.251608, 40.481597 ], [ -112.24709, 40.483291 ], [ -112.24347, 40.481548 ], [ -112.241294, 40.481091 ], [ -112.241308, 40.490088 ], [ -112.24608, 40.490116 ], [ -112.246087, 40.493727 ], [ -112.255634, 40.49379 ], [ -112.255633, 40.49634 ], [ -112.25912, 40.498015 ], [ -112.263731, 40.500871 ], [ -112.264663, 40.501089 ], [ -112.266835, 40.504259 ], [ -112.267313, 40.505465 ], [ -112.273233, 40.50707 ], [ -112.274012, 40.506867 ], [ -112.27404, 40.513658 ], [ -112.27404, 40.515177 ], [ -112.268829, 40.515139 ], [ -112.269006, 40.52051 ], [ -112.26899, 40.522335 ], [ -112.264193, 40.522416 ], [ -112.264206, 40.524108 ], [ -112.265953, 40.526251 ], [ -112.270202, 40.529668 ], [ -112.271477, 40.531126 ], [ -112.271947, 40.531593 ], [ -112.271218, 40.531988 ], [ -112.27122, 40.533377 ], [ -112.269187, 40.534296 ], [ -112.269347, 40.54048 ], [ -112.269928, 40.540472 ], [ -112.27409, 40.540506 ], [ -112.274106, 40.542333 ], [ -112.274117, 40.5438 ], [ -112.274131, 40.54443 ], [ -112.274155, 40.546034 ], [ -112.274178, 40.547655 ], [ -112.274178, 40.547698 ], [ -112.270921, 40.547737 ], [ -112.267062, 40.547773 ], [ -112.267148, 40.551163 ], [ -112.274238, 40.551087 ], [ -112.274248, 40.551334 ], [ -112.274346, 40.556369 ], [ -112.274383, 40.558611 ], [ -112.283928, 40.558506 ], [ -112.284107, 40.565803 ], [ -112.289291, 40.565775 ], [ -112.29025, 40.565736 ], [ -112.292093, 40.565673 ], [ -112.282924, 40.573049 ], [ -112.284276, 40.573048 ], [ -112.284435, 40.580255 ], [ -112.293871, 40.580106 ] ] ] ] } },
{ "type": "Feature", "properties": { "id": 56, "NAME": "56", "TotalPop": 45278, "PopDevPct": 0.03797328, "DemPct": 0.12593832, "RepPct": 0.85651248, "WhitePct": 0.82405781, "MinorityPct": 0.17594219, "BlackPct": 0.00599954, "HispanicPct": 0.0713315, "PacificPct": 0.00387815, "AsianPct": 0.01054062, "NativePct": 0.0879711, "TotalVAP": 30169, "Margin": -0.73057416, "color": "#960018", "opacity": "0.5", "DemPct2": 0.1114025, "RepPct2": 0.8634218, "Margin2": -0.7520193, "Swing": 0.02144514, "R_Margin": -0.5318651096, "R_Margin2": -0.54747217413333338, "R_Swing": 0.015607064533333421, "Majority": "White" }, "geometry": { "type": "MultiPolygon", "coordinates": [ [ [ [ -109.976511, 40.498936 ], [ -109.976523, 40.489977 ], [ -109.976518, 40.482239 ], [ -109.976522, 40.465484 ], [ -109.976525, 40.461615 ], [ -109.976527, 40.447388 ], [ -109.976536, 40.442578 ], [ -109.976534, 40.432903 ], [ -109.976551, 40.403615 ], [ -109.976557, 40.373304 ], [ -109.976556, 40.356608 ], [ -109.976562, 40.348007 ], [ -109.976563, 40.345693 ], [ -109.976564, 40.341657 ], [ -109.982421, 40.341836 ], [ -109.991857, 40.341996 ], [ -110.00562, 40.342102 ], [ -110.025477, 40.342004 ], [ -110.025635, 40.342048 ], [ -110.031554, 40.34206 ], [ -110.036889, 40.34207 ], [ -110.042455, 40.341986 ], [ -110.043212, 40.344106 ], [ -110.044674, 40.345287 ], [ -110.048364, 40.345881 ], [ -110.047684, 40.341727 ], [ -110.056786, 40.341743 ], [ -110.056883, 40.341852 ], [ -110.067442, 40.341798 ], [ -110.067367, 40.332083 ], [ -110.067366, 40.331989 ], [ -110.067333, 40.324501 ], [ -110.056027, 40.323833 ], [ -110.053005, 40.32357 ], [ -110.048499, 40.32355 ], [ -110.048498, 40.323349 ], [ -110.04848, 40.319195 ], [ -110.048475, 40.316573 ], [ -110.04845, 40.313943 ], [ -110.04844, 40.312952 ], [ -110.048408, 40.302095 ], [ -110.048421, 40.296491 ], [ -110.048426, 40.289393 ], [ -110.048436, 40.286529 ], [ -110.048466, 40.282579 ], [ -110.04844, 40.280208 ], [ -110.05788, 40.280264 ], [ -110.05788, 40.279068 ], [ -110.068009, 40.278107 ], [ -110.067586, 40.275441 ], [ -110.067229, 40.275481 ], [ -110.067275, 40.273045 ], [ -110.067335, 40.267486 ], [ -110.067334, 40.266554 ], [ -110.067381, 40.258969 ], [ -110.067378, 40.258578 ], [ -110.067389, 40.257152 ], [ -110.067397, 40.253469 ], [ -110.066992, 40.252937 ], [ -110.067295, 40.25196 ], [ -110.067358, 40.246474 ], [ -110.067367, 40.244078 ], [ -110.067363, 40.233196 ], [ -110.067363, 40.233029 ], [ -110.064165, 40.233712 ], [ -110.061361, 40.233895 ], [ -110.058164, 40.232998 ], [ -110.053215, 40.232925 ], [ -110.050951, 40.232188 ], [ -110.047157, 40.232697 ], [ -110.042242, 40.231504 ], [ -110.03947, 40.232435 ], [ -110.034457, 40.234842 ], [ -110.029591, 40.235829 ], [ -110.025233, 40.235851 ], [ -110.021174, 40.237513 ], [ -110.019041, 40.238815 ], [ -110.015367, 40.239341 ], [ -110.012483, 40.240418 ], [ -110.010619, 40.241563 ], [ -110.00835, 40.242841 ], [ -109.998426, 40.244188 ], [ -109.994126, 40.244259 ], [ -109.991705, 40.244779 ], [ -109.992591, 40.24375 ], [ -109.991689, 40.241628 ], [ -109.991636, 40.229773 ], [ -109.976603, 40.229771 ], [ -109.976621, 40.21265 ], [ -109.976614, 40.196752 ], [ -109.976617, 40.189439 ], [ -109.976629, 40.182404 ], [ -109.976627, 40.16702 ], [ -109.976641, 40.154876 ], [ -109.976641, 40.138551 ], [ -109.976645, 40.130959 ], [ -109.976648, 40.113282 ], [ -109.976651, 40.105735 ], [ -109.976647, 40.101124 ], [ -109.976652, 40.089351 ], [ -109.976654, 40.086053 ], [ -109.976663, 40.07051 ], [ -109.976667, 40.061724 ], [ -109.976668, 40.058817 ], [ -109.976671, 40.057439 ], [ -109.976673, 40.046816 ], [ -109.976687, 40.003546 ], [ -109.976692, 39.985285 ], [ -109.976699, 39.970712 ], [ -109.976698, 39.965092 ], [ -109.976691, 39.946607 ], [ -109.976711, 39.915869 ], [ -109.976711, 39.915474 ], [ -109.976733, 39.851738 ], [ -109.97675, 39.809915 ], [ -109.976814, 39.80623 ], [ -109.951053, 39.806208 ], [ -109.933673, 39.806228 ], [ -109.925259, 39.806232 ], [ -109.88408, 39.806236 ], [ -109.88308, 39.806236 ], [ -109.884576, 39.80508 ], [ -109.887482, 39.804171 ], [ -109.889971, 39.803833 ], [ -109.891838, 39.803157 ], [ -109.893069, 39.801818 ], [ -109.893259, 39.800331 ], [ -109.892475, 39.799099 ], [ -109.890855, 39.797754 ], [ -109.886073, 39.79596 ], [ -109.880507, 39.794741 ], [ -109.8783, 39.793735 ], [ -109.876912, 39.792577 ], [ -109.874621, 39.789739 ], [ -109.874065, 39.788162 ], [ -109.873899, 39.786138 ], [ -109.875699, 39.784011 ], [ -109.877586, 39.783174 ], [ -109.879954, 39.783228 ], [ -109.883233, 39.784124 ], [ -109.889183, 39.787364 ], [ -109.889797, 39.787856 ], [ -109.893169, 39.788612 ], [ -109.8972, 39.788884 ], [ -109.899739, 39.788579 ], [ -109.902726, 39.787644 ], [ -109.909633, 39.784633 ], [ -109.91922, 39.786194 ], [ -109.919823, 39.788011 ], [ -109.919243, 39.792646 ], [ -109.919933, 39.796337 ], [ -109.920761, 39.798269 ], [ -109.921874, 39.79954 ], [ -109.923739, 39.799806 ], [ -109.927464, 39.798467 ], [ -109.930202, 39.796037 ], [ -109.929139, 39.790752 ], [ -109.926694, 39.787412 ], [ -109.923497, 39.784032 ], [ -109.922349, 39.780345 ], [ -109.922374, 39.77763 ], [ -109.920811, 39.774141 ], [ -109.921323, 39.772608 ], [ -109.924957, 39.76769 ], [ -109.926693, 39.764406 ], [ -109.927873, 39.757342 ], [ -109.928916, 39.754163 ], [ -109.929301, 39.749964 ], [ -109.930371, 39.748144 ], [ -109.933381, 39.74734 ], [ -109.938668, 39.749114 ], [ -109.939776, 39.749962 ], [ -109.942695, 39.750664 ], [ -109.945076, 39.749952 ], [ -109.945452, 39.749419 ], [ -109.945268, 39.745746 ], [ -109.945737, 39.744074 ], [ -109.948163, 39.739202 ], [ -109.950172, 39.737546 ], [ -109.951412, 39.736985 ], [ -109.953549, 39.734968 ], [ -109.954114, 39.733874 ], [ -109.954342, 39.731767 ], [ -109.954087, 39.730089 ], [ -109.948204, 39.723052 ], [ -109.949807, 39.719684 ], [ -109.952734, 39.719591 ], [ -109.960631, 39.723441 ], [ -109.962143, 39.725885 ], [ -109.960558, 39.735301 ], [ -109.961865, 39.738925 ], [ -109.963644, 39.74091 ], [ -109.966769, 39.742737 ], [ -109.971564, 39.742856 ], [ -109.986831, 39.741003 ], [ -109.991588, 39.739237 ], [ -109.992865, 39.737325 ], [ -109.993372, 39.735766 ], [ -109.993317, 39.731828 ], [ -109.991893, 39.729756 ], [ -109.988668, 39.728438 ], [ -109.984142, 39.726266 ], [ -109.981462, 39.723157 ], [ -109.980564, 39.719158 ], [ -109.979496, 39.717184 ], [ -109.977557, 39.71499 ], [ -109.970776, 39.710329 ], [ -109.97105, 39.708158 ], [ -109.972357, 39.706102 ], [ -109.974808, 39.704989 ], [ -109.978748, 39.704128 ], [ -109.984427, 39.705056 ], [ -109.98988, 39.704509 ], [ -109.993741, 39.70278 ], [ -109.993737, 39.701433 ], [ -109.992942, 39.697934 ], [ -109.994268, 39.69331 ], [ -109.995676, 39.691592 ], [ -109.997988, 39.690225 ], [ -110.001617, 39.68942 ], [ -110.004532, 39.687475 ], [ -110.00509, 39.685493 ], [ -110.004848, 39.683704 ], [ -110.003931, 39.68269 ], [ -110.001278, 39.682693 ], [ -110.000704, 39.683364 ], [ -109.989412, 39.684498 ], [ -109.986433, 39.682697 ], [ -109.985065, 39.67964 ], [ -109.985782, 39.678019 ], [ -109.987554, 39.675647 ], [ -109.984611, 39.665507 ], [ -109.984302, 39.664128 ], [ -109.987358, 39.66074 ], [ -109.986928, 39.658184 ], [ -109.987237, 39.65656 ], [ -109.988182, 39.654915 ], [ -109.990372, 39.653497 ], [ -109.992424, 39.651558 ], [ -109.993427, 39.649414 ], [ -109.995988, 39.646629 ], [ -109.997912, 39.645919 ], [ -110.000298, 39.645878 ], [ -110.004885, 39.647644 ], [ -110.009331, 39.647254 ], [ -110.010531, 39.646471 ], [ -110.010888, 39.645308 ], [ -110.011699, 39.639925 ], [ -110.011706, 39.637814 ], [ -110.010914, 39.636574 ], [ -110.008792, 39.635884 ], [ -110.003349, 39.632619 ], [ -110.000703, 39.630712 ], [ -110.000503, 39.630064 ], [ -109.998003, 39.627864 ], [ -109.997538, 39.626037 ], [ -110.00238, 39.624964 ], [ -110.004349, 39.624895 ], [ -110.008824, 39.625986 ], [ -110.011303, 39.624962 ], [ -110.012112, 39.623018 ], [ -110.012252, 39.620276 ], [ -110.012988, 39.617625 ], [ -110.012965, 39.616393 ], [ -110.013661, 39.615063 ], [ -110.016435, 39.613844 ], [ -110.017639, 39.61211 ], [ -110.018063, 39.609581 ], [ -110.018696, 39.608412 ], [ -110.023131, 39.606677 ], [ -110.024265, 39.605411 ], [ -110.024979, 39.603178 ], [ -110.027461, 39.601322 ], [ -110.028978, 39.600651 ], [ -110.029398, 39.596374 ], [ -110.027233, 39.593631 ], [ -110.026909, 39.592642 ], [ -110.02498, 39.5912 ], [ -110.022011, 39.590603 ], [ -110.021076, 39.590033 ], [ -110.019163, 39.58766 ], [ -110.018713, 39.586371 ], [ -110.019019, 39.584766 ], [ -110.020543, 39.583165 ], [ -110.02198, 39.580838 ], [ -110.023654, 39.580746 ], [ -110.025299, 39.579874 ], [ -110.026944, 39.57816 ], [ -110.030923, 39.577797 ], [ -110.031974, 39.577193 ], [ -110.032312, 39.576123 ], [ -110.034887, 39.573422 ], [ -110.036315, 39.569867 ], [ -110.037569, 39.568093 ], [ -110.037952, 39.566667 ], [ -110.037253, 39.562951 ], [ -110.037826, 39.561923 ], [ -110.037089, 39.560129 ], [ -110.033223, 39.558532 ], [ -110.029728, 39.55559 ], [ -110.028437, 39.553361 ], [ -110.028631, 39.550679 ], [ -110.028129, 39.548473 ], [ -110.028271, 39.547338 ], [ -110.030552, 39.543032 ], [ -110.029449, 39.540732 ], [ -110.029993, 39.539305 ], [ -110.03284, 39.536998 ], [ -110.035707, 39.536228 ], [ -110.039752, 39.535697 ], [ -110.041794, 39.53584 ], [ -110.044148, 39.535572 ], [ -110.047609, 39.534384 ], [ -110.04823, 39.53315 ], [ -110.047352, 39.532247 ], [ -110.043152, 39.529612 ], [ -110.040386, 39.527088 ], [ -110.039579, 39.52492 ], [ -110.035747, 39.523307 ], [ -110.031813, 39.523459 ], [ -110.029978, 39.524043 ], [ -110.027083, 39.523893 ], [ -110.025757, 39.521876 ], [ -110.025266, 39.51975 ], [ -110.025302, 39.511819 ], [ -110.024973, 39.51028 ], [ -110.022905, 39.505292 ], [ -110.023303, 39.503284 ], [ -110.022282, 39.499965 ], [ -110.020949, 39.498559 ], [ -110.018052, 39.497311 ], [ -110.017053, 39.494895 ], [ -110.014593, 39.491607 ], [ -110.014685, 39.488923 ], [ -110.015669, 39.485185 ], [ -110.017207, 39.483756 ], [ -110.02352, 39.479275 ], [ -110.024592, 39.477018 ], [ -110.023834, 39.474259 ], [ -110.021212, 39.472214 ], [ -110.021225, 39.47125 ], [ -110.023963, 39.469268 ], [ -109.980925, 39.46927 ], [ -109.953349, 39.46927 ], [ -109.953349, 39.461801 ], [ -109.930041, 39.461771 ], [ -109.869505, 39.461777 ], [ -109.84988, 39.461823 ], [ -109.814536, 39.461851 ], [ -109.792687, 39.461898 ], [ -109.772924, 39.461851 ], [ -109.739289, 39.461884 ], [ -109.695776, 39.461929 ], [ -109.666424, 39.461964 ], [ -109.617034, 39.462259 ], [ -109.607741, 39.462277 ], [ -109.575161, 39.462298 ], [ -109.575044, 39.462447 ], [ -109.548371, 39.46232 ], [ -109.483999, 39.462372 ], [ -109.422694, 39.462341 ], [ -109.387012, 39.462323 ], [ -109.330472, 39.4623 ], [ -109.328893, 39.462193 ], [ -109.316003, 39.462285 ], [ -109.296602, 39.462234 ], [ -109.283249, 39.462271 ], [ -109.240733, 39.462163 ], [ -109.164266, 39.462104 ], [ -109.125667, 39.462073 ], [ -109.106972, 39.461979 ], [ -109.105175, 39.462926 ], [ -109.104541, 39.463803 ], [ -109.105248, 39.465594 ], [ -109.10513, 39.467325 ], [ -109.104297, 39.469372 ], [ -109.10243, 39.469179 ], [ -109.100804, 39.470188 ], [ -109.098978, 39.469618 ], [ -109.095826, 39.471593 ], [ -109.096294, 39.472538 ], [ -109.095159, 39.475799 ], [ -109.09593, 39.479051 ], [ -109.09274, 39.480922 ], [ -109.091625, 39.482787 ], [ -109.089778, 39.485027 ], [ -109.089734, 39.4884 ], [ -109.089007, 39.490062 ], [ -109.088007, 39.490313 ], [ -109.087568, 39.492333 ], [ -109.082916, 39.489374 ], [ -109.081246, 39.489648 ], [ -109.080625, 39.49047 ], [ -109.07885, 39.490275 ], [ -109.076753, 39.489191 ], [ -109.074791, 39.493708 ], [ -109.075482, 39.495206 ], [ -109.074478, 39.497266 ], [ -109.073214, 39.497606 ], [ -109.073086, 39.499644 ], [ -109.072035, 39.499604 ], [ -109.070181, 39.497668 ], [ -109.069465, 39.495974 ], [ -109.068276, 39.495546 ], [ -109.066774, 39.49717 ], [ -109.064352, 39.497377 ], [ -109.062963, 39.499616 ], [ -109.061779, 39.498956 ], [ -109.059764, 39.498774 ], [ -109.057254, 39.499813 ], [ -109.055688, 39.499066 ], [ -109.052938, 39.497164 ], [ -109.051226, 39.497739 ], [ -109.051387, 39.51655 ], [ -109.051432, 39.524689 ], [ -109.051459, 39.549313 ], [ -109.051399, 39.560886 ], [ -109.051438, 39.575994 ], [ -109.051424, 39.58751 ], [ -109.051308, 39.603077 ], [ -109.051274, 39.616742 ], [ -109.051189, 39.651152 ], [ -109.051316, 39.676029 ], [ -109.051099, 39.726444 ], [ -109.051062, 39.74643 ], [ -109.051053, 39.787843 ], [ -109.050956, 39.821031 ], [ -109.050639, 39.835874 ], [ -109.050341, 39.849354 ], [ -109.050376, 39.863637 ], [ -109.050497, 39.898644 ], [ -109.05058, 39.93199 ], [ -109.050688, 39.957847 ], [ -109.051157, 40.008238 ], [ -109.050972, 40.026364 ], [ -109.050883, 40.034983 ], [ -109.050996, 40.046486 ], [ -109.050864, 40.06383 ], [ -109.050786, 40.080578 ], [ -109.050768, 40.091738 ], [ -109.050927, 40.110173 ], [ -109.051006, 40.123348 ], [ -109.050939, 40.124385 ], [ -109.050956, 40.140904 ], [ -109.050983, 40.14802 ], [ -109.050952, 40.173054 ], [ -109.050964, 40.180806 ], [ -109.050887, 40.194351 ], [ -109.050976, 40.209204 ], [ -109.050968, 40.23093 ], [ -109.050943, 40.2524 ], [ -109.051015, 40.273323 ], [ -109.050947, 40.297854 ], [ -109.050886, 40.34154 ], [ -109.050874, 40.356365 ], [ -109.050817, 40.382338 ], [ -109.05091, 40.428183 ], [ -109.051071, 40.434381 ], [ -109.051145, 40.437395 ], [ -109.051245, 40.441599 ], [ -109.050739, 40.479326 ], [ -109.050374, 40.507796 ], [ -109.050092, 40.529198 ], [ -109.049716, 40.540399 ], [ -109.049003, 40.560427 ], [ -109.048657, 40.568553 ], [ -109.048024, 40.580562 ], [ -109.048085, 40.595109 ], [ -109.047767, 40.609879 ], [ -109.048079, 40.628634 ], [ -109.04828, 40.639732 ], [ -109.048629, 40.653602 ], [ -109.048944, 40.662601 ], [ -109.048432, 40.662601 ], [ -109.048546, 40.667469 ], [ -109.04897, 40.684994 ], [ -109.049088, 40.714503 ], [ -109.048786, 40.751433 ], [ -109.048707, 40.771538 ], [ -109.048733, 40.782694 ], [ -109.048455, 40.826081 ], [ -109.048512, 40.832137 ], [ -109.048632, 40.833989 ], [ -109.048638, 40.835112 ], [ -109.048841, 40.837821 ], [ -109.048809, 40.842647 ], [ -109.048887, 40.861918 ], [ -109.048969, 40.873008 ], [ -109.048891, 40.883644 ], [ -109.049277, 40.908646 ], [ -109.049662, 40.958853 ], [ -109.049696, 40.963194 ], [ -109.04977, 40.972892 ], [ -109.049942, 40.994908 ], [ -109.050026, 41.000691 ], [ -109.063438, 41.000628 ], [ -109.088529, 41.000673 ], [ -109.114719, 41.000843 ], [ -109.146995, 41.000923 ], [ -109.178685, 41.000902 ], [ -109.197811, 41.001185 ], [ -109.20259, 41.001507 ], [ -109.213249, 41.002009 ], [ -109.222144, 41.002071 ], [ -109.22889, 41.002097 ], [ -109.232505, 41.002107 ], [ -109.250007, 41.00105 ], [ -109.281609, 41.000751 ], [ -109.307349, 41.000521 ], [ -109.374028, 41.000072 ], [ -109.400234, 40.99988 ], [ -109.428832, 40.999714 ], [ -109.430889, 40.999702 ], [ -109.440104, 40.999646 ], [ -109.471812, 40.999327 ], [ -109.500693, 40.999172 ], [ -109.510886, 40.999052 ], [ -109.543697, 40.998396 ], [ -109.58631, 40.998378 ], [ -109.604015, 40.998367 ], [ -109.613181, 40.99836 ], [ -109.620991, 40.998353 ], [ -109.6257, 40.998261 ], [ -109.633814, 40.998305 ], [ -109.6555, 40.998464 ], [ -109.657686, 40.998482 ], [ -109.659107, 40.998479 ], [ -109.676636, 40.998393 ], [ -109.68561, 40.998305 ], [ -109.685828, 40.998314 ], [ -109.708538, 40.998222 ], [ -109.714134, 40.998218 ], [ -109.728403, 40.998159 ], [ -109.732457, 40.998152 ], [ -109.746826, 40.998099 ], [ -109.751191, 40.998 ], [ -109.776621, 40.997926 ], [ -109.797512, 40.997814 ], [ -109.806991, 40.997699 ], [ -109.8419, 40.997665 ], [ -109.857022, 40.99765 ], [ -109.871131, 40.997542 ], [ -109.882795, 40.997721 ], [ -109.913663, 40.997662 ], [ -109.934598, 40.997474 ], [ -109.945323, 40.997443 ], [ -109.962807, 40.997496 ], [ -109.975335, 40.997456 ], [ -109.990266, 40.997341 ], [ -110.000717, 40.99745 ], [ -110.000708, 40.970158 ], [ -110.000708, 40.950975 ], [ -110.000709, 40.942197 ], [ -110.000708, 40.942097 ], [ -110.000707, 40.930246 ], [ -110.000708, 40.918028 ], [ -110.000708, 40.908447 ], [ -110.000711, 40.879109 ], [ -110.000705, 40.840051 ], [ -110.000711, 40.813678 ], [ -109.998286, 40.813578 ], [ -109.996675, 40.814801 ], [ -109.993667, 40.8152 ], [ -109.992906, 40.813166 ], [ -109.990795, 40.81008 ], [ -109.988051, 40.807674 ], [ -109.981546, 40.809364 ], [ -109.979256, 40.809745 ], [ -109.976402, 40.809686 ], [ -109.976419, 40.768248 ], [ -109.976447, 40.731569 ], [ -109.97643, 40.721204 ], [ -109.976447, 40.672216 ], [ -109.976457, 40.646228 ], [ -109.976488, 40.56576 ], [ -109.976493, 40.548693 ], [ -109.976494, 40.548343 ], [ -109.9765, 40.530775 ], [ -109.976511, 40.498936 ] ] ] ] } },
{ "type": "Feature", "properties": { "id": 57, "NAME": "57", "TotalPop": 45661, "PopDevPct": 0.04675335, "DemPct": 0.29408314, "RepPct": 0.68563527, "WhitePct": 0.84700825, "MinorityPct": 0.15299175, "BlackPct": 0.00621254, "HispanicPct": 0.10740171, "PacificPct": 0.00298077, "AsianPct": 0.01352327, "NativePct": 0.02353236, "TotalVAP": 31871, "Margin": -0.39155213, "color": "#960018", "opacity": "0.5", "DemPct2": 0.29096611, "RepPct2": 0.67958881, "Margin2": -0.3886227, "Swing": -0.00292943, "R_Margin": -0.1928430796, "R_Margin2": -0.18407557413333339, "R_Swing": -0.0087675054666666186, "Majority": "White" }, "geometry": { "type": "MultiPolygon", "coordinates": [ [ [ [ -110.357406, 39.806847 ], [ -110.341825, 39.806738 ], [ -110.331181, 39.806734 ], [ -110.300879, 39.806685 ], [ -110.276763, 39.806699 ], [ -110.250612, 39.806775 ], [ -110.240244, 39.806842 ], [ -110.231893, 39.806762 ], [ -110.221275, 39.8067 ], [ -110.211774, 39.80632 ], [ -110.173042, 39.806464 ], [ -110.1313, 39.806425 ], [ -110.077375, 39.806308 ], [ -110.063317, 39.806295 ], [ -109.976814, 39.80623 ], [ -109.97675, 39.809915 ], [ -109.976733, 39.851738 ], [ -109.976711, 39.915474 ], [ -109.976711, 39.915869 ], [ -109.976691, 39.946607 ], [ -109.976698, 39.965092 ], [ -109.976699, 39.970712 ], [ -109.976692, 39.985285 ], [ -109.976687, 40.003546 ], [ -109.976673, 40.046816 ], [ -109.976671, 40.057439 ], [ -109.976668, 40.058817 ], [ -109.976667, 40.061724 ], [ -109.976663, 40.07051 ], [ -109.976654, 40.086053 ], [ -109.976652, 40.089351 ], [ -109.976647, 40.101124 ], [ -109.976651, 40.105735 ], [ -109.976648, 40.113282 ], [ -109.976645, 40.130959 ], [ -109.976641, 40.138551 ], [ -109.976641, 40.154876 ], [ -109.976627, 40.16702 ], [ -109.976629, 40.182404 ], [ -109.976617, 40.189439 ], [ -109.976614, 40.196752 ], [ -109.976621, 40.21265 ], [ -109.976603, 40.229771 ], [ -109.991636, 40.229773 ], [ -109.991689, 40.241628 ], [ -109.992591, 40.24375 ], [ -109.991705, 40.244779 ], [ -109.994126, 40.244259 ], [ -109.998426, 40.244188 ], [ -110.00835, 40.242841 ], [ -110.010619, 40.241563 ], [ -110.012483, 40.240418 ], [ -110.015367, 40.239341 ], [ -110.019041, 40.238815 ], [ -110.021174, 40.237513 ], [ -110.025233, 40.235851 ], [ -110.029591, 40.235829 ], [ -110.034457, 40.234842 ], [ -110.03947, 40.232435 ], [ -110.042242, 40.231504 ], [ -110.047157, 40.232697 ], [ -110.050951, 40.232188 ], [ -110.053215, 40.232925 ], [ -110.058164, 40.232998 ], [ -110.061361, 40.233895 ], [ -110.064165, 40.233712 ], [ -110.067363, 40.233029 ], [ -110.067363, 40.233196 ], [ -110.067367, 40.244078 ], [ -110.067358, 40.246474 ], [ -110.067295, 40.25196 ], [ -110.066992, 40.252937 ], [ -110.067397, 40.253469 ], [ -110.067389, 40.257152 ], [ -110.067378, 40.258578 ], [ -110.067381, 40.258969 ], [ -110.067334, 40.266554 ], [ -110.067335, 40.267486 ], [ -110.067275, 40.273045 ], [ -110.067229, 40.275481 ], [ -110.067586, 40.275441 ], [ -110.068009, 40.278107 ], [ -110.05788, 40.279068 ], [ -110.05788, 40.280264 ], [ -110.04844, 40.280208 ], [ -110.048466, 40.282579 ], [ -110.048436, 40.286529 ], [ -110.048426, 40.289393 ], [ -110.048421, 40.296491 ], [ -110.048408, 40.302095 ], [ -110.04844, 40.312952 ], [ -110.04845, 40.313943 ], [ -110.048475, 40.316573 ], [ -110.04848, 40.319195 ], [ -110.048498, 40.323349 ], [ -110.048499, 40.32355 ], [ -110.053005, 40.32357 ], [ -110.056027, 40.323833 ], [ -110.067333, 40.324501 ], [ -110.067366, 40.331989 ], [ -110.067367, 40.332083 ], [ -110.067442, 40.341798 ], [ -110.056883, 40.341852 ], [ -110.056786, 40.341743 ], [ -110.047684, 40.341727 ], [ -110.048364, 40.345881 ], [ -110.044674, 40.345287 ], [ -110.043212, 40.344106 ], [ -110.042455, 40.341986 ], [ -110.036889, 40.34207 ], [ -110.031554, 40.34206 ], [ -110.025635, 40.342048 ], [ -110.025477, 40.342004 ], [ -110.00562, 40.342102 ], [ -109.991857, 40.341996 ], [ -109.982421, 40.341836 ], [ -109.976564, 40.341657 ], [ -109.976563, 40.345693 ], [ -109.976562, 40.348007 ], [ -109.976556, 40.356608 ], [ -109.976557, 40.373304 ], [ -109.976551, 40.403615 ], [ -109.976534, 40.432903 ], [ -109.976536, 40.442578 ], [ -109.976527, 40.447388 ], [ -109.976525, 40.461615 ], [ -109.976522, 40.465484 ], [ -109.976518, 40.482239 ], [ -109.976523, 40.489977 ], [ -109.976511, 40.498936 ], [ -109.9765, 40.530775 ], [ -109.976494, 40.548343 ], [ -109.976493, 40.548693 ], [ -109.976488, 40.56576 ], [ -109.976457, 40.646228 ], [ -109.976447, 40.672216 ], [ -109.97643, 40.721204 ], [ -109.976447, 40.731569 ], [ -109.976419, 40.768248 ], [ -109.976402, 40.809686 ], [ -109.979256, 40.809745 ], [ -109.981546, 40.809364 ], [ -109.988051, 40.807674 ], [ -109.990795, 40.81008 ], [ -109.992906, 40.813166 ], [ -109.993667, 40.8152 ], [ -109.996675, 40.814801 ], [ -109.998286, 40.813578 ], [ -110.000711, 40.813678 ], [ -110.003153, 40.813363 ], [ -110.009939, 40.813944 ], [ -110.013344, 40.813744 ], [ -110.016019, 40.814505 ], [ -110.017463, 40.815847 ], [ -110.019432, 40.817034 ], [ -110.020764, 40.818753 ], [ -110.023305, 40.820048 ], [ -110.025658, 40.820582 ], [ -110.027204, 40.820298 ], [ -110.031401, 40.818707 ], [ -110.03354, 40.818387 ], [ -110.03685, 40.818307 ], [ -110.040604, 40.819469 ], [ -110.042697, 40.820671 ], [ -110.044938, 40.818658 ], [ -110.046989, 40.815725 ], [ -110.049339, 40.814361 ], [ -110.050705, 40.812936 ], [ -110.05203, 40.812293 ], [ -110.055501, 40.812534 ], [ -110.061122, 40.8133 ], [ -110.06441, 40.814214 ], [ -110.070991, 40.811741 ], [ -110.073677, 40.810415 ], [ -110.075573, 40.810039 ], [ -110.081963, 40.810536 ], [ -110.084582, 40.810601 ], [ -110.086351, 40.811005 ], [ -110.088761, 40.811035 ], [ -110.090954, 40.810679 ], [ -110.093112, 40.809777 ], [ -110.097396, 40.808581 ], [ -110.101591, 40.807911 ], [ -110.103167, 40.807968 ], [ -110.108038, 40.809575 ], [ -110.110437, 40.811335 ], [ -110.111549, 40.811506 ], [ -110.119179, 40.811019 ], [ -110.121825, 40.811346 ], [ -110.124461, 40.812352 ], [ -110.126514, 40.814935 ], [ -110.131791, 40.812601 ], [ -110.13515, 40.811892 ], [ -110.137819, 40.810913 ], [ -110.139501, 40.810993 ], [ -110.141749, 40.811847 ], [ -110.144239, 40.813649 ], [ -110.146334, 40.813534 ], [ -110.14741, 40.814177 ], [ -110.147289, 40.815284 ], [ -110.148629, 40.817582 ], [ -110.150396, 40.818114 ], [ -110.152533, 40.818823 ], [ -110.155053, 40.820202 ], [ -110.156103, 40.820164 ], [ -110.158795, 40.821016 ], [ -110.159807, 40.820741 ], [ -110.167282, 40.819881 ], [ -110.168656, 40.819048 ], [ -110.171133, 40.816763 ], [ -110.1759, 40.817699 ], [ -110.177724, 40.818375 ], [ -110.180373, 40.82042 ], [ -110.182451, 40.82016 ], [ -110.184753, 40.821501 ], [ -110.185704, 40.822737 ], [ -110.188038, 40.824402 ], [ -110.187809, 40.826139 ], [ -110.189134, 40.825959 ], [ -110.189916, 40.82501 ], [ -110.19236, 40.823982 ], [ -110.193645, 40.823947 ], [ -110.196414, 40.822601 ], [ -110.199505, 40.822027 ], [ -110.202661, 40.821802 ], [ -110.205837, 40.822499 ], [ -110.210049, 40.825289 ], [ -110.210489, 40.826229 ], [ -110.214169, 40.827389 ], [ -110.215812, 40.82736 ], [ -110.21856, 40.826153 ], [ -110.221297, 40.825567 ], [ -110.223125, 40.825702 ], [ -110.225784, 40.826463 ], [ -110.227882, 40.827563 ], [ -110.227688, 40.828985 ], [ -110.229387, 40.830807 ], [ -110.23382, 40.828904 ], [ -110.238205, 40.82819 ], [ -110.240867, 40.828757 ], [ -110.243476, 40.829891 ], [ -110.247997, 40.832691 ], [ -110.251725, 40.832341 ], [ -110.255617, 40.832754 ], [ -110.260967, 40.834824 ], [ -110.262612, 40.8346 ], [ -110.266556, 40.83345 ], [ -110.271101, 40.832709 ], [ -110.275954, 40.830307 ], [ -110.280326, 40.828573 ], [ -110.282525, 40.828118 ], [ -110.285875, 40.828131 ], [ -110.289571, 40.828491 ], [ -110.291215, 40.830595 ], [ -110.291458, 40.832263 ], [ -110.293047, 40.833399 ], [ -110.296726, 40.832651 ], [ -110.298732, 40.829623 ], [ -110.299543, 40.829065 ], [ -110.301423, 40.826388 ], [ -110.303511, 40.825761 ], [ -110.30592, 40.825568 ], [ -110.3083, 40.824771 ], [ -110.312159, 40.824191 ], [ -110.313732, 40.823628 ], [ -110.315827, 40.821686 ], [ -110.320321, 40.82051 ], [ -110.327844, 40.819486 ], [ -110.33113, 40.819906 ], [ -110.334612, 40.820994 ], [ -110.339089, 40.822709 ], [ -110.340249, 40.823477 ], [ -110.342735, 40.823356 ], [ -110.343923, 40.821912 ], [ -110.347152, 40.81912 ], [ -110.348507, 40.81761 ], [ -110.351122, 40.815751 ], [ -110.351369, 40.814279 ], [ -110.351071, 40.812476 ], [ -110.349863, 40.811726 ], [ -110.348945, 40.808682 ], [ -110.35162, 40.805971 ], [ -110.352476, 40.803939 ], [ -110.352444, 40.802961 ], [ -110.354584, 40.80114 ], [ -110.355169, 40.800094 ], [ -110.358204, 40.79835 ], [ -110.36061, 40.796332 ], [ -110.365326, 40.795182 ], [ -110.366775, 40.792528 ], [ -110.372506, 40.789792 ], [ -110.373255, 40.788537 ], [ -110.374367, 40.788083 ], [ -110.376222, 40.788742 ], [ -110.378962, 40.78718 ], [ -110.383551, 40.787043 ], [ -110.389784, 40.787729 ], [ -110.391923, 40.787141 ], [ -110.393337, 40.787392 ], [ -110.395969, 40.788698 ], [ -110.396478, 40.787408 ], [ -110.399446, 40.786244 ], [ -110.40026, 40.785302 ], [ -110.404595, 40.784329 ], [ -110.407375, 40.784154 ], [ -110.411001, 40.784299 ], [ -110.412313, 40.784738 ], [ -110.413115, 40.785774 ], [ -110.414816, 40.786494 ], [ -110.416001, 40.788541 ], [ -110.416878, 40.788477 ], [ -110.421324, 40.790191 ], [ -110.424558, 40.791948 ], [ -110.42512, 40.790681 ], [ -110.427166, 40.789173 ], [ -110.428792, 40.785492 ], [ -110.429435, 40.785148 ], [ -110.430072, 40.781967 ], [ -110.432312, 40.77851 ], [ -110.434919, 40.777891 ], [ -110.437699, 40.777784 ], [ -110.43851, 40.778553 ], [ -110.443478, 40.780294 ], [ -110.444359, 40.781253 ], [ -110.445805, 40.781125 ], [ -110.450507, 40.781665 ], [ -110.45417, 40.781438 ], [ -110.457195, 40.78321 ], [ -110.4585, 40.781752 ], [ -110.460831, 40.780011 ], [ -110.461471, 40.778519 ], [ -110.461136, 40.777095 ], [ -110.461783, 40.775822 ], [ -110.463038, 40.775455 ], [ -110.467655, 40.772841 ], [ -110.472616, 40.771845 ], [ -110.474716, 40.772958 ], [ -110.477829, 40.774139 ], [ -110.480969, 40.775005 ], [ -110.485102, 40.779158 ], [ -110.487114, 40.780289 ], [ -110.491909, 40.773891 ], [ -110.495417, 40.771555 ], [ -110.497459, 40.769447 ], [ -110.497808, 40.768647 ], [ -110.500294, 40.767442 ], [ -110.5059, 40.765682 ], [ -110.50909, 40.765178 ], [ -110.510766, 40.765252 ], [ -110.516054, 40.763932 ], [ -110.518181, 40.763104 ], [ -110.523512, 40.761504 ], [ -110.526597, 40.762557 ], [ -110.528452, 40.764214 ], [ -110.529636, 40.765975 ], [ -110.531926, 40.768061 ], [ -110.533516, 40.771081 ], [ -110.535343, 40.771615 ], [ -110.540043, 40.77135 ], [ -110.544243, 40.772322 ], [ -110.547031, 40.773733 ], [ -110.548666, 40.773351 ], [ -110.549909, 40.767893 ], [ -110.552675, 40.764521 ], [ -110.556485, 40.762597 ], [ -110.559634, 40.760737 ], [ -110.561377, 40.758365 ], [ -110.568489, 40.756995 ], [ -110.576643, 40.757306 ], [ -110.579454, 40.758528 ], [ -110.582591, 40.761576 ], [ -110.583176, 40.762717 ], [ -110.588833, 40.761886 ], [ -110.5904, 40.761283 ], [ -110.592876, 40.759635 ], [ -110.594621, 40.757866 ], [ -110.599163, 40.757023 ], [ -110.603805, 40.75738 ], [ -110.607022, 40.757265 ], [ -110.607382, 40.758578 ], [ -110.611413, 40.761045 ], [ -110.613519, 40.762575 ], [ -110.61523, 40.762887 ], [ -110.618994, 40.765246 ], [ -110.621294, 40.768489 ], [ -110.623828, 40.76963 ], [ -110.625737, 40.769471 ], [ -110.627872, 40.768041 ], [ -110.630531, 40.76727 ], [ -110.63374, 40.765433 ], [ -110.634738, 40.762793 ], [ -110.640127, 40.756571 ], [ -110.64215, 40.75483 ], [ -110.644465, 40.753877 ], [ -110.646511, 40.753442 ], [ -110.647239, 40.751224 ], [ -110.646814, 40.749844 ], [ -110.647594, 40.74804 ], [ -110.650254, 40.745589 ], [ -110.653328, 40.74222 ], [ -110.654593, 40.742034 ], [ -110.656482, 40.740275 ], [ -110.658706, 40.740781 ], [ -110.660016, 40.740525 ], [ -110.660639, 40.741458 ], [ -110.664711, 40.741979 ], [ -110.668349, 40.741692 ], [ -110.669453, 40.741065 ], [ -110.672117, 40.740356 ], [ -110.67497, 40.739153 ], [ -110.676943, 40.738938 ], [ -110.678973, 40.739331 ], [ -110.67897, 40.739835 ], [ -110.683489, 40.741118 ], [ -110.688698, 40.741546 ], [ -110.690528, 40.741516 ], [ -110.691368, 40.742846 ], [ -110.692156, 40.742858 ], [ -110.695032, 40.744685 ], [ -110.696096, 40.746475 ], [ -110.699759, 40.74717 ], [ -110.706421, 40.750034 ], [ -110.707623, 40.750163 ], [ -110.711681, 40.752705 ], [ -110.713185, 40.752884 ], [ -110.714744, 40.751122 ], [ -110.719267, 40.748863 ], [ -110.719667, 40.748139 ], [ -110.721876, 40.746707 ], [ -110.721656, 40.745473 ], [ -110.728237, 40.745142 ], [ -110.732024, 40.745889 ], [ -110.733821, 40.746821 ], [ -110.737398, 40.745302 ], [ -110.739615, 40.744789 ], [ -110.742996, 40.744725 ], [ -110.745399, 40.745389 ], [ -110.746723, 40.746148 ], [ -110.750733, 40.747706 ], [ -110.752841, 40.746143 ], [ -110.754698, 40.745282 ], [ -110.756667, 40.742993 ], [ -110.758014, 40.742271 ], [ -110.761018, 40.741642 ], [ -110.764583, 40.741816 ], [ -110.766349, 40.741387 ], [ -110.765493, 40.738962 ], [ -110.76522, 40.737034 ], [ -110.767902, 40.735891 ], [ -110.769013, 40.734911 ], [ -110.774615, 40.731359 ], [ -110.776841, 40.731544 ], [ -110.779673, 40.7309 ], [ -110.78212, 40.731216 ], [ -110.783217, 40.730963 ], [ -110.783883, 40.729098 ], [ -110.785182, 40.728402 ], [ -110.78665, 40.726716 ], [ -110.788697, 40.725425 ], [ -110.789317, 40.723874 ], [ -110.790605, 40.722993 ], [ -110.793743, 40.719017 ], [ -110.795624, 40.717426 ], [ -110.797267, 40.716631 ], [ -110.801189, 40.713413 ], [ -110.803732, 40.712345 ], [ -110.806712, 40.711571 ], [ -110.810198, 40.711681 ], [ -110.811602, 40.711345 ], [ -110.818081, 40.711101 ], [ -110.81921, 40.710691 ], [ -110.822999, 40.710372 ], [ -110.825941, 40.712184 ], [ -110.827919, 40.714839 ], [ -110.829879, 40.716752 ], [ -110.831812, 40.718025 ], [ -110.83521, 40.718083 ], [ -110.839367, 40.71999 ], [ -110.840808, 40.721551 ], [ -110.842665, 40.72227 ], [ -110.844361, 40.723484 ], [ -110.84758, 40.725274 ], [ -110.849622, 40.724674 ], [ -110.854364, 40.722186 ], [ -110.861418, 40.721546 ], [ -110.863352, 40.721733 ], [ -110.865219, 40.723118 ], [ -110.867899, 40.724513 ], [ -110.870074, 40.726236 ], [ -110.872543, 40.726369 ], [ -110.875259, 40.728323 ], [ -110.879219, 40.728304 ], [ -110.885004, 40.726977 ], [ -110.89239, 40.726959 ], [ -110.894455, 40.723567 ], [ -110.891771, 40.721214 ], [ -110.891151, 40.719933 ], [ -110.890204, 40.719744 ], [ -110.888072, 40.720269 ], [ -110.887064, 40.717843 ], [ -110.88562, 40.717167 ], [ -110.885154, 40.716329 ], [ -110.886335, 40.714708 ], [ -110.887602, 40.714476 ], [ -110.891808, 40.715095 ], [ -110.89551, 40.713597 ], [ -110.89777, 40.713358 ], [ -110.900052, 40.710057 ], [ -110.899712, 40.709413 ], [ -110.90148, 40.707384 ], [ -110.904197, 40.706411 ], [ -110.903343, 40.705019 ], [ -110.904347, 40.701499 ], [ -110.903459, 40.697583 ], [ -110.898714, 40.68885 ], [ -110.893768, 40.679748 ], [ -110.901974, 40.678162 ], [ -110.90195, 40.682187 ], [ -110.906051, 40.682178 ], [ -110.911212, 40.681988 ], [ -110.9136, 40.681188 ], [ -110.916307, 40.681237 ], [ -110.921153, 40.680828 ], [ -110.924722, 40.68011 ], [ -110.928206, 40.680662 ], [ -110.932703, 40.680237 ], [ -110.933957, 40.680354 ], [ -110.934708, 40.679279 ], [ -110.935918, 40.67888 ], [ -110.937208, 40.677572 ], [ -110.938808, 40.675267 ], [ -110.942695, 40.67365 ], [ -110.944431, 40.672604 ], [ -110.946355, 40.670249 ], [ -110.94682, 40.668486 ], [ -110.946893, 40.668286 ], [ -110.946478, 40.665051 ], [ -110.947314, 40.663011 ], [ -110.948823, 40.661331 ], [ -110.947542, 40.658042 ], [ -110.946431, 40.657452 ], [ -110.945809, 40.656112 ], [ -110.946321, 40.654249 ], [ -110.945862, 40.651029 ], [ -110.946063, 40.648178 ], [ -110.944959, 40.646362 ], [ -110.946595, 40.644415 ], [ -110.947136, 40.643171 ], [ -110.946785, 40.642324 ], [ -110.948131, 40.640848 ], [ -110.949226, 40.640524 ], [ -110.94937, 40.6392 ], [ -110.950589, 40.638327 ], [ -110.950937, 40.634747 ], [ -110.95224, 40.633092 ], [ -110.952487, 40.632347 ], [ -110.955002, 40.629934 ], [ -110.958226, 40.627486 ], [ -110.958114, 40.626327 ], [ -110.958794, 40.625341 ], [ -110.960699, 40.624206 ], [ -110.960445, 40.622589 ], [ -110.96168, 40.619481 ], [ -110.961808, 40.618031 ], [ -110.962689, 40.616806 ], [ -110.962932, 40.615239 ], [ -110.962484, 40.613824 ], [ -110.960817, 40.611048 ], [ -110.961245, 40.609013 ], [ -110.961039, 40.607626 ], [ -110.96256, 40.604932 ], [ -110.964109, 40.60387 ], [ -110.964423, 40.60264 ], [ -110.966397, 40.601483 ], [ -110.967405, 40.600347 ], [ -110.968105, 40.600263 ], [ -110.970813, 40.59857 ], [ -110.971257, 40.59782 ], [ -110.973816, 40.596012 ], [ -110.974467, 40.594125 ], [ -110.976086, 40.592954 ], [ -110.978588, 40.59265 ], [ -110.9804, 40.5915 ], [ -110.981954, 40.591284 ], [ -110.98546, 40.591472 ], [ -110.98613, 40.591867 ], [ -110.988253, 40.591682 ], [ -110.99292, 40.592565 ], [ -110.99597, 40.592258 ], [ -110.996449, 40.592759 ], [ -110.997666, 40.592209 ], [ -111.000024, 40.591996 ], [ -111.004557, 40.592321 ], [ -111.00713, 40.592776 ], [ -111.008258, 40.591762 ], [ -111.01097, 40.592002 ], [ -111.012261, 40.590748 ], [ -111.014045, 40.590203 ], [ -111.016154, 40.588875 ], [ -111.016683, 40.586953 ], [ -111.018109, 40.58582 ], [ -111.017419, 40.585119 ], [ -111.018234, 40.583115 ], [ -111.019799, 40.582428 ], [ -111.020176, 40.581532 ], [ -111.022609, 40.578964 ], [ -111.024901, 40.577504 ], [ -111.032802, 40.57592 ], [ -111.035554, 40.576574 ], [ -111.035983, 40.577653 ], [ -111.040054, 40.577423 ], [ -111.04181, 40.578116 ], [ -111.043892, 40.578421 ], [ -111.045118, 40.579355 ], [ -111.047576, 40.579637 ], [ -111.048173, 40.58051 ], [ -111.05134, 40.58131 ], [ -111.052829, 40.581003 ], [ -111.055339, 40.581702 ], [ -111.056233, 40.582713 ], [ -111.058166, 40.583749 ], [ -111.059769, 40.584009 ], [ -111.062942, 40.586332 ], [ -111.065767, 40.587078 ], [ -111.066347, 40.588014 ], [ -111.070336, 40.58957 ], [ -111.070409, 40.590287 ], [ -111.073199, 40.59156 ], [ -111.073549, 40.592451 ], [ -111.075175, 40.593456 ], [ -111.07813, 40.593953 ], [ -111.079106, 40.594551 ], [ -111.080411, 40.594447 ], [ -111.084062, 40.593239 ], [ -111.085697, 40.592344 ], [ -111.089082, 40.592124 ], [ -111.090542, 40.592809 ], [ -111.092519, 40.593014 ], [ -111.09543, 40.593852 ], [ -111.096909, 40.593741 ], [ -111.101841, 40.59403 ], [ -111.103266, 40.593523 ], [ -111.106689, 40.594065 ], [ -111.108176, 40.593312 ], [ -111.109553, 40.593333 ], [ -111.111248, 40.592655 ], [ -111.120655, 40.590554 ], [ -111.123472, 40.588872 ], [ -111.123334, 40.587854 ], [ -111.123445, 40.586787 ], [ -111.124661, 40.586281 ], [ -111.124181, 40.58539 ], [ -111.125882, 40.581947 ], [ -111.128292, 40.581746 ], [ -111.128261, 40.581052 ], [ -111.131228, 40.57836 ], [ -111.13168, 40.576972 ], [ -111.133313, 40.574984 ], [ -111.13287, 40.572475 ], [ -111.13421, 40.571745 ], [ -111.133919, 40.570803 ], [ -111.134977, 40.568892 ], [ -111.135981, 40.568107 ], [ -111.135396, 40.565777 ], [ -111.136807, 40.564763 ], [ -111.137009, 40.562852 ], [ -111.137685, 40.56124 ], [ -111.137797, 40.558123 ], [ -111.140211, 40.556001 ], [ -111.142123, 40.553784 ], [ -111.14362, 40.55287 ], [ -111.144817, 40.55143 ], [ -111.146539, 40.551276 ], [ -111.147601, 40.549283 ], [ -111.15136, 40.548352 ], [ -111.153346, 40.548984 ], [ -111.155966, 40.549157 ], [ -111.158645, 40.549672 ], [ -111.162302, 40.551057 ], [ -111.162655, 40.551547 ], [ -111.164434, 40.553885 ], [ -111.164654, 40.554778 ], [ -111.165569, 40.55638 ], [ -111.167801, 40.557682 ], [ -111.170857, 40.557421 ], [ -111.17428, 40.559046 ], [ -111.177709, 40.55854 ], [ -111.181189, 40.558537 ], [ -111.183606, 40.559826 ], [ -111.18537, 40.561133 ], [ -111.18548, 40.56216 ], [ -111.187819, 40.563944 ], [ -111.189213, 40.563973 ], [ -111.189258, 40.565158 ], [ -111.193525, 40.56751 ], [ -111.194397, 40.567676 ], [ -111.197483, 40.56579 ], [ -111.199637, 40.566768 ], [ -111.200252, 40.568031 ], [ -111.205111, 40.569909 ], [ -111.209588, 40.571311 ], [ -111.21161, 40.573484 ], [ -111.214414, 40.574582 ], [ -111.216859, 40.57396 ], [ -111.221514, 40.57433 ], [ -111.223579, 40.575398 ], [ -111.225299, 40.575723 ], [ -111.227835, 40.577849 ], [ -111.230946, 40.578568 ], [ -111.234025, 40.577733 ], [ -111.238337, 40.577557 ], [ -111.245858, 40.579306 ], [ -111.250043, 40.58095 ], [ -111.25272, 40.581843 ], [ -111.253127, 40.582887 ], [ -111.254896, 40.583824 ], [ -111.256576, 40.584225 ], [ -111.257005, 40.585036 ], [ -111.259098, 40.585693 ], [ -111.260806, 40.585626 ], [ -111.262181, 40.586615 ], [ -111.265066, 40.58718 ], [ -111.268999, 40.58959 ], [ -111.270153, 40.590073 ], [ -111.272744, 40.592081 ], [ -111.272739, 40.592729 ], [ -111.274556, 40.593117 ], [ -111.278634, 40.59572 ], [ -111.280765, 40.595624 ], [ -111.283863, 40.597118 ], [ -111.285542, 40.597021 ], [ -111.287789, 40.598861 ], [ -111.289068, 40.600063 ], [ -111.290304, 40.60051 ], [ -111.29162, 40.601667 ], [ -111.292514, 40.604096 ], [ -111.292644, 40.606985 ], [ -111.293934, 40.608103 ], [ -111.296779, 40.608726 ], [ -111.299273, 40.607579 ], [ -111.30137, 40.60714 ], [ -111.30327, 40.605904 ], [ -111.306028, 40.609702 ], [ -111.30751, 40.611168 ], [ -111.310384, 40.612711 ], [ -111.313194, 40.615748 ], [ -111.314741, 40.616582 ], [ -111.321623, 40.618265 ], [ -111.323668, 40.619278 ], [ -111.325526, 40.620631 ], [ -111.325993, 40.62272 ], [ -111.327178, 40.623126 ], [ -111.332569, 40.622604 ], [ -111.333586, 40.622671 ], [ -111.340012, 40.623676 ], [ -111.342946, 40.624163 ], [ -111.345445, 40.625039 ], [ -111.347926, 40.625129 ], [ -111.350021, 40.625011 ], [ -111.351636, 40.625359 ], [ -111.354747, 40.626731 ], [ -111.356831, 40.628031 ], [ -111.35843, 40.629927 ], [ -111.361604, 40.629719 ], [ -111.363087, 40.630808 ], [ -111.366273, 40.630537 ], [ -111.367826, 40.6291 ], [ -111.368623, 40.628944 ], [ -111.370136, 40.629863 ], [ -111.371496, 40.631806 ], [ -111.375278, 40.63281 ], [ -111.375326, 40.634142 ], [ -111.3747, 40.637226 ], [ -111.375309, 40.640228 ], [ -111.376281, 40.640762 ], [ -111.376386, 40.642613 ], [ -111.378667, 40.64499 ], [ -111.380904, 40.64585 ], [ -111.381464, 40.64656 ], [ -111.38202, 40.648821 ], [ -111.381477, 40.650866 ], [ -111.381895, 40.651698 ], [ -111.383529, 40.652297 ], [ -111.385639, 40.652807 ], [ -111.386645, 40.653896 ], [ -111.387281, 40.656365 ], [ -111.387027, 40.657173 ], [ -111.387206, 40.658073 ], [ -111.388714, 40.658756 ], [ -111.390198, 40.660643 ], [ -111.39049, 40.665126 ], [ -111.388705, 40.670436 ], [ -111.390065, 40.671305 ], [ -111.391294, 40.671049 ], [ -111.390986, 40.675702 ], [ -111.389635, 40.677838 ], [ -111.390734, 40.679435 ], [ -111.391049, 40.680847 ], [ -111.394146, 40.684003 ], [ -111.392663, 40.687424 ], [ -111.392856, 40.689363 ], [ -111.39424, 40.690606 ], [ -111.395595, 40.690178 ], [ -111.397173, 40.690736 ], [ -111.399313, 40.690444 ], [ -111.400717, 40.688656 ], [ -111.40386, 40.68591 ], [ -111.406336, 40.685061 ], [ -111.407805, 40.683539 ], [ -111.409712, 40.682963 ], [ -111.410781, 40.681733 ], [ -111.412416, 40.681101 ], [ -111.41485, 40.681363 ], [ -111.41518, 40.681432 ], [ -111.417954, 40.681973 ], [ -111.419777, 40.681322 ], [ -111.422158, 40.681598 ], [ -111.423416, 40.681237 ], [ -111.425636, 40.682359 ], [ -111.426571, 40.683248 ], [ -111.42756, 40.685316 ], [ -111.431957, 40.684554 ], [ -111.434243, 40.684684 ], [ -111.436636, 40.685976 ], [ -111.437336, 40.68433 ], [ -111.43687, 40.680587 ], [ -111.436101, 40.678564 ], [ -111.436843, 40.676491 ], [ -111.435672, 40.673297 ], [ -111.433011, 40.66904 ], [ -111.430385, 40.665392 ], [ -111.435305, 40.660689 ], [ -111.4401, 40.660458 ], [ -111.443531, 40.659482 ], [ -111.445157, 40.659462 ], [ -111.445819, 40.657765 ], [ -111.448401, 40.654508 ], [ -111.450813, 40.653476 ], [ -111.452651, 40.653248 ], [ -111.454084, 40.653585 ], [ -111.456505, 40.65317 ], [ -111.456835, 40.653102 ], [ -111.457848, 40.652905 ], [ -111.460551, 40.652155 ], [ -111.461516, 40.649795 ], [ -111.462717, 40.648177 ], [ -111.463467, 40.645391 ], [ -111.464526, 40.645106 ], [ -111.467022, 40.646164 ], [ -111.46887, 40.645766 ], [ -111.469026, 40.645745 ], [ -111.469022, 40.645724 ], [ -111.472056, 40.644847 ], [ -111.473691, 40.643095 ], [ -111.474336, 40.640444 ], [ -111.476121, 40.634642 ], [ -111.474612, 40.632832 ], [ -111.474495, 40.632783 ], [ -111.474292, 40.632726 ], [ -111.474175, 40.632694 ], [ -111.474103, 40.632586 ], [ -111.47417, 40.632427 ], [ -111.474185, 40.632392 ], [ -111.474284, 40.63227 ], [ -111.474654, 40.63189 ], [ -111.474796, 40.631778 ], [ -111.475, 40.631618 ], [ -111.475066, 40.631569 ], [ -111.475295, 40.631378 ], [ -111.475495, 40.631206 ], [ -111.475595, 40.631143 ], [ -111.475638, 40.631087 ], [ -111.475857, 40.630807 ], [ -111.47795, 40.628949 ], [ -111.47872, 40.62758 ], [ -111.478438, 40.626495 ], [ -111.479438, 40.625764 ], [ -111.480155, 40.624188 ], [ -111.48031, 40.62387 ], [ -111.481096, 40.623546 ], [ -111.481446, 40.624011 ], [ -111.484627, 40.62185 ], [ -111.485386, 40.621996 ], [ -111.486057, 40.621672 ], [ -111.486838, 40.62092 ], [ -111.486518, 40.617942 ], [ -111.486657, 40.615719 ], [ -111.482625, 40.609038 ], [ -111.484253, 40.606784 ], [ -111.484948, 40.605677 ], [ -111.485222, 40.602748 ], [ -111.485611, 40.601828 ], [ -111.489265, 40.599438 ], [ -111.489794, 40.599332 ], [ -111.491496, 40.60077 ], [ -111.492894, 40.602085 ], [ -111.494442, 40.602376 ], [ -111.494805, 40.602486 ], [ -111.494936, 40.602518 ], [ -111.495119, 40.602562 ], [ -111.495486, 40.602642 ], [ -111.495594, 40.602673 ], [ -111.49573, 40.602713 ], [ -111.495942, 40.602775 ], [ -111.498423, 40.604192 ], [ -111.500494, 40.606092 ], [ -111.50391, 40.606879 ], [ -111.505087, 40.605531 ], [ -111.508302, 40.606025 ], [ -111.508712, 40.606052 ], [ -111.511462, 40.606671 ], [ -111.513056, 40.607988 ], [ -111.515316, 40.60756 ], [ -111.520492, 40.6095 ], [ -111.524889, 40.608983 ], [ -111.52493, 40.609004 ], [ -111.524956, 40.609015 ], [ -111.525472, 40.609246 ], [ -111.526715, 40.61026 ], [ -111.527947, 40.611962 ], [ -111.530504, 40.611824 ], [ -111.534279, 40.612383 ], [ -111.536991, 40.612213 ], [ -111.540267, 40.613175 ], [ -111.54659, 40.610032 ], [ -111.550583, 40.609743 ], [ -111.553266, 40.609313 ], [ -111.554213, 40.608489 ], [ -111.555102, 40.606664 ], [ -111.555958, 40.605058 ], [ -111.557787, 40.603869 ], [ -111.55926, 40.601519 ], [ -111.558405, 40.599946 ], [ -111.55965, 40.596206 ], [ -111.560434, 40.594757 ], [ -111.560981, 40.593166 ], [ -111.560023, 40.5908 ], [ -111.561596, 40.589351 ], [ -111.563905, 40.585052 ], [ -111.568387, 40.584124 ], [ -111.569816, 40.582775 ], [ -111.572491, 40.582163 ], [ -111.576169, 40.583311 ], [ -111.577837, 40.58343 ], [ -111.579018, 40.582517 ], [ -111.582664, 40.581278 ], [ -111.586706, 40.581466 ], [ -111.587848, 40.581295 ], [ -111.590696, 40.580139 ], [ -111.591935, 40.579141 ], [ -111.593544, 40.577125 ], [ -111.593707, 40.577082 ], [ -111.593749, 40.577077 ], [ -111.593879, 40.577063 ], [ -111.591946, 40.575032 ], [ -111.591861, 40.573081 ], [ -111.588971, 40.570924 ], [ -111.586146, 40.568941 ], [ -111.583656, 40.568102 ], [ -111.581553, 40.566406 ], [ -111.580588, 40.564652 ], [ -111.579653, 40.561135 ], [ -111.577996, 40.558337 ], [ -111.577219, 40.557673 ], [ -111.575173, 40.554351 ], [ -111.571857, 40.551251 ], [ -111.570185, 40.550865 ], [ -111.567801, 40.54748 ], [ -111.568156, 40.546181 ], [ -111.570021, 40.545023 ], [ -111.571251, 40.543301 ], [ -111.570734, 40.540397 ], [ -111.571291, 40.538958 ], [ -111.572609, 40.537745 ], [ -111.5716, 40.535579 ], [ -111.570423, 40.534696 ], [ -111.570677, 40.533458 ], [ -111.570715, 40.533423 ], [ -111.570961, 40.5327 ], [ -111.570453, 40.531087 ], [ -111.570764, 40.52932 ], [ -111.569766, 40.52684 ], [ -111.570706, 40.524765 ], [ -111.571348, 40.522302 ], [ -111.571549, 40.520045 ], [ -111.57543, 40.516407 ], [ -111.575536, 40.513655 ], [ -111.575362, 40.509731 ], [ -111.574852, 40.508491 ], [ -111.575534, 40.506869 ], [ -111.575629, 40.502749 ], [ -111.579126, 40.500356 ], [ -111.579041, 40.499522 ], [ -111.577702, 40.496692 ], [ -111.575918, 40.495578 ], [ -111.574435, 40.493005 ], [ -111.574568, 40.488293 ], [ -111.575028, 40.486526 ], [ -111.575993, 40.486114 ], [ -111.578311, 40.483505 ], [ -111.578639, 40.481985 ], [ -111.581409, 40.480242 ], [ -111.58378, 40.479633 ], [ -111.584123, 40.476955 ], [ -111.586794, 40.475172 ], [ -111.587958, 40.473679 ], [ -111.588955, 40.472326 ], [ -111.592134, 40.470364 ], [ -111.594867, 40.467708 ], [ -111.597634, 40.466838 ], [ -111.601222, 40.467383 ], [ -111.603006, 40.466782 ], [ -111.60635, 40.467331 ], [ -111.609484, 40.466325 ], [ -111.609959, 40.465196 ], [ -111.610099, 40.462971 ], [ -111.611374, 40.462236 ], [ -111.611683, 40.461331 ], [ -111.614668, 40.459192 ], [ -111.614889, 40.457518 ], [ -111.617394, 40.456338 ], [ -111.61829, 40.45643 ], [ -111.620132, 40.455499 ], [ -111.620447, 40.454732 ], [ -111.619497, 40.453313 ], [ -111.620725, 40.451322 ], [ -111.620968, 40.449653 ], [ -111.618471, 40.449026 ], [ -111.617203, 40.447141 ], [ -111.617281, 40.446361 ], [ -111.615822, 40.444146 ], [ -111.616035, 40.44262 ], [ -111.617986, 40.439773 ], [ -111.617329, 40.437688 ], [ -111.615977, 40.436467 ], [ -111.613957, 40.433573 ], [ -111.61258, 40.43288 ], [ -111.611734, 40.431466 ], [ -111.611473, 40.431287 ], [ -111.610418, 40.430944 ], [ -111.607632, 40.431532 ], [ -111.604745, 40.433215 ], [ -111.599564, 40.434772 ], [ -111.595261, 40.432613 ], [ -111.593223, 40.431131 ], [ -111.592543, 40.430161 ], [ -111.592449, 40.428666 ], [ -111.591375, 40.426018 ], [ -111.588973, 40.423573 ], [ -111.588369, 40.421301 ], [ -111.586071, 40.42025 ], [ -111.583803, 40.420211 ], [ -111.583675, 40.412845 ], [ -111.578378, 40.41288 ], [ -111.574268, 40.412907 ], [ -111.574193, 40.403242 ], [ -111.574199, 40.398741 ], [ -111.574209, 40.391373 ], [ -111.564836, 40.391421 ], [ -111.56487, 40.387751 ], [ -111.560097, 40.38777 ], [ -111.560044, 40.37697 ], [ -111.560195, 40.369837 ], [ -111.555459, 40.369898 ], [ -111.555259, 40.366329 ], [ -111.555244, 40.364036 ], [ -111.555235, 40.362696 ], [ -111.545853, 40.362719 ], [ -111.545837, 40.362038 ], [ -111.527044, 40.361688 ], [ -111.517758, 40.361744 ], [ -111.508424, 40.361801 ], [ -111.489717, 40.362372 ], [ -111.485093, 40.362271 ], [ -111.480337, 40.362169 ], [ -111.480536, 40.354957 ], [ -111.475858, 40.354865 ], [ -111.475951, 40.35121 ], [ -111.471481, 40.351209 ], [ -111.471578, 40.347584 ], [ -111.462281, 40.347484 ], [ -111.462464, 40.340339 ], [ -111.453153, 40.340284 ], [ -111.453295, 40.334267 ], [ -111.451921, 40.334272 ], [ -111.449603, 40.331702 ], [ -111.44809, 40.330955 ], [ -111.445818, 40.329956 ], [ -111.444402, 40.328087 ], [ -111.444849, 40.326719 ], [ -111.441151, 40.323642 ], [ -111.440155, 40.323419 ], [ -111.43809, 40.322014 ], [ -111.438145, 40.320386 ], [ -111.441117, 40.320138 ], [ -111.442876, 40.316632 ], [ -111.442251, 40.314839 ], [ -111.442795, 40.313839 ], [ -111.443889, 40.31343 ], [ -111.444192, 40.312012 ], [ -111.448041, 40.309346 ], [ -111.449851, 40.306921 ], [ -111.450494, 40.305113 ], [ -111.452624, 40.304164 ], [ -111.456282, 40.301039 ], [ -111.457193, 40.300741 ], [ -111.454286, 40.297985 ], [ -111.452596, 40.296971 ], [ -111.452595, 40.295257 ], [ -111.451633, 40.293168 ], [ -111.446279, 40.291495 ], [ -111.44536, 40.291509 ], [ -111.444285, 40.2903 ], [ -111.442072, 40.289792 ], [ -111.439652, 40.290119 ], [ -111.437586, 40.291218 ], [ -111.433614, 40.291903 ], [ -111.431118, 40.289672 ], [ -111.429725, 40.289002 ], [ -111.428728, 40.28776 ], [ -111.426482, 40.286906 ], [ -111.422959, 40.288043 ], [ -111.421153, 40.287822 ], [ -111.41894, 40.28826 ], [ -111.417213, 40.289194 ], [ -111.414628, 40.28906 ], [ -111.412677, 40.289552 ], [ -111.412878, 40.290493 ], [ -111.411614, 40.292618 ], [ -111.41163, 40.293536 ], [ -111.410363, 40.295111 ], [ -111.408254, 40.295114 ], [ -111.406993, 40.295797 ], [ -111.403996, 40.295577 ], [ -111.40243, 40.295962 ], [ -111.400079, 40.294589 ], [ -111.399914, 40.293708 ], [ -111.396645, 40.292304 ], [ -111.395649, 40.293125 ], [ -111.394276, 40.295541 ], [ -111.392125, 40.296204 ], [ -111.387814, 40.295191 ], [ -111.385573, 40.29565 ], [ -111.382875, 40.294661 ], [ -111.381296, 40.294504 ], [ -111.380542, 40.295834 ], [ -111.378946, 40.297054 ], [ -111.377415, 40.297483 ], [ -111.374331, 40.297103 ], [ -111.372717, 40.296224 ], [ -111.36981, 40.292998 ], [ -111.367702, 40.291676 ], [ -111.365176, 40.291023 ], [ -111.363199, 40.289754 ], [ -111.360753, 40.288727 ], [ -111.356645, 40.288153 ], [ -111.353284, 40.289462 ], [ -111.35196, 40.28962 ], [ -111.34732, 40.287974 ], [ -111.346133, 40.287141 ], [ -111.343369, 40.287376 ], [ -111.343146, 40.28806 ], [ -111.340068, 40.28858 ], [ -111.337972, 40.288497 ], [ -111.335705, 40.287801 ], [ -111.33339, 40.285593 ], [ -111.330224, 40.284154 ], [ -111.329165, 40.282561 ], [ -111.327881, 40.282174 ], [ -111.325317, 40.282732 ], [ -111.323672, 40.285493 ], [ -111.322352, 40.286987 ], [ -111.321305, 40.287372 ], [ -111.317384, 40.287196 ], [ -111.31483, 40.287566 ], [ -111.311834, 40.286464 ], [ -111.307893, 40.283904 ], [ -111.307078, 40.282649 ], [ -111.306932, 40.280403 ], [ -111.307961, 40.277806 ], [ -111.309028, 40.276161 ], [ -111.307897, 40.2745 ], [ -111.305491, 40.27446 ], [ -111.302547, 40.27287 ], [ -111.299194, 40.273229 ], [ -111.297599, 40.272963 ], [ -111.296272, 40.271147 ], [ -111.294206, 40.270741 ], [ -111.294638, 40.266795 ], [ -111.294174, 40.265469 ], [ -111.290662, 40.266365 ], [ -111.289864, 40.266253 ], [ -111.286778, 40.264588 ], [ -111.286359, 40.263785 ], [ -111.28384, 40.262179 ], [ -111.282591, 40.260665 ], [ -111.278762, 40.258793 ], [ -111.278891, 40.256131 ], [ -111.276277, 40.252207 ], [ -111.27161, 40.250745 ], [ -111.269915, 40.248913 ], [ -111.268632, 40.246387 ], [ -111.265939, 40.243596 ], [ -111.265763, 40.243342 ], [ -111.265739, 40.243297 ], [ -111.265669, 40.24311 ], [ -111.26557, 40.242955 ], [ -111.265484, 40.242849 ], [ -111.265385, 40.242761 ], [ -111.265057, 40.242533 ], [ -111.264964, 40.242478 ], [ -111.264864, 40.242395 ], [ -111.264821, 40.242367 ], [ -111.264786, 40.242328 ], [ -111.264772, 40.242219 ], [ -111.264762, 40.241734 ], [ -111.264803, 40.241541 ], [ -111.264868, 40.241229 ], [ -111.264908, 40.241065 ], [ -111.264929, 40.241018 ], [ -111.265113, 40.24047 ], [ -111.265099, 40.240449 ], [ -111.265072, 40.240411 ], [ -111.265061, 40.240395 ], [ -111.265021, 40.240334 ], [ -111.265002, 40.240273 ], [ -111.265029, 40.240151 ], [ -111.265032, 40.240141 ], [ -111.265109, 40.240019 ], [ -111.265137, 40.239966 ], [ -111.265181, 40.239846 ], [ -111.265305, 40.239676 ], [ -111.26537, 40.239561 ], [ -111.265386, 40.239434 ], [ -111.265423, 40.239236 ], [ -111.265437, 40.239194 ], [ -111.265465, 40.239117 ], [ -111.26551, 40.239047 ], [ -111.265554, 40.239022 ], [ -111.265594, 40.239 ], [ -111.265671, 40.238951 ], [ -111.267931, 40.23701 ], [ -111.269807, 40.237109 ], [ -111.273333, 40.236419 ], [ -111.273677, 40.236079 ], [ -111.27391, 40.233126 ], [ -111.272363, 40.231124 ], [ -111.271839, 40.227642 ], [ -111.272851, 40.22609 ], [ -111.273293, 40.224085 ], [ -111.273372, 40.221861 ], [ -111.27229, 40.220848 ], [ -111.272073, 40.219629 ], [ -111.270355, 40.216795 ], [ -111.268749, 40.215438 ], [ -111.267284, 40.213237 ], [ -111.265298, 40.212034 ], [ -111.261869, 40.210978 ], [ -111.264781, 40.209495 ], [ -111.263769, 40.207067 ], [ -111.263153, 40.205515 ], [ -111.260354, 40.204728 ], [ -111.257616, 40.20256 ], [ -111.256406, 40.200727 ], [ -111.257901, 40.198953 ], [ -111.258155, 40.197849 ], [ -111.25671, 40.197864 ], [ -111.252488, 40.1963 ], [ -111.250726, 40.194603 ], [ -111.248188, 40.193929 ], [ -111.246898, 40.191361 ], [ -111.244321, 40.189423 ], [ -111.241755, 40.186091 ], [ -111.240418, 40.185361 ], [ -111.239348, 40.184036 ], [ -111.238879, 40.182645 ], [ -111.236217, 40.181401 ], [ -111.234892, 40.179488 ], [ -111.234886, 40.179469 ], [ -111.234842, 40.1791 ], [ -111.234842, 40.178952 ], [ -111.234921, 40.178699 ], [ -111.234935, 40.178556 ], [ -111.234977, 40.178412 ], [ -111.235134, 40.178104 ], [ -111.235155, 40.178073 ], [ -111.235173, 40.178046 ], [ -111.235185, 40.178038 ], [ -111.235412, 40.176899 ], [ -111.232927, 40.17395 ], [ -111.232112, 40.173563 ], [ -111.231252, 40.172925 ], [ -111.230704, 40.170945 ], [ -111.226329, 40.168057 ], [ -111.225225, 40.166367 ], [ -111.225522, 40.164248 ], [ -111.226445, 40.163081 ], [ -111.227646, 40.161715 ], [ -111.227286, 40.16078 ], [ -111.229229, 40.158591 ], [ -111.228138, 40.158004 ], [ -111.227846, 40.157879 ], [ -111.227681, 40.157824 ], [ -111.22743, 40.157726 ], [ -111.227245, 40.15752 ], [ -111.226755, 40.155618 ], [ -111.227496, 40.154523 ], [ -111.227807, 40.152823 ], [ -111.229139, 40.152045 ], [ -111.230929, 40.150295 ], [ -111.230883, 40.149043 ], [ -111.231459, 40.147833 ], [ -111.230767, 40.147382 ], [ -111.228432, 40.146318 ], [ -111.225821, 40.144618 ], [ -111.224856, 40.142512 ], [ -111.225535, 40.14133 ], [ -111.22428, 40.139848 ], [ -111.223627, 40.138286 ], [ -111.223843, 40.13741 ], [ -111.224117, 40.135871 ], [ -111.224122, 40.133127 ], [ -111.223067, 40.132067 ], [ -111.222786, 40.129577 ], [ -111.22182, 40.128034 ], [ -111.222041, 40.12723 ], [ -111.222274, 40.126026 ], [ -111.221447, 40.124543 ], [ -111.223277, 40.123293 ], [ -111.222879, 40.122009 ], [ -111.223362, 40.120972 ], [ -111.225413, 40.119993 ], [ -111.226128, 40.116926 ], [ -111.226914, 40.114914 ], [ -111.227, 40.113512 ], [ -111.227775, 40.111611 ], [ -111.229313, 40.109535 ], [ -111.229133, 40.108635 ], [ -111.229854, 40.106848 ], [ -111.234698, 40.104191 ], [ -111.234272, 40.101464 ], [ -111.235135, 40.09831 ], [ -111.237183, 40.094769 ], [ -111.238174, 40.094472 ], [ -111.239138, 40.093278 ], [ -111.241459, 40.091818 ], [ -111.241909, 40.090148 ], [ -111.242361, 40.085893 ], [ -111.240261, 40.084117 ], [ -111.239214, 40.082062 ], [ -111.238007, 40.080551 ], [ -111.238689, 40.077464 ], [ -111.24058, 40.074613 ], [ -111.240355, 40.073062 ], [ -111.237906, 40.072145 ], [ -111.236058, 40.069113 ], [ -111.237815, 40.068274 ], [ -111.240777, 40.066223 ], [ -111.241636, 40.064587 ], [ -111.241685, 40.062987 ], [ -111.244026, 40.061251 ], [ -111.245981, 40.060064 ], [ -111.247494, 40.058483 ], [ -111.249339, 40.055217 ], [ -111.246999, 40.053687 ], [ -111.246292, 40.051776 ], [ -111.246207, 40.047466 ], [ -111.244089, 40.045273 ], [ -111.240202, 40.042704 ], [ -111.237982, 40.038568 ], [ -111.236736, 40.038704 ], [ -111.235903, 40.038 ], [ -111.233294, 40.037121 ], [ -111.231874, 40.037353 ], [ -111.226705, 40.035693 ], [ -111.225609, 40.036041 ], [ -111.22375, 40.037865 ], [ -111.22366, 40.037944 ], [ -111.223611, 40.038029 ], [ -111.223514, 40.038222 ], [ -111.223458, 40.040104 ], [ -111.222501, 40.040709 ], [ -111.220376, 40.040859 ], [ -111.217997, 40.042452 ], [ -111.213724, 40.042851 ], [ -111.212414, 40.044476 ], [ -111.205772, 40.047368 ], [ -111.20383, 40.049298 ], [ -111.203907, 40.04614 ], [ -111.200583, 40.042015 ], [ -111.200237, 40.040898 ], [ -111.19899, 40.040041 ], [ -111.200306, 40.037195 ], [ -111.199955, 40.035632 ], [ -111.197981, 40.033181 ], [ -111.197708, 40.031179 ], [ -111.194861, 40.031598 ], [ -111.19186, 40.030137 ], [ -111.191118, 40.02872 ], [ -111.191319, 40.027539 ], [ -111.190473, 40.026071 ], [ -111.189593, 40.023077 ], [ -111.18608, 40.019655 ], [ -111.176913, 40.016034 ], [ -111.175564, 40.014214 ], [ -111.174751, 40.012174 ], [ -111.17248, 40.011478 ], [ -111.171555, 40.010585 ], [ -111.170772, 40.007703 ], [ -111.16936, 40.00662 ], [ -111.169158, 40.003988 ], [ -111.167908, 40.003385 ], [ -111.168896, 40.001271 ], [ -111.169867, 40.00021 ], [ -111.169149, 39.998513 ], [ -111.16914, 39.995759 ], [ -111.167437, 39.992752 ], [ -111.167664, 39.99059 ], [ -111.16546, 39.989966 ], [ -111.163176, 39.990629 ], [ -111.161146, 39.991901 ], [ -111.158988, 39.991578 ], [ -111.156516, 39.990008 ], [ -111.15597, 39.988871 ], [ -111.152196, 39.985059 ], [ -111.146675, 39.985343 ], [ -111.144464, 39.986642 ], [ -111.143047, 39.986988 ], [ -111.141403, 39.984082 ], [ -111.138846, 39.982822 ], [ -111.137242, 39.981499 ], [ -111.136162, 39.981176 ], [ -111.13414, 39.979329 ], [ -111.133705, 39.978319 ], [ -111.135194, 39.976886 ], [ -111.135129, 39.976264 ], [ -111.133134, 39.973675 ], [ -111.130011, 39.972861 ], [ -111.129663, 39.97048 ], [ -111.126403, 39.970553 ], [ -111.123678, 39.970346 ], [ -111.119271, 39.968156 ], [ -111.118843, 39.966838 ], [ -111.119261, 39.964817 ], [ -111.118107, 39.961914 ], [ -111.118211, 39.961423 ], [ -111.120893, 39.959713 ], [ -111.120221, 39.957077 ], [ -111.122074, 39.956342 ], [ -111.123414, 39.954635 ], [ -111.129219, 39.951472 ], [ -111.129963, 39.950301 ], [ -111.131641, 39.948969 ], [ -111.131296, 39.947396 ], [ -111.130158, 39.946932 ], [ -111.12821, 39.946952 ], [ -111.126253, 39.945436 ], [ -111.12159, 39.945619 ], [ -111.119064, 39.944961 ], [ -111.118422, 39.943484 ], [ -111.11145, 39.943343 ], [ -111.092574, 39.943082 ], [ -111.083061, 39.943198 ], [ -111.082991, 39.928486 ], [ -111.082774, 39.914547 ], [ -111.082455, 39.900155 ], [ -111.064118, 39.899797 ], [ -111.056109, 39.899784 ], [ -111.054241, 39.899781 ], [ -111.026754, 39.899735 ], [ -111.016255, 39.899715 ], [ -110.998824, 39.899666 ], [ -110.989458, 39.899632 ], [ -110.959904, 39.899518 ], [ -110.958818, 39.899514 ], [ -110.904718, 39.899217 ], [ -110.891649, 39.899145 ], [ -110.891655, 39.899654 ], [ -110.890787, 39.899655 ], [ -110.857647, 39.899707 ], [ -110.857693, 39.888431 ], [ -110.857767, 39.870408 ], [ -110.85778, 39.849365 ], [ -110.85778, 39.813285 ], [ -110.839214, 39.813221 ], [ -110.814521, 39.813028 ], [ -110.801178, 39.812994 ], [ -110.78006, 39.812758 ], [ -110.751988, 39.812559 ], [ -110.740481, 39.812406 ], [ -110.722179, 39.812425 ], [ -110.686339, 39.812452 ], [ -110.6301, 39.81251 ], [ -110.606103, 39.81239 ], [ -110.55882, 39.81194 ], [ -110.536973, 39.811757 ], [ -110.518195, 39.811641 ], [ -110.518198, 39.806719 ], [ -110.498316, 39.806667 ], [ -110.404096, 39.80674 ], [ -110.361648, 39.806897 ], [ -110.357406, 39.806847 ] ] ] ] } },
{ "type": "Feature", "properties": { "id": 58, "NAME": "58", "TotalPop": 41810, "PopDevPct": -0.04152871, "DemPct": 0.34860494, "RepPct": 0.63004536, "WhitePct": 0.71845924, "MinorityPct": 0.28154076, "BlackPct": 0.00851037, "HispanicPct": 0.06751135, "PacificPct": 0.00444571, "AsianPct": 0.01282906, "NativePct": 0.19176908, "TotalVAP": 31491, "Margin": -0.28144042, "color": "#960018", "opacity": "0.5", "DemPct2": 0.36787399, "RepPct2": 0.60639223, "Margin2": -0.23851824, "Swing": -0.04292218, "R_Margin": -0.0827313696, "R_Margin2": -0.033971114133333341, "R_Swing": -0.048760255466666694, "Majority": "White" }, "geometry": { "type": "MultiPolygon", "coordinates": [ [ [ [ -111.412784, 37.001503 ], [ -111.404752, 37.001499 ], [ -111.401383, 37.001498 ], [ -111.400139, 37.001498 ], [ -111.398198, 37.001497 ], [ -111.39734, 37.001498 ], [ -111.395642, 37.001498 ], [ -111.394817, 37.001494 ], [ -111.392953, 37.001502 ], [ -111.392608, 37.001515 ], [ -111.392392, 37.001522 ], [ -111.392313, 37.001521 ], [ -111.391428, 37.001512 ], [ -111.391133, 37.001509 ], [ -111.388154, 37.001478 ], [ -111.384701, 37.001493 ], [ -111.36306, 37.001487 ], [ -111.35777, 37.001484 ], [ -111.355398, 37.001486 ], [ -111.316083, 37.001477 ], [ -111.308602, 37.001476 ], [ -111.297991, 37.001237 ], [ -111.278939, 37.001088 ], [ -111.253342, 37.001027 ], [ -111.250706, 37.001026 ], [ -111.235043, 37.001094 ], [ -111.190144, 37.000959 ], [ -111.150576, 37.00095 ], [ -111.143404, 37.001086 ], [ -111.14152, 37.00114 ], [ -111.098929, 37.001797 ], [ -111.083052, 37.00206 ], [ -111.079466, 37.002067 ], [ -111.064951, 37.002342 ], [ -111.060033, 37.002348 ], [ -111.056865, 37.002344 ], [ -111.019224, 37.002366 ], [ -110.991724, 37.00239 ], [ -110.990893, 37.002527 ], [ -110.955808, 37.002557 ], [ -110.954971, 37.002419 ], [ -110.916892, 37.002439 ], [ -110.897623, 37.002436 ], [ -110.881181, 37.002446 ], [ -110.84801, 37.002452 ], [ -110.835322, 37.002487 ], [ -110.810463, 37.002511 ], [ -110.805365, 37.002552 ], [ -110.803517, 37.003087 ], [ -110.799716, 37.003102 ], [ -110.797438, 37.002616 ], [ -110.79025, 37.002677 ], [ -110.78257, 37.002735 ], [ -110.741926, 37.003083 ], [ -110.719383, 37.003181 ], [ -110.673167, 37.003513 ], [ -110.625691, 37.003725 ], [ -110.625639, 37.003538 ], [ -110.580111, 37.003626 ], [ -110.5621, 37.003634 ], [ -110.543876, 37.003585 ], [ -110.509524, 37.003589 ], [ -110.490299, 37.003628 ], [ -110.469733, 36.997657 ], [ -110.467308, 36.997669 ], [ -110.438345, 36.99771 ], [ -110.435994, 36.997725 ], [ -110.420717, 36.997731 ], [ -110.379844, 36.997779 ], [ -110.365629, 36.997828 ], [ -110.34764, 36.997941 ], [ -110.346355, 36.997948 ], [ -110.306341, 36.997998 ], [ -110.306335, 36.997955 ], [ -110.275924, 36.998002 ], [ -110.271376, 36.99801 ], [ -110.230921, 36.998102 ], [ -110.202369, 36.998147 ], [ -110.184924, 36.998243 ], [ -110.175761, 36.998251 ], [ -110.165634, 36.998254 ], [ -110.145951, 36.998283 ], [ -110.106919, 36.998306 ], [ -110.088225, 36.99829 ], [ -110.057961, 36.9983 ], [ -109.985543, 36.998356 ], [ -109.971949, 36.99841 ], [ -109.933855, 36.998414 ], [ -109.891428, 36.998361 ], [ -109.875399, 36.998502 ], [ -109.867629, 36.998365 ], [ -109.834915, 36.998306 ], [ -109.794204, 36.998235 ], [ -109.764311, 36.998235 ], [ -109.764195, 36.998337 ], [ -109.746232, 36.998299 ], [ -109.709818, 36.998287 ], [ -109.699231, 36.998282 ], [ -109.688029, 36.998273 ], [ -109.66031, 36.998261 ], [ -109.633469, 36.998249 ], [ -109.62933, 36.998248 ], [ -109.624319, 36.998246 ], [ -109.6091, 36.998405 ], [ -109.591247, 36.998594 ], [ -109.566628, 36.998853 ], [ -109.537815, 36.999147 ], [ -109.530695, 36.999189 ], [ -109.495307, 36.99916 ], [ -109.471587, 36.999158 ], [ -109.466993, 36.999156 ], [ -109.445696, 36.999152 ], [ -109.413643, 36.99918 ], [ -109.393955, 36.999194 ], [ -109.378939, 36.999207 ], [ -109.362283, 36.999304 ], [ -109.355673, 36.999305 ], [ -109.327609, 36.99931 ], [ -109.324949, 36.99931 ], [ -109.305923, 36.999314 ], [ -109.271363, 36.999302 ], [ -109.246918, 36.999343 ], [ -109.234491, 36.999305 ], [ -109.216292, 36.999318 ], [ -109.180915, 36.999327 ], [ -109.161028, 36.999345 ], [ -109.125691, 36.999389 ], [ -109.120041, 36.999339 ], [ -109.104462, 36.999287 ], [ -109.081202, 36.999115 ], [ -109.045172, 36.998977 ], [ -109.045173, 37.012092 ], [ -109.045181, 37.01798 ], [ -109.045184, 37.022655 ], [ -109.045187, 37.024141 ], [ -109.045199, 37.046055 ], [ -109.045166, 37.072742 ], [ -109.045058, 37.074661 ], [ -109.044995, 37.086429 ], [ -109.045109, 37.096903 ], [ -109.045086, 37.120377 ], [ -109.045217, 37.132124 ], [ -109.0454, 37.149953 ], [ -109.045774, 37.17941 ], [ -109.045885, 37.187305 ], [ -109.045924, 37.200575 ], [ -109.045398, 37.212195 ], [ -109.045404, 37.219739 ], [ -109.045471, 37.236287 ], [ -109.045639, 37.268247 ], [ -109.045728, 37.282848 ], [ -109.045796, 37.293415 ], [ -109.045844, 37.301995 ], [ -109.04579, 37.320781 ], [ -109.045768, 37.329259 ], [ -109.04564, 37.359723 ], [ -109.045184, 37.40623 ], [ -109.044861, 37.422442 ], [ -109.044565, 37.434107 ], [ -109.044043, 37.458345 ], [ -109.043777, 37.469035 ], [ -109.042577, 37.514018 ], [ -109.04224, 37.53011 ], [ -109.041785, 37.548003 ], [ -109.041572, 37.562138 ], [ -109.041932, 37.576253 ], [ -109.041982, 37.58701 ], [ -109.041907, 37.609573 ], [ -109.041881, 37.649845 ], [ -109.041928, 37.651204 ], [ -109.041844, 37.68779 ], [ -109.041936, 37.711178 ], [ -109.042029, 37.740254 ], [ -109.042028, 37.754454 ], [ -109.042017, 37.774997 ], [ -109.04195, 37.787583 ], [ -109.041973, 37.816483 ], [ -109.041944, 37.8265 ], [ -109.041996, 37.84271 ], [ -109.042036, 37.862963 ], [ -109.042003, 37.872936 ], [ -109.042027, 37.907691 ], [ -109.042046, 37.923409 ], [ -109.042128, 37.939193 ], [ -109.04204, 37.943812 ], [ -109.042504, 37.954918 ], [ -109.042699, 37.962845 ], [ -109.042885, 37.974871 ], [ -109.042938, 37.981607 ], [ -109.042877, 38.0036 ], [ -109.042866, 38.03642 ], [ -109.042234, 38.051098 ], [ -109.041979, 38.079557 ], [ -109.04258, 38.093799 ], [ -109.042586, 38.102735 ], [ -109.0426, 38.109519 ], [ -109.042641, 38.132194 ], [ -109.042572, 38.157016 ], [ -109.042835, 38.166268 ], [ -109.046572, 38.189641 ], [ -109.047918, 38.198401 ], [ -109.050554, 38.215013 ], [ -109.051584, 38.221356 ], [ -109.056597, 38.25325 ], [ -109.060187, 38.275528 ], [ -109.060172, 38.296472 ], [ -109.060163, 38.307226 ], [ -109.060185, 38.31867 ], [ -109.060169, 38.327299 ], [ -109.060168, 38.327595 ], [ -109.060174, 38.334745 ], [ -109.060137, 38.360278 ], [ -109.06017, 38.3881 ], [ -109.060051, 38.42916 ], [ -109.060075, 38.446377 ], [ -109.060119, 38.454301 ], [ -109.060129, 38.455447 ], [ -109.060154, 38.464694 ], [ -109.059939, 38.474274 ], [ -109.060031, 38.488664 ], [ -109.06004, 38.492849 ], [ -109.060119, 38.499989 ], [ -109.060128, 38.510605 ], [ -109.060006, 38.535908 ], [ -109.059966, 38.565266 ], [ -109.059856, 38.579395 ], [ -109.059738, 38.609505 ], [ -109.059696, 38.619165 ], [ -109.059731, 38.633605 ], [ -109.059687, 38.648125 ], [ -109.059689, 38.666845 ], [ -109.059749, 38.68134 ], [ -109.059824, 38.714746 ], [ -109.059041, 38.749524 ], [ -109.057279, 38.799544 ], [ -109.05595, 38.830689 ], [ -109.05594, 38.830926 ], [ -109.055244, 38.847266 ], [ -109.054119, 38.873532 ], [ -109.054022, 38.877161 ], [ -109.053827, 38.898124 ], [ -109.053311, 38.945239 ], [ -109.053197, 38.953773 ], [ -109.052748, 38.990717 ], [ -109.052416, 39.02233 ], [ -109.052, 39.067701 ], [ -109.051937, 39.069425 ], [ -109.051666, 39.105097 ], [ -109.051531, 39.111697 ], [ -109.051483, 39.115949 ], [ -109.05145, 39.119466 ], [ -109.051166, 39.142603 ], [ -109.051223, 39.15331 ], [ -109.051318, 39.186613 ], [ -109.051266, 39.194249 ], [ -109.05103, 39.227126 ], [ -109.051098, 39.28662 ], [ -109.051099, 39.307326 ], [ -109.051029, 39.330962 ], [ -109.051016, 39.35007 ], [ -109.050701, 39.360945 ], [ -109.050864, 39.374976 ], [ -109.051172, 39.450467 ], [ -109.051153, 39.461955 ], [ -109.051226, 39.497739 ], [ -109.052938, 39.497164 ], [ -109.055688, 39.499066 ], [ -109.057254, 39.499813 ], [ -109.059764, 39.498774 ], [ -109.061779, 39.498956 ], [ -109.062963, 39.499616 ], [ -109.064352, 39.497377 ], [ -109.066774, 39.49717 ], [ -109.068276, 39.495546 ], [ -109.069465, 39.495974 ], [ -109.070181, 39.497668 ], [ -109.072035, 39.499604 ], [ -109.073086, 39.499644 ], [ -109.073214, 39.497606 ], [ -109.074478, 39.497266 ], [ -109.075482, 39.495206 ], [ -109.074791, 39.493708 ], [ -109.076753, 39.489191 ], [ -109.07885, 39.490275 ], [ -109.080625, 39.49047 ], [ -109.081246, 39.489648 ], [ -109.082916, 39.489374 ], [ -109.087568, 39.492333 ], [ -109.088007, 39.490313 ], [ -109.089007, 39.490062 ], [ -109.089734, 39.4884 ], [ -109.089778, 39.485027 ], [ -109.091625, 39.482787 ], [ -109.09274, 39.480922 ], [ -109.09593, 39.479051 ], [ -109.095159, 39.475799 ], [ -109.096294, 39.472538 ], [ -109.095826, 39.471593 ], [ -109.098978, 39.469618 ], [ -109.100804, 39.470188 ], [ -109.10243, 39.469179 ], [ -109.104297, 39.469372 ], [ -109.10513, 39.467325 ], [ -109.105248, 39.465594 ], [ -109.104541, 39.463803 ], [ -109.105175, 39.462926 ], [ -109.106972, 39.461979 ], [ -109.125667, 39.462073 ], [ -109.164266, 39.462104 ], [ -109.240733, 39.462163 ], [ -109.283249, 39.462271 ], [ -109.296602, 39.462234 ], [ -109.316003, 39.462285 ], [ -109.328893, 39.462193 ], [ -109.330472, 39.4623 ], [ -109.387012, 39.462323 ], [ -109.422694, 39.462341 ], [ -109.483999, 39.462372 ], [ -109.548371, 39.46232 ], [ -109.575044, 39.462447 ], [ -109.575161, 39.462298 ], [ -109.607741, 39.462277 ], [ -109.617034, 39.462259 ], [ -109.666424, 39.461964 ], [ -109.695776, 39.461929 ], [ -109.739289, 39.461884 ], [ -109.772924, 39.461851 ], [ -109.792687, 39.461898 ], [ -109.814536, 39.461851 ], [ -109.84988, 39.461823 ], [ -109.869505, 39.461777 ], [ -109.930041, 39.461771 ], [ -109.953349, 39.461801 ], [ -109.953349, 39.46927 ], [ -109.980925, 39.46927 ], [ -110.023963, 39.469268 ], [ -110.024118, 39.469269 ], [ -110.066139, 39.469257 ], [ -110.158842, 39.469266 ], [ -110.205282, 39.469387 ], [ -110.239037, 39.469435 ], [ -110.294614, 39.469472 ], [ -110.303659, 39.46947 ], [ -110.305723, 39.469458 ], [ -110.31495, 39.469439 ], [ -110.336061, 39.469273 ], [ -110.345389, 39.46926 ], [ -110.381905, 39.469277 ], [ -110.389924, 39.469251 ], [ -110.396343, 39.469264 ], [ -110.408611, 39.469252 ], [ -110.42097, 39.469336 ], [ -110.429855, 39.469423 ], [ -110.448034, 39.469467 ], [ -110.497362, 39.469633 ], [ -110.502716, 39.469654 ], [ -110.515923, 39.469712 ], [ -110.53684, 39.469711 ], [ -110.570443, 39.46971 ], [ -110.574107, 39.469703 ], [ -110.603779, 39.46972 ], [ -110.614841, 39.46974 ], [ -110.626947, 39.469802 ], [ -110.626948, 39.469247 ], [ -110.636771, 39.469525 ], [ -110.6446, 39.469506 ], [ -110.673155, 39.469463 ], [ -110.72106, 39.469433 ], [ -110.721373, 39.467972 ], [ -110.724409, 39.462952 ], [ -110.720342, 39.460251 ], [ -110.716158, 39.456276 ], [ -110.714132, 39.453883 ], [ -110.713488, 39.452707 ], [ -110.711018, 39.447026 ], [ -110.708788, 39.443139 ], [ -110.708012, 39.440869 ], [ -110.706399, 39.438484 ], [ -110.706492, 39.436841 ], [ -110.707401, 39.434303 ], [ -110.707582, 39.433632 ], [ -110.707547, 39.42307 ], [ -110.708055, 39.421448 ], [ -110.712489, 39.413989 ], [ -110.713769, 39.412224 ], [ -110.715952, 39.409471 ], [ -110.721777, 39.402249 ], [ -110.725678, 39.397955 ], [ -110.735953, 39.390091 ], [ -110.739649, 39.38804 ], [ -110.739676, 39.386837 ], [ -110.740479, 39.385324 ], [ -110.742205, 39.383555 ], [ -110.743944, 39.381887 ], [ -110.753078, 39.374677 ], [ -110.754376, 39.37364 ], [ -110.767621, 39.363021 ], [ -110.770353, 39.359622 ], [ -110.771183, 39.358085 ], [ -110.774613, 39.356288 ], [ -110.77559, 39.356389 ], [ -110.778071, 39.353066 ], [ -110.778508, 39.350744 ], [ -110.777284, 39.348311 ], [ -110.776403, 39.343887 ], [ -110.774495, 39.339635 ], [ -110.773333, 39.335652 ], [ -110.772894, 39.332258 ], [ -110.774659, 39.329448 ], [ -110.77765, 39.325851 ], [ -110.779025, 39.324563 ], [ -110.786178, 39.318772 ], [ -110.794017, 39.313172 ], [ -110.799404, 39.309944 ], [ -110.805827, 39.304128 ], [ -110.80892, 39.301028 ], [ -110.814318, 39.293656 ], [ -110.814722, 39.292927 ], [ -110.815131, 39.289665 ], [ -110.814411, 39.279606 ], [ -110.814035, 39.277152 ], [ -110.814432, 39.273458 ], [ -110.818103, 39.268416 ], [ -110.822187, 39.261063 ], [ -110.822091, 39.260379 ], [ -110.819551, 39.257896 ], [ -110.818628, 39.257364 ], [ -110.81179, 39.254949 ], [ -110.810323, 39.254087 ], [ -110.809615, 39.251782 ], [ -110.811082, 39.245046 ], [ -110.812608, 39.242506 ], [ -110.810239, 39.239358 ], [ -110.809277, 39.236578 ], [ -110.808691, 39.232836 ], [ -110.808328, 39.226648 ], [ -110.808555, 39.22016 ], [ -110.808011, 39.216885 ], [ -110.807562, 39.21582 ], [ -110.805482, 39.211832 ], [ -110.80281, 39.206711 ], [ -110.801674, 39.205094 ], [ -110.794859, 39.196558 ], [ -110.793427, 39.195086 ], [ -110.789784, 39.192822 ], [ -110.78864, 39.191763 ], [ -110.78861, 39.190724 ], [ -110.791282, 39.17632 ], [ -110.791125, 39.175625 ], [ -110.79603, 39.177543 ], [ -110.79875, 39.178148 ], [ -110.817924, 39.181933 ], [ -110.822834, 39.183579 ], [ -110.83153, 39.187524 ], [ -110.832432, 39.188034 ], [ -110.841903, 39.195798 ], [ -110.844498, 39.196546 ], [ -110.848301, 39.196708 ], [ -110.853432, 39.197264 ], [ -110.85495, 39.198074 ], [ -110.856404, 39.199504 ], [ -110.858112, 39.200337 ], [ -110.861056, 39.202766 ], [ -110.862531, 39.205091 ], [ -110.863611, 39.207438 ], [ -110.864863, 39.208517 ], [ -110.866514, 39.20911 ], [ -110.868313, 39.209163 ], [ -110.874091, 39.208549 ], [ -110.874986, 39.208606 ], [ -110.879121, 39.209933 ], [ -110.883396, 39.208903 ], [ -110.887526, 39.210315 ], [ -110.889879, 39.211431 ], [ -110.894287, 39.211941 ], [ -110.895418, 39.212509 ], [ -110.896888, 39.213437 ], [ -110.908121, 39.216671 ], [ -110.91314, 39.216975 ], [ -110.915266, 39.216432 ], [ -110.915535, 39.214249 ], [ -110.916862, 39.213881 ], [ -110.91634, 39.213194 ], [ -110.916693, 39.211717 ], [ -110.91579, 39.211096 ], [ -110.916348, 39.209701 ], [ -110.915437, 39.20897 ], [ -110.917633, 39.208899 ], [ -110.918368, 39.20707 ], [ -110.91702, 39.206493 ], [ -110.917698, 39.205735 ], [ -110.916477, 39.20457 ], [ -110.914704, 39.204971 ], [ -110.914592, 39.203361 ], [ -110.913491, 39.203142 ], [ -110.912678, 39.20407 ], [ -110.911959, 39.20207 ], [ -110.913689, 39.201082 ], [ -110.912609, 39.200296 ], [ -110.913986, 39.199923 ], [ -110.913916, 39.198786 ], [ -110.914735, 39.198528 ], [ -110.91614, 39.196534 ], [ -110.917241, 39.196616 ], [ -110.91667, 39.195397 ], [ -110.917877, 39.195018 ], [ -110.918266, 39.192777 ], [ -110.919685, 39.191563 ], [ -110.919594, 39.189448 ], [ -110.920717, 39.189805 ], [ -110.920145, 39.188476 ], [ -110.92167, 39.188844 ], [ -110.921818, 39.187971 ], [ -110.923265, 39.187164 ], [ -110.924035, 39.187328 ], [ -110.922307, 39.181797 ], [ -110.920232, 39.180231 ], [ -110.918404, 39.180725 ], [ -110.917804, 39.17939 ], [ -110.918263, 39.1785 ], [ -110.916393, 39.177764 ], [ -110.917396, 39.176803 ], [ -110.916655, 39.175786 ], [ -110.917657, 39.17582 ], [ -110.918293, 39.174397 ], [ -110.919944, 39.17448 ], [ -110.921342, 39.173524 ], [ -110.921603, 39.172535 ], [ -110.920594, 39.172024 ], [ -110.920178, 39.170502 ], [ -110.918251, 39.170887 ], [ -110.917249, 39.171678 ], [ -110.915294, 39.170947 ], [ -110.915577, 39.169661 ], [ -110.914526, 39.169579 ], [ -110.914978, 39.168519 ], [ -110.91411, 39.167118 ], [ -110.915239, 39.166404 ], [ -110.91471, 39.165931 ], [ -110.916101, 39.165228 ], [ -110.917279, 39.166355 ], [ -110.918316, 39.165245 ], [ -110.919869, 39.164976 ], [ -110.917957, 39.16424 ], [ -110.916073, 39.162427 ], [ -110.915078, 39.163042 ], [ -110.912926, 39.16269 ], [ -110.912475, 39.161536 ], [ -110.913111, 39.160009 ], [ -110.911001, 39.160415 ], [ -110.911572, 39.158986 ], [ -110.910729, 39.158914 ], [ -110.910963, 39.157828 ], [ -110.911802, 39.158756 ], [ -110.912513, 39.15814 ], [ -110.910502, 39.156887 ], [ -110.911139, 39.156779 ], [ -110.911419, 39.154785 ], [ -110.910693, 39.15339 ], [ -110.91154, 39.152571 ], [ -110.910249, 39.150841 ], [ -110.910455, 39.149852 ], [ -110.911541, 39.150456 ], [ -110.913171, 39.149155 ], [ -110.914357, 39.147787 ], [ -110.913672, 39.147414 ], [ -110.913673, 39.144837 ], [ -110.916072, 39.145019 ], [ -110.916693, 39.143717 ], [ -110.917835, 39.144668 ], [ -110.917815, 39.142921 ], [ -110.919381, 39.143608 ], [ -110.921977, 39.14196 ], [ -110.923042, 39.140461 ], [ -110.923987, 39.141191 ], [ -110.923296, 39.142449 ], [ -110.923938, 39.142653 ], [ -110.92549, 39.141241 ], [ -110.924834, 39.140428 ], [ -110.926929, 39.141461 ], [ -110.92786, 39.140615 ], [ -110.92683, 39.140313 ], [ -110.929194, 39.139 ], [ -110.931585, 39.140242 ], [ -110.933017, 39.140099 ], [ -110.933285, 39.139061 ], [ -110.931458, 39.139055 ], [ -110.932749, 39.138577 ], [ -110.93325, 39.137644 ], [ -110.935859, 39.137374 ], [ -110.936748, 39.136166 ], [ -110.937884, 39.1366 ], [ -110.93909, 39.135232 ], [ -110.94086, 39.135617 ], [ -110.944168, 39.132765 ], [ -110.945254, 39.132749 ], [ -110.944443, 39.133996 ], [ -110.946044, 39.133913 ], [ -110.946277, 39.132628 ], [ -110.94438, 39.131551 ], [ -110.945035, 39.131238 ], [ -110.946446, 39.13187 ], [ -110.947871, 39.129837 ], [ -110.949859, 39.129799 ], [ -110.948928, 39.1292 ], [ -110.949549, 39.128469 ], [ -110.952504, 39.128864 ], [ -110.952793, 39.12748 ], [ -110.954429, 39.127897 ], [ -110.954464, 39.127183 ], [ -110.955677, 39.126815 ], [ -110.956221, 39.128556 ], [ -110.958428, 39.127309 ], [ -110.960234, 39.128308 ], [ -110.960375, 39.128973 ], [ -110.962202, 39.129115 ], [ -110.961228, 39.127122 ], [ -110.960205, 39.127232 ], [ -110.960981, 39.126105 ], [ -110.962885, 39.127737 ], [ -110.963089, 39.126775 ], [ -110.961961, 39.125979 ], [ -110.967674, 39.126741 ], [ -110.967659, 39.12522 ], [ -110.968738, 39.125131 ], [ -110.969174, 39.124198 ], [ -110.970197, 39.12434 ], [ -110.969563, 39.125664 ], [ -110.971488, 39.12535 ], [ -110.971713, 39.123747 ], [ -110.97416, 39.123746 ], [ -110.975197, 39.124174 ], [ -110.975055, 39.122636 ], [ -110.976599, 39.121564 ], [ -110.976748, 39.123366 ], [ -110.978821, 39.123019 ], [ -110.979596, 39.120871 ], [ -110.980125, 39.122063 ], [ -110.982332, 39.12081 ], [ -110.983001, 39.119793 ], [ -110.983621, 39.118574 ], [ -110.985151, 39.11759 ], [ -110.985629, 39.116156 ], [ -110.986714, 39.11498 ], [ -110.988145, 39.114721 ], [ -110.987474, 39.113327 ], [ -110.985552, 39.112773 ], [ -110.984088, 39.111459 ], [ -110.985157, 39.110309 ], [ -110.984031, 39.10907 ], [ -110.982742, 39.110227 ], [ -110.981959, 39.109042 ], [ -110.980798, 39.108699 ], [ -110.979772, 39.107507 ], [ -110.976051, 39.106205 ], [ -110.973362, 39.107311 ], [ -110.972891, 39.106818 ], [ -110.97098, 39.106704 ], [ -110.971436, 39.104458 ], [ -110.972657, 39.10343 ], [ -110.971582, 39.10263 ], [ -110.97336, 39.099388 ], [ -110.972825, 39.098505 ], [ -110.973454, 39.097797 ], [ -110.974599, 39.098097 ], [ -110.977033, 39.096113 ], [ -110.97713, 39.094424 ], [ -110.977998, 39.093235 ], [ -110.977689, 39.092567 ], [ -110.978956, 39.091321 ], [ -110.979903, 39.088275 ], [ -110.981296, 39.087132 ], [ -110.981477, 39.085822 ], [ -110.980445, 39.083937 ], [ -110.980811, 39.08313 ], [ -110.980291, 39.081898 ], [ -110.978207, 39.079983 ], [ -110.976664, 39.079464 ], [ -110.975442, 39.077244 ], [ -110.975932, 39.076601 ], [ -110.97911, 39.076088 ], [ -110.981584, 39.074949 ], [ -110.983312, 39.072173 ], [ -110.985433, 39.071173 ], [ -110.988767, 39.068816 ], [ -110.990835, 39.066929 ], [ -110.991261, 39.064963 ], [ -110.991947, 39.063828 ], [ -110.9956, 39.062824 ], [ -111.004041, 39.062399 ], [ -111.006545, 39.062974 ], [ -111.011474, 39.062069 ], [ -111.006556, 39.05927 ], [ -111.004265, 39.05843 ], [ -111.000574, 39.057686 ], [ -110.994424, 39.054871 ], [ -110.994221, 39.054076 ], [ -110.995223, 39.052624 ], [ -110.997417, 39.051546 ], [ -110.994862, 39.050199 ], [ -110.990231, 39.045847 ], [ -110.986458, 39.044447 ], [ -110.983098, 39.043535 ], [ -110.982234, 39.042449 ], [ -110.98486, 39.041058 ], [ -110.98596, 39.041827 ], [ -110.989277, 39.041298 ], [ -110.990144, 39.041836 ], [ -110.992531, 39.041066 ], [ -110.991001, 39.039353 ], [ -110.992219, 39.038495 ], [ -110.992118, 39.035397 ], [ -110.993336, 39.034929 ], [ -110.995274, 39.036142 ], [ -110.999393, 39.033998 ], [ -111.000984, 39.0323 ], [ -111.002957, 39.031252 ], [ -111.004333, 39.029088 ], [ -111.005966, 39.030127 ], [ -111.005958, 39.030709 ], [ -111.007464, 39.03221 ], [ -111.00952, 39.032579 ], [ -111.010395, 39.031195 ], [ -111.009917, 39.030272 ], [ -111.012022, 39.030421 ], [ -111.012965, 39.031229 ], [ -111.013122, 39.028416 ], [ -111.014524, 39.02823 ], [ -111.014756, 39.029362 ], [ -111.016636, 39.029928 ], [ -111.018876, 39.029045 ], [ -111.021003, 39.029101 ], [ -111.021778, 39.027788 ], [ -111.023214, 39.028393 ], [ -111.025187, 39.02796 ], [ -111.02594, 39.028938 ], [ -111.025369, 39.029498 ], [ -111.026792, 39.029602 ], [ -111.027546, 39.028499 ], [ -111.029024, 39.028603 ], [ -111.029546, 39.026906 ], [ -111.0311, 39.027311 ], [ -111.03175, 39.027939 ], [ -111.033088, 39.027726 ], [ -111.034666, 39.02889 ], [ -111.036814, 39.028605 ], [ -111.038342, 39.029166 ], [ -111.039257, 39.030715 ], [ -111.040673, 39.029831 ], [ -111.042313, 39.030705 ], [ -111.043567, 39.029453 ], [ -111.045595, 39.030343 ], [ -111.048265, 39.030585 ], [ -111.049004, 39.029799 ], [ -111.049322, 39.02808 ], [ -111.050357, 39.027641 ], [ -111.051618, 39.027932 ], [ -111.054054, 39.025784 ], [ -111.055189, 39.026021 ], [ -111.055794, 39.025636 ], [ -111.055562, 39.02423 ], [ -111.057496, 39.023161 ], [ -111.057977, 39.021857 ], [ -111.059998, 39.021099 ], [ -111.061083, 39.019995 ], [ -111.062315, 39.019901 ], [ -111.063027, 39.019072 ], [ -111.064062, 39.019725 ], [ -111.064907, 39.019039 ], [ -111.064343, 39.016193 ], [ -111.06754, 39.014897 ], [ -111.069448, 39.015446 ], [ -111.070443, 39.016185 ], [ -111.072568, 39.017434 ], [ -111.072835, 39.016929 ], [ -111.075525, 39.01678 ], [ -111.076821, 39.01728 ], [ -111.077229, 39.016599 ], [ -111.081053, 39.017313 ], [ -111.081151, 39.016659 ], [ -111.083954, 39.017279 ], [ -111.084109, 39.018015 ], [ -111.087686, 39.018481 ], [ -111.088398, 39.01819 ], [ -111.090186, 39.018711 ], [ -111.091116, 39.018434 ], [ -111.092658, 39.020051 ], [ -111.093841, 39.019897 ], [ -111.096666, 39.020676 ], [ -111.098694, 39.021912 ], [ -111.10199, 39.021707 ], [ -111.104081, 39.021921 ], [ -111.106764, 39.020711 ], [ -111.1082, 39.021205 ], [ -111.110017, 39.020869 ], [ -111.111699, 39.018886 ], [ -111.113297, 39.018165 ], [ -111.116078, 39.017983 ], [ -111.121918, 39.020551 ], [ -111.122692, 39.020188 ], [ -111.123882, 39.020797 ], [ -111.127277, 39.020841 ], [ -111.12967, 39.021902 ], [ -111.131586, 39.022183 ], [ -111.133811, 39.021586 ], [ -111.134649, 39.022383 ], [ -111.1369, 39.022818 ], [ -111.139478, 39.020622 ], [ -111.149458, 39.011948 ], [ -111.153636, 39.007804 ], [ -111.161379, 38.999647 ], [ -111.164807, 38.995968 ], [ -111.167635, 38.992072 ], [ -111.176822, 38.975948 ], [ -111.178721, 38.973624 ], [ -111.181906, 38.971176 ], [ -111.190633, 38.965176 ], [ -111.200139, 38.95844 ], [ -111.205336, 38.954113 ], [ -111.214012, 38.947048 ], [ -111.223063, 38.939439 ], [ -111.236676, 38.928175 ], [ -111.23862, 38.926555 ], [ -111.240913, 38.924536 ], [ -111.238511, 38.924553 ], [ -111.238502, 38.923695 ], [ -111.24194, 38.923668 ], [ -111.241932, 38.923019 ], [ -111.240248, 38.921603 ], [ -111.240265, 38.920669 ], [ -111.242003, 38.920628 ], [ -111.241952, 38.916425 ], [ -111.243163, 38.916424 ], [ -111.252432, 38.91641 ], [ -111.25479, 38.916405 ], [ -111.254789, 38.917274 ], [ -111.257151, 38.917271 ], [ -111.257139, 38.918213 ], [ -111.259443, 38.91821 ], [ -111.259478, 38.920846 ], [ -111.259531, 38.924509 ], [ -111.261765, 38.924508 ], [ -111.261834, 38.924508 ], [ -111.261795, 38.920883 ], [ -111.262174, 38.92087 ], [ -111.261431, 38.919475 ], [ -111.262968, 38.917834 ], [ -111.266744, 38.912251 ], [ -111.2762, 38.898263 ], [ -111.277343, 38.896567 ], [ -111.283187, 38.887927 ], [ -111.290261, 38.877259 ], [ -111.291066, 38.87602 ], [ -111.295452, 38.869541 ], [ -111.298889, 38.864436 ], [ -111.298868, 38.859538 ], [ -111.298909, 38.814829 ], [ -111.298884, 38.803132 ], [ -111.29877, 38.789176 ], [ -111.298766, 38.788695 ], [ -111.298628, 38.771096 ], [ -111.29873, 38.763782 ], [ -111.298432, 38.751804 ], [ -111.299058, 38.744798 ], [ -111.299231, 38.730307 ], [ -111.299141, 38.717131 ], [ -111.299136, 38.67338 ], [ -111.299138, 38.672329 ], [ -111.307011, 38.672331 ], [ -111.307023, 38.640312 ], [ -111.307082, 38.630316 ], [ -111.307022, 38.596217 ], [ -111.306982, 38.58565 ], [ -111.30547, 38.58565 ], [ -111.30546, 38.580396 ], [ -111.305455, 38.567078 ], [ -111.30547, 38.562455 ], [ -111.305595, 38.542217 ], [ -111.305613, 38.534776 ], [ -111.305632, 38.526941 ], [ -111.305665, 38.510169 ], [ -111.317205, 38.51017 ], [ -111.374101, 38.510128 ], [ -111.375729, 38.510088 ], [ -111.398676, 38.510083 ], [ -111.419268, 38.510079 ], [ -111.438212, 38.510077 ], [ -111.448111, 38.510076 ], [ -111.465139, 38.510077 ], [ -111.473318, 38.510077 ], [ -111.479628, 38.510077 ], [ -111.500622, 38.510126 ], [ -111.522989, 38.510098 ], [ -111.526125, 38.510094 ], [ -111.542402, 38.510077 ], [ -111.561933, 38.510082 ], [ -111.563114, 38.510087 ], [ -111.567025, 38.510103 ], [ -111.58289, 38.51017 ], [ -111.598078, 38.510114 ], [ -111.612386, 38.510152 ], [ -111.625263, 38.510221 ], [ -111.632492, 38.510064 ], [ -111.643159, 38.510189 ], [ -111.680854, 38.510169 ], [ -111.697019, 38.510162 ], [ -111.724645, 38.510132 ], [ -111.752325, 38.510125 ], [ -111.756302, 38.510147 ], [ -111.766393, 38.502243 ], [ -111.767067, 38.502271 ], [ -111.77574, 38.502234 ], [ -111.776354, 38.50199 ], [ -111.779949, 38.502229 ], [ -111.787717, 38.502217 ], [ -111.7985, 38.50221 ], [ -111.832893, 38.502189 ], [ -111.855368, 38.502236 ], [ -111.856203, 38.502259 ], [ -111.859962, 38.50226 ], [ -111.876675, 38.502238 ], [ -111.879228, 38.502227 ], [ -111.881307, 38.502216 ], [ -111.894079, 38.502176 ], [ -111.899239, 38.502178 ], [ -111.93347, 38.502178 ], [ -111.957471, 38.502178 ], [ -111.967884, 38.502188 ], [ -111.979066, 38.502201 ], [ -112.000746, 38.502228 ], [ -112.001509, 38.501989 ], [ -112.009293, 38.501901 ], [ -112.020616, 38.501874 ], [ -112.026217, 38.501869 ], [ -112.04655, 38.501914 ], [ -112.052037, 38.502041 ], [ -112.061965, 38.50209 ], [ -112.062132, 38.51047 ], [ -112.076605, 38.51082 ], [ -112.09442, 38.511357 ], [ -112.115391, 38.511991 ], [ -112.125753, 38.51214 ], [ -112.13576, 38.512157 ], [ -112.150093, 38.512177 ], [ -112.181002, 38.512161 ], [ -112.194887, 38.512177 ], [ -112.20526, 38.512175 ], [ -112.214022, 38.51204 ], [ -112.215078, 38.512169 ], [ -112.236522, 38.512239 ], [ -112.258757, 38.512168 ], [ -112.259819, 38.512196 ], [ -112.262044, 38.512174 ], [ -112.269638, 38.512153 ], [ -112.288406, 38.511763 ], [ -112.289818, 38.511323 ], [ -112.301942, 38.511146 ], [ -112.326759, 38.510851 ], [ -112.346915, 38.510747 ], [ -112.347268, 38.510694 ], [ -112.363599, 38.510654 ], [ -112.380003, 38.510502 ], [ -112.389948, 38.510498 ], [ -112.391112, 38.510507 ], [ -112.404989, 38.510535 ], [ -112.420486, 38.510495 ], [ -112.426049, 38.51049 ], [ -112.458341, 38.510415 ], [ -112.492479, 38.510398 ], [ -112.518495, 38.510413 ], [ -112.518611, 38.508899 ], [ -112.517384, 38.506928 ], [ -112.516165, 38.503204 ], [ -112.514147, 38.502251 ], [ -112.515307, 38.501393 ], [ -112.516899, 38.501316 ], [ -112.518822, 38.500029 ], [ -112.517152, 38.497487 ], [ -112.515878, 38.494192 ], [ -112.512476, 38.492416 ], [ -112.510272, 38.48984 ], [ -112.510167, 38.488377 ], [ -112.512048, 38.485933 ], [ -112.512185, 38.485084 ], [ -112.515746, 38.484033 ], [ -112.518982, 38.481248 ], [ -112.519522, 38.479902 ], [ -112.519142, 38.478709 ], [ -112.51804, 38.47749 ], [ -112.513407, 38.475832 ], [ -112.51164, 38.47161 ], [ -112.510408, 38.469409 ], [ -112.50992, 38.467735 ], [ -112.506358, 38.467064 ], [ -112.503819, 38.465948 ], [ -112.501932, 38.466148 ], [ -112.501142, 38.465361 ], [ -112.501055, 38.463073 ], [ -112.496568, 38.457295 ], [ -112.497186, 38.455571 ], [ -112.493381, 38.451625 ], [ -112.49128, 38.452884 ], [ -112.489606, 38.45282 ], [ -112.488026, 38.451231 ], [ -112.487987, 38.449335 ], [ -112.486406, 38.448774 ], [ -112.485822, 38.449123 ], [ -112.483032, 38.448868 ], [ -112.479229, 38.448049 ], [ -112.476738, 38.445539 ], [ -112.472815, 38.443962 ], [ -112.471218, 38.441951 ], [ -112.470267, 38.440114 ], [ -112.468614, 38.439676 ], [ -112.467404, 38.439884 ], [ -112.466665, 38.438776 ], [ -112.462705, 38.436686 ], [ -112.461488, 38.436264 ], [ -112.460601, 38.434891 ], [ -112.45865, 38.43442 ], [ -112.456708, 38.432191 ], [ -112.453011, 38.429232 ], [ -112.452224, 38.427372 ], [ -112.452824, 38.425012 ], [ -112.452166, 38.423272 ], [ -112.452236, 38.421984 ], [ -112.451568, 38.419238 ], [ -112.450424, 38.41781 ], [ -112.448417, 38.412883 ], [ -112.446419, 38.410029 ], [ -112.445852, 38.407643 ], [ -112.444081, 38.405646 ], [ -112.440317, 38.403823 ], [ -112.437509, 38.403091 ], [ -112.436405, 38.402024 ], [ -112.433645, 38.401981 ], [ -112.432557, 38.403467 ], [ -112.429654, 38.404901 ], [ -112.427672, 38.405465 ], [ -112.425534, 38.406797 ], [ -112.424622, 38.40907 ], [ -112.423871, 38.409803 ], [ -112.421944, 38.410398 ], [ -112.420942, 38.411219 ], [ -112.420255, 38.414165 ], [ -112.41911, 38.416527 ], [ -112.417048, 38.419507 ], [ -112.412492, 38.419364 ], [ -112.410787, 38.418803 ], [ -112.407194, 38.416905 ], [ -112.403034, 38.415601 ], [ -112.403259, 38.41482 ], [ -112.402228, 38.412756 ], [ -112.400345, 38.408038 ], [ -112.399243, 38.406731 ], [ -112.397912, 38.406589 ], [ -112.397749, 38.404081 ], [ -112.398748, 38.403042 ], [ -112.401535, 38.402112 ], [ -112.403863, 38.400453 ], [ -112.403576, 38.398325 ], [ -112.403795, 38.394757 ], [ -112.400919, 38.392689 ], [ -112.399828, 38.391281 ], [ -112.398181, 38.388441 ], [ -112.397949, 38.386354 ], [ -112.394083, 38.383736 ], [ -112.393542, 38.382403 ], [ -112.391589, 38.380692 ], [ -112.388767, 38.379765 ], [ -112.386748, 38.379959 ], [ -112.384492, 38.379529 ], [ -112.380346, 38.379889 ], [ -112.379272, 38.379491 ], [ -112.376021, 38.37711 ], [ -112.374826, 38.37739 ], [ -112.37394, 38.376864 ], [ -112.373528, 38.375652 ], [ -112.374195, 38.374324 ], [ -112.373088, 38.372066 ], [ -112.37231, 38.371405 ], [ -112.371375, 38.369238 ], [ -112.369487, 38.36842 ], [ -112.367372, 38.367001 ], [ -112.36615, 38.365605 ], [ -112.365188, 38.363508 ], [ -112.363103, 38.36181 ], [ -112.363091, 38.360913 ], [ -112.364082, 38.359704 ], [ -112.362637, 38.356814 ], [ -112.360832, 38.354875 ], [ -112.358192, 38.353199 ], [ -112.355438, 38.352216 ], [ -112.353054, 38.350788 ], [ -112.352706, 38.349442 ], [ -112.351572, 38.348921 ], [ -112.347615, 38.349044 ], [ -112.343485, 38.347267 ], [ -112.342701, 38.345401 ], [ -112.340429, 38.343174 ], [ -112.339825, 38.341698 ], [ -112.338433, 38.340466 ], [ -112.338662, 38.3389 ], [ -112.336535, 38.334607 ], [ -112.335605, 38.33339 ], [ -112.33551, 38.332344 ], [ -112.33893, 38.330169 ], [ -112.340821, 38.325523 ], [ -112.340029, 38.32365 ], [ -112.340876, 38.322153 ], [ -112.341659, 38.319296 ], [ -112.340829, 38.317111 ], [ -112.341607, 38.314917 ], [ -112.340666, 38.313545 ], [ -112.338964, 38.313037 ], [ -112.338853, 38.311851 ], [ -112.340033, 38.310707 ], [ -112.341972, 38.309578 ], [ -112.342548, 38.308571 ], [ -112.346695, 38.306789 ], [ -112.348604, 38.304892 ], [ -112.349087, 38.302859 ], [ -112.349327, 38.299851 ], [ -112.347656, 38.297234 ], [ -112.34791, 38.295915 ], [ -112.347239, 38.294166 ], [ -112.34701, 38.291293 ], [ -112.347729, 38.289478 ], [ -112.349325, 38.284846 ], [ -112.350698, 38.281798 ], [ -112.352224, 38.279946 ], [ -112.355925, 38.276791 ], [ -112.360694, 38.274027 ], [ -112.362502, 38.272342 ], [ -112.366802, 38.265358 ], [ -112.368038, 38.260306 ], [ -112.370237, 38.25928 ], [ -112.37116, 38.257661 ], [ -112.373049, 38.257522 ], [ -112.374645, 38.25666 ], [ -112.377145, 38.254325 ], [ -112.378704, 38.252986 ], [ -112.38074, 38.250839 ], [ -112.380583, 38.247372 ], [ -112.379847, 38.244366 ], [ -112.377696, 38.242706 ], [ -112.375581, 38.242361 ], [ -112.37468, 38.2391 ], [ -112.373351, 38.239247 ], [ -112.371581, 38.238281 ], [ -112.371076, 38.237106 ], [ -112.371922, 38.236452 ], [ -112.371153, 38.23451 ], [ -112.368323, 38.23266 ], [ -112.367076, 38.231423 ], [ -112.364434, 38.228078 ], [ -112.363234, 38.227064 ], [ -112.35706, 38.224958 ], [ -112.357627, 38.224118 ], [ -112.360138, 38.221967 ], [ -112.362278, 38.218723 ], [ -112.363516, 38.21803 ], [ -112.364613, 38.216499 ], [ -112.36493, 38.215121 ], [ -112.367045, 38.215223 ], [ -112.368814, 38.214499 ], [ -112.371553, 38.212016 ], [ -112.375493, 38.210699 ], [ -112.377271, 38.210525 ], [ -112.380594, 38.211272 ], [ -112.383904, 38.210631 ], [ -112.386991, 38.208402 ], [ -112.388883, 38.207688 ], [ -112.389686, 38.206874 ], [ -112.392283, 38.205927 ], [ -112.395054, 38.205984 ], [ -112.397845, 38.19935 ], [ -112.400492, 38.198612 ], [ -112.401842, 38.196639 ], [ -112.403355, 38.196476 ], [ -112.405104, 38.195568 ], [ -112.405862, 38.194316 ], [ -112.408352, 38.193681 ], [ -112.40968, 38.192404 ], [ -112.410527, 38.188569 ], [ -112.412665, 38.188242 ], [ -112.416775, 38.185904 ], [ -112.41895, 38.184078 ], [ -112.42194, 38.183704 ], [ -112.423875, 38.181946 ], [ -112.424284, 38.180945 ], [ -112.422442, 38.173299 ], [ -112.422454, 38.170824 ], [ -112.423339, 38.170208 ], [ -112.426294, 38.166757 ], [ -112.427939, 38.166689 ], [ -112.429893, 38.165827 ], [ -112.433592, 38.164865 ], [ -112.43491, 38.163594 ], [ -112.434031, 38.16214 ], [ -112.432264, 38.156998 ], [ -112.432385, 38.154716 ], [ -112.433651, 38.153463 ], [ -112.436837, 38.153125 ], [ -112.439148, 38.152453 ], [ -112.440969, 38.15134 ], [ -112.443994, 38.151348 ], [ -112.444214, 38.150001 ], [ -112.46243, 38.150001 ], [ -112.473446, 38.148858 ], [ -112.473444, 38.147433 ], [ -112.47868, 38.147419 ], [ -112.478625, 38.120687 ], [ -112.478821, 38.108533 ], [ -112.47873, 38.084713 ], [ -112.478703, 38.049726 ], [ -112.478701, 38.047192 ], [ -112.4787, 38.045529 ], [ -112.478656, 37.999974 ], [ -112.478886, 37.991776 ], [ -112.478913, 37.986897 ], [ -112.478965, 37.977677 ], [ -112.466966, 37.977659 ], [ -112.466946, 37.965036 ], [ -112.466936, 37.956918 ], [ -112.467377, 37.933896 ], [ -112.467513, 37.926489 ], [ -112.468041, 37.897795 ], [ -112.468018, 37.897258 ], [ -112.468177, 37.890464 ], [ -112.473732, 37.890426 ], [ -112.500804, 37.890401 ], [ -112.568454, 37.890417 ], [ -112.588402, 37.890423 ], [ -112.588468, 37.882208 ], [ -112.578397, 37.882147 ], [ -112.578408, 37.880385 ], [ -112.578419, 37.874039 ], [ -112.578427, 37.868372 ], [ -112.57844, 37.861941 ], [ -112.578526, 37.816754 ], [ -112.57855, 37.80454 ], [ -112.582419, 37.804677 ], [ -112.598709, 37.805258 ], [ -112.608172, 37.805595 ], [ -112.643394, 37.806701 ], [ -112.656434, 37.806215 ], [ -112.672132, 37.80553 ], [ -112.6801, 37.805565 ], [ -112.689221, 37.80559 ], [ -112.689166, 37.780444 ], [ -112.689181, 37.756895 ], [ -112.689112, 37.745975 ], [ -112.689128, 37.728396 ], [ -112.689159, 37.726237 ], [ -112.688991, 37.717215 ], [ -112.685757, 37.717338 ], [ -112.686045, 37.706852 ], [ -112.685854, 37.694652 ], [ -112.68585, 37.693346 ], [ -112.685666, 37.687335 ], [ -112.686351, 37.659851 ], [ -112.686062, 37.653579 ], [ -112.685568, 37.642695 ], [ -112.685212, 37.632358 ], [ -112.683635, 37.631845 ], [ -112.683541, 37.617619 ], [ -112.683446, 37.596906 ], [ -112.684036, 37.57269 ], [ -112.683846, 37.549677 ], [ -112.68375, 37.543692 ], [ -112.714788, 37.543653 ], [ -112.71642, 37.543629 ], [ -112.784847, 37.543484 ], [ -112.817286, 37.543532 ], [ -112.838186, 37.543476 ], [ -112.844043, 37.543459 ], [ -112.885314, 37.543401 ], [ -112.89909, 37.543483 ], [ -112.901162, 37.543486 ], [ -112.901026, 37.519684 ], [ -112.900924, 37.500954 ], [ -112.900993, 37.500021 ], [ -112.901067, 37.475974 ], [ -112.901147, 37.449408 ], [ -112.901169, 37.442063 ], [ -112.901187, 37.434895 ], [ -112.9013, 37.396937 ], [ -112.901306, 37.395153 ], [ -112.901355, 37.380801 ], [ -112.901374, 37.37498 ], [ -112.90074, 37.371222 ], [ -112.900756, 37.369765 ], [ -112.900807, 37.361219 ], [ -112.900849, 37.354091 ], [ -112.900913, 37.343129 ], [ -112.900935, 37.339541 ], [ -112.90107, 37.316627 ], [ -112.901093, 37.312926 ], [ -112.901424, 37.296004 ], [ -112.901283, 37.281445 ], [ -112.899136, 37.281402 ], [ -112.899116, 37.267747 ], [ -112.899115, 37.266904 ], [ -112.899074, 37.25934 ], [ -112.899074, 37.22232 ], [ -112.899166, 37.181913 ], [ -112.899157, 37.151481 ], [ -112.899182, 37.141459 ], [ -112.899154, 37.123649 ], [ -112.89921, 37.107095 ], [ -112.899194, 37.092319 ], [ -112.899104, 37.081538 ], [ -112.899173, 37.078067 ], [ -112.899272, 37.029231 ], [ -112.899191, 37.000385 ], [ -112.875756, 37.000533 ], [ -112.861449, 37.000529 ], [ -112.769761, 37.000492 ], [ -112.750761, 37.000483 ], [ -112.724573, 37.000589 ], [ -112.633432, 37.000601 ], [ -112.628793, 37.000615 ], [ -112.609475, 37.000751 ], [ -112.599744, 37.000636 ], [ -112.594187, 37.000677 ], [ -112.566, 37.000685 ], [ -112.54825, 37.000811 ], [ -112.538571, 37.000758 ], [ -112.538493, 37.00076 ], [ -112.538445, 37.00076 ], [ -112.529759, 37.000772 ], [ -112.516823, 37.000796 ], [ -112.500457, 37.000878 ], [ -112.494493, 37.000824 ], [ -112.484282, 37.000944 ], [ -112.448457, 37.000962 ], [ -112.430409, 37.000974 ], [ -112.416793, 37.00098 ], [ -112.39363, 37.000994 ], [ -112.378775, 37.001008 ], [ -112.376141, 37.001009 ], [ -112.358286, 37.001031 ], [ -112.341922, 37.001035 ], [ -112.33263, 37.001048 ], [ -112.31872, 37.001044 ], [ -112.302044, 37.001053 ], [ -112.298158, 37.001229 ], [ -112.246257, 37.001198 ], [ -112.228545, 37.001124 ], [ -112.177975, 37.001136 ], [ -112.118335, 37.001098 ], [ -112.032565, 37.001096 ], [ -112.000735, 37.000959 ], [ -111.965405, 37.00102 ], [ -111.865325, 37.001172 ], [ -111.852557, 37.001087 ], [ -111.833031, 37.001123 ], [ -111.824035, 37.001209 ], [ -111.751401, 37.001234 ], [ -111.684081, 37.001351 ], [ -111.67869, 37.001355 ], [ -111.640087, 37.001388 ], [ -111.635072, 37.001392 ], [ -111.615743, 37.001446 ], [ -111.592373, 37.001416 ], [ -111.572762, 37.001511 ], [ -111.547538, 37.001555 ], [ -111.501224, 37.001566 ], [ -111.498749, 37.001615 ], [ -111.498649, 37.001613 ], [ -111.496607, 37.001585 ], [ -111.476571, 37.001578 ], [ -111.454439, 37.001573 ], [ -111.451855, 37.001573 ], [ -111.446228, 37.001576 ], [ -111.421598, 37.001531 ], [ -111.412784, 37.001503 ] ] ] ] } },
{ "type": "Feature", "properties": { "id": 59, "NAME": "59", "TotalPop": 43019, "PopDevPct": -0.01381305, "DemPct": 0.12704192, "RepPct": 0.85071836, "WhitePct": 0.87460907, "MinorityPct": 0.12539093, "BlackPct": 0.0076883, "HispanicPct": 0.07551473, "PacificPct": 0.01039223, "AsianPct": 0.00811181, "NativePct": 0.02332551, "TotalVAP": 30696, "Margin": -0.72367644, "color": "#960018", "opacity": "0.5", "DemPct2": 0.11861716, "RepPct2": 0.85608195, "Margin2": -0.73746479, "Swing": 0.01378835, "R_Margin": -0.5249673896, "R_Margin2": -0.5329176641333333, "R_Swing": 0.0079502745333333413, "Majority": "White" }, "geometry": { "type": "MultiPolygon", "coordinates": [ [ [ [ -111.879228, 38.502227 ], [ -111.876675, 38.502238 ], [ -111.859962, 38.50226 ], [ -111.856203, 38.502259 ], [ -111.855368, 38.502236 ], [ -111.832893, 38.502189 ], [ -111.7985, 38.50221 ], [ -111.787717, 38.502217 ], [ -111.779949, 38.502229 ], [ -111.776354, 38.50199 ], [ -111.77574, 38.502234 ], [ -111.767067, 38.502271 ], [ -111.766393, 38.502243 ], [ -111.756302, 38.510147 ], [ -111.752325, 38.510125 ], [ -111.724645, 38.510132 ], [ -111.697019, 38.510162 ], [ -111.680854, 38.510169 ], [ -111.643159, 38.510189 ], [ -111.632492, 38.510064 ], [ -111.625263, 38.510221 ], [ -111.612386, 38.510152 ], [ -111.598078, 38.510114 ], [ -111.58289, 38.51017 ], [ -111.567025, 38.510103 ], [ -111.563114, 38.510087 ], [ -111.561933, 38.510082 ], [ -111.542402, 38.510077 ], [ -111.526125, 38.510094 ], [ -111.522989, 38.510098 ], [ -111.500622, 38.510126 ], [ -111.479628, 38.510077 ], [ -111.473318, 38.510077 ], [ -111.465139, 38.510077 ], [ -111.448111, 38.510076 ], [ -111.438212, 38.510077 ], [ -111.419268, 38.510079 ], [ -111.398676, 38.510083 ], [ -111.375729, 38.510088 ], [ -111.374101, 38.510128 ], [ -111.317205, 38.51017 ], [ -111.305665, 38.510169 ], [ -111.305632, 38.526941 ], [ -111.305613, 38.534776 ], [ -111.305595, 38.542217 ], [ -111.30547, 38.562455 ], [ -111.305455, 38.567078 ], [ -111.30546, 38.580396 ], [ -111.30547, 38.58565 ], [ -111.306982, 38.58565 ], [ -111.307022, 38.596217 ], [ -111.307082, 38.630316 ], [ -111.307023, 38.640312 ], [ -111.307011, 38.672331 ], [ -111.299138, 38.672329 ], [ -111.299136, 38.67338 ], [ -111.299141, 38.717131 ], [ -111.299231, 38.730307 ], [ -111.299058, 38.744798 ], [ -111.298432, 38.751804 ], [ -111.29873, 38.763782 ], [ -111.298628, 38.771096 ], [ -111.298766, 38.788695 ], [ -111.29877, 38.789176 ], [ -111.298884, 38.803132 ], [ -111.298909, 38.814829 ], [ -111.298868, 38.859538 ], [ -111.298889, 38.864436 ], [ -111.298914, 38.878633 ], [ -111.298831, 38.886473 ], [ -111.298716, 38.894036 ], [ -111.298604, 38.91702 ], [ -111.298214, 38.931668 ], [ -111.298173, 38.938979 ], [ -111.298028, 38.950773 ], [ -111.29818, 38.999973 ], [ -111.298179, 39.016914 ], [ -111.298195, 39.017769 ], [ -111.299384, 39.017793 ], [ -111.29936, 39.032264 ], [ -111.29931, 39.061313 ], [ -111.299307, 39.08975 ], [ -111.299275, 39.117755 ], [ -111.299764, 39.117804 ], [ -111.299743, 39.121804 ], [ -111.299731, 39.131536 ], [ -111.299714, 39.15535 ], [ -111.29971, 39.159802 ], [ -111.299712, 39.174297 ], [ -111.299636, 39.199354 ], [ -111.299639, 39.211257 ], [ -111.299646, 39.21423 ], [ -111.299681, 39.228425 ], [ -111.299668, 39.265293 ], [ -111.299666, 39.275933 ], [ -111.299723, 39.294536 ], [ -111.300697, 39.294513 ], [ -111.300741, 39.29636 ], [ -111.300918, 39.303387 ], [ -111.30094, 39.304246 ], [ -111.301256, 39.323439 ], [ -111.301103, 39.334674 ], [ -111.301105, 39.334856 ], [ -111.300892, 39.335396 ], [ -111.300775, 39.359457 ], [ -111.300674, 39.366899 ], [ -111.300858, 39.377557 ], [ -111.300944, 39.38916 ], [ -111.301009, 39.416796 ], [ -111.30092, 39.4226 ], [ -111.310431, 39.422479 ], [ -111.312172, 39.423603 ], [ -111.315109, 39.423636 ], [ -111.316308, 39.424664 ], [ -111.319244, 39.425837 ], [ -111.32154, 39.425078 ], [ -111.322808, 39.425313 ], [ -111.323729, 39.426802 ], [ -111.326921, 39.429686 ], [ -111.329208, 39.430729 ], [ -111.330544, 39.432077 ], [ -111.33052, 39.433248 ], [ -111.331733, 39.435439 ], [ -111.333877, 39.437879 ], [ -111.336288, 39.440208 ], [ -111.339659, 39.445191 ], [ -111.341879, 39.442978 ], [ -111.343403, 39.443181 ], [ -111.344378, 39.441592 ], [ -111.344478, 39.44169 ], [ -111.34505, 39.442245 ], [ -111.346, 39.445079 ], [ -111.347375, 39.446611 ], [ -111.348255, 39.449077 ], [ -111.349567, 39.450291 ], [ -111.350616, 39.452487 ], [ -111.350179, 39.455036 ], [ -111.351321, 39.457623 ], [ -111.355772, 39.460011 ], [ -111.359075, 39.461273 ], [ -111.359699, 39.461849 ], [ -111.362091, 39.462272 ], [ -111.366135, 39.463868 ], [ -111.367574, 39.464164 ], [ -111.369297, 39.465459 ], [ -111.370114, 39.467706 ], [ -111.375056, 39.469746 ], [ -111.379275, 39.47127 ], [ -111.380869, 39.472117 ], [ -111.382209, 39.472156 ], [ -111.383492, 39.471431 ], [ -111.38777, 39.470842 ], [ -111.389552, 39.471055 ], [ -111.389785, 39.472005 ], [ -111.391046, 39.472967 ], [ -111.392524, 39.475318 ], [ -111.39544, 39.476794 ], [ -111.397356, 39.478191 ], [ -111.398652, 39.480655 ], [ -111.400383, 39.482325 ], [ -111.401375, 39.482567 ], [ -111.401495, 39.483528 ], [ -111.402806, 39.484308 ], [ -111.405108, 39.487857 ], [ -111.407241, 39.489149 ], [ -111.410367, 39.489853 ], [ -111.412888, 39.491432 ], [ -111.413134, 39.492679 ], [ -111.414328, 39.494306 ], [ -111.414931, 39.496327 ], [ -111.417445, 39.498908 ], [ -111.419854, 39.500508 ], [ -111.420882, 39.502266 ], [ -111.422347, 39.503301 ], [ -111.42252, 39.505242 ], [ -111.422848, 39.506908 ], [ -111.426636, 39.506928 ], [ -111.431003, 39.506981 ], [ -111.431593, 39.507052 ], [ -111.436653, 39.507086 ], [ -111.437354, 39.506886 ], [ -111.442847, 39.507158 ], [ -111.446365, 39.507122 ], [ -111.446556, 39.505281 ], [ -111.446648, 39.501305 ], [ -111.449668, 39.501473 ], [ -111.454712, 39.502972 ], [ -111.458343, 39.503669 ], [ -111.461166, 39.504541 ], [ -111.465766, 39.506649 ], [ -111.469528, 39.506468 ], [ -111.469697, 39.505165 ], [ -111.469421, 39.501796 ], [ -111.470268, 39.501013 ], [ -111.472717, 39.500557 ], [ -111.478527, 39.500226 ], [ -111.479245, 39.499416 ], [ -111.475032, 39.496863 ], [ -111.473479, 39.49626 ], [ -111.467756, 39.492927 ], [ -111.466374, 39.492598 ], [ -111.466399, 39.491979 ], [ -111.48337, 39.491731 ], [ -111.485207, 39.491693 ], [ -111.487974, 39.491649 ], [ -111.488894, 39.491628 ], [ -111.490654, 39.491601 ], [ -111.495511, 39.491528 ], [ -111.495532, 39.491489 ], [ -111.495836, 39.491493 ], [ -111.497527, 39.491445 ], [ -111.497428, 39.488299 ], [ -111.499622, 39.488285 ], [ -111.500007, 39.489374 ], [ -111.513889, 39.489529 ], [ -111.514449, 39.489533 ], [ -111.521463, 39.489536 ], [ -111.525851, 39.49009 ], [ -111.525833, 39.497508 ], [ -111.52606, 39.498652 ], [ -111.526252, 39.505872 ], [ -111.526657, 39.509241 ], [ -111.527046, 39.509767 ], [ -111.533897, 39.513213 ], [ -111.536355, 39.513941 ], [ -111.53862, 39.516215 ], [ -111.541581, 39.518143 ], [ -111.542011, 39.521012 ], [ -111.53956, 39.522012 ], [ -111.535482, 39.522956 ], [ -111.530701, 39.525283 ], [ -111.529763, 39.527178 ], [ -111.530543, 39.528282 ], [ -111.530109, 39.531095 ], [ -111.529229, 39.532605 ], [ -111.528193, 39.533352 ], [ -111.528724, 39.535439 ], [ -111.528667, 39.536505 ], [ -111.526971, 39.538135 ], [ -111.528006, 39.539229 ], [ -111.527302, 39.541028 ], [ -111.52735, 39.545696 ], [ -111.527362, 39.546733 ], [ -111.527566, 39.551419 ], [ -111.528377, 39.552475 ], [ -111.527583, 39.554659 ], [ -111.527894, 39.564696 ], [ -111.527573, 39.566918 ], [ -111.528199, 39.568676 ], [ -111.528066, 39.571784 ], [ -111.536115, 39.572366 ], [ -111.535087, 39.574565 ], [ -111.534943, 39.576043 ], [ -111.533676, 39.579428 ], [ -111.527969, 39.585824 ], [ -111.523697, 39.591642 ], [ -111.522689, 39.593448 ], [ -111.521874, 39.594019 ], [ -111.522355, 39.594923 ], [ -111.521858, 39.59675 ], [ -111.517975, 39.598319 ], [ -111.516723, 39.599151 ], [ -111.515519, 39.600193 ], [ -111.518944, 39.601345 ], [ -111.520904, 39.601728 ], [ -111.522219, 39.60256 ], [ -111.528213, 39.604353 ], [ -111.531532, 39.604085 ], [ -111.5327, 39.604774 ], [ -111.535767, 39.607359 ], [ -111.536866, 39.608769 ], [ -111.537271, 39.610925 ], [ -111.536505, 39.611552 ], [ -111.535573, 39.613698 ], [ -111.533226, 39.616124 ], [ -111.532845, 39.618036 ], [ -111.535309, 39.619539 ], [ -111.536674, 39.620789 ], [ -111.538497, 39.62074 ], [ -111.540367, 39.621628 ], [ -111.540489, 39.623484 ], [ -111.54045, 39.624079 ], [ -111.537872, 39.626393 ], [ -111.53859, 39.627207 ], [ -111.535576, 39.628917 ], [ -111.533836, 39.628322 ], [ -111.533714, 39.632643 ], [ -111.533463, 39.632973 ], [ -111.534653, 39.634202 ], [ -111.534309, 39.636785 ], [ -111.533723, 39.637981 ], [ -111.534676, 39.639612 ], [ -111.533165, 39.642286 ], [ -111.533974, 39.643346 ], [ -111.53334, 39.643848 ], [ -111.533882, 39.645089 ], [ -111.535904, 39.646107 ], [ -111.536003, 39.647598 ], [ -111.539017, 39.649859 ], [ -111.541084, 39.652251 ], [ -111.541518, 39.652609 ], [ -111.546348, 39.655335 ], [ -111.548958, 39.657924 ], [ -111.551239, 39.658605 ], [ -111.554083, 39.658845 ], [ -111.554888, 39.660401 ], [ -111.554388, 39.662529 ], [ -111.555205, 39.663812 ], [ -111.555548, 39.665653 ], [ -111.55527, 39.67586 ], [ -111.557449, 39.676366 ], [ -111.561562, 39.676607 ], [ -111.564911, 39.67601 ], [ -111.567452, 39.677299 ], [ -111.567314, 39.681327 ], [ -111.568702, 39.681497 ], [ -111.570587, 39.68238 ], [ -111.571136, 39.683062 ], [ -111.574776, 39.682967 ], [ -111.580467, 39.683335 ], [ -111.580406, 39.685885 ], [ -111.581963, 39.686297 ], [ -111.584648, 39.686044 ], [ -111.588562, 39.686227 ], [ -111.589737, 39.68528 ], [ -111.592865, 39.684903 ], [ -111.595032, 39.684108 ], [ -111.59774, 39.684158 ], [ -111.598794, 39.682981 ], [ -111.600098, 39.683902 ], [ -111.601036, 39.682447 ], [ -111.602114, 39.682098 ], [ -111.605835, 39.681769 ], [ -111.608192, 39.681292 ], [ -111.615067, 39.681562 ], [ -111.616791, 39.682085 ], [ -111.619645, 39.682016 ], [ -111.629119, 39.682794 ], [ -111.631585, 39.683465 ], [ -111.634453, 39.682769 ], [ -111.633735, 39.683737 ], [ -111.633079, 39.687633 ], [ -111.632042, 39.689738 ], [ -111.630501, 39.690593 ], [ -111.629464, 39.692446 ], [ -111.629815, 39.694852 ], [ -111.629776, 39.697541 ], [ -111.626795, 39.698132 ], [ -111.62382, 39.699351 ], [ -111.623189, 39.700151 ], [ -111.621743, 39.701201 ], [ -111.618408, 39.702291 ], [ -111.616043, 39.703619 ], [ -111.614281, 39.705223 ], [ -111.613993, 39.707175 ], [ -111.612233, 39.708513 ], [ -111.611326, 39.708635 ], [ -111.608687, 39.710568 ], [ -111.608, 39.710665 ], [ -111.605614, 39.712684 ], [ -111.605171, 39.714934 ], [ -111.605278, 39.717033 ], [ -111.604431, 39.718236 ], [ -111.602166, 39.720374 ], [ -111.601898, 39.725705 ], [ -111.603668, 39.726254 ], [ -111.604928, 39.727486 ], [ -111.606026, 39.727823 ], [ -111.607513, 39.729541 ], [ -111.609542, 39.72985 ], [ -111.608581, 39.732004 ], [ -111.6064, 39.733051 ], [ -111.606011, 39.734833 ], [ -111.603279, 39.73892 ], [ -111.602193, 39.739971 ], [ -111.620129, 39.739798 ], [ -111.632275, 39.739684 ], [ -111.642519, 39.739693 ], [ -111.642662, 39.732687 ], [ -111.642619, 39.725162 ], [ -111.646658, 39.725139 ], [ -111.661349, 39.725058 ], [ -111.661362, 39.717655 ], [ -111.671896, 39.717552 ], [ -111.680359, 39.717465 ], [ -111.680269, 39.710196 ], [ -111.689596, 39.71036 ], [ -111.689485, 39.695772 ], [ -111.689481, 39.695231 ], [ -111.691915, 39.695183 ], [ -111.700492, 39.695002 ], [ -111.703429, 39.694925 ], [ -111.713316, 39.694668 ], [ -111.717482, 39.69456 ], [ -111.717473, 39.665566 ], [ -111.717248, 39.665566 ], [ -111.717247, 39.653262 ], [ -111.717247, 39.63698 ], [ -111.715184, 39.63698 ], [ -111.715186, 39.617518 ], [ -111.715231, 39.607767 ], [ -111.715368, 39.586461 ], [ -111.71572, 39.550037 ], [ -111.715714, 39.548167 ], [ -111.713282, 39.548111 ], [ -111.713288, 39.542419 ], [ -111.713167, 39.533887 ], [ -111.713282, 39.527845 ], [ -111.713284, 39.518797 ], [ -111.713263, 39.512835 ], [ -111.713219, 39.505199 ], [ -111.713286, 39.493438 ], [ -111.713258, 39.476547 ], [ -111.713224, 39.460294 ], [ -111.721167, 39.460129 ], [ -111.738085, 39.460155 ], [ -111.74491, 39.460105 ], [ -111.747736, 39.460077 ], [ -111.74768, 39.444341 ], [ -111.747591, 39.437455 ], [ -111.747468, 39.423744 ], [ -111.747389, 39.41696 ], [ -111.747276, 39.403548 ], [ -111.747276, 39.403467 ], [ -111.747044, 39.38275 ], [ -111.755263, 39.38272 ], [ -111.764516, 39.382688 ], [ -111.776732, 39.38257 ], [ -111.79453, 39.382434 ], [ -111.810467, 39.382191 ], [ -111.826406, 39.382154 ], [ -111.852932, 39.381704 ], [ -111.877477, 39.381488 ], [ -111.899549, 39.38132 ], [ -111.899548, 39.381552 ], [ -111.906199, 39.381605 ], [ -111.922389, 39.381591 ], [ -111.921948, 39.374904 ], [ -111.921698, 39.366862 ], [ -111.92958, 39.366728 ], [ -111.933983, 39.366625 ], [ -111.944441, 39.366333 ], [ -111.958773, 39.366133 ], [ -111.958756, 39.362545 ], [ -111.958636, 39.356564 ], [ -111.958395, 39.350053 ], [ -111.958106, 39.336846 ], [ -111.985357, 39.336804 ], [ -112.015812, 39.336863 ], [ -112.015787, 39.323551 ], [ -112.016003, 39.314561 ], [ -112.015961, 39.306 ], [ -112.01624, 39.292572 ], [ -112.016048, 39.283335 ], [ -112.015958, 39.257082 ], [ -112.015963, 39.256426 ], [ -112.016037, 39.198051 ], [ -112.015187, 39.163471 ], [ -112.015051, 39.154559 ], [ -112.014831, 39.148835 ], [ -112.01452, 39.132617 ], [ -112.014058, 39.111033 ], [ -112.014049, 39.089536 ], [ -112.014083, 39.045518 ], [ -112.013965, 39.032067 ], [ -112.014017, 39.024282 ], [ -112.019034, 39.024207 ], [ -112.018943, 39.016223 ], [ -112.018829, 39.00626 ], [ -112.018887, 38.997058 ], [ -112.018906, 38.995902 ], [ -112.022629, 38.995865 ], [ -112.04278, 38.995702 ], [ -112.056387, 38.99568 ], [ -112.056402, 38.988368 ], [ -112.065661, 38.98843 ], [ -112.06563, 38.985359 ], [ -112.065591, 38.981689 ], [ -112.065163, 38.973795 ], [ -112.065162, 38.959302 ], [ -112.087433, 38.95932 ], [ -112.103741, 38.959302 ], [ -112.112284, 38.959301 ], [ -112.133862, 38.959302 ], [ -112.133876, 38.957182 ], [ -112.133882, 38.943572 ], [ -112.134031, 38.935453 ], [ -112.151928, 38.935473 ], [ -112.150513, 38.920059 ], [ -112.15076, 38.906509 ], [ -112.169351, 38.906132 ], [ -112.169327, 38.899908 ], [ -112.169461, 38.892104 ], [ -112.170782, 38.883589 ], [ -112.171554, 38.878616 ], [ -112.18847, 38.879447 ], [ -112.188541, 38.864787 ], [ -112.199098, 38.864982 ], [ -112.206093, 38.865112 ], [ -112.212084, 38.865013 ], [ -112.223491, 38.86482 ], [ -112.224461, 38.864803 ], [ -112.224553, 38.85556 ], [ -112.224637, 38.837514 ], [ -112.227095, 38.837504 ], [ -112.228438, 38.837508 ], [ -112.228415, 38.824646 ], [ -112.228386, 38.787221 ], [ -112.228378, 38.78228 ], [ -112.228382, 38.76419 ], [ -112.228381, 38.763987 ], [ -112.219118, 38.763987 ], [ -112.219111, 38.762039 ], [ -112.219116, 38.751251 ], [ -112.219114, 38.748976 ], [ -112.21808, 38.748987 ], [ -112.218147, 38.740198 ], [ -112.218356, 38.727361 ], [ -112.23664, 38.727104 ], [ -112.236685, 38.723266 ], [ -112.236701, 38.721807 ], [ -112.236722, 38.719859 ], [ -112.239954, 38.719812 ], [ -112.241362, 38.719785 ], [ -112.241378, 38.718468 ], [ -112.24147, 38.712524 ], [ -112.251254, 38.712372 ], [ -112.255359, 38.712306 ], [ -112.2554, 38.708633 ], [ -112.255438, 38.705047 ], [ -112.258143, 38.70505 ], [ -112.261396, 38.705053 ], [ -112.273297, 38.704999 ], [ -112.273255, 38.701353 ], [ -112.28235, 38.701527 ], [ -112.282253, 38.688718 ], [ -112.282254, 38.688634 ], [ -112.282259, 38.687057 ], [ -112.28226, 38.686874 ], [ -112.291316, 38.686961 ], [ -112.291329, 38.683298 ], [ -112.294207, 38.683315 ], [ -112.30994, 38.68341 ], [ -112.309953, 38.67629 ], [ -112.318688, 38.676124 ], [ -112.335897, 38.676274 ], [ -112.347179, 38.676259 ], [ -112.356637, 38.67674 ], [ -112.356539, 38.683855 ], [ -112.360289, 38.684 ], [ -112.365964, 38.684218 ], [ -112.372775, 38.683881 ], [ -112.384245, 38.68331 ], [ -112.401176, 38.680972 ], [ -112.4198, 38.681388 ], [ -112.424577, 38.681357 ], [ -112.447517, 38.68127 ], [ -112.447667, 38.673923 ], [ -112.466001, 38.673917 ], [ -112.466156, 38.659267 ], [ -112.475341, 38.659257 ], [ -112.475185, 38.644675 ], [ -112.484444, 38.644647 ], [ -112.484566, 38.63155 ], [ -112.484634, 38.615166 ], [ -112.484788, 38.600632 ], [ -112.503074, 38.600568 ], [ -112.503097, 38.593471 ], [ -112.503097, 38.593356 ], [ -112.503115, 38.588175 ], [ -112.503148, 38.571377 ], [ -112.51239, 38.571358 ], [ -112.515394, 38.572845 ], [ -112.515519, 38.571344 ], [ -112.518332, 38.567918 ], [ -112.518473, 38.566124 ], [ -112.517952, 38.56481 ], [ -112.517963, 38.562979 ], [ -112.517444, 38.561429 ], [ -112.516144, 38.559891 ], [ -112.515406, 38.556441 ], [ -112.516522, 38.555994 ], [ -112.517192, 38.55456 ], [ -112.516885, 38.551461 ], [ -112.517365, 38.55054 ], [ -112.51738, 38.547165 ], [ -112.517635, 38.546197 ], [ -112.517156, 38.544144 ], [ -112.51582, 38.541696 ], [ -112.516387, 38.536498 ], [ -112.515716, 38.532935 ], [ -112.515803, 38.530617 ], [ -112.517351, 38.525821 ], [ -112.519211, 38.523486 ], [ -112.522191, 38.521717 ], [ -112.521952, 38.517715 ], [ -112.519405, 38.515769 ], [ -112.519091, 38.513918 ], [ -112.51816, 38.511543 ], [ -112.518495, 38.510413 ], [ -112.492479, 38.510398 ], [ -112.458341, 38.510415 ], [ -112.426049, 38.51049 ], [ -112.420486, 38.510495 ], [ -112.404989, 38.510535 ], [ -112.391112, 38.510507 ], [ -112.389948, 38.510498 ], [ -112.380003, 38.510502 ], [ -112.363599, 38.510654 ], [ -112.347268, 38.510694 ], [ -112.346915, 38.510747 ], [ -112.326759, 38.510851 ], [ -112.301942, 38.511146 ], [ -112.289818, 38.511323 ], [ -112.288406, 38.511763 ], [ -112.269638, 38.512153 ], [ -112.262044, 38.512174 ], [ -112.259819, 38.512196 ], [ -112.258757, 38.512168 ], [ -112.236522, 38.512239 ], [ -112.215078, 38.512169 ], [ -112.214022, 38.51204 ], [ -112.20526, 38.512175 ], [ -112.194887, 38.512177 ], [ -112.181002, 38.512161 ], [ -112.150093, 38.512177 ], [ -112.13576, 38.512157 ], [ -112.125753, 38.51214 ], [ -112.115391, 38.511991 ], [ -112.09442, 38.511357 ], [ -112.076605, 38.51082 ], [ -112.062132, 38.51047 ], [ -112.061965, 38.50209 ], [ -112.052037, 38.502041 ], [ -112.04655, 38.501914 ], [ -112.026217, 38.501869 ], [ -112.020616, 38.501874 ], [ -112.009293, 38.501901 ], [ -112.001509, 38.501989 ], [ -112.000746, 38.502228 ], [ -111.979066, 38.502201 ], [ -111.967884, 38.502188 ], [ -111.957471, 38.502178 ], [ -111.93347, 38.502178 ], [ -111.899239, 38.502178 ], [ -111.894079, 38.502176 ], [ -111.881307, 38.502216 ], [ -111.879228, 38.502227 ] ] ] ] } },
{ "type": "Feature", "properties": { "id": 60, "NAME": "60", "TotalPop": 43798, "PopDevPct": 0.0040451, "DemPct": 0.2038282, "RepPct": 0.77493256, "WhitePct": 0.87963201, "MinorityPct": 0.12036799, "BlackPct": 0.00530751, "HispanicPct": 0.07646037, "PacificPct": 0.00340968, "AsianPct": 0.00891019, "NativePct": 0.02473623, "TotalVAP": 31088, "Margin": -0.57110436, "color": "#960018", "opacity": "0.5", "DemPct2": 0.19739405, "RepPct2": 0.773857, "Margin2": -0.57646295, "Swing": 0.0053585900000000519, "R_Margin": -0.3723953096, "R_Margin2": -0.37191582413333335, "R_Swing": -0.00047948546666661158, "Majority": "White" }, "geometry": { "type": "MultiPolygon", "coordinates": [ [ [ [ -110.497362, 39.469633 ], [ -110.448034, 39.469467 ], [ -110.429855, 39.469423 ], [ -110.42097, 39.469336 ], [ -110.408611, 39.469252 ], [ -110.396343, 39.469264 ], [ -110.389924, 39.469251 ], [ -110.381905, 39.469277 ], [ -110.345389, 39.46926 ], [ -110.336061, 39.469273 ], [ -110.31495, 39.469439 ], [ -110.305723, 39.469458 ], [ -110.303659, 39.46947 ], [ -110.294614, 39.469472 ], [ -110.239037, 39.469435 ], [ -110.205282, 39.469387 ], [ -110.158842, 39.469266 ], [ -110.066139, 39.469257 ], [ -110.024118, 39.469269 ], [ -110.023963, 39.469268 ], [ -110.021225, 39.47125 ], [ -110.021212, 39.472214 ], [ -110.023834, 39.474259 ], [ -110.024592, 39.477018 ], [ -110.02352, 39.479275 ], [ -110.017207, 39.483756 ], [ -110.015669, 39.485185 ], [ -110.014685, 39.488923 ], [ -110.014593, 39.491607 ], [ -110.017053, 39.494895 ], [ -110.018052, 39.497311 ], [ -110.020949, 39.498559 ], [ -110.022282, 39.499965 ], [ -110.023303, 39.503284 ], [ -110.022905, 39.505292 ], [ -110.024973, 39.51028 ], [ -110.025302, 39.511819 ], [ -110.025266, 39.51975 ], [ -110.025757, 39.521876 ], [ -110.027083, 39.523893 ], [ -110.029978, 39.524043 ], [ -110.031813, 39.523459 ], [ -110.035747, 39.523307 ], [ -110.039579, 39.52492 ], [ -110.040386, 39.527088 ], [ -110.043152, 39.529612 ], [ -110.047352, 39.532247 ], [ -110.04823, 39.53315 ], [ -110.047609, 39.534384 ], [ -110.044148, 39.535572 ], [ -110.041794, 39.53584 ], [ -110.039752, 39.535697 ], [ -110.035707, 39.536228 ], [ -110.03284, 39.536998 ], [ -110.029993, 39.539305 ], [ -110.029449, 39.540732 ], [ -110.030552, 39.543032 ], [ -110.028271, 39.547338 ], [ -110.028129, 39.548473 ], [ -110.028631, 39.550679 ], [ -110.028437, 39.553361 ], [ -110.029728, 39.55559 ], [ -110.033223, 39.558532 ], [ -110.037089, 39.560129 ], [ -110.037826, 39.561923 ], [ -110.037253, 39.562951 ], [ -110.037952, 39.566667 ], [ -110.037569, 39.568093 ], [ -110.036315, 39.569867 ], [ -110.034887, 39.573422 ], [ -110.032312, 39.576123 ], [ -110.031974, 39.577193 ], [ -110.030923, 39.577797 ], [ -110.026944, 39.57816 ], [ -110.025299, 39.579874 ], [ -110.023654, 39.580746 ], [ -110.02198, 39.580838 ], [ -110.020543, 39.583165 ], [ -110.019019, 39.584766 ], [ -110.018713, 39.586371 ], [ -110.019163, 39.58766 ], [ -110.021076, 39.590033 ], [ -110.022011, 39.590603 ], [ -110.02498, 39.5912 ], [ -110.026909, 39.592642 ], [ -110.027233, 39.593631 ], [ -110.029398, 39.596374 ], [ -110.028978, 39.600651 ], [ -110.027461, 39.601322 ], [ -110.024979, 39.603178 ], [ -110.024265, 39.605411 ], [ -110.023131, 39.606677 ], [ -110.018696, 39.608412 ], [ -110.018063, 39.609581 ], [ -110.017639, 39.61211 ], [ -110.016435, 39.613844 ], [ -110.013661, 39.615063 ], [ -110.012965, 39.616393 ], [ -110.012988, 39.617625 ], [ -110.012252, 39.620276 ], [ -110.012112, 39.623018 ], [ -110.011303, 39.624962 ], [ -110.008824, 39.625986 ], [ -110.004349, 39.624895 ], [ -110.00238, 39.624964 ], [ -109.997538, 39.626037 ], [ -109.998003, 39.627864 ], [ -110.000503, 39.630064 ], [ -110.000703, 39.630712 ], [ -110.003349, 39.632619 ], [ -110.008792, 39.635884 ], [ -110.010914, 39.636574 ], [ -110.011706, 39.637814 ], [ -110.011699, 39.639925 ], [ -110.010888, 39.645308 ], [ -110.010531, 39.646471 ], [ -110.009331, 39.647254 ], [ -110.004885, 39.647644 ], [ -110.000298, 39.645878 ], [ -109.997912, 39.645919 ], [ -109.995988, 39.646629 ], [ -109.993427, 39.649414 ], [ -109.992424, 39.651558 ], [ -109.990372, 39.653497 ], [ -109.988182, 39.654915 ], [ -109.987237, 39.65656 ], [ -109.986928, 39.658184 ], [ -109.987358, 39.66074 ], [ -109.984302, 39.664128 ], [ -109.984611, 39.665507 ], [ -109.987554, 39.675647 ], [ -109.985782, 39.678019 ], [ -109.985065, 39.67964 ], [ -109.986433, 39.682697 ], [ -109.989412, 39.684498 ], [ -110.000704, 39.683364 ], [ -110.001278, 39.682693 ], [ -110.003931, 39.68269 ], [ -110.004848, 39.683704 ], [ -110.00509, 39.685493 ], [ -110.004532, 39.687475 ], [ -110.001617, 39.68942 ], [ -109.997988, 39.690225 ], [ -109.995676, 39.691592 ], [ -109.994268, 39.69331 ], [ -109.992942, 39.697934 ], [ -109.993737, 39.701433 ], [ -109.993741, 39.70278 ], [ -109.98988, 39.704509 ], [ -109.984427, 39.705056 ], [ -109.978748, 39.704128 ], [ -109.974808, 39.704989 ], [ -109.972357, 39.706102 ], [ -109.97105, 39.708158 ], [ -109.970776, 39.710329 ], [ -109.977557, 39.71499 ], [ -109.979496, 39.717184 ], [ -109.980564, 39.719158 ], [ -109.981462, 39.723157 ], [ -109.984142, 39.726266 ], [ -109.988668, 39.728438 ], [ -109.991893, 39.729756 ], [ -109.993317, 39.731828 ], [ -109.993372, 39.735766 ], [ -109.992865, 39.737325 ], [ -109.991588, 39.739237 ], [ -109.986831, 39.741003 ], [ -109.971564, 39.742856 ], [ -109.966769, 39.742737 ], [ -109.963644, 39.74091 ], [ -109.961865, 39.738925 ], [ -109.960558, 39.735301 ], [ -109.962143, 39.725885 ], [ -109.960631, 39.723441 ], [ -109.952734, 39.719591 ], [ -109.949807, 39.719684 ], [ -109.948204, 39.723052 ], [ -109.954087, 39.730089 ], [ -109.954342, 39.731767 ], [ -109.954114, 39.733874 ], [ -109.953549, 39.734968 ], [ -109.951412, 39.736985 ], [ -109.950172, 39.737546 ], [ -109.948163, 39.739202 ], [ -109.945737, 39.744074 ], [ -109.945268, 39.745746 ], [ -109.945452, 39.749419 ], [ -109.945076, 39.749952 ], [ -109.942695, 39.750664 ], [ -109.939776, 39.749962 ], [ -109.938668, 39.749114 ], [ -109.933381, 39.74734 ], [ -109.930371, 39.748144 ], [ -109.929301, 39.749964 ], [ -109.928916, 39.754163 ], [ -109.927873, 39.757342 ], [ -109.926693, 39.764406 ], [ -109.924957, 39.76769 ], [ -109.921323, 39.772608 ], [ -109.920811, 39.774141 ], [ -109.922374, 39.77763 ], [ -109.922349, 39.780345 ], [ -109.923497, 39.784032 ], [ -109.926694, 39.787412 ], [ -109.929139, 39.790752 ], [ -109.930202, 39.796037 ], [ -109.927464, 39.798467 ], [ -109.923739, 39.799806 ], [ -109.921874, 39.79954 ], [ -109.920761, 39.798269 ], [ -109.919933, 39.796337 ], [ -109.919243, 39.792646 ], [ -109.919823, 39.788011 ], [ -109.91922, 39.786194 ], [ -109.909633, 39.784633 ], [ -109.902726, 39.787644 ], [ -109.899739, 39.788579 ], [ -109.8972, 39.788884 ], [ -109.893169, 39.788612 ], [ -109.889797, 39.787856 ], [ -109.889183, 39.787364 ], [ -109.883233, 39.784124 ], [ -109.879954, 39.783228 ], [ -109.877586, 39.783174 ], [ -109.875699, 39.784011 ], [ -109.873899, 39.786138 ], [ -109.874065, 39.788162 ], [ -109.874621, 39.789739 ], [ -109.876912, 39.792577 ], [ -109.8783, 39.793735 ], [ -109.880507, 39.794741 ], [ -109.886073, 39.79596 ], [ -109.890855, 39.797754 ], [ -109.892475, 39.799099 ], [ -109.893259, 39.800331 ], [ -109.893069, 39.801818 ], [ -109.891838, 39.803157 ], [ -109.889971, 39.803833 ], [ -109.887482, 39.804171 ], [ -109.884576, 39.80508 ], [ -109.88308, 39.806236 ], [ -109.88408, 39.806236 ], [ -109.925259, 39.806232 ], [ -109.933673, 39.806228 ], [ -109.951053, 39.806208 ], [ -109.976814, 39.80623 ], [ -110.063317, 39.806295 ], [ -110.077375, 39.806308 ], [ -110.1313, 39.806425 ], [ -110.173042, 39.806464 ], [ -110.211774, 39.80632 ], [ -110.221275, 39.8067 ], [ -110.231893, 39.806762 ], [ -110.240244, 39.806842 ], [ -110.250612, 39.806775 ], [ -110.276763, 39.806699 ], [ -110.300879, 39.806685 ], [ -110.331181, 39.806734 ], [ -110.341825, 39.806738 ], [ -110.357406, 39.806847 ], [ -110.361648, 39.806897 ], [ -110.404096, 39.80674 ], [ -110.498316, 39.806667 ], [ -110.518198, 39.806719 ], [ -110.518195, 39.811641 ], [ -110.536973, 39.811757 ], [ -110.55882, 39.81194 ], [ -110.606103, 39.81239 ], [ -110.6301, 39.81251 ], [ -110.686339, 39.812452 ], [ -110.722179, 39.812425 ], [ -110.740481, 39.812406 ], [ -110.751988, 39.812559 ], [ -110.78006, 39.812758 ], [ -110.801178, 39.812994 ], [ -110.814521, 39.813028 ], [ -110.839214, 39.813221 ], [ -110.85778, 39.813285 ], [ -110.85778, 39.849365 ], [ -110.857767, 39.870408 ], [ -110.857693, 39.888431 ], [ -110.857647, 39.899707 ], [ -110.890787, 39.899655 ], [ -110.891655, 39.899654 ], [ -110.891649, 39.899145 ], [ -110.904718, 39.899217 ], [ -110.958818, 39.899514 ], [ -110.959904, 39.899518 ], [ -110.989458, 39.899632 ], [ -110.998824, 39.899666 ], [ -111.016255, 39.899715 ], [ -111.026754, 39.899735 ], [ -111.054241, 39.899781 ], [ -111.056109, 39.899784 ], [ -111.064118, 39.899797 ], [ -111.082455, 39.900155 ], [ -111.082774, 39.914547 ], [ -111.082991, 39.928486 ], [ -111.083061, 39.943198 ], [ -111.092574, 39.943082 ], [ -111.11145, 39.943343 ], [ -111.118422, 39.943484 ], [ -111.119064, 39.944961 ], [ -111.12159, 39.945619 ], [ -111.126253, 39.945436 ], [ -111.12821, 39.946952 ], [ -111.130158, 39.946932 ], [ -111.131296, 39.947396 ], [ -111.131641, 39.948969 ], [ -111.129963, 39.950301 ], [ -111.129219, 39.951472 ], [ -111.123414, 39.954635 ], [ -111.122074, 39.956342 ], [ -111.120221, 39.957077 ], [ -111.120893, 39.959713 ], [ -111.118211, 39.961423 ], [ -111.118107, 39.961914 ], [ -111.119261, 39.964817 ], [ -111.118843, 39.966838 ], [ -111.119271, 39.968156 ], [ -111.123678, 39.970346 ], [ -111.126403, 39.970553 ], [ -111.129663, 39.97048 ], [ -111.130011, 39.972861 ], [ -111.133134, 39.973675 ], [ -111.135129, 39.976264 ], [ -111.135194, 39.976886 ], [ -111.133705, 39.978319 ], [ -111.13414, 39.979329 ], [ -111.136162, 39.981176 ], [ -111.137242, 39.981499 ], [ -111.138846, 39.982822 ], [ -111.141403, 39.984082 ], [ -111.143047, 39.986988 ], [ -111.144464, 39.986642 ], [ -111.146675, 39.985343 ], [ -111.152196, 39.985059 ], [ -111.15597, 39.988871 ], [ -111.156516, 39.990008 ], [ -111.158988, 39.991578 ], [ -111.161146, 39.991901 ], [ -111.163176, 39.990629 ], [ -111.16546, 39.989966 ], [ -111.167664, 39.99059 ], [ -111.167437, 39.992752 ], [ -111.16914, 39.995759 ], [ -111.169149, 39.998513 ], [ -111.169867, 40.00021 ], [ -111.168896, 40.001271 ], [ -111.167908, 40.003385 ], [ -111.169158, 40.003988 ], [ -111.16936, 40.00662 ], [ -111.170772, 40.007703 ], [ -111.171555, 40.010585 ], [ -111.17248, 40.011478 ], [ -111.174751, 40.012174 ], [ -111.175564, 40.014214 ], [ -111.176913, 40.016034 ], [ -111.18608, 40.019655 ], [ -111.189593, 40.023077 ], [ -111.190473, 40.026071 ], [ -111.191319, 40.027539 ], [ -111.191118, 40.02872 ], [ -111.19186, 40.030137 ], [ -111.194861, 40.031598 ], [ -111.197708, 40.031179 ], [ -111.197981, 40.033181 ], [ -111.199955, 40.035632 ], [ -111.200306, 40.037195 ], [ -111.19899, 40.040041 ], [ -111.200237, 40.040898 ], [ -111.200583, 40.042015 ], [ -111.203907, 40.04614 ], [ -111.20383, 40.049298 ], [ -111.205772, 40.047368 ], [ -111.212414, 40.044476 ], [ -111.213724, 40.042851 ], [ -111.217997, 40.042452 ], [ -111.220376, 40.040859 ], [ -111.222501, 40.040709 ], [ -111.223458, 40.040104 ], [ -111.223514, 40.038222 ], [ -111.223611, 40.038029 ], [ -111.22366, 40.037944 ], [ -111.22375, 40.037865 ], [ -111.225609, 40.036041 ], [ -111.226705, 40.035693 ], [ -111.231874, 40.037353 ], [ -111.233294, 40.037121 ], [ -111.235903, 40.038 ], [ -111.236736, 40.038704 ], [ -111.237982, 40.038568 ], [ -111.240202, 40.042704 ], [ -111.244089, 40.045273 ], [ -111.246207, 40.047466 ], [ -111.246292, 40.051776 ], [ -111.246999, 40.053687 ], [ -111.249339, 40.055217 ], [ -111.247494, 40.058483 ], [ -111.245981, 40.060064 ], [ -111.244026, 40.061251 ], [ -111.241685, 40.062987 ], [ -111.241636, 40.064587 ], [ -111.240777, 40.066223 ], [ -111.237815, 40.068274 ], [ -111.236058, 40.069113 ], [ -111.237906, 40.072145 ], [ -111.240355, 40.073062 ], [ -111.24058, 40.074613 ], [ -111.238689, 40.077464 ], [ -111.238007, 40.080551 ], [ -111.239214, 40.082062 ], [ -111.240261, 40.084117 ], [ -111.242361, 40.085893 ], [ -111.241909, 40.090148 ], [ -111.241459, 40.091818 ], [ -111.239138, 40.093278 ], [ -111.238174, 40.094472 ], [ -111.237183, 40.094769 ], [ -111.235135, 40.09831 ], [ -111.234272, 40.101464 ], [ -111.234698, 40.104191 ], [ -111.229854, 40.106848 ], [ -111.229133, 40.108635 ], [ -111.229313, 40.109535 ], [ -111.227775, 40.111611 ], [ -111.227, 40.113512 ], [ -111.226914, 40.114914 ], [ -111.226128, 40.116926 ], [ -111.225413, 40.119993 ], [ -111.223362, 40.120972 ], [ -111.222879, 40.122009 ], [ -111.223277, 40.123293 ], [ -111.221447, 40.124543 ], [ -111.222274, 40.126026 ], [ -111.222041, 40.12723 ], [ -111.22182, 40.128034 ], [ -111.222786, 40.129577 ], [ -111.223067, 40.132067 ], [ -111.224122, 40.133127 ], [ -111.224117, 40.135871 ], [ -111.223843, 40.13741 ], [ -111.223627, 40.138286 ], [ -111.22428, 40.139848 ], [ -111.225535, 40.14133 ], [ -111.224856, 40.142512 ], [ -111.225821, 40.144618 ], [ -111.228263, 40.144836 ], [ -111.23291, 40.146666 ], [ -111.234239, 40.147871 ], [ -111.234359, 40.150299 ], [ -111.231454, 40.152852 ], [ -111.231377, 40.154497 ], [ -111.231033, 40.155224 ], [ -111.235511, 40.153782 ], [ -111.237236, 40.153908 ], [ -111.239359, 40.154896 ], [ -111.24206, 40.1567 ], [ -111.243317, 40.156642 ], [ -111.246109, 40.157632 ], [ -111.248963, 40.157911 ], [ -111.250275, 40.157468 ], [ -111.248604, 40.158141 ], [ -111.247805, 40.15932 ], [ -111.246473, 40.158918 ], [ -111.244441, 40.15958 ], [ -111.240883, 40.159165 ], [ -111.238931, 40.159271 ], [ -111.242444, 40.160247 ], [ -111.243524, 40.161705 ], [ -111.245022, 40.162209 ], [ -111.243488, 40.163361 ], [ -111.245018, 40.163617 ], [ -111.247943, 40.161601 ], [ -111.249762, 40.162147 ], [ -111.249685, 40.164289 ], [ -111.252161, 40.163387 ], [ -111.254047, 40.163607 ], [ -111.254995, 40.164577 ], [ -111.255028, 40.16582 ], [ -111.256773, 40.165168 ], [ -111.254883, 40.168567 ], [ -111.25514, 40.169301 ], [ -111.257345, 40.167056 ], [ -111.261776, 40.16519 ], [ -111.26514, 40.16319 ], [ -111.268659, 40.161916 ], [ -111.270371, 40.163275 ], [ -111.275225, 40.164224 ], [ -111.275724, 40.16458 ], [ -111.276942, 40.163515 ], [ -111.281113, 40.162497 ], [ -111.283253, 40.161712 ], [ -111.28394, 40.160628 ], [ -111.288296, 40.16038 ], [ -111.293939, 40.158397 ], [ -111.295815, 40.15722 ], [ -111.296197, 40.158174 ], [ -111.298214, 40.156707 ], [ -111.298846, 40.155152 ], [ -111.301642, 40.156181 ], [ -111.301129, 40.153658 ], [ -111.303226, 40.153513 ], [ -111.306288, 40.154798 ], [ -111.308661, 40.154664 ], [ -111.309262, 40.157189 ], [ -111.308053, 40.158797 ], [ -111.309048, 40.159573 ], [ -111.310313, 40.157801 ], [ -111.311032, 40.157573 ], [ -111.312383, 40.155837 ], [ -111.314804, 40.154384 ], [ -111.319018, 40.152798 ], [ -111.321982, 40.153888 ], [ -111.32379, 40.153828 ], [ -111.325094, 40.154987 ], [ -111.327021, 40.154819 ], [ -111.327918, 40.155356 ], [ -111.330727, 40.154682 ], [ -111.331407, 40.154931 ], [ -111.329349, 40.156048 ], [ -111.328725, 40.157105 ], [ -111.328596, 40.163206 ], [ -111.330501, 40.166341 ], [ -111.330579, 40.168557 ], [ -111.330159, 40.169833 ], [ -111.330576, 40.173808 ], [ -111.330033, 40.174953 ], [ -111.329364, 40.178197 ], [ -111.330236, 40.179392 ], [ -111.332577, 40.184457 ], [ -111.334715, 40.186549 ], [ -111.335767, 40.186961 ], [ -111.339008, 40.188834 ], [ -111.34126, 40.191679 ], [ -111.343307, 40.193267 ], [ -111.344044, 40.191595 ], [ -111.344398, 40.190228 ], [ -111.345901, 40.187148 ], [ -111.348779, 40.185958 ], [ -111.350011, 40.185868 ], [ -111.351652, 40.187205 ], [ -111.352971, 40.187321 ], [ -111.354726, 40.188447 ], [ -111.355622, 40.189666 ], [ -111.357314, 40.189043 ], [ -111.358481, 40.187995 ], [ -111.359996, 40.187749 ], [ -111.362388, 40.188137 ], [ -111.363124, 40.189435 ], [ -111.364353, 40.190393 ], [ -111.365763, 40.190122 ], [ -111.366761, 40.190848 ], [ -111.366469, 40.189107 ], [ -111.365757, 40.188629 ], [ -111.365401, 40.187041 ], [ -111.368193, 40.189375 ], [ -111.370803, 40.189903 ], [ -111.375112, 40.191733 ], [ -111.376797, 40.193237 ], [ -111.377452, 40.193067 ], [ -111.380649, 40.193885 ], [ -111.382307, 40.195857 ], [ -111.384138, 40.194755 ], [ -111.382791, 40.193844 ], [ -111.383166, 40.19305 ], [ -111.382037, 40.191934 ], [ -111.385334, 40.192482 ], [ -111.384601, 40.191624 ], [ -111.385634, 40.191307 ], [ -111.387397, 40.19128 ], [ -111.389329, 40.190111 ], [ -111.389161, 40.191219 ], [ -111.39026, 40.192354 ], [ -111.39357, 40.192466 ], [ -111.393333, 40.191932 ], [ -111.394713, 40.191122 ], [ -111.394412, 40.189402 ], [ -111.397452, 40.190776 ], [ -111.397091, 40.191539 ], [ -111.398235, 40.192618 ], [ -111.401224, 40.190284 ], [ -111.402244, 40.190348 ], [ -111.404382, 40.189478 ], [ -111.40755, 40.189976 ], [ -111.406927, 40.188552 ], [ -111.409495, 40.189135 ], [ -111.409532, 40.187438 ], [ -111.410221, 40.186709 ], [ -111.40986, 40.183074 ], [ -111.410387, 40.1813 ], [ -111.409471, 40.179588 ], [ -111.409704, 40.178404 ], [ -111.410894, 40.178574 ], [ -111.409891, 40.176483 ], [ -111.409994, 40.174788 ], [ -111.410611, 40.173048 ], [ -111.412992, 40.17219 ], [ -111.411322, 40.170745 ], [ -111.408165, 40.170006 ], [ -111.408724, 40.168774 ], [ -111.418422, 40.167494 ], [ -111.419788, 40.166958 ], [ -111.438012, 40.152001 ], [ -111.445032, 40.147169 ], [ -111.446413, 40.146077 ], [ -111.447193, 40.143773 ], [ -111.44684, 40.140549 ], [ -111.447876, 40.138477 ], [ -111.45416, 40.136044 ], [ -111.4569, 40.13565 ], [ -111.45854, 40.132643 ], [ -111.460943, 40.129891 ], [ -111.462749, 40.124956 ], [ -111.465637, 40.12148 ], [ -111.466606, 40.121442 ], [ -111.46899, 40.12258 ], [ -111.469999, 40.122415 ], [ -111.47086, 40.120945 ], [ -111.471949, 40.120209 ], [ -111.47334, 40.120385 ], [ -111.474315, 40.11939 ], [ -111.478606, 40.118549 ], [ -111.480619, 40.117065 ], [ -111.483046, 40.117732 ], [ -111.484821, 40.120579 ], [ -111.484706, 40.122173 ], [ -111.485968, 40.124182 ], [ -111.485974, 40.122977 ], [ -111.490439, 40.127395 ], [ -111.492359, 40.129597 ], [ -111.495381, 40.130208 ], [ -111.497919, 40.12994 ], [ -111.498753, 40.130658 ], [ -111.50048, 40.130843 ], [ -111.503721, 40.133162 ], [ -111.506389, 40.133907 ], [ -111.509577, 40.13363 ], [ -111.511265, 40.134087 ], [ -111.515643, 40.13646 ], [ -111.51702, 40.136818 ], [ -111.521094, 40.136914 ], [ -111.523479, 40.135493 ], [ -111.524392, 40.133704 ], [ -111.52592, 40.132268 ], [ -111.527989, 40.131715 ], [ -111.529602, 40.132192 ], [ -111.534818, 40.132288 ], [ -111.536736, 40.131922 ], [ -111.537524, 40.13124 ], [ -111.541537, 40.130918 ], [ -111.546412, 40.131255 ], [ -111.549129, 40.131657 ], [ -111.550006, 40.131073 ], [ -111.551844, 40.130836 ], [ -111.552519, 40.130212 ], [ -111.556352, 40.130656 ], [ -111.556352, 40.130584 ], [ -111.557831, 40.130583 ], [ -111.560779, 40.130478 ], [ -111.561734, 40.130472 ], [ -111.564479, 40.130454 ], [ -111.569347, 40.130446 ], [ -111.571959, 40.130442 ], [ -111.575276, 40.130438 ], [ -111.578837, 40.130431 ], [ -111.578832, 40.134106 ], [ -111.57883, 40.135403 ], [ -111.57883, 40.136157 ], [ -111.578828, 40.137119 ], [ -111.578827, 40.138115 ], [ -111.578769, 40.141308 ], [ -111.578749, 40.142123 ], [ -111.578729, 40.143169 ], [ -111.578719, 40.144908 ], [ -111.582234, 40.144867 ], [ -111.58462, 40.144856 ], [ -111.58709, 40.144845 ], [ -111.588278, 40.14484 ], [ -111.589427, 40.144834 ], [ -111.591009, 40.144826 ], [ -111.592584, 40.144816 ], [ -111.593261, 40.144811 ], [ -111.598027, 40.144782 ], [ -111.599442, 40.144774 ], [ -111.599931, 40.144772 ], [ -111.601933, 40.144759 ], [ -111.602788, 40.144754 ], [ -111.602525, 40.144281 ], [ -111.600048, 40.141201 ], [ -111.600277, 40.139265 ], [ -111.602637, 40.139256 ], [ -111.602622, 40.137817 ], [ -111.602585, 40.137538 ], [ -111.607306, 40.137451 ], [ -111.607292, 40.135558 ], [ -111.607287, 40.133794 ], [ -111.608769, 40.133779 ], [ -111.608761, 40.132943 ], [ -111.609841, 40.132177 ], [ -111.609856, 40.131812 ], [ -111.612352, 40.131808 ], [ -111.612381, 40.133616 ], [ -111.613395, 40.133638 ], [ -111.613495, 40.133641 ], [ -111.614852, 40.131878 ], [ -111.615477, 40.129969 ], [ -111.614871, 40.127307 ], [ -111.614256, 40.126406 ], [ -111.610743, 40.121534 ], [ -111.609399, 40.119595 ], [ -111.606579, 40.115528 ], [ -111.60138, 40.108091 ], [ -111.597246, 40.102102 ], [ -111.593894, 40.097366 ], [ -111.593569, 40.097325 ], [ -111.591215, 40.093485 ], [ -111.590305, 40.090757 ], [ -111.58991, 40.087519 ], [ -111.59013, 40.087468 ], [ -111.589606, 40.084349 ], [ -111.588719, 40.082721 ], [ -111.587317, 40.082404 ], [ -111.587452, 40.082106 ], [ -111.586158, 40.081382 ], [ -111.584239, 40.079354 ], [ -111.580193, 40.074968 ], [ -111.57714, 40.071721 ], [ -111.578022, 40.071721 ], [ -111.575743, 40.06895 ], [ -111.574704, 40.066549 ], [ -111.575802, 40.066313 ], [ -111.576625, 40.067618 ], [ -111.578798, 40.068753 ], [ -111.583625, 40.069664 ], [ -111.585769, 40.070327 ], [ -111.586613, 40.071182 ], [ -111.584498, 40.071208 ], [ -111.584826, 40.073375 ], [ -111.587311, 40.072993 ], [ -111.588356, 40.074037 ], [ -111.592433, 40.075453 ], [ -111.592542, 40.079079 ], [ -111.594551, 40.079069 ], [ -111.597335, 40.079053 ], [ -111.597294, 40.078515 ], [ -111.597225, 40.071219 ], [ -111.597588, 40.064254 ], [ -111.60224, 40.064229 ], [ -111.602032, 40.068002 ], [ -111.605495, 40.068031 ], [ -111.606688, 40.067973 ], [ -111.606496, 40.071534 ], [ -111.606689, 40.077208 ], [ -111.606703, 40.077705 ], [ -111.607904, 40.076986 ], [ -111.608331, 40.076297 ], [ -111.60883, 40.076152 ], [ -111.609314, 40.075746 ], [ -111.610369, 40.075144 ], [ -111.611609, 40.074012 ], [ -111.611737, 40.073652 ], [ -111.612449, 40.073453 ], [ -111.614502, 40.07235 ], [ -111.615637, 40.071939 ], [ -111.616125, 40.071532 ], [ -111.617012, 40.07065 ], [ -111.61761, 40.069843 ], [ -111.618444, 40.068953 ], [ -111.619108, 40.068434 ], [ -111.620231, 40.067345 ], [ -111.620837, 40.066919 ], [ -111.621081, 40.06657 ], [ -111.621701, 40.066042 ], [ -111.621987, 40.065585 ], [ -111.62297, 40.065021 ], [ -111.623903, 40.063856 ], [ -111.625838, 40.062564 ], [ -111.626153, 40.062183 ], [ -111.626573, 40.062002 ], [ -111.62706, 40.061297 ], [ -111.627652, 40.060972 ], [ -111.627749, 40.060479 ], [ -111.628251, 40.059852 ], [ -111.628527, 40.059061 ], [ -111.628678, 40.058208 ], [ -111.629831, 40.056482 ], [ -111.630191, 40.056448 ], [ -111.630877, 40.056073 ], [ -111.630759, 40.05583 ], [ -111.629522, 40.05442 ], [ -111.62901, 40.050471 ], [ -111.62822, 40.04908 ], [ -111.630611, 40.048519 ], [ -111.63342, 40.044701 ], [ -111.633995, 40.043419 ], [ -111.633972, 40.042216 ], [ -111.633936, 40.039428 ], [ -111.630336, 40.039404 ], [ -111.630323, 40.038184 ], [ -111.63185, 40.038862 ], [ -111.634852, 40.03841 ], [ -111.634952, 40.034126 ], [ -111.639596, 40.034146 ], [ -111.63949, 40.027634 ], [ -111.635404, 40.027498 ], [ -111.635407, 40.026109 ], [ -111.634693, 40.026111 ], [ -111.634719, 40.012993 ], [ -111.636136, 40.012991 ], [ -111.636196, 40.011572 ], [ -111.63984, 40.011567 ], [ -111.644961, 40.00472 ], [ -111.646579, 40.002634 ], [ -111.646468, 39.995363 ], [ -111.653428, 39.995331 ], [ -111.653479, 39.998601 ], [ -111.656803, 39.998538 ], [ -111.656278, 39.983868 ], [ -111.659899, 39.983702 ], [ -111.660256, 39.993666 ], [ -111.669476, 39.993486 ], [ -111.672161, 39.993434 ], [ -111.672201, 39.994616 ], [ -111.68465, 39.994547 ], [ -111.684702, 39.998155 ], [ -111.686584, 39.998154 ], [ -111.689293, 39.99814 ], [ -111.689693, 40.000153 ], [ -111.690878, 40.000861 ], [ -111.691173, 40.001033 ], [ -111.691223, 39.998129 ], [ -111.700495, 39.998001 ], [ -111.700506, 39.99812 ], [ -111.701167, 39.998111 ], [ -111.700078, 39.996711 ], [ -111.699119, 39.991896 ], [ -111.699223, 39.990878 ], [ -111.701711, 39.990924 ], [ -111.713664, 39.990879 ], [ -111.726867, 39.990889 ], [ -111.737427, 39.990561 ], [ -111.739052, 39.990496 ], [ -111.739051, 39.990329 ], [ -111.743634, 39.990286 ], [ -111.743632, 39.99015 ], [ -111.743567, 39.983063 ], [ -111.745342, 39.983052 ], [ -111.748877, 39.983093 ], [ -111.748911, 39.980687 ], [ -111.759661, 39.980763 ], [ -111.759537, 39.982866 ], [ -111.762609, 39.982838 ], [ -111.762513, 39.976591 ], [ -111.762499, 39.975674 ], [ -111.757745, 39.975704 ], [ -111.757703, 39.971315 ], [ -111.757677, 39.968498 ], [ -111.760612, 39.968486 ], [ -111.764951, 39.968377 ], [ -111.767209, 39.968412 ], [ -111.767137, 39.964864 ], [ -111.76713, 39.964532 ], [ -111.767635, 39.964437 ], [ -111.77136, 39.964388 ], [ -111.772771, 39.965218 ], [ -111.776571, 39.965172 ], [ -111.776547, 39.964534 ], [ -111.776463, 39.960531 ], [ -111.77648, 39.960367 ], [ -111.776476, 39.958859 ], [ -111.771809, 39.958108 ], [ -111.771775, 39.953802 ], [ -111.774106, 39.953753 ], [ -111.776544, 39.953701 ], [ -111.776566, 39.957205 ], [ -111.779254, 39.957241 ], [ -111.781302, 39.957199 ], [ -111.781303, 39.953592 ], [ -111.785481, 39.953501 ], [ -111.785479, 39.953186 ], [ -111.785479, 39.953087 ], [ -111.800597, 39.952842 ], [ -111.801013, 39.952837 ], [ -111.802768, 39.950719 ], [ -111.80964, 39.942436 ], [ -111.811116, 39.939738 ], [ -111.810708, 39.939533 ], [ -111.808499, 39.938349 ], [ -111.806724, 39.936536 ], [ -111.804969, 39.934631 ], [ -111.803221, 39.934241 ], [ -111.80169, 39.933191 ], [ -111.799369, 39.932219 ], [ -111.797521, 39.932106 ], [ -111.794837, 39.931159 ], [ -111.793897, 39.930256 ], [ -111.792184, 39.927316 ], [ -111.788792, 39.925967 ], [ -111.787102, 39.923665 ], [ -111.786362, 39.921706 ], [ -111.78682, 39.920198 ], [ -111.786731, 39.918485 ], [ -111.786873, 39.91803 ], [ -111.786902, 39.917968 ], [ -111.787019, 39.917713 ], [ -111.787147, 39.91732 ], [ -111.787289, 39.91708 ], [ -111.787354, 39.916984 ], [ -111.787384, 39.916912 ], [ -111.787486, 39.916789 ], [ -111.787667, 39.916587 ], [ -111.789097, 39.915328 ], [ -111.787862, 39.914372 ], [ -111.787223, 39.912844 ], [ -111.78702, 39.90926 ], [ -111.784771, 39.908519 ], [ -111.783878, 39.907705 ], [ -111.78215, 39.907478 ], [ -111.782039, 39.905928 ], [ -111.78269, 39.905551 ], [ -111.782999, 39.903909 ], [ -111.780846, 39.900824 ], [ -111.777799, 39.89925 ], [ -111.774579, 39.899341 ], [ -111.773882, 39.89887 ], [ -111.770243, 39.898264 ], [ -111.768658, 39.898324 ], [ -111.765162, 39.896311 ], [ -111.761686, 39.893692 ], [ -111.761115, 39.891998 ], [ -111.757889, 39.890413 ], [ -111.756925, 39.888811 ], [ -111.758427, 39.88787 ], [ -111.760629, 39.884905 ], [ -111.761006, 39.883642 ], [ -111.759224, 39.88192 ], [ -111.758325, 39.880515 ], [ -111.758342, 39.878765 ], [ -111.757836, 39.876596 ], [ -111.756592, 39.875303 ], [ -111.751944, 39.873867 ], [ -111.750984, 39.871582 ], [ -111.747971, 39.870523 ], [ -111.74677, 39.869101 ], [ -111.739833, 39.86567 ], [ -111.73793, 39.8641 ], [ -111.738013, 39.862658 ], [ -111.736823, 39.860608 ], [ -111.736656, 39.859231 ], [ -111.73562, 39.858337 ], [ -111.734582, 39.856471 ], [ -111.734178, 39.853895 ], [ -111.735447, 39.852595 ], [ -111.736947, 39.852133 ], [ -111.737596, 39.851318 ], [ -111.74275, 39.851316 ], [ -111.746573, 39.850067 ], [ -111.746941, 39.84668 ], [ -111.748481, 39.843921 ], [ -111.748989, 39.842451 ], [ -111.750189, 39.840837 ], [ -111.749052, 39.835356 ], [ -111.748373, 39.834135 ], [ -111.748822, 39.833018 ], [ -111.750713, 39.831068 ], [ -111.753671, 39.829415 ], [ -111.755885, 39.82753 ], [ -111.758588, 39.824356 ], [ -111.761263, 39.820061 ], [ -111.763987, 39.816784 ], [ -111.764138, 39.815093 ], [ -111.765478, 39.812758 ], [ -111.766357, 39.810564 ], [ -111.756834, 39.811756 ], [ -111.754665, 39.812266 ], [ -111.731466, 39.812282 ], [ -111.723871, 39.812296 ], [ -111.723819, 39.812296 ], [ -111.696256, 39.812376 ], [ -111.676246, 39.812484 ], [ -111.660798, 39.812606 ], [ -111.641944, 39.812869 ], [ -111.642057, 39.798314 ], [ -111.629729, 39.798406 ], [ -111.622123, 39.798483 ], [ -111.622514, 39.783816 ], [ -111.603604, 39.784274 ], [ -111.597659, 39.784255 ], [ -111.584858, 39.784235 ], [ -111.584857, 39.770293 ], [ -111.584754, 39.740141 ], [ -111.590202, 39.740087 ], [ -111.602193, 39.739971 ], [ -111.603279, 39.73892 ], [ -111.606011, 39.734833 ], [ -111.6064, 39.733051 ], [ -111.608581, 39.732004 ], [ -111.609542, 39.72985 ], [ -111.607513, 39.729541 ], [ -111.606026, 39.727823 ], [ -111.604928, 39.727486 ], [ -111.603668, 39.726254 ], [ -111.601898, 39.725705 ], [ -111.602166, 39.720374 ], [ -111.604431, 39.718236 ], [ -111.605278, 39.717033 ], [ -111.605171, 39.714934 ], [ -111.605614, 39.712684 ], [ -111.608, 39.710665 ], [ -111.608687, 39.710568 ], [ -111.611326, 39.708635 ], [ -111.612233, 39.708513 ], [ -111.613993, 39.707175 ], [ -111.614281, 39.705223 ], [ -111.616043, 39.703619 ], [ -111.618408, 39.702291 ], [ -111.621743, 39.701201 ], [ -111.623189, 39.700151 ], [ -111.62382, 39.699351 ], [ -111.626795, 39.698132 ], [ -111.629776, 39.697541 ], [ -111.629815, 39.694852 ], [ -111.629464, 39.692446 ], [ -111.630501, 39.690593 ], [ -111.632042, 39.689738 ], [ -111.633079, 39.687633 ], [ -111.633735, 39.683737 ], [ -111.634453, 39.682769 ], [ -111.631585, 39.683465 ], [ -111.629119, 39.682794 ], [ -111.619645, 39.682016 ], [ -111.616791, 39.682085 ], [ -111.615067, 39.681562 ], [ -111.608192, 39.681292 ], [ -111.605835, 39.681769 ], [ -111.602114, 39.682098 ], [ -111.601036, 39.682447 ], [ -111.600098, 39.683902 ], [ -111.598794, 39.682981 ], [ -111.59774, 39.684158 ], [ -111.595032, 39.684108 ], [ -111.592865, 39.684903 ], [ -111.589737, 39.68528 ], [ -111.588562, 39.686227 ], [ -111.584648, 39.686044 ], [ -111.581963, 39.686297 ], [ -111.580406, 39.685885 ], [ -111.580467, 39.683335 ], [ -111.574776, 39.682967 ], [ -111.571136, 39.683062 ], [ -111.570587, 39.68238 ], [ -111.568702, 39.681497 ], [ -111.567314, 39.681327 ], [ -111.567452, 39.677299 ], [ -111.564911, 39.67601 ], [ -111.561562, 39.676607 ], [ -111.557449, 39.676366 ], [ -111.55527, 39.67586 ], [ -111.555548, 39.665653 ], [ -111.555205, 39.663812 ], [ -111.554388, 39.662529 ], [ -111.554888, 39.660401 ], [ -111.554083, 39.658845 ], [ -111.551239, 39.658605 ], [ -111.548958, 39.657924 ], [ -111.546348, 39.655335 ], [ -111.541518, 39.652609 ], [ -111.541084, 39.652251 ], [ -111.539017, 39.649859 ], [ -111.536003, 39.647598 ], [ -111.535904, 39.646107 ], [ -111.533882, 39.645089 ], [ -111.53334, 39.643848 ], [ -111.533974, 39.643346 ], [ -111.533165, 39.642286 ], [ -111.534676, 39.639612 ], [ -111.533723, 39.637981 ], [ -111.534309, 39.636785 ], [ -111.534653, 39.634202 ], [ -111.533463, 39.632973 ], [ -111.533714, 39.632643 ], [ -111.533836, 39.628322 ], [ -111.535576, 39.628917 ], [ -111.53859, 39.627207 ], [ -111.537872, 39.626393 ], [ -111.54045, 39.624079 ], [ -111.540489, 39.623484 ], [ -111.540367, 39.621628 ], [ -111.538497, 39.62074 ], [ -111.536674, 39.620789 ], [ -111.535309, 39.619539 ], [ -111.532845, 39.618036 ], [ -111.533226, 39.616124 ], [ -111.535573, 39.613698 ], [ -111.536505, 39.611552 ], [ -111.537271, 39.610925 ], [ -111.536866, 39.608769 ], [ -111.535767, 39.607359 ], [ -111.5327, 39.604774 ], [ -111.531532, 39.604085 ], [ -111.528213, 39.604353 ], [ -111.522219, 39.60256 ], [ -111.520904, 39.601728 ], [ -111.518944, 39.601345 ], [ -111.515519, 39.600193 ], [ -111.516723, 39.599151 ], [ -111.517975, 39.598319 ], [ -111.521858, 39.59675 ], [ -111.522355, 39.594923 ], [ -111.521874, 39.594019 ], [ -111.522689, 39.593448 ], [ -111.523697, 39.591642 ], [ -111.527969, 39.585824 ], [ -111.533676, 39.579428 ], [ -111.534943, 39.576043 ], [ -111.535087, 39.574565 ], [ -111.536115, 39.572366 ], [ -111.528066, 39.571784 ], [ -111.528199, 39.568676 ], [ -111.527573, 39.566918 ], [ -111.527894, 39.564696 ], [ -111.527583, 39.554659 ], [ -111.528377, 39.552475 ], [ -111.527566, 39.551419 ], [ -111.527362, 39.546733 ], [ -111.52735, 39.545696 ], [ -111.527302, 39.541028 ], [ -111.528006, 39.539229 ], [ -111.526971, 39.538135 ], [ -111.528667, 39.536505 ], [ -111.528724, 39.535439 ], [ -111.528193, 39.533352 ], [ -111.529229, 39.532605 ], [ -111.530109, 39.531095 ], [ -111.530543, 39.528282 ], [ -111.529763, 39.527178 ], [ -111.530701, 39.525283 ], [ -111.535482, 39.522956 ], [ -111.53956, 39.522012 ], [ -111.542011, 39.521012 ], [ -111.541581, 39.518143 ], [ -111.53862, 39.516215 ], [ -111.536355, 39.513941 ], [ -111.533897, 39.513213 ], [ -111.527046, 39.509767 ], [ -111.526657, 39.509241 ], [ -111.526252, 39.505872 ], [ -111.52606, 39.498652 ], [ -111.525833, 39.497508 ], [ -111.525851, 39.49009 ], [ -111.521463, 39.489536 ], [ -111.514449, 39.489533 ], [ -111.513889, 39.489529 ], [ -111.500007, 39.489374 ], [ -111.499622, 39.488285 ], [ -111.497428, 39.488299 ], [ -111.497527, 39.491445 ], [ -111.495836, 39.491493 ], [ -111.495532, 39.491489 ], [ -111.495511, 39.491528 ], [ -111.490654, 39.491601 ], [ -111.488894, 39.491628 ], [ -111.487974, 39.491649 ], [ -111.485207, 39.491693 ], [ -111.48337, 39.491731 ], [ -111.466399, 39.491979 ], [ -111.466374, 39.492598 ], [ -111.467756, 39.492927 ], [ -111.473479, 39.49626 ], [ -111.475032, 39.496863 ], [ -111.479245, 39.499416 ], [ -111.478527, 39.500226 ], [ -111.472717, 39.500557 ], [ -111.470268, 39.501013 ], [ -111.469421, 39.501796 ], [ -111.469697, 39.505165 ], [ -111.469528, 39.506468 ], [ -111.465766, 39.506649 ], [ -111.461166, 39.504541 ], [ -111.458343, 39.503669 ], [ -111.454712, 39.502972 ], [ -111.449668, 39.501473 ], [ -111.446648, 39.501305 ], [ -111.446556, 39.505281 ], [ -111.446365, 39.507122 ], [ -111.442847, 39.507158 ], [ -111.437354, 39.506886 ], [ -111.436653, 39.507086 ], [ -111.431593, 39.507052 ], [ -111.431003, 39.506981 ], [ -111.426636, 39.506928 ], [ -111.422848, 39.506908 ], [ -111.42252, 39.505242 ], [ -111.422347, 39.503301 ], [ -111.420882, 39.502266 ], [ -111.419854, 39.500508 ], [ -111.417445, 39.498908 ], [ -111.414931, 39.496327 ], [ -111.414328, 39.494306 ], [ -111.413134, 39.492679 ], [ -111.412888, 39.491432 ], [ -111.410367, 39.489853 ], [ -111.407241, 39.489149 ], [ -111.405108, 39.487857 ], [ -111.402806, 39.484308 ], [ -111.401495, 39.483528 ], [ -111.401375, 39.482567 ], [ -111.400383, 39.482325 ], [ -111.398652, 39.480655 ], [ -111.397356, 39.478191 ], [ -111.39544, 39.476794 ], [ -111.392524, 39.475318 ], [ -111.391046, 39.472967 ], [ -111.389785, 39.472005 ], [ -111.389552, 39.471055 ], [ -111.38777, 39.470842 ], [ -111.383492, 39.471431 ], [ -111.382209, 39.472156 ], [ -111.380869, 39.472117 ], [ -111.379275, 39.47127 ], [ -111.375056, 39.469746 ], [ -111.370114, 39.467706 ], [ -111.369297, 39.465459 ], [ -111.367574, 39.464164 ], [ -111.366135, 39.463868 ], [ -111.362091, 39.462272 ], [ -111.359699, 39.461849 ], [ -111.359075, 39.461273 ], [ -111.355772, 39.460011 ], [ -111.351321, 39.457623 ], [ -111.350179, 39.455036 ], [ -111.350616, 39.452487 ], [ -111.349567, 39.450291 ], [ -111.348255, 39.449077 ], [ -111.347375, 39.446611 ], [ -111.346, 39.445079 ], [ -111.34505, 39.442245 ], [ -111.344478, 39.44169 ], [ -111.344378, 39.441592 ], [ -111.343403, 39.443181 ], [ -111.341879, 39.442978 ], [ -111.339659, 39.445191 ], [ -111.336288, 39.440208 ], [ -111.333877, 39.437879 ], [ -111.331733, 39.435439 ], [ -111.33052, 39.433248 ], [ -111.330544, 39.432077 ], [ -111.329208, 39.430729 ], [ -111.326921, 39.429686 ], [ -111.323729, 39.426802 ], [ -111.322808, 39.425313 ], [ -111.32154, 39.425078 ], [ -111.319244, 39.425837 ], [ -111.316308, 39.424664 ], [ -111.315109, 39.423636 ], [ -111.312172, 39.423603 ], [ -111.310431, 39.422479 ], [ -111.30092, 39.4226 ], [ -111.301009, 39.416796 ], [ -111.300944, 39.38916 ], [ -111.300858, 39.377557 ], [ -111.300674, 39.366899 ], [ -111.300775, 39.359457 ], [ -111.300892, 39.335396 ], [ -111.301105, 39.334856 ], [ -111.301103, 39.334674 ], [ -111.301256, 39.323439 ], [ -111.30094, 39.304246 ], [ -111.300918, 39.303387 ], [ -111.300741, 39.29636 ], [ -111.300697, 39.294513 ], [ -111.299723, 39.294536 ], [ -111.299666, 39.275933 ], [ -111.299668, 39.265293 ], [ -111.299681, 39.228425 ], [ -111.299646, 39.21423 ], [ -111.299639, 39.211257 ], [ -111.299636, 39.199354 ], [ -111.299712, 39.174297 ], [ -111.29971, 39.159802 ], [ -111.299714, 39.15535 ], [ -111.299731, 39.131536 ], [ -111.299743, 39.121804 ], [ -111.299764, 39.117804 ], [ -111.299275, 39.117755 ], [ -111.299307, 39.08975 ], [ -111.29931, 39.061313 ], [ -111.29936, 39.032264 ], [ -111.299384, 39.017793 ], [ -111.298195, 39.017769 ], [ -111.298179, 39.016914 ], [ -111.29818, 38.999973 ], [ -111.298028, 38.950773 ], [ -111.298173, 38.938979 ], [ -111.298214, 38.931668 ], [ -111.298604, 38.91702 ], [ -111.298716, 38.894036 ], [ -111.298831, 38.886473 ], [ -111.298914, 38.878633 ], [ -111.298889, 38.864436 ], [ -111.295452, 38.869541 ], [ -111.291066, 38.87602 ], [ -111.290261, 38.877259 ], [ -111.283187, 38.887927 ], [ -111.277343, 38.896567 ], [ -111.2762, 38.898263 ], [ -111.266744, 38.912251 ], [ -111.262968, 38.917834 ], [ -111.261431, 38.919475 ], [ -111.262174, 38.92087 ], [ -111.261795, 38.920883 ], [ -111.261834, 38.924508 ], [ -111.261765, 38.924508 ], [ -111.259531, 38.924509 ], [ -111.259478, 38.920846 ], [ -111.259443, 38.91821 ], [ -111.257139, 38.918213 ], [ -111.257151, 38.917271 ], [ -111.254789, 38.917274 ], [ -111.25479, 38.916405 ], [ -111.252432, 38.91641 ], [ -111.243163, 38.916424 ], [ -111.241952, 38.916425 ], [ -111.242003, 38.920628 ], [ -111.240265, 38.920669 ], [ -111.240248, 38.921603 ], [ -111.241932, 38.923019 ], [ -111.24194, 38.923668 ], [ -111.238502, 38.923695 ], [ -111.238511, 38.924553 ], [ -111.240913, 38.924536 ], [ -111.23862, 38.926555 ], [ -111.236676, 38.928175 ], [ -111.223063, 38.939439 ], [ -111.214012, 38.947048 ], [ -111.205336, 38.954113 ], [ -111.200139, 38.95844 ], [ -111.190633, 38.965176 ], [ -111.181906, 38.971176 ], [ -111.178721, 38.973624 ], [ -111.176822, 38.975948 ], [ -111.167635, 38.992072 ], [ -111.164807, 38.995968 ], [ -111.161379, 38.999647 ], [ -111.153636, 39.007804 ], [ -111.149458, 39.011948 ], [ -111.139478, 39.020622 ], [ -111.1369, 39.022818 ], [ -111.134649, 39.022383 ], [ -111.133811, 39.021586 ], [ -111.131586, 39.022183 ], [ -111.12967, 39.021902 ], [ -111.127277, 39.020841 ], [ -111.123882, 39.020797 ], [ -111.122692, 39.020188 ], [ -111.121918, 39.020551 ], [ -111.116078, 39.017983 ], [ -111.113297, 39.018165 ], [ -111.111699, 39.018886 ], [ -111.110017, 39.020869 ], [ -111.1082, 39.021205 ], [ -111.106764, 39.020711 ], [ -111.104081, 39.021921 ], [ -111.10199, 39.021707 ], [ -111.098694, 39.021912 ], [ -111.096666, 39.020676 ], [ -111.093841, 39.019897 ], [ -111.092658, 39.020051 ], [ -111.091116, 39.018434 ], [ -111.090186, 39.018711 ], [ -111.088398, 39.01819 ], [ -111.087686, 39.018481 ], [ -111.084109, 39.018015 ], [ -111.083954, 39.017279 ], [ -111.081151, 39.016659 ], [ -111.081053, 39.017313 ], [ -111.077229, 39.016599 ], [ -111.076821, 39.01728 ], [ -111.075525, 39.01678 ], [ -111.072835, 39.016929 ], [ -111.072568, 39.017434 ], [ -111.070443, 39.016185 ], [ -111.069448, 39.015446 ], [ -111.06754, 39.014897 ], [ -111.064343, 39.016193 ], [ -111.064907, 39.019039 ], [ -111.064062, 39.019725 ], [ -111.063027, 39.019072 ], [ -111.062315, 39.019901 ], [ -111.061083, 39.019995 ], [ -111.059998, 39.021099 ], [ -111.057977, 39.021857 ], [ -111.057496, 39.023161 ], [ -111.055562, 39.02423 ], [ -111.055794, 39.025636 ], [ -111.055189, 39.026021 ], [ -111.054054, 39.025784 ], [ -111.051618, 39.027932 ], [ -111.050357, 39.027641 ], [ -111.049322, 39.02808 ], [ -111.049004, 39.029799 ], [ -111.048265, 39.030585 ], [ -111.045595, 39.030343 ], [ -111.043567, 39.029453 ], [ -111.042313, 39.030705 ], [ -111.040673, 39.029831 ], [ -111.039257, 39.030715 ], [ -111.038342, 39.029166 ], [ -111.036814, 39.028605 ], [ -111.034666, 39.02889 ], [ -111.033088, 39.027726 ], [ -111.03175, 39.027939 ], [ -111.0311, 39.027311 ], [ -111.029546, 39.026906 ], [ -111.029024, 39.028603 ], [ -111.027546, 39.028499 ], [ -111.026792, 39.029602 ], [ -111.025369, 39.029498 ], [ -111.02594, 39.028938 ], [ -111.025187, 39.02796 ], [ -111.023214, 39.028393 ], [ -111.021778, 39.027788 ], [ -111.021003, 39.029101 ], [ -111.018876, 39.029045 ], [ -111.016636, 39.029928 ], [ -111.014756, 39.029362 ], [ -111.014524, 39.02823 ], [ -111.013122, 39.028416 ], [ -111.012965, 39.031229 ], [ -111.012022, 39.030421 ], [ -111.009917, 39.030272 ], [ -111.010395, 39.031195 ], [ -111.00952, 39.032579 ], [ -111.007464, 39.03221 ], [ -111.005958, 39.030709 ], [ -111.005966, 39.030127 ], [ -111.004333, 39.029088 ], [ -111.002957, 39.031252 ], [ -111.000984, 39.0323 ], [ -110.999393, 39.033998 ], [ -110.995274, 39.036142 ], [ -110.993336, 39.034929 ], [ -110.992118, 39.035397 ], [ -110.992219, 39.038495 ], [ -110.991001, 39.039353 ], [ -110.992531, 39.041066 ], [ -110.990144, 39.041836 ], [ -110.989277, 39.041298 ], [ -110.98596, 39.041827 ], [ -110.98486, 39.041058 ], [ -110.982234, 39.042449 ], [ -110.983098, 39.043535 ], [ -110.986458, 39.044447 ], [ -110.990231, 39.045847 ], [ -110.994862, 39.050199 ], [ -110.997417, 39.051546 ], [ -110.995223, 39.052624 ], [ -110.994221, 39.054076 ], [ -110.994424, 39.054871 ], [ -111.000574, 39.057686 ], [ -111.004265, 39.05843 ], [ -111.006556, 39.05927 ], [ -111.011474, 39.062069 ], [ -111.006545, 39.062974 ], [ -111.004041, 39.062399 ], [ -110.9956, 39.062824 ], [ -110.991947, 39.063828 ], [ -110.991261, 39.064963 ], [ -110.990835, 39.066929 ], [ -110.988767, 39.068816 ], [ -110.985433, 39.071173 ], [ -110.983312, 39.072173 ], [ -110.981584, 39.074949 ], [ -110.97911, 39.076088 ], [ -110.975932, 39.076601 ], [ -110.975442, 39.077244 ], [ -110.976664, 39.079464 ], [ -110.978207, 39.079983 ], [ -110.980291, 39.081898 ], [ -110.980811, 39.08313 ], [ -110.980445, 39.083937 ], [ -110.981477, 39.085822 ], [ -110.981296, 39.087132 ], [ -110.979903, 39.088275 ], [ -110.978956, 39.091321 ], [ -110.977689, 39.092567 ], [ -110.977998, 39.093235 ], [ -110.97713, 39.094424 ], [ -110.977033, 39.096113 ], [ -110.974599, 39.098097 ], [ -110.973454, 39.097797 ], [ -110.972825, 39.098505 ], [ -110.97336, 39.099388 ], [ -110.971582, 39.10263 ], [ -110.972657, 39.10343 ], [ -110.971436, 39.104458 ], [ -110.97098, 39.106704 ], [ -110.972891, 39.106818 ], [ -110.973362, 39.107311 ], [ -110.976051, 39.106205 ], [ -110.979772, 39.107507 ], [ -110.980798, 39.108699 ], [ -110.981959, 39.109042 ], [ -110.982742, 39.110227 ], [ -110.984031, 39.10907 ], [ -110.985157, 39.110309 ], [ -110.984088, 39.111459 ], [ -110.985552, 39.112773 ], [ -110.987474, 39.113327 ], [ -110.988145, 39.114721 ], [ -110.986714, 39.11498 ], [ -110.985629, 39.116156 ], [ -110.985151, 39.11759 ], [ -110.983621, 39.118574 ], [ -110.983001, 39.119793 ], [ -110.982332, 39.12081 ], [ -110.980125, 39.122063 ], [ -110.979596, 39.120871 ], [ -110.978821, 39.123019 ], [ -110.976748, 39.123366 ], [ -110.976599, 39.121564 ], [ -110.975055, 39.122636 ], [ -110.975197, 39.124174 ], [ -110.97416, 39.123746 ], [ -110.971713, 39.123747 ], [ -110.971488, 39.12535 ], [ -110.969563, 39.125664 ], [ -110.970197, 39.12434 ], [ -110.969174, 39.124198 ], [ -110.968738, 39.125131 ], [ -110.967659, 39.12522 ], [ -110.967674, 39.126741 ], [ -110.961961, 39.125979 ], [ -110.963089, 39.126775 ], [ -110.962885, 39.127737 ], [ -110.960981, 39.126105 ], [ -110.960205, 39.127232 ], [ -110.961228, 39.127122 ], [ -110.962202, 39.129115 ], [ -110.960375, 39.128973 ], [ -110.960234, 39.128308 ], [ -110.958428, 39.127309 ], [ -110.956221, 39.128556 ], [ -110.955677, 39.126815 ], [ -110.954464, 39.127183 ], [ -110.954429, 39.127897 ], [ -110.952793, 39.12748 ], [ -110.952504, 39.128864 ], [ -110.949549, 39.128469 ], [ -110.948928, 39.1292 ], [ -110.949859, 39.129799 ], [ -110.947871, 39.129837 ], [ -110.946446, 39.13187 ], [ -110.945035, 39.131238 ], [ -110.94438, 39.131551 ], [ -110.946277, 39.132628 ], [ -110.946044, 39.133913 ], [ -110.944443, 39.133996 ], [ -110.945254, 39.132749 ], [ -110.944168, 39.132765 ], [ -110.94086, 39.135617 ], [ -110.93909, 39.135232 ], [ -110.937884, 39.1366 ], [ -110.936748, 39.136166 ], [ -110.935859, 39.137374 ], [ -110.93325, 39.137644 ], [ -110.932749, 39.138577 ], [ -110.931458, 39.139055 ], [ -110.933285, 39.139061 ], [ -110.933017, 39.140099 ], [ -110.931585, 39.140242 ], [ -110.929194, 39.139 ], [ -110.92683, 39.140313 ], [ -110.92786, 39.140615 ], [ -110.926929, 39.141461 ], [ -110.924834, 39.140428 ], [ -110.92549, 39.141241 ], [ -110.923938, 39.142653 ], [ -110.923296, 39.142449 ], [ -110.923987, 39.141191 ], [ -110.923042, 39.140461 ], [ -110.921977, 39.14196 ], [ -110.919381, 39.143608 ], [ -110.917815, 39.142921 ], [ -110.917835, 39.144668 ], [ -110.916693, 39.143717 ], [ -110.916072, 39.145019 ], [ -110.913673, 39.144837 ], [ -110.913672, 39.147414 ], [ -110.914357, 39.147787 ], [ -110.913171, 39.149155 ], [ -110.911541, 39.150456 ], [ -110.910455, 39.149852 ], [ -110.910249, 39.150841 ], [ -110.91154, 39.152571 ], [ -110.910693, 39.15339 ], [ -110.911419, 39.154785 ], [ -110.911139, 39.156779 ], [ -110.910502, 39.156887 ], [ -110.912513, 39.15814 ], [ -110.911802, 39.158756 ], [ -110.910963, 39.157828 ], [ -110.910729, 39.158914 ], [ -110.911572, 39.158986 ], [ -110.911001, 39.160415 ], [ -110.913111, 39.160009 ], [ -110.912475, 39.161536 ], [ -110.912926, 39.16269 ], [ -110.915078, 39.163042 ], [ -110.916073, 39.162427 ], [ -110.917957, 39.16424 ], [ -110.919869, 39.164976 ], [ -110.918316, 39.165245 ], [ -110.917279, 39.166355 ], [ -110.916101, 39.165228 ], [ -110.91471, 39.165931 ], [ -110.915239, 39.166404 ], [ -110.91411, 39.167118 ], [ -110.914978, 39.168519 ], [ -110.914526, 39.169579 ], [ -110.915577, 39.169661 ], [ -110.915294, 39.170947 ], [ -110.917249, 39.171678 ], [ -110.918251, 39.170887 ], [ -110.920178, 39.170502 ], [ -110.920594, 39.172024 ], [ -110.921603, 39.172535 ], [ -110.921342, 39.173524 ], [ -110.919944, 39.17448 ], [ -110.918293, 39.174397 ], [ -110.917657, 39.17582 ], [ -110.916655, 39.175786 ], [ -110.917396, 39.176803 ], [ -110.916393, 39.177764 ], [ -110.918263, 39.1785 ], [ -110.917804, 39.17939 ], [ -110.918404, 39.180725 ], [ -110.920232, 39.180231 ], [ -110.922307, 39.181797 ], [ -110.924035, 39.187328 ], [ -110.923265, 39.187164 ], [ -110.921818, 39.187971 ], [ -110.92167, 39.188844 ], [ -110.920145, 39.188476 ], [ -110.920717, 39.189805 ], [ -110.919594, 39.189448 ], [ -110.919685, 39.191563 ], [ -110.918266, 39.192777 ], [ -110.917877, 39.195018 ], [ -110.91667, 39.195397 ], [ -110.917241, 39.196616 ], [ -110.91614, 39.196534 ], [ -110.914735, 39.198528 ], [ -110.913916, 39.198786 ], [ -110.913986, 39.199923 ], [ -110.912609, 39.200296 ], [ -110.913689, 39.201082 ], [ -110.911959, 39.20207 ], [ -110.912678, 39.20407 ], [ -110.913491, 39.203142 ], [ -110.914592, 39.203361 ], [ -110.914704, 39.204971 ], [ -110.916477, 39.20457 ], [ -110.917698, 39.205735 ], [ -110.91702, 39.206493 ], [ -110.918368, 39.20707 ], [ -110.917633, 39.208899 ], [ -110.915437, 39.20897 ], [ -110.916348, 39.209701 ], [ -110.91579, 39.211096 ], [ -110.916693, 39.211717 ], [ -110.91634, 39.213194 ], [ -110.916862, 39.213881 ], [ -110.915535, 39.214249 ], [ -110.915266, 39.216432 ], [ -110.91314, 39.216975 ], [ -110.908121, 39.216671 ], [ -110.896888, 39.213437 ], [ -110.895418, 39.212509 ], [ -110.894287, 39.211941 ], [ -110.889879, 39.211431 ], [ -110.887526, 39.210315 ], [ -110.883396, 39.208903 ], [ -110.879121, 39.209933 ], [ -110.874986, 39.208606 ], [ -110.874091, 39.208549 ], [ -110.868313, 39.209163 ], [ -110.866514, 39.20911 ], [ -110.864863, 39.208517 ], [ -110.863611, 39.207438 ], [ -110.862531, 39.205091 ], [ -110.861056, 39.202766 ], [ -110.858112, 39.200337 ], [ -110.856404, 39.199504 ], [ -110.85495, 39.198074 ], [ -110.853432, 39.197264 ], [ -110.848301, 39.196708 ], [ -110.844498, 39.196546 ], [ -110.841903, 39.195798 ], [ -110.832432, 39.188034 ], [ -110.83153, 39.187524 ], [ -110.822834, 39.183579 ], [ -110.817924, 39.181933 ], [ -110.79875, 39.178148 ], [ -110.79603, 39.177543 ], [ -110.791125, 39.175625 ], [ -110.791282, 39.17632 ], [ -110.78861, 39.190724 ], [ -110.78864, 39.191763 ], [ -110.789784, 39.192822 ], [ -110.793427, 39.195086 ], [ -110.794859, 39.196558 ], [ -110.801674, 39.205094 ], [ -110.80281, 39.206711 ], [ -110.805482, 39.211832 ], [ -110.807562, 39.21582 ], [ -110.808011, 39.216885 ], [ -110.808555, 39.22016 ], [ -110.808328, 39.226648 ], [ -110.808691, 39.232836 ], [ -110.809277, 39.236578 ], [ -110.810239, 39.239358 ], [ -110.812608, 39.242506 ], [ -110.811082, 39.245046 ], [ -110.809615, 39.251782 ], [ -110.810323, 39.254087 ], [ -110.81179, 39.254949 ], [ -110.818628, 39.257364 ], [ -110.819551, 39.257896 ], [ -110.822091, 39.260379 ], [ -110.822187, 39.261063 ], [ -110.818103, 39.268416 ], [ -110.814432, 39.273458 ], [ -110.814035, 39.277152 ], [ -110.814411, 39.279606 ], [ -110.815131, 39.289665 ], [ -110.814722, 39.292927 ], [ -110.814318, 39.293656 ], [ -110.80892, 39.301028 ], [ -110.805827, 39.304128 ], [ -110.799404, 39.309944 ], [ -110.794017, 39.313172 ], [ -110.786178, 39.318772 ], [ -110.779025, 39.324563 ], [ -110.77765, 39.325851 ], [ -110.774659, 39.329448 ], [ -110.772894, 39.332258 ], [ -110.773333, 39.335652 ], [ -110.774495, 39.339635 ], [ -110.776403, 39.343887 ], [ -110.777284, 39.348311 ], [ -110.778508, 39.350744 ], [ -110.778071, 39.353066 ], [ -110.77559, 39.356389 ], [ -110.774613, 39.356288 ], [ -110.771183, 39.358085 ], [ -110.770353, 39.359622 ], [ -110.767621, 39.363021 ], [ -110.754376, 39.37364 ], [ -110.753078, 39.374677 ], [ -110.743944, 39.381887 ], [ -110.742205, 39.383555 ], [ -110.740479, 39.385324 ], [ -110.739676, 39.386837 ], [ -110.739649, 39.38804 ], [ -110.735953, 39.390091 ], [ -110.725678, 39.397955 ], [ -110.721777, 39.402249 ], [ -110.715952, 39.409471 ], [ -110.713769, 39.412224 ], [ -110.712489, 39.413989 ], [ -110.708055, 39.421448 ], [ -110.707547, 39.42307 ], [ -110.707582, 39.433632 ], [ -110.707401, 39.434303 ], [ -110.706492, 39.436841 ], [ -110.706399, 39.438484 ], [ -110.708012, 39.440869 ], [ -110.708788, 39.443139 ], [ -110.711018, 39.447026 ], [ -110.713488, 39.452707 ], [ -110.714132, 39.453883 ], [ -110.716158, 39.456276 ], [ -110.720342, 39.460251 ], [ -110.724409, 39.462952 ], [ -110.721373, 39.467972 ], [ -110.72106, 39.469433 ], [ -110.673155, 39.469463 ], [ -110.6446, 39.469506 ], [ -110.636771, 39.469525 ], [ -110.626948, 39.469247 ], [ -110.626947, 39.469802 ], [ -110.614841, 39.46974 ], [ -110.603779, 39.46972 ], [ -110.574107, 39.469703 ], [ -110.570443, 39.46971 ], [ -110.53684, 39.469711 ], [ -110.515923, 39.469712 ], [ -110.502716, 39.469654 ], [ -110.497362, 39.469633 ] ] ] ] } },
{ "type": "Feature", "properties": { "id": 61, "NAME": "61", "TotalPop": 42708, "PopDevPct": -0.02094256, "DemPct": 0.2387977, "RepPct": 0.72872822, "WhitePct": 0.81686317, "MinorityPct": 0.18313683, "BlackPct": 0.00844274, "HispanicPct": 0.12998847, "PacificPct": 0.01405884, "AsianPct": 0.01558374, "NativePct": 0.01829881, "TotalVAP": 26887, "Margin": -0.48993052, "color": "#960018", "opacity": "0.5", "DemPct2": 0.21978439, "RepPct2": 0.72945447, "Margin2": -0.50967008, "Swing": 0.01973956, "R_Margin": -0.2912214696000001, "R_Margin2": -0.30512295413333335, "R_Swing": 0.013901484533333326, "Majority": "White" }, "geometry": { "type": "MultiPolygon", "coordinates": [ [ [ [ -111.611762, 40.083245 ], [ -111.609982, 40.083665 ], [ -111.607672, 40.085051 ], [ -111.607429, 40.084909 ], [ -111.607111, 40.080213 ], [ -111.605449, 40.080583 ], [ -111.605939, 40.081283 ], [ -111.604651, 40.081833 ], [ -111.60391, 40.080828 ], [ -111.60386, 40.080761 ], [ -111.603751, 40.08081 ], [ -111.602201, 40.07914 ], [ -111.602601, 40.079133 ], [ -111.602646, 40.079261 ], [ -111.603154, 40.079438 ], [ -111.603412, 40.079327 ], [ -111.603561, 40.079264 ], [ -111.603838, 40.079231 ], [ -111.604049, 40.079206 ], [ -111.604365, 40.079158 ], [ -111.60437, 40.079169 ], [ -111.604514, 40.07915 ], [ -111.604607, 40.079268 ], [ -111.60492, 40.079276 ], [ -111.605165, 40.07924 ], [ -111.605294, 40.079184 ], [ -111.605418, 40.079122 ], [ -111.605537, 40.079054 ], [ -111.605649, 40.07898 ], [ -111.605756, 40.078901 ], [ -111.605855, 40.078816 ], [ -111.605947, 40.078727 ], [ -111.606006, 40.078663 ], [ -111.606703, 40.077705 ], [ -111.606689, 40.077208 ], [ -111.606496, 40.071534 ], [ -111.606688, 40.067973 ], [ -111.605495, 40.068031 ], [ -111.602032, 40.068002 ], [ -111.60224, 40.064229 ], [ -111.597588, 40.064254 ], [ -111.597225, 40.071219 ], [ -111.597294, 40.078515 ], [ -111.597335, 40.079053 ], [ -111.594551, 40.079069 ], [ -111.592542, 40.079079 ], [ -111.592433, 40.075453 ], [ -111.588356, 40.074037 ], [ -111.587311, 40.072993 ], [ -111.584826, 40.073375 ], [ -111.584498, 40.071208 ], [ -111.586613, 40.071182 ], [ -111.585769, 40.070327 ], [ -111.583625, 40.069664 ], [ -111.578798, 40.068753 ], [ -111.576625, 40.067618 ], [ -111.575802, 40.066313 ], [ -111.574704, 40.066549 ], [ -111.575743, 40.06895 ], [ -111.578022, 40.071721 ], [ -111.57714, 40.071721 ], [ -111.580193, 40.074968 ], [ -111.584239, 40.079354 ], [ -111.586158, 40.081382 ], [ -111.587452, 40.082106 ], [ -111.587317, 40.082404 ], [ -111.588719, 40.082721 ], [ -111.589606, 40.084349 ], [ -111.59013, 40.087468 ], [ -111.58991, 40.087519 ], [ -111.590305, 40.090757 ], [ -111.591215, 40.093485 ], [ -111.593569, 40.097325 ], [ -111.593894, 40.097366 ], [ -111.597246, 40.102102 ], [ -111.60138, 40.108091 ], [ -111.606579, 40.115528 ], [ -111.609399, 40.119595 ], [ -111.610743, 40.121534 ], [ -111.614256, 40.126406 ], [ -111.614871, 40.127307 ], [ -111.615477, 40.129969 ], [ -111.614852, 40.131878 ], [ -111.618193, 40.131864 ], [ -111.619615, 40.129995 ], [ -111.621219, 40.130014 ], [ -111.62285, 40.130034 ], [ -111.622242, 40.130718 ], [ -111.631012, 40.130714 ], [ -111.631048, 40.135839 ], [ -111.628431, 40.137307 ], [ -111.631053, 40.137289 ], [ -111.631061, 40.139052 ], [ -111.632203, 40.13812 ], [ -111.635899, 40.137551 ], [ -111.634383, 40.140804 ], [ -111.635874, 40.141475 ], [ -111.634767, 40.142535 ], [ -111.635888, 40.143134 ], [ -111.636026, 40.144663 ], [ -111.63936, 40.144627 ], [ -111.641101, 40.144608 ], [ -111.642302, 40.144594 ], [ -111.646671, 40.144547 ], [ -111.646645, 40.148521 ], [ -111.646951, 40.14852 ], [ -111.649812, 40.148517 ], [ -111.649746, 40.153924 ], [ -111.652128, 40.153918 ], [ -111.652138, 40.154483 ], [ -111.652097, 40.156007 ], [ -111.657014, 40.156035 ], [ -111.661121, 40.155949 ], [ -111.66292, 40.156999 ], [ -111.662928, 40.158581 ], [ -111.66381, 40.158552 ], [ -111.669348, 40.158528 ], [ -111.669262, 40.155007 ], [ -111.674013, 40.155014 ], [ -111.679097, 40.154941 ], [ -111.679081, 40.154274 ], [ -111.681381, 40.154286 ], [ -111.680825, 40.15333 ], [ -111.680764, 40.149554 ], [ -111.680493, 40.147113 ], [ -111.676785, 40.147164 ], [ -111.676787, 40.147987 ], [ -111.673902, 40.147994 ], [ -111.673841, 40.144091 ], [ -111.673796, 40.140346 ], [ -111.673717, 40.133238 ], [ -111.673715, 40.133109 ], [ -111.66981, 40.134103 ], [ -111.66985, 40.132319 ], [ -111.667726, 40.132334 ], [ -111.665164, 40.130475 ], [ -111.66492, 40.132317 ], [ -111.659989, 40.1323 ], [ -111.660027, 40.130511 ], [ -111.663617, 40.128334 ], [ -111.667379, 40.12593 ], [ -111.669798, 40.124599 ], [ -111.66981, 40.12473 ], [ -111.672886, 40.122961 ], [ -111.673121, 40.122961 ], [ -111.674378, 40.122208 ], [ -111.673415, 40.120276 ], [ -111.670553, 40.118284 ], [ -111.669701, 40.117022 ], [ -111.667729, 40.116071 ], [ -111.668496, 40.115491 ], [ -111.674122, 40.110918 ], [ -111.674821, 40.110362 ], [ -111.677953, 40.108012 ], [ -111.683707, 40.103615 ], [ -111.687957, 40.100247 ], [ -111.688195, 40.100301 ], [ -111.6906, 40.098302 ], [ -111.693453, 40.096033 ], [ -111.69335, 40.095658 ], [ -111.693201, 40.095662 ], [ -111.692915, 40.095659 ], [ -111.692794, 40.095659 ], [ -111.692805, 40.095645 ], [ -111.692977, 40.095482 ], [ -111.695436, 40.093071 ], [ -111.697831, 40.090275 ], [ -111.70224, 40.085363 ], [ -111.701913, 40.085361 ], [ -111.701233, 40.085358 ], [ -111.698317, 40.08531 ], [ -111.688411, 40.085321 ], [ -111.683429, 40.085358 ], [ -111.678162, 40.08536 ], [ -111.674579, 40.083564 ], [ -111.675685, 40.082983 ], [ -111.667073, 40.08297 ], [ -111.664809, 40.082969 ], [ -111.664752, 40.082778 ], [ -111.66471, 40.082639 ], [ -111.663206, 40.082247 ], [ -111.658611, 40.081044 ], [ -111.657971, 40.082137 ], [ -111.656441, 40.081437 ], [ -111.655636, 40.080397 ], [ -111.655446, 40.079034 ], [ -111.654249, 40.079562 ], [ -111.654148, 40.078299 ], [ -111.649936, 40.077131 ], [ -111.649262, 40.079024 ], [ -111.653306, 40.080529 ], [ -111.651486, 40.084889 ], [ -111.650363, 40.08461 ], [ -111.649523, 40.086238 ], [ -111.651746, 40.086175 ], [ -111.654394, 40.086893 ], [ -111.654482, 40.087978 ], [ -111.652437, 40.089325 ], [ -111.654157, 40.091056 ], [ -111.654525, 40.094102 ], [ -111.655223, 40.094549 ], [ -111.655543, 40.094753 ], [ -111.655501, 40.09567 ], [ -111.653653, 40.095768 ], [ -111.653055, 40.095127 ], [ -111.65138, 40.092943 ], [ -111.650547, 40.092523 ], [ -111.647552, 40.092211 ], [ -111.643064, 40.091803 ], [ -111.641633, 40.09064 ], [ -111.641508, 40.090539 ], [ -111.636435, 40.086274 ], [ -111.633401, 40.085176 ], [ -111.630686, 40.084995 ], [ -111.628422, 40.084002 ], [ -111.623445, 40.082255 ], [ -111.618285, 40.08149 ], [ -111.616414, 40.081625 ], [ -111.615599, 40.082828 ], [ -111.611762, 40.083245 ] ] ] ] } },
{ "type": "Feature", "properties": { "id": 62, "NAME": "62", "TotalPop": 41823, "PopDevPct": -0.04123069, "DemPct": 0.19699959, "RepPct": 0.77593247, "WhitePct": 0.86299017, "MinorityPct": 0.13700983, "BlackPct": 0.0059204, "HispanicPct": 0.10313197, "PacificPct": 0.00708987, "AsianPct": 0.00979425, "NativePct": 0.01560501, "TotalVAP": 27363, "Margin": -0.57893288, "color": "#960018", "opacity": "0.5", "DemPct2": 0.17368265, "RepPct2": 0.78511292, "Margin2": -0.61143027, "Swing": 0.03249739, "R_Margin": -0.3802238296, "R_Margin2": -0.40688314413333337, "R_Swing": 0.026659314533333409, "Majority": "White" }, "geometry": { "type": "MultiPolygon", "coordinates": [ [ [ [ -111.719456, 40.069147 ], [ -111.72121, 40.069183 ], [ -111.72119, 40.070634 ], [ -111.725027, 40.070667 ], [ -111.732207, 40.070716 ], [ -111.733706, 40.070755 ], [ -111.734786, 40.069632 ], [ -111.734386, 40.067384 ], [ -111.734841, 40.067372 ], [ -111.734453, 40.065148 ], [ -111.734693, 40.063495 ], [ -111.736094, 40.063501 ], [ -111.735847, 40.060749 ], [ -111.735776, 40.056016 ], [ -111.738288, 40.056049 ], [ -111.738285, 40.052346 ], [ -111.740828, 40.05237 ], [ -111.740857, 40.050906 ], [ -111.743204, 40.050862 ], [ -111.747977, 40.050773 ], [ -111.751755, 40.050965 ], [ -111.751778, 40.050666 ], [ -111.752594, 40.050667 ], [ -111.753652, 40.049532 ], [ -111.754457, 40.048649 ], [ -111.757544, 40.048655 ], [ -111.757579, 40.051065 ], [ -111.758785, 40.051134 ], [ -111.758775, 40.050158 ], [ -111.759743, 40.050142 ], [ -111.763215, 40.050121 ], [ -111.763187, 40.048494 ], [ -111.759583, 40.048519 ], [ -111.75979, 40.043798 ], [ -111.759894, 40.043799 ], [ -111.759954, 40.043798 ], [ -111.759953, 40.043808 ], [ -111.759965, 40.043808 ], [ -111.75994, 40.044024 ], [ -111.76058, 40.044027 ], [ -111.760611, 40.043583 ], [ -111.760525, 40.04359 ], [ -111.760194, 40.043629 ], [ -111.759987, 40.043661 ], [ -111.759967, 40.043664 ], [ -111.759954, 40.043664 ], [ -111.759954, 40.043495 ], [ -111.759893, 40.043485 ], [ -111.760531, 40.042409 ], [ -111.762177, 40.042814 ], [ -111.762628, 40.041149 ], [ -111.763247, 40.041152 ], [ -111.764544, 40.04116 ], [ -111.769902, 40.041109 ], [ -111.774291, 40.041072 ], [ -111.77419, 40.038172 ], [ -111.777632, 40.038116 ], [ -111.778286, 40.038098 ], [ -111.778293, 40.039683 ], [ -111.78009, 40.039678 ], [ -111.780068, 40.036895 ], [ -111.785271, 40.03686 ], [ -111.785364, 40.035501 ], [ -111.787173, 40.035502 ], [ -111.787173, 40.035648 ], [ -111.787184, 40.037327 ], [ -111.796635, 40.037236 ], [ -111.796657, 40.040891 ], [ -111.800723, 40.040878 ], [ -111.80417, 40.040838 ], [ -111.81537, 40.040754 ], [ -111.815331, 40.037372 ], [ -111.815242, 40.029691 ], [ -111.796399, 40.029842 ], [ -111.795666, 40.030017 ], [ -111.787095, 40.030062 ], [ -111.787064, 40.028256 ], [ -111.787031, 40.026443 ], [ -111.778228, 40.026516 ], [ -111.778241, 40.025939 ], [ -111.778219, 40.022689 ], [ -111.776375, 40.022665 ], [ -111.776368, 40.020986 ], [ -111.7747, 40.020988 ], [ -111.774831, 40.020043 ], [ -111.777328, 40.020052 ], [ -111.777315, 40.018732 ], [ -111.774847, 40.018751 ], [ -111.772205, 40.018753 ], [ -111.769103, 40.018724 ], [ -111.768196, 40.016115 ], [ -111.765011, 40.01615 ], [ -111.763072, 40.016113 ], [ -111.762669, 40.016105 ], [ -111.762636, 40.014166 ], [ -111.7626, 40.011975 ], [ -111.762513, 40.007402 ], [ -111.762734, 40.00465 ], [ -111.762426, 40.004648 ], [ -111.763113, 39.997333 ], [ -111.763452, 39.997316 ], [ -111.764035, 39.991577 ], [ -111.765194, 39.986855 ], [ -111.765307, 39.986519 ], [ -111.767141, 39.982592 ], [ -111.769213, 39.979385 ], [ -111.772565, 39.975588 ], [ -111.776236, 39.97244 ], [ -111.778594, 39.970754 ], [ -111.780894, 39.969098 ], [ -111.784092, 39.966795 ], [ -111.785066, 39.966103 ], [ -111.794265, 39.959473 ], [ -111.797639, 39.95659 ], [ -111.801013, 39.952837 ], [ -111.800597, 39.952842 ], [ -111.785479, 39.953087 ], [ -111.785479, 39.953186 ], [ -111.785481, 39.953501 ], [ -111.781303, 39.953592 ], [ -111.781302, 39.957199 ], [ -111.779254, 39.957241 ], [ -111.776566, 39.957205 ], [ -111.776544, 39.953701 ], [ -111.774106, 39.953753 ], [ -111.771775, 39.953802 ], [ -111.771809, 39.958108 ], [ -111.776476, 39.958859 ], [ -111.77648, 39.960367 ], [ -111.776463, 39.960531 ], [ -111.776547, 39.964534 ], [ -111.776571, 39.965172 ], [ -111.772771, 39.965218 ], [ -111.77136, 39.964388 ], [ -111.767635, 39.964437 ], [ -111.76713, 39.964532 ], [ -111.767137, 39.964864 ], [ -111.767209, 39.968412 ], [ -111.764951, 39.968377 ], [ -111.760612, 39.968486 ], [ -111.757677, 39.968498 ], [ -111.757703, 39.971315 ], [ -111.757745, 39.975704 ], [ -111.762499, 39.975674 ], [ -111.762513, 39.976591 ], [ -111.762609, 39.982838 ], [ -111.759537, 39.982866 ], [ -111.759661, 39.980763 ], [ -111.748911, 39.980687 ], [ -111.748877, 39.983093 ], [ -111.745342, 39.983052 ], [ -111.743567, 39.983063 ], [ -111.743632, 39.99015 ], [ -111.743634, 39.990286 ], [ -111.739051, 39.990329 ], [ -111.739052, 39.990496 ], [ -111.737427, 39.990561 ], [ -111.726867, 39.990889 ], [ -111.713664, 39.990879 ], [ -111.701711, 39.990924 ], [ -111.699223, 39.990878 ], [ -111.699119, 39.991896 ], [ -111.700078, 39.996711 ], [ -111.701167, 39.998111 ], [ -111.700506, 39.99812 ], [ -111.700495, 39.998001 ], [ -111.691223, 39.998129 ], [ -111.691173, 40.001033 ], [ -111.690878, 40.000861 ], [ -111.689693, 40.000153 ], [ -111.689293, 39.99814 ], [ -111.686584, 39.998154 ], [ -111.684702, 39.998155 ], [ -111.68465, 39.994547 ], [ -111.672201, 39.994616 ], [ -111.672161, 39.993434 ], [ -111.669476, 39.993486 ], [ -111.660256, 39.993666 ], [ -111.659899, 39.983702 ], [ -111.656278, 39.983868 ], [ -111.656803, 39.998538 ], [ -111.653479, 39.998601 ], [ -111.653428, 39.995331 ], [ -111.646468, 39.995363 ], [ -111.646579, 40.002634 ], [ -111.644961, 40.00472 ], [ -111.63984, 40.011567 ], [ -111.636196, 40.011572 ], [ -111.636136, 40.012991 ], [ -111.634719, 40.012993 ], [ -111.634693, 40.026111 ], [ -111.635407, 40.026109 ], [ -111.635404, 40.027498 ], [ -111.63949, 40.027634 ], [ -111.639596, 40.034146 ], [ -111.634952, 40.034126 ], [ -111.634852, 40.03841 ], [ -111.63185, 40.038862 ], [ -111.630323, 40.038184 ], [ -111.630336, 40.039404 ], [ -111.633936, 40.039428 ], [ -111.633972, 40.042216 ], [ -111.633995, 40.043419 ], [ -111.63342, 40.044701 ], [ -111.630611, 40.048519 ], [ -111.62822, 40.04908 ], [ -111.62901, 40.050471 ], [ -111.629522, 40.05442 ], [ -111.630759, 40.05583 ], [ -111.630877, 40.056073 ], [ -111.630191, 40.056448 ], [ -111.629831, 40.056482 ], [ -111.628678, 40.058208 ], [ -111.628527, 40.059061 ], [ -111.628251, 40.059852 ], [ -111.627749, 40.060479 ], [ -111.627652, 40.060972 ], [ -111.62706, 40.061297 ], [ -111.626573, 40.062002 ], [ -111.626153, 40.062183 ], [ -111.625838, 40.062564 ], [ -111.623903, 40.063856 ], [ -111.62297, 40.065021 ], [ -111.621987, 40.065585 ], [ -111.621701, 40.066042 ], [ -111.621081, 40.06657 ], [ -111.620837, 40.066919 ], [ -111.620231, 40.067345 ], [ -111.619108, 40.068434 ], [ -111.618444, 40.068953 ], [ -111.61761, 40.069843 ], [ -111.617012, 40.07065 ], [ -111.616125, 40.071532 ], [ -111.615637, 40.071939 ], [ -111.614502, 40.07235 ], [ -111.612449, 40.073453 ], [ -111.611737, 40.073652 ], [ -111.611609, 40.074012 ], [ -111.610369, 40.075144 ], [ -111.609314, 40.075746 ], [ -111.60883, 40.076152 ], [ -111.608331, 40.076297 ], [ -111.607904, 40.076986 ], [ -111.606703, 40.077705 ], [ -111.606006, 40.078663 ], [ -111.605947, 40.078727 ], [ -111.605855, 40.078816 ], [ -111.605756, 40.078901 ], [ -111.605649, 40.07898 ], [ -111.605537, 40.079054 ], [ -111.605418, 40.079122 ], [ -111.605294, 40.079184 ], [ -111.605165, 40.07924 ], [ -111.60492, 40.079276 ], [ -111.604607, 40.079268 ], [ -111.604514, 40.07915 ], [ -111.60437, 40.079169 ], [ -111.604365, 40.079158 ], [ -111.604049, 40.079206 ], [ -111.603838, 40.079231 ], [ -111.603561, 40.079264 ], [ -111.603412, 40.079327 ], [ -111.603154, 40.079438 ], [ -111.602646, 40.079261 ], [ -111.602601, 40.079133 ], [ -111.602201, 40.07914 ], [ -111.603751, 40.08081 ], [ -111.60386, 40.080761 ], [ -111.60391, 40.080828 ], [ -111.604651, 40.081833 ], [ -111.605939, 40.081283 ], [ -111.605449, 40.080583 ], [ -111.607111, 40.080213 ], [ -111.607429, 40.084909 ], [ -111.607672, 40.085051 ], [ -111.609982, 40.083665 ], [ -111.611762, 40.083245 ], [ -111.615599, 40.082828 ], [ -111.616414, 40.081625 ], [ -111.618285, 40.08149 ], [ -111.623445, 40.082255 ], [ -111.628422, 40.084002 ], [ -111.630686, 40.084995 ], [ -111.633401, 40.085176 ], [ -111.636435, 40.086274 ], [ -111.641508, 40.090539 ], [ -111.641633, 40.09064 ], [ -111.643064, 40.091803 ], [ -111.647552, 40.092211 ], [ -111.650547, 40.092523 ], [ -111.65138, 40.092943 ], [ -111.653055, 40.095127 ], [ -111.653653, 40.095768 ], [ -111.655501, 40.09567 ], [ -111.655543, 40.094753 ], [ -111.655223, 40.094549 ], [ -111.654525, 40.094102 ], [ -111.654157, 40.091056 ], [ -111.652437, 40.089325 ], [ -111.654482, 40.087978 ], [ -111.654394, 40.086893 ], [ -111.651746, 40.086175 ], [ -111.649523, 40.086238 ], [ -111.650363, 40.08461 ], [ -111.651486, 40.084889 ], [ -111.653306, 40.080529 ], [ -111.649262, 40.079024 ], [ -111.649936, 40.077131 ], [ -111.654148, 40.078299 ], [ -111.654249, 40.079562 ], [ -111.655446, 40.079034 ], [ -111.655636, 40.080397 ], [ -111.656441, 40.081437 ], [ -111.657971, 40.082137 ], [ -111.658611, 40.081044 ], [ -111.663206, 40.082247 ], [ -111.66471, 40.082639 ], [ -111.664752, 40.082778 ], [ -111.664809, 40.082969 ], [ -111.667073, 40.08297 ], [ -111.675685, 40.082983 ], [ -111.674579, 40.083564 ], [ -111.678162, 40.08536 ], [ -111.683429, 40.085358 ], [ -111.688411, 40.085321 ], [ -111.698317, 40.08531 ], [ -111.701233, 40.085358 ], [ -111.703008, 40.0837 ], [ -111.70669, 40.080998 ], [ -111.708494, 40.079457 ], [ -111.710289, 40.077853 ], [ -111.715313, 40.072887 ], [ -111.715464, 40.072741 ], [ -111.717579, 40.070671 ], [ -111.71777, 40.070838 ], [ -111.719456, 40.069147 ] ] ] ] } },
{ "type": "Feature", "properties": { "id": 63, "NAME": "63", "TotalPop": 42173, "PopDevPct": -0.03320714, "DemPct": 0.30533947, "RepPct": 0.65962851, "WhitePct": 0.80115263, "MinorityPct": 0.19884737, "BlackPct": 0.00977234, "HispanicPct": 0.13910367, "PacificPct": 0.01643041, "AsianPct": 0.01764748, "NativePct": 0.02029639, "TotalVAP": 27936, "Margin": -0.35428904, "color": "#960018", "opacity": "0.5", "DemPct2": 0.28077522, "RepPct2": 0.66188866, "Margin2": -0.38111344, "Swing": 0.0268244, "R_Margin": -0.1555799896, "R_Margin2": -0.17656631413333337, "R_Swing": 0.020986324533333364, "Majority": "White" }, "geometry": { "type": "MultiPolygon", "coordinates": [ [ [ [ -111.573168, 40.239565 ], [ -111.575439, 40.239556 ], [ -111.589332, 40.23958 ], [ -111.589753, 40.239582 ], [ -111.589877, 40.23579 ], [ -111.599391, 40.235958 ], [ -111.608836, 40.235734 ], [ -111.610663, 40.23569 ], [ -111.618175, 40.235512 ], [ -111.618367, 40.231921 ], [ -111.618321, 40.226904 ], [ -111.6183, 40.224478 ], [ -111.618275, 40.221905 ], [ -111.618159, 40.21501 ], [ -111.62515, 40.214991 ], [ -111.626065, 40.214971 ], [ -111.62732, 40.214945 ], [ -111.627894, 40.214946 ], [ -111.630363, 40.216033 ], [ -111.630561, 40.216035 ], [ -111.631214, 40.216035 ], [ -111.631925, 40.216041 ], [ -111.632645, 40.216021 ], [ -111.633133, 40.216016 ], [ -111.633385, 40.216012 ], [ -111.633608, 40.216018 ], [ -111.633992, 40.216034 ], [ -111.63407, 40.21603 ], [ -111.634555, 40.216024 ], [ -111.634763, 40.216021 ], [ -111.636145, 40.215939 ], [ -111.635004, 40.214381 ], [ -111.632555, 40.211028 ], [ -111.630115, 40.208191 ], [ -111.633193, 40.208385 ], [ -111.635026, 40.210164 ], [ -111.635546, 40.21016 ], [ -111.636819, 40.210149 ], [ -111.63816, 40.210104 ], [ -111.638142, 40.208736 ], [ -111.639003, 40.208915 ], [ -111.642746, 40.210099 ], [ -111.642771, 40.20882 ], [ -111.642439, 40.207512 ], [ -111.640912, 40.202798 ], [ -111.64039, 40.201107 ], [ -111.640237, 40.200613 ], [ -111.640162, 40.20045 ], [ -111.639817, 40.199346 ], [ -111.639793, 40.199269 ], [ -111.64616, 40.199127 ], [ -111.647028, 40.198681 ], [ -111.652168, 40.199781 ], [ -111.652542, 40.199781 ], [ -111.649198, 40.195645 ], [ -111.647853, 40.193407 ], [ -111.647187, 40.191642 ], [ -111.646699, 40.188327 ], [ -111.655064, 40.188317 ], [ -111.655293, 40.186482 ], [ -111.65529, 40.184967 ], [ -111.65528, 40.180813 ], [ -111.657817, 40.18092 ], [ -111.667092, 40.180812 ], [ -111.674258, 40.180729 ], [ -111.674254, 40.178262 ], [ -111.669449, 40.179269 ], [ -111.66946, 40.178386 ], [ -111.669527, 40.177396 ], [ -111.669352, 40.166048 ], [ -111.669348, 40.158528 ], [ -111.66381, 40.158552 ], [ -111.662928, 40.158581 ], [ -111.66292, 40.156999 ], [ -111.661121, 40.155949 ], [ -111.657014, 40.156035 ], [ -111.652097, 40.156007 ], [ -111.652138, 40.154483 ], [ -111.652128, 40.153918 ], [ -111.649746, 40.153924 ], [ -111.649812, 40.148517 ], [ -111.646951, 40.14852 ], [ -111.646645, 40.148521 ], [ -111.646671, 40.144547 ], [ -111.642302, 40.144594 ], [ -111.641101, 40.144608 ], [ -111.63936, 40.144627 ], [ -111.636026, 40.144663 ], [ -111.635888, 40.143134 ], [ -111.634767, 40.142535 ], [ -111.635874, 40.141475 ], [ -111.634383, 40.140804 ], [ -111.635899, 40.137551 ], [ -111.632203, 40.13812 ], [ -111.631061, 40.139052 ], [ -111.631053, 40.137289 ], [ -111.628431, 40.137307 ], [ -111.631048, 40.135839 ], [ -111.631012, 40.130714 ], [ -111.622242, 40.130718 ], [ -111.62285, 40.130034 ], [ -111.621219, 40.130014 ], [ -111.619615, 40.129995 ], [ -111.618193, 40.131864 ], [ -111.614852, 40.131878 ], [ -111.613495, 40.133641 ], [ -111.613395, 40.133638 ], [ -111.612381, 40.133616 ], [ -111.612352, 40.131808 ], [ -111.609856, 40.131812 ], [ -111.609841, 40.132177 ], [ -111.608761, 40.132943 ], [ -111.608769, 40.133779 ], [ -111.607287, 40.133794 ], [ -111.607292, 40.135558 ], [ -111.607306, 40.137451 ], [ -111.602585, 40.137538 ], [ -111.602622, 40.137817 ], [ -111.602637, 40.139256 ], [ -111.600277, 40.139265 ], [ -111.600048, 40.141201 ], [ -111.602525, 40.144281 ], [ -111.602788, 40.144754 ], [ -111.601933, 40.144759 ], [ -111.599931, 40.144772 ], [ -111.599442, 40.144774 ], [ -111.598027, 40.144782 ], [ -111.593261, 40.144811 ], [ -111.592584, 40.144816 ], [ -111.591009, 40.144826 ], [ -111.589427, 40.144834 ], [ -111.588278, 40.14484 ], [ -111.58709, 40.144845 ], [ -111.58462, 40.144856 ], [ -111.582234, 40.144867 ], [ -111.578719, 40.144908 ], [ -111.578729, 40.143169 ], [ -111.578749, 40.142123 ], [ -111.578769, 40.141308 ], [ -111.578827, 40.138115 ], [ -111.578828, 40.137119 ], [ -111.57883, 40.136157 ], [ -111.57883, 40.135403 ], [ -111.578832, 40.134106 ], [ -111.578837, 40.130431 ], [ -111.575276, 40.130438 ], [ -111.571959, 40.130442 ], [ -111.569347, 40.130446 ], [ -111.564479, 40.130454 ], [ -111.561734, 40.130472 ], [ -111.560779, 40.130478 ], [ -111.557831, 40.130583 ], [ -111.556352, 40.130584 ], [ -111.556352, 40.130656 ], [ -111.552519, 40.130212 ], [ -111.551844, 40.130836 ], [ -111.550006, 40.131073 ], [ -111.549129, 40.131657 ], [ -111.546412, 40.131255 ], [ -111.541537, 40.130918 ], [ -111.537524, 40.13124 ], [ -111.536736, 40.131922 ], [ -111.534818, 40.132288 ], [ -111.529602, 40.132192 ], [ -111.527989, 40.131715 ], [ -111.52592, 40.132268 ], [ -111.524392, 40.133704 ], [ -111.523479, 40.135493 ], [ -111.521094, 40.136914 ], [ -111.51702, 40.136818 ], [ -111.515643, 40.13646 ], [ -111.511265, 40.134087 ], [ -111.509577, 40.13363 ], [ -111.506389, 40.133907 ], [ -111.503721, 40.133162 ], [ -111.50048, 40.130843 ], [ -111.498753, 40.130658 ], [ -111.497919, 40.12994 ], [ -111.495381, 40.130208 ], [ -111.492359, 40.129597 ], [ -111.490439, 40.127395 ], [ -111.485974, 40.122977 ], [ -111.485968, 40.124182 ], [ -111.484706, 40.122173 ], [ -111.484821, 40.120579 ], [ -111.483046, 40.117732 ], [ -111.480619, 40.117065 ], [ -111.478606, 40.118549 ], [ -111.474315, 40.11939 ], [ -111.47334, 40.120385 ], [ -111.471949, 40.120209 ], [ -111.47086, 40.120945 ], [ -111.469999, 40.122415 ], [ -111.46899, 40.12258 ], [ -111.466606, 40.121442 ], [ -111.465637, 40.12148 ], [ -111.462749, 40.124956 ], [ -111.460943, 40.129891 ], [ -111.45854, 40.132643 ], [ -111.4569, 40.13565 ], [ -111.45416, 40.136044 ], [ -111.447876, 40.138477 ], [ -111.44684, 40.140549 ], [ -111.447193, 40.143773 ], [ -111.446413, 40.146077 ], [ -111.445032, 40.147169 ], [ -111.438012, 40.152001 ], [ -111.419788, 40.166958 ], [ -111.418422, 40.167494 ], [ -111.408724, 40.168774 ], [ -111.408165, 40.170006 ], [ -111.411322, 40.170745 ], [ -111.412992, 40.17219 ], [ -111.410611, 40.173048 ], [ -111.409994, 40.174788 ], [ -111.409891, 40.176483 ], [ -111.410894, 40.178574 ], [ -111.409704, 40.178404 ], [ -111.409471, 40.179588 ], [ -111.410387, 40.1813 ], [ -111.40986, 40.183074 ], [ -111.410221, 40.186709 ], [ -111.409532, 40.187438 ], [ -111.409495, 40.189135 ], [ -111.406927, 40.188552 ], [ -111.40755, 40.189976 ], [ -111.404382, 40.189478 ], [ -111.402244, 40.190348 ], [ -111.401224, 40.190284 ], [ -111.398235, 40.192618 ], [ -111.397091, 40.191539 ], [ -111.397452, 40.190776 ], [ -111.394412, 40.189402 ], [ -111.394713, 40.191122 ], [ -111.393333, 40.191932 ], [ -111.39357, 40.192466 ], [ -111.39026, 40.192354 ], [ -111.389161, 40.191219 ], [ -111.389329, 40.190111 ], [ -111.387397, 40.19128 ], [ -111.385634, 40.191307 ], [ -111.384601, 40.191624 ], [ -111.385334, 40.192482 ], [ -111.382037, 40.191934 ], [ -111.383166, 40.19305 ], [ -111.382791, 40.193844 ], [ -111.384138, 40.194755 ], [ -111.382307, 40.195857 ], [ -111.380649, 40.193885 ], [ -111.377452, 40.193067 ], [ -111.376797, 40.193237 ], [ -111.375112, 40.191733 ], [ -111.370803, 40.189903 ], [ -111.368193, 40.189375 ], [ -111.365401, 40.187041 ], [ -111.365757, 40.188629 ], [ -111.366469, 40.189107 ], [ -111.366761, 40.190848 ], [ -111.365763, 40.190122 ], [ -111.364353, 40.190393 ], [ -111.363124, 40.189435 ], [ -111.362388, 40.188137 ], [ -111.359996, 40.187749 ], [ -111.358481, 40.187995 ], [ -111.357314, 40.189043 ], [ -111.355622, 40.189666 ], [ -111.354726, 40.188447 ], [ -111.352971, 40.187321 ], [ -111.351652, 40.187205 ], [ -111.350011, 40.185868 ], [ -111.348779, 40.185958 ], [ -111.345901, 40.187148 ], [ -111.344398, 40.190228 ], [ -111.344044, 40.191595 ], [ -111.343307, 40.193267 ], [ -111.34126, 40.191679 ], [ -111.339008, 40.188834 ], [ -111.335767, 40.186961 ], [ -111.334715, 40.186549 ], [ -111.332577, 40.184457 ], [ -111.330236, 40.179392 ], [ -111.329364, 40.178197 ], [ -111.330033, 40.174953 ], [ -111.330576, 40.173808 ], [ -111.330159, 40.169833 ], [ -111.330579, 40.168557 ], [ -111.330501, 40.166341 ], [ -111.328596, 40.163206 ], [ -111.328725, 40.157105 ], [ -111.329349, 40.156048 ], [ -111.331407, 40.154931 ], [ -111.330727, 40.154682 ], [ -111.327918, 40.155356 ], [ -111.327021, 40.154819 ], [ -111.325094, 40.154987 ], [ -111.32379, 40.153828 ], [ -111.321982, 40.153888 ], [ -111.319018, 40.152798 ], [ -111.314804, 40.154384 ], [ -111.312383, 40.155837 ], [ -111.311032, 40.157573 ], [ -111.310313, 40.157801 ], [ -111.309048, 40.159573 ], [ -111.308053, 40.158797 ], [ -111.309262, 40.157189 ], [ -111.308661, 40.154664 ], [ -111.306288, 40.154798 ], [ -111.303226, 40.153513 ], [ -111.301129, 40.153658 ], [ -111.301642, 40.156181 ], [ -111.298846, 40.155152 ], [ -111.298214, 40.156707 ], [ -111.296197, 40.158174 ], [ -111.295815, 40.15722 ], [ -111.293939, 40.158397 ], [ -111.288296, 40.16038 ], [ -111.28394, 40.160628 ], [ -111.283253, 40.161712 ], [ -111.281113, 40.162497 ], [ -111.276942, 40.163515 ], [ -111.275724, 40.16458 ], [ -111.275225, 40.164224 ], [ -111.270371, 40.163275 ], [ -111.268659, 40.161916 ], [ -111.26514, 40.16319 ], [ -111.261776, 40.16519 ], [ -111.257345, 40.167056 ], [ -111.25514, 40.169301 ], [ -111.254883, 40.168567 ], [ -111.256773, 40.165168 ], [ -111.255028, 40.16582 ], [ -111.254995, 40.164577 ], [ -111.254047, 40.163607 ], [ -111.252161, 40.163387 ], [ -111.249685, 40.164289 ], [ -111.249762, 40.162147 ], [ -111.247943, 40.161601 ], [ -111.245018, 40.163617 ], [ -111.243488, 40.163361 ], [ -111.245022, 40.162209 ], [ -111.243524, 40.161705 ], [ -111.242444, 40.160247 ], [ -111.238931, 40.159271 ], [ -111.240883, 40.159165 ], [ -111.244441, 40.15958 ], [ -111.246473, 40.158918 ], [ -111.247805, 40.15932 ], [ -111.248604, 40.158141 ], [ -111.250275, 40.157468 ], [ -111.248963, 40.157911 ], [ -111.246109, 40.157632 ], [ -111.243317, 40.156642 ], [ -111.24206, 40.1567 ], [ -111.239359, 40.154896 ], [ -111.237236, 40.153908 ], [ -111.235511, 40.153782 ], [ -111.231033, 40.155224 ], [ -111.231377, 40.154497 ], [ -111.231454, 40.152852 ], [ -111.234359, 40.150299 ], [ -111.234239, 40.147871 ], [ -111.23291, 40.146666 ], [ -111.228263, 40.144836 ], [ -111.225821, 40.144618 ], [ -111.228432, 40.146318 ], [ -111.230767, 40.147382 ], [ -111.231459, 40.147833 ], [ -111.230883, 40.149043 ], [ -111.230929, 40.150295 ], [ -111.229139, 40.152045 ], [ -111.227807, 40.152823 ], [ -111.227496, 40.154523 ], [ -111.226755, 40.155618 ], [ -111.227245, 40.15752 ], [ -111.22743, 40.157726 ], [ -111.227681, 40.157824 ], [ -111.227846, 40.157879 ], [ -111.228138, 40.158004 ], [ -111.229229, 40.158591 ], [ -111.227286, 40.16078 ], [ -111.227646, 40.161715 ], [ -111.226445, 40.163081 ], [ -111.225522, 40.164248 ], [ -111.225225, 40.166367 ], [ -111.226329, 40.168057 ], [ -111.230704, 40.170945 ], [ -111.231252, 40.172925 ], [ -111.232112, 40.173563 ], [ -111.232927, 40.17395 ], [ -111.235412, 40.176899 ], [ -111.235185, 40.178038 ], [ -111.235173, 40.178046 ], [ -111.235155, 40.178073 ], [ -111.235134, 40.178104 ], [ -111.234977, 40.178412 ], [ -111.234935, 40.178556 ], [ -111.234921, 40.178699 ], [ -111.234842, 40.178952 ], [ -111.234842, 40.1791 ], [ -111.234886, 40.179469 ], [ -111.234892, 40.179488 ], [ -111.236217, 40.181401 ], [ -111.238879, 40.182645 ], [ -111.239348, 40.184036 ], [ -111.240418, 40.185361 ], [ -111.241755, 40.186091 ], [ -111.244321, 40.189423 ], [ -111.246898, 40.191361 ], [ -111.248188, 40.193929 ], [ -111.250726, 40.194603 ], [ -111.252488, 40.1963 ], [ -111.25671, 40.197864 ], [ -111.258155, 40.197849 ], [ -111.257901, 40.198953 ], [ -111.256406, 40.200727 ], [ -111.257616, 40.20256 ], [ -111.260354, 40.204728 ], [ -111.263153, 40.205515 ], [ -111.263769, 40.207067 ], [ -111.264781, 40.209495 ], [ -111.261869, 40.210978 ], [ -111.265298, 40.212034 ], [ -111.267284, 40.213237 ], [ -111.268749, 40.215438 ], [ -111.270355, 40.216795 ], [ -111.272073, 40.219629 ], [ -111.27229, 40.220848 ], [ -111.273372, 40.221861 ], [ -111.273293, 40.224085 ], [ -111.272851, 40.22609 ], [ -111.271839, 40.227642 ], [ -111.272363, 40.231124 ], [ -111.27391, 40.233126 ], [ -111.273677, 40.236079 ], [ -111.273333, 40.236419 ], [ -111.269807, 40.237109 ], [ -111.267931, 40.23701 ], [ -111.265671, 40.238951 ], [ -111.265594, 40.239 ], [ -111.265554, 40.239022 ], [ -111.26551, 40.239047 ], [ -111.265465, 40.239117 ], [ -111.265437, 40.239194 ], [ -111.265423, 40.239236 ], [ -111.265386, 40.239434 ], [ -111.26537, 40.239561 ], [ -111.265305, 40.239676 ], [ -111.265181, 40.239846 ], [ -111.265137, 40.239966 ], [ -111.265109, 40.240019 ], [ -111.265032, 40.240141 ], [ -111.265029, 40.240151 ], [ -111.265002, 40.240273 ], [ -111.265021, 40.240334 ], [ -111.265061, 40.240395 ], [ -111.265072, 40.240411 ], [ -111.265099, 40.240449 ], [ -111.265113, 40.24047 ], [ -111.264929, 40.241018 ], [ -111.264908, 40.241065 ], [ -111.264868, 40.241229 ], [ -111.264803, 40.241541 ], [ -111.264762, 40.241734 ], [ -111.264772, 40.242219 ], [ -111.264786, 40.242328 ], [ -111.264821, 40.242367 ], [ -111.264864, 40.242395 ], [ -111.264964, 40.242478 ], [ -111.265057, 40.242533 ], [ -111.265385, 40.242761 ], [ -111.265484, 40.242849 ], [ -111.26557, 40.242955 ], [ -111.265669, 40.24311 ], [ -111.265739, 40.243297 ], [ -111.265763, 40.243342 ], [ -111.265939, 40.243596 ], [ -111.268632, 40.246387 ], [ -111.269915, 40.248913 ], [ -111.27161, 40.250745 ], [ -111.276277, 40.252207 ], [ -111.278891, 40.256131 ], [ -111.278762, 40.258793 ], [ -111.282591, 40.260665 ], [ -111.28384, 40.262179 ], [ -111.286359, 40.263785 ], [ -111.286778, 40.264588 ], [ -111.289864, 40.266253 ], [ -111.290662, 40.266365 ], [ -111.294174, 40.265469 ], [ -111.294638, 40.266795 ], [ -111.294206, 40.270741 ], [ -111.296272, 40.271147 ], [ -111.297599, 40.272963 ], [ -111.299194, 40.273229 ], [ -111.302547, 40.27287 ], [ -111.305491, 40.27446 ], [ -111.307897, 40.2745 ], [ -111.309028, 40.276161 ], [ -111.307961, 40.277806 ], [ -111.306932, 40.280403 ], [ -111.307078, 40.282649 ], [ -111.307893, 40.283904 ], [ -111.311834, 40.286464 ], [ -111.31483, 40.287566 ], [ -111.317384, 40.287196 ], [ -111.321305, 40.287372 ], [ -111.322352, 40.286987 ], [ -111.323672, 40.285493 ], [ -111.325317, 40.282732 ], [ -111.327881, 40.282174 ], [ -111.329165, 40.282561 ], [ -111.330224, 40.284154 ], [ -111.33339, 40.285593 ], [ -111.335705, 40.287801 ], [ -111.337972, 40.288497 ], [ -111.340068, 40.28858 ], [ -111.343146, 40.28806 ], [ -111.343369, 40.287376 ], [ -111.346133, 40.287141 ], [ -111.34732, 40.287974 ], [ -111.35196, 40.28962 ], [ -111.353284, 40.289462 ], [ -111.356645, 40.288153 ], [ -111.360753, 40.288727 ], [ -111.363199, 40.289754 ], [ -111.365176, 40.291023 ], [ -111.367702, 40.291676 ], [ -111.36981, 40.292998 ], [ -111.372717, 40.296224 ], [ -111.374331, 40.297103 ], [ -111.377415, 40.297483 ], [ -111.378946, 40.297054 ], [ -111.380542, 40.295834 ], [ -111.381296, 40.294504 ], [ -111.382875, 40.294661 ], [ -111.385573, 40.29565 ], [ -111.387814, 40.295191 ], [ -111.392125, 40.296204 ], [ -111.394276, 40.295541 ], [ -111.395649, 40.293125 ], [ -111.396645, 40.292304 ], [ -111.399914, 40.293708 ], [ -111.400079, 40.294589 ], [ -111.40243, 40.295962 ], [ -111.403996, 40.295577 ], [ -111.406993, 40.295797 ], [ -111.408254, 40.295114 ], [ -111.410363, 40.295111 ], [ -111.41163, 40.293536 ], [ -111.411614, 40.292618 ], [ -111.412878, 40.290493 ], [ -111.412677, 40.289552 ], [ -111.414628, 40.28906 ], [ -111.417213, 40.289194 ], [ -111.41894, 40.28826 ], [ -111.421153, 40.287822 ], [ -111.422959, 40.288043 ], [ -111.426482, 40.286906 ], [ -111.428728, 40.28776 ], [ -111.429725, 40.289002 ], [ -111.431118, 40.289672 ], [ -111.433614, 40.291903 ], [ -111.437586, 40.291218 ], [ -111.439652, 40.290119 ], [ -111.442072, 40.289792 ], [ -111.444285, 40.2903 ], [ -111.44536, 40.291509 ], [ -111.446279, 40.291495 ], [ -111.451633, 40.293168 ], [ -111.452595, 40.295257 ], [ -111.452596, 40.296971 ], [ -111.454286, 40.297985 ], [ -111.457193, 40.300741 ], [ -111.458855, 40.300382 ], [ -111.461375, 40.298457 ], [ -111.468846, 40.293469 ], [ -111.471813, 40.292123 ], [ -111.475932, 40.292097 ], [ -111.479764, 40.291326 ], [ -111.484872, 40.289123 ], [ -111.487794, 40.288743 ], [ -111.491388, 40.289697 ], [ -111.494691, 40.289682 ], [ -111.497168, 40.288796 ], [ -111.498336, 40.286544 ], [ -111.500744, 40.284838 ], [ -111.503221, 40.284559 ], [ -111.509263, 40.284305 ], [ -111.510792, 40.283796 ], [ -111.51309, 40.282592 ], [ -111.514619, 40.281089 ], [ -111.516632, 40.277765 ], [ -111.520008, 40.276341 ], [ -111.524965, 40.273107 ], [ -111.527867, 40.270676 ], [ -111.534675, 40.263655 ], [ -111.535818, 40.264575 ], [ -111.5369, 40.264671 ], [ -111.536915, 40.261166 ], [ -111.542415, 40.261187 ], [ -111.542404, 40.25772 ], [ -111.542372, 40.247196 ], [ -111.542371, 40.246839 ], [ -111.550655, 40.24691 ], [ -111.551917, 40.246921 ], [ -111.551914, 40.24639 ], [ -111.551895, 40.243231 ], [ -111.553133, 40.243241 ], [ -111.558345, 40.243281 ], [ -111.570982, 40.243328 ], [ -111.570981, 40.243218 ], [ -111.570955, 40.239573 ], [ -111.573168, 40.239565 ] ] ] ] } },
{ "type": "Feature", "properties": { "id": 64, "NAME": "64", "TotalPop": 41941, "PopDevPct": -0.03852561, "DemPct": 0.20675278, "RepPct": 0.76342624, "WhitePct": 0.82953303, "MinorityPct": 0.17046697, "BlackPct": 0.00919363, "HispanicPct": 0.11826171, "PacificPct": 0.01150217, "AsianPct": 0.01636224, "NativePct": 0.0203718, "TotalVAP": 24691, "Margin": -0.55667346, "color": "#960018", "opacity": "0.5", "DemPct2": 0.18660429, "RepPct2": 0.7631766, "Margin2": -0.57657231, "Swing": 0.01989885, "R_Margin": -0.3579644096000001, "R_Margin2": -0.3720251841333333, "R_Swing": 0.014060774533333249, "Majority": "White" }, "geometry": { "type": "MultiPolygon", "coordinates": [ [ [ [ -111.945062, 40.347364 ], [ -111.945079, 40.350061 ], [ -111.945026, 40.356193 ], [ -111.94505, 40.359342 ], [ -111.945132, 40.362078 ], [ -111.947223, 40.362067 ], [ -111.949901, 40.362027 ], [ -111.950832, 40.362008 ], [ -111.956188, 40.362074 ], [ -111.959291, 40.362093 ], [ -111.964126, 40.362129 ], [ -111.968895, 40.362166 ], [ -111.971392, 40.362127 ], [ -111.974106, 40.362124 ], [ -111.975046, 40.362128 ], [ -111.97636, 40.362143 ], [ -111.97644, 40.361166 ], [ -111.977321, 40.360619 ], [ -111.978438, 40.359814 ], [ -111.979999, 40.3598 ], [ -111.980443, 40.358866 ], [ -111.981007, 40.357731 ], [ -111.979995, 40.357438 ], [ -111.978501, 40.357007 ], [ -111.979567, 40.355778 ], [ -111.98253, 40.352416 ], [ -111.983916, 40.348645 ], [ -111.986015, 40.342406 ], [ -111.9874, 40.338278 ], [ -111.990204, 40.334954 ], [ -111.991273, 40.334314 ], [ -111.992892, 40.333119 ], [ -111.995979, 40.332872 ], [ -112.001333, 40.339842 ], [ -112.001436, 40.339968 ], [ -112.004434, 40.339394 ], [ -112.006094, 40.339071 ], [ -112.006531, 40.338985 ], [ -112.006792, 40.338876 ], [ -112.007166, 40.338757 ], [ -112.007844, 40.338607 ], [ -112.008468, 40.338544 ], [ -112.009174, 40.338406 ], [ -112.009339, 40.338374 ], [ -112.009815, 40.338137 ], [ -112.010036, 40.338141 ], [ -112.010972, 40.338123 ], [ -112.012178, 40.33802 ], [ -112.013303, 40.337918 ], [ -112.015524, 40.337495 ], [ -112.015755, 40.337302 ], [ -112.016149, 40.336942 ], [ -112.021155, 40.336129 ], [ -112.021175, 40.332884 ], [ -112.024854, 40.332926 ], [ -112.024824, 40.329118 ], [ -112.033918, 40.327715 ], [ -112.043869, 40.325993 ], [ -112.043868, 40.331804 ], [ -112.043868, 40.333034 ], [ -112.040237, 40.333203 ], [ -112.040046, 40.364636 ], [ -112.039931, 40.376693 ], [ -112.039963, 40.379388 ], [ -112.042736, 40.380736 ], [ -112.050404, 40.384492 ], [ -112.049919, 40.386979 ], [ -112.051549, 40.388153 ], [ -112.052564, 40.391583 ], [ -112.058872, 40.391348 ], [ -112.059449, 40.391397 ], [ -112.077513, 40.391512 ], [ -112.078089, 40.391504 ], [ -112.084641, 40.391612 ], [ -112.097352, 40.391684 ], [ -112.097856, 40.391614 ], [ -112.11698, 40.391251 ], [ -112.116943, 40.392127 ], [ -112.117514, 40.392109 ], [ -112.117299, 40.40792 ], [ -112.117194, 40.421921 ], [ -112.117013, 40.437668 ], [ -112.116964, 40.449636 ], [ -112.116406, 40.451313 ], [ -112.119311, 40.452689 ], [ -112.121285, 40.454236 ], [ -112.122318, 40.456033 ], [ -112.124252, 40.458555 ], [ -112.125648, 40.458962 ], [ -112.127938, 40.461037 ], [ -112.130855, 40.462811 ], [ -112.131821, 40.464441 ], [ -112.1331, 40.464682 ], [ -112.134646, 40.466106 ], [ -112.137009, 40.466791 ], [ -112.138795, 40.46847 ], [ -112.141091, 40.468538 ], [ -112.143217, 40.470437 ], [ -112.14592, 40.470456 ], [ -112.147612, 40.469624 ], [ -112.148718, 40.469604 ], [ -112.150575, 40.468049 ], [ -112.153642, 40.468357 ], [ -112.156113, 40.466912 ], [ -112.155618, 40.466169 ], [ -112.15627, 40.464339 ], [ -112.159967, 40.461041 ], [ -112.164052, 40.462405 ], [ -112.165407, 40.462284 ], [ -112.171941, 40.465479 ], [ -112.172862, 40.467065 ], [ -112.176512, 40.46724 ], [ -112.179654, 40.468135 ], [ -112.1815, 40.467774 ], [ -112.184917, 40.468275 ], [ -112.19027, 40.468518 ], [ -112.192438, 40.465347 ], [ -112.1944, 40.463912 ], [ -112.195465, 40.462315 ], [ -112.197482, 40.462101 ], [ -112.203875, 40.460653 ], [ -112.20619, 40.460628 ], [ -112.207711, 40.459675 ], [ -112.209997, 40.459191 ], [ -112.212219, 40.459282 ], [ -112.212401, 40.456783 ], [ -112.213227, 40.455108 ], [ -112.214079, 40.451739 ], [ -112.21332, 40.450837 ], [ -112.21281, 40.449036 ], [ -112.213171, 40.444798 ], [ -112.21202, 40.441499 ], [ -112.210844, 40.440381 ], [ -112.210735, 40.438882 ], [ -112.209375, 40.434443 ], [ -112.209485, 40.433068 ], [ -112.208526, 40.431743 ], [ -112.204901, 40.431074 ], [ -112.204686, 40.429932 ], [ -112.202401, 40.427735 ], [ -112.198656, 40.425657 ], [ -112.19805, 40.423389 ], [ -112.195534, 40.421419 ], [ -112.194669, 40.421176 ], [ -112.195551, 40.41734 ], [ -112.197912, 40.414932 ], [ -112.197842, 40.412643 ], [ -112.198709, 40.410437 ], [ -112.198285, 40.409098 ], [ -112.198804, 40.406769 ], [ -112.199435, 40.405789 ], [ -112.199847, 40.403584 ], [ -112.198615, 40.401081 ], [ -112.198566, 40.399996 ], [ -112.200051, 40.397356 ], [ -112.199189, 40.39521 ], [ -112.199705, 40.392115 ], [ -112.199336, 40.390635 ], [ -112.201585, 40.388154 ], [ -112.200819, 40.384852 ], [ -112.199169, 40.382545 ], [ -112.197321, 40.381694 ], [ -112.195603, 40.380036 ], [ -112.194411, 40.379544 ], [ -112.192137, 40.376536 ], [ -112.190851, 40.374314 ], [ -112.188734, 40.372487 ], [ -112.190227, 40.370443 ], [ -112.191369, 40.370053 ], [ -112.193728, 40.367894 ], [ -112.193645, 40.365183 ], [ -112.194743, 40.362819 ], [ -112.194719, 40.36133 ], [ -112.193987, 40.359869 ], [ -112.190198, 40.357057 ], [ -112.189189, 40.355242 ], [ -112.188076, 40.354885 ], [ -112.18682, 40.351758 ], [ -112.185949, 40.350794 ], [ -112.185343, 40.348489 ], [ -112.181366, 40.345885 ], [ -112.180741, 40.343843 ], [ -112.179128, 40.341476 ], [ -112.178625, 40.339621 ], [ -112.177, 40.337255 ], [ -112.175533, 40.335837 ], [ -112.177199, 40.333817 ], [ -112.179935, 40.332135 ], [ -112.183216, 40.331867 ], [ -112.188036, 40.330146 ], [ -112.19106, 40.32939 ], [ -112.193268, 40.328121 ], [ -112.194403, 40.326725 ], [ -112.196233, 40.325693 ], [ -112.192889, 40.323369 ], [ -112.192714, 40.322715 ], [ -112.193662, 40.320061 ], [ -112.193702, 40.318345 ], [ -112.194595, 40.317579 ], [ -112.196449, 40.317258 ], [ -112.19706, 40.316723 ], [ -112.198461, 40.313206 ], [ -112.198246, 40.311332 ], [ -112.197394, 40.308751 ], [ -112.198605, 40.306915 ], [ -112.196601, 40.306415 ], [ -112.195585, 40.306171 ], [ -112.19208, 40.3041 ], [ -112.191852, 40.302828 ], [ -112.189799, 40.300142 ], [ -112.189502, 40.297654 ], [ -112.190146, 40.296059 ], [ -112.187947, 40.293864 ], [ -112.187356, 40.292036 ], [ -112.188461, 40.290602 ], [ -112.186495, 40.286858 ], [ -112.188439, 40.285702 ], [ -112.188214, 40.284947 ], [ -112.188114, 40.283258 ], [ -112.189234, 40.281645 ], [ -112.188406, 40.279444 ], [ -112.189015, 40.276938 ], [ -112.189102, 40.274153 ], [ -112.18905, 40.273541 ], [ -112.191466, 40.271823 ], [ -112.191712, 40.2701 ], [ -112.192898, 40.268939 ], [ -112.19221, 40.264892 ], [ -112.191588, 40.263628 ], [ -112.186575, 40.259098 ], [ -112.183843, 40.258132 ], [ -112.183518, 40.256775 ], [ -112.184062, 40.25534 ], [ -112.183288, 40.253344 ], [ -112.184458, 40.251665 ], [ -112.183911, 40.249963 ], [ -112.183089, 40.249702 ], [ -112.179499, 40.249444 ], [ -112.179651, 40.247741 ], [ -112.179006, 40.244722 ], [ -112.178856, 40.242231 ], [ -112.17917, 40.238553 ], [ -112.179764, 40.233947 ], [ -112.179693, 40.23224 ], [ -112.178725, 40.231407 ], [ -112.178429, 40.231221 ], [ -112.176929, 40.230035 ], [ -112.176803, 40.227891 ], [ -112.1753, 40.226553 ], [ -112.174354, 40.226632 ], [ -112.170803, 40.225876 ], [ -112.170214, 40.223624 ], [ -112.168621, 40.222028 ], [ -112.168407, 40.220872 ], [ -112.168992, 40.219637 ], [ -112.166236, 40.217894 ], [ -112.163724, 40.218361 ], [ -112.161532, 40.217059 ], [ -112.15884, 40.218005 ], [ -112.157151, 40.219288 ], [ -112.154594, 40.218561 ], [ -112.153457, 40.217685 ], [ -112.154974, 40.215512 ], [ -112.15443, 40.214747 ], [ -112.152708, 40.214403 ], [ -112.150893, 40.213399 ], [ -112.1495, 40.212004 ], [ -112.150475, 40.211008 ], [ -112.153124, 40.210174 ], [ -112.156379, 40.208421 ], [ -112.158581, 40.206629 ], [ -112.157985, 40.205815 ], [ -112.157242, 40.203232 ], [ -112.159365, 40.200959 ], [ -112.160499, 40.199245 ], [ -112.159426, 40.197915 ], [ -112.156505, 40.196911 ], [ -112.155042, 40.197446 ], [ -112.152066, 40.196814 ], [ -112.14862, 40.195678 ], [ -112.148941, 40.192463 ], [ -112.148714, 40.190484 ], [ -112.146838, 40.189655 ], [ -112.147746, 40.188786 ], [ -112.150499, 40.187682 ], [ -112.150815, 40.185517 ], [ -112.152276, 40.184754 ], [ -112.153373, 40.182158 ], [ -112.153214, 40.181305 ], [ -112.152568, 40.179001 ], [ -112.151009, 40.17892 ], [ -112.148803, 40.178242 ], [ -112.146712, 40.17835 ], [ -112.146856, 40.177817 ], [ -112.145758, 40.173954 ], [ -112.144444, 40.173581 ], [ -112.144751, 40.171716 ], [ -112.145701, 40.170959 ], [ -112.147635, 40.171495 ], [ -112.150077, 40.171695 ], [ -112.153054, 40.171039 ], [ -112.153755, 40.17088 ], [ -112.155899, 40.170168 ], [ -112.155079, 40.168551 ], [ -112.156047, 40.16673 ], [ -112.158071, 40.165282 ], [ -112.159177, 40.162973 ], [ -112.164409, 40.161975 ], [ -112.168628, 40.158536 ], [ -112.172567, 40.155949 ], [ -112.173894, 40.154685 ], [ -112.173961, 40.153797 ], [ -112.17225, 40.15089 ], [ -112.171273, 40.148703 ], [ -112.16793, 40.147137 ], [ -112.167862, 40.146291 ], [ -112.169478, 40.144631 ], [ -112.169939, 40.143059 ], [ -112.172236, 40.141197 ], [ -112.173209, 40.137039 ], [ -112.172798, 40.135971 ], [ -112.173387, 40.134681 ], [ -112.175049, 40.133434 ], [ -112.176175, 40.131689 ], [ -112.176101, 40.130806 ], [ -112.175067, 40.130146 ], [ -112.174577, 40.128884 ], [ -112.1721, 40.127162 ], [ -112.168758, 40.126712 ], [ -112.163614, 40.123189 ], [ -112.16429, 40.121457 ], [ -112.164286, 40.118887 ], [ -112.161686, 40.117364 ], [ -112.161176, 40.116601 ], [ -112.160859, 40.114321 ], [ -112.157414, 40.114098 ], [ -112.155752, 40.112664 ], [ -112.155914, 40.110793 ], [ -112.154908, 40.108796 ], [ -112.150892, 40.107298 ], [ -112.15105, 40.105291 ], [ -112.154197, 40.102661 ], [ -112.15428, 40.101205 ], [ -112.155699, 40.099011 ], [ -112.157179, 40.09796 ], [ -112.157543, 40.095433 ], [ -112.157834, 40.090198 ], [ -112.158354, 40.088822 ], [ -112.160774, 40.087802 ], [ -112.164856, 40.087801 ], [ -112.167255, 40.086093 ], [ -112.169878, 40.085497 ], [ -112.17141, 40.085551 ], [ -112.172621, 40.084571 ], [ -112.174548, 40.081834 ], [ -112.17406, 40.079699 ], [ -112.175961, 40.077716 ], [ -112.17437, 40.074524 ], [ -112.174008, 40.071088 ], [ -112.172451, 40.069796 ], [ -112.171935, 40.068788 ], [ -112.173212, 40.066194 ], [ -112.176835, 40.066161 ], [ -112.178089, 40.06714 ], [ -112.180199, 40.067042 ], [ -112.181955, 40.062164 ], [ -112.183769, 40.059964 ], [ -112.182512, 40.059135 ], [ -112.181688, 40.05629 ], [ -112.180011, 40.05427 ], [ -112.178975, 40.053779 ], [ -112.177548, 40.051035 ], [ -112.178114, 40.048794 ], [ -112.177098, 40.046347 ], [ -112.173783, 40.041248 ], [ -112.171981, 40.039484 ], [ -112.172804, 40.038264 ], [ -112.173301, 40.036178 ], [ -112.174868, 40.03527 ], [ -112.17408, 40.03272 ], [ -112.177079, 40.030589 ], [ -112.177557, 40.029501 ], [ -112.177026, 40.028509 ], [ -112.177853, 40.026133 ], [ -112.177621, 40.023763 ], [ -112.177866, 40.022331 ], [ -112.177017, 40.021815 ], [ -112.176894, 40.01943 ], [ -112.17815, 40.014803 ], [ -112.1798, 40.011656 ], [ -112.179393, 40.011416 ], [ -112.174359, 40.011044 ], [ -112.172762, 40.00911 ], [ -112.171742, 40.009066 ], [ -112.170402, 40.007823 ], [ -112.167204, 40.007486 ], [ -112.165531, 40.007624 ], [ -112.16424, 40.008256 ], [ -112.162373, 40.007881 ], [ -112.160026, 40.006758 ], [ -112.155396, 40.002033 ], [ -112.154804, 40.000428 ], [ -112.151956, 39.999162 ], [ -112.150594, 39.997589 ], [ -112.151349, 39.995085 ], [ -112.150865, 39.993455 ], [ -112.14883, 39.992993 ], [ -112.145964, 39.991819 ], [ -112.143515, 39.989892 ], [ -112.141987, 39.989642 ], [ -112.142337, 39.988188 ], [ -112.142067, 39.986708 ], [ -112.14035, 39.984914 ], [ -112.138678, 39.98418 ], [ -112.136239, 39.982437 ], [ -112.136102, 39.981213 ], [ -112.135122, 39.979326 ], [ -112.132375, 39.977345 ], [ -112.131923, 39.977088 ], [ -112.128229, 39.975384 ], [ -112.125711, 39.975012 ], [ -112.124338, 39.974106 ], [ -112.117848, 39.973582 ], [ -112.114054, 39.973967 ], [ -112.112074, 39.973552 ], [ -112.109867, 39.973799 ], [ -112.109615, 39.971739 ], [ -112.109801, 39.970566 ], [ -112.105971, 39.967529 ], [ -112.105348, 39.966333 ], [ -112.104004, 39.965319 ], [ -112.103602, 39.962971 ], [ -112.10282, 39.961672 ], [ -112.102813, 39.959508 ], [ -112.102424, 39.958888 ], [ -112.099095, 39.957436 ], [ -112.09799, 39.956916 ], [ -112.095724, 39.956773 ], [ -112.094135, 39.954474 ], [ -112.09428, 39.953685 ], [ -112.096249, 39.953446 ], [ -112.097205, 39.951405 ], [ -112.100549, 39.948918 ], [ -112.102528, 39.94826 ], [ -112.103421, 39.94699 ], [ -112.103781, 39.945347 ], [ -112.103213, 39.942437 ], [ -112.105541, 39.941231 ], [ -112.106259, 39.939305 ], [ -112.105972, 39.938356 ], [ -112.105483, 39.937427 ], [ -112.103689, 39.936334 ], [ -112.1025, 39.934845 ], [ -112.103405, 39.933621 ], [ -112.103086, 39.932312 ], [ -112.104308, 39.930805 ], [ -112.10359, 39.928767 ], [ -112.100824, 39.928194 ], [ -112.09887, 39.928109 ], [ -112.096325, 39.929236 ], [ -112.093279, 39.930162 ], [ -112.0926, 39.929248 ], [ -112.092596, 39.928037 ], [ -112.088815, 39.926492 ], [ -112.087967, 39.925387 ], [ -112.085248, 39.925494 ], [ -112.085139, 39.923044 ], [ -112.083032, 39.921888 ], [ -112.082753, 39.919823 ], [ -112.083197, 39.918247 ], [ -112.081169, 39.917684 ], [ -112.080583, 39.916941 ], [ -112.081692, 39.915197 ], [ -112.081256, 39.913147 ], [ -112.078962, 39.911614 ], [ -112.077802, 39.911368 ], [ -112.076451, 39.911115 ], [ -112.075675, 39.911284 ], [ -112.07393, 39.911143 ], [ -112.072928, 39.911341 ], [ -112.072213, 39.911317 ], [ -112.071014, 39.910626 ], [ -112.070397, 39.910036 ], [ -112.070124, 39.909137 ], [ -112.069172, 39.90838 ], [ -112.068365, 39.908009 ], [ -112.066983, 39.907528 ], [ -112.06651, 39.907202 ], [ -112.066341, 39.906542 ], [ -112.065097, 39.905968 ], [ -112.064147, 39.905359 ], [ -112.062552, 39.90468 ], [ -112.062214, 39.904084 ], [ -112.062193, 39.903444 ], [ -112.062473, 39.902648 ], [ -112.062345, 39.902317 ], [ -112.062641, 39.901408 ], [ -112.062555, 39.901098 ], [ -112.062039, 39.900644 ], [ -112.061766, 39.899946 ], [ -112.061754, 39.899245 ], [ -112.061504, 39.898594 ], [ -112.061106, 39.898141 ], [ -112.059922, 39.897235 ], [ -112.059159, 39.895895 ], [ -112.058528, 39.895621 ], [ -112.057771, 39.894705 ], [ -112.05694, 39.894235 ], [ -112.05432, 39.893885 ], [ -112.053524, 39.893482 ], [ -112.053581, 39.892977 ], [ -112.054498, 39.891383 ], [ -112.055542, 39.890833 ], [ -112.056002, 39.89068 ], [ -112.056677, 39.890115 ], [ -112.056735, 39.889267 ], [ -112.056906, 39.889026 ], [ -112.05775, 39.888781 ], [ -112.058215, 39.888538 ], [ -112.058558, 39.888021 ], [ -112.059556, 39.88717 ], [ -112.059328, 39.886402 ], [ -112.05944, 39.885753 ], [ -112.059906, 39.884851 ], [ -112.060394, 39.884248 ], [ -112.060175, 39.884069 ], [ -112.060074, 39.883392 ], [ -112.059644, 39.882223 ], [ -112.059693, 39.881245 ], [ -112.059147, 39.88038 ], [ -112.059131, 39.880052 ], [ -112.059439, 39.879963 ], [ -112.060079, 39.879313 ], [ -112.061252, 39.879298 ], [ -112.062213, 39.878636 ], [ -112.062893, 39.877918 ], [ -112.063245, 39.877248 ], [ -112.063404, 39.876607 ], [ -112.064861, 39.876269 ], [ -112.065999, 39.876132 ], [ -112.066382, 39.875958 ], [ -112.067015, 39.875329 ], [ -112.067202, 39.874923 ], [ -112.066979, 39.874276 ], [ -112.067081, 39.873776 ], [ -112.067507, 39.873404 ], [ -112.068233, 39.872335 ], [ -112.069448, 39.871567 ], [ -112.069802, 39.871245 ], [ -112.070375, 39.870066 ], [ -112.07084, 39.869708 ], [ -112.071632, 39.869539 ], [ -112.072379, 39.86983 ], [ -112.073402, 39.869237 ], [ -112.074232, 39.868466 ], [ -112.074602, 39.868006 ], [ -112.075753, 39.867199 ], [ -112.075917, 39.866514 ], [ -112.076221, 39.866159 ], [ -112.076951, 39.865902 ], [ -112.077912, 39.865895 ], [ -112.079085, 39.866092 ], [ -112.079699, 39.865634 ], [ -112.08122, 39.865081 ], [ -112.08141, 39.863287 ], [ -112.081559, 39.86269 ], [ -112.081345, 39.861984 ], [ -112.080802, 39.861293 ], [ -112.080593, 39.86073 ], [ -112.080511, 39.85904 ], [ -112.079511, 39.857669 ], [ -112.079499, 39.856711 ], [ -112.079872, 39.855949 ], [ -112.079983, 39.854909 ], [ -112.080444, 39.85391 ], [ -112.080614, 39.853317 ], [ -112.079141, 39.852746 ], [ -112.078828, 39.852694 ], [ -112.076954, 39.852892 ], [ -112.075657, 39.850654 ], [ -112.075158, 39.849869 ], [ -112.075318, 39.848863 ], [ -112.074089, 39.847501 ], [ -112.073948, 39.847075 ], [ -112.074173, 39.846514 ], [ -112.075217, 39.845266 ], [ -112.075288, 39.844955 ], [ -112.074873, 39.844281 ], [ -112.075022, 39.843033 ], [ -112.074934, 39.842608 ], [ -112.07519, 39.840751 ], [ -112.075097, 39.840022 ], [ -112.075215, 39.839693 ], [ -112.074259, 39.839688 ], [ -112.07195, 39.838966 ], [ -112.071708, 39.838383 ], [ -112.070801, 39.838265 ], [ -112.070292, 39.837891 ], [ -112.069751, 39.836409 ], [ -112.070001, 39.835299 ], [ -112.069834, 39.834693 ], [ -112.069513, 39.834367 ], [ -112.069256, 39.833815 ], [ -112.06774, 39.83305 ], [ -112.066925, 39.832248 ], [ -112.06659, 39.831632 ], [ -112.065727, 39.830694 ], [ -112.065415, 39.830039 ], [ -112.065761, 39.829632 ], [ -112.067595, 39.828587 ], [ -112.068262, 39.827531 ], [ -112.06865, 39.824279 ], [ -112.069322, 39.822402 ], [ -112.069902, 39.819894 ], [ -112.071432, 39.818325 ], [ -112.070988, 39.81609 ], [ -112.071338, 39.81452 ], [ -112.072647, 39.81303 ], [ -112.072709, 39.812142 ], [ -112.075439, 39.811162 ], [ -112.077188, 39.809834 ], [ -112.07788, 39.808494 ], [ -112.077624, 39.80706 ], [ -112.078253, 39.805477 ], [ -112.080036, 39.802587 ], [ -112.079658, 39.801549 ], [ -112.078127, 39.801532 ], [ -112.076677, 39.800311 ], [ -112.078946, 39.797808 ], [ -112.079441, 39.796673 ], [ -112.081714, 39.794129 ], [ -112.085149, 39.791569 ], [ -112.087265, 39.790626 ], [ -112.086791, 39.788328 ], [ -112.087438, 39.786034 ], [ -112.088557, 39.785501 ], [ -112.088141, 39.784654 ], [ -112.089843, 39.781928 ], [ -112.082956, 39.78126 ], [ -112.080511, 39.781336 ], [ -112.080196, 39.780248 ], [ -112.078683, 39.778845 ], [ -112.075094, 39.7785 ], [ -112.074461, 39.779091 ], [ -112.072608, 39.778207 ], [ -112.06887, 39.777377 ], [ -112.067678, 39.777699 ], [ -112.06616, 39.779942 ], [ -112.063579, 39.781918 ], [ -112.06095, 39.782153 ], [ -112.060275, 39.780715 ], [ -112.057801, 39.778624 ], [ -112.055035, 39.777125 ], [ -112.053244, 39.777258 ], [ -112.050724, 39.776254 ], [ -112.04996, 39.77668 ], [ -112.047184, 39.776849 ], [ -112.044657, 39.779643 ], [ -112.044423, 39.78151 ], [ -112.041561, 39.783427 ], [ -112.037461, 39.783287 ], [ -112.03097, 39.7811 ], [ -112.030253, 39.781276 ], [ -112.029217, 39.782186 ], [ -112.0262, 39.782686 ], [ -112.025535, 39.785578 ], [ -112.024734, 39.786414 ], [ -112.022475, 39.786179 ], [ -112.019803, 39.787085 ], [ -112.018113, 39.790045 ], [ -112.016641, 39.790839 ], [ -112.016031, 39.791798 ], [ -112.013932, 39.791978 ], [ -112.012214, 39.793604 ], [ -112.009647, 39.795331 ], [ -112.007452, 39.794374 ], [ -112.004469, 39.795591 ], [ -112.003353, 39.797053 ], [ -112.003292, 39.799882 ], [ -112.000221, 39.800956 ], [ -111.998482, 39.800862 ], [ -111.996222, 39.801605 ], [ -111.994916, 39.801482 ], [ -111.992984, 39.803436 ], [ -111.990596, 39.80502 ], [ -111.989715, 39.807023 ], [ -111.989892, 39.811295 ], [ -111.989354, 39.811709 ], [ -111.987339, 39.810786 ], [ -111.983046, 39.8099 ], [ -111.981648, 39.809371 ], [ -111.979815, 39.808052 ], [ -111.975548, 39.807043 ], [ -111.971798, 39.806765 ], [ -111.969467, 39.807108 ], [ -111.969392, 39.808452 ], [ -111.96621, 39.811469 ], [ -111.964572, 39.813682 ], [ -111.964192, 39.81505 ], [ -111.962715, 39.815958 ], [ -111.963905, 39.817623 ], [ -111.963166, 39.818834 ], [ -111.963922, 39.821332 ], [ -111.963135, 39.823438 ], [ -111.964868, 39.825274 ], [ -111.963928, 39.827399 ], [ -111.962491, 39.827961 ], [ -111.961439, 39.829195 ], [ -111.95834, 39.835539 ], [ -111.957169, 39.836835 ], [ -111.954614, 39.835437 ], [ -111.951982, 39.834463 ], [ -111.950415, 39.834368 ], [ -111.94891, 39.836669 ], [ -111.949289, 39.838305 ], [ -111.95005, 39.839006 ], [ -111.94852, 39.841785 ], [ -111.94796, 39.844944 ], [ -111.94788, 39.847112 ], [ -111.948279, 39.84899 ], [ -111.946658, 39.850567 ], [ -111.943487, 39.85157 ], [ -111.941747, 39.852865 ], [ -111.939721, 39.853632 ], [ -111.938506, 39.85494 ], [ -111.937091, 39.855365 ], [ -111.937352, 39.856718 ], [ -111.938126, 39.857415 ], [ -111.937752, 39.85836 ], [ -111.936236, 39.859071 ], [ -111.935417, 39.860303 ], [ -111.934147, 39.861101 ], [ -111.933632, 39.862326 ], [ -111.931292, 39.864359 ], [ -111.928917, 39.864817 ], [ -111.927884, 39.865164 ], [ -111.927647, 39.867191 ], [ -111.926071, 39.868548 ], [ -111.925251, 39.870617 ], [ -111.92595, 39.870938 ], [ -111.926616, 39.872672 ], [ -111.921682, 39.874482 ], [ -111.922043, 39.875451 ], [ -111.921057, 39.880154 ], [ -111.919017, 39.881553 ], [ -111.917751, 39.881766 ], [ -111.91707, 39.882907 ], [ -111.915331, 39.883654 ], [ -111.913131, 39.887911 ], [ -111.913014, 39.888768 ], [ -111.909685, 39.892181 ], [ -111.909464, 39.894571 ], [ -111.904433, 39.89652 ], [ -111.903725, 39.897918 ], [ -111.902803, 39.898506 ], [ -111.900354, 39.898701 ], [ -111.896173, 39.897404 ], [ -111.895606, 39.8977 ], [ -111.894749, 39.897939 ], [ -111.89194, 39.897955 ], [ -111.891132, 39.898353 ], [ -111.890962, 39.899907 ], [ -111.889861, 39.901818 ], [ -111.887931, 39.902711 ], [ -111.884708, 39.903628 ], [ -111.882422, 39.905506 ], [ -111.881551, 39.907404 ], [ -111.877645, 39.906182 ], [ -111.874068, 39.907263 ], [ -111.867677, 39.906536 ], [ -111.866198, 39.90575 ], [ -111.865137, 39.907366 ], [ -111.861883, 39.909584 ], [ -111.858494, 39.910366 ], [ -111.858017, 39.911536 ], [ -111.858991, 39.914741 ], [ -111.858429, 39.915373 ], [ -111.856198, 39.91453 ], [ -111.853006, 39.915345 ], [ -111.850499, 39.916321 ], [ -111.8475, 39.918519 ], [ -111.845899, 39.919243 ], [ -111.845947, 39.92037 ], [ -111.844965, 39.921856 ], [ -111.842775, 39.922478 ], [ -111.840706, 39.923844 ], [ -111.838351, 39.923177 ], [ -111.83642, 39.924174 ], [ -111.833626, 39.923945 ], [ -111.833027, 39.925578 ], [ -111.832777, 39.928632 ], [ -111.83177, 39.930414 ], [ -111.831785, 39.932675 ], [ -111.832703, 39.935583 ], [ -111.832711, 39.936691 ], [ -111.831342, 39.93849 ], [ -111.830544, 39.939208 ], [ -111.830591, 39.9404 ], [ -111.828559, 39.944681 ], [ -111.827106, 39.947002 ], [ -111.82529, 39.947696 ], [ -111.823919, 39.947696 ], [ -111.823252, 39.946249 ], [ -111.820844, 39.94361 ], [ -111.816896, 39.94225 ], [ -111.81654, 39.942099 ], [ -111.813777, 39.941385 ], [ -111.811116, 39.939738 ], [ -111.80964, 39.942436 ], [ -111.802768, 39.950719 ], [ -111.801013, 39.952837 ], [ -111.797639, 39.95659 ], [ -111.794265, 39.959473 ], [ -111.785066, 39.966103 ], [ -111.784092, 39.966795 ], [ -111.780894, 39.969098 ], [ -111.778594, 39.970754 ], [ -111.776236, 39.97244 ], [ -111.772565, 39.975588 ], [ -111.769213, 39.979385 ], [ -111.767141, 39.982592 ], [ -111.765307, 39.986519 ], [ -111.765194, 39.986855 ], [ -111.764035, 39.991577 ], [ -111.763452, 39.997316 ], [ -111.763113, 39.997333 ], [ -111.762426, 40.004648 ], [ -111.762734, 40.00465 ], [ -111.762513, 40.007402 ], [ -111.7626, 40.011975 ], [ -111.762636, 40.014166 ], [ -111.762669, 40.016105 ], [ -111.763072, 40.016113 ], [ -111.765011, 40.01615 ], [ -111.768196, 40.016115 ], [ -111.769103, 40.018724 ], [ -111.772205, 40.018753 ], [ -111.774847, 40.018751 ], [ -111.777315, 40.018732 ], [ -111.777328, 40.020052 ], [ -111.774831, 40.020043 ], [ -111.7747, 40.020988 ], [ -111.776368, 40.020986 ], [ -111.776375, 40.022665 ], [ -111.778219, 40.022689 ], [ -111.778241, 40.025939 ], [ -111.778228, 40.026516 ], [ -111.787031, 40.026443 ], [ -111.787064, 40.028256 ], [ -111.787095, 40.030062 ], [ -111.795666, 40.030017 ], [ -111.796399, 40.029842 ], [ -111.815242, 40.029691 ], [ -111.815331, 40.037372 ], [ -111.81537, 40.040754 ], [ -111.80417, 40.040838 ], [ -111.800723, 40.040878 ], [ -111.796657, 40.040891 ], [ -111.796635, 40.037236 ], [ -111.787184, 40.037327 ], [ -111.787173, 40.035648 ], [ -111.787173, 40.035502 ], [ -111.785364, 40.035501 ], [ -111.785271, 40.03686 ], [ -111.780068, 40.036895 ], [ -111.78009, 40.039678 ], [ -111.778293, 40.039683 ], [ -111.778286, 40.038098 ], [ -111.777632, 40.038116 ], [ -111.77419, 40.038172 ], [ -111.774291, 40.041072 ], [ -111.769902, 40.041109 ], [ -111.764544, 40.04116 ], [ -111.763247, 40.041152 ], [ -111.762628, 40.041149 ], [ -111.762177, 40.042814 ], [ -111.760531, 40.042409 ], [ -111.759893, 40.043485 ], [ -111.759954, 40.043495 ], [ -111.759954, 40.043664 ], [ -111.759967, 40.043664 ], [ -111.759987, 40.043661 ], [ -111.760194, 40.043629 ], [ -111.760525, 40.04359 ], [ -111.760611, 40.043583 ], [ -111.76058, 40.044027 ], [ -111.75994, 40.044024 ], [ -111.759965, 40.043808 ], [ -111.759953, 40.043808 ], [ -111.759954, 40.043798 ], [ -111.759894, 40.043799 ], [ -111.75979, 40.043798 ], [ -111.759583, 40.048519 ], [ -111.763187, 40.048494 ], [ -111.763215, 40.050121 ], [ -111.759743, 40.050142 ], [ -111.758775, 40.050158 ], [ -111.758785, 40.051134 ], [ -111.757579, 40.051065 ], [ -111.757544, 40.048655 ], [ -111.754457, 40.048649 ], [ -111.753652, 40.049532 ], [ -111.752594, 40.050667 ], [ -111.751778, 40.050666 ], [ -111.751755, 40.050965 ], [ -111.747977, 40.050773 ], [ -111.743204, 40.050862 ], [ -111.740857, 40.050906 ], [ -111.740828, 40.05237 ], [ -111.738285, 40.052346 ], [ -111.738288, 40.056049 ], [ -111.735776, 40.056016 ], [ -111.735847, 40.060749 ], [ -111.736094, 40.063501 ], [ -111.734693, 40.063495 ], [ -111.734453, 40.065148 ], [ -111.734841, 40.067372 ], [ -111.734386, 40.067384 ], [ -111.734786, 40.069632 ], [ -111.733706, 40.070755 ], [ -111.732207, 40.070716 ], [ -111.725027, 40.070667 ], [ -111.72119, 40.070634 ], [ -111.72121, 40.069183 ], [ -111.719456, 40.069147 ], [ -111.71777, 40.070838 ], [ -111.717579, 40.070671 ], [ -111.715464, 40.072741 ], [ -111.715313, 40.072887 ], [ -111.710289, 40.077853 ], [ -111.708494, 40.079457 ], [ -111.70669, 40.080998 ], [ -111.703008, 40.0837 ], [ -111.701233, 40.085358 ], [ -111.701913, 40.085361 ], [ -111.70224, 40.085363 ], [ -111.697831, 40.090275 ], [ -111.695436, 40.093071 ], [ -111.692977, 40.095482 ], [ -111.692805, 40.095645 ], [ -111.692794, 40.095659 ], [ -111.692915, 40.095659 ], [ -111.693201, 40.095662 ], [ -111.69335, 40.095658 ], [ -111.693453, 40.096033 ], [ -111.6906, 40.098302 ], [ -111.688195, 40.100301 ], [ -111.687957, 40.100247 ], [ -111.683707, 40.103615 ], [ -111.677953, 40.108012 ], [ -111.674821, 40.110362 ], [ -111.674122, 40.110918 ], [ -111.668496, 40.115491 ], [ -111.667729, 40.116071 ], [ -111.669701, 40.117022 ], [ -111.670553, 40.118284 ], [ -111.673415, 40.120276 ], [ -111.674378, 40.122208 ], [ -111.673121, 40.122961 ], [ -111.672886, 40.122961 ], [ -111.66981, 40.12473 ], [ -111.669798, 40.124599 ], [ -111.667379, 40.12593 ], [ -111.663617, 40.128334 ], [ -111.660027, 40.130511 ], [ -111.659989, 40.1323 ], [ -111.66492, 40.132317 ], [ -111.665164, 40.130475 ], [ -111.667726, 40.132334 ], [ -111.66985, 40.132319 ], [ -111.66981, 40.134103 ], [ -111.673715, 40.133109 ], [ -111.673717, 40.133238 ], [ -111.673796, 40.140346 ], [ -111.673841, 40.144091 ], [ -111.673902, 40.147994 ], [ -111.676787, 40.147987 ], [ -111.676785, 40.147164 ], [ -111.680493, 40.147113 ], [ -111.680764, 40.149554 ], [ -111.680825, 40.15333 ], [ -111.681381, 40.154286 ], [ -111.679081, 40.154274 ], [ -111.679097, 40.154941 ], [ -111.674013, 40.155014 ], [ -111.669262, 40.155007 ], [ -111.669348, 40.158528 ], [ -111.669352, 40.166048 ], [ -111.669527, 40.177396 ], [ -111.66946, 40.178386 ], [ -111.670386, 40.177822 ], [ -111.671794, 40.175919 ], [ -111.67374, 40.175897 ], [ -111.674063, 40.177085 ], [ -111.675622, 40.177869 ], [ -111.680059, 40.176896 ], [ -111.684103, 40.17441 ], [ -111.688445, 40.175194 ], [ -111.691835, 40.176758 ], [ -111.694006, 40.176528 ], [ -111.695757, 40.177024 ], [ -111.698141, 40.175874 ], [ -111.699826, 40.173788 ], [ -111.703477, 40.17017 ], [ -111.705981, 40.168337 ], [ -111.708202, 40.167592 ], [ -111.710366, 40.165876 ], [ -111.712004, 40.163613 ], [ -111.712487, 40.161354 ], [ -111.714884, 40.160991 ], [ -111.717126, 40.162239 ], [ -111.717332, 40.165196 ], [ -111.718184, 40.166302 ], [ -111.720645, 40.166402 ], [ -111.72206, 40.167361 ], [ -111.720894, 40.170378 ], [ -111.72121, 40.17116 ], [ -111.720551, 40.172864 ], [ -111.718219, 40.175669 ], [ -111.717889, 40.177139 ], [ -111.718749, 40.1787 ], [ -111.726217, 40.180552 ], [ -111.728665, 40.181514 ], [ -111.730941, 40.183125 ], [ -111.732901, 40.183012 ], [ -111.734408, 40.182424 ], [ -111.737203, 40.180668 ], [ -111.73833, 40.179321 ], [ -111.739202, 40.176637 ], [ -111.738872, 40.174118 ], [ -111.737054, 40.172127 ], [ -111.738039, 40.170569 ], [ -111.739192, 40.169825 ], [ -111.743749, 40.167688 ], [ -111.748203, 40.167068 ], [ -111.748455, 40.166912 ], [ -111.74877, 40.166439 ], [ -111.749766, 40.160386 ], [ -111.7485, 40.157853 ], [ -111.747962, 40.156011 ], [ -111.748111, 40.154603 ], [ -111.749594, 40.152724 ], [ -111.751969, 40.151172 ], [ -111.75376, 40.149386 ], [ -111.757277, 40.148046 ], [ -111.760352, 40.146495 ], [ -111.766341, 40.14422 ], [ -111.77067, 40.143177 ], [ -111.77271, 40.142224 ], [ -111.778608, 40.140916 ], [ -111.784588, 40.139589 ], [ -111.79152, 40.138466 ], [ -111.795889, 40.13812 ], [ -111.799937, 40.138819 ], [ -111.799809, 40.140788 ], [ -111.798451, 40.142509 ], [ -111.799378, 40.144079 ], [ -111.805093, 40.145508 ], [ -111.806347, 40.145982 ], [ -111.811182, 40.14562 ], [ -111.812582, 40.144939 ], [ -111.81426, 40.148389 ], [ -111.817493, 40.157879 ], [ -111.818829, 40.160593 ], [ -111.820385, 40.162823 ], [ -111.824883, 40.167118 ], [ -111.826546, 40.170098 ], [ -111.827728, 40.174254 ], [ -111.82678, 40.176455 ], [ -111.824951, 40.184759 ], [ -111.822161, 40.194844 ], [ -111.822084, 40.204945 ], [ -111.821961, 40.210987 ], [ -111.820481, 40.219124 ], [ -111.818828, 40.229043 ], [ -111.816353, 40.249952 ], [ -111.854709, 40.257002 ], [ -111.855582, 40.258159 ], [ -111.85475, 40.259215 ], [ -111.85619, 40.260191 ], [ -111.855358, 40.261487 ], [ -111.855806, 40.262159 ], [ -111.85427, 40.264543 ], [ -111.850445, 40.266954 ], [ -111.848977, 40.267174 ], [ -111.8492, 40.266529 ], [ -111.847711, 40.26685 ], [ -111.847643, 40.267753 ], [ -111.846438, 40.268597 ], [ -111.849592, 40.268693 ], [ -111.85235, 40.267615 ], [ -111.854846, 40.267791 ], [ -111.855807, 40.268219 ], [ -111.866943, 40.267923 ], [ -111.875929, 40.267844 ], [ -111.875948, 40.265004 ], [ -111.875952, 40.264324 ], [ -111.879498, 40.264312 ], [ -111.879474, 40.262272 ], [ -111.879638, 40.260672 ], [ -111.886091, 40.260645 ], [ -111.886081, 40.271485 ], [ -111.886991, 40.271483 ], [ -111.893186, 40.271484 ], [ -111.900036, 40.271484 ], [ -111.900263, 40.275093 ], [ -111.905771, 40.275095 ], [ -111.905772, 40.275293 ], [ -111.90576, 40.28465 ], [ -111.905759, 40.290258 ], [ -111.905754, 40.290401 ], [ -111.905755, 40.293138 ], [ -111.906856, 40.293138 ], [ -111.908123, 40.293138 ], [ -111.915527, 40.293141 ], [ -111.915556, 40.296747 ], [ -111.920274, 40.296746 ], [ -111.920528, 40.308211 ], [ -111.920527, 40.308642 ], [ -111.920525, 40.311166 ], [ -111.915615, 40.311169 ], [ -111.915616, 40.307557 ], [ -111.912334, 40.307558 ], [ -111.905793, 40.307561 ], [ -111.905768, 40.309952 ], [ -111.905768, 40.311515 ], [ -111.905767, 40.312582 ], [ -111.905766, 40.315948 ], [ -111.905766, 40.316531 ], [ -111.905765, 40.318387 ], [ -111.907925, 40.318386 ], [ -111.908377, 40.318386 ], [ -111.909122, 40.318386 ], [ -111.915507, 40.318383 ], [ -111.924095, 40.31839 ], [ -111.925461, 40.318392 ], [ -111.925447, 40.329201 ], [ -111.925455, 40.330029 ], [ -111.925449, 40.330803 ], [ -111.926728, 40.331358 ], [ -111.92671, 40.331968 ], [ -111.92702, 40.332836 ], [ -111.927736, 40.332852 ], [ -111.928355, 40.332876 ], [ -111.935292, 40.332831 ], [ -111.935399, 40.339688 ], [ -111.935406, 40.340129 ], [ -111.945091, 40.340116 ], [ -111.947201, 40.340133 ], [ -111.954604, 40.340165 ], [ -111.954635, 40.332814 ], [ -111.958696, 40.332819 ], [ -111.9594, 40.333965 ], [ -111.959393, 40.335129 ], [ -111.959354, 40.343844 ], [ -111.956359, 40.34383 ], [ -111.950418, 40.343804 ], [ -111.945076, 40.343771 ], [ -111.945062, 40.347364 ] ] ] ] } },
{ "type": "Feature", "properties": { "id": 65, "NAME": "65", "TotalPop": 42317, "PopDevPct": -0.02990602, "DemPct": 0.25886624, "RepPct": 0.70748394, "WhitePct": 0.83456194, "MinorityPct": 0.16543806, "BlackPct": 0.01381122, "HispanicPct": 0.09731401, "PacificPct": 0.01559058, "AsianPct": 0.02380952, "NativePct": 0.01800542, "TotalVAP": 23604, "Margin": -0.4486177, "color": "#960018", "opacity": "0.5", "DemPct2": 0.22873497, "RepPct2": 0.71602748, "Margin2": -0.48729251, "Swing": 0.03867481, "R_Margin": -0.2499086496, "R_Margin2": -0.28274538413333339, "R_Swing": 0.032836734533333398, "Majority": "White" }, "geometry": { "type": "MultiPolygon", "coordinates": [ [ [ [ -111.916887, 40.391236 ], [ -111.91772, 40.394107 ], [ -111.917895, 40.394712 ], [ -111.917061, 40.395186 ], [ -111.913554, 40.39852 ], [ -111.914932, 40.399064 ], [ -111.912254, 40.400444 ], [ -111.911984, 40.400582 ], [ -111.912024, 40.405909 ], [ -111.917073, 40.405879 ], [ -111.917081, 40.407308 ], [ -111.916309, 40.408528 ], [ -111.916321, 40.408986 ], [ -111.916329, 40.40944 ], [ -111.919968, 40.409509 ], [ -111.922076, 40.409498 ], [ -111.923898, 40.409484 ], [ -111.925901, 40.409476 ], [ -111.925931, 40.41311 ], [ -111.926693, 40.413117 ], [ -111.926725, 40.415903 ], [ -111.927247, 40.416772 ], [ -111.935422, 40.416729 ], [ -111.940906, 40.4167 ], [ -111.943008, 40.416698 ], [ -111.944908, 40.416691 ], [ -111.944925, 40.420331 ], [ -111.942573, 40.420347 ], [ -111.940698, 40.420355 ], [ -111.940265, 40.425055 ], [ -111.939089, 40.426813 ], [ -111.938144, 40.429568 ], [ -111.945117, 40.425599 ], [ -111.946454, 40.424594 ], [ -111.948458, 40.424174 ], [ -111.950108, 40.423349 ], [ -111.953027, 40.42301 ], [ -111.954386, 40.421552 ], [ -111.957708, 40.421763 ], [ -111.958682, 40.419287 ], [ -111.960041, 40.418393 ], [ -111.962019, 40.418952 ], [ -111.9644, 40.419131 ], [ -111.966483, 40.419889 ], [ -111.967959, 40.419732 ], [ -111.969617, 40.41862 ], [ -111.973661, 40.417257 ], [ -111.978658, 40.417091 ], [ -111.979204, 40.415841 ], [ -111.981033, 40.415095 ], [ -111.981962, 40.414169 ], [ -111.982469, 40.414599 ], [ -111.984462, 40.417218 ], [ -111.986205, 40.41837 ], [ -111.988766, 40.418638 ], [ -111.990679, 40.419269 ], [ -111.992453, 40.420363 ], [ -111.992573, 40.424018 ], [ -111.993921, 40.424548 ], [ -111.997178, 40.424119 ], [ -111.999245, 40.424129 ], [ -112.001746, 40.426623 ], [ -112.003573, 40.427069 ], [ -112.005642, 40.426483 ], [ -112.006569, 40.426705 ], [ -112.006579, 40.428433 ], [ -112.008814, 40.431445 ], [ -112.009011, 40.432761 ], [ -112.006915, 40.433652 ], [ -112.006624, 40.435215 ], [ -112.010099, 40.436212 ], [ -112.010634, 40.4372 ], [ -112.012728, 40.436682 ], [ -112.014263, 40.435444 ], [ -112.016208, 40.434985 ], [ -112.018543, 40.436355 ], [ -112.021623, 40.439165 ], [ -112.022199, 40.441363 ], [ -112.024415, 40.442997 ], [ -112.024798, 40.444394 ], [ -112.024324, 40.445207 ], [ -112.022937, 40.445531 ], [ -112.020338, 40.447271 ], [ -112.022768, 40.448322 ], [ -112.024644, 40.450399 ], [ -112.0293, 40.450108 ], [ -112.031475, 40.450547 ], [ -112.030415, 40.453891 ], [ -112.03152, 40.456171 ], [ -112.0319, 40.456565 ], [ -112.03288, 40.458254 ], [ -112.032543, 40.460127 ], [ -112.033148, 40.462552 ], [ -112.034028, 40.462929 ], [ -112.035463, 40.463908 ], [ -112.03817, 40.464623 ], [ -112.040158, 40.462818 ], [ -112.041635, 40.460696 ], [ -112.043562, 40.45961 ], [ -112.045084, 40.458964 ], [ -112.04577, 40.457437 ], [ -112.047086, 40.456637 ], [ -112.054242, 40.454923 ], [ -112.05771, 40.45381 ], [ -112.059379, 40.452994 ], [ -112.059672, 40.452297 ], [ -112.060701, 40.450652 ], [ -112.061605, 40.450063 ], [ -112.065173, 40.448804 ], [ -112.066561, 40.446509 ], [ -112.070943, 40.445687 ], [ -112.071864, 40.44676 ], [ -112.076604, 40.447151 ], [ -112.078786, 40.446615 ], [ -112.08038, 40.44697 ], [ -112.081427, 40.448248 ], [ -112.083211, 40.447623 ], [ -112.085042, 40.447598 ], [ -112.08751, 40.448368 ], [ -112.088666, 40.447836 ], [ -112.093551, 40.44783 ], [ -112.095038, 40.447175 ], [ -112.096845, 40.447036 ], [ -112.101169, 40.445545 ], [ -112.10208, 40.444736 ], [ -112.104581, 40.442591 ], [ -112.106375, 40.442166 ], [ -112.11003, 40.44041 ], [ -112.111691, 40.439084 ], [ -112.112445, 40.439249 ], [ -112.114424, 40.441289 ], [ -112.114619, 40.443292 ], [ -112.114148, 40.445738 ], [ -112.113417, 40.447461 ], [ -112.114087, 40.449229 ], [ -112.114251, 40.450016 ], [ -112.116406, 40.451313 ], [ -112.116964, 40.449636 ], [ -112.117013, 40.437668 ], [ -112.117194, 40.421921 ], [ -112.117299, 40.40792 ], [ -112.117514, 40.392109 ], [ -112.116943, 40.392127 ], [ -112.11698, 40.391251 ], [ -112.097856, 40.391614 ], [ -112.097352, 40.391684 ], [ -112.084641, 40.391612 ], [ -112.078089, 40.391504 ], [ -112.077513, 40.391512 ], [ -112.059449, 40.391397 ], [ -112.058872, 40.391348 ], [ -112.052564, 40.391583 ], [ -112.051549, 40.388153 ], [ -112.049919, 40.386979 ], [ -112.050404, 40.384492 ], [ -112.042736, 40.380736 ], [ -112.039963, 40.379388 ], [ -112.039931, 40.376693 ], [ -112.040046, 40.364636 ], [ -112.040237, 40.333203 ], [ -112.043868, 40.333034 ], [ -112.043868, 40.331804 ], [ -112.043869, 40.325993 ], [ -112.033918, 40.327715 ], [ -112.024824, 40.329118 ], [ -112.024854, 40.332926 ], [ -112.021175, 40.332884 ], [ -112.021155, 40.336129 ], [ -112.016149, 40.336942 ], [ -112.015755, 40.337302 ], [ -112.015524, 40.337495 ], [ -112.013303, 40.337918 ], [ -112.012178, 40.33802 ], [ -112.010972, 40.338123 ], [ -112.010036, 40.338141 ], [ -112.009815, 40.338137 ], [ -112.009339, 40.338374 ], [ -112.009174, 40.338406 ], [ -112.008468, 40.338544 ], [ -112.007844, 40.338607 ], [ -112.007166, 40.338757 ], [ -112.006792, 40.338876 ], [ -112.006531, 40.338985 ], [ -112.006094, 40.339071 ], [ -112.004434, 40.339394 ], [ -112.001436, 40.339968 ], [ -112.001333, 40.339842 ], [ -111.995979, 40.332872 ], [ -111.992892, 40.333119 ], [ -111.991273, 40.334314 ], [ -111.990204, 40.334954 ], [ -111.9874, 40.338278 ], [ -111.986015, 40.342406 ], [ -111.983916, 40.348645 ], [ -111.98253, 40.352416 ], [ -111.979567, 40.355778 ], [ -111.978501, 40.357007 ], [ -111.979995, 40.357438 ], [ -111.981007, 40.357731 ], [ -111.980443, 40.358866 ], [ -111.979999, 40.3598 ], [ -111.978438, 40.359814 ], [ -111.977321, 40.360619 ], [ -111.97644, 40.361166 ], [ -111.97636, 40.362143 ], [ -111.975046, 40.362128 ], [ -111.974106, 40.362124 ], [ -111.971392, 40.362127 ], [ -111.968895, 40.362166 ], [ -111.964126, 40.362129 ], [ -111.959291, 40.362093 ], [ -111.956188, 40.362074 ], [ -111.950832, 40.362008 ], [ -111.949901, 40.362027 ], [ -111.947223, 40.362067 ], [ -111.945132, 40.362078 ], [ -111.94505, 40.359342 ], [ -111.945026, 40.356193 ], [ -111.945079, 40.350061 ], [ -111.945062, 40.347364 ], [ -111.945076, 40.343771 ], [ -111.950418, 40.343804 ], [ -111.956359, 40.34383 ], [ -111.959354, 40.343844 ], [ -111.959393, 40.335129 ], [ -111.9594, 40.333965 ], [ -111.958696, 40.332819 ], [ -111.954635, 40.332814 ], [ -111.954604, 40.340165 ], [ -111.947201, 40.340133 ], [ -111.945091, 40.340116 ], [ -111.935406, 40.340129 ], [ -111.935399, 40.339688 ], [ -111.935292, 40.332831 ], [ -111.928355, 40.332876 ], [ -111.927736, 40.332852 ], [ -111.92702, 40.332836 ], [ -111.92671, 40.331968 ], [ -111.926728, 40.331358 ], [ -111.925449, 40.330803 ], [ -111.925455, 40.330029 ], [ -111.925447, 40.329201 ], [ -111.925461, 40.318392 ], [ -111.924095, 40.31839 ], [ -111.915507, 40.318383 ], [ -111.909122, 40.318386 ], [ -111.908377, 40.318386 ], [ -111.907925, 40.318386 ], [ -111.905765, 40.318387 ], [ -111.905766, 40.316531 ], [ -111.905766, 40.315948 ], [ -111.905767, 40.312582 ], [ -111.904449, 40.312728 ], [ -111.901361, 40.313595 ], [ -111.900115, 40.313179 ], [ -111.89795, 40.312322 ], [ -111.896102, 40.312698 ], [ -111.895882, 40.314389 ], [ -111.895648, 40.315085 ], [ -111.894702, 40.315715 ], [ -111.895675, 40.316685 ], [ -111.899807, 40.319088 ], [ -111.900699, 40.320111 ], [ -111.903941, 40.324333 ], [ -111.908039, 40.329258 ], [ -111.908192, 40.329478 ], [ -111.908609, 40.330076 ], [ -111.910714, 40.331809 ], [ -111.913239, 40.333704 ], [ -111.915701, 40.336132 ], [ -111.915812, 40.337117 ], [ -111.915918, 40.338391 ], [ -111.916009, 40.340223 ], [ -111.916229, 40.344341 ], [ -111.916261, 40.344974 ], [ -111.916302, 40.345762 ], [ -111.91637, 40.347089 ], [ -111.916391, 40.34748 ], [ -111.916395, 40.348273 ], [ -111.916358, 40.352407 ], [ -111.916321, 40.3548 ], [ -111.916231, 40.361996 ], [ -111.916286, 40.366224 ], [ -111.916408, 40.369444 ], [ -111.916357, 40.372749 ], [ -111.911382, 40.372771 ], [ -111.908535, 40.372354 ], [ -111.908383, 40.372474 ], [ -111.90483, 40.37519 ], [ -111.905219, 40.375984 ], [ -111.909348, 40.377404 ], [ -111.909306, 40.378767 ], [ -111.913848, 40.37943 ], [ -111.9141, 40.380339 ], [ -111.912608, 40.381834 ], [ -111.909716, 40.382825 ], [ -111.906406, 40.38571 ], [ -111.902991, 40.385189 ], [ -111.902243, 40.385897 ], [ -111.902689, 40.386665 ], [ -111.905247, 40.386676 ], [ -111.905905, 40.387418 ], [ -111.905505, 40.387416 ], [ -111.906102, 40.389525 ], [ -111.905295, 40.390874 ], [ -111.90558, 40.391281 ], [ -111.907401, 40.391186 ], [ -111.907483, 40.391663 ], [ -111.907615, 40.392469 ], [ -111.911633, 40.39236 ], [ -111.91475, 40.391696 ], [ -111.916887, 40.391236 ] ] ] ] } },
{ "type": "Feature", "properties": { "id": 66, "NAME": "66", "TotalPop": 42210, "PopDevPct": -0.03235893, "DemPct": 0.28463132, "RepPct": 0.68548636, "WhitePct": 0.83605895, "MinorityPct": 0.16394105, "BlackPct": 0.01098324, "HispanicPct": 0.08919847, "PacificPct": 0.01708056, "AsianPct": 0.03508984, "NativePct": 0.01603069, "TotalVAP": 24765, "Margin": -0.40085504, "color": "#960018", "opacity": "0.5", "DemPct2": 0.25871109, "RepPct2": 0.68257783, "Margin2": -0.42386674, "Swing": 0.0230117, "R_Margin": -0.2021459896, "R_Margin2": -0.21931961413333342, "R_Swing": 0.017173624533333473, "Majority": "White" }, "geometry": { "type": "MultiPolygon", "coordinates": [ [ [ [ -111.867008, 40.398598 ], [ -111.871346, 40.39859 ], [ -111.874231, 40.398588 ], [ -111.876896, 40.398585 ], [ -111.886425, 40.398684 ], [ -111.88648, 40.400666 ], [ -111.886529, 40.40241 ], [ -111.886569, 40.403862 ], [ -111.886594, 40.404759 ], [ -111.886633, 40.406165 ], [ -111.889283, 40.40615 ], [ -111.890715, 40.406142 ], [ -111.899391, 40.406185 ], [ -111.898836, 40.406677 ], [ -111.897786, 40.409387 ], [ -111.896642, 40.410222 ], [ -111.895006, 40.409899 ], [ -111.892443, 40.411401 ], [ -111.892079, 40.412413 ], [ -111.892125, 40.413226 ], [ -111.891907, 40.415074 ], [ -111.894639, 40.417887 ], [ -111.896396, 40.419286 ], [ -111.896765, 40.420371 ], [ -111.897873, 40.420399 ], [ -111.899096, 40.419381 ], [ -111.899719, 40.420552 ], [ -111.899691, 40.421982 ], [ -111.900407, 40.423927 ], [ -111.90247, 40.425145 ], [ -111.903758, 40.427815 ], [ -111.905026, 40.428829 ], [ -111.90714, 40.428211 ], [ -111.90815, 40.42684 ], [ -111.908647, 40.427966 ], [ -111.911744, 40.43081 ], [ -111.912642, 40.432023 ], [ -111.915154, 40.431939 ], [ -111.91446, 40.434622 ], [ -111.914797, 40.437278 ], [ -111.913192, 40.439179 ], [ -111.912904, 40.440199 ], [ -111.914019, 40.440656 ], [ -111.912187, 40.442406 ], [ -111.910732, 40.442697 ], [ -111.909842, 40.442239 ], [ -111.907623, 40.44285 ], [ -111.905916, 40.444177 ], [ -111.905731, 40.44442 ], [ -111.911174, 40.448353 ], [ -111.912285, 40.449625 ], [ -111.913313, 40.452523 ], [ -111.913664, 40.45244 ], [ -111.914854, 40.452238 ], [ -111.91768, 40.446015 ], [ -111.91912, 40.443191 ], [ -111.920815, 40.441829 ], [ -111.920943, 40.441727 ], [ -111.921038, 40.441651 ], [ -111.921665, 40.441147 ], [ -111.921933, 40.440932 ], [ -111.923607, 40.439588 ], [ -111.929657, 40.434719 ], [ -111.930784, 40.433759 ], [ -111.938144, 40.429568 ], [ -111.939089, 40.426813 ], [ -111.940265, 40.425055 ], [ -111.940698, 40.420355 ], [ -111.942573, 40.420347 ], [ -111.944925, 40.420331 ], [ -111.944908, 40.416691 ], [ -111.943008, 40.416698 ], [ -111.940906, 40.4167 ], [ -111.935422, 40.416729 ], [ -111.927247, 40.416772 ], [ -111.926725, 40.415903 ], [ -111.926693, 40.413117 ], [ -111.925931, 40.41311 ], [ -111.925901, 40.409476 ], [ -111.923898, 40.409484 ], [ -111.922076, 40.409498 ], [ -111.919968, 40.409509 ], [ -111.916329, 40.40944 ], [ -111.916321, 40.408986 ], [ -111.916309, 40.408528 ], [ -111.917081, 40.407308 ], [ -111.917073, 40.405879 ], [ -111.912024, 40.405909 ], [ -111.911984, 40.400582 ], [ -111.912254, 40.400444 ], [ -111.914932, 40.399064 ], [ -111.913554, 40.39852 ], [ -111.917061, 40.395186 ], [ -111.917895, 40.394712 ], [ -111.91772, 40.394107 ], [ -111.916887, 40.391236 ], [ -111.91475, 40.391696 ], [ -111.911633, 40.39236 ], [ -111.907615, 40.392469 ], [ -111.907483, 40.391663 ], [ -111.907401, 40.391186 ], [ -111.90558, 40.391281 ], [ -111.905295, 40.390874 ], [ -111.906102, 40.389525 ], [ -111.905505, 40.387416 ], [ -111.905905, 40.387418 ], [ -111.905247, 40.386676 ], [ -111.902689, 40.386665 ], [ -111.902243, 40.385897 ], [ -111.902991, 40.385189 ], [ -111.906406, 40.38571 ], [ -111.909716, 40.382825 ], [ -111.912608, 40.381834 ], [ -111.9141, 40.380339 ], [ -111.913848, 40.37943 ], [ -111.909306, 40.378767 ], [ -111.909348, 40.377404 ], [ -111.905219, 40.375984 ], [ -111.90483, 40.37519 ], [ -111.908383, 40.372474 ], [ -111.908535, 40.372354 ], [ -111.911382, 40.372771 ], [ -111.916357, 40.372749 ], [ -111.916408, 40.369444 ], [ -111.916286, 40.366224 ], [ -111.916231, 40.361996 ], [ -111.916321, 40.3548 ], [ -111.916358, 40.352407 ], [ -111.916395, 40.348273 ], [ -111.916391, 40.34748 ], [ -111.91637, 40.347089 ], [ -111.916302, 40.345762 ], [ -111.916261, 40.344974 ], [ -111.916229, 40.344341 ], [ -111.916009, 40.340223 ], [ -111.915918, 40.338391 ], [ -111.915812, 40.337117 ], [ -111.915701, 40.336132 ], [ -111.913239, 40.333704 ], [ -111.910714, 40.331809 ], [ -111.908609, 40.330076 ], [ -111.908192, 40.329478 ], [ -111.908039, 40.329258 ], [ -111.903941, 40.324333 ], [ -111.900699, 40.320111 ], [ -111.899807, 40.319088 ], [ -111.895675, 40.316685 ], [ -111.894702, 40.315715 ], [ -111.895648, 40.315085 ], [ -111.895882, 40.314389 ], [ -111.896102, 40.312698 ], [ -111.89795, 40.312322 ], [ -111.900115, 40.313179 ], [ -111.901361, 40.313595 ], [ -111.904449, 40.312728 ], [ -111.905767, 40.312582 ], [ -111.905768, 40.311515 ], [ -111.905768, 40.309952 ], [ -111.905793, 40.307561 ], [ -111.912334, 40.307558 ], [ -111.915616, 40.307557 ], [ -111.915615, 40.311169 ], [ -111.920525, 40.311166 ], [ -111.920527, 40.308642 ], [ -111.920528, 40.308211 ], [ -111.920274, 40.296746 ], [ -111.915556, 40.296747 ], [ -111.915527, 40.293141 ], [ -111.908123, 40.293138 ], [ -111.906856, 40.293138 ], [ -111.905755, 40.293138 ], [ -111.905754, 40.290401 ], [ -111.905759, 40.290258 ], [ -111.90576, 40.28465 ], [ -111.905772, 40.275293 ], [ -111.905771, 40.275095 ], [ -111.900263, 40.275093 ], [ -111.900036, 40.271484 ], [ -111.893186, 40.271484 ], [ -111.886991, 40.271483 ], [ -111.886081, 40.271485 ], [ -111.886091, 40.260645 ], [ -111.879638, 40.260672 ], [ -111.879474, 40.262272 ], [ -111.879498, 40.264312 ], [ -111.875952, 40.264324 ], [ -111.875948, 40.265004 ], [ -111.875929, 40.267844 ], [ -111.866943, 40.267923 ], [ -111.855807, 40.268219 ], [ -111.865945, 40.283603 ], [ -111.86755, 40.286038 ], [ -111.870765, 40.290916 ], [ -111.871299, 40.291726 ], [ -111.873291, 40.294748 ], [ -111.876321, 40.299346 ], [ -111.878782, 40.30308 ], [ -111.879576, 40.304523 ], [ -111.880217, 40.305509 ], [ -111.881991, 40.307648 ], [ -111.884143, 40.31035 ], [ -111.884231, 40.312547 ], [ -111.885024, 40.313559 ], [ -111.886382, 40.314904 ], [ -111.888919, 40.318155 ], [ -111.892207, 40.320606 ], [ -111.894984, 40.322963 ], [ -111.895402, 40.323559 ], [ -111.896148, 40.327632 ], [ -111.897254, 40.32857 ], [ -111.898388, 40.330882 ], [ -111.899374, 40.331912 ], [ -111.904963, 40.335071 ], [ -111.907594, 40.335781 ], [ -111.911091, 40.337727 ], [ -111.911382, 40.339003 ], [ -111.910401, 40.341686 ], [ -111.908807, 40.344041 ], [ -111.906271, 40.346832 ], [ -111.902859, 40.349737 ], [ -111.901012, 40.353234 ], [ -111.900877, 40.354379 ], [ -111.899752, 40.355359 ], [ -111.89783, 40.35699 ], [ -111.896722, 40.358522 ], [ -111.894359, 40.358665 ], [ -111.891663, 40.359645 ], [ -111.885726, 40.360691 ], [ -111.883878, 40.360529 ], [ -111.878393, 40.360856 ], [ -111.872919, 40.360814 ], [ -111.872724, 40.361089 ], [ -111.871321, 40.361013 ], [ -111.867231, 40.360853 ], [ -111.865383, 40.360472 ], [ -111.860961, 40.360318 ], [ -111.848695, 40.357957 ], [ -111.84356, 40.356944 ], [ -111.835189, 40.355329 ], [ -111.835178, 40.355844 ], [ -111.835024, 40.3626 ], [ -111.833965, 40.362618 ], [ -111.833918, 40.365078 ], [ -111.833869, 40.368383 ], [ -111.836356, 40.368353 ], [ -111.835971, 40.369602 ], [ -111.834636, 40.372463 ], [ -111.833895, 40.372845 ], [ -111.833712, 40.373881 ], [ -111.8314, 40.374721 ], [ -111.831403, 40.377188 ], [ -111.832241, 40.377346 ], [ -111.832508, 40.377418 ], [ -111.839689, 40.37894 ], [ -111.84202, 40.37941 ], [ -111.842021, 40.379191 ], [ -111.844429, 40.379673 ], [ -111.844429, 40.379751 ], [ -111.84443, 40.379895 ], [ -111.849083, 40.38085 ], [ -111.852149, 40.381534 ], [ -111.853519, 40.382204 ], [ -111.854325, 40.382981 ], [ -111.855063, 40.384232 ], [ -111.855203, 40.385399 ], [ -111.856707, 40.385357 ], [ -111.856831, 40.387165 ], [ -111.857029, 40.387525 ], [ -111.857076, 40.390352 ], [ -111.857067, 40.390994 ], [ -111.857044, 40.391598 ], [ -111.857036, 40.391798 ], [ -111.85703, 40.392052 ], [ -111.857015, 40.392696 ], [ -111.856995, 40.393547 ], [ -111.85697, 40.39479 ], [ -111.85694, 40.398501 ], [ -111.857193, 40.398539 ], [ -111.864858, 40.398578 ], [ -111.865287, 40.398582 ], [ -111.865703, 40.398585 ], [ -111.867008, 40.398598 ] ] ] ] } },
{ "type": "Feature", "properties": { "id": 67, "NAME": "67", "TotalPop": 42819, "PopDevPct": -0.01839794, "DemPct": 0.30080008, "RepPct": 0.6680443, "WhitePct": 0.82280928, "MinorityPct": 0.17719072, "BlackPct": 0.01015767, "HispanicPct": 0.08524106, "PacificPct": 0.0150091, "AsianPct": 0.04809733, "NativePct": 0.01705579, "TotalVAP": 26384, "Margin": -0.36724422, "color": "#960018", "opacity": "0.5", "DemPct2": 0.27904576, "RepPct2": 0.66530812, "Margin2": -0.38626236, "Swing": 0.01901814, "R_Margin": -0.1685351696, "R_Margin2": -0.18171523413333332, "R_Swing": 0.013180064533333298, "Majority": "White" }, "geometry": { "type": "MultiPolygon", "coordinates": [ [ [ [ -111.825948, 40.388488 ], [ -111.824722, 40.388003 ], [ -111.824614, 40.388163 ], [ -111.824228, 40.388832 ], [ -111.821583, 40.388078 ], [ -111.821321, 40.390211 ], [ -111.822758, 40.390471 ], [ -111.823191, 40.391686 ], [ -111.823609, 40.391681 ], [ -111.823678, 40.391681 ], [ -111.823682, 40.391959 ], [ -111.823683, 40.392032 ], [ -111.823746, 40.398974 ], [ -111.822693, 40.398968 ], [ -111.821985, 40.398971 ], [ -111.820749, 40.398996 ], [ -111.820753, 40.39932 ], [ -111.820765, 40.400494 ], [ -111.820767, 40.400707 ], [ -111.820778, 40.401821 ], [ -111.820782, 40.402182 ], [ -111.820804, 40.404187 ], [ -111.820814, 40.405157 ], [ -111.821739, 40.404653 ], [ -111.824635, 40.404643 ], [ -111.825606, 40.404995 ], [ -111.825604, 40.403582 ], [ -111.826249, 40.40358 ], [ -111.826263, 40.406181 ], [ -111.826712, 40.406179 ], [ -111.827286, 40.406175 ], [ -111.830258, 40.406163 ], [ -111.830264, 40.407409 ], [ -111.831688, 40.406911 ], [ -111.832194, 40.406719 ], [ -111.832713, 40.406389 ], [ -111.833964, 40.404942 ], [ -111.837106, 40.404562 ], [ -111.838604, 40.404455 ], [ -111.839906, 40.404336 ], [ -111.840004, 40.410203 ], [ -111.840127, 40.416072 ], [ -111.840075, 40.416484 ], [ -111.84012, 40.417338 ], [ -111.840062, 40.42074 ], [ -111.843011, 40.420725 ], [ -111.84512, 40.420714 ], [ -111.846644, 40.420707 ], [ -111.847421, 40.420703 ], [ -111.84864, 40.420697 ], [ -111.849678, 40.420691 ], [ -111.851476, 40.420692 ], [ -111.852038, 40.420692 ], [ -111.854466, 40.420693 ], [ -111.854464, 40.422359 ], [ -111.854462, 40.423989 ], [ -111.851315, 40.423937 ], [ -111.850442, 40.423955 ], [ -111.849687, 40.423333 ], [ -111.849689, 40.426168 ], [ -111.849691, 40.427953 ], [ -111.849701, 40.429962 ], [ -111.849708, 40.431132 ], [ -111.84971, 40.431439 ], [ -111.849702, 40.432329 ], [ -111.84968, 40.432826 ], [ -111.849672, 40.438388 ], [ -111.849878, 40.439831 ], [ -111.849669, 40.442562 ], [ -111.849844, 40.446207 ], [ -111.856692, 40.446212 ], [ -111.859374, 40.446209 ], [ -111.859769, 40.444685 ], [ -111.863582, 40.445997 ], [ -111.866601, 40.449288 ], [ -111.866592, 40.450071 ], [ -111.866868, 40.451228 ], [ -111.866744, 40.453654 ], [ -111.864183, 40.456659 ], [ -111.863003, 40.460766 ], [ -111.860173, 40.464436 ], [ -111.867522, 40.464437 ], [ -111.872616, 40.464437 ], [ -111.872576, 40.471736 ], [ -111.872789, 40.471734 ], [ -111.883148, 40.471651 ], [ -111.884779, 40.471017 ], [ -111.886354, 40.469652 ], [ -111.887011, 40.468072 ], [ -111.889693, 40.466605 ], [ -111.891052, 40.466324 ], [ -111.891747, 40.464441 ], [ -111.893612, 40.46371 ], [ -111.896288, 40.463765 ], [ -111.900881, 40.463451 ], [ -111.906772, 40.454664 ], [ -111.908175, 40.453295 ], [ -111.913104, 40.45254 ], [ -111.913313, 40.452523 ], [ -111.912285, 40.449625 ], [ -111.911174, 40.448353 ], [ -111.905731, 40.44442 ], [ -111.905916, 40.444177 ], [ -111.907623, 40.44285 ], [ -111.909842, 40.442239 ], [ -111.910732, 40.442697 ], [ -111.912187, 40.442406 ], [ -111.914019, 40.440656 ], [ -111.912904, 40.440199 ], [ -111.913192, 40.439179 ], [ -111.914797, 40.437278 ], [ -111.91446, 40.434622 ], [ -111.915154, 40.431939 ], [ -111.912642, 40.432023 ], [ -111.911744, 40.43081 ], [ -111.908647, 40.427966 ], [ -111.90815, 40.42684 ], [ -111.90714, 40.428211 ], [ -111.905026, 40.428829 ], [ -111.903758, 40.427815 ], [ -111.90247, 40.425145 ], [ -111.900407, 40.423927 ], [ -111.899691, 40.421982 ], [ -111.899719, 40.420552 ], [ -111.899096, 40.419381 ], [ -111.897873, 40.420399 ], [ -111.896765, 40.420371 ], [ -111.896396, 40.419286 ], [ -111.894639, 40.417887 ], [ -111.891907, 40.415074 ], [ -111.892125, 40.413226 ], [ -111.892079, 40.412413 ], [ -111.892443, 40.411401 ], [ -111.895006, 40.409899 ], [ -111.896642, 40.410222 ], [ -111.897786, 40.409387 ], [ -111.898836, 40.406677 ], [ -111.899391, 40.406185 ], [ -111.890715, 40.406142 ], [ -111.889283, 40.40615 ], [ -111.886633, 40.406165 ], [ -111.886594, 40.404759 ], [ -111.886569, 40.403862 ], [ -111.886529, 40.40241 ], [ -111.88648, 40.400666 ], [ -111.886425, 40.398684 ], [ -111.876896, 40.398585 ], [ -111.874231, 40.398588 ], [ -111.871346, 40.39859 ], [ -111.867008, 40.398598 ], [ -111.865703, 40.398585 ], [ -111.865287, 40.398582 ], [ -111.864858, 40.398578 ], [ -111.857193, 40.398539 ], [ -111.85694, 40.398501 ], [ -111.85697, 40.39479 ], [ -111.856995, 40.393547 ], [ -111.857015, 40.392696 ], [ -111.85703, 40.392052 ], [ -111.857036, 40.391798 ], [ -111.857044, 40.391598 ], [ -111.857067, 40.390994 ], [ -111.857076, 40.390352 ], [ -111.857029, 40.387525 ], [ -111.856831, 40.387165 ], [ -111.856707, 40.385357 ], [ -111.855203, 40.385399 ], [ -111.855063, 40.384232 ], [ -111.854325, 40.382981 ], [ -111.853519, 40.382204 ], [ -111.852149, 40.381534 ], [ -111.849083, 40.38085 ], [ -111.84443, 40.379895 ], [ -111.844429, 40.379751 ], [ -111.844429, 40.379673 ], [ -111.842021, 40.379191 ], [ -111.84202, 40.37941 ], [ -111.839689, 40.37894 ], [ -111.832508, 40.377418 ], [ -111.832241, 40.377346 ], [ -111.831403, 40.377188 ], [ -111.82872, 40.376662 ], [ -111.828722, 40.377156 ], [ -111.828723, 40.377292 ], [ -111.826391, 40.377447 ], [ -111.826402, 40.379726 ], [ -111.827633, 40.379722 ], [ -111.828274, 40.381655 ], [ -111.827982, 40.382121 ], [ -111.827844, 40.382307 ], [ -111.826702, 40.384265 ], [ -111.826856, 40.385585 ], [ -111.825948, 40.388488 ] ] ] ] } },
{ "type": "Feature", "properties": { "id": 68, "NAME": "68", "TotalPop": 42749, "PopDevPct": -0.02000265, "DemPct": 0.236058, "RepPct": 0.73414583, "WhitePct": 0.90308613, "MinorityPct": 0.09691387, "BlackPct": 0.00634839, "HispanicPct": 0.04377821, "PacificPct": 0.01236652, "AsianPct": 0.02249459, "NativePct": 0.01203626, "TotalVAP": 27251, "Margin": -0.49808783, "color": "#960018", "opacity": "0.5", "DemPct2": 0.21189747, "RepPct2": 0.74191383, "Margin2": -0.53001636, "Swing": 0.03192853, "R_Margin": -0.2993787796, "R_Margin2": -0.32546923413333329, "R_Swing": 0.026090454533333293, "Majority": "White" }, "geometry": { "type": "MultiPolygon", "coordinates": [ [ [ [ -111.798052, 40.446521 ], [ -111.797902, 40.446599 ], [ -111.797831, 40.446638 ], [ -111.797735, 40.446707 ], [ -111.797718, 40.446725 ], [ -111.797584, 40.44687 ], [ -111.797527, 40.446959 ], [ -111.797481, 40.447049 ], [ -111.797442, 40.447139 ], [ -111.79738, 40.447321 ], [ -111.797353, 40.447412 ], [ -111.797316, 40.447515 ], [ -111.797321, 40.45041 ], [ -111.797374, 40.450447 ], [ -111.79738, 40.450976 ], [ -111.797471, 40.456424 ], [ -111.797794, 40.456815 ], [ -111.797801, 40.460227 ], [ -111.798711, 40.461088 ], [ -111.800931, 40.461084 ], [ -111.802183, 40.461067 ], [ -111.802158, 40.462168 ], [ -111.802166, 40.464698 ], [ -111.803869, 40.464701 ], [ -111.807195, 40.464698 ], [ -111.805935, 40.460526 ], [ -111.806007, 40.460505 ], [ -111.806193, 40.460452 ], [ -111.8074, 40.460108 ], [ -111.807425, 40.460109 ], [ -111.807524, 40.460188 ], [ -111.807788, 40.4604 ], [ -111.807961, 40.460458 ], [ -111.80804, 40.460465 ], [ -111.808114, 40.460455 ], [ -111.808186, 40.460428 ], [ -111.808239, 40.46039 ], [ -111.808277, 40.460344 ], [ -111.808305, 40.460265 ], [ -111.808718, 40.459712 ], [ -111.809499, 40.45971 ], [ -111.809498, 40.459588 ], [ -111.80949, 40.457627 ], [ -111.811574, 40.457621 ], [ -111.811739, 40.454806 ], [ -111.816323, 40.453267 ], [ -111.820398, 40.451688 ], [ -111.82238, 40.450865 ], [ -111.825972, 40.448778 ], [ -111.828003, 40.447291 ], [ -111.830707, 40.446787 ], [ -111.83074, 40.449964 ], [ -111.83596, 40.449881 ], [ -111.835947, 40.445308 ], [ -111.840281, 40.444382 ], [ -111.840267, 40.444099 ], [ -111.840272, 40.442569 ], [ -111.849669, 40.442562 ], [ -111.849878, 40.439831 ], [ -111.849672, 40.438388 ], [ -111.84968, 40.432826 ], [ -111.849702, 40.432329 ], [ -111.84971, 40.431439 ], [ -111.849708, 40.431132 ], [ -111.849701, 40.429962 ], [ -111.849691, 40.427953 ], [ -111.849689, 40.426168 ], [ -111.849687, 40.423333 ], [ -111.850442, 40.423955 ], [ -111.851315, 40.423937 ], [ -111.854462, 40.423989 ], [ -111.854464, 40.422359 ], [ -111.854466, 40.420693 ], [ -111.852038, 40.420692 ], [ -111.851476, 40.420692 ], [ -111.849678, 40.420691 ], [ -111.84864, 40.420697 ], [ -111.847421, 40.420703 ], [ -111.846644, 40.420707 ], [ -111.84512, 40.420714 ], [ -111.843011, 40.420725 ], [ -111.840062, 40.42074 ], [ -111.84012, 40.417338 ], [ -111.840075, 40.416484 ], [ -111.840127, 40.416072 ], [ -111.840004, 40.410203 ], [ -111.839906, 40.404336 ], [ -111.838604, 40.404455 ], [ -111.837106, 40.404562 ], [ -111.833964, 40.404942 ], [ -111.832713, 40.406389 ], [ -111.832194, 40.406719 ], [ -111.831688, 40.406911 ], [ -111.830264, 40.407409 ], [ -111.830258, 40.406163 ], [ -111.827286, 40.406175 ], [ -111.826712, 40.406179 ], [ -111.826263, 40.406181 ], [ -111.826249, 40.40358 ], [ -111.825604, 40.403582 ], [ -111.825606, 40.404995 ], [ -111.824635, 40.404643 ], [ -111.821739, 40.404653 ], [ -111.820814, 40.405157 ], [ -111.820804, 40.404187 ], [ -111.820782, 40.402182 ], [ -111.819382, 40.402045 ], [ -111.819611, 40.403891 ], [ -111.815835, 40.403839 ], [ -111.815779, 40.403075 ], [ -111.814524, 40.403385 ], [ -111.814533, 40.404222 ], [ -111.814132, 40.406234 ], [ -111.813096, 40.406251 ], [ -111.812186, 40.406267 ], [ -111.811226, 40.404254 ], [ -111.810227, 40.404247 ], [ -111.809713, 40.404249 ], [ -111.809741, 40.406301 ], [ -111.809067, 40.406304 ], [ -111.807913, 40.406304 ], [ -111.807138, 40.405762 ], [ -111.804549, 40.405775 ], [ -111.804545, 40.405415 ], [ -111.804544, 40.405184 ], [ -111.804544, 40.40511 ], [ -111.804543, 40.4048 ], [ -111.803584, 40.404799 ], [ -111.803532, 40.404782 ], [ -111.802682, 40.4048 ], [ -111.802691, 40.405358 ], [ -111.800028, 40.405493 ], [ -111.798469, 40.405497 ], [ -111.798091, 40.404899 ], [ -111.797941, 40.405241 ], [ -111.797544, 40.406331 ], [ -111.795971, 40.406336 ], [ -111.79606, 40.406123 ], [ -111.796108, 40.406009 ], [ -111.796163, 40.405831 ], [ -111.796314, 40.405361 ], [ -111.796332, 40.405297 ], [ -111.796194, 40.405269 ], [ -111.795995, 40.405213 ], [ -111.795759, 40.405836 ], [ -111.795745, 40.405875 ], [ -111.794737, 40.405872 ], [ -111.794522, 40.405881 ], [ -111.794374, 40.405886 ], [ -111.793159, 40.405881 ], [ -111.793118, 40.40601 ], [ -111.793042, 40.406254 ], [ -111.792927, 40.406254 ], [ -111.792809, 40.406253 ], [ -111.792739, 40.406255 ], [ -111.792691, 40.406257 ], [ -111.792643, 40.406261 ], [ -111.792591, 40.406266 ], [ -111.792546, 40.406272 ], [ -111.792526, 40.406275 ], [ -111.792484, 40.406281 ], [ -111.792379, 40.406303 ], [ -111.792264, 40.406302 ], [ -111.790325, 40.406441 ], [ -111.790182, 40.406389 ], [ -111.789973, 40.406731 ], [ -111.789918, 40.406816 ], [ -111.789587, 40.406817 ], [ -111.789591, 40.407703 ], [ -111.789274, 40.408453 ], [ -111.789029, 40.40845 ], [ -111.787186, 40.408757 ], [ -111.783021, 40.408773 ], [ -111.782214, 40.406302 ], [ -111.773331, 40.406352 ], [ -111.773337, 40.40756 ], [ -111.773352, 40.409943 ], [ -111.773357, 40.410721 ], [ -111.773363, 40.411645 ], [ -111.772438, 40.411646 ], [ -111.771571, 40.411648 ], [ -111.771465, 40.411648 ], [ -111.770998, 40.411649 ], [ -111.770991, 40.409991 ], [ -111.771726, 40.409982 ], [ -111.771704, 40.407177 ], [ -111.769638, 40.406694 ], [ -111.768558, 40.4073 ], [ -111.768555, 40.407121 ], [ -111.768539, 40.406217 ], [ -111.76632, 40.405486 ], [ -111.764323, 40.405111 ], [ -111.764365, 40.404422 ], [ -111.764432, 40.402703 ], [ -111.764339, 40.399182 ], [ -111.764908, 40.399178 ], [ -111.764779, 40.395595 ], [ -111.763661, 40.395537 ], [ -111.763647, 40.391905 ], [ -111.763597, 40.386406 ], [ -111.763585, 40.385052 ], [ -111.763581, 40.384582 ], [ -111.763788, 40.384574 ], [ -111.764143, 40.384611 ], [ -111.764167, 40.383119 ], [ -111.76298, 40.383124 ], [ -111.762384, 40.383128 ], [ -111.759261, 40.383121 ], [ -111.757836, 40.383118 ], [ -111.757224, 40.383116 ], [ -111.755865, 40.383113 ], [ -111.753733, 40.383109 ], [ -111.752575, 40.383091 ], [ -111.75146, 40.383081 ], [ -111.749483, 40.383062 ], [ -111.746533, 40.383039 ], [ -111.745592, 40.383027 ], [ -111.744263, 40.383014 ], [ -111.739803, 40.382978 ], [ -111.739821, 40.381299 ], [ -111.739829, 40.379371 ], [ -111.739807, 40.377488 ], [ -111.739801, 40.376814 ], [ -111.739837, 40.375523 ], [ -111.735689, 40.375503 ], [ -111.733944, 40.375504 ], [ -111.733171, 40.375501 ], [ -111.731878, 40.375485 ], [ -111.730557, 40.375468 ], [ -111.728414, 40.37547 ], [ -111.727525, 40.375471 ], [ -111.726773, 40.375456 ], [ -111.726069, 40.375431 ], [ -111.724529, 40.375326 ], [ -111.721528, 40.375195 ], [ -111.72056, 40.375172 ], [ -111.719442, 40.375178 ], [ -111.718212, 40.375186 ], [ -111.71823, 40.375987 ], [ -111.718265, 40.377537 ], [ -111.717338, 40.377552 ], [ -111.706879, 40.377824 ], [ -111.707646, 40.376971 ], [ -111.708059, 40.376598 ], [ -111.708257, 40.37653 ], [ -111.708655, 40.376394 ], [ -111.710714, 40.374724 ], [ -111.70849, 40.371333 ], [ -111.706006, 40.366887 ], [ -111.705595, 40.366275 ], [ -111.703799, 40.365912 ], [ -111.70314, 40.365918 ], [ -111.702211, 40.365324 ], [ -111.701702, 40.365324 ], [ -111.701143, 40.365317 ], [ -111.701145, 40.366859 ], [ -111.699842, 40.366867 ], [ -111.69625, 40.366919 ], [ -111.696243, 40.366482 ], [ -111.696234, 40.363275 ], [ -111.699698, 40.363285 ], [ -111.701102, 40.362111 ], [ -111.70122, 40.362068 ], [ -111.701953, 40.361801 ], [ -111.702112, 40.361688 ], [ -111.702207, 40.361619 ], [ -111.702509, 40.361404 ], [ -111.702611, 40.361351 ], [ -111.702566, 40.361288 ], [ -111.698479, 40.354895 ], [ -111.696795, 40.351998 ], [ -111.685966, 40.351981 ], [ -111.678528, 40.35197 ], [ -111.662757, 40.351946 ], [ -111.65831, 40.351939 ], [ -111.658312, 40.342845 ], [ -111.657703, 40.342962 ], [ -111.656643, 40.341283 ], [ -111.655213, 40.34222 ], [ -111.656316, 40.342527 ], [ -111.654389, 40.343175 ], [ -111.6541, 40.343889 ], [ -111.651931, 40.344226 ], [ -111.650898, 40.343972 ], [ -111.650141, 40.342962 ], [ -111.646747, 40.339891 ], [ -111.646723, 40.33922 ], [ -111.645229, 40.337819 ], [ -111.642102, 40.336619 ], [ -111.641098, 40.335872 ], [ -111.639234, 40.336327 ], [ -111.637613, 40.336182 ], [ -111.63739, 40.335064 ], [ -111.638508, 40.335781 ], [ -111.63893, 40.334943 ], [ -111.640869, 40.333553 ], [ -111.641277, 40.332071 ], [ -111.642378, 40.331967 ], [ -111.643979, 40.330395 ], [ -111.642097, 40.330422 ], [ -111.641955, 40.330424 ], [ -111.639293, 40.330457 ], [ -111.634675, 40.33046 ], [ -111.634612, 40.328934 ], [ -111.634588, 40.328351 ], [ -111.632335, 40.327635 ], [ -111.628051, 40.328373 ], [ -111.626637, 40.32858 ], [ -111.620541, 40.328861 ], [ -111.617996, 40.330531 ], [ -111.616723, 40.331824 ], [ -111.613689, 40.333364 ], [ -111.611211, 40.336428 ], [ -111.610905, 40.336819 ], [ -111.609552, 40.338626 ], [ -111.60826, 40.339544 ], [ -111.604618, 40.341062 ], [ -111.602923, 40.34237 ], [ -111.600459, 40.344889 ], [ -111.598738, 40.345908 ], [ -111.593564, 40.348123 ], [ -111.589933, 40.34892 ], [ -111.588574, 40.349886 ], [ -111.587214, 40.350898 ], [ -111.585278, 40.351467 ], [ -111.582657, 40.353238 ], [ -111.580045, 40.354454 ], [ -111.577737, 40.356243 ], [ -111.576703, 40.356536 ], [ -111.573645, 40.356502 ], [ -111.571219, 40.357175 ], [ -111.569139, 40.358723 ], [ -111.567213, 40.359431 ], [ -111.562166, 40.361809 ], [ -111.559736, 40.36365 ], [ -111.556582, 40.364692 ], [ -111.555259, 40.366329 ], [ -111.555459, 40.369898 ], [ -111.560195, 40.369837 ], [ -111.560044, 40.37697 ], [ -111.560097, 40.38777 ], [ -111.56487, 40.387751 ], [ -111.564836, 40.391421 ], [ -111.574209, 40.391373 ], [ -111.574199, 40.398741 ], [ -111.574193, 40.403242 ], [ -111.574268, 40.412907 ], [ -111.578378, 40.41288 ], [ -111.583675, 40.412845 ], [ -111.583803, 40.420211 ], [ -111.586071, 40.42025 ], [ -111.588369, 40.421301 ], [ -111.588973, 40.423573 ], [ -111.591375, 40.426018 ], [ -111.592449, 40.428666 ], [ -111.592543, 40.430161 ], [ -111.593223, 40.431131 ], [ -111.595261, 40.432613 ], [ -111.599564, 40.434772 ], [ -111.604745, 40.433215 ], [ -111.607632, 40.431532 ], [ -111.610418, 40.430944 ], [ -111.611473, 40.431287 ], [ -111.611734, 40.431466 ], [ -111.614056, 40.431166 ], [ -111.615223, 40.432604 ], [ -111.615518, 40.434823 ], [ -111.618131, 40.437329 ], [ -111.619777, 40.438548 ], [ -111.62153, 40.441401 ], [ -111.622096, 40.441141 ], [ -111.621944, 40.438858 ], [ -111.623937, 40.439973 ], [ -111.627221, 40.438751 ], [ -111.628722, 40.43549 ], [ -111.630671, 40.435035 ], [ -111.630539, 40.436505 ], [ -111.632682, 40.436516 ], [ -111.633872, 40.434293 ], [ -111.635376, 40.433228 ], [ -111.63567, 40.436015 ], [ -111.635388, 40.437887 ], [ -111.633463, 40.438895 ], [ -111.633114, 40.440535 ], [ -111.634755, 40.442593 ], [ -111.638178, 40.445025 ], [ -111.639044, 40.445965 ], [ -111.638654, 40.4471 ], [ -111.641282, 40.448167 ], [ -111.641786, 40.449236 ], [ -111.643855, 40.45046 ], [ -111.644449, 40.450227 ], [ -111.642376, 40.448393 ], [ -111.640515, 40.446198 ], [ -111.641217, 40.445632 ], [ -111.642201, 40.446146 ], [ -111.643333, 40.447813 ], [ -111.646908, 40.44947 ], [ -111.648308, 40.449822 ], [ -111.651318, 40.449266 ], [ -111.655035, 40.451382 ], [ -111.659046, 40.452498 ], [ -111.660728, 40.453442 ], [ -111.662237, 40.453734 ], [ -111.667909, 40.451013 ], [ -111.675852, 40.448721 ], [ -111.681746, 40.448075 ], [ -111.687927, 40.446683 ], [ -111.690759, 40.446644 ], [ -111.699452, 40.444546 ], [ -111.703467, 40.443907 ], [ -111.706915, 40.443825 ], [ -111.709133, 40.443199 ], [ -111.710309, 40.443056 ], [ -111.713002, 40.441698 ], [ -111.715318, 40.441191 ], [ -111.719219, 40.440083 ], [ -111.721943, 40.438235 ], [ -111.724334, 40.437577 ], [ -111.728007, 40.436183 ], [ -111.731309, 40.435559 ], [ -111.738332, 40.433575 ], [ -111.744929, 40.43353 ], [ -111.744937, 40.435696 ], [ -111.744849, 40.442944 ], [ -111.752739, 40.442981 ], [ -111.754365, 40.442989 ], [ -111.754359, 40.439137 ], [ -111.754357, 40.437428 ], [ -111.760268, 40.437418 ], [ -111.760422, 40.437424 ], [ -111.76091, 40.439199 ], [ -111.763934, 40.439201 ], [ -111.763932, 40.439413 ], [ -111.773497, 40.439382 ], [ -111.779998, 40.439361 ], [ -111.780703, 40.439093 ], [ -111.784461, 40.439179 ], [ -111.784413, 40.439711 ], [ -111.784374, 40.440132 ], [ -111.787826, 40.440151 ], [ -111.787827, 40.439339 ], [ -111.796301, 40.439309 ], [ -111.796302, 40.439575 ], [ -111.796305, 40.440622 ], [ -111.796308, 40.441362 ], [ -111.796436, 40.443924 ], [ -111.79802, 40.446453 ], [ -111.798052, 40.446521 ] ] ] ] } },
{ "type": "Feature", "properties": { "id": 69, "NAME": "69", "TotalPop": 43718, "PopDevPct": 0.00221114, "DemPct": 0.30666974, "RepPct": 0.65866605, "WhitePct": 0.83031014, "MinorityPct": 0.16968986, "BlackPct": 0.00932104, "HispanicPct": 0.10293378, "PacificPct": 0.01676446, "AsianPct": 0.02732607, "NativePct": 0.01720034, "TotalVAP": 29825, "Margin": -0.35199631, "color": "#960018", "opacity": "0.5", "DemPct2": 0.27477929, "RepPct2": 0.66894061, "Margin2": -0.39416132, "Swing": 0.04216501, "R_Margin": -0.1532872596, "R_Margin2": -0.18961419413333339, "R_Swing": 0.036326934533333397, "Majority": "White" }, "geometry": { "type": "MultiPolygon", "coordinates": [ [ [ [ -111.754954, 40.375588 ], [ -111.753205, 40.375588 ], [ -111.74956, 40.375557 ], [ -111.748305, 40.375548 ], [ -111.747579, 40.375548 ], [ -111.745179, 40.375542 ], [ -111.744075, 40.375535 ], [ -111.74229, 40.375525 ], [ -111.739837, 40.375523 ], [ -111.739801, 40.376814 ], [ -111.739807, 40.377488 ], [ -111.739829, 40.379371 ], [ -111.739821, 40.381299 ], [ -111.739803, 40.382978 ], [ -111.744263, 40.383014 ], [ -111.745592, 40.383027 ], [ -111.746533, 40.383039 ], [ -111.749483, 40.383062 ], [ -111.75146, 40.383081 ], [ -111.752575, 40.383091 ], [ -111.753733, 40.383109 ], [ -111.755865, 40.383113 ], [ -111.757224, 40.383116 ], [ -111.757836, 40.383118 ], [ -111.759261, 40.383121 ], [ -111.762384, 40.383128 ], [ -111.76298, 40.383124 ], [ -111.764167, 40.383119 ], [ -111.764143, 40.384611 ], [ -111.763788, 40.384574 ], [ -111.763581, 40.384582 ], [ -111.763585, 40.385052 ], [ -111.763597, 40.386406 ], [ -111.763647, 40.391905 ], [ -111.763661, 40.395537 ], [ -111.764779, 40.395595 ], [ -111.764908, 40.399178 ], [ -111.764339, 40.399182 ], [ -111.764432, 40.402703 ], [ -111.764365, 40.404422 ], [ -111.764323, 40.405111 ], [ -111.76632, 40.405486 ], [ -111.768539, 40.406217 ], [ -111.768555, 40.407121 ], [ -111.768558, 40.4073 ], [ -111.769638, 40.406694 ], [ -111.771704, 40.407177 ], [ -111.771726, 40.409982 ], [ -111.770991, 40.409991 ], [ -111.770998, 40.411649 ], [ -111.771465, 40.411648 ], [ -111.771571, 40.411648 ], [ -111.772438, 40.411646 ], [ -111.773363, 40.411645 ], [ -111.773357, 40.410721 ], [ -111.773352, 40.409943 ], [ -111.773337, 40.40756 ], [ -111.773331, 40.406352 ], [ -111.782214, 40.406302 ], [ -111.783021, 40.408773 ], [ -111.787186, 40.408757 ], [ -111.789029, 40.40845 ], [ -111.789274, 40.408453 ], [ -111.789591, 40.407703 ], [ -111.789587, 40.406817 ], [ -111.789918, 40.406816 ], [ -111.789973, 40.406731 ], [ -111.790182, 40.406389 ], [ -111.790325, 40.406441 ], [ -111.792264, 40.406302 ], [ -111.792379, 40.406303 ], [ -111.792484, 40.406281 ], [ -111.792526, 40.406275 ], [ -111.792546, 40.406272 ], [ -111.792591, 40.406266 ], [ -111.792643, 40.406261 ], [ -111.792691, 40.406257 ], [ -111.792739, 40.406255 ], [ -111.792809, 40.406253 ], [ -111.792927, 40.406254 ], [ -111.793042, 40.406254 ], [ -111.793118, 40.40601 ], [ -111.793159, 40.405881 ], [ -111.794374, 40.405886 ], [ -111.794522, 40.405881 ], [ -111.794737, 40.405872 ], [ -111.795745, 40.405875 ], [ -111.795759, 40.405836 ], [ -111.795995, 40.405213 ], [ -111.796194, 40.405269 ], [ -111.796332, 40.405297 ], [ -111.796314, 40.405361 ], [ -111.796163, 40.405831 ], [ -111.796108, 40.406009 ], [ -111.79606, 40.406123 ], [ -111.795971, 40.406336 ], [ -111.797544, 40.406331 ], [ -111.797941, 40.405241 ], [ -111.798091, 40.404899 ], [ -111.798469, 40.405497 ], [ -111.800028, 40.405493 ], [ -111.802691, 40.405358 ], [ -111.802682, 40.4048 ], [ -111.803532, 40.404782 ], [ -111.803584, 40.404799 ], [ -111.804543, 40.4048 ], [ -111.804544, 40.40511 ], [ -111.804544, 40.405184 ], [ -111.804545, 40.405415 ], [ -111.804549, 40.405775 ], [ -111.807138, 40.405762 ], [ -111.807913, 40.406304 ], [ -111.809067, 40.406304 ], [ -111.809741, 40.406301 ], [ -111.809713, 40.404249 ], [ -111.810227, 40.404247 ], [ -111.811226, 40.404254 ], [ -111.812186, 40.406267 ], [ -111.813096, 40.406251 ], [ -111.814132, 40.406234 ], [ -111.814533, 40.404222 ], [ -111.814524, 40.403385 ], [ -111.815779, 40.403075 ], [ -111.815835, 40.403839 ], [ -111.819611, 40.403891 ], [ -111.819382, 40.402045 ], [ -111.820782, 40.402182 ], [ -111.820778, 40.401821 ], [ -111.820767, 40.400707 ], [ -111.820765, 40.400494 ], [ -111.820753, 40.39932 ], [ -111.820749, 40.398996 ], [ -111.821985, 40.398971 ], [ -111.822693, 40.398968 ], [ -111.823746, 40.398974 ], [ -111.823683, 40.392032 ], [ -111.823682, 40.391959 ], [ -111.823678, 40.391681 ], [ -111.823609, 40.391681 ], [ -111.823191, 40.391686 ], [ -111.822758, 40.390471 ], [ -111.821321, 40.390211 ], [ -111.821583, 40.388078 ], [ -111.824228, 40.388832 ], [ -111.824614, 40.388163 ], [ -111.824722, 40.388003 ], [ -111.825948, 40.388488 ], [ -111.826856, 40.385585 ], [ -111.826702, 40.384265 ], [ -111.827844, 40.382307 ], [ -111.827982, 40.382121 ], [ -111.828274, 40.381655 ], [ -111.827633, 40.379722 ], [ -111.826402, 40.379726 ], [ -111.826391, 40.377447 ], [ -111.828723, 40.377292 ], [ -111.828722, 40.377156 ], [ -111.82872, 40.376662 ], [ -111.831403, 40.377188 ], [ -111.8314, 40.374721 ], [ -111.833712, 40.373881 ], [ -111.833895, 40.372845 ], [ -111.834636, 40.372463 ], [ -111.835971, 40.369602 ], [ -111.836356, 40.368353 ], [ -111.833869, 40.368383 ], [ -111.833918, 40.365078 ], [ -111.833965, 40.362618 ], [ -111.835024, 40.3626 ], [ -111.835178, 40.355844 ], [ -111.828826, 40.354242 ], [ -111.827713, 40.354004 ], [ -111.82537, 40.353379 ], [ -111.823846, 40.353081 ], [ -111.822321, 40.352397 ], [ -111.820892, 40.351971 ], [ -111.819814, 40.351572 ], [ -111.813875, 40.348771 ], [ -111.810205, 40.346994 ], [ -111.804379, 40.344554 ], [ -111.803023, 40.343529 ], [ -111.803452, 40.342929 ], [ -111.801974, 40.342117 ], [ -111.801497, 40.343891 ], [ -111.800542, 40.342368 ], [ -111.799341, 40.341859 ], [ -111.788498, 40.33822 ], [ -111.776814, 40.335874 ], [ -111.772832, 40.334308 ], [ -111.772777, 40.341038 ], [ -111.779298, 40.347661 ], [ -111.774387, 40.347668 ], [ -111.774322, 40.351482 ], [ -111.77434, 40.353299 ], [ -111.774341, 40.353548 ], [ -111.773164, 40.352786 ], [ -111.773164, 40.355168 ], [ -111.771973, 40.355168 ], [ -111.771211, 40.355169 ], [ -111.770603, 40.35517 ], [ -111.769942, 40.355172 ], [ -111.769258, 40.355174 ], [ -111.766881, 40.355178 ], [ -111.766486, 40.355478 ], [ -111.766064, 40.355181 ], [ -111.763315, 40.355188 ], [ -111.75981, 40.355197 ], [ -111.759902, 40.36024 ], [ -111.756153, 40.361598 ], [ -111.754194, 40.362756 ], [ -111.753512, 40.363416 ], [ -111.752725, 40.364355 ], [ -111.751075, 40.365726 ], [ -111.754494, 40.366844 ], [ -111.754502, 40.367144 ], [ -111.754969, 40.369221 ], [ -111.754828, 40.369937 ], [ -111.754826, 40.370437 ], [ -111.75483, 40.371991 ], [ -111.75483, 40.373332 ], [ -111.754995, 40.374228 ], [ -111.754954, 40.375588 ] ] ] ] } },
{ "type": "Feature", "properties": { "id": 70, "NAME": "70", "TotalPop": 44821, "PopDevPct": 0.02749681, "DemPct": 0.28284547, "RepPct": 0.68486823, "WhitePct": 0.80869794, "MinorityPct": 0.19130206, "BlackPct": 0.01146367, "HispanicPct": 0.11634476, "PacificPct": 0.01869005, "AsianPct": 0.03015372, "NativePct": 0.01750755, "TotalVAP": 30444, "Margin": -0.40202276, "color": "#960018", "opacity": "0.5", "DemPct2": 0.26133043, "RepPct2": 0.68458071, "Margin2": -0.42325028, "Swing": 0.02122752, "R_Margin": -0.2033137096, "R_Margin2": -0.21870315413333333, "R_Swing": 0.015389444533333336, "Majority": "White" }, "geometry": { "type": "MultiPolygon", "coordinates": [ [ [ [ -111.733721, 40.29092 ], [ -111.733746, 40.291708 ], [ -111.733802, 40.295348 ], [ -111.733821, 40.297125 ], [ -111.733773, 40.30351 ], [ -111.733571, 40.304182 ], [ -111.733643, 40.304578 ], [ -111.734968, 40.311861 ], [ -111.736259, 40.318958 ], [ -111.737603, 40.32627 ], [ -111.737332, 40.326269 ], [ -111.732282, 40.326315 ], [ -111.731853, 40.326311 ], [ -111.72948, 40.326296 ], [ -111.724856, 40.326327 ], [ -111.723431, 40.326342 ], [ -111.722487, 40.326352 ], [ -111.72091, 40.326369 ], [ -111.720437, 40.326374 ], [ -111.720004, 40.326381 ], [ -111.720757, 40.327574 ], [ -111.721484, 40.328925 ], [ -111.721779, 40.329456 ], [ -111.721961, 40.329827 ], [ -111.720091, 40.329837 ], [ -111.72017, 40.333674 ], [ -111.718432, 40.333691 ], [ -111.718219, 40.333694 ], [ -111.717274, 40.3337 ], [ -111.715402, 40.333712 ], [ -111.713483, 40.33372 ], [ -111.711024, 40.333738 ], [ -111.71078, 40.333734 ], [ -111.708759, 40.333747 ], [ -111.70579, 40.333761 ], [ -111.704765, 40.333769 ], [ -111.70389, 40.333776 ], [ -111.703555, 40.333779 ], [ -111.702969, 40.333773 ], [ -111.701361, 40.333787 ], [ -111.700778, 40.333786 ], [ -111.700419, 40.333786 ], [ -111.700018, 40.33379 ], [ -111.696251, 40.333811 ], [ -111.69422, 40.33382 ], [ -111.693625, 40.333809 ], [ -111.693391, 40.333812 ], [ -111.692641, 40.333808 ], [ -111.691044, 40.333811 ], [ -111.689776, 40.333809 ], [ -111.686684, 40.333811 ], [ -111.683466, 40.333812 ], [ -111.68183, 40.33381 ], [ -111.681351, 40.333813 ], [ -111.679669, 40.333811 ], [ -111.678955, 40.333745 ], [ -111.678915, 40.333811 ], [ -111.677888, 40.333812 ], [ -111.677154, 40.333812 ], [ -111.675769, 40.333812 ], [ -111.674503, 40.333812 ], [ -111.667923, 40.333811 ], [ -111.66306, 40.33381 ], [ -111.65832, 40.33381 ], [ -111.658313, 40.340936 ], [ -111.658312, 40.342845 ], [ -111.65831, 40.351939 ], [ -111.662757, 40.351946 ], [ -111.678528, 40.35197 ], [ -111.685966, 40.351981 ], [ -111.696795, 40.351998 ], [ -111.698479, 40.354895 ], [ -111.702566, 40.361288 ], [ -111.702611, 40.361351 ], [ -111.702509, 40.361404 ], [ -111.702207, 40.361619 ], [ -111.702112, 40.361688 ], [ -111.701953, 40.361801 ], [ -111.70122, 40.362068 ], [ -111.701102, 40.362111 ], [ -111.699698, 40.363285 ], [ -111.696234, 40.363275 ], [ -111.696243, 40.366482 ], [ -111.69625, 40.366919 ], [ -111.699842, 40.366867 ], [ -111.701145, 40.366859 ], [ -111.701143, 40.365317 ], [ -111.701702, 40.365324 ], [ -111.702211, 40.365324 ], [ -111.70314, 40.365918 ], [ -111.703799, 40.365912 ], [ -111.705595, 40.366275 ], [ -111.706006, 40.366887 ], [ -111.70849, 40.371333 ], [ -111.710714, 40.374724 ], [ -111.708655, 40.376394 ], [ -111.708257, 40.37653 ], [ -111.708059, 40.376598 ], [ -111.707646, 40.376971 ], [ -111.706879, 40.377824 ], [ -111.717338, 40.377552 ], [ -111.718265, 40.377537 ], [ -111.71823, 40.375987 ], [ -111.718212, 40.375186 ], [ -111.719442, 40.375178 ], [ -111.72056, 40.375172 ], [ -111.721528, 40.375195 ], [ -111.724529, 40.375326 ], [ -111.726069, 40.375431 ], [ -111.726773, 40.375456 ], [ -111.727525, 40.375471 ], [ -111.728414, 40.37547 ], [ -111.730557, 40.375468 ], [ -111.731878, 40.375485 ], [ -111.733171, 40.375501 ], [ -111.733944, 40.375504 ], [ -111.735689, 40.375503 ], [ -111.739837, 40.375523 ], [ -111.74229, 40.375525 ], [ -111.744075, 40.375535 ], [ -111.745179, 40.375542 ], [ -111.747579, 40.375548 ], [ -111.748305, 40.375548 ], [ -111.74956, 40.375557 ], [ -111.753205, 40.375588 ], [ -111.754954, 40.375588 ], [ -111.754995, 40.374228 ], [ -111.75483, 40.373332 ], [ -111.75483, 40.371991 ], [ -111.754826, 40.370437 ], [ -111.754828, 40.369937 ], [ -111.754969, 40.369221 ], [ -111.754502, 40.367144 ], [ -111.754494, 40.366844 ], [ -111.751075, 40.365726 ], [ -111.752725, 40.364355 ], [ -111.753512, 40.363416 ], [ -111.754194, 40.362756 ], [ -111.756153, 40.361598 ], [ -111.759902, 40.36024 ], [ -111.75981, 40.355197 ], [ -111.763315, 40.355188 ], [ -111.766064, 40.355181 ], [ -111.766486, 40.355478 ], [ -111.766881, 40.355178 ], [ -111.769258, 40.355174 ], [ -111.769942, 40.355172 ], [ -111.770603, 40.35517 ], [ -111.771211, 40.355169 ], [ -111.771973, 40.355168 ], [ -111.773164, 40.355168 ], [ -111.773164, 40.352786 ], [ -111.774341, 40.353548 ], [ -111.77434, 40.353299 ], [ -111.774322, 40.351482 ], [ -111.774387, 40.347668 ], [ -111.779298, 40.347661 ], [ -111.772777, 40.341038 ], [ -111.772832, 40.334308 ], [ -111.772899, 40.326155 ], [ -111.772579, 40.326167 ], [ -111.772777, 40.280159 ], [ -111.758587, 40.279922 ], [ -111.755521, 40.280098 ], [ -111.749444, 40.280056 ], [ -111.752911, 40.28297 ], [ -111.751221, 40.283117 ], [ -111.749168, 40.28237 ], [ -111.747894, 40.282941 ], [ -111.747901, 40.283906 ], [ -111.746329, 40.284463 ], [ -111.746805, 40.285707 ], [ -111.747945, 40.285506 ], [ -111.747786, 40.286188 ], [ -111.746368, 40.286533 ], [ -111.746169, 40.287816 ], [ -111.745494, 40.289975 ], [ -111.743319, 40.289749 ], [ -111.742565, 40.28826 ], [ -111.742323, 40.288263 ], [ -111.740876, 40.28792 ], [ -111.738468, 40.288203 ], [ -111.73845, 40.28676 ], [ -111.738415, 40.282952 ], [ -111.732479, 40.282804 ], [ -111.733074, 40.28368 ], [ -111.733559, 40.284691 ], [ -111.734296, 40.284132 ], [ -111.735917, 40.284143 ], [ -111.735928, 40.286149 ], [ -111.733692, 40.286164 ], [ -111.733692, 40.286473 ], [ -111.73369, 40.287504 ], [ -111.733686, 40.289823 ], [ -111.733721, 40.29092 ] ] ] ] } },
{ "type": "Feature", "properties": { "id": 71, "NAME": "71", "TotalPop": 42259, "PopDevPct": -0.03123563, "DemPct": 0.33842883, "RepPct": 0.62444687, "WhitePct": 0.74788079, "MinorityPct": 0.25211921, "BlackPct": 0.01170614, "HispanicPct": 0.1710845, "PacificPct": 0.02075484, "AsianPct": 0.03310011, "NativePct": 0.02280678, "TotalVAP": 29728, "Margin": -0.28601804, "color": "#960018", "opacity": "0.5", "DemPct2": 0.30784887, "RepPct2": 0.63323244, "Margin2": -0.32538357, "Swing": 0.03936553, "R_Margin": -0.0873089896, "R_Margin2": -0.12083644413333336, "R_Swing": 0.033527454533333376, "Majority": "White" }, "geometry": { "type": "MultiPolygon", "coordinates": [ [ [ [ -111.696251, 40.333811 ], [ -111.700018, 40.33379 ], [ -111.700419, 40.333786 ], [ -111.700778, 40.333786 ], [ -111.701361, 40.333787 ], [ -111.702969, 40.333773 ], [ -111.703555, 40.333779 ], [ -111.70389, 40.333776 ], [ -111.704765, 40.333769 ], [ -111.70579, 40.333761 ], [ -111.708759, 40.333747 ], [ -111.71078, 40.333734 ], [ -111.711024, 40.333738 ], [ -111.713483, 40.33372 ], [ -111.715402, 40.333712 ], [ -111.717274, 40.3337 ], [ -111.718219, 40.333694 ], [ -111.718432, 40.333691 ], [ -111.72017, 40.333674 ], [ -111.720091, 40.329837 ], [ -111.721961, 40.329827 ], [ -111.721779, 40.329456 ], [ -111.721484, 40.328925 ], [ -111.720757, 40.327574 ], [ -111.720004, 40.326381 ], [ -111.720437, 40.326374 ], [ -111.72091, 40.326369 ], [ -111.722487, 40.326352 ], [ -111.723431, 40.326342 ], [ -111.724856, 40.326327 ], [ -111.72948, 40.326296 ], [ -111.731853, 40.326311 ], [ -111.732282, 40.326315 ], [ -111.737332, 40.326269 ], [ -111.737603, 40.32627 ], [ -111.736259, 40.318958 ], [ -111.734968, 40.311861 ], [ -111.734664, 40.311864 ], [ -111.731705, 40.311848 ], [ -111.730217, 40.311839 ], [ -111.728363, 40.311832 ], [ -111.726086, 40.311883 ], [ -111.725798, 40.311875 ], [ -111.722837, 40.311887 ], [ -111.719611, 40.311944 ], [ -111.717442, 40.311981 ], [ -111.715002, 40.312019 ], [ -111.710252, 40.312057 ], [ -111.710242, 40.311881 ], [ -111.710213, 40.310001 ], [ -111.710187, 40.308898 ], [ -111.710179, 40.308207 ], [ -111.710154, 40.306372 ], [ -111.710112, 40.305679 ], [ -111.710102, 40.304483 ], [ -111.70879, 40.30449 ], [ -111.70769, 40.30449 ], [ -111.705362, 40.304491 ], [ -111.702953, 40.304502 ], [ -111.700735, 40.304484 ], [ -111.698195, 40.304483 ], [ -111.697426, 40.302702 ], [ -111.696595, 40.300776 ], [ -111.695799, 40.298958 ], [ -111.695025, 40.297128 ], [ -111.688981, 40.297109 ], [ -111.68838, 40.297101 ], [ -111.687239, 40.297081 ], [ -111.685969, 40.29706 ], [ -111.684589, 40.29704 ], [ -111.682865, 40.297015 ], [ -111.682499, 40.297009 ], [ -111.68086, 40.296985 ], [ -111.680096, 40.296974 ], [ -111.679657, 40.296967 ], [ -111.679595, 40.296966 ], [ -111.678873, 40.296956 ], [ -111.676455, 40.296921 ], [ -111.674827, 40.296892 ], [ -111.673875, 40.296878 ], [ -111.67259, 40.296866 ], [ -111.67174, 40.296895 ], [ -111.669978, 40.296951 ], [ -111.667273, 40.297043 ], [ -111.666977, 40.297053 ], [ -111.666985, 40.297417 ], [ -111.666314, 40.299402 ], [ -111.666657, 40.301361 ], [ -111.665554, 40.302594 ], [ -111.665024, 40.304528 ], [ -111.662893, 40.308063 ], [ -111.661898, 40.308894 ], [ -111.660656, 40.311267 ], [ -111.660227, 40.311646 ], [ -111.659269, 40.310115 ], [ -111.658162, 40.310112 ], [ -111.657717, 40.308398 ], [ -111.656558, 40.3084 ], [ -111.655307, 40.308419 ], [ -111.65533, 40.308559 ], [ -111.655906, 40.311314 ], [ -111.65535, 40.313116 ], [ -111.654716, 40.314415 ], [ -111.654054, 40.315732 ], [ -111.652411, 40.315762 ], [ -111.648387, 40.315837 ], [ -111.6485, 40.319851 ], [ -111.648544, 40.321481 ], [ -111.643252, 40.323975 ], [ -111.642447, 40.324894 ], [ -111.641569, 40.327062 ], [ -111.639938, 40.328473 ], [ -111.636512, 40.328871 ], [ -111.634588, 40.328351 ], [ -111.634612, 40.328934 ], [ -111.634675, 40.33046 ], [ -111.639293, 40.330457 ], [ -111.641955, 40.330424 ], [ -111.642097, 40.330422 ], [ -111.643979, 40.330395 ], [ -111.642378, 40.331967 ], [ -111.641277, 40.332071 ], [ -111.640869, 40.333553 ], [ -111.63893, 40.334943 ], [ -111.638508, 40.335781 ], [ -111.63739, 40.335064 ], [ -111.637613, 40.336182 ], [ -111.639234, 40.336327 ], [ -111.641098, 40.335872 ], [ -111.642102, 40.336619 ], [ -111.645229, 40.337819 ], [ -111.646723, 40.33922 ], [ -111.646747, 40.339891 ], [ -111.650141, 40.342962 ], [ -111.650898, 40.343972 ], [ -111.651931, 40.344226 ], [ -111.6541, 40.343889 ], [ -111.654389, 40.343175 ], [ -111.656316, 40.342527 ], [ -111.655213, 40.34222 ], [ -111.656643, 40.341283 ], [ -111.657703, 40.342962 ], [ -111.658312, 40.342845 ], [ -111.658313, 40.340936 ], [ -111.65832, 40.33381 ], [ -111.66306, 40.33381 ], [ -111.667923, 40.333811 ], [ -111.674503, 40.333812 ], [ -111.675769, 40.333812 ], [ -111.677154, 40.333812 ], [ -111.677888, 40.333812 ], [ -111.678915, 40.333811 ], [ -111.678955, 40.333745 ], [ -111.679669, 40.333811 ], [ -111.681351, 40.333813 ], [ -111.68183, 40.33381 ], [ -111.683466, 40.333812 ], [ -111.686684, 40.333811 ], [ -111.689776, 40.333809 ], [ -111.691044, 40.333811 ], [ -111.692641, 40.333808 ], [ -111.693391, 40.333812 ], [ -111.693625, 40.333809 ], [ -111.69422, 40.33382 ], [ -111.696251, 40.333811 ] ] ] ] } },
{ "type": "Feature", "properties": { "id": 72, "NAME": "72", "TotalPop": 43405, "PopDevPct": -0.00496421, "DemPct": 0.3481842, "RepPct": 0.61631099, "WhitePct": 0.70137835, "MinorityPct": 0.29862165, "BlackPct": 0.01790305, "HispanicPct": 0.20411956, "PacificPct": 0.02477931, "AsianPct": 0.03589902, "NativePct": 0.02459346, "TotalVAP": 32285, "Margin": -0.26812679, "color": "#960018", "opacity": "0.5", "DemPct2": 0.32536132, "RepPct2": 0.61470521, "Margin2": -0.28934389, "Swing": 0.0212171, "R_Margin": -0.0694177396, "R_Margin2": -0.084796764133333341, "R_Swing": 0.015379024533333325, "Majority": "White" }, "geometry": { "type": "MultiPolygon", "coordinates": [ [ [ [ -111.718699, 40.27531 ], [ -111.714284, 40.275158 ], [ -111.713401, 40.274986 ], [ -111.708217, 40.273698 ], [ -111.704674, 40.273592 ], [ -111.704697, 40.275298 ], [ -111.703574, 40.275289 ], [ -111.702516, 40.27528 ], [ -111.698874, 40.275257 ], [ -111.695136, 40.275222 ], [ -111.695103, 40.273556 ], [ -111.695072, 40.272014 ], [ -111.695046, 40.270683 ], [ -111.695041, 40.27046 ], [ -111.695026, 40.269697 ], [ -111.694992, 40.267945 ], [ -111.693831, 40.267938 ], [ -111.693783, 40.267938 ], [ -111.692675, 40.267929 ], [ -111.691582, 40.26792 ], [ -111.690276, 40.26791 ], [ -111.689257, 40.267905 ], [ -111.688856, 40.267903 ], [ -111.688881, 40.267237 ], [ -111.690243, 40.267229 ], [ -111.690244, 40.266171 ], [ -111.690247, 40.266116 ], [ -111.690107, 40.264259 ], [ -111.688866, 40.264254 ], [ -111.688889, 40.262898 ], [ -111.688926, 40.260658 ], [ -111.688265, 40.260659 ], [ -111.687649, 40.260643 ], [ -111.685417, 40.260641 ], [ -111.685403, 40.260732 ], [ -111.684705, 40.260624 ], [ -111.682603, 40.260616 ], [ -111.681734, 40.260617 ], [ -111.680498, 40.26061 ], [ -111.680006, 40.260463 ], [ -111.677955, 40.261446 ], [ -111.677676, 40.261239 ], [ -111.677451, 40.26139 ], [ -111.677442, 40.261834 ], [ -111.676748, 40.263914 ], [ -111.675697, 40.265115 ], [ -111.674758, 40.265766 ], [ -111.674736, 40.265798 ], [ -111.674003, 40.269102 ], [ -111.673388, 40.269829 ], [ -111.672348, 40.271176 ], [ -111.672481, 40.268197 ], [ -111.67148, 40.26601 ], [ -111.671141, 40.265691 ], [ -111.67114, 40.266012 ], [ -111.670384, 40.26606 ], [ -111.670389, 40.266608 ], [ -111.670359, 40.266881 ], [ -111.67031, 40.267108 ], [ -111.670243, 40.26729 ], [ -111.669863, 40.267284 ], [ -111.669748, 40.267282 ], [ -111.668908, 40.267304 ], [ -111.668437, 40.267317 ], [ -111.668626, 40.268913 ], [ -111.667959, 40.268871 ], [ -111.666512, 40.268738 ], [ -111.666516, 40.272891 ], [ -111.667578, 40.273389 ], [ -111.667783, 40.275005 ], [ -111.668726, 40.275218 ], [ -111.668662, 40.278838 ], [ -111.667488, 40.278873 ], [ -111.668782, 40.280262 ], [ -111.668554, 40.28257 ], [ -111.668842, 40.285756 ], [ -111.668843, 40.286472 ], [ -111.667172, 40.287668 ], [ -111.667269, 40.28867 ], [ -111.667409, 40.289725 ], [ -111.669128, 40.289708 ], [ -111.669723, 40.29007 ], [ -111.669286, 40.291531 ], [ -111.6694, 40.293244 ], [ -111.667777, 40.296425 ], [ -111.667256, 40.296641 ], [ -111.666968, 40.29667 ], [ -111.666977, 40.297053 ], [ -111.667273, 40.297043 ], [ -111.669978, 40.296951 ], [ -111.67174, 40.296895 ], [ -111.67259, 40.296866 ], [ -111.673875, 40.296878 ], [ -111.674827, 40.296892 ], [ -111.676455, 40.296921 ], [ -111.678873, 40.296956 ], [ -111.679595, 40.296966 ], [ -111.679657, 40.296967 ], [ -111.680096, 40.296974 ], [ -111.68086, 40.296985 ], [ -111.682499, 40.297009 ], [ -111.682865, 40.297015 ], [ -111.684589, 40.29704 ], [ -111.685969, 40.29706 ], [ -111.687239, 40.297081 ], [ -111.68838, 40.297101 ], [ -111.688981, 40.297109 ], [ -111.695025, 40.297128 ], [ -111.695799, 40.298958 ], [ -111.696595, 40.300776 ], [ -111.697426, 40.302702 ], [ -111.698195, 40.304483 ], [ -111.700735, 40.304484 ], [ -111.702953, 40.304502 ], [ -111.705362, 40.304491 ], [ -111.70769, 40.30449 ], [ -111.70879, 40.30449 ], [ -111.710102, 40.304483 ], [ -111.710112, 40.305679 ], [ -111.710154, 40.306372 ], [ -111.710179, 40.308207 ], [ -111.710187, 40.308898 ], [ -111.710213, 40.310001 ], [ -111.710242, 40.311881 ], [ -111.710252, 40.312057 ], [ -111.715002, 40.312019 ], [ -111.717442, 40.311981 ], [ -111.719611, 40.311944 ], [ -111.722837, 40.311887 ], [ -111.725798, 40.311875 ], [ -111.726086, 40.311883 ], [ -111.728363, 40.311832 ], [ -111.730217, 40.311839 ], [ -111.731705, 40.311848 ], [ -111.734664, 40.311864 ], [ -111.734968, 40.311861 ], [ -111.733643, 40.304578 ], [ -111.733571, 40.304182 ], [ -111.733773, 40.30351 ], [ -111.733821, 40.297125 ], [ -111.733802, 40.295348 ], [ -111.733746, 40.291708 ], [ -111.733721, 40.29092 ], [ -111.733686, 40.289823 ], [ -111.73369, 40.287504 ], [ -111.733692, 40.286473 ], [ -111.733692, 40.286164 ], [ -111.735928, 40.286149 ], [ -111.735917, 40.284143 ], [ -111.734296, 40.284132 ], [ -111.733559, 40.284691 ], [ -111.733074, 40.28368 ], [ -111.732479, 40.282804 ], [ -111.732141, 40.282306 ], [ -111.730344, 40.279081 ], [ -111.729042, 40.276969 ], [ -111.728278, 40.276144 ], [ -111.727331, 40.275117 ], [ -111.725396, 40.275217 ], [ -111.721664, 40.27528 ], [ -111.721509, 40.275283 ], [ -111.719135, 40.27531 ], [ -111.718699, 40.27531 ] ] ] ] } },
{ "type": "Feature", "properties": { "id": 73, "NAME": "73", "TotalPop": 41727, "PopDevPct": -0.04343144, "DemPct": 0.3514979, "RepPct": 0.61183408, "WhitePct": 0.70549233, "MinorityPct": 0.29450767, "BlackPct": 0.01820881, "HispanicPct": 0.1982187, "PacificPct": 0.02668646, "AsianPct": 0.03826489, "NativePct": 0.02513607, "TotalVAP": 30315, "Margin": -0.26033618, "color": "#960018", "opacity": "0.5", "DemPct2": 0.33366822, "RepPct2": 0.60699485, "Margin2": -0.27332663, "Swing": 0.01299045, "R_Margin": -0.0616271296, "R_Margin2": -0.068779504133333308, "R_Swing": 0.0071523745333333232, "Majority": "White" }, "geometry": { "type": "MultiPolygon", "coordinates": [ [ [ [ -111.758587, 40.279922 ], [ -111.772777, 40.280159 ], [ -111.772579, 40.326167 ], [ -111.772899, 40.326155 ], [ -111.772832, 40.334308 ], [ -111.776814, 40.335874 ], [ -111.788498, 40.33822 ], [ -111.799341, 40.341859 ], [ -111.800542, 40.342368 ], [ -111.801497, 40.343891 ], [ -111.801974, 40.342117 ], [ -111.803452, 40.342929 ], [ -111.803023, 40.343529 ], [ -111.804379, 40.344554 ], [ -111.810205, 40.346994 ], [ -111.813875, 40.348771 ], [ -111.819814, 40.351572 ], [ -111.820892, 40.351971 ], [ -111.822321, 40.352397 ], [ -111.823846, 40.353081 ], [ -111.82537, 40.353379 ], [ -111.827713, 40.354004 ], [ -111.828826, 40.354242 ], [ -111.835178, 40.355844 ], [ -111.835189, 40.355329 ], [ -111.84356, 40.356944 ], [ -111.848695, 40.357957 ], [ -111.860961, 40.360318 ], [ -111.865383, 40.360472 ], [ -111.867231, 40.360853 ], [ -111.871321, 40.361013 ], [ -111.872724, 40.361089 ], [ -111.872919, 40.360814 ], [ -111.878393, 40.360856 ], [ -111.883878, 40.360529 ], [ -111.885726, 40.360691 ], [ -111.891663, 40.359645 ], [ -111.894359, 40.358665 ], [ -111.896722, 40.358522 ], [ -111.89783, 40.35699 ], [ -111.899752, 40.355359 ], [ -111.900877, 40.354379 ], [ -111.901012, 40.353234 ], [ -111.902859, 40.349737 ], [ -111.906271, 40.346832 ], [ -111.908807, 40.344041 ], [ -111.910401, 40.341686 ], [ -111.911382, 40.339003 ], [ -111.911091, 40.337727 ], [ -111.907594, 40.335781 ], [ -111.904963, 40.335071 ], [ -111.899374, 40.331912 ], [ -111.898388, 40.330882 ], [ -111.897254, 40.32857 ], [ -111.896148, 40.327632 ], [ -111.895402, 40.323559 ], [ -111.894984, 40.322963 ], [ -111.892207, 40.320606 ], [ -111.888919, 40.318155 ], [ -111.886382, 40.314904 ], [ -111.885024, 40.313559 ], [ -111.884231, 40.312547 ], [ -111.884143, 40.31035 ], [ -111.881991, 40.307648 ], [ -111.880217, 40.305509 ], [ -111.879576, 40.304523 ], [ -111.878782, 40.30308 ], [ -111.876321, 40.299346 ], [ -111.873291, 40.294748 ], [ -111.871299, 40.291726 ], [ -111.870765, 40.290916 ], [ -111.86755, 40.286038 ], [ -111.865945, 40.283603 ], [ -111.855807, 40.268219 ], [ -111.854846, 40.267791 ], [ -111.85235, 40.267615 ], [ -111.849592, 40.268693 ], [ -111.846438, 40.268597 ], [ -111.847643, 40.267753 ], [ -111.847711, 40.26685 ], [ -111.8492, 40.266529 ], [ -111.848977, 40.267174 ], [ -111.850445, 40.266954 ], [ -111.85427, 40.264543 ], [ -111.855806, 40.262159 ], [ -111.855358, 40.261487 ], [ -111.85619, 40.260191 ], [ -111.85475, 40.259215 ], [ -111.855582, 40.258159 ], [ -111.854709, 40.257002 ], [ -111.816353, 40.249952 ], [ -111.818828, 40.229043 ], [ -111.820481, 40.219124 ], [ -111.821961, 40.210987 ], [ -111.822084, 40.204945 ], [ -111.822161, 40.194844 ], [ -111.824951, 40.184759 ], [ -111.82678, 40.176455 ], [ -111.827728, 40.174254 ], [ -111.826546, 40.170098 ], [ -111.824883, 40.167118 ], [ -111.820385, 40.162823 ], [ -111.818829, 40.160593 ], [ -111.817493, 40.157879 ], [ -111.81426, 40.148389 ], [ -111.812582, 40.144939 ], [ -111.811182, 40.14562 ], [ -111.806347, 40.145982 ], [ -111.805093, 40.145508 ], [ -111.799378, 40.144079 ], [ -111.798451, 40.142509 ], [ -111.799809, 40.140788 ], [ -111.799937, 40.138819 ], [ -111.795889, 40.13812 ], [ -111.79152, 40.138466 ], [ -111.784588, 40.139589 ], [ -111.778608, 40.140916 ], [ -111.77271, 40.142224 ], [ -111.77067, 40.143177 ], [ -111.766341, 40.14422 ], [ -111.760352, 40.146495 ], [ -111.757277, 40.148046 ], [ -111.75376, 40.149386 ], [ -111.751969, 40.151172 ], [ -111.749594, 40.152724 ], [ -111.748111, 40.154603 ], [ -111.747962, 40.156011 ], [ -111.7485, 40.157853 ], [ -111.749766, 40.160386 ], [ -111.74877, 40.166439 ], [ -111.748455, 40.166912 ], [ -111.748203, 40.167068 ], [ -111.743749, 40.167688 ], [ -111.739192, 40.169825 ], [ -111.738039, 40.170569 ], [ -111.737054, 40.172127 ], [ -111.738872, 40.174118 ], [ -111.739202, 40.176637 ], [ -111.73833, 40.179321 ], [ -111.737203, 40.180668 ], [ -111.734408, 40.182424 ], [ -111.732901, 40.183012 ], [ -111.730941, 40.183125 ], [ -111.728665, 40.181514 ], [ -111.726217, 40.180552 ], [ -111.718749, 40.1787 ], [ -111.717889, 40.177139 ], [ -111.718219, 40.175669 ], [ -111.720551, 40.172864 ], [ -111.72121, 40.17116 ], [ -111.720894, 40.170378 ], [ -111.72206, 40.167361 ], [ -111.720645, 40.166402 ], [ -111.718184, 40.166302 ], [ -111.717332, 40.165196 ], [ -111.717126, 40.162239 ], [ -111.714884, 40.160991 ], [ -111.712487, 40.161354 ], [ -111.712004, 40.163613 ], [ -111.710366, 40.165876 ], [ -111.708202, 40.167592 ], [ -111.705981, 40.168337 ], [ -111.703477, 40.17017 ], [ -111.699826, 40.173788 ], [ -111.698141, 40.175874 ], [ -111.695757, 40.177024 ], [ -111.694006, 40.176528 ], [ -111.691835, 40.176758 ], [ -111.688445, 40.175194 ], [ -111.684103, 40.17441 ], [ -111.680059, 40.176896 ], [ -111.675622, 40.177869 ], [ -111.674063, 40.177085 ], [ -111.67374, 40.175897 ], [ -111.671794, 40.175919 ], [ -111.670386, 40.177822 ], [ -111.66946, 40.178386 ], [ -111.669449, 40.179269 ], [ -111.674254, 40.178262 ], [ -111.674258, 40.180729 ], [ -111.667092, 40.180812 ], [ -111.657817, 40.18092 ], [ -111.65528, 40.180813 ], [ -111.65529, 40.184967 ], [ -111.655293, 40.186482 ], [ -111.655064, 40.188317 ], [ -111.646699, 40.188327 ], [ -111.647187, 40.191642 ], [ -111.647853, 40.193407 ], [ -111.649198, 40.195645 ], [ -111.652542, 40.199781 ], [ -111.655129, 40.202986 ], [ -111.659154, 40.207973 ], [ -111.660211, 40.209271 ], [ -111.665824, 40.216203 ], [ -111.667014, 40.217377 ], [ -111.671123, 40.220636 ], [ -111.674353, 40.223227 ], [ -111.677021, 40.225781 ], [ -111.677708, 40.225782 ], [ -111.680186, 40.225771 ], [ -111.68224, 40.225764 ], [ -111.683939, 40.225768 ], [ -111.684759, 40.22577 ], [ -111.687369, 40.225778 ], [ -111.693015, 40.225778 ], [ -111.694968, 40.225768 ], [ -111.694951, 40.227617 ], [ -111.694945, 40.228238 ], [ -111.694925, 40.230102 ], [ -111.694896, 40.232931 ], [ -111.694754, 40.233874 ], [ -111.691721, 40.233879 ], [ -111.690766, 40.233888 ], [ -111.689225, 40.23389 ], [ -111.687432, 40.233884 ], [ -111.684943, 40.233843 ], [ -111.687915, 40.236788 ], [ -111.690241, 40.239192 ], [ -111.690002, 40.23931 ], [ -111.688087, 40.240074 ], [ -111.686783, 40.240605 ], [ -111.686461, 40.240217 ], [ -111.685531, 40.240538 ], [ -111.682369, 40.240516 ], [ -111.681307, 40.24048 ], [ -111.680311, 40.240441 ], [ -111.677524, 40.240427 ], [ -111.676266, 40.240429 ], [ -111.675663, 40.240427 ], [ -111.674444, 40.240425 ], [ -111.673784, 40.240424 ], [ -111.672918, 40.24042 ], [ -111.6727, 40.240414 ], [ -111.67191, 40.240415 ], [ -111.670974, 40.240407 ], [ -111.669263, 40.240417 ], [ -111.667431, 40.240413 ], [ -111.667428, 40.241718 ], [ -111.667425, 40.243049 ], [ -111.667413, 40.244308 ], [ -111.667421, 40.246373 ], [ -111.667521, 40.250639 ], [ -111.6682, 40.251854 ], [ -111.667714, 40.252233 ], [ -111.667742, 40.253197 ], [ -111.667528, 40.253436 ], [ -111.66665, 40.253854 ], [ -111.665969, 40.255037 ], [ -111.66546, 40.255339 ], [ -111.664615, 40.255541 ], [ -111.664111, 40.256082 ], [ -111.664093, 40.256949 ], [ -111.662852, 40.256923 ], [ -111.662485, 40.257052 ], [ -111.661824, 40.257022 ], [ -111.661775, 40.257841 ], [ -111.663678, 40.259947 ], [ -111.667261, 40.263057 ], [ -111.669784, 40.264731 ], [ -111.671141, 40.265691 ], [ -111.67148, 40.26601 ], [ -111.672481, 40.268197 ], [ -111.672348, 40.271176 ], [ -111.673388, 40.269829 ], [ -111.674003, 40.269102 ], [ -111.674736, 40.265798 ], [ -111.674758, 40.265766 ], [ -111.675697, 40.265115 ], [ -111.676748, 40.263914 ], [ -111.677442, 40.261834 ], [ -111.677451, 40.26139 ], [ -111.677676, 40.261239 ], [ -111.677955, 40.261446 ], [ -111.680006, 40.260463 ], [ -111.680498, 40.26061 ], [ -111.681734, 40.260617 ], [ -111.682603, 40.260616 ], [ -111.684705, 40.260624 ], [ -111.685403, 40.260732 ], [ -111.685417, 40.260641 ], [ -111.687649, 40.260643 ], [ -111.688265, 40.260659 ], [ -111.688926, 40.260658 ], [ -111.688889, 40.262898 ], [ -111.688866, 40.264254 ], [ -111.690107, 40.264259 ], [ -111.690247, 40.266116 ], [ -111.690244, 40.266171 ], [ -111.690243, 40.267229 ], [ -111.688881, 40.267237 ], [ -111.688856, 40.267903 ], [ -111.689257, 40.267905 ], [ -111.690276, 40.26791 ], [ -111.691582, 40.26792 ], [ -111.692675, 40.267929 ], [ -111.693783, 40.267938 ], [ -111.693831, 40.267938 ], [ -111.694992, 40.267945 ], [ -111.695026, 40.269697 ], [ -111.695041, 40.27046 ], [ -111.695046, 40.270683 ], [ -111.695072, 40.272014 ], [ -111.695103, 40.273556 ], [ -111.695136, 40.275222 ], [ -111.698874, 40.275257 ], [ -111.702516, 40.27528 ], [ -111.703574, 40.275289 ], [ -111.704697, 40.275298 ], [ -111.704674, 40.273592 ], [ -111.708217, 40.273698 ], [ -111.713401, 40.274986 ], [ -111.714284, 40.275158 ], [ -111.718699, 40.27531 ], [ -111.719135, 40.27531 ], [ -111.721509, 40.275283 ], [ -111.721664, 40.27528 ], [ -111.725396, 40.275217 ], [ -111.727331, 40.275117 ], [ -111.728278, 40.276144 ], [ -111.729042, 40.276969 ], [ -111.730344, 40.279081 ], [ -111.732141, 40.282306 ], [ -111.732479, 40.282804 ], [ -111.738415, 40.282952 ], [ -111.73845, 40.28676 ], [ -111.738468, 40.288203 ], [ -111.740876, 40.28792 ], [ -111.742323, 40.288263 ], [ -111.742565, 40.28826 ], [ -111.743319, 40.289749 ], [ -111.745494, 40.289975 ], [ -111.746169, 40.287816 ], [ -111.746368, 40.286533 ], [ -111.747786, 40.286188 ], [ -111.747945, 40.285506 ], [ -111.746805, 40.285707 ], [ -111.746329, 40.284463 ], [ -111.747901, 40.283906 ], [ -111.747894, 40.282941 ], [ -111.749168, 40.28237 ], [ -111.751221, 40.283117 ], [ -111.752911, 40.28297 ], [ -111.749444, 40.280056 ], [ -111.755521, 40.280098 ], [ -111.758587, 40.279922 ] ] ] ] } },
{ "type": "Feature", "properties": { "id": 74, "NAME": "74", "TotalPop": 41720, "PopDevPct": -0.04359191, "DemPct": 0.4161314, "RepPct": 0.54587998, "WhitePct": 0.69661781, "MinorityPct": 0.30338219, "BlackPct": 0.01925431, "HispanicPct": 0.20224484, "PacificPct": 0.02286635, "AsianPct": 0.04301621, "NativePct": 0.02797098, "TotalVAP": 33499, "Margin": -0.12974858, "color": "#ff2020", "opacity": "0.5", "DemPct2": 0.41874442, "RepPct2": 0.50296435, "Margin2": -0.08421993, "Swing": -0.04552865, "R_Margin": 0.0689604704, "R_Margin2": 0.12032719586666671, "R_Swing": -0.051366725466666777, "Majority": "White" }, "geometry": { "type": "MultiPolygon", "coordinates": [ [ [ [ -111.636145, 40.215939 ], [ -111.634763, 40.216021 ], [ -111.634555, 40.216024 ], [ -111.63407, 40.21603 ], [ -111.633992, 40.216034 ], [ -111.633608, 40.216018 ], [ -111.633385, 40.216012 ], [ -111.633133, 40.216016 ], [ -111.632645, 40.216021 ], [ -111.631925, 40.216041 ], [ -111.631214, 40.216035 ], [ -111.630561, 40.216035 ], [ -111.630363, 40.216033 ], [ -111.627894, 40.214946 ], [ -111.62732, 40.214945 ], [ -111.626065, 40.214971 ], [ -111.62515, 40.214991 ], [ -111.618159, 40.21501 ], [ -111.618275, 40.221905 ], [ -111.6183, 40.224478 ], [ -111.619237, 40.225763 ], [ -111.6207, 40.226265 ], [ -111.622636, 40.225066 ], [ -111.627802, 40.224339 ], [ -111.628298, 40.224311 ], [ -111.628488, 40.224384 ], [ -111.628572, 40.224427 ], [ -111.628642, 40.22447 ], [ -111.628768, 40.224523 ], [ -111.629006, 40.224534 ], [ -111.6292, 40.224458 ], [ -111.629254, 40.224437 ], [ -111.629763, 40.224507 ], [ -111.62972, 40.224968 ], [ -111.629522, 40.226922 ], [ -111.631227, 40.227799 ], [ -111.631939, 40.229287 ], [ -111.632812, 40.229724 ], [ -111.635231, 40.229739 ], [ -111.635215, 40.229243 ], [ -111.635223, 40.228917 ], [ -111.63625, 40.228954 ], [ -111.638096, 40.228821 ], [ -111.639158, 40.228786 ], [ -111.64012, 40.228772 ], [ -111.642678, 40.228723 ], [ -111.642716, 40.229644 ], [ -111.642852, 40.231851 ], [ -111.643107, 40.23267 ], [ -111.643196, 40.233654 ], [ -111.643175, 40.234807 ], [ -111.643148, 40.235647 ], [ -111.643147, 40.236468 ], [ -111.644735, 40.236467 ], [ -111.644733, 40.237414 ], [ -111.645785, 40.237402 ], [ -111.646579, 40.237394 ], [ -111.648237, 40.237401 ], [ -111.648244, 40.237712 ], [ -111.649962, 40.237712 ], [ -111.651681, 40.237719 ], [ -111.65168, 40.23904 ], [ -111.651672, 40.240353 ], [ -111.651664, 40.241147 ], [ -111.651659, 40.241677 ], [ -111.651664, 40.242999 ], [ -111.651651, 40.244314 ], [ -111.653376, 40.244287 ], [ -111.6551, 40.244233 ], [ -111.656142, 40.244308 ], [ -111.656135, 40.246559 ], [ -111.656117, 40.24787 ], [ -111.656407, 40.250058 ], [ -111.65615, 40.25063 ], [ -111.656138, 40.251646 ], [ -111.656136, 40.251823 ], [ -111.656127, 40.252667 ], [ -111.656122, 40.253105 ], [ -111.656092, 40.255766 ], [ -111.658597, 40.25579 ], [ -111.660031, 40.256226 ], [ -111.661775, 40.257841 ], [ -111.661824, 40.257022 ], [ -111.662485, 40.257052 ], [ -111.662852, 40.256923 ], [ -111.664093, 40.256949 ], [ -111.664111, 40.256082 ], [ -111.664615, 40.255541 ], [ -111.66546, 40.255339 ], [ -111.665969, 40.255037 ], [ -111.66665, 40.253854 ], [ -111.667528, 40.253436 ], [ -111.667742, 40.253197 ], [ -111.667714, 40.252233 ], [ -111.6682, 40.251854 ], [ -111.667521, 40.250639 ], [ -111.667421, 40.246373 ], [ -111.667413, 40.244308 ], [ -111.667425, 40.243049 ], [ -111.667428, 40.241718 ], [ -111.667431, 40.240413 ], [ -111.669263, 40.240417 ], [ -111.670974, 40.240407 ], [ -111.67191, 40.240415 ], [ -111.6727, 40.240414 ], [ -111.672918, 40.24042 ], [ -111.673784, 40.240424 ], [ -111.674444, 40.240425 ], [ -111.675663, 40.240427 ], [ -111.676266, 40.240429 ], [ -111.677524, 40.240427 ], [ -111.680311, 40.240441 ], [ -111.681307, 40.24048 ], [ -111.682369, 40.240516 ], [ -111.685531, 40.240538 ], [ -111.686461, 40.240217 ], [ -111.686783, 40.240605 ], [ -111.688087, 40.240074 ], [ -111.690002, 40.23931 ], [ -111.690241, 40.239192 ], [ -111.687915, 40.236788 ], [ -111.684943, 40.233843 ], [ -111.687432, 40.233884 ], [ -111.689225, 40.23389 ], [ -111.690766, 40.233888 ], [ -111.691721, 40.233879 ], [ -111.694754, 40.233874 ], [ -111.694896, 40.232931 ], [ -111.694925, 40.230102 ], [ -111.694945, 40.228238 ], [ -111.694951, 40.227617 ], [ -111.694968, 40.225768 ], [ -111.693015, 40.225778 ], [ -111.687369, 40.225778 ], [ -111.684759, 40.22577 ], [ -111.683939, 40.225768 ], [ -111.68224, 40.225764 ], [ -111.680186, 40.225771 ], [ -111.677708, 40.225782 ], [ -111.677021, 40.225781 ], [ -111.674353, 40.223227 ], [ -111.671123, 40.220636 ], [ -111.667014, 40.217377 ], [ -111.665824, 40.216203 ], [ -111.660211, 40.209271 ], [ -111.659154, 40.207973 ], [ -111.655129, 40.202986 ], [ -111.652542, 40.199781 ], [ -111.652168, 40.199781 ], [ -111.647028, 40.198681 ], [ -111.64616, 40.199127 ], [ -111.639793, 40.199269 ], [ -111.639817, 40.199346 ], [ -111.640162, 40.20045 ], [ -111.640237, 40.200613 ], [ -111.64039, 40.201107 ], [ -111.640912, 40.202798 ], [ -111.642439, 40.207512 ], [ -111.642771, 40.20882 ], [ -111.642746, 40.210099 ], [ -111.639003, 40.208915 ], [ -111.638142, 40.208736 ], [ -111.63816, 40.210104 ], [ -111.636819, 40.210149 ], [ -111.635546, 40.21016 ], [ -111.635026, 40.210164 ], [ -111.633193, 40.208385 ], [ -111.630115, 40.208191 ], [ -111.632555, 40.211028 ], [ -111.635004, 40.214381 ], [ -111.636145, 40.215939 ] ] ] ] } },
{ "type": "Feature", "properties": { "id": 75, "NAME": "75", "TotalPop": 41891, "PopDevPct": -0.03967183, "DemPct": 0.38901734, "RepPct": 0.57290462, "WhitePct": 0.82066896, "MinorityPct": 0.17933104, "BlackPct": 0.01340248, "HispanicPct": 0.08222132, "PacificPct": 0.02077385, "AsianPct": 0.0509877, "NativePct": 0.01523804, "TotalVAP": 34322, "Margin": -0.18388728, "color": "#ff2020", "opacity": "0.5", "DemPct2": 0.36607083, "RepPct2": 0.57755908, "Margin2": -0.21148825, "Swing": 0.02760097, "R_Margin": 0.0148217704, "R_Margin2": -0.0069411241333333373, "R_Swing": 0.021762894533333341, "Majority": "White" }, "geometry": { "type": "MultiPolygon", "coordinates": [ [ [ [ -111.656092, 40.255766 ], [ -111.656122, 40.253105 ], [ -111.656127, 40.252667 ], [ -111.656136, 40.251823 ], [ -111.656138, 40.251646 ], [ -111.65615, 40.25063 ], [ -111.656407, 40.250058 ], [ -111.656117, 40.24787 ], [ -111.656135, 40.246559 ], [ -111.656142, 40.244308 ], [ -111.6551, 40.244233 ], [ -111.653376, 40.244287 ], [ -111.651651, 40.244314 ], [ -111.651664, 40.242999 ], [ -111.651659, 40.241677 ], [ -111.651664, 40.241147 ], [ -111.651672, 40.240353 ], [ -111.65168, 40.23904 ], [ -111.651681, 40.237719 ], [ -111.649962, 40.237712 ], [ -111.648244, 40.237712 ], [ -111.648237, 40.237401 ], [ -111.646579, 40.237394 ], [ -111.645785, 40.237402 ], [ -111.644733, 40.237414 ], [ -111.644735, 40.236467 ], [ -111.643147, 40.236468 ], [ -111.643148, 40.235647 ], [ -111.643175, 40.234807 ], [ -111.643196, 40.233654 ], [ -111.643107, 40.23267 ], [ -111.642852, 40.231851 ], [ -111.642716, 40.229644 ], [ -111.642678, 40.228723 ], [ -111.64012, 40.228772 ], [ -111.639158, 40.228786 ], [ -111.638096, 40.228821 ], [ -111.63625, 40.228954 ], [ -111.635223, 40.228917 ], [ -111.635215, 40.229243 ], [ -111.635231, 40.229739 ], [ -111.632812, 40.229724 ], [ -111.631939, 40.229287 ], [ -111.631227, 40.227799 ], [ -111.629522, 40.226922 ], [ -111.62972, 40.224968 ], [ -111.629763, 40.224507 ], [ -111.629254, 40.224437 ], [ -111.6292, 40.224458 ], [ -111.629006, 40.224534 ], [ -111.628768, 40.224523 ], [ -111.628642, 40.22447 ], [ -111.628572, 40.224427 ], [ -111.628488, 40.224384 ], [ -111.628298, 40.224311 ], [ -111.627802, 40.224339 ], [ -111.622636, 40.225066 ], [ -111.6207, 40.226265 ], [ -111.619237, 40.225763 ], [ -111.6183, 40.224478 ], [ -111.618321, 40.226904 ], [ -111.618367, 40.231921 ], [ -111.618175, 40.235512 ], [ -111.610663, 40.23569 ], [ -111.608836, 40.235734 ], [ -111.599391, 40.235958 ], [ -111.589877, 40.23579 ], [ -111.589753, 40.239582 ], [ -111.589332, 40.23958 ], [ -111.575439, 40.239556 ], [ -111.573168, 40.239565 ], [ -111.570955, 40.239573 ], [ -111.570981, 40.243218 ], [ -111.570982, 40.243328 ], [ -111.558345, 40.243281 ], [ -111.553133, 40.243241 ], [ -111.551895, 40.243231 ], [ -111.551914, 40.24639 ], [ -111.551917, 40.246921 ], [ -111.550655, 40.24691 ], [ -111.542371, 40.246839 ], [ -111.542372, 40.247196 ], [ -111.542404, 40.25772 ], [ -111.542415, 40.261187 ], [ -111.536915, 40.261166 ], [ -111.5369, 40.264671 ], [ -111.535818, 40.264575 ], [ -111.534675, 40.263655 ], [ -111.527867, 40.270676 ], [ -111.524965, 40.273107 ], [ -111.520008, 40.276341 ], [ -111.516632, 40.277765 ], [ -111.514619, 40.281089 ], [ -111.51309, 40.282592 ], [ -111.510792, 40.283796 ], [ -111.509263, 40.284305 ], [ -111.503221, 40.284559 ], [ -111.500744, 40.284838 ], [ -111.498336, 40.286544 ], [ -111.497168, 40.288796 ], [ -111.494691, 40.289682 ], [ -111.491388, 40.289697 ], [ -111.487794, 40.288743 ], [ -111.484872, 40.289123 ], [ -111.479764, 40.291326 ], [ -111.475932, 40.292097 ], [ -111.471813, 40.292123 ], [ -111.468846, 40.293469 ], [ -111.461375, 40.298457 ], [ -111.458855, 40.300382 ], [ -111.457193, 40.300741 ], [ -111.456282, 40.301039 ], [ -111.452624, 40.304164 ], [ -111.450494, 40.305113 ], [ -111.449851, 40.306921 ], [ -111.448041, 40.309346 ], [ -111.444192, 40.312012 ], [ -111.443889, 40.31343 ], [ -111.442795, 40.313839 ], [ -111.442251, 40.314839 ], [ -111.442876, 40.316632 ], [ -111.441117, 40.320138 ], [ -111.438145, 40.320386 ], [ -111.43809, 40.322014 ], [ -111.440155, 40.323419 ], [ -111.441151, 40.323642 ], [ -111.444849, 40.326719 ], [ -111.444402, 40.328087 ], [ -111.445818, 40.329956 ], [ -111.44809, 40.330955 ], [ -111.449603, 40.331702 ], [ -111.451921, 40.334272 ], [ -111.453295, 40.334267 ], [ -111.453153, 40.340284 ], [ -111.462464, 40.340339 ], [ -111.462281, 40.347484 ], [ -111.471578, 40.347584 ], [ -111.471481, 40.351209 ], [ -111.475951, 40.35121 ], [ -111.475858, 40.354865 ], [ -111.480536, 40.354957 ], [ -111.480337, 40.362169 ], [ -111.485093, 40.362271 ], [ -111.489717, 40.362372 ], [ -111.508424, 40.361801 ], [ -111.517758, 40.361744 ], [ -111.527044, 40.361688 ], [ -111.545837, 40.362038 ], [ -111.545853, 40.362719 ], [ -111.555235, 40.362696 ], [ -111.555244, 40.364036 ], [ -111.555259, 40.366329 ], [ -111.556582, 40.364692 ], [ -111.559736, 40.36365 ], [ -111.562166, 40.361809 ], [ -111.567213, 40.359431 ], [ -111.569139, 40.358723 ], [ -111.571219, 40.357175 ], [ -111.573645, 40.356502 ], [ -111.576703, 40.356536 ], [ -111.577737, 40.356243 ], [ -111.580045, 40.354454 ], [ -111.582657, 40.353238 ], [ -111.585278, 40.351467 ], [ -111.587214, 40.350898 ], [ -111.588574, 40.349886 ], [ -111.589933, 40.34892 ], [ -111.593564, 40.348123 ], [ -111.598738, 40.345908 ], [ -111.600459, 40.344889 ], [ -111.602923, 40.34237 ], [ -111.604618, 40.341062 ], [ -111.60826, 40.339544 ], [ -111.609552, 40.338626 ], [ -111.610905, 40.336819 ], [ -111.611211, 40.336428 ], [ -111.613689, 40.333364 ], [ -111.616723, 40.331824 ], [ -111.617996, 40.330531 ], [ -111.620541, 40.328861 ], [ -111.626637, 40.32858 ], [ -111.628051, 40.328373 ], [ -111.632335, 40.327635 ], [ -111.634588, 40.328351 ], [ -111.636512, 40.328871 ], [ -111.639938, 40.328473 ], [ -111.641569, 40.327062 ], [ -111.642447, 40.324894 ], [ -111.643252, 40.323975 ], [ -111.648544, 40.321481 ], [ -111.6485, 40.319851 ], [ -111.648387, 40.315837 ], [ -111.652411, 40.315762 ], [ -111.654054, 40.315732 ], [ -111.654716, 40.314415 ], [ -111.65535, 40.313116 ], [ -111.655906, 40.311314 ], [ -111.65533, 40.308559 ], [ -111.655307, 40.308419 ], [ -111.656558, 40.3084 ], [ -111.657717, 40.308398 ], [ -111.658162, 40.310112 ], [ -111.659269, 40.310115 ], [ -111.660227, 40.311646 ], [ -111.660656, 40.311267 ], [ -111.661898, 40.308894 ], [ -111.662893, 40.308063 ], [ -111.665024, 40.304528 ], [ -111.665554, 40.302594 ], [ -111.666657, 40.301361 ], [ -111.666314, 40.299402 ], [ -111.666985, 40.297417 ], [ -111.666977, 40.297053 ], [ -111.666968, 40.29667 ], [ -111.667256, 40.296641 ], [ -111.667777, 40.296425 ], [ -111.6694, 40.293244 ], [ -111.669286, 40.291531 ], [ -111.669723, 40.29007 ], [ -111.669128, 40.289708 ], [ -111.667409, 40.289725 ], [ -111.667269, 40.28867 ], [ -111.667172, 40.287668 ], [ -111.668843, 40.286472 ], [ -111.668842, 40.285756 ], [ -111.668554, 40.28257 ], [ -111.668782, 40.280262 ], [ -111.667488, 40.278873 ], [ -111.668662, 40.278838 ], [ -111.668726, 40.275218 ], [ -111.667783, 40.275005 ], [ -111.667578, 40.273389 ], [ -111.666516, 40.272891 ], [ -111.666512, 40.268738 ], [ -111.667959, 40.268871 ], [ -111.668626, 40.268913 ], [ -111.668437, 40.267317 ], [ -111.668908, 40.267304 ], [ -111.669748, 40.267282 ], [ -111.669863, 40.267284 ], [ -111.670243, 40.26729 ], [ -111.67031, 40.267108 ], [ -111.670359, 40.266881 ], [ -111.670389, 40.266608 ], [ -111.670384, 40.26606 ], [ -111.67114, 40.266012 ], [ -111.671141, 40.265691 ], [ -111.669784, 40.264731 ], [ -111.667261, 40.263057 ], [ -111.663678, 40.259947 ], [ -111.661775, 40.257841 ], [ -111.660031, 40.256226 ], [ -111.658597, 40.25579 ], [ -111.656092, 40.255766 ] ] ] ] } }
]
}
