,id,TotalPop,PopDevPct,DemPct,RepPct,WhitePct,MinorityPct,BlackPct,HispanicPct,PacificPct,AsianPct,NativePct,TotalVAP,Margin,Majority
0,1,35670,-0.02725831,0.60285184,0.35281418,0.66427353,0.33572647,0.01933466,0.05263719,0.0172377,0.08689935,0.17809923,28136,0.25003766000000005,White
1,2,36616,-0.00146034,0.44187671,0.51351642,0.60878216,0.39121784,0.01424133,0.03850047,0.00739991,0.06942651,0.26981745,28649,-0.07163970999999997,White
2,3,37238,0.01550196,0.47395221,0.44796971,0.19217311,0.80782689,0.01496199,0.02734988,0.01407714,0.0317339,0.73124723,24863,0.025982499999999964,Native
3,4,35118,-0.04231167,0.47177419,0.45369013,0.18912174,0.81087826,0.03224656,0.06065048,0.01239948,0.09986927,0.61735927,25243,0.018084059999999957,Native
4,5,36357,-0.00852342,0.40206653,0.55609879,0.70918496,0.29081504,0.02151658,0.04066238,0.00441826,0.02837746,0.1895183,27839,-0.15403225999999998,White
5,6,36479,-0.00519641,0.46864402,0.48757477,0.60527428,0.39472572,0.07326949,0.06598127,0.01172453,0.06753046,0.18438842,28402,-0.018930749999999996,White
6,7,36589,-0.00219665,0.26006858,0.70241377,0.71235012,0.28764988,0.05783437,0.08623186,0.01050522,0.04413675,0.08270537,26939,-0.44234519000000005,White
7,8,37044,0.01021147,0.25255174,0.71467366,0.79271095,0.20728905,0.0152356,0.02856234,0.00692849,0.0216692,0.12623281,28289,-0.46212191999999996,White
8,9,36159,-0.013923,0.20568359,0.76405014,0.78264568,0.21735432,0.01635668,0.04141371,0.00784966,0.02873052,0.11987162,25861,-0.55836655,White
9,10,36495,-0.00476008,0.26316947,0.69883427,0.77655805,0.22344195,0.0237655,0.04745397,0.01020723,0.03177721,0.11193282,25962,-0.43566479999999996,White
10,11,36423,-0.00672356,0.40980177,0.54726566,0.70878199,0.29121801,0.0144735,0.04450427,0.00814571,0.09558104,0.1259614,28604,-0.13746388999999998,White
11,12,34854,-0.04951111,0.23274577,0.7388355,0.79821196,0.20178804,0.01098901,0.03341404,0.00659341,0.0252561,0.11864407,26845,-0.50608973,White
12,13,35413,-0.03426685,0.34207364,0.61793947,0.73155158,0.26844842,0.05180852,0.08178481,0.00875583,0.04695266,0.07822895,26154,-0.27586583000000003,White
13,14,38093,0.03881831,0.58366652,0.3734581,0.47062601,0.52937399,0.1134735,0.1019808,0.06659005,0.10705111,0.16427799,29584,0.21020841999999995,Minority
14,15,37439,0.02098335,0.50250993,0.45770585,0.43679151,0.56320849,0.1198522,0.09341369,0.06593485,0.14295451,0.17610131,27876,0.04480407999999997,Minority
15,16,37556,0.02417401,0.56816405,0.39130435,0.55111437,0.44888563,0.07823969,0.07373549,0.04137195,0.12074603,0.15117443,29972,0.1768597,White
16,17,37316,0.01762907,0.50047191,0.46246775,0.52584695,0.47415305,0.06125537,0.08529665,0.03766122,0.16085985,0.1488908,29075,0.03800416000000001,White
17,18,37433,0.02081973,0.5206239,0.43932014,0.61034065,0.38965935,0.04080927,0.06567526,0.02991527,0.13705689,0.12806502,28915,0.08130376,White
18,19,37952,0.03497316,0.45474777,0.51038576,0.67651682,0.32348318,0.03311328,0.07153586,0.01582312,0.10870097,0.09916518,28629,-0.055637990000000026,White
19,20,37147,0.01302034,0.46290643,0.4972622,0.7168217,0.2831783,0.02847405,0.05819073,0.01139672,0.0859902,0.10324505,28166,-0.03435577000000001,White
20,1,145994,0.01701956,0.7289399,0.25531718,0.29434633,0.70565367,0.65600758,0.02474708,0.00100097,0.01442462,0.01574733,111892,0.47362272,Black
21,2,140786,-0.01926028,0.30140148,0.68441765,0.70706404,0.29293596,0.18947178,0.03428907,0.00169139,0.0406657,0.02462012,110560,-0.38301617,White
22,3,143417,-0.00093227,0.2369338,0.75311717,0.73613556,0.26386444,0.1717558,0.0246754,0.00099032,0.01554247,0.04980927,109056,-0.51618337,White
23,4,142905,-0.00449895,0.193091,0.79484403,0.84894801,0.15105199,0.05337182,0.05254707,0.00118448,0.01074807,0.02716409,113974,-0.60175303,White
24,5,140180,-0.02348178,0.22864245,0.76018614,0.74327315,0.25672685,0.17792265,0.0262527,0.00114343,0.01215351,0.03777917,108446,-0.5315436899999999,White
25,6,144201,0.00452921,0.17542881,0.81679207,0.75323672,0.24676328,0.16001653,0.04477947,0.00214733,0.01488756,0.02850828,111301,-0.64136326,White
26,7,145800,0.01566812,0.25295417,0.73613193,0.67250732,0.32749268,0.24925443,0.03817665,0.00169025,0.01707949,0.02368121,113001,-0.48317776,White
27,8,147304,0.02614524,0.51201751,0.47874516,0.43953841,0.56046159,0.50080891,0.03480887,0.00202227,0.01163451,0.01706452,116206,0.03327234999999995,Black
28,9,146042,0.01735393,0.65693189,0.32618838,0.37013124,0.62986876,0.55536815,0.03907307,0.00130009,0.02645865,0.01358949,113838,0.33074350999999996,Black
29,10,143643,0.00064208,0.54499273,0.44492388,0.39409035,0.60590965,0.53243321,0.02485351,0.00098554,0.03813142,0.01408425,111614,0.10006885000000004,Black
30,11,147508,0.02756634,0.56475179,0.42879724,0.37964518,0.62035482,0.60142795,0.00926871,0.00088273,0.004881,0.00886196,115550,0.13595454999999995,Black
31,12,139845,-0.02581545,0.56966075,0.41483193,0.50035796,0.49964204,0.4114512,0.05320794,0.00134346,0.02269734,0.01465428,113141,0.15482882000000003,White
32,13,142029,-0.01060132,0.38720569,0.59335406,0.62522489,0.37477511,0.24354878,0.04725079,0.00140526,0.0656445,0.01944094,111723,-0.20614837000000003,White
33,14,148113,0.03178088,0.23596422,0.75071199,0.81045702,0.18954298,0.10931405,0.04198818,0.00115829,0.01021173,0.02688776,117414,-0.51474777,White
34,15,145707,0.01502026,0.28944329,0.69117701,0.79524896,0.20475104,0.10514025,0.0318436,0.00158368,0.02735203,0.03671096,111765,-0.40173371999999996,White
35,16,144717,0.00812375,0.52251947,0.45370101,0.5527188,0.4472812,0.30138862,0.07921777,0.00300926,0.0457408,0.02758055,114646,0.06881845999999997,White
36,17,146750,0.02228598,0.49668653,0.48057664,0.59960503,0.40039497,0.29761449,0.04219446,0.00225327,0.03425146,0.02791794,114944,0.016109890000000016,White
37,18,149158,0.03906053,0.1296699,0.86170759,0.84836479,0.15163521,0.02970041,0.06806667,0.00053514,0.00502343,0.05275469,115857,-0.73203769,White
38,19,145733,0.01520139,0.23452934,0.75524409,0.73455836,0.26544164,0.19682661,0.03214187,0.00163183,0.01238629,0.02347927,115208,-0.52071475,White
39,20,143797,0.00171487,0.12228159,0.86837959,0.82177646,0.17822354,0.0242511,0.11252362,0.00163264,0.00781465,0.03534019,109026,-0.7460979999999999,White
40,21,146782,0.0225089,0.24623417,0.74183535,0.72828729,0.27171271,0.20397611,0.02752625,0.00132126,0.01430484,0.02282256,113528,-0.49560118,White
41,22,140649,-0.02021464,0.2635783,0.72739667,0.68799993,0.31200007,0.25735472,0.02539702,0.00077206,0.01057536,0.01902308,111391,-0.46381837,White
42,23,144725,0.00817948,0.26836077,0.71390753,0.77288133,0.22711867,0.11299003,0.05657507,0.00106745,0.03279753,0.02246991,112417,-0.44554675999999993,White
43,24,145606,0.01431668,0.25109028,0.73699825,0.74738153,0.25261847,0.15188021,0.06637997,0.00098193,0.01063752,0.02400262,109988,-0.48590796999999997,White
44,25,136607,-0.04837192,0.20329141,0.7871759,0.79171581,0.20828419,0.14192505,0.03669393,0.00063725,0.01013886,0.01902226,105140,-0.58388449,White
45,26,137840,-0.03978262,0.27587445,0.71577867,0.70964062,0.29035938,0.2370415,0.02071876,0.00079759,0.00891259,0.0214607,107825,-0.43990421999999996,White
46,27,138848,-0.03276072,0.19296177,0.7976353,0.7952164,0.2047836,0.13380438,0.03174925,0.00067336,0.00961148,0.02902815,108412,-0.60467353,White
47,28,137044,-0.0453277,0.23559294,0.75195963,0.74354459,0.25645541,0.1353894,0.07269988,0.00100763,0.00956776,0.03759299,106190,-0.51636669,White
48,29,138131,-0.03775547,0.17847857,0.81206234,0.80781974,0.19218026,0.09458705,0.05226812,0.00069803,0.00599371,0.04048545,107446,-0.63358377,White
49,30,145009,0.01015788,0.09156373,0.89985963,0.91342611,0.08657389,0.01436713,0.03042191,0.00095427,0.00605257,0.03079302,113175,-0.8082959000000001,White
50,31,143217,-0.00232551,0.19324469,0.79757481,0.83597733,0.16402267,0.10329825,0.02265266,0.00072958,0.00876389,0.02584681,112393,-0.60433012,White
51,32,144846,0.00902239,0.59728992,0.38511406,0.45311929,0.54688071,0.4674191,0.05153773,0.00082183,0.01422675,0.0171762,109512,0.21217586000000005,Black
52,33,142288,-0.00879708,0.64525999,0.33479426,0.45946874,0.54053126,0.46680524,0.044794,0.00167339,0.01713903,0.01418858,113542,0.31046573,Black
53,34,145801,0.01567508,0.62648962,0.34739044,0.4438663,0.5561337,0.46520503,0.04126465,0.00091316,0.03930048,0.01303411,116080,0.27909917999999995,Black
54,35,143257,-0.00204686,0.59106258,0.39210137,0.4399225,0.5600775,0.46447078,0.05012391,0.00087415,0.03123507,0.01644663,110965,0.19896121,Black
55,1,84409,-0.01899669,0.52679065,0.45733751,0.46227804,0.53772196,0.48882312,0.0213923,0.00126191,0.01066611,0.01641979,66566,0.06945314000000002,Black
56,2,87211,0.01356821,0.46501474,0.51699817,0.46164859,0.53835141,0.48548447,0.03263228,0.00132832,0.00664158,0.01644159,67755,-0.05198343000000005,Black
57,3,88848,0.03259346,0.43058509,0.55087015,0.50682389,0.49317611,0.43896539,0.0294865,0.00050209,0.00861164,0.01685812,65725,-0.12028505999999994,White
58,4,87881,0.02135497,0.28765477,0.68799135,0.81548258,0.18451742,0.08910502,0.0392056,0.00104367,0.01485336,0.03575696,66113,-0.40033658,White
59,5,87820,0.02064603,0.70998591,0.2708449,0.32071875,0.67928125,0.53396253,0.11728177,0.0013834,0.01317306,0.02633076,65057,0.43914101,Black
60,6,85436,-0.00706088,0.70350098,0.27307012,0.35056294,0.64943706,0.51945994,0.09201417,0.00097188,0.03024775,0.02301102,66881,0.43043086,Black
61,7,88247,0.02560863,0.59185898,0.37833701,0.70011891,0.29988109,0.18875088,0.03264996,0.00091689,0.05614533,0.02091661,69801,0.21352197000000006,White
62,8,86666,0.00723421,0.47323084,0.50062698,0.66786414,0.33213586,0.22268571,0.05375275,0.00146963,0.02446411,0.03095125,67364,-0.02739614000000007,White
63,9,89096,0.03547573,0.22938791,0.75133092,0.81668463,0.18331537,0.09552042,0.0353186,0.0016469,0.01417834,0.03274344,66792,-0.52194301,White
64,10,83091,-0.03431452,0.19306289,0.7850098,0.84234911,0.15765089,0.07088968,0.03371525,0.00137741,0.01105059,0.03333959,63888,-0.59194691,White
65,11,83659,-0.02771321,0.20428637,0.77754393,0.83741822,0.16258178,0.10648887,0.02219301,0.0007669,0.00464832,0.02402417,63894,-0.57325756,White
66,12,84125,-0.02229735,0.34829099,0.62600937,0.69813047,0.30186953,0.19379979,0.05911493,0.00126213,0.02500592,0.02295496,63385,-0.27771838,White
67,13,86573,0.00615336,0.51289833,0.46160255,0.62718911,0.37281089,0.26225827,0.05423336,0.00154994,0.02505975,0.03023104,69035,0.05129577999999996,White
68,14,89069,0.03516193,0.18296253,0.79823705,0.91226496,0.08773504,0.01558132,0.02234941,0.00797458,0.00509078,0.02891151,67966,-0.61527452,White
69,15,86867,0.00957024,0.17765257,0.80242619,0.89466688,0.10533312,0.01837274,0.03628764,0.00104861,0.00797531,0.03612518,67709,-0.62477362,White
70,16,87829,0.02075062,0.63062523,0.33355334,0.76044706,0.23955294,0.07074822,0.07651544,0.00498266,0.04291692,0.04399053,72652,0.29707189000000006,White
71,17,87577,0.01782187,0.32352126,0.64708515,0.82179826,0.17820174,0.01677139,0.06549191,0.00904593,0.02068725,0.06341256,65886,-0.32356389,White
72,18,89711,0.04262327,0.42852937,0.54127592,0.47288775,0.52711225,0.02970392,0.35702479,0.07866485,0.0311161,0.04575142,62315,-0.11274655,Minority
73,19,89934,0.04521498,0.46306577,0.50692313,0.58428277,0.41571723,0.02751348,0.2373341,0.01154475,0.10111508,0.04525483,66004,-0.04385736000000001,White
74,20,87090,0.01216195,0.31046804,0.66433305,0.84168548,0.15831452,0.01041172,0.07404052,0.00218334,0.01523883,0.05275665,67328,-0.35386501,White
75,21,88063,0.02347018,0.31414458,0.65874614,0.72917472,0.27082528,0.02573766,0.12770584,0.00381716,0.04817356,0.06788751,62088,-0.34460156,White
76,22,82459,-0.04165964,0.22374729,0.75800663,0.87320151,0.12679849,0.00530892,0.05462799,0.00507809,0.01232592,0.04391783,64985,-0.53425934,White
77,23,87165,0.0130336,0.39094635,0.58237839,0.61414196,0.38585804,0.09823564,0.16316953,0.0018501,0.06676895,0.06428711,66483,-0.19143204000000003,White
78,24,86525,0.00559551,0.18081299,0.80200496,0.9253799,0.0746201,0.00378128,0.01894889,0.00086389,0.00668451,0.03706221,70611,-0.6211919699999999,White
79,25,83216,-0.03286177,0.22200701,0.75742271,0.8784827,0.1215173,0.04184551,0.03110734,0.00119819,0.00714362,0.03582425,65933,-0.5354157,White
80,26,86730,0.00797802,0.32908326,0.64730622,0.77563139,0.22436861,0.10557976,0.06373545,0.00077518,0.01727105,0.03353436,64501,-0.31822296000000005,White
81,27,83644,-0.02788754,0.21846876,0.75860832,0.8010389,0.1989611,0.03427736,0.1049161,0.00107311,0.01432371,0.04239568,64299,-0.54013956,White
82,28,87723,0.01951869,0.19540359,0.78474061,0.86180927,0.13819073,0.01323529,0.0513369,0.00371361,0.01740939,0.04677659,67320,-0.58933702,White
83,29,83642,-0.02791079,0.19294015,0.78747821,0.82555849,0.17444151,0.0173663,0.05767581,0.00131876,0.02176745,0.07261114,62938,-0.59453806,White
84,30,83290,-0.03200174,0.17219904,0.80978294,0.78490798,0.21509202,0.04496434,0.09501393,0.00346364,0.01295716,0.05609522,63517,-0.6375839,White
85,31,83735,-0.02682994,0.25888849,0.72793619,0.66137306,0.33862694,0.27298418,0.02887421,0.00098295,0.00741822,0.0274305,65110,-0.46904769999999996,White
86,32,83964,-0.02416849,0.33983831,0.64253529,0.58687103,0.41312897,0.33422456,0.05064432,0.00066842,0.00851844,0.02142047,64331,-0.30269698,White
87,33,85392,-0.00757225,0.22368462,0.76092934,0.71897211,0.28102789,0.21276056,0.04115153,0.0011796,0.00416592,0.02094905,66972,-0.53724472,White
88,34,81926,-0.04785418,0.25733168,0.72319585,0.79318795,0.20681205,0.12181552,0.03905371,0.00158742,0.00858442,0.03288896,64885,-0.46586416999999997,White
89,35,82911,-0.03640648,0.32476857,0.65213406,0.79055361,0.20944639,0.09438837,0.05833736,0.00139006,0.01317539,0.0403874,66184,-0.32736549,White
90,1,241318,0.01231042,0.64425425,0.3423219,0.38857809,0.61142191,0.01890409,0.10572545,0.00317842,0.02153488,0.4716895,186256,0.30193235,Native
91,2,239139,0.00316968,0.54498735,0.4451847,0.2258872,0.7741128,0.02239857,0.6808687,0.00238403,0.01394092,0.07421724,176172,0.09980264999999999,Hispanic
92,3,236209,-0.00912144,0.32607997,0.66495763,0.80982846,0.19017154,0.01066106,0.1180098,0.00313856,0.01858027,0.03690443,199136,-0.33887765999999997,White
93,4,237644,-0.00310173,0.60823647,0.38149808,0.34935672,0.65064328,0.04233817,0.56290188,0.00280873,0.02082822,0.05145154,183357,0.22673839,Hispanic
94,5,238486,0.0004304,0.56448982,0.42179828,0.61345938,0.38654062,0.06826897,0.24378572,0.00543716,0.04744966,0.03747797,187230,0.14269154,White
95,6,238122,-0.00109655,0.56057243,0.42868102,0.73950794,0.26049206,0.03632931,0.14927247,0.00341724,0.05169691,0.02407508,200747,0.13189141,White
96,7,240009,0.00681927,0.60765864,0.37925882,0.50546357,0.49453643,0.04257104,0.37277842,0.00334557,0.05023496,0.0472291,194287,0.22839982000000003,White
97,8,238261,-0.00051346,0.29368781,0.69648244,0.63323354,0.36676646,0.03020682,0.18811283,0.00479552,0.02315911,0.12755088,182045,-0.40279463000000004,White
98,9,237395,-0.00414626,0.43413728,0.55625524,0.56139301,0.43860699,0.06092988,0.26743516,0.0046313,0.02953868,0.09548391,177056,-0.12211796000000003,White
99,10,239767,0.0058041,0.22399811,0.76957441,0.76335045,0.23664955,0.01514199,0.15304424,0.00443548,0.01937129,0.04814157,198851,-0.5455763,White
100,11,239436,0.00441558,0.34434878,0.64701145,0.59044969,0.40955031,0.05281054,0.30277747,0.00486609,0.02533341,0.03503251,181460,-0.30266267,White
101,12,237277,-0.00464126,0.55479041,0.43518583,0.3154522,0.6845478,0.10329802,0.51638311,0.00687187,0.04920284,0.03444258,168222,0.11960457999999996,Hispanic
102,13,240897,0.01054436,0.35633237,0.6343404,0.65893136,0.34106864,0.04992469,0.22977598,0.00820724,0.02452058,0.03616612,187883,-0.27800803,White
103,14,241500,0.0130739,0.3822819,0.60670508,0.75264081,0.24735919,0.03172083,0.15701137,0.00438405,0.02714481,0.03157556,192744,-0.22442318,White
104,15,237870,-0.00215367,0.40388859,0.58799186,0.68411477,0.31588523,0.06488427,0.18753303,0.00505521,0.04170003,0.02486749,183573,-0.18410327000000004,White
105,16,236197,-0.00917178,0.61781808,0.37055222,0.1997616,0.8002384,0.09466812,0.65409819,0.00371805,0.0352782,0.04118879,161913,0.24726586000000006,Hispanic
106,17,236819,-0.00656254,0.36949427,0.62078676,0.72524116,0.27475884,0.04203032,0.1600712,0.00624139,0.04701424,0.02642972,174160,-0.25129249,White
107,18,240669,0.00958792,0.41422177,0.57523449,0.71228139,0.28771861,0.0468255,0.12976523,0.00488563,0.09015794,0.02028525,172342,-0.16101272000000005,White
108,19,240541,0.00905097,0.52112172,0.46412945,0.51653818,0.48346182,0.06681446,0.3254089,0.00725165,0.0497524,0.05448941,181338,0.05699227000000001,White
109,20,239493,0.00465469,0.5293163,0.45583462,0.55705779,0.44294221,0.07142427,0.21378525,0.00511112,0.13018303,0.03503284,182543,0.07348167999999994,White
110,21,237741,-0.00269482,0.60629675,0.37917029,0.59359972,0.40640028,0.07937088,0.18474096,0.00536957,0.1039454,0.04905647,194429,0.22712646000000003,White
111,22,236420,-0.00823631,0.71422292,0.26989406,0.23868865,0.76131135,0.15330151,0.54927982,0.00591288,0.03562181,0.0528865,173012,0.44432886,Hispanic
112,23,238754,0.00155464,0.66161661,0.32467945,0.19241337,0.80758663,0.11094944,0.63176787,0.00385404,0.04450484,0.04692789,166319,0.33693716000000007,Hispanic
113,24,235671,-0.01137831,0.5370587,0.45139183,0.68110165,0.31889835,0.0524017,0.16207478,0.0038857,0.05874232,0.05084542,199192,0.08566687,White
114,25,236382,-0.00839572,0.62545966,0.36120155,0.46968579,0.53031421,0.10348861,0.33690228,0.00423027,0.05504271,0.05423929,182967,0.26425811,Minority
115,26,240240,0.00778829,0.54982216,0.43947225,0.66405456,0.33594544,0.05584415,0.20316579,0.00367848,0.04650206,0.03458607,191927,0.11034990999999994,White
116,27,238960,0.00241879,0.4457184,0.54570386,0.802686,0.197314,0.02445488,0.07412041,0.00204259,0.07945667,0.01493132,195830,-0.09998546000000003,White
117,28,235928,-0.01030021,0.44215699,0.5469352,0.66539592,0.33460408,0.05767347,0.20878398,0.00382805,0.04144508,0.03120886,189914,-0.10477820999999993,White
118,29,235748,-0.0110553,0.37365011,0.61827625,0.77124158,0.22875842,0.03243577,0.10945854,0.00329129,0.0641287,0.02160216,184426,-0.24462614,White
119,30,238609,0.00094637,0.34420224,0.64785016,0.81822523,0.18177477,0.02449583,0.08330349,0.002964,0.04672844,0.02145397,192645,-0.30364791999999996,White
120,1,1017943,0.03021708,0.71114949,0.25520911,0.66082565,0.33917435,0.02589583,0.20294187,0.006562,0.0632511,0.05059015,820634,0.45594038000000003,White
121,2,993302,0.00527897,0.58631324,0.38343751,0.44805754,0.55194246,0.09003666,0.27387747,0.01245241,0.16282897,0.03928067,780893,0.20287572999999998,Minority
122,3,1028226,0.04062407,0.39508705,0.57604251,0.69627497,0.30372503,0.02659616,0.15527795,0.00687943,0.0711593,0.05137159,802973,-0.18095545999999996,White
123,4,980877,-0.00729585,0.49273633,0.47530273,0.67815326,0.32184674,0.05103081,0.13982294,0.00861915,0.09278035,0.03761778,773278,0.017433599999999994,White
124,5,982095,-0.00606316,0.63302238,0.33074471,0.34474889,0.65525111,0.13664342,0.24607807,0.02302341,0.24859142,0.0359013,748803,0.30227767,Minority
125,6,948557,-0.04000555,0.82147634,0.13239761,0.31401789,0.68598211,0.16566408,0.24695575,0.01407575,0.26048546,0.0313782,767348,0.6890787300000001,Minority
126,7,952133,-0.03638644,0.65726841,0.30293048,0.35641605,0.64358395,0.0440596,0.14808686,0.01165196,0.43699391,0.01964746,735413,0.35433793,Asian
127,8,950847,-0.03768794,0.67317873,0.29438298,0.39196586,0.60803414,0.1180714,0.2820551,0.01165517,0.19083596,0.03217531,738299,0.37879574999999993,Minority
128,9,970418,-0.01788096,0.70689502,0.25118278,0.32764555,0.67235445,0.02579285,0.12956938,0.0065856,0.50532615,0.01499443,773354,0.45571224000000005,Asian
129,10,969722,-0.01858535,0.65491753,0.31027792,0.29378222,0.70621778,0.03590472,0.33430112,0.00804508,0.32729258,0.03248705,756363,0.34463961,Hispanic
130,11,954586,-0.03390386,0.79684224,0.1622714,0.3836205,0.6163795,0.06264009,0.15456508,0.00774968,0.38732408,0.01963623,826228,0.6345708400000001,Asian
131,12,957176,-0.03128263,0.74304046,0.22226872,0.45915031,0.54084969,0.02729068,0.25169324,0.01423788,0.23754693,0.02525278,764510,0.52077174,Minority
132,13,1034577,0.04705165,0.56394013,0.40637007,0.43976106,0.56023894,0.02895833,0.44326452,0.00714846,0.07047751,0.04496877,798354,0.15757005999999996,Hispanic
133,14,1035731,0.04821957,0.59525319,0.37497687,0.48604741,0.51395259,0.02564929,0.37400148,0.00491493,0.09825937,0.03484563,816085,0.22027631999999997,Minority
134,15,1008526,0.02068654,0.46524299,0.50884964,0.30958514,0.69041486,0.05536635,0.49600203,0.00416709,0.12452807,0.04085615,730245,-0.04360664999999997,Hispanic
135,16,959066,-0.02936984,0.50954164,0.46023792,0.26339331,0.73660669,0.08670311,0.4559994,0.01185938,0.18189546,0.04204127,696411,0.049303719999999995,Hispanic
136,17,957189,-0.03126947,0.38985275,0.58474303,0.5034505,0.4965495,0.03098127,0.36812005,0.00963731,0.06358543,0.04917124,730183,-0.19489028000000003,White
137,18,970887,-0.01740631,0.43703054,0.5371638,0.22892295,0.77107705,0.05292801,0.64820463,0.00362661,0.05731395,0.04105833,694037,-0.10013325999999995,Hispanic
138,19,972075,-0.01620398,0.33528005,0.64073779,0.51483054,0.48516946,0.05893418,0.34156239,0.00607343,0.05434003,0.04605248,729407,-0.30545774,White
139,20,1024355,0.0367064,0.51674888,0.45414275,0.29818407,0.70181593,0.12008605,0.49027946,0.00529005,0.08265643,0.03986714,761429,0.06260612999999998,Hispanic
140,21,1021977,0.03429972,0.60692631,0.36106622,0.30805673,0.69194327,0.05355759,0.48711845,0.00367408,0.14710295,0.03075554,807822,0.24586008999999998,Hispanic
141,22,1020408,0.03271181,0.56904103,0.39764615,0.19591674,0.80408326,0.03590226,0.32967958,0.00427931,0.43765115,0.02432151,823263,0.17139487999999997,Asian
142,23,1018937,0.03122307,0.65824634,0.31013527,0.60506974,0.39493026,0.04653528,0.1462836,0.005405,0.18624382,0.01772892,837558,0.34811107,White
143,24,1020101,0.0324011,0.68350867,0.2863494,0.60087172,0.39912828,0.06024854,0.17058213,0.00348549,0.15767256,0.01868075,860137,0.39715927000000006,White
144,25,1024779,0.03713551,0.74400735,0.22568788,0.13253849,0.86746151,0.29185007,0.4448194,0.00957996,0.12859622,0.03330329,803344,0.51831947,Hispanic
145,26,1020739,0.0330468,0.64718332,0.31965263,0.20990441,0.79009559,0.12197391,0.50190324,0.01078121,0.15881908,0.03637758,791284,0.32753069,Hispanic
146,27,1021633,0.03395158,0.58511067,0.38470772,0.12091843,0.87908157,0.0272767,0.68475014,0.00398162,0.16603261,0.0411753,795404,0.20040295000000008,Hispanic
147,28,1021783,0.03410339,0.73375612,0.22447894,0.15022274,0.84977726,0.04223573,0.69995114,0.00293043,0.10674745,0.04178193,804319,0.50927718,Hispanic
148,29,1024901,0.03725898,0.75062663,0.21211779,0.12463929,0.87536071,0.15049734,0.57620658,0.00293083,0.14884247,0.04186594,797044,0.53850884,Hispanic
149,30,1001068,0.01313861,0.50850723,0.46296241,0.23393924,0.76606076,0.10173015,0.57109893,0.00573953,0.08696184,0.03863883,735426,0.045544819999999986,Hispanic
150,31,996018,0.00802772,0.50213316,0.46847232,0.24660866,0.75339134,0.07421314,0.52233238,0.00570332,0.15024547,0.0359704,756928,0.03366083999999997,Hispanic
151,32,997600,0.00962879,0.5544423,0.42245068,0.33862265,0.66137735,0.08313753,0.50578868,0.00510008,0.06106696,0.03694899,760968,0.13199162000000003,Hispanic
152,33,996307,0.0083202,0.4146336,0.55751618,0.44217514,0.55782486,0.07290831,0.35955178,0.00864391,0.10817178,0.036364,748735,-0.14288258000000004,Minority
153,34,952970,-0.03553934,0.56414357,0.40506205,0.18822737,0.81177263,0.02631666,0.58951895,0.00594952,0.18980475,0.04130587,727790,0.15908152000000003,Hispanic
154,35,952627,-0.03588648,0.46742479,0.50386028,0.44944112,0.55055888,0.02143291,0.22287967,0.00810302,0.29024784,0.02262125,770824,-0.03643549000000007,Minority
155,36,951652,-0.03687324,0.495211,0.46752783,0.48087103,0.51912897,0.02652763,0.17960055,0.00522985,0.300361,0.01809269,753177,0.027683170000000035,Minority
156,37,953964,-0.03453336,0.50017796,0.47220187,0.54262523,0.45737477,0.0581608,0.25711951,0.00886377,0.11982091,0.03294302,740430,0.02797609000000001,White
157,38,955822,-0.03265295,0.50562242,0.46629006,0.57133997,0.42866003,0.03403824,0.26805582,0.00912714,0.10690426,0.02865367,754563,0.03933236000000001,White
158,39,952516,-0.03599882,0.65288278,0.31366999,0.56833589,0.43166411,0.0472517,0.1624952,0.00773968,0.20414777,0.0196071,789051,0.33921279,White
159,40,949347,-0.03920603,0.56349834,0.41065167,0.16508483,0.83491517,0.07937875,0.61258349,0.00972832,0.14306055,0.0344182,724791,0.15284666999999996,Hispanic
160,1,168122,0.01914816,0.46203008,0.51325188,0.5462583,0.4537417,0.02916791,0.37983234,0.00262106,0.01576458,0.05330002,130863,-0.051221799999999984,White
161,2,166209,0.00755164,0.39497953,0.58104504,0.8032865,0.1967135,0.01121902,0.13137558,0.00327574,0.01620183,0.03293425,130047,-0.18606551,White
162,3,167337,0.01438952,0.34997898,0.62588843,0.78459883,0.21540117,0.00910765,0.13833471,0.00228828,0.01200967,0.05281981,131977,-0.27590945000000006,White
163,4,167828,0.01736595,0.60997144,0.36247733,0.74125428,0.25874572,0.01023614,0.20731753,0.0022722,0.01847755,0.02293196,133351,0.24749411000000004,White
164,5,164051,-0.00553006,0.52635973,0.4453038,0.73107659,0.26892341,0.01158301,0.19335698,0.00243183,0.01259316,0.05675526,133644,0.08105593,White
165,6,168510,0.0215002,0.29894827,0.67618879,0.78422321,0.21577679,0.04509851,0.10575986,0.00425707,0.02080906,0.03671627,136479,-0.37724051999999997,White
166,7,162237,-0.01652645,0.3926145,0.58102964,0.76436478,0.23563522,0.04596068,0.0986866,0.00546836,0.06506691,0.02418635,121060,-0.18841514000000004,White
167,8,164208,-0.00457834,0.41884383,0.55354513,0.63786636,0.36213364,0.10128872,0.17550265,0.01287053,0.05514154,0.03931179,119964,-0.13470130000000008,White
168,9,164444,-0.00314771,0.50214252,0.46738613,0.60240725,0.39759275,0.10581104,0.22342029,0.00769621,0.04126599,0.04294011,126036,0.034756390000000026,White
169,10,165330,0.00222318,0.52886356,0.44284492,0.74774742,0.25225258,0.0550066,0.12718525,0.00469335,0.04180472,0.03356923,135511,0.08601864000000004,White
170,11,168646,0.02232463,0.24286889,0.73492351,0.70499595,0.29500405,0.0256714,0.22925465,0.00247958,0.01059525,0.03681113,135910,-0.49205462,White
171,12,164200,-0.00462683,0.82151616,0.15121593,0.78356797,0.21643203,0.01831545,0.09346211,0.00239628,0.07989538,0.01826431,136879,0.67030023,White
172,13,166762,0.0109039,0.71434773,0.25795435,0.75279747,0.24720253,0.01523888,0.15735697,0.00196753,0.04565586,0.0262844,131637,0.45639337999999996,White
173,14,166990,0.01228603,0.69379145,0.27525081,0.78750256,0.21249744,0.02315776,0.11219345,0.0030838,0.04954547,0.02575926,136844,0.41854063999999996,White
174,15,166485,0.00922474,0.49541176,0.47582805,0.83262522,0.16737478,0.01170826,0.10273494,0.00227097,0.01837829,0.02943985,132983,0.019583709999999976,White
175,16,166410,0.00877009,0.35028344,0.62425128,0.76031373,0.23968627,0.01066314,0.17772991,0.00224444,0.02163047,0.03027114,121634,-0.27396783999999996,White
176,17,162239,-0.01651433,0.40839238,0.56447252,0.57694966,0.42305034,0.0261648,0.34789524,0.00277304,0.02398301,0.0386393,120085,-0.15608014000000003,White
177,18,162683,-0.01382282,0.60120198,0.37113512,0.76138425,0.23861575,0.01823381,0.12419108,0.00270101,0.06834114,0.02583783,126249,0.23006686000000004,White
178,19,168802,0.02327029,0.60890922,0.3620536,0.75123497,0.24876503,0.0211439,0.16470674,0.0027541,0.03224044,0.03639344,137250,0.24685562000000005,White
179,20,166585,0.00983093,0.54838355,0.42358666,0.86483314,0.13516686,0.01009397,0.06303243,0.00229443,0.03202357,0.02307302,132059,0.12479689000000005,White
180,21,166987,0.01226784,0.59049226,0.38050633,0.71499579,0.28500421,0.0235971,0.18277227,0.00217876,0.05049558,0.03486758,135398,0.20998593,White
181,22,162581,-0.01444114,0.55619492,0.41516438,0.7832903,0.2167097,0.02312228,0.12671779,0.00252804,0.03665652,0.03001272,129745,0.14103054000000004,White
182,23,161184,-0.02290969,0.57257402,0.39993968,0.74498502,0.25501498,0.04846527,0.08657991,0.00306866,0.0984811,0.02070936,123181,0.17263434,White
183,24,160876,-0.02477677,0.5569111,0.41347923,0.59383386,0.40616614,0.12764669,0.15719874,0.00519033,0.10429443,0.02891272,118875,0.14343187000000002,White
184,25,164377,-0.00355386,0.65717824,0.30936808,0.42012585,0.57987415,0.21037199,0.28516634,0.00631607,0.06931831,0.03418763,126186,0.34781016000000003,Minority
185,26,164131,-0.00504511,0.50708979,0.46659228,0.45389685,0.54610315,0.13707991,0.32871075,0.00682514,0.05990398,0.03938674,119558,0.04049750999999996,Minority
186,27,164424,-0.00326895,0.48795789,0.48487221,0.61179076,0.38820924,0.02501491,0.27721526,0.00327703,0.06062092,0.03914454,122367,0.0030856799999999796,White
187,28,163888,-0.00651816,0.59801273,0.37302072,0.5123202,0.4876798,0.02535241,0.3812301,0.00284005,0.05735292,0.04163267,124998,0.22499201000000002,White
188,29,162723,-0.01358034,0.50615376,0.46911456,0.77481981,0.22518019,0.02444552,0.08368581,0.00256073,0.09495954,0.01950405,122231,0.037039199999999994,White
189,30,163604,-0.00823976,0.40772304,0.56781864,0.82075614,0.17924386,0.02149289,0.08430927,0.00341648,0.04754665,0.02225304,119714,-0.16009560000000006,White
190,31,164768,-0.00118364,0.60975041,0.36389228,0.28913602,0.71086398,0.12975852,0.51016796,0.00613481,0.05576638,0.04471351,117526,0.24585812999999995,Hispanic
191,32,163509,-0.00881564,0.81772163,0.15769135,0.61028854,0.38971146,0.14961166,0.17526652,0.00343368,0.04822802,0.02726611,127851,0.66003028,White
192,33,164710,-0.00153523,0.81594896,0.15313047,0.68942133,0.31057867,0.06751651,0.18018673,0.002521,0.04297926,0.03044223,147164,0.6628184899999999,White
193,34,165171,0.00125933,0.74409713,0.2278071,0.7250256,0.2749744,0.07561183,0.12148657,0.00314388,0.05713791,0.02448047,138682,0.51629003,White
194,35,162703,-0.01370158,0.69038739,0.28072109,0.44939429,0.55060571,0.03566596,0.44330537,0.00243557,0.05133001,0.05112307,125638,0.40966630000000004,Minority
195,1,98198,-0.01963869,0.79105471,0.19590008,0.1618896,0.8381104,0.33487261,0.47488057,0.0029724,0.05098195,0.0218551,75360,0.59515463,Hispanic
196,2,100801,0.00634841,0.73703786,0.24555196,0.42655283,0.57344717,0.41473417,0.09087068,0.00142918,0.06836428,0.01204235,80466,0.49148590000000003,Minority
197,3,104671,0.04498461,0.58306406,0.39852285,0.52714324,0.47285676,0.13546183,0.30004118,0.00197427,0.04573533,0.01478889,82562,0.18454121,White
198,4,97343,-0.02817459,0.43884645,0.5459598,0.87196894,0.12803106,0.02605032,0.05442272,0.0006852,0.03148118,0.0112043,78809,-0.10711335,White
199,5,102051,0.0188278,0.42581486,0.56035028,0.81242042,0.18757958,0.05164866,0.09602115,0.00122482,0.02536957,0.01617734,82461,-0.13453541999999996,White
200,6,100314,0.00148643,0.6719111,0.30810477,0.74390229,0.25609771,0.06226917,0.08079866,0.00086975,0.09898781,0.00930256,79333,0.36380633,White
201,7,101435,0.01267796,0.62213542,0.36189904,0.59607348,0.40392652,0.16540622,0.17243861,0.00165394,0.06142289,0.01565558,79205,0.26023638,White
202,8,97937,-0.02224438,0.61174416,0.36857575,0.65971177,0.34028823,0.12550454,0.11788746,0.00127795,0.0885959,0.01841003,79033,0.24316841,White
203,9,102466,0.02297096,0.5201307,0.46222545,0.82374143,0.17625857,0.03775118,0.04888219,0.00117788,0.07009588,0.01329831,84898,0.057905249999999964,White
204,10,100024,-0.00140879,0.5334168,0.44823269,0.8183097,0.1816903,0.03926353,0.06441011,0.00087142,0.06284156,0.01287206,80329,0.08518411000000004,White
205,11,99836,-0.00328569,0.57548097,0.4061754,0.80060699,0.19939301,0.08176366,0.06403555,0.00131275,0.03959919,0.01415117,83032,0.16930556999999996,White
206,12,103694,0.03523072,0.58945679,0.39450678,0.7580907,0.2419093,0.07357836,0.11882321,0.00217231,0.03876295,0.01791575,85623,0.19495000999999995,White
207,13,96068,-0.04090357,0.54898486,0.43268151,0.81489211,0.18510789,0.04869565,0.06161675,0.00380032,0.04516586,0.0303124,77625,0.11630335000000003,White
208,14,98584,-0.01578505,0.53085236,0.45167861,0.65258525,0.34741475,0.09311444,0.17345442,0.00330112,0.06083679,0.03334008,79064,0.07917375000000004,White
209,15,99155,-0.01008446,0.4171198,0.56740115,0.89438919,0.10561081,0.01991705,0.03427498,0.00094543,0.01714379,0.02398871,79329,-0.15028135000000004,White
210,16,97813,-0.02348234,0.51145917,0.47243656,0.80324582,0.19675418,0.06945297,0.06974121,0.00080206,0.03808509,0.01575287,79795,0.03902260999999996,White
211,17,101230,0.01063134,0.53451174,0.44793099,0.83485083,0.16514917,0.03252844,0.06712732,0.00098533,0.04805678,0.01465526,80176,0.08658075000000004,White
212,18,101739,0.01571295,0.50584852,0.47896156,0.87602292,0.12397708,0.02039285,0.05343593,0.00102441,0.02277519,0.01497302,83951,0.026886960000000015,White
213,19,97698,-0.02463044,0.45922842,0.52428826,0.80229495,0.19770505,0.05775927,0.08043894,0.00097658,0.03667296,0.01110212,77823,-0.06505983999999992,White
214,20,98966,-0.01197135,0.59534548,0.38977723,0.68072969,0.31927031,0.17255931,0.08652501,0.00120225,0.05519297,0.0123169,81514,0.20556825,White
215,21,95960,-0.04198179,0.56518046,0.42048331,0.83764424,0.16235576,0.03170439,0.07479665,0.00060533,0.04262564,0.01003846,79295,0.14469715,White
216,22,100699,0.00533009,0.5624297,0.42579443,0.34824685,0.65175315,0.26108197,0.37194164,0.00346104,0.02638375,0.0209659,75122,0.13663527000000003,Hispanic
217,23,105246,0.05072514,0.53170742,0.45237703,0.66073964,0.33926036,0.0814707,0.21998401,0.00177811,0.03334248,0.01865222,83797,0.07933039000000003,White
218,24,97567,-0.02593828,0.4803032,0.47845072,0.76458043,0.23541957,0.06715341,0.10161454,0.0010036,0.05320337,0.01251992,79713,0.0018524799999999897,White
219,25,97109,-0.03051073,0.6785587,0.3051526,0.46564083,0.53435917,0.30701208,0.17657447,0.00142839,0.05336969,0.01880275,77010,0.37340609999999996,Minority
220,26,101585,0.01417548,0.7871832,0.18997104,0.32331897,0.67668103,0.27999001,0.30589998,0.00232253,0.10139227,0.02295061,80085,0.59721216,Minority
221,27,98564,-0.01598472,0.48060657,0.50343724,0.83250944,0.16749056,0.04029686,0.07220648,0.00094039,0.03504848,0.00991219,78691,-0.022830669999999997,White
222,28,104126,0.0395436,0.47773718,0.50586885,0.81016556,0.18983444,0.0442666,0.07697477,0.00052538,0.05257499,0.00752642,81845,-0.028131670000000053,White
223,29,100097,-0.00067999,0.51274744,0.47385042,0.53425681,0.46574319,0.08340403,0.26505185,0.00157008,0.06301835,0.01637186,78977,0.03889702000000006,White
224,30,103635,0.03464169,0.60791601,0.37374478,0.83213794,0.16786206,0.0223227,0.05941893,0.00080559,0.06421351,0.00740625,76962,0.23417122999999995,White
225,31,100650,0.0048409,0.6350808,0.35430988,0.36391106,0.63608894,0.30702246,0.31269602,0.00196343,0.02678685,0.01639595,78434,0.28077092,Minority
226,32,100359,0.00193569,0.71706357,0.27002559,0.23571669,0.76428331,0.3459577,0.36068757,0.002757,0.03885682,0.01928603,77258,0.44703798,Hispanic
227,33,99757,-0.00407438,0.64136747,0.34185115,0.81943647,0.18056353,0.03057657,0.07581529,0.00075659,0.05854422,0.00746152,76660,0.29951632000000006,White
228,34,101579,0.01411558,0.63008569,0.35482915,0.56712112,0.43287888,0.12445108,0.24356618,0.00116166,0.05960223,0.01411867,78336,0.27525654000000005,White
229,35,98710,-0.01452713,0.64806602,0.33489586,0.42682143,0.57317857,0.16707626,0.30952651,0.00143673,0.09440811,0.01720292,79347,0.31317016000000003,Minority
230,36,100278,0.00112703,0.57880685,0.40699583,0.74693107,0.25306893,0.037668,0.11151642,0.00091842,0.08427439,0.00767072,77307,0.17181101999999998,White
231,1,47711,0.01210468,0.79057483,0.19508027,0.35503788,0.64496212,0.52268867,0.07010165,0.00118634,0.05330421,0.016393,37089,0.5954945599999999,Black
232,2,46950,-0.0040386,0.86825581,0.11845394,0.21684711,0.78315289,0.60442802,0.17173627,0.00223406,0.01813026,0.02136679,34914,0.74980187,Black
233,3,49364,0.04717015,0.630463,0.3523949,0.80296812,0.19703188,0.07623004,0.03250913,0.00087592,0.07312678,0.01213774,39958,0.2780681,White
234,4,46236,-0.01918485,0.72268004,0.26508676,0.40900266,0.59099734,0.40597959,0.14887952,0.00146994,0.03358664,0.02021855,36056,0.45759328,Minority
235,5,48489,0.02860857,0.74259692,0.24405806,0.37799914,0.62200086,0.41572943,0.11610968,0.00099079,0.08815338,0.01997644,37344,0.49853886000000003,Black
236,6,48868,0.03664839,0.6469461,0.33536436,0.52698967,0.47301033,0.24340252,0.11413894,0.00146031,0.10639408,0.02088766,38348,0.31158174,White
237,7,46537,-0.01279966,0.66400621,0.31809112,0.64561589,0.35438411,0.18466697,0.0640599,0.00098321,0.09731256,0.01207583,39666,0.34591509000000004,White
238,8,47703,0.01193497,0.61802056,0.36434187,0.59988769,0.40011231,0.1649865,0.20696847,0.00136375,0.02243495,0.02302324,37397,0.25367869000000004,White
239,9,46448,-0.01468764,0.62027424,0.36388761,0.8049785,0.1950215,0.0615144,0.05974195,0.0006777,0.05781311,0.01084322,38365,0.25638663,White
240,10,46092,-0.02223955,0.58310667,0.39867357,0.75143291,0.24856709,0.07115246,0.04971875,0.00095972,0.11385993,0.01127669,37511,0.18443310000000007,White
241,11,49306,0.04593979,0.5543439,0.43008704,0.65806367,0.34193633,0.19589582,0.046593,0.00081557,0.08266246,0.01739016,38010,0.12425686000000002,White
242,12,47015,-0.00265974,0.57799058,0.40717817,0.59918224,0.40081776,0.28604691,0.06155943,0.00133454,0.04486342,0.01754784,35218,0.17081241000000003,White
243,13,46172,-0.02054249,0.33982104,0.64397344,0.76922433,0.23077567,0.13357905,0.04894734,0.0013961,0.018624,0.02984866,35814,-0.3041524,White
244,14,45109,-0.04309216,0.49950082,0.48248321,0.61616724,0.38383276,0.24807952,0.07453234,0.00363572,0.04392189,0.02814754,34106,0.017017610000000016,White
245,15,44957,-0.04631657,0.54697202,0.43738408,0.61067495,0.38932505,0.28395243,0.05659714,0.00166979,0.02659948,0.02862081,34136,0.10958794,White
246,16,45613,-0.03240069,0.66849267,0.31495553,0.4343618,0.5656382,0.43290721,0.07647766,0.00187418,0.04374948,0.02545526,35749,0.35353714,Minority
247,17,47149,0.00018284,0.37992376,0.60703092,0.67111734,0.32888266,0.16926289,0.12560785,0.00129124,0.01486305,0.0276656,36399,-0.22710716000000003,White
248,18,46875,-0.00562959,0.30883929,0.67853315,0.70671258,0.29328742,0.16716536,0.08581268,0.00166544,0.0180376,0.02277988,35426,-0.36969386000000004,White
249,19,48831,0.0358635,0.40160491,0.58680727,0.81850208,0.18149792,0.08047003,0.06534118,0.00089277,0.0163353,0.01795194,41444,-0.18520236,White
250,20,48314,0.02489626,0.46043211,0.5275505,0.75539116,0.24460884,0.0908885,0.11632823,0.00103168,0.01376412,0.02516293,39741,-0.06711839000000003,White
251,21,46209,-0.0197576,0.56864353,0.41989993,0.87530598,0.12469402,0.0449672,0.04036522,0.0010281,0.01987663,0.01419759,40852,0.14874360000000003,White
252,1,537557,-0.00166435,0.33154945,0.65373611,0.70802944,0.29197056,0.15655429,0.05918691,0.0036773,0.04180138,0.03185035,425584,-0.32218665999999996,White
253,2,540475,0.00375488,0.24451216,0.74193602,0.75463577,0.24536423,0.11249561,0.06898709,0.00307411,0.03197826,0.03078563,426790,-0.49742386000000005,White
254,3,538954,0.00093012,0.5403921,0.44439934,0.53223642,0.46776358,0.33131606,0.08344985,0.00187369,0.04103288,0.01832968,424830,0.09599276000000007,White
255,4,538897,0.00082426,0.5769476,0.40594295,0.43756016,0.56243984,0.39538909,0.10708375,0.00268385,0.05022263,0.01856409,421782,0.17100464999999998,Minority
256,5,537960,-0.00091591,0.4816617,0.5032297,0.62651346,0.37348654,0.17546834,0.13068304,0.00167239,0.0515432,0.01861497,438894,-0.021567999999999976,White
257,6,540346,0.0035153,0.27185038,0.71818845,0.80001216,0.19998784,0.07161415,0.08824059,0.00140486,0.01521708,0.02304288,444172,-0.44633807,White
258,7,538638,0.00034325,0.36883472,0.61721687,0.7364756,0.2635244,0.06648134,0.14117901,0.00171997,0.03677474,0.02082321,430241,-0.24838215000000002,White
259,8,535937,-0.00467297,0.35020331,0.63466318,0.74019781,0.25980219,0.09961098,0.07934497,0.0026325,0.05917264,0.018746,426971,-0.28445987,White
260,9,539392,0.00174356,0.27911775,0.70859036,0.76385473,0.23614527,0.1029928,0.07777417,0.00244783,0.03108388,0.02189197,418738,-0.42947261,White
261,10,538001,-0.00083977,0.56277426,0.42068704,0.38725839,0.61274161,0.31384531,0.20644983,0.00262198,0.06643836,0.0163794,406181,0.14208721999999996,Minority
262,11,539021,0.00105455,0.48322251,0.49959431,0.59140065,0.40859935,0.13419341,0.20426802,0.00211502,0.06133082,0.01818399,426474,-0.016371799999999992,White
263,12,541127,0.00496575,0.55039829,0.43127241,0.45413567,0.54586433,0.11719268,0.36453702,0.00284997,0.06610875,0.01925506,436145,0.11912587999999996,Minority
264,13,534870,-0.00665457,0.56139699,0.42275052,0.25183164,0.74816836,0.17561206,0.51607067,0.00330071,0.05829483,0.01793445,412335,0.13864646999999997,Hispanic
265,14,537629,-0.00153063,0.31224722,0.6778975,0.77307709,0.22692291,0.08432554,0.10070228,0.00168059,0.01922065,0.02082218,442701,-0.36565028000000005,White
266,15,540255,0.0033463,0.38808855,0.59954983,0.72018314,0.27981686,0.1084928,0.12814279,0.00157754,0.02486079,0.02040524,447532,-0.21146127999999997,White
267,16,538695,0.00044911,0.38135133,0.60402451,0.7624054,0.2375946,0.08844651,0.089501,0.00238103,0.03619207,0.02116843,444766,-0.22267318000000003,White
268,17,540273,0.00337973,0.5189007,0.46564417,0.69910054,0.30089946,0.13263714,0.09885082,0.00170062,0.05029876,0.01791902,455717,0.05325652999999997,White
269,18,538655,0.00037482,0.40757816,0.57902428,0.76922476,0.23077524,0.05964383,0.1139969,0.00188924,0.03800343,0.0174582,448328,-0.17144611999999992,White
270,19,536100,-0.00437025,0.5132238,0.47071425,0.43633272,0.56366728,0.17920791,0.33251168,0.00203981,0.05151789,0.01571673,430433,0.04250955000000001,Minority
271,20,539804,0.00250871,0.51946711,0.46077019,0.45941394,0.54058606,0.22356799,0.24628329,0.00252633,0.0699841,0.01964761,415623,0.058696919999999986,Minority
272,21,537559,-0.00166064,0.31712083,0.67206232,0.72119846,0.27880154,0.08529953,0.15496911,0.00138294,0.02102023,0.02116171,438197,-0.35494148999999997,White
273,22,537498,-0.00177392,0.45272847,0.53523642,0.51731107,0.48268893,0.17781734,0.26621959,0.00198515,0.02981774,0.02090959,419616,-0.08250795000000005,White
274,23,538232,-0.00041076,0.43006437,0.55802793,0.78033425,0.21966575,0.05846697,0.12074299,0.00111649,0.0226137,0.01449263,461269,-0.12796355999999998,White
275,24,541634,0.00590734,0.3283084,0.66132203,0.78956739,0.21043261,0.06378746,0.10567528,0.00128913,0.02165515,0.01576739,449916,-0.33301363,White
276,25,537533,-0.00170892,0.35101542,0.6374493,0.58315685,0.41684315,0.10058843,0.27712729,0.00196463,0.02959863,0.02085951,417891,-0.28643388,White
277,26,536825,-0.0030238,0.42035456,0.56870693,0.64260907,0.35739093,0.16365209,0.15456005,0.00169283,0.02278415,0.01727096,434776,-0.14835237000000007,White
278,27,539916,0.00271672,0.35286694,0.63707404,0.62953165,0.37046835,0.10094382,0.23444935,0.0011711,0.02095716,0.01658751,432072,-0.2842071,White
279,28,537193,-0.00234036,0.34281612,0.64549457,0.73280854,0.26719146,0.0439325,0.19047932,0.00104257,0.02063895,0.01182091,456564,-0.30267845,White
280,29,538398,-0.00010247,0.39339895,0.594809,0.70347595,0.29652405,0.09790977,0.15241758,0.00143736,0.03180022,0.0141771,437607,-0.20141005,White
281,30,537585,-0.00161235,0.54320525,0.44363453,0.48490356,0.51509644,0.27356941,0.20336716,0.00177605,0.03132644,0.01644569,435798,0.09957071999999995,Minority
282,31,539814,0.00252729,0.52514804,0.46326213,0.56197083,0.43802917,0.1271512,0.25900258,0.00142672,0.03690286,0.01241585,438069,0.061885910000000044,White
283,32,537618,-0.00155106,0.57335353,0.41576571,0.48919762,0.51080238,0.27638018,0.18102032,0.0015284,0.02640381,0.01122781,444254,0.15758782,Minority
284,33,537640,-0.00151021,0.63274347,0.35415559,0.31786163,0.68213837,0.37311121,0.24557259,0.00216374,0.05144389,0.01053866,417795,0.27858787999999995,Black
285,34,537791,-0.00122977,0.52438159,0.462171,0.31367796,0.68632204,0.16694739,0.4503884,0.00155551,0.07144595,0.0113323,419156,0.062210589999999955,Hispanic
286,35,540923,0.00458689,0.58144039,0.40688687,0.25275291,0.74724709,0.31770913,0.41102047,0.00183992,0.03198391,0.01160794,430998,0.17455352000000002,Hispanic
287,36,537017,-0.00266722,0.62637745,0.36276118,0.15395534,0.84604466,0.42610805,0.41817233,0.00109589,0.01875523,0.00935754,423402,0.26361627,Black
288,37,537636,-0.00151763,0.5059572,0.47982646,0.26104831,0.73895169,0.08863813,0.61873647,0.00114469,0.03059052,0.01020426,449028,0.026130739999999986,Hispanic
289,38,538123,-0.00061319,0.42372651,0.56630098,0.11857448,0.88142552,0.13851378,0.72972797,0.00101562,0.02852632,0.0125099,415511,-0.14257446999999995,Hispanic
290,39,540143,0.0031383,0.28582443,0.70653675,0.04917504,0.95082496,0.03130059,0.91906669,0.00068765,0.01472027,0.00550573,443538,-0.42071232000000003,Hispanic
291,40,536512,-0.0036051,0.31470511,0.6762357,0.25573434,0.74426566,0.04326751,0.68952615,0.00079416,0.01659515,0.00874026,449529,-0.36153059,Hispanic
292,1,196457,0.02704317,0.62185904,0.37241482,0.4036977,0.5963023,0.48198059,0.06906881,0.00454338,0.03625325,0.01867612,149228,0.24944422000000005,Black
293,2,197590,0.0329663,0.55578621,0.43693292,0.54697351,0.45302649,0.32804556,0.06650397,0.00217994,0.04380847,0.01672132,157344,0.11885328999999994,White
294,3,196687,0.02824557,0.56453328,0.42905238,0.462784,0.537216,0.39504772,0.08748766,0.00540628,0.04289427,0.02077891,148901,0.13548090000000002,Minority
295,4,191839,0.00290107,0.70756882,0.28720398,0.33710924,0.66289076,0.57249076,0.05364034,0.00327395,0.02838992,0.01737143,148750,0.42036483999999996,Black
296,5,192410,0.00588616,0.3715364,0.62146952,0.6524755,0.3475245,0.21917026,0.05820165,0.00319667,0.05316637,0.02113005,143587,-0.24993312,White
297,6,197457,0.032271,0.56248384,0.43275077,0.42674241,0.57325759,0.49750031,0.04461437,0.00119251,0.02227115,0.01418565,152619,0.12973306999999995,Black
298,7,194969,0.01926417,0.43515942,0.55893483,0.54668936,0.45331064,0.34542298,0.0574434,0.00177702,0.03612596,0.01878468,146875,-0.12377540999999997,White
299,8,189959,-0.00692724,0.57261749,0.42376732,0.38151957,0.61848043,0.54766377,0.04569101,0.00249297,0.0173157,0.0125054,148016,0.14885016999999995,Black
300,9,185415,-0.03068249,0.38143885,0.61559127,0.54785938,0.45214062,0.38997564,0.04123912,0.00061956,0.00831883,0.01560042,143650,-0.23415242000000003,White
301,10,196554,0.02755027,0.32910607,0.66604292,0.67842142,0.32157858,0.22325673,0.05988593,0.00255184,0.01825195,0.02171376,151655,-0.33693685,White
302,11,192693,0.00736563,0.19954937,0.79821006,0.69319327,0.30680673,0.20076201,0.08303353,0.00131571,0.00854525,0.01813211,145929,-0.59866069,White
303,12,186500,-0.0250103,0.45974311,0.53274326,0.59556284,0.40443716,0.28653914,0.05937285,0.00109782,0.0418285,0.01905212,143921,-0.07300015000000004,White
304,13,185295,-0.03130983,0.53296777,0.45763855,0.66091869,0.33908131,0.19025489,0.08170691,0.00133835,0.04821441,0.01696819,148690,0.07532921999999997,White
305,14,191255,-0.00015198,0.35168678,0.64414098,0.56427715,0.43572285,0.32087004,0.08183263,0.00222318,0.01834997,0.01825937,143488,-0.2924542,White
306,15,200340,0.04734283,0.27522651,0.72171503,0.64001033,0.35998967,0.27821875,0.05692511,0.00089773,0.01351762,0.01477702,154835,-0.44648852000000006,White
307,16,190625,-0.00344551,0.29216684,0.70373008,0.68519586,0.31480414,0.23292279,0.04605868,0.00170257,0.01668932,0.02005327,145662,-0.41156324000000005,White
308,17,190273,-0.00528571,0.43564997,0.56072288,0.52957326,0.47042674,0.42592861,0.02416817,0.00128379,0.0089602,0.01216638,151894,-0.12507291000000004,White
309,18,190844,-0.00230062,0.29145873,0.7054596,0.63336055,0.36663945,0.30210247,0.04404981,0.00085732,0.00925359,0.01368987,146970,-0.41400086999999997,White
310,19,191847,0.00294289,0.63817575,0.35607389,0.3788583,0.6211417,0.52542548,0.06978733,0.00177916,0.01623314,0.01738477,145012,0.28210186000000004,Black
311,20,191783,0.00260831,0.56717784,0.42697517,0.46225658,0.53774342,0.43760866,0.0580797,0.00143838,0.03078545,0.01866399,143217,0.14020267000000003,Minority
312,21,192695,0.00737609,0.76660526,0.22714321,0.20407685,0.79592315,0.60622626,0.12125077,0.00144765,0.06664691,0.01928817,145063,0.5394620499999999,Black
313,22,193469,0.01142243,0.85205163,0.14229455,0.10420519,0.89579481,0.76271634,0.101411,0.00125113,0.0357684,0.01593105,143870,0.7097570799999999,Black
314,23,190768,-0.00269793,0.73529412,0.25652907,0.28886778,0.71113222,0.49264762,0.179986,0.00142819,0.03390207,0.0216793,144239,0.47876505,Black
315,24,195068,0.01978172,0.65104229,0.33855886,0.42095398,0.57904602,0.32148752,0.16342746,0.00135624,0.07109408,0.02095142,156314,0.31248343,Minority
316,25,188950,-0.01220212,0.49136457,0.49542572,0.69280543,0.30719457,0.1108594,0.07320655,0.0012678,0.09987876,0.01685545,144345,-0.004061150000000013,White
317,26,191363,0.00041262,0.45885226,0.53084132,0.65212657,0.34787343,0.19616876,0.0845934,0.00136781,0.0490575,0.01955767,146950,-0.07198905999999994,White
318,27,190764,-0.00271884,0.64963512,0.33773357,0.51413053,0.48586947,0.14693194,0.20510301,0.0012384,0.12420329,0.02259404,148579,0.31190155,White
319,28,191305,0.00010941,0.88395454,0.10545001,0.42690203,0.57309797,0.46397642,0.04386073,0.00147048,0.05761561,0.01295456,153691,0.77850453,Black
320,29,189820,-0.00765391,0.78694272,0.20067319,0.22914684,0.77085316,0.57487693,0.09546464,0.001441,0.09943601,0.01720239,145038,0.58626953,Black
321,30,192493,0.00632007,0.92622515,0.06792968,0.03329098,0.96670902,0.93068096,0.03004028,0.00087181,0.01117133,0.01197556,147968,0.8582954700000001,Black
322,31,200275,0.04700302,0.27783117,0.71629824,0.71811596,0.28188404,0.16350163,0.06890838,0.00121299,0.02767338,0.02264909,150867,-0.43846706999999996,White
323,32,184962,-0.03305069,0.26394358,0.73253488,0.71477706,0.28522294,0.22799602,0.02793663,0.00091856,0.00995221,0.01915852,144792,-0.4685913,White
324,33,191785,0.00261877,0.69269834,0.29828988,0.29954162,0.70045838,0.51150257,0.135577,0.00165505,0.05343638,0.01909778,138969,0.39440845999999996,Black
325,34,191458,0.00090927,0.57657919,0.4077188,0.36544246,0.63455754,0.25513015,0.19737027,0.00141958,0.17694805,0.02198937,142296,0.16886039000000003,Minority
326,35,190475,-0.00422969,0.66007561,0.32552459,0.15414448,0.84585552,0.27441468,0.4241442,0.00185328,0.15097458,0.0288368,139752,0.33455102000000003,Hispanic
327,36,189786,-0.00783166,0.54948761,0.43651469,0.41815736,0.58184264,0.20251918,0.14011047,0.00168489,0.23289467,0.01625099,147191,0.11297292000000003,Minority
328,37,193558,0.0118877,0.45269542,0.53780775,0.53315496,0.46684504,0.19264419,0.14039894,0.00146522,0.12388516,0.01884255,141276,-0.08511233000000001,White
329,38,199986,0.04549218,0.30864827,0.68630112,0.66712855,0.33287145,0.24206863,0.0532195,0.00103103,0.01685109,0.02126416,152275,-0.37765285,White
330,39,192951,0.00871441,0.20719833,0.78826316,0.79543531,0.20456469,0.1079899,0.05481418,0.00088694,0.01976317,0.02050792,147699,-0.58106483,White
331,40,195934,0.02430902,0.60209079,0.39114608,0.43521101,0.56478899,0.44331345,0.08872648,0.00166256,0.02065647,0.02128078,147363,0.21094470999999998,Black
332,41,189736,-0.00809305,0.27692577,0.71750187,0.74927045,0.25072955,0.15204595,0.06197424,0.00127002,0.01307124,0.02401627,140155,-0.44057609999999997,White
333,42,183495,-0.04071992,0.18353886,0.81190967,0.86630371,0.13369629,0.0325122,0.06158478,0.00090517,0.01165987,0.02637049,149144,-0.6283708100000001,White
334,43,189090,-0.01147023,0.19102516,0.80274614,0.8725209,0.1274791,0.02223145,0.05683158,0.00099834,0.01583941,0.02850959,149248,-0.61172098,White
335,44,193600,0.01210727,0.28281224,0.7110433,0.63303876,0.36696124,0.08144434,0.24112505,0.00088237,0.02598531,0.02651199,146198,-0.42823106000000005,White
336,45,193234,0.01019389,0.36188091,0.62649635,0.62746917,0.37253083,0.05202099,0.08962189,0.00099274,0.21164186,0.0149563,138002,-0.26461544000000004,White
337,46,188767,-0.01315881,0.21825321,0.77713393,0.69817495,0.30182505,0.03811234,0.22730403,0.00081634,0.01381386,0.03607505,140873,-0.55888072,White
338,47,188356,-0.01530745,0.20162838,0.79299429,0.88205991,0.11794009,0.04601892,0.02967072,0.00114485,0.01073298,0.0277013,146744,-0.5913659099999999,White
339,48,196355,0.02650994,0.26213682,0.73220688,0.74049799,0.25950201,0.13244884,0.08638371,0.00080108,0.01565738,0.02657451,151047,-0.47007006,White
340,49,187081,-0.02197293,0.26773368,0.72498814,0.8061185,0.1938815,0.05763474,0.08916408,0.00139473,0.02075893,0.02541507,141963,-0.45725446000000003,White
341,50,189686,-0.00835444,0.41051326,0.57768168,0.70524011,0.29475989,0.09666916,0.09664145,0.00121235,0.07899659,0.0196054,144348,-0.16716841999999998,White
342,51,183954,-0.03832034,0.5406997,0.44402934,0.53538848,0.46461152,0.13568276,0.10751839,0.00148573,0.20701956,0.01354387,139325,0.09667036000000001,White
343,52,183177,-0.04238237,0.58556008,0.4040224,0.63356998,0.36643002,0.17614905,0.0913642,0.00138653,0.08725794,0.01313202,150015,0.18153768000000003,White
344,53,182462,-0.04612026,0.83672714,0.15164318,0.54524133,0.45475867,0.27383642,0.07481025,0.00163742,0.09762944,0.01370259,162451,0.68508396,White
345,54,183053,-0.04303062,0.91294299,0.07803935,0.10458227,0.89541773,0.8395502,0.04413809,0.00141792,0.01477587,0.01351238,142462,0.8349036400000001,Black
346,55,182913,-0.04376251,0.91906678,0.07414407,0.06364277,0.93635723,0.87788207,0.0509789,0.00102777,0.01060833,0.01228295,139136,0.84492271,Black
347,56,198292,0.03663624,0.44747148,0.54555825,0.55564791,0.44435209,0.33609517,0.06863143,0.00107725,0.02473684,0.01972962,150383,-0.09808677000000005,White
348,1,50674,-0.12947485,0.66674304,0.31286657,0.20262026,0.79737974,0.01405141,0.09335934,0.33828383,0.56223122,0.03045305,39996,0.35387646999999994,Asian
349,2,49813,-0.14426591,0.62204888,0.35075403,0.39763135,0.60236865,0.02171689,0.10380109,0.28912365,0.33150867,0.04926587,39094,0.27129485000000003,Minority
350,3,49838,-0.14383644,0.58794876,0.39173852,0.46425251,0.53574749,0.01625914,0.08240143,0.23778051,0.28967406,0.03349835,39793,0.19621023999999998,Minority
351,4,50304,-0.13583106,0.6393597,0.33582863,0.40182786,0.59817214,0.01358341,0.08285628,0.26667169,0.37225068,0.03211309,39828,0.30353106999999996,Minority
352,5,55371,-0.04878542,0.64453725,0.32973484,0.51944054,0.48055946,0.01815789,0.08795646,0.20165518,0.26092485,0.0335274,44829,0.31480241,White
353,6,54983,-0.05545084,0.61221659,0.36996532,0.16829366,0.83170634,0.01264566,0.08100314,0.26156428,0.62651571,0.02224218,42307,0.24225126999999996,Asian
354,7,54482,-0.06405748,0.58986519,0.3898865,0.3637727,0.6362273,0.01602812,0.09230228,0.23404804,0.39875806,0.02699473,42675,0.19997869000000001,Asian
355,8,58263,0.00089605,0.67721833,0.30309325,0.273888,0.726112,0.02743631,0.05982145,0.12094938,0.58990043,0.02025061,50517,0.37412508,Asian
356,9,58807,0.01024139,0.68306011,0.2954235,0.16611896,0.83388104,0.02689249,0.05477667,0.13531802,0.69766854,0.0172283,51427,0.38763661,Asian
357,10,59003,0.01360846,0.58445596,0.39792746,0.12170202,0.87829798,0.04069667,0.05496637,0.17992326,0.69639162,0.01511036,46392,0.18652849999999999,Asian
358,11,58897,0.0117875,0.57760274,0.40609589,0.09953592,0.90046408,0.03314216,0.05610525,0.20874743,0.70042905,0.01477606,45682,0.17150685,Asian
359,12,57630,-0.00997821,0.67711584,0.30286592,0.12909942,0.87090058,0.01927318,0.0539443,0.19941047,0.71564323,0.01727372,48513,0.37424992,Asian
360,13,58364,0.00263113,0.72431994,0.25590743,0.2068157,0.7931843,0.02075838,0.05202733,0.16030642,0.65711283,0.01754457,49474,0.46841251,Asian
361,14,55762,-0.04206845,0.65204719,0.3311328,0.24396481,0.75603519,0.01362464,0.04746577,0.17886197,0.62589563,0.01849688,45359,0.32091439,Asian
362,15,58692,0.00826581,0.64446009,0.33507876,0.43073842,0.56926158,0.02995441,0.10115471,0.21400571,0.34204696,0.02667348,46938,0.30938133000000007,Minority
363,16,59436,0.02104694,0.61722565,0.36260306,0.21908416,0.78091584,0.01794775,0.08021973,0.31182119,0.58642597,0.02700549,47694,0.25462259,Asian
364,17,56457,-0.0301291,0.60778888,0.3762824,0.24880446,0.75119554,0.05138594,0.09068367,0.16314648,0.56223433,0.02041268,45168,0.23150647999999996,Asian
365,18,58191,-0.00034083,0.60682408,0.37690718,0.09185226,0.90814774,0.02647593,0.06825001,0.19904492,0.77418332,0.01749567,47326,0.22991689999999998,Asian
366,19,62272,0.06976639,0.58712477,0.39757685,0.14060181,0.85939819,0.03559357,0.08573784,0.19091096,0.72081616,0.02450536,48520,0.18954791999999998,Asian
367,20,62163,0.06789388,0.48422346,0.50297427,0.04002771,0.95997229,0.0174216,0.05558121,0.20198564,0.81136392,0.01188027,47642,-0.01875080999999995,Asian
368,21,61652,0.05911545,0.46591343,0.51962229,0.17030539,0.82969461,0.05331204,0.10218323,0.20430084,0.62456248,0.02657945,45712,-0.053708860000000025,Asian
369,22,63518,0.09117134,0.48304473,0.50114238,0.23538296,0.76461704,0.07125419,0.13630157,0.19619729,0.49594488,0.02424794,48334,-0.01809765000000002,Asian
370,23,63427,0.08960805,0.44032626,0.54186158,0.13242545,0.86757455,0.04181056,0.12310766,0.53667383,0.46200126,0.03171087,46041,-0.10153531999999993,Pacific
371,24,63974,0.09900493,0.49563497,0.48160866,0.23955193,0.76044807,0.03368635,0.09446029,0.32087576,0.47419552,0.02873727,49100,0.014026309999999986,Asian
372,25,73298,0.25918128,0.58791245,0.3925958,0.33768942,0.66231058,0.01299875,0.08442236,0.22405464,0.47219519,0.02856944,57544,0.19531665000000004,Asian
373,1,63847,0.00062093,0.52657694,0.45177406,0.81743834,0.18256166,0.03670064,0.05290947,0.01336582,0.07532122,0.01262738,54168,0.07480288000000002,White
374,2,64065,0.00403746,0.53108485,0.44755133,0.75724535,0.24275465,0.02962635,0.1257205,0.01223346,0.06922891,0.0164658,49618,0.08353352000000003,White
375,3,64499,0.01083919,0.33980918,0.64191624,0.9003026,0.0996974,0.01548814,0.03895923,0.00179169,0.01023252,0.03179248,50232,-0.30210706000000004,White
376,4,66681,0.04503586,0.4132736,0.56998671,0.91092041,0.08907959,0.02444566,0.02876676,0.00137951,0.01304445,0.01606719,49293,-0.15671311,White
377,5,62969,-0.01313923,0.55061749,0.43060573,0.67112652,0.32887348,0.09691143,0.15166341,0.00180805,0.05670893,0.02501489,47012,0.12001176000000002,White
378,6,64565,0.01187355,0.59758601,0.38333569,0.68620333,0.31379667,0.12691395,0.0903689,0.0015413,0.08041128,0.01527105,49309,0.21425032,White
379,7,63519,-0.00451954,0.71895205,0.26229508,0.76968168,0.23031832,0.096875,0.07080745,0.00164984,0.0425854,0.01764363,51520,0.45665696999999994,White
380,8,64020,0.00333222,0.52286936,0.46250594,0.67240069,0.32759931,0.08313985,0.14669256,0.00132973,0.0780531,0.0237452,47378,0.060363419999999945,White
381,9,64756,0.01486693,0.4822951,0.50050862,0.8895905,0.1104095,0.02825795,0.0326844,0.00134262,0.02905513,0.01153814,47668,-0.018213519999999983,White
382,10,63859,0.000809,0.51623932,0.46519395,0.85243074,0.14756926,0.04422819,0.03707332,0.00106471,0.05085071,0.01083878,46961,0.05104536999999992,White
383,11,61873,-0.03031593,0.5776804,0.40470635,0.79834225,0.20165775,0.05548035,0.06535185,0.00122873,0.06049941,0.01289127,48017,0.17297405,White
384,12,62348,-0.02287165,0.38509561,0.5950225,0.89917438,0.10082562,0.01309761,0.05634564,0.00097259,0.01117403,0.01549667,46268,-0.20992689000000003,White
385,13,64045,0.00372402,0.50469582,0.47691805,0.83387671,0.16612329,0.03612221,0.03862679,0.00144662,0.07595811,0.00971607,46315,0.027777770000000035,White
386,14,63606,-0.00315606,0.50151868,0.47993277,0.88526457,0.11473543,0.05480538,0.02694513,0.00168788,0.0126693,0.01492659,49174,0.021585909999999986,White
387,15,61952,-0.02907783,0.54146508,0.440361,0.8271703,0.1728297,0.09565417,0.03421894,0.00449424,0.02176049,0.01408892,47839,0.10110408000000004,White
388,16,63084,-0.01133693,0.53893789,0.43923188,0.82175393,0.17824607,0.08468013,0.03884484,0.00260868,0.03277152,0.01699717,49067,0.09970601000000001,White
389,17,62303,-0.0235769,0.51946384,0.46185423,0.88415126,0.11584874,0.03658381,0.02385808,0.00106225,0.03505417,0.01461653,47070,0.05760961000000003,White
390,18,64042,0.003677,0.52700838,0.45325288,0.780336,0.219664,0.04899727,0.13110686,0.0004678,0.0214986,0.01682057,49166,0.07375550000000003,White
391,19,66585,0.04353133,0.73181511,0.247748,0.75412318,0.24587682,0.07676415,0.06235529,0.00119332,0.08859046,0.01161258,56146,0.48406711,White
392,20,65462,0.02593148,0.62044568,0.36046834,0.81339954,0.18660046,0.0725489,0.04465169,0.0013121,0.05205999,0.01215204,49539,0.25997734,White
393,21,66123,0.03629079,0.52137834,0.45931789,0.79527327,0.20472673,0.09467212,0.05870103,0.00104122,0.03276885,0.01882048,50902,0.062060450000000045,White
394,22,63699,-0.00169855,0.50914231,0.47242996,0.75510618,0.24489382,0.11716815,0.07491777,0.00131969,0.03039347,0.02481017,49254,0.036712350000000005,White
395,23,63352,-0.00713679,0.37601359,0.60632739,0.91491496,0.08508504,0.01537883,0.02438464,0.00091939,0.02486523,0.0146475,47858,-0.2303138,White
396,24,62802,-0.01575648,0.34113703,0.64207118,0.9525237,0.0474763,0.00664964,0.01557915,0.00065441,0.00588968,0.01289819,47371,-0.30093414999999996,White
397,25,66503,0.04224621,0.28822757,0.69601751,0.91254634,0.08745366,0.00578579,0.05840704,0.00172593,0.00674682,0.0126699,50987,-0.40778994,White
398,26,63109,-0.01094513,0.37134873,0.61085454,0.93537284,0.06462716,0.01014355,0.03120002,0.00097184,0.00807839,0.01113563,49391,-0.23950580999999993,White
399,27,63192,-0.00964434,0.3564654,0.62780518,0.93990325,0.06009675,0.01354089,0.02187216,0.00082692,0.011763,0.01035723,48372,-0.27133978,White
400,28,65486,0.02630762,0.49866908,0.48459941,0.83705103,0.16294897,0.08806802,0.02994081,0.00308469,0.0262199,0.0133413,51869,0.014069669999999979,White
401,29,65658,0.02900323,0.49622201,0.48765626,0.78005448,0.21994552,0.11934936,0.04810691,0.00787635,0.03000513,0.01648308,50658,0.008565749999999983,White
402,30,66883,0.04820163,0.32768419,0.65736521,0.95907933,0.04092067,0.00803134,0.01382958,0.00095984,0.00703232,0.00838394,51050,-0.32968102000000005,White
403,31,66914,0.04868747,0.50833183,0.47479396,0.87696903,0.12303097,0.0541245,0.02954494,0.00939807,0.01577125,0.01286051,52564,0.033537870000000025,White
404,32,65945,0.03350114,0.37599123,0.60664956,0.92360337,0.07639663,0.02518527,0.01994486,0.00344147,0.00729356,0.01480221,51141,-0.23065833000000002,White
405,33,63917,0.00171798,0.31737611,0.66743964,0.8887468,0.1112532,0.01644136,0.0590874,0.00077132,0.01595421,0.01530467,49266,-0.35006353,White
406,34,65513,0.02673076,0.40064319,0.57909632,0.88126911,0.11873089,0.05609333,0.02792981,0.00128547,0.0110239,0.01947685,51343,-0.17845313000000002,White
407,35,65255,0.02268734,0.34508808,0.6367751,0.8595743,0.1404257,0.03052561,0.06174229,0.00643684,0.02079138,0.01850097,50646,-0.29168702,White
408,36,63181,-0.00981673,0.27421402,0.70954716,0.93586217,0.06413783,0.01321641,0.01673251,0.00126166,0.01379553,0.01352665,48349,-0.43533313999999995,White
409,37,61037,-0.04341786,0.37065421,0.61110814,0.93189478,0.06810522,0.01072351,0.02442334,0.00107235,0.00978247,0.01372171,45694,-0.24045393000000004,White
410,38,61865,-0.03044131,0.26524774,0.71906439,0.93025265,0.06974735,0.00723386,0.03422587,0.00215936,0.00790326,0.01397106,46310,-0.45381665,White
411,39,62235,-0.0246426,0.27592672,0.70796705,0.93517048,0.06482952,0.01353107,0.02314309,0.00169138,0.0069718,0.0161094,48481,-0.43204033000000003,White
412,40,65328,0.02383141,0.28603378,0.69816373,0.89102809,0.10897191,0.01162018,0.07417179,0.00094653,0.00859934,0.01282852,49655,-0.41212994999999997,White
413,41,60809,-0.04699112,0.33278588,0.65233012,0.88347413,0.11652587,0.03826756,0.04839659,0.00159711,0.01248266,0.0152776,47586,-0.31954424000000003,White
414,42,61249,-0.04009536,0.40583933,0.57598106,0.90621211,0.09378789,0.02174136,0.03986602,0.00265088,0.01364486,0.01161046,48663,-0.17014173000000005,White
415,43,60682,-0.04898148,0.2590525,0.7264574,0.93020935,0.06979065,0.00889634,0.03932226,0.00127394,0.00573273,0.01135929,47098,-0.4674049,White
416,44,63953,0.00228218,0.27309343,0.71271047,0.83502559,0.16497441,0.01637666,0.09660184,0.0088434,0.0316479,0.01154555,48850,-0.43961703999999996,White
417,45,61669,-0.03351305,0.22550221,0.76059268,0.9349602,0.0650398,0.00743432,0.03664658,0.00207909,0.00567024,0.00945041,47617,-0.53509047,White
418,46,61570,-0.0350646,0.17378382,0.8102026,0.88834413,0.11165587,0.00962818,0.08226107,0.00224066,0.00738752,0.00985003,45076,-0.63641878,White
419,47,61501,-0.03614598,0.30322993,0.68098177,0.94183897,0.05816103,0.00473873,0.02258867,0.0012325,0.00635373,0.01591619,47059,-0.37775184000000006,White
420,48,63585,-0.00348518,0.44917331,0.53312585,0.83478991,0.16521009,0.0331771,0.08616632,0.00153503,0.01449068,0.02584989,48859,-0.08395254000000002,White
421,49,64198,0.00612186,0.29297012,0.68895723,0.9004065,0.0995935,0.01796419,0.04375051,0.00279215,0.01326271,0.02001725,48708,-0.39598711,White
422,50,65076,0.01988203,0.45020349,0.53071058,0.64047749,0.35952251,0.06998699,0.20079302,0.00696513,0.04495867,0.04451811,47666,-0.08050709000000006,White
423,1,51815,-0.01390948,0.25804527,0.71693196,0.90700158,0.09299842,0.00419852,0.03169518,0.0024997,0.01082393,0.03014197,41205,-0.45888669000000004,White
424,2,52797,0.00477895,0.15841989,0.82143532,0.89432476,0.10567524,0.00590963,0.03770197,0.00324157,0.01244265,0.03653002,40104,-0.66301543,White
425,3,52667,0.00230492,0.21382103,0.7636418,0.88979683,0.11020317,0.00491779,0.04540261,0.00345239,0.01669068,0.02997864,40262,-0.5498207700000001,White
426,4,52583,0.00070632,0.32355367,0.64930678,0.88042764,0.11957236,0.00808514,0.04558849,0.00455398,0.02060249,0.03343643,41063,-0.32575310999999996,White
427,5,52099,-0.00850468,0.20736721,0.77106363,0.88868014,0.11131986,0.00428062,0.02803805,0.00271106,0.00991677,0.0530321,42050,-0.56369642,White
428,6,52458,-0.00167255,0.43659301,0.53090051,0.83653892,0.16346108,0.01253529,0.04868188,0.00399502,0.03315631,0.05904024,41802,-0.09430750000000004,White
429,7,53602,0.0200989,0.20661384,0.76662893,0.90215099,0.09784901,0.00541262,0.02837528,0.00222597,0.01054407,0.04526923,42678,-0.56001509,White
430,8,52965,0.00797616,0.53664482,0.43090633,0.78171956,0.21828044,0.01221628,0.15316768,0.00378705,0.01905739,0.03076059,40929,0.10573849000000002,White
431,9,55009,0.04687549,0.1708487,0.80871246,0.81914842,0.18085158,0.00414164,0.11436737,0.00227669,0.01448363,0.03802558,41288,-0.63786376,White
432,10,52913,0.00698655,0.15936186,0.80199274,0.83339266,0.16660734,0.01948221,0.09677037,0.00870886,0.02904535,0.01383451,42141,-0.64263088,White
433,11,52951,0.00770972,0.22170236,0.75314918,0.7461284,0.2538716,0.023405,0.16428607,0.00528743,0.02688819,0.03395479,39906,-0.53144682,White
434,12,54591,0.03892054,0.34671664,0.61987162,0.83654382,0.16345618,0.01239418,0.08219699,0.0056775,0.02379987,0.03923557,39454,-0.27315497999999994,White
435,13,50915,-0.03103736,0.17778264,0.79842554,0.78480085,0.21519915,0.0039369,0.16214602,0.00184627,0.00906845,0.03513345,36831,-0.6206429,White
436,14,51044,-0.02858237,0.29544404,0.67543274,0.77094987,0.22905013,0.01892246,0.14597329,0.00511201,0.03126087,0.02887884,37363,-0.37998869999999996,White
437,15,50977,-0.02985744,0.19684465,0.77923755,0.63795933,0.36204067,0.00369969,0.32604523,0.00239228,0.00837297,0.03226794,35949,-0.5823928999999999,White
438,16,55025,0.04717999,0.14714059,0.82537728,0.79875583,0.20124417,0.00422499,0.14390876,0.00313634,0.00826853,0.04561949,38580,-0.67823669,White
439,17,52377,-0.00321406,0.30390137,0.66881563,0.87692841,0.12307159,0.0044078,0.07929079,0.00222866,0.00802318,0.02491147,40383,-0.36491426,White
440,18,53720,0.02234455,0.17208728,0.79991766,0.79968689,0.20031311,0.00488245,0.11420687,0.00217587,0.00865043,0.07623521,37686,-0.62783038,White
441,19,53544,0.0189951,0.16821788,0.80176228,0.82882759,0.17117241,0.00565517,0.13062069,0.00245517,0.01175172,0.02184828,36250,-0.6335444000000001,White
442,20,54865,0.04413503,0.32457555,0.63921902,0.8169472,0.1830528,0.00990421,0.12390266,0.00292624,0.02048371,0.02678638,39983,-0.31464347,White
443,21,54117,0.02989985,0.18659746,0.78163297,0.85107101,0.14892899,0.00688705,0.103615,0.00300781,0.01613538,0.02018328,35574,-0.59503551,White
444,22,54642,0.03989112,0.18627695,0.79081578,0.76212369,0.23787631,0.00716902,0.17304346,0.00454557,0.01618224,0.0344944,38499,-0.60453883,White
445,23,52839,0.00557825,0.27660754,0.69757681,0.7342661,0.2657339,0.01222303,0.19507438,0.00618954,0.02301571,0.03076563,38452,-0.42096927000000006,White
446,24,50000,-0.04845071,0.31715824,0.65395912,0.59511892,0.40488108,0.01470547,0.33528464,0.00480756,0.0180142,0.0397896,35361,-0.33680088,White
447,25,50371,-0.04139022,0.31163151,0.65725516,0.71032151,0.28967849,0.01178144,0.21829209,0.00614567,0.01790027,0.04076539,37262,-0.34562364999999995,White
448,26,52771,0.00428415,0.21939604,0.75650323,0.81091187,0.18908813,0.0135826,0.12173471,0.00363729,0.01727076,0.03019204,39315,-0.53710719,White
449,27,53252,0.01343805,0.25047972,0.72933164,0.87479986,0.12520014,0.00800578,0.05712515,0.00420949,0.02956975,0.02009194,38722,-0.47885191999999993,White
450,28,53093,0.01041212,0.2932697,0.68208414,0.84664761,0.15335239,0.01361746,0.07928794,0.00483368,0.02697505,0.02390852,38480,-0.38881443999999993,White
451,29,50798,-0.03326399,0.37185401,0.59917456,0.81883374,0.18116626,0.01450408,0.08910037,0.00469091,0.04415928,0.026474,37093,-0.22732055,White
452,30,50421,-0.04043867,0.36013753,0.6125671,0.82414212,0.17585788,0.01790352,0.07365862,0.00649279,0.0486821,0.02652373,36194,-0.25242957000000005,White
453,31,51090,-0.02770694,0.53143997,0.43484043,0.76549174,0.23450826,0.03667735,0.11493715,0.00736998,0.04725166,0.02837072,40570,0.09659953999999998,White
454,32,52130,-0.00791472,0.53344614,0.43466817,0.8239201,0.1760799,0.02041364,0.07899299,0.00478597,0.03792152,0.02976583,40953,0.09877796999999999,White
455,33,51302,-0.02367237,0.54049272,0.42474236,0.80476694,0.19523306,0.02439826,0.08683809,0.0056123,0.04499237,0.02646472,42585,0.11575036000000005,White
456,34,51700,-0.01609804,0.65656666,0.31266819,0.83179175,0.16820825,0.01474521,0.05319071,0.00527491,0.06943252,0.01908781,40759,0.34389846999999996,White
457,35,51663,-0.01680219,0.554656,0.41743322,0.8630329,0.1369671,0.01666913,0.05831735,0.00312239,0.02829818,0.02461032,40674,0.13722278000000004,White
458,1,216865,-0.00136375,0.74135285,0.2339636,0.64009305,0.35990695,0.09426695,0.07870204,0.00149583,0.17779806,0.01167221,169805,0.5073892499999999,White
459,2,214529,-0.01212073,0.584339,0.39508435,0.63215129,0.36784871,0.02461627,0.12648442,0.00093025,0.20867604,0.01197548,169847,0.18925465000000008,White
460,3,216299,-0.0039701,0.53413142,0.44703604,0.68485711,0.31514289,0.0255619,0.15251973,0.00086334,0.12868451,0.01624015,171427,0.08709538,White
461,4,215213,-0.008971,0.57771404,0.40052985,0.71123428,0.28876572,0.0261626,0.11064921,0.00085866,0.14160848,0.01212789,168867,0.17718419000000002,White
462,5,217636,0.00218661,0.66366025,0.30229641,0.40417313,0.59582687,0.10024053,0.26326173,0.00193727,0.22631136,0.02502459,168794,0.36136383999999994,Minority
463,6,217038,-0.0005671,0.87088016,0.10510856,0.57371734,0.42628266,0.15479742,0.14384322,0.00162911,0.11705279,0.01997778,189060,0.7657716,White
464,7,215248,-0.00880983,0.54194337,0.43584431,0.68079423,0.31920577,0.02578885,0.19949129,0.00148325,0.08839241,0.01857539,172594,0.10609906000000002,White
465,8,213551,-0.0166243,0.82142466,0.16026016,0.77217127,0.22782873,0.05524829,0.07641544,0.00115447,0.08504446,0.00940225,186232,0.6611645,White
466,9,213347,-0.0175637,0.55090002,0.42331451,0.49807024,0.50192976,0.05518074,0.23004862,0.00157642,0.20945852,0.02398454,165565,0.12758551000000007,Minority
467,10,214073,-0.01422056,0.79582849,0.18214152,0.68007241,0.31992759,0.06368244,0.10602534,0.00134988,0.13811223,0.01110939,193350,0.61368697,White
468,11,212232,-0.02269813,0.78848921,0.18324164,0.31579821,0.68420179,0.07425699,0.57211376,0.00244855,0.04491584,0.04122226,168671,0.6052475700000001,Hispanic
469,12,212789,-0.02013322,0.58228182,0.39881424,0.36085404,0.63914596,0.05566689,0.54674634,0.00125701,0.03982973,0.03728534,164676,0.18346757999999996,Hispanic
470,13,217933,0.00355426,0.86805476,0.11403475,0.21842826,0.78157174,0.605221,0.15210781,0.00117285,0.02793681,0.01509591,165409,0.7540200100000001,Black
471,14,216361,-0.0036846,0.67725348,0.30322957,0.53480696,0.46519304,0.25437198,0.17099173,0.00098966,0.03355359,0.01768349,168745,0.37402390999999996,White
472,15,213150,-0.01847086,0.44483227,0.51063867,0.80264697,0.19735303,0.0416345,0.070233,0.00091234,0.07468945,0.00907666,170988,-0.06580639999999999,White
473,16,214221,-0.01353904,0.55525822,0.40134919,0.74842091,0.25157909,0.0416544,0.08786427,0.00100966,0.10850817,0.01223609,166393,0.15390903,White
474,17,215029,-0.0098183,0.58925241,0.378083,0.29667575,0.70332425,0.06299139,0.615387,0.00114801,0.02333244,0.04865683,161149,0.21116940999999995,Hispanic
475,18,215382,-0.00819278,0.86107925,0.1167583,0.22703174,0.77296826,0.57589649,0.08250522,0.00136673,0.11382054,0.01255688,175601,0.74432095,Black
476,19,216463,-0.00321491,0.56868307,0.40876288,0.26190712,0.73809288,0.06844737,0.65063373,0.00103971,0.01840529,0.04809263,161584,0.15992018999999996,Hispanic
477,20,216406,-0.00347738,0.70514222,0.26546673,0.08629054,0.91370946,0.05006002,0.80639958,0.0015505,0.06100733,0.06374572,159948,0.43967549000000006,Hispanic
478,21,214678,-0.01143461,0.80123545,0.18023285,0.08777762,0.91222238,0.66399041,0.12046792,0.0012352,0.13074306,0.01450144,165156,0.6210026,Black
479,22,213822,-0.01537638,0.71655632,0.25870262,0.331619,0.668381,0.52442478,0.12495884,0.00091604,0.01648276,0.01505781,167023,0.45785370000000003,Black
480,23,213089,-0.01875175,0.7060154,0.27533342,0.29795161,0.70204839,0.58124331,0.10867317,0.00104627,0.00946483,0.01346243,165349,0.43068197999999996,Black
481,24,218443,0.00590275,0.58314955,0.37608051,0.74743715,0.25256285,0.05313263,0.07143531,0.00105581,0.11347309,0.01101818,169538,0.20706904000000004,White
482,25,221060,0.01795371,0.48509925,0.47658297,0.56918594,0.43081406,0.04846231,0.23758465,0.00143081,0.13511635,0.02109727,172629,0.008516279999999987,White
483,26,214839,-0.01069322,0.86240615,0.11876205,0.13465131,0.86534869,0.63165014,0.19239666,0.00124731,0.04371454,0.01902592,170767,0.7436441,Black
484,27,217530,0.0016985,0.73466539,0.24868775,0.301781,0.698219,0.54199861,0.13302985,0.00094145,0.01872166,0.01582582,167827,0.48597764,Black
485,28,215028,-0.0098229,0.55949797,0.40581029,0.58751364,0.41248636,0.06297423,0.15870626,0.00113357,0.17845846,0.01647946,164083,0.15368768,White
486,29,215472,-0.00777834,0.78028901,0.20452236,0.28531323,0.71468677,0.57357784,0.1247743,0.00118176,0.01304731,0.01725844,166701,0.5757666499999999,Black
487,30,225818,0.0398637,0.63033653,0.34022258,0.76179307,0.23820693,0.0184615,0.0676592,0.00109419,0.14006763,0.00884662,171817,0.29011395,White
488,31,225394,0.03791123,0.54061257,0.4339056,0.67417582,0.32582418,0.03528174,0.20946925,0.00181202,0.06483516,0.02320552,171080,0.10670696999999996,White
489,32,227845,0.04919778,0.61607194,0.35837263,0.36206867,0.63793133,0.18001281,0.37867849,0.00268366,0.06880551,0.03513571,173271,0.25769930999999996,Hispanic
490,33,225962,0.0405268,0.50213259,0.47589501,0.73555118,0.26444882,0.02469972,0.17740871,0.00094116,0.04561758,0.02081456,174253,0.026237579999999983,White
491,34,219963,0.01290216,0.44352403,0.53570627,0.79177601,0.20822399,0.01793567,0.13319051,0.00087477,0.03686513,0.01884019,168045,-0.09218224000000003,White
492,35,218163,0.00461338,0.55413843,0.43201255,0.65413788,0.34586212,0.04644937,0.23140277,0.00115762,0.0544924,0.02544948,165858,0.12212587999999996,White
493,36,217505,0.00158337,0.48085334,0.49857035,0.75324612,0.24675388,0.06793195,0.12612096,0.00087906,0.03482672,0.02016959,163811,-0.017717009999999977,White
494,37,212732,-0.02039569,0.56509607,0.41461541,0.46723284,0.53276716,0.09940809,0.38745416,0.00124172,0.03784984,0.03220099,155430,0.15048065999999993,Minority
495,38,219898,0.01260284,0.58458332,0.38193641,0.51945554,0.48054446,0.1391441,0.17746653,0.00107412,0.15419999,0.01677934,164786,0.20264691,White
496,39,217142,-8.82e-05,0.53580669,0.442073,0.53734858,0.46265142,0.1502697,0.26829825,0.00095552,0.03279598,0.02348735,162215,0.09373369000000004,White
497,40,220007,0.01310477,0.37304364,0.60464601,0.87144362,0.12855638,0.02593384,0.06444779,0.00041656,0.02011985,0.01413924,168043,-0.23160236999999995,White
498,41,222302,0.02367296,0.38869875,0.58981283,0.8463624,0.1536376,0.03985192,0.07833084,0.0008574,0.01366054,0.01838205,172614,-0.20111407999999997,White
499,42,222478,0.02448342,0.39431215,0.58254049,0.84707752,0.15292248,0.04471484,0.07707306,0.00166966,0.00928605,0.01842343,174886,-0.18822834,White
500,43,218214,0.00484823,0.37118151,0.60941607,0.86629649,0.13370351,0.0216464,0.07786591,0.00078148,0.01081732,0.01900229,170190,-0.23823455999999998,White
501,44,218711,0.00713685,0.32262271,0.65401027,0.92537375,0.07462625,0.01822303,0.02168535,0.0009292,0.00977143,0.01938306,168962,-0.33138756,White
502,45,210831,-0.02914956,0.47937737,0.49686898,0.77432475,0.22567525,0.0892189,0.09166284,0.00117671,0.02542301,0.02010669,165716,-0.01749160999999999,White
503,46,212987,-0.01922145,0.2472823,0.73334096,0.90558281,0.09441719,0.0382963,0.02589735,0.00128471,0.00756485,0.01823093,167353,-0.48605866000000003,White
504,47,221589,0.02038968,0.26835137,0.70977882,0.90773514,0.09226486,0.03415516,0.02188801,0.0009816,0.00891478,0.02018886,174205,-0.44142745000000005,White
505,48,220149,0.01375866,0.19924748,0.78287341,0.93360288,0.06639712,0.01862089,0.01820903,0.00086433,0.00786602,0.01631794,172387,-0.58362593,White
506,49,217448,0.0013209,0.3364098,0.64254678,0.83901124,0.16098876,0.09829928,0.02639681,0.00097722,0.01385774,0.01796679,169869,-0.30613698,White
507,50,208640,-0.03923884,0.4511281,0.52241139,0.80925044,0.19074956,0.12096868,0.02183841,0.00090968,0.02480101,0.0189803,162695,-0.07128329000000005,White
508,51,222301,0.02366836,0.32909507,0.64927542,0.77983921,0.22016079,0.11758713,0.06925177,0.00072186,0.01128194,0.01934462,171779,-0.32018035000000006,White
509,52,213666,-0.01609474,0.25545661,0.72847058,0.89305419,0.10694581,0.04774686,0.01955206,0.00093048,0.00965077,0.02325013,167655,-0.47301397,White
510,53,217380,0.00100777,0.3198471,0.65847398,0.84757125,0.15242875,0.07893808,0.02958152,0.00108832,0.01740736,0.0210544,172743,-0.33862688,White
511,54,214457,-0.01245228,0.46599196,0.50766483,0.80751076,0.19248924,0.08360626,0.04733167,0.00122593,0.04279513,0.01655306,168851,-0.04167286999999997,White
512,55,222538,0.02475971,0.57632112,0.3914651,0.65529967,0.34470033,0.12735605,0.06756086,0.00133237,0.13247928,0.01710903,179379,0.18485602,White
513,56,215439,-0.0079303,0.48516689,0.48703275,0.74127057,0.25872943,0.15739668,0.04300056,0.0009061,0.03878211,0.01742585,166649,-0.001865859999999997,White
514,57,217260,0.00045518,0.53461213,0.44145458,0.63355061,0.36644939,0.16769931,0.1423728,0.00096698,0.03681685,0.02360146,167532,0.09315754999999998,White
515,58,217461,0.00138076,0.45387719,0.52086907,0.80369489,0.19630511,0.11313209,0.03773013,0.00120676,0.01639908,0.02334814,171534,-0.06699188000000006,White
516,59,220502,0.01538419,0.57773134,0.39588499,0.56570861,0.43429139,0.34503787,0.04388903,0.00206446,0.02561235,0.02089444,168083,0.18184635000000005,White
517,1,139718,0.02952932,0.62967224,0.35540364,0.8156147,0.1843853,0.04578528,0.0422673,0.00126991,0.07409219,0.0182592,116544,0.2742686,White
518,2,131680,-0.02969968,0.47002937,0.51179186,0.79639833,0.20360167,0.10748564,0.05289594,0.00183004,0.01753139,0.02495863,102730,-0.041762489999999985,White
519,3,134803,-0.00668747,0.56969485,0.41012835,0.67863141,0.32136859,0.07109096,0.09399866,0.02587212,0.13673033,0.01628135,108959,0.1595665,White
520,4,136235,0.0038644,0.47478352,0.51142835,0.7947208,0.2052792,0.12842609,0.03190961,0.00413521,0.01768484,0.0213981,106645,-0.03664482999999996,White
521,5,133021,-0.01981835,0.32441813,0.66088199,0.92379344,0.07620656,0.01990842,0.01549517,0.00090803,0.02008416,0.01594431,102419,-0.33646386,White
522,6,132792,-0.02150577,0.61083571,0.37281953,0.38035179,0.61964821,0.24331999,0.35644121,0.00114385,0.01357575,0.02601768,99663,0.23801618000000002,Minority
523,7,137794,0.01535208,0.49611809,0.48467043,0.7897151,0.2102849,0.06377402,0.03942779,0.00090731,0.08912837,0.01251084,99194,0.011447660000000026,White
524,8,137165,0.01071722,0.28352296,0.69974459,0.92709607,0.07290393,0.01540357,0.02221906,0.00087208,0.01006683,0.01953647,105495,-0.41622163,White
525,9,132797,-0.02146893,0.27651929,0.70346616,0.92637106,0.07362894,0.01050175,0.03516142,0.00067095,0.00657332,0.01658888,102840,-0.42694687,White
526,10,135741,0.0002243,0.22061906,0.76339785,0.91791703,0.08208297,0.02811008,0.02579502,0.00108488,0.0066449,0.01684474,103237,-0.5427787900000001,White
527,11,137748,0.01501313,0.35843099,0.6218742,0.86669725,0.13330275,0.06447676,0.02284718,0.00089003,0.02003945,0.0191953,108985,-0.26344321000000004,White
528,12,136562,0.00627394,0.46350837,0.51818513,0.79472154,0.20527846,0.12373035,0.0427637,0.00107205,0.01408195,0.02208595,110070,-0.05467675999999999,White
529,13,133817,-0.01395293,0.47589712,0.50549605,0.80027788,0.19972212,0.05407244,0.09961671,0.0011307,0.02041012,0.02136834,104360,-0.029598929999999968,White
530,14,137127,0.01043721,0.61206616,0.37250342,0.62181343,0.37818657,0.20947596,0.11990197,0.00157081,0.02947633,0.02170745,105678,0.23956274000000005,White
531,15,135785,0.00054852,0.42002298,0.56586343,0.84400563,0.15599437,0.05650431,0.03963721,0.00138725,0.0331506,0.02000517,104523,-0.14584044999999995,White
532,16,135918,0.00152855,0.40600621,0.57988724,0.66415793,0.33584207,0.08379377,0.21351133,0.00103535,0.01759102,0.02719788,100449,-0.17388103000000005,White
533,17,138377,0.01964799,0.69688356,0.28896579,0.34106065,0.65893935,0.52082357,0.12086566,0.00084194,0.01026588,0.02010122,104521,0.40791776999999996,Black
534,18,134831,-0.00648115,0.49241352,0.49215191,0.69162496,0.30837504,0.13215938,0.12358606,0.00079313,0.03705977,0.01890284,105910,0.0002616099999999677,White
535,19,135788,0.00057063,0.38764055,0.59601908,0.8165893,0.1834107,0.09395602,0.05315328,0.00106907,0.00891827,0.02083744,106635,-0.20837853000000006,White
536,20,132098,-0.02661959,0.32295016,0.66317709,0.86290331,0.13709669,0.02098227,0.07493103,0.00056361,0.01439688,0.01969683,101133,-0.34022693000000004,White
537,21,135495,-0.00158838,0.44993983,0.53187074,0.78309274,0.21690726,0.09538214,0.05511947,0.0013306,0.04420662,0.01983458,104464,-0.08193091000000002,White
538,22,131876,-0.02825543,0.56491196,0.41807317,0.5649983,0.4350017,0.22742433,0.11969104,0.00160056,0.06969156,0.0221084,96841,0.14683879,White
539,23,135543,-0.00123469,0.50063746,0.4802262,0.80422181,0.19577819,0.03950222,0.04421452,0.00103367,0.09447901,0.01171487,98678,0.020411259999999987,White
540,24,140062,0.03206412,0.42599901,0.55649121,0.79321629,0.20678371,0.09511435,0.04432317,0.00154963,0.04493917,0.01736352,103896,-0.1304922,White
541,25,139529,0.02813665,0.6310244,0.35062379,0.68878315,0.31121685,0.18391268,0.07928955,0.00149654,0.03280731,0.01744764,111591,0.28040061000000005,White
542,26,139861,0.03058303,0.75862593,0.22556462,0.37919532,0.62080468,0.45132395,0.12512415,0.00110563,0.03576448,0.01701554,106726,0.53306131,Black
543,27,139295,0.02641239,0.6439648,0.34185651,0.3876016,0.6123984,0.46150269,0.11671519,0.00170852,0.02369687,0.01911723,98916,0.30210829,Black
544,28,139070,0.02475445,0.58348582,0.40033166,0.59082624,0.40917376,0.27157684,0.07677851,0.00140713,0.04239345,0.02168308,105889,0.18315416000000007,White
545,29,140145,0.03267572,0.71715931,0.26543336,0.474441,0.525559,0.3376709,0.15634099,0.00125322,0.02151196,0.01970281,106127,0.45172595,Minority
546,30,139199,0.025705,0.64125042,0.34195127,0.66928815,0.33071185,0.14813782,0.10961641,0.00121476,0.0523067,0.02368333,111133,0.29929915,White
547,31,140104,0.0323736,0.41137764,0.57128523,0.67487752,0.32512248,0.10359592,0.10270429,0.00196943,0.09639428,0.02300607,102060,-0.15990759,White
548,32,135681,-0.00021782,0.33857629,0.64411884,0.8579898,0.1420102,0.02945557,0.03338167,0.00110483,0.05394928,0.01947264,101373,-0.30554254999999997,White
549,33,138096,0.01757741,0.22968291,0.75544098,0.9151877,0.0848123,0.01110625,0.04687611,0.00060006,0.00805508,0.01477782,98323,-0.5257580700000001,White
550,34,132827,-0.02124787,0.24384913,0.73921322,0.91583059,0.08416941,0.00704882,0.04620891,0.00115002,0.00768331,0.01866796,100868,-0.49536409000000003,White
551,35,134871,-0.0061864,0.19279829,0.7924816,0.94732444,0.05267556,0.00653162,0.01285191,0.00101816,0.00715596,0.02045933,104109,-0.59968331,White
552,36,135905,0.00143276,0.29574786,0.6854922,0.85910959,0.14089041,0.02179146,0.05102722,0.00109247,0.04482042,0.02009958,103435,-0.38974434,White
553,37,133683,-0.01494033,0.23334398,0.74952092,0.91042279,0.08957721,0.00943834,0.04474509,0.00057056,0.00813283,0.02444685,103408,-0.51617694,White
554,38,133675,-0.01499927,0.22473085,0.75842037,0.94960904,0.05039096,0.00700062,0.01154572,0.00096295,0.00560434,0.02085741,103848,-0.5336895199999999,White
555,39,138928,0.0237081,0.22749925,0.75484504,0.92194871,0.07805129,0.01656662,0.02565303,0.0013033,0.00907723,0.02106394,108954,-0.52734579,White
556,40,132419,-0.02425427,0.25032088,0.73132308,0.87229506,0.12770494,0.01035365,0.0800722,0.00077355,0.01556023,0.0180098,100834,-0.4810022,White
557,41,131718,-0.02941967,0.23205764,0.75253819,0.87755624,0.12244376,0.02711241,0.06005078,0.00080698,0.00937863,0.02411085,101614,-0.52048055,White
558,42,131516,-0.03090813,0.25194459,0.73000544,0.88766548,0.11233452,0.04521005,0.03370328,0.0008365,0.00859847,0.02136972,102809,-0.47806085,White
559,43,133065,-0.01949414,0.31005946,0.67424297,0.88812271,0.11187729,0.03264411,0.03528761,0.00092215,0.02430378,0.01692658,97598,-0.36418351,White
560,44,132316,-0.02501323,0.27004608,0.71296083,0.90421561,0.09578439,0.03350633,0.0309367,0.00071828,0.00970186,0.01749168,98847,-0.44291474999999997,White
561,45,140043,0.03192412,0.28536244,0.69677053,0.89147967,0.10852033,0.01317713,0.05728327,0.00118849,0.01137553,0.02025147,106017,-0.41140809,White
562,46,138501,0.0205617,0.29486301,0.68631564,0.91337996,0.08662004,0.02598884,0.02676181,0.00087666,0.0128106,0.01793861,106084,-0.39145263,White
563,47,132009,-0.0272754,0.2621125,0.72101593,0.93976484,0.06023516,0.01973171,0.01373227,0.00068372,0.00709725,0.0166694,103843,-0.45890342999999995,White
564,48,134241,-0.01082863,0.3747212,0.6061026,0.87295974,0.12704026,0.03506227,0.04615524,0.00114859,0.02319349,0.01844799,99252,-0.23138140000000007,White
565,49,134176,-0.01130759,0.25613272,0.7275853,0.89215082,0.10784918,0.0227911,0.05289219,0.00093944,0.00939436,0.01836793,102189,-0.47145258,White
566,50,131882,-0.02821122,0.29589132,0.68500663,0.88112344,0.11887656,0.05626902,0.0257527,0.00088467,0.00946891,0.02217513,102863,-0.38911530999999994,White
567,1,71959,-0.02025951,0.49615432,0.47834492,0.73975036,0.26024964,0.08022116,0.09439558,0.00445673,0.05860769,0.02454553,59685,0.017809399999999975,White
568,2,74304,0.01166828,0.39308238,0.58589505,0.6673118,0.3326882,0.10888833,0.15503021,0.00880874,0.03825562,0.03130992,55286,-0.19281266999999996,White
569,3,72705,-0.01010252,0.30037071,0.68220575,0.83032452,0.16967548,0.03619529,0.08138119,0.00180887,0.02206462,0.02865535,55836,-0.38183504000000007,White
570,4,74480,0.01406456,0.30152213,0.68090326,0.43772174,0.56227826,0.03996548,0.47799406,0.00163007,0.03064532,0.03164254,52145,-0.37938113,Hispanic
571,5,74896,0.01972851,0.48265597,0.49702327,0.76028152,0.23971848,0.07462918,0.11260626,0.00225419,0.01290567,0.04558282,58114,-0.014367300000000027,White
572,6,72632,-0.01109644,0.55889822,0.42212021,0.67913336,0.32086664,0.13853221,0.12677687,0.00186277,0.02801389,0.039932,55294,0.13677801,White
573,7,76316,0.03906218,0.48742344,0.49340306,0.82962673,0.17037327,0.04309993,0.05599074,0.00163477,0.02930659,0.04134596,58724,-0.005979620000000019,White
574,8,73850,0.00548695,0.7646705,0.22095254,0.76219443,0.23780557,0.06321042,0.06391168,0.00163082,0.05978571,0.05298521,61319,0.5437179600000001,White
575,9,73847,0.0054461,0.60331674,0.38222095,0.87822211,0.12177789,0.01926688,0.03925319,0.00094755,0.04051659,0.01498535,56989,0.22109579000000001,White
576,10,75402,0.02661783,0.57420114,0.40643991,0.76088311,0.23911689,0.07062865,0.0960745,0.00188613,0.04225257,0.02798875,59381,0.16776122999999998,White
577,11,70265,-0.04332376,0.52948482,0.45205283,0.79575926,0.20424074,0.06405556,0.06714815,0.0015,0.04774074,0.02122222,54000,0.07743198999999995,White
578,12,69893,-0.04838863,0.61058334,0.37123336,0.7662354,0.2337646,0.06666907,0.10145214,0.00116963,0.04021737,0.02567794,55573,0.23934998000000002,White
579,13,70938,-0.03416069,0.53934381,0.44528849,0.75595821,0.24404179,0.04246019,0.04269598,0.00090688,0.13840824,0.01594298,55134,0.09405532,White
580,14,71284,-0.02944981,0.49982233,0.4822685,0.78243373,0.21756627,0.04347169,0.0442085,0.00160586,0.10651603,0.01762672,52931,0.017553829999999992,White
581,15,70552,-0.03941618,0.50019875,0.48049404,0.73334384,0.26665616,0.07162985,0.10583877,0.00208879,0.05968826,0.02705579,50747,0.019704710000000014,White
582,16,71174,-0.03094749,0.47864642,0.5029049,0.76054583,0.23945417,0.05717233,0.11243698,0.00159623,0.0393802,0.02468319,51371,-0.02425847999999997,White
583,17,74427,0.01334295,0.55276866,0.42747141,0.50414669,0.49585331,0.16324299,0.21869019,0.00386417,0.079416,0.04819277,54863,0.12529725000000003,White
584,18,75587,0.02913666,0.61037484,0.37327478,0.49373434,0.50626566,0.26597315,0.12450647,0.00269509,0.0912212,0.03913894,58254,0.23710006,Minority
585,19,74287,0.01143682,0.53667092,0.44606983,0.59765934,0.40234066,0.08297749,0.24884461,0.00258316,0.03437187,0.04653206,56907,0.09060109000000005,White
586,20,73695,0.00337658,0.34045066,0.64234648,0.80125957,0.19874043,0.03718121,0.07928318,0.00216661,0.03126893,0.0501625,54463,-0.30189582000000004,White
587,21,74795,0.01835337,0.32109403,0.66287378,0.77748628,0.22251372,0.04219706,0.10189,0.00190293,0.03737506,0.04129178,54127,-0.34177975,White
588,22,75669,0.03025311,0.36415982,0.62134488,0.81587335,0.18412665,0.03619838,0.07856117,0.00162866,0.03483241,0.0341319,57102,-0.25718505999999997,White
589,23,75364,0.02610045,0.38253377,0.60107954,0.7955949,0.2044051,0.05801158,0.06098564,0.00176694,0.0532356,0.03124508,57161,-0.21854576999999997,White
590,24,75019,0.02140319,0.30178023,0.67938613,0.89397281,0.10602719,0.02859921,0.02998837,0.00170171,0.00901214,0.03092604,57589,-0.37760590000000005,White
591,25,73329,-0.0016066,0.45474222,0.52499734,0.71868753,0.28131247,0.14196186,0.0790758,0.00396189,0.02458175,0.03508077,55529,-0.07025512,White
592,26,70861,-0.03520906,0.60920795,0.37400851,0.4320077,0.5679923,0.10324506,0.39861338,0.00207992,0.04263842,0.03896004,51925,0.23519944000000004,Minority
593,27,74143,0.00947622,0.68614017,0.29881492,0.3090497,0.6909503,0.37862241,0.23979544,0.00387764,0.0545492,0.03248225,53383,0.38732525000000007,Black
594,28,75276,0.02490231,0.24062856,0.7401108,0.89305016,0.10694984,0.01241753,0.03150474,0.00186173,0.00842296,0.05174876,55325,-0.49948223999999997,White
595,29,71715,-0.02358163,0.24717914,0.73211072,0.91141654,0.08858346,0.01425251,0.02874106,0.00132539,0.00666328,0.03377029,55078,-0.48493158000000003,White
596,30,72694,-0.01025229,0.29630332,0.68529235,0.85718644,0.14281356,0.02828276,0.03799149,0.00317643,0.01263392,0.055076,55723,-0.38898903,White
597,31,76198,0.03745558,0.24917884,0.73342223,0.82869264,0.17130736,0.04372294,0.04711688,0.00152381,0.00808658,0.07108225,57750,-0.48424338999999994,White
598,32,71325,-0.02889158,0.30346858,0.67689122,0.83466643,0.16533357,0.03784418,0.08581746,0.00153471,0.00844994,0.03273449,55385,-0.37342264000000003,White
599,33,76070,0.03571283,0.32312812,0.65776484,0.8708881,0.1291119,0.02427978,0.06589253,0.0011578,0.009637,0.02633999,58732,-0.33463672,White
600,34,69952,-0.04758533,0.28185649,0.69784557,0.86263072,0.13736928,0.02970354,0.04570661,0.00161182,0.01788353,0.04000768,52115,-0.41598908,White
601,35,75885,0.033194,0.24379758,0.73897597,0.85039505,0.14960495,0.02224322,0.06111302,0.0031776,0.01262453,0.05024047,58220,-0.49517839,White
602,36,73389,-0.00078969,0.22482182,0.7580068,0.86551086,0.13448914,0.01934493,0.07917802,0.00235701,0.01009149,0.02252252,57276,-0.5331849799999999,White
603,37,71871,-0.02145765,0.15739142,0.82556515,0.9321132,0.0678868,0.01340952,0.02453352,0.00185698,0.00633872,0.01971253,56005,-0.6681737299999999,White
604,38,75003,0.02118534,0.13859051,0.84355975,0.77447852,0.22552148,0.01042061,0.18490273,0.00236176,0.00659852,0.02477149,55467,-0.70496924,White
605,39,76130,0.03652974,0.20117792,0.78201843,0.72885414,0.27114586,0.0217621,0.20911684,0.00146137,0.01315233,0.0325375,56796,-0.58084051,White
606,40,70699,-0.03741473,0.32760976,0.65294259,0.86518639,0.13481361,0.03115555,0.04845772,0.00162753,0.01369836,0.03355809,51612,-0.32533282999999996,White
607,1,121273,0.02275671,0.23004703,0.75665386,0.88759686,0.11240314,0.04589612,0.03166403,0.00094114,0.00903492,0.0217089,95629,-0.52660683,White
608,2,121559,0.02516869,0.31642538,0.6681215,0.88578222,0.11421778,0.04899216,0.02667387,0.00102675,0.01977844,0.01633072,92525,-0.35169612000000006,White
609,3,115829,-0.0231553,0.2634179,0.72373421,0.85792416,0.14207584,0.08572994,0.01968435,0.00083297,0.00917361,0.02327926,91240,-0.46031631000000006,White
610,4,115882,-0.02270833,0.27250861,0.71488772,0.87205316,0.12794684,0.07518008,0.02297169,0.0012731,0.00704674,0.01974426,89545,-0.44237911,White
611,5,117737,-0.00706417,0.27655725,0.71098945,0.76048497,0.23951503,0.15750228,0.04896922,0.00284548,0.01347385,0.02012079,88913,-0.43443220000000005,White
612,6,113590,-0.04203793,0.65635448,0.32141058,0.71203609,0.28796391,0.13928967,0.09060053,0.00138321,0.03822991,0.01980124,93984,0.33494389999999996,White
613,7,118292,-0.00238358,0.56050794,0.41930159,0.65848018,0.34151982,0.19855727,0.08034141,0.00104626,0.04422907,0.01917401,90800,0.14120635000000004,White
614,8,117559,-0.00856534,0.50071512,0.47585232,0.78435917,0.21564083,0.09628183,0.04999503,0.00119193,0.05081173,0.01858535,90609,0.024862799999999963,White
615,9,122750,0.035213,0.30299973,0.68103774,0.90454942,0.09545058,0.03747514,0.0288246,0.00082085,0.00702988,0.0183324,95023,-0.3780380099999999,White
616,10,113606,-0.04190299,0.34407169,0.63858016,0.75480764,0.24519236,0.13217074,0.05207255,0.00580523,0.03236502,0.0267343,85957,-0.29450846999999997,White
617,11,117011,-0.0131869,0.20173682,0.78508229,0.92426134,0.07573866,0.02428271,0.01780432,0.0008098,0.00565734,0.02337169,88911,-0.5833454699999999,White
618,12,117772,-0.006769,0.21104562,0.77655624,0.89062883,0.10937117,0.05142227,0.02753213,0.00120286,0.00594748,0.02093868,89786,-0.56551062,White
619,13,121136,0.02160132,0.38243693,0.6005278,0.75266667,0.24733333,0.10789897,0.05992586,0.00532794,0.05447904,0.01928003,92531,-0.21809086999999994,White
620,14,118144,-0.00363173,0.16861022,0.82157162,0.91469215,0.08530785,0.02999207,0.02867084,0.00107901,0.00524091,0.01810094,90824,-0.6529613999999999,White
621,15,119993,0.01196182,0.3073296,0.67407368,0.88845844,0.11154156,0.04320674,0.02432364,0.00907109,0.02000508,0.02111647,94476,-0.36674408000000003,White
622,16,123199,0.03899964,0.28871349,0.69428719,0.87818556,0.12181444,0.05297566,0.03258172,0.00089771,0.01212441,0.02124941,94685,-0.40557370000000004,White
623,17,117128,-0.01220018,0.39802715,0.58366074,0.84874081,0.15125919,0.0753959,0.03546668,0.00100157,0.01739392,0.02083264,89859,-0.18563359000000001,White
624,18,122460,0.03276728,0.25462215,0.7316407,0.9130305,0.0869695,0.03044359,0.02027085,0.00077842,0.00869055,0.02200896,93780,-0.47701855000000004,White
625,19,119005,0.00362952,0.27772494,0.70632532,0.87044992,0.12955008,0.04374059,0.05050483,0.00084138,0.00844699,0.0238575,90328,-0.42860038000000006,White
626,20,123398,0.04067791,0.21023035,0.77691614,0.90569624,0.09430376,0.04268486,0.02203941,0.00132004,0.00707542,0.01772024,94694,-0.56668579,White
627,21,118301,-0.00230767,0.15814003,0.83074906,0.93857689,0.06142311,0.01449481,0.01709951,0.00050132,0.00519851,0.02107741,91757,-0.67260903,White
628,22,118355,-0.00185226,0.13509672,0.85597319,0.92396024,0.07603976,0.03120113,0.01703868,0.00079835,0.00518378,0.02010083,91439,-0.7208764700000001,White
629,23,118879,0.00256689,0.13917123,0.84884676,0.93683555,0.06316445,0.01928477,0.01336276,0.00062279,0.00593293,0.02153557,91523,-0.70967553,White
630,24,116159,-0.02037225,0.17785689,0.80898549,0.96081193,0.03918807,0.00844034,0.00757774,0.0004586,0.00548131,0.01493711,91584,-0.6311286,White
631,25,116439,-0.01801086,0.17803629,0.80700107,0.95129557,0.04870443,0.01728892,0.00948702,0.00053618,0.00431129,0.01622751,91388,-0.62896478,White
632,26,117398,-0.00992313,0.19789964,0.78975973,0.94097546,0.05902454,0.0260246,0.01078302,0.0003146,0.00456705,0.01532837,92182,-0.59186009,White
633,27,114478,-0.03454897,0.23133155,0.75571464,0.94142577,0.05857423,0.02056727,0.00912212,0.00069124,0.00588122,0.01876551,88247,-0.5243830899999999,White
634,28,122423,0.03245524,0.3017713,0.68102314,0.86436108,0.13563892,0.03857253,0.04200417,0.00270743,0.02891268,0.02003276,89753,-0.37925183999999995,White
635,29,117813,-0.00642323,0.32959547,0.65087683,0.8757561,0.1242439,0.04274876,0.03741224,0.00235169,0.01605481,0.02084864,88447,-0.32128135999999996,White
636,30,121458,0.02431691,0.47936034,0.49871741,0.85114425,0.14885575,0.06950617,0.0367986,0.00182747,0.01769323,0.02064211,96308,-0.019357070000000032,White
637,31,117037,-0.01296763,0.22548265,0.76029002,0.93444988,0.06555012,0.0117891,0.02080563,0.00102563,0.00659333,0.02082817,88726,-0.53480737,White
638,32,119042,0.00394155,0.71960262,0.26733705,0.39276272,0.60723728,0.54866309,0.03760304,0.00136089,0.00814305,0.01761353,89647,0.45226556999999995,Black
639,33,117399,-0.0099147,0.62464562,0.35259145,0.56776887,0.43223113,0.28006912,0.08281014,0.00221085,0.05185829,0.02143233,93177,0.27205417000000004,White
640,34,117452,-0.00946772,0.50390544,0.48044678,0.56687905,0.43312095,0.23704053,0.14638888,0.0025284,0.0329816,0.02381193,88989,0.02345866000000002,White
641,35,119464,0.00750049,0.43726124,0.54683666,0.76526819,0.23473181,0.11507906,0.06217824,0.00140895,0.0377383,0.01894502,92267,-0.10957541999999998,White
642,36,119142,0.00478491,0.5488305,0.43298065,0.77320358,0.22679642,0.10401988,0.04605436,0.00110581,0.05770223,0.01636599,94953,0.11584984999999998,White
643,37,117831,-0.00627142,0.60864421,0.37168546,0.77082011,0.22917989,0.11684863,0.05231476,0.00136473,0.0431848,0.01526596,94524,0.23695875,White
644,38,119443,0.00732339,0.54957592,0.42773496,0.85796185,0.14203815,0.05612815,0.03314364,0.00151755,0.03168932,0.0164717,94890,0.12184096,White
645,1,118830,-0.00502109,0.67303495,0.30470174,0.29856823,0.70143177,0.51107477,0.13877115,0.00175772,0.04939425,0.01939058,89889,0.36833321,Black
646,2,117712,-0.01438224,0.55327366,0.43257245,0.37131172,0.62868828,0.45776331,0.09732055,0.00094464,0.06379124,0.01977084,89981,0.12070121,Black
647,3,124226,0.04016032,0.56260467,0.42394927,0.42183534,0.57816466,0.50690089,0.05646565,0.00105926,0.00813844,0.01181961,95350,0.13865540000000004,Black
648,4,115394,-0.03379116,0.37186801,0.60642973,0.5527091,0.4472909,0.1816216,0.20996481,0.00093779,0.04350225,0.01808272,90639,-0.23456171999999997,White
649,5,116777,-0.02221112,0.32815128,0.64891622,0.66061725,0.33938275,0.10956199,0.17204531,0.00092876,0.04560546,0.01802013,93673,-0.32076494000000005,White
650,6,117082,-0.01965732,0.7856547,0.18960791,0.52116925,0.47883075,0.35080621,0.09980227,0.00133518,0.03197301,0.01641968,98114,0.59604679,White
651,7,116293,-0.02626371,0.7610531,0.21546685,0.28753227,0.71246773,0.58976043,0.0660183,0.00089443,0.05787781,0.01201259,88324,0.54558625,Black
652,8,116795,-0.0220604,0.87993881,0.08530342,0.30196731,0.69803269,0.60429021,0.06636127,0.00127598,0.02173345,0.01743487,95613,0.7946353899999999,Black
653,9,123338,0.03272498,0.23782528,0.74876973,0.68234217,0.31765783,0.16219573,0.08742836,0.00139467,0.0278716,0.0418183,91778,-0.51094445,White
654,10,119059,-0.00310364,0.28902466,0.69674773,0.67393162,0.32606838,0.24820294,0.05088757,0.00073417,0.00992768,0.01769669,91260,-0.40772307,White
655,11,118443,-0.00826149,0.23446315,0.75341878,0.65748694,0.34251306,0.18974681,0.0677491,0.00102039,0.01822117,0.07054114,89182,-0.51895563,White
656,12,113762,-0.0474561,0.3274289,0.66209107,0.58753898,0.41246102,0.31898021,0.05151125,0.00100866,0.02147172,0.02205141,86253,-0.33466217,White
657,13,120552,0.00939744,0.16901134,0.82130913,0.79711669,0.20288331,0.14670092,0.02936454,0.00064221,0.01371896,0.01195841,90313,-0.65229779,White
658,14,124659,0.04378588,0.15073932,0.83680175,0.82436987,0.17563013,0.10578507,0.0368875,0.00118436,0.01064849,0.01998342,92877,-0.68606243,White
659,15,124376,0.04141629,0.42560375,0.55722356,0.52488127,0.47511873,0.38248452,0.04911585,0.00178102,0.02739377,0.01779959,94328,-0.13161980999999995,White
660,16,117793,-0.01370402,0.26688767,0.71994696,0.71646637,0.28353363,0.20321239,0.04405081,0.00094549,0.02137039,0.01538987,87785,-0.45305929,White
661,17,116810,-0.02193481,0.27856395,0.7031853,0.71403715,0.28596285,0.16618273,0.07195895,0.0008866,0.03144117,0.01666814,90232,-0.42462135,White
662,18,119210,-0.0018393,0.55403112,0.43118572,0.40980015,0.59019985,0.54383487,0.02920471,0.00072289,0.00859682,0.01111025,89917,0.1228454,Black
663,19,120976,0.01294765,0.30411827,0.67609088,0.68900151,0.31099849,0.18520063,0.06250334,0.00069496,0.04404957,0.01666827,93531,-0.3719726099999999,White
664,20,120586,0.00968213,0.62315912,0.35381506,0.34849739,0.65150261,0.52148301,0.08080357,0.00069686,0.04077744,0.01325131,91840,0.26934405999999994,Black
665,21,119877,0.00374558,0.66780607,0.30995651,0.39758093,0.60241907,0.5361644,0.03541836,0.00063493,0.02218013,0.01171441,94499,0.35784956,Black
666,22,122541,0.0260516,0.59710686,0.38357693,0.38880002,0.61119998,0.50958782,0.06020692,0.00124652,0.03260689,0.01255869,96268,0.21352993000000003,Black
667,23,119671,0.00202072,0.20914341,0.77582364,0.76976784,0.23023216,0.12791058,0.06402981,0.0009057,0.01755231,0.01866437,87225,-0.56668023,White
668,24,117795,-0.01368727,0.15488818,0.83174059,0.82623503,0.17376497,0.07794082,0.05444659,0.00111987,0.01073692,0.02334415,86617,-0.67685241,White
669,25,123038,0.03021304,0.30687141,0.67994416,0.68801686,0.31198314,0.19418473,0.06684597,0.00135534,0.02329497,0.02720217,94441,-0.37307275,White
670,26,122586,0.02642839,0.25332477,0.72704786,0.80251238,0.19748762,0.07822994,0.07443665,0.00132174,0.02037417,0.02019149,93059,-0.47372309,White
671,27,122932,0.02932549,0.21565941,0.77285567,0.74829773,0.25170227,0.1793943,0.04083324,0.00079669,0.00722336,0.02189316,94139,-0.55719626,White
672,28,120403,0.00814985,0.42745648,0.55816873,0.54762863,0.45237137,0.38580351,0.0423989,0.00127038,0.00985602,0.01640906,94460,-0.13071224999999997,White
673,29,113680,-0.0481427,0.256423,0.73317874,0.69629061,0.30370939,0.24367821,0.03584447,0.00104312,0.00868887,0.01500493,87238,-0.47675574000000004,White
674,30,121986,0.02140451,0.59697757,0.38694215,0.3874848,0.6125152,0.5141646,0.06073615,0.0020335,0.02142173,0.02131414,92943,0.21003541999999997,Black
675,31,122712,0.0274834,0.56645351,0.41772688,0.44466299,0.55533701,0.48604349,0.03103,0.00095659,0.02263567,0.01724008,93039,0.14872662999999997,Black
676,32,121896,0.02065093,0.21149079,0.7779062,0.7375218,0.2624782,0.17107074,0.04014041,0.00178763,0.01815798,0.03009718,92301,-0.56641541,White
677,33,120134,0.00589747,0.35429335,0.63262824,0.56920656,0.43079344,0.37860869,0.0240544,0.00087643,0.01098182,0.01856349,94702,-0.27833488999999995,White
678,34,118608,-0.00687992,0.17965173,0.81054188,0.78102343,0.21897657,0.14494916,0.03322281,0.00075155,0.01285367,0.02339744,90480,-0.63089015,White
679,35,114015,-0.0453377,0.21587504,0.7746175,0.67060705,0.32939295,0.25729747,0.04550353,0.00099833,0.007998,0.01883218,88147,-0.5587424599999999,White
680,36,115268,-0.03484617,0.28386725,0.70592749,0.60445378,0.39554622,0.30505238,0.03852941,0.00122847,0.0081861,0.04297425,89542,-0.42206024,White
681,37,118046,-0.01158562,0.14605781,0.84380879,0.74363493,0.25636507,0.13687696,0.06195555,0.00445667,0.01874719,0.03622586,89080,-0.6977509799999999,White
682,38,120026,0.00499318,0.33910071,0.64739518,0.5911819,0.4088181,0.32883744,0.03568131,0.00092336,0.01977532,0.02408433,90972,-0.30829446999999993,White
683,39,119870,0.00368697,0.56633696,0.4190729,0.35967829,0.64032171,0.59113758,0.02660274,0.00088381,0.01437299,0.01326823,90517,0.14726405999999997,Black
684,1,171782,-0.02256598,0.64779885,0.32603462,0.38223555,0.61776445,0.21737225,0.38210482,0.00319145,0.03942016,0.02196332,130035,0.32176423000000004,Minority
685,2,172866,-0.01639806,0.52019924,0.45341019,0.77028333,0.22971667,0.03649818,0.15307766,0.0014814,0.02944186,0.01579441,139733,0.06678904999999996,White
686,3,170099,-0.0321422,0.67154049,0.29965901,0.87528783,0.12471217,0.0363928,0.0428658,0.00081982,0.01913384,0.01852789,140275,0.37188148000000004,White
687,4,172143,-0.02051191,0.69580566,0.27036687,0.80095245,0.19904755,0.04093229,0.05978376,0.00143754,0.08129228,0.01504984,146779,0.42543879,White
688,5,180826,0.02889408,0.47955279,0.49695717,0.80396139,0.19603861,0.03853674,0.12205932,0.00177007,0.02176225,0.01605412,145757,-0.017404379999999997,White
689,6,175852,0.00059218,0.46446733,0.51152451,0.8901869,0.1098131,0.02374837,0.04407465,0.00114544,0.01782907,0.01573027,140557,-0.047057179999999976,White
690,7,176461,0.00405737,0.49545188,0.48027127,0.8476825,0.1523175,0.02421399,0.05290518,0.00085688,0.03026213,0.01301029,140043,0.015180610000000039,White
691,8,178436,0.01529506,0.62211431,0.34652245,0.53348595,0.46651405,0.15357265,0.21991831,0.00161428,0.08248154,0.01705435,143717,0.27559185999999997,White
692,9,179032,0.01868628,0.60505118,0.3632051,0.7363298,0.2636702,0.04738763,0.07047668,0.00151911,0.11736035,0.01074897,138897,0.24184608000000002,White
693,10,179598,0.0219068,0.56989411,0.40402168,0.74335102,0.25664898,0.0628184,0.12490602,0.0012648,0.04575765,0.01452412,142315,0.16587243000000002,White
694,11,169673,-0.03456613,0.64673738,0.32533723,0.75285501,0.24714499,0.03583328,0.06439453,0.00077173,0.09215437,0.01047023,134763,0.32140015000000005,White
695,12,182308,0.03732661,0.70455935,0.26647564,0.64457831,0.35542169,0.06316422,0.11909543,0.00114745,0.11415048,0.01109882,146412,0.43808371,White
696,13,173637,-0.01201109,0.68921469,0.27982336,0.80079609,0.19920391,0.03113503,0.04117665,0.00076141,0.10309239,0.00651348,132648,0.40939133,White
697,14,181664,0.03366228,0.7923071,0.17292966,0.71132627,0.28867373,0.03968376,0.05182502,0.00126776,0.18174979,0.0056701,143560,0.6193774400000001,White
698,15,178709,0.01684842,0.69440655,0.27099204,0.61953541,0.38046459,0.10011146,0.06440231,0.00120353,0.17780042,0.00818534,146237,0.42341450999999997,White
699,16,173042,-0.01539663,0.59108433,0.3835832,0.81237499,0.18762501,0.03472478,0.03684769,0.00066431,0.0903393,0.00700417,138489,0.20750113000000003,White
700,17,168821,-0.03941398,0.81889438,0.141378,0.69480785,0.30519215,0.0484083,0.06915677,0.0012429,0.16230216,0.00819737,139191,0.67751638,White
701,18,181027,0.03003777,0.82616856,0.13187212,0.62723541,0.37276459,0.08917144,0.07588949,0.00171422,0.19384171,0.00866775,155173,0.69429644,White
702,19,176589,0.00478569,0.6122535,0.35922808,0.56562446,0.43437554,0.0726064,0.1365398,0.00165476,0.19746124,0.01067613,137784,0.25302542,White
703,20,180403,0.02648723,0.55674207,0.41719343,0.50463188,0.49536812,0.07393619,0.398718,0.00249158,0.05821895,0.01570275,138065,0.13954864,White
704,21,169201,-0.03725179,0.50670138,0.472399,0.71411471,0.28588529,0.06045847,0.1766321,0.00140653,0.0439766,0.01292065,133662,0.034302379999999966,White
705,22,181551,0.03301931,0.57941656,0.3956118,0.89632561,0.10367439,0.01742882,0.03581105,0.00078879,0.02967907,0.00921169,145793,0.18380475999999996,White
706,23,181033,0.03007191,0.67576285,0.29776206,0.85390983,0.14609017,0.03329868,0.07172178,0.00116802,0.02639183,0.00974925,148114,0.37800079000000003,White
707,24,172068,-0.02093865,0.54749746,0.42980476,0.5784482,0.4215518,0.10599051,0.25454437,0.00126108,0.05620392,0.01807301,134012,0.11769269999999998,White
708,25,180667,0.02798938,0.54498149,0.42768148,0.44894464,0.55105536,0.09890287,0.33730863,0.0013056,0.06239515,0.01730976,142463,0.11730000999999995,Minority
709,26,174037,-0.00973511,0.67895031,0.28808182,0.69844394,0.30155606,0.04745198,0.16335356,0.00127039,0.08162741,0.01004463,151922,0.39086848999999996,White
710,27,174341,-0.00800536,0.80584677,0.150434,0.56925055,0.43074945,0.08271438,0.09987331,0.00180097,0.23896438,0.00843974,161024,0.6554127700000001,White
711,28,173456,-0.01304098,0.77506775,0.18917311,0.27961204,0.72038796,0.40113286,0.21090794,0.00241936,0.12696977,0.016634,139293,0.58589464,Black
712,29,173129,-0.0149016,0.79770297,0.17123434,0.38004946,0.61995054,0.4103062,0.18663176,0.00221834,0.04969089,0.01524475,137490,0.62646863,Black
713,30,176359,0.003477,0.56596042,0.40620781,0.85301098,0.14698902,0.03943731,0.03795389,0.00086834,0.04901081,0.00833611,138194,0.15975261000000002,White
714,31,179523,0.02148005,0.6198882,0.35338471,0.67552848,0.32447152,0.17021561,0.04883482,0.00096278,0.08710013,0.00930455,142296,0.26650349,White
715,32,174485,-0.007186,0.62586264,0.35085298,0.5111761,0.4888239,0.31338427,0.0807151,0.00186451,0.04454356,0.01208643,136765,0.27500966000000004,White
716,33,169409,-0.03606828,0.60529308,0.36589186,0.62718323,0.37281677,0.07786743,0.04532463,0.00124138,0.2359407,0.00747712,138556,0.23940122000000003,White
717,34,179771,0.02289117,0.55316005,0.4220832,0.92626989,0.07373011,0.01506537,0.01719916,0.0008306,0.01831617,0.0074396,139658,0.13107685000000002,White
718,35,171589,-0.02366415,0.44553635,0.53391058,0.8858891,0.1141109,0.04272702,0.02488833,0.00078572,0.01771502,0.01031618,137454,-0.08837423,White
719,36,168078,-0.04364162,0.49063623,0.48643794,0.86789382,0.13210618,0.03593776,0.0384644,0.00105524,0.03633905,0.01194953,134566,0.004198289999999993,White
720,37,180901,0.02932083,0.47186072,0.50778576,0.78735384,0.21264616,0.08033098,0.07887283,0.00160467,0.02263975,0.01303268,143332,-0.035925039999999964,White
721,38,178980,0.0183904,0.51443675,0.46638343,0.74379313,0.25620687,0.08248428,0.12282803,0.00142767,0.01649128,0.01760556,143591,0.04805332000000001,White
722,39,172808,-0.01672808,0.54964069,0.42946363,0.8891888,0.1108112,0.03039507,0.02236658,0.00113904,0.01696822,0.01611912,144859,0.12017706000000006,White
723,40,175563,-0.00105222,0.62677498,0.35102019,0.84110377,0.15889623,0.04790049,0.0401001,0.00156407,0.01675885,0.01340442,150249,0.27575478999999997,White
724,1,129034,-0.01793978,0.38533457,0.58895799,0.73183877,0.26816123,0.1883959,0.03713649,0.0009918,0.02472024,0.01766533,106876,-0.20362342000000005,White
725,2,128803,-0.01969789,0.48106264,0.49116906,0.63201546,0.36798454,0.27262188,0.0595323,0.00157551,0.02273088,0.01784582,100920,-0.010106420000000005,White
726,3,129693,-0.01292422,0.36381558,0.60963141,0.81043459,0.18956541,0.09918857,0.05162285,0.00162089,0.0178396,0.01944084,101796,-0.24581582999999996,White
727,4,130492,-0.00684314,0.29454541,0.67804917,0.87196567,0.12803433,0.04990106,0.0304755,0.00115593,0.01855371,0.02334398,102082,-0.38350375999999997,White
728,5,130716,-0.0051383,0.52164933,0.44735561,0.62362492,0.37637508,0.25420658,0.05934757,0.00245238,0.04579442,0.02131067,99903,0.07429372000000001,White
729,6,131980,0.00448183,0.39895114,0.57063975,0.77036575,0.22963425,0.11231739,0.0383877,0.00139361,0.05941858,0.01732758,102611,-0.17168861000000002,White
730,7,130552,-0.00638649,0.39785331,0.57590936,0.6640767,0.3359233,0.19432737,0.08709677,0.00127834,0.02558674,0.03186857,100130,-0.17805605000000002,White
731,8,127530,-0.02938652,0.53305723,0.43103045,0.72738055,0.27261945,0.12699583,0.0591026,0.00103654,0.07232842,0.01335539,100334,0.10202678000000004,White
732,9,130286,-0.00841098,0.6039932,0.36633815,0.52898872,0.47101128,0.31555634,0.05391301,0.00106544,0.08759261,0.01671155,101367,0.23765505000000003,White
733,10,127932,-0.02632695,0.62952155,0.33398015,0.71967021,0.28032979,0.15091351,0.04185319,0.00111176,0.07833453,0.0099271,101641,0.2955414,White
734,11,129333,-0.01566413,0.79643014,0.16673999,0.24668435,0.75331565,0.61370568,0.05808721,0.00167894,0.07784699,0.01465343,100659,0.6296901500000001,Black
735,12,129676,-0.0130536,0.67530515,0.28917609,0.39527153,0.60472847,0.45187663,0.07544668,0.00172748,0.06599576,0.01971537,99567,0.38612906,Black
736,13,130792,-0.00455988,0.81743001,0.15130158,0.27802843,0.72197157,0.56361668,0.12829614,0.00135355,0.02297018,0.02176703,99738,0.6661284300000001,Black
737,14,130010,-0.01051157,0.88743972,0.0796069,0.30776611,0.69223389,0.55743124,0.04813566,0.00124448,0.08255356,0.01387926,105265,0.80783282,Black
738,15,129438,-0.01486499,0.81889407,0.14514065,0.26641281,0.73358719,0.63402973,0.04521767,0.00117886,0.04982083,0.01386563,106883,0.67375342,Black
739,16,129376,-0.01533686,0.85256125,0.11519666,0.37206265,0.62793735,0.52094741,0.04903122,0.00098883,0.0526414,0.01362911,107197,0.7373645900000001,Black
740,17,130099,-0.00983421,0.67985795,0.28999401,0.42271832,0.57728168,0.46720982,0.05134465,0.00108827,0.05198192,0.0158338,101997,0.38986394,Black
741,18,130024,-0.01040502,0.33811848,0.62958504,0.87467453,0.12532547,0.04250553,0.03709162,0.00104151,0.02291329,0.01784328,101775,-0.29146656000000004,White
742,19,129909,-0.01128027,0.75149713,0.20702201,0.49056472,0.50943528,0.25606768,0.08852266,0.00174005,0.15709471,0.01743052,99997,0.54447512,Minority
743,20,130062,-0.01011581,0.61512087,0.33715481,0.58868192,0.41131808,0.0943276,0.03674061,0.00120208,0.26661598,0.01021257,97331,0.27796606,White
744,21,132489,0.00835576,0.71550877,0.24471256,0.34482858,0.65517142,0.38977943,0.10915673,0.00199289,0.15056465,0.01986156,103869,0.47079621000000005,Black
745,22,129104,-0.01740702,0.46483175,0.50525407,0.66276071,0.33723929,0.17851561,0.08495196,0.00212056,0.05050525,0.02623326,100445,-0.04042232000000001,White
746,23,131170,-0.00168297,0.49596666,0.4681244,0.79119955,0.20880045,0.0998959,0.0444827,0.00193185,0.04266095,0.01724656,99904,0.027842260000000008,White
747,24,132636,0.00947455,0.61010308,0.35235795,0.60741801,0.39258199,0.22329586,0.07965763,0.00328055,0.07458769,0.02170131,100593,0.25774513000000004,White
748,25,131866,0.00361419,0.55740997,0.40910421,0.73698043,0.26301957,0.11977337,0.09436747,0.00143789,0.03074799,0.01763558,105015,0.14830576,White
749,26,135259,0.02943785,0.45736839,0.51377964,0.70245601,0.29754399,0.1860438,0.04985741,0.00263837,0.03803325,0.02492871,103094,-0.05641124999999997,White
750,27,134476,0.02347854,0.44045429,0.53140314,0.70457175,0.29542825,0.20286573,0.03675477,0.00249827,0.0316999,0.02599372,102871,-0.09094884999999997,White
751,28,133887,0.01899574,0.79957832,0.17404611,0.22922148,0.77077852,0.65669495,0.06423483,0.00196084,0.04556249,0.0264763,101487,0.6255322099999999,Black
752,29,134148,0.02098218,0.80609653,0.15427604,0.09127052,0.90872948,0.36089499,0.51945085,0.00206335,0.03749258,0.05242922,99353,0.65182049,Hispanic
753,30,133651,0.01719958,0.78735055,0.17354033,0.32111358,0.67888642,0.33286721,0.20565198,0.00175482,0.14044035,0.02069224,109413,0.61381022,Black
754,31,133126,0.01320388,0.79990195,0.16466631,0.21111542,0.78888458,0.55931135,0.1614452,0.00161979,0.0714161,0.02235694,103100,0.63523564,Black
755,32,136031,0.03531344,0.88826125,0.0837109,0.0485752,0.9514248,0.73987976,0.19345032,0.00149567,0.02410675,0.01982502,102295,0.80455035,Black
756,33,132864,0.01120983,0.89878646,0.07839588,0.07920379,0.92079621,0.84694352,0.04800805,0.00125238,0.03273276,0.01499065,105399,0.82039058,Black
757,34,134594,0.02437663,0.90818463,0.06515093,0.05268569,0.94731431,0.85208206,0.0817826,0.00172601,0.01770337,0.01813723,106025,0.8430337000000001,Black
758,35,134455,0.02331872,0.88247893,0.09209852,0.0763737,0.9236263,0.74086227,0.1302653,0.00200049,0.05512554,0.01916354,106974,0.79038041,Black
759,36,134569,0.02418635,0.74677785,0.21389893,0.31488242,0.68511758,0.21052683,0.32876672,0.00155349,0.14123153,0.02666175,102994,0.5328789199999999,Hispanic
760,37,133048,0.01261023,0.67448964,0.28832869,0.52174947,0.47825053,0.19821782,0.12478127,0.00184495,0.14489501,0.01642384,105152,0.38616095,White
761,38,130839,-0.00420217,0.74722838,0.21404929,0.43878323,0.56121677,0.15572229,0.19041664,0.00168673,0.20165184,0.01753621,103158,0.53317909,Minority
762,39,132168,0.00591267,0.72588308,0.23139897,0.57698274,0.42301726,0.07606166,0.07895094,0.00149312,0.25405274,0.00797945,103140,0.49448411000000003,White
763,40,131646,0.0019398,0.71620761,0.24418537,0.31762314,0.68237686,0.20624267,0.29202937,0.00232397,0.17933667,0.02354025,99829,0.47202224,Minority
764,41,132233,0.00640738,0.69318698,0.26572735,0.32816327,0.67183673,0.23626089,0.18200575,0.00183967,0.24888451,0.01770559,98387,0.42745963000000003,Minority
765,42,133592,0.01675054,0.82743691,0.13718454,0.68587353,0.31412647,0.09438573,0.09096617,0.00178706,0.11461332,0.01077066,103522,0.69025237,White
766,43,134615,0.02453645,0.82902258,0.13666196,0.27659636,0.72340364,0.41760494,0.20765128,0.00168064,0.10195557,0.02179974,102937,0.69236062,Black
767,44,127541,-0.0293028,0.549622,0.42035091,0.68255168,0.31744832,0.12856443,0.12327396,0.0016954,0.04963641,0.02094738,97912,0.12927109000000003,White
768,45,129713,-0.012772,0.52968217,0.43661183,0.7256658,0.2743342,0.10062874,0.08494607,0.00153351,0.07031641,0.01908705,97815,0.09307033999999997,White
769,46,129602,-0.01361681,0.39755577,0.57327068,0.75713592,0.24286408,0.14052782,0.05692544,0.00156195,0.02574359,0.0214768,104997,-0.17571491000000006,White
770,47,130344,-0.00796955,0.26078595,0.71572651,0.88519632,0.11480368,0.06358129,0.01922701,0.00104232,0.0120797,0.01661191,107453,-0.45494056,White
771,1,39535,0.01568309,0.63591041,0.34448767,0.92941212,0.07058788,0.01137232,0.02020727,0.00131454,0.01345113,0.01360399,32711,0.29142274,White
772,2,40055,0.02904227,0.54872482,0.43305318,0.94165052,0.05834948,0.00848943,0.01153456,0.0005229,0.01414906,0.01479499,32511,0.11567164000000002,White
773,3,40393,0.03772574,0.62442067,0.35452852,0.90998756,0.09001244,0.02354718,0.01960784,0.00094781,0.02174042,0.01937089,33762,0.26989215,White
774,4,37251,-0.04299454,0.62990331,0.35268454,0.91296302,0.08703698,0.01473882,0.01632958,0.00077914,0.03366555,0.01311561,30803,0.27721877,White
775,5,39645,0.01850907,0.45931195,0.52324073,0.92277748,0.07722252,0.01243789,0.01408362,0.00050638,0.01750166,0.02360984,31597,-0.06392878000000002,White
776,6,37228,-0.04358543,0.40415267,0.57646248,0.93740611,0.06259389,0.0066433,0.01131698,0.00070105,0.0092472,0.0237356,29955,-0.17230981,White
777,7,40722,0.04617799,0.74350598,0.23191235,0.87562837,0.12437163,0.04136636,0.0257707,0.00178669,0.03606686,0.01250681,33022,0.51159363,White
778,8,40691,0.04538158,0.80490035,0.15626257,0.81189275,0.18810725,0.08869704,0.03874975,0.00105422,0.0370402,0.01641166,35097,0.64863778,White
779,9,40395,0.03777712,0.77060206,0.19602242,0.85610851,0.14389149,0.06058106,0.0224544,0.00125256,0.04032628,0.01142578,32733,0.57457964,White
780,10,38681,-0.00625679,0.55983242,0.42022344,0.8878119,0.1121881,0.04049904,0.01928983,0.00121561,0.0246961,0.01775432,31260,0.13960898,White
781,11,37442,-0.03808761,0.62645632,0.35326025,0.93965045,0.06034955,0.00873886,0.01339959,0.00106237,0.01535298,0.01377656,29180,0.27319606999999996,White
782,12,39614,0.01771266,0.50402919,0.47768913,0.92697775,0.07302225,0.01393291,0.01437223,0.0011297,0.01499984,0.01948724,31867,0.02634006,White
783,13,39697,0.01984499,0.67153577,0.30405799,0.90620614,0.09379386,0.0188259,0.02370782,0.0010069,0.02657594,0.01681211,32774,0.36747778,White
784,14,38424,-0.01285931,0.56620969,0.41127902,0.93250223,0.06749777,0.0123071,0.01488968,0.00089274,0.01147813,0.02002296,31364,0.15493067,White
785,15,37047,-0.04823545,0.54065541,0.43876862,0.94446239,0.05553761,0.006397,0.01008012,0.00096924,0.00859395,0.01999871,30952,0.10188678999999995,White
786,16,37072,-0.04759318,0.59652781,0.3821965,0.931114,0.068886,0.01149724,0.01429035,0.00159143,0.01016564,0.02046119,30790,0.21433131,White
787,17,39607,0.01753282,0.50382014,0.47015519,0.94047508,0.05952492,0.00687541,0.01148998,0.00108396,0.00789743,0.02254638,32289,0.03366494999999997,White
788,18,38342,-0.01496595,0.59251584,0.37974734,0.92928125,0.07071875,0.011125,0.01446875,0.00078125,0.01675,0.01853125,32000,0.21276850000000003,White
789,19,37121,-0.04633434,0.52900469,0.44728608,0.82688021,0.17311979,0.10531911,0.02006242,0.00198909,0.01752461,0.02181145,29159,0.08171861000000008,White
790,20,37821,-0.02835082,0.52059085,0.44888515,0.91160489,0.08839511,0.01436057,0.01762727,0.00129374,0.01756258,0.02865645,30918,0.07170570000000004,White
791,21,39462,0.01380767,0.56423438,0.41263268,0.89772587,0.10227413,0.02598566,0.01872451,0.00111235,0.0252441,0.02790137,32364,0.15160170000000006,White
792,22,38907,-0.00045069,0.51651535,0.46212711,0.91515532,0.08484468,0.01421399,0.01995607,0.00072168,0.01923439,0.02378412,31870,0.05438824000000003,White
793,23,40349,0.03659535,0.40514649,0.57535012,0.93740306,0.06259694,0.00812706,0.01153918,0.00114771,0.00769278,0.02351262,32238,-0.17020362999999994,White
794,24,39511,0.01506651,0.38507781,0.59513963,0.93469569,0.06530431,0.00977343,0.01215333,0.0007933,0.00682236,0.02529035,31514,-0.21006182,White
795,25,39156,0.0059463,0.46868574,0.51154421,0.91175905,0.08824095,0.02886895,0.01592438,0.00089715,0.01134252,0.02342198,31210,-0.04285847000000004,White
796,26,39140,0.00553525,0.47185576,0.50979452,0.9373094,0.0626906,0.0069796,0.01163266,0.00081743,0.00770271,0.02446002,31807,-0.037938760000000016,White
797,27,38838,-0.00222335,0.38397186,0.59873868,0.94112975,0.05887025,0.00622697,0.01096073,0.0011755,0.00660821,0.02490787,31476,-0.21476681999999997,White
798,28,37665,-0.03235858,0.43804102,0.5426703,0.93032301,0.06967699,0.00883322,0.01021753,0.00098879,0.01341463,0.02462096,30340,-0.10462928000000005,White
799,29,37758,-0.02996934,0.32975419,0.65183246,0.93566989,0.06433011,0.0065996,0.01140514,0.00124944,0.00775293,0.02578971,31214,-0.32207826999999994,White
800,30,40542,0.04155366,0.53110153,0.44369171,0.90214094,0.09785906,0.01454781,0.01858232,0.00106016,0.02532615,0.0326295,33957,0.08740982000000003,White
801,31,37127,-0.04618019,0.3331252,0.65175505,0.94658237,0.05341763,0.00721121,0.01059467,0.00105947,0.00727956,0.02173616,29260,-0.31862985,White
802,32,37133,-0.04602605,0.3016791,0.68418843,0.93845345,0.06154655,0.00664124,0.00999474,0.00042741,0.0064111,0.02926092,30416,-0.38250933,White
803,33,40258,0.03425749,0.41514111,0.57069985,0.94085483,0.05914517,0.01087518,0.0111182,0.00069868,0.00969045,0.02487925,32919,-0.15555874000000003,White
804,34,40100,0.03019835,0.32059197,0.66524423,0.91499597,0.08500403,0.0068897,0.00958972,0.00074483,0.00450003,0.05930731,32222,-0.34465226,White
805,35,39630,0.01812371,0.40595799,0.57750978,0.93631278,0.06368722,0.00774574,0.0159218,0.00144464,0.00814532,0.02234585,32534,-0.17155178999999998,White
806,1,267036,0.00695145,0.71875267,0.25926447,0.73090934,0.26909066,0.07193504,0.04736544,0.00147436,0.12990678,0.01510649,220435,0.45948819999999996,White
807,2,263619,-0.00593352,0.52566901,0.45117382,0.744811,0.255189,0.14197785,0.05096702,0.00129127,0.03336745,0.0255672,209096,0.07449518999999999,White
808,3,258583,-0.0249235,0.551206,0.42897522,0.62074124,0.37925876,0.2381305,0.09140393,0.00130577,0.02159274,0.02941235,199882,0.12223077999999998,White
809,4,271621,0.02424078,0.43922974,0.44612983,0.7928559,0.2071441,0.10527003,0.03783452,0.00083206,0.04034521,0.01710559,206716,-0.006900090000000025,White
810,5,265885,0.00261121,0.53161907,0.4366265,0.74867594,0.25132406,0.10349609,0.03221136,0.00073572,0.09474761,0.01684612,212037,0.09499257,White
811,6,267374,0.008226,0.77073158,0.21092766,0.32014192,0.67985808,0.52654175,0.12320002,0.00110843,0.02405626,0.01885295,206599,0.55980392,Black
812,7,267488,0.00865588,0.86807623,0.10306969,0.12523399,0.87476601,0.77805679,0.03628625,0.00111603,0.05788654,0.01337209,197127,0.76500654,Black
813,8,269662,0.01685369,0.86832623,0.1130706,0.14514703,0.85485297,0.81737693,0.02503699,0.00082927,0.00702148,0.01526949,201382,0.75525563,Black
814,9,259658,-0.02086984,0.70552226,0.27497302,0.44533493,0.55466507,0.44133265,0.05946094,0.00096505,0.04468143,0.01429943,204134,0.43054923999999994,Minority
815,10,265145,-0.00017921,0.38443655,0.60243023,0.91532777,0.08467223,0.01042261,0.02430331,0.00101566,0.01915729,0.02046314,206762,-0.21799367999999997,White
816,11,259731,-0.02059457,0.35049687,0.63637035,0.90473242,0.09526758,0.02118303,0.03040704,0.00072641,0.00806857,0.02556102,205117,-0.28587347999999996,White
817,12,257108,-0.0304855,0.30231535,0.68387139,0.91696894,0.08303106,0.02009448,0.02821548,0.00050909,0.00699513,0.01983993,204285,-0.38155604,White
818,13,265014,-0.0006732,0.35442016,0.6322757,0.85523877,0.14476123,0.06077091,0.02717094,0.000701,0.03360957,0.01630544,208274,-0.27785554,White
819,14,266516,0.00499061,0.36535028,0.62073161,0.88886101,0.11113899,0.02084881,0.03583043,0.00060312,0.02556766,0.01983074,207254,-0.25538132999999996,White
820,15,268826,0.01370127,0.50929472,0.46242552,0.72962091,0.27037909,0.14431925,0.02545011,0.0009498,0.07809242,0.01796288,215834,0.0468692,White
821,16,271898,0.0252853,0.50777256,0.47649346,0.7379852,0.2620148,0.19262946,0.02374646,0.00087223,0.02124852,0.02024386,218980,0.03127910000000006,White
822,17,262448,-0.01034918,0.54617668,0.43101208,0.77499188,0.22500812,0.04736493,0.0268566,0.0007153,0.13295121,0.01229182,212499,0.11516459999999995,White
823,18,257160,-0.03028941,0.49571462,0.48383664,0.75739699,0.24260301,0.08364957,0.04375108,0.00080905,0.09373856,0.0152274,207652,0.01187798000000001,White
824,19,267364,0.00818829,0.54387419,0.43391729,0.68709479,0.31290521,0.10756616,0.03171648,0.00080866,0.15540417,0.01248255,212697,0.10995690000000002,White
825,20,273033,0.02956521,0.32483354,0.66111591,0.91867998,0.08132002,0.01578421,0.02991081,0.00070449,0.00575102,0.02120371,217179,-0.33628237000000005,White
826,21,254264,-0.04120978,0.34200242,0.64254218,0.89201423,0.10798577,0.02983412,0.02985899,0.00083563,0.01089806,0.03057027,201045,-0.30053976,White
827,22,275204,0.03775172,0.3391585,0.64627161,0.89442413,0.10557587,0.01550666,0.04795334,0.00073796,0.00803243,0.02519005,211393,-0.30711311,White
828,23,255553,-0.03634916,0.31211138,0.67269146,0.89419604,0.10580396,0.02077599,0.04258476,0.00096986,0.01823339,0.01749944,190749,-0.36058008,White
829,24,269615,0.01667646,0.36082879,0.62463629,0.84633051,0.15366949,0.06944265,0.03797959,0.000866,0.01800418,0.0230997,209007,-0.2638075,White
830,25,267029,0.00692506,0.54583819,0.43675138,0.75390063,0.24609937,0.11886872,0.07227195,0.00124111,0.03033774,0.0253685,208684,0.10908680999999998,White
831,26,264404,-0.00297341,0.58573336,0.39599949,0.74711067,0.25288933,0.11786859,0.04934483,0.00113594,0.06326357,0.02021116,212160,0.18973386999999997,White
832,27,273616,0.03176362,0.31553212,0.67038694,0.88789633,0.11210367,0.03231822,0.03777601,0.00077228,0.00991726,0.02445881,212357,-0.35485481999999996,White
833,28,254232,-0.04133045,0.36486376,0.62084916,0.87921766,0.12078234,0.03209559,0.04728065,0.00055853,0.00878689,0.0258919,200526,-0.25598540000000003,White
834,29,259760,-0.02048522,0.43733454,0.54841655,0.78412967,0.21587033,0.0967069,0.06688021,0.00125555,0.01822028,0.02755781,202302,-0.11108201000000001,White
835,30,266368,0.00443253,0.56023555,0.42221548,0.81865414,0.18134586,0.06830034,0.06204455,0.00122813,0.03018513,0.01871459,208447,0.13802007000000005,White
836,31,261852,-0.01259661,0.58011882,0.40220902,0.59362997,0.40637003,0.17923777,0.15751551,0.00121271,0.05822031,0.02326478,197079,0.17790980000000006,White
837,32,261670,-0.0132829,0.58018071,0.4028329,0.7717053,0.2282947,0.12054638,0.04765377,0.00100818,0.03372519,0.02350143,204328,0.17734781000000005,White
838,33,264972,-0.00083157,0.51171778,0.47307083,0.75055669,0.24944331,0.10168458,0.09414271,0.00113273,0.03003679,0.02236906,206580,0.03864695000000001,White
839,34,273190,0.03015724,0.44740703,0.53750353,0.91490596,0.08509404,0.01026958,0.02271184,0.00125502,0.00852425,0.03372813,222307,-0.09009649999999997,White
840,35,270387,0.01958756,0.31499867,0.67137718,0.92734541,0.07265459,0.00596452,0.01364862,0.00086429,0.00603204,0.03843401,222147,-0.35637851000000004,White
841,36,266760,0.0059107,0.40588404,0.57877267,0.87964966,0.12035034,0.02630319,0.0150087,0.00103556,0.01085726,0.06107496,217274,-0.17288863,White
842,37,269567,0.01649546,0.50851065,0.47760337,0.75508752,0.24491248,0.13660168,0.06684692,0.00099616,0.01909777,0.02046392,210810,0.030907279999999926,White
843,38,263715,-0.00557152,0.59193478,0.39247376,0.6281062,0.3718938,0.29194354,0.03746117,0.00083553,0.01658279,0.0255426,203464,0.19946102,White
844,1,81308,-0.0453615,0.52941841,0.44750345,0.80149908,0.19850092,0.05853395,0.05558026,0.00147685,0.06485422,0.01357746,62972,0.08191495999999998,White
845,2,81539,-0.04264933,0.55050018,0.42133111,0.80355248,0.19644752,0.0663641,0.03723899,0.00125708,0.07516367,0.01266877,61253,0.12916907,White
846,3,89255,0.04794435,0.49272818,0.48527564,0.89329237,0.10670763,0.0304734,0.02409761,0.00175334,0.02560461,0.01851879,69011,0.0074525400000000075,White
847,4,89210,0.047416,0.52334135,0.45366105,0.8069871,0.1930129,0.04957002,0.0459613,0.00102887,0.07387899,0.01624693,65120,0.06968030000000003,White
848,5,89103,0.04615972,0.58676181,0.3883579,0.74332703,0.25667297,0.07976556,0.04820184,0.00125487,0.10884906,0.01615094,67736,0.19840391000000007,White
849,6,86921,0.02054082,0.82040863,0.14560726,0.71711763,0.28288237,0.0878996,0.06310071,0.00137119,0.11136649,0.02101181,76576,0.67480137,White
850,7,87591,0.0284073,0.81438156,0.15387924,0.43870334,0.56129666,0.3512619,0.08692761,0.00187396,0.09989421,0.03728276,66170,0.66050232,Minority
851,8,87074,0.02233719,0.82369843,0.13070364,0.43145108,0.56854892,0.30939469,0.16734151,0.0017541,0.0574469,0.05230153,68411,0.69299479,Minority
852,9,87620,0.02874779,0.87155194,0.10209471,0.76541449,0.23458551,0.09975648,0.07124022,0.00162827,0.03569216,0.02837217,69399,0.76945723,White
853,10,86360,0.01395411,0.88223763,0.08781356,0.80312706,0.19687294,0.07174962,0.05570324,0.00143883,0.04754988,0.01914328,72976,0.79442407,White
854,11,86478,0.01533955,0.65595548,0.31797537,0.44884552,0.55115448,0.28713803,0.06547391,0.00167432,0.18412744,0.01682294,62712,0.33798011000000006,Minority
855,12,81363,-0.04471575,0.62565595,0.3457691,0.77648724,0.22351276,0.06376886,0.03286574,0.00115826,0.11079116,0.01246742,62162,0.27988684999999996,White
856,13,84864,-0.00361045,0.69947497,0.27397191,0.58176902,0.41823098,0.21673233,0.08548474,0.00146775,0.09659328,0.02510622,64725,0.42550306000000004,White
857,14,81442,-0.04378821,0.74822094,0.22738882,0.80457854,0.19542146,0.08225295,0.0420791,0.00163732,0.05025081,0.01637319,67183,0.5208321199999999,White
858,15,86609,0.01687762,0.5457203,0.42757834,0.81326278,0.18673722,0.05453767,0.02983819,0.00088704,0.08243355,0.01400912,65386,0.11814196000000005,White
859,16,86251,0.01267434,0.4753361,0.50158852,0.88347695,0.11652305,0.03414589,0.02867763,0.00109058,0.03185721,0.01488411,65103,-0.02625242,White
860,17,84274,-0.01053765,0.64831735,0.32635834,0.83193716,0.16806284,0.06458681,0.03592297,0.00110303,0.05038159,0.01210351,67088,0.32195901,White
861,18,85931,0.00891721,0.63371688,0.33861886,0.76790312,0.23209688,0.05920304,0.0363601,0.00104784,0.11955871,0.01190049,66804,0.29509802,White
862,19,84579,-0.00695664,0.69923551,0.27399748,0.74064078,0.25935922,0.07075763,0.08438749,0.00143234,0.08459857,0.01736902,66325,0.42523802999999993,White
863,20,84208,-0.01131256,0.63579898,0.33705586,0.71954081,0.28045919,0.09926075,0.08251317,0.00134276,0.07538623,0.02005282,67771,0.29874312000000003,White
864,21,85615,0.00520705,0.49988366,0.47434268,0.86535399,0.13464601,0.02421054,0.04520374,0.0010939,0.04732719,0.01119637,62163,0.02554097999999999,White
865,22,86606,0.0168424,0.3034821,0.6767808,0.89459015,0.10540985,0.03613873,0.02411336,0.00142488,0.01722383,0.01835121,63865,-0.3732987,White
866,23,89071,0.045784,0.36418458,0.61487502,0.89231599,0.10768401,0.03068526,0.03049487,0.00096784,0.02337094,0.01502531,63027,-0.25069044000000007,White
867,24,84150,-0.01199354,0.31739743,0.6609653,0.93381495,0.06618505,0.0113548,0.02202929,0.00066412,0.01200272,0.01195413,61736,-0.34356787,White
868,25,86696,0.01789909,0.27729814,0.70372342,0.93405313,0.06594687,0.009754,0.03151647,0.0005061,0.01139501,0.00849641,65204,-0.42642527999999996,White
869,26,86076,0.01061966,0.46783812,0.50620754,0.76865057,0.23134943,0.13179988,0.04003233,0.00149654,0.03928406,0.01875159,66821,-0.03836941999999999,White
870,27,86171,0.01173506,0.23139868,0.7508753,0.92866197,0.07133803,0.01417486,0.03162679,0.00123663,0.00740432,0.01378841,64692,-0.5194766200000001,White
871,28,83924,-0.014647,0.68457476,0.28902091,0.69942636,0.30057364,0.09163376,0.05375847,0.00165388,0.13594576,0.01801386,67115,0.39555384999999993,White
872,29,83908,-0.01483486,0.63768623,0.33928103,0.49095045,0.50904955,0.15079859,0.10064149,0.00202919,0.23831577,0.02569222,61108,0.29840520000000004,Minority
873,30,82411,-0.03241116,0.68581842,0.28690774,0.31525213,0.68474787,0.20644531,0.1114169,0.00221946,0.34850852,0.03403764,56320,0.39891068,Asian
874,31,83186,-0.02331187,0.81510813,0.15484808,0.65655732,0.34344268,0.17692591,0.08611869,0.00165131,0.05894582,0.02559528,67825,0.66026005,White
875,32,87263,0.02455625,0.8230938,0.14615741,0.73725534,0.26274466,0.11548707,0.04807638,0.00162638,0.07826258,0.01880153,71324,0.67693639,White
876,33,81520,-0.04287241,0.51245191,0.46138445,0.79034965,0.20965035,0.09007411,0.03814848,0.00117185,0.05431684,0.02305695,63148,0.05106746000000001,White
877,34,82330,-0.03336218,0.36926263,0.60976264,0.88231252,0.11768748,0.03451773,0.02265737,0.00086703,0.03242377,0.01748789,61128,-0.24050001000000004,White
878,35,81168,-0.04700524,0.58644978,0.3904736,0.83632228,0.16367772,0.03837584,0.0326109,0.00077905,0.0733083,0.01420981,64181,0.19597618000000006,White
879,36,82873,-0.02698681,0.65072137,0.31498346,0.69213672,0.30786328,0.12624151,0.08007834,0.00164757,0.07779349,0.02365668,64337,0.33573791,White
880,37,82645,-0.02966376,0.52595622,0.43741292,0.72799385,0.27200615,0.09876128,0.06371489,0.00124994,0.08472349,0.02280339,62403,0.08854329999999999,White
881,38,85011,-0.00188452,0.41047103,0.56470996,0.87627336,0.12372664,0.02995125,0.02049872,0.00148428,0.04529404,0.01831136,64004,-0.15423892999999994,White
882,39,88324,0.03701346,0.60023236,0.37531223,0.76261609,0.23738391,0.0642142,0.11262116,0.00163723,0.03758385,0.02309509,69019,0.22492013,White
883,40,88381,0.0376827,0.6269515,0.34640621,0.75527618,0.24472382,0.07994029,0.05792817,0.00146357,0.08835582,0.01476744,68326,0.28054529,White
884,41,87594,0.02844252,0.53520727,0.43942836,0.80891034,0.19108966,0.0630036,0.04455168,0.00139603,0.06166826,0.01641857,65901,0.09577891,White
885,42,86776,0.01883837,0.55792474,0.41496657,0.71983815,0.28016185,0.11365311,0.08522479,0.00206068,0.06085766,0.01672608,66483,0.14295817000000005,White
886,43,88807,0.04268437,0.44413086,0.53318353,0.84420204,0.15579796,0.03807618,0.040188,0.00093682,0.05514537,0.01421109,62979,-0.08905266999999994,White
887,44,87973,0.03289237,0.48292111,0.49411484,0.84785999,0.15214001,0.03888696,0.05970947,0.00179056,0.02421591,0.0195229,69252,-0.011193730000000013,White
888,45,88814,0.04276656,0.35058409,0.62975664,0.88247772,0.11752228,0.02801856,0.04292821,0.00105298,0.02263155,0.01548956,65528,-0.27917254999999996,White
889,46,88820,0.04283701,0.51225641,0.46236027,0.72612929,0.27387071,0.0728738,0.06475256,0.00158388,0.10854206,0.0237426,64399,0.04989613999999998,White
890,47,85048,-0.0014501,0.3424725,0.63649237,0.89135898,0.10864102,0.02157927,0.0575861,0.00131865,0.01006826,0.01424139,64460,-0.29401987,White
891,48,87702,0.02971055,0.42394117,0.55602031,0.92527595,0.07472405,0.01470777,0.02605989,0.00085676,0.01639274,0.01225172,70031,-0.13207913999999998,White
892,49,84323,-0.00996234,0.38602201,0.59347812,0.87337492,0.12662508,0.02111212,0.06006635,0.00312713,0.02606473,0.01188946,62997,-0.20745610999999997,White
893,50,84836,-0.0039392,0.34628615,0.63509152,0.89985835,0.10014165,0.01061578,0.05508933,0.00102045,0.01654051,0.01277853,65657,-0.28880537,White
894,51,83571,-0.01879158,0.51474129,0.46163631,0.83732949,0.16267051,0.06222583,0.04643651,0.0014272,0.03592032,0.01433207,66564,0.053104980000000024,White
895,52,82356,-0.03305692,0.29475878,0.68577815,0.80867029,0.19132971,0.01811847,0.1295519,0.0023823,0.02847419,0.01928531,61705,-0.39101937,White
896,53,81774,-0.03989019,0.30700869,0.67135708,0.90094771,0.09905229,0.01617998,0.03611231,0.00068953,0.02155193,0.02346018,62361,-0.3643483900000001,White
897,54,85647,0.00558277,0.29818325,0.68165378,0.90248219,0.09751781,0.00809245,0.05912783,0.00367564,0.00824371,0.01468742,66111,-0.38347053,White
898,55,85496,0.00380987,0.3171014,0.66356602,0.87150976,0.12849024,0.02753692,0.07178389,0.00201753,0.0096256,0.01458471,64931,-0.34646462,White
899,56,85074,-0.00114484,0.33323047,0.64694196,0.93825338,0.06174662,0.00943226,0.02320395,0.00109993,0.00857341,0.01571541,66368,-0.31371149000000004,White
900,57,84773,-0.00467888,0.30583968,0.67697431,0.8975541,0.1024459,0.01023081,0.0225139,0.00096488,0.00670822,0.05599375,65293,-0.37113462999999997,White
901,58,81637,-0.04149871,0.38521208,0.59596459,0.82989341,0.17010659,0.01371124,0.01821705,0.00116279,0.00872093,0.12424096,61920,-0.21075251,White
902,59,81457,-0.04361209,0.29643575,0.68464577,0.90585573,0.09414427,0.01715946,0.03333975,0.00133231,0.01221548,0.02754503,62298,-0.38821002000000004,White
903,60,87142,0.02313558,0.36292271,0.61945199,0.89678203,0.10321797,0.00612947,0.01029288,0.0006939,0.00592708,0.07108162,69174,-0.25652927999999997,White
904,61,81820,-0.0393501,0.3350943,0.64689843,0.94137183,0.05862817,0.0075803,0.01028645,0.00075342,0.0071344,0.02238726,65037,-0.31180413,White
905,62,83626,-0.01814583,0.28489894,0.69699475,0.92212456,0.07787544,0.00854007,0.0139264,0.00093675,0.01122543,0.03376996,64051,-0.41209581,White
906,63,85497,0.00382161,0.32817261,0.65358394,0.90415446,0.09584554,0.02145594,0.02019382,0.00097664,0.0139133,0.02991511,66555,-0.32541133,White
907,64,83676,-0.01755878,0.46314502,0.51273259,0.8512931,0.1487069,0.03679757,0.03370051,0.00137292,0.01494253,0.05892401,62640,-0.049587570000000025,White
908,65,83334,-0.0215742,0.47367985,0.50429865,0.89801626,0.10198374,0.01748644,0.01235422,0.00161342,0.00897371,0.05398055,65079,-0.030618799999999946,White
909,66,82912,-0.02652891,0.48345313,0.49548372,0.92633124,0.07366876,0.01106218,0.00940137,0.00063763,0.00691015,0.03759064,67437,-0.012030590000000008,White
910,67,86697,0.01791083,0.68156703,0.29485568,0.86443321,0.13556679,0.04108723,0.01998876,0.00155921,0.02239079,0.04604579,71190,0.38671134999999995,White
911,1,183610,0.01426941,0.53769837,0.440273,0.77697381,0.22302619,0.10422576,0.03866384,0.00177622,0.05071187,0.02441963,145252,0.09742536999999996,White
912,2,181409,0.002111,0.23895108,0.74793737,0.82408049,0.17591951,0.02282262,0.06458627,0.00699709,0.01656245,0.0618137,137057,-0.5089862900000001,White
913,3,179186,-0.01016895,0.48031818,0.50253513,0.82143687,0.17856313,0.05349651,0.04885682,0.00322523,0.03197218,0.03827231,146346,-0.02221695000000007,White
914,4,187219,0.03420568,0.84997288,0.13059925,0.38823136,0.61176864,0.51485384,0.0314949,0.00127934,0.05297366,0.01477991,155549,0.71937363,Black
915,5,179413,-0.00891499,0.54320379,0.43996609,0.73732305,0.26267695,0.10818474,0.07529359,0.00780285,0.04034226,0.03149137,139308,0.10323769999999999,White
916,6,180640,-0.00213699,0.4021928,0.58263236,0.84761026,0.15238974,0.04699941,0.04649662,0.00251394,0.0227005,0.02852383,133257,-0.18043955999999994,White
917,7,186962,0.032786,0.60991559,0.370056,0.71441481,0.28558519,0.16790256,0.05190767,0.00096347,0.04166168,0.02158168,150498,0.23985958999999996,White
918,8,178671,-0.01301383,0.39672161,0.58942668,0.80845378,0.19154622,0.06556007,0.06268443,0.00647395,0.01622252,0.03728546,132840,-0.19270506999999998,White
919,9,178149,-0.01589738,0.51359851,0.4697587,0.76137283,0.23862717,0.11080264,0.06704558,0.00435749,0.02626152,0.0309542,137235,0.043839810000000035,White
920,10,180474,-0.00305398,0.74733813,0.23439808,0.34739087,0.65260913,0.53541948,0.07858583,0.00290145,0.0186781,0.02995024,137862,0.5129400500000001,Black
921,11,179910,-0.00616954,0.76082488,0.21952826,0.58250701,0.41749299,0.1926007,0.15359365,0.0025371,0.05043425,0.02796964,146230,0.54129662,White
922,12,187547,0.03601757,0.74088547,0.24331814,0.39554439,0.60445561,0.53207107,0.03523829,0.00103377,0.01849681,0.0205019,144133,0.4975673300000001,Black
923,13,186331,0.02930033,0.75546644,0.22821162,0.36065757,0.63934243,0.5338182,0.03757345,0.00106894,0.05378215,0.01702612,143133,0.52725482,Black
924,14,185589,0.02520149,0.56058043,0.42218912,0.69845773,0.30154227,0.15370049,0.03375764,0.00090923,0.09700023,0.01283173,146278,0.13839131000000005,White
925,15,186818,0.03199054,0.5465013,0.43191065,0.82255618,0.17744382,0.04953939,0.02909218,0.00082008,0.07746979,0.01480236,146328,0.11459064999999996,White
926,16,185237,0.02325703,0.58135285,0.3990486,0.87823705,0.12176295,0.03778638,0.02514982,0.00090408,0.03575905,0.01695147,146005,0.18230425000000006,White
927,17,179324,-0.00940663,0.45950968,0.52387943,0.83625551,0.16374449,0.06416428,0.03770377,0.00135731,0.03300217,0.02145806,142930,-0.06436975000000006,White
928,18,182170,0.00631479,0.37771969,0.60860225,0.85913251,0.14086749,0.04729666,0.02970283,0.00123427,0.03540676,0.02094608,136923,-0.23088256000000001,White
929,19,176475,-0.02514463,0.24308395,0.74625807,0.89648362,0.10351638,0.04035977,0.019933,0.00113946,0.0097538,0.02561512,131641,-0.50317412,White
930,20,181690,0.00366325,0.27192514,0.7151016,0.86851997,0.13148003,0.06359859,0.02384947,0.00143706,0.011277,0.0259378,141261,-0.44317646,White
931,21,174045,-0.03856805,0.2847187,0.7022467,0.87766718,0.12233282,0.0416427,0.03581803,0.00308929,0.01300597,0.02576126,135630,-0.417528,White
932,22,179078,-0.01076555,0.22034206,0.76902299,0.90102801,0.09897199,0.03719758,0.02305253,0.00111976,0.01082913,0.0232837,138423,-0.54868093,White
933,23,173785,-0.0400043,0.25292228,0.73502217,0.87185251,0.12814749,0.03798948,0.0378555,0.00461471,0.01267556,0.02947459,134353,-0.48209989000000003,White
934,24,177156,-0.02138276,0.28249282,0.70557508,0.87942352,0.12057648,0.03426075,0.03189461,0.00164665,0.01003568,0.03410499,134819,-0.42308226000000004,White
935,25,177002,-0.02223346,0.24984004,0.73924126,0.89705308,0.10294692,0.01888224,0.02406678,0.00139757,0.01438898,0.03712581,133088,-0.48940121999999997,White
936,26,177755,-0.01807385,0.2071582,0.78307394,0.87546866,0.12453134,0.01022725,0.04440681,0.00586421,0.01334053,0.04514631,135227,-0.57591574,White
937,27,181344,0.00175193,0.17652109,0.81407909,0.91328883,0.08671117,0.00772965,0.02597822,0.00119745,0.00623104,0.03758703,139463,-0.6375580000000001,White
938,28,172461,-0.04731813,0.21372286,0.77563811,0.89653057,0.10346943,0.02259092,0.03500097,0.00192247,0.00742808,0.03031822,133682,-0.5619152500000001,White
939,29,183397,0.01309279,0.23476132,0.75612162,0.82831535,0.17168465,0.11070792,0.01964446,0.00074688,0.01250678,0.02301248,141923,-0.5213603,White
940,30,187170,0.033935,0.25253766,0.73614702,0.90951214,0.09048786,0.01511211,0.01746653,0.00125934,0.01635092,0.03092918,146108,-0.48360936,White
941,31,177391,-0.02008461,0.17083053,0.82065987,0.88501186,0.11498814,0.02403568,0.03234155,0.0025879,0.01019257,0.03963538,138336,-0.6498293399999999,White
942,32,179121,-0.01052801,0.16632932,0.82550636,0.82981894,0.17018106,0.06645549,0.04894712,0.00369317,0.01838667,0.03138836,138905,-0.65917704,White
943,33,184270,0.01791528,0.21904905,0.77088438,0.91050937,0.08949063,0.02892067,0.01324838,0.00081028,0.00589356,0.03065896,144395,-0.5518353300000001,White
944,34,184114,0.01705353,0.32462954,0.66225856,0.9049818,0.0950182,0.01469609,0.02190603,0.00100571,0.01342125,0.03133278,141194,-0.33762902000000006,White
945,1,58879,0.03391406,0.45427004,0.53578154,0.52020766,0.47979234,0.43523691,0.02026243,0.00085431,0.01369083,0.01198221,45651,-0.08151150000000001,White
946,2,56145,-0.01409492,0.16140408,0.82842203,0.80017075,0.19982925,0.12262039,0.03512011,0.00066917,0.00881464,0.02833606,43337,-0.66701795,White
947,3,54144,-0.04923244,0.58398471,0.40437553,0.38659234,0.61340766,0.53970804,0.04133793,0.00061416,0.02362168,0.01093684,42334,0.17960917999999998,Black
948,4,55001,-0.03418354,0.27830277,0.70917003,0.76547616,0.23452384,0.15829375,0.02161124,0.00041844,0.04031802,0.01272553,40627,-0.43086726000000003,White
949,5,55813,-0.01992484,0.38258789,0.60019651,0.7116168,0.2883832,0.2004249,0.03355381,0.0010732,0.03694862,0.01478383,45658,-0.21760861999999997,White
950,6,54208,-0.0481086,0.44321795,0.54769692,0.47783109,0.52216891,0.48976541,0.01350146,0.00081973,0.00629264,0.0126094,41477,-0.10447897,Black
951,7,58105,0.02032264,0.54190526,0.44772354,0.39702319,0.60297681,0.56738924,0.02399187,0.00080045,0.00558152,0.0110765,46224,0.09418172000000008,Black
952,8,55195,-0.0307769,0.53069765,0.45683629,0.43001031,0.56998969,0.53323808,0.01812986,0.00042162,0.00972079,0.01124332,42692,0.07386136000000004,Black
953,9,56307,-0.01125021,0.64257911,0.33927675,0.40791483,0.59208517,0.51282619,0.04349173,0.00143866,0.02257586,0.01354552,45181,0.30330236,Black
954,10,57720,0.01356205,0.22203453,0.76749249,0.77283051,0.22716949,0.17531314,0.02064359,0.00069711,0.01418966,0.01567384,44469,-0.54545796,White
955,11,58251,0.02288639,0.57070427,0.41898513,0.40628635,0.59371365,0.55387025,0.02489933,0.00044743,0.00639821,0.01105145,44700,0.15171914000000003,Black
956,12,59144,0.03856746,0.50039086,0.48448062,0.56760984,0.43239016,0.36777446,0.02171005,0.00067908,0.02920054,0.01152382,48595,0.01591024000000002,White
957,13,58790,0.03235122,0.63364011,0.3582111,0.33005467,0.66994533,0.63434307,0.01541495,0.00136673,0.00806596,0.01588546,44632,0.27542901,Black
958,14,59423,0.04346669,0.31286166,0.6754194,0.6632111,0.3367889,0.25245725,0.0400043,0.00178514,0.02666953,0.01576514,46495,-0.36255774,White
959,15,56025,-0.01620212,0.23418428,0.75523246,0.79086769,0.20913231,0.15676749,0.01926895,0.00023356,0.0153918,0.01569543,42815,-0.52104818,White
960,16,55792,-0.0202936,0.22730947,0.76490042,0.75224271,0.24775729,0.20773349,0.01677573,0.00030934,0.005116,0.01575253,42025,-0.53759095,White
961,17,54317,-0.04619457,0.39127378,0.60134452,0.53902474,0.46097526,0.42367325,0.02263483,0.00059817,0.00495286,0.01253768,41794,-0.21007074000000003,White
962,18,54598,-0.04126021,0.28447977,0.70892327,0.66738739,0.33261261,0.30647447,0.01016216,0.00093694,0.0061021,0.0116997,41625,-0.4244435,White
963,19,58622,0.02940115,0.1260785,0.86683555,0.87249449,0.12750551,0.08700299,0.01640167,0.00034897,0.00322799,0.01744858,45849,-0.74075705,White
964,20,57479,0.00933009,0.15284911,0.84022173,0.8246088,0.1753912,0.1322301,0.01999325,0.00051784,0.00466059,0.01666104,44415,-0.68737262,White
965,21,57029,0.0014281,0.14824239,0.843498,0.79956961,0.20043039,0.14395275,0.0366063,0.00050365,0.00460154,0.01373595,43681,-0.69525561,White
966,22,54684,-0.03975005,0.43374087,0.55395093,0.53716035,0.46283965,0.40370552,0.03740567,0.00179902,0.00813065,0.01488283,42801,-0.12021005999999995,White
967,23,58160,0.02128844,0.50623414,0.46003131,0.47240752,0.52759248,0.43294304,0.0574474,0.00149275,0.01907916,0.01781966,42874,0.04620282999999997,Minority
968,24,56199,-0.01314668,0.41106934,0.56315789,0.61847971,0.38152029,0.29161902,0.04100637,0.00093355,0.02821668,0.01855439,42847,-0.15208855000000004,White
969,25,57669,0.01266649,0.23910108,0.7416731,0.7608482,0.2391518,0.16034733,0.03749473,0.00100641,0.01668773,0.02115808,42726,-0.50257202,White
970,26,55414,-0.02693127,0.32557863,0.66481401,0.60833646,0.39166354,0.35509763,0.02067687,0.00082144,0.00391945,0.0121104,42608,-0.33923538,White
971,27,55921,-0.01802836,0.63976347,0.34773588,0.27850675,0.72149325,0.69558125,0.01929215,0.00070927,0.00503582,0.00635979,42297,0.29202759,Black
972,28,56507,-0.00773821,0.67659553,0.31303732,0.26492988,0.73507012,0.71206,0.01174886,0.00076623,0.00752299,0.00784805,43068,0.36355820999999994,Black
973,29,56956,0.00014622,0.64065316,0.35268418,0.31558548,0.68441452,0.64835215,0.02452514,0.000612,0.00781994,0.0081826,44118,0.28796898000000004,Black
974,30,55361,-0.02786195,0.51452527,0.47790619,0.39858614,0.60141386,0.56805997,0.01983204,0.00016606,0.00806566,0.0098923,42154,0.036619080000000026,Black
975,31,55887,-0.0186254,0.58726438,0.40438519,0.32600121,0.67399879,0.63678129,0.02877164,0.00055687,0.00494222,0.00781939,43098,0.18287919000000002,Black
976,32,56931,-0.00029278,0.23287144,0.75831409,0.72181793,0.27818207,0.22053641,0.03979587,0.00064076,0.003364,0.016225,43698,-0.52544265,White
977,33,59174,0.03909426,0.30003228,0.69239875,0.6409374,0.3590626,0.32950734,0.0143747,0.00052272,0.00383325,0.0142658,45914,-0.39236646999999997,White
978,34,56107,-0.0147622,0.29187531,0.70104209,0.58524791,0.41475209,0.28366252,0.0245387,0.00086607,0.00536483,0.10484278,41567,-0.40916677999999995,White
979,35,56086,-0.01513096,0.29883695,0.69405311,0.59577536,0.40422464,0.30862951,0.06618124,0.00045659,0.00552712,0.0288852,41613,-0.39521616000000004,White
980,36,58644,0.02978747,0.32562363,0.66714852,0.63661737,0.36338263,0.33068149,0.01527372,0.00098895,0.0062853,0.01151572,45503,-0.34152489,White
981,37,58544,0.02803147,0.4306962,0.55996835,0.4995077,0.5004923,0.44799499,0.03842195,0.00076083,0.00610902,0.0105845,44688,-0.12927215000000003,Minority
982,38,58142,0.02097236,0.20802354,0.78554833,0.72868129,0.27131871,0.22336575,0.02838724,0.00097263,0.00463696,0.0145216,44210,-0.57752479,White
983,39,56386,-0.00986297,0.62957024,0.35448548,0.41787188,0.58212812,0.54155143,0.02266854,0.00038537,0.01090357,0.00958879,44114,0.27508475999999993,Black
984,40,55472,-0.02591279,0.64241422,0.34613477,0.32494174,0.67505826,0.64233796,0.01342963,0.00032305,0.01213743,0.00916076,43337,0.29627945000000006,Black
985,41,57619,0.01178849,0.72891265,0.25664601,0.25510134,0.74489866,0.6995837,0.02140631,0.0007507,0.0178348,0.01021406,43959,0.47226664000000007,Black
986,42,58265,0.02313223,0.91202769,0.07547351,0.12778442,0.87221558,0.84794089,0.01542975,0.00073889,0.00710638,0.00734543,46015,0.8365541799999999,Black
987,43,59582,0.04625873,0.25296912,0.73641402,0.71939524,0.28060476,0.22743992,0.02136974,0.00081237,0.01505134,0.01538982,44315,-0.4834449,White
988,44,59110,0.03797042,0.17380581,0.81571216,0.81469082,0.18530918,0.13265193,0.01977695,0.00097554,0.00767133,0.02097421,45103,-0.64190635,White
989,45,59546,0.04562657,0.16256176,0.82890403,0.79023261,0.20976739,0.15784368,0.02288612,0.00088193,0.00654834,0.02008599,45355,-0.66634227,White
990,46,56939,-0.0001523,0.15650898,0.83546271,0.80612316,0.19387684,0.08337769,0.03640108,0.00238354,0.04008053,0.02911161,43213,-0.67895373,White
991,47,54260,-0.04719549,0.2975174,0.68881102,0.73905234,0.26094766,0.11935625,0.05706865,0.00208758,0.05502961,0.02801243,41196,-0.39129362000000006,White
992,48,56391,-0.00977517,0.44060416,0.54963894,0.49698699,0.50301301,0.39566309,0.08132846,0.00214563,0.01278247,0.01901392,43810,-0.10903478,Minority
993,49,55210,-0.0305135,0.31021865,0.67817938,0.69480655,0.30519345,0.18027187,0.06459858,0.00234693,0.03548275,0.02504938,43035,-0.36796073,White
994,50,58566,0.02841779,0.26930857,0.71962848,0.75700455,0.24299545,0.14058178,0.0411127,0.00180691,0.02866512,0.02848666,44828,-0.45031991,White
995,51,58006,0.0185842,0.22624434,0.76244344,0.80748863,0.19251137,0.1053418,0.03816827,0.00162605,0.01689776,0.02795052,45509,-0.5361990999999999,White
996,52,58554,0.02820707,0.6319643,0.35464751,0.40345143,0.59654857,0.46379429,0.07472,0.00361143,0.04128,0.02118857,43750,0.27731679000000004,Black
997,1,21727,0.00335545,0.21482948,0.76347442,0.91152404,0.08847596,0.00465962,0.02267303,0.00284123,0.00903512,0.03847028,17598,-0.54864494,White
998,2,21538,-0.0053726,0.47660971,0.49309856,0.91121361,0.08878639,0.00461228,0.02571346,0.00282502,0.01216489,0.0312482,17345,-0.01648885,White
999,3,21853,0.00917414,0.28836686,0.68448446,0.91316692,0.08683308,0.0047912,0.02324618,0.00254348,0.01313143,0.03217792,16906,-0.39611759999999996,White
1000,4,21463,-0.0088361,0.32377049,0.64558495,0.89482511,0.10517489,0.00539051,0.02904887,0.00197652,0.01407523,0.04360326,16696,-0.32181446,White
1001,5,21696,0.00192386,0.25542754,0.71917862,0.91137326,0.08862674,0.00538415,0.02819117,0.00145191,0.01318814,0.03309135,16530,-0.46375108,White
1002,6,21623,-0.00144728,0.27548926,0.7037772,0.89840037,0.10159963,0.0038252,0.02474788,0.00162281,0.01043236,0.05094471,17254,-0.42828794,White
1003,7,21655,3.048e-05,0.28241229,0.68920343,0.8199954,0.1800046,0.00603656,0.02886053,0.0032195,0.0083937,0.12688283,17394,-0.40679113999999994,White
1004,8,21794,0.00644952,0.5265471,0.43532486,0.3672819,0.6327181,0.00570973,0.02423317,0.00305404,0.00670562,0.60523171,15062,0.09122224000000007,Native
1005,9,21849,0.00898942,0.24553205,0.72200361,0.89618692,0.10381308,0.00588368,0.01866938,0.00181036,0.00746775,0.0608735,17676,-0.47647156,White
1006,10,21648,-0.00029278,0.45325276,0.50942055,0.80343195,0.19656805,0.0212426,0.04142012,0.0035503,0.01846154,0.11331361,16900,-0.056167789999999995,White
1007,11,21796,0.00654188,0.38529642,0.5847809,0.81348891,0.18651109,0.03696011,0.06060236,0.00470401,0.02969027,0.05296597,16369,-0.19948448000000008,White
1008,12,21823,0.00778874,0.40896101,0.56327822,0.84329601,0.15670399,0.01544645,0.03680735,0.00333046,0.01992535,0.07470571,17415,-0.15431721000000004,White
1009,13,21739,0.00390961,0.2692627,0.70109598,0.90252537,0.09747463,0.00595941,0.02100543,0.00194713,0.00920463,0.05192353,16948,-0.43183327999999993,White
1010,14,21590,-0.00297123,0.28338502,0.680004,0.85340633,0.14659367,0.00754258,0.02354015,0.00273723,0.01107056,0.10170316,16440,-0.39661898000000007,White
1011,15,21807,0.00704986,0.19331808,0.77665904,0.88366783,0.11633217,0.00793174,0.03196731,0.00138205,0.01057565,0.05924769,16642,-0.5833409599999999,White
1012,16,20646,-0.04656526,0.49993382,0.45334216,0.31954105,0.68045895,0.00437433,0.0195052,0.00129079,0.00795984,0.65930441,13945,0.04659165999999998,Native
1013,17,21650,-0.00020042,0.14559131,0.83058922,0.92620276,0.07379724,0.00634751,0.01886457,0.00225426,0.00931364,0.03037314,16857,-0.68499791,White
1014,18,21621,-0.00153965,0.20610822,0.76317415,0.90192011,0.09807989,0.00657817,0.02838687,0.00195567,0.00853384,0.0491881,16874,-0.55706593,White
1015,19,21809,0.00714222,0.18907881,0.78490395,0.92331342,0.07668658,0.00400255,0.02094089,0.00179825,0.00730901,0.03503684,17239,-0.59582514,White
1016,20,21501,-0.00708126,0.27913199,0.68896155,0.86204071,0.13795929,0.01027289,0.04852839,0.00233188,0.01033592,0.06321296,15867,-0.40982956000000004,White
1017,21,20583,-0.04947461,0.47003525,0.4916275,0.39363448,0.60636552,0.00892029,0.04303147,0.0017127,0.00934846,0.55576964,14013,-0.02159224999999998,Native
1018,22,21627,-0.00126256,0.33087261,0.63543441,0.86406064,0.13593936,0.01246633,0.04341289,0.0030696,0.0164756,0.05763328,15963,-0.3045618,White
1019,23,21786,0.00608007,0.48905403,0.47810805,0.84464581,0.15535419,0.01835072,0.05265857,0.00245056,0.01550123,0.06171995,17547,0.010945979999999966,White
1020,24,21647,-0.00033896,0.45379377,0.5077821,0.77935589,0.22064411,0.02244433,0.08814074,0.00368227,0.0117482,0.10158396,17109,-0.05398833000000003,White
1021,25,21719,0.00298601,0.36360473,0.60473208,0.86557032,0.13442968,0.01111956,0.04512202,0.00503307,0.01761573,0.05150114,17087,-0.24112735000000002,White
1022,26,21673,0.00086172,0.38057198,0.59003036,0.89862246,0.10137754,0.00894508,0.03476653,0.00244499,0.01628004,0.03458763,16769,-0.20945838,White
1023,27,21600,-0.00250943,0.26062564,0.71106766,0.9002424,0.0997576,0.00553173,0.034247,0.00155386,0.01218224,0.03816272,16089,-0.45044202,White
1024,28,21209,-0.02056585,0.2531707,0.71848361,0.92485311,0.07514689,0.00352526,0.02185664,0.00176263,0.00634548,0.02608696,17020,-0.46531291,White
1025,29,21752,0.00450995,0.49564042,0.47333559,0.91447441,0.08552559,0.00665933,0.02652724,0.00082554,0.01150248,0.02845349,18170,0.022304830000000053,White
1026,30,21753,0.00455613,0.55565444,0.41504655,0.90276652,0.09723348,0.00717676,0.04427596,0.00162056,0.01551105,0.0181734,17278,0.14060788999999996,White
1027,31,21605,-0.00227853,0.57134486,0.39183514,0.86019595,0.13980405,0.01222007,0.05200258,0.00258398,0.03547588,0.03149225,18576,0.17950971999999993,White
1028,32,21615,-0.00181673,0.52695131,0.44132271,0.88937485,0.11062515,0.00863074,0.04052951,0.00250758,0.02315139,0.02297644,17148,0.08562859999999994,White
1029,33,21774,0.00552591,0.54903235,0.41767764,0.89675857,0.10324143,0.00886027,0.03489076,0.00115569,0.01838094,0.02360905,18171,0.13135470999999993,White
1030,34,21827,0.00797346,0.31228473,0.65474824,0.88633676,0.11366324,0.00653595,0.05166511,0.00192966,0.01375661,0.03056334,16065,-0.34246350999999997,White
1031,35,21753,0.00455613,0.26448727,0.70578114,0.91520601,0.08479399,0.00364216,0.03118598,0.00153654,0.00643069,0.03084453,17572,-0.44129387000000003,White
1032,36,21573,-0.00375629,0.51121366,0.45020766,0.8969563,0.1030437,0.00759508,0.03287423,0.00170039,0.01133594,0.04426685,17643,0.061006000000000005,White
1033,37,21450,-0.00943645,0.52210243,0.43836478,0.90565927,0.09434073,0.00487261,0.03657391,0.00135024,0.00904074,0.03622167,17034,0.08373765,White
1034,38,21640,-0.00066222,0.27986516,0.69127045,0.90542172,0.09457828,0.0085026,0.01905212,0.00099722,0.00656065,0.05106807,19053,-0.41140529,White
1035,39,21868,0.00986684,0.20783996,0.76274178,0.91975851,0.08024149,0.00568548,0.02162828,0.00240314,0.00662329,0.02831018,17061,-0.55490182,White
1036,40,21862,0.00958976,0.49605672,0.46944953,0.89748035,0.10251965,0.00855294,0.02669903,0.00179149,0.01704808,0.04033749,17304,0.026607190000000003,White
1037,41,21859,0.00945122,0.51292214,0.44793989,0.87720329,0.12279671,0.00881316,0.03519389,0.00240893,0.01245593,0.05211516,17020,0.06498225000000002,White
1038,42,21663,0.00039992,0.41925872,0.54978198,0.89756507,0.10243493,0.00623726,0.02878733,0.00281876,0.01349406,0.04354084,16674,-0.13052326000000003,White
1039,43,22093,0.02025737,0.29258857,0.68134926,0.90905581,0.09094419,0.00479815,0.02983675,0.00181999,0.01009265,0.02768586,18132,-0.38876068999999996,White
1040,44,22095,0.02034973,0.27514832,0.6972973,0.91549215,0.08450785,0.00359486,0.02756063,0.00211127,0.00918688,0.03092725,17525,-0.42214898,White
1041,45,21697,0.00197004,0.39140847,0.57723395,0.90350309,0.09649691,0.00653518,0.0242567,0.00223727,0.01460112,0.04097733,16985,-0.18582548,White
1042,46,21831,0.00815818,0.54244882,0.42402472,0.8020202,0.1979798,0.00779221,0.03024531,0.00236652,0.01137085,0.14383838,17325,0.11842410000000003,White
1043,47,21728,0.00340163,0.59205412,0.3717432,0.87484415,0.12515585,0.00813394,0.04993172,0.00255299,0.02339251,0.03734489,16843,0.22031092000000002,White
1044,48,21513,-0.0065271,0.68398898,0.27873871,0.81695216,0.18304784,0.01208493,0.0971229,0.00243916,0.02062199,0.04662121,18039,0.40525026999999997,White
1045,49,21621,-0.00153965,0.56685398,0.39581249,0.8600346,0.1399654,0.01280277,0.03696655,0.00259516,0.02208766,0.05847751,17340,0.17104148999999996,White
1046,50,21473,-0.0083743,0.63709803,0.32662731,0.86593606,0.13406394,0.01351428,0.03929362,0.00380444,0.02169099,0.04849242,17611,0.31047072,White
1047,1,199750,-0.04328683,0.36081962,0.62748195,0.75199001,0.24800999,0.1746563,0.03932918,0.00195177,0.012194,0.02003781,163441,-0.26666232999999995,White
1048,2,200494,-0.0397234,0.3969017,0.59260435,0.63586015,0.36413985,0.26660408,0.05998324,0.00185242,0.02132177,0.01861875,158711,-0.19570264999999998,White
1049,3,198430,-0.04960904,0.4787737,0.51135449,0.50928902,0.49071098,0.42332876,0.03168606,0.00185467,0.00862172,0.0316422,159597,-0.03258078999999997,White
1050,4,216568,0.03726387,0.44514173,0.54519306,0.52039281,0.47960719,0.35020788,0.1001945,0.00168924,0.01666042,0.02038983,168123,-0.10005133,White
1051,5,219143,0.04959697,0.5419722,0.44598318,0.50587814,0.49412186,0.40349755,0.06022457,0.00126714,0.01962314,0.01658434,170462,0.09598902000000004,White
1052,6,204576,-0.02017245,0.31444277,0.6728615,0.65706465,0.34293535,0.15326386,0.12497222,0.00758254,0.03795081,0.03107318,157467,-0.35841873,White
1053,7,205891,-0.01387418,0.50139183,0.48427071,0.77351067,0.22648933,0.12183236,0.0611955,0.00202658,0.02248253,0.01923763,168264,0.01712111999999999,White
1054,8,207127,-0.0079543,0.36842212,0.62152576,0.77236342,0.22763658,0.14317218,0.0447413,0.00093187,0.00880935,0.02888216,172771,-0.25310364,White
1055,9,202791,-0.0287218,0.34931915,0.64218055,0.61032057,0.38967943,0.23917752,0.12006799,0.00120125,0.00693916,0.03024223,156503,-0.29286139999999994,White
1056,10,215999,0.03453861,0.38582968,0.60057432,0.66761192,0.33238808,0.16731522,0.13178096,0.0012867,0.01308565,0.02466599,160099,-0.21474464,White
1057,11,206121,-0.01277259,0.47701987,0.51187191,0.53772674,0.46227326,0.36646346,0.07049673,0.00108351,0.01089116,0.02023177,160589,-0.03485203999999997,White
1058,12,200794,-0.03828654,0.3755469,0.61182758,0.62269491,0.37730509,0.20611969,0.13194872,0.00299762,0.01759093,0.02968177,149452,-0.23628068000000002,White
1059,13,198393,-0.04978625,0.69289352,0.28852431,0.36947534,0.63052466,0.43377751,0.15832081,0.00152957,0.03056474,0.02311726,149715,0.40436921000000003,Black
1060,14,198460,-0.04946535,0.59287652,0.38818248,0.71626587,0.28373413,0.14717756,0.06565706,0.00141916,0.05618305,0.0156172,154317,0.20469404000000002,White
1061,15,198373,-0.04988204,0.65311813,0.3246989,0.72581153,0.27418847,0.0958036,0.07685433,0.00120832,0.0870055,0.01441805,158898,0.32841922999999995,White
1062,16,198330,-0.05008799,0.57510617,0.39990803,0.67664305,0.32335695,0.1399413,0.08824606,0.00150288,0.07736623,0.01795107,155701,0.17519813999999995,White
1063,17,198339,-0.05004489,0.5785654,0.39898981,0.57483641,0.42516359,0.10168387,0.06698263,0.00166812,0.24063918,0.01590802,139678,0.17957559,White
1064,18,198507,-0.04924024,0.56210869,0.42070599,0.5122862,0.4877138,0.30854533,0.12665622,0.00136032,0.04140299,0.02213183,149965,0.1414027,White
1065,19,217329,0.04090872,0.5105491,0.4756303,0.474408,0.525592,0.37670912,0.08297413,0.00538651,0.03540748,0.04403441,164485,0.03491879999999997,Minority
1066,20,199272,-0.04557623,0.70944058,0.27151973,0.54994494,0.45005506,0.27340524,0.10318076,0.00102605,0.06046197,0.01910708,159836,0.43792085,White
1067,21,217126,0.03993644,0.47839537,0.50789342,0.54446875,0.45553125,0.29853515,0.10502473,0.00593908,0.03544421,0.02813778,168208,-0.029498050000000053,White
1068,22,201846,-0.03324793,0.78297171,0.19824682,0.44712398,0.55287602,0.34446196,0.14369195,0.00112138,0.05464842,0.02182946,160517,0.5847248899999999,Minority
1069,23,210529,0.00833976,0.64168881,0.342537,0.6683936,0.3316064,0.16725808,0.07509197,0.00121831,0.07015956,0.02014951,169086,0.29915181,White
1070,24,202786,-0.02874575,0.42035099,0.56985849,0.33845207,0.66154793,0.29631084,0.08346425,0.00272956,0.01477365,0.28227686,152772,-0.14950750000000002,Minority
1071,25,215530,0.03229231,0.426896,0.55958852,0.64081747,0.35918253,0.1905046,0.13101367,0.00112146,0.01917811,0.02594862,167639,-0.13269252000000004,White
1072,26,212692,0.01869956,0.53985025,0.44712288,0.46143178,0.53856822,0.42745105,0.07528327,0.00108404,0.02509039,0.021917,165123,0.09272736999999998,Minority
1073,27,210303,0.00725732,0.56417677,0.4189341,0.48569072,0.51430928,0.34699701,0.09335248,0.0013625,0.06029205,0.02253315,163670,0.14524267000000002,Minority
1074,28,209400,0.00293236,0.56808941,0.41334951,0.66848879,0.33151121,0.19588919,0.06008834,0.00119819,0.0598499,0.01782382,167753,0.15473990000000004,White
1075,29,218857,0.04822716,0.26703451,0.72447209,0.71938241,0.28061759,0.1688596,0.07165646,0.0009024,0.01411239,0.0274621,171764,-0.45743758,White
1076,30,211642,0.01367053,0.25878862,0.72600269,0.80420335,0.19579665,0.09205666,0.06444207,0.0007351,0.01534077,0.02433072,165963,-0.4672140699999999,White
1077,31,213484,0.02249289,0.51529391,0.46782977,0.68140129,0.31859871,0.16762592,0.09980454,0.0009803,0.03599459,0.02152458,166275,0.047464140000000044,White
1078,32,213626,0.02317301,0.51555444,0.47108392,0.55319989,0.44680011,0.30573336,0.11019849,0.00172288,0.01643914,0.02336655,167162,0.04447051999999996,White
1079,33,209379,0.00283178,0.29117734,0.69870415,0.7409092,0.2590908,0.1488017,0.07181304,0.00084636,0.01443081,0.0244045,164232,-0.40752680999999996,White
1080,34,217563,0.04202948,0.46117665,0.52210466,0.62662674,0.37337326,0.20137145,0.10239384,0.00134541,0.05394664,0.02235118,161289,-0.06092800999999998,White
1081,35,218459,0.04632091,0.37625162,0.60951697,0.70917823,0.29082177,0.11564248,0.1088686,0.00129538,0.04588165,0.0205112,158255,-0.23326535000000004,White
1082,36,210986,0.01052859,0.20544969,0.78499634,0.8561479,0.1438521,0.04477914,0.07173242,0.00050642,0.00768562,0.02045923,167846,-0.5795466499999999,White
1083,37,215363,0.03149246,0.34581954,0.64161155,0.76805373,0.23194627,0.11411531,0.06816255,0.00115438,0.0289016,0.01918556,166323,-0.29579201000000005,White
1084,38,216250,0.03574079,0.77762543,0.19587511,0.35577075,0.64422925,0.43669337,0.12725885,0.00153182,0.07498313,0.01797693,170385,0.5817503199999999,Black
1085,39,217710,0.04273354,0.64173838,0.33696342,0.54134085,0.45865915,0.23133678,0.15291931,0.00142334,0.06625806,0.01893917,172130,0.30477496000000004,White
1086,40,218745,0.04769073,0.66873492,0.30344073,0.34554789,0.65445211,0.38671002,0.19385108,0.00154201,0.06619888,0.02287914,167314,0.36529419,Black
1087,41,216976,0.03921801,0.66336134,0.31589205,0.43807197,0.56192803,0.39591095,0.11178287,0.00117847,0.04499058,0.01916856,162923,0.34746929000000004,Minority
1088,42,217131,0.03996039,0.56042843,0.41819933,0.67174118,0.32825882,0.12476251,0.08589639,0.0013961,0.10100458,0.01518104,164745,0.1422291,White
1089,43,201870,-0.03313298,0.39639631,0.59147387,0.68683197,0.31316803,0.19269185,0.07811694,0.00094217,0.02029474,0.02412706,157085,-0.19507755999999998,White
1090,44,200453,-0.03991977,0.26417654,0.72636236,0.83267691,0.16732309,0.06118283,0.05964383,0.00114953,0.02082352,0.02727473,159195,-0.46218581999999997,White
1091,45,218526,0.04664181,0.28313598,0.70630295,0.79206019,0.20793981,0.07574653,0.07702546,0.00115741,0.03273148,0.02423032,172800,-0.42316697,White
1092,46,208541,-0.00118187,0.2856286,0.70552844,0.79062787,0.20937213,0.13784673,0.03916348,0.00081086,0.00993005,0.0215968,165256,-0.41989984,White
1093,47,209958,0.00560493,0.35123997,0.63456836,0.88064705,0.11935295,0.03373592,0.04882725,0.00145804,0.01084922,0.02194528,174206,-0.28332839000000004,White
1094,48,203123,-0.02713167,0.48484187,0.49913879,0.81636817,0.18363183,0.04957051,0.09072635,0.00411679,0.01784949,0.02201457,165663,-0.01429691999999999,White
1095,49,201938,-0.03280729,0.60790773,0.37441205,0.83532209,0.16467791,0.05621106,0.06238057,0.00231736,0.01450471,0.02504808,164843,0.23349567999999998,White
1096,50,213909,0.02452845,0.34642704,0.63909721,0.85957203,0.14042797,0.01982979,0.04669796,0.00113815,0.00975635,0.063085,176603,-0.29267016999999995,White
1097,1,16188,-0.02343491,0.48998153,0.47903936,0.84307203,0.15692797,0.05148973,0.03977437,0.00065085,0.0424501,0.02509401,13828,0.010942169999999973,White
1098,2,16058,-0.03127736,0.55101379,0.41313869,0.85032351,0.14967649,0.04500359,0.03386053,0.00150971,0.02997843,0.04069015,13910,0.13787509999999997,White
1099,3,16444,-0.00799133,0.54949785,0.41959045,0.85119048,0.14880952,0.04918155,0.03221726,0.00141369,0.02559524,0.03816964,13440,0.12990739999999995,White
1100,4,16803,0.01366587,0.52175264,0.44639528,0.7321362,0.2678638,0.10982788,0.03889427,0.00178824,0.08002384,0.03718054,13421,0.07535735999999998,White
1101,5,16375,-0.01215386,0.4876309,0.48414023,0.76006776,0.23993224,0.12389312,0.03565104,0.001309,0.04774005,0.03272503,12987,0.0034906699999999735,White
1102,6,16254,-0.01945337,0.46531558,0.5059641,0.81359052,0.18640948,0.08372019,0.01944934,0.00248119,0.05546662,0.0231311,12494,-0.04064852000000002,White
1103,7,16994,0.02518823,0.43610548,0.53790568,0.80361208,0.19638792,0.08961906,0.03604492,0.00068296,0.04682046,0.02124753,13178,-0.10180020000000006,White
1104,8,16880,0.01831101,0.42204635,0.55161108,0.88436814,0.11563186,0.03543431,0.02681091,0.00078394,0.02304798,0.02767325,12756,-0.12956473000000002,White
1105,9,16938,0.02180995,0.36789883,0.60379377,0.8864779,0.1135221,0.04189821,0.01640646,0.00176414,0.03016671,0.02081679,11337,-0.23589494,White
1106,10,17238,0.03990789,0.41829746,0.55440313,0.85474635,0.14525365,0.06766675,0.02379224,0.00112912,0.0288733,0.02282442,12399,-0.13610566999999996,White
1107,11,16636,0.00359135,0.30977993,0.65765321,0.94765678,0.05234322,0.00750169,0.01382333,0.00118004,0.00480445,0.01930209,11864,-0.34787328,White
1108,12,16529,-0.00286358,0.29935843,0.67497882,0.91317902,0.08682098,0.01153456,0.02486166,0.00272777,0.01028758,0.0337464,12831,-0.37562038999999997,White
1109,13,17094,0.03122088,0.27756298,0.69677797,0.94,0.06,0.01174242,0.02219697,0.00075758,0.00893939,0.01257576,13200,-0.41921498999999995,White
1110,14,16586,0.00057503,0.16391471,0.8168398,0.9503497,0.0496503,0.00814695,0.01437245,0.00215203,0.00453462,0.02044424,13011,-0.65292509,White
1111,15,16671,0.00570278,0.29519604,0.67723806,0.91267162,0.08732838,0.02625853,0.02588341,0.00142546,0.01102858,0.02310751,13329,-0.38204202,White
1112,16,16674,0.00588376,0.30433771,0.67019421,0.94064992,0.05935008,0.01602227,0.01241161,0.00097788,0.00782308,0.01865503,13294,-0.36585650000000003,White
1113,17,16017,-0.03375074,0.28931343,0.68489552,0.93306793,0.06693207,0.00953803,0.02554533,0.00248818,0.00704985,0.01907606,12057,-0.39558209,White
1114,18,15916,-0.03984372,0.44969697,0.52606061,0.81031901,0.18968099,0.05084619,0.04440617,0.00254605,0.05653737,0.03706755,13354,-0.07636364000000007,White
1115,19,16460,-0.00702611,0.44934347,0.52232205,0.82935285,0.17064715,0.05531587,0.03805855,0.00123267,0.03274268,0.04368259,12980,-0.07297857999999996,White
1116,20,15876,-0.04225678,0.44216028,0.52926829,0.78306229,0.21693771,0.04924824,0.05062903,0.00184106,0.05592206,0.05975759,13036,-0.08710800999999996,White
1117,21,16898,0.01939689,0.35936198,0.61683133,0.84649263,0.15350737,0.04107944,0.03979821,0.00320307,0.04035874,0.02618514,12488,-0.25746935,White
1118,22,16098,-0.0288643,0.25160554,0.72242044,0.87488966,0.12511034,0.0097103,0.07671936,0.00040125,0.00674103,0.02889014,12461,-0.47081490000000004,White
1119,23,16618,0.00250547,0.27060176,0.70831736,0.87332039,0.12667961,0.00792233,0.01584466,0.00194175,0.00792233,0.09273786,12875,-0.4377156,White
1120,24,15911,-0.04014535,0.25069773,0.7286737,0.91927459,0.08072541,0.00794415,0.0166105,0.00136415,0.00441342,0.0516771,12462,-0.47797597,White
1121,25,17143,0.03417688,0.54853542,0.43000681,0.32701588,0.67298412,0.0035097,0.00965166,0.00149162,0.00377292,0.65920856,11397,0.11852860999999998,Native
1122,26,16979,0.02428333,0.19650459,0.78288147,0.92874469,0.07125531,0.00848999,0.01432686,0.00151607,0.00674651,0.03752274,13192,-0.58637688,White
1123,27,16952,0.02265452,0.17696717,0.79781136,0.93605116,0.06394884,0.00919265,0.01718625,0.00031974,0.00639488,0.02693845,12510,-0.6208441899999999,White
1124,28,16327,-0.01504953,0.30092497,0.67183967,0.89926784,0.10073216,0.02518304,0.01528683,0.00547108,0.02204522,0.0304932,12429,-0.3709147,White
1125,29,16857,0.0169235,0.23669309,0.73931844,0.8872,0.1128,0.02176,0.03432,0.00184,0.01816,0.03632,12500,-0.50262535,White
1126,30,16321,-0.01541149,0.29750032,0.66947287,0.85124731,0.14875269,0.03572528,0.03395442,0.00277179,0.01093317,0.06667693,12988,-0.37197255,White
1127,31,15858,-0.04334265,0.27846804,0.69501729,0.85898277,0.14101723,0.02132896,0.02846596,0.00287121,0.01320755,0.07374897,12190,-0.41654925000000004,White
1128,32,16143,-0.0261496,0.36624659,0.6011433,0.84527838,0.15472162,0.03429714,0.03329745,0.00861273,0.01614888,0.06282682,13004,-0.23489671000000006,White
1129,33,15950,-0.03779262,0.27242268,0.69871134,0.85838081,0.14161919,0.02222579,0.04148279,0.00304903,0.00906684,0.06531333,12463,-0.42628866000000004,White
1130,34,16403,-0.01046472,0.17926127,0.79622727,0.92460252,0.07539748,0.00967055,0.02196361,0.00229471,0.0065563,0.03491231,12202,-0.616966,White
1131,35,16148,-0.02584797,0.41409384,0.56828885,0.42300947,0.57699053,0.01420554,0.03612767,0.00271834,0.01061031,0.53191863,11404,-0.15419500999999997,Native
1132,36,17059,0.02910945,0.16027511,0.82190496,0.93880495,0.06119505,0.00706097,0.0152608,0.00091109,0.00744059,0.02839572,13171,-0.66162985,White
1133,37,16681,0.00630604,0.27147629,0.70647963,0.84440843,0.15559157,0.04792776,0.04051864,0.00231535,0.02732114,0.03480744,12957,-0.43500334,White
1134,38,17025,0.02705835,0.28251852,0.68992593,0.80189706,0.19810294,0.05356865,0.05994402,0.00248795,0.02083657,0.06468667,12862,-0.40740741,White
1135,39,16575,-8.856e-05,0.29279352,0.67919028,0.77211546,0.22788454,0.07196763,0.0792811,0.00614642,0.03625613,0.03843461,12853,-0.38639676000000006,White
1136,40,15835,-0.04473016,0.18640171,0.79274101,0.82013685,0.17986315,0.05180841,0.0663823,0.00550964,0.02692615,0.0298587,11253,-0.6063392999999999,White
1137,41,16622,0.00274678,0.1572093,0.82,0.91081016,0.08918984,0.01065791,0.03037102,0.00216363,0.00889494,0.03421749,12479,-0.6627907,White
1138,42,16835,0.01559632,0.14036364,0.83945455,0.71542444,0.28457556,0.0764237,0.11093763,0.00312269,0.02489933,0.06631605,12169,-0.69909091,White
1139,43,16786,0.01264032,0.17734149,0.79433537,0.79871764,0.20128236,0.04821037,0.06630955,0.00486973,0.02467332,0.05827449,12321,-0.61699388,White
1140,44,16556,-0.00123477,0.10982405,0.87390029,0.81960489,0.18039511,0.01866734,0.09618282,0.00133936,0.01816508,0.04068307,11946,-0.7640762400000001,White
1141,45,17292,0.04316552,0.12371802,0.85900896,0.9278681,0.0721319,0.00969392,0.0223647,0.00267155,0.01038089,0.02702084,13101,-0.7352909400000001,White
1142,46,17193,0.0371932,0.18960369,0.78895223,0.85236554,0.14763446,0.04338111,0.05563261,0.00346741,0.01849283,0.02689166,12978,-0.59934854,White
1143,47,17398,0.04956013,0.13951546,0.84174723,0.88375746,0.11624254,0.02034244,0.05552937,0.00227773,0.01178134,0.02356268,12732,-0.7022317699999999,White
1144,1,40683,0.01629515,0.31384345,0.6733811,0.62122558,0.37877442,0.04057931,0.20993305,0.00481623,0.01929908,0.1106367,29276,-0.35953764999999993,White
1145,2,38691,-0.03346667,0.2735083,0.71439049,0.89464381,0.10535619,0.01941035,0.04929296,0.00076708,0.00960512,0.02588047,29984,-0.44088219,White
1146,3,41547,0.03787859,0.29406658,0.69301471,0.86632456,0.13367544,0.00902784,0.09107035,0.00110868,0.01143527,0.02103329,31569,-0.39894813,White
1147,4,41163,0.02828595,0.23499885,0.75141607,0.92942416,0.07057584,0.00983146,0.03262257,0.00105337,0.00695863,0.01640705,31328,-0.51641722,White
1148,5,40528,0.01242312,0.23662077,0.75282584,0.81122651,0.18877349,0.01385949,0.15364514,0.00066155,0.00499471,0.02140116,30232,-0.5162050699999999,White
1149,6,41669,0.04092625,0.32043497,0.66709034,0.87243388,0.12756612,0.01021675,0.087463,0.00101849,0.00843439,0.01966963,31419,-0.34665537,White
1150,7,39675,-0.00888553,0.19728182,0.79324736,0.80524077,0.19475923,0.01272758,0.16045601,0.00081674,0.00728263,0.01619874,29385,-0.5959655399999999,White
1151,8,41427,0.03488089,0.20539618,0.78281967,0.83281843,0.16718157,0.01412757,0.11688228,0.00176997,0.01380575,0.02307395,31074,-0.5774234899999999,White
1152,9,40702,0.01676978,0.16448445,0.8250698,0.90504823,0.09495177,0.01684887,0.05327974,0.00289389,0.00987138,0.01276527,31100,-0.66058535,White
1153,10,41669,0.04092625,0.35413727,0.63208565,0.58703691,0.41296309,0.04176847,0.34147791,0.00181602,0.0163772,0.032028,30286,-0.27794838000000005,White
1154,11,40937,0.02264028,0.21202634,0.77632488,0.90440071,0.09559929,0.00778134,0.06310077,0.00078467,0.00915452,0.01484339,30586,-0.56429854,White
1155,12,39933,-0.00244047,0.29964963,0.68711418,0.84351033,0.15648967,0.01729709,0.09829966,0.00156653,0.02137659,0.01719918,30641,-0.38746455,White
1156,13,41280,0.03120871,0.20980553,0.77989592,0.75652549,0.24347451,0.02875527,0.19047461,0.00212265,0.00805943,0.01873901,30151,-0.57009039,White
1157,14,39432,-0.01495587,0.13578514,0.85488473,0.92764849,0.07235151,0.0063287,0.02877579,0.00079109,0.00454875,0.03137979,30338,-0.71909959,White
1158,15,40192,0.00402956,0.24273883,0.74682142,0.76853544,0.23146456,0.00949615,0.17810991,0.00186007,0.01021407,0.03279598,30644,-0.50408259,White
1159,16,40727,0.01739431,0.16947602,0.81911,0.86959131,0.13040869,0.01127535,0.05609248,0.00148443,0.00802223,0.05306045,31662,-0.6496339799999999,White
1160,17,41364,0.03330709,0.15073849,0.83878753,0.90253046,0.09746954,0.00840362,0.06101218,0.00174945,0.00690409,0.01746329,32010,-0.6880490399999999,White
1161,18,39944,-0.00216569,0.20491635,0.78343426,0.8842119,0.1157881,0.01355314,0.06652766,0.00136835,0.01091419,0.02137226,30694,-0.5785179100000001,White
1162,19,41332,0.03250771,0.26010127,0.72643038,0.86772049,0.13227951,0.00998696,0.08597055,0.00104958,0.01383544,0.01765211,31441,-0.46632911000000005,White
1163,20,41995,0.04907,0.18038752,0.80966158,0.93899375,0.06100625,0.00511705,0.03183601,0.00165461,0.00499448,0.01562692,32636,-0.62927406,White
1164,21,38823,-0.0301692,0.27554645,0.71149747,0.9400515,0.0599485,0.00607725,0.02070386,0.00044635,0.00693562,0.01720172,29125,-0.43595101999999997,White
1165,22,39145,-0.02212537,0.42721623,0.55571911,0.79683747,0.20316253,0.05340939,0.08443421,0.00260208,0.03586202,0.02538698,29976,-0.12850287999999999,White
1166,23,40138,0.0026806,0.36918605,0.6189948,0.89535604,0.10464396,0.0191222,0.03740667,0.00189401,0.02487707,0.01544345,27455,-0.24980874999999997,White
1167,24,41901,0.0467218,0.44716874,0.53893579,0.79725899,0.20274101,0.06509053,0.07469405,0.00333456,0.0360132,0.02220814,29989,-0.09176705000000002,White
1168,25,38387,-0.04106084,0.454173,0.53358192,0.84331781,0.15668219,0.03267323,0.06207559,0.0028798,0.03932165,0.01532335,28127,-0.07940892000000005,White
1169,26,41086,0.02636242,0.46891095,0.51776138,0.71551242,0.28448758,0.05885836,0.16130943,0.00296101,0.04099358,0.02743872,30395,-0.048850430000000056,White
1170,27,38409,-0.04051126,0.77939323,0.20122129,0.34525152,0.65474848,0.44895064,0.13170625,0.00327356,0.05030371,0.03928273,27493,0.57817194,Black
1171,28,38346,-0.04208505,0.73732719,0.24383539,0.36544421,0.63455579,0.4149572,0.08319805,0.00206612,0.11688312,0.03172963,27104,0.49349180000000004,Black
1172,29,39575,-0.01138361,0.56193483,0.42281556,0.67073752,0.32926248,0.17992244,0.06555314,0.00214315,0.06072255,0.02343856,29396,0.13911927000000002,White
1173,30,39512,-0.0129574,0.64887787,0.33468163,0.30389878,0.69610122,0.07164907,0.59525897,0.00186745,0.01017569,0.05827204,26239,0.31419623999999996,Hispanic
1174,31,38979,-0.02627219,0.5373441,0.4474915,0.63587122,0.36412878,0.0529131,0.26531027,0.00220048,0.02505163,0.03229629,29539,0.0898526,White
1175,32,38041,-0.04970421,0.7383717,0.24397611,0.69245989,0.30754011,0.11605404,0.09404272,0.00361703,0.07574118,0.0244845,32347,0.49439559,White
1176,33,39092,-0.02344935,0.64720195,0.33792303,0.76329635,0.23670365,0.05917591,0.11477021,0.002187,0.04240887,0.02266244,31550,0.30927892,White
1177,34,39298,-0.0183033,0.63863094,0.34613956,0.74621584,0.25378416,0.11725968,0.06575585,0.00134329,0.04636,0.02493284,30522,0.29249137999999997,White
1178,35,38483,-0.03866268,0.48406405,0.50299279,0.81620323,0.18379677,0.03858565,0.07727429,0.00312393,0.04624099,0.0174734,29130,-0.018928739999999944,White
1179,36,39423,-0.0151807,0.52858186,0.45822299,0.84025433,0.15974567,0.03792075,0.0625676,0.00173708,0.03638032,0.01740356,30511,0.07035886999999996,White
1180,37,39151,-0.02197548,0.56307244,0.42350125,0.74940006,0.25059994,0.10562186,0.06169008,0.00140786,0.06556171,0.01689438,31253,0.13957119,White
1181,38,38886,-0.0285954,0.471212,0.51723138,0.81952435,0.18047565,0.05405108,0.03924658,0.00076954,0.07317967,0.01227601,27289,-0.04601938,White
1182,39,38376,-0.04133563,0.47005452,0.51887034,0.87997621,0.12002379,0.02368292,0.03347793,0.00129434,0.04425243,0.0125586,28586,-0.04881582000000001,White
1183,40,38336,-0.04233486,0.43365769,0.55620226,0.87013525,0.12986475,0.01895038,0.03484911,0.00124327,0.06024187,0.0104359,26543,-0.12254456999999996,White
1184,41,40619,0.01469638,0.35408007,0.63483605,0.89883146,0.10116854,0.01645787,0.02972243,0.00182475,0.03533705,0.01459803,28497,-0.28075597999999996,White
1185,42,40438,0.01017485,0.34675715,0.64163607,0.92893693,0.07106307,0.00931919,0.02307771,0.00077942,0.0199939,0.01321631,29509,-0.29487892,White
1186,43,40908,0.02191584,0.51716615,0.46999012,0.87010235,0.12989765,0.02976074,0.03820327,0.00146685,0.04733033,0.01206076,30678,0.04717602999999998,White
1187,44,41090,0.02646235,0.52881601,0.45772044,0.88506032,0.11493968,0.02310547,0.03773585,0.00136097,0.03495206,0.0147541,32330,0.07109557,White
1188,45,39697,-0.00833595,0.51109347,0.47199776,0.84680047,0.15319953,0.03583996,0.05447674,0.00149876,0.03942395,0.01912551,30692,0.03909571000000006,White
1189,46,41310,0.03195813,0.49285135,0.49060373,0.74107951,0.25892049,0.07007111,0.10743374,0.00200388,0.05585003,0.02908856,30940,0.0022476200000000057,White
1190,47,40626,0.01487124,0.54270669,0.43848731,0.72532369,0.27467631,0.07435989,0.0916664,0.00100094,0.08465984,0.02660553,30971,0.10421938000000003,White
1191,48,39425,-0.01513074,0.62034615,0.35842222,0.67919784,0.32080216,0.0874254,0.1157493,0.00148435,0.08912181,0.02729393,33011,0.26192393,White
1192,49,39114,-0.02289977,0.66664958,0.31627788,0.81820568,0.18179432,0.05654,0.06274201,0.00246111,0.03370086,0.02566122,30474,0.35037169999999995,White
1193,1,57903,0.00881506,0.49643677,0.48994444,0.89903949,0.10096051,0.01590841,0.02426997,0.00115775,0.03130226,0.01983191,46642,0.006492330000000046,White
1194,2,57266,-0.00228307,0.65651766,0.32629356,0.86559263,0.13440737,0.02446802,0.03142911,0.00177153,0.05702257,0.01381797,47981,0.3302241,White
1195,3,56532,-0.01507119,0.6048778,0.3809378,0.91677661,0.08322339,0.01164374,0.02186342,0.00123558,0.02984231,0.01183221,47751,0.22394000000000003,White
1196,4,57922,0.00914609,0.55590319,0.42824637,0.91865632,0.08134368,0.01141703,0.01915595,0.00106304,0.02625704,0.01390454,47035,0.12765682,White
1197,5,57787,0.00679405,0.50320209,0.48197343,0.76107547,0.23892453,0.05920737,0.11219502,0.00113483,0.05170006,0.01859369,45822,0.021228660000000066,White
1198,6,57857,0.00801362,0.55633855,0.42849195,0.79758371,0.20241629,0.05812385,0.08099973,0.00176447,0.04438171,0.01924314,48173,0.12784659999999998,White
1199,7,59057,0.02892063,0.55230021,0.43246047,0.71981571,0.28018429,0.04070856,0.12677508,0.00145162,0.0909263,0.01535775,47533,0.11983973999999997,White
1200,8,58897,0.02613303,0.53275371,0.4527366,0.83192019,0.16807981,0.02857926,0.06658652,0.0012655,0.04581119,0.01427909,47412,0.08001711000000006,White
1201,9,55839,-0.02714498,0.48648805,0.49661478,0.90872132,0.09127868,0.01327606,0.02370398,0.00098767,0.03238625,0.01263293,43537,-0.010126729999999973,White
1202,10,54851,-0.04435841,0.52628194,0.45560029,0.91026979,0.08973021,0.01303733,0.02491475,0.00085833,0.0230821,0.0169578,43107,0.07068164999999993,White
1203,11,57599,0.00351862,0.49371502,0.49050927,0.92223324,0.07776676,0.01098948,0.02003965,0.00174539,0.0140493,0.0200612,46408,0.003205750000000007,White
1204,12,56454,-0.01643014,0.55425783,0.42981269,0.91539457,0.08460543,0.01228978,0.01987926,0.00135834,0.01716257,0.02354463,46380,0.12444513999999995,White
1205,13,54976,-0.0421806,0.65269674,0.32935462,0.86785459,0.13214541,0.01792721,0.02863584,0.00095381,0.05310962,0.02120049,46131,0.32334212,White
1206,14,58509,0.01937309,0.49077411,0.49416321,0.92693115,0.07306885,0.01412678,0.01819899,0.00151134,0.01013854,0.01929051,47640,-0.0033891000000000338,White
1207,15,59412,0.03510561,0.59952655,0.3847795,0.88052539,0.11947461,0.0322267,0.02558693,0.0008067,0.03611542,0.01749922,48345,0.21474705,White
1208,16,58714,0.02294471,0.43406031,0.55115778,0.92032125,0.07967875,0.01124379,0.01779563,0.00080313,0.0174786,0.02043749,47315,-0.11709747000000004,White
1209,17,55322,-0.03615241,0.50826458,0.47411389,0.92711685,0.07288315,0.00872438,0.01714644,0.00075583,0.01572117,0.019889,46307,0.034150689999999984,White
1210,18,55555,-0.03209297,0.48980875,0.49780013,0.93338737,0.06661263,0.01414159,0.01582663,0.0007892,0.0095557,0.01921805,46883,-0.007991379999999992,White
1211,19,57692,0.00513891,0.44162826,0.54585538,0.92997305,0.07002695,0.00869547,0.0169909,0.0006948,0.01336955,0.02214923,47496,-0.10422712,White
1212,20,56294,-0.01921774,0.39848182,0.59072284,0.94080243,0.05919757,0.00616597,0.01160401,0.00074934,0.00924895,0.02168793,46708,-0.19224101999999998,White
1213,21,55033,-0.04118752,0.39039481,0.5966207,0.93571008,0.06428992,0.00784961,0.01830068,0.00058816,0.01040583,0.01481699,44206,-0.20622589000000002,White
1214,22,59132,0.03022731,0.42819561,0.55856304,0.90254467,0.09745533,0.01435842,0.03261505,0.00082296,0.02637791,0.01386031,46175,-0.13036743,White
1215,23,59698,0.04008845,0.45323642,0.53442128,0.9036738,0.0963262,0.0147121,0.0329754,0.00099349,0.02511203,0.01274626,47308,-0.08118486000000003,White
1216,24,59228,0.03189987,0.39481008,0.5931826,0.89668286,0.10331714,0.01397127,0.04141779,0.00068203,0.03093934,0.01058179,48385,-0.19837252,White
1217,1,235383,0.01425226,0.38142734,0.60212382,0.74032755,0.25967245,0.09792073,0.1319848,0.00138105,0.01285553,0.02369853,194780,-0.22069647999999997,White
1218,2,236840,0.0205304,0.49451405,0.48596241,0.55406965,0.44593035,0.1763301,0.17006828,0.00254854,0.09803063,0.01639721,187166,0.008551639999999971,White
1219,3,233143,0.00460023,0.483763,0.49654212,0.76525363,0.23474637,0.1219902,0.06388351,0.00102107,0.03679739,0.01468344,180203,-0.012779119999999977,White
1220,4,232764,0.00296714,0.51653176,0.4680129,0.58322293,0.41677707,0.21193713,0.16959039,0.00157776,0.0293618,0.02169288,181903,0.04851886,White
1221,5,237087,0.02159471,0.6043927,0.37653373,0.70261318,0.29738682,0.15037101,0.09320357,0.00145715,0.04421981,0.01598021,185980,0.22785897,White
1222,6,235582,0.01510974,0.65371337,0.32821088,0.44935885,0.55064115,0.2223558,0.23446648,0.00229302,0.10237316,0.01657428,179676,0.32550249,Minority
1223,7,225832,-0.02690246,0.61746988,0.36567944,0.5905183,0.4094817,0.25089208,0.07883204,0.00116528,0.0661422,0.01596267,179356,0.25179044,White
1224,8,231398,-0.00291888,0.53265951,0.45142977,0.73316707,0.26683293,0.1235266,0.07047068,0.00207472,0.06244054,0.01560879,186049,0.08122974,White
1225,9,234326,0.00969771,0.34428543,0.64071191,0.86608322,0.13391678,0.03117744,0.06910333,0.00079423,0.01971418,0.01267737,197675,-0.29642648000000005,White
1226,10,238142,0.02614064,0.2408883,0.74688348,0.79334294,0.20665706,0.04246495,0.12018739,0.00059625,0.02805006,0.0115057,152620,-0.50599518,White
1227,11,237693,0.02420593,0.36901754,0.61087116,0.85901101,0.14098899,0.02048326,0.06773743,0.00099829,0.03945601,0.00993064,191327,-0.24185362,White
1228,12,233157,0.00466055,0.35358209,0.62760481,0.76590307,0.23409693,0.05045359,0.1114826,0.00097492,0.05970708,0.01214521,181553,-0.27402272,White
1229,13,225612,-0.02785043,0.51996447,0.45858903,0.66336863,0.33663137,0.13241715,0.13969596,0.00110669,0.03906994,0.01479989,181623,0.06137544,White
1230,14,237144,0.02184032,0.61361557,0.36272234,0.56489513,0.43510487,0.10667932,0.13741437,0.00154285,0.18578351,0.01220495,188612,0.25089323,White
1231,15,233349,0.00548787,0.47542454,0.50281961,0.44121151,0.55878849,0.1460201,0.35285172,0.00191597,0.07111055,0.01686494,182153,-0.027395069999999966,Minority
1232,16,231203,-0.00375912,0.49352275,0.47561887,0.56755269,0.43244731,0.06358029,0.07966608,0.00081192,0.28446021,0.0070675,183516,0.017903879999999983,White
1233,17,228791,-0.0141523,0.53081457,0.43159594,0.45180723,0.54819277,0.12140228,0.23282575,0.0017905,0.18874386,0.0152722,179280,0.09921862999999997,Minority
1234,18,230268,-0.00778799,0.55095477,0.41210262,0.35704083,0.64295917,0.12269401,0.12562251,0.00136223,0.39064422,0.0106055,181321,0.13885215000000006,Asian
1235,19,241847,0.04210528,0.54824897,0.42641318,0.57173981,0.42826019,0.11616473,0.15361851,0.00125549,0.15653568,0.0103077,189567,0.12183578999999994,White
1236,20,236511,0.01911275,0.59163133,0.3829072,0.46736292,0.53263708,0.153997,0.25509694,0.00138326,0.11966557,0.01604355,180010,0.20872413,Minority
1237,21,230846,-0.00529742,0.55651363,0.41168392,0.56408856,0.43591144,0.10900406,0.11162408,0.00116384,0.20975642,0.01059593,181296,0.14482971,White
1238,22,223104,-0.03865726,0.60611978,0.37424629,0.49768195,0.50231805,0.25085335,0.20969449,0.00170953,0.04069468,0.01756511,176657,0.23187349000000002,Minority
1239,23,238852,0.02919999,0.37957144,0.60000579,0.82583005,0.17416995,0.02718925,0.09206267,0.00062772,0.03910562,0.011989,192760,-0.22043435,White
1240,24,242348,0.04426406,0.41387434,0.56429705,0.79141633,0.20858367,0.04914829,0.09525897,0.00099019,0.04960728,0.01187192,193903,-0.15042270999999996,White
1241,25,230452,-0.00699514,0.50413001,0.46937168,0.58986993,0.41013007,0.04870692,0.1874042,0.00094709,0.16744952,0.0137137,182664,0.034758330000000004,White
1242,26,228912,-0.01363091,0.5029913,0.47764726,0.75658342,0.24341658,0.03103046,0.07034968,0.00089516,0.13248425,0.00516702,176504,0.025344040000000012,White
1243,27,228621,-0.01488482,0.40402432,0.56765341,0.76706548,0.23293452,0.03527418,0.12584655,0.00087439,0.06298302,0.01042747,184129,-0.16362909000000003,White
1244,28,226298,-0.0248945,0.50184565,0.47908131,0.76326187,0.23673813,0.02474862,0.08887057,0.00088756,0.11638494,0.00698023,174636,0.02276434000000005,White
1245,29,224159,-0.03411133,0.52183647,0.45575571,0.47990062,0.52009938,0.1334538,0.2156018,0.00217397,0.1789548,0.0106553,177095,0.06608076000000002,Minority
1246,30,226978,-0.02196441,0.52567451,0.45572386,0.4709797,0.5290203,0.03520496,0.16547547,0.00118936,0.32606074,0.0093323,180770,0.06995065,Minority
1247,31,225623,-0.02780303,0.5237707,0.45799614,0.52434682,0.47565318,0.10136735,0.26247978,0.00150701,0.11205997,0.01388329,181153,0.06577456000000004,White
1248,32,238601,0.02811845,0.85222819,0.13223708,0.29626042,0.70373958,0.5220418,0.14096902,0.00175678,0.04646428,0.01444826,182721,0.71999111,Black
1249,33,239352,0.03135446,0.78289628,0.20488957,0.07510024,0.92489976,0.52804996,0.37715119,0.00238771,0.0264788,0.0189609,177576,0.57800671,Black
1250,34,238534,0.02782975,0.71531948,0.26623265,0.19363953,0.80636047,0.53748036,0.21006545,0.00123248,0.04951992,0.01346042,185804,0.44908683,Black
1251,35,223207,-0.03821344,0.67182433,0.29195656,0.21629518,0.78370482,0.24695217,0.27287787,0.00302939,0.27541938,0.0168829,176273,0.37986777,Asian
1252,36,224363,-0.0332323,0.66212846,0.30556675,0.49431581,0.50568419,0.10239132,0.18221393,0.00214682,0.22028744,0.01075578,184459,0.35656171000000003,Minority
1253,37,223090,-0.03871759,0.55882297,0.4170979,0.20037489,0.79962511,0.17051616,0.55480425,0.00209293,0.05587659,0.02113628,173919,0.14172507,Hispanic
1254,38,229286,-0.01201937,0.55376854,0.41585384,0.17882941,0.82117059,0.06192974,0.7059738,0.00202148,0.07715675,0.03589222,182045,0.1379147,Hispanic
1255,39,232590,0.00221738,0.52766549,0.44640952,0.3030964,0.6969036,0.13231657,0.51593735,0.00152909,0.0742675,0.02737177,177884,0.08125596999999996,Hispanic
1256,40,231728,-0.00149693,0.55900319,0.40074457,0.21432006,0.78567994,0.22376526,0.51345797,0.00224395,0.07704417,0.02063632,174692,0.15825861999999996,Hispanic
1257,1,48430,-0.03941494,0.27786901,0.70380346,0.47959845,0.52040155,0.07201872,0.40354736,0.00259425,0.02622452,0.03256916,35463,-0.42593445,Minority
1258,2,48316,-0.04167607,0.31172191,0.66779844,0.38198085,0.61801915,0.01493048,0.20979599,0.0021085,0.01256553,0.39634146,35096,-0.35607653,Native
1259,3,48301,-0.04197359,0.2297241,0.75256314,0.60838403,0.39161597,0.00861183,0.21857377,0.00163903,0.01219546,0.15595744,35997,-0.52283904,White
1260,4,49017,-0.02777208,0.60795759,0.35793081,0.02994382,0.97005618,0.00564607,0.06483146,0.00123596,0.00691011,0.91146067,35600,0.25002678000000006,Native
1261,5,48929,-0.02951752,0.59908936,0.36972112,0.11679897,0.88320103,0.00995764,0.11017924,0.00173908,0.02176657,0.76168971,35651,0.22936824,Native
1262,6,49601,-0.01618873,0.58685126,0.3915979,0.48223275,0.51776725,0.016391,0.23116026,0.00233094,0.01621742,0.26882734,40327,0.19525336,Minority
1263,7,49024,-0.02763324,0.49412115,0.48478196,0.46079754,0.53920246,0.03232247,0.42588496,0.00396611,0.02908483,0.07112022,37064,0.009339189999999997,Minority
1264,8,50209,-0.00412935,0.45912246,0.51812495,0.46517161,0.53482839,0.04148776,0.4152605,0.00516888,0.03363873,0.0654451,36565,-0.05900249000000002,Minority
1265,9,48892,-0.0302514,0.67833426,0.2959599,0.37284526,0.62715474,0.01042293,0.49666767,0.00160353,0.01069854,0.12790639,39912,0.38237435999999997,Hispanic
1266,10,49568,-0.01684327,0.61540388,0.3570862,0.36996064,0.63003936,0.01108853,0.50840001,0.00177519,0.0336515,0.0889655,38869,0.25831768,Hispanic
1267,11,52241,0.03617436,0.78679729,0.19000966,0.50395442,0.49604558,0.01217605,0.40256926,0.00225648,0.02068811,0.07021895,44760,0.59678763,White
1268,12,51861,0.02863725,0.73538892,0.24035117,0.35003433,0.64996567,0.01738768,0.574897,0.00255052,0.02670689,0.04870512,40776,0.49503775,Hispanic
1269,13,50721,0.00602591,0.67884641,0.30160627,0.58888311,0.41111689,0.01276173,0.34541759,0.00186699,0.01767736,0.04062485,42314,0.37724014,White
1270,14,48776,-0.0325522,0.51949415,0.45946075,0.32813372,0.67186628,0.01600467,0.62304063,0.00256176,0.00941003,0.03941561,39426,0.060033400000000015,Hispanic
1271,15,51599,0.02344061,0.22715224,0.75590642,0.46006014,0.53993986,0.02520591,0.47912145,0.00222251,0.01119101,0.03195189,38245,-0.52875418,Hispanic
1272,16,50793,0.007454,0.20166232,0.78439107,0.35979753,0.64020247,0.05430801,0.55099416,0.00187365,0.01456976,0.03070556,35759,-0.58272875,Hispanic
1273,17,51640,0.02425382,0.45208733,0.52767882,0.31888678,0.68111322,0.01900063,0.39203036,0.00242884,0.01378874,0.274358,39525,-0.07559148999999998,Hispanic
1274,18,51737,0.02617777,0.40083497,0.58030452,0.33714315,0.66285685,0.01719496,0.60314437,0.00220969,0.00982932,0.04965458,39372,-0.17946954999999998,Hispanic
1275,19,49768,-0.01287637,0.239956,0.74445188,0.53937535,0.46062465,0.01291037,0.4044993,0.00182961,0.00976653,0.04009689,38806,-0.5044958799999999,White
1276,20,49198,-0.02418204,0.29607545,0.68658351,0.40545662,0.59454338,0.02633559,0.53267564,0.00150489,0.01582922,0.03288465,35883,-0.39050805999999993,Hispanic
1277,21,50472,0.00108712,0.22354764,0.76287116,0.48771515,0.51228485,0.02212615,0.44894068,0.00268521,0.01347977,0.03369942,37241,-0.53932352,Minority
1278,22,51351,0.01852165,0.3916408,0.58387619,0.48507005,0.51492995,0.01302844,0.36087053,0.00186471,0.01523665,0.14257674,40757,-0.19223539,Minority
1279,23,48287,-0.04225127,0.33325106,0.64418995,0.61753624,0.38246376,0.06413208,0.25111204,0.00641059,0.03338741,0.03809723,38218,-0.31093889,White
1280,24,48930,-0.02949769,0.45455348,0.52389365,0.47289017,0.52710983,0.0154472,0.47515576,0.00242006,0.01047835,0.03694454,38842,-0.06934016999999998,Hispanic
1281,25,49500,-0.01819202,0.53750892,0.44083172,0.38717707,0.61282293,0.02814023,0.53961641,0.00172929,0.02819263,0.03277787,38166,0.09667719999999996,Hispanic
1282,26,48088,-0.04619834,0.50378753,0.47453683,0.35101194,0.64898806,0.02604137,0.58759881,0.00241072,0.01928575,0.04232775,35674,0.029250699999999963,Hispanic
1283,27,48166,-0.04465125,0.57312546,0.40134772,0.28297814,0.71702186,0.0276776,0.66106557,0.00243169,0.01346995,0.04896175,36600,0.17177773999999996,Hispanic
1284,28,48815,-0.03177865,0.56346215,0.41392526,0.25299154,0.74700846,0.0231612,0.69034197,0.00241983,0.0203425,0.03300005,37606,0.14953688999999998,Hispanic
1285,29,48848,-0.03112412,0.47929916,0.50261878,0.26596556,0.73403444,0.01136116,0.70278444,0.00171643,0.00923605,0.02866173,36704,-0.02331962000000004,Hispanic
1286,30,51918,0.02976781,0.5258874,0.45032955,0.43388127,0.56611873,0.04901144,0.4207762,0.00378759,0.04252203,0.07787289,39603,0.07555784999999998,Minority
1287,31,52721,0.04569492,0.55148677,0.42824697,0.40337999,0.59662001,0.04101839,0.46566356,0.00319465,0.03738477,0.07579379,41006,0.12323980000000001,Hispanic
1288,32,51771,0.02685214,0.57623853,0.40388418,0.21443005,0.78556995,0.04292746,0.64360104,0.00212435,0.02582902,0.10279793,38600,0.17235435000000005,Hispanic
1289,33,51464,0.02076295,0.54125316,0.43989665,0.15816986,0.84183014,0.02786161,0.73162319,0.00202091,0.01627506,0.09360854,37112,0.10135651000000001,Hispanic
1290,34,51418,0.01985056,0.58971787,0.38833856,0.11802174,0.88197826,0.02763667,0.82201985,0.00252678,0.01144948,0.0512726,37993,0.20137930999999998,Hispanic
1291,35,51942,0.03024384,0.54772704,0.42984578,0.45054836,0.54945164,0.05550467,0.38531429,0.0044067,0.0559998,0.07337905,40393,0.11788126000000004,Minority
1292,36,52197,0.03530164,0.75980413,0.20470598,0.46295567,0.53704433,0.05652244,0.36805636,0.0029895,0.0420616,0.09561771,43151,0.5550981500000001,Minority
1293,37,52379,0.03891152,0.74593968,0.21961449,0.36762767,0.63237233,0.04415443,0.49195125,0.00263744,0.03628757,0.08808149,43982,0.52632519,Hispanic
1294,38,51375,0.01899768,0.62786756,0.34753854,0.39503326,0.60496674,0.03044133,0.48992572,0.00213623,0.02823227,0.0779968,41194,0.28032902,Hispanic
1295,39,52791,0.04708334,0.60848841,0.3629881,0.48951937,0.51048063,0.04508518,0.35719562,0.00332425,0.0438155,0.08719239,43318,0.24550031,Minority
1296,40,51404,0.01957288,0.54082583,0.43326779,0.5777027,0.4222973,0.02895753,0.26867761,0.00263031,0.08320463,0.04937259,41440,0.10755803999999997,White
1297,41,52652,0.04432634,0.56559795,0.40827309,0.64018208,0.35981792,0.0308527,0.22960204,0.00317263,0.05508426,0.05398073,43497,0.15732486,White
1298,42,52412,0.03956606,0.54633977,0.42629108,0.57483169,0.42516831,0.03775717,0.29560755,0.00280119,0.04079375,0.06525117,42482,0.12004869000000001,White
1299,1,147548,-0.00196514,0.4876763,0.48916674,0.56655049,0.43344951,0.03395244,0.2828429,0.01261746,0.08010765,0.03848767,113335,-0.0014904399999999818,White
1300,2,148627,0.00533336,0.5548078,0.42105628,0.59792345,0.40207655,0.04565735,0.22655909,0.0132091,0.09066893,0.03973632,119236,0.13375151999999996,White
1301,3,148606,0.00519131,0.49926567,0.47661114,0.70356536,0.29643464,0.02464232,0.16410469,0.00738594,0.07729036,0.02509021,118333,0.022654530000000006,White
1302,4,147806,-0.00022,0.3435603,0.63340443,0.74751179,0.25248821,0.01667617,0.15531382,0.00588911,0.02992459,0.04743498,121071,-0.28984413000000003,White
1303,5,147907,0.00046318,0.28959561,0.68889642,0.74356721,0.25643279,0.02701942,0.12768317,0.00815616,0.03410914,0.0629799,117212,-0.39930080999999995,White
1304,6,147305,-0.00360883,0.24583837,0.73390287,0.68745884,0.31254116,0.04371902,0.18962529,0.00585809,0.02724531,0.05189955,115396,-0.4880645,White
1305,7,147388,-0.0030474,0.38447952,0.59823163,0.7109341,0.2890659,0.05016902,0.11833562,0.01176412,0.09346866,0.02403862,119516,-0.21375211,White
1306,8,147030,-0.00546897,0.49728268,0.4862121,0.52555318,0.47444682,0.09660529,0.18024175,0.02573895,0.17154978,0.02505638,115739,0.011070579999999997,White
1307,9,147139,-0.00473167,0.47732894,0.50665229,0.45611017,0.54388983,0.10128019,0.18225719,0.02670416,0.23690553,0.02344691,114514,-0.029323350000000026,Minority
1308,10,148320,0.00325677,0.50163177,0.48270604,0.37945647,0.62054353,0.12428722,0.1646966,0.02228885,0.31702688,0.02036501,115394,0.01892573000000003,Minority
1309,11,147777,-0.00041616,0.51614609,0.467324,0.41307066,0.58692934,0.14585248,0.21503987,0.01573382,0.20880431,0.02432117,120759,0.048822089999999985,Minority
1310,12,147267,-0.00386587,0.50767532,0.47442021,0.49672683,0.50327317,0.1180964,0.23066032,0.01837172,0.13446663,0.02837041,114415,0.03325511000000003,Minority
1311,13,147449,-0.00263479,0.56154334,0.41956142,0.4020098,0.5979902,0.17685593,0.28760952,0.01527977,0.11716417,0.03070805,121206,0.14198191999999993,Minority
1312,14,148433,0.00402112,0.46602621,0.51643223,0.62594692,0.37405308,0.0756618,0.13077978,0.01060218,0.15062961,0.01711567,119598,-0.05040602000000005,White
1313,15,148766,0.00627358,0.47178955,0.51106496,0.57239204,0.42760796,0.12536364,0.16931517,0.01520089,0.11452209,0.02648798,114467,-0.03927541000000001,White
1314,16,148165,0.00220833,0.57159787,0.40860237,0.32223355,0.67776645,0.16477049,0.41099603,0.01608171,0.08662481,0.03312941,111804,0.16299549999999996,Hispanic
1315,17,147773,-0.00044321,0.51898379,0.46302197,0.423426,0.576574,0.20902777,0.26304577,0.01750774,0.08616924,0.02863357,111722,0.05596181999999994,Minority
1316,18,147872,0.00022644,0.57212698,0.40995617,0.35316374,0.64683626,0.24500872,0.26625953,0.02173753,0.12072734,0.02762421,108890,0.16217080999999994,Minority
1317,19,148162,0.00218804,0.6562182,0.32574293,0.2071324,0.7928676,0.19179608,0.53466322,0.01013523,0.0570003,0.03461259,108631,0.33047527,Hispanic
1318,20,147551,-0.00194485,0.57902556,0.40314617,0.2610542,0.7389458,0.12938522,0.50754373,0.01421614,0.08950665,0.03394447,109031,0.17587939000000002,Hispanic
1319,21,147723,-0.00078142,0.61950227,0.36189002,0.18937093,0.81062907,0.17386495,0.58591847,0.00919879,0.0432091,0.03621297,103057,0.25761225000000004,Hispanic
1320,1,324764,0.01318955,0.49283607,0.49475582,0.72009417,0.27990583,0.07002377,0.15299248,0.00098033,0.04622326,0.01658996,264196,-0.0019197499999999978,White
1321,2,323307,0.00864405,0.39985167,0.58883533,0.7028745,0.2971255,0.07145256,0.1711113,0.00111279,0.04692051,0.01580546,256114,-0.18898366,White
1322,3,320585,0.00015203,0.43780126,0.54551611,0.77497309,0.22502691,0.04054493,0.11117462,0.00086124,0.06573235,0.0100413,255445,-0.10771484999999997,White
1323,4,312477,-0.02514308,0.54774104,0.4380562,0.33471416,0.66528584,0.20960569,0.41551111,0.00139334,0.04796172,0.02700324,239712,0.10968484,Hispanic
1324,5,328100,0.02359711,0.35376821,0.63694832,0.81717571,0.18282429,0.03653834,0.10424052,0.00075372,0.03432642,0.00848029,264024,-0.28318011,White
1325,6,328834,0.02588702,0.4588989,0.52760305,0.67350163,0.32649837,0.02781619,0.11742895,0.00093081,0.17427795,0.00756236,258914,-0.06870414999999996,White
1326,7,329548,0.02811454,0.49354571,0.48843191,0.49624284,0.50375716,0.14811416,0.15157877,0.00115487,0.19924207,0.0105621,261501,0.005113800000000002,Minority
1327,8,328539,0.02496669,0.41724818,0.57205124,0.76057896,0.23942104,0.03340405,0.12233577,0.00093148,0.07665899,0.00763054,263022,-0.15480305999999994,White
1328,9,328458,0.02471399,0.59178456,0.39769479,0.33120047,0.66879953,0.31389395,0.30527464,0.00168552,0.05612139,0.01781378,250368,0.19408977,Minority
1329,10,321642,0.00344963,0.66021442,0.32956208,0.20994598,0.79005402,0.50352156,0.18047348,0.00364245,0.09727986,0.02308732,252303,0.33065234,Black
1330,11,319081,-0.00454011,0.7894721,0.19569423,0.04274141,0.95725859,0.57746783,0.14726965,0.0060034,0.18961109,0.03144435,255022,0.59377787,Black
1331,12,320941,0.00126267,0.50837374,0.47335982,0.28519963,0.71480037,0.05887767,0.15122316,0.00225398,0.50078138,0.01009031,266196,0.03501392000000003,Asian
1332,13,324410,0.01208515,0.50456592,0.47141212,0.20975851,0.79024149,0.08868586,0.19045651,0.00252514,0.50876528,0.01400686,261372,0.03315380000000001,Asian
1333,14,320325,-0.00065911,0.57339008,0.40497043,0.28171284,0.71828716,0.04188599,0.24458135,0.00191548,0.43175521,0.01653624,263119,0.16841965000000003,Asian
1334,15,320491,-0.00014123,0.63033996,0.34499488,0.48102499,0.51897501,0.0654377,0.25786614,0.002136,0.19197468,0.0182833,271067,0.28534508000000003,Minority
1335,16,323280,0.00855981,0.60025382,0.37823793,0.18166755,0.81833245,0.08978201,0.57680631,0.00247175,0.16398143,0.04125585,255285,0.22201589000000005,Hispanic
1336,17,324035,0.01091524,0.67041208,0.29857691,0.18233102,0.81766898,0.17440528,0.5025545,0.00405223,0.16137442,0.03474507,257389,0.37183517,Hispanic
1337,18,319890,-0.00201621,0.7893428,0.18618339,0.51541233,0.48458767,0.16051275,0.22311352,0.00268716,0.10893927,0.01701865,251195,0.60315941,White
1338,19,321387,0.00265408,0.54389362,0.43085448,0.40932215,0.59067785,0.16705218,0.28869629,0.00207658,0.15008679,0.02621778,249449,0.11303913999999998,Minority
1339,20,321543,0.00314077,0.64458751,0.32819923,0.50918146,0.49081854,0.21113239,0.15050738,0.00161094,0.12598729,0.01481539,230301,0.31638828,White
1340,21,322542,0.00625742,0.87029304,0.10599195,0.19538339,0.80461661,0.61459275,0.16814525,0.00249852,0.05395787,0.01630469,256552,0.76430109,Black
1341,22,320304,-0.00072463,0.68389446,0.29945271,0.2952526,0.7047474,0.50580435,0.12713988,0.00179246,0.0935705,0.01201553,248262,0.38444174999999997,Black
1342,23,322601,0.00644149,0.67933115,0.30411857,0.28771767,0.71228233,0.51016343,0.10333112,0.00161418,0.11351619,0.01209454,253999,0.37521258,Black
1343,24,322497,0.00611703,0.65756648,0.33419202,0.3211929,0.6788071,0.50822705,0.11514756,0.00182262,0.07548519,0.0106598,257322,0.32337446,Black
1344,25,319380,-0.0036073,0.39032332,0.59028714,0.31613025,0.68386975,0.02735592,0.1564253,0.00131588,0.50357341,0.0154365,248502,-0.19996382000000007,Asian
1345,26,311803,-0.02724581,0.25476464,0.73126486,0.72191243,0.27808757,0.03159738,0.11229794,0.00133266,0.13072169,0.00760544,248375,-0.47650022000000003,White
1346,27,315434,-0.01591792,0.82157396,0.15461887,0.45076522,0.54923478,0.10712661,0.20043152,0.00271125,0.25048916,0.0161727,263716,0.6669550900000001,Minority
1347,28,315192,-0.0166729,0.82570223,0.15269555,0.64972198,0.35027802,0.06194759,0.11892835,0.005744,0.1635203,0.00920241,283078,0.67300668,White
1348,29,312983,-0.02356448,0.8400858,0.1406387,0.60511679,0.39488321,0.09041606,0.14022993,0.00279197,0.16406204,0.01086131,274000,0.6994471,White
1349,30,313751,-0.02116849,0.77015792,0.20907198,0.71844423,0.28155577,0.03883956,0.07495078,0.00190655,0.15627865,0.00634056,273793,0.5610859400000001,White
1350,31,313451,-0.02210442,0.84917284,0.13250951,0.23389148,0.76610852,0.43787986,0.29597831,0.00289587,0.08079047,0.02490683,255191,0.71666333,Black
1351,32,313313,-0.02253495,0.78101653,0.20151659,0.25210309,0.74789691,0.21436241,0.52745787,0.00290081,0.08013396,0.02715461,265443,0.57949994,Hispanic
1352,33,324791,0.01327379,0.69225251,0.29372957,0.16242307,0.83757693,0.29030222,0.57978568,0.00415773,0.05626316,0.02835324,250377,0.39852294,Hispanic
1353,34,323406,0.0089529,0.74680751,0.24485002,0.0227291,0.9772709,0.44114055,0.62832707,0.00392974,0.01844864,0.03351264,236657,0.50195749,Hispanic
1354,35,325795,0.01640604,0.67935445,0.3087067,0.09930184,0.90069816,0.33602254,0.59548034,0.00421753,0.0511738,0.0321153,244930,0.37064775000000005,Hispanic
1355,36,322919,0.00743357,0.6585741,0.32659865,0.14415577,0.85584423,0.301264,0.50184091,0.0034174,0.10957713,0.0282286,249605,0.33197545000000006,Hispanic
1356,37,321457,0.00287247,0.81127026,0.18278968,0.12763191,0.87236809,0.61564604,0.24994467,0.00229996,0.03471673,0.01821394,253048,0.62848058,Black
1357,38,321951,0.00441364,0.58672132,0.40636207,0.47975687,0.52024313,0.1606826,0.29752436,0.00182708,0.08071034,0.01799255,247936,0.18035924999999997,Minority
1358,39,314115,-0.0200329,0.59716289,0.39449762,0.61032564,0.38967436,0.10547018,0.17932461,0.00119327,0.10381084,0.01162338,248895,0.20266527,White
1359,40,321924,0.0043294,0.61095562,0.38420471,0.60179548,0.39820452,0.08268763,0.24310737,0.00109325,0.0674221,0.01610741,250630,0.22675091000000003,White
1360,41,318052,-0.00775035,0.36933316,0.62517096,0.60308061,0.39691939,0.1299312,0.19818748,0.00159475,0.04668138,0.01494536,207556,-0.25583780000000006,White
1361,42,323797,0.01017273,0.49866846,0.49198205,0.70398604,0.29601396,0.10529176,0.13989025,0.00122842,0.04260807,0.01555229,261312,0.006686409999999976,White
1362,43,317584,-0.00921041,0.47359212,0.52351451,0.60254355,0.39745645,0.14728354,0.21632157,0.00131935,0.03362746,0.02270883,250123,-0.04992239000000004,White
1363,44,328463,0.02472959,0.51702023,0.47243009,0.81027185,0.18972815,0.06972234,0.06115688,0.00112047,0.03622733,0.01976273,268637,0.044590139999999945,White
1364,45,315941,-0.01433619,0.51593561,0.47552768,0.78704914,0.21295086,0.07214515,0.0939382,0.0012267,0.02444578,0.02142121,260863,0.04040792999999998,White
1365,46,317354,-0.00992796,0.36448829,0.62971813,0.89254189,0.10745811,0.0227416,0.04163317,0.00113097,0.0115304,0.02046784,253764,-0.26522984,White
1366,47,316079,-0.01390566,0.61859203,0.36451826,0.70301905,0.29698095,0.1434724,0.06028334,0.00141475,0.08041817,0.0159062,255875,0.25407377,White
1367,48,316649,-0.01212739,0.54314356,0.44829331,0.78751709,0.21248291,0.07329004,0.04936633,0.00216075,0.05600804,0.02040353,250839,0.09485024999999997,White
1368,49,318045,-0.00777219,0.45658341,0.53789034,0.8994346,0.1005654,0.02871,0.02658929,0.00099145,0.01244866,0.02305605,261233,-0.08130693,White
1369,50,310528,-0.03122352,0.38384439,0.61049117,0.85713652,0.14286348,0.04739136,0.03778408,0.00210046,0.01590866,0.03563927,248041,-0.22664678,White
1370,51,311558,-0.02801015,0.37229377,0.62434827,0.89502471,0.10497529,0.0357718,0.02973513,0.00114229,0.0106772,0.02037077,252126,-0.2520545,White
1371,52,329962,0.02940613,0.5120564,0.48206674,0.82518121,0.17481879,0.0621303,0.0430785,0.00092099,0.04907458,0.01722138,259503,0.029989659999999974,White
1372,53,326259,0.01785361,0.59629732,0.39774529,0.7209352,0.2790648,0.15536827,0.05524982,0.00153407,0.0485504,0.02339165,257485,0.19855203000000005,White
1373,54,322187,0.0051499,0.58720103,0.40246043,0.78511871,0.21488129,0.06353238,0.05105542,0.00149377,0.07758965,0.01887346,265770,0.18474060000000003,White
1374,55,325099,0.01423468,0.3865413,0.60745347,0.89397576,0.10602424,0.03719946,0.02399692,0.00091171,0.01606078,0.02037315,259950,-0.22091217000000007,White
1375,56,323884,0.01044415,0.34480874,0.64822738,0.88250781,0.11749219,0.03170027,0.04419689,0.00110242,0.00960953,0.02523224,259430,-0.30341864,White
1376,57,321849,0.00409542,0.44088502,0.54985956,0.88407151,0.11592849,0.03851776,0.03854512,0.00093412,0.01522341,0.01653274,255856,-0.10897454000000001,White
1377,58,323480,0.00918377,0.61973285,0.36758104,0.81551077,0.18448923,0.06106229,0.04462802,0.00094718,0.0646142,0.01209941,261831,0.25215181,White
1378,59,321036,0.00155904,0.62651508,0.36362792,0.52002261,0.47997739,0.30094231,0.13500178,0.00169143,0.0450714,0.01759568,249493,0.26288716,White
1379,60,310653,-0.03083355,0.38927814,0.60451172,0.85554794,0.14445206,0.06977154,0.03306444,0.00073334,0.01286351,0.02495762,249543,-0.21523357999999998,White
1380,61,325142,0.01436883,0.42736984,0.56194254,0.92179273,0.07820727,0.01930614,0.02201233,0.00062363,0.0145741,0.01669067,264579,-0.1345727,White
1381,62,313890,-0.02073484,0.55006743,0.43584312,0.82043492,0.17956508,0.06554178,0.03243397,0.00071279,0.06886814,0.01108138,256737,0.11422431000000005,White
1382,63,315048,-0.01712215,0.73372279,0.24574963,0.46605813,0.53394187,0.35460711,0.10617818,0.00160009,0.0699025,0.01856274,241236,0.48797315999999996,Minority
1383,1,354618,-0.00822429,0.79136465,0.20083221,0.34089185,0.65910815,0.50255486,0.11709583,0.00170804,0.03629669,0.01836769,278097,0.59053244,Black
1384,2,360622,0.00856736,0.71066886,0.28256319,0.4969299,0.5030701,0.43936105,0.02462035,0.00094169,0.03090759,0.01191985,285658,0.42810566999999994,Minority
1385,3,353724,-0.01072458,0.49803314,0.49402826,0.8318414,0.1681586,0.07775242,0.03198058,0.00069592,0.03980175,0.01357576,283078,0.0040048799999999884,White
1386,4,356310,-0.0034922,0.53799935,0.45362564,0.84540765,0.15459235,0.05133426,0.04777966,0.0009872,0.03840472,0.01433836,291735,0.08437370999999999,White
1387,5,354276,-0.00918078,0.50650463,0.48447344,0.79940465,0.20059535,0.08121672,0.08083924,0.00104617,0.02196242,0.01805096,278157,0.022031190000000034,White
1388,6,359317,0.00491761,0.53605758,0.45496389,0.72720623,0.27279377,0.18747055,0.02114969,0.00094249,0.03953874,0.02114618,284354,0.08109369000000005,White
1389,7,357354,-0.0005724,0.48138166,0.50966407,0.86552953,0.13447047,0.05819803,0.01821824,0.00077532,0.03816955,0.01367859,285044,-0.028282410000000036,White
1390,8,356287,-0.00355653,0.50301993,0.48772682,0.71610872,0.28389128,0.18341459,0.06977206,0.00070473,0.01063964,0.02187921,276701,0.015293109999999999,White
1391,9,355917,-0.00459132,0.49406442,0.49624296,0.80926129,0.19073871,0.09694802,0.0446923,0.00075918,0.02841604,0.01746469,281883,-0.0021785400000000066,White
1392,10,359174,0.00451767,0.66744931,0.32320435,0.58240201,0.41759799,0.33196235,0.03724928,0.00125116,0.03342884,0.01584214,283737,0.34424496,White
1393,11,361451,0.01088586,0.58501216,0.40461549,0.66760352,0.33239648,0.22777388,0.04011719,0.00194716,0.0466053,0.0168308,276814,0.18039666999999998,White
1394,12,354264,-0.00921434,0.26211863,0.72993481,0.88893415,0.11106585,0.04492535,0.02287003,0.000902,0.01933114,0.01951299,274945,-0.46781618,White
1395,13,357010,-0.00153448,0.403812,0.58629059,0.75137871,0.24862129,0.09513683,0.05207568,0.00194467,0.07965738,0.01945787,269454,-0.18247858999999994,White
1396,14,358553,0.0027809,0.57070564,0.41954727,0.63981559,0.36018441,0.27353536,0.03565932,0.00148922,0.03117028,0.02082057,280684,0.15115837,White
1397,15,356488,-0.00299438,0.70009879,0.28978399,0.43148392,0.56851608,0.45587049,0.05921375,0.00147752,0.04119332,0.02149184,265310,0.4103148,Black
1398,16,360977,0.0095602,0.58641865,0.40439177,0.68945065,0.31054935,0.17477548,0.0767503,0.00148805,0.03991409,0.02224702,284937,0.18202688000000006,White
1399,17,359196,0.0045792,0.63724916,0.35179643,0.78057901,0.21942099,0.05508764,0.04226379,0.00134506,0.10485842,0.0137323,284002,0.28545273,White
1400,18,360308,0.00768918,0.58147468,0.40827604,0.6757481,0.3242519,0.17319984,0.0443659,0.00108074,0.08977923,0.01577808,270185,0.17319864000000001,White
1401,19,355994,-0.00437597,0.46495022,0.52753472,0.78468971,0.21531029,0.14606545,0.03926682,0.00089847,0.01102631,0.01716875,286043,-0.06258449999999999,White
1402,20,354993,-0.00717551,0.30191392,0.68999785,0.91643609,0.08356391,0.02977011,0.01894687,0.0006873,0.00588104,0.02024353,282263,-0.38808393,White
1403,21,358207,0.00181322,0.31916911,0.67197314,0.85768959,0.14231041,0.07657846,0.02328735,0.00129855,0.0164375,0.02159924,277232,-0.35280403,White
1404,22,357604,0.00012679,0.35204069,0.63774705,0.84860162,0.15139838,0.06461081,0.02610578,0.00146213,0.03572843,0.02103155,277678,-0.28570636,White
1405,23,353762,-0.0106183,0.28084726,0.71145592,0.92283595,0.07716405,0.02119361,0.01503072,0.00072741,0.01114876,0.02358785,273573,-0.43060866000000003,White
1406,24,359544,0.00555247,0.24694925,0.74479108,0.90830223,0.09169777,0.04440178,0.01318155,0.00084892,0.00692032,0.02248745,279178,-0.49784183000000004,White
1407,25,354585,-0.00831658,0.28776154,0.70479887,0.92865667,0.07134333,0.02587567,0.01061173,0.00067325,0.00900875,0.02118784,280727,-0.41703733,White
1408,26,361910,0.01216956,0.25126162,0.74051645,0.91943972,0.08056028,0.03883675,0.01002498,0.00066483,0.00593451,0.01908071,285786,-0.48925483,White
1409,27,359736,0.00608944,0.35987392,0.63118241,0.86477627,0.13522373,0.061583,0.0193208,0.00093341,0.02676618,0.02200435,274264,-0.27130848999999996,White
1410,28,357543,-4.382e-05,0.39342274,0.5978873,0.85016467,0.14983533,0.08751538,0.023097,0.00082515,0.01214247,0.02125465,281162,-0.20446456000000002,White
1411,29,353143,-0.01234949,0.33788701,0.65318661,0.91391224,0.08608776,0.01791906,0.03162252,0.00077341,0.01157568,0.01796627,275405,-0.3152996,White
1412,30,358967,0.00393875,0.32053642,0.67051594,0.91153511,0.08846489,0.019855,0.02216907,0.00080473,0.02333352,0.01904656,269655,-0.34997952000000004,White
1413,31,358202,0.00179924,0.27355557,0.71789269,0.90464863,0.09535137,0.04543751,0.01716296,0.00100916,0.00892748,0.01824781,277458,-0.44433712,White
1414,32,362072,0.01262264,0.20718433,0.78476807,0.92288132,0.07711868,0.02614565,0.01990729,0.00218631,0.0078916,0.01765255,277637,-0.57758374,White
1415,33,357340,-0.00061155,0.26731417,0.72330884,0.87076578,0.12923422,0.04880863,0.04943107,0.00088452,0.01051593,0.01701696,274726,-0.45599466999999994,White
1416,1,79645,-0.03444611,0.54027006,0.4451946,0.30599448,0.69400552,0.09760292,0.51619549,0.00379806,0.01757498,0.0905801,55818,0.09507546,Hispanic
1417,2,79464,-0.03664041,0.48145177,0.49916449,0.39305958,0.60694042,0.1308481,0.37854262,0.00291405,0.02992235,0.0923435,56279,-0.017712720000000015,Minority
1418,3,79092,-0.04115025,0.47862559,0.49760064,0.54936789,0.45063211,0.14290003,0.19286834,0.00316888,0.04921779,0.07648687,59958,-0.018975049999999993,White
1419,4,79333,-0.03822856,0.73570737,0.26065415,0.30652469,0.69347531,0.541883,0.08604782,0.00350541,0.02053639,0.07410959,60478,0.47505322,Black
1420,5,80817,-0.0202377,0.49427779,0.48212255,0.55872536,0.44127464,0.23230347,0.08916915,0.00458753,0.04268543,0.09138892,60817,0.012155240000000012,White
1421,6,79755,-0.03311256,0.69381415,0.29438665,0.57408817,0.42591183,0.13048773,0.15711198,0.00213116,0.0667509,0.08393716,65692,0.3994275,White
1422,7,80933,-0.0188314,0.48609292,0.49497145,0.68460097,0.31539903,0.13290225,0.06036125,0.0016895,0.05725871,0.06914665,65108,-0.008878529999999996,White
1423,8,79218,-0.03962273,0.41331612,0.55713925,0.67634356,0.32365644,0.11335377,0.06201456,0.00266448,0.08737069,0.06314653,57422,-0.14382312999999997,White
1424,9,79052,-0.04163518,0.40783571,0.55901544,0.73339669,0.26660331,0.08658463,0.06210366,0.00227768,0.04706114,0.07463909,61027,-0.15117973,White
1425,10,78983,-0.04247168,0.26841096,0.69918943,0.78954123,0.21045877,0.04324333,0.04543843,0.00173919,0.02650997,0.09386556,59223,-0.43077847,White
1426,11,84107,0.0196477,0.28141426,0.68926022,0.66473848,0.33526152,0.05752234,0.09376464,0.00201975,0.04033027,0.14996203,61889,-0.40784595999999995,White
1427,12,83960,0.01786559,0.52089433,0.46493213,0.34395807,0.65604193,0.14660088,0.39362174,0.00334619,0.02890361,0.11103903,58574,0.05596219999999996,Hispanic
1428,13,85301,0.03412282,0.71310144,0.285873,0.42245554,0.57754446,0.34253519,0.11589809,0.00478195,0.03382058,0.11033172,66291,0.42722844,Minority
1429,14,82402,-0.00102239,0.30798675,0.66216293,0.69477767,0.30522233,0.05119225,0.0577713,0.0019639,0.04032535,0.159583,61103,-0.35417618000000006,White
1430,15,84566,0.02521226,0.30156874,0.67038209,0.72839069,0.27160931,0.04423269,0.05899301,0.00135209,0.04838554,0.122493,62126,-0.36881335000000004,White
1431,16,83117,0.00764571,0.33142615,0.63964823,0.6990077,0.3009923,0.05739462,0.07441454,0.00214337,0.05628324,0.11523379,62985,-0.30822208000000006,White
1432,17,82873,0.00468765,0.50831492,0.47592479,0.55652201,0.44347799,0.13940135,0.15142698,0.00213583,0.05084195,0.11765616,64612,0.03239013000000002,White
1433,18,82953,0.0056575,0.54535511,0.44172722,0.72547871,0.27452129,0.06928227,0.06526803,0.00169946,0.03458986,0.10908771,68257,0.10362789000000006,White
1434,19,82616,0.00157198,0.4873932,0.49115732,0.6860884,0.3139116,0.07831344,0.08050622,0.00347712,0.05699652,0.1026376,63846,-0.003764119999999982,White
1435,20,86026,0.04291216,0.49217502,0.48326123,0.70848059,0.29151941,0.05266091,0.08729891,0.0022437,0.05103313,0.09397135,68191,0.008913790000000033,White
1436,21,82242,-0.00296211,0.35314524,0.62459706,0.65288566,0.34711434,0.07177249,0.10818835,0.00248764,0.08008602,0.09486743,62308,-0.27145182,White
1437,22,81646,-0.01018755,0.36066806,0.61347724,0.7419214,0.2580786,0.05275357,0.05856324,0.00207703,0.04432504,0.10323445,66441,-0.25280918,White
1438,23,80981,-0.01824949,0.24233137,0.73990286,0.69826318,0.30173682,0.04518037,0.06048287,0.00099152,0.0209707,0.1764249,60513,-0.49757149000000006,White
1439,24,84789,0.02791574,0.20366703,0.78198744,0.66427896,0.33572104,0.01747984,0.03491463,0.0031686,0.01096244,0.27063717,66591,-0.57832041,White
1440,25,83097,0.00740325,0.22174539,0.76084465,0.70380671,0.29619329,0.02114312,0.04840162,0.00135897,0.01938909,0.20700662,63283,-0.53909926,White
1441,26,86124,0.04410023,0.2657897,0.71457795,0.56364854,0.43635146,0.01619951,0.04255416,0.00103531,0.00934821,0.37347178,65681,-0.44878825,White
1442,27,82208,-0.0033743,0.22334739,0.75591609,0.70327624,0.29672376,0.02999236,0.03919384,0.0013054,0.01714531,0.21228668,62816,-0.5325687,White
1443,28,81228,-0.01525505,0.27264423,0.70994166,0.69663716,0.30336284,0.08137984,0.05175212,0.0036633,0.00745513,0.1659249,62239,-0.43729743000000004,White
1444,29,83064,0.00700318,0.2123796,0.76991501,0.73770132,0.26229868,0.03832174,0.03648869,0.00136304,0.00650185,0.1832738,63828,-0.55753541,White
1445,30,79746,-0.03322167,0.31889167,0.66260091,0.58976614,0.41023386,0.13515406,0.05335157,0.0012377,0.0089245,0.23042473,61404,-0.34370923999999997,White
1446,31,82075,-0.00498668,0.19678703,0.78983061,0.57992034,0.42007966,0.02420417,0.03485272,0.00109216,0.01031127,0.35869391,62262,-0.59304358,White
1447,32,82745,0.00313587,0.22074014,0.75936647,0.77333398,0.22666602,0.05649279,0.05069162,0.00180984,0.00980867,0.10894577,61884,-0.53862633,White
1448,33,82407,-0.00096178,0.19755513,0.78449137,0.76093187,0.23906813,0.03723918,0.10297527,0.02738601,0.01613215,0.06013331,62112,-0.58693624,White
1449,34,86556,0.04933747,0.12440097,0.86072999,0.7038222,0.2961778,0.03769394,0.19524128,0.00170842,0.01199,0.05883175,64387,-0.7363290199999999,White
1450,35,81490,-0.01207877,0.21862348,0.76493304,0.69210191,0.30789809,0.04797771,0.03542994,0.00167197,0.00633758,0.22353503,62800,-0.54630956,White
1451,36,80286,-0.02667513,0.23074149,0.74930119,0.74802421,0.25197579,0.04232323,0.04259911,0.00159037,0.0110352,0.15906915,61621,-0.5185597,White
1452,37,84147,0.02013263,0.22713372,0.75449238,0.75881781,0.24118219,0.03612955,0.09582186,0.00160324,0.01384615,0.0979919,61750,-0.52735866,White
1453,38,85442,0.0358322,0.32224734,0.65678945,0.71969612,0.28030388,0.04942941,0.08876692,0.00210852,0.0588775,0.08549953,62129,-0.33454211,White
1454,39,83626,0.01381643,0.20946463,0.7722116,0.68405674,0.31594326,0.0369166,0.13357525,0.00235638,0.00925271,0.14796487,63657,-0.56274697,White
1455,40,80451,-0.02467479,0.1747257,0.81162816,0.78065953,0.21934047,0.03297639,0.06028752,0.00163736,0.0072535,0.11897043,61074,-0.6369024600000001,White
1456,41,78943,-0.04295661,0.16232578,0.82553305,0.6844609,0.3155391,0.05326544,0.05247818,0.00515904,0.00804007,0.20198992,59701,-0.66320727,White
1457,42,84187,0.02061756,0.17236324,0.81467215,0.69734746,0.30265254,0.03484134,0.03560708,0.00133239,0.00817814,0.22641509,65296,-0.64230891,White
1458,43,86395,0.04738563,0.18127914,0.80608485,0.68991723,0.31008277,0.03774266,0.06356659,0.00103837,0.0075997,0.20565839,66450,-0.62480571,White
1459,44,85012,0.03061921,0.23748441,0.74383871,0.66234205,0.33765795,0.05559996,0.05593814,0.00182925,0.0111907,0.21797276,65054,-0.5063543,White
1460,45,83563,0.01305267,0.17005006,0.81515102,0.76974023,0.23025977,0.03264656,0.06693325,0.00121839,0.01166841,0.11808994,64019,-0.64510096,White
1461,46,83014,0.00639702,0.45539249,0.52481414,0.52212759,0.47787241,0.22934276,0.12802507,0.01206813,0.05071509,0.08976378,62230,-0.06942165000000006,White
1462,47,83370,0.01071289,0.21623553,0.76718856,0.66623144,0.33376856,0.08870755,0.14080982,0.004632,0.02135696,0.08780602,64335,-0.5509530300000001,White
1463,48,86306,0.04630666,0.21625252,0.76611198,0.77105178,0.22894822,0.0265287,0.06337412,0.00165804,0.00996362,0.12670218,65137,-0.54985946,White
1464,1,141654,0.00291793,0.53303619,0.43144287,0.63218881,0.36781119,0.02283177,0.24325151,0.01984686,0.04627535,0.04605288,107876,0.10159332000000004,White
1465,2,141415,0.00122579,0.53247282,0.428789,0.70357704,0.29642296,0.02195212,0.18926888,0.01212681,0.03606618,0.04352528,108190,0.10368381999999998,White
1466,3,140339,-0.00639234,0.54466859,0.42112811,0.78411362,0.21588638,0.01605869,0.11686962,0.00768295,0.02943501,0.04066189,112587,0.12354048000000001,White
1467,4,141081,-0.00113894,0.46701964,0.49601415,0.84521822,0.15478178,0.01035235,0.06420754,0.00562666,0.02600454,0.04110908,113211,-0.028994509999999973,White
1468,5,142189,0.00670575,0.42798406,0.53402198,0.78747712,0.21252288,0.01217827,0.11939548,0.00495387,0.02480526,0.04906307,111428,-0.10603792000000001,White
1469,6,141059,-0.00129471,0.57868757,0.37860679,0.61480102,0.38519898,0.02429784,0.22859234,0.00965244,0.09865496,0.03623833,107952,0.20008078,White
1470,7,141800,0.00395161,0.71796666,0.24020443,0.58237078,0.41762922,0.03645657,0.11915252,0.00973702,0.23355103,0.02416393,109171,0.47776222999999995,White
1471,8,141533,0.00206124,0.66717456,0.2908284,0.61601478,0.38398522,0.03975933,0.17053367,0.01229736,0.14064136,0.03233176,109861,0.37634616,White
1472,9,140608,-0.00448781,0.66723668,0.29277669,0.74038889,0.25961111,0.02605267,0.10835335,0.01207451,0.09005122,0.02687758,110315,0.37445999,White
1473,10,140715,-0.00373024,0.42148658,0.54293071,0.71144506,0.28855494,0.0103579,0.21250047,0.00466993,0.02752456,0.04303807,107068,-0.12144413000000004,White
1474,11,139752,-0.01054834,0.61731001,0.34082685,0.77812737,0.22187263,0.0164986,0.09052877,0.00692889,0.07088385,0.03441784,114737,0.27648315999999995,White
1475,12,141985,0.00526142,0.85691012,0.10583607,0.76318682,0.23681318,0.04059819,0.06872734,0.0057013,0.09260718,0.02686584,121902,0.7510740499999999,White
1476,13,140858,-0.0027178,0.88445249,0.06683507,0.68827397,0.31172603,0.10393393,0.10466634,0.0105988,0.06483033,0.03587935,118787,0.81761742,White
1477,14,140499,-0.00525954,0.8709099,0.08338613,0.76048936,0.23951064,0.03230031,0.07521249,0.00652258,0.09334392,0.02871796,118358,0.78752377,White
1478,15,141943,0.00496406,0.7750524,0.18455787,0.65236029,0.34763971,0.08771914,0.12059523,0.01174896,0.10001925,0.03750394,114308,0.59049453,White
1479,16,141594,0.00249312,0.64365653,0.31381598,0.56126039,0.43873961,0.08301735,0.14760464,0.01496646,0.16677301,0.04007766,109712,0.32984055,White
1480,17,140849,-0.00278152,0.54942954,0.41269002,0.6961015,0.3038985,0.03686275,0.17573241,0.00981776,0.05035294,0.03970473,108375,0.13673952,White
1481,18,140427,-0.0057693,0.54172989,0.42259834,0.83528915,0.16471085,0.01101061,0.06765018,0.00488882,0.02359048,0.05225084,115979,0.11913155000000003,White
1482,19,141233,-6.278e-05,0.60040052,0.35968992,0.74665193,0.25334807,0.02699859,0.09163293,0.00850616,0.09458423,0.03341834,112154,0.2407106,White
1483,20,141608,0.00259224,0.61920021,0.34280262,0.8138237,0.1861763,0.01671605,0.06897304,0.00612649,0.06325559,0.02568764,110014,0.27639759,White
1484,21,140759,-0.00341872,0.36630695,0.59890299,0.82948315,0.17051685,0.00794809,0.08883371,0.00520206,0.02355425,0.04029327,110341,-0.23259604,White
1485,22,141725,0.00342061,0.5736451,0.38820087,0.80882314,0.19117686,0.01829769,0.08402108,0.00628459,0.0323674,0.04754045,113293,0.18544423000000004,White
1486,23,139640,-0.0113413,0.69520617,0.26355998,0.7683104,0.2316896,0.02932228,0.09565849,0.00765747,0.06090932,0.04006495,117010,0.43164618999999993,White
1487,24,142618,0.0097431,0.37058335,0.59718177,0.8485443,0.1514557,0.00854396,0.05881404,0.00452677,0.01816653,0.05517054,117744,-0.22659841999999997,White
1488,25,140631,-0.00432497,0.30863557,0.66176508,0.85646703,0.14353297,0.008421,0.05453973,0.00451219,0.01886198,0.05019369,114357,-0.35312951,White
1489,26,141160,-0.00057962,0.30266024,0.6685046,0.79976338,0.20023662,0.01150609,0.10117951,0.00486796,0.01963441,0.05761172,110724,-0.36584436,White
1490,27,142091,0.00601191,0.59643164,0.36859236,0.85978813,0.14021187,0.00829219,0.06724232,0.00460287,0.02527187,0.02648407,113842,0.22783928000000003,White
1491,28,140715,-0.00373024,0.27476222,0.69403252,0.80244548,0.19755452,0.01044591,0.11336644,0.00453466,0.0155294,0.04909847,111144,-0.41927030000000004,White
1492,29,142516,0.00902093,0.28117602,0.68548301,0.74042748,0.25957252,0.01194386,0.17427759,0.00612788,0.01305385,0.05251812,109010,-0.40430699,White
1493,30,142260,0.00720844,0.32664994,0.6397057,0.82466143,0.17533857,0.00908257,0.07961188,0.00443337,0.01654646,0.06152767,111202,-0.31305576,White
1494,1,261055,0.0038492,0.52852179,0.46101927,0.72264959,0.27735041,0.08120058,0.15378728,0.00122847,0.04333753,0.01298663,205134,0.06750252000000001,White
1495,2,260164,0.00042299,0.55351318,0.43470349,0.621906,0.378094,0.20483518,0.09910633,0.00143283,0.06948472,0.01527856,203095,0.11880969000000002,White
1496,3,264367,0.01658502,0.7782403,0.21050815,0.65915734,0.34084266,0.20665065,0.0359953,0.00101998,0.08517534,0.01196164,226474,0.56773215,White
1497,4,264372,0.01660424,0.57674707,0.41450908,0.72987062,0.27012938,0.21940058,0.01893264,0.00089376,0.0170609,0.01421118,213705,0.16223799000000005,White
1498,5,262205,0.00827136,0.54773118,0.44317164,0.84628566,0.15371434,0.05256827,0.02059198,0.00074463,0.0651984,0.01044874,209499,0.10455954,White
1499,6,263522,0.01333569,0.55536689,0.43422468,0.8101918,0.1898082,0.10473775,0.02392532,0.00096042,0.04349328,0.01204073,211366,0.12114220999999997,White
1500,7,261385,0.00511817,0.5193295,0.47151757,0.86281103,0.13718897,0.07182602,0.01762479,0.00074665,0.03109306,0.01104284,210272,0.04781193,White
1501,8,261100,0.00402224,0.49710419,0.49365322,0.83691503,0.16308497,0.08013088,0.03557244,0.00069977,0.02652851,0.01467586,207211,0.0034509699999999977,White
1502,9,262935,0.01107847,0.50942403,0.48086715,0.59617773,0.40382227,0.09468567,0.29815646,0.0024634,0.0241283,0.02081372,199724,0.028556880000000007,White
1503,10,260467,0.00158813,0.50919773,0.48204517,0.79872044,0.20127956,0.06886319,0.09200206,0.00124521,0.0330528,0.01230893,209604,0.027152559999999992,White
1504,11,257253,-0.01077084,0.49011607,0.50085408,0.73034271,0.26965729,0.12078303,0.11468597,0.00123596,0.02602806,0.01634965,205509,-0.010738009999999965,White
1505,12,265831,0.02221462,0.53694721,0.45288451,0.72215452,0.27784548,0.08409419,0.14480024,0.00124674,0.042947,0.01330171,213356,0.08406269999999999,White
1506,13,253464,-0.02534089,0.52983106,0.45889502,0.58067195,0.41932805,0.10780887,0.29278421,0.00170688,0.03289956,0.01619248,196264,0.07093604000000003,White
1507,14,265064,0.01926523,0.49482084,0.49621234,0.86680652,0.13319348,0.02544562,0.03416059,0.00067551,0.05856917,0.00831538,210213,-0.00139149999999999,White
1508,15,261909,0.00713313,0.51960714,0.46981537,0.7699538,0.2300462,0.07357137,0.06921991,0.00089335,0.07161657,0.01344822,208206,0.04979176999999996,White
1509,16,258725,-0.00511048,0.56782193,0.42162561,0.77342157,0.22657843,0.07474122,0.0475957,0.00109728,0.09181702,0.00999689,205964,0.14619632000000005,White
1510,17,267734,0.02953233,0.34926025,0.63992401,0.84276611,0.15723389,0.03192726,0.10463969,0.0012035,0.01322925,0.0123393,216868,-0.29066376,White
1511,18,257729,-0.00894045,0.4464743,0.54089733,0.84053396,0.15946604,0.04775508,0.03882188,0.00123467,0.05665438,0.01291319,206533,-0.09442302999999996,White
1512,19,258890,-0.00447599,0.44363394,0.54606415,0.84495102,0.15504898,0.0393736,0.03841872,0.00194236,0.06187613,0.01166349,214687,-0.10243020999999997,White
1513,20,263868,0.01466618,0.28968841,0.70177717,0.91472381,0.08527619,0.01912439,0.02973758,0.0007601,0.01007362,0.01836898,213131,-0.41208875999999994,White
1514,21,258585,-0.00564883,0.48197611,0.50518072,0.63031802,0.36968198,0.12905465,0.0978051,0.00137334,0.12828734,0.00956449,204611,-0.023204610000000014,White
1515,22,259254,-0.00307628,0.78429491,0.20453139,0.21259765,0.78740235,0.50772913,0.19793199,0.00222756,0.08600468,0.01610062,193036,0.57976352,Black
1516,23,258646,-0.00541426,0.87970701,0.10960956,0.28188109,0.71811891,0.59509098,0.07877065,0.00167275,0.04735895,0.01491824,205051,0.77009745,Black
1517,24,259048,-0.00386843,0.91102244,0.07572716,0.30015761,0.69984239,0.53993035,0.05939922,0.00225955,0.10088941,0.0126042,215087,0.83529528,Black
1518,25,258792,-0.00485284,0.89139882,0.09725999,0.32425785,0.67574215,0.53024471,0.04828265,0.00130377,0.09570089,0.01341981,209392,0.7941388300000001,Black
1519,26,260184,0.0004999,0.78079565,0.20705801,0.45527737,0.54472263,0.14874524,0.32170674,0.00252991,0.08786225,0.01690331,205936,0.5737376399999999,Minority
1520,27,263201,0.01210133,0.65604915,0.33113457,0.50694561,0.49305439,0.32785238,0.05706235,0.0014039,0.10266199,0.01207353,203006,0.32491457999999995,White
1521,28,256532,-0.01354334,0.55800324,0.43276714,0.73377374,0.26622626,0.16690859,0.03794768,0.00087883,0.04958478,0.01159266,202542,0.12523610000000002,White
1522,29,255432,-0.01777323,0.66165603,0.32779771,0.69710565,0.30289435,0.12231902,0.07830053,0.00122629,0.09236103,0.01169657,203051,0.33385831999999993,White
1523,30,261483,0.00549501,0.59655343,0.39379212,0.78014764,0.21985236,0.10274852,0.03782375,0.0005641,0.06646145,0.00992035,205638,0.20276131000000003,White
1524,31,262022,0.00756766,0.41361253,0.57493288,0.87558078,0.12441922,0.02755185,0.04722422,0.00082387,0.03436317,0.01162523,208770,-0.16132035,White
1525,32,257043,-0.01157836,0.55697672,0.43299849,0.75316049,0.24683951,0.09476174,0.10142393,0.00090986,0.03693519,0.01392589,197833,0.12397822999999997,White
1526,33,256888,-0.01217439,0.6034683,0.38626497,0.81676994,0.18323006,0.03888883,0.03298091,0.00076087,0.09826144,0.00725063,201086,0.21720332999999997,White
1527,34,264663,0.01772324,0.55398219,0.43535712,0.80829369,0.19170631,0.0638972,0.04260631,0.00110354,0.06846339,0.01176615,203890,0.11862507000000005,White
1528,35,258819,-0.00474901,0.29110804,0.70014498,0.91470675,0.08529325,0.0239039,0.03107708,0.00091477,0.01051232,0.01561102,200051,-0.40903694,White
1529,36,258511,-0.00593338,0.32242055,0.66788275,0.9091769,0.0908231,0.02003204,0.0406896,0.00081369,0.01707224,0.01051695,196635,-0.3454622,White
1530,37,258301,-0.00674091,0.43053758,0.55916835,0.76685894,0.23314106,0.09914579,0.1011286,0.00103146,0.02351339,0.01585251,199716,-0.12863077,White
1531,38,262729,0.01028633,0.33186773,0.65884541,0.86604327,0.13395673,0.02500545,0.08351947,0.00116282,0.01447225,0.01159912,206395,-0.32697767999999994,White
1532,39,257391,-0.01024018,0.28920369,0.70198985,0.90910834,0.09089166,0.02918658,0.03864537,0.000815,0.00782879,0.01248867,208589,-0.41278616,White
1533,40,260301,0.0009498,0.30017159,0.69085475,0.88148199,0.11851801,0.03231864,0.05613108,0.000907,0.01238423,0.01626718,203969,-0.39068316,White
1534,41,258169,-0.00724849,0.20126982,0.79182963,0.94130931,0.05869069,0.01946967,0.01546307,0.00067505,0.00597834,0.0130154,205910,-0.59055981,White
1535,42,256832,-0.01238973,0.2883766,0.70259879,0.92338408,0.07661592,0.03444309,0.01309079,0.00077829,0.00863373,0.01294093,206863,-0.41422219000000005,White
1536,43,257232,-0.01085159,0.2863551,0.70511413,0.91386084,0.08613916,0.03975176,0.01591598,0.0009309,0.00896527,0.015219,209475,-0.41875903000000003,White
1537,44,258116,-0.0074523,0.35714969,0.63250027,0.92819768,0.07180232,0.02670983,0.01197419,0.0005142,0.01343109,0.01104102,210035,-0.27535057999999996,White
1538,45,256335,-0.01430088,0.2745644,0.71728248,0.9210492,0.0789508,0.03237477,0.019423,0.00044758,0.00764145,0.01208459,214488,-0.44271807999999996,White
1539,46,262117,0.00793297,0.2606594,0.73116303,0.93631008,0.06368992,0.01852642,0.01214225,0.00060711,0.00648377,0.01596042,210834,-0.47050363000000006,White
1540,47,259583,-0.00181116,0.31038289,0.68156964,0.93841933,0.06158067,0.01398514,0.01281971,0.00063787,0.01386045,0.01245042,208507,-0.37118674999999995,White
1541,48,258478,-0.00606028,0.32923404,0.66280204,0.90715675,0.09284325,0.04827002,0.01259218,0.0007846,0.00718178,0.01543216,207748,-0.333568,White
1542,49,259657,-0.00152661,0.31010299,0.68175852,0.91371813,0.08628187,0.04291765,0.01167191,0.00108587,0.00533063,0.01582265,212733,-0.37165553,White
1543,50,256317,-0.01437009,0.37522777,0.61753009,0.90114449,0.09885551,0.04541524,0.01643868,0.00093269,0.01250874,0.01457329,205856,-0.24230232000000002,White
1544,1,28675,-0.00704315,0.69305034,0.27936557,0.8098024,0.1901976,0.06672667,0.07834554,0.00261834,0.02548787,0.01947388,24443,0.41368477,White
1545,2,27743,-0.03931641,0.61427293,0.35634161,0.83321329,0.16678671,0.05149905,0.05338975,0.0032412,0.03727379,0.01508058,22214,0.2579313200000001,White
1546,3,29225,0.01200223,0.55274188,0.41966469,0.92361656,0.07638344,0.01687781,0.02331531,0.00132051,0.01617629,0.01233855,24233,0.13307719,White
1547,4,27773,-0.03827757,0.56236398,0.41111262,0.90520183,0.09479817,0.02713275,0.03612151,0.00091552,0.01360799,0.01131918,24030,0.15125136,White
1548,5,28542,-0.01164866,0.65617546,0.31403805,0.89039315,0.10960685,0.02438696,0.02801811,0.00156901,0.03846326,0.01107276,22307,0.34213741000000003,White
1549,6,30111,0.04268261,0.5930172,0.38070424,0.75426074,0.24573926,0.10626779,0.06356017,0.00184465,0.03103822,0.02249669,24937,0.21231296,White
1550,7,28516,-0.01254899,0.63793307,0.33392456,0.47953348,0.52046652,0.21493223,0.2546044,0.00315216,0.0205791,0.02035394,22207,0.30400851,Minority
1551,8,28768,-0.00382274,0.72019041,0.25008708,0.39180573,0.60819427,0.29150274,0.24184869,0.00217067,0.02378691,0.01935513,22113,0.47010332999999993,Minority
1552,9,29826,0.03281364,0.59710983,0.37449422,0.74421083,0.25578917,0.09787286,0.11061929,0.00192631,0.0181155,0.01770564,24399,0.22261560999999996,White
1553,10,29771,0.0309091,0.57910751,0.39510287,0.36669866,0.63330134,0.12075506,0.49490379,0.00342794,0.01247772,0.03089721,21879,0.18400464000000005,Hispanic
1554,11,29217,0.01172521,0.52297755,0.45001538,0.86560394,0.13439606,0.02674097,0.04523069,0.00146881,0.04527389,0.01054087,23148,0.07296216999999999,White
1555,12,27916,-0.03332577,0.48012444,0.49867496,0.66387088,0.33612912,0.0903568,0.16071995,0.00253888,0.06750691,0.02330326,22057,-0.018550520000000015,White
1556,13,27912,-0.03346428,0.47343319,0.50380721,0.76627326,0.23372674,0.07076714,0.11475261,0.00127099,0.03976396,0.01384476,22030,-0.030374019999999946,White
1557,14,27885,-0.03439924,0.50566359,0.46925948,0.81672286,0.18327714,0.04989885,0.0710272,0.0011688,0.0440998,0.01326141,22245,0.036404110000000045,White
1558,15,28758,-0.00416902,0.52078186,0.45792763,0.73664218,0.26335782,0.09784605,0.11892637,0.00108532,0.03577392,0.01448489,23956,0.06285423000000007,White
1559,16,27738,-0.03948955,0.4373385,0.53979328,0.85794698,0.14205302,0.01680058,0.02805826,0.00064452,0.07833111,0.01237485,23273,-0.10245478000000002,White
1560,17,29568,0.02387963,0.39576061,0.58520023,0.80645425,0.19354575,0.04339646,0.10630292,0.00118614,0.03374371,0.01198413,24449,-0.18943961999999998,White
1561,18,28289,-0.02040954,0.37231272,0.60479622,0.9375765,0.0624235,0.00874279,0.02063298,0.00043714,0.00970449,0.01403217,22876,-0.2324835,White
1562,19,29856,0.03385248,0.41157992,0.56475112,0.87558116,0.12441884,0.02518,0.04468216,0.00090516,0.04188439,0.00933964,24305,-0.15317120000000006,White
1563,20,29250,0.01286793,0.86510791,0.0973569,0.69299048,0.30700952,0.06053333,0.07146667,0.00167619,0.15687619,0.0104381,26250,0.76775101,White
1564,21,28522,-0.01234122,0.78535304,0.16280879,0.53461709,0.46538291,0.15598886,0.21068992,0.00258367,0.0935368,0.02551371,24771,0.6225442499999999,White
1565,22,29145,0.009232,0.66970991,0.2990723,0.21951335,0.78048665,0.23788108,0.52116077,0.00302973,0.04421511,0.0418008,21124,0.37063761,Hispanic
1566,23,28386,-0.01705063,0.68760516,0.27896803,0.5049831,0.4950169,0.18034492,0.28845654,0.00177658,0.03371176,0.02998527,23078,0.40863713000000007,White
1567,24,28965,0.00299896,0.6819821,0.29143849,0.15029305,0.84970695,0.26058238,0.60828914,0.0066983,0.04563215,0.03242162,21498,0.39054361000000004,Hispanic
1568,25,29918,0.03599941,0.68642305,0.28817588,0.1355948,0.8644052,0.22324216,0.61721262,0.00419365,0.077536,0.04366059,21461,0.39824717000000004,Hispanic
1569,26,30013,0.03928907,0.5604002,0.42094862,0.29577401,0.70422599,0.12550201,0.5388828,0.00324023,0.05946513,0.0376506,21912,0.13945158000000002,Hispanic
1570,27,29209,0.01144819,0.51375573,0.46074753,0.71201581,0.28798419,0.08331618,0.1299963,0.00193471,0.07117277,0.01556004,24293,0.05300819999999995,White
1571,28,29781,0.03125538,0.63545982,0.33586132,0.72651366,0.27348634,0.07296808,0.13610563,0.00217999,0.06054623,0.0158358,24312,0.2995985,White
1572,29,30102,0.04237096,0.49851308,0.47575408,0.87434809,0.12565191,0.02854255,0.04426925,0.00109157,0.02842127,0.01811199,24735,0.022758999999999974,White
1573,30,28082,-0.02757753,0.50683032,0.46938492,0.84916468,0.15083532,0.03627685,0.0574962,0.00104144,0.03701454,0.01553482,23045,0.03744539999999996,White
1574,31,28575,-0.01050594,0.57778558,0.39358276,0.87563265,0.12436735,0.02171562,0.03417398,0.00082191,0.05190985,0.00839209,23117,0.18420282000000004,White
1575,32,29287,0.01414917,0.47996723,0.49813822,0.83118573,0.16881427,0.04125918,0.07110178,0.00205666,0.03156348,0.021532,23825,-0.018170989999999998,White
1576,33,28966,0.00303359,0.43397865,0.54157359,0.91482945,0.08517055,0.01541991,0.02773884,0.00089206,0.018266,0.01452785,23541,-0.10759494000000003,White
1577,34,28108,-0.0266772,0.42458293,0.5504787,0.9259162,0.0740838,0.01142782,0.02123561,0.00078813,0.01703227,0.01519331,22839,-0.12589576999999996,White
1578,35,29205,0.01130968,0.53122739,0.44417651,0.89516162,0.10483838,0.0173236,0.03260914,0.00118208,0.02898137,0.01976929,24533,0.08705087999999994,White
1579,36,27732,-0.03969732,0.5849977,0.38314968,0.90897643,0.09102357,0.01807879,0.02734305,0.00206872,0.02415003,0.01722432,22236,0.20184801999999996,White
1580,37,28549,-0.01140627,0.57589481,0.39203798,0.85615337,0.14384663,0.03269429,0.04287776,0.00107194,0.04089878,0.02110905,24255,0.18385682999999997,White
1581,38,29495,0.02135178,0.60330579,0.36789693,0.93010753,0.06989247,0.01347982,0.01975222,0.00081814,0.0172978,0.01363566,25668,0.23540885999999994,White
1582,1,111037,-0.00209498,0.39602777,0.59315589,0.7936501,0.2063499,0.06482275,0.1121757,0.0006185,0.01505008,0.01375883,92159,-0.19712812000000002,White
1583,2,113431,0.01942023,0.45151353,0.53467146,0.59451278,0.40548722,0.30349647,0.06820765,0.00201438,0.01652018,0.02009881,88861,-0.08315792999999999,White
1584,3,108676,-0.02331362,0.35332409,0.63498575,0.65965233,0.34034767,0.26986371,0.04128991,0.0008555,0.0092323,0.02086477,84161,-0.28166166000000004,White
1585,4,109719,-0.01394003,0.54232667,0.4460242,0.39891227,0.60108773,0.54809005,0.02166124,0.0010854,0.0052986,0.03056616,85683,0.09630247000000003,Black
1586,5,111482,0.0019043,0.40895322,0.5779908,0.58760415,0.41239585,0.34992785,0.02777778,0.00075641,0.02218033,0.01466276,85932,-0.16903758000000002,White
1587,6,107819,-0.0310156,0.48881809,0.49129394,0.47680297,0.52319703,0.48064158,0.02201592,0.00109843,0.00817329,0.01587414,84666,-0.0024758500000000017,Black
1588,7,108317,-0.02654,0.47182,0.5169001,0.50501704,0.49498296,0.431773,0.03122633,0.00178673,0.01831693,0.01677868,84512,-0.045080099999999956,White
1589,8,110542,-0.00654361,0.45264882,0.53549875,0.56855364,0.43144636,0.38686505,0.02642804,0.00090209,0.00659309,0.01330868,89791,-0.08284993000000002,White
1590,9,111654,0.00345008,0.31249501,0.67797535,0.80942006,0.19057994,0.09808822,0.04761294,0.00121756,0.0216704,0.01807113,93630,-0.36548033999999996,White
1591,10,107847,-0.03076396,0.30829257,0.6823272,0.82541603,0.17458397,0.06099935,0.06770862,0.00219976,0.0192919,0.02056776,90919,-0.37403463000000003,White
1592,11,115416,0.0372597,0.26598067,0.72520637,0.76610783,0.23389217,0.14648968,0.05223462,0.00126061,0.01183037,0.02217386,92812,-0.4592257,White
1593,12,110670,-0.00539326,0.72566987,0.25782183,0.32850101,0.67149899,0.57858558,0.05607906,0.00283899,0.03343964,0.01638156,82776,0.4678480400000001,Black
1594,13,108355,-0.02619849,0.69741333,0.28478085,0.38783801,0.61216199,0.47826036,0.08628929,0.00268883,0.04143624,0.01614475,85167,0.4126324800000001,Black
1595,14,109053,-0.01992547,0.67159603,0.30729498,0.54885174,0.45114826,0.36982955,0.03977904,0.00185966,0.03359486,0.01257744,90877,0.36430105,White
1596,15,109017,-0.020249,0.53653234,0.44738038,0.49371859,0.50628141,0.4336032,0.03426857,0.00168667,0.02625395,0.01641308,85968,0.08915196000000003,Minority
1597,16,106383,-0.04392113,0.42702711,0.55819839,0.8486415,0.1513585,0.0810892,0.02959846,0.00097379,0.02463333,0.01103631,83180,-0.13117128000000006,White
1598,17,110321,-0.00852977,0.4986049,0.48327307,0.75115555,0.24884445,0.17261713,0.04000355,0.00125254,0.01770176,0.01542946,90217,0.01533182999999999,White
1599,18,114532,0.02931507,0.60474323,0.37469276,0.6131733,0.3868267,0.30020773,0.04439012,0.00208784,0.02729924,0.01495058,95314,0.23005046999999995,White
1600,19,110004,-0.0113787,0.59235205,0.38948475,0.44370616,0.55629384,0.35662129,0.13983532,0.0033223,0.04310623,0.02239564,83677,0.20286730000000003,Minority
1601,20,115445,0.03752033,0.42622551,0.55846033,0.61639079,0.38360921,0.24489424,0.07824275,0.00261834,0.03622413,0.02121992,87842,-0.13223481999999998,White
1602,21,114416,0.02827256,0.39806885,0.58807725,0.64022669,0.35977331,0.22483654,0.07158535,0.00229946,0.0314957,0.02758196,86107,-0.19000840000000002,White
1603,22,113687,0.02172094,0.39998935,0.58001561,0.68136712,0.31863288,0.21732469,0.05264585,0.00249853,0.0217914,0.02786093,84850,-0.18002626,White
1604,23,114443,0.02851522,0.55698505,0.43196847,0.40027007,0.59972993,0.55326834,0.02001405,0.00118569,0.01086885,0.019015,91086,0.12501658,Black
1605,24,109700,-0.01411079,0.49630418,0.49156307,0.45447111,0.54552889,0.46434166,0.06099696,0.00135907,0.0084654,0.01507648,86824,0.004741109999999993,Black
1606,25,111769,0.00448361,0.34605015,0.64021637,0.70917971,0.29082029,0.19736887,0.05332043,0.00150801,0.01779223,0.02427441,88859,-0.29416622,White
1607,26,107279,-0.03586865,0.25666522,0.7311217,0.7699499,0.2300501,0.13742793,0.05690918,0.00153578,0.01034823,0.02414587,82043,-0.47445647999999996,White
1608,27,107243,-0.03619219,0.29739209,0.68850295,0.76369807,0.23630193,0.12804003,0.06009558,0.00119792,0.02424537,0.02550568,80139,-0.39111085999999995,White
1609,28,116099,0.04339792,0.43029466,0.55263352,0.67197136,0.32802864,0.20108713,0.06744382,0.00170274,0.03905389,0.02336903,91617,-0.12233886,White
1610,29,106520,-0.04268989,0.51845712,0.46732547,0.53707622,0.46292378,0.37267372,0.05548209,0.00162299,0.01663862,0.02172397,83180,0.05113164999999997,White
1611,30,112631,0.01223052,0.35656103,0.63152285,0.71427103,0.28572897,0.18883762,0.05118659,0.00087938,0.02025993,0.02474818,87562,-0.27496181999999997,White
1612,31,112351,0.00971412,0.3993521,0.58411107,0.7402637,0.2597363,0.1176169,0.06259309,0.0010011,0.05940667,0.01921621,81910,-0.18475896999999997,White
1613,32,110360,-0.00817927,0.5102081,0.47537758,0.49917902,0.50082098,0.35149653,0.09768484,0.00150122,0.03796444,0.01958623,85264,0.03483052000000003,Minority
1614,33,113240,0.01770369,0.55347647,0.42636159,0.53099079,0.46900921,0.32377404,0.11622687,0.00176602,0.01691961,0.01902744,87768,0.12711487999999999,White
1615,34,106854,-0.03968819,0.29080821,0.69726473,0.74517403,0.25482597,0.14833262,0.0625038,0.00102047,0.0232157,0.02026362,82315,-0.40645652,White
1616,35,110783,-0.00437771,0.23153782,0.75828206,0.79744886,0.20255114,0.10350219,0.05127142,0.00099487,0.02528632,0.02212405,84433,-0.52674424,White
1617,36,109204,-0.01856841,0.27161703,0.71693046,0.78527651,0.21472349,0.13247546,0.04284175,0.00057458,0.01339478,0.02412018,83540,-0.44531343000000007,White
1618,37,109735,-0.01379624,0.31048515,0.67923217,0.65050123,0.34949877,0.27396067,0.05559363,0.0008015,0.00540139,0.01776069,86089,-0.36874702000000004,White
1619,38,113307,0.01830583,0.35740818,0.62994437,0.59945139,0.40054861,0.32956167,0.04634392,0.00107288,0.01039696,0.01598257,90411,-0.27253619,White
1620,39,114468,0.0287399,0.31292517,0.67414433,0.69396984,0.30603016,0.22011706,0.0544823,0.00096988,0.01012732,0.0209877,88671,-0.36121916,White
1621,40,113102,0.01646346,0.3859697,0.59799843,0.6960357,0.3039643,0.16516161,0.07727532,0.00151087,0.04064247,0.01797938,86043,-0.21202872999999994,White
1622,41,111381,0.0009966,0.36426422,0.61403763,0.72091031,0.27908969,0.11390471,0.09185304,0.00127332,0.05545909,0.01736352,86388,-0.24977340999999997,White
1623,42,115994,0.04245427,0.26749398,0.71676264,0.81131746,0.18868254,0.0812986,0.06621664,0.00143949,0.01631425,0.02235575,91699,-0.44926866,White
1624,43,115324,0.03643289,0.21940057,0.76803661,0.78674665,0.21325335,0.08730767,0.08828529,0.00103316,0.00933178,0.02853969,90015,-0.54863604,White
1625,44,111225,-0.0004054,0.27270736,0.71311671,0.81664922,0.18335078,0.08119543,0.04604276,0.00093899,0.0318824,0.02264363,92653,-0.44040935,White
1626,45,112225,0.00858174,0.23070203,0.75721562,0.82999411,0.17000589,0.0864926,0.03837315,0.00081989,0.02011617,0.0207282,86597,-0.52651359,White
1627,46,115365,0.03680136,0.27586693,0.71215811,0.72462965,0.27537035,0.211306,0.03637552,0.00142932,0.00788893,0.01960046,90253,-0.43629117999999995,White
1628,1,205266,-0.0198329,0.41830336,0.56644161,0.60691815,0.39308185,0.23386255,0.09434152,0.00736928,0.04006586,0.02783727,149404,-0.14813825000000003,White
1629,2,214973,0.02651906,0.56112765,0.42638089,0.35842835,0.64157165,0.55917653,0.04819971,0.001199,0.02420177,0.01415417,166806,0.13474675999999997,Black
1630,3,210189,0.00367495,0.58354696,0.39830214,0.34510095,0.65489905,0.54649081,0.06233937,0.00094618,0.03897889,0.01204465,156418,0.18524481999999992,Black
1631,4,207582,-0.00877375,0.58978201,0.39194139,0.42822545,0.57177455,0.43473187,0.08054912,0.00126113,0.04415206,0.01603704,159381,0.19784061999999997,Black
1632,5,209177,-0.00115746,0.6019613,0.3815632,0.33793332,0.66206668,0.58180496,0.04330026,0.00109685,0.02546999,0.01560467,156812,0.22039810000000004,Black
1633,6,212868,0.01646746,0.61257499,0.36842472,0.47013159,0.52986841,0.3967222,0.09122902,0.0012254,0.02796088,0.01795847,165660,0.24415027000000006,Minority
1634,7,210674,0.00599088,0.54498678,0.43448338,0.72680678,0.27319322,0.15189377,0.06400028,0.00168699,0.03175998,0.02695674,170718,0.11050340000000003,White
1635,8,206404,-0.01439883,0.55623757,0.4259917,0.61447155,0.38552845,0.26555135,0.07371588,0.00104752,0.02510993,0.02422685,164198,0.13024586999999999,White
1636,9,207519,-0.00907458,0.21577076,0.77612601,0.7714538,0.2285462,0.16666252,0.0293719,0.00136787,0.00793365,0.0219854,160834,-0.56035525,White
1637,10,214884,0.02609408,0.2024517,0.78796154,0.92433097,0.07566903,0.02255015,0.01627949,0.00067495,0.00908005,0.0228905,173347,-0.58550984,White
1638,11,207896,-0.00727437,0.28163353,0.70703447,0.81218335,0.18781665,0.08888274,0.05329822,0.00146462,0.01827942,0.02411903,159086,-0.42540093999999995,White
1639,12,207305,-0.01009646,0.25265427,0.73570943,0.88489448,0.11510552,0.04100901,0.03083099,0.00089666,0.01399033,0.02492251,168402,-0.48305516,White
1640,13,210050,0.00301121,0.72238026,0.25673582,0.47949413,0.52050587,0.39873947,0.08409276,0.00138741,0.02146343,0.02105432,168659,0.46564444,Minority
1641,14,213578,0.01985779,0.57248706,0.40722046,0.78142046,0.21857954,0.08712348,0.05043195,0.00125575,0.06340432,0.01545586,178379,0.16526660000000004,White
1642,15,216658,0.03456512,0.58550604,0.39416916,0.53129791,0.46870209,0.20585885,0.19874986,0.00162779,0.04744852,0.02676082,168941,0.19133687999999993,White
1643,16,211839,0.01155388,0.53102431,0.45151047,0.51095999,0.48904001,0.27082966,0.14754078,0.00207351,0.05447853,0.02199561,158668,0.07951384000000006,White
1644,17,205245,-0.01993318,0.34791703,0.63791957,0.74153802,0.25846198,0.12938062,0.06437805,0.00137916,0.04232453,0.02184534,153717,-0.29000254,White
1645,18,202227,-0.03434445,0.26470285,0.7238998,0.84889235,0.15110765,0.05974458,0.0431911,0.00108896,0.01951751,0.02373803,155194,-0.45919695,White
1646,19,207568,-0.0088406,0.25524379,0.73207756,0.8615374,0.1384626,0.0493091,0.05137617,0.00098969,0.00933941,0.02498653,159646,-0.47683377,White
1647,20,208348,-0.00511602,0.33706797,0.64603109,0.81721399,0.18278601,0.04809104,0.05170872,0.00114137,0.06254839,0.01546522,149820,-0.30896312000000004,White
1648,21,213831,0.02106589,0.23803198,0.75125328,0.84007553,0.15992447,0.08138143,0.0402848,0.00113656,0.0098502,0.02466159,166291,-0.5132213,White
1649,22,210445,0.00489738,0.22845598,0.76256912,0.80588957,0.19411043,0.13491109,0.02652067,0.00099597,0.00971676,0.02001652,164664,-0.53411314,White
1650,23,206162,-0.0155544,0.16176026,0.82967603,0.89350997,0.10649003,0.05278029,0.01984063,0.00091706,0.00654951,0.02350266,161386,-0.66791577,White
1651,24,214055,0.02213551,0.21667283,0.77316287,0.84747612,0.15252388,0.05702537,0.05594612,0.0009466,0.0098278,0.02691491,165856,-0.5564900399999999,White
1652,25,215083,0.02704432,0.20480971,0.78524493,0.88837099,0.11162901,0.02464328,0.04872176,0.0010761,0.01077289,0.02599881,168200,-0.5804352199999999,White
1653,26,210239,0.00391371,0.26729964,0.71964181,0.85938745,0.14061255,0.05186276,0.03563754,0.00117102,0.0238489,0.02642031,165668,-0.45234217000000004,White
1654,27,207524,-0.00905071,0.18473061,0.80510542,0.86007206,0.13992794,0.04491909,0.04936427,0.00128498,0.01170011,0.03249348,162648,-0.6203748099999999,White
1655,28,212707,0.01569867,0.23933857,0.75044325,0.90324539,0.09675461,0.03077255,0.02235403,0.00099247,0.01091722,0.02703618,171289,-0.51110468,White
1656,29,199074,-0.04940036,0.22566169,0.76317889,0.89648402,0.10351598,0.02687653,0.0313591,0.00071974,0.01036044,0.03031738,158391,-0.5375172,White
1657,30,215110,0.02717325,0.31942553,0.66684065,0.85753888,0.14246112,0.03195741,0.04992263,0.00099774,0.03365416,0.02202188,167379,-0.34741512,White
1658,31,206453,-0.01416485,0.22410597,0.76517578,0.88682972,0.11317028,0.02407826,0.04687252,0.00092327,0.01233873,0.02607154,163550,-0.54106981,White
1659,32,208061,-0.00648648,0.14284488,0.84963414,0.94083041,0.05916959,0.01047416,0.01693332,0.00062469,0.00510668,0.02263437,164882,-0.7067892600000001,White
1660,33,201846,-0.03616377,0.17478402,0.81537688,0.88132652,0.11867348,0.0275754,0.05521323,0.00199777,0.00852796,0.02553393,160179,-0.6405928599999999,White
1661,1,937066,-0.00330912,0.55257382,0.43289837,0.13746521,0.86253479,0.03847298,0.80305249,0.00305507,0.02013399,0.02441909,699166,0.11967545000000002,Hispanic
1662,2,936701,-0.00369735,0.4766182,0.51456656,0.07022855,0.92977145,0.00721802,0.90918261,0.00043708,0.01238815,0.01450633,654335,-0.037948360000000014,Hispanic
1663,3,940459,0.00029977,0.43890301,0.55196108,0.22402903,0.77597097,0.02524661,0.72508989,0.00137905,0.01823789,0.0191587,696133,-0.11305807000000001,Hispanic
1664,4,949945,0.01038936,0.50950787,0.46882019,0.62842137,0.37157863,0.06023003,0.18556797,0.00262119,0.10468127,0.02542984,716088,0.04068767999999995,White
1665,5,949260,0.00966077,0.74049214,0.23459785,0.44310217,0.55689783,0.10851593,0.35476152,0.00238637,0.08228581,0.02928408,753447,0.50589429,Minority
1666,6,953954,0.01465345,0.4951721,0.49354806,0.18979138,0.81020862,0.05190044,0.72403992,0.00263636,0.02991133,0.02321893,684657,0.0016240399999999933,Hispanic
1667,7,953452,0.01411951,0.44810277,0.53766078,0.50601926,0.49398074,0.06072921,0.36140746,0.00622421,0.05771824,0.02818829,741620,-0.08955800999999997,White
1668,8,950960,0.01146894,0.59901788,0.38633313,0.21691922,0.78308078,0.10335514,0.65361656,0.0032701,0.02431458,0.02969948,714962,0.21268474999999998,Hispanic
1669,9,906422,-0.03590298,0.42633151,0.55771971,0.56817793,0.43182207,0.11710809,0.18115876,0.00218008,0.11039539,0.02939347,678416,-0.13138819999999996,White
1670,10,945700,0.00587425,0.36265345,0.62388955,0.53251159,0.46748841,0.17602578,0.22835777,0.00617563,0.04562837,0.02822152,717821,-0.2612361,White
1671,11,927163,-0.01384224,0.28071655,0.709204,0.53019009,0.46980991,0.0892723,0.3463574,0.0017627,0.01633113,0.02549263,706871,-0.42848744999999994,White
1672,12,924510,-0.01666405,0.50827487,0.46357768,0.30950401,0.69049599,0.22916682,0.22521559,0.00156347,0.22949534,0.01701448,669665,0.04469719000000005,Minority
1673,13,924078,-0.01712354,0.348996,0.63972314,0.52450222,0.47549778,0.1753776,0.2416124,0.00139621,0.03989551,0.02500882,699753,-0.29072714,White
1674,14,939474,-0.0007479,0.23353484,0.75671493,0.45344085,0.54655915,0.06509066,0.44209811,0.0017352,0.02350205,0.02570878,695599,-0.52318009,Minority
1675,15,921403,-0.01996875,0.21050654,0.78025593,0.6606243,0.3393757,0.04910701,0.24854673,0.00320242,0.01663726,0.02885519,718207,-0.56974939,White
1676,16,930035,-0.0107875,0.17444425,0.81700041,0.67753571,0.32246429,0.05283164,0.21858614,0.00165055,0.02020608,0.03443195,705827,-0.64255616,White
1677,17,944387,0.00447771,0.25103751,0.7401477,0.63023842,0.36976158,0.09226142,0.22147635,0.00192395,0.03034273,0.02904798,715196,-0.48911018999999994,White
1678,18,950590,0.0110754,0.22390769,0.76780621,0.6624623,0.3375377,0.15908106,0.14016212,0.00111053,0.014223,0.02586352,724882,-0.54389852,White
1679,19,941487,0.00139318,0.22615953,0.76361838,0.71313619,0.28686381,0.10141289,0.12980438,0.0016758,0.01863522,0.03797456,710107,-0.53745885,White
1680,20,942332,0.00229195,0.45564003,0.51069346,0.52325911,0.47674089,0.11393697,0.14162363,0.00199358,0.20140817,0.02285,702757,-0.05505343000000007,White
1681,21,920790,-0.02062075,0.25070249,0.73951307,0.6751327,0.3248673,0.09573465,0.18617558,0.00287637,0.01208824,0.03179836,694973,-0.48881058,White
1682,22,945670,0.00584234,0.55804934,0.41878904,0.30632762,0.69367238,0.19589216,0.4107699,0.00161543,0.07524242,0.03192194,695791,0.13926029999999995,Hispanic
1683,23,942313,0.00227174,0.64927327,0.33534048,0.26001493,0.73998507,0.41942614,0.26351256,0.00173215,0.04894078,0.02538502,689895,0.31393279,Black
1684,24,943904,0.00396397,0.54140938,0.43087311,0.44916875,0.55083125,0.12989442,0.28700372,0.00178083,0.12055882,0.02531613,746283,0.11053627000000005,Minority
1685,25,946208,0.00641458,0.59552857,0.38718518,0.27793957,0.72206043,0.2098111,0.44388088,0.00336106,0.05754264,0.02868044,704243,0.20834339000000002,Hispanic
1686,26,946084,0.00628269,0.38360715,0.60283259,0.61587783,0.38412217,0.08997314,0.20024437,0.00335721,0.06885863,0.02947585,710412,-0.21922544,White
1687,27,945424,0.00558069,0.63563508,0.35196738,0.22004924,0.77995076,0.39988786,0.32708686,0.0029569,0.04937815,0.02357629,697353,0.2836677,Black
1688,28,943733,0.00378209,0.45453534,0.53123405,0.26973029,0.73026971,0.11252909,0.56116486,0.00144609,0.04939274,0.02854087,695669,-0.07669871,Hispanic
1689,29,949270,0.00967141,0.55581291,0.42701297,0.18952149,0.81047851,0.18013933,0.54717966,0.00164465,0.08072786,0.0322848,693763,0.12879994,Hispanic
1690,30,946645,0.00687938,0.58531372,0.39422722,0.36046718,0.63953282,0.17311802,0.3179472,0.00170877,0.14196588,0.02184674,737959,0.19108650000000005,Minority
1691,31,946073,0.00627099,0.4037704,0.57808082,0.48511168,0.51488832,0.14721663,0.24844281,0.00219331,0.10474642,0.02511657,694840,-0.17431042000000008,Minority
1692,1,114088,0.01128983,0.4896168,0.47785507,0.67901915,0.32098085,0.03114702,0.23746086,0.00768121,0.02645621,0.03240182,85273,0.011761730000000026,White
1693,2,110078,-0.02425529,0.54828463,0.41746839,0.48450343,0.51549657,0.03440405,0.36996858,0.04449574,0.05142014,0.03848176,77985,0.13081624000000003,Minority
1694,3,115476,0.02359323,0.51817016,0.45262604,0.46793746,0.53206254,0.03201376,0.36472511,0.04816089,0.07069857,0.03381872,81996,0.06554412000000004,Minority
1695,4,112663,-0.00134154,0.55196072,0.42117048,0.71332795,0.28667205,0.02666744,0.16712439,0.01965151,0.05303485,0.02487884,86660,0.13079023999999995,White
1696,5,113320,0.00448219,0.79092418,0.17790924,0.74671929,0.25328071,0.03202789,0.10804798,0.00923724,0.08010047,0.0225651,97540,0.61301494,White
1697,6,111235,-0.0139995,0.7072575,0.26632163,0.73907327,0.26092673,0.03632798,0.12186026,0.01172017,0.06752131,0.02401841,88224,0.44093587,White
1698,7,113272,0.00405671,0.60655679,0.36785962,0.79692888,0.20307112,0.01987265,0.10352398,0.01065468,0.05111259,0.01780378,87004,0.23869716999999996,White
1699,8,108087,-0.04190376,0.50678129,0.46627881,0.81069893,0.18930107,0.01377028,0.09318179,0.0101263,0.05256504,0.01685651,80681,0.04050248000000006,White
1700,9,117129,0.03824563,0.45456081,0.51205677,0.63267548,0.36732452,0.01809998,0.2666404,0.02618289,0.0392206,0.0280693,83757,-0.05749596000000007,White
1701,10,117717,0.04345773,0.41869905,0.55392323,0.77149813,0.22850187,0.01682896,0.11942572,0.01858926,0.06133583,0.01514357,80100,-0.13522417999999997,White
1702,11,111571,-0.01102116,0.31624876,0.65708507,0.82808344,0.17191656,0.01329787,0.09603557,0.01454455,0.03408965,0.01561115,72192,-0.34083631000000003,White
1703,12,113097,0.00250549,0.41508384,0.55076792,0.84171792,0.15828208,0.01187116,0.08294687,0.01803357,0.03135397,0.01625668,79352,-0.13568407999999998,White
1704,13,112315,-0.00442625,0.35041338,0.61792265,0.83356671,0.16643329,0.01838644,0.09152653,0.00951384,0.03220572,0.01816397,76415,-0.26750927,White
1705,14,113881,0.00945496,0.31820201,0.65055935,0.79532008,0.20467992,0.02306647,0.11511913,0.01118011,0.03933692,0.02184052,75044,-0.33235734,White
1706,15,112967,0.00135315,0.29915652,0.67351232,0.80640894,0.19359106,0.01625768,0.12191988,0.00725108,0.02994568,0.02387767,78609,-0.37435580000000007,White
1707,16,113206,0.00347168,0.40089594,0.57445772,0.87107092,0.12892908,0.00752906,0.07958418,0.00383835,0.0210617,0.01365566,81285,-0.17356177999999994,White
1708,17,115126,0.02049079,0.27005566,0.70983883,0.78021099,0.21978901,0.00688716,0.08557072,0.00378731,0.01221189,0.11346933,80004,-0.43978317000000006,White
1709,18,111886,-0.00822896,0.25230555,0.72952845,0.8246658,0.1753342,0.01108386,0.10902337,0.01472639,0.01961916,0.0231054,83184,-0.4772229,White
1710,19,113866,0.009322,0.20585394,0.77591587,0.87074545,0.12925455,0.00608821,0.07917066,0.00737057,0.01261985,0.02454458,83440,-0.5700619299999999,White
1711,20,115758,0.02609292,0.16642223,0.81166834,0.85817613,0.14182387,0.00964393,0.08230049,0.00820218,0.01423569,0.02814427,82539,-0.64524611,White
1712,21,115883,0.02720093,0.332918,0.63145394,0.83136441,0.16863559,0.01222382,0.1031724,0.00742117,0.02892447,0.01910198,82871,-0.29853594,White
1713,22,109292,-0.03122249,0.20022265,0.76530264,0.87063862,0.12936138,0.0063835,0.08534523,0.0052241,0.013108,0.02134654,73314,-0.5650799900000001,White
1714,23,111278,-0.01361835,0.23202633,0.74016941,0.82723215,0.17276785,0.01055289,0.11325813,0.01165096,0.01687036,0.02357286,70123,-0.50814308,White
1715,24,112323,-0.00435534,0.20465428,0.76711459,0.85212803,0.14787197,0.00652642,0.10693605,0.00937305,0.01188641,0.01678817,72015,-0.5624603100000001,White
1716,25,115197,0.02112014,0.3880959,0.57393365,0.73994882,0.26005118,0.01679536,0.16149474,0.02342045,0.04479133,0.02293298,90263,-0.18583774999999997,White
1717,26,110608,-0.01955731,0.33306063,0.63105627,0.74029052,0.25970948,0.01340469,0.1803262,0.02119011,0.02836391,0.02327982,78480,-0.29799563999999995,White
1718,27,109363,-0.03059314,0.27923184,0.68816788,0.82448052,0.17551948,0.01096745,0.10355904,0.01787586,0.02985135,0.01637053,74402,-0.40893603999999995,White
1719,28,111113,-0.01508093,0.28884506,0.67866433,0.84186998,0.15813002,0.00994887,0.09022644,0.0153981,0.02851717,0.01739956,68450,-0.38981927000000005,White
1720,29,109821,-0.02653337,0.34227807,0.62963874,0.82283902,0.17716098,0.015237,0.08004228,0.01316422,0.05301377,0.01606062,72849,-0.28736067,White
1721,1,223708,0.03671794,0.8202006,0.15229659,0.44730023,0.55269977,0.41305626,0.0905859,0.00159515,0.04214893,0.01700221,183682,0.66790401,Minority
1722,2,224981,0.04261734,0.57718927,0.40045432,0.64366716,0.35633284,0.14022153,0.06553571,0.00118103,0.13400105,0.01399463,174424,0.17673495,White
1723,3,221280,0.02546599,0.67560457,0.31073688,0.35917143,0.64082857,0.55118396,0.05305791,0.00230862,0.02362735,0.02196929,173697,0.36486768999999997,Black
1724,4,221843,0.02807507,0.55127904,0.4282726,0.69992542,0.30007458,0.16262741,0.05445405,0.00104964,0.06458581,0.01854542,181015,0.12300644000000005,White
1725,5,216017,0.00107596,0.63107987,0.3492337,0.72112639,0.27887361,0.13819938,0.05353261,0.00142474,0.07140141,0.01476957,176173,0.28184617,White
1726,6,215442,-0.00158874,0.50430191,0.48303091,0.52104185,0.47895815,0.41952734,0.02906052,0.00184166,0.01630615,0.01820501,174842,0.02127100000000004,White
1727,7,212857,-0.01356826,0.41223843,0.5721608,0.75614353,0.24385647,0.11522403,0.05869757,0.00403803,0.05066326,0.02073889,167656,-0.15992237000000004,White
1728,8,215291,-0.00228851,0.51529076,0.46837548,0.59789085,0.40210915,0.24092302,0.08291361,0.0036491,0.06443194,0.02314047,169357,0.04691527999999995,White
1729,9,213885,-0.00880426,0.55367567,0.42860376,0.51177172,0.48822828,0.27954137,0.07034567,0.00463358,0.1270147,0.02178087,165099,0.12507190999999995,White
1730,10,210544,-0.02428727,0.6314651,0.35249867,0.42770358,0.57229642,0.47546336,0.05354425,0.00318272,0.03070317,0.02372517,158355,0.27896643,Black
1731,11,208563,-0.03346771,0.70007971,0.28054448,0.43137219,0.56862781,0.43246004,0.07487988,0.00417611,0.05175113,0.02256671,165465,0.41953523000000004,Black
1732,12,226442,0.04938797,0.68912697,0.29328662,0.38701339,0.61298661,0.49154775,0.07417743,0.00463053,0.03966802,0.02522611,179893,0.39584035,Black
1733,13,223793,0.03711185,0.57688574,0.40456567,0.56148373,0.43851627,0.29754493,0.08103715,0.00366152,0.05066509,0.02068112,177795,0.17232007000000005,White
1734,14,206918,-0.04109105,0.77045457,0.19893367,0.53637218,0.46362782,0.19630294,0.15258275,0.00251064,0.10663802,0.01870136,171271,0.5715208999999999,White
1735,15,206016,-0.04527114,0.77777195,0.19266705,0.61902329,0.38097671,0.09041623,0.14506386,0.00193539,0.13436514,0.01706987,166375,0.5851048999999999,White
1736,16,212753,-0.01405022,0.58050899,0.3787381,0.42864572,0.57135428,0.09559603,0.13663715,0.00212736,0.33068595,0.01438499,148071,0.20177088999999998,Minority
1737,17,208376,-0.03433432,0.54747544,0.42036418,0.65335022,0.34664978,0.07694495,0.12687353,0.00206824,0.12761034,0.01609348,154721,0.12711126000000006,White
1738,18,219693,0.01811145,0.3704715,0.62064102,0.64855869,0.35144131,0.29757178,0.03289313,0.00077249,0.00804294,0.01464883,176055,-0.25016952,White
1739,19,213557,-0.01032429,0.19077547,0.80191732,0.93130594,0.06869406,0.03147234,0.01209548,0.00091232,0.00537067,0.01703007,174280,-0.6111418500000001,White
1740,20,214868,-0.00424879,0.30963808,0.67528541,0.76421758,0.23578242,0.16400033,0.03057289,0.00106886,0.01972163,0.01875152,172146,-0.36564733,White
1741,21,220647,0.02253252,0.33009824,0.655561,0.87043736,0.12956264,0.06144562,0.02607706,0.00112693,0.0206002,0.01832945,177474,-0.32546275999999996,White
1742,22,210579,-0.02412507,0.20154154,0.78905243,0.92439009,0.07560991,0.02898,0.01935703,0.00068401,0.00630229,0.01770838,171049,-0.58751089,White
1743,23,220144,0.02020149,0.33545478,0.65032737,0.84951484,0.15048516,0.08655466,0.02953662,0.00137576,0.01156757,0.02078794,178084,-0.31487258999999995,White
1744,24,215764,-9.651e-05,0.45608566,0.52831334,0.69061789,0.30938211,0.21333972,0.04255778,0.00143695,0.03776793,0.01789007,167020,-0.07222767999999996,White
1745,25,210531,-0.02434752,0.58519385,0.39702809,0.52485193,0.47514807,0.28844229,0.13021695,0.00151686,0.04448612,0.02106608,158881,0.18816576000000002,White
1746,26,219464,0.0170502,0.35121818,0.63240732,0.81851962,0.18148038,0.0541368,0.08271257,0.00115682,0.02120835,0.0223418,171159,-0.28118914,White
1747,27,216575,0.00366187,0.35943616,0.62358794,0.81539008,0.18460992,0.05587546,0.08930632,0.00141044,0.02552775,0.01638322,171578,-0.26415177999999995,White
1748,28,216883,0.00508921,0.3480802,0.64043885,0.71505787,0.28494213,0.22580775,0.029392,0.00107987,0.01017835,0.01928258,174095,-0.29235865,White
1749,29,213010,-0.01285922,0.37371078,0.61240882,0.76991161,0.23008839,0.15228739,0.03174869,0.00141543,0.02067009,0.02286789,167440,-0.23869803999999994,White
1750,30,217002,0.00564069,0.38441663,0.60089779,0.74798395,0.25201605,0.15349322,0.04032676,0.00273076,0.03525535,0.02285921,171747,-0.21648116,White
1751,31,219406,0.01678142,0.3989662,0.58551088,0.70853739,0.29146261,0.13910715,0.09954275,0.00203357,0.03060586,0.02520907,166210,-0.18654467999999996,White
1752,32,216649,0.0040048,0.51737695,0.46221203,0.58255776,0.41744224,0.2220154,0.12407787,0.00352356,0.05455292,0.02751614,160633,0.05516491999999995,White
1753,33,215164,-0.00287706,0.52895448,0.44242902,0.45708288,0.54291712,0.13628904,0.26530755,0.00211182,0.13195725,0.02357992,157210,0.08652546,Minority
1754,34,212674,-0.01441633,0.58955676,0.37715001,0.38666933,0.61333067,0.27827141,0.21212746,0.00338522,0.11582606,0.02487007,155086,0.21240675000000003,Minority
1755,35,215752,-0.00015212,0.62895332,0.33492935,0.37535844,0.62464156,0.24034886,0.24035512,0.00376905,0.14062559,0.02237638,159722,0.29402397,Minority
1756,36,217545,0.00815708,0.67036968,0.29438007,0.43588903,0.56411097,0.16015816,0.21880032,0.00258829,0.17766195,0.01984756,167678,0.37598961,Minority
1757,37,216468,0.003166,0.67437551,0.28945734,0.4582346,0.5417654,0.08407124,0.21058195,0.00180543,0.23609552,0.02097624,168381,0.38491816999999995,Minority
1758,38,213229,-0.01184432,0.61598512,0.3511444,0.54173896,0.45826104,0.07835899,0.1234634,0.00226414,0.24543173,0.0146554,162534,0.26484072000000003,White
1759,39,213534,-0.01043088,0.65931665,0.30549691,0.47063998,0.52936002,0.09572856,0.13778926,0.00183271,0.28659922,0.01415463,163692,0.35381973999999994,Minority
1760,40,213546,-0.01037527,0.67045203,0.29132003,0.62929901,0.37070099,0.05324558,0.07983201,0.00209686,0.22357568,0.01037519,165009,0.37913199999999997,White
1761,1,49946,0.0096738,0.49657854,0.4670381,0.91470157,0.08529843,0.00966904,0.01604649,0.00095147,0.00892329,0.04135058,38887,0.02954044,White
1762,2,48728,-0.01494844,0.64127816,0.32120589,0.8813985,0.1186015,0.02742754,0.01999297,0.00143166,0.03712262,0.02551866,39814,0.32007227000000005,White
1763,3,49370,-0.00197022,0.83993232,0.11226734,0.84001304,0.15998696,0.04287278,0.03316178,0.00069863,0.0614797,0.01606856,42941,0.7276649799999999,White
1764,4,47862,-0.0324549,0.73578831,0.2306067,0.86341337,0.13658663,0.02645036,0.02484101,0.0010902,0.06086957,0.01619727,38525,0.50518161,White
1765,5,51332,0.03769222,0.48175584,0.47687851,0.92545516,0.07454484,0.00907902,0.01559171,0.00092001,0.0108222,0.03033604,41304,0.004877330000000013,White
1766,6,48842,-0.0126439,0.58187729,0.37450901,0.92620299,0.07379701,0.00884553,0.01384958,0.00080873,0.00871917,0.02881116,39568,0.20736828000000002,White
1767,7,50402,0.01889198,0.66020745,0.30440583,0.92229177,0.07770823,0.01186808,0.01762157,0.00086663,0.01360135,0.02339913,41540,0.35580162000000004,White
1768,8,47795,-0.03380933,0.69053263,0.26727906,0.90875625,0.09124375,0.01736525,0.02386453,0.00114245,0.01452182,0.02378837,39389,0.42325356999999997,White
1769,9,50978,0.030536,0.55307033,0.4135506,0.92266634,0.07733366,0.01296945,0.01879,0.00084531,0.01284869,0.02040816,41405,0.13951973000000006,White
1770,10,49117,-0.00708469,0.52460288,0.44185445,0.91701766,0.08298234,0.01256189,0.01928619,0.0007882,0.01088697,0.02404,40599,0.08274842999999998,White
1771,11,50418,0.01921543,0.71033302,0.25262994,0.90335267,0.09664733,0.01417785,0.02733607,0.00114103,0.02340317,0.02044136,41191,0.45770308,White
1772,12,49720,0.00510514,0.70453665,0.25645328,0.92142929,0.07857071,0.01244834,0.01952928,0.00125995,0.01053321,0.02247757,39684,0.44808337,White
1773,13,48567,-0.01820311,0.67721564,0.28058845,0.90730415,0.09269585,0.01723224,0.024877,0.00093352,0.01438123,0.02485177,39635,0.39662719,White
1774,1,157233,-0.00011213,0.50331159,0.46471005,0.31438413,0.68561587,0.01441168,0.58731515,0.00309543,0.01631303,0.09386424,108870,0.038601540000000045,Hispanic
1775,2,157738,0.0030993,0.57583758,0.3887181,0.71754649,0.28245351,0.03579201,0.10562846,0.01787952,0.09565418,0.03230513,121312,0.18711947999999995,White
1776,3,156410,-0.00534581,0.59554627,0.36899969,0.73581951,0.26418049,0.04202294,0.11786262,0.01575655,0.05638583,0.03712873,121981,0.22654658000000005,White
1777,4,156983,-0.00170195,0.451655,0.51570125,0.80186223,0.19813777,0.02287761,0.07497788,0.01082789,0.05590057,0.03246682,118675,-0.06404625000000003,White
1778,5,155900,-0.00858904,0.36654674,0.60214722,0.84009861,0.15990139,0.01172219,0.06702107,0.00735362,0.02274004,0.04497698,119261,-0.23560048,White
1779,6,157531,0.00178293,0.55652354,0.404456,0.79763147,0.20236853,0.0333634,0.06551116,0.00796831,0.06307988,0.03250853,127505,0.15206754000000006,White
1780,7,158109,0.00545859,0.52402626,0.43528011,0.78669719,0.21330281,0.03924168,0.06287505,0.0146845,0.04254328,0.05305057,124485,0.08874614999999997,White
1781,8,157484,0.00148405,0.39854023,0.56599525,0.85056686,0.14943314,0.02169456,0.0508155,0.00752517,0.03112161,0.03387975,121459,-0.16745501999999995,White
1782,9,155943,-0.0083156,0.7044707,0.25589906,0.76998825,0.23001175,0.02243448,0.07629434,0.00796338,0.07287702,0.04957069,128463,0.44857164,White
1783,10,157043,-0.00132039,0.43308563,0.52990092,0.75905729,0.24094271,0.011015,0.14522586,0.00570808,0.03687268,0.04094271,119655,-0.09681529,White
1784,11,157795,0.00346178,0.58712943,0.37623524,0.80904017,0.19095983,0.02512792,0.069245,0.00774894,0.04914886,0.03568692,129179,0.21089418999999993,White
1785,12,156581,-0.00425838,0.4450844,0.51691602,0.76715774,0.23284226,0.02277462,0.08481554,0.00908827,0.06027306,0.05615637,120485,-0.07183162000000004,White
1786,13,158484,0.00784332,0.61452078,0.34600949,0.62159576,0.37840424,0.06527875,0.14055733,0.01514168,0.12929231,0.03699859,123302,0.26851129,White
1787,14,156710,-0.00343803,0.49811483,0.46080705,0.7894785,0.2105215,0.02194198,0.08436342,0.00815749,0.05988263,0.032297,120135,0.03730778000000001,White
1788,15,155866,-0.00880526,0.67630051,0.28452023,0.61830628,0.38169372,0.0618876,0.09045605,0.01086564,0.19697784,0.02572765,124613,0.39178028000000004,White
1789,16,156616,-0.0040358,0.65910566,0.2983823,0.581622,0.418378,0.05159469,0.09123859,0.01075655,0.24296607,0.02396005,119741,0.36072336000000005,White
1790,17,159062,0.01151898,0.74245815,0.21731478,0.64304681,0.35695319,0.04442662,0.07562472,0.00701135,0.20512615,0.02419478,124655,0.52514337,White
1791,18,157233,-0.00011213,0.56224422,0.40400356,0.81734082,0.18265918,0.01671161,0.05779026,0.00594757,0.02624719,0.07164045,133500,0.15824065999999998,White
1792,19,155488,-0.01120907,0.53425658,0.42700896,0.79400287,0.20599713,0.02383721,0.07334342,0.00836254,0.04539662,0.05608474,125560,0.10724761999999999,White
1793,20,157103,-0.00093884,0.64248306,0.31792892,0.69523246,0.30476754,0.05765303,0.08904487,0.02190053,0.1046719,0.03986999,123376,0.32455414,White
1794,21,157842,0.00376067,0.6225364,0.340556,0.75866662,0.24133338,0.03459471,0.06832794,0.01521944,0.0886604,0.03958809,125366,0.28198039999999996,White
1795,22,157586,0.00213269,0.52603937,0.43435544,0.7639074,0.2360926,0.04280116,0.07372588,0.01771547,0.06471344,0.04024657,126048,0.09168393000000002,White
1796,23,157399,0.00094351,0.6677792,0.29258828,0.70617825,0.29382175,0.08400923,0.08011761,0.01392095,0.08775268,0.03626466,128224,0.37519092000000004,White
1797,24,158326,0.00683856,0.59573081,0.36597352,0.54842936,0.45157064,0.14666425,0.13844848,0.03268179,0.12590645,0.03252522,121352,0.22975729000000006,White
1798,25,158145,0.00568753,0.59611538,0.36626662,0.50858156,0.49141844,0.15330837,0.13756171,0.04013287,0.14222524,0.04635367,120724,0.22984875999999999,White
1799,26,157831,0.00369072,0.86591334,0.09366985,0.60427892,0.39572108,0.0568399,0.07538686,0.0066844,0.23840534,0.02132714,133445,0.7722434899999999,White
1800,27,157687,0.00277498,0.89320216,0.07049209,0.73355929,0.26644071,0.03805869,0.06394876,0.0053751,0.13525842,0.02156012,133951,0.82271007,White
1801,28,158147,0.00570025,0.87126431,0.08508393,0.60131268,0.39868732,0.06298503,0.07592603,0.00668033,0.23544912,0.0212381,145352,0.78618038,White
1802,29,157170,-0.00051277,0.86212779,0.09205601,0.47285525,0.52714475,0.15948459,0.07899892,0.00787511,0.27055699,0.02299812,129141,0.77007178,Minority
1803,30,158275,0.00651423,0.82183822,0.14168257,0.65177254,0.34822746,0.0718518,0.10259797,0.00936291,0.14147875,0.03057622,129447,0.6801556499999999,White
1804,31,158943,0.01076223,0.6802434,0.27938235,0.3913224,0.6086776,0.17930886,0.16794685,0.02607751,0.22266492,0.03435748,125242,0.40086105000000005,Minority
1805,32,156734,-0.00328541,0.51687393,0.44275217,0.80079152,0.19920848,0.01533266,0.06787691,0.00499473,0.0687066,0.03650634,120527,0.07412176000000004,White
1806,33,156062,-0.00755884,0.69554686,0.25649231,0.59274512,0.40725488,0.02310523,0.05680364,0.0044423,0.3056865,0.01419434,114130,0.43905455,White
1807,34,157192,-0.00037286,0.70950384,0.24630137,0.59360417,0.40639583,0.02895433,0.06631997,0.00450491,0.28541042,0.01580356,123643,0.46320247000000003,White
1808,35,155970,-0.0081439,0.70378547,0.25328346,0.50432848,0.49567152,0.03068915,0.06255583,0.00465332,0.38590037,0.01316409,123138,0.45050201,White
1809,36,158389,0.00723919,0.67141284,0.28985626,0.5238726,0.4761274,0.07236954,0.10557583,0.01032922,0.27284253,0.02381978,123049,0.38155658000000003,White
1810,37,156293,-0.00608985,0.56463167,0.39766756,0.61361327,0.38638673,0.07128344,0.08779208,0.01600914,0.19167795,0.02774297,118120,0.16696411000000005,White
1811,38,156329,-0.00586092,0.62433537,0.339378,0.40825818,0.59174182,0.15590347,0.17217769,0.0386356,0.21572311,0.03227288,119760,0.28495736999999993,Minority
1812,39,156687,-0.00358429,0.55331891,0.41298039,0.5254299,0.4745701,0.09811455,0.14575012,0.03398551,0.17267788,0.03975696,118168,0.14033852000000002,White
1813,40,156483,-0.00488159,0.49485138,0.46859076,0.7007066,0.2992934,0.05856699,0.09432141,0.02327033,0.09035979,0.03938312,120153,0.026260620000000012,White
1814,41,157502,0.00159851,0.46097669,0.50427551,0.69122019,0.30877981,0.07498077,0.09081451,0.02859866,0.08869868,0.03724558,114376,-0.043298820000000016,White
1815,42,158316,0.00677496,0.35523134,0.60917103,0.80561119,0.19438881,0.02677019,0.07008217,0.01337685,0.03753431,0.04501809,121329,-0.25393968999999994,White
1816,43,158740,0.0094713,0.36134896,0.6063904,0.78761226,0.21238774,0.01169477,0.12404697,0.00428862,0.02260613,0.0449215,123816,-0.24504144,White
1817,44,158356,0.00702933,0.30380688,0.66619668,0.60613422,0.39386578,0.01231183,0.3263199,0.00311483,0.01945252,0.03969459,115255,-0.3623898,White
1818,45,157085,-0.0010533,0.41307574,0.55341174,0.68631797,0.31368203,0.00707877,0.22652057,0.00387017,0.01591896,0.06000413,120925,-0.14033600000000002,White
1819,46,157530,0.00177657,0.32441082,0.64338547,0.85009011,0.14990989,0.01478019,0.03845102,0.00659758,0.02313176,0.05959546,124288,-0.31897465,White
1820,47,159687,0.01549353,0.3564151,0.61166693,0.72273051,0.27726949,0.02136653,0.19350534,0.00643233,0.0237397,0.03702786,125149,-0.25525183000000007,White
1821,48,154440,-0.01787359,0.35396161,0.6130874,0.70190608,0.29809392,0.01495307,0.21298455,0.00461786,0.02817335,0.03589617,113689,-0.25912578999999997,White
1822,49,154823,-0.01543798,0.42575724,0.53895277,0.57890124,0.42109876,0.02435168,0.32233668,0.00504202,0.04559501,0.03152616,110670,-0.11319552999999999,White
1823,1,176071,-0.01414642,0.51166253,0.47270717,0.7155962,0.2844038,0.10647956,0.13359231,0.00131672,0.02639256,0.02103111,137463,0.03895535999999994,White
1824,2,178070,-0.00295365,0.52941366,0.45220683,0.7089901,0.2910099,0.11268106,0.13139714,0.00118291,0.02832448,0.02173503,137796,0.07720683,White
1825,3,179817,0.00682812,0.50519307,0.47102446,0.76439226,0.23560774,0.06022788,0.10885983,0.00100925,0.04811688,0.02266985,143671,0.034168610000000044,White
1826,4,180513,0.01072515,0.6652724,0.31104467,0.43165047,0.56834953,0.07902357,0.43307164,0.00148198,0.04900404,0.03609184,131581,0.35422772999999996,Hispanic
1827,5,178714,0.00065222,0.85120551,0.1280397,0.32565801,0.67434199,0.55833605,0.06424098,0.00141197,0.04680497,0.01625575,138105,0.72316581,Black
1828,6,179306,0.00396694,0.8081895,0.17463582,0.30988226,0.69011774,0.5647972,0.0548826,0.00149393,0.06542481,0.01579405,129859,0.63355368,Black
1829,7,179598,0.0056019,0.58447344,0.39687404,0.83398608,0.16601392,0.06811597,0.03570905,0.0012636,0.04447749,0.01085583,143241,0.18759940000000003,White
1830,8,175786,-0.01574219,0.52807991,0.45168044,0.81993635,0.18006365,0.04048889,0.06584168,0.00114811,0.05623538,0.01280356,137618,0.07639946999999997,White
1831,9,180437,0.01029961,0.52776597,0.45381788,0.89594173,0.10405827,0.01837141,0.02460419,0.00134255,0.03679151,0.01725841,143756,0.07394809000000002,White
1832,10,180009,0.00790316,0.52880745,0.45488167,0.82774183,0.17225817,0.05330258,0.07900713,0.00117454,0.01746855,0.01912002,140481,0.07392577999999994,White
1833,11,176990,-0.00900077,0.3422876,0.64406795,0.88283711,0.11716289,0.01054875,0.07174585,0.00084677,0.0114601,0.01696411,139353,-0.3017803499999999,White
1834,12,181735,0.01756735,0.35936922,0.62566022,0.907303,0.092697,0.00967554,0.04279566,0.00075129,0.01881043,0.01336881,142421,-0.266291,White
1835,13,181567,0.01662669,0.37551279,0.60919238,0.90922102,0.09077898,0.01623672,0.02589556,0.00081783,0.03094353,0.01112529,141839,-0.23367959,White
1836,14,178111,-0.00272409,0.47632384,0.50738887,0.88210804,0.11789196,0.01541527,0.02722226,0.00108177,0.05339122,0.01690983,140510,-0.031065029999999993,White
1837,15,182079,0.01949347,0.49584668,0.4904268,0.89306114,0.10693886,0.01871238,0.03317036,0.00085785,0.0306247,0.02035835,143381,0.005419879999999988,White
1838,16,178994,0.00221999,0.46608754,0.51806175,0.9190507,0.0809493,0.0146566,0.03374326,0.00096368,0.00792521,0.01682129,139050,-0.051974209999999965,White
1839,17,176287,-0.01293699,0.61448592,0.36934432,0.87989965,0.12010035,0.02954505,0.05035754,0.00103731,0.02256342,0.01353658,135928,0.24514160000000002,White
1840,18,176134,-0.01379367,0.63523088,0.34647882,0.85496211,0.14503789,0.03417818,0.04096595,0.00080496,0.05350448,0.01257479,137895,0.28875206000000003,White
1841,19,174769,-0.02143655,0.84078983,0.14149796,0.74245279,0.25754721,0.0583386,0.07087579,0.00140648,0.11074846,0.01596926,148598,0.6992918699999999,White
1842,20,175402,-0.01789227,0.6986825,0.28405461,0.80512719,0.19487281,0.07004404,0.05738441,0.00141399,0.04869427,0.01581164,135786,0.41462789,White
1843,21,177014,-0.00886639,0.31842139,0.66727434,0.90366835,0.09633165,0.02663018,0.03735513,0.00064307,0.01372594,0.01306858,139954,-0.34885294999999994,White
1844,22,178282,-0.00176663,0.31344493,0.67231629,0.93168713,0.06831287,0.01115472,0.02944619,0.00073508,0.00987011,0.01293177,140120,-0.35887136000000003,White
1845,23,178877,0.00156489,0.34435278,0.64205993,0.91416997,0.08583003,0.00923441,0.02601222,0.000647,0.0134693,0.03326153,136013,-0.2977071499999999,White
1846,24,181287,0.01505892,0.3534327,0.62801928,0.91805776,0.08194224,0.0163018,0.02900505,0.00137653,0.01086554,0.0202707,143113,-0.27458657999999997,White
1847,25,179694,0.00613942,0.31983075,0.66791277,0.90085195,0.09914805,0.00751186,0.02607305,0.00056374,0.00616592,0.05357659,141909,-0.34808202000000005,White
1848,26,177643,-0.0053445,0.31059136,0.67558522,0.93371305,0.06628695,0.00574646,0.02543931,0.00097704,0.00754133,0.02142257,138172,-0.36499386,White
1849,27,181409,0.01574202,0.33408942,0.65122613,0.94332884,0.05667116,0.00870995,0.0161,0.00136225,0.00839233,0.0146954,141677,-0.31713670999999993,White
1850,28,180339,0.00975089,0.34550542,0.63142465,0.92900266,0.07099734,0.01049563,0.01874781,0.0008145,0.00948108,0.02294178,139963,-0.28591923,White
1851,29,178268,-0.00184502,0.44331224,0.54158937,0.89426806,0.10573194,0.00901622,0.01314124,0.00092351,0.00712815,0.06947551,146181,-0.09827712999999993,White
1852,30,177304,-0.00724263,0.44689655,0.53807988,0.86522575,0.13477425,0.01761857,0.05191568,0.00103974,0.0429426,0.01734083,140420,-0.09118332999999995,White
1853,31,176834,-0.00987424,0.50309963,0.48125076,0.85333634,0.14666366,0.02438332,0.05246197,0.00122208,0.04548596,0.02096442,137471,0.02184887000000002,White
1854,32,176512,-0.01167718,0.47183774,0.51264043,0.86539683,0.13460317,0.03711689,0.04442747,0.00127078,0.02953502,0.01964718,140071,-0.04080269000000003,White
1855,33,179866,0.00710248,0.51022208,0.47355711,0.76878996,0.23121004,0.04647094,0.10437424,0.00141105,0.03725595,0.04577262,138904,0.03666497000000002,White
1856,1,105822,0.00293134,0.46475441,0.5086365,0.85242383,0.14757617,0.05077047,0.02843419,0.00147622,0.04309415,0.01819152,88063,-0.04388209000000004,White
1857,2,106663,0.01090195,0.30136209,0.68035061,0.92056836,0.07943164,0.0321377,0.01141339,0.00079709,0.00838676,0.0171894,86565,-0.37898851999999994,White
1858,3,105359,-0.00145675,0.28146281,0.69655965,0.92467197,0.07532803,0.02612382,0.01184217,0.00079343,0.00586187,0.02242907,84444,-0.41509683999999997,White
1859,4,109425,0.03707889,0.38120453,0.59800749,0.80811624,0.19188376,0.09035959,0.05418731,0.00138668,0.01921208,0.02526845,84374,-0.21680296,White
1860,5,110508,0.04734306,0.25742611,0.72651493,0.87452441,0.12547559,0.05348614,0.03034543,0.00090204,0.0141666,0.0219033,86471,-0.46908882,White
1861,6,101040,-0.04239021,0.50588208,0.47070702,0.80457837,0.19542163,0.13176629,0.0159077,0.00094513,0.02168897,0.02214312,81470,0.035175060000000036,White
1862,7,101514,-0.03789786,0.25317449,0.72608717,0.93996576,0.06003424,0.01912868,0.00762437,0.0006405,0.00582606,0.0216414,81187,-0.47291268000000003,White
1863,8,101527,-0.03777465,0.36460916,0.61516377,0.88943971,0.11056029,0.05528624,0.01395859,0.0008039,0.01669915,0.02007308,82100,-0.25055461,White
1864,9,108706,0.03026455,0.24921886,0.7340617,0.93844199,0.06155801,0.01581105,0.01059075,0.00077381,0.00789975,0.02085812,86585,-0.48484284000000005,White
1865,10,105202,-0.00294472,0.25430064,0.72534919,0.9265208,0.0734792,0.02160375,0.01598942,0.00093773,0.00774225,0.02029334,83180,-0.47104854999999995,White
1866,11,104270,-0.01177778,0.19596053,0.78910361,0.88953988,0.11046012,0.06582818,0.0118389,0.00066579,0.01032575,0.01833941,82609,-0.5931430799999999,White
1867,12,103110,-0.02277172,0.20344488,0.7800689,0.88814974,0.11185026,0.06951846,0.01277533,0.0007338,0.00494412,0.02095538,83129,-0.5766240199999999,White
1868,13,107283,0.01677802,0.18501282,0.79965655,0.9551226,0.0448774,0.01390301,0.00669141,0.00043742,0.0028137,0.01731965,84586,-0.61464373,White
1869,14,108701,0.03021716,0.2342647,0.74718712,0.94712806,0.05287194,0.01152307,0.00888653,0.00038842,0.00846281,0.01836158,84960,-0.51292242,White
1870,15,105986,0.00448566,0.19222513,0.79067299,0.94340951,0.05659049,0.01745577,0.00866923,0.00090329,0.00468068,0.02099855,85244,-0.59844786,White
1871,16,103344,-0.02055398,0.27182658,0.70803641,0.92176621,0.07823379,0.03378988,0.01180842,0.00063732,0.00554346,0.02098339,83161,-0.43620982999999997,White
1872,17,105256,-0.00243294,0.19494069,0.78801119,0.91434366,0.08565634,0.04232112,0.01656761,0.00053064,0.00428046,0.01788831,84804,-0.5930705,White
1873,1,19426,0.04398311,0.13960546,0.84023412,0.87923336,0.12076664,0.00714433,0.06718417,0.00109913,0.00886172,0.03084427,14557,-0.70062866,White
1874,2,17806,-0.04307818,0.20122094,0.77036863,0.88350835,0.11649165,0.01004759,0.05794364,0.00166201,0.01291833,0.03014278,13237,-0.56914769,White
1875,3,19460,0.04581033,0.21812762,0.75843382,0.84528125,0.15471875,0.01624379,0.08564908,0.00241643,0.00946436,0.03933414,14898,-0.5403062000000001,White
1876,4,18156,-0.02426864,0.31932104,0.65004641,0.86062844,0.13937156,0.01911381,0.07015639,0.00282363,0.01310455,0.03250796,13812,-0.33072536999999996,White
1877,5,18858,0.01345792,0.27045284,0.70215161,0.84878015,0.15121985,0.01619462,0.07865956,0.00168256,0.0159843,0.03512339,14264,-0.43169877,White
1878,6,18695,0.00469805,0.3783756,0.59010165,0.83174494,0.16825506,0.02235173,0.09029825,0.00356531,0.02639698,0.02502571,14585,-0.21172605000000005,White
1879,7,19008,0.02151915,0.34101883,0.63182038,0.78324615,0.21675385,0.03310848,0.12561949,0.00399229,0.02601872,0.03276432,14528,-0.29080154999999996,White
1880,8,19168,0.0301178,0.29728651,0.67704177,0.74895575,0.25104425,0.02909735,0.16509735,0.00382301,0.01890265,0.04254867,14125,-0.37975526,White
1881,9,18564,-0.00234209,0.2595928,0.71848081,0.76289554,0.23710446,0.0437798,0.13300101,0.00469585,0.02225112,0.03720561,13842,-0.45888800999999996,White
1882,10,18993,0.02071303,0.43077366,0.54156462,0.73806443,0.26193557,0.04114374,0.16612757,0.00329926,0.01986027,0.03965584,15458,-0.11079096000000005,White
1883,11,18582,-0.00137474,0.16876065,0.81143526,0.86932402,0.13067598,0.00842408,0.08389836,0.00034244,0.00657489,0.02328608,14601,-0.64267461,White
1884,12,17910,-0.03748906,0.1335296,0.84649353,0.90041929,0.09958071,0.00538085,0.0509434,0.00251572,0.00691824,0.03032844,14310,-0.71296393,White
1885,13,18705,0.00523547,0.47012223,0.49649163,0.81980148,0.18019852,0.01635276,0.08290914,0.00178162,0.04734029,0.02793332,15716,-0.026369400000000043,White
1886,14,18361,-0.01325162,0.4664307,0.50248866,0.81302854,0.18697146,0.01724366,0.10299947,0.00237844,0.03204281,0.0292019,15136,-0.036057960000000056,White
1887,15,18257,-0.01884074,0.20529628,0.77136864,0.81137455,0.18862545,0.00960384,0.12942677,0.00307623,0.01020408,0.0317377,13328,-0.56607236,White
1888,16,19138,0.02850555,0.2448952,0.72657201,0.79527391,0.20472609,0.01582458,0.13596367,0.0031933,0.0165342,0.03008799,14092,-0.48167681000000007,White
1889,17,19414,0.04333822,0.201935,0.77350533,0.76739964,0.23260036,0.01398695,0.17086948,0.00228633,0.0100195,0.03429494,14871,-0.57157033,White
1890,18,17720,-0.04769995,0.67084797,0.29744104,0.82403553,0.17596447,0.00534277,0.12531224,0.00138773,0.02185679,0.01741604,14412,0.37340692999999997,White
1891,19,17758,-0.04565777,0.34629465,0.62995943,0.88500366,0.11499634,0.00446233,0.06825165,0.00190198,0.01097293,0.01799561,13670,-0.28366478,White
1892,20,17688,-0.04941968,0.180155,0.79341888,0.86148516,0.13851484,0.0064572,0.09040082,0.00314985,0.00905583,0.02945114,12699,-0.6132638800000001,White
1893,21,18924,0.01700486,0.12249902,0.85347195,0.92516459,0.07483541,0.00299927,0.03657644,0.00234089,0.00775421,0.01887345,13670,-0.73097293,White
1894,22,18941,0.01791847,0.20467095,0.76989228,0.90863111,0.09136889,0.00637152,0.02686548,0.00144509,0.00978718,0.03941146,15224,-0.56522133,White
1895,23,17967,-0.03442579,0.43065967,0.53335832,0.63111583,0.36888417,0.00720625,0.03959645,0.00257908,0.01365395,0.31305469,13183,-0.10269865000000006,White
1896,24,17769,-0.04506661,0.18383782,0.79089142,0.79143911,0.20856089,0.01107011,0.07062731,0.00206642,0.00752768,0.12354244,13550,-0.6070536,White
1897,25,18802,0.0104484,0.18291622,0.7955358,0.89348793,0.10651207,0.00411217,0.05770527,0.00175273,0.01092086,0.02312256,14834,-0.61261958,White
1898,26,19538,0.05000217,0.14359809,0.83321469,0.86550858,0.13449142,0.00359639,0.0888919,0.00244283,0.00909276,0.02829613,14737,-0.6896166,White
1899,27,19528,0.04946475,0.19529998,0.7787075,0.91578947,0.08421053,0.00622593,0.03138639,0.00134788,0.00827985,0.02785623,15580,-0.58340752,White
1900,28,19508,0.04838992,0.25897825,0.71249368,0.89675672,0.10324328,0.00713389,0.04088777,0.00191558,0.01096506,0.03091353,15139,-0.45351543,White
1901,29,18419,-0.01013461,0.10536886,0.87682421,0.87880876,0.12119124,0.00842137,0.06476803,0.00084214,0.00888072,0.03054662,13062,-0.77145535,White
1902,30,17775,-0.04474416,0.1267356,0.85155096,0.85774865,0.14225135,0.01025443,0.0772552,0.00161912,0.01410948,0.03508096,12970,-0.72481536,White
1903,31,18013,-0.03195368,0.09494495,0.88753404,0.89122065,0.10877935,0.00392542,0.05759795,0.00158526,0.00573715,0.03178078,13247,-0.79258909,White
1904,1,24450,-0.03486878,0.29921319,0.68002997,0.94711594,0.05288406,0.00861172,0.01491157,0.00104034,0.00768697,0.0144492,17302,-0.38081677999999997,White
1905,2,24418,-0.03613194,0.32949014,0.64873174,0.87653344,0.12346656,0.03233648,0.04499972,0.00113065,0.01509413,0.02651365,17689,-0.3192416,White
1906,3,24351,-0.03877668,0.40268659,0.57708852,0.79360548,0.20639452,0.06754211,0.0422495,0.00028547,0.07479303,0.01929774,17515,-0.17440192999999998,White
1907,4,25214,-0.0047109,0.47622522,0.49483157,0.73750186,0.26249814,0.08779666,0.06698707,0.00158549,0.02427786,0.0827429,20183,-0.018606349999999994,White
1908,5,24486,-0.03344773,0.41623058,0.56195153,0.8530803,0.1469197,0.03176033,0.05248339,0.00191463,0.02950783,0.02950783,17758,-0.14572094999999996,White
1909,6,25335,6.541e-05,0.50398535,0.46596295,0.72691013,0.27308987,0.10914271,0.07899508,0.0020202,0.03356643,0.05045325,19305,0.03802240000000001,White
1910,7,24709,-0.0246451,0.5292923,0.44539916,0.87013742,0.12986258,0.04080338,0.03567653,0.00079281,0.01612051,0.03557082,18920,0.08389314000000003,White
1911,8,24251,-0.04272404,0.4928496,0.48152414,0.83467825,0.16532175,0.04960687,0.05214153,0.00129319,0.02048417,0.04091661,19332,0.01132546000000001,White
1912,9,25768,0.01715751,0.32930945,0.64278297,0.90769822,0.09230178,0.00821207,0.02891034,0.00086443,0.01051722,0.03856313,20823,-0.31347351999999995,White
1913,10,26372,0.04099961,0.72115997,0.25159337,0.11136047,0.88863953,0.0055195,0.02219931,0.00048523,0.00485231,0.87371869,16487,0.4695666,Native
1914,11,26546,0.04786803,0.22523215,0.75453954,0.89601288,0.10398712,0.00904442,0.01984089,0.00265177,0.00909177,0.05753386,21118,-0.52930739,White
1915,12,24616,-0.02831615,0.45178308,0.51287191,0.71676741,0.28323259,0.02356885,0.04652817,0.00213339,0.01940367,0.19617006,19687,-0.06108882999999998,White
1916,13,24764,-0.02247405,0.36556669,0.61027569,0.87570419,0.12429581,0.01290587,0.03451808,0.00107549,0.01915395,0.05351839,19526,-0.244709,White
1917,14,26297,0.03803908,0.3291812,0.64084039,0.80204896,0.19795104,0.02186869,0.04097917,0.00216717,0.02556272,0.11141211,20303,-0.31165919000000003,White
1918,15,26015,0.02690751,0.34834835,0.62668919,0.76564266,0.23435734,0.02347683,0.05008733,0.00318504,0.01957259,0.14070687,19466,-0.27834084000000003,White
1919,16,26127,0.03132856,0.25062735,0.72349435,0.87006537,0.12993463,0.02179091,0.03598034,0.00293924,0.01550702,0.0511833,19733,-0.4728669999999999,White
1920,17,25943,0.0240654,0.27560241,0.70269313,0.63934163,0.36065837,0.00561107,0.01902421,0.00219099,0.00406135,0.33035857,18713,-0.42709072,White
1921,18,25275,-0.00230301,0.21836149,0.7632292,0.76032043,0.23967957,0.00683578,0.01217623,0.0024032,0.00566088,0.21612817,18725,-0.5448677100000001,White
1922,19,25783,0.01774962,0.31701594,0.66000485,0.81628661,0.18371339,0.00828744,0.0199722,0.00097802,0.00859628,0.14541617,19427,-0.34298891,White
1923,20,24047,-0.05077667,0.20419707,0.77670301,0.92250548,0.07749452,0.00619956,0.01592646,0.00128267,0.00416867,0.05242905,18711,-0.57250594,White
1924,21,26543,0.04774961,0.35909864,0.62193878,0.87745699,0.12254301,0.02254791,0.03568453,0.00122543,0.02455762,0.03784128,20401,-0.26284014,White
1925,22,26344,0.03989435,0.36340005,0.61805736,0.77829656,0.22170344,0.00903027,0.03242689,0.00148794,0.01375064,0.16706003,19490,-0.25465731,White
1926,23,24788,-0.02152668,0.29091062,0.68539987,0.92745571,0.07254429,0.00587064,0.02117622,0.00099591,0.01069294,0.03328441,19078,-0.39448925,White
1927,24,24174,-0.04576352,0.25485613,0.72515515,0.92684711,0.07315289,0.00241967,0.02768556,0.00213832,0.00461426,0.03522593,17771,-0.47029901999999996,White
1928,25,26275,0.03717066,0.29323137,0.68291944,0.90183206,0.09816794,0.0043257,0.04025445,0.00045802,0.00783715,0.04335878,19650,-0.38968807000000005,White
1929,26,26287,0.03764435,0.42689897,0.54701327,0.87379281,0.12620719,0.02642861,0.03354219,0.00131907,0.04004334,0.02515664,21227,-0.12011430000000001,White
1930,27,24226,-0.04371089,0.26812272,0.70837233,0.79552373,0.20447627,0.01042959,0.09786898,0.0025933,0.07340174,0.02373436,17738,-0.44024961,White
1931,28,24458,-0.03455299,0.24155674,0.73907756,0.80277673,0.19722327,0.00990152,0.01888823,0.00290588,0.00495076,0.16439757,18583,-0.49752082000000003,White
1932,29,25715,0.01506541,0.27723971,0.69895077,0.91799428,0.08200572,0.00898693,0.03222018,0.00178717,0.00791462,0.03073938,19584,-0.4217110600000001,White
1933,30,24168,-0.04600036,0.27349483,0.70733055,0.92772917,0.07227083,0.00749878,0.03450524,0.00146715,0.00755312,0.01885562,18403,-0.43383572,White
1934,31,26101,0.03030224,0.40214111,0.57644777,0.89432283,0.10567717,0.02535838,0.02541013,0.00087978,0.03079232,0.01826838,19323,-0.17430666,White
1935,32,26558,0.04834171,0.35371596,0.62566811,0.92544197,0.07455803,0.01784342,0.01960031,0.00060393,0.01663556,0.01482376,18214,-0.27195215,White
1936,33,25086,-0.00976353,0.26421826,0.71206716,0.94491275,0.05508725,0.00595973,0.0178255,0.00075168,0.00590604,0.01820134,18625,-0.44784890000000005,White
1937,34,25006,-0.01292142,0.3495921,0.62301417,0.89029988,0.10970012,0.01846185,0.04452264,0.000612,0.00749694,0.03819869,19608,-0.27342207,White
1938,35,26171,0.0330654,0.40999813,0.56789778,0.87824543,0.12175457,0.02207611,0.03071459,0.00206364,0.02644335,0.03560973,20837,-0.15789965,White
