id,TotalPop,DemPct,RepPct,WhitePct,MinorityPct,BlackPct,HispanicPct,PacificPct,AsianPct,NativePct,TotalVAP,Margin,Majority
AK-1,98606,0.535106,0.41070152,0.29730115,0.70269885,0.02045147,0.04442071,0.0114363,0.08313039,0.55134943,70215,0.12440448,Native
AK-2,98484,0.35890147,0.59491344,0.68441477,0.31558523,0.05547898,0.06887369,0.00992895,0.04961796,0.13189975,74731,-0.23601197,White
AK-3,107090,0.50100142,0.46291511,0.68659101,0.31340899,0.01560891,0.04151332,0.01049667,0.06398589,0.18858502,84503,0.03808631,White
AK-4,107052,0.35957592,0.60534389,0.769533,0.230467,0.02926841,0.05545332,0.00784553,0.04548167,0.08934699,80428,-0.24576797,White
AK-5,107081,0.53237895,0.42974737,0.49281084,0.50718916,0.08907248,0.08725691,0.0502632,0.14475801,0.1615977,82068,0.10263158,Minority
AK-6,107997,0.53233342,0.43494052,0.55625945,0.44374055,0.06730414,0.08316563,0.03995142,0.12834467,0.14051466,83977,0.0973929,White
AK-7,107081,0.24048802,0.72331825,0.78751553,0.21248447,0.01854484,0.03921569,0.00820942,0.02739463,0.11504719,78081,-0.48283023,White
AL-1,100700,0.63012597,0.35718555,0.41720727,0.58279273,0.52532339,0.02716123,0.00099307,0.01699834,0.01675329,77537,0.27294042,Black
AL-2,100941,0.67282316,0.31163979,0.37333863,0.62666137,0.56566109,0.02833619,0.00130605,0.01906579,0.01685062,78098,0.36118337,Black
AL-3,97799,0.27955406,0.70642266,0.71597347,0.28402653,0.17170594,0.03419989,0.00174009,0.04661599,0.02739654,76433,-0.4268686,White
AL-4,96410,0.2149043,0.77435268,0.76523347,0.23476653,0.14357114,0.02711215,0.00093112,0.01621252,0.04499521,73030,-0.55944838,White
AL-5,97776,0.25874443,0.73172208,0.69262447,0.30737553,0.2264268,0.01515232,0.0011483,0.00731218,0.05802228,75764,-0.47297765,White
AL-6,103182,0.25991927,0.72251649,0.82649818,0.17350182,0.08901813,0.03876251,0.00131888,0.01527389,0.02539786,79613,-0.46259722,White
AL-7,101913,0.18172805,0.80643979,0.84722036,0.15277964,0.04521254,0.05781016,0.00107214,0.01083103,0.03019043,82079,-0.62471174,White
AL-8,104229,0.20502137,0.78470273,0.7492207,0.2507793,0.16478931,0.04382708,0.00191254,0.01664162,0.02742142,80521,-0.57968136,White
AL-9,97682,0.21819836,0.77101911,0.73764529,0.26235471,0.17901479,0.04226299,0.00196358,0.01399541,0.02730555,75882,-0.55282075,White
AL-10,102651,0.28990273,0.69603142,0.66036355,0.33963645,0.26630757,0.03477855,0.00167775,0.01665132,0.02254235,79273,-0.40612869,White
AL-11,103938,0.57066798,0.41969436,0.4165916,0.5834084,0.5233277,0.03886921,0.00233215,0.00911884,0.01669525,81041,0.15097362,Black
AL-12,100657,0.59355177,0.39414959,0.37383705,0.62616295,0.52218102,0.02989978,0.00119342,0.06619015,0.01110013,77927,0.19940218,Black
AL-13,102099,0.62207289,0.36556501,0.39500503,0.60499497,0.54422115,0.02985315,0.0013406,0.01971177,0.01428731,80561,0.25650788,Black
AL-14,98926,0.63266579,0.35664351,0.37743563,0.62256437,0.56163799,0.04009574,0.00100919,0.01287359,0.0141933,77290,0.27602228,Black
AL-15,99754,0.56371678,0.43048903,0.40142738,0.59857262,0.57300842,0.01082749,0.00090015,0.00448788,0.01377226,77765,0.13322775,Black
AL-16,98246,0.55007987,0.44466886,0.44007378,0.55992622,0.52973575,0.018227,0.00076853,0.00558466,0.00995248,78071,0.10541101,Black
AL-17,101870,0.6505164,0.33616849,0.416339,0.583661,0.5193218,0.03612662,0.00115204,0.01783165,0.01382454,79858,0.31434791,Black
AL-18,103970,0.48193416,0.50081483,0.5621503,0.4378497,0.31974157,0.04600475,0.00115804,0.05763394,0.01679771,82035,-0.01888067,White
AL-19,105043,0.30891523,0.67297106,0.70293187,0.29706813,0.19486618,0.03867397,0.00154501,0.04189781,0.02188564,82200,-0.36405583,White
AL-20,104541,0.21226578,0.77941909,0.78134291,0.21865709,0.16761526,0.02287538,0.00071599,0.00657743,0.02090943,82403,-0.56715331,White
AL-21,103819,0.22463891,0.76302039,0.7594287,0.2405713,0.15122675,0.05162975,0.00131799,0.01321792,0.02331829,78908,-0.53838148,White
AL-22,98364,0.26151928,0.72663355,0.72191011,0.27808989,0.21917844,0.02445624,0.0008762,0.00994743,0.02182765,77608,-0.46511427,White
AL-23,103436,0.2423525,0.74438485,0.77418917,0.22581083,0.15015841,0.0359463,0.00070265,0.01125479,0.02908002,81121,-0.50203235,White
AL-24,104470,0.31583062,0.67063474,0.68705239,0.31294761,0.23993452,0.03443627,0.00172121,0.01455206,0.02333867,83081,-0.35480412,White
AL-25,101466,0.32727037,0.66414223,0.67736944,0.32263056,0.27618394,0.01911774,0.0009484,0.0068759,0.01905534,80135,-0.33687186,White
AL-26,100099,0.3186251,0.6636039,0.70875687,0.29124313,0.17284431,0.07516428,0.0014483,0.01641411,0.02657905,74570,-0.3449788,White
AL-27,96579,0.14175289,0.84859687,0.83432088,0.16567912,0.0262927,0.09240238,0.00055339,0.00454858,0.0501289,74089,-0.70684398,White
AL-28,103949,0.25124925,0.73393464,0.76487401,0.23512599,0.13833182,0.05507788,0.00107179,0.02129281,0.01722003,83972,-0.48268539,White
AL-29,103144,0.15664434,0.83323668,0.85284646,0.14715354,0.08917181,0.03056353,0.00080199,0.00595231,0.0224308,79801,-0.67659234,White
AL-30,103608,0.28343887,0.69841608,0.77660075,0.22339925,0.10321016,0.05565181,0.00102715,0.04093755,0.02134742,80806,-0.41497721,White
AL-31,101448,0.60996802,0.37825044,0.40845178,0.59154822,0.50342899,0.05128795,0.000613,0.02343461,0.01589977,78303,0.23171758,Black
AL-32,95886,0.60697924,0.38146906,0.4076095,0.5923905,0.51567573,0.05246352,0.00172453,0.00774692,0.01867346,74223,0.22551018,Black
AL-33,103155,0.59799083,0.38814678,0.43028648,0.56971352,0.49542714,0.04863974,0.00077288,0.01195383,0.01715787,77632,0.20984405,Black
AL-34,100287,0.64241547,0.33956246,0.45471349,0.54528651,0.48320479,0.03360316,0.00127478,0.01856078,0.0123526,78445,0.30285301,Black
AL-35,101950,0.67053947,0.31120595,0.40072274,0.59927726,0.49723695,0.05008258,0.00103071,0.04192383,0.01541098,80527,0.35933352,Black
AL-36,99673,0.53848428,0.43381126,0.67734093,0.32265907,0.2229071,0.03876378,0.00098229,0.04637656,0.01342059,81442,0.10467302,White
AL-37,98813,0.17662125,0.81128983,0.8365264,0.1634736,0.10030764,0.02199717,0.00051494,0.00978386,0.02669765,75737,-0.63466858,White
AL-38,100244,0.12750131,0.86281683,0.85482055,0.14517945,0.0472283,0.05777668,0.00102248,0.00531949,0.03033794,77263,-0.73531552,White
AL-39,99744,0.14672487,0.84204097,0.86577648,0.13422352,0.07733802,0.02185475,0.00070744,0.00517945,0.02660468,79159,-0.6953161,White
AL-40,100506,0.104338,0.88413167,0.9094799,0.0905201,0.01264582,0.03457542,0.00099333,0.00678773,0.03125159,78524,-0.77979367,White
AL-41,103399,0.16015643,0.82799479,0.82175534,0.17824466,0.03880668,0.0856709,0.00077814,0.00780652,0.04880957,79677,-0.66783836,White
AL-42,95867,0.14634091,0.83950365,0.86656292,0.13343708,0.02515562,0.05924222,0.00170501,0.00887686,0.0376184,73900,-0.69316274,White
AL-43,98579,0.16434213,0.82369668,0.81062191,0.18937809,0.05889439,0.07079505,0.00071483,0.00610257,0.05632628,75542,-0.65935455,White
AL-44,95925,0.4633349,0.52107851,0.60168757,0.39831243,0.27145123,0.08879084,0.00129301,0.01319666,0.02701982,75019,-0.0577436100000001,White
AL-45,95819,0.21695435,0.76976315,0.88176347,0.11823653,0.06398482,0.01929618,0.00061486,0.0074045,0.02476452,76440,-0.5528088,White
AL-46,103570,0.27768864,0.70356454,0.75425876,0.24574124,0.13980531,0.05386487,0.00156803,0.0217015,0.02924057,79718,-0.4258759,White
AL-47,96744,0.34389689,0.63522,0.7480917,0.2519083,0.15740286,0.03324085,0.00146026,0.01667353,0.04274582,75329,-0.29132311,White
AL-48,96594,0.33626345,0.63742226,0.81502435,0.18497565,0.07420291,0.04020582,0.00196894,0.03784309,0.02929787,76183,-0.30115881,White
AL-49,96929,0.51260951,0.45812626,0.56796874,0.43203126,0.25921876,0.08970033,0.00356081,0.06056039,0.02791299,74983,0.05448325,White
AL-50,97886,0.63108418,0.34838005,0.41989491,0.58010509,0.48513806,0.04950546,0.00257573,0.0283845,0.02459819,77648,0.28270413,Black
AR-1,100534,0.70488794,0.26834828,0.35538747,0.64461253,0.51999529,0.09219032,0.00174043,0.0162658,0.02617184,76418,0.43653966,Black
AR-2,97967,0.74391625,0.22887606,0.32989704,0.67010296,0.52606879,0.10546159,0.00094915,0.03082115,0.02341247,75857,0.51504019,Black
AR-3,99732,0.57222744,0.40369994,0.70089908,0.29910092,0.18895783,0.03562112,0.00094973,0.0503609,0.02218564,78970,0.1685275,White
AR-4,100892,0.44653364,0.52884273,0.69909234,0.30090766,0.19580509,0.04812786,0.0012383,0.02494479,0.03062566,78333,-0.08230909,White
AR-5,97350,0.50476999,0.46861996,0.48545671,0.51454329,0.46386133,0.0238169,0.00131742,0.00973858,0.01637735,77424,0.03615003,Minority
AR-6,96421,0.52706894,0.43844618,0.41671214,0.58328786,0.53888131,0.02428377,0.00084584,0.00773533,0.01529332,73300,0.08862276,Black
AR-7,95949,0.37636779,0.59210185,0.58690989,0.41309011,0.34306569,0.04494246,0.00132223,0.00643577,0.01928033,74117,-0.21573406,White
AR-8,97238,0.28588896,0.68200771,0.716197,0.283803,0.22705052,0.0272726,0.0005552,0.00602597,0.02131434,73847,-0.39611875,White
AR-9,102868,0.32105696,0.65172521,0.73852855,0.26147145,0.16233229,0.05277512,0.00122793,0.02114624,0.02318848,77366,-0.33066825,White
AR-10,103438,0.18585142,0.7864806,0.91512784,0.08487216,0.01530793,0.02150974,0.00692472,0.00466721,0.0285486,78848,-0.60062918,White
AR-11,95365,0.23683744,0.72899186,0.80756847,0.19243153,0.10761726,0.03377239,0.00167259,0.01350617,0.03193254,71745,-0.49215442,White
AR-12,101602,0.18756292,0.78900049,0.86619015,0.13380985,0.0463632,0.03228819,0.00118048,0.01028708,0.03638746,77087,-0.60143757,White
AR-13,98718,0.38293977,0.58457349,0.7414958,0.2585042,0.14849518,0.05218175,0.0013591,0.02009906,0.03321964,76521,-0.20163372,White
AR-14,98632,0.18139959,0.79172969,0.8992262,0.1007738,0.01267385,0.03644053,0.00079694,0.00808504,0.03781588,77798,-0.6103301,White
AR-15,101376,0.20465908,0.76904585,0.92174999,0.07825001,0.00760074,0.0177593,0.00117587,0.00654609,0.03754303,82492,-0.56438677,White
AR-16,104787,0.25232395,0.722866,0.85366211,0.14633789,0.00586819,0.06838882,0.0062105,0.01238432,0.04876707,81797,-0.47054205,White
AR-17,101444,0.28462384,0.68623927,0.79646459,0.20353541,0.01421509,0.09477163,0.003003,0.02209633,0.06786262,76257,-0.40161543,White
AR-18,102271,0.39980114,0.56946579,0.70423016,0.29576984,0.03298924,0.105003,0.00518871,0.11079251,0.04347589,73236,-0.16966465,White
AR-19,101721,0.46585007,0.49736414,0.44355934,0.55644066,0.02501556,0.40658781,0.06568,0.02930273,0.04622503,70676,-0.03151407,Minority
AR-20,100454,0.33007018,0.64150016,0.75837569,0.24162431,0.01825488,0.12223582,0.01760292,0.02339072,0.06123101,75158,-0.31142998,White
AR-21,101681,0.60372005,0.36266854,0.76949099,0.23050901,0.06580468,0.07424396,0.00469517,0.03976452,0.04501348,83064,0.24105151,White
AR-22,102983,0.18842022,0.7893555,0.84488275,0.15511725,0.01439126,0.04737552,0.00151622,0.01789913,0.06847414,77825,-0.60093528,White
AR-23,102046,0.35852008,0.60815038,0.64470223,0.35529777,0.0867328,0.14696711,0.00174518,0.0623003,0.06432779,77929,-0.2496303,White
AR-24,104267,0.23002199,0.74363869,0.81958077,0.18041923,0.03450893,0.07925608,0.0015177,0.01716738,0.04483424,80385,-0.5136167,White
AR-25,101909,0.19308157,0.77708395,0.83536058,0.16463942,0.02950532,0.07005446,0.00119599,0.01234159,0.0465927,78596,-0.58400238,White
AR-26,99075,0.30141152,0.67391002,0.7880635,0.2119365,0.09645915,0.06086097,0.00077211,0.01723017,0.03256394,73824,-0.3724985,White
AR-27,100180,0.31776737,0.65768456,0.80415151,0.19584849,0.08378277,0.05506083,0.00140474,0.01331995,0.03985953,79730,-0.33991719,White
AR-28,99390,0.22085768,0.75668966,0.85102357,0.14897643,0.08291425,0.02602103,0.00124454,0.00534644,0.0307198,78744,-0.53583198,White
AR-29,103315,0.26081886,0.70888831,0.64855551,0.35144449,0.21578374,0.09257575,0.00276728,0.00721286,0.03547499,78055,-0.44806945,White
AR-30,97919,0.34676586,0.61742529,0.62901631,0.37098369,0.30698286,0.03440695,0.00094961,0.0084684,0.01999376,76874,-0.27065943,White
AZ-1,100423,0.25469157,0.73070045,0.76526294,0.23473706,0.01630285,0.15154458,0.00502272,0.02142146,0.04162022,83421,-0.47600888,White
AZ-2,103577,0.22381335,0.76544201,0.79969539,0.20030461,0.01421898,0.1248906,0.00389857,0.01902684,0.03974722,87981,-0.54162866,White
AZ-3,101939,0.62475628,0.35712087,0.31013232,0.68986768,0.01265873,0.08020756,0.00190748,0.00963078,0.59514726,74968,0.26763541,Native
AZ-4,104201,0.61499932,0.37218738,0.23752561,0.76247439,0.00655986,0.08103361,0.00202251,0.0079703,0.67365676,75154,0.24281194,Native
AZ-5,99241,0.63538593,0.34441165,0.67029025,0.32970975,0.02878265,0.16486699,0.00495667,0.0388293,0.09959401,82515,0.29097428,White
AZ-6,97199,0.24563494,0.74184602,0.76447876,0.23552124,0.00933076,0.1414157,0.00292149,0.0123166,0.07059202,77700,-0.49621108,White
AZ-7,100649,0.62330763,0.36116132,0.1510185,0.8489815,0.02785099,0.79436392,0.00200406,0.00955362,0.03211991,72852,0.26214631,Hispanic
AZ-8,103232,0.35802123,0.62523963,0.52851825,0.47148175,0.02643276,0.39603073,0.00435773,0.02857427,0.02979444,80317,-0.2672184,White
AZ-9,102806,0.29165346,0.68982729,0.66837915,0.33162085,0.03791516,0.230974,0.00519965,0.0274661,0.0375171,80390,-0.39817383,White
AZ-10,104123,0.58043332,0.40458298,0.33650034,0.66349966,0.03220208,0.59429433,0.00416778,0.02154828,0.02697019,78939,0.17585034,Hispanic
AZ-11,99089,0.36872402,0.61622784,0.78218768,0.21781232,0.01236762,0.14833791,0.00370171,0.01906011,0.03455334,81584,-0.24750382,White
AZ-12,97908,0.32225116,0.66287211,0.83828066,0.16171934,0.00936076,0.09383305,0.0027762,0.01926727,0.03098899,84288,-0.34062095,White
AZ-13,94757,0.5281956,0.45655636,0.39385854,0.60614146,0.05163561,0.39841632,0.00398085,0.01674551,0.16119541,69332,0.07163924,Hispanic
AZ-14,101362,0.50129648,0.48294439,0.4508704,0.5491296,0.09281491,0.27798988,0.00573374,0.03070859,0.17184679,72553,0.01835209,Minority
AZ-15,97267,0.43032886,0.55675403,0.58142534,0.41857466,0.04353156,0.31035231,0.01389332,0.02967655,0.04259938,78311,-0.12642517,White
AZ-16,95987,0.3634407,0.62219386,0.67455001,0.32544999,0.0472507,0.21698311,0.00255376,0.01386679,0.04292041,81057,-0.25875316,White
AZ-17,101041,0.36252537,0.62030285,0.65821344,0.34178656,0.0621042,0.22041014,0.00606242,0.03102364,0.03266021,70269,-0.25777748,White
AZ-18,101194,0.44483746,0.54194561,0.7016972,0.2983028,0.0367502,0.21474174,0.00363948,0.02365051,0.02697139,81605,-0.09710815,White
AZ-19,98499,0.56071471,0.4279417,0.78110234,0.21889766,0.02270861,0.11758965,0.00282072,0.0566287,0.01943562,84021,0.13277301,White
AZ-20,99589,0.47815227,0.50826995,0.73209589,0.26790411,0.02590699,0.17417738,0.00285374,0.04603206,0.02438086,80596,-0.03011768,White
AZ-21,96327,0.55476399,0.43065217,0.5793748,0.4206252,0.03479247,0.31822922,0.00303733,0.0406325,0.04044999,76712,0.12411182,White
AZ-22,100465,0.62963767,0.35220945,0.53599273,0.46400727,0.04719634,0.33116014,0.00401488,0.05262318,0.04811718,81447,0.27742822,White
AZ-23,100559,0.75271485,0.23197218,0.59066719,0.40933281,0.06739442,0.25382546,0.00484775,0.05543505,0.04406832,84369,0.52074267,White
AZ-24,99132,0.56033022,0.42353298,0.67779701,0.32220299,0.06162451,0.18915941,0.00467329,0.04505006,0.03116336,82597,0.13679724,White
AZ-25,100918,0.54084701,0.43956705,0.57168298,0.42831702,0.08098304,0.27430546,0.00655621,0.05293776,0.03531383,75806,0.10127996,White
AZ-26,99113,0.74329958,0.24204222,0.16206997,0.83793003,0.04496859,0.75086318,0.00242661,0.01982889,0.05701846,72117,0.50125736,Hispanic
AZ-27,102462,0.77496056,0.2120021,0.30472003,0.69527997,0.04113291,0.59163095,0.00221079,0.03221607,0.0644567,81419,0.56295846,Hispanic
AZ-28,95466,0.29338613,0.69362092,0.7335531,0.2664469,0.0227631,0.16360249,0.00357017,0.0152449,0.0673642,76747,-0.40023479,White
AZ-29,96250,0.37440654,0.60921604,0.75909027,0.24090973,0.03599833,0.14049114,0.00570671,0.04022604,0.02447328,71670,-0.2348095,White
AZ-30,103348,0.34634077,0.63881301,0.73524543,0.26475457,0.04084927,0.1508981,0.00642883,0.0479127,0.02430814,72486,-0.29247224,White
AZ-31,98458,0.43501888,0.55474478,0.72635965,0.27364035,0.04067755,0.09956974,0.00359678,0.1166307,0.01541865,73677,-0.1197259,White
AZ-32,101033,0.38590128,0.59786837,0.74486033,0.25513967,0.03005488,0.16873651,0.00373682,0.02789665,0.02952457,81085,-0.21196709,White
AZ-33,104261,0.42754011,0.55497498,0.67338665,0.32661335,0.05682828,0.15178274,0.00558147,0.09407975,0.02379762,72024,-0.12743487,White
AZ-34,102368,0.40280969,0.58108689,0.74692514,0.25307486,0.04035328,0.13901278,0.00493737,0.05017777,0.02409639,79597,-0.1782772,White
AZ-35,103615,0.38452866,0.59710503,0.73032654,0.26967346,0.03620668,0.16618291,0.00576755,0.03111473,0.03630677,79930,-0.21257637,White
AZ-36,99898,0.54416362,0.43920479,0.54868412,0.45131588,0.07755347,0.1978413,0.00530348,0.14853754,0.03180758,75045,0.10495883,White
AZ-37,103525,0.56813456,0.41224194,0.57598388,0.42401612,0.07223751,0.21361716,0.00515894,0.10744116,0.0402889,81412,0.15589262,White
AZ-38,96380,0.48772352,0.49410419,0.62994091,0.37005909,0.05085211,0.21604947,0.00593663,0.07831416,0.0311913,72937,-0.00638066999999998,White
AZ-39,97871,0.52559472,0.45042969,0.44305086,0.55694914,0.0549766,0.4397138,0.00784774,0.02731862,0.05096082,70721,0.07516503,Minority
AZ-40,99630,0.57987723,0.39364675,0.51486278,0.48513722,0.08396531,0.29454621,0.00748,0.05067476,0.0691479,77139,0.18623048,White
AZ-41,96842,0.64777076,0.3342205,0.57234931,0.42765069,0.07693483,0.21428389,0.00629235,0.08503592,0.06729251,78508,0.31355026,White
AZ-42,97971,0.68148312,0.29502222,0.55141547,0.44858453,0.07412581,0.20123853,0.00570378,0.14096475,0.04175397,85908,0.3864609,White
AZ-43,100661,0.58733293,0.39781625,0.62056666,0.37943334,0.09537325,0.17189541,0.00527479,0.08143273,0.03801618,79624,0.18951668,White
AZ-44,97447,0.72449751,0.26031986,0.2271127,0.7728873,0.19209863,0.50420552,0.00593634,0.05659405,0.04810936,67887,0.46417765,Hispanic
AZ-45,96997,0.79252221,0.19098587,0.16910056,0.83089944,0.17198393,0.61075886,0.00609669,0.02956534,0.05215894,69710,0.60153634,Hispanic
AZ-46,103651,0.75081723,0.23407953,0.15954013,0.84045987,0.1045844,0.69550129,0.00477007,0.02507855,0.04335904,70020,0.5167377,Hispanic
AZ-47,98355,0.62846922,0.35577866,0.28461172,0.71538828,0.10702693,0.53954904,0.00793433,0.05183283,0.03655563,69319,0.27269056,Hispanic
AZ-48,98867,0.637019,0.34827837,0.2557605,0.7442395,0.10324369,0.56333678,0.00534391,0.06039189,0.03775211,69612,0.28874063,Hispanic
AZ-49,99188,0.75229442,0.23041092,0.12422576,0.87577424,0.07981086,0.76470677,0.00350485,0.01897453,0.03945977,66194,0.5218835,Hispanic
AZ-50,101974,0.67587842,0.30834232,0.22961389,0.77038611,0.10182076,0.61402763,0.00359901,0.03719447,0.04327311,70575,0.3675361,Hispanic
AZ-51,94541,0.7666743,0.21821927,0.18322569,0.81677431,0.08616527,0.67975493,0.00265588,0.03161405,0.04664393,66268,0.54845503,Hispanic
AZ-52,96331,0.76924257,0.21332556,0.36699212,0.63300788,0.10558212,0.45683119,0.00540031,0.03700761,0.05553835,74255,0.55591701,Hispanic
AZ-53,99561,0.60850989,0.37192797,0.37727845,0.62272155,0.11261744,0.41484436,0.0040818,0.06023661,0.05713177,74722,0.23658192,Hispanic
AZ-54,94723,0.50339352,0.47785888,0.5307091,0.4692909,0.08136977,0.30786579,0.00469042,0.05371152,0.03872708,72275,0.0255346400000001,White
AZ-55,97211,0.54994192,0.43570227,0.74446824,0.25553176,0.03203664,0.11620271,0.00300975,0.04244587,0.06871282,84060,0.11423965,White
AZ-56,94519,0.55808679,0.43040592,0.73664921,0.26335079,0.0417062,0.14691395,0.00263832,0.0498031,0.0258763,76943,0.12768087,White
AZ-57,97975,0.68936427,0.29407524,0.5903746,0.4096254,0.09160258,0.22677996,0.00291491,0.05059539,0.05458943,80620,0.39528903,White
AZ-58,94599,0.57021792,0.41411084,0.61096232,0.38903768,0.06835043,0.24961834,0.00391033,0.03907652,0.04123256,74674,0.15610708,White
AZ-59,95029,0.49154993,0.49455874,0.70605302,0.29394698,0.03251063,0.17833154,0.00353722,0.05931137,0.0260721,75483,-0.00300880999999997,White
AZ-60,100093,0.5010249,0.48389023,0.69031663,0.30968337,0.04751909,0.1465151,0.00269334,0.09062516,0.0244803,79084,0.01713467,White
AZ-61,95046,0.4029209,0.58692452,0.81648523,0.18351477,0.02511326,0.07233755,0.00285347,0.06397999,0.01617418,73945,-0.18400362,White
AZ-62,100695,0.46774415,0.52284566,0.81701343,0.18298657,0.02497395,0.06147065,0.00171284,0.07911411,0.01221747,83487,-0.05510151,White
AZ-63,99152,0.33858119,0.65175501,0.88329118,0.11670882,0.01532671,0.05442569,0.00203494,0.02557196,0.01491501,85015,-0.31317382,White
AZ-64,97533,0.36768909,0.62171488,0.7717707,0.2282293,0.03215195,0.10051614,0.00333081,0.07331911,0.0207281,72655,-0.25402579,White
AZ-65,99123,0.45654504,0.5256828,0.66729984,0.33270016,0.05253228,0.16928922,0.00449213,0.08141027,0.03012296,77914,-0.06913776,White
AZ-66,101891,0.45826636,0.52121359,0.63200494,0.36799506,0.06574717,0.22602403,0.00457646,0.04312964,0.03918355,79319,-0.06294723,White
AZ-67,96904,0.41879255,0.56561546,0.70756795,0.29243205,0.04837164,0.16147628,0.00361427,0.05591108,0.02735964,77194,-0.14682291,White
AZ-68,103158,0.45319739,0.53557929,0.67969289,0.32030711,0.04780965,0.22857343,0.003476,0.02371171,0.02420327,85443,-0.0823819000000001,White
AZ-69,100958,0.37022426,0.62157889,0.87104662,0.12895338,0.02256315,0.05858002,0.00201294,0.03029648,0.01463648,87931,-0.25135463,White
AZ-70,97251,0.40448599,0.58027616,0.65673503,0.34326497,0.07830661,0.18751164,0.00675008,0.05091936,0.02933631,69777,-0.17579017,White
AZ-71,100829,0.45388878,0.53188205,0.56863005,0.43136995,0.08894868,0.26112024,0.0062162,0.06307656,0.02733008,75448,-0.07799327,White
AZ-72,97265,0.42074809,0.56380028,0.56356829,0.43643171,0.0716379,0.30431734,0.00611355,0.03432562,0.03297951,71317,-0.14305219,White
CA-1,98875,0.61958903,0.34872223,0.68225661,0.31774339,0.02797687,0.12234262,0.00570957,0.05288029,0.11334095,82318,0.2708668,White
CA-2,98641,0.5946915,0.37157345,0.72675822,0.27324178,0.0211434,0.12752475,0.007397,0.03607793,0.08486745,78275,0.22311805,White
CA-3,99072,0.54024612,0.4324842,0.65747233,0.34252767,0.02330867,0.22296259,0.00494583,0.0309534,0.06792443,77439,0.10776192,White
CA-4,98901,0.74392619,0.23078763,0.71736537,0.28263463,0.01302464,0.19495569,0.00433343,0.02503895,0.04925017,82152,0.51313856,White
CA-5,97139,0.72624099,0.2501004,0.667908,0.332092,0.02323013,0.21040669,0.00848818,0.06457951,0.0393718,77873,0.47614059,White
CA-6,98923,0.75892217,0.21163403,0.40828987,0.59171013,0.03727371,0.43777265,0.00929842,0.08197815,0.05803172,74959,0.54728814,Hispanic
CA-7,98977,0.75092071,0.22871238,0.68186144,0.31813856,0.01849728,0.19874814,0.00684497,0.07134142,0.02950292,81958,0.52220833,White
CA-8,98095,0.73480341,0.23947019,0.65547665,0.34452335,0.02424081,0.21869897,0.00773428,0.06668439,0.03573463,78999,0.49533322,White
CA-9,98197,0.77946072,0.19906791,0.70417636,0.29582364,0.02430942,0.1779571,0.00669078,0.06473237,0.03145553,79064,0.58039281,White
CA-10,97676,0.81881039,0.16281968,0.69307575,0.30692425,0.02663861,0.16364448,0.00558531,0.09013007,0.02682989,78420,0.65599071,White
CA-11,101848,0.8474708,0.13473054,0.67966657,0.32033343,0.04608621,0.16489905,0.00467228,0.08614291,0.03066409,83257,0.71274026,White
CA-12,101249,0.35561472,0.62229272,0.72690093,0.27309907,0.03706666,0.1401886,0.00838225,0.02449329,0.06862403,88759,-0.266678,White
CA-13,99647,0.35395301,0.6208038,0.76690584,0.23309416,0.02220989,0.09322734,0.00532986,0.05375026,0.06055131,77488,-0.26685079,White
CA-14,99356,0.28102591,0.69905528,0.80101669,0.19898331,0.0097199,0.08814326,0.00409998,0.02643915,0.06708135,78293,-0.41802937,White
CA-15,100983,0.35720342,0.62008274,0.54627636,0.45372364,0.01295818,0.36749622,0.00512176,0.02453897,0.06044478,74779,-0.26287932,White
CA-16,95739,0.62919857,0.33912722,0.68072274,0.31927726,0.03063381,0.18631595,0.00761657,0.05924427,0.04712993,77594,0.29007135,White
CA-17,100452,0.39610937,0.57731069,0.70355369,0.29644631,0.02165753,0.15530474,0.00590777,0.06228958,0.05856175,77525,-0.18120132,White
CA-18,99926,0.40728842,0.57165303,0.45293037,0.54706963,0.02869364,0.27737628,0.00698569,0.20309462,0.05002615,74581,-0.16436461,Minority
CA-19,98351,0.36639488,0.60602495,0.58337113,0.41662887,0.04613482,0.23279049,0.00890538,0.07899402,0.06573215,72765,-0.23963007,White
CA-20,102284,0.56166795,0.41362162,0.83479385,0.16520615,0.00872751,0.08515255,0.00409102,0.02466471,0.03625001,84331,0.14804633,White
CA-21,98509,0.57199985,0.40279357,0.71835685,0.28164315,0.00995923,0.17537786,0.00471621,0.03567262,0.05768579,79725,0.16920628,White
CA-22,96590,0.39611338,0.5780196,0.80607308,0.19392692,0.01172156,0.0995754,0.00434894,0.03691457,0.0386387,77720,-0.18190622,White
CA-23,97359,0.4668489,0.50827401,0.6775529,0.3224471,0.03027227,0.15198101,0.00887336,0.11007977,0.0318017,75845,-0.04142511,White
CA-24,97050,0.48518045,0.49135294,0.62126556,0.37873444,0.03626422,0.1150964,0.00891023,0.20288131,0.02437919,70593,-0.00617249000000003,White
CA-25,97047,0.43803132,0.53965101,0.7015973,0.2984027,0.02591441,0.14718638,0.0076996,0.09570451,0.03222621,74939,-0.10161969,White
CA-26,97290,0.42375704,0.55307372,0.77291158,0.22708842,0.01496401,0.09975566,0.00541504,0.07157102,0.03329591,75715,-0.12931668,White
CA-27,99299,0.36662924,0.61090015,0.76490129,0.23509871,0.02415179,0.12069985,0.005769,0.04018205,0.04479253,84590,-0.24427091,White
CA-28,99007,0.39885967,0.57746045,0.78748036,0.21251964,0.01999976,0.10742933,0.006261,0.02478411,0.05366741,84651,-0.17860078,White
CA-29,98143,0.45554678,0.5200316,0.59078064,0.40921936,0.0748852,0.17638508,0.01400701,0.12532946,0.04014618,73606,-0.0644848200000001,White
CA-30,97107,0.4356487,0.5353644,0.72504378,0.27495622,0.03628462,0.13718622,0.00792632,0.06278783,0.03728352,77085,-0.0997157,White
CA-31,100275,0.53123457,0.43772281,0.53254979,0.46745021,0.12444361,0.22052634,0.01354168,0.09467074,0.04425588,74363,0.0935117599999999,White
CA-32,97223,0.53385534,0.43955611,0.6970919,0.3029081,0.05327646,0.12844772,0.00858214,0.08883288,0.03246736,77370,0.09429923,White
CA-33,100174,0.53926397,0.43625625,0.53748978,0.46251022,0.06821728,0.12455723,0.01044066,0.24272374,0.02185975,80742,0.10300772,White
CA-34,101388,0.58998477,0.3806275,0.51989059,0.48010941,0.12008142,0.20030532,0.01558425,0.13013167,0.03878888,78605,0.20935727,White
CA-35,98049,0.63892083,0.34091821,0.21685331,0.78314669,0.13886354,0.22296419,0.0311489,0.39420711,0.03048528,72330,0.29800262,Asian
CA-36,95978,0.45118976,0.52419516,0.52244226,0.47755774,0.05490873,0.25365197,0.01260847,0.14017573,0.0397296,73522,-0.0730054,White
CA-37,99161,0.66938843,0.31185626,0.26978719,0.73021281,0.14097298,0.17261324,0.02335582,0.40237955,0.02661189,72787,0.35753217,Asian
CA-38,97903,0.68821205,0.29000308,0.19830616,0.80169384,0.17680108,0.23604384,0.03984113,0.36095043,0.02918546,72262,0.39820897,Asian
CA-39,95480,0.63288204,0.33863487,0.55479415,0.44520585,0.10968366,0.17318329,0.0114847,0.13629056,0.03553037,73402,0.29424717,White
CA-40,95916,0.7469211,0.23046125,0.24733473,0.75266527,0.1918861,0.23681013,0.03363501,0.3014729,0.03368961,73257,0.51645985,Asian
CA-41,101810,0.76485079,0.20942276,0.28291515,0.71708485,0.12242912,0.3621719,0.02129031,0.20905002,0.04490821,76044,0.55542803,Hispanic
CA-42,99745,0.76947494,0.20383737,0.55962623,0.44037377,0.09041908,0.21697991,0.0118511,0.10648339,0.0380012,84971,0.56563757,White
CA-43,101691,0.75968637,0.21606123,0.37849897,0.62150103,0.15871862,0.24310066,0.01721907,0.19946753,0.03753189,81131,0.54362514,Minority
CA-44,104841,0.70869925,0.26709887,0.26901572,0.73098428,0.16649963,0.28456325,0.02629497,0.25808366,0.03656768,75832,0.44160038,Hispanic
CA-45,101861,0.76553266,0.21088647,0.51862454,0.48137546,0.04357346,0.18131552,0.00992085,0.23555604,0.02735269,81747,0.55464619,White
CA-46,102159,0.59979512,0.37506111,0.41155878,0.58844122,0.0322814,0.44248382,0.00957204,0.08816349,0.04886776,77413,0.22473401,Hispanic
CA-47,100792,0.507463,0.46636394,0.5296417,0.4703583,0.06225569,0.25080864,0.01362507,0.13028112,0.03610455,80073,0.04109906,White
CA-48,101202,0.60563777,0.36940177,0.39050657,0.60949343,0.17971141,0.230427,0.01901982,0.1837131,0.03688621,84964,0.236236,Minority
CA-49,98144,0.65465923,0.32077022,0.3195118,0.6804882,0.17435224,0.29062726,0.01978779,0.20243295,0.03716406,74642,0.33388901,Minority
CA-50,97349,0.72574869,0.25362594,0.36175607,0.63824393,0.15622426,0.19181168,0.01822488,0.27464734,0.03020748,77696,0.47212275,Minority
CA-51,100585,0.75577416,0.22258922,0.26965244,0.73034756,0.17767697,0.30149502,0.01604907,0.2380782,0.03323537,78260,0.53318494,Hispanic
CA-52,100985,0.68348513,0.29338329,0.61041075,0.38958925,0.01351219,0.30882209,0.00465094,0.03777049,0.03570205,81704,0.39010184,White
CA-53,102918,0.62078927,0.3555188,0.36505179,0.63494821,0.14378595,0.35140364,0.01604348,0.11991156,0.04197102,75981,0.26527047,Minority
CA-54,102228,0.75893008,0.21972211,0.17877345,0.82122655,0.1728538,0.43694914,0.01589097,0.20237312,0.03507064,76018,0.53920797,Hispanic
CA-55,101163,0.67298734,0.30599848,0.32924902,0.67075098,0.18884956,0.26571134,0.01760872,0.20230429,0.03282693,76553,0.36698886,Minority
CA-56,103438,0.69895569,0.27613993,0.44427516,0.55572484,0.05331156,0.30989932,0.01034785,0.17392682,0.03216488,82046,0.42281576,Minority
CA-57,101036,0.70249386,0.27653048,0.62473789,0.37526211,0.03618594,0.11623401,0.00712438,0.20457137,0.01795196,81551,0.42596338,White
CA-58,103651,0.73898628,0.23885003,0.67395835,0.32604165,0.02584559,0.10150807,0.00648606,0.17767612,0.01879231,81097,0.50013625,White
CA-59,100995,0.67879127,0.30243277,0.72785714,0.27214286,0.01657895,0.07348371,0.00536341,0.16362155,0.01293233,79800,0.3763585,White
CA-60,99656,0.61492595,0.36737973,0.43724763,0.56275237,0.0460275,0.13865546,0.00864891,0.36411383,0.01953509,73304,0.24754622,Minority
CA-61,102019,0.6936818,0.28554231,0.41232083,0.58767917,0.04287326,0.12252398,0.00838962,0.40632643,0.01919982,78907,0.40813949,Minority
CA-62,100482,0.64311254,0.33422217,0.47095603,0.52904397,0.03211064,0.15950668,0.00772298,0.32053677,0.02402999,75489,0.30889037,Minority
CA-63,102100,0.66831747,0.30869972,0.5013667,0.4986333,0.02565287,0.10665383,0.00672441,0.3475778,0.01881296,77925,0.35961775,White
CA-64,99664,0.75362916,0.22564826,0.32070937,0.67929063,0.1378137,0.27539972,0.01144758,0.24572455,0.03621484,79056,0.5279809,Minority
CA-65,103559,0.87448325,0.10694386,0.13919624,0.86080376,0.19122733,0.52513496,0.00934186,0.1342956,0.04658167,78357,0.76753939,Hispanic
CA-66,102233,0.83611781,0.14643593,0.36942018,0.63057982,0.13857157,0.17754632,0.00998368,0.29505856,0.02775511,83336,0.68968188,Minority
CA-67,104429,0.92401975,0.05308051,0.38644384,0.61355616,0.22356008,0.15497197,0.01009157,0.2208267,0.02686089,86706,0.87093924,Minority
CA-68,96722,0.93642111,0.04053492,0.51889408,0.48110592,0.07218851,0.12554675,0.00404915,0.26855472,0.01597615,86191,0.89588619,White
CA-69,105008,0.92423584,0.05809146,0.59784291,0.40215709,0.1200836,0.0911222,0.00583154,0.17426499,0.02019677,86598,0.86614438,White
CA-70,102780,0.89316638,0.08365526,0.27636001,0.72363999,0.20104569,0.17430372,0.00825006,0.34242839,0.02915247,88363,0.80951112,Asian
CA-71,100651,0.90297529,0.07870903,0.24430533,0.75569467,0.32087545,0.24820234,0.01043395,0.18363755,0.04125811,79548,0.82426626,Black
CA-72,99391,0.89267935,0.08470652,0.06707823,0.93292177,0.27567687,0.57017884,0.0135513,0.08157079,0.06187365,72244,0.80797283,Hispanic
CA-73,103308,0.80846895,0.17095738,0.37188485,0.62811515,0.07961972,0.14233943,0.01166934,0.39289209,0.02348365,82781,0.63751157,Asian
CA-74,97505,0.77178017,0.20848268,0.22674411,0.77325589,0.12012077,0.30396735,0.01581311,0.34003301,0.03224032,78163,0.56329749,Asian
CA-75,100140,0.74015801,0.23676421,0.3123718,0.6876282,0.13196081,0.25635407,0.01602691,0.28715936,0.03330233,78493,0.5033938,Minority
CA-76,105040,0.77785971,0.19992921,0.13296675,0.86703325,0.10239982,0.47339545,0.04523457,0.25925281,0.03699879,80381,0.5779305,Hispanic
CA-77,104190,0.75208106,0.2292843,0.19496893,0.80503107,0.06853489,0.23788241,0.02056644,0.48478728,0.02596797,83680,0.52279676,Asian
CA-78,103512,0.75225429,0.23175042,0.12662454,0.87337546,0.05283516,0.18021114,0.02618968,0.62493071,0.01894625,81177,0.52050387,Asian
CA-79,99884,0.72656578,0.2535992,0.22350017,0.77649983,0.04081554,0.18947219,0.01522372,0.53094974,0.02174081,77642,0.47296658,Asian
CA-80,103835,0.72313874,0.2583324,0.16532577,0.83467423,0.02321991,0.10091248,0.00692832,0.70322443,0.01214966,79673,0.46480634,Asian
CA-81,104784,0.89426265,0.08276614,0.35427648,0.64572352,0.12110776,0.27320946,0.01349825,0.23574877,0.03603225,90308,0.81149651,Minority
CA-82,104424,0.86345451,0.11338042,0.3766693,0.6233307,0.08338858,0.14388845,0.00736648,0.37920547,0.02435149,95025,0.75007409,Asian
CA-83,104527,0.84624903,0.13395265,0.5560458,0.4439542,0.02425675,0.06974472,0.0041601,0.33750394,0.01013762,95190,0.71229638,White
CA-84,104363,0.91532803,0.06712406,0.54361879,0.45638121,0.08306665,0.12023169,0.00608039,0.23805257,0.01835851,93744,0.84820397,White
CA-85,104251,0.89164985,0.09179936,0.56446721,0.43553279,0.03888926,0.09929006,0.00481903,0.28164948,0.01708566,89022,0.79985049,White
CA-86,102668,0.85262539,0.12771659,0.48960797,0.51039203,0.03500594,0.0889178,0.00548736,0.37191831,0.01370142,88385,0.7249088,Minority
CA-87,103332,0.78317962,0.19641185,0.32538166,0.67461834,0.04173777,0.0934976,0.00542625,0.53141993,0.01387846,87906,0.58676777,Asian
CA-88,104178,0.77707903,0.20196579,0.13051199,0.86948801,0.05932887,0.25245618,0.01100092,0.55471633,0.02155212,86720,0.57511324,Asian
CA-89,101694,0.77855984,0.20151283,0.17922812,0.82077188,0.08069329,0.29397924,0.01831457,0.43193285,0.02769018,82448,0.57704701,Asian
CA-90,100037,0.77088725,0.21393572,0.13009232,0.86990768,0.03248678,0.23415891,0.0133093,0.59441736,0.01856042,82649,0.55695153,Asian
CA-91,100096,0.74690506,0.23415076,0.38466248,0.61533752,0.02097727,0.1842102,0.02171441,0.38301328,0.01765389,80039,0.5127543,Minority
CA-92,99575,0.77056733,0.20948119,0.48515406,0.51484594,0.02304558,0.17167049,0.01138273,0.30022918,0.01680672,78540,0.56108614,Minority
CA-93,98668,0.77477083,0.20674265,0.36583063,0.63416937,0.02446866,0.15386676,0.02013115,0.42737223,0.01455617,78386,0.56802818,Asian
CA-94,103183,0.83624233,0.14244693,0.24513274,0.75486726,0.06883959,0.53821513,0.03299265,0.1156176,0.04098218,80230,0.6937954,Hispanic
CA-95,103265,0.7983332,0.18174458,0.67091747,0.32908253,0.01751265,0.10325951,0.00643884,0.1892569,0.0139049,79828,0.61658862,White
CA-96,101365,0.77107088,0.20923702,0.48497953,0.51502047,0.02502604,0.1687017,0.011762,0.30142694,0.02136783,82554,0.56183386,Minority
CA-97,101820,0.84528936,0.13380555,0.50271421,0.49728579,0.03481838,0.08827749,0.00747304,0.3534926,0.01164598,83634,0.71148381,White
CA-98,98765,0.79742719,0.18024007,0.39766437,0.60233563,0.02068521,0.13706691,0.00485193,0.43134396,0.01518808,77495,0.61718712,Asian
CA-99,100308,0.76518768,0.21313372,0.40014055,0.59985945,0.0103718,0.04026391,0.00333147,0.54001015,0.006728,76843,0.55205396,Asian
CA-100,102567,0.75836702,0.21953651,0.27857187,0.72142813,0.01956833,0.1203956,0.00503825,0.57154942,0.01276358,80385,0.53883051,Asian
CA-101,100422,0.76975612,0.2074324,0.26457219,0.73542781,0.02563199,0.18196403,0.00836169,0.5144385,0.02051531,82280,0.56232372,Asian
CA-102,99124,0.76792556,0.2104424,0.37080892,0.62919108,0.03921807,0.22292057,0.0091906,0.35315714,0.02480002,82258,0.55748316,Minority
CA-103,97191,0.73072695,0.24683987,0.29629141,0.70370859,0.03932955,0.18835951,0.0079055,0.46558004,0.01932163,75770,0.48388708,Asian
CA-104,101731,0.721682,0.25498397,0.4956308,0.5043692,0.02276451,0.11266819,0.00631796,0.35389256,0.01720371,80564,0.46669803,Minority
CA-105,102551,0.72056201,0.25537801,0.54543119,0.45456881,0.02580836,0.17391416,0.00813175,0.2380047,0.02447234,77843,0.465184,White
CA-106,99435,0.79066784,0.18290173,0.31592413,0.68407587,0.06043199,0.40266673,0.00921302,0.2110999,0.0347487,81298,0.60776611,Hispanic
CA-107,99186,0.70253417,0.27779731,0.26505632,0.73494368,0.04364868,0.38225145,0.00867244,0.30067062,0.03492415,76795,0.42473686,Hispanic
CA-108,100316,0.64739377,0.33633064,0.14982256,0.85017744,0.04196031,0.27946469,0.00777228,0.52667816,0.0248663,80028,0.31106313,Asian
CA-109,100668,0.72031448,0.25995542,0.11857708,0.88142292,0.03433161,0.47516976,0.00681565,0.36981859,0.04100791,78936,0.46035906,Hispanic
CA-110,102094,0.69283102,0.29033081,0.13377845,0.86622155,0.0314147,0.12723626,0.00849872,0.70226347,0.01361018,81777,0.40250021,Asian
CA-111,98274,0.66843759,0.31490073,0.1296617,0.8703383,0.02499624,0.13525824,0.00715254,0.70532801,0.01426743,79692,0.35353686,Asian
CA-112,99925,0.7222175,0.26004929,0.10651321,0.89348679,0.02617055,0.55742872,0.00837039,0.30784724,0.04628564,76460,0.46216821,Hispanic
CA-113,101153,0.68716487,0.29816413,0.16481288,0.83518712,0.03164246,0.20169549,0.00699107,0.59767972,0.01994029,79387,0.38900074,Asian
CA-114,102472,0.65407427,0.32261045,0.36762171,0.63237829,0.02922587,0.45881216,0.00801818,0.13075898,0.04679012,76576,0.33146382,Hispanic
CA-115,100257,0.66771604,0.30804344,0.47797234,0.52202766,0.02758156,0.17495107,0.00780268,0.30439516,0.02510596,77153,0.3596726,Minority
CA-116,100892,0.74027139,0.23277816,0.75862795,0.24137205,0.0140003,0.09940087,0.00484007,0.09576154,0.02569816,80784,0.50749323,White
CA-117,101650,0.83716789,0.13722487,0.61966995,0.38033005,0.03211188,0.22358152,0.00563045,0.09641574,0.03311895,87382,0.69994302,White
CA-118,100691,0.76880486,0.21037587,0.37602606,0.62397394,0.01196464,0.55075452,0.00397946,0.04855466,0.03936119,76141,0.55842899,Hispanic
CA-119,99176,0.68516715,0.29027379,0.31882145,0.68117855,0.05165565,0.48631179,0.01859657,0.12383351,0.04845073,74261,0.39489336,Hispanic
CA-120,99356,0.73679127,0.2427115,0.11648584,0.88351416,0.02485813,0.76338322,0.00791915,0.09697386,0.05280387,69957,0.49407977,Hispanic
CA-121,100155,0.71318139,0.26569372,0.1471098,0.8528902,0.03877669,0.75834493,0.0064212,0.05127767,0.05424534,76154,0.44748767,Hispanic
CA-122,101707,0.62121375,0.35692803,0.26795436,0.73204564,0.0134039,0.66376134,0.00523783,0.04381358,0.06476492,72740,0.26428572,Hispanic
CA-123,98604,0.67908496,0.29945802,0.71120126,0.28879874,0.0305643,0.13962218,0.00873093,0.0938605,0.02735529,82580,0.37962694,White
CA-124,97043,0.6066827,0.36917337,0.71484923,0.28515077,0.01416575,0.18519667,0.00466403,0.05496359,0.0335165,80617,0.23750933,White
CA-125,97527,0.44570335,0.5293739,0.67886249,0.32113751,0.01943999,0.23337265,0.00458503,0.03452023,0.04072194,75463,-0.08367055,White
CA-126,97388,0.60202073,0.37285072,0.61721221,0.38278779,0.03650507,0.2456946,0.00466271,0.07849294,0.02825746,85358,0.22917001,White
CA-127,96150,0.4550252,0.52181046,0.55401628,0.44598372,0.02275152,0.34171831,0.00630561,0.05641296,0.0464482,74061,-0.06678526,White
CA-128,97642,0.61441257,0.3618084,0.1753796,0.8246204,0.0307719,0.72960568,0.0052826,0.06303043,0.05799319,69284,0.25260417,Hispanic
CA-129,97181,0.70509633,0.26825409,0.44197291,0.55802709,0.03346673,0.34607956,0.00403974,0.16344539,0.03328999,79213,0.43684224,Minority
CA-130,99478,0.76869806,0.21082064,0.60277262,0.39722738,0.02029391,0.29297073,0.00394537,0.0639222,0.02951184,82882,0.55787742,White
CA-131,97180,0.69964942,0.27734248,0.57097319,0.42902681,0.02363445,0.33981026,0.00424175,0.04470352,0.03822659,78741,0.42230694,White
CA-132,100516,0.64258171,0.33695767,0.42646469,0.57353531,0.0124296,0.51295397,0.00357351,0.02958503,0.04358128,77235,0.30562404,Hispanic
CA-133,97935,0.64773692,0.32956526,0.34653916,0.65346084,0.03429412,0.50961011,0.00612586,0.0992443,0.04445931,74765,0.31817166,Hispanic
CA-134,101639,0.67649204,0.30155967,0.28195834,0.71804166,0.04163263,0.59018276,0.00765775,0.07689657,0.04592097,78352,0.37493237,Hispanic
CA-135,100789,0.7000698,0.27882474,0.16337145,0.83662855,0.02685709,0.70289347,0.0059713,0.10291548,0.05382425,72681,0.42124506,Hispanic
CA-136,97591,0.53122415,0.44790805,0.57720645,0.42279355,0.02788119,0.25659221,0.00536425,0.11939662,0.02793289,77364,0.0833161,White
CA-137,97700,0.50763245,0.47023344,0.5537439,0.4462561,0.02624883,0.26833004,0.00495898,0.13365874,0.02845571,77032,0.03739901,White
CA-138,97113,0.54128769,0.43776188,0.64511537,0.35488463,0.0224011,0.18696052,0.00451645,0.12576191,0.02369521,77273,0.10352581,White
CA-139,98438,0.56257191,0.41705584,0.66132405,0.33867595,0.02091143,0.18078188,0.0043863,0.11633897,0.02324484,78426,0.14551607,White
CA-140,97082,0.61478734,0.36345203,0.30749412,0.69250588,0.07831149,0.35522193,0.01784048,0.23870869,0.03446931,71803,0.25133531,Hispanic
CA-141,100318,0.55468611,0.4228297,0.3262475,0.6737525,0.06452052,0.38515103,0.01599412,0.20237464,0.04304541,73527,0.13185641,Hispanic
CA-142,101981,0.72065822,0.25692684,0.1365262,0.8634738,0.11566652,0.6495601,0.00677192,0.09497002,0.04772978,73539,0.46373138,Hispanic
CA-143,98471,0.65757906,0.31864776,0.213186,0.786814,0.13223164,0.35360885,0.01438108,0.29682787,0.03349392,69953,0.3389313,Hispanic
CA-144,104177,0.65126506,0.3275,0.18575909,0.81424091,0.12824466,0.34863099,0.01669434,0.32960445,0.03782908,75894,0.32376506,Hispanic
CA-145,103154,0.60272593,0.37578585,0.31367681,0.68632319,0.13970809,0.30915577,0.01455619,0.2365708,0.03656035,76531,0.22694008,Minority
CA-146,101629,0.401699,0.57781563,0.53410448,0.46589552,0.01777276,0.33041232,0.00627045,0.09440723,0.03426027,77028,-0.17611663,White
CA-147,98584,0.32114101,0.6595479,0.60053718,0.39946282,0.01233878,0.31268235,0.00572628,0.03540752,0.04298803,73346,-0.33840689,White
CA-148,98332,0.44886964,0.53063512,0.47712587,0.52287413,0.03700586,0.33639227,0.01643951,0.12043875,0.03915074,73664,-0.08176548,Minority
CA-149,101120,0.58116545,0.39731897,0.25314944,0.74685056,0.050446,0.62069439,0.01117058,0.05711541,0.04561548,72870,0.18384648,Hispanic
CA-150,103243,0.55467809,0.42077366,0.3812064,0.6187936,0.04877087,0.44892328,0.01740878,0.09232568,0.04803511,76111,0.13390443,Hispanic
CA-151,102951,0.51047151,0.46412297,0.4789014,0.5210986,0.05234981,0.34415677,0.01806055,0.09087039,0.0487893,77517,0.04634854,Minority
CA-152,96551,0.5662316,0.41089281,0.25918104,0.74081896,0.02163264,0.62752259,0.00995835,0.07108706,0.04437991,68184,0.15533879,Hispanic
CA-153,103721,0.44311202,0.5352686,0.47806527,0.52193473,0.02489923,0.40395267,0.0076583,0.06982187,0.04054089,76910,-0.09215658,Minority
CA-154,100821,0.54619007,0.42928479,0.25171074,0.74828926,0.03059615,0.60440427,0.00533637,0.09950438,0.05670074,71022,0.11690528,Hispanic
CA-155,101007,0.55858051,0.41624562,0.29722132,0.70277868,0.06498533,0.50776836,0.00490276,0.1172588,0.04741145,73632,0.14233489,Hispanic
CA-156,96430,0.57072839,0.40864755,0.16000926,0.83999074,0.05777875,0.7492234,0.00495803,0.01945449,0.03538842,82089,0.16208084,Hispanic
CA-157,96388,0.39307853,0.58239079,0.41460708,0.58539292,0.0644464,0.42685651,0.00645617,0.07508178,0.03961609,69391,-0.18931226,Hispanic
CA-158,99763,0.52827342,0.44852692,0.20953396,0.79046604,0.05168668,0.69130084,0.00457707,0.03474471,0.07462666,73191,0.0797465,Hispanic
CA-159,100614,0.50712948,0.47114257,0.46387118,0.53612882,0.07188937,0.33182638,0.00474945,0.11871079,0.03817337,78746,0.03598691,Minority
CA-160,97208,0.62423528,0.35136729,0.22764762,0.77235238,0.0728268,0.52378658,0.00503613,0.16420699,0.04804029,68505,0.27286799,Hispanic
CA-161,104489,0.65669742,0.32013421,0.28841269,0.71158731,0.09337486,0.50474561,0.00502633,0.09870866,0.0526562,74806,0.33656321,Hispanic
CA-162,97154,0.65790033,0.32206569,0.17257687,0.82742313,0.11415187,0.52419427,0.00382483,0.17692057,0.04597207,67454,0.33583464,Hispanic
CA-163,95772,0.70330757,0.27575049,0.13641754,0.86358246,0.08425524,0.64128852,0.00523875,0.13295006,0.0446119,66619,0.42755708,Hispanic
CA-164,100134,0.42681073,0.55342917,0.56548003,0.43451997,0.0375074,0.20436928,0.00356649,0.17296835,0.02830822,75985,-0.12661844,White
CA-165,103280,0.41389978,0.56552838,0.5026446,0.4973554,0.03315265,0.27740081,0.00639166,0.1598572,0.03901933,76193,-0.1516286,White
CA-166,95359,0.61727382,0.36839405,0.13246373,0.86753627,0.02691849,0.67827649,0.00218911,0.15521536,0.03706388,66237,0.24887977,Hispanic
CA-167,95987,0.55827369,0.42342342,0.16221509,0.83778491,0.00944547,0.78261852,0.00262123,0.0393938,0.03169582,66381,0.13485027,Hispanic
CA-168,103207,0.31609523,0.66416069,0.62712522,0.37287478,0.01383429,0.26446653,0.00321757,0.03445427,0.07006035,79874,-0.34806546,White
CA-169,98207,0.42051251,0.56123027,0.30082208,0.69917792,0.0112656,0.61280828,0.00258079,0.06027171,0.03962535,68971,-0.14071776,Hispanic
CA-170,100473,0.41021747,0.56810494,0.46878036,0.53121964,0.02811657,0.41543443,0.00429034,0.06353211,0.04430653,74120,-0.15788747,Minority
CA-171,97395,0.40305585,0.57738796,0.36083005,0.63916995,0.02216307,0.54542914,0.00338255,0.0503412,0.04045826,67996,-0.17433211,Hispanic
CA-172,97672,0.5599393,0.4160344,0.17456089,0.82543911,0.01283846,0.75587363,0.00231785,0.04596559,0.04146536,66441,0.1439049,Hispanic
CA-173,95485,0.55052504,0.42551844,0.16496858,0.83503142,0.0203455,0.77108168,0.00373211,0.03247091,0.03706911,63503,0.1250066,Hispanic
CA-174,103723,0.6169392,0.36271974,0.08742081,0.91257919,0.0585765,0.77238913,0.00437944,0.08175754,0.03340372,83344,0.25421946,Hispanic
CA-175,97163,0.28697958,0.69363708,0.59476719,0.40523281,0.03349451,0.25474717,0.00403175,0.08432835,0.04274215,70937,-0.4066575,White
CA-176,97027,0.35701615,0.62271062,0.5132772,0.4867228,0.0396427,0.3373003,0.00437176,0.08446675,0.0418016,74112,-0.26569447,White
CA-177,97114,0.34771794,0.61898393,0.54916947,0.45083053,0.10582725,0.26210419,0.00756552,0.05118308,0.04541887,77721,-0.27126599,White
CA-178,97576,0.32938418,0.64706745,0.61735581,0.38264419,0.02874245,0.27622542,0.00404104,0.03374893,0.05599537,72506,-0.31768327,White
CA-179,100797,0.59388739,0.37888908,0.19508808,0.80491192,0.09095826,0.68125137,0.00321614,0.02224984,0.04882684,68405,0.21499831,Hispanic
CA-180,98802,0.61229334,0.36011022,0.18161164,0.81838836,0.10014458,0.67054675,0.00293588,0.03757635,0.040586,67782,0.25218312,Hispanic
CA-181,102765,0.53017644,0.44638048,0.24885353,0.75114647,0.08504614,0.49791425,0.00381237,0.15807503,0.03719819,72396,0.08379596,Hispanic
CA-182,97707,0.62653081,0.3488806,0.11198401,0.88801599,0.02621792,0.8279255,0.00139457,0.02553613,0.04354159,64536,0.27765021,Hispanic
CA-183,101243,0.61606275,0.35943357,0.16508589,0.83491411,0.20611266,0.56402162,0.00958119,0.05580523,0.04484546,72538,0.25662918,Hispanic
CA-184,103773,0.53632216,0.44036495,0.2494395,0.7505605,0.14762802,0.54254983,0.00727618,0.04876002,0.0435883,72703,0.09595721,Hispanic
CA-185,101435,0.39459524,0.58633333,0.42451257,0.57548743,0.07603873,0.43126261,0.00571467,0.05010085,0.04171037,74370,-0.19173809,Hispanic
CA-186,102201,0.36682436,0.60817427,0.46925532,0.53074468,0.11624789,0.32824274,0.01177228,0.05001207,0.05953179,74582,-0.24134991,Minority
CA-187,101087,0.39651251,0.57352749,0.60116065,0.39883935,0.07391928,0.24079156,0.0092525,0.04974949,0.045054,79438,-0.17701498,White
CA-188,97124,0.35225509,0.62558216,0.65328595,0.34671405,0.02322927,0.25071011,0.00431901,0.03814477,0.0421525,77101,-0.27332707,White
CA-189,98800,0.40567767,0.5727759,0.56508677,0.43491323,0.03858165,0.29339447,0.00560014,0.07985137,0.0358277,75891,-0.16709823,White
CA-190,104523,0.57611446,0.39670421,0.36812389,0.63187611,0.08877436,0.34951289,0.00795857,0.18400659,0.03198189,81296,0.17941025,Minority
CA-191,100236,0.63278212,0.34148646,0.18949852,0.81050148,0.14589448,0.60291536,0.00645986,0.05628502,0.03989664,71209,0.29129566,Hispanic
CA-192,100691,0.59721019,0.37870386,0.21240658,0.78759342,0.13374305,0.59356949,0.00561198,0.05636617,0.04319855,73058,0.21850633,Hispanic
CA-193,96501,0.66908203,0.30441353,0.13335569,0.86664431,0.11686664,0.69656369,0.00609409,0.04854864,0.03915966,68591,0.3646685,Hispanic
CA-194,96341,0.72315933,0.25415045,0.08754748,0.91245252,0.13878662,0.74137404,0.00541351,0.03042915,0.04582563,68717,0.46900888,Hispanic
CA-195,97351,0.67782303,0.30171451,0.11025898,0.88974102,0.06217134,0.78679881,0.00366543,0.03728871,0.04464777,70933,0.37610852,Hispanic
CA-196,97488,0.66901632,0.30815393,0.1195329,0.8804671,0.10607432,0.703667,0.00507031,0.06895908,0.04214246,69621,0.36086239,Hispanic
CA-197,98097,0.68396791,0.29400438,0.10521079,0.89478921,0.08865675,0.7176139,0.0054305,0.08861529,0.03888405,72369,0.38996353,Hispanic
CA-198,98372,0.55735203,0.4224321,0.32774814,0.67225186,0.12483699,0.36727919,0.0065468,0.17519594,0.0290193,75915,0.13491993,Hispanic
CA-199,96004,0.4914756,0.48923783,0.38639785,0.61360215,0.10430159,0.33138162,0.00557895,0.16977146,0.02859905,72415,0.00223777000000003,Minority
CA-200,97327,0.54573138,0.43280394,0.37692115,0.62307885,0.08108678,0.41284851,0.00468847,0.11947689,0.03467622,75931,0.11292744,Hispanic
CA-201,98276,0.65982493,0.31593722,0.14975892,0.85024108,0.05865239,0.71527503,0.00534073,0.07203835,0.05083935,73211,0.34388771,Hispanic
CA-202,96162,0.62132621,0.35810866,0.16724386,0.83275614,0.08644172,0.59455205,0.00566696,0.14998289,0.03723222,73055,0.26321755,Hispanic
CA-203,96373,0.55997874,0.42081288,0.19680858,0.80319142,0.04384156,0.60632893,0.00470357,0.15029852,0.03676599,74199,0.13916586,Hispanic
CA-204,100747,0.52784011,0.45558049,0.24880646,0.75119354,0.07246731,0.27383729,0.0060074,0.40083518,0.02040318,81899,0.07225962,Asian
CA-205,101798,0.6545871,0.32403383,0.06949492,0.93050508,0.01539284,0.89307857,0.00144308,0.02737841,0.03079904,74840,0.33055327,Hispanic
CA-206,104070,0.54741597,0.43124431,0.16499445,0.83500555,0.06164808,0.73704374,0.00439175,0.02375752,0.04625358,85615,0.11617166,Hispanic
CA-207,95949,0.63031313,0.35271001,0.26190275,0.73809725,0.01872548,0.69306861,0.00196145,0.01999548,0.0319194,70866,0.27760312,Hispanic
CA-208,98265,0.55315533,0.43238902,0.39322283,0.60677717,0.02871274,0.52716214,0.00300762,0.04245422,0.02983558,74810,0.12076631,Hispanic
CA-209,96947,0.57985316,0.4064893,0.64294153,0.35705847,0.02589512,0.2639783,0.00289331,0.05110307,0.02407474,82950,0.17336386,White
CA-210,95784,0.6519,0.33151972,0.35211654,0.64788346,0.05766775,0.51957271,0.00447612,0.05757164,0.04065576,72831,0.32038028,Hispanic
CA-211,99492,0.58215458,0.40107791,0.6129792,0.3870208,0.04740682,0.27171051,0.00426359,0.04145228,0.03942315,82794,0.18107667,White
CA-212,101265,0.46121377,0.51743416,0.42136514,0.57863486,0.08088801,0.38854871,0.00486415,0.08234592,0.05062956,75450,-0.05622039,Minority
CA-213,102624,0.52418894,0.4527797,0.32122404,0.67877596,0.10702977,0.51124466,0.00718203,0.04376592,0.04779486,74213,0.07140924,Hispanic
CA-214,96947,0.65629999,0.32534367,0.17408816,0.82591184,0.19335305,0.5360231,0.00873116,0.09297282,0.03896634,71010,0.33095632,Hispanic
CA-215,97002,0.70394972,0.27469466,0.12191785,0.87808215,0.16600681,0.64404239,0.00794737,0.06420483,0.03736427,68702,0.42925506,Hispanic
CA-216,101051,0.65718234,0.31896114,0.27508153,0.72491847,0.10874097,0.5013364,0.00700812,0.10541595,0.04395422,78195,0.3382212,Hispanic
CA-217,101947,0.57693299,0.40156872,0.21475912,0.78524088,0.04715198,0.67029545,0.00465797,0.05762577,0.03856801,75140,0.17536427,Hispanic
CA-218,100930,0.55617365,0.42090741,0.39669872,0.60330128,0.07376488,0.43572534,0.00602654,0.08116166,0.03824,78818,0.13526624,Hispanic
CA-219,97333,0.61217067,0.36360186,0.2031426,0.7968574,0.06372801,0.64915525,0.00650768,0.07532504,0.03821178,71915,0.24856881,Hispanic
CA-220,97617,0.48358082,0.49831771,0.29177951,0.70822049,0.09529499,0.36433275,0.00669109,0.24107854,0.02591472,75324,-0.01473689,Hispanic
CA-221,98071,0.52749906,0.44969194,0.3102495,0.6897505,0.05903742,0.50822574,0.00743586,0.11219153,0.03736994,73428,0.07780712,Hispanic
CA-222,102265,0.5095392,0.4709708,0.35330722,0.64669278,0.06762607,0.39371022,0.00821974,0.17408333,0.02987709,77618,0.0385684,Hispanic
CA-223,101736,0.70605066,0.27197467,0.09623258,0.90376742,0.10213834,0.76184363,0.00506412,0.03765995,0.0387013,70101,0.43407599,Hispanic
CA-224,104009,0.42386153,0.55816555,0.4663011,0.5336989,0.07585735,0.34137075,0.00719315,0.10085609,0.033243,78964,-0.13430402,Minority
CA-225,95369,0.49013047,0.49173865,0.36247157,0.63752843,0.07424203,0.457286,0.00833549,0.09127293,0.03810717,69462,-0.00160818000000001,Hispanic
CA-226,101847,0.45807686,0.52497988,0.45515667,0.54484333,0.0795575,0.38985317,0.00790908,0.05789899,0.03625309,79276,-0.06690302,Minority
CA-227,98425,0.41381551,0.56642774,0.50490031,0.49509969,0.0744875,0.24775344,0.01113451,0.14769728,0.0426706,71220,-0.15261223,White
CA-228,103714,0.39157836,0.58893815,0.49631417,0.50368583,0.06643669,0.31746636,0.00995567,0.09829744,0.03441853,76238,-0.19735979,Minority
CA-229,99705,0.44076364,0.53905924,0.48014729,0.51985271,0.08104888,0.28370494,0.01088413,0.13988277,0.0324358,73869,-0.0982956,Minority
CA-230,96902,0.44707632,0.52896456,0.52602143,0.47397857,0.06245143,0.25419118,0.00967303,0.14077939,0.03490341,72056,-0.08188824,White
CA-231,98095,0.36527857,0.61187549,0.64362272,0.35637728,0.01954095,0.23685724,0.00801244,0.04100332,0.06577262,76506,-0.24659692,White
CA-232,99222,0.34964105,0.63079752,0.65863536,0.34136464,0.04224791,0.22282364,0.00640276,0.0482521,0.03716942,77779,-0.28115647,White
CA-233,103378,0.40682249,0.56811341,0.66188322,0.33811678,0.03516775,0.19805988,0.01242026,0.07172668,0.03237288,79789,-0.16129092,White
CA-234,97221,0.49860225,0.47787331,0.55250688,0.44749312,0.08319943,0.27333261,0.01034887,0.07531523,0.0270296,73438,0.02072894,White
CA-235,99536,0.47577483,0.50052849,0.61930549,0.38069451,0.02530606,0.18923081,0.00731463,0.14096707,0.03075995,77926,-0.02475366,White
CA-236,99807,0.60098492,0.37217605,0.2870388,0.7129612,0.03533016,0.58811436,0.0062083,0.07903336,0.03922396,73450,0.22880887,Hispanic
CA-237,100018,0.44379885,0.52992184,0.54592405,0.45407595,0.05674699,0.31883605,0.01240481,0.05871025,0.03290025,79969,-0.08612299,White
CA-238,101884,0.57869452,0.39310705,0.45799384,0.54200616,0.06074356,0.35675869,0.01908977,0.10123515,0.03626315,80881,0.18558747,Minority
CA-239,101937,0.56036129,0.41366527,0.4050363,0.5949637,0.04435955,0.43700817,0.01599228,0.09160024,0.04371224,78788,0.14669602,Hispanic
CA-240,95940,0.53262987,0.44234769,0.4641278,0.5358722,0.03359297,0.37632613,0.00889789,0.10776033,0.03537255,73051,0.0902821799999999,Minority
CA-241,101645,0.58447416,0.39367831,0.62900301,0.37099699,0.02714012,0.20914084,0.00584257,0.11761582,0.02274847,77192,0.19079585,White
CA-242,103534,0.5643377,0.41453987,0.66972321,0.33027679,0.02924566,0.17715001,0.00721425,0.10299136,0.02443616,82337,0.14979783,White
CA-243,100101,0.64318768,0.3352278,0.73991362,0.26008638,0.0159517,0.14266958,0.00499411,0.07910818,0.02164523,81496,0.30795988,White
CA-244,101926,0.59158381,0.38867146,0.59515254,0.40484746,0.02081648,0.08501611,0.00403071,0.28295833,0.01050105,75421,0.20291235,White
CA-245,99878,0.5966378,0.38216127,0.53480471,0.46519529,0.03133646,0.09940158,0.00773438,0.32288785,0.01436201,77705,0.21447653,White
CA-246,99417,0.61278087,0.36425479,0.38646845,0.61353155,0.04319855,0.11816862,0.00928686,0.4419603,0.01466279,78498,0.24852608,Asian
CA-247,96798,0.67532909,0.30076806,0.42714991,0.57285009,0.03323851,0.11684585,0.00937181,0.41595547,0.01128065,81201,0.37456103,Minority
CA-248,97226,0.68490932,0.2893115,0.6929278,0.3070722,0.02137829,0.11433463,0.00554076,0.14572434,0.01403025,84104,0.39559782,White
CA-249,98254,0.66322792,0.3119084,0.48976292,0.51023708,0.0735076,0.22294225,0.01148936,0.19755623,0.02491185,82250,0.35131952,Minority
CA-250,99358,0.63387252,0.34158727,0.56245178,0.43754822,0.04928051,0.19395016,0.01016472,0.17220011,0.02408916,81655,0.29228525,White
CA-251,99131,0.6581975,0.31990781,0.59213123,0.40786877,0.07497957,0.19096223,0.01072214,0.1247816,0.02462447,79555,0.33828969,White
CA-252,102096,0.69433583,0.27986192,0.67848465,0.32151535,0.05140322,0.16353849,0.00666503,0.07904416,0.02260315,89722,0.41447391,White
CA-253,101989,0.83684411,0.13987972,0.58076695,0.41923305,0.07219527,0.23293896,0.00693637,0.09803104,0.02840398,91114,0.69696439,White
CA-254,101715,0.73511785,0.24111105,0.18385177,0.81614823,0.15167771,0.45224672,0.00792958,0.20991914,0.03272093,76801,0.4940068,Hispanic
CA-255,104688,0.63341245,0.3415441,0.5504691,0.4495309,0.09455,0.23428881,0.01149168,0.10479232,0.03086842,84844,0.29186835,White
CA-256,98209,0.77779424,0.19965628,0.12194497,0.87805503,0.14653369,0.59182985,0.00956828,0.14009636,0.03890741,74099,0.57813796,Hispanic
CA-257,103002,0.64680223,0.33134322,0.2219464,0.7780536,0.15783474,0.4030726,0.01666751,0.21204215,0.03167587,78956,0.31545901,Hispanic
CA-258,95512,0.67577525,0.30359226,0.09855012,0.90144988,0.07579605,0.60652099,0.01288935,0.22186611,0.03225806,72075,0.37218299,Hispanic
CA-259,100708,0.6013112,0.38061808,0.27400824,0.72599176,0.07221793,0.4672205,0.01168212,0.18775116,0.03066718,77640,0.22069312,Hispanic
CA-260,96019,0.64102564,0.34201494,0.16664028,0.83335972,0.09149386,0.44067577,0.01345498,0.3118965,0.02466506,69491,0.2990107,Hispanic
CA-261,100357,0.66702622,0.30967448,0.16808489,0.83191511,0.0452928,0.71101828,0.00853511,0.07780872,0.03805987,77562,0.35735174,Hispanic
CA-262,101869,0.61595023,0.35767174,0.39290954,0.60709046,0.08205924,0.43550323,0.01013616,0.07912509,0.03180281,82477,0.25827849,Hispanic
CA-263,101792,0.68867368,0.29023695,0.08646106,0.91353894,0.06131167,0.7353573,0.0079757,0.12256161,0.03268063,80996,0.39843673,Hispanic
CA-264,104502,0.44968227,0.53074973,0.73830427,0.26169573,0.01334627,0.16223763,0.0046144,0.06133605,0.02358078,84518,-0.08106746,White
CA-265,101296,0.45887034,0.52077737,0.65558692,0.34441308,0.02361735,0.15723696,0.00588446,0.14573311,0.01954859,75453,-0.06190703,White
CA-266,103423,0.49887478,0.48083975,0.64384041,0.35615959,0.0205943,0.16938724,0.00482585,0.1485999,0.01903797,82887,0.01803503,White
CA-267,97779,0.50994132,0.47194534,0.63690984,0.36309016,0.01747731,0.21624512,0.00372968,0.11155946,0.02253084,78559,0.03799598,White
CA-268,96776,0.57282858,0.40729902,0.65411336,0.34588664,0.02417018,0.13826354,0.00574516,0.16571125,0.01760247,79023,0.16552956,White
CA-269,97971,0.52823994,0.45224481,0.53093765,0.46906235,0.02287131,0.22747313,0.00549863,0.20342443,0.0239485,79838,0.07599513,White
CA-270,97087,0.63617378,0.34563491,0.33583237,0.66416763,0.02714763,0.08999321,0.00444839,0.5373124,0.00981139,72161,0.29053887,Asian
CA-271,99741,0.57660761,0.40184007,0.4107096,0.5892904,0.02196203,0.13671527,0.00445796,0.42171028,0.01456705,76268,0.17476754,Asian
CA-272,99784,0.62633369,0.35165114,0.40162841,0.59837159,0.03026916,0.10983525,0.00610972,0.44768631,0.01347695,78727,0.27468255,Asian
CA-273,101532,0.62889737,0.34681065,0.46307074,0.53692926,0.04102866,0.16977297,0.00384535,0.31754775,0.01206725,86598,0.28208672,Minority
CA-274,96598,0.44243996,0.5384888,0.76929767,0.23070233,0.01380313,0.08855869,0.00455963,0.10827566,0.01393979,80489,-0.09604884,White
CA-275,104414,0.45205479,0.52840406,0.56610153,0.43389847,0.02145836,0.1730289,0.00548407,0.22408211,0.01794569,83697,-0.07634927,White
CA-276,101382,0.58291788,0.39349544,0.3157888,0.6842112,0.02442291,0.51708966,0.00636398,0.13194746,0.03698508,78410,0.18942244,Hispanic
CA-277,101090,0.61682873,0.35908605,0.2922035,0.7077965,0.02518549,0.56766416,0.00594352,0.107061,0.04431093,77227,0.25774268,Hispanic
CA-278,100241,0.58421723,0.39772107,0.11562597,0.88437403,0.01739231,0.54574682,0.00628809,0.31543745,0.02936164,77448,0.18649616,Hispanic
CA-279,99089,0.74405382,0.2350044,0.072862,0.927138,0.01736843,0.83660455,0.00331942,0.07262785,0.06284864,72603,0.50904942,Hispanic
CA-280,102751,0.70393947,0.27417127,0.11668181,0.88331819,0.01895631,0.73347242,0.00504307,0.12648636,0.06114403,78127,0.4297682,Hispanic
CA-281,99014,0.56079605,0.41458406,0.47589809,0.52410191,0.02104444,0.35444055,0.00950515,0.12875278,0.03164199,79641,0.14621199,Minority
CA-282,98377,0.620525,0.35878274,0.23127986,0.76872014,0.03072294,0.56231689,0.00667775,0.17057302,0.03608098,75774,0.26174226,Hispanic
CA-283,100021,0.66974432,0.30610795,0.17138715,0.82861285,0.02878418,0.6263196,0.00730148,0.16784185,0.03746952,75875,0.36363637,Hispanic
CA-284,96006,0.60303093,0.37645518,0.19132746,0.80867254,0.03827634,0.50731754,0.00793468,0.25392326,0.03544156,73727,0.22657575,Hispanic
CA-285,103439,0.48551039,0.49869811,0.16464736,0.83535264,0.01522652,0.29305608,0.00833949,0.51794381,0.01987436,82619,-0.01318772,Asian
CA-286,103116,0.44761305,0.53798195,0.12793272,0.87206728,0.01100898,0.23651852,0.00711072,0.61959477,0.01753014,83114,-0.0903689,Asian
CA-287,95795,0.48775922,0.49162689,0.43144724,0.56855276,0.02001446,0.21090078,0.00768297,0.3213677,0.02214503,77444,-0.00386766999999999,Minority
CA-288,96972,0.46777858,0.51049875,0.67278654,0.32721346,0.01802241,0.14096944,0.00784343,0.14221839,0.02399241,80067,-0.04272017,White
CA-289,97247,0.52554309,0.45268561,0.31462955,0.68537045,0.03517408,0.36074992,0.01093302,0.27451969,0.03123341,75368,0.07285748,Hispanic
CA-290,98010,0.54047216,0.43983021,0.3047592,0.6952408,0.04444244,0.23900556,0.01166888,0.40213757,0.02412516,77471,0.10064195,Asian
CA-291,97189,0.47805974,0.50175991,0.61136928,0.38863072,0.02076292,0.15895875,0.00760437,0.18871769,0.02260189,80480,-0.02370017,White
CA-292,100502,0.42221757,0.5588406,0.55224258,0.44775742,0.01946057,0.17066879,0.00460276,0.24259322,0.02020662,79083,-0.13662303,White
CA-293,98533,0.62243043,0.35485946,0.19721113,0.80278887,0.03523902,0.53023046,0.00773507,0.22953125,0.03783949,75371,0.26757097,Hispanic
CA-294,98916,0.54229685,0.43457415,0.36368057,0.63631943,0.02990249,0.2108886,0.00519989,0.38661246,0.01991421,80194,0.1077227,Asian
CA-295,104417,0.53666801,0.44253731,0.33214983,0.66785017,0.02501321,0.43835768,0.00468076,0.19503176,0.03143851,81397,0.0941307,Hispanic
CA-296,103324,0.66710526,0.30834267,0.16522429,0.83477571,0.12970678,0.66240224,0.00395087,0.0388099,0.04521999,74414,0.35876259,Hispanic
CA-297,99623,0.61196296,0.36159824,0.22543158,0.77456842,0.16507288,0.54255632,0.00474637,0.06198283,0.04631561,71423,0.25036472,Hispanic
CA-298,100946,0.63829135,0.33314948,0.21561595,0.78438405,0.24680001,0.48545588,0.00490899,0.04769741,0.04140996,71094,0.30514187,Hispanic
CA-299,100864,0.44553126,0.53119801,0.44742351,0.55257649,0.14646758,0.30534467,0.0059147,0.08286882,0.04006608,79294,-0.08566675,Minority
CA-300,101759,0.45586286,0.52353742,0.52352536,0.47647464,0.05513229,0.29448927,0.0052918,0.10996435,0.02859824,79935,-0.0676745600000001,White
CA-301,101347,0.54443372,0.43627982,0.45279853,0.54720147,0.05945733,0.31469393,0.00523004,0.16376983,0.0274479,76290,0.1081539,Minority
CA-302,102902,0.54812117,0.4326112,0.46719522,0.53280478,0.05221166,0.31855132,0.00476704,0.1497353,0.02905387,79714,0.11550997,Minority
CA-303,100597,0.67727816,0.30006994,0.32154637,0.67845363,0.07701978,0.45208668,0.00723149,0.14233972,0.03584631,80343,0.37720822,Hispanic
CA-304,98539,0.71128591,0.2630985,0.10158603,0.89841397,0.06239711,0.68757278,0.00451047,0.14891253,0.03957706,74715,0.44818741,Hispanic
CA-305,101975,0.50669614,0.47141936,0.44049845,0.55950155,0.03670718,0.37703587,0.00472371,0.13821778,0.03347193,81292,0.03527678,Minority
CA-306,101285,0.57825411,0.40081618,0.2885316,0.7114684,0.04722647,0.48887728,0.00499869,0.17071412,0.03785081,80421,0.17743793,Hispanic
CA-307,97800,0.66307259,0.31457513,0.27061895,0.72938105,0.06060257,0.46856602,0.00377566,0.19826704,0.03778221,78132,0.34849746,Hispanic
CA-308,101715,0.72237482,0.25699571,0.05450581,0.94549419,0.01756936,0.72787893,0.00280498,0.20220063,0.03904019,78432,0.46537911,Hispanic
CA-309,102252,0.73394857,0.24365539,0.04066922,0.95933078,0.01749323,0.79076774,0.0032037,0.15170546,0.04032596,78659,0.49029318,Hispanic
CA-310,102930,0.64961127,0.33269099,0.12060497,0.87939503,0.0453606,0.50678403,0.00396343,0.32984,0.03334873,82252,0.31692028,Hispanic
CA-311,98246,0.60670515,0.37771364,0.13280577,0.86719423,0.03818166,0.22764207,0.00490533,0.60338006,0.01537751,80117,0.22899151,Asian
CA-312,98874,0.61547564,0.36694279,0.09847939,0.90152061,0.01631177,0.34919373,0.00470843,0.53669839,0.02073446,80494,0.24853285,Asian
CA-313,98296,0.63947514,0.33852818,0.21105606,0.78894394,0.02089344,0.67485155,0.00443743,0.09093497,0.04414143,77297,0.30094696,Hispanic
CA-314,97724,0.60114768,0.37695403,0.20901212,0.79098788,0.02185756,0.64774631,0.00495983,0.11678033,0.04207944,75809,0.22419365,Hispanic
CA-315,100810,0.5950733,0.38626201,0.20696609,0.79303391,0.05443855,0.2666529,0.00873495,0.46641478,0.0218799,82313,0.20881129,Asian
CA-316,97374,0.85196927,0.1233403,0.01246447,0.98753553,0.20852028,0.7633481,0.00711225,0.01402253,0.0405961,69317,0.72862897,Hispanic
CA-317,95159,0.68510494,0.29424581,0.1107868,0.8892132,0.10398047,0.40189595,0.02554631,0.37111898,0.02625665,77428,0.39085913,Hispanic
CA-318,99017,0.87489131,0.10629408,0.02958153,0.97041847,0.48344557,0.45164609,0.00905884,0.03767837,0.0282855,74844,0.76859723,Black
CA-319,98627,0.74436104,0.2307765,0.4997328,0.5002672,0.1128279,0.27094031,0.00841098,0.10122215,0.03248217,86078,0.51358454,Minority
CA-320,102096,0.7934507,0.17827465,0.11049251,0.88950749,0.16187581,0.56078075,0.00977915,0.16436337,0.03970886,75978,0.61517605,Hispanic
CA-321,101114,0.73402983,0.24304443,0.20588346,0.79411654,0.16597968,0.36952028,0.01949459,0.24950825,0.03214854,79817,0.4909854,Hispanic
CA-322,101600,0.64338779,0.33239025,0.46749218,0.53250782,0.06713664,0.29984675,0.00925642,0.15292098,0.03141053,81565,0.31099754,Minority
CA-323,99474,0.61254167,0.36543147,0.33737268,0.66262732,0.11915852,0.32453806,0.01507396,0.20559707,0.03269437,78148,0.2471102,Minority
CA-324,101684,0.77038675,0.20199301,0.07516266,0.92483734,0.1553814,0.65682505,0.01597988,0.10247881,0.0419921,75157,0.56839374,Hispanic
CA-325,100640,0.69058088,0.28505885,0.13410674,0.86589326,0.13786466,0.59125072,0.01112973,0.13152726,0.03777562,76372,0.40552203,Hispanic
CA-326,103659,0.69228006,0.28458886,0.09990561,0.90009439,0.04967957,0.68695663,0.00657012,0.15959561,0.04174326,80516,0.4076912,Hispanic
CA-327,104239,0.73049923,0.24861446,0.06469392,0.93530608,0.01758812,0.86690101,0.00293952,0.05091493,0.04716704,81646,0.48188477,Hispanic
CA-328,102857,0.66629771,0.31274069,0.14183837,0.85816163,0.04589663,0.72544744,0.00476262,0.08429839,0.04114654,79788,0.35355702,Hispanic
CA-329,97698,0.77888803,0.19385729,0.04516733,0.95483267,0.08338266,0.84942388,0.00474938,0.02271445,0.05158244,72641,0.58503074,Hispanic
CA-330,102536,0.7993452,0.17782763,0.01765577,0.98234423,0.01036741,0.96553292,0.00161098,0.00808086,0.0514083,76972,0.62151757,Hispanic
CA-331,101571,0.82848692,0.15014164,0.01177328,0.98822672,0.05732598,0.92403758,0.00145791,0.00852738,0.04449365,72707,0.67834528,Hispanic
CA-332,103041,0.79478151,0.17990438,0.02527857,0.97472143,0.01082222,0.95441306,0.00181706,0.01177084,0.05145232,74846,0.61487713,Hispanic
CA-333,104270,0.77420979,0.20246154,0.04448468,0.95551532,0.01359993,0.89198567,0.00210204,0.05180383,0.04662471,78971,0.57174825,Hispanic
CA-334,103814,0.82944494,0.14405204,0.02251189,0.97748811,0.01071498,0.94665971,0.0015512,0.02227726,0.04989898,76715,0.6853929,Hispanic
CA-335,98753,0.72264542,0.25696316,0.02604845,0.97395155,0.01036033,0.68544588,0.00170435,0.2803865,0.03843521,74515,0.46568226,Hispanic
CA-336,97963,0.6321257,0.35078561,0.11663935,0.88336065,0.01328627,0.31376528,0.00286146,0.55594353,0.02139166,79330,0.28134009,Asian
CA-337,99433,0.68830053,0.29488181,0.05051706,0.94948294,0.00971623,0.32581847,0.00280582,0.61772202,0.02070672,81616,0.39341872,Asian
CA-338,98039,0.69945369,0.28269336,0.08087058,0.91912942,0.02169102,0.30594852,0.00304457,0.59492572,0.0236596,81785,0.41676033,Asian
CA-339,102617,0.68721273,0.29234712,0.20546197,0.79453803,0.02056443,0.20744306,0.00412018,0.56564331,0.01840103,82278,0.39486561,Asian
CA-340,96245,0.65272576,0.32689797,0.29073679,0.70926321,0.03804669,0.18008937,0.00309458,0.48992013,0.01626904,77878,0.32582779,Asian
CA-341,102018,0.79301423,0.18563071,0.36825334,0.63174666,0.10658763,0.32683904,0.00407699,0.19484049,0.03256909,85357,0.60738352,Minority
CA-342,101651,0.70313764,0.27730875,0.51871022,0.48128978,0.1045593,0.17796379,0.0033557,0.1924639,0.02264791,80758,0.42582889,White
CA-343,98688,0.60142329,0.38062132,0.5848411,0.4151589,0.03178014,0.20034578,0.00330168,0.17968328,0.01553589,83291,0.22080197,White
CA-344,102257,0.58436077,0.39647793,0.6763206,0.3236794,0.02069723,0.12917557,0.00242443,0.16790675,0.01313731,83731,0.18788284,White
CA-345,103648,0.67568334,0.30426387,0.58372727,0.41627273,0.03962934,0.22459371,0.00390414,0.14144265,0.02293092,85038,0.37141947,White
CA-346,103439,0.60572819,0.36992345,0.43785376,0.56214624,0.04115326,0.420077,0.00279987,0.09200951,0.02807111,82861,0.23580474,Minority
CA-347,103118,0.77747087,0.19729535,0.0730206,0.9269794,0.02812332,0.84571289,0.0022827,0.0530406,0.04753905,77978,0.58017552,Hispanic
CA-348,95184,0.73373189,0.24477933,0.12085875,0.87914125,0.03835886,0.77455008,0.00244844,0.06508417,0.04535834,72291,0.48895256,Hispanic
CA-349,103696,0.74512051,0.2327996,0.09146192,0.90853808,0.04001136,0.71028882,0.00281461,0.15837992,0.03385279,77453,0.51232091,Hispanic
CA-350,102175,0.75406339,0.22336693,0.21951915,0.78048085,0.04779923,0.64704496,0.00388299,0.0822375,0.04175764,80608,0.53069646,Hispanic
CA-351,98984,0.69544876,0.28265436,0.31921434,0.68078566,0.04905845,0.5184966,0.00333145,0.1111597,0.02931416,77744,0.4127944,Hispanic
CA-352,97094,0.73647073,0.24248042,0.27269507,0.72730493,0.06379154,0.54175578,0.00337195,0.11742787,0.03644856,76217,0.49399031,Hispanic
CA-353,102432,0.6944099,0.28412716,0.22538645,0.77461355,0.05468141,0.55052155,0.0032927,0.16801558,0.03696117,79570,0.41028274,Hispanic
CA-354,97348,0.67933283,0.2997387,0.2951308,0.7048692,0.06028231,0.46702927,0.0045325,0.17416472,0.03128723,77220,0.37959413,Hispanic
CA-355,99887,0.63306855,0.34618448,0.41238122,0.58761878,0.05991268,0.30598393,0.00533209,0.21543617,0.02242904,81769,0.28688407,Minority
CA-356,96496,0.61174147,0.36998118,0.48352279,0.51647721,0.05349511,0.19879818,0.00426124,0.25682244,0.01765734,78381,0.24176029,Minority
CA-357,100516,0.65983964,0.32188219,0.57592651,0.42407349,0.06724083,0.17776368,0.00390368,0.16840706,0.01720058,81974,0.33795745,White
CA-358,103149,0.72656603,0.25442328,0.59568344,0.40431656,0.07427685,0.22226661,0.00368917,0.09712856,0.02191179,85114,0.47214275,White
CA-359,102949,0.67871079,0.30504957,0.73521985,0.26478015,0.05196021,0.10184581,0.00301116,0.09754247,0.0127085,84353,0.37366122,White
CA-360,100797,0.80333122,0.17888171,0.63157834,0.36842166,0.08623868,0.16817586,0.0038957,0.10024464,0.02260896,86249,0.62444951,White
CA-361,101647,0.81104357,0.1725186,0.66738771,0.33261229,0.07499894,0.14480214,0.00384909,0.09392628,0.02019977,94308,0.63852497,White
CA-362,101652,0.6718537,0.31486242,0.74772342,0.25227658,0.03304693,0.0757613,0.00301596,0.12776901,0.00886083,85545,0.35699128,White
CA-363,101149,0.83220901,0.14797241,0.47867395,0.52132605,0.06148417,0.19553686,0.00400394,0.25285874,0.02112811,88413,0.6842366,Minority
CA-364,99358,0.71943043,0.26455612,0.58521515,0.41478485,0.04545349,0.11183112,0.00344292,0.24265047,0.01045627,86264,0.45487431,White
CA-365,98912,0.82586493,0.15955001,0.53672756,0.46327244,0.12479242,0.17738991,0.00418095,0.14956012,0.01953856,84909,0.66631492,White
CA-366,101621,0.78994892,0.18934695,0.59893823,0.40106177,0.09327281,0.14398424,0.00586351,0.14688204,0.01899415,88343,0.60060197,White
CA-367,101678,0.82830387,0.15249431,0.4986008,0.5013992,0.07603102,0.23263452,0.0052885,0.17752034,0.02364408,84334,0.67580956,Minority
CA-368,98659,0.84326955,0.1400383,0.56868697,0.43131303,0.05257167,0.21219543,0.00364506,0.15508181,0.02138742,86967,0.70323125,White
CA-369,100476,0.76048041,0.22215169,0.23079442,0.76920558,0.06664639,0.2404206,0.0029709,0.45929634,0.02152147,85496,0.53832872,Asian
CA-370,99419,0.7996306,0.17892702,0.24707154,0.75292846,0.05900162,0.51423079,0.00352015,0.17785787,0.03950261,83235,0.62070358,Hispanic
CA-371,100599,0.81162873,0.16329159,0.16328357,0.83671643,0.07103283,0.55513471,0.00373857,0.2099115,0.05638499,81582,0.64833714,Hispanic
CA-372,99475,0.82307851,0.15366748,0.27132805,0.72867195,0.14011857,0.31025542,0.00510832,0.27126157,0.02908748,90245,0.66941103,Hispanic
CA-373,97682,0.77006399,0.20758684,0.07021501,0.92978499,0.06469784,0.64750696,0.00242343,0.2201583,0.05249046,77576,0.56247715,Hispanic
CA-374,97058,0.86299068,0.11771038,0.10608386,0.89391614,0.23426154,0.55047528,0.00272142,0.10987579,0.04538713,77533,0.7452803,Hispanic
CA-375,98375,0.8551701,0.12136752,0.12098143,0.87901857,0.2095023,0.5249975,0.00288289,0.14486821,0.03533097,80128,0.73380258,Hispanic
CA-376,99800,0.91145955,0.07307453,0.07754249,0.92245751,0.63865868,0.24395765,0.00382208,0.0454939,0.03141776,80846,0.83838502,Black
CA-377,99575,0.85771062,0.12140527,0.01802539,0.98197461,0.21211406,0.75692777,0.00212308,0.01570804,0.0474294,72065,0.73630535,Hispanic
CA-378,100005,0.85504587,0.1239015,0.02428473,0.97571527,0.09782716,0.86158125,0.00200851,0.01939688,0.05658946,71197,0.73114437,Hispanic
CA-379,100845,0.8224978,0.15749224,0.29218468,0.70781532,0.03140555,0.46487916,0.00441265,0.20817603,0.03629915,83170,0.66500556,Hispanic
CA-380,98935,0.82400333,0.1521129,0.11519958,0.88480042,0.03559658,0.67444092,0.00352304,0.17635397,0.04625409,79193,0.67189043,Hispanic
CA-381,99832,0.83390177,0.14034789,0.06810731,0.93189269,0.05226114,0.81443849,0.00288822,0.06689738,0.04509263,76864,0.69355388,Hispanic
CA-382,98950,0.8654475,0.11282272,0.01244862,0.98755138,0.2397452,0.74215037,0.00284248,0.00934375,0.03899303,68602,0.75262478,Hispanic
CA-383,101566,0.86819585,0.10519323,0.01366967,0.98633033,0.28650602,0.69506778,0.00278536,0.00894171,0.03776657,70009,0.76300262,Hispanic
CA-384,100443,0.72606415,0.25045737,0.10271475,0.89728525,0.11341724,0.61276077,0.01226742,0.16837526,0.03595348,75403,0.47560678,Hispanic
CA-385,99722,0.66647966,0.30925666,0.31688833,0.68311167,0.07678795,0.51737767,0.00976161,0.0838143,0.04092848,79700,0.357223,Hispanic
CA-386,96604,0.89831708,0.08391003,0.01654964,0.98345036,0.52180917,0.44970398,0.00375878,0.01561338,0.03285144,72630,0.81440705,Black
CA-387,100315,0.75844183,0.22232494,0.09478378,0.90521622,0.26178922,0.40162102,0.01091265,0.24109457,0.0286981,78716,0.53611689,Hispanic
CA-388,96955,0.88961749,0.09143123,0.04894286,0.95105714,0.48649466,0.43605194,0.00569684,0.03181286,0.03666768,76007,0.79818626,Black
CA-389,101273,0.7759937,0.2013204,0.11951612,0.88048388,0.13615596,0.66271222,0.01013706,0.07693007,0.04311822,77044,0.5746733,Hispanic
CA-390,102808,0.68014684,0.29522174,0.34472448,0.65527552,0.06607946,0.32178853,0.01068932,0.25521073,0.03117097,80267,0.3849251,Minority
CA-391,104143,0.60033248,0.37654882,0.36658014,0.63341986,0.04815962,0.20754333,0.01002428,0.36400828,0.02202232,83597,0.22378366,Minority
CA-392,102187,0.56735024,0.41100062,0.55117899,0.44882101,0.02898374,0.09912536,0.00544055,0.30625663,0.01472364,81977,0.15634962,White
CA-393,103614,0.66151069,0.31307771,0.70102447,0.29897553,0.02961311,0.11860914,0.0056647,0.12946848,0.01645173,82970,0.34843298,White
CA-394,98279,0.81155292,0.17061372,0.6816,0.3184,0.05179259,0.13078519,0.00368593,0.11604148,0.0188563,84375,0.6409392,White
CA-395,103461,0.66712246,0.31450927,0.78057511,0.21942489,0.02610393,0.07605814,0.00341062,0.09818502,0.01319659,82976,0.35261319,White
CO-1,102462,0.81053884,0.17107024,0.27556532,0.72443468,0.23283052,0.40598063,0.01025691,0.0747929,0.03484272,71464,0.6394686,Hispanic
CO-2,103714,0.71699033,0.25577133,0.33909919,0.66090081,0.03297831,0.55528038,0.00229693,0.05485692,0.05744899,77930,0.461219,Hispanic
CO-3,99754,0.82250678,0.15520072,0.60457323,0.39542677,0.04556288,0.29312201,0.00229871,0.03594459,0.04057831,82655,0.66730606,White
CO-4,100339,0.8490121,0.12867582,0.55400052,0.44599948,0.20483296,0.18184062,0.00282622,0.04630555,0.03226085,81027,0.72033628,White
CO-5,103091,0.83085697,0.14482549,0.76160346,0.23839654,0.05009517,0.11350373,0.0023322,0.05146521,0.02446192,95618,0.68603148,White
CO-6,98699,0.81185405,0.1686482,0.79011945,0.20988055,0.0534846,0.09309082,0.00235308,0.04327991,0.02073354,83295,0.64320585,White
CO-7,99694,0.73181394,0.2432353,0.69298383,0.30701617,0.0911053,0.13328189,0.00373778,0.06192652,0.02573037,82937,0.48857864,White
CO-8,100697,0.73621509,0.23771239,0.27719432,0.72280568,0.18735376,0.45669859,0.00759101,0.06391141,0.04196822,73508,0.4985027,Hispanic
CO-9,96757,0.71180491,0.26160033,0.46225197,0.53774803,0.22515745,0.21968958,0.00600806,0.07784131,0.03141058,75898,0.45020458,Minority
CO-10,97295,0.61164474,0.36037963,0.57275902,0.42724098,0.13857286,0.18865753,0.00552969,0.07974389,0.03237115,75592,0.25126511,White
CO-11,99899,0.5987053,0.37472588,0.48824974,0.51175026,0.17291859,0.23059533,0.00720087,0.09175528,0.03402272,71658,0.22397942,Minority
CO-12,96306,0.55584332,0.4187222,0.64425175,0.35574825,0.09798601,0.11195804,0.0040979,0.12857343,0.02415385,71500,0.13712112,White
CO-13,97896,0.59203456,0.38354573,0.79604422,0.20395578,0.02441724,0.07449037,0.00253001,0.08280515,0.01843482,75889,0.20848883,White
CO-14,98369,0.60143108,0.3704889,0.76634905,0.23365095,0.02819709,0.14167503,0.00252006,0.03430291,0.03228435,79760,0.23094218,White
CO-15,104232,0.61893674,0.35235732,0.65547416,0.34452584,0.02910285,0.23455189,0.00239506,0.05355578,0.03895178,85593,0.26657942,White
CO-16,101911,0.50124369,0.47084236,0.80583217,0.19416783,0.01489942,0.10559698,0.00230184,0.04340973,0.0271217,79936,0.03040133,White
CO-17,99913,0.55989572,0.41452578,0.87334405,0.12665595,0.00889502,0.0569762,0.00178406,0.03196133,0.0202194,79033,0.14536994,White
CO-18,99179,0.60947685,0.36270933,0.79538162,0.20461838,0.01822917,0.11242348,0.00222156,0.04293789,0.02921357,81024,0.24676752,White
CO-19,99594,0.63066658,0.34078943,0.72827283,0.27172717,0.02411686,0.18848552,0.0029214,0.02943405,0.03911502,81810,0.28987715,White
CO-20,100534,0.57570299,0.39486459,0.77316409,0.22683591,0.01821672,0.12970898,0.00240248,0.05017957,0.03040248,80750,0.1808384,White
CO-21,97467,0.66675103,0.30411675,0.37775166,0.62224834,0.02553927,0.53196903,0.00309735,0.0435979,0.04735896,72320,0.36263428,Hispanic
CO-22,97620,0.60130154,0.36853617,0.38664376,0.61335624,0.03777825,0.51176007,0.00287739,0.04447785,0.04686851,69855,0.23276537,Hispanic
CO-23,96001,0.59209985,0.37782393,0.61057328,0.38942672,0.0269976,0.27500896,0.00249658,0.0611795,0.04200364,75303,0.21427592,White
CO-24,98592,0.56075144,0.41135948,0.6914032,0.3085968,0.02302348,0.1752525,0.00287793,0.08359714,0.03065685,72969,0.14939196,White
CO-25,101378,0.47690842,0.49480626,0.59452482,0.40547518,0.02827677,0.29969612,0.00372452,0.05268112,0.03861668,74372,-0.01789784,White
CO-26,99371,0.72976086,0.24769233,0.77367578,0.22632422,0.01783129,0.10801255,0.00219048,0.07404086,0.0220073,78065,0.48206853,White
CO-27,97689,0.87042899,0.11052622,0.79244514,0.20755486,0.01938219,0.08146578,0.00267903,0.08281694,0.01587616,85852,0.75990277,White
CO-28,98325,0.67299211,0.29965034,0.69808873,0.30191127,0.01684205,0.21125225,0.00208904,0.04471318,0.03171184,77069,0.37334177,White
CO-29,97454,0.67762642,0.30084873,0.84660916,0.15339084,0.01096552,0.07787165,0.00169479,0.0346293,0.02076746,79066,0.37677769,White
CO-30,99714,0.71479511,0.25168687,0.77421788,0.22578212,0.02431808,0.12748426,0.00305302,0.04546526,0.0279487,84834,0.46310824,White
CO-31,97685,0.61396018,0.35567785,0.8077784,0.1922216,0.01823513,0.09995942,0.00295846,0.04543729,0.02441387,76391,0.25828233,White
CO-32,100895,0.45257227,0.51805671,0.82963514,0.17036486,0.01299635,0.1034628,0.00252741,0.01995912,0.03015549,80715,-0.06548444,White
CO-33,97519,0.3586084,0.61422909,0.80541586,0.19458414,0.01095499,0.13283275,0.00211535,0.02029895,0.02827004,71383,-0.25562069,White
CO-34,95214,0.50587416,0.46039484,0.48434949,0.51565051,0.03601391,0.42961175,0.00327915,0.02705657,0.04211796,70445,0.0454793199999999,Minority
CO-35,99770,0.38033948,0.59158659,0.73730362,0.26269638,0.01133264,0.19700524,0.00238654,0.02542003,0.03199324,73328,-0.21124711,White
CO-36,98208,0.36776843,0.60762672,0.66196909,0.33803091,0.01840542,0.26798459,0.00219808,0.02538918,0.03163562,71881,-0.23985829,White
CO-37,96568,0.20825273,0.7718409,0.75307548,0.24692452,0.02225356,0.18562987,0.00287403,0.01036798,0.03357507,74460,-0.56358817,White
CO-38,104084,0.51510304,0.46277686,0.79702487,0.20297513,0.01875399,0.07820451,0.00232961,0.08341034,0.01785598,76837,0.0523261799999999,White
CO-39,96444,0.47577255,0.49738981,0.74911705,0.25088295,0.03204942,0.09222864,0.00304705,0.10484619,0.0216202,72201,-0.02161726,White
CO-40,96275,0.41460168,0.55917497,0.8282052,0.1717948,0.019528,0.08635621,0.00364179,0.03852551,0.0246179,69746,-0.14457329,White
CO-41,98834,0.32370686,0.65311775,0.83287675,0.16712325,0.02214871,0.08814256,0.00297211,0.02422919,0.02667149,77386,-0.32941089,White
CO-42,98177,0.55015839,0.40269414,0.48913102,0.51086898,0.1448342,0.29347591,0.01072046,0.04972726,0.04582523,74064,0.14746425,Minority
CO-43,99815,0.55575075,0.4116175,0.776803,0.223197,0.04614778,0.11144312,0.00430282,0.036072,0.03425525,83666,0.14413325,White
CO-44,103126,0.45911738,0.50250302,0.72710506,0.27289494,0.06135857,0.14272799,0.00427943,0.03885239,0.03647761,82955,-0.04338564,White
CO-45,99220,0.40065926,0.56046336,0.67329476,0.32670524,0.07911812,0.15818216,0.00797534,0.06193733,0.03552407,73978,-0.1598041,White
CO-46,98518,0.39822067,0.56565198,0.7430352,0.2569648,0.05474593,0.11177921,0.00573894,0.06512806,0.02774962,73010,-0.16743131,White
CO-47,98156,0.31600115,0.6559095,0.8084236,0.1915764,0.03386934,0.07968782,0.0046424,0.04832133,0.02340039,74315,-0.33990835,White
CO-48,100518,0.41592163,0.53603753,0.59044115,0.40955885,0.1294497,0.19529775,0.01696504,0.05195629,0.03885007,72561,-0.1201159,White
CO-49,103868,0.3370759,0.63573608,0.70215308,0.29784692,0.02623437,0.2130694,0.00407475,0.02306512,0.04277234,79514,-0.29866018,White
CO-50,97159,0.60954303,0.36205406,0.45268901,0.54731099,0.0354253,0.47361312,0.0022116,0.01181285,0.06119638,75511,0.24748897,Hispanic
CO-51,102678,0.62464392,0.35136929,0.76087194,0.23912806,0.01164699,0.18396897,0.00230995,0.01685045,0.02557961,82253,0.27327463,White
CO-52,102426,0.60759494,0.36628882,0.83296641,0.16703359,0.01005404,0.11160688,0.00306095,0.01873065,0.02112054,84941,0.24130612,White
CO-53,103617,0.3758864,0.60201217,0.73865231,0.26134769,0.00983788,0.20408452,0.00185426,0.01126721,0.03602931,77659,-0.22612577,White
CO-54,103687,0.38438989,0.58922755,0.78611603,0.21388397,0.01349124,0.14125191,0.00379403,0.01981866,0.03587966,82498,-0.20483766,White
CO-55,103780,0.30320881,0.67643678,0.80109513,0.19890487,0.00808025,0.13920554,0.00180503,0.01207797,0.03545859,82547,-0.37322797,White
CO-56,95743,0.31943446,0.65425696,0.82517831,0.17482169,0.02835485,0.08680715,0.00187954,0.01136434,0.03822552,80339,-0.3348225,White
CO-57,100320,0.44138714,0.53409333,0.59174375,0.40825625,0.01397017,0.34810899,0.00300799,0.01184318,0.05374111,79455,-0.09270619,White
CO-58,97464,0.53502286,0.44178362,0.78955101,0.21044899,0.00829586,0.10151352,0.00234311,0.01204484,0.08664429,78955,0.09323924,White
CT-1,98198,0.84497272,0.14610288,0.1618896,0.8381104,0.33487261,0.47488057,0.0029724,0.05098195,0.0218551,75360,0.69886984,Hispanic
CT-2,100801,0.76401626,0.22284202,0.42655283,0.57344717,0.41473417,0.09087068,0.00142918,0.06836428,0.01204235,80466,0.54117424,Minority
CT-3,104671,0.62912181,0.35721528,0.52714324,0.47285676,0.13546183,0.30004118,0.00197427,0.04573533,0.01478889,82562,0.27190653,White
CT-4,97343,0.45351114,0.53156651,0.87196894,0.12803106,0.02605032,0.05442272,0.0006852,0.03148118,0.0112043,78809,-0.07805537,White
CT-5,102051,0.44990658,0.53366966,0.81242042,0.18757958,0.05164866,0.09602115,0.00122482,0.02536957,0.01617734,82461,-0.0837630800000001,White
CT-6,100314,0.68327044,0.30130975,0.74390229,0.25609771,0.06226917,0.08079866,0.00086975,0.09898781,0.00930256,79333,0.38196069,White
CT-7,101435,0.64311842,0.33979253,0.59607348,0.40392652,0.16540622,0.17243861,0.00165394,0.06142289,0.01565558,79205,0.30332589,White
CT-8,97937,0.63963854,0.34232917,0.65971177,0.34028823,0.12550454,0.11788746,0.00127795,0.0885959,0.01841003,79033,0.29730937,White
CT-9,102466,0.53511338,0.44306769,0.82374143,0.17625857,0.03775118,0.04888219,0.00117788,0.07009588,0.01329831,84898,0.09204569,White
CT-10,100024,0.55435056,0.42745144,0.8183097,0.1816903,0.03926353,0.06441011,0.00087142,0.06284156,0.01287206,80329,0.12689912,White
CT-11,99836,0.59514383,0.38808557,0.80060699,0.19939301,0.08176366,0.06403555,0.00131275,0.03959919,0.01415117,83032,0.20705826,White
CT-12,103694,0.60713671,0.37574484,0.7580907,0.2419093,0.07357836,0.11882321,0.00217231,0.03876295,0.01791575,85623,0.23139187,White
CT-13,96068,0.55755738,0.41960624,0.81489211,0.18510789,0.04869565,0.06161675,0.00380032,0.04516586,0.0303124,77625,0.13795114,White
CT-14,98584,0.55850499,0.41903211,0.65258525,0.34741475,0.09311444,0.17345442,0.00330112,0.06083679,0.03334008,79064,0.13947288,White
CT-15,99155,0.43729751,0.54053542,0.89438919,0.10561081,0.01991705,0.03427498,0.00094543,0.01714379,0.02398871,79329,-0.10323791,White
CT-16,97813,0.53288616,0.44820028,0.80324582,0.19675418,0.06945297,0.06974121,0.00080206,0.03808509,0.01575287,79795,0.08468588,White
CT-17,101230,0.53803024,0.44284618,0.83485083,0.16514917,0.03252844,0.06712732,0.00098533,0.04805678,0.01465526,80176,0.09518406,White
CT-18,101739,0.52076216,0.46409726,0.87602292,0.12397708,0.02039285,0.05343593,0.00102441,0.02277519,0.01497302,83951,0.0566649,White
CT-19,97698,0.47435202,0.50925424,0.80229495,0.19770505,0.05775927,0.08043894,0.00097658,0.03667296,0.01110212,77823,-0.03490222,White
CT-20,98966,0.61604859,0.37242365,0.68072969,0.31927031,0.17255931,0.08652501,0.00120225,0.05519297,0.0123169,81514,0.24362494,White
CT-21,95960,0.57892348,0.40762843,0.83764424,0.16235576,0.03170439,0.07479665,0.00060533,0.04262564,0.01003846,79295,0.17129505,White
CT-22,100699,0.61946845,0.3705244,0.34824685,0.65175315,0.26108197,0.37194164,0.00346104,0.02638375,0.0209659,75122,0.24894405,Hispanic
CT-23,105246,0.55790339,0.42675745,0.66073964,0.33926036,0.0814707,0.21998401,0.00177811,0.03334248,0.01865222,83797,0.13114594,White
CT-24,97567,0.53909065,0.4478311,0.76458043,0.23541957,0.06715341,0.10161454,0.0010036,0.05320337,0.01251992,79713,0.09125955,White
CT-25,97109,0.71409274,0.27480597,0.46564083,0.53435917,0.30701208,0.17657447,0.00142839,0.05336969,0.01880275,77010,0.43928677,Minority
CT-26,101585,0.825581,0.16480005,0.32331897,0.67668103,0.27999001,0.30589998,0.00232253,0.10139227,0.02295061,80085,0.66078095,Minority
CT-27,98564,0.4955407,0.48993949,0.83250944,0.16749056,0.04029686,0.07220648,0.00094039,0.03504848,0.00991219,78691,0.00560121000000002,White
CT-28,104126,0.50334537,0.48277577,0.81016556,0.18983444,0.0442666,0.07697477,0.00052538,0.05257499,0.00752642,81845,0.0205696,White
CT-29,100097,0.56605633,0.42216417,0.53425681,0.46574319,0.08340403,0.26505185,0.00157008,0.06301835,0.01637186,78977,0.14389216,White
CT-30,103635,0.6263125,0.35670313,0.83213794,0.16786206,0.0223227,0.05941893,0.00080559,0.06421351,0.00740625,76962,0.26960937,White
CT-31,100650,0.68120268,0.30821771,0.36391106,0.63608894,0.30702246,0.31269602,0.00196343,0.02678685,0.01639595,78434,0.37298497,Minority
CT-32,100359,0.78410327,0.20621558,0.23571669,0.76428331,0.3459577,0.36068757,0.002757,0.03885682,0.01928603,77258,0.57788769,Hispanic
CT-33,99757,0.66878735,0.31686027,0.81943647,0.18056353,0.03057657,0.07581529,0.00075659,0.05854422,0.00746152,76660,0.35192708,White
CT-34,101579,0.67186807,0.31510826,0.56712112,0.43287888,0.12445108,0.24356618,0.00116166,0.05960223,0.01411867,78336,0.35675981,White
CT-35,98710,0.72114226,0.2662359,0.42682143,0.57317857,0.16707626,0.30952651,0.00143673,0.09440811,0.01720292,79347,0.45490636,Minority
CT-36,100278,0.61594915,0.36927119,0.74693107,0.25306893,0.037668,0.11151642,0.00091842,0.08427439,0.00767072,77307,0.24667796,White
DE-1,100478,0.84382523,0.14487294,0.35015805,0.64984195,0.51710313,0.10859397,0.00158053,0.02829534,0.01769423,77822,0.69895229,Black
DE-2,96422,0.63033247,0.35519458,0.76438939,0.23561061,0.08402039,0.05207406,0.00068383,0.08529772,0.01175408,77505,0.27513789,White
DE-3,99887,0.63260674,0.34819238,0.6922696,0.3077304,0.13385988,0.07749719,0.00113522,0.08526261,0.01448015,82803,0.28441436,White
DE-4,97876,0.69960184,0.28660473,0.48964371,0.51035629,0.27644681,0.16119958,0.00157013,0.06779018,0.02151072,76427,0.41299711,Minority
DE-5,100724,0.70345218,0.28253615,0.4833875,0.5166125,0.33082266,0.10147199,0.00101956,0.0775505,0.01826292,78465,0.42091603,Minority
DE-6,98274,0.55551535,0.42894416,0.63213215,0.36786785,0.25454003,0.05476517,0.00122062,0.04392877,0.01957061,73733,0.12657119,White
DE-7,97449,0.60159893,0.38092383,0.52086398,0.47913602,0.34809514,0.07101305,0.00234546,0.04400716,0.02736368,75465,0.2206751,White
DE-8,98486,0.37876374,0.60591576,0.72462094,0.27537906,0.15473581,0.07759764,0.00174598,0.01864129,0.02863144,76175,-0.22715202,White
DE-9,99020,0.3846596,0.60546075,0.81506534,0.18493466,0.08164327,0.0643151,0.00101646,0.01568248,0.02071636,82640,-0.22080115,White
DE-10,101332,0.51166823,0.47691641,0.74644883,0.25355117,0.1195278,0.09813594,0.00124836,0.01773161,0.0201435,82508,0.0347518199999999,White
FL-1,102163,0.50049595,0.47933525,0.65136689,0.34863311,0.2204356,0.05790561,0.00271952,0.04332233,0.02445194,84206,0.0211607,White
FL-2,100577,0.50534702,0.47392882,0.551049,0.448951,0.29857458,0.07226475,0.00436926,0.05054584,0.03003707,78503,0.0314182,White
FL-3,104236,0.30598979,0.6762946,0.75611888,0.24388112,0.11503736,0.04831641,0.00308938,0.04340694,0.03413881,83512,-0.37030481,White
FL-4,104218,0.21066965,0.77080816,0.78842033,0.21157967,0.09936695,0.04561913,0.00363327,0.02287115,0.03841417,81194,-0.56013851,White
FL-5,98711,0.29177871,0.68686049,0.80496286,0.19503714,0.05464675,0.06031031,0.00403035,0.04102787,0.03271693,75924,-0.39508178,White
FL-6,104219,0.29158781,0.68404261,0.72577389,0.27422611,0.1013428,0.08599656,0.00579245,0.05630713,0.03227222,79759,-0.3924548,White
FL-7,97661,0.30007532,0.68363433,0.75118351,0.24881649,0.07602339,0.09754183,0.00291132,0.04764436,0.02729045,79002,-0.38355901,White
FL-8,104746,0.21389006,0.76859837,0.79188155,0.20811845,0.09039103,0.06032223,0.00294165,0.02045614,0.03495514,81247,-0.55470831,White
FL-9,98630,0.2133131,0.77238764,0.80313436,0.19686564,0.08725343,0.04683466,0.00243984,0.02612827,0.0328927,77464,-0.55907454,White
FL-10,101904,0.31642622,0.66729145,0.72303901,0.27696099,0.13291408,0.07995727,0.00288944,0.03494033,0.02846945,82369,-0.35086523,White
FL-11,95582,0.26842902,0.72276624,0.71955171,0.28044829,0.20236952,0.04379123,0.00157541,0.00715978,0.02760167,78075,-0.45433722,White
FL-12,95220,0.58416547,0.40492854,0.53922203,0.46077797,0.34532384,0.07265787,0.00149713,0.02905236,0.0161447,74142,0.17923693,White
FL-13,96207,0.73850866,0.24293814,0.45161487,0.54838513,0.39483242,0.10700792,0.00154784,0.03987812,0.01656307,82050,0.49557052,Minority
FL-14,100499,0.60928537,0.37580862,0.67263206,0.32736794,0.20198352,0.06143244,0.00164264,0.04755024,0.0173651,80967,0.23347675,White
FL-15,100338,0.54496065,0.44388558,0.52372481,0.47627519,0.38552666,0.05501937,0.00143825,0.02119526,0.01825568,79263,0.10107507,White
FL-16,99431,0.22598247,0.76426672,0.78143739,0.21856261,0.13059426,0.05071294,0.00150223,0.00903844,0.02493709,79881,-0.53828425,White
FL-17,102392,0.22712553,0.76380313,0.75325382,0.24674618,0.12743109,0.07962587,0.00175682,0.01400505,0.02303657,80828,-0.5366776,White
FL-18,97061,0.17346106,0.81578782,0.7802974,0.2197026,0.14546924,0.04105251,0.00148571,0.00847115,0.02166009,76731,-0.64232676,White
FL-19,97529,0.39569851,0.58767681,0.59362124,0.40637876,0.20510574,0.12319485,0.00425707,0.06195332,0.02509069,73055,-0.1919783,White
FL-20,96364,0.26766176,0.71805349,0.78167018,0.21832982,0.07990442,0.0769075,0.00349641,0.03302014,0.02524434,74076,-0.45039173,White
FL-21,98994,0.55845117,0.42594541,0.69522304,0.30477696,0.12949833,0.09367747,0.00132623,0.06054732,0.01880946,78418,0.13250576,White
FL-22,98635,0.63594379,0.34650236,0.60943459,0.39056541,0.15129183,0.13873527,0.00180255,0.08871749,0.01536462,81551,0.28944143,White
FL-23,100126,0.66605948,0.3183145,0.53512728,0.46487272,0.27166675,0.10908941,0.00159401,0.06971142,0.01754593,84692,0.34774498,White
FL-24,99082,0.32102805,0.66997307,0.79308275,0.20691725,0.0730501,0.09880071,0.00127252,0.01118861,0.0220891,83299,-0.34894502,White
FL-25,96396,0.47994563,0.51020494,0.55677585,0.44322415,0.20493118,0.19648401,0.00199213,0.03092984,0.01896409,77304,-0.03025931,White
FL-26,104261,0.35570986,0.63190488,0.69239752,0.30760248,0.11467027,0.14429353,0.00207732,0.02873825,0.02273984,81355,-0.27619502,White
FL-27,99797,0.28020761,0.71121107,0.8362562,0.1637438,0.0506219,0.074807,0.0014654,0.01062714,0.02419701,83936,-0.43100346,White
FL-28,101778,0.26308766,0.72375182,0.84441455,0.15558545,0.07238685,0.04216087,0.00185133,0.01504511,0.02193204,81023,-0.46066416,White
FL-29,101020,0.54333936,0.44051029,0.4193149,0.5806851,0.37282533,0.1338452,0.00323978,0.0667053,0.02254679,75931,0.10282907,Minority
FL-30,98119,0.60825016,0.37739542,0.36678248,0.63321752,0.50830574,0.07648879,0.00230715,0.03851582,0.01995006,73684,0.23085474,Black
FL-31,98058,0.69375787,0.28953726,0.41726151,0.58273849,0.50076062,0.0503309,0.00240538,0.02066024,0.01587549,76911,0.40422061,Black
FL-32,99604,0.60781592,0.37990694,0.40040432,0.59959568,0.50603849,0.0577332,0.00210034,0.02361574,0.01916564,76178,0.22790898,Black
FL-33,95731,0.59403044,0.38811988,0.41427617,0.58572383,0.40991846,0.12746959,0.00282048,0.04159872,0.01914183,74810,0.20591056,Minority
FL-34,98442,0.40584785,0.57837696,0.68858458,0.31141542,0.13591911,0.08731464,0.00441163,0.06875008,0.02194341,78429,-0.17252911,White
FL-35,98037,0.40054236,0.58460253,0.72702709,0.27297291,0.07926997,0.0918666,0.0027645,0.08324785,0.01618674,79942,-0.18406017,White
FL-36,98699,0.39161685,0.59269323,0.69351612,0.30648388,0.10538051,0.10125244,0.0021787,0.0735281,0.01725126,78487,-0.20107638,White
FL-37,97802,0.50485394,0.47597524,0.57856961,0.42143039,0.18328252,0.15090193,0.00292175,0.07397104,0.01923272,78720,0.0288786999999999,White
FL-38,98629,0.47759568,0.5049723,0.53481688,0.46518312,0.18063609,0.15793107,0.00356453,0.11634912,0.01907774,79674,-0.02737662,White
FL-39,97488,0.32315206,0.66353779,0.76820487,0.23179513,0.05573694,0.08692864,0.00208431,0.06644998,0.01867129,68608,-0.34038573,White
FL-40,99136,0.36730163,0.620099,0.83549789,0.16450211,0.0402222,0.06570826,0.00135017,0.03738041,0.01518619,77768,-0.25279737,White
FL-41,103390,0.38956455,0.59870272,0.78042777,0.21957223,0.1219584,0.06005465,0.00189621,0.01637105,0.01798459,84906,-0.20913817,White
FL-42,103519,0.31087816,0.67915402,0.7605517,0.2394483,0.0841373,0.11398123,0.00164598,0.01489794,0.02353634,83233,-0.36827586,White
FL-43,102393,0.39082044,0.59970398,0.79300992,0.20699008,0.07539396,0.0819629,0.00149918,0.03063595,0.01604468,87381,-0.20888354,White
FL-44,101684,0.5067218,0.47997178,0.66232493,0.33767507,0.22067263,0.07462034,0.00154696,0.02285019,0.02025224,84682,0.02675002,White
FL-45,102957,0.39673793,0.59152948,0.79354578,0.20645422,0.08412055,0.06556438,0.00151639,0.03511294,0.01793838,89027,-0.19479155,White
FL-46,103473,0.35829049,0.63076805,0.86892433,0.13107567,0.04038455,0.04861674,0.00115319,0.01638446,0.02004955,87583,-0.27247756,White
FL-47,104079,0.42553681,0.56111593,0.70249312,0.29750688,0.09652059,0.15495944,0.00139367,0.02561018,0.02092888,83951,-0.13557912,White
FL-48,97548,0.49716664,0.49069628,0.49378242,0.50621758,0.13237476,0.3507058,0.00249491,0.02167947,0.02551375,76155,0.00647036000000001,Minority
FL-49,100929,0.29512917,0.69430739,0.86132578,0.13867422,0.03481717,0.05747689,0.00115397,0.0218671,0.01918616,85791,-0.39917822,White
FL-50,103344,0.32140489,0.66899821,0.84177964,0.15822036,0.03394823,0.08528569,0.00166045,0.01443226,0.02142662,87928,-0.34759332,White
FL-51,98250,0.32553093,0.66252434,0.77814773,0.22185227,0.0667052,0.11378457,0.00141979,0.01731395,0.02379726,79589,-0.33699341,White
FL-52,104097,0.33490614,0.65423643,0.79524418,0.20475582,0.04019098,0.12288399,0.00137255,0.01996645,0.02173786,85243,-0.31933029,White
FL-53,103656,0.38362559,0.60225028,0.78262334,0.21737666,0.05149587,0.12149261,0.00182338,0.0223683,0.02225216,86104,-0.21862469,White
FL-54,100331,0.37663442,0.60993122,0.79317773,0.20682227,0.04202674,0.11690918,0.00114484,0.02453406,0.02235517,81234,-0.2332968,White
FL-55,100104,0.39767784,0.58882085,0.70541165,0.29458835,0.06623228,0.1570147,0.00236212,0.0560672,0.01808748,75356,-0.19114301,White
FL-56,98664,0.49420635,0.49207515,0.55361565,0.44638435,0.13383502,0.22685954,0.00204121,0.07642272,0.01876548,73486,0.0021312,White
FL-57,100874,0.35409804,0.63459702,0.74098219,0.25901781,0.0773674,0.14487213,0.00147401,0.01677732,0.02149893,83446,-0.28049898,White
FL-58,103275,0.32835991,0.66675963,0.87688926,0.12311074,0.06000262,0.04027062,0.00057472,0.01160528,0.00849978,99179,-0.33839972,White
FL-59,102261,0.32995962,0.66143994,0.73414486,0.26585514,0.07889047,0.14053111,0.00164853,0.01937619,0.02506242,83711,-0.33148032,White
FL-60,102590,0.30534548,0.68674864,0.82782324,0.17217676,0.0530512,0.08081599,0.00142623,0.01551321,0.01956979,85540,-0.38140316,White
FL-61,102021,0.42190333,0.56799704,0.68126474,0.31873526,0.15193761,0.123342,0.00216432,0.02609274,0.01911614,82705,-0.14609371,White
FL-62,103561,0.49709421,0.49226012,0.55795378,0.44204622,0.13846717,0.23850985,0.00242668,0.0483751,0.01937687,82005,0.00483408999999996,White
FL-63,100083,0.69817976,0.28952551,0.52065451,0.47934549,0.39796396,0.05208946,0.00176473,0.01889579,0.01368564,83299,0.40865425,White
FL-64,101816,0.56073227,0.42377981,0.77022672,0.22977328,0.07011171,0.09088218,0.00118428,0.04808864,0.01647745,87817,0.13695246,White
FL-65,102438,0.55384205,0.42913513,0.69574729,0.30425271,0.09518573,0.11491079,0.0017315,0.07243054,0.02059082,85475,0.12470692,White
FL-66,99249,0.41752181,0.57043835,0.86353353,0.13646647,0.02681068,0.05874914,0.00149657,0.02766918,0.0165667,86197,-0.15291654,White
FL-67,102784,0.45726912,0.52981837,0.69008037,0.30991963,0.07931958,0.12688793,0.00228132,0.08019701,0.0210115,85477,-0.07254925,White
FL-68,99155,0.42940315,0.55891905,0.8005046,0.1994954,0.06950094,0.08165623,0.00207501,0.02725804,0.01780261,84819,-0.1295159,White
FL-69,103699,0.4734888,0.51319046,0.76621342,0.23378658,0.05940572,0.11449845,0.00150955,0.04020158,0.01886364,88106,-0.03970166,White
FL-70,102056,0.49061715,0.49435584,0.72217611,0.27782389,0.09558488,0.13099232,0.00256,0.03184215,0.02115796,85547,-0.00373868999999999,White
FL-71,97680,0.42171661,0.56652579,0.85486668,0.14513332,0.03401278,0.06699487,0.0015521,0.02346336,0.01555736,82469,-0.14480918,White
FL-72,96621,0.42668353,0.56147946,0.74167107,0.25832893,0.04648891,0.12732313,0.00171595,0.068783,0.01430834,75760,-0.13479593,White
FL-73,97287,0.56654222,0.41751009,0.46852568,0.53147432,0.20370682,0.27991257,0.00212114,0.04860509,0.01819781,77317,0.14903213,Minority
FL-74,96545,0.52187827,0.46168166,0.49060868,0.50939132,0.18822285,0.25596458,0.00248496,0.06341947,0.01953605,75655,0.06019661,Minority
FL-75,100675,0.56472761,0.42025239,0.42163959,0.57836041,0.23250608,0.29566961,0.00267817,0.05041821,0.02352666,72811,0.14447522,Minority
FL-76,98895,0.45613134,0.5320554,0.635185,0.364815,0.12891731,0.20041448,0.00227457,0.02701678,0.01743833,79136,-0.07592406,White
FL-77,102327,0.38846922,0.59730449,0.67777734,0.32222266,0.08619627,0.17022812,0.00212506,0.04957171,0.02139493,76233,-0.20883527,White
FL-78,104336,0.35036938,0.6370804,0.57154135,0.42845865,0.09804546,0.28769339,0.00150251,0.02647227,0.03078882,78535,-0.28671102,White
FL-79,103214,0.57451785,0.40900296,0.48366885,0.51633115,0.21511072,0.20385003,0.00218923,0.09115501,0.02073478,79480,0.16551489,Minority
FL-80,102223,0.54610928,0.43983873,0.52188976,0.47811024,0.15287692,0.18647286,0.0025274,0.1315358,0.0155466,81111,0.10627055,White
FL-81,100286,0.69954791,0.28547658,0.33479229,0.66520771,0.29368553,0.33649441,0.00273874,0.04175945,0.02014385,78138,0.41407133,Hispanic
FL-82,101550,0.50026753,0.48582082,0.57558398,0.42441602,0.08497951,0.25960541,0.00186429,0.06992938,0.01517359,80996,0.01444671,White
FL-83,103538,0.79832471,0.18682199,0.25754154,0.74245846,0.51372049,0.21417847,0.00196818,0.02151121,0.01737298,79261,0.61150272,Black
FL-84,98924,0.54519358,0.44136121,0.26131387,0.73868613,0.10409011,0.59714322,0.00139693,0.04945885,0.01400705,79460,0.10383237,Hispanic
FL-85,101241,0.55412034,0.43120936,0.36079986,0.63920014,0.12108329,0.46007326,0.00229388,0.06098601,0.01675374,83265,0.12291098,Hispanic
FL-86,102247,0.50863188,0.47564577,0.7188723,0.2811277,0.06795671,0.14300382,0.00262115,0.05683191,0.01584771,82788,0.03298611,White
FL-87,99939,0.5347414,0.45330723,0.45458014,0.54541986,0.2403621,0.26266414,0.001921,0.03527539,0.02160469,76002,0.08143417,Minority
FL-88,96200,0.54668504,0.43971777,0.47599274,0.52400726,0.2051892,0.22589649,0.00247498,0.06760807,0.01935981,72728,0.10696727,Minority
FL-89,101866,0.82917729,0.16215273,0.12689321,0.87310679,0.67850435,0.15815694,0.00301048,0.04154734,0.01426649,75071,0.66702456,Black
FL-90,102056,0.84077158,0.14751805,0.14242502,0.85757498,0.57183679,0.24480628,0.00303771,0.03019694,0.0146737,77690,0.69325353,Black
FL-91,95418,0.55435716,0.43305619,0.47733156,0.52266844,0.14487886,0.21233322,0.00300033,0.10020577,0.01324925,75325,0.12130097,Minority
FL-92,98330,0.5388791,0.44971745,0.55556938,0.44443062,0.06776686,0.20466891,0.00216998,0.11547871,0.0141394,72351,0.08916165,White
FL-93,99463,0.61615997,0.37050886,0.33639778,0.66360222,0.18169173,0.41947925,0.00369251,0.0595354,0.01929716,79079,0.24565111,Hispanic
FL-94,95831,0.64278335,0.34577922,0.22401329,0.77598671,0.13007311,0.55038053,0.00446556,0.09172101,0.01654164,73451,0.29700413,Hispanic
FL-95,99291,0.55315169,0.43259139,0.4143831,0.5856169,0.12381521,0.37268135,0.00258005,0.08556259,0.0171777,73642,0.1205603,Minority
FL-96,99250,0.58626972,0.40120838,0.33580576,0.66419424,0.12111069,0.5158869,0.00337264,0.04210727,0.01946241,78870,0.18506134,Hispanic
FL-97,99683,0.60750868,0.37639173,0.30806439,0.69193561,0.12222279,0.52122743,0.00267882,0.06463449,0.02154483,78766,0.23111695,Hispanic
FL-98,99612,0.59298549,0.39138257,0.48125909,0.51874091,0.12981777,0.30582201,0.00268784,0.08036397,0.01813676,81106,0.20160292,Minority
FL-99,95339,0.61447976,0.3677277,0.5096109,0.4903891,0.1192886,0.28230208,0.00296205,0.08345413,0.01987723,79337,0.24675206,White
FL-100,102907,0.59227902,0.3923575,0.72752297,0.27247703,0.07183246,0.1386184,0.00237415,0.0468293,0.01579328,87189,0.19992152,White
FL-101,98505,0.56707465,0.41797948,0.48864067,0.51135933,0.19264168,0.26598511,0.00201944,0.05046068,0.02025748,79230,0.14909517,Minority
FL-102,98002,0.53609247,0.45203832,0.51115153,0.48884847,0.2079229,0.18333643,0.00195152,0.09137615,0.01736452,75326,0.0840541500000001,White
FL-103,101642,0.486891,0.49783372,0.64336713,0.35663287,0.10500768,0.18580645,0.00180645,0.05553303,0.01842089,81375,-0.01094272,White
FL-104,100943,0.46689254,0.51852298,0.64197674,0.35802326,0.09644866,0.18792851,0.00231107,0.06012634,0.01862979,77886,-0.0516304399999999,White
FL-105,102191,0.51847972,0.46602892,0.6103332,0.3896668,0.09046166,0.23092824,0.00239935,0.05912245,0.01807511,81272,0.0524508,White
FL-106,98016,0.64177132,0.34725238,0.15621299,0.84378701,0.14543469,0.68719238,0.00317164,0.03812544,0.01864817,75986,0.29451894,Hispanic
FL-107,97224,0.62385294,0.36425933,0.24596212,0.75403788,0.11628032,0.59802264,0.00258907,0.04954121,0.01904915,74544,0.25959361,Hispanic
FL-108,103638,0.63046673,0.35792197,0.30383477,0.69616523,0.18516466,0.47649392,0.00329954,0.04138278,0.01933128,79405,0.27254476,Hispanic
FL-109,104074,0.41718969,0.57116222,0.50731924,0.49268076,0.07933727,0.3806513,0.00271694,0.03020377,0.02333524,78765,-0.15397253,White
FL-110,102735,0.58518827,0.40478469,0.37684723,0.62315277,0.1803349,0.4218616,0.00199223,0.02762647,0.02052756,79308,0.18040358,Hispanic
FL-111,104608,0.48006874,0.5087723,0.50218737,0.49781263,0.21309438,0.2571773,0.00157838,0.01993488,0.02058114,80462,-0.02870356,White
FL-112,103807,0.39269242,0.595248,0.64616726,0.35383274,0.10135102,0.2135853,0.00185221,0.02296499,0.02188756,82604,-0.20255558,White
FL-113,104675,0.3546722,0.62995695,0.68192335,0.31807665,0.09846914,0.17717012,0.00165434,0.02479111,0.02217773,83417,-0.27528475,White
FL-114,101502,0.50347508,0.48290774,0.52662122,0.47337878,0.24263197,0.20275715,0.00178657,0.01829655,0.02279466,78922,0.02056734,White
FL-115,104064,0.3585689,0.62691794,0.66703186,0.33296814,0.12330217,0.15519839,0.00170561,0.03708776,0.02013122,80323,-0.26834904,White
FL-116,103655,0.31466981,0.67302569,0.68367322,0.31632678,0.09961916,0.18585995,0.00184275,0.01619165,0.02238329,81400,-0.35835588,White
FL-117,100968,0.35183787,0.63396916,0.78583761,0.21416239,0.09100747,0.07041072,0.0026749,0.02520487,0.02493738,82246,-0.28213129,White
FL-118,101033,0.42630521,0.55929662,0.70708328,0.29291672,0.14116038,0.09764301,0.00288309,0.03189877,0.02217759,81163,-0.13299141,White
FL-119,99599,0.39028895,0.59545725,0.84239981,0.15760019,0.03174057,0.06407399,0.00240692,0.0339815,0.02021579,84340,-0.2051683,White
FL-120,104344,0.39919072,0.58591549,0.77066455,0.22933545,0.05951951,0.10005012,0.00237798,0.04708173,0.02016623,85787,-0.18672477,White
FL-121,102384,0.47790935,0.50645727,0.66230385,0.33769615,0.14448179,0.13081347,0.00202362,0.04605808,0.02030721,84502,-0.02854792,White
FL-122,98276,0.42789602,0.55886603,0.67830894,0.32169106,0.14939722,0.12677891,0.00217581,0.02762773,0.02106235,79051,-0.13097001,White
FL-123,95516,0.3652946,0.62540816,0.81362354,0.18637646,0.041729,0.10985898,0.00084611,0.01621091,0.01431024,81550,-0.26011356,White
FL-124,100646,0.50947737,0.47950811,0.57605823,0.42394177,0.26400842,0.12684931,0.00140303,0.01737507,0.01615995,79827,0.0299692600000001,White
FL-125,96948,0.43106831,0.56071948,0.71705648,0.28294352,0.10631537,0.13755738,0.0016315,0.02147736,0.01577928,82133,-0.12965117,White
FL-126,96596,0.5286034,0.46223514,0.48403625,0.51596375,0.23619268,0.23398515,0.00279349,0.02927029,0.0185324,73385,0.06636826,Minority
FL-127,99308,0.45124567,0.54167709,0.63297715,0.36702285,0.15487739,0.170844,0.00163729,0.02604885,0.01684065,81232,-0.09043142,White
FL-128,100901,0.33329023,0.65817476,0.73183542,0.26816458,0.07254888,0.1632988,0.00121584,0.0145657,0.02092452,82248,-0.32488453,White
FL-129,97174,0.38229489,0.6087736,0.80493952,0.19506048,0.04662771,0.11346817,0.00103782,0.01827302,0.01554257,80939,-0.22647871,White
FL-130,101235,0.32421568,0.66751527,0.69490206,0.30509794,0.09502658,0.17615296,0.00155644,0.01953929,0.01740817,83524,-0.34329959,White
FL-131,100295,0.33456643,0.65601305,0.65328664,0.34671336,0.09799428,0.21797678,0.00164783,0.01355596,0.01739231,77678,-0.32144662,White
FL-132,97203,0.38798722,0.60319489,0.89348444,0.10651556,0.02318999,0.04822028,0.00094344,0.01666744,0.01297521,85856,-0.21520767,White
FL-133,101397,0.46679811,0.52337301,0.87465166,0.12534834,0.01639728,0.06725003,0.00108126,0.02258388,0.01129194,89710,-0.0565749,White
FL-134,97375,0.40642099,0.5831244,0.87103744,0.12896256,0.01729664,0.06843034,0.00103228,0.02332225,0.01302349,83311,-0.17670341,White
FL-135,97039,0.55281247,0.4365758,0.70912282,0.29087718,0.0973053,0.14676982,0.00081187,0.02941844,0.01470922,83757,0.11623667,White
FL-136,98090,0.51405173,0.47541901,0.57591375,0.42408625,0.13699473,0.25327231,0.00117944,0.02014025,0.01842237,78003,0.0386327200000001,White
FL-137,98762,0.42189853,0.56669483,0.79100315,0.20899685,0.05133737,0.11898064,0.00163297,0.01946458,0.01594832,83896,-0.1447963,White
FL-138,100616,0.39726397,0.59173438,0.72223243,0.27776757,0.10023387,0.13615938,0.00127343,0.02346055,0.0175097,81669,-0.19447041,White
FL-139,102242,0.36552443,0.62460526,0.81903329,0.18096671,0.03668212,0.08388611,0.00108349,0.04004093,0.01475953,83065,-0.25908083,White
FL-140,97529,0.3572319,0.63340222,0.85901906,0.14098094,0.04167829,0.06028591,0.00148768,0.01749186,0.01621339,86040,-0.27617032,White
FL-141,101444,0.35988157,0.63177893,0.80765223,0.19234777,0.07357738,0.08373731,0.00108735,0.0155627,0.01591383,88288,-0.27189736,White
FL-142,97214,0.34729351,0.64588038,0.75636772,0.24363228,0.03759511,0.16985157,0.00097293,0.01960833,0.0144942,80170,-0.29858687,White
FL-143,98660,0.38485455,0.6072103,0.69935128,0.30064872,0.04815951,0.21583815,0.00147826,0.021673,0.01480703,81853,-0.22235575,White
FL-144,96258,0.33471313,0.65756532,0.77180147,0.22819853,0.04118717,0.15704336,0.00066512,0.01323963,0.01725544,79685,-0.32285219,White
FL-145,95627,0.55247179,0.43757451,0.47285843,0.52714157,0.21764303,0.27110675,0.00120898,0.0226885,0.0209422,74443,0.11489728,Minority
FL-146,97816,0.50958383,0.480725,0.35064789,0.64935211,0.20349296,0.42028169,0.00129577,0.02064789,0.01819718,71000,0.0288588299999999,Hispanic
FL-147,97211,0.38677971,0.60530462,0.74525338,0.25474662,0.05056491,0.15911191,0.00131833,0.03075293,0.01294925,81163,-0.21852491,White
FL-148,98624,0.40613582,0.58777987,0.86182491,0.13817509,0.02421625,0.07549773,0.00134597,0.02350962,0.00982558,89155,-0.18164405,White
FL-149,96798,0.36984865,0.6239599,0.83219316,0.16780684,0.01265881,0.1223455,0.00106927,0.01851107,0.01017534,86975,-0.25411125,White
FL-150,99988,0.40335653,0.58661002,0.31849719,0.68150281,0.12498286,0.53570547,0.00119292,0.01334156,0.02372138,72930,-0.18325349,Hispanic
FL-151,99154,0.34761775,0.64424109,0.7773236,0.2226764,0.03062044,0.15019465,0.00077859,0.02709246,0.0089781,82200,-0.29662334,White
FL-152,100432,0.39437492,0.59713646,0.66271993,0.33728007,0.05982855,0.25422103,0.00079329,0.016079,0.01129556,84458,-0.20276154,White
FL-153,98411,0.36406004,0.62858954,0.74031712,0.25968288,0.05672796,0.17803144,0.00100108,0.01352036,0.01129957,86906,-0.2645295,White
FL-154,95421,0.40671499,0.58423727,0.79994014,0.20005986,0.02654453,0.12688024,0.00117108,0.0310597,0.01440431,76852,-0.17752228,White
FL-155,98331,0.46428741,0.52733566,0.7959329,0.2040671,0.04466934,0.10333863,0.0014,0.04192867,0.01058301,84286,-0.06304825,White
FL-156,101156,0.72240893,0.2687493,0.3394584,0.6605416,0.50439048,0.13053258,0.00193156,0.02768988,0.01311425,78693,0.45365963,Black
FL-157,104137,0.65867435,0.33274739,0.36562534,0.63437466,0.31432599,0.28276086,0.00213245,0.03768538,0.01465007,83003,0.32592696,Minority
FL-158,102533,0.59078833,0.39818494,0.48756015,0.51243985,0.16207383,0.32446122,0.00200195,0.02050194,0.03491359,82919,0.19260339,Minority
FL-159,101447,0.59929952,0.39173274,0.5653616,0.4346384,0.24855703,0.14493455,0.00128658,0.03052372,0.01077655,84721,0.20756678,White
FL-160,100592,0.55368127,0.43770749,0.68119467,0.31880533,0.17111977,0.10415838,0.00107966,0.0267641,0.00919412,87991,0.11597378,White
FL-161,96979,0.55837533,0.43178921,0.30079224,0.69920776,0.15464268,0.52483387,0.00183451,0.02363125,0.02092704,73589,0.12658612,Hispanic
FL-162,97064,0.63064822,0.36042853,0.30755552,0.69244448,0.21293437,0.4489725,0.0026072,0.03488294,0.01978795,74793,0.27021969,Hispanic
FL-163,100087,0.58121043,0.41105524,0.63412236,0.36587764,0.14315761,0.1625224,0.00123208,0.04808841,0.01069046,80352,0.17015519,White
FL-164,100555,0.54393791,0.44790793,0.52298665,0.47701335,0.17547918,0.23048687,0.00189994,0.06276253,0.01225265,77371,0.09602998,White
FL-165,97309,0.48806492,0.50308629,0.44765995,0.55234005,0.27319312,0.23827299,0.00147173,0.02885928,0.01470391,74742,-0.01502137,Minority
FL-166,97299,0.61257349,0.38305415,0.81061611,0.18938389,0.05789462,0.09202763,0.00094909,0.02658601,0.00496272,87452,0.22951934,White
FL-167,95889,0.54985989,0.44360143,0.62268625,0.37731375,0.07086996,0.1905498,0.00096939,0.05021156,0.00858037,76337,0.10625846,White
FL-168,103392,0.52654252,0.46633485,0.71723396,0.28276604,0.06311752,0.14994797,0.00122774,0.04153269,0.00846556,85523,0.06020767,White
FL-169,103457,0.58269044,0.40936166,0.48940509,0.51059491,0.17558399,0.22449967,0.00173858,0.08377887,0.00958182,76499,0.17332878,Minority
FL-170,104351,0.64981711,0.34215091,0.39217153,0.60782847,0.2457098,0.30444169,0.00185224,0.05384983,0.0105001,81523,0.3076662,Minority
FL-171,96838,0.63981616,0.35292066,0.4245445,0.5754555,0.23211661,0.26833426,0.00167995,0.04698907,0.01122846,80955,0.2868955,Minority
FL-172,103767,0.5488598,0.44334431,0.51667887,0.48332113,0.18067134,0.19614683,0.00167428,0.02995105,0.01087121,86007,0.10551549,White
FL-173,104005,0.59089529,0.40116683,0.44671969,0.55328031,0.3096292,0.18948909,0.0012116,0.01961349,0.01428726,83361,0.18972846,Minority
FL-174,101510,0.78347434,0.20929568,0.19571405,0.80428595,0.50886418,0.25748893,0.00236123,0.04299991,0.01202313,78349,0.57417866,Black
FL-175,98831,0.87587735,0.11797501,0.12058685,0.87941315,0.75532193,0.1067786,0.00217062,0.02365448,0.00665568,76476,0.75790234,Black
FL-176,97163,0.59030327,0.40183012,0.61791387,0.38208613,0.1123382,0.22155689,0.00178087,0.02953375,0.01378082,83667,0.18847315,White
FL-177,101893,0.61523602,0.37654538,0.44047402,0.55952598,0.18208944,0.31395024,0.00173453,0.06217629,0.00976432,82443,0.23869064,Minority
FL-178,99174,0.76985279,0.22214389,0.20736402,0.79263598,0.50468724,0.25129491,0.00277526,0.04368789,0.01035925,78191,0.5477089,Black
FL-179,103382,0.75905901,0.23346842,0.36464247,0.63535753,0.47049946,0.14200503,0.00158103,0.02013415,0.01086358,83490,0.52559059,Black
FL-180,99469,0.53508484,0.45736733,0.60544273,0.39455727,0.0736008,0.27547297,0.0018768,0.03039957,0.01199069,86317,0.07771751,White
FL-181,103440,0.64940963,0.34172925,0.35662822,0.64337178,0.25812815,0.36302729,0.00187642,0.02774938,0.01264178,83137,0.30768038,Hispanic
FL-182,97718,0.58632329,0.40386966,0.31262791,0.68737209,0.16036102,0.47696385,0.00196778,0.05250039,0.02394133,76228,0.18245363,Hispanic
FL-183,96159,0.5387128,0.45344413,0.51631255,0.48368745,0.08282475,0.31448565,0.00239046,0.08007372,0.01115103,74881,0.08526867,White
FL-184,98779,0.55038177,0.44085532,0.34112666,0.65887334,0.05928303,0.51754182,0.00131103,0.07112325,0.01151246,73225,0.10952645,Hispanic
FL-185,97210,0.652868,0.33898017,0.21282648,0.78717352,0.27205844,0.47492889,0.00183605,0.05356866,0.01167572,77340,0.31388783,Hispanic
FL-186,96596,0.59725493,0.39576816,0.21323213,0.78676787,0.18770948,0.52449887,0.00155196,0.08328443,0.00919441,76677,0.20148677,Hispanic
FL-187,95284,0.8276846,0.1651008,0.07326735,0.92673265,0.59705012,0.32447363,0.00183682,0.03187027,0.01037669,72952,0.6625838,Black
FL-188,95316,0.59841174,0.39540368,0.06551054,0.93448946,0.19069218,0.70801363,0.00097777,0.06044516,0.00812092,73637,0.20300806,Hispanic
FL-189,104707,0.78603102,0.20792226,0.02412895,0.97587105,0.55456224,0.44386014,0.00146755,0.01266984,0.0064939,81769,0.57810876,Black
FL-190,104549,0.82381982,0.16864976,0.05480975,0.94519025,0.61271319,0.34161613,0.00146966,0.01528942,0.00755826,80971,0.65517006,Black
FL-191,99662,0.78328117,0.20842462,0.10900009,0.89099991,0.55128254,0.32209437,0.00152911,0.03336009,0.01095862,78477,0.57485655,Black
FL-192,97980,0.51276596,0.48170675,0.44758611,0.55241389,0.05504484,0.44259787,0.00079613,0.02627225,0.00682929,80389,0.0310592099999999,Minority
FL-193,100800,0.80867829,0.18424065,0.03542751,0.96457249,0.53841162,0.449372,0.00077625,0.00703715,0.00928954,78583,0.62443764,Black
FL-194,100360,0.78171452,0.20953744,0.18256496,0.81743504,0.42920332,0.38869932,0.00106157,0.01857749,0.0102113,79128,0.57217708,Black
FL-195,100392,0.58051964,0.41113343,0.4011736,0.5988264,0.05044155,0.50500813,0.00131304,0.02946781,0.01003951,86060,0.16938621,Hispanic
FL-196,104036,0.65401547,0.33680272,0.13981384,0.86018616,0.16321611,0.70755816,0.00098038,0.02110702,0.01493639,86701,0.31721275,Hispanic
FL-197,104566,0.44977069,0.54336459,0.04102926,0.95897074,0.04755742,0.93412904,0.00077414,0.00842307,0.01044507,86548,-0.0935939000000001,Hispanic
FL-198,104951,0.37884795,0.61491513,0.06809544,0.93190456,0.0312254,0.9081791,0.00064092,0.01004115,0.00559966,88934,-0.23606718,Hispanic
FL-199,100260,0.36543566,0.62821466,0.06109472,0.93890528,0.03777982,0.90058008,0.00086765,0.01688193,0.00620987,80678,-0.262779,Hispanic
FL-200,97566,0.32162744,0.67361841,0.02542435,0.97457565,0.02346203,0.96443289,0.0007604,0.00604641,0.0039737,81536,-0.35199097,Hispanic
FL-201,102748,0.30806047,0.68732228,0.02558273,0.97441727,0.02988862,0.96246412,0.00049374,0.00399587,0.00372029,87090,-0.37926181,Hispanic
FL-202,98604,0.50464256,0.48813253,0.07269266,0.92730734,0.02820008,0.86110017,0.00059078,0.03622161,0.00816594,76170,0.01651003,Hispanic
FL-203,97232,0.38691685,0.60713202,0.04311781,0.95688219,0.03444771,0.9219324,0.00066128,0.01418075,0.00595151,81660,-0.22021517,Hispanic
FL-204,103433,0.57859264,0.41288554,0.30010699,0.69989301,0.04821197,0.59634427,0.00118367,0.03472491,0.00927591,87862,0.1657071,Hispanic
FL-205,103929,0.57816767,0.41342567,0.27455308,0.72544692,0.08420356,0.60505988,0.00137067,0.03442949,0.00918817,86089,0.164742,Hispanic
FL-206,100089,0.32953901,0.66340809,0.08381493,0.91618507,0.02969389,0.87772124,0.00075069,0.01707518,0.00586252,83923,-0.33386908,Hispanic
FL-207,101533,0.35904974,0.63490547,0.06631445,0.93368555,0.02486941,0.9032711,0.00040457,0.01638525,0.00487869,84039,-0.27585573,Hispanic
FL-208,101839,0.40538527,0.58768135,0.09832929,0.90167071,0.05272196,0.83165281,0.00072373,0.02687618,0.01016903,81522,-0.18229608,Hispanic
FL-209,104822,0.51521517,0.47826684,0.10532812,0.89467188,0.07034658,0.79436508,0.00100666,0.03948756,0.00938354,83444,0.0369483299999999,Hispanic
FL-210,97655,0.52790159,0.4644654,0.19560189,0.80439811,0.09522219,0.67758772,0.00065551,0.03693122,0.00745798,80853,0.0634361900000001,Hispanic
FL-211,100913,0.54963169,0.44390047,0.06338072,0.93661928,0.19119375,0.74234495,0.00076705,0.02334558,0.00885821,80829,0.10573122,Hispanic
FL-212,101132,0.52592684,0.46608346,0.30181763,0.69818237,0.09074131,0.56817372,0.00106919,0.04321318,0.00975001,78564,0.05984338,Hispanic
FL-213,98180,0.57489799,0.41696919,0.07903107,0.92096893,0.23662097,0.68712585,0.00120838,0.02073698,0.01262553,71997,0.1579288,Hispanic
FL-214,98262,0.5740396,0.41736334,0.10396427,0.89603573,0.18514146,0.71402358,0.00143664,0.01760949,0.02462199,70303,0.15667626,Hispanic
FL-215,104473,0.47897787,0.50981286,0.58834499,0.41165501,0.11776224,0.26782051,0.00149184,0.01703963,0.01601399,85800,-0.0308349900000001,White
GA-1,103166,0.59066173,0.39627775,0.42807968,0.57192032,0.45173725,0.0754464,0.00467995,0.03297879,0.02015084,77565,0.19438398,Black
GA-2,103756,0.63531319,0.35361147,0.39542315,0.60457685,0.49394241,0.06343176,0.00439066,0.04097525,0.01739907,79487,0.28170172,Black
GA-3,95451,0.58104961,0.40702205,0.44960078,0.55039922,0.47521582,0.03624745,0.00122941,0.0317351,0.01348302,74019,0.17402756,Black
GA-4,102006,0.55850392,0.43269695,0.40521628,0.59478372,0.51848601,0.05249364,0.00115776,0.01335878,0.01484733,78600,0.12580697,Black
GA-5,97509,0.49524133,0.48987569,0.49782333,0.50217667,0.37321397,0.07404779,0.00208797,0.04109066,0.02105708,73277,0.00536564000000001,Minority
GA-6,97460,0.36547325,0.62262173,0.59534226,0.40465774,0.3177532,0.04091144,0.00146743,0.03118291,0.01652219,73598,-0.25714848,White
GA-7,102364,0.49234472,0.50029796,0.45967093,0.54032907,0.45478068,0.05800206,0.00316938,0.01792678,0.01358127,80773,-0.00795324000000003,Minority
GA-8,105065,0.65868806,0.33392266,0.29975219,0.70024781,0.66166548,0.02224158,0.00117771,0.01025591,0.01101651,81514,0.3247654,Black
GA-9,95381,0.38030376,0.61411134,0.55567906,0.44432094,0.37072833,0.05418118,0.00056933,0.00768595,0.01504656,73771,-0.23380758,White
GA-10,98281,0.34631647,0.6449585,0.62861915,0.37138085,0.30203754,0.04224731,0.00088182,0.01083573,0.01790367,74845,-0.29864203,White
GA-11,99298,0.48331739,0.50409096,0.48891974,0.51108026,0.41357398,0.05804453,0.00307043,0.0251642,0.01764832,74908,-0.02077357,Minority
GA-12,99845,0.26476598,0.7274412,0.65871762,0.34128238,0.22668065,0.08383679,0.00103568,0.01578745,0.01777914,75313,-0.46267522,White
GA-13,97540,0.57854664,0.4077771,0.57949465,0.42050535,0.32636312,0.04075739,0.00202647,0.03831296,0.01474257,78955,0.17076954,White
GA-14,100006,0.60529496,0.3798528,0.47846752,0.52153248,0.38572862,0.08108854,0.00288437,0.04327815,0.01694256,79740,0.22544216,Minority
GA-15,97745,0.57461133,0.4104073,0.46374638,0.53625362,0.37690082,0.09033149,0.00257827,0.05470929,0.01977111,76020,0.16420403,Minority
GA-16,96501,0.51267176,0.47281055,0.47179028,0.52820972,0.39094714,0.09545537,0.00783798,0.02940641,0.02435372,71447,0.03986121,Minority
GA-17,98169,0.37172229,0.61610335,0.67432099,0.32567901,0.22862235,0.06191479,0.00269925,0.01684124,0.01972129,77429,-0.24438106,White
GA-18,96211,0.30111232,0.68500266,0.65779644,0.34220356,0.23396134,0.07346566,0.00196308,0.01781771,0.02144396,73354,-0.38389034,White
GA-19,102093,0.2745707,0.70902854,0.75014635,0.24985365,0.14449663,0.05257641,0.002573,0.02517187,0.0270778,73455,-0.43445784,White
GA-20,102580,0.36762811,0.61881752,0.63655543,0.36344457,0.29123435,0.04095984,0.00173956,0.01825921,0.01565604,81055,-0.25118941,White
GA-21,97465,0.16180926,0.83184989,0.7890325,0.2109675,0.137621,0.04851009,0.00093289,0.00732789,0.01802228,73964,-0.67004063,White
GA-22,103860,0.24377318,0.74784869,0.66456321,0.33543679,0.21524491,0.09460413,0.00160324,0.00927315,0.01889261,77967,-0.50407551,White
GA-23,98748,0.31536504,0.67485698,0.5989474,0.4010526,0.31175189,0.0649412,0.00051186,0.01359723,0.01334786,76192,-0.35949194,White
GA-24,104459,0.32278453,0.67037787,0.59586153,0.40413847,0.3442434,0.04578553,0.00105423,0.00867902,0.01173139,81576,-0.34759334,White
GA-25,103584,0.28274845,0.70927591,0.62834958,0.37165042,0.28147249,0.07124701,0.00088521,0.00773929,0.01410018,79077,-0.42652746,White
GA-26,103633,0.39757593,0.5935784,0.62290346,0.37709654,0.32908337,0.02157484,0.00091419,0.01016577,0.01512677,82040,-0.19600247,White
GA-27,98547,0.5062348,0.48705924,0.464294,0.535706,0.49427466,0.02609929,0.00114765,0.00643456,0.01117988,77550,0.01917556,Black
GA-28,104560,0.74441812,0.24473708,0.3076623,0.6923377,0.59351681,0.06201316,0.00391357,0.02775995,0.01856116,79467,0.49968104,Black
GA-29,102047,0.61334756,0.37192746,0.41696139,0.58303861,0.50060173,0.04318941,0.00244376,0.03071274,0.01597652,81432,0.2414201,Black
GA-30,104663,0.34949616,0.63433517,0.69005583,0.30994417,0.16253675,0.05481794,0.00344555,0.07357418,0.02033652,77201,-0.28483901,White
GA-31,105059,0.37637331,0.60992252,0.61938419,0.38061581,0.28575009,0.05623018,0.00284472,0.02149204,0.02324649,79797,-0.23354921,White
GA-32,101847,0.37505694,0.61191582,0.76038389,0.23961611,0.13693905,0.04735683,0.00076245,0.03774749,0.01584209,82628,-0.23685888,White
GA-33,99933,0.71295259,0.27104641,0.55737624,0.44262376,0.27563182,0.10787888,0.00174295,0.04142578,0.01713493,81471,0.44190618,White
GA-34,102067,0.27819212,0.70460937,0.71900717,0.28099283,0.11619326,0.09665516,0.0012875,0.04741173,0.02310857,75340,-0.42641725,White
GA-35,99591,0.29364145,0.6976546,0.68361668,0.31638332,0.26675581,0.02237504,0.00070041,0.00869787,0.01803247,78525,-0.40401315,White
GA-36,102743,0.24459345,0.74479715,0.78402977,0.21597023,0.14361305,0.03287467,0.00092409,0.01531704,0.02087421,78997,-0.5002037,White
GA-37,101116,0.36444661,0.62065334,0.64983762,0.35016238,0.21967316,0.07700233,0.00133032,0.03599703,0.02161126,76673,-0.25620673,White
GA-38,100995,0.49782406,0.48840609,0.56087324,0.43912676,0.29220945,0.07111049,0.00121567,0.06165383,0.01795357,78146,0.00941797,White
GA-39,101374,0.58449748,0.40593387,0.39406238,0.60593762,0.48997782,0.06492235,0.00137022,0.04132846,0.01928749,76630,0.17856361,Black
GA-40,101821,0.54767584,0.4416204,0.44817065,0.55182935,0.45774297,0.06392897,0.00138805,0.02133148,0.01801849,76366,0.10605544,Black
GA-41,104823,0.54177211,0.44805319,0.45428571,0.54571429,0.43824273,0.05752212,0.00136536,0.03744627,0.01924147,79100,0.09371892,Minority
GA-42,95670,0.81882174,0.17227509,0.14962343,0.85037657,0.71599721,0.1006834,0.00132497,0.0362901,0.01719665,71700,0.64654665,Black
GA-43,101413,0.82939533,0.16071117,0.11134651,0.88865349,0.63734613,0.16861541,0.00151519,0.08495803,0.02079702,74578,0.66868416,Black
GA-44,100512,0.90275762,0.08778154,0.05873486,0.94126514,0.80733513,0.10207268,0.00118439,0.03746972,0.01457604,74300,0.81497608,Black
GA-45,102841,0.65931037,0.33113382,0.33565806,0.66434194,0.55552186,0.08082225,0.00173091,0.02046773,0.01684165,79149,0.32817655,Black
GA-46,103212,0.57429344,0.41491761,0.42179191,0.57820809,0.49802859,0.0551607,0.00172499,0.01309953,0.01754818,77102,0.15937583,Black
GA-47,96673,0.24820433,0.74062041,0.73390517,0.26609483,0.18010069,0.04426934,0.00105338,0.0186462,0.0214917,73098,-0.49241608,White
GA-48,103341,0.40340823,0.5813214,0.58642412,0.41357588,0.15166762,0.11874224,0.00152148,0.13048701,0.01817769,74927,-0.17791317,White
GA-49,98871,0.51226031,0.47461883,0.4618705,0.5381295,0.30714535,0.13398058,0.0011874,0.0909129,0.01793672,71585,0.0376414800000001,Minority
GA-50,100017,0.53487868,0.44872823,0.4204665,0.5795335,0.2217971,0.17276743,0.0014726,0.17973598,0.0187099,76056,0.0861504500000001,Minority
GA-51,102998,0.60212954,0.38373553,0.31938375,0.68061625,0.22308922,0.16349971,0.00209743,0.28983246,0.01609279,80098,0.21839401,Minority
GA-52,99348,0.68245857,0.30613513,0.2190027,0.7809973,0.30081953,0.31432882,0.00180758,0.1690428,0.02423246,73579,0.37632344,Hispanic
GA-53,101315,0.6105375,0.37642619,0.35720029,0.64279971,0.36336469,0.17827182,0.00127308,0.09801399,0.02069095,74622,0.23411131,Black
GA-54,103990,0.73955945,0.25037377,0.2577897,0.7422103,0.57794957,0.11626042,0.00193263,0.04961742,0.01886619,76062,0.48918568,Black
GA-55,102174,0.57385815,0.41138146,0.36398589,0.63601411,0.2189808,0.2087809,0.00125517,0.20196335,0.02294978,75687,0.16247669,Minority
GA-56,100036,0.71256881,0.27423625,0.14750846,0.85249154,0.22948227,0.49357694,0.00196992,0.13199878,0.03328062,72084,0.43833256,Hispanic
GA-57,96644,0.57748459,0.40843294,0.52411085,0.47588915,0.18723353,0.13090291,0.00144368,0.14718819,0.01610988,74116,0.16905165,White
GA-58,98180,0.67778651,0.30680119,0.40740547,0.59259453,0.19126212,0.28362761,0.0015968,0.11229926,0.02992029,76403,0.37098532,Minority
GA-59,97884,0.72448392,0.26095896,0.58683115,0.41316885,0.15386641,0.13902262,0.0010155,0.1098992,0.01776491,79764,0.46352496,White
GA-60,101075,0.87775598,0.10972749,0.34802948,0.65197052,0.48265994,0.05515628,0.00146352,0.10822183,0.01492264,76528,0.76802849,Black
GA-61,103161,0.79128578,0.1978428,0.24754363,0.75245637,0.58765881,0.07617893,0.00137658,0.08662322,0.01597585,79182,0.59344298,Black
GA-62,95394,0.94193163,0.05049794,0.03726453,0.96273547,0.91931503,0.03614028,0.00104198,0.0120102,0.01221585,72938,0.89143369,Black
GA-63,99640,0.951745,0.04081152,0.02703442,0.97296558,0.94695993,0.02367465,0.00089854,0.00854267,0.01153781,76791,0.91093348,Black
GA-64,99754,0.93493976,0.05495829,0.22452715,0.77547285,0.7180959,0.0351633,0.00119535,0.01956145,0.01235198,80311,0.87998147,Black
GA-65,97437,0.55048804,0.43731568,0.52122648,0.47877352,0.11403895,0.06480895,0.00133612,0.28729442,0.00990385,72598,0.11317236,White
GA-66,103143,0.47702026,0.5099869,0.63244308,0.36755692,0.11010898,0.07593723,0.00138657,0.16453498,0.01431922,77169,-0.0329666400000001,White
GA-67,99209,0.53968693,0.44499143,0.63036261,0.36963739,0.15793994,0.13484241,0.00132023,0.05883333,0.01776536,78017,0.0946955,White
GA-68,96265,0.51177488,0.47243393,0.69170855,0.30829145,0.10242065,0.05356054,0.00071793,0.13134118,0.01364074,73823,0.03934095,White
GA-69,99192,0.62907258,0.35743338,0.54935265,0.45064735,0.20633122,0.11937942,0.00153097,0.11419582,0.01411626,82954,0.2716392,White
GA-70,98000,0.64115911,0.34561844,0.65346136,0.34653864,0.17072969,0.06579368,0.00169309,0.10030665,0.01195818,84461,0.29554067,White
GA-71,99887,0.91146408,0.07608331,0.13472062,0.86527938,0.8081229,0.04031327,0.00180732,0.02018174,0.0136553,79676,0.83538077,Black
GA-72,98868,0.91452016,0.0731956,0.28199615,0.71800385,0.61521347,0.06355105,0.0015288,0.03877944,0.01440557,80455,0.84132456,Black
GA-73,96216,0.83957898,0.1467293,0.66249776,0.33750224,0.1632317,0.0719852,0.0013724,0.08952801,0.01321081,83795,0.69284968,White
GA-74,100566,0.46122249,0.51922101,0.70913531,0.29086469,0.10719229,0.07958789,0.00134496,0.07817764,0.01888172,76582,-0.05799852,White
GA-75,99280,0.43835032,0.54560814,0.64015357,0.35984643,0.19130205,0.09602171,0.00144304,0.05351162,0.02020256,75535,-0.10725782,White
GA-76,98097,0.46898483,0.51367413,0.63352453,0.36647547,0.2246967,0.07812723,0.00141131,0.04762213,0.01909805,77233,-0.0446892999999999,White
GA-77,98659,0.6129864,0.36884669,0.44347466,0.55652534,0.30196413,0.16473357,0.00138356,0.05693265,0.02220153,77337,0.24413971,Minority
GA-78,96692,0.67719502,0.30420695,0.38643237,0.61356763,0.32061477,0.21406038,0.00151215,0.067056,0.02141777,76712,0.37298807,Minority
GA-79,98711,0.72427352,0.2643621,0.29098081,0.70901919,0.5119877,0.16492612,0.0016046,0.0256736,0.0223708,74785,0.45991142,Black
GA-80,96261,0.71346985,0.2738204,0.35531061,0.64468939,0.45213492,0.13865813,0.00131026,0.04939823,0.01880293,74031,0.43964945,Black
GA-81,96369,0.95460396,0.03926696,0.02004855,0.97995145,0.95308366,0.02569488,0.00092742,0.00606912,0.0108835,73322,0.915337,Black
GA-82,96546,0.91613548,0.07466567,0.09065374,0.90934626,0.82187952,0.0751104,0.00090478,0.01328814,0.01442249,74051,0.84146981,Black
GA-83,101379,0.74434612,0.24595215,0.22421814,0.77578186,0.69841981,0.06149426,0.00093572,0.01275749,0.01386454,75877,0.49839397,Black
GA-84,99667,0.66990976,0.31807296,0.34495447,0.65504553,0.52385112,0.10048708,0.00183979,0.02250106,0.0211907,75552,0.3518368,Black
GA-85,97247,0.45501582,0.53268816,0.5497404,0.4502596,0.34379599,0.07256296,0.00149929,0.01593692,0.0234195,72034,-0.07767234,White
GA-86,95688,0.325469,0.66017537,0.69830465,0.30169535,0.19660641,0.06433136,0.001396,0.01925623,0.02243682,69484,-0.33470637,White
GA-87,104094,0.34042766,0.64872102,0.63838498,0.36161502,0.2851222,0.03439153,0.00128496,0.02331822,0.01805241,79380,-0.30829336,White
GA-88,102658,0.16917034,0.82182941,0.82341481,0.17658519,0.09184942,0.05250003,0.00098694,0.00784424,0.0238788,78019,-0.65265907,White
GA-89,100674,0.32474318,0.66040117,0.67260672,0.32739328,0.21610848,0.07504527,0.00109422,0.0136517,0.02422916,76767,-0.33565799,White
GA-90,99009,0.23191968,0.7581028,0.77819724,0.22180276,0.14631277,0.04025961,0.00067229,0.0151523,0.01878523,77348,-0.52618312,White
GA-91,101077,0.1818693,0.80547857,0.81457897,0.18542103,0.06460204,0.07248612,0.00109428,0.02398186,0.02301942,75849,-0.62360927,White
GA-92,100419,0.28620439,0.69836977,0.60542986,0.39457014,0.09087038,0.26747405,0.00107799,0.01720788,0.02927868,75140,-0.41216538,White
GA-93,95582,0.27759204,0.70799831,0.66683059,0.33316941,0.06828675,0.2121684,0.0007513,0.03481955,0.02292162,73206,-0.43040627,White
GA-94,98414,0.40345278,0.58271605,0.56445512,0.43554488,0.05547326,0.06794287,0.00093486,0.29740108,0.01055675,69529,-0.17926327,White
GA-95,104939,0.31025212,0.67431236,0.69769869,0.30230131,0.05112555,0.10972839,0.00104365,0.11774731,0.01951226,75696,-0.36406024,White
GA-96,96711,0.20546519,0.77810693,0.85157337,0.14842663,0.03204061,0.07050845,0.00117355,0.01873584,0.0243989,73282,-0.57264174,White
GA-97,101656,0.34438645,0.63754654,0.74475255,0.25524745,0.08624859,0.10857599,0.00131186,0.03561323,0.02178722,77752,-0.29316009,White
GA-98,103481,0.31643357,0.6663095,0.7292792,0.2707208,0.08575812,0.1299006,0.00150837,0.02828522,0.02840125,77567,-0.34987593,White
GA-99,95838,0.24406324,0.74264106,0.76311822,0.23688178,0.11020919,0.08526506,0.00115769,0.01494225,0.02766336,74286,-0.49857782,White
GA-100,103818,0.28879843,0.69725864,0.71789323,0.28210677,0.14706141,0.09357424,0.00072977,0.01650792,0.0268757,79477,-0.40846021,White
GA-101,95336,0.16781072,0.81952209,0.87667464,0.12332536,0.05937002,0.02723285,0.00079745,0.00740298,0.02611643,75240,-0.65171137,White
GA-102,101937,0.2167871,0.76829008,0.88900028,0.11099972,0.03687724,0.02667445,0.00142128,0.01381945,0.02897135,78802,-0.55150298,White
GA-103,102191,0.19016683,0.79942653,0.83132471,0.16867529,0.05393302,0.07290991,0.00126023,0.01586913,0.02529028,81731,-0.6092597,White
GA-104,101042,0.18149156,0.80753039,0.9072128,0.0927872,0.0145858,0.03324845,0.00076516,0.00938512,0.02972155,83643,-0.62603883,White
GA-105,101767,0.1649356,0.82364842,0.89951449,0.10048551,0.00949124,0.0510702,0.00075443,0.0086638,0.02882661,82181,-0.65871282,White
GA-106,97517,0.16960073,0.82055705,0.80355447,0.19644553,0.0306607,0.12600733,0.0007733,0.01108398,0.0335911,73710,-0.65095632,White
GA-107,102864,0.29037174,0.69765417,0.61473604,0.38526396,0.0439144,0.3088432,0.00078676,0.01587947,0.03716136,76262,-0.40728243,White
HI-1,100675,0.69593976,0.27936464,0.28599546,0.71400454,0.01766339,0.0990916,0.31587181,0.46310876,0.0386702,79260,0.41657512,Asian
HI-2,99954,0.64194733,0.33296315,0.44630024,0.55369976,0.01509106,0.0820254,0.25021711,0.31584247,0.03386993,79451,0.30898418,Minority
HI-3,99794,0.67691218,0.29941269,0.39901701,0.60098299,0.01611846,0.08557026,0.20359168,0.3926276,0.02903592,79350,0.37749949,Minority
HI-4,92477,0.64479379,0.33381424,0.28590636,0.71409364,0.0155518,0.08352507,0.30894298,0.46085715,0.02553156,72146,0.31097955,Asian
HI-5,92503,0.60701205,0.37176994,0.3241717,0.6758283,0.01390937,0.07954767,0.27504381,0.44333324,0.02793001,71894,0.23524211,Asian
HI-6,100803,0.69295728,0.29213504,0.22642122,0.77357878,0.0142122,0.04656839,0.14238649,0.66733599,0.01792757,83168,0.40082224,Asian
HI-7,100545,0.6795716,0.30505522,0.11865637,0.88134363,0.01827753,0.04509114,0.19572704,0.72441022,0.01428009,81302,0.37451638,Asian
HI-8,101641,0.68456599,0.29688659,0.21954842,0.78045158,0.03203725,0.06339334,0.14200688,0.62090182,0.01968689,89552,0.3876794,Asian
HI-9,98897,0.63677303,0.34592126,0.14538009,0.85461991,0.039793,0.06043059,0.16662061,0.68342712,0.01669346,79612,0.29085177,Asian
HI-10,92936,0.65100704,0.32639894,0.32251149,0.67748851,0.02517653,0.0961371,0.24907213,0.47292753,0.02689159,74633,0.3246081,Asian
HI-11,94476,0.63984498,0.34452603,0.10323325,0.89676675,0.02613566,0.06472983,0.20148828,0.76341786,0.0174497,77136,0.29531895,Asian
HI-12,97402,0.52168155,0.46187038,0.15814607,0.84185393,0.0402488,0.08231675,0.16792402,0.65330391,0.01781701,74760,0.05981117,Asian
HI-13,92421,0.51842432,0.46172457,0.17097523,0.82902477,0.05266615,0.10785759,0.26335995,0.59980732,0.02707752,68507,0.0566997500000001,Asian
HI-14,98243,0.59919759,0.38249887,0.13397704,0.86602296,0.03727818,0.09038361,0.20985125,0.7009786,0.02415188,76640,0.21669872,Asian
HI-15,92504,0.52065929,0.45427862,0.23873624,0.76126376,0.05708529,0.13922387,0.39083715,0.38296785,0.03042602,68494,0.06638067,Pacific
IA-1,99266,0.47578163,0.50465453,0.902127,0.097873,0.03974466,0.02510531,0.00672162,0.01367726,0.010882,76916,-0.0288729,White
IA-2,98537,0.5716329,0.39852659,0.82010459,0.17989541,0.03453572,0.04809158,0.01587205,0.07925053,0.01255623,82031,0.17310631,White
IA-3,99678,0.47979365,0.4995716,0.84477446,0.15522554,0.02821652,0.05555864,0.00133241,0.05419847,0.01188064,72050,-0.01977795,White
IA-4,101764,0.566481,0.40973835,0.7564015,0.2435985,0.12212186,0.07199787,0.00122716,0.028326,0.02329083,79044,0.15674265,White
IA-5,95283,0.73713817,0.2426462,0.76810246,0.23189754,0.07516248,0.0650822,0.0012234,0.07299605,0.01229769,78470,0.49449197,White
IA-6,95385,0.6078009,0.37039137,0.80595134,0.19404866,0.08807931,0.04494662,0.00247857,0.04424044,0.0117836,72219,0.23740953,White
IA-7,97235,0.55479618,0.42060711,0.88669089,0.11330911,0.03971202,0.02554165,0.00127843,0.02762751,0.01500471,74310,0.13418907,White
IA-8,95250,0.5684474,0.40406466,0.81819288,0.18180712,0.09435645,0.03573166,0.00317585,0.02842046,0.017082,73996,0.16438274,White
IA-9,102968,0.58137285,0.39820583,0.77458777,0.22541223,0.12589486,0.04491371,0.00640206,0.03286641,0.0157198,80599,0.18316702,White
IA-10,95676,0.57332049,0.40690199,0.81210036,0.18789964,0.05245475,0.05745367,0.00127344,0.0589845,0.0118538,73816,0.1664185,White
IA-11,97989,0.70116982,0.27646715,0.72409724,0.27590276,0.11954619,0.07164992,0.00145219,0.06909562,0.01524797,77125,0.42470267,White
IA-12,101758,0.51534644,0.46050773,0.8114069,0.1885931,0.0570214,0.06839681,0.00160069,0.04089639,0.01608565,76217,0.05483871,White
IA-13,99030,0.60984448,0.36798022,0.646443,0.353557,0.0970546,0.16659434,0.0013154,0.06913292,0.02558922,73742,0.24186426,White
IA-14,97948,0.44652179,0.53146195,0.89162603,0.10837397,0.02945375,0.03336867,0.00142746,0.0252279,0.01433114,70755,-0.08494016,White
IA-15,102811,0.45366966,0.52646718,0.88310188,0.11689812,0.03345997,0.03236902,0.00088559,0.02912185,0.01662089,77914,-0.0727975200000001,White
IA-16,94738,0.36169527,0.62096927,0.95056563,0.04943437,0.011698,0.01460186,0.00276623,0.00487187,0.01153285,72662,-0.259274,White
IA-17,95142,0.41253533,0.56642116,0.85299676,0.14700324,0.01649769,0.10047589,0.0004552,0.0111318,0.01644251,72495,-0.15388583,White
IA-18,101750,0.39761225,0.58114271,0.89360502,0.10639498,0.03774295,0.02865204,0.00114107,0.01784326,0.01620063,79750,-0.18353046,White
IA-19,96580,0.41723071,0.56359884,0.85071141,0.14928859,0.02177181,0.08680537,0.0013557,0.02115436,0.01608054,74500,-0.14636813,White
IA-20,104119,0.33813772,0.64207678,0.89127841,0.10872159,0.02757295,0.04591305,0.00438404,0.01104174,0.01773713,79607,-0.30393906,White
IA-21,102365,0.36419003,0.61489309,0.93457628,0.06542372,0.00998429,0.02099427,0.00111658,0.01177601,0.01381441,77021,-0.25070306,White
IA-22,102653,0.27615657,0.7076662,0.92175636,0.07824364,0.01348503,0.03277294,0.00187927,0.00935825,0.01604998,78754,-0.43150963,White
IA-23,103997,0.39470541,0.58557694,0.87725361,0.12274639,0.02202274,0.06139824,0.00132712,0.01136819,0.02169722,79872,-0.19087153,White
IA-24,101793,0.30504984,0.67940517,0.91145994,0.08854006,0.01066995,0.05408074,0.00141069,0.00729712,0.01333744,77976,-0.37435533,White
IA-25,101338,0.216477,0.76763396,0.91332649,0.08667351,0.00756292,0.0574222,0.00200077,0.00632244,0.01197796,74971,-0.55115696,White
IA-26,101440,0.4225641,0.55638695,0.72056666,0.27943334,0.05489155,0.15134861,0.00605608,0.03584292,0.03609636,74966,-0.13382285,White
IA-27,97549,0.35993006,0.62172819,0.92814035,0.07185965,0.01061472,0.02507477,0.00149541,0.00708983,0.02478103,74896,-0.26179813,White
IA-28,95671,0.39630566,0.58565004,0.94021826,0.05978174,0.01144814,0.02520997,0.00090943,0.00854598,0.01092655,74772,-0.18934438,White
IA-29,98243,0.40563155,0.57813723,0.92222948,0.07777052,0.01655776,0.03208312,0.00211709,0.0125196,0.01144799,76520,-0.17250568,White
IA-30,104402,0.3717793,0.61036065,0.90511794,0.09488206,0.0268153,0.03946542,0.0016875,0.01049455,0.01489191,81185,-0.23858135,White
IA-31,104250,0.29946336,0.68441981,0.90900988,0.09099012,0.01143876,0.05760232,0.00128748,0.00654881,0.01199584,80778,-0.38495645,White
IA-32,103761,0.28454887,0.70009608,0.87196597,0.12803403,0.01171203,0.07576022,0.00608676,0.02174022,0.01065183,80174,-0.41554721,White
ID-1,101061,0.25291024,0.72420002,0.90682094,0.09317906,0.00453658,0.03002546,0.00232391,0.0099508,0.0337462,80898,-0.47128978,White
ID-2,97991,0.2464092,0.72657091,0.88728198,0.11271802,0.00567332,0.04541373,0.00395908,0.01748252,0.03180866,73502,-0.48016171,White
ID-3,102426,0.39601918,0.57192239,0.86855771,0.13144229,0.00909357,0.04276171,0.00386416,0.02457458,0.04123799,82036,-0.17590321,White
ID-4,102429,0.24042817,0.73574387,0.84905565,0.15094435,0.00580458,0.06732561,0.00246789,0.01303198,0.05674893,79420,-0.4953157,White
ID-5,104743,0.36059904,0.61416071,0.82389837,0.17610163,0.01355754,0.10416489,0.00374632,0.01942719,0.03021465,81947,-0.25356167,White
ID-6,97700,0.30503594,0.65939458,0.82441657,0.17558343,0.00894107,0.12521879,0.00274212,0.01617561,0.02416861,68560,-0.35435864,White
ID-7,100556,0.13979361,0.82235087,0.8470815,0.1529185,0.01298302,0.09769384,0.00617028,0.0199296,0.01682438,74713,-0.68255726,White
ID-8,99285,0.2115389,0.75937335,0.80908118,0.19091882,0.00536313,0.12099572,0.00234185,0.0136319,0.05160749,69176,-0.54783445,White
ID-9,101212,0.33189086,0.63128286,0.84013831,0.15986169,0.01243939,0.07635165,0.00518646,0.0207053,0.04696174,74039,-0.299392,White
ID-10,103672,0.19746335,0.77788903,0.67535207,0.32464793,0.0043427,0.28631706,0.00252069,0.00838402,0.03037153,72996,-0.58042568,White
ID-11,101959,0.24748442,0.72051015,0.7778257,0.2221743,0.01148341,0.15400167,0.00349085,0.02024422,0.03198372,74194,-0.47302573,White
ID-12,98702,0.23314607,0.74117175,0.78347757,0.21652243,0.00723274,0.15411737,0.00523991,0.01654194,0.03134189,71757,-0.50802568,White
ID-13,101414,0.35765758,0.60682903,0.64146159,0.35853841,0.01387961,0.28668621,0.00514009,0.01915604,0.04013907,73345,-0.24917145,White
ID-14,105059,0.30845829,0.66176556,0.81312748,0.18687252,0.01131492,0.11198242,0.00506051,0.02988821,0.02656428,73708,-0.35330727,White
ID-15,104661,0.32824176,0.63752393,0.8200063,0.1799937,0.01862637,0.09082323,0.00562726,0.03405215,0.02804449,76236,-0.30928217,White
ID-16,103518,0.4333678,0.53151612,0.80962333,0.19037667,0.02132642,0.08540639,0.00530013,0.04825511,0.02716789,79432,-0.09814832,White
ID-17,106362,0.5385741,0.43524303,0.85587018,0.14412982,0.01495946,0.06572119,0.0039581,0.02915361,0.02426279,83626,0.10333107,White
ID-18,106356,0.63481704,0.33128435,0.80745263,0.19254737,0.02493809,0.07792432,0.00555204,0.05504809,0.02377469,86815,0.30353269,White
IL-1,100420,0.51533909,0.45808152,0.74439537,0.25560463,0.08912201,0.11491744,0.00095016,0.03167613,0.02207185,77882,0.05725757,White
IL-2,103998,0.40186689,0.57887703,0.76175831,0.23824169,0.17878316,0.02107109,0.00086458,0.01709402,0.01835384,80964,-0.17701014,White
IL-3,99563,0.37930449,0.59820261,0.89523611,0.10476389,0.03699463,0.01834767,0.00079376,0.02576481,0.01729365,76849,-0.21889812,White
IL-4,96780,0.57945432,0.39820868,0.70523586,0.29476414,0.21953392,0.0268801,0.00107416,0.02619893,0.02043516,76339,0.18124564,White
IL-5,104637,0.58375823,0.38810605,0.58787297,0.41212703,0.13014959,0.085696,0.00118848,0.18232827,0.0173129,87507,0.19565218,White
IL-6,101228,0.61419158,0.35717864,0.68203419,0.31796581,0.14414974,0.05665877,0.00163475,0.09767966,0.01644891,78911,0.25701294,White
IL-7,100161,0.58103838,0.38832379,0.74980134,0.25019866,0.11385647,0.05555004,0.00111746,0.06543333,0.01504842,80540,0.19271459,White
IL-8,101059,0.37341194,0.60012185,0.86662044,0.13337956,0.04627401,0.03907844,0.00115129,0.02585169,0.01839447,76436,-0.22670991,White
IL-9,101077,0.37917831,0.59534647,0.92214375,0.07785625,0.01787302,0.01982927,0.00118137,0.0104164,0.02186174,78722,-0.21616816,White
IL-10,97826,0.50268215,0.47081665,0.75696243,0.24303757,0.11885008,0.03441579,0.00099086,0.0710511,0.01511388,75692,0.0318655000000001,White
IL-11,99366,0.53028896,0.4466093,0.68423462,0.31576538,0.22461607,0.05789708,0.00085027,0.01370902,0.01943856,76446,0.08367966,White
IL-12,95452,0.41962528,0.56106355,0.85669287,0.14330713,0.06819128,0.03829333,0.0030718,0.01563232,0.01870412,76828,-0.14143827,White
IL-13,100861,0.55724364,0.42016914,0.73208707,0.26791293,0.11180818,0.10862056,0.00104138,0.02912042,0.02160219,78742,0.1370745,White
IL-14,99502,0.48265386,0.49618661,0.78391234,0.21608766,0.06112794,0.11716403,0.00052852,0.01696423,0.01925878,77575,-0.01353275,White
IL-15,101635,0.36657921,0.61118892,0.85768574,0.14231426,0.03937253,0.07237818,0.00082234,0.0080614,0.01963643,80259,-0.24460971,White
IL-16,102879,0.4002282,0.57800107,0.87594483,0.12405517,0.05307107,0.03974763,0.00077937,0.00983485,0.01628008,80835,-0.17777287,White
IL-17,100791,0.41663501,0.55947216,0.79421766,0.20578234,0.02799964,0.13159438,0.00099022,0.02125054,0.02235801,76751,-0.14283715,White
IL-18,102124,0.53941585,0.43958766,0.67651812,0.32348188,0.12239616,0.1312713,0.00090898,0.05095316,0.02171443,79210,0.09982819,White
IL-19,99669,0.57807614,0.40305841,0.55628236,0.44371764,0.23549846,0.16561578,0.00103559,0.02482795,0.02497214,76285,0.17501773,White
IL-20,99966,0.44174218,0.53912447,0.84188451,0.15811549,0.02835891,0.09489717,0.00055755,0.01146774,0.01971692,78917,-0.09738229,White
IL-21,101106,0.3527746,0.62703416,0.87803372,0.12196628,0.01723451,0.07051999,0.00097748,0.010778,0.01839205,77751,-0.27425956,White
IL-22,100655,0.36196948,0.61770177,0.90418659,0.09581341,0.0214798,0.04594821,0.00127175,0.00816461,0.0157951,78632,-0.25573229,White
IL-23,98792,0.24207868,0.73801444,0.90494508,0.09505492,0.04736556,0.01751114,0.00120454,0.00803026,0.01708372,77208,-0.49593576,White
IL-24,104958,0.28021396,0.69840806,0.92372662,0.07627338,0.02009014,0.02716552,0.00086436,0.00793974,0.01725011,80985,-0.4181941,White
IL-25,101265,0.29010261,0.69290475,0.82177877,0.17822123,0.1001098,0.04666513,0.00053623,0.00955007,0.01917675,78324,-0.40280214,White
IL-26,101596,0.39246967,0.58835213,0.77549197,0.22450803,0.12884276,0.04070394,0.00121157,0.02926131,0.02290973,81712,-0.19588246,White
IL-27,104957,0.28627721,0.69671755,0.90403395,0.09596605,0.0325927,0.01871648,0.0006324,0.01109125,0.02472424,82227,-0.41044034,White
IL-28,101652,0.21003317,0.77576675,0.91048545,0.08951455,0.04006901,0.01765287,0.00126271,0.00592596,0.02085339,79987,-0.56573358,White
IL-29,96330,0.24397195,0.73937437,0.88306634,0.11693366,0.05792041,0.02064397,0.00111949,0.01096836,0.02180345,75034,-0.49540242,White
IL-30,100403,0.20468808,0.778323,0.92202377,0.07797623,0.03025488,0.01685629,0.00095341,0.00933071,0.01693256,78665,-0.57363492,White
IL-31,98924,0.29819397,0.68238856,0.90323615,0.09676385,0.0275387,0.03399048,0.00121853,0.01185178,0.01768788,77963,-0.38419459,White
IL-32,104216,0.22585177,0.75719594,0.94233254,0.05766746,0.00890978,0.02087153,0.00054148,0.00669464,0.01524754,81259,-0.53134417,White
IL-33,98601,0.29873781,0.67912903,0.9002931,0.0997069,0.03024004,0.03883946,0.00122665,0.0080313,0.01935517,77447,-0.38039122,White
IL-34,95673,0.25186441,0.72713156,0.89941226,0.10058774,0.04277582,0.02655369,0.00110695,0.00815719,0.01640662,75884,-0.47526715,White
IL-35,102520,0.28055832,0.70174519,0.90680901,0.09319099,0.03755198,0.02047049,0.00096828,0.0069766,0.020036,80555,-0.42118687,White
IL-36,102164,0.64928678,0.33289799,0.44861164,0.55138836,0.45978104,0.05329549,0.0013799,0.02147962,0.02076363,76817,0.31638879,Black
IL-37,103475,0.55004115,0.42676045,0.64345648,0.35654352,0.26946775,0.0358923,0.00251722,0.02963056,0.02071384,79850,0.1232807,White
IL-38,99013,0.34535128,0.63086079,0.89541542,0.10458458,0.03558862,0.02487698,0.00122048,0.01360703,0.02241005,77019,-0.28550951,White
IL-39,101846,0.50359668,0.47214094,0.76295974,0.23704026,0.13580185,0.05302135,0.00146867,0.02087249,0.02240339,80345,0.03145574,White
IL-40,96330,0.40613715,0.56994573,0.84104604,0.15895396,0.09751487,0.02025652,0.0008927,0.01047615,0.02472005,76173,-0.16380858,White
IL-41,103801,0.27444143,0.70585414,0.92416619,0.07583381,0.02899992,0.01445146,0.00113963,0.00697113,0.0194828,82483,-0.43141271,White
IL-42,97856,0.53795075,0.44287129,0.55908714,0.44091286,0.30036456,0.11433121,0.00076335,0.01019992,0.02025506,75981,0.0950794600000001,White
IL-43,98995,0.33764989,0.64173236,0.86243056,0.13756944,0.0403315,0.05853271,0.00083265,0.01349154,0.01899483,76863,-0.30408247,White
IL-44,103821,0.39302743,0.59114757,0.88588689,0.11411311,0.01722704,0.06222723,0.00028157,0.02009394,0.01122445,78133,-0.19812014,White
IL-45,104737,0.6670317,0.313886,0.39000629,0.60999371,0.23005664,0.35914412,0.00089364,0.01441158,0.02565135,79450,0.3531457,Minority
IL-46,103023,0.55692846,0.4249008,0.622592,0.377408,0.10569866,0.19813465,0.00098723,0.05961056,0.0207968,76983,0.13202766,White
IL-47,96229,0.63498735,0.34521873,0.49806624,0.50193376,0.15047936,0.24625504,0.00096688,0.09356956,0.02411755,73432,0.28976862,Minority
IL-48,98760,0.61245511,0.37168777,0.58016996,0.41983004,0.08567127,0.08228044,0.00122408,0.24149478,0.00976447,71074,0.24076734,White
IL-49,104379,0.71235144,0.2753459,0.42245259,0.57754741,0.49259697,0.05567033,0.00051649,0.02393074,0.0122851,81318,0.43700554,Black
IL-50,98215,0.80583194,0.18154702,0.26921377,0.73078623,0.5394721,0.1764761,0.00172753,0.01284266,0.01846718,74673,0.62428492,Black
IL-51,102633,0.82351179,0.16432781,0.17561551,0.82438449,0.45821947,0.36022478,0.00134714,0.00678701,0.02734049,77943,0.65918398,Black
IL-52,101083,0.8915757,0.09818206,0.12034192,0.87965808,0.76704158,0.10319429,0.00106691,0.00934507,0.01290571,77795,0.79339364,Black
IL-53,102374,0.6711832,0.31439863,0.46392521,0.53607479,0.34189881,0.15761481,0.00077064,0.02839997,0.01828059,79155,0.35678457,Minority
IL-54,98246,0.47813342,0.50711893,0.82265232,0.17734768,0.03970204,0.07184058,0.00068759,0.054307,0.00874769,78535,-0.02898551,White
IL-55,97886,0.85074804,0.13626217,0.18083292,0.81916708,0.63813271,0.17171405,0.00112811,0.00799076,0.01634413,74461,0.71448587,Black
IL-56,97817,0.72402785,0.26157925,0.39650096,0.60349904,0.52606535,0.06484135,0.00101212,0.00942454,0.01217172,76078,0.4624486,Black
IL-57,96382,0.95544742,0.03473137,0.01024397,0.98975603,0.97005509,0.01937303,0.00099685,0.00360703,0.00905037,76240,0.92071605,Black
IL-58,100225,0.94963658,0.03957796,0.01647916,0.98352084,0.91310647,0.07048997,0.00086931,0.00540486,0.01369483,79373,0.91005862,Black
IL-59,96754,0.9440575,0.04483827,0.01810917,0.98189083,0.84802293,0.13374682,0.00098215,0.00460129,0.01652159,74327,0.89921923,Black
IL-60,96778,0.93752507,0.04870304,0.01924584,0.98075416,0.81164437,0.16798439,0.00139607,0.00774962,0.01779278,70197,0.88882203,Black
IL-61,98605,0.94463909,0.04113785,0.19668058,0.80331942,0.66572252,0.04874776,0.00157772,0.09128404,0.01244782,80496,0.90350124,Black
IL-62,100506,0.84718308,0.13682498,0.4424761,0.5575239,0.25645676,0.07581203,0.00147996,0.21502888,0.01073809,89867,0.7103581,Minority
IL-63,100897,0.88205033,0.1011376,0.23500938,0.76499062,0.55574734,0.12546592,0.00130081,0.08427767,0.01302064,79950,0.78091273,Black
IL-64,99755,0.93182641,0.05604177,0.0208606,0.9791394,0.74733845,0.23684743,0.00132234,0.00491155,0.01798653,74111,0.87578464,Black
IL-65,98846,0.91039112,0.07404818,0.34984423,0.65015577,0.51307694,0.09636882,0.00107338,0.04064455,0.01345655,76394,0.83634294,Black
IL-66,96783,0.84333396,0.14270091,0.27186183,0.72813817,0.4913255,0.19567705,0.00127451,0.03996515,0.01936482,76892,0.70063305,Black
IL-67,98397,0.74647887,0.23049781,0.25425055,0.74574945,0.04434978,0.38946087,0.0014034,0.31155379,0.03827668,80519,0.51598106,Hispanic
IL-68,101713,0.85711488,0.12711781,0.04559024,0.95440976,0.09054766,0.84860574,0.00188469,0.01825535,0.05973229,72691,0.72999707,Hispanic
IL-69,98030,0.84457316,0.13573407,0.04623324,0.95376676,0.02845339,0.8738632,0.00112798,0.0558634,0.06370289,70923,0.70883909,Hispanic
IL-70,95506,0.78466292,0.19988703,0.13664878,0.86335122,0.06815408,0.77400721,0.00095092,0.02265179,0.05922677,70458,0.58477589,Hispanic
IL-71,103938,0.78782294,0.19437222,0.18223774,0.81776226,0.07628466,0.7197337,0.00130567,0.02270054,0.05468296,77355,0.59345072,Hispanic
IL-72,102400,0.62436109,0.36054101,0.313967,0.686033,0.03859065,0.63333075,0.00112325,0.01398249,0.05248276,77454,0.26382008,Hispanic
IL-73,97871,0.5565504,0.42947803,0.64691072,0.35308928,0.06340711,0.24706363,0.00093595,0.03377318,0.02268683,75859,0.12707237,White
IL-74,100038,0.47696902,0.50729579,0.7931977,0.2068023,0.05183475,0.10914878,0.00072391,0.03352471,0.01139541,80120,-0.03032677,White
IL-75,97915,0.66387279,0.31651661,0.65443646,0.34556354,0.05664164,0.25053189,0.00082962,0.02824723,0.02231946,74733,0.34735618,White
IL-76,97360,0.62286436,0.3614085,0.37860252,0.62139748,0.05395296,0.53170219,0.0007854,0.03655436,0.03245431,75121,0.26145586,Hispanic
IL-77,95258,0.68374476,0.30175827,0.35963508,0.64036492,0.07559509,0.5290445,0.00169544,0.04139026,0.0400985,74317,0.38198649,Hispanic
IL-78,102972,0.79420383,0.18771729,0.36979732,0.63020268,0.04334192,0.52639928,0.00211097,0.06101058,0.04101131,81953,0.60648654,Hispanic
IL-79,100064,0.49444954,0.49080275,0.69281912,0.30718088,0.02289216,0.19497338,0.00132475,0.08615823,0.01629318,80770,0.00364679000000001,White
IL-80,100863,0.86073762,0.1192289,0.28918892,0.71081108,0.05964215,0.62230415,0.00239072,0.03534489,0.04402698,79474,0.74150872,Hispanic
IL-81,97773,0.76712271,0.21476089,0.69947226,0.30052774,0.05843292,0.06864969,0.00119941,0.1603825,0.00865754,91712,0.55236182,White
IL-82,98624,0.8648129,0.1136655,0.54362489,0.45637511,0.08194518,0.3143152,0.00201623,0.0616389,0.02395468,83324,0.7511474,White
IL-83,96701,0.81153255,0.1702312,0.75788691,0.24211309,0.08815164,0.06271761,0.0009914,0.08027948,0.00794297,84729,0.64130135,White
IL-84,100268,0.86514923,0.11632273,0.73717392,0.26282608,0.06891098,0.08993355,0.00136196,0.09330551,0.01178538,91045,0.7488265,White
IL-85,99658,0.85719536,0.12215397,0.73675088,0.26324912,0.03816994,0.12959822,0.00138414,0.08493154,0.015051,80194,0.73504139,White
IL-86,96911,0.87898303,0.10333326,0.53203623,0.46796377,0.18181818,0.13382457,0.00173513,0.14045275,0.01916737,86449,0.77564977,White
IL-87,97176,0.78541392,0.19862701,0.45384907,0.54615093,0.10842096,0.1928924,0.00153204,0.2364572,0.01986408,76369,0.58678691,Minority
IL-88,101404,0.7687642,0.21069547,0.41018557,0.58981443,0.05782275,0.34622708,0.00176729,0.18047518,0.03121383,80349,0.55806873,Minority
IL-89,99378,0.61632708,0.36531408,0.68722857,0.31277143,0.02499335,0.19659159,0.00158266,0.08243755,0.02065054,78981,0.251013,White
IL-90,104448,0.49523085,0.48691731,0.77300282,0.22699718,0.05779139,0.10543854,0.00090991,0.05358614,0.01157057,81327,0.00831354000000001,White
IL-91,101764,0.55138507,0.42977863,0.73778168,0.26221832,0.044291,0.07305254,0.00148139,0.13332496,0.01039483,79655,0.12160644,White
IL-92,100906,0.62085265,0.35782202,0.68634317,0.31365683,0.06473834,0.08261338,0.0012052,0.15237552,0.01080875,78825,0.26303063,White
IL-93,102361,0.59984782,0.37783226,0.75827819,0.24172181,0.05168879,0.06655699,0.00089627,0.11009343,0.01111125,81449,0.22201556,White
IL-94,104178,0.58245319,0.39440025,0.74988248,0.25011752,0.0391172,0.10888982,0.00070515,0.08830443,0.01380607,80834,0.18805294,White
IL-95,100387,0.57681139,0.39742745,0.75758811,0.24241189,0.0466202,0.08278538,0.00110468,0.09763282,0.0121778,76040,0.17938394,White
IL-96,104765,0.65251791,0.32680868,0.56471601,0.43528399,0.0962797,0.10112786,0.0012785,0.22625603,0.01231661,78999,0.32570923,White
IL-97,101399,0.54970994,0.43008602,0.58867339,0.41132661,0.0332389,0.22417351,0.00099986,0.1413775,0.02104831,78011,0.11962392,White
IL-98,96739,0.61540666,0.3669946,0.55410485,0.44589515,0.05470919,0.15285101,0.00175324,0.23000704,0.01767855,75289,0.24841206,White
IL-99,101838,0.55050643,0.43037335,0.584023,0.415977,0.0536881,0.18026707,0.00169253,0.17180441,0.01823205,80353,0.12013308,White
IL-100,98388,0.53200818,0.45123258,0.56433538,0.43566462,0.03334507,0.31034663,0.00121326,0.08350619,0.02498271,76653,0.0807756000000001,White
IL-101,95708,0.56754998,0.41557415,0.64435108,0.35564892,0.03428885,0.13602025,0.00080895,0.17790274,0.01476978,76643,0.15197583,White
IL-102,96116,0.59309339,0.39069066,0.59168813,0.40831187,0.03727138,0.19716837,0.00095434,0.16685187,0.02025022,76493,0.20240273,White
IL-103,96045,0.55438589,0.43135579,0.69153586,0.30846414,0.01983273,0.07849584,0.00076982,0.20245039,0.00914654,76641,0.1230301,White
IL-104,97675,0.67714829,0.31015518,0.53884491,0.46115509,0.06687865,0.08767034,0.00177807,0.30118105,0.01082414,77050,0.36699311,White
IL-105,95926,0.86772451,0.11549659,0.45515287,0.54484713,0.27936512,0.17174501,0.00218386,0.08674345,0.02530938,76928,0.75222792,Minority
IL-106,96035,0.78755148,0.19462105,0.76750977,0.23249023,0.03927109,0.04820678,0.00128425,0.13153448,0.00694848,73973,0.59293043,White
IL-107,97300,0.64879209,0.3368124,0.73317177,0.26682823,0.01622237,0.05483824,0.00090051,0.18574285,0.00727027,75513,0.31197969,White
IL-108,98777,0.58892455,0.39301517,0.75761809,0.24238191,0.01660717,0.10323866,0.00082777,0.11305551,0.01033421,77316,0.19590938,White
IL-109,104258,0.56937546,0.41055183,0.71715665,0.28284335,0.02371077,0.07634745,0.00070344,0.17160287,0.0096541,82452,0.15882363,White
IL-110,101296,0.62950737,0.35358448,0.56025551,0.43974449,0.03284378,0.22960467,0.00110653,0.16902223,0.01947742,79528,0.27592289,White
IL-111,100737,0.59488723,0.38681617,0.72527083,0.27472917,0.01724115,0.06323945,0.0010111,0.18319217,0.00883724,76155,0.20807106,White
IL-112,104066,0.47691098,0.50383881,0.70725726,0.29274274,0.08436907,0.16569223,0.00107123,0.02592894,0.02077929,77481,-0.02692783,White
IL-113,99830,0.59363889,0.38473818,0.52848258,0.47151742,0.09060763,0.32669657,0.00094942,0.04476031,0.02992735,72676,0.20890071,White
IL-114,97790,0.66792645,0.30957737,0.37297668,0.62702332,0.1058299,0.47807956,0.00135802,0.03750343,0.03528121,72900,0.35834908,Hispanic
IL-115,98772,0.54530531,0.43094338,0.83419689,0.16580311,0.02130697,0.08319234,0.00074019,0.04413397,0.01317807,75656,0.11436193,White
IL-116,103049,0.47816659,0.50214225,0.78428061,0.21571939,0.04612096,0.11368585,0.00068621,0.04005067,0.01702319,75779,-0.02397566,White
IL-117,100411,0.52741033,0.45411868,0.61783937,0.38216063,0.03998571,0.26798761,0.00127065,0.06296326,0.02387759,75552,0.07329165,White
IL-118,100952,0.51756232,0.46104721,0.80001028,0.19998972,0.01959424,0.11616493,0.00084801,0.04643513,0.01737142,77829,0.05651511,White
IL-119,104777,0.4956847,0.48241513,0.79849809,0.20150191,0.01837201,0.1201527,0.00085393,0.04230711,0.01790737,79632,0.01326957,White
IL-120,104500,0.41511103,0.56488521,0.80828093,0.19171907,0.01153336,0.14085683,0.00073696,0.01540238,0.02133487,81416,-0.14977418,White
IL-121,99323,0.47648132,0.50335158,0.8056554,0.1943446,0.02406196,0.10862145,0.00156448,0.04105143,0.01859274,77342,-0.02687026,White
IL-122,100092,0.60785275,0.37441272,0.44208862,0.55791138,0.05599979,0.32673242,0.00156815,0.16837522,0.03199803,77161,0.23344003,Minority
IL-123,104471,0.60205437,0.37763185,0.46710468,0.53289532,0.0698875,0.38991134,0.00162352,0.06354562,0.03858399,78841,0.22442252,Minority
IL-124,97103,0.71019377,0.27421093,0.7610848,0.2389152,0.05727964,0.10781513,0.00268723,0.0621323,0.01130983,76659,0.43598284,White
IL-125,104631,0.59760238,0.38098522,0.70504691,0.29495309,0.02765108,0.14647532,0.00169343,0.10778606,0.01545098,80901,0.21661716,White
IL-126,100674,0.59261173,0.38431117,0.59895591,0.40104409,0.0467978,0.28145268,0.00167801,0.05762495,0.02860605,75089,0.20830056,White
IL-127,96500,0.77645736,0.20318773,0.15639247,0.84360753,0.21585728,0.58739912,0.00191137,0.03427722,0.04869036,70630,0.57326963,Hispanic
IL-128,99447,0.60707601,0.37336225,0.4717566,0.5282434,0.15950937,0.25991113,0.00230151,0.09477437,0.02889527,75168,0.23371376,Minority
IN-1,96360,0.85325388,0.13626008,0.18688084,0.81311916,0.66197283,0.14493348,0.00097651,0.00510897,0.01828474,70660,0.7169938,Black
IN-2,97108,0.69546715,0.28874039,0.32690123,0.67309877,0.25565868,0.40013852,0.00123286,0.01164981,0.02881285,72190,0.40672676,Hispanic
IN-3,103312,0.57459707,0.40957836,0.58586436,0.41413564,0.24917014,0.12888668,0.00079567,0.0212221,0.02222913,80435,0.16501871,White
IN-4,101274,0.51634099,0.4686512,0.71631012,0.28368988,0.09034844,0.1371296,0.00069489,0.0410607,0.01774458,80588,0.04768979,White
IN-5,100646,0.35482545,0.63010142,0.85125948,0.14874052,0.02283206,0.08404751,0.00066425,0.01598114,0.02008388,76778,-0.27527597,White
IN-6,95203,0.50695763,0.47287307,0.77393459,0.22606541,0.06714347,0.11293842,0.00105059,0.02091752,0.02252034,74244,0.03408456,White
IN-7,94777,0.51538443,0.46573413,0.77390083,0.22609917,0.11949066,0.0692584,0.00116128,0.01278762,0.0205115,74056,0.0496503,White
IN-8,95652,0.36397493,0.61709878,0.87947445,0.12052555,0.02969875,0.05047856,0.00086527,0.01151476,0.01874309,75121,-0.25312385,White
IN-9,95847,0.58420858,0.39555789,0.49943004,0.50056996,0.27834449,0.12601935,0.00172449,0.08077339,0.02082542,68426,0.18865069,Minority
IN-10,96126,0.52216642,0.44902946,0.73525995,0.26474005,0.12027083,0.07952618,0.00134881,0.04049091,0.02434529,74881,0.07313696,White
IN-11,96011,0.40672548,0.57290865,0.82176358,0.17823642,0.06524959,0.0441717,0.00123423,0.04799781,0.01704608,72920,-0.16618317,White
IN-12,97426,0.29383143,0.68621743,0.89479542,0.10520458,0.03126409,0.03209536,0.0009158,0.02264146,0.01616039,70976,-0.392386,White
IN-13,104020,0.3954529,0.58698129,0.67960054,0.32039946,0.09882451,0.17937949,0.00102725,0.01713825,0.02685166,76904,-0.19152839,White
IN-14,103027,0.30984299,0.67427364,0.80916591,0.19083409,0.02083532,0.14145725,0.00081547,0.01273496,0.02045476,73577,-0.36443065,White
IN-15,97945,0.542972,0.44027488,0.76392545,0.23607455,0.10604744,0.05326365,0.00151737,0.0528227,0.01922004,77107,0.10269712,White
IN-16,99237,0.63727069,0.34725976,0.5841629,0.4158371,0.2349978,0.14169965,0.00149256,0.02222844,0.02158877,75039,0.29001093,White
IN-17,99101,0.35252785,0.62974243,0.89242176,0.10757824,0.03054918,0.0348796,0.00129913,0.01203333,0.02220327,76205,-0.27721458,White
IN-18,96867,0.36530102,0.61342566,0.8725036,0.1274964,0.03761913,0.04359509,0.00120359,0.02488349,0.01734007,71453,-0.24812464,White
IN-19,96151,0.38835641,0.58874825,0.87836152,0.12163848,0.0275232,0.04236765,0.00098963,0.02944509,0.01636476,69723,-0.20039184,White
IN-20,100770,0.51386337,0.46768022,0.78068146,0.21931854,0.04070912,0.04080221,0.00101075,0.12196776,0.01049314,75192,0.0461831500000001,White
IN-21,103938,0.48757948,0.4924883,0.77863441,0.22136559,0.0742206,0.04292292,0.00093164,0.0856163,0.01371805,74063,-0.00490881999999998,White
IN-22,103583,0.71560588,0.26768097,0.43054878,0.56945122,0.39948897,0.1148404,0.00119411,0.04524794,0.01624252,77882,0.44792491,Minority
IN-23,97618,0.70350628,0.27632549,0.69126395,0.30873605,0.19144116,0.06683037,0.00102524,0.03473154,0.01487229,79006,0.42718079,White
IN-24,96570,0.61828978,0.36401623,0.60068863,0.39931137,0.26000372,0.0954508,0.00168834,0.02993805,0.01928957,75222,0.25427355,White
IN-25,103520,0.63873794,0.34179758,0.40837731,0.59162269,0.35156599,0.21065344,0.00112888,0.02005723,0.02190806,76182,0.29694036,Minority
IN-26,98269,0.86143255,0.1237879,0.37077395,0.62922605,0.51190335,0.08529091,0.00131601,0.0231487,0.01879269,75987,0.73764465,Black
IN-27,97252,0.6848789,0.29350225,0.65746642,0.34253358,0.16185918,0.11959475,0.00114262,0.04037275,0.02511236,78766,0.39137665,White
IN-28,103975,0.75668136,0.22835118,0.29812405,0.70187595,0.54097678,0.13987028,0.00170541,0.01293156,0.01965919,74469,0.52833018,Black
IN-29,95066,0.42163776,0.5563179,0.69273662,0.30726338,0.1233833,0.11685133,0.00146281,0.04289956,0.02563546,69045,-0.13468014,White
IN-30,99541,0.46476699,0.51547165,0.760275,0.239725,0.10581378,0.05513512,0.00146737,0.05582805,0.02092363,73601,-0.05070466,White
IN-31,102362,0.41141661,0.56781577,0.69451829,0.30548171,0.07450299,0.07651308,0.00220461,0.13462411,0.01905046,77111,-0.15639916,White
IN-32,102984,0.427285,0.54884304,0.77009495,0.22990505,0.10724387,0.04981077,0.00187239,0.05109886,0.01735609,75305,-0.12155804,White
IN-33,102564,0.27095685,0.70657534,0.90673694,0.09326306,0.02974157,0.02095371,0.00080005,0.01575973,0.02038225,78745,-0.43561849,White
IN-34,100652,0.23794719,0.7390415,0.92912268,0.07087732,0.01173115,0.01984875,0.00087758,0.01188602,0.02152647,77486,-0.50109431,White
IN-35,102133,0.34889898,0.630865,0.83874283,0.16125717,0.03326086,0.03560651,0.00104105,0.06758912,0.01921328,75885,-0.28196602,White
IN-36,99017,0.31066188,0.6682196,0.86139422,0.13860578,0.06981442,0.02768749,0.00093241,0.014556,0.02208006,77219,-0.35755772,White
IN-37,97976,0.2640716,0.71546471,0.93081694,0.06918306,0.00825277,0.02798535,0.00133578,0.00866276,0.01780164,75611,-0.45139311,White
IN-38,101818,0.23227257,0.74748598,0.90955566,0.09044434,0.00629521,0.05979768,0.00053027,0.00576494,0.01566324,73548,-0.51521341,White
IN-39,103223,0.37190274,0.6040764,0.82207784,0.17792216,0.04997726,0.08667403,0.00098759,0.01963485,0.01937496,76955,-0.23217366,White
IN-40,100187,0.59503496,0.3779222,0.67453358,0.32546642,0.05938677,0.07419436,0.03363285,0.1721699,0.01462716,83133,0.21711276,White
IN-41,98061,0.26743094,0.71270445,0.83828557,0.16171443,0.01359331,0.11815099,0.0008783,0.00952613,0.02091694,74007,-0.44527351,White
IN-42,97735,0.24596205,0.73583407,0.90551549,0.09448451,0.00735931,0.0524751,0.0010799,0.00545282,0.02193129,75007,-0.48987202,White
IN-43,97175,0.26137523,0.71714415,0.86735428,0.13264572,0.00948633,0.08794191,0.00067856,0.01353057,0.01781909,73685,-0.45576892,White
IN-44,96098,0.22992581,0.74699474,0.89582552,0.10417448,0.03002999,0.03610828,0.00099074,0.01154073,0.02262625,74692,-0.51706893,White
IN-45,103336,0.27295782,0.70497419,0.87533759,0.12466241,0.05437024,0.0347287,0.00076111,0.00946477,0.02274736,81460,-0.43201637,White
IN-46,96579,0.22507014,0.75474345,0.93365371,0.06634629,0.00798587,0.03450177,0.00090459,0.00535689,0.01640989,70750,-0.52967331,White
IN-47,100072,0.3931887,0.58758298,0.83299617,0.16700383,0.09100856,0.04099393,0.00078883,0.0076466,0.02404672,78597,-0.19439428,White
IN-48,101120,0.44186101,0.53977313,0.84148714,0.15851286,0.08918413,0.02993602,0.00118667,0.01742088,0.01875436,81741,-0.0979121200000001,White
IN-49,101838,0.3088945,0.67031257,0.89635932,0.10364068,0.04122904,0.02760806,0.00064381,0.01061654,0.01917542,79216,-0.36141807,White
IN-50,100488,0.29644278,0.68253827,0.90278611,0.09721389,0.04556303,0.02090539,0.00079129,0.00987837,0.01645119,78353,-0.38609549,White
IN-51,103378,0.27618769,0.70095405,0.91601876,0.08398124,0.02232143,0.02827799,0.00089035,0.01169994,0.01814557,79744,-0.42476636,White
IN-52,103126,0.20382034,0.77869396,0.94897588,0.05102412,0.00906705,0.01385174,0.0006028,0.00639214,0.01807131,79629,-0.57487362,White
IN-53,102711,0.27758982,0.70315925,0.88953437,0.11046563,0.01608044,0.06137262,0.00072457,0.00982623,0.02232194,78667,-0.42556943,White
IN-54,101435,0.30233635,0.67794257,0.93075603,0.06924397,0.01461088,0.01830776,0.00082013,0.01125467,0.02187847,79256,-0.37560622,White
IN-55,99912,0.23416793,0.74592099,0.93376126,0.06623874,0.0093835,0.02688733,0.00074759,0.00648338,0.01853499,77583,-0.51175306,White
IN-56,104135,0.2346656,0.74549729,0.92991247,0.07008753,0.01750664,0.01539756,0.0015361,0.00896057,0.0216151,82026,-0.51083169,White
IN-57,96228,0.20833939,0.77729094,0.95023069,0.04976931,0.006887,0.0098059,0.00134512,0.00652382,0.0207686,74343,-0.56895155,White
IN-58,104646,0.70454394,0.27829153,0.79094963,0.20905037,0.05096576,0.04706686,0.00133324,0.09039168,0.01642467,89256,0.42625241,White
IN-59,98229,0.25372811,0.72815155,0.94519951,0.05480049,0.00807016,0.01312887,0.00084532,0.00540212,0.02129149,75711,-0.47442344,White
IN-60,94867,0.29752675,0.6831339,0.92208605,0.07791395,0.01161636,0.04260239,0.00082974,0.0065155,0.01368391,73517,-0.38560715,White
IN-61,100292,0.22332565,0.75909339,0.91440655,0.08559345,0.02938048,0.02855304,0.00119518,0.00661947,0.01679822,76139,-0.53576774,White
IN-62,96909,0.31913063,0.66329778,0.91766321,0.08233679,0.02250367,0.01690493,0.00059792,0.02079143,0.01708159,73588,-0.34416715,White
IN-63,103432,0.42086152,0.55841937,0.83819993,0.16180007,0.08202356,0.02707397,0.00095955,0.02502126,0.02049071,82330,-0.13755785,White
IN-64,97683,0.35334204,0.62364759,0.83371514,0.16628486,0.02513252,0.06048054,0.00123865,0.0563384,0.02049759,75082,-0.27030555,White
IN-65,99901,0.3287311,0.65291475,0.90419673,0.09580327,0.02643166,0.02853463,0.00073604,0.01529908,0.02071422,76083,-0.32418365,White
IN-66,101676,0.50372153,0.47504123,0.77738923,0.22261077,0.12417121,0.05645171,0.00210566,0.01590525,0.02571912,79785,0.0286803,White
IN-67,103545,0.34245774,0.64165786,0.92530782,0.07469218,0.025157,0.01464916,0.0010137,0.01410523,0.01609553,80892,-0.29920012,White
IN-68,101813,0.53097556,0.4506666,0.75605688,0.24394312,0.15915931,0.03754514,0.00531701,0.01845907,0.02258477,79744,0.08030896,White
KS-1,100249,0.36912172,0.60390733,0.80768272,0.19231728,0.08406668,0.05106952,0.0031607,0.01769204,0.03495128,76249,-0.23478561,White
KS-2,101996,0.21185918,0.76797751,0.89807163,0.10192837,0.0224977,0.02863228,0.00197684,0.00672125,0.04022549,78408,-0.55611833,White
KS-3,97307,0.42029592,0.55058295,0.77568961,0.22431039,0.06548079,0.08213457,0.00378964,0.0480794,0.02535447,77580,-0.13028703,White
KS-4,96947,0.36086606,0.61277227,0.73018803,0.26981197,0.08408293,0.12396171,0.00708038,0.03067704,0.03033267,72595,-0.25190621,White
KS-5,100891,0.64499987,0.3371698,0.43206057,0.56793943,0.29988602,0.20008684,0.00335152,0.0449673,0.03304025,73698,0.30783007,Minority
KS-6,103831,0.56434249,0.41493108,0.54970287,0.45029713,0.09384783,0.28885234,0.00187032,0.04393272,0.0330026,75388,0.14941141,White
KS-7,104678,0.61787642,0.36215389,0.80773572,0.19226428,0.04683222,0.08366156,0.00148902,0.03403141,0.0241246,83276,0.25572253,White
KS-8,100363,0.5507676,0.43251124,0.79566448,0.20433552,0.03768172,0.03977872,0.00097774,0.10577641,0.01542519,77730,0.11825636,White
KS-9,100587,0.55830532,0.42097759,0.75792206,0.24207794,0.06056403,0.08081142,0.00137443,0.07582275,0.02249994,78578,0.13732773,White
KS-10,100145,0.52728804,0.44983597,0.77530219,0.22469781,0.06845775,0.07981656,0.00151097,0.05067066,0.0218031,75448,0.07745207,White
KS-11,99003,0.49332148,0.48233551,0.73857713,0.26142287,0.06744205,0.10988965,0.00207941,0.05454974,0.02535489,72136,0.01098597,White
KS-12,103801,0.35493543,0.62203377,0.84652793,0.15347207,0.02868525,0.05094863,0.00145225,0.03673257,0.03012417,75056,-0.26709834,White
KS-13,96917,0.74836831,0.22926632,0.75436041,0.24563959,0.0673933,0.06728028,0.00172031,0.06081344,0.05360574,79637,0.51910199,White
KS-14,99655,0.47025015,0.50418742,0.81247455,0.18752545,0.06430345,0.06608965,0.00172054,0.0236147,0.03447642,76139,-0.0339372700000001,White
KS-15,101122,0.52706197,0.44592223,0.71136144,0.28863856,0.1048085,0.13351786,0.00208561,0.01345349,0.04686192,77675,0.08113974,White
KS-16,96755,0.29321624,0.68384264,0.87880548,0.12119452,0.02644588,0.03816959,0.00243118,0.01130501,0.0388044,74038,-0.3906264,White
KS-17,101422,0.24479398,0.73633977,0.8381989,0.1618011,0.03512796,0.04095886,0.0016197,0.00767088,0.07521866,77175,-0.49154579,White
KS-18,97397,0.2642437,0.71455882,0.8784847,0.1215153,0.02491016,0.03814113,0.00153817,0.01508222,0.03917565,73464,-0.45031512,White
KS-19,105316,0.60484311,0.37217466,0.53899066,0.46100934,0.20836518,0.17387392,0.00249008,0.05491729,0.0370553,81122,0.23266845,White
KS-20,102640,0.55050702,0.42235439,0.51974429,0.48025571,0.15615764,0.19844545,0.00360644,0.08980952,0.04799042,76807,0.12815263,White
KS-21,105637,0.4242285,0.54948566,0.7292768,0.2707232,0.05691718,0.13985928,0.00184836,0.03144677,0.04644314,81153,-0.12525716,White
KS-22,104291,0.33659951,0.63896544,0.79249583,0.20750417,0.0344603,0.07508075,0.00250052,0.05412586,0.042587,76784,-0.30236593,White
KS-23,105940,0.31308845,0.66551355,0.83807508,0.16192492,0.0350859,0.06174443,0.00142837,0.03017751,0.03302126,77011,-0.3524251,White
KS-24,103392,0.33303522,0.64543995,0.8419998,0.1580002,0.0332632,0.08349614,0.00139014,0.00891694,0.03174782,79848,-0.31240473,White
KS-25,104611,0.26369988,0.71602113,0.71458158,0.28541842,0.02675555,0.20512588,0.00283477,0.01363019,0.04535629,77255,-0.45232125,White
KS-26,98921,0.30510403,0.67153379,0.84606347,0.15393653,0.03418926,0.07168127,0.00174928,0.01877211,0.02700939,76603,-0.36642976,White
KS-27,99807,0.16830469,0.81353755,0.90387682,0.09612318,0.01190756,0.05183907,0.00218284,0.00694063,0.02203749,76506,-0.64523286,White
KS-28,104726,0.22450361,0.75555875,0.85776872,0.14223128,0.02161081,0.0840134,0.00204941,0.00915483,0.02458061,81487,-0.53105514,White
KS-29,99533,0.2661474,0.71562712,0.50428551,0.49571449,0.02961544,0.4227047,0.00167447,0.02636583,0.02999858,70470,-0.44947972,White
KY-1,97342,0.25889496,0.72667726,0.87110583,0.12889417,0.05772569,0.03603451,0.0010441,0.01034964,0.02137795,76621,-0.4677823,White
KY-2,99534,0.29858979,0.68685822,0.86101838,0.13898162,0.07908369,0.02083573,0.00071627,0.01011729,0.02400778,78183,-0.38826843,White
KY-3,103312,0.35102041,0.6300132,0.872844,0.127156,0.05593488,0.02937505,0.00112099,0.02267458,0.01700594,78502,-0.27899279,White
KY-4,99052,0.30855831,0.67299705,0.72031157,0.27968843,0.18359524,0.05896906,0.00328965,0.0157278,0.02219836,73564,-0.36443874,White
KY-5,98036,0.28552474,0.70112138,0.88060794,0.11939206,0.06839952,0.02195476,0.00091478,0.0056063,0.01986383,76521,-0.41559664,White
KY-6,98152,0.24474973,0.74106496,0.90045788,0.09954212,0.05748299,0.01647043,0.0012428,0.00531136,0.01771324,76440,-0.49631523,White
KY-7,100547,0.26238933,0.72113322,0.88309485,0.11690515,0.05510548,0.02456731,0.00142038,0.01187595,0.02055605,76036,-0.45874389,White
KY-8,101621,0.45778095,0.52168506,0.72717544,0.27282456,0.12104727,0.06844184,0.00603899,0.0583896,0.01927634,78490,-0.06390411,White
KY-9,95673,0.23439667,0.7492415,0.91939543,0.08060457,0.0227059,0.02458654,0.00121688,0.0063748,0.02335583,72316,-0.51484483,White
KY-10,97974,0.24635275,0.73730055,0.92377232,0.07622768,0.01637355,0.01957359,0.00068001,0.00873345,0.02489367,74999,-0.4909478,White
KY-11,102319,0.2291031,0.75809016,0.91336092,0.08663908,0.03372571,0.02203123,0.00103752,0.005495,0.02132674,78071,-0.52898706,White
KY-12,103302,0.28158915,0.70348313,0.8962675,0.1037325,0.0527462,0.02209364,0.00149401,0.00754602,0.01776354,78982,-0.42189398,White
KY-13,100613,0.38504772,0.59426041,0.74014274,0.25985726,0.1420677,0.05416094,0.00610227,0.03470176,0.02711975,76365,-0.20921269,White
KY-14,100251,0.17624005,0.81177422,0.92054484,0.07945516,0.02940873,0.02301104,0.00074812,0.00672015,0.01586524,77528,-0.63553417,White
KY-15,99634,0.15125692,0.8373063,0.92298423,0.07701577,0.02868444,0.0226856,0.00110023,0.00482003,0.01861214,76348,-0.68604938,White
KY-16,105346,0.18022932,0.80635401,0.93471375,0.06528625,0.01599746,0.01845578,0.00040361,0.0055404,0.02162347,81763,-0.62612469,White
KY-17,99964,0.14020595,0.84755149,0.93877763,0.06122237,0.01876985,0.01323482,0.00072591,0.00547022,0.02026055,77145,-0.70734554,White
KY-18,102669,0.16571863,0.82318126,0.94508736,0.05491264,0.01919568,0.00826064,0.0004624,0.0044615,0.02042041,80018,-0.65746263,White
KY-19,103388,0.214129,0.77233782,0.95599703,0.04400297,0.01272435,0.0071296,0.00037133,0.00476544,0.01752692,80790,-0.55820882,White
KY-20,103630,0.33989976,0.63884627,0.87744379,0.12255621,0.04879032,0.02629521,0.01044721,0.02253177,0.02174976,81840,-0.29894651,White
KY-21,100498,0.56704997,0.4119982,0.66339529,0.33660471,0.19248668,0.07913688,0.0011179,0.04549591,0.02043416,76930,0.15505177,White
KY-22,102696,0.20095737,0.78876563,0.9487249,0.0512751,0.01790442,0.01086087,0.00039404,0.00559051,0.01444421,81209,-0.58780826,White
KY-23,101519,0.2005644,0.78656733,0.95458491,0.04541509,0.01621608,0.01032847,0.00049063,0.00338412,0.01427871,79489,-0.58600293,White
KY-24,102498,0.32340836,0.65989282,0.91397457,0.08602543,0.03268237,0.02360323,0.00088025,0.00728091,0.01839719,79523,-0.33648446,White
KY-25,97303,0.27901747,0.70622271,0.93979506,0.06020494,0.02049418,0.00910121,0.00056636,0.00716506,0.01899268,75924,-0.42720524,White
KY-26,103636,0.33861705,0.64307347,0.87858813,0.12141187,0.05021781,0.03823503,0.00104754,0.01021985,0.01986484,78279,-0.30445642,White
KY-27,102348,0.21646073,0.77026178,0.93151817,0.06848183,0.02124719,0.01739816,0.00098163,0.0044561,0.02070471,77422,-0.55380105,White
KY-28,102569,0.34448909,0.6362819,0.88582765,0.11417235,0.03721503,0.03687457,0.00086425,0.01642071,0.02044077,76367,-0.29179281,White
KY-29,98291,0.29429974,0.68842794,0.86294125,0.13705875,0.05101905,0.05199147,0.00111896,0.00787265,0.02323165,75070,-0.3941282,White
KY-30,100558,0.31757755,0.6621072,0.87314895,0.12685105,0.05491168,0.03458748,0.00088253,0.01366627,0.02112886,77051,-0.34452965,White
KY-31,99888,0.68345976,0.29645404,0.69558719,0.30441281,0.15023565,0.09445174,0.00144643,0.03977677,0.01996071,82963,0.38700572,White
KY-32,100407,0.54866605,0.42919963,0.77627079,0.22372921,0.09787108,0.04827347,0.00115702,0.05905947,0.01824236,77786,0.11946642,White
KY-33,100189,0.49192491,0.4873637,0.79515382,0.20484618,0.1133455,0.04968675,0.00085491,0.02197241,0.01880798,78371,0.00456120999999998,White
KY-34,97684,0.71729501,0.26729741,0.42762754,0.57237246,0.50174054,0.04480363,0.0015153,0.01123503,0.01893438,73253,0.4499976,Black
KY-35,97935,0.82759652,0.15386226,0.41200062,0.58799938,0.46364964,0.08456551,0.00201163,0.03021295,0.01871973,78046,0.67373426,Black
KY-36,97086,0.52838233,0.45174873,0.63656705,0.36343295,0.20010244,0.09489533,0.00281721,0.04667934,0.02349468,74187,0.0766336,White
KY-37,98319,0.68890283,0.29218379,0.84749654,0.15250346,0.06115929,0.03702354,0.00150621,0.0333552,0.01676263,82326,0.39671904,White
KY-38,99349,0.57248511,0.4094543,0.79103131,0.20896869,0.10133941,0.04151057,0.00111513,0.04841438,0.0146471,79811,0.16303081,White
KY-39,98400,0.56921337,0.41065296,0.64004946,0.35995054,0.20055968,0.09441624,0.0014838,0.0499154,0.01802681,76830,0.15856041,White
KY-40,97796,0.46245295,0.51959532,0.78939372,0.21060628,0.08933691,0.04077103,0.00134758,0.06230595,0.01590678,75691,-0.05714237,White
KY-41,96400,0.43368508,0.54606065,0.73670385,0.26329615,0.1160416,0.10072475,0.00150878,0.02422136,0.02259134,74232,-0.11237557,White
KY-42,99939,0.29547875,0.68608771,0.87550323,0.12449677,0.0324569,0.03828748,0.00179082,0.02761196,0.02018491,72034,-0.39060896,White
KY-43,100059,0.3839917,0.59524112,0.84051518,0.15948482,0.057938,0.05085755,0.00368908,0.02385606,0.02036114,77255,-0.21124942,White
KY-44,98283,0.29712311,0.68441995,0.92812301,0.07187699,0.01743705,0.01636588,0.00085423,0.01263712,0.01845399,73751,-0.38729684,White
KY-45,99827,0.51080196,0.46673699,0.84348689,0.15651311,0.07703134,0.03792505,0.0020483,0.01573299,0.02187791,79578,0.04406497,White
LA-1,98344,0.89627033,0.09153113,0.06520451,0.93479549,0.83940117,0.04780745,0.00097876,0.05616134,0.01108339,72541,0.8047392,Black
LA-2,95453,0.73207089,0.2515759,0.28118015,0.71881985,0.54107602,0.12422076,0.00184658,0.05103783,0.01907671,72025,0.48049499,Black
LA-3,96280,0.66519926,0.32123158,0.28499431,0.71500569,0.5405548,0.10651709,0.0008608,0.06299114,0.0178269,72026,0.34396768,Black
LA-4,95431,0.8979171,0.08360758,0.35850171,0.64149829,0.54255881,0.06861932,0.00125653,0.02441446,0.017981,79584,0.81430952,Black
LA-5,94964,0.76720079,0.21078715,0.4681575,0.5318425,0.40705678,0.08780063,0.00088307,0.02849203,0.01694717,77004,0.55641364,Minority
LA-6,94801,0.57706148,0.40392123,0.62797242,0.37202758,0.20154135,0.12636262,0.00164782,0.0449602,0.01881053,78892,0.17314025,White
LA-7,95995,0.31509277,0.66428844,0.66009187,0.33990813,0.11563416,0.16691755,0.0008305,0.04796138,0.01629856,77062,-0.34919567,White
LA-8,102019,0.30183277,0.67943626,0.66235904,0.33764096,0.11019811,0.16875343,0.00097531,0.04084121,0.01987199,82025,-0.37760349,White
LA-9,98145,0.42801732,0.55511744,0.51472224,0.48527776,0.27959526,0.16216578,0.00100516,0.03010119,0.01841453,74615,-0.12710012,White
LA-10,94706,0.59980165,0.38559952,0.39450116,0.60549884,0.53135925,0.05941752,0.00093319,0.00841261,0.01210357,71797,0.21420213,Black
LA-11,94463,0.22319951,0.75631368,0.74847436,0.25152564,0.14263291,0.0710304,0.00085084,0.01967199,0.01780894,68168,-0.53311417,White
LA-12,103347,0.25203691,0.73191537,0.66868263,0.33131737,0.16382737,0.09541064,0.0014859,0.03186872,0.04233521,76721,-0.47987846,White
LA-13,95277,0.229929,0.75505188,0.67445294,0.32554706,0.17622888,0.0585851,0.0010586,0.01624114,0.07814132,71793,-0.52512288,White
LA-14,102726,0.26081219,0.72429888,0.69587851,0.30412149,0.23129243,0.04113892,0.00073462,0.00758689,0.02526852,78952,-0.46348669,White
LA-15,103204,0.35216393,0.63221538,0.63419536,0.36580464,0.30546729,0.03849584,0.00085407,0.01032417,0.01312501,79619,-0.28005145,White
LA-16,98139,0.37293605,0.61351429,0.53857353,0.46142647,0.34769422,0.06574283,0.00106493,0.02652899,0.02356335,74183,-0.24057824,White
LA-17,98310,0.53150551,0.44800924,0.49137783,0.50862217,0.42614004,0.0537812,0.00087213,0.01762755,0.0136369,75677,0.08349627,Minority
LA-18,98782,0.22327051,0.75554943,0.78267063,0.21732937,0.11556499,0.05698967,0.00111534,0.02741309,0.01705256,74417,-0.53227892,White
LA-19,102237,0.21025782,0.77433968,0.75709035,0.24290965,0.16228299,0.04619154,0.00063865,0.02034565,0.01398519,76724,-0.56408186,White
LA-20,95226,0.18485413,0.8013159,0.80020726,0.19979274,0.13824588,0.02961812,0.00120433,0.01674859,0.01390581,71409,-0.61646177,White
LA-21,100292,0.54781322,0.43153122,0.46644849,0.53355151,0.44496662,0.04872365,0.00166252,0.02544836,0.01722739,76390,0.116282,Minority
LA-22,99664,0.17440035,0.80579241,0.81792231,0.18207769,0.09215647,0.04766714,0.0012792,0.01887834,0.02069616,74265,-0.63139206,White
LA-23,102128,0.15775562,0.82735915,0.76719424,0.23280576,0.12707675,0.05082545,0.00486487,0.01978731,0.03114305,76261,-0.66960353,White
LA-24,102697,0.27323881,0.71409556,0.67531597,0.32468403,0.24856848,0.05007738,0.00096724,0.00793139,0.01822285,77540,-0.44085675,White
LA-25,102118,0.57710846,0.4037005,0.39770844,0.60229156,0.55138529,0.02559555,0.00089332,0.01297255,0.01597618,77240,0.17340796,Black
LA-26,102541,0.17863924,0.80517015,0.75856433,0.24143567,0.15204484,0.03931358,0.00093209,0.01785007,0.02966075,78319,-0.62653091,White
LA-27,97941,0.23221386,0.75820232,0.68959825,0.31040175,0.24412953,0.04075649,0.00120183,0.00902031,0.01691804,75718,-0.52598846,White
LA-28,95594,0.26485374,0.72181822,0.63291291,0.36708709,0.26029447,0.05026321,0.0014296,0.00792294,0.04779147,74846,-0.45696448,White
LA-29,103299,0.31124498,0.67492191,0.65951773,0.34048227,0.26148757,0.03012617,0.00108177,0.02201286,0.0262519,79499,-0.36367693,White
LA-30,103759,0.64733602,0.33582106,0.35625558,0.64374442,0.58674914,0.02919271,0.00089274,0.01399056,0.01626068,78410,0.31151496,Black
LA-31,103958,0.64495072,0.33268316,0.36201532,0.63798468,0.53552967,0.06585214,0.00218449,0.02160357,0.02134956,78737,0.31226756,Black
LA-32,102991,0.21863433,0.76739811,0.73412617,0.26587383,0.17608908,0.04003134,0.00178516,0.01733792,0.0290635,77864,-0.54876378,White
LA-33,99533,0.37353362,0.6106283,0.5719445,0.4280555,0.37264145,0.02564785,0.00087436,0.01272255,0.0179687,78915,-0.23709468,White
LA-34,103630,0.17663463,0.80976265,0.77703254,0.22296746,0.14601153,0.03510557,0.00071593,0.01413015,0.02341209,79617,-0.63312802,White
LA-35,103474,0.58694,0.39933013,0.3772015,0.6227985,0.56712864,0.02784787,0.00075055,0.0162144,0.0150627,77277,0.18760987,Black
LA-36,95917,0.42128286,0.56362468,0.56186516,0.43813484,0.39663702,0.02503816,0.00105258,0.00534182,0.01217041,76004,-0.14234182,White
LA-37,98653,0.36413556,0.61863294,0.63156296,0.36843704,0.24776833,0.06848194,0.00143936,0.02641031,0.027163,75728,-0.25449738,White
LA-38,103518,0.23979058,0.73616672,0.81445768,0.18554232,0.06563609,0.07506336,0.00136847,0.02118601,0.01917131,78920,-0.49637614,White
LA-39,98210,0.22122845,0.76497344,0.75758133,0.24241867,0.16177881,0.04758277,0.00080115,0.00805085,0.02257654,76141,-0.54374499,White
LA-40,97775,0.421166,0.56245414,0.55385645,0.44614355,0.37585123,0.04338752,0.00109706,0.01038197,0.01854305,74745,-0.14128814,White
LA-41,97988,0.15961882,0.8244193,0.81416976,0.18583024,0.10396867,0.04449973,0.00107408,0.00898696,0.02202553,73551,-0.66480048,White
LA-42,100248,0.1567042,0.82416884,0.81154272,0.18845728,0.0849308,0.05931219,0.00117504,0.01303475,0.02386971,73189,-0.66746464,White
LA-43,96373,0.31740555,0.66016598,0.66541234,0.33458766,0.20170394,0.0615725,0.00094075,0.05509328,0.01445569,75472,-0.34276043,White
LA-44,98668,0.47525159,0.50051345,0.53947875,0.46052125,0.30754431,0.08543468,0.00043609,0.05302311,0.01550676,77966,-0.02526186,White
LA-45,99014,0.77483139,0.20341829,0.38131085,0.61868915,0.50506604,0.06774974,0.00117815,0.03949898,0.01230235,80635,0.5714131,Black
LA-46,94796,0.59859563,0.38696715,0.34576637,0.65423363,0.57898177,0.05076943,0.000611,0.01440812,0.01415235,70377,0.21162848,Black
LA-47,95129,0.60904552,0.37391249,0.33599766,0.66400234,0.61746736,0.02881933,0.00092066,0.00849515,0.01121527,71688,0.23513303,Black
MA-1,99262,0.7199554,0.25715798,0.86157316,0.13842684,0.0480504,0.04493693,0.00072321,0.02091173,0.01772472,81581,0.46279742,White
MA-2,98150,0.57979533,0.3940698,0.88552416,0.11447584,0.01922486,0.05381238,0.0009102,0.01949546,0.01559636,81301,0.18572553,White
MA-3,102587,0.68772479,0.28579262,0.87273712,0.12726288,0.0254361,0.04278585,0.00104758,0.03322818,0.01751454,84958,0.40193217,White
MA-4,99946,0.80273081,0.17216401,0.7535428,0.2464572,0.05197639,0.07192402,0.00167666,0.11088909,0.01355107,87078,0.6305668,White
MA-5,95765,0.56732086,0.41257525,0.68235155,0.31764845,0.04882462,0.23047474,0.00199284,0.03626447,0.01611317,76273,0.15474561,White
MA-6,104881,0.6326511,0.34506063,0.49608454,0.50391546,0.12972555,0.36761096,0.00346131,0.01963865,0.02271946,81472,0.28759047,Minority
MA-7,104159,0.71774042,0.26189644,0.37178207,0.62821793,0.25290988,0.35056302,0.00302046,0.04338595,0.02188886,79127,0.45584398,Minority
MA-8,104040,0.51872761,0.45864253,0.87763286,0.12236714,0.02754837,0.04734988,0.00116619,0.03011876,0.01335174,84034,0.06008508,White
MA-9,99493,0.49499691,0.47314944,0.88814497,0.11185503,0.02392782,0.046454,0.00123894,0.01455442,0.01853405,79907,0.02184747,White
MA-10,98372,0.54918553,0.42487856,0.86189383,0.13810617,0.02807526,0.04413292,0.00098757,0.04297862,0.01278713,77969,0.12430697,White
MA-11,100256,0.57122256,0.4012724,0.68344658,0.31655342,0.07599767,0.1816845,0.00141981,0.03610365,0.01655596,78884,0.16995016,White
MA-12,101967,0.65469311,0.31807147,0.72755375,0.27244625,0.02640214,0.0403,0.00106419,0.17337489,0.00855156,78933,0.33662164,White
MA-13,103347,0.48660811,0.48758801,0.83052121,0.16947879,0.02712727,0.10447273,0.00099394,0.01876364,0.01635152,82500,-0.000979900000000034,White
MA-14,102860,0.53789822,0.43573188,0.8454979,0.1545021,0.02057892,0.05139801,0.00109672,0.02267378,0.01219948,81151,0.10216634,White
MA-15,104779,0.68721825,0.28979125,0.44149443,0.55850557,0.174185,0.28746008,0.00157879,0.09394396,0.01921061,82975,0.397427,Minority
MA-16,101739,0.67633782,0.30123201,0.63741975,0.36258025,0.1354573,0.14213204,0.00163537,0.06619019,0.01422168,82550,0.37510581,White
MA-17,103409,0.56486543,0.40505816,0.84335503,0.15664497,0.03785658,0.06386473,0.00153275,0.02855057,0.0128581,82205,0.15980727,White
MA-18,104500,0.66651067,0.30613766,0.7432911,0.2567089,0.03491761,0.08012141,0.00092744,0.06607728,0.01316487,83024,0.36037301,White
MA-19,99298,0.75253857,0.22194558,0.76298761,0.23701239,0.02729821,0.0349349,0.00113961,0.15358518,0.00834403,76342,0.53059299,White
MA-20,105239,0.75061448,0.22545807,0.64164732,0.35835268,0.05876818,0.11460345,0.00120983,0.0942075,0.01229378,81830,0.52515641,White
MA-21,102453,0.71169836,0.26421339,0.78998279,0.21001721,0.02485184,0.03819537,0.00082839,0.11442044,0.00743006,78465,0.44748497,White
MA-22,95655,0.56431039,0.41309179,0.76951282,0.23048718,0.04553758,0.05705011,0.00086738,0.10632006,0.00917323,76091,0.1512186,White
MA-23,101288,0.66825856,0.31139163,0.43410223,0.56589777,0.1023524,0.20389188,0.00227365,0.22585357,0.0122955,78728,0.35686693,Minority
MA-24,97985,0.57049736,0.40697018,0.80242504,0.19757496,0.03826223,0.0360485,0.00070437,0.10437211,0.00739585,79504,0.16352718,White
MA-25,98601,0.5926677,0.38481805,0.88433967,0.11566033,0.01729188,0.02736382,0.00086074,0.05122045,0.00689877,77840,0.20784965,White
MA-26,98107,0.71305083,0.27017583,0.18783051,0.81216949,0.124909,0.74894581,0.00395577,0.0250807,0.02446261,72805,0.442875,Hispanic
MA-27,102704,0.57238066,0.40590821,0.66437475,0.33562525,0.06738474,0.23461615,0.00163237,0.03587505,0.01435744,80864,0.16647245,White
MA-28,101594,0.60618334,0.36893029,0.91943059,0.08056941,0.01360263,0.02681591,0.00060835,0.01769072,0.01080423,82190,0.23725305,White
MA-29,105350,0.60975688,0.36679463,0.82069966,0.17930034,0.02706785,0.05266147,0.00091837,0.0834874,0.00674279,82755,0.24296225,White
MA-30,102886,0.66488605,0.31094546,0.90123901,0.09876099,0.01706788,0.03585093,0.0010435,0.02280115,0.01011119,83373,0.35394059,White
MA-31,98501,0.73163968,0.24652084,0.81886351,0.18113649,0.04501631,0.09969833,0.00128055,0.02875085,0.00949332,81215,0.48511884,White
MA-32,96100,0.53610415,0.44652604,0.80852421,0.19147579,0.03953477,0.07285875,0.00085446,0.03841249,0.00809825,78412,0.08957811,White
MA-33,98574,0.67820666,0.30274002,0.72842952,0.27157048,0.03936453,0.04139997,0.00071688,0.1606201,0.00642634,78116,0.37546664,White
MA-34,104587,0.68643116,0.29416987,0.41184935,0.58815065,0.15287525,0.38058515,0.00159035,0.07228505,0.02533195,79228,0.39226129,Minority
MA-35,103259,0.7295968,0.25347441,0.39067992,0.60932008,0.16805373,0.17490246,0.00105086,0.18142507,0.01244127,82789,0.47612239,Minority
MA-36,101555,0.73608906,0.24298138,0.70062788,0.29937212,0.08138933,0.05269965,0.00139921,0.13405371,0.00766626,85048,0.49310768,White
MA-37,96573,0.78659328,0.19165066,0.76242824,0.23757176,0.02748259,0.03734919,0.00082787,0.15565327,0.00640582,73683,0.59494262,White
MA-38,100547,0.73549031,0.24079962,0.6728794,0.3271206,0.06439814,0.11417787,0.00100494,0.12555944,0.00935999,85577,0.49469069,White
MA-39,101012,0.88537706,0.09415726,0.64988113,0.35011887,0.08751274,0.09344504,0.00147175,0.14079022,0.00949847,88330,0.7912198,White
MA-40,98436,0.91671577,0.06399855,0.57629372,0.42370628,0.10257721,0.08844117,0.00214768,0.2232222,0.00976114,88002,0.85271722,White
MA-41,96888,0.78941004,0.18673836,0.74047867,0.25952133,0.03881137,0.04576837,0.00104289,0.15826854,0.00506924,75751,0.60267168,White
MA-42,96627,0.84975615,0.13210725,0.68834717,0.31165283,0.03916799,0.0559487,0.00148295,0.20246117,0.00610089,76874,0.7176489,White
MA-43,102973,0.68488572,0.29980264,0.38747719,0.61252281,0.08195439,0.45048847,0.0014648,0.05620865,0.02086721,80557,0.38508308,Hispanic
MA-44,99166,0.73105645,0.24840764,0.62324818,0.37675182,0.05140266,0.2446149,0.0014111,0.06914393,0.01368888,82914,0.48264881,White
MA-45,98010,0.77157116,0.20609759,0.68981775,0.31018225,0.06507843,0.08195439,0.00120138,0.16161937,0.00644891,88232,0.56547357,White
MA-46,99302,0.83445516,0.13745495,0.62061565,0.37938435,0.06246477,0.09635812,0.00174507,0.20497507,0.00838933,92260,0.69700021,White
MA-47,98740,0.8878177,0.09396519,0.4823898,0.5176102,0.16051689,0.15146565,0.00200269,0.21199373,0.00996867,89380,0.79385251,Minority
MA-48,101503,0.80695691,0.1750576,0.58050771,0.41949229,0.20271067,0.15895714,0.00178144,0.06680389,0.01296356,83079,0.63189931,White
MA-49,98403,0.89909468,0.08686357,0.15219323,0.84780677,0.54743935,0.2680824,0.00319667,0.06293855,0.02208486,75391,0.81223111,Black
MA-50,99839,0.84431337,0.14180544,0.20844112,0.79155888,0.56820817,0.16029717,0.00220458,0.09240121,0.01512622,78473,0.70250793,Black
MA-51,97106,0.58147597,0.39087496,0.87696122,0.12303878,0.0297922,0.03240279,0.00085271,0.04175631,0.00783177,76228,0.19060101,White
MA-52,102560,0.6871078,0.28903386,0.83620657,0.16379343,0.03797517,0.04223717,0.00086771,0.06808988,0.00599742,78367,0.39807394,White
MA-53,99022,0.70924354,0.27269844,0.53857096,0.46142904,0.2665549,0.06451777,0.00118113,0.1096548,0.01117631,78738,0.4365451,White
MA-54,100877,0.66727639,0.3105243,0.76142145,0.23857855,0.09883751,0.04552045,0.00103022,0.0791743,0.00872507,78624,0.35675209,White
MA-55,101636,0.66491767,0.31299671,0.56755972,0.43244028,0.06936054,0.04637978,0.00120829,0.30302537,0.00724974,86072,0.35192096,White
MA-56,96580,0.59000037,0.38819523,0.77121026,0.22878974,0.05165849,0.04009506,0.00113718,0.1092073,0.00882909,78264,0.20180514,White
MA-57,98370,0.59387426,0.38239022,0.8523496,0.1476504,0.0474292,0.03226678,0.0007459,0.05000129,0.00868078,77758,0.21148404,White
MA-58,99739,0.52499773,0.45146326,0.85515813,0.14484187,0.04120231,0.04642319,0.00115462,0.03453815,0.01291416,79680,0.0735344700000001,White
MA-59,100516,0.53383592,0.44161355,0.81706922,0.18293078,0.08461078,0.04719709,0.001346,0.02104988,0.01174007,80238,0.09222237,White
MA-60,101079,0.60977148,0.37170628,0.62069009,0.37930991,0.12336587,0.20112892,0.00196223,0.01419434,0.02533065,78482,0.2380652,White
MA-61,98256,0.54793028,0.43368404,0.78331686,0.21668314,0.06724339,0.09462079,0.00163007,0.02714636,0.01338707,77911,0.11424624,White
MA-62,99858,0.51228481,0.46885348,0.8876708,0.1123292,0.03429354,0.03275511,0.00084795,0.01890929,0.00904884,82552,0.04343133,White
MA-63,98976,0.62011696,0.35793161,0.93605052,0.06394948,0.0106908,0.01660264,0.00095058,0.01759229,0.00687545,76795,0.26218535,White
MA-64,101072,0.5299101,0.44457441,0.86481639,0.13518361,0.05059195,0.02721481,0.00102839,0.02103191,0.00984499,79736,0.0853356900000001,White
MA-65,98390,0.77050574,0.21544128,0.30307384,0.69692616,0.49537379,0.11057247,0.00226946,0.02708582,0.01348248,74467,0.55506446,Black
MA-66,97227,0.48358342,0.49056806,0.88672204,0.11327796,0.0461853,0.02539297,0.00072843,0.01651118,0.01019808,78250,-0.00698463999999999,White
MA-67,102660,0.56179337,0.41325192,0.91084159,0.08915841,0.02219882,0.02150889,0.00085939,0.01506954,0.01067577,82617,0.14854145,White
MA-68,100852,0.58080253,0.39780072,0.88631126,0.11368874,0.03226413,0.02097639,0.00111702,0.01757831,0.01529724,85048,0.18300181,White
MA-69,102250,0.57936483,0.4019648,0.83170357,0.16829643,0.04516775,0.03654164,0.00153663,0.01913809,0.01728714,85902,0.17740003,White
MA-70,101624,0.69083953,0.28800739,0.8648237,0.1351763,0.04460409,0.03856821,0.00151181,0.01445882,0.01251506,87974,0.40283214,White
MD-1,102825,0.36975547,0.60958702,0.78938268,0.21061732,0.13632488,0.03508688,0.00114074,0.02060543,0.01713517,83279,-0.23983155,White
MD-2,97420,0.51418778,0.46213735,0.55272402,0.44727598,0.34855536,0.05375452,0.00133511,0.03149831,0.01939155,77147,0.05205043,White
MD-3,96511,0.42691837,0.54756921,0.74111421,0.25888579,0.16183827,0.06506791,0.0015706,0.0152969,0.01837211,75767,-0.12065084,White
MD-4,98969,0.47047348,0.4994875,0.82860493,0.17139507,0.07944238,0.04390847,0.00189394,0.0272753,0.01616935,77616,-0.02901402,White
MD-5,103725,0.35415701,0.62026463,0.8283353,0.1716647,0.08311688,0.04195613,0.00139191,0.01816939,0.02510408,80465,-0.26610762,White
MD-6,99485,0.56952467,0.40361446,0.57413782,0.42586218,0.30496695,0.06490413,0.00273542,0.03867548,0.02393822,76405,0.16591021,White
MD-7,104092,0.39679588,0.57381713,0.82699168,0.17300832,0.06598133,0.03783858,0.00145437,0.05046801,0.01494151,80447,-0.17702125,White
MD-8,101628,0.33163771,0.6391915,0.90348119,0.09651881,0.0259256,0.02401163,0.00085756,0.02117796,0.01718845,80461,-0.30755379,White
MD-9,98319,0.49289324,0.48551361,0.57820885,0.42179115,0.29085344,0.05362325,0.00111301,0.05811504,0.02263121,75471,0.00737963000000003,White
MD-10,95179,0.37859878,0.59712924,0.70941333,0.29058667,0.13414203,0.09795469,0.00138711,0.02710311,0.03406587,73534,-0.21853046,White
MD-11,102334,0.55250556,0.42092609,0.59802616,0.40197384,0.24181404,0.04466653,0.00102052,0.09865465,0.01589277,80351,0.13157947,White
MD-12,96888,0.69243851,0.27775597,0.62137284,0.37862716,0.25081595,0.05344485,0.00123668,0.06755826,0.01209904,78436,0.41468254,White
MD-13,103885,0.60921127,0.36198064,0.7138418,0.2861582,0.12263749,0.05612761,0.00104798,0.09632843,0.01108904,82063,0.24723063,White
MD-14,104679,0.83619396,0.14656432,0.25677897,0.74322103,0.61415578,0.06786884,0.00125412,0.06038062,0.01604792,82129,0.68962964,Black
MD-15,104417,0.83883913,0.14520569,0.24824861,0.75175139,0.64145746,0.05227992,0.00145845,0.05548353,0.01328813,80222,0.69363344,Black
MD-16,104553,0.63061293,0.33880341,0.55493858,0.44506142,0.24050741,0.07165162,0.00187118,0.11736188,0.01772761,82301,0.29180952,White
MD-17,95438,0.8258467,0.15530303,0.31783111,0.68216889,0.60169503,0.03975054,0.00106606,0.03354077,0.01307251,75043,0.67054367,Black
MD-18,98543,0.90822962,0.0709954,0.32910113,0.67089887,0.51752916,0.04574581,0.00126015,0.10297562,0.01421829,84117,0.83723422,Black
MD-19,95861,0.94193267,0.04079965,0.14751768,0.85248232,0.77128804,0.03206015,0.00121683,0.04858336,0.01371811,78072,0.90113302,Black
MD-20,95549,0.89203967,0.08560529,0.31141377,0.68858623,0.56879596,0.06926274,0.00108703,0.04578298,0.01606241,78195,0.80643438,Black
MD-21,98520,0.83997509,0.14026206,0.28370369,0.71629631,0.5495486,0.13678594,0.00127469,0.02386428,0.02114407,76097,0.69971303,Black
MD-22,101797,0.83581509,0.14122652,0.3675913,0.6324087,0.50637348,0.08089703,0.00145929,0.03694372,0.01862153,80176,0.69458857,Black
MD-23,101971,0.337868,0.62650497,0.8718093,0.1281907,0.04626366,0.03696342,0.00098752,0.02297557,0.01800045,79998,-0.28863697,White
MD-24,101740,0.4305913,0.53402917,0.82081946,0.17918054,0.04835676,0.03348753,0.00106753,0.0770531,0.01494548,78686,-0.10343787,White
MD-25,99207,0.67259325,0.29891652,0.54808332,0.45191668,0.10505462,0.03870005,0.00123482,0.29535247,0.00968858,73695,0.37367673,White
MD-26,103320,0.80079463,0.17159885,0.47425255,0.52574745,0.28508587,0.08874916,0.0018391,0.14486667,0.01808037,80474,0.62919578,Minority
MD-27,98970,0.71503715,0.2558587,0.43187738,0.56812262,0.26613574,0.09871678,0.00181369,0.19347888,0.01832786,73331,0.45917845,Minority
MD-28,101240,0.74175227,0.23267864,0.37459842,0.62540158,0.41560117,0.10780962,0.00273524,0.09806856,0.02113358,77507,0.50907363,Black
MD-29,101521,0.51835078,0.4530637,0.59605718,0.40394282,0.22983325,0.10000127,0.00248167,0.05374846,0.02675395,78979,0.06528708,White
MD-30,101893,0.42664089,0.54555473,0.75751586,0.24248414,0.12360258,0.05145281,0.00176251,0.04265284,0.02242169,79432,-0.11891384,White
MD-31,98782,0.55112935,0.41572916,0.71118256,0.28881744,0.14003109,0.05869614,0.00273685,0.07147697,0.01866638,75269,0.13540019,White
MD-32,103038,0.60003375,0.37403189,0.72354039,0.27645961,0.12643901,0.10197281,0.00130874,0.03165217,0.01697729,82522,0.22600186,White
MD-33,102908,0.45529584,0.52060843,0.77044498,0.22955502,0.14183528,0.03609387,0.00208526,0.02609729,0.02315265,79127,-0.06531259,White
MD-34,101215,0.4325474,0.53615702,0.7140365,0.2859635,0.16681855,0.05168329,0.0026818,0.04559065,0.02335512,76814,-0.10360962,White
MD-35,99245,0.53975035,0.43844268,0.56020002,0.43979998,0.3429695,0.04353205,0.00289085,0.03174727,0.03028882,76794,0.10130767,White
MD-36,98413,0.84186099,0.14016178,0.19329967,0.80670033,0.67353084,0.07276926,0.00167441,0.05865831,0.02527817,74056,0.70169921,Black
MD-37,94902,0.91268464,0.07034466,0.07379953,0.92620047,0.73336732,0.13489169,0.00219634,0.06015087,0.0183551,76491,0.84233998,Black
MD-38,95161,0.89801576,0.08493406,0.11718408,0.88281592,0.78717333,0.07374275,0.00213689,0.025218,0.02138221,75343,0.8130817,Black
MD-39,97735,0.94847046,0.03347633,0.02353636,0.97646364,0.86819375,0.10009189,0.00115516,0.01254923,0.01757679,76180,0.91499413,Black
MD-40,97051,0.94143672,0.04427782,0.0417183,0.9582817,0.88332442,0.05651147,0.00125233,0.02589457,0.01458445,76657,0.8971589,Black
MD-41,96662,0.92510777,0.05199882,0.04952467,0.95047533,0.73166007,0.20356633,0.0017447,0.02068909,0.02042807,72792,0.87310895,Black
MD-42,99760,0.88430403,0.09001361,0.10317795,0.89682205,0.42767777,0.43970068,0.00225677,0.03919654,0.03894578,75772,0.79429042,Hispanic
MD-43,100697,0.83586913,0.13446434,0.27420687,0.72579313,0.23854083,0.35863691,0.00152622,0.13076711,0.04190853,79936,0.70140479,Hispanic
MD-44,99356,0.85240423,0.12544093,0.20314378,0.79685622,0.55921095,0.17182228,0.00148658,0.06989491,0.02129035,77359,0.7269633,Black
MD-45,99142,0.82536529,0.14936151,0.20998199,0.79001801,0.47238819,0.22410866,0.0018922,0.09591882,0.02297852,77159,0.67600378,Black
MD-46,97283,0.77744073,0.19972106,0.35055916,0.64944084,0.53610425,0.06311147,0.00158439,0.04626414,0.01777156,75739,0.57771967,Black
MD-47,95276,0.90768073,0.07083058,0.36851062,0.63148938,0.32157906,0.22155745,0.00191778,0.08829885,0.02386419,74044,0.83685015,Minority
MD-48,100033,0.82446875,0.1529871,0.27360149,0.72639851,0.43057305,0.16633869,0.00153495,0.13121851,0.01849811,76224,0.67148165,Black
MD-49,100221,0.77570335,0.20255832,0.38992979,0.61007021,0.26947941,0.17970776,0.0018091,0.14992726,0.01667405,79045,0.57314503,Minority
MD-50,96069,0.80868179,0.16465374,0.34275952,0.65724048,0.1681405,0.35849108,0.00183148,0.12541516,0.02892093,73165,0.64402805,Hispanic
MD-51,100037,0.84614465,0.13233712,0.72185422,0.27814578,0.05715166,0.0800534,0.00152764,0.12463735,0.0086395,77898,0.71380753,White
MD-52,103599,0.77732495,0.19991781,0.58677239,0.41322761,0.08285697,0.09838343,0.00157354,0.2171123,0.0086545,81345,0.57740714,White
MD-53,95042,0.7762136,0.19792627,0.49385208,0.50614792,0.1166379,0.16096136,0.0017262,0.21666445,0.01629266,75310,0.57828733,Minority
MD-54,99884,0.71933022,0.25228834,0.40190464,0.59809536,0.19025351,0.25033495,0.00198345,0.15057139,0.02294759,76130,0.46704188,Minority
MD-55,104535,0.77139359,0.2035613,0.37568917,0.62431083,0.15987434,0.2066011,0.00203646,0.25153976,0.01702429,80532,0.56783229,Minority
MD-56,96452,0.7692325,0.20401119,0.2997813,0.7002187,0.25713505,0.20721706,0.00198196,0.23156096,0.01943685,73160,0.56522131,Minority
MD-57,97349,0.62800408,0.34568062,0.56532727,0.43467273,0.11675512,0.10608486,0.00148822,0.19939348,0.01554208,71226,0.28232346,White
MD-58,101436,0.61716536,0.3544956,0.67863916,0.32136084,0.14847404,0.10263218,0.00201016,0.05576626,0.01941895,79098,0.26266976,White
MD-59,99708,0.42278046,0.5467031,0.84166688,0.15833312,0.04843223,0.05146578,0.001556,0.03543503,0.01962656,76478,-0.12392264,White
MD-60,104010,0.54972092,0.42369271,0.60823293,0.39176707,0.19914659,0.1310241,0.00144327,0.04706325,0.02325552,79680,0.12602821,White
MD-61,94832,0.3229144,0.65573949,0.84466462,0.15533538,0.07192942,0.0430638,0.00126027,0.01882366,0.01982919,74587,-0.33282509,White
MD-62,96912,0.26893972,0.71106114,0.88448358,0.11551642,0.07139618,0.01316552,0.00099529,0.01113715,0.01616398,79374,-0.44212142,White
ME-1,97314,0.58340777,0.39032986,0.92915414,0.07084586,0.0115677,0.01664436,0.00088399,0.01630339,0.01612659,79186,0.19307791,White
ME-2,99832,0.62232689,0.35183107,0.91631743,0.08368257,0.01696974,0.01718839,0.00080172,0.02536351,0.01579146,82323,0.27049582,White
ME-3,95140,0.79385193,0.17665443,0.82983835,0.17016165,0.0767354,0.03180521,0.00148891,0.03907462,0.01448876,79924,0.6171975,White
ME-4,95720,0.64350726,0.32811711,0.92206568,0.07793432,0.01488952,0.01887986,0.00100727,0.01959012,0.01669744,77437,0.31539015,White
ME-5,97873,0.48519641,0.48303998,0.88607955,0.11392045,0.05374483,0.01647727,0.00127841,0.01309401,0.02222366,77440,0.00215643000000004,White
ME-6,98371,0.56703547,0.40283111,0.90797484,0.09202516,0.02523843,0.01709619,0.00109071,0.02291751,0.01705814,78848,0.16420436,White
ME-7,99453,0.53942143,0.43325119,0.93622906,0.06377094,0.00904051,0.01191593,0.00110874,0.00908925,0.0222845,82075,0.10617024,White
ME-8,100033,0.49741013,0.47142563,0.92117211,0.07882789,0.01227084,0.01741232,0.00103075,0.01536309,0.02425945,81494,0.0259845,White
ME-9,95085,0.53366289,0.43701004,0.93502785,0.06497215,0.0084386,0.01316779,0.00099428,0.0115489,0.02121123,78449,0.09665285,White
ME-10,94423,0.44162683,0.52709069,0.93820689,0.06179311,0.00676251,0.01103495,0.00077323,0.00798134,0.02432408,76303,-0.08546386,White
ME-11,99065,0.42300297,0.54691347,0.93388647,0.06611353,0.00788407,0.01093758,0.00118887,0.00954848,0.02570456,79908,-0.1239105,White
ME-12,94333,0.32543811,0.6507102,0.94031618,0.05968382,0.00636263,0.01081257,0.00089779,0.00684406,0.02578882,76855,-0.32527209,White
ME-13,97517,0.51941961,0.4431152,0.90815002,0.09184998,0.01801543,0.01677945,0.0010612,0.02221029,0.02890209,80098,0.07630441,White
ME-14,98200,0.39212015,0.58778697,0.92887328,0.07112672,0.00911656,0.01221393,0.00086526,0.00739858,0.03804627,79745,-0.19566682,White
MI-1,99684,0.38724109,0.59703581,0.91072373,0.08927627,0.01548996,0.01381803,0.00108184,0.01558831,0.0371882,81343,-0.20979472,White
MI-2,99195,0.49933768,0.48226243,0.86138345,0.13861655,0.02105458,0.01666564,0.00100142,0.00907461,0.08405761,80885,0.01707525,White
MI-3,102725,0.34642443,0.63918886,0.86158732,0.13841268,0.03457333,0.01288143,0.00089537,0.00614823,0.07917482,83764,-0.29276443,White
MI-4,101536,0.38879426,0.59557124,0.92361422,0.07638578,0.0061389,0.01381252,0.00165557,0.00662228,0.03916569,82751,-0.20677698,White
MI-5,97228,0.5177542,0.46732897,0.91634195,0.08365805,0.00870785,0.02637415,0.00095223,0.0105246,0.02777743,79813,0.05042523,White
MI-6,96368,0.39169119,0.59235979,0.90566355,0.09433645,0.015251,0.02939048,0.00111151,0.00801323,0.03309983,77372,-0.2006686,White
MI-7,101712,0.33530773,0.64999757,0.93467379,0.06532621,0.00623012,0.01119981,0.00094832,0.00609807,0.0326391,83305,-0.31468984,White
MI-8,100840,0.32489288,0.66175381,0.93906018,0.06093982,0.00613081,0.01574289,0.00081982,0.00607141,0.02350146,84165,-0.33686093,White
MI-9,99372,0.32171003,0.66439958,0.93528283,0.06471717,0.00629491,0.01637679,0.00048905,0.00476507,0.02831454,79747,-0.34268955,White
MI-10,99980,0.49218781,0.48868309,0.84839129,0.15160871,0.03929902,0.0361866,0.00157496,0.0318367,0.03747406,80002,0.00350472000000002,White
MI-11,103856,0.43408925,0.54964856,0.89784539,0.10215461,0.0215581,0.04488266,0.00032445,0.00805124,0.0219186,83217,-0.11555931,White
MI-12,97437,0.30903121,0.67343246,0.92064388,0.07935612,0.01645156,0.02196605,0.00055145,0.00840303,0.02518283,76163,-0.36440125,White
MI-13,95747,0.30919527,0.67457096,0.89105365,0.10894635,0.02163426,0.04568718,0.00101557,0.00688181,0.02637803,74835,-0.36537569,White
MI-14,99354,0.37832597,0.60397142,0.88023866,0.11976134,0.01466172,0.05807243,0.00065279,0.00750712,0.02970207,76594,-0.22564545,White
MI-15,99126,0.59082519,0.39121508,0.67369432,0.32630568,0.23171792,0.05495333,0.00110348,0.01129445,0.0273793,77029,0.19961011,White
MI-16,95746,0.53635209,0.4491833,0.72581796,0.27418204,0.1764496,0.05140335,0.00077964,0.02045563,0.02013849,75676,0.0871687899999999,White
MI-17,98552,0.49876477,0.48276047,0.77023082,0.22976918,0.02681873,0.14173576,0.0012845,0.04128553,0.02133043,77073,0.0160043,White
MI-18,99256,0.30667155,0.67505104,0.83942172,0.16057828,0.02787205,0.07454371,0.00098875,0.03904225,0.01565966,74842,-0.36837949,White
MI-19,98392,0.34384091,0.6392637,0.91543161,0.08456839,0.01490162,0.03150243,0.00110582,0.01525225,0.01527922,74153,-0.29542279,White
MI-20,102936,0.54939903,0.43208017,0.8589869,0.1410131,0.05449345,0.03619098,0.0010412,0.03142406,0.01481509,79716,0.11731886,White
MI-21,102306,0.56667418,0.41051227,0.7605563,0.2394437,0.09169845,0.1007616,0.00168018,0.02424607,0.02458946,81539,0.15616191,White
MI-22,99337,0.59206089,0.38640524,0.52190374,0.47809626,0.16277053,0.28148576,0.00158324,0.02494631,0.03216036,72636,0.20565565,White
MI-23,96730,0.56403452,0.41736841,0.60852898,0.39147102,0.18240727,0.10201492,0.00106408,0.09456639,0.0190306,73303,0.14666611,White
MI-24,98370,0.64107978,0.33946395,0.73091489,0.26908511,0.15186376,0.05439548,0.00077819,0.04774195,0.01542113,77102,0.30161583,White
MI-25,97433,0.35185278,0.62856999,0.91714704,0.08285296,0.01091288,0.03349171,0.00049293,0.01029672,0.01804664,73033,-0.27671721,White
MI-26,95364,0.56573495,0.41811484,0.78996686,0.21003314,0.08896461,0.05244174,0.00111805,0.04420279,0.02104324,75131,0.14762011,White
MI-27,101555,0.54835287,0.43104698,0.75893155,0.24106845,0.12170284,0.06247592,0.00107872,0.03242584,0.02468216,77870,0.11730589,White
MI-28,103997,0.7349293,0.24520384,0.61513902,0.38486098,0.19300231,0.10813419,0.00169164,0.0634724,0.02800743,83942,0.48972546,White
MI-29,100876,0.64170969,0.34318561,0.77587345,0.22412655,0.0726605,0.04293138,0.0011522,0.08814316,0.01620279,83319,0.29852408,White
MI-30,102145,0.33832588,0.64271047,0.91877665,0.08122335,0.01185641,0.03044452,0.00098698,0.00764276,0.02216908,79029,-0.30438459,White
MI-31,104755,0.32228586,0.6596746,0.89518557,0.10481443,0.03050044,0.04197513,0.00077732,0.00542888,0.01956865,81048,-0.33738874,White
MI-32,102113,0.33883099,0.64141945,0.86181416,0.13818584,0.06641663,0.04231142,0.00100594,0.00553886,0.0174859,80522,-0.30258846,White
MI-33,99038,0.36436686,0.61679135,0.82806128,0.17193872,0.06307164,0.04827817,0.00154367,0.02377246,0.02795323,77737,-0.25242449,White
MI-34,97768,0.39409235,0.58906903,0.83996404,0.16003596,0.04076263,0.07036611,0.00117674,0.00786694,0.03530205,75633,-0.19497668,White
MI-35,100510,0.33025708,0.6514184,0.86346541,0.13653459,0.03254533,0.05292142,0.0012223,0.02960376,0.01743452,74450,-0.32116132,White
MI-36,97561,0.39474917,0.58486217,0.88436883,0.11563117,0.021785,0.04979236,0.00069884,0.00963593,0.02507761,74409,-0.190113,White
MI-37,100701,0.70100849,0.27752438,0.67492245,0.32507755,0.20074052,0.06679676,0.00108826,0.03184729,0.02641849,79944,0.42348411,White
MI-38,103160,0.58675992,0.39435875,0.79480435,0.20519565,0.09309084,0.04133474,0.00101458,0.04798587,0.02055464,79836,0.19240117,White
MI-39,102691,0.3346142,0.64764149,0.91770408,0.08229592,0.01988828,0.02355785,0.00062621,0.00771485,0.0235829,79846,-0.31302729,White
MI-40,101817,0.31809821,0.66426454,0.86733485,0.13266515,0.03225513,0.06142532,0.00074195,0.01000976,0.02198503,76825,-0.34616633,White
MI-41,100639,0.49077483,0.4904769,0.73519502,0.26480498,0.14662434,0.05369962,0.00103667,0.03614099,0.02688869,77170,0.000297930000000002,White
MI-42,99427,0.497595,0.48470588,0.8011306,0.1988694,0.12120511,0.03402068,0.00078371,0.0150061,0.024462,77835,0.01288912,White
MI-43,99423,0.39191367,0.59094316,0.8571283,0.1428717,0.034629,0.06992027,0.00050944,0.00836751,0.02605772,78518,-0.19902949,White
MI-44,95097,0.65393196,0.33215052,0.53442268,0.46557732,0.32721436,0.11118428,0.00107014,0.01360992,0.02149874,72888,0.32178144,White
MI-45,95027,0.36088409,0.62456471,0.88360452,0.11639548,0.03687464,0.03884252,0.00059433,0.01780337,0.01649585,75716,-0.26368062,White
MI-46,103235,0.33057358,0.65278275,0.91540125,0.08459875,0.02242936,0.02145204,0.00079407,0.01070159,0.02205065,81857,-0.32220917,White
MI-47,101256,0.79350904,0.19454595,0.3909951,0.6090049,0.53937003,0.04275478,0.00102928,0.00818147,0.02509864,75781,0.59896309,Black
MI-48,100582,0.55763159,0.42794541,0.73384199,0.26615801,0.17662466,0.03237929,0.00064531,0.02965887,0.02337028,79032,0.12968618,White
MI-49,100833,0.45736227,0.52743924,0.85092102,0.14907898,0.06932879,0.03382538,0.00089579,0.00915973,0.02876609,79260,-0.07007697,White
MI-50,103540,0.42014343,0.56409489,0.90449191,0.09550809,0.02581993,0.02625984,0.00069651,0.0093724,0.02533115,81836,-0.14395146,White
MI-51,98942,0.28718773,0.6993732,0.93446048,0.06553952,0.00713494,0.02674328,0.00042045,0.00484157,0.01860181,78487,-0.41218547,White
MI-52,97279,0.30821775,0.676991,0.90600444,0.09399556,0.01475459,0.03697739,0.0007663,0.00667593,0.02549582,76993,-0.36877325,White
MI-53,98615,0.28247491,0.70301475,0.90832675,0.09167325,0.02784075,0.0284266,0.000675,0.00508164,0.02084872,78518,-0.42053984,White
MI-54,101814,0.38848972,0.59413459,0.88924145,0.11075855,0.04107561,0.03087203,0.00067194,0.01034045,0.02198746,80364,-0.20564487,White
MI-55,99680,0.3670354,0.61546971,0.92692175,0.07307825,0.00731423,0.02382569,0.00139624,0.00726299,0.02390255,78067,-0.24843431,White
MI-56,94892,0.36674565,0.61800801,0.92297054,0.07702946,0.00798894,0.02492011,0.00122184,0.0133328,0.02153656,74478,-0.25126236,White
MI-57,98624,0.40446051,0.57907944,0.88295999,0.11704001,0.03608744,0.03720554,0.00050121,0.01078254,0.02581897,77811,-0.17461893,White
MI-58,95583,0.64652568,0.34085343,0.61311895,0.38688105,0.18148741,0.02737813,0.00070463,0.16323106,0.01104349,78055,0.30567225,White
MI-59,95579,0.82684828,0.16520746,0.31061216,0.68938784,0.62996028,0.02109915,0.00097066,0.03230009,0.01278465,78297,0.66164082,Black
MI-60,102845,0.37756618,0.60579906,0.8689345,0.1310655,0.05268635,0.03370787,0.00080522,0.00968745,0.02712981,80723,-0.22823288,White
MI-61,100655,0.32643292,0.66017033,0.90684792,0.09315208,0.01555938,0.03300785,0.00056162,0.01673368,0.01890357,78345,-0.33373741,White
MI-62,104417,0.45437613,0.53380932,0.80630288,0.19369712,0.07689657,0.02373087,0.00091501,0.07463875,0.01267944,84152,-0.07943319,White
MI-63,104573,0.38094596,0.60805614,0.83999621,0.16000379,0.04061763,0.02432314,0.00067597,0.078057,0.01138479,84323,-0.22711018,White
MI-64,104451,0.38678876,0.6025045,0.85038967,0.14961033,0.06324624,0.02562822,0.00076185,0.03977869,0.01346356,80068,-0.21571574,White
MI-65,103405,0.51764769,0.46784858,0.7406096,0.2593904,0.18845399,0.02604192,0.0008254,0.02341021,0.01838605,83596,0.04979911,White
MI-66,96512,0.38754947,0.59871637,0.86745393,0.13254607,0.06485313,0.02438899,0.00079669,0.01604945,0.02085529,77822,-0.2111669,White
MI-67,94839,0.57802251,0.4078712,0.68171059,0.31828941,0.25392942,0.02236643,0.00070477,0.01757932,0.01999947,75202,0.17015131,White
MI-68,97250,0.51598278,0.46938307,0.74065959,0.25934041,0.17480269,0.0215124,0.00099938,0.03668255,0.0226271,78048,0.04659971,White
MI-69,96867,0.57568082,0.40966359,0.6316966,0.3683034,0.19813008,0.02327539,0.00103884,0.12341215,0.01881756,76046,0.16601723,White
MI-70,100615,0.6346842,0.3490289,0.83930874,0.16069126,0.04305603,0.03248128,0.00088714,0.06478513,0.0138631,84541,0.2856553,White
MI-71,103590,0.72151818,0.26401461,0.67571225,0.32428775,0.23228638,0.0295374,0.00064723,0.04081104,0.0196053,84977,0.45750357,White
MI-72,103436,0.51104458,0.47693141,0.74663528,0.25336472,0.0426691,0.0379856,0.00076415,0.15265727,0.01278101,81136,0.03411317,White
MI-73,101118,0.55507358,0.43465779,0.72602934,0.27397066,0.04045291,0.02613227,0.00059187,0.19298765,0.00837622,77720,0.12041579,White
MI-74,99406,0.58252283,0.40849247,0.7498932,0.2501068,0.11462495,0.02211333,0.00085438,0.09670813,0.00879507,79590,0.17403036,White
MI-75,100770,0.55450612,0.43339777,0.66455401,0.33544599,0.09102961,0.03763651,0.00092166,0.18894009,0.01285272,79205,0.12110835,White
MI-76,96864,0.39671801,0.58879132,0.90379567,0.09620433,0.01715403,0.02706321,0.00077436,0.01907024,0.02207581,76192,-0.19207331,White
MI-77,101802,0.43340825,0.55007224,0.8484559,0.1515441,0.04713308,0.05349326,0.00061667,0.02123286,0.02251457,82702,-0.11666399,White
MI-78,99714,0.40581603,0.57868379,0.87540044,0.12459956,0.02431306,0.03935408,0.00049486,0.0355515,0.01768459,76790,-0.17286776,White
MI-79,96842,0.69542523,0.28979397,0.42302187,0.57697813,0.35731389,0.13850579,0.00121731,0.06846365,0.0220721,74755,0.40563126,Minority
MI-80,102405,0.42740566,0.55737558,0.90250886,0.09749114,0.01387505,0.02440747,0.00070637,0.03013408,0.01810063,79279,-0.12996992,White
MI-81,96016,0.72961182,0.25688628,0.75330709,0.24669291,0.06759843,0.04448819,0.00175853,0.11304462,0.01667979,76200,0.47272554,White
MI-82,97837,0.77506034,0.20927192,0.57076734,0.42923266,0.27456028,0.0639512,0.00185145,0.06935339,0.02392939,78857,0.56578842,White
MI-83,96406,0.87906995,0.11173952,0.67293599,0.32706401,0.06593459,0.0490596,0.00179067,0.19590636,0.01018666,84326,0.76733043,White
MI-84,102258,0.53905684,0.44738906,0.7984895,0.2015105,0.06135772,0.03264102,0.00065405,0.08723606,0.01416707,81033,0.09166778,White
MI-85,102945,0.46361612,0.52245958,0.82044958,0.17955042,0.06732681,0.04909323,0.00083438,0.032737,0.02401286,81498,-0.05884346,White
MI-86,102083,0.52633608,0.45760392,0.75339244,0.24660756,0.0741288,0.12580963,0.00131757,0.0156631,0.03173255,81210,0.06873216,White
MI-87,101922,0.52413233,0.46072661,0.70996302,0.29003698,0.14617742,0.08940875,0.00120326,0.02460989,0.02821968,78952,0.0634057200000001,White
MI-88,96036,0.70882512,0.27796427,0.85186424,0.14813576,0.04872906,0.03305316,0.00061075,0.04683865,0.00898674,68768,0.43086085,White
MI-89,95467,0.58209493,0.4036972,0.81590154,0.18409846,0.0895629,0.04390231,0.00108519,0.02609962,0.01921756,72798,0.17839773,White
MI-90,100118,0.56455126,0.41991747,0.69446503,0.30553497,0.19311895,0.0381718,0.00091385,0.04579135,0.02543964,80976,0.14463379,White
MI-91,97809,0.71101147,0.27635036,0.45146168,0.54853832,0.47038689,0.03559965,0.00125191,0.02172205,0.02489179,75085,0.43466111,Black
MI-92,98659,0.61279273,0.37584761,0.63572137,0.36427863,0.11462592,0.03365747,0.00085996,0.19686446,0.01551895,75585,0.23694512,White
MI-93,95535,0.50184706,0.48339227,0.85641974,0.14358026,0.05293893,0.03020528,0.00065026,0.03822517,0.01691955,78430,0.01845479,White
MI-94,99545,0.8237671,0.16445441,0.26995572,0.73004428,0.68633828,0.02306778,0.00062698,0.00960069,0.01867889,76557,0.65931269,Black
MI-95,99883,0.93924698,0.05222628,0.1041251,0.8958749,0.84542108,0.04150392,0.00122236,0.00685644,0.01440133,71174,0.8870207,Black
MI-96,99672,0.95688613,0.03649621,0.04300348,0.95699652,0.93964172,0.01020488,0.00087099,0.00435495,0.01227185,76924,0.92038992,Black
MI-97,101870,0.94904679,0.04069352,0.12270651,0.87729349,0.82779151,0.01721211,0.00129809,0.02900721,0.01370479,80118,0.90835327,Black
MI-98,100636,0.92818436,0.06324922,0.21165324,0.78834676,0.63036662,0.01167524,0.00086636,0.14138178,0.01184026,72718,0.86493514,Black
MI-99,102141,0.82084704,0.16928139,0.22578563,0.77421437,0.74422795,0.01433431,0.00079336,0.01184665,0.01129533,74367,0.65156565,Black
MI-100,101448,0.77667939,0.2140967,0.37109461,0.62890539,0.58003736,0.02131216,0.00081119,0.0216563,0.01258573,81362,0.56258269,Black
MI-101,99329,0.86036897,0.12899976,0.22905075,0.77094925,0.37653016,0.37718395,0.00169708,0.01375751,0.0331627,71888,0.73136921,Hispanic
MN-1,95235,0.41089885,0.56686328,0.84484059,0.15515941,0.03208183,0.05098949,0.00149383,0.04293702,0.02242172,70289,-0.15596443,White
MN-2,98650,0.43959315,0.53674757,0.87496557,0.12503443,0.03102793,0.03525588,0.00104666,0.0358343,0.01488735,72612,-0.09715442,White
MN-3,99643,0.56313894,0.41113981,0.69088984,0.30911016,0.10903143,0.07623921,0.0019545,0.10208209,0.01837776,73676,0.15199913,White
MN-4,97969,0.56618238,0.40951001,0.75404753,0.24595247,0.08669941,0.06724384,0.00146809,0.07005653,0.01590198,72884,0.15667237,White
MN-5,97137,0.56323461,0.41176066,0.7833996,0.2166004,0.05959643,0.08082348,0.00152497,0.05323784,0.0195387,73444,0.15147395,White
MN-6,102176,0.63625616,0.33876211,0.75367762,0.24632238,0.07834742,0.07255086,0.00145227,0.07750861,0.0172144,79875,0.29749405,White
MN-7,104248,0.58708057,0.39031679,0.74285935,0.25714065,0.0791776,0.0457259,0.00123514,0.11328547,0.01505327,77724,0.19676378,White
MN-8,104198,0.53012898,0.44614512,0.83427834,0.16572166,0.04790412,0.04139877,0.00174657,0.05009366,0.01942743,79012,0.08398386,White
MN-9,100457,0.50022821,0.47685918,0.88920823,0.11079177,0.02322329,0.02871476,0.00085965,0.03556628,0.0153325,77939,0.02336903,White
MN-10,101144,0.62765447,0.3467236,0.75545262,0.24454738,0.07730853,0.04913667,0.00135053,0.09865199,0.01664815,79228,0.28093087,White
MN-11,98346,0.66825198,0.30832199,0.69298741,0.30701259,0.09442589,0.05594657,0.00160545,0.13575649,0.01896995,77860,0.35992999,White
MN-12,103895,0.72166743,0.25331592,0.36674404,0.63325596,0.17546841,0.11860941,0.00226607,0.32131211,0.03082684,72372,0.46835151,Minority
MN-13,103963,0.8008834,0.17555938,0.50151353,0.49848647,0.22068325,0.09620472,0.00180606,0.16278744,0.02963472,78624,0.62532402,White
MN-14,103669,0.83326117,0.14544414,0.77026447,0.22973553,0.10344708,0.04710888,0.00163484,0.05703387,0.01814556,86247,0.68781703,White
MN-15,101427,0.60610948,0.36681231,0.68914881,0.31085119,0.1420107,0.07773204,0.00125685,0.06372719,0.02697087,77973,0.23929717,White
MN-16,102790,0.50120422,0.47349888,0.80366574,0.19633426,0.05749621,0.03829159,0.00147728,0.07595566,0.01957067,76492,0.02770534,White
MN-17,99844,0.44327309,0.53104083,0.845867,0.154133,0.05724449,0.02911813,0.00105788,0.04093993,0.01924018,75623,-0.08776774,White
MN-18,100961,0.30679017,0.66999597,0.91814942,0.08185058,0.00989803,0.01758493,0.00096249,0.02356797,0.01921076,76884,-0.3632058,White
MN-19,99991,0.83431942,0.14083122,0.72665632,0.27334368,0.08430036,0.05932623,0.00136059,0.10948815,0.0203189,88932,0.6934882,White
MN-20,101308,0.79851573,0.17276276,0.36396724,0.63603276,0.37735004,0.10867222,0.00201582,0.12876041,0.03866452,71435,0.62575297,Black
MN-21,98604,0.88192396,0.09450655,0.4620782,0.5379218,0.301081,0.14566236,0.00162398,0.05954181,0.04826073,80666,0.78741741,Minority
MN-22,101526,0.86958223,0.11062786,0.74043736,0.25956264,0.10901656,0.08568971,0.00160832,0.03613106,0.03009675,80208,0.75895437,White
MN-23,98756,0.83450577,0.14496407,0.79351238,0.20648762,0.06118785,0.06678147,0.0016732,0.05764604,0.01718389,81879,0.6895417,White
MN-24,96584,0.64399431,0.33221186,0.71286272,0.28713728,0.10087595,0.09056614,0.00143407,0.07306013,0.02125268,77402,0.31178245,White
MN-25,98483,0.66575644,0.31091637,0.46989723,0.53010277,0.28129204,0.06726488,0.00148399,0.1665534,0.01722536,72103,0.35484007,Minority
MN-26,95932,0.71790769,0.2558972,0.76343836,0.23656164,0.11551296,0.04907134,0.00164261,0.05045527,0.01896115,77316,0.46201049,White
MN-27,97160,0.71182026,0.26676681,0.79156796,0.20843204,0.07345993,0.03992078,0.00113911,0.07606177,0.01348815,77253,0.44505345,White
MN-28,100043,0.63038615,0.34769126,0.79131871,0.20868129,0.05453231,0.03537824,0.00107129,0.10166888,0.01155182,77477,0.28269489,White
MN-29,99299,0.63284755,0.34600821,0.78327607,0.21672393,0.06286381,0.0328126,0.00116679,0.1046088,0.01235496,77135,0.28683934,White
MN-30,96860,0.54723569,0.42799871,0.81136191,0.18863809,0.06535877,0.02957674,0.00104325,0.07309506,0.01541838,73808,0.11923698,White
MN-31,97019,0.47157216,0.50664487,0.90054252,0.09945748,0.01684956,0.02832857,0.00086093,0.03402709,0.01249026,73177,-0.03507271,White
MN-32,99028,0.47973236,0.49600494,0.87541189,0.12458811,0.02242614,0.04194647,0.00107056,0.04254432,0.01098366,71925,-0.01627258,White
MN-33,101453,0.3677009,0.60778685,0.89894719,0.10105281,0.02539532,0.02994312,0.00086227,0.02208531,0.01456128,71903,-0.24008595,White
MN-34,99385,0.29275432,0.68352134,0.92331581,0.07668419,0.00909115,0.03990816,0.00098211,0.00877263,0.01228964,75348,-0.39076702,White
MN-35,101655,0.52764398,0.44832471,0.79835655,0.20164345,0.06986619,0.04635466,0.00114019,0.06689121,0.01342018,76303,0.07931927,White
MN-36,101221,0.52698021,0.44968855,0.80485985,0.19514015,0.04526685,0.06627304,0.00330593,0.06427919,0.01274778,77739,0.0772916599999999,White
MN-37,99300,0.43346842,0.54410958,0.93018363,0.06981637,0.01389952,0.02373119,0.00079061,0.01488141,0.0117572,78420,-0.11064116,White
MN-38,99802,0.47398125,0.50049952,0.85962594,0.14037406,0.03492834,0.0553212,0.00167717,0.02218439,0.01860134,78704,-0.02651827,White
MN-39,101525,0.35908987,0.61659071,0.87205273,0.12794727,0.03105834,0.06488904,0.00116387,0.01217487,0.01452876,76469,-0.25750084,White
MN-40,95937,0.34373902,0.63390232,0.89955935,0.10044065,0.00978917,0.05633516,0.00107111,0.01610738,0.01267711,73755,-0.2901633,White
MN-41,98844,0.32120206,0.65821034,0.83704544,0.16295456,0.01522653,0.10986855,0.00194836,0.02455461,0.01562688,74935,-0.33700828,White
MN-42,99326,0.3191692,0.66125628,0.88707943,0.11292057,0.01582056,0.04820492,0.00311899,0.01927135,0.02582786,75345,-0.34208708,White
MN-43,103396,0.47447037,0.49581177,0.79156454,0.20843546,0.11324756,0.03591613,0.00133352,0.03820216,0.01827557,78739,-0.0213414,White
MN-44,96275,0.26590909,0.71488905,0.93343818,0.06656182,0.0145651,0.03086707,0.00053337,0.0083151,0.00893053,73120,-0.44897996,White
MN-45,103115,0.34184013,0.63732727,0.87991953,0.12008047,0.02421727,0.06727868,0.00173162,0.00930748,0.01464241,78539,-0.29548714,White
MN-46,99087,0.32735619,0.65383726,0.9364564,0.0635436,0.01099,0.02311379,0.00094053,0.00798804,0.01422387,77616,-0.32648107,White
MN-47,97765,0.33386362,0.64522019,0.91219683,0.08780317,0.00791845,0.01547329,0.00129281,0.0061543,0.0527627,74257,-0.31135657,White
MN-48,101064,0.45695913,0.51962469,0.84640166,0.15359834,0.03901432,0.04118397,0.00136754,0.01480624,0.05568778,76049,-0.06266556,White
MN-49,101082,0.37281727,0.60502667,0.84050968,0.15949032,0.01292392,0.02114588,0.0012859,0.01214459,0.10831417,76989,-0.2322094,White
MN-50,101428,0.27228007,0.70892941,0.92358855,0.07641145,0.00761045,0.02643831,0.00135581,0.00621626,0.02953365,78182,-0.43664934,White
MN-51,96189,0.34326571,0.63795286,0.91591841,0.08408159,0.00715953,0.01038988,0.00063289,0.0073573,0.04844218,75843,-0.29468715,White
MN-52,101529,0.33435875,0.64283684,0.91080685,0.08919315,0.01883739,0.01849604,0.00088498,0.01284483,0.02854687,79098,-0.30847809,White
MN-53,103921,0.42900242,0.54962914,0.91821714,0.08178286,0.01085838,0.0106647,0.00095631,0.00635524,0.04497089,82609,-0.12062672,White
MN-54,103675,0.65764103,0.31712784,0.87224263,0.12775737,0.03734155,0.01908542,0.00145717,0.02111124,0.04300438,84410,0.34051319,White
MN-55,102423,0.49825007,0.47955805,0.9082552,0.0917448,0.01303325,0.01027786,0.00117043,0.00732739,0.05214518,82021,0.01869202,White
MN-56,97183,0.32483996,0.65133424,0.89259145,0.10740855,0.03709867,0.0244015,0.00139837,0.01819275,0.01813682,71512,-0.32649428,White
MN-57,103566,0.50659707,0.46667029,0.85768698,0.14231302,0.05244271,0.0413712,0.00127371,0.0304589,0.01359444,81651,0.03992678,White
MO-1,101102,0.92082882,0.06661848,0.22853931,0.77146069,0.67228394,0.02762297,0.00116053,0.06297071,0.01283834,82721,0.85421034,Black
MO-2,100736,0.84314828,0.13950808,0.40033312,0.59966688,0.47356952,0.06647381,0.00115215,0.04414472,0.02234161,79851,0.7036402,Black
MO-3,99740,0.73836686,0.24237829,0.76341277,0.23658723,0.11903501,0.04308326,0.00128273,0.04975581,0.01932333,84975,0.49598857,White
MO-4,99266,0.88359856,0.10412324,0.14090111,0.85909889,0.83279827,0.0136648,0.0007683,0.00633849,0.01371968,72888,0.77947532,Black
MO-5,100014,0.76306758,0.22175716,0.37695388,0.62304612,0.57067562,0.02079835,0.00082677,0.01582483,0.01767214,77410,0.54131042,Black
MO-6,101883,0.81775721,0.1667512,0.37034228,0.62965772,0.51930226,0.05050292,0.0011687,0.04536808,0.0183387,80431,0.65100601,Black
MO-7,100793,0.62371739,0.35767391,0.57947463,0.42052537,0.26074339,0.05940094,0.00140049,0.0738979,0.02369477,79258,0.26604348,White
MO-8,98198,0.56915869,0.41466354,0.76263921,0.23736079,0.08256928,0.03315203,0.00104895,0.1034965,0.01162911,77220,0.15449515,White
MO-9,100585,0.51210248,0.47211168,0.80392902,0.19607098,0.03668098,0.03042393,0.00060797,0.11060025,0.01338805,78951,0.0399908000000001,White
MO-10,100805,0.41087618,0.57416462,0.8673034,0.1326966,0.02571731,0.02505187,0.00065239,0.05735833,0.01688391,76641,-0.16328844,White
MO-11,100544,0.6862035,0.29694097,0.80976238,0.19023762,0.08396956,0.03019825,0.00100955,0.05714069,0.0136542,79243,0.38926253,White
MO-12,103206,0.54883472,0.43339352,0.88630783,0.11369217,0.0274597,0.02406827,0.00076581,0.03826611,0.01724892,82266,0.1154412,White
MO-13,98831,0.45349488,0.53058862,0.88020332,0.11979668,0.03359602,0.02685184,0.00108656,0.03333375,0.01870886,80069,-0.07709374,White
MO-14,102592,0.46627181,0.51264569,0.81924507,0.18075493,0.07442213,0.04412384,0.00146799,0.03395623,0.02167086,83107,-0.04637388,White
MO-15,100277,0.41770664,0.56375027,0.8640231,0.1359769,0.04799487,0.0275008,0.00114212,0.03172281,0.0205454,77925,-0.14604363,White
MO-16,100710,0.39137311,0.59251031,0.83991384,0.16008616,0.05090914,0.03414458,0.0010436,0.04658755,0.02093898,74741,-0.2011372,White
MO-17,101683,0.34118661,0.64111271,0.87563465,0.12436535,0.05013094,0.02608091,0.00158997,0.01899952,0.02227299,74844,-0.2999261,White
MO-18,102021,0.54195538,0.43278746,0.80446927,0.19553073,0.08266179,0.03330944,0.00126069,0.05229396,0.02172838,80908,0.10916792,White
MO-19,102796,0.51938065,0.45307188,0.76649428,0.23350572,0.12053018,0.04015625,0.00226025,0.04067218,0.02760205,81407,0.06630877,White
MO-20,100355,0.30215841,0.67899134,0.84289165,0.15710835,0.08687274,0.02524474,0.00181145,0.01440171,0.02444821,77838,-0.37683293,White
MO-21,95106,0.24005064,0.74002954,0.90006002,0.09993998,0.02428709,0.02477562,0.00082353,0.00769091,0.03220133,71643,-0.4999789,White
MO-22,96736,0.82429054,0.1572384,0.41312899,0.58687101,0.26247426,0.24417868,0.00357727,0.06135488,0.03272348,75756,0.66705214,Minority
MO-23,98136,0.75042635,0.22945918,0.38907719,0.61092281,0.50095617,0.0724846,0.00325759,0.01607692,0.02879074,75823,0.52096717,Black
MO-24,98726,0.72956302,0.25211139,0.7314095,0.2685905,0.14142196,0.0658873,0.00170461,0.0372233,0.02513389,82717,0.47745163,White
MO-25,99160,0.71812128,0.26344792,0.3886412,0.6113588,0.50321846,0.06573794,0.00220888,0.02417573,0.02725191,73793,0.45467336,Black
MO-26,99283,0.48642207,0.493516,0.7998933,0.2001067,0.09214457,0.04758602,0.00245399,0.02754068,0.02854094,74980,-0.00709393000000003,White
MO-27,98290,0.36812404,0.61285495,0.85026812,0.14973188,0.0468655,0.04294046,0.00421527,0.01633589,0.03448228,72356,-0.24473091,White
MO-28,98790,0.46211426,0.51533298,0.75062247,0.24937753,0.0908808,0.09230729,0.00949269,0.01899834,0.03956583,77112,-0.0532187200000001,White
MO-29,98523,0.52588734,0.45214901,0.73544058,0.26455942,0.09862662,0.09407926,0.00672276,0.02770352,0.03789904,76308,0.07373833,White
MO-30,95923,0.45930143,0.52079273,0.81711844,0.18288156,0.06687385,0.05323435,0.00294947,0.0300846,0.02709197,69504,-0.0614913,White
MO-31,97293,0.57025961,0.40814476,0.71481209,0.28518791,0.12124961,0.07902148,0.00957996,0.04705759,0.0300558,75992,0.16211485,White
MO-32,96397,0.35424493,0.6277414,0.8844884,0.1155116,0.0252932,0.03501817,0.00223785,0.01562349,0.02916108,72391,-0.27349647,White
MO-33,102928,0.34079827,0.64088457,0.84924025,0.15075975,0.05332649,0.04930539,0.00463491,0.0140801,0.02774681,79829,-0.3000863,White
MO-34,101050,0.21955246,0.76528491,0.92465902,0.07534098,0.01976345,0.01735203,0.00111002,0.00979879,0.02320834,78377,-0.54573245,White
MO-35,97300,0.23177429,0.75164636,0.90601132,0.09398868,0.03675122,0.01614627,0.0013851,0.00646378,0.02676534,75807,-0.51987207,White
MO-36,98338,0.23609478,0.74887844,0.91162229,0.08837771,0.02522078,0.02481399,0.0009448,0.01389636,0.02089047,76207,-0.51278366,White
MO-37,101417,0.23047031,0.75299851,0.89924256,0.10075744,0.04699455,0.01717035,0.00108754,0.00620538,0.02374677,78158,-0.5225282,White
MO-38,94949,0.27799881,0.69885477,0.86434811,0.13565189,0.04277791,0.03466932,0.00378855,0.01711661,0.03356546,73379,-0.42085596,White
MO-39,99872,0.3427743,0.63685241,0.84849448,0.15150552,0.05277932,0.04255714,0.00185376,0.01349276,0.03380472,75522,-0.29407811,White
MO-40,98889,0.25289011,0.72693536,0.83633412,0.16366588,0.04817225,0.06724154,0.0056955,0.00923523,0.02755932,75147,-0.47404525,White
MO-41,96905,0.20268222,0.78445092,0.92601918,0.07398082,0.00754028,0.02035092,0.00142196,0.00637923,0.03100907,76655,-0.5817687,White
MO-42,99553,0.19635696,0.79104226,0.91193426,0.08806574,0.02867048,0.01224883,0.00111703,0.00450664,0.03145663,77885,-0.5946853,White
MO-43,95993,0.27380402,0.70646906,0.92520157,0.07479843,0.01282759,0.01619264,0.00115758,0.00818381,0.02642241,74293,-0.43266504,White
MO-44,96566,0.2762876,0.70751138,0.90949295,0.09050705,0.02940317,0.01468831,0.00106245,0.00798162,0.0278095,75298,-0.43122378,White
MO-45,99144,0.31079601,0.67090196,0.91098458,0.08901542,0.01121934,0.02075254,0.00054475,0.01147875,0.03316515,77099,-0.36010595,White
MO-46,100204,0.33592568,0.64581937,0.90880874,0.09119126,0.01262507,0.0201163,0.0011394,0.01321442,0.03037089,76356,-0.30989369,White
MO-47,100666,0.24969853,0.73486615,0.86668273,0.13331727,0.0634826,0.02123694,0.00063394,0.01870119,0.0231134,78872,-0.48516762,White
MO-48,96693,0.17727858,0.81191555,0.89013525,0.10986475,0.04815003,0.01627231,0.00096033,0.0052018,0.03298477,74974,-0.63463697,White
MO-49,97995,0.20840928,0.78318651,0.806798,0.193202,0.13439733,0.02803339,0.00085476,0.00428715,0.0224374,74875,-0.57477723,White
MO-50,101194,0.17303785,0.81426213,0.89987631,0.10012369,0.03038112,0.01551267,0.00109516,0.00811709,0.03790553,77614,-0.64122428,White
MO-51,98593,0.27602955,0.7008625,0.76091966,0.23908034,0.08603682,0.06830127,0.00594206,0.04718691,0.03338684,77246,-0.42483295,White
MO-52,100166,0.15505074,0.83194137,0.91370102,0.08629898,0.01710348,0.01753335,0.00130263,0.006448,0.03617393,76768,-0.67689063,White
MO-53,94652,0.21296864,0.7724355,0.92545442,0.07454558,0.00937689,0.01593668,0.00131464,0.00587565,0.03328191,74545,-0.55946686,White
MO-54,101863,0.18337144,0.79890994,0.92370407,0.07629593,0.00817926,0.01731847,0.00111774,0.00607527,0.03572837,76046,-0.6155385,White
MO-55,100420,0.2256758,0.75834649,0.90605311,0.09394689,0.0101933,0.02640626,0.00173901,0.01067487,0.03769648,74755,-0.53267069,White
MO-56,95695,0.19342551,0.79353434,0.8776119,0.1223881,0.01374073,0.04711109,0.0038097,0.01170029,0.04065398,77434,-0.60010883,White
MO-57,95838,0.17861591,0.80639173,0.83361969,0.16638031,0.00961592,0.0744333,0.00924181,0.01456243,0.05460566,72172,-0.62777582,White
MO-58,100889,0.17996655,0.80564794,0.86254278,0.13745722,0.0109478,0.04098543,0.00730291,0.01186558,0.05850192,76271,-0.62568139,White
MO-59,99726,0.29219533,0.68527058,0.80303251,0.19696749,0.03151692,0.07905714,0.00541614,0.01887042,0.06128584,75515,-0.39307525,White
MO-60,98030,0.2739009,0.70789633,0.88474166,0.11525834,0.02579386,0.02826964,0.00157427,0.01146394,0.03961249,74320,-0.43399543,White
MO-61,100028,0.37704885,0.6020276,0.85513841,0.14486159,0.03083807,0.0365798,0.00230683,0.03720087,0.03372795,78896,-0.22497875,White
MO-62,100857,0.54489533,0.42874857,0.80145557,0.19854443,0.06713919,0.05565845,0.0038467,0.03031059,0.04042599,84228,0.11614676,White
MS-1,97049,0.28686304,0.69659926,0.72164436,0.27835564,0.19688368,0.03595652,0.00111889,0.02268175,0.01997431,72393,-0.40973622,White
MS-2,98047,0.52490387,0.4545292,0.47183563,0.52816437,0.43876176,0.05334452,0.00125144,0.01857913,0.01716266,72716,0.07037467,Minority
MS-3,101388,0.5865129,0.40041156,0.37513079,0.62486921,0.58694654,0.02446089,0.00053592,0.00766875,0.00976139,78370,0.18610134,Black
MS-4,97297,0.68136536,0.30671006,0.28565819,0.71434181,0.68432312,0.0165597,0.00039267,0.00911257,0.00855742,73854,0.3746553,Black
MS-5,94830,0.60446579,0.38427072,0.34458305,0.65541695,0.62394961,0.02264063,0.00062853,0.00576605,0.0076243,73187,0.22019507,Black
MS-6,95024,0.44104902,0.54635472,0.54969393,0.45030607,0.40899693,0.0254314,0.00122968,0.00401335,0.01221572,74003,-0.1053057,White
MS-7,100449,0.35478434,0.62938241,0.64139733,0.35860267,0.30632622,0.02745781,0.00062404,0.01146676,0.01445695,76918,-0.27459807,White
MS-8,99478,0.34903766,0.63561903,0.72168162,0.27831838,0.20337287,0.03570524,0.00091227,0.0229588,0.0155466,78924,-0.28658137,White
MS-9,97321,0.19635547,0.79209032,0.7914021,0.2085979,0.15619778,0.03083854,0.00049459,0.00489246,0.01567993,74809,-0.59573485,White
MS-10,96558,0.22016384,0.76711784,0.79975883,0.20024117,0.16443602,0.01501378,0.00035779,0.00307431,0.01531856,75464,-0.546954,White
MS-11,96788,0.54437895,0.44227368,0.45659831,0.54340169,0.5053762,0.01606879,0.0008772,0.00939672,0.01430109,75239,0.10210527,Black
MS-12,94800,0.40204149,0.58236512,0.62562906,0.37437094,0.3182316,0.02267216,0.00059972,0.01990822,0.01271153,76702,-0.18032363,White
MS-13,103283,0.55796231,0.42986826,0.40779103,0.59220897,0.55876981,0.02317942,0.00085804,0.00485407,0.01037006,81581,0.12809405,Black
MS-14,99271,0.63208292,0.35650765,0.36751024,0.63248976,0.59031518,0.01675128,0.00043811,0.01677705,0.01019251,77606,0.27557527,Black
MS-15,97657,0.78627506,0.197637,0.25535461,0.74464539,0.7099454,0.02143157,0.00076119,0.00947556,0.00875374,76196,0.58863806,Black
MS-16,97441,0.65439851,0.33499501,0.33761754,0.66238246,0.60780214,0.0296609,0.00047948,0.01835327,0.00965611,75082,0.3194035,Black
MS-17,100184,0.27599244,0.70933292,0.76207222,0.23792778,0.16203023,0.02413132,0.00048551,0.03465515,0.01461789,76208,-0.43334048,White
MS-18,99365,0.27282741,0.71580576,0.70860007,0.29139993,0.2348553,0.02805407,0.00097878,0.01050209,0.0162293,75604,-0.44297835,White
MS-19,98568,0.41612553,0.57259043,0.54654503,0.45345497,0.42430448,0.01160966,0.00071812,0.00639662,0.01236768,75196,-0.1564649,White
MS-20,94211,0.36873915,0.62148894,0.56933986,0.43066014,0.34195776,0.01960313,0.000736,0.00506709,0.06723093,70652,-0.25274979,White
MS-21,94275,0.38703838,0.60255853,0.55244083,0.44755917,0.40010873,0.01911121,0.00105941,0.0095347,0.02113245,71738,-0.21552015,White
MS-22,102640,0.30894091,0.67959163,0.6417036,0.3582964,0.30500418,0.03522837,0.00089934,0.00508769,0.01324597,77835,-0.37065072,White
MS-23,102855,0.36582876,0.62351187,0.5928565,0.4071435,0.35282261,0.04057056,0.00064194,0.00450641,0.01197858,77889,-0.25768311,White
MS-24,102547,0.2922082,0.69477407,0.67814602,0.32185398,0.26626314,0.02375799,0.00116651,0.01509987,0.01567016,77153,-0.40256587,White
MS-25,103199,0.3707298,0.61278871,0.61661835,0.38338165,0.32401456,0.02959719,0.001024,0.01247301,0.01600148,81055,-0.24205891,White
MS-26,98828,0.16685289,0.82104283,0.80915608,0.19084392,0.12235781,0.02988772,0.00075115,0.00764324,0.02601339,75884,-0.65418994,White
MS-27,97624,0.23902439,0.74601155,0.79957598,0.20042402,0.10770487,0.0383729,0.00163289,0.0222152,0.02799615,75939,-0.50698716,White
MS-28,98322,0.2055029,0.78125329,0.77318296,0.22681704,0.11527489,0.04164667,0.002093,0.03719405,0.02804885,75012,-0.57575039,White
MS-29,102432,0.40318352,0.57883306,0.60006644,0.39993356,0.27118363,0.07299279,0.0021848,0.03534011,0.02290847,78268,-0.17564954,White
MS-30,99548,0.49661591,0.48540609,0.52029637,0.47970363,0.35401067,0.07047897,0.00321852,0.03550879,0.02333097,76122,0.01120982,White
MT-1,98674,0.5693066,0.39892647,0.88648002,0.11351998,0.00923261,0.04439378,0.00193125,0.02262675,0.02488194,80259,0.17038013,White
MT-2,97594,0.65303361,0.32120566,0.85750401,0.14249599,0.01152811,0.05327957,0.00281882,0.02119806,0.04780625,79111,0.33182795,White
MT-3,95022,0.35147496,0.62617097,0.90738324,0.09261676,0.0050325,0.02705976,0.00217985,0.01279653,0.03489107,74317,-0.27469601,White
MT-4,102609,0.42811933,0.54120137,0.83804471,0.16195529,0.01604145,0.05771692,0.00337976,0.01473676,0.06940941,80479,-0.11308204,White
MT-5,97883,0.36088068,0.61220044,0.85165771,0.14834229,0.01755995,0.03694142,0.00309265,0.01779583,0.06797274,76310,-0.25131976,White
MT-6,96875,0.46306547,0.51198768,0.81273534,0.18726466,0.00718128,0.02600861,0.00235342,0.01192846,0.13331092,74360,-0.04892221,White
MT-7,97409,0.32157162,0.65696665,0.84029924,0.15970076,0.00519521,0.02567733,0.00253266,0.00988389,0.11047614,76994,-0.33539503,White
MT-8,98983,0.4030033,0.57238781,0.90545255,0.09454745,0.00606808,0.03014105,0.00164474,0.00944478,0.03842703,80256,-0.16938451,White
MT-9,99371,0.31147747,0.66513697,0.91485521,0.08514479,0.00464541,0.02712767,0.00147694,0.00802848,0.02976596,79218,-0.3536595,White
MT-10,102362,0.28714657,0.68955434,0.81198701,0.18801299,0.00662998,0.03190347,0.00210833,0.01080687,0.13372671,75415,-0.40240777,White
MT-11,97443,0.27401997,0.7029626,0.77908561,0.22091439,0.0067435,0.02411313,0.0019345,0.0096725,0.17768786,73404,-0.42894263,White
NC-1,100720,0.3985301,0.58479224,0.67570786,0.32429214,0.20882895,0.05949889,0.00266974,0.0351704,0.02224785,79783,-0.18626214,White
NC-2,99727,0.35617683,0.63017878,0.78276991,0.21723009,0.1152125,0.05846929,0.00159822,0.01857771,0.02428016,78212,-0.27400195,White
NC-3,99519,0.33045529,0.65872768,0.72930336,0.27069664,0.20526194,0.03325559,0.00073047,0.01148247,0.0201584,78032,-0.32827239,White
NC-4,103462,0.46319071,0.52001441,0.8233838,0.1766162,0.07533903,0.05637272,0.00148286,0.02104709,0.02043721,83622,-0.0568237,White
NC-5,101974,0.57571609,0.40517005,0.67502478,0.32497522,0.20651815,0.07648558,0.00270213,0.02102704,0.02133384,84748,0.17054604,White
NC-6,98409,0.35861314,0.63020493,0.85697023,0.14302977,0.0715682,0.03433283,0.00079375,0.00892085,0.02297148,84409,-0.27159179,White
NC-7,96496,0.3737359,0.61943704,0.63945622,0.36054378,0.27031494,0.04884299,0.00085847,0.005138,0.04086052,78046,-0.24570114,White
NC-8,102486,0.37601029,0.60866625,0.79404068,0.20595932,0.10932905,0.05828473,0.00138328,0.01419421,0.02263098,80244,-0.23265596,White
NC-9,104512,0.26688729,0.70890922,0.756557,0.243443,0.10900529,0.07527075,0.00505569,0.02737001,0.03336242,77932,-0.44202193,White
NC-10,100064,0.45869548,0.51161449,0.55957754,0.44042246,0.19663041,0.17367197,0.01005846,0.04831835,0.02883007,79535,-0.05291901,White
NC-11,99175,0.46497047,0.52691946,0.51759316,0.48240684,0.36701827,0.04047326,0.0012704,0.01133097,0.06861462,77928,-0.06194899,White
NC-12,100460,0.54580482,0.43517662,0.40427697,0.59572303,0.31397046,0.15294795,0.00739164,0.03203042,0.11491852,74679,0.1106282,Minority
NC-13,101271,0.62851284,0.35227714,0.37530093,0.62469907,0.44644778,0.11254674,0.00829791,0.05117041,0.03493316,78092,0.2762357,Black
NC-14,98550,0.52480146,0.45820857,0.4611788,0.5388212,0.36314533,0.10015492,0.00582004,0.04012617,0.05194769,71649,0.0665928900000001,Minority
NC-15,101476,0.56253656,0.42148894,0.42962897,0.57037103,0.44894501,0.07071505,0.00509658,0.02684624,0.03788033,78484,0.14104762,Black
NC-16,101583,0.39458353,0.59792971,0.28101775,0.71898225,0.23859414,0.07384135,0.00165153,0.01167682,0.4103014,77504,-0.20334618,Native
NC-17,99024,0.27238672,0.71375824,0.858092,0.141908,0.01317691,0.04463106,0.00118555,0.00780488,0.07481321,80975,-0.44137152,White
NC-18,96712,0.42945115,0.55174077,0.84858138,0.15141862,0.02911896,0.05103285,0.00125684,0.01215779,0.05893479,80360,-0.12228962,White
NC-19,101343,0.36501377,0.62040863,0.84062844,0.15937156,0.02616079,0.09684208,0.00529747,0.01015953,0.02267752,82681,-0.25539486,White
NC-20,101174,0.55516444,0.42681619,0.7926237,0.2073763,0.07354391,0.08365894,0.00298217,0.02525714,0.02156899,82155,0.12834825,White
NC-21,101743,0.60435701,0.37960719,0.86443279,0.13556721,0.04125342,0.04880986,0.00132238,0.01443988,0.02289364,84696,0.22474982,White
NC-22,100801,0.59284468,0.39101222,0.80399881,0.19600119,0.07136859,0.0777904,0.00332205,0.01494307,0.02704572,80974,0.20183246,White
NC-23,96038,0.31904022,0.66744347,0.91700147,0.08299853,0.01252352,0.03490057,0.00049586,0.00645883,0.0255429,78652,-0.34840325,White
NC-24,104010,0.42948986,0.55697538,0.61650093,0.38349907,0.25246742,0.09450259,0.00088367,0.01820852,0.02333628,80347,-0.12748552,White
NC-25,101380,0.31850273,0.66815529,0.77055471,0.22944529,0.12201351,0.05859115,0.0009436,0.02206761,0.02535133,79483,-0.34965256,White
NC-26,104830,0.25129675,0.73720311,0.84021706,0.15978294,0.06543262,0.05917395,0.00098885,0.00977992,0.02283992,82925,-0.48590636,White
NC-27,97002,0.3640078,0.62039572,0.71957478,0.28042522,0.11341952,0.10305138,0.00139117,0.04336243,0.02393858,76195,-0.25638792,White
NC-28,104585,0.22318582,0.7659651,0.839581,0.160419,0.05375762,0.05432286,0.00087792,0.02784092,0.02390831,83151,-0.54277928,White
NC-29,101327,0.31277796,0.67447771,0.73292647,0.26707353,0.1534564,0.07803596,0.00096029,0.01640069,0.02031765,79143,-0.36169975,White
NC-30,101302,0.3950011,0.58931807,0.79891621,0.20108379,0.07774479,0.05998418,0.00133529,0.04213283,0.01790321,77137,-0.19431697,White
NC-31,95801,0.49204877,0.49147146,0.75567986,0.24432014,0.10966094,0.07618258,0.00104965,0.04147504,0.01555141,72405,0.000577309999999998,White
NC-32,96964,0.78693699,0.197534,0.29722226,0.70277774,0.49261182,0.09797509,0.00178865,0.1098816,0.01731249,74917,0.58940299,Black
NC-33,97564,0.82728664,0.15699843,0.19714262,0.80285738,0.63816521,0.12554559,0.00126061,0.03575786,0.01949196,73774,0.67028821,Black
NC-34,98929,0.76029707,0.22282213,0.26513716,0.73486284,0.48534333,0.16250689,0.00126339,0.08178434,0.02157171,74403,0.53747494,Black
NC-35,103388,0.67637794,0.30532925,0.38742908,0.61257092,0.30480393,0.23646451,0.00184088,0.06648594,0.02520489,79310,0.37104869,Minority
NC-36,100380,0.82733106,0.15567112,0.24469436,0.75530564,0.48610595,0.20350589,0.00194914,0.06378313,0.02122257,77983,0.67165994,Black
NC-37,103221,0.75199791,0.23180478,0.27188298,0.72811702,0.41672745,0.23374407,0.00128953,0.06861877,0.0251003,76772,0.52019313,Black
NC-38,101059,0.73109352,0.24779986,0.60887812,0.39112188,0.21322327,0.11077362,0.00141438,0.05603024,0.01728555,86257,0.48329366,White
NC-39,100539,0.60801223,0.37407769,0.7914747,0.2085253,0.09329334,0.05189203,0.00095718,0.04728479,0.01303044,78355,0.23393454,White
NC-40,101445,0.55493495,0.42820653,0.67628097,0.32371903,0.10237423,0.08466458,0.00139813,0.12009683,0.01444735,77246,0.12672842,White
NC-41,100256,0.49723495,0.48576889,0.69699677,0.30300323,0.1195775,0.08404057,0.00131375,0.08142621,0.01710502,76118,0.01146606,White
NC-42,98810,0.4392308,0.54537298,0.62514305,0.37485695,0.16121827,0.15672352,0.00139255,0.03729543,0.02225317,72529,-0.10614218,White
NC-43,101884,0.37048474,0.61405822,0.74724488,0.25275512,0.09596099,0.07677155,0.00117093,0.05929028,0.01837668,72592,-0.24357348,White
NC-44,102225,0.25607374,0.73422959,0.77094105,0.22905895,0.12452392,0.07059803,0.00068101,0.01418771,0.01978712,79294,-0.47815585,White
NC-45,97050,0.46940301,0.51372647,0.62718743,0.37281257,0.20094517,0.10747098,0.00143165,0.04899576,0.022545,71945,-0.04432346,White
NC-46,97946,0.50292235,0.48129911,0.56744102,0.43255898,0.23767054,0.11138673,0.001296,0.06971948,0.02162795,71759,0.02162324,White
NC-47,101955,0.22363368,0.76406355,0.81481249,0.18518751,0.08343185,0.06100812,0.00095581,0.01368312,0.02661167,79514,-0.54042987,White
NC-48,99331,0.36546331,0.62092298,0.6739022,0.3260978,0.20320035,0.08713337,0.00107446,0.01400632,0.02330549,78179,-0.25545967,White
NC-49,102639,0.21815582,0.76826051,0.8742928,0.1257072,0.04559233,0.04564142,0.0006259,0.00942528,0.02387001,81483,-0.55010469,White
NC-50,103432,0.2949442,0.69081303,0.73927664,0.26072336,0.13401086,0.08348279,0.00085936,0.01997708,0.02505854,80292,-0.39586883,White
NC-51,96975,0.55563427,0.42981044,0.48813821,0.51186179,0.35255552,0.13101369,0.00116252,0.01816781,0.02266921,73977,0.12582383,Minority
NC-52,97995,0.56783455,0.41825175,0.51459063,0.48540937,0.32156853,0.13029678,0.00236428,0.01863995,0.02460944,76556,0.1495828,White
NC-53,97469,0.57603419,0.40819725,0.57229937,0.42770063,0.24277801,0.13598537,0.00115287,0.03670624,0.02352115,75464,0.16783694,White
NC-54,95722,0.54150237,0.44027951,0.76105797,0.23894203,0.12184602,0.05830985,0.00099234,0.04186348,0.01872213,75579,0.10122286,White
NC-55,96524,0.61591218,0.36903516,0.46474791,0.53525209,0.34354591,0.09839065,0.0013222,0.079399,0.02024708,74875,0.24687702,Minority
NC-56,98776,0.58825279,0.39560732,0.74122128,0.25877872,0.14193307,0.045005,0.00086164,0.05510739,0.01612138,80080,0.19264547,White
NC-57,99846,0.58984683,0.3941721,0.53284248,0.46715752,0.31194685,0.08569303,0.00163897,0.05684712,0.02081495,79318,0.19567473,White
NC-58,98562,0.74640413,0.24085153,0.29204793,0.70795207,0.52839464,0.10985554,0.00162555,0.06355366,0.02270523,76282,0.5055526,Black
NC-59,96544,0.66597792,0.32154113,0.3602925,0.6397075,0.51212338,0.08166099,0.00107214,0.03876182,0.02333956,72752,0.34443679,Black
NC-60,95451,0.33237924,0.65461221,0.71491523,0.28508477,0.13542198,0.10690007,0.00090013,0.0197356,0.02592901,74434,-0.32223297,White
NC-61,99767,0.18466345,0.8049725,0.8303739,0.1696261,0.05226138,0.07560923,0.00070209,0.01683751,0.02495628,78337,-0.62030905,White
NC-62,98748,0.37427127,0.61353406,0.7404386,0.2595614,0.16676692,0.05531328,0.00093985,0.0185589,0.0202005,79800,-0.23926279,White
NC-63,95403,0.5325231,0.45266057,0.51975538,0.48024462,0.28219611,0.16326531,0.00156669,0.01864908,0.0294922,72765,0.07986253,White
NC-64,96006,0.84771372,0.13774496,0.65736173,0.34263827,0.10694301,0.08297962,0.00133838,0.13628542,0.0157674,78453,0.70996876,White
NC-65,105159,0.50234604,0.48434343,0.68549171,0.31450829,0.20176207,0.07562027,0.00092425,0.01495601,0.02472663,83311,0.01800261,White
NC-66,105122,0.80956188,0.17583984,0.48210507,0.51789493,0.31142125,0.12266613,0.00119927,0.07313173,0.01920002,85052,0.63372204,Minority
NC-67,102067,0.84565577,0.13824608,0.49362544,0.50637456,0.32195193,0.09957503,0.00095252,0.07482171,0.01742624,81888,0.70740969,Minority
NC-68,104272,0.79418864,0.19043164,0.32547848,0.67452152,0.44643582,0.16843063,0.00120466,0.05323844,0.02463399,81351,0.603757,Black
NC-69,95456,0.55425294,0.43158461,0.72618223,0.27381777,0.10676393,0.0982326,0.0009917,0.04866121,0.01983399,73611,0.12266833,White
NC-70,98305,0.6654156,0.31911064,0.42851148,0.57148852,0.09302191,0.05198113,0.00186681,0.41496628,0.01094035,69102,0.34630496,Minority
NC-71,99630,0.6725955,0.30841266,0.78477909,0.21522091,0.09644419,0.05269706,0.00099041,0.05302317,0.01244052,82794,0.36418284,White
NC-72,103215,0.63972247,0.33858207,0.68351253,0.31648747,0.16813284,0.07089503,0.00148427,0.06382363,0.01645971,82869,0.3011404,White
NC-73,100949,0.71927384,0.25698447,0.57644834,0.42355166,0.17493103,0.11614108,0.00147451,0.11472603,0.01900209,84096,0.46228937,White
NC-74,100070,0.60988477,0.37015441,0.72823239,0.27176761,0.07035837,0.06390584,0.00131632,0.12061067,0.01435042,77489,0.23973036,White
NC-75,100243,0.53978734,0.43781708,0.71109041,0.28890959,0.12831802,0.08479743,0.00173574,0.05703964,0.0196012,70863,0.10197026,White
NC-76,97798,0.48200587,0.49726023,0.68383938,0.31616062,0.16431836,0.10837933,0.00153239,0.02522342,0.02134498,73741,-0.01525436,White
NC-77,100113,0.73744647,0.24477286,0.37646597,0.62353403,0.3659555,0.18887435,0.0013089,0.06451571,0.02397906,76400,0.49267361,Minority
NC-78,100541,0.82160158,0.16287544,0.25814205,0.74185795,0.54237605,0.16945079,0.00134866,0.02772103,0.02204596,74889,0.65872614,Black
NC-79,104237,0.55472269,0.42775848,0.54867858,0.45132142,0.28065541,0.12280472,0.00167384,0.03453597,0.02305449,76471,0.12696421,White
NC-80,105138,0.51239464,0.46848387,0.76500471,0.23499529,0.11532683,0.05597005,0.00152784,0.0463319,0.01521479,78542,0.04391077,White
NC-81,103075,0.42044178,0.5622894,0.60132053,0.39867947,0.20228091,0.15587568,0.00340136,0.02090169,0.0289049,74970,-0.14184762,White
NC-82,101459,0.35685093,0.62812203,0.64328507,0.35671493,0.21118487,0.10810916,0.00257495,0.01425928,0.03005836,77283,-0.2712711,White
NC-83,104060,0.29638368,0.6884838,0.72126666,0.27873334,0.12054205,0.12608628,0.00116042,0.00965729,0.02518115,77558,-0.39210012,White
NC-84,104258,0.45392043,0.52956757,0.61036626,0.38963374,0.21481713,0.13993668,0.00143324,0.01686015,0.02410455,76749,-0.07564714,White
NC-85,99644,0.25667569,0.73160992,0.84790727,0.15209273,0.07943609,0.0406015,0.00088972,0.00823308,0.02269424,79800,-0.47493423,White
NC-86,96948,0.2952046,0.69387921,0.81304718,0.18695282,0.06338938,0.06586865,0.0013042,0.03237261,0.0317528,77442,-0.39867461,White
NC-87,98458,0.23784115,0.75144873,0.86828011,0.13171989,0.05310536,0.0477747,0.00086749,0.00793312,0.022957,79540,-0.51360758,White
NC-88,97601,0.40854609,0.5750511,0.86555875,0.13444125,0.03558917,0.05906881,0.00227887,0.01607331,0.01840067,82497,-0.16650501,White
NC-89,97133,0.20204772,0.78728871,0.8637919,0.1362081,0.04034788,0.07040465,0.00072582,0.00662312,0.01972678,77154,-0.58524099,White
NC-90,102821,0.22175618,0.76753898,0.86327667,0.13672333,0.03542644,0.07350283,0.00040299,0.007034,0.02165152,81888,-0.5457828,White
NC-91,104154,0.32249842,0.6669981,0.7443453,0.2556547,0.18147802,0.04797198,0.00088748,0.00700391,0.02025617,83382,-0.34449968,White
NC-92,99026,0.40566828,0.58662373,0.52073788,0.47926212,0.26913958,0.18435003,0.00109217,0.0061268,0.03040757,75080,-0.18095545,White
NC-93,97859,0.29437579,0.69361358,0.82799028,0.17200972,0.09806219,0.03747333,0.00205992,0.01226086,0.02189439,81071,-0.39923779,White
NC-94,102406,0.38282002,0.6053898,0.76398365,0.23601635,0.15750411,0.05166605,0.00128296,0.00832124,0.01754176,83401,-0.22256978,White
NC-95,103209,0.38307146,0.60225642,0.67857143,0.32142857,0.24772481,0.03521006,0.0022014,0.01437672,0.02308392,81312,-0.21918496,White
NC-96,104907,0.61902223,0.37424251,0.39644783,0.60355217,0.52985399,0.03481693,0.00170326,0.00695399,0.04081944,85131,0.24477972,Black
NC-97,103570,0.51326121,0.47603475,0.50944909,0.49055091,0.39272938,0.07677695,0.00093751,0.0085856,0.0182814,81066,0.03722646,White
NC-98,101248,0.57939592,0.41378615,0.42369605,0.57630395,0.52806176,0.03461095,0.00075591,0.00485768,0.01363124,80697,0.16560977,Black
NC-99,101228,0.61609545,0.36696306,0.49117922,0.50882078,0.40259692,0.06914289,0.00153568,0.02670579,0.01649291,80095,0.24913239,Minority
NC-100,101943,0.42106575,0.56731214,0.62022362,0.37977638,0.27458313,0.07349471,0.00137988,0.01777079,0.02156223,77543,-0.14624639,White
NC-101,104944,0.58356189,0.40666073,0.43411418,0.56588582,0.47821645,0.05995038,0.00125277,0.01620083,0.01830499,82218,0.17690116,Black
NC-102,104455,0.41135737,0.57493365,0.63140781,0.36859219,0.25498214,0.08682104,0.00120705,0.008437,0.02311861,81190,-0.16357628,White
NC-103,97344,0.57903851,0.41221671,0.43028003,0.56971997,0.47254645,0.06956294,0.00170113,0.01907878,0.01616069,76420,0.1668218,Black
NC-104,95562,0.32045161,0.66944086,0.63529108,0.36470892,0.22071197,0.11635019,0.00186215,0.01122725,0.02114964,73571,-0.34898925,White
ND-1,95759,0.53008039,0.43214043,0.80840631,0.19159369,0.07663748,0.0335433,0.00153633,0.04684539,0.03304399,78108,0.0979399599999999,White
ND-2,98561,0.40356786,0.56187619,0.88088,0.11912,0.04499475,0.02385164,0.00121607,0.02465314,0.02197225,72364,-0.15830833,White
ND-3,96443,0.3734803,0.59368939,0.84432053,0.15567947,0.03627687,0.044832,0.00184548,0.03394366,0.0380169,75861,-0.22020909,White
ND-4,97943,0.27926006,0.69371014,0.90660818,0.09339182,0.01373332,0.01935981,0.00152738,0.00796324,0.04950262,76602,-0.41445008,White
ND-5,96823,0.26565954,0.70238271,0.81552145,0.18447855,0.04110962,0.04699811,0.00351388,0.02135778,0.07213056,72854,-0.43672317,White
ND-6,98458,0.2827025,0.68457037,0.87933246,0.12066754,0.02472858,0.02717499,0.00367623,0.01446688,0.04961585,75621,-0.40186787,White
ND-7,98405,0.2395861,0.73635858,0.7331305,0.2668695,0.02791092,0.04911155,0.00233401,0.0139763,0.17499548,71979,-0.49677248,White
ND-8,96702,0.17575327,0.79708368,0.88147832,0.11852168,0.02096171,0.04620103,0.00266835,0.012489,0.03550011,72704,-0.62133041,White
NE-1,94774,0.70988582,0.27040264,0.41814607,0.58185393,0.37772529,0.09919599,0.00240617,0.08314505,0.03286481,68158,0.43948318,Minority
NE-2,94569,0.66051778,0.31574492,0.49954489,0.50045511,0.08426727,0.36363636,0.00281602,0.03201445,0.04293719,70312,0.34477286,Minority
NE-3,96065,0.62656263,0.35240914,0.7654221,0.2345779,0.07122515,0.08955399,0.00194654,0.05234761,0.02104617,76546,0.27415349,White
NE-4,99078,0.54398171,0.43550343,0.74396993,0.25603007,0.12162677,0.05866425,0.00160364,0.05625879,0.01926995,76077,0.10847828,White
NE-5,99561,0.48135418,0.50007773,0.85386743,0.14613257,0.03266305,0.05168103,0.00203479,0.04025694,0.01542717,75192,-0.01872355,White
NE-6,100479,0.395965,0.58660634,0.8774995,0.1225005,0.02003902,0.03276243,0.00136271,0.05290186,0.01203489,69714,-0.19064134,White
NE-7,95309,0.45926568,0.514128,0.76518992,0.23481008,0.05483395,0.11590255,0.0028084,0.03968265,0.0240118,71215,-0.05486232,White
NE-8,95295,0.40278151,0.57180054,0.84001433,0.15998567,0.04226572,0.05801645,0.0028217,0.03436796,0.01890088,66981,-0.16901903,White
NE-9,102122,0.31974673,0.66022752,0.77613557,0.22386443,0.02088204,0.13653234,0.00257558,0.0120326,0.05439104,75711,-0.34048079,White
NE-10,93776,0.32294406,0.65511947,0.90886533,0.09113467,0.01405651,0.03617753,0.00093052,0.01574836,0.01976652,70928,-0.33217541,White
NE-11,99435,0.54717811,0.42550383,0.81331251,0.18668749,0.04800573,0.06500098,0.00161364,0.04881254,0.02285119,76845,0.12167428,White
NE-12,97127,0.53828056,0.43547153,0.72853376,0.27146624,0.07016521,0.10345924,0.00144411,0.0728547,0.02599399,75479,0.10280903,White
NE-13,97559,0.54626293,0.43283315,0.86151607,0.13848393,0.03758434,0.04393438,0.00164043,0.03672443,0.01684085,75590,0.11342978,White
NE-14,101216,0.21985524,0.76150235,0.84705256,0.15294744,0.01178975,0.11701929,0.00061211,0.00625416,0.01858949,75150,-0.54164711,White
NE-15,95754,0.26248617,0.71477445,0.90112782,0.09887218,0.00868711,0.05971879,0.00137739,0.00841436,0.01802883,73327,-0.45228828,White
NE-16,99050,0.18066599,0.79950579,0.8762671,0.1237329,0.01393311,0.07360835,0.00189149,0.01084278,0.02406991,75073,-0.6188398,White
NE-17,97495,0.29934887,0.68013806,0.74715709,0.25284291,0.0240283,0.19675846,0.00124356,0.01553065,0.02347561,72373,-0.38078919,White
NE-18,102342,0.23531825,0.743595,0.8272673,0.1727327,0.01915933,0.12303536,0.00161068,0.01287247,0.01783441,76986,-0.50827675,White
NE-19,102301,0.17074111,0.81140109,0.91262383,0.08737617,0.0096138,0.05052329,0.00143698,0.00691786,0.01648079,78637,-0.64065998,White
NE-20,98197,0.19438427,0.78569549,0.8363773,0.1636227,0.00982422,0.10454551,0.00162199,0.00899345,0.0388749,75833,-0.59131122,White
NH-1,101881,0.55214852,0.4284494,0.89011735,0.10988265,0.01808748,0.0246945,0.00140627,0.03849045,0.01893609,82488,0.12369912,White
NH-2,96302,0.5520635,0.43536814,0.92343243,0.07656757,0.01060988,0.02194034,0.00090693,0.02258638,0.01206346,80491,0.11669536,White
NH-3,96690,0.57508266,0.40786492,0.90865003,0.09134997,0.01396954,0.02264854,0.00122186,0.03054656,0.01471274,79387,0.16721774,White
NH-4,99664,0.58793488,0.39670489,0.75365027,0.24634973,0.03769871,0.10856132,0.00134549,0.07678029,0.01476304,80268,0.19122999,White
NH-5,100212,0.43538319,0.54995518,0.93815003,0.06184997,0.00669721,0.01368298,0.00075749,0.01165098,0.02024793,83169,-0.11457199,White
NH-6,94179,0.52996076,0.45379369,0.92892234,0.07107766,0.01246511,0.01768101,0.00080827,0.01267981,0.01924704,79181,0.07616707,White
NH-7,93868,0.59684176,0.3861103,0.89079523,0.10920477,0.01384629,0.02261091,0.00107793,0.03605939,0.02385566,77927,0.21073146,White
NH-8,95288,0.4465481,0.53861641,0.9151829,0.0848171,0.01297218,0.02905132,0.00082321,0.01805749,0.01367589,75315,-0.09206831,White
NH-9,94000,0.43842539,0.54747518,0.89105437,0.10894563,0.01458033,0.03909877,0.00082706,0.03497679,0.01168561,74964,-0.10904979,White
NH-10,96748,0.56050542,0.42117858,0.7810525,0.2189475,0.05733646,0.09676398,0.00131721,0.04897727,0.01765563,78955,0.13932684,White
NH-11,101534,0.5469525,0.43623021,0.89477578,0.10522422,0.02419296,0.0229439,0.00080037,0.02923771,0.01874803,82462,0.11072229,White
NH-12,101758,0.52901502,0.45171223,0.92010024,0.07989976,0.01453718,0.02047371,0.00113135,0.01364914,0.019537,82203,0.07730279,White
NH-13,102778,0.56254298,0.41905432,0.91929555,0.08070445,0.01173686,0.02125129,0.00146561,0.01691454,0.01956945,83242,0.14348866,White
NH-14,102627,0.50290027,0.48005427,0.88107109,0.11892891,0.02361463,0.03822493,0.00125267,0.03309024,0.01575135,80628,0.022846,White
NJ-1,97411,0.48158276,0.50259431,0.54713128,0.45286872,0.21014167,0.21511232,0.00133578,0.01385874,0.03530832,77857,-0.02101155,White
NJ-2,102219,0.51904099,0.46893978,0.53216688,0.46783312,0.16182345,0.28345904,0.00172288,0.0204066,0.02626441,78357,0.0501012100000001,White
NJ-3,99316,0.57005343,0.41809254,0.50259296,0.49740704,0.2035128,0.1721449,0.00392414,0.12220358,0.01573442,79253,0.15196089,White
NJ-4,94903,0.56049789,0.42724,0.56515154,0.43484846,0.15784888,0.19393322,0.00170234,0.08328083,0.01592429,74603,0.13325789,White
NJ-5,95518,0.41482136,0.57452265,0.8688126,0.1311874,0.04235732,0.05990807,0.00126629,0.01243494,0.01370123,78971,-0.15970129,White
NJ-6,95814,0.42978869,0.55613671,0.70306316,0.29693684,0.11914125,0.12640782,0.00137441,0.03787271,0.01963629,78579,-0.12634802,White
NJ-7,95471,0.37324913,0.61239578,0.87863302,0.12136698,0.02364951,0.06501395,0.00081156,0.01771494,0.01408826,78860,-0.23914665,White
NJ-8,94969,0.34856417,0.63761822,0.86225937,0.13774063,0.02978723,0.07570922,0.00070922,0.0177305,0.01256332,78960,-0.28905405,White
NJ-9,98954,0.37699294,0.60942749,0.80368184,0.19631816,0.03901024,0.10054733,0.00046878,0.04440756,0.01274579,78928,-0.23243455,White
NJ-10,98652,0.37809089,0.60763968,0.85376074,0.14623926,0.02617666,0.08466743,0.00088734,0.02053216,0.013076,81141,-0.22954879,White
NJ-11,100453,0.37679025,0.61061933,0.82230402,0.17769598,0.04920284,0.08523205,0.00089955,0.02938914,0.012641,84487,-0.23382908,White
NJ-12,102869,0.18829282,0.80816384,0.76917251,0.23082749,0.05205454,0.14898693,0.00054914,0.01130468,0.01052831,52810,-0.61987102,White
NJ-13,101484,0.35347978,0.63370982,0.78543159,0.21456841,0.04708135,0.11019221,0.00100716,0.04122278,0.01140506,70495,-0.28023004,White
NJ-14,99845,0.59978636,0.38652306,0.63998491,0.36001509,0.19151474,0.12344522,0.00102232,0.03598812,0.01430032,82166,0.2132633,White
NJ-15,101643,0.53141269,0.45525893,0.66634723,0.33365277,0.08096385,0.1698589,0.00128614,0.03698286,0.01622808,79307,0.07615376,White
NJ-16,104064,0.46241348,0.5235837,0.79069397,0.20930603,0.10549289,0.05321236,0.00121383,0.03661108,0.01417361,81560,-0.06117022,White
NJ-17,98807,0.5073663,0.47637831,0.7708551,0.2291449,0.11619777,0.06226539,0.00107065,0.03800163,0.01439573,77523,0.03098799,White
NJ-18,99799,0.54161807,0.44309476,0.75143866,0.24856134,0.13146116,0.06615259,0.00121486,0.03749457,0.01750684,78198,0.09852331,White
NJ-19,103199,0.62223497,0.36573543,0.54099744,0.45900256,0.29275377,0.12466797,0.00145223,0.03628081,0.02002085,80566,0.25649954,White
NJ-20,99535,0.57573067,0.41137408,0.7007508,0.2992492,0.15405537,0.07900046,0.00135349,0.05585066,0.01579498,78316,0.16435659,White
NJ-21,97892,0.66352212,0.31982239,0.79388602,0.20611398,0.09725724,0.06309242,0.00131901,0.03368636,0.01373317,77331,0.34369973,White
NJ-22,97658,0.86400212,0.12980562,0.08733681,0.91266319,0.42001855,0.47556538,0.00392381,0.04998216,0.02481273,70085,0.7341965,Hispanic
NJ-23,97260,0.6659545,0.32176943,0.67958357,0.32041643,0.08589261,0.06165713,0.00114662,0.16525727,0.00948571,76747,0.34418507,White
NJ-24,98109,0.60917448,0.3775735,0.70118076,0.29881924,0.1197809,0.09867197,0.00142104,0.0718272,0.01498553,77408,0.23160098,White
NJ-25,99489,0.71416304,0.27392947,0.45852274,0.54147726,0.38092303,0.10251175,0.00145106,0.04172124,0.01935177,77874,0.44023357,Minority
NJ-26,97537,0.58830593,0.39828954,0.75733142,0.24266858,0.09081454,0.04986904,0.00156643,0.09276617,0.01087515,77884,0.19001639,White
NJ-27,98549,0.4938455,0.49066214,0.74998766,0.25001234,0.12695042,0.07473336,0.00230841,0.03579893,0.01812167,81008,0.00318335999999997,White
NJ-28,99961,0.56818588,0.41830206,0.63137093,0.36862907,0.19617775,0.07724538,0.00150088,0.08625067,0.01478369,79953,0.14988382,White
NJ-29,98252,0.42999529,0.55474318,0.83497839,0.16502161,0.03032705,0.08696653,0.00120183,0.03434168,0.01098269,78214,-0.12474789,White
NJ-30,100573,0.43769815,0.54827421,0.83326499,0.16673501,0.0330786,0.05499845,0.00105623,0.06795899,0.00755514,80475,-0.11057606,White
NJ-31,102414,0.44043942,0.54885887,0.73673271,0.26326729,0.05064221,0.12440882,0.0010579,0.07885697,0.01086524,80348,-0.10841945,White
NJ-32,99174,0.49871881,0.488968,0.69453732,0.30546268,0.06011874,0.09453223,0.00088989,0.14298064,0.00863198,78661,0.00975081,White
NJ-33,99810,0.52337008,0.46618682,0.63188834,0.36811166,0.06805632,0.10059645,0.00092234,0.19410933,0.00849782,81315,0.05718326,White
NJ-34,100864,0.53846982,0.44755257,0.67062201,0.32937799,0.09975377,0.14218191,0.00103936,0.08183719,0.01340031,80819,0.09091725,White
NJ-35,96505,0.88114805,0.1119141,0.11765845,0.88234155,0.47708123,0.40804129,0.00291932,0.01308853,0.02697954,72277,0.76923395,Black
NJ-36,98575,0.71835296,0.26692842,0.47513598,0.52486402,0.09698841,0.13697497,0.00133073,0.28646917,0.01124016,77401,0.45142454,Minority
NJ-37,103459,0.62716904,0.35656723,0.69002995,0.30997005,0.13956407,0.09221789,0.00114843,0.06845601,0.01122385,84463,0.27060181,White
NJ-38,97468,0.43557189,0.54419514,0.84472237,0.15527763,0.03548557,0.06135262,0.00076597,0.04119893,0.01052261,79638,-0.10862325,White
NJ-39,95695,0.4109145,0.57055145,0.79831571,0.20168429,0.05792019,0.09781121,0.00106897,0.02911001,0.01490047,76709,-0.15963695,White
NJ-40,103876,0.76010254,0.22599007,0.44444036,0.55555964,0.11445384,0.08102243,0.00191247,0.35678558,0.00875322,81570,0.53411247,Minority
NJ-41,103393,0.62051846,0.3651003,0.5135709,0.4864291,0.14889771,0.15279244,0.00122545,0.18147515,0.01339497,82419,0.25541816,White
NJ-42,95549,0.55073287,0.43337514,0.6034412,0.3965588,0.05426706,0.16194021,0.00121859,0.17170219,0.01198723,75497,0.11735773,White
NJ-43,97601,0.56412243,0.42228003,0.59455748,0.40544252,0.07201236,0.16977171,0.00106949,0.15433672,0.01064209,75737,0.1418424,White
NJ-44,95422,0.59783635,0.38764249,0.73707731,0.26292269,0.03993027,0.09902319,0.00095467,0.11330179,0.00669655,72276,0.21019386,White
NJ-45,104179,0.58622387,0.39875167,0.71252963,0.28747037,0.0497108,0.13878007,0.00090874,0.08771844,0.01343469,81431,0.1874722,White
NJ-46,101319,0.50064996,0.48334135,0.63170406,0.36829594,0.04206903,0.25787402,0.00077997,0.06387114,0.01512901,80772,0.0173086099999999,White
NJ-47,96285,0.47163778,0.51281615,0.75056564,0.24943436,0.04550118,0.12140226,0.00093396,0.07153381,0.01003683,76020,-0.04117837,White
NJ-48,102119,0.3906833,0.58921966,0.84137495,0.15862505,0.02694873,0.0852281,0.00036516,0.0283972,0.01351088,82156,-0.19853636,White
NJ-49,101256,0.40634474,0.57593797,0.85129198,0.14870802,0.02138484,0.08087779,0.00073027,0.02907706,0.01296235,82161,-0.16959323,White
NJ-50,94879,0.68413982,0.30323115,0.36676357,0.63323643,0.13608275,0.13635319,0.00156852,0.3601244,0.01123656,73955,0.38090867,Minority
NJ-51,96023,0.54366062,0.44118565,0.60160121,0.39839879,0.07679704,0.12379443,0.00129216,0.18362018,0.01025737,75068,0.10247497,White
NJ-52,101252,0.61945946,0.36633205,0.37869019,0.62130981,0.17171867,0.16650609,0.00144519,0.27874948,0.01338966,80958,0.25312741,Minority
NJ-53,98683,0.71110717,0.27344553,0.32707263,0.67292737,0.13061638,0.33820609,0.00190896,0.20392554,0.01901272,78053,0.43766164,Hispanic
NJ-54,100961,0.64220206,0.34640633,0.32313699,0.67686301,0.07656307,0.07573564,0.00109893,0.52227595,0.00818379,77348,0.29579573,Asian
NJ-55,97965,0.5949059,0.394821,0.31159353,0.68840647,0.12043177,0.51916688,0.00248175,0.07905587,0.01933366,74947,0.2000849,Hispanic
NJ-56,101412,0.51061325,0.47701634,0.59876816,0.40123184,0.03804922,0.08642522,0.00116791,0.26892626,0.00726562,81342,0.03359691,White
NJ-57,104078,0.4884903,0.50021629,0.77820592,0.22179408,0.03069299,0.08282138,0.00096938,0.10079126,0.00613133,82527,-0.01172599,White
NJ-58,103914,0.47101079,0.51739693,0.7182689,0.2817311,0.04591261,0.14747113,0.00071219,0.08384868,0.00810711,84247,-0.04638614,White
NJ-59,94970,0.47840175,0.50732813,0.79863026,0.20136974,0.02607468,0.08695482,0.00092797,0.07533557,0.01101802,76511,-0.02892638,White
NJ-60,99687,0.54127399,0.4460981,0.7952441,0.2047559,0.01575556,0.07756891,0.00075722,0.10359349,0.00632348,75275,0.09517589,White
NJ-61,95209,0.5491209,0.43955218,0.64189924,0.35810076,0.04262145,0.1444968,0.00320836,0.16918368,0.0073564,74493,0.10956872,White
NJ-62,101282,0.54581992,0.44234484,0.54906083,0.45093917,0.07267073,0.29911681,0.00089563,0.08710039,0.01262595,80390,0.10347508,White
NJ-63,99234,0.65197963,0.33723601,0.30211618,0.69788382,0.1811842,0.45746273,0.00164324,0.08185486,0.02442153,74852,0.31474362,Hispanic
NJ-64,99465,0.8065209,0.18622584,0.08810632,0.91189368,0.30731323,0.6190793,0.00286447,0.02405615,0.0201735,73661,0.62029506,Hispanic
NJ-65,97082,0.66034959,0.33060551,0.17344142,0.82655858,0.11920492,0.69949225,0.00209157,0.04441335,0.04115339,69326,0.32974408,Hispanic
NJ-66,100210,0.54485841,0.44381868,0.54891819,0.45108181,0.06045915,0.26652625,0.00143327,0.12894461,0.0124757,80236,0.10103973,White
NJ-67,102010,0.57972987,0.40899127,0.54719013,0.45280987,0.05959013,0.18908599,0.00115174,0.20910377,0.00886341,79879,0.1707386,White
NJ-68,100276,0.56784599,0.4218857,0.67601111,0.32398889,0.01909688,0.06830655,0.00093444,0.23046551,0.00465906,75981,0.14596029,White
NJ-69,104500,0.66474782,0.32694948,0.32320926,0.67679074,0.10846209,0.19340072,0.00143565,0.38210617,0.01102625,84979,0.33779834,Asian
NJ-70,96153,0.73156355,0.25919898,0.32806839,0.67193161,0.25356426,0.32198243,0.00144656,0.11552897,0.01713712,76734,0.47236457,Minority
NJ-71,103656,0.62963151,0.36194295,0.30094835,0.69905165,0.05321105,0.52423765,0.00179093,0.12912725,0.02724858,83197,0.26768856,Hispanic
NJ-72,104540,0.68380155,0.30756127,0.2104712,0.7895288,0.06200619,0.623703,0.00198715,0.12254879,0.0302594,84040,0.37624028,Hispanic
NJ-73,96341,0.54221825,0.44660107,0.54251603,0.45748397,0.0550501,0.21405812,0.00121566,0.18989852,0.01051864,78147,0.09561718,White
NJ-74,103060,0.56109707,0.42723256,0.43838553,0.56161447,0.04930834,0.36920774,0.00190431,0.11221031,0.01756991,83495,0.13386451,Minority
NJ-75,103648,0.7217543,0.26756708,0.19422418,0.80577582,0.07200196,0.66459863,0.00231278,0.09776065,0.03477729,81720,0.45418722,Hispanic
NJ-76,104539,0.77881651,0.20499261,0.54731948,0.45268052,0.05110078,0.11386477,0.0020391,0.28045488,0.00686796,89255,0.5738239,White
NJ-77,101312,0.77486978,0.21474503,0.24160506,0.75839494,0.13889195,0.27056285,0.00262361,0.35743622,0.01673471,81567,0.56012475,Asian
NJ-78,100368,0.8710992,0.11893597,0.2359622,0.7640378,0.37309067,0.22464293,0.00330675,0.17886985,0.01547814,78627,0.75216323,Black
NJ-79,101382,0.64023051,0.34956198,0.39154955,0.60845045,0.18817088,0.27590708,0.00250928,0.15143143,0.01679192,78907,0.29066853,Minority
NJ-80,104598,0.67415342,0.31517795,0.39918463,0.60081537,0.25348526,0.29933381,0.00191625,0.05055558,0.01952261,77756,0.35897547,Minority
NJ-81,104497,0.64274495,0.34454955,0.59052371,0.40947629,0.15712535,0.1827481,0.00088786,0.06597639,0.01266757,79968,0.2981954,White
NJ-82,98823,0.69247575,0.29792087,0.3154415,0.6845585,0.27968778,0.31515906,0.00174596,0.09745295,0.01665083,77894,0.39455488,Minority
NJ-83,102042,0.57195474,0.4162414,0.42180923,0.57819077,0.11935754,0.19767569,0.00135868,0.26268606,0.01146386,82433,0.15571334,Minority
NJ-84,99470,0.71245806,0.27870973,0.36592263,0.63407737,0.343689,0.18176017,0.00120114,0.09499024,0.00997197,79924,0.43374833,Minority
NJ-85,101914,0.72655343,0.26396256,0.522242,0.477758,0.17229594,0.11083965,0.00127357,0.1893072,0.00909693,76949,0.46259087,White
NJ-86,101901,0.79906143,0.18895608,0.49071898,0.50928102,0.23441957,0.19083586,0.00153322,0.08549597,0.0144902,79571,0.61010535,Minority
NJ-87,104590,0.94553497,0.04890793,0.02730148,0.97269852,0.81009465,0.16633194,0.00204604,0.01289132,0.01723445,79666,0.89662704,Black
NJ-88,97296,0.91892944,0.07321168,0.25607815,0.74392185,0.6053251,0.1079305,0.00138774,0.03605393,0.01161889,73501,0.84571776,Black
NJ-89,96628,0.9503467,0.0449493,0.0168789,0.9831211,0.85572458,0.13748113,0.00156682,0.00619605,0.01269122,70206,0.9053974,Black
NJ-90,95778,0.89874183,0.09464616,0.06582863,0.93417137,0.66101176,0.25548572,0.00240565,0.0442473,0.01859165,71914,0.80409567,Black
NJ-91,101595,0.69472902,0.29686844,0.15621877,0.84378123,0.19140675,0.61049745,0.00261411,0.06232861,0.02232246,78038,0.39786058,Hispanic
NJ-92,99770,0.74855507,0.24450928,0.18481088,0.81518912,0.19820017,0.52139712,0.00203414,0.0132348,0.01860339,77674,0.50404579,Hispanic
NJ-93,100855,0.68562797,0.30685628,0.14708612,0.85291388,0.19429378,0.63969522,0.00188203,0.02931528,0.02373453,76513,0.37877169,Hispanic
NM-1,96617,0.26311857,0.71395859,0.49661711,0.50338289,0.01173111,0.2142405,0.00187079,0.01237815,0.27462619,71093,-0.45084002,Minority
NM-2,97946,0.67562277,0.29643633,0.07340248,0.92659752,0.0078034,0.08752158,0.0014877,0.01434366,0.83652159,71251,0.37918644,Native
NM-3,103377,0.46158329,0.51818844,0.32799726,0.67200274,0.01809955,0.49738266,0.00231948,0.01181287,0.16222417,78897,-0.05660515,Hispanic
NM-4,100959,0.59771137,0.37831249,0.32477355,0.67522645,0.0485097,0.50474621,0.00328338,0.03698593,0.10907976,78273,0.21939888,Hispanic
NM-5,102766,0.66443672,0.31520151,0.12525462,0.87474538,0.03325284,0.79712393,0.00237424,0.01589122,0.06034076,74129,0.34923521,Hispanic
NM-6,101388,0.56865137,0.40817117,0.40440134,0.59559866,0.0447731,0.45886092,0.00326682,0.03813817,0.07801104,78976,0.1604802,Hispanic
NM-7,99733,0.71691531,0.25903905,0.37855697,0.62144303,0.04059886,0.48644266,0.00259686,0.03513691,0.08619639,82022,0.45787626,Hispanic
NM-8,98607,0.6513465,0.32305206,0.53200623,0.46799377,0.03835351,0.31432216,0.00274742,0.05854215,0.0739596,81531,0.32829444,White
NM-9,100810,0.56818597,0.40466372,0.55116406,0.44883594,0.04270865,0.3046137,0.00350131,0.04687861,0.07122971,82255,0.16352225,White
NM-10,97179,0.49773946,0.47849858,0.47447394,0.52552606,0.04062715,0.40423601,0.0042085,0.03683125,0.06424151,72710,0.01924088,Minority
NM-11,96711,0.5843417,0.3896785,0.49327372,0.50672628,0.02148672,0.29466168,0.00289604,0.03061524,0.17265448,74930,0.1946632,Minority
NM-12,100546,0.62004429,0.35945622,0.66768949,0.33231051,0.01585376,0.2440147,0.00205754,0.03713086,0.03773742,84081,0.26058807,White
NM-13,100821,0.78261583,0.20113268,0.39766275,0.60233725,0.0132281,0.5227117,0.0022883,0.02103524,0.06036466,81720,0.58148315,Hispanic
NM-14,105747,0.70441238,0.27818904,0.27137642,0.72862358,0.01131469,0.62189697,0.00181927,0.00947194,0.10493081,85199,0.42622334,Hispanic
NM-15,100135,0.32203937,0.65631386,0.49185394,0.50814606,0.04497101,0.42222777,0.00299807,0.01868532,0.03495115,76049,-0.33427449,Minority
NM-16,102219,0.24998654,0.73345182,0.44910188,0.55089812,0.02128395,0.4918292,0.00183345,0.01379072,0.03301536,75268,-0.48346528,Hispanic
NM-17,99707,0.223539,0.76080682,0.3809417,0.6190583,0.03977018,0.54513733,0.00186379,0.0121917,0.03133408,71360,-0.53726782,Hispanic
NM-18,103153,0.3407114,0.63742164,0.5418476,0.4581524,0.0363236,0.33650051,0.0037734,0.020265,0.07399572,80829,-0.29671024,White
NM-19,103136,0.46830215,0.51131824,0.44715106,0.55284894,0.014754,0.48216557,0.00228409,0.01398852,0.05523798,80995,-0.0430160900000001,Hispanic
NM-20,104515,0.57163036,0.40794263,0.26534915,0.73465085,0.015292,0.6969543,0.00190515,0.01129118,0.03146036,78734,0.16368773,Hispanic
NM-21,101450,0.59624708,0.37876559,0.36507937,0.63492063,0.03430046,0.55652141,0.00240192,0.02774283,0.04390814,78687,0.21748149,Hispanic
NV-1,98362,0.6153407,0.35725422,0.58253141,0.41746859,0.04498371,0.26285294,0.01200664,0.07160879,0.03921494,78873,0.25808648,White
NV-2,98733,0.46240466,0.50998418,0.74884839,0.25115161,0.01984796,0.11601681,0.00619226,0.08331865,0.02435371,79454,-0.04757952,White
NV-3,96474,0.56744069,0.4016547,0.63404003,0.36595997,0.04033839,0.19578562,0.01146446,0.09664191,0.03229134,77544,0.16578599,White
NV-4,96219,0.52113737,0.44976416,0.56028026,0.43971974,0.03916673,0.27360339,0.01361037,0.09070897,0.03795871,74502,0.07137321,White
NV-5,97295,0.40112588,0.56970895,0.63864768,0.36135232,0.02087813,0.23333424,0.01067044,0.04815309,0.05807497,73474,-0.16858307,White
NV-6,99859,0.39086702,0.5803576,0.73217417,0.26782583,0.01940873,0.16804257,0.00591759,0.03381307,0.04461329,82128,-0.18949058,White
NV-7,101112,0.27351017,0.69670252,0.75423835,0.24576165,0.01907888,0.12793038,0.00703039,0.03027216,0.06466948,79512,-0.42319235,White
NV-8,97481,0.20121908,0.77158598,0.68915897,0.31084103,0.02311417,0.20293831,0.00496577,0.01790148,0.06684591,72899,-0.5703669,White
NV-9,98763,0.29536813,0.68445732,0.72982887,0.27017113,0.05345159,0.14452687,0.00732424,0.03508793,0.03311828,84787,-0.38908919,White
NV-10,103507,0.74689975,0.23038996,0.14014017,0.85985983,0.197889,0.62646244,0.00798338,0.0308314,0.03614424,70772,0.51650979,Hispanic
NV-11,103166,0.61401746,0.36447686,0.25436,0.74564,0.12598667,0.51162667,0.01238667,0.09578667,0.03408,75000,0.2495406,Hispanic
NV-12,99810,0.70947988,0.26763628,0.20995324,0.79004676,0.15491273,0.56923223,0.00852319,0.0573922,0.03647164,73564,0.4418436,Hispanic
NV-13,104004,0.62241541,0.35542878,0.30564159,0.69435841,0.13185449,0.47581727,0.01474664,0.07250429,0.03348088,79747,0.26698663,Hispanic
NV-14,100825,0.67271849,0.30463896,0.2373181,0.7626819,0.17662179,0.50223038,0.01338229,0.07320821,0.03383653,73530,0.36807953,Hispanic
NV-15,99411,0.65214459,0.32537284,0.29345533,0.70654467,0.28282747,0.33502627,0.01722493,0.07424725,0.0295726,74427,0.32677175,Hispanic
NV-16,97985,0.64109473,0.33515613,0.30477734,0.69522266,0.27989008,0.28828918,0.02133596,0.1143743,0.02941094,70960,0.3059386,Minority
NV-17,101698,0.51741895,0.46159248,0.47307816,0.52692184,0.17282811,0.22441495,0.01974739,0.10963647,0.02656921,77985,0.05582647,Minority
NV-18,105106,0.6103443,0.36853864,0.36992604,0.63007396,0.20446101,0.27265739,0.01593384,0.13801176,0.03030691,85855,0.24180566,Minority
NV-19,105080,0.53144401,0.44838397,0.46440041,0.53559959,0.11225812,0.25459811,0.02485023,0.14468721,0.02649679,85633,0.08306004,Minority
NV-20,101372,0.53120133,0.44897019,0.47553764,0.52446236,0.11650055,0.19536301,0.01432118,0.1947393,0.02263323,83373,0.08223114,Minority
NV-21,99069,0.55691547,0.42338137,0.48395395,0.51604605,0.1392255,0.24721637,0.01552274,0.11205125,0.02674552,79303,0.1335341,Minority
NV-22,100477,0.47133878,0.50977068,0.61714378,0.38285622,0.10217275,0.153073,0.01289258,0.10676395,0.02402313,80589,-0.0384319,White
NV-23,95946,0.44967924,0.52780615,0.57573449,0.42426551,0.12638705,0.16779739,0.01719082,0.11057609,0.02851722,69572,-0.07812691,White
NV-24,100131,0.49516387,0.48631003,0.56479562,0.43520438,0.08237989,0.12584146,0.01290025,0.2121247,0.01659884,78138,0.00885384,White
NV-25,97185,0.5679207,0.41350655,0.39592002,0.60407998,0.14623719,0.20342789,0.01847153,0.23674262,0.0240409,78824,0.15441415,Minority
NV-26,98819,0.53991622,0.44247473,0.35802568,0.64197432,0.11625867,0.16193552,0.02426707,0.34787231,0.02025357,75246,0.09744149,Minority
NV-27,100280,0.51970686,0.46215064,0.44280443,0.55719557,0.09726355,0.18042826,0.02839609,0.25723128,0.02372733,75609,0.05755622,Minority
NV-28,102339,0.51557364,0.46372113,0.46867986,0.53132014,0.13253058,0.25107805,0.01777834,0.1240575,0.03106796,79310,0.0518525100000001,Minority
NV-29,101018,0.47751032,0.50550206,0.59612971,0.40387029,0.07412471,0.13155769,0.01876732,0.17606483,0.01877975,80459,-0.02799174,White
NV-30,100743,0.53023416,0.44888096,0.56614511,0.43385489,0.09986858,0.18804553,0.01885787,0.12470244,0.02655723,80656,0.0813532,White
NV-31,102345,0.39200362,0.58712642,0.70618007,0.29381993,0.05529344,0.1334665,0.01245083,0.07692308,0.02725457,81601,-0.1951228,White
NY-1,101493,0.61012368,0.37579729,0.69977004,0.30022996,0.04196527,0.21659143,0.0011559,0.02287466,0.02339786,82187,0.23432639,White
NY-2,98184,0.45652491,0.52927469,0.78765081,0.21234919,0.04724832,0.13269953,0.00071116,0.02072338,0.01411087,80151,-0.07274978,White
NY-3,95027,0.52607791,0.45848332,0.6817641,0.3182359,0.08757789,0.12106091,0.00089561,0.10517023,0.01132307,78159,0.06759459,White
NY-4,96693,0.47102264,0.51420774,0.69277638,0.30722362,0.11103206,0.14440765,0.00115133,0.04847223,0.01516132,77302,-0.0431851,White
NY-5,98358,0.41848758,0.56719011,0.69935171,0.30064829,0.08818021,0.17507694,0.00115251,0.02760788,0.02164888,76355,-0.14870253,White
NY-6,98234,0.47554803,0.50920918,0.73011223,0.26988777,0.06367383,0.17088327,0.00117938,0.02810221,0.01317608,78855,-0.03366115,White
NY-7,100214,0.41011812,0.5760948,0.74997497,0.25002503,0.03888805,0.13214679,0.00087614,0.06967808,0.01081406,79896,-0.16597668,White
NY-8,100077,0.40323151,0.58257235,0.84711989,0.15288011,0.01906311,0.0728751,0.00081306,0.05187316,0.00597911,79945,-0.17934084,White
NY-9,95686,0.38839765,0.59721128,0.8188481,0.1811519,0.03015955,0.10063562,0.00077831,0.04090025,0.00802958,77090,-0.20881363,White
NY-10,96392,0.67776581,0.31152784,0.22301626,0.77698374,0.17449756,0.57514649,0.0009994,0.03881222,0.03469142,73044,0.36623797,Hispanic
NY-11,96262,0.58732994,0.39755394,0.38443645,0.61556355,0.14814314,0.4329204,0.00128479,0.0415055,0.02589868,73942,0.189776,Hispanic
NY-12,96990,0.39677006,0.58864433,0.81635217,0.18364783,0.03248607,0.11354898,0.0007487,0.03190234,0.00884484,78803,-0.19187427,White
NY-13,95651,0.6553298,0.33194028,0.36051877,0.63948123,0.30408051,0.30609856,0.00193733,0.03542359,0.0243781,74329,0.32338952,Minority
NY-14,95355,0.5001546,0.48757392,0.66641499,0.33358501,0.09370157,0.12167693,0.00105967,0.1125505,0.00980197,75495,0.01258068,White
NY-15,95698,0.53681663,0.44732493,0.82288418,0.17711582,0.03983417,0.08894781,0.00084477,0.03922333,0.01002027,76944,0.0894917,White
NY-16,99347,0.59531042,0.3919119,0.64425935,0.35574065,0.05339569,0.17220656,0.00094823,0.12703742,0.01415941,78040,0.20339852,White
NY-17,100541,0.52182135,0.46404299,0.68253491,0.31746509,0.04039758,0.14649921,0.00071445,0.12527888,0.00764583,79782,0.05777836,White
NY-18,98626,0.50952162,0.47753432,0.60263917,0.39736083,0.02690792,0.12058827,0.00105768,0.24292676,0.00863773,79419,0.0319873,White
NY-19,96789,0.37610209,0.61098774,0.82822672,0.17177328,0.04006924,0.08932262,0.00060711,0.03571613,0.00707864,77416,-0.23488565,White
NY-20,95165,0.40802266,0.57718402,0.78053663,0.21946337,0.01761805,0.11428534,0.00072911,0.08033513,0.00723812,75434,-0.16916136,White
NY-21,95649,0.48998509,0.49618266,0.70039798,0.29960202,0.04172158,0.12681198,0.00110695,0.12565231,0.00772231,75884,-0.00619756999999999,White
NY-22,98053,0.52984334,0.45723754,0.79287302,0.20712698,0.03812046,0.11903275,0.00109915,0.04075591,0.00759411,80062,0.0726058,White
NY-23,96457,0.7615483,0.22833657,0.21167119,0.78832881,0.40748493,0.35907796,0.00186792,0.0351593,0.02061337,75485,0.53321173,Black
NY-24,97168,0.67989927,0.30655776,0.39084558,0.60915442,0.32165921,0.25871928,0.00136022,0.03454697,0.01737913,75723,0.37334151,Minority
NY-25,96381,0.4476643,0.54037083,0.65756897,0.34243103,0.09168184,0.1761378,0.00086823,0.06854782,0.01016664,71410,-0.09270653,White
NY-26,97583,0.72481247,0.26396739,0.26334538,0.73665462,0.37400496,0.19013387,0.00174895,0.17384036,0.01463459,77761,0.46084508,Black
NY-27,96526,0.45018739,0.53394492,0.66772297,0.33227703,0.07150995,0.14975055,0.00142732,0.10541202,0.01056739,76367,-0.08375753,White
NY-28,98028,0.67734165,0.31106703,0.32002625,0.67997375,0.26086614,0.35552493,0.00124672,0.0674147,0.01812336,76200,0.36627462,Hispanic
NY-29,97515,0.55514892,0.43215885,0.50800939,0.49199061,0.02606097,0.09449667,0.0010645,0.36291698,0.00648959,77971,0.12299007,White
NY-30,97552,0.56035433,0.42647227,0.70991943,0.29008057,0.02288577,0.09847654,0.0011646,0.15927957,0.00735324,73845,0.13388206,White
NY-31,100567,0.54164172,0.44721083,0.48302828,0.51697172,0.02497181,0.11607935,0.00129537,0.37563269,0.00644086,83374,0.09443089,Minority
NY-32,103664,0.57926244,0.40866893,0.23810626,0.76189374,0.02471908,0.1469836,0.00133085,0.59219312,0.0076032,86411,0.17059351,Asian
NY-33,97160,0.62911208,0.35953421,0.11717578,0.88282422,0.04504471,0.20585135,0.00203396,0.63842691,0.01189369,80631,0.26957787,Asian
NY-34,97780,0.58805275,0.40134471,0.23441295,0.76558705,0.07029832,0.17768859,0.00168716,0.5219842,0.01026355,78238,0.18670804,Asian
NY-35,99177,0.65295687,0.3367052,0.28626187,0.71373813,0.13718218,0.13689595,0.00263836,0.44038182,0.01103879,80353,0.31625167,Asian
NY-36,100609,0.71482908,0.27527684,0.22227141,0.77772859,0.14737938,0.14876715,0.0045342,0.44276024,0.0168208,83587,0.43955224,Asian
NY-37,100481,0.80845251,0.18382353,0.09053674,0.90946326,0.18959281,0.28585111,0.004915,0.41227993,0.02875903,79349,0.62462898,Asian
NY-38,101660,0.93695541,0.05683995,0.01778649,0.98221351,0.74869454,0.12914429,0.00403111,0.10613597,0.02127185,80623,0.88011546,Black
NY-39,97063,0.95722096,0.03673964,0.01102374,0.98897626,0.91130439,0.07208414,0.00219969,0.02261637,0.01537256,79102,0.92048132,Black
NY-40,100975,0.88303999,0.10914122,0.02335382,0.97664618,0.52554208,0.15653171,0.00885276,0.20614456,0.04673258,80201,0.77389877,Black
NY-41,99961,0.63805727,0.35331642,0.35950634,0.64049366,0.47511205,0.12439627,0.00184999,0.04552961,0.01340932,80541,0.28474085,Black
NY-42,95811,0.75374913,0.23741429,0.19886951,0.80113049,0.52690929,0.25322642,0.00298913,0.0432787,0.02180226,70589,0.51633484,Black
NY-43,99783,0.71095376,0.28186455,0.14563022,0.85436978,0.15386052,0.26125285,0.00852913,0.34532392,0.04514836,80313,0.42908921,Asian
NY-44,95456,0.74146493,0.24918529,0.11619157,0.88380843,0.11512044,0.50206863,0.00483351,0.26352645,0.03687389,74687,0.49227964,Hispanic
NY-45,104086,0.63971114,0.34922239,0.44746446,0.55253554,0.04937843,0.16433214,0.00156407,0.33534925,0.01010277,86313,0.29048875,Minority
NY-46,104976,0.60866668,0.37567588,0.51440737,0.48559263,0.06135091,0.29288381,0.0020182,0.13807746,0.0174755,85720,0.2329908,White
NY-47,100507,0.52781905,0.4599618,0.43430765,0.56569235,0.02934012,0.25052898,0.00163616,0.28817292,0.0145655,81288,0.06785725,Minority
NY-48,100614,0.76708927,0.21853821,0.34470129,0.65529871,0.061423,0.40937856,0.00278595,0.19507655,0.03053738,83275,0.54855106,Hispanic
NY-49,100270,0.73183981,0.25759562,0.08697287,0.91302713,0.02658077,0.2874266,0.00208667,0.60218615,0.02183724,82428,0.47424419,Asian
NY-50,99770,0.75710331,0.23179229,0.19547378,0.80452622,0.04457528,0.48727384,0.00231831,0.27546151,0.0334008,81525,0.52531102,Hispanic
NY-51,99733,0.76190997,0.23163595,0.04126429,0.95873571,0.10373697,0.72233041,0.00206653,0.153784,0.05611414,75489,0.53027402,Hispanic
NY-52,99235,0.76757085,0.22283401,0.07555298,0.92444702,0.11715999,0.66618946,0.00294061,0.15937319,0.04339975,77535,0.54473684,Hispanic
NY-53,103601,0.74694433,0.23636187,0.60414863,0.39585137,0.03825664,0.20355819,0.00193114,0.13685601,0.01630374,90102,0.51058246,White
NY-54,102525,0.84305618,0.14374717,0.37236745,0.62763255,0.13086167,0.23157355,0.00267669,0.26328379,0.01808759,87795,0.69930901,Minority
NY-55,102537,0.86277222,0.12292834,0.66101506,0.33898494,0.05894664,0.17194162,0.00221537,0.10408897,0.01490643,89827,0.73984388,White
NY-56,103872,0.64168301,0.34806873,0.49571276,0.50428724,0.12157839,0.31286171,0.00241735,0.08129399,0.01800213,70325,0.29361428,Minority
NY-57,101795,0.88364319,0.10028015,0.26970616,0.73029384,0.17956013,0.50011215,0.00365967,0.0856954,0.03593564,84707,0.78336304,Hispanic
NY-58,102257,0.86696274,0.12411571,0.06434763,0.93565237,0.34600036,0.49250146,0.00477873,0.13616837,0.02996873,78682,0.74284703,Hispanic
NY-59,100016,0.93967017,0.05491851,0.01703868,0.98296132,0.76382821,0.24645855,0.00313766,0.03360076,0.0191437,75534,0.88475166,Black
NY-60,104942,0.92208821,0.07221342,0.0622676,0.9377324,0.84032569,0.0946568,0.00148256,0.0310262,0.00956492,83639,0.84987479,Black
NY-61,102449,0.69913919,0.2917814,0.33326843,0.66673157,0.51082499,0.08420246,0.00158207,0.08271775,0.00918816,82171,0.40735779,Black
NY-62,99755,0.67301528,0.3177957,0.33651357,0.66348643,0.5005437,0.08710905,0.00163111,0.0851802,0.01141777,77248,0.35521958,Black
NY-63,103468,0.41803825,0.57029144,0.58857192,0.41142808,0.06214157,0.0797618,0.00092931,0.26990377,0.0079236,81781,-0.15225319,White
NY-64,102882,0.27423478,0.71599921,0.69309635,0.30690365,0.03755231,0.09672645,0.00111675,0.16001776,0.00922998,74323,-0.44176443,White
NY-65,100839,0.948773,0.04524887,0.01580918,0.98419082,0.84887002,0.16763798,0.0026898,0.01575644,0.01505762,75842,0.90352413,Black
NY-66,101767,0.94851376,0.03978985,0.15595051,0.84404949,0.65549957,0.18037301,0.00247712,0.04698116,0.01923979,83161,0.90872391,Black
NY-67,100713,0.95098112,0.03764434,0.25921206,0.74078794,0.57617908,0.12771252,0.00215199,0.06267207,0.01383763,83179,0.91333678,Black
NY-68,104677,0.86345119,0.12672778,0.2560867,0.7439133,0.61328807,0.1058392,0.00172125,0.04113199,0.01240489,84241,0.73672341,Black
NY-69,96873,0.95588369,0.03780965,0.04690974,0.95309026,0.86660926,0.08293385,0.00208202,0.02839003,0.01062859,77809,0.91807404,Black
NY-70,101620,0.85348073,0.13626532,0.28378092,0.71621908,0.39068879,0.18285329,0.00161055,0.16256539,0.01865238,80097,0.71721541,Black
NY-71,99628,0.91199573,0.07540682,0.2997258,0.7002742,0.4589668,0.19464219,0.00214982,0.07211545,0.01835713,77681,0.83658891,Black
NY-72,100742,0.94780495,0.04008829,0.41566088,0.58433912,0.28981913,0.13529045,0.00325534,0.17262695,0.01445511,85091,0.90771666,Minority
NY-73,95766,0.91687727,0.07072016,0.6205497,0.3794503,0.12441562,0.15497046,0.00206781,0.10315952,0.013383,77860,0.84615711,White
NY-74,101920,0.90189137,0.08460162,0.64042598,0.35957402,0.08644355,0.1286955,0.0019767,0.13935733,0.01345391,80943,0.81728975,White
NY-75,100006,0.75165773,0.23427319,0.12304029,0.87695971,0.03472631,0.3276125,0.00155171,0.52558992,0.03005779,74756,0.51738454,Asian
NY-76,101518,0.69386141,0.29048843,0.46668954,0.53331046,0.06854503,0.31697632,0.00269621,0.15517918,0.02753811,81596,0.40337298,Minority
NY-77,100029,0.53150609,0.45385993,0.50035436,0.49964564,0.02880429,0.14783082,0.0012276,0.32359269,0.01479447,79016,0.07764616,White
NY-78,102830,0.55344739,0.43261386,0.30938288,0.69061712,0.01913039,0.14779851,0.00122375,0.52639794,0.01540921,80082,0.12083353,Asian
NY-79,101681,0.52821549,0.45903803,0.38224859,0.61775141,0.0420916,0.14538599,0.00137215,0.4342172,0.01405526,80895,0.06917746,Asian
NY-80,99948,0.40701309,0.58442404,0.62487454,0.37512546,0.12750618,0.12459301,0.00183603,0.12904845,0.0097432,81698,-0.17741095,White
NY-81,101544,0.14489905,0.8504556,0.71581281,0.28418719,0.02039975,0.09991923,0.00094523,0.11750047,0.00974444,58187,-0.70555655,White
NY-82,97510,0.24802434,0.74211712,0.8215734,0.1784266,0.01454705,0.09321696,0.00100413,0.06511412,0.00617928,77679,-0.49409278,White
NY-83,101697,0.34075837,0.64747615,0.69426014,0.30573986,0.03878616,0.12505489,0.00132946,0.14099624,0.00809875,81988,-0.30671778,White
NY-84,100064,0.35489715,0.63489538,0.67776005,0.32223995,0.03241902,0.11365651,0.00162095,0.17159284,0.00816807,78966,-0.27999823,White
NY-85,97156,0.58136071,0.40719549,0.38148253,0.61851747,0.22813647,0.28575298,0.00207224,0.12186962,0.02781954,73833,0.17416522,Minority
NY-86,99320,0.66246743,0.32364555,0.35128108,0.64871892,0.26933326,0.2686183,0.00237888,0.13389317,0.02393178,76927,0.33882188,Minority
NY-87,102317,0.81467437,0.17254158,0.25049899,0.74950101,0.10751136,0.21283506,0.00354086,0.45161763,0.0128328,88679,0.64213279,Asian
NY-88,98612,0.87311545,0.11165939,0.55635747,0.44364253,0.08893054,0.18211512,0.00389485,0.17683967,0.01380595,89092,0.76145606,White
NY-89,103507,0.85335413,0.12898193,0.67002407,0.32997593,0.04672738,0.08082758,0.00419013,0.19010038,0.00734693,88064,0.7243722,White
NY-90,97810,0.88976883,0.09597162,0.65229403,0.34770597,0.0724448,0.14259669,0.00322126,0.13405141,0.01005525,89406,0.79379721,White
NY-91,95444,0.81912906,0.16677049,0.62834754,0.37165246,0.05574558,0.09393125,0.00640622,0.21269805,0.00588,87415,0.65235857,White
NY-92,98554,0.85828409,0.12652482,0.65871496,0.34128504,0.0678135,0.0897871,0.00615977,0.17706548,0.00631657,89289,0.73175927,White
NY-93,99801,0.85173894,0.13309453,0.51601568,0.48398432,0.09791864,0.16275848,0.00333378,0.22401676,0.01315493,88788,0.71864441,White
NY-94,99373,0.81229543,0.17337887,0.71562649,0.28437351,0.04048042,0.07428186,0.00227666,0.15549825,0.00767792,86091,0.63891656,White
NY-95,100215,0.83138878,0.15346714,0.72201646,0.27798354,0.04972658,0.09320686,0.00133518,0.12825812,0.00698935,86131,0.67792164,White
NY-96,98910,0.82773066,0.15621085,0.7888019,0.2111981,0.02618031,0.06548043,0.00116251,0.10644128,0.00548043,84300,0.67151981,White
NY-97,102390,0.89522856,0.0917955,0.69297188,0.30702812,0.08694155,0.12618695,0.00153859,0.09078801,0.00977116,87093,0.80343306,White
NY-98,100456,0.88806183,0.10161419,0.13112565,0.86887435,0.35650249,0.49064536,0.0033882,0.09205011,0.03571208,80869,0.78644764,Hispanic
NY-99,100128,0.92072116,0.06694904,0.36638376,0.63361624,0.33827527,0.22447623,0.00210101,0.1018102,0.02010802,84245,0.85377212,Minority
NY-100,97625,0.94029655,0.0493191,0.12897368,0.87102632,0.65615424,0.22690188,0.00311464,0.04267178,0.0239083,79303,0.89097745,Black
NY-101,102086,0.90673069,0.07992187,0.27927693,0.72072307,0.27348154,0.36647952,0.00273923,0.12949087,0.02598873,88346,0.82680882,Hispanic
NY-102,97130,0.86223151,0.12691416,0.21608887,0.78391113,0.22871094,0.58647461,0.00283203,0.05452881,0.02879639,81920,0.73531735,Hispanic
NY-103,99828,0.83881717,0.14885076,0.20713223,0.79286777,0.18263636,0.67304971,0.00352015,0.03431841,0.02836682,82667,0.68996641,Hispanic
NY-104,103369,0.81753081,0.17338016,0.07739519,0.92260481,0.27369515,0.7131781,0.00488495,0.04129664,0.03353082,79837,0.64415065,Hispanic
NY-105,102043,0.83115085,0.16058066,0.06810424,0.93189576,0.27549561,0.64653296,0.00392884,0.09451121,0.03507619,77631,0.67057019,Hispanic
NY-106,101010,0.86420507,0.12759929,0.07107699,0.92892301,0.38024985,0.61431973,0.00477503,0.02600182,0.03195388,74764,0.73660578,Hispanic
NY-107,96444,0.84286158,0.15092917,0.01650174,0.98349826,0.36315079,0.70622962,0.00435736,0.02000169,0.03487293,71144,0.69193241,Hispanic
NY-108,100316,0.85278634,0.1402948,0.01563128,0.98436872,0.42055774,0.66074634,0.00467465,0.02100244,0.0302044,74658,0.71249154,Hispanic
NY-109,103136,0.87471903,0.11645511,0.02896361,0.97103639,0.43766948,0.60901061,0.00377056,0.02772397,0.03684047,77442,0.75826392,Hispanic
NY-110,99064,0.85724264,0.13488029,0.02025198,0.97974802,0.35762834,0.72002266,0.00379897,0.0145328,0.04082168,72388,0.72236235,Hispanic
NY-111,98459,0.88531618,0.10864991,0.01840932,0.98159068,0.53248787,0.55687846,0.00399221,0.01118666,0.0239956,70888,0.77666627,Hispanic
NY-112,101680,0.87105433,0.12143011,0.02714256,0.97285744,0.36693591,0.53481328,0.00376324,0.12902549,0.03708172,76264,0.74962422,Hispanic
NY-113,102122,0.87063456,0.12255503,0.02690896,0.97309104,0.40550116,0.56482152,0.00331441,0.08025703,0.02688356,78747,0.74807953,Hispanic
NY-114,102389,0.62620869,0.36302497,0.33715449,0.66284551,0.14737167,0.44301579,0.00333169,0.11187068,0.02425962,81040,0.26318372,Hispanic
NY-115,103310,0.7362604,0.2532601,0.25637935,0.74362065,0.24708241,0.43508737,0.00387373,0.11124365,0.02447213,81317,0.4830003,Hispanic
NY-116,100396,0.91416528,0.07896283,0.03780622,0.96219378,0.7359884,0.25800176,0.00254024,0.02346935,0.01628233,80701,0.83520245,Black
NY-117,98891,0.92278937,0.07105961,0.02627469,0.97372531,0.71658245,0.26018768,0.00314981,0.0370628,0.01893825,76195,0.85172976,Black
NY-118,97663,0.66770924,0.31864029,0.57137902,0.42862098,0.12983634,0.24486787,0.00225479,0.07643991,0.01341725,80717,0.34906895,White
NY-119,98451,0.81631551,0.17552931,0.25782587,0.74217413,0.52928991,0.1780168,0.00160828,0.03916473,0.01441015,77723,0.6407862,Black
NY-120,97262,0.79208231,0.19997653,0.12730068,0.87269932,0.31467863,0.55990416,0.00238204,0.05172629,0.03473347,72207,0.59210578,Hispanic
NY-121,99874,0.55800036,0.43060903,0.60514962,0.39485038,0.10780846,0.19798329,0.00171821,0.09802594,0.01158853,79734,0.12739133,White
NY-122,98057,0.72845698,0.26185998,0.47179291,0.52820709,0.18308893,0.25896719,0.0014242,0.08433115,0.01846186,75832,0.466597,Minority
NY-123,98357,0.69774811,0.28977886,0.5856204,0.4143796,0.04457567,0.30393371,0.00088444,0.05578763,0.01762073,73493,0.40796925,White
NY-124,104378,0.75276883,0.23675148,0.55632597,0.44367403,0.12706973,0.19320322,0.00110059,0.12276518,0.01214322,81774,0.51601735,White
NY-125,99670,0.66100698,0.32785576,0.56503678,0.43496322,0.10080415,0.23691198,0.00158797,0.09313109,0.01704841,78717,0.33315122,White
NY-126,104762,0.66905983,0.31905033,0.63365545,0.36634455,0.07550162,0.21323891,0.0011557,0.07535409,0.01235615,81336,0.3500095,White
NY-127,98024,0.57314986,0.41298692,0.79724739,0.20275261,0.03872322,0.10664438,0.00066094,0.04823555,0.00890323,77163,0.16016294,White
NY-128,102728,0.59403163,0.39289764,0.56534288,0.43465712,0.13779606,0.25257655,0.00106531,0.04738133,0.01741651,80728,0.20113399,White
NY-129,104728,0.5581268,0.42804327,0.64498464,0.35501536,0.10153887,0.14782442,0.00115983,0.10378678,0.01058195,83633,0.13008353,White
NY-130,96861,0.59299234,0.39772969,0.39742429,0.60257571,0.22462985,0.30371171,0.00175218,0.08058581,0.0162369,68486,0.19526265,Minority
NY-131,101988,0.3323031,0.6583435,0.77679103,0.22320897,0.06457961,0.09937488,0.00125686,0.03926044,0.01061719,60468,-0.3260404,White
NY-132,97668,0.45272305,0.5312398,0.76681998,0.23318002,0.03765172,0.15787658,0.00126485,0.02754568,0.01401559,78270,-0.07851675,White
NY-133,95918,0.51051938,0.47143335,0.69234735,0.30765265,0.10859618,0.14249623,0.00135342,0.04847836,0.01705314,77581,0.03908603,White
NY-134,98069,0.60970888,0.37100087,0.59784694,0.40215306,0.20553789,0.13868696,0.00131253,0.05154223,0.02014236,79236,0.23870801,White
NY-135,101924,0.51209497,0.46939163,0.80500205,0.19499795,0.05376422,0.09161172,0.00123179,0.03067411,0.01607371,82806,0.04270334,White
NY-136,102099,0.40892042,0.57860404,0.65829222,0.34170778,0.08459711,0.15207991,0.00187283,0.04596809,0.01574396,65676,-0.16968362,White
NY-137,95582,0.56588576,0.42026423,0.50715609,0.49284391,0.19107972,0.2668967,0.00153057,0.04536667,0.02336135,74482,0.14562153,White
NY-138,96019,0.43611444,0.54819799,0.7742439,0.2257561,0.06398699,0.11859512,0.00126179,0.02690081,0.0211252,76875,-0.11208355,White
NY-139,101530,0.57343127,0.41164612,0.5112895,0.4887105,0.1895897,0.27045107,0.00173293,0.03383028,0.02493629,78480,0.16178515,White
NY-140,98267,0.42672983,0.55771421,0.68610594,0.31389406,0.11217469,0.16164861,0.00120954,0.02818349,0.02103032,76889,-0.13098438,White
NY-141,96517,0.56065021,0.42033898,0.77611177,0.22388823,0.07972543,0.10019046,0.00121435,0.02451714,0.02167939,78231,0.14031123,White
NY-142,104488,0.58317593,0.39656238,0.80693639,0.19306361,0.06190739,0.08127359,0.00084001,0.0256605,0.02024073,86904,0.18661355,White
NY-143,97085,0.5371446,0.44017839,0.85956839,0.14043161,0.04415213,0.04420229,0.00135428,0.0227344,0.02090361,79747,0.09696621,White
NY-144,102832,0.43279523,0.54337149,0.88837001,0.11162999,0.02925435,0.03812358,0.00109395,0.01720913,0.01857363,85013,-0.11057626,White
NY-145,103245,0.57720861,0.39892572,0.73578968,0.26421032,0.12336357,0.06303999,0.00107699,0.06208267,0.02004404,83566,0.17828289,White
NY-146,98886,0.40988705,0.56653893,0.90504377,0.09495623,0.02740087,0.02371398,0.00104086,0.00827669,0.02417797,79742,-0.15665188,White
NY-147,102543,0.3307823,0.64697125,0.9037133,0.0962867,0.02077347,0.03000477,0.00094147,0.00939025,0.0228765,81787,-0.31618895,White
NY-148,104195,0.43685917,0.53993869,0.85870598,0.14129402,0.02909808,0.06984742,0.00121442,0.01607609,0.01886566,83167,-0.10307952,White
NY-149,104449,0.63574782,0.34073019,0.60645638,0.39354362,0.16824791,0.08223263,0.004793,0.09073435,0.02897979,81160,0.29501763,White
NY-150,104542,0.49190322,0.485597,0.91179768,0.08820232,0.01633289,0.0232248,0.00060186,0.01524718,0.02100617,84737,0.00630621999999997,White
NY-151,99086,0.54330134,0.43445586,0.88875354,0.11124646,0.02366629,0.03363496,0.00108139,0.02819072,0.01727738,80452,0.10884548,White
NY-152,95209,0.54108494,0.43746588,0.84194701,0.15805299,0.04225296,0.0376505,0.00079125,0.05488665,0.01668227,75829,0.10361906,White
NY-153,98571,0.60026303,0.37518758,0.8466805,0.1533195,0.03492875,0.03354932,0.00161988,0.06184667,0.01336404,79018,0.22507545,White
NY-154,98899,0.5887905,0.39069767,0.75339806,0.24660194,0.08709236,0.04335325,0.00099577,0.09947722,0.01477471,80340,0.19809283,White
NY-155,99231,0.81448266,0.16173235,0.49476664,0.50523336,0.31364595,0.10465487,0.00172811,0.08919992,0.01834739,81592,0.65275031,Minority
NY-156,102356,0.53690938,0.44664222,0.87715214,0.12284786,0.04541873,0.03313275,0.00120591,0.01444707,0.02467942,83754,0.09026716,White
NY-157,99994,0.75383934,0.22399851,0.72752158,0.27247842,0.05833977,0.06482066,0.00164947,0.12564049,0.01801549,85482,0.52984083,White
NY-158,98009,0.50046015,0.47837313,0.84085382,0.15914618,0.04775645,0.03038016,0.00154988,0.01541059,0.0641499,79361,0.02208702,White
NY-159,99340,0.40963724,0.56951296,0.79944308,0.20055692,0.07670687,0.06588073,0.00344823,0.02684415,0.0233699,76851,-0.15987572,White
NY-160,99701,0.35539325,0.62682589,0.9269305,0.0730695,0.01487378,0.01800245,0.00104709,0.00826321,0.02116896,79267,-0.27143264,White
NY-161,99621,0.40979455,0.56789906,0.90472198,0.09527802,0.02116442,0.02825311,0.00146093,0.01230992,0.02428954,78717,-0.15810451,White
NY-162,102524,0.34369521,0.63466656,0.87733847,0.12266153,0.05011098,0.03764726,0.00090246,0.0125247,0.0165004,81998,-0.29097135,White
NY-163,97232,0.53873614,0.44344224,0.70012547,0.29987453,0.11836942,0.08689501,0.00132144,0.09004512,0.01230679,74918,0.0952939,White
NY-164,100385,0.40007865,0.57473208,0.91564062,0.08435938,0.01916524,0.01940154,0.00068403,0.01288461,0.02054573,80406,-0.17465343,White
NY-165,104004,0.53268342,0.44513515,0.87791677,0.12208323,0.05052923,0.02618475,0.00104643,0.01772913,0.02292519,83140,0.08754827,White
NY-166,100307,0.56342439,0.41298613,0.86786412,0.13213588,0.03859583,0.02512132,0.00085712,0.04434361,0.01750804,79335,0.15043826,White
NY-167,103444,0.52284106,0.45483581,0.87532661,0.12467339,0.04278284,0.02720324,0.00097678,0.0290347,0.01870528,81902,0.06800525,White
NY-168,99489,0.60425115,0.37293152,0.73061324,0.26938676,0.12869317,0.05169803,0.00142465,0.06555946,0.02738917,77914,0.23131963,White
NY-169,99442,0.81944974,0.15850172,0.48530298,0.51469702,0.34251217,0.09942768,0.0021964,0.067285,0.02208946,79676,0.66094802,Minority
NY-170,100331,0.31209624,0.66836712,0.91522594,0.08477406,0.02494953,0.02214142,0.00150111,0.00689735,0.02106734,77276,-0.35627088,White
NY-171,100352,0.45910929,0.51697986,0.87812596,0.12187404,0.03786246,0.03700055,0.00126824,0.01876501,0.01950379,81215,-0.05787057,White
NY-172,102534,0.38267141,0.59360658,0.89494724,0.10505276,0.03225326,0.03608939,0.00074488,0.00757294,0.02088144,80550,-0.21093517,White
NY-173,103415,0.43308609,0.53876351,0.90141591,0.09858409,0.02540691,0.03918101,0.00099847,0.00978022,0.01793641,83127,-0.10567742,White
NY-174,102294,0.5545264,0.41648386,0.89735006,0.10264994,0.02574864,0.02947801,0.00118158,0.02752102,0.01240661,81247,0.13804254,White
NY-175,102146,0.62308787,0.34933905,0.85625078,0.14374922,0.03393992,0.03097345,0.0010096,0.06117412,0.01059454,80230,0.27374882,White
NY-176,101981,0.57432685,0.39831393,0.73653734,0.26346266,0.09223214,0.04500434,0.00086798,0.11042412,0.01385206,84103,0.17601292,White
NY-177,104489,0.56208166,0.41412323,0.81973245,0.18026755,0.07874464,0.06598455,0.00097333,0.024535,0.01448123,84247,0.14795843,White
NY-178,100217,0.81773074,0.1542928,0.50184304,0.49815696,0.28941254,0.1545115,0.00183696,0.05884357,0.01650831,82201,0.66343794,White
NY-179,102992,0.83379315,0.14914878,0.23854472,0.76145528,0.54053304,0.19182465,0.00244573,0.04476349,0.02080855,75642,0.68464437,Black
NY-180,100113,0.42966606,0.54469433,0.84880156,0.15119844,0.06489331,0.04282363,0.00093095,0.02370815,0.01422489,80563,-0.11502827,White
NY-181,96926,0.47808849,0.49986593,0.79657286,0.20342714,0.09633854,0.06345753,0.00084971,0.02940495,0.01501146,77674,-0.02177744,White
NY-182,97483,0.48585773,0.49070029,0.86837969,0.13162031,0.04652262,0.03194357,0.00148218,0.02951586,0.0183995,78263,-0.00484256,White
NY-183,97488,0.56553496,0.40929314,0.74680601,0.25319399,0.09449014,0.05730011,0.00133572,0.08396512,0.01839095,80855,0.15624182,White
NY-184,101855,0.35942856,0.61695298,0.92668856,0.07331144,0.0108887,0.01874305,0.00099896,0.00680544,0.02282632,80083,-0.25752442,White
NY-185,102524,0.40792526,0.56977449,0.86324744,0.13675256,0.06437673,0.02651098,0.00091631,0.01734791,0.02155797,80759,-0.16184923,White
NY-186,101191,0.34095154,0.63940715,0.91450282,0.08549718,0.02020431,0.01559984,0.00077999,0.01849336,0.02065721,79488,-0.29845561,White
NY-187,100683,0.35698402,0.61672295,0.90061905,0.09938095,0.02682532,0.03048276,0.00132211,0.01461739,0.0176323,80931,-0.25973893,White
NY-188,101055,0.33008398,0.64845761,0.90809929,0.09190071,0.01701256,0.0174423,0.00094795,0.00837989,0.04079982,79118,-0.31837363,White
NY-189,103103,0.41424569,0.56280172,0.83873368,0.16126632,0.04142979,0.08683665,0.00114676,0.01055264,0.01949494,81970,-0.14855603,White
NY-190,98731,0.32112474,0.65445104,0.87686019,0.12313981,0.04321472,0.04254404,0.00075926,0.00874418,0.02233499,79024,-0.3333263,White
NY-191,102780,0.33745746,0.64120114,0.88572523,0.11427477,0.04129116,0.02986129,0.00083779,0.00613982,0.0333082,83553,-0.30374368,White
NY-192,97428,0.37526368,0.60619111,0.93272117,0.06727883,0.02076868,0.01630462,0.00053416,0.01040342,0.01217124,78628,-0.23092743,White
NY-193,100873,0.41433949,0.56608919,0.88542294,0.11457706,0.04341997,0.02829063,0.00081182,0.01075044,0.0267039,81299,-0.1517497,White
NY-194,97805,0.4997318,0.48053283,0.79134896,0.20865104,0.1320045,0.03080702,0.00065247,0.02027788,0.02667468,78164,0.01919897,White
NY-195,102179,0.49728265,0.48654872,0.86623687,0.13376313,0.03437996,0.02273416,0.00067863,0.06390044,0.00768308,82519,0.01073393,White
NY-196,103107,0.55084963,0.42829818,0.87675759,0.12324241,0.04484459,0.03419504,0.00064183,0.02755096,0.01495216,84135,0.12255145,White
NY-197,102769,0.6212907,0.36092806,0.74351096,0.25648904,0.08752491,0.03622948,0.00081854,0.12320869,0.00907516,84296,0.26036264,White
NY-198,99015,0.52457441,0.45642112,0.82442729,0.17557271,0.10158691,0.03244211,0.00069157,0.02976227,0.01062056,80975,0.06815329,White
NY-199,103714,0.49186032,0.48954609,0.93517494,0.06482506,0.01349921,0.02325665,0.00058954,0.01209153,0.01050339,83116,0.00231423000000003,White
NY-200,100716,0.64230503,0.33906392,0.68055695,0.31944305,0.14666482,0.13402282,0.00126923,0.03101438,0.0197924,79576,0.30324111,White
NY-201,99077,0.78541833,0.19272244,0.57232521,0.42767479,0.20835179,0.12528947,0.00218918,0.08726352,0.02068966,79025,0.59269589,White
NY-202,98511,0.93496309,0.05722513,0.0979485,0.9020515,0.75147142,0.06291737,0.00138653,0.09342105,0.01601585,70680,0.87773796,Black
OH-1,97574,0.3737257,0.6091704,0.87983563,0.12016437,0.04741402,0.0361985,0.00095535,0.00663508,0.02151495,76412,-0.2354447,White
OH-2,101877,0.26796245,0.71661251,0.92836764,0.07163236,0.02655009,0.01368701,0.00065176,0.00491896,0.01880273,81318,-0.44865006,White
OH-3,102206,0.29481383,0.69001729,0.80860506,0.19139494,0.13165177,0.02587383,0.00089264,0.01141305,0.01785282,78419,-0.39520346,White
OH-4,95397,0.37852169,0.60958757,0.94127508,0.05872492,0.01427567,0.01423512,0.00060834,0.01039583,0.01135565,73972,-0.23106588,White
OH-5,102571,0.43880367,0.54549144,0.83534494,0.16465506,0.06151199,0.07269036,0.00054468,0.0069447,0.02100742,80781,-0.10668777,White
OH-6,96887,0.40339679,0.5804888,0.87058262,0.12941738,0.04901571,0.04007482,0.00076939,0.0169532,0.01770933,75384,-0.17709201,White
OH-7,100415,0.4912851,0.49073675,0.85391194,0.14608806,0.03850498,0.05371085,0.00078202,0.03160338,0.01787465,80561,0.000548349999999975,White
OH-8,102507,0.52978647,0.45304145,0.835475,0.164525,0.07019131,0.03994423,0.00040195,0.0328221,0.01789954,79611,0.07674502,White
OH-9,102021,0.7736278,0.2088611,0.45216925,0.54783075,0.44882703,0.06542843,0.00149252,0.02044878,0.02015537,78391,0.5647667,Minority
OH-10,99490,0.63047289,0.35206267,0.6566665,0.3433335,0.23322483,0.07198329,0.00076892,0.02082479,0.02172186,78032,0.27841022,White
OH-11,96786,0.52646941,0.45808912,0.6586705,0.3413295,0.13150052,0.19239133,0.00107391,0.00809461,0.02431068,74494,0.06838029,White
OH-12,98425,0.46420689,0.52395766,0.88979527,0.11020473,0.02542575,0.03786053,0.00092698,0.02641894,0.01459332,75514,-0.05975077,White
OH-13,99359,0.49448471,0.48985144,0.79303526,0.20696474,0.12085069,0.04895218,0.00136807,0.01387973,0.02284684,80405,0.00463326999999997,White
OH-14,101777,0.35786759,0.6290029,0.92321036,0.07678964,0.01711012,0.02041733,0.00048672,0.01229283,0.01793381,80128,-0.27113531,White
OH-15,99087,0.38541575,0.60106336,0.92352995,0.07647005,0.01397574,0.02017707,0.00071504,0.01721291,0.01609485,76919,-0.21564761,White
OH-16,99994,0.66175235,0.32668191,0.87446072,0.12553928,0.0436298,0.03620786,0.00073123,0.03150364,0.01071246,82054,0.33507044,White
OH-17,97169,0.53350127,0.45542971,0.87013515,0.12986485,0.04037953,0.03405396,0.00086373,0.03794076,0.0129814,78728,0.07807156,White
OH-18,103638,0.55745915,0.43016533,0.77992599,0.22007401,0.07931632,0.07738293,0.00130474,0.04705366,0.01705651,84308,0.12729382,White
OH-19,102009,0.47673503,0.5099855,0.84488623,0.15511377,0.05020359,0.05467066,0.00099401,0.03257485,0.01614371,83500,-0.03325047,White
OH-20,97749,0.44128283,0.54970275,0.87376405,0.12623595,0.02784317,0.02602344,0.00082715,0.05662802,0.00998944,78583,-0.10841992,White
OH-21,102244,0.66346918,0.32724108,0.47605658,0.52394342,0.47685283,0.02092638,0.00073404,0.0181644,0.01127188,80377,0.3362281,Black
OH-22,99287,0.85484404,0.13721713,0.33013892,0.66986108,0.61566761,0.0251222,0.00083612,0.02393877,0.01251608,77740,0.71762691,Black
OH-23,98650,0.83576513,0.15523827,0.29425046,0.70574954,0.66517433,0.01876748,0.00107756,0.01706134,0.01243041,77954,0.68052686,Black
OH-24,98378,0.65317426,0.33850039,0.73517982,0.26482018,0.13930516,0.02286227,0.00054589,0.09099416,0.00851324,76939,0.31467387,White
OH-25,99659,0.6385992,0.34659457,0.49811351,0.50188649,0.21180519,0.26000372,0.0029493,0.0266633,0.02732756,75272,0.29200463,Minority
OH-26,99265,0.84798949,0.13986859,0.36572741,0.63427259,0.51500235,0.09388361,0.00142094,0.02297611,0.01615052,78821,0.7081209,Black
OH-27,101176,0.89623696,0.09226634,0.21870696,0.78129304,0.67835186,0.03718277,0.00111893,0.06363122,0.01327956,81328,0.80397062,Black
OH-28,96442,0.64693554,0.34267348,0.70263238,0.29736762,0.21147077,0.02508673,0.00094378,0.04901286,0.01114682,78408,0.30426206,White
OH-29,103152,0.44548485,0.54171762,0.90226043,0.09773957,0.039301,0.01734527,0.00077824,0.01930265,0.01479831,84807,-0.09623277,White
OH-30,98608,0.39474733,0.59162761,0.85405252,0.14594748,0.04242479,0.06563372,0.00081412,0.01325855,0.01919001,77384,-0.19688028,White
OH-31,101209,0.36248911,0.62476141,0.9368828,0.0631172,0.02005812,0.01153742,0.00051715,0.00512227,0.0169552,81214,-0.2622723,White
OH-32,100768,0.5308067,0.4568366,0.78375427,0.21624573,0.15839901,0.02112318,0.00089358,0.01129383,0.02101148,80575,0.0739701,White
OH-33,100751,0.5838726,0.40342642,0.61849922,0.38150078,0.28334066,0.0811303,0.00101727,0.00723391,0.01735636,79625,0.18044618,White
OH-34,95669,0.46309489,0.52551353,0.86631195,0.13368805,0.06726815,0.03168055,0.00098962,0.01769741,0.01363613,77808,-0.06241864,White
OH-35,98273,0.31072878,0.67570483,0.93656237,0.06343763,0.01382971,0.01167394,0.00050427,0.00758932,0.02004488,79322,-0.36497605,White
OH-36,95712,0.52104386,0.46484755,0.83289844,0.16710156,0.08163808,0.02352241,0.00110202,0.03792466,0.01841765,78946,0.05619631,White
OH-37,101819,0.53359966,0.45399331,0.82056058,0.17943942,0.08783809,0.01793513,0.00085585,0.05702743,0.0114659,79453,0.0796063500000001,White
OH-38,102154,0.54760796,0.43813627,0.83825023,0.16174977,0.08460886,0.01890287,0.00057354,0.0372561,0.01622636,83691,0.10947169,White
OH-39,103974,0.75305797,0.23098741,0.49715379,0.50284621,0.42742483,0.02801753,0.00124714,0.0291412,0.02274495,80985,0.52207056,Minority
OH-40,100661,0.50034065,0.4854179,0.76915927,0.23084073,0.11233654,0.02044995,0.00099235,0.0701177,0.02277381,79609,0.01492275,White
OH-41,104345,0.46557756,0.52091196,0.86527646,0.13472354,0.06309882,0.01551689,0.00074347,0.02764021,0.0194141,83393,-0.0553344,White
OH-42,100762,0.41230174,0.57461588,0.8956749,0.1043251,0.03502101,0.02101261,0.00057535,0.02525265,0.01635982,79952,-0.16231414,White
OH-43,99708,0.53160783,0.45102854,0.72108525,0.27891475,0.20774698,0.03342039,0.00096155,0.00809522,0.02796294,76959,0.08057929,White
OH-44,98849,0.36460282,0.61937199,0.89706388,0.10293612,0.04708997,0.01884871,0.00087816,0.00828529,0.02127957,78573,-0.25476917,White
OH-45,103009,0.323939,0.66215346,0.91325066,0.08674934,0.0357691,0.01443141,0.00077974,0.00825536,0.01948116,80796,-0.33821446,White
OH-46,100675,0.81838326,0.16777793,0.41580256,0.58419744,0.50917671,0.0413494,0.00168357,0.02166954,0.01765194,78405,0.65060533,Black
OH-47,99514,0.74935558,0.23382023,0.43750593,0.56249407,0.46776622,0.06062908,0.00118003,0.01958577,0.01829723,73727,0.51553535,Black
OH-48,101037,0.7641993,0.21968508,0.60006055,0.39993945,0.29514572,0.03246277,0.00136232,0.05942969,0.01308757,85883,0.54451422,White
OH-49,100059,0.53362695,0.45080952,0.88224598,0.11775402,0.03987479,0.02415867,0.00109104,0.03388708,0.01374187,76991,0.08281743,White
OH-50,100476,0.52025689,0.46491847,0.76624203,0.23375797,0.1044835,0.04645125,0.00271072,0.06300826,0.01664609,78577,0.05533842,White
OH-51,99921,0.70508157,0.28055832,0.44129202,0.55870798,0.46142386,0.04669743,0.00195122,0.036559,0.01723138,75850,0.42452325,Black
OH-52,103189,0.33123315,0.65220687,0.8841562,0.1158438,0.06394727,0.01324462,0.0008581,0.01770924,0.01581893,80410,-0.32097372,White
OH-53,100569,0.33186638,0.65385401,0.80655009,0.19344991,0.12259665,0.02082467,0.00129911,0.02535855,0.02074673,76976,-0.32198763,White
OH-54,95970,0.30781121,0.67782358,0.85085737,0.14914263,0.07195929,0.03156085,0.00197594,0.01802704,0.02399545,73889,-0.37001237,White
OH-55,99622,0.34823639,0.63896286,0.81705173,0.18294827,0.06244546,0.04881318,0.00203599,0.04729567,0.02010698,79077,-0.29072647,White
OH-56,98689,0.38167157,0.60411899,0.78263614,0.21736386,0.10348896,0.05681397,0.00111131,0.03391551,0.02298078,72887,-0.22244742,White
OH-57,96076,0.45,0.53437121,0.68901665,0.31098335,0.13702222,0.07024539,0.00177525,0.08582665,0.01954144,73229,-0.08437121,White
OH-58,104454,0.36276171,0.61969082,0.90320555,0.09679445,0.02386932,0.02313071,0.00080016,0.02289682,0.02012704,81234,-0.25692911,White
OH-59,104147,0.24795803,0.73745508,0.92515802,0.07484198,0.01628529,0.01560674,0.00082934,0.0088212,0.02721755,79581,-0.48949705,White
OH-60,99886,0.46896663,0.51525248,0.73925451,0.26074549,0.04431462,0.0350667,0.00181728,0.16261257,0.01344784,74287,-0.04628585,White
OH-61,98354,0.28069882,0.70262987,0.88072409,0.11927591,0.04932452,0.02402439,0.00095346,0.02164746,0.01842452,74466,-0.42193105,White
OH-62,98761,0.2762822,0.71004942,0.90674044,0.09325956,0.02876789,0.01834069,0.0010507,0.02096079,0.02024259,75188,-0.43376722,White
OH-63,104266,0.73400124,0.25176538,0.37643406,0.62356594,0.56472682,0.02729923,0.00128734,0.01652089,0.02068583,79233,0.48223586,Black
OH-64,96878,0.4250989,0.55926659,0.77094508,0.22905492,0.1524968,0.02361717,0.00179237,0.02858574,0.02129763,75877,-0.13416769,White
OH-65,101308,0.60501849,0.37622821,0.62622263,0.37377737,0.27644186,0.05536332,0.00193622,0.02019912,0.02530823,80053,0.22879028,White
OH-66,102657,0.49407524,0.48880136,0.84166728,0.15833272,0.06216805,0.03130431,0.00143182,0.0414984,0.01939692,81714,0.00527388000000001,White
OH-67,100771,0.36450712,0.61863358,0.83497197,0.16502803,0.08310873,0.0194359,0.00115148,0.03806198,0.01954979,79029,-0.25412646,White
OH-68,99862,0.4433631,0.53640677,0.8134386,0.1865614,0.07017877,0.03221113,0.00211283,0.05956402,0.02101441,79041,-0.09304367,White
OH-69,99533,0.33942034,0.64526776,0.84981596,0.15018404,0.06625428,0.0291524,0.00115025,0.02988089,0.02272379,78244,-0.30584742,White
OH-70,104487,0.26468154,0.72035934,0.89838733,0.10161267,0.04603941,0.02281751,0.00109063,0.00823489,0.02093035,81604,-0.4556778,White
OH-71,104289,0.41688072,0.56588193,0.80784251,0.19215749,0.12407623,0.03126622,0.00152006,0.01061569,0.02348056,80918,-0.14900121,White
OH-72,102379,0.27515047,0.70882348,0.90585601,0.09414399,0.03291223,0.01644975,0.00094144,0.01938857,0.0185998,78603,-0.43367301,White
OH-73,103545,0.1935315,0.79222285,0.92612494,0.07387506,0.02268216,0.01545017,0.00161835,0.01060777,0.01916731,79093,-0.59869135,White
OH-74,104073,0.17717702,0.80943149,0.95430966,0.04569034,0.00762347,0.01084199,0.00070681,0.00547779,0.01650911,79229,-0.63225447,White
OH-75,103918,0.19407426,0.792314,0.94050931,0.05949069,0.01012796,0.02006626,0.00474155,0.00724509,0.01483158,79088,-0.59823974,White
OH-76,99879,0.23542651,0.74818066,0.89833554,0.10166446,0.01365918,0.06672391,0.00104359,0.0044782,0.01622193,75700,-0.51275415,White
OH-77,99141,0.27915044,0.7036025,0.90192358,0.09807642,0.01035069,0.0580738,0.00069354,0.00620256,0.01886941,76420,-0.42445206,White
OH-78,95975,0.72011013,0.26381976,0.40916048,0.59083952,0.41094852,0.08114835,0.00101561,0.08400921,0.02061251,69909,0.45629037,Black
OH-79,95766,0.81390871,0.1715653,0.32454384,0.67545616,0.54787655,0.07729086,0.00142571,0.03810539,0.02263857,69439,0.64234341,Black
OH-80,102759,0.79624008,0.189143,0.43622952,0.56377048,0.46424497,0.06364084,0.00210019,0.02139079,0.02359469,77136,0.60709708,Black
OH-81,95175,0.69658832,0.288173,0.44713949,0.55286051,0.41206206,0.05679136,0.00149414,0.07322693,0.02010808,71613,0.40841532,Minority
OH-82,97278,0.55385045,0.43162035,0.61056649,0.38943351,0.30001753,0.04649469,0.00109225,0.02397551,0.02281584,74159,0.1222301,White
OH-83,103906,0.57992114,0.40209281,0.61338891,0.38661109,0.22189933,0.11587418,0.0016437,0.02925784,0.02789028,76048,0.17782833,White
OH-84,96736,0.82552775,0.15809218,0.7859177,0.2140823,0.08554462,0.04554285,0.00190958,0.06863438,0.01160095,90596,0.66743557,White
OH-85,96238,0.69420825,0.29154207,0.82285786,0.17714214,0.03868157,0.03080129,0.00140178,0.09155774,0.01129002,79185,0.40266618,White
OH-86,96947,0.66199451,0.32133725,0.74672437,0.25327563,0.08164989,0.05391426,0.00137227,0.09836779,0.01679708,75787,0.34065726,White
OH-87,104442,0.58835174,0.39733333,0.73834922,0.26165078,0.14260874,0.03480127,0.00106056,0.06613721,0.01572346,81089,0.19101841,White
OH-88,101342,0.45091216,0.53076031,0.76812657,0.23187343,0.09977491,0.07538748,0.0009261,0.03430446,0.02443887,77745,-0.07984815,White
OH-89,98002,0.56869466,0.41334857,0.77894906,0.22105094,0.06025488,0.05152618,0.00114145,0.09072475,0.01506708,74467,0.15534609,White
OH-90,100531,0.57798307,0.40816818,0.76667876,0.23332124,0.06348939,0.03294297,0.00130839,0.12090318,0.01358914,77194,0.16981489,White
OH-91,95334,0.56480517,0.41948513,0.60035977,0.39964023,0.29662566,0.04067777,0.00118958,0.04748158,0.02010677,68932,0.14532004,White
OH-92,102297,0.29076462,0.69411178,0.92782621,0.07217379,0.0233893,0.01236328,0.00070647,0.00731704,0.02349023,79267,-0.40334716,White
OH-93,96048,0.40527176,0.57716867,0.83652162,0.16347838,0.06340371,0.02166859,0.00096395,0.0494739,0.02142421,73655,-0.17189691,White
OH-94,97404,0.28791976,0.69610494,0.92334467,0.07665533,0.023714,0.01482623,0.00094325,0.00852907,0.02318259,75272,-0.40818518,White
OH-95,99944,0.50855155,0.47741816,0.76968504,0.23031496,0.05431157,0.02764108,0.0010526,0.13220418,0.01144193,73152,0.03113339,White
OH-96,99247,0.43246161,0.55103249,0.8603987,0.1396013,0.03668345,0.02724702,0.00096572,0.05293509,0.01680348,72485,-0.11857088,White
OH-97,96055,0.27592841,0.70551565,0.8903609,0.1096391,0.05724461,0.02192516,0.00091687,0.00817211,0.01809822,75256,-0.42958724,White
OH-98,101498,0.30336448,0.67884893,0.88930869,0.11069131,0.02721853,0.01747895,0.00066674,0.04101082,0.02001516,76492,-0.37548445,White
OH-99,96820,0.28896201,0.69342906,0.90177826,0.09822174,0.02034186,0.04145284,0.0007426,0.01761016,0.01514368,75411,-0.40446705,White
OH-100,97094,0.28356925,0.69960848,0.91825939,0.08174061,0.02315568,0.02891835,0.00103702,0.00753479,0.01747178,76180,-0.41603923,White
OH-101,97671,0.25354628,0.73066351,0.93898206,0.06101794,0.01147744,0.01501509,0.00109056,0.0073679,0.01997579,75191,-0.47711723,White
OH-102,96029,0.43032812,0.55184954,0.82323437,0.17676563,0.09316274,0.05305064,0.00044525,0.00914079,0.02134598,76361,-0.12152142,White
OH-103,97054,0.30180274,0.68067174,0.89752867,0.10247133,0.01646217,0.05603546,0.00080108,0.00560755,0.02014713,74899,-0.378869,White
OH-104,96916,0.32057821,0.66516181,0.82049746,0.17950254,0.12656596,0.01836177,0.00110691,0.01002735,0.01939055,76790,-0.3445836,White
OH-105,99317,0.22992379,0.75473325,0.94572267,0.05427733,0.009169,0.01304971,0.00111817,0.00684058,0.01967981,76017,-0.52480946,White
OH-106,98044,0.32691017,0.65711025,0.92047055,0.07952945,0.02344704,0.0209521,0.00103285,0.01240761,0.01727676,74551,-0.33020008,White
OH-107,97764,0.29012134,0.6948077,0.92919875,0.07080125,0.01122572,0.03012454,0.00046224,0.00483366,0.02430037,75719,-0.40468636,White
OH-108,101952,0.27403755,0.71233007,0.9071106,0.0928894,0.04491679,0.01214962,0.00083452,0.00640617,0.01984439,81484,-0.43829252,White
OH-109,101883,0.21625056,0.76929785,0.95698838,0.04301162,0.01234867,0.00887435,0.00079452,0.00445737,0.0143013,74259,-0.55304729,White
OH-110,100770,0.28940829,0.69561678,0.91680477,0.08319523,0.04172608,0.00810627,0.00055241,0.00494598,0.02308552,77841,-0.40620849,White
OH-111,104935,0.26730203,0.72047789,0.9251502,0.0748498,0.03358049,0.00984646,0.00052451,0.00599609,0.01794059,83888,-0.45317586,White
OH-112,101073,0.26242624,0.72458897,0.93490079,0.06509921,0.02677358,0.00869802,0.0008525,0.00641232,0.01964467,80938,-0.46216273,White
OH-113,103281,0.43541639,0.54976685,0.89959307,0.10040693,0.04142614,0.01654916,0.00075707,0.01776758,0.02063026,84536,-0.11435046,White
OH-114,104148,0.24594975,0.74207301,0.93901481,0.06098519,0.02314417,0.0081772,0.00041745,0.00478845,0.01982909,81446,-0.49612326,White
OH-115,101485,0.25428293,0.73503519,0.93012249,0.06987751,0.02792822,0.00898461,0.00056945,0.00449231,0.02373962,79024,-0.48075226,White
OH-116,100567,0.2390326,0.74857992,0.94104832,0.05895168,0.01527604,0.00815331,0.00092622,0.00502244,0.02569923,76656,-0.50954732,White
OH-117,100328,0.30615659,0.68054852,0.87885641,0.12114359,0.07396973,0.01245673,0.00053061,0.00806024,0.02164136,79154,-0.37439193,White
OH-118,99546,0.19786404,0.79094455,0.94564805,0.05435195,0.01350944,0.00849577,0.00071998,0.00395335,0.02263356,76391,-0.59308051,White
OK-1,101043,0.21216717,0.76691523,0.70306905,0.29693095,0.01911483,0.04316462,0.00138023,0.01877629,0.21497676,76799,-0.55474806,White
OK-2,95981,0.26187995,0.71362105,0.70325793,0.29674207,0.04537498,0.04693542,0.0017097,0.01438322,0.19277583,73697,-0.4517411,White
OK-3,97940,0.54268211,0.43273321,0.45381896,0.54618104,0.30621845,0.10718952,0.00452526,0.02064564,0.13383217,72703,0.1099489,Minority
OK-4,100840,0.55616893,0.41407565,0.63543226,0.36456774,0.10830409,0.10986233,0.00231896,0.03712792,0.11902775,81502,0.14209328,White
OK-5,101626,0.53417893,0.43558261,0.43614215,0.56385785,0.1470319,0.28505855,0.00244986,0.03703056,0.11670481,74290,0.0985963200000001,Minority
OK-6,99749,0.40379296,0.57004548,0.64471103,0.35528897,0.10279286,0.09299824,0.00170836,0.07009352,0.09712362,79023,-0.16625252,White
OK-7,101392,0.2741666,0.70296182,0.72494243,0.27505757,0.03554392,0.05710604,0.00138447,0.05599572,0.12709727,72952,-0.42879522,White
OK-8,95688,0.32974207,0.6422885,0.62499647,0.37500353,0.07674924,0.14133782,0.00272591,0.04128414,0.12355583,70802,-0.31254643,White
OK-9,102862,0.24781858,0.73160277,0.7059994,0.2940006,0.04632532,0.05992899,0.00110546,0.02181009,0.16730176,76891,-0.48378419,White
OK-10,100364,0.23377235,0.74313786,0.69039017,0.30960983,0.03283996,0.04340676,0.00288774,0.0145682,0.2205172,77223,-0.50936551,White
OK-11,98938,0.20595915,0.77822787,0.61874607,0.38125393,0.00923697,0.03238172,0.00132144,0.01057149,0.33029359,76432,-0.57226872,White
OK-12,103045,0.31436259,0.66492359,0.59837048,0.40162952,0.11309546,0.04780103,0.00128647,0.00962327,0.24623204,79287,-0.350561,White
OK-13,96431,0.21299492,0.76718274,0.72397332,0.27602668,0.04294974,0.03841809,0.00154641,0.00633354,0.19075922,74366,-0.55418782,White
OK-14,96010,0.25806363,0.71877225,0.70085062,0.29914938,0.04844281,0.04612171,0.00174766,0.01073169,0.19945113,73241,-0.46070862,White
OK-15,98197,0.20774804,0.77205488,0.77457697,0.22542303,0.05468068,0.0648881,0.00133734,0.00865175,0.09766648,73280,-0.56430684,White
OK-16,97199,0.33673721,0.63356117,0.74702286,0.25297714,0.04654933,0.05325028,0.00183798,0.03880174,0.11523096,78347,-0.29682396,White
OK-17,97920,0.25830404,0.72154589,0.56835919,0.43164081,0.02104389,0.04386822,0.001004,0.00958488,0.36525615,74701,-0.46324185,White
OK-18,99199,0.16777891,0.81892511,0.68772613,0.31227387,0.04498164,0.04727446,0.00429406,0.00792546,0.21294051,75453,-0.6511462,White
OK-19,96327,0.20047995,0.78414659,0.68977497,0.31022503,0.05309429,0.03320382,0.00111387,0.00712079,0.22054553,75413,-0.58366664,White
OK-20,94404,0.23006161,0.74802374,0.67983653,0.32016347,0.03362194,0.05157581,0.00130221,0.01149823,0.23089284,72185,-0.51796213,White
OK-21,96457,0.18248813,0.79913551,0.78533547,0.21466453,0.02610281,0.06040936,0.00164351,0.00784465,0.11860896,72406,-0.61664738,White
OK-22,102875,0.20281404,0.78094384,0.71247677,0.28752323,0.0492886,0.07374838,0.00162895,0.00991372,0.15296902,78578,-0.5781298,White
OK-23,98099,0.17513516,0.80654285,0.72811552,0.27188448,0.04503133,0.12494156,0.0023778,0.01227641,0.0930683,74859,-0.63140769,White
OK-24,94193,0.1804235,0.79907446,0.70376543,0.29623457,0.03163752,0.1619587,0.00388407,0.01189232,0.09624022,70802,-0.61865096,White
OK-25,102022,0.18764889,0.78938374,0.76077572,0.23922428,0.03184496,0.10495585,0.02287011,0.01473502,0.06857098,76213,-0.60173485,White
OK-26,96257,0.16177191,0.81912178,0.761747,0.238253,0.04261637,0.10570235,0.00191086,0.00956806,0.08590635,72742,-0.65734987,White
OK-27,101524,0.4264468,0.54563673,0.53968583,0.46031417,0.21396236,0.12407093,0.01088296,0.04646336,0.09196685,77093,-0.11918993,White
OK-28,99814,0.23535895,0.74231745,0.69271142,0.30728858,0.04471786,0.10663185,0.00266382,0.01338503,0.15014967,75831,-0.5069585,White
OK-29,101137,0.29638988,0.67513948,0.73035599,0.26964401,0.04675417,0.08529625,0.00195722,0.05422717,0.08511832,73063,-0.3787496,White
OK-30,98988,0.34554935,0.62910388,0.65864356,0.34135644,0.07048299,0.10557071,0.00224647,0.07703519,0.0961703,74784,-0.28355453,White
OK-31,99895,0.57398518,0.39528331,0.69186576,0.30813424,0.0669488,0.08498388,0.00298944,0.05382231,0.09674483,81286,0.17870187,White
OK-32,96645,0.33784633,0.63604274,0.73890296,0.26109704,0.04949609,0.06855105,0.00245071,0.03269909,0.11204428,72632,-0.29819641,White
OK-33,100372,0.59003791,0.38631146,0.28663176,0.71336824,0.08364915,0.55477768,0.00250239,0.01418983,0.09156132,69134,0.20372645,Hispanic
OK-34,97215,0.49968431,0.46961907,0.53380695,0.46619305,0.21422769,0.13186843,0.00567235,0.04215715,0.09311195,72633,0.03006524,White
OK-35,99158,0.55769295,0.41235398,0.48203474,0.51796526,0.13571108,0.26613436,0.00245882,0.04744468,0.08510695,75646,0.14533897,Minority
OK-36,99932,0.54391114,0.42624337,0.63837318,0.36162682,0.13158646,0.1091959,0.00230984,0.05086619,0.0786588,80525,0.11766777,White
OK-37,96894,0.39361912,0.58302538,0.67439899,0.32560101,0.12199834,0.06769976,0.00201358,0.07439355,0.06486987,73501,-0.18940626,White
OK-38,97831,0.40457606,0.56498195,0.70198907,0.29801093,0.10086669,0.06383065,0.00254354,0.0635884,0.07304928,74306,-0.16040589,White
OK-39,102921,0.26172259,0.7158865,0.78535246,0.21464754,0.04986591,0.04573309,0.00185264,0.03031599,0.08763134,77187,-0.45416391,White
OK-40,101969,0.73675514,0.23691005,0.36113576,0.63886424,0.4733553,0.08232983,0.00335911,0.0350488,0.07364685,78890,0.49984509,Black
OR-1,96432,0.48324742,0.48101375,0.85310201,0.14689799,0.01039391,0.05760604,0.00536501,0.02342508,0.04182126,77353,0.00223366999999997,White
OR-2,103721,0.84696496,0.12628098,0.78713964,0.21286036,0.03128102,0.0593627,0.00561634,0.08924255,0.02338778,85643,0.72068398,White
OR-3,103849,0.89042407,0.08329877,0.66290173,0.33709827,0.11643931,0.11547977,0.01328324,0.06443931,0.03872832,86500,0.8071253,White
OR-4,101696,0.90944593,0.06276458,0.7357319,0.2642681,0.05969019,0.08204967,0.00565748,0.08597637,0.03113236,92444,0.84668135,White
OR-5,101776,0.86719426,0.10342837,0.75425823,0.24574177,0.03275924,0.07612543,0.00692481,0.09788573,0.02875638,84190,0.76376589,White
OR-6,102046,0.84295981,0.13222377,0.70098698,0.29901302,0.0780342,0.09345132,0.00763652,0.0902094,0.03423227,83284,0.71073604,White
OR-7,101281,0.66518311,0.30433997,0.57211895,0.42788105,0.09690532,0.16947105,0.0157188,0.12094288,0.04159378,79459,0.36084314,White
OR-8,100419,0.63260498,0.33237862,0.56002179,0.43997821,0.07436087,0.14866986,0.01469577,0.1754543,0.04020909,77097,0.30022636,White
OR-9,97869,0.53284731,0.43260971,0.72039191,0.27960809,0.04065706,0.13868825,0.01121073,0.05910393,0.04053822,75731,0.1002376,White
OR-10,100153,0.73018544,0.23876658,0.63465674,0.36534326,0.02798559,0.07530117,0.0077188,0.234823,0.01926401,75789,0.49141886,White
OR-11,98747,0.67934104,0.28411265,0.56476543,0.43523457,0.04352216,0.19719604,0.01401978,0.15987469,0.03413681,77248,0.39522839,White
OR-12,100680,0.64259346,0.31645946,0.57070409,0.42929591,0.03611596,0.20923634,0.01125976,0.15209018,0.03479355,77888,0.326134,White
OR-13,100402,0.71182504,0.25515069,0.68024365,0.31975635,0.0341215,0.13738326,0.00960457,0.11731476,0.02882635,79129,0.45667435,White
OR-14,98340,0.64529846,0.31967993,0.715439,0.284561,0.02731714,0.12993958,0.01473197,0.08813472,0.02983674,77790,0.32561853,White
OR-15,102050,0.52317184,0.44038088,0.71220176,0.28779824,0.01611774,0.17219917,0.00829876,0.06371888,0.0340638,77120,0.0827909600000001,White
OR-16,104453,0.65786812,0.31216016,0.80911695,0.19088305,0.01645565,0.06373929,0.00559269,0.08019494,0.02044866,80641,0.34570796,White
OR-17,102619,0.62255344,0.34403407,0.77496373,0.22503627,0.02660959,0.09120888,0.00822631,0.0640117,0.03575925,83391,0.27851937,White
OR-18,101130,0.50302887,0.46588934,0.77185271,0.22814729,0.02023006,0.07793844,0.00650344,0.09023842,0.03142472,77805,0.03713953,White
OR-19,101341,0.37748864,0.59256596,0.81245039,0.18754961,0.00726966,0.11545779,0.00419549,0.02057427,0.03581913,79371,-0.21507732,White
OR-20,99038,0.45803421,0.5105017,0.65456335,0.34543665,0.01159545,0.27063249,0.00671458,0.02394596,0.04946944,74167,-0.05246749,White
OR-21,97065,0.55350678,0.41045719,0.54646921,0.45353079,0.02560144,0.33220399,0.02293747,0.0407246,0.04904439,73199,0.14304959,White
OR-22,97913,0.55443999,0.40773144,0.73842113,0.26157887,0.02296636,0.14353972,0.01341024,0.04275174,0.04149783,75763,0.14670855,White
OR-23,97322,0.52582802,0.43866578,0.73167712,0.26832288,0.01477813,0.17258457,0.00837427,0.03464206,0.04111249,75111,0.08716224,White
OR-24,97833,0.41372976,0.55017122,0.81106183,0.18893817,0.01303381,0.08985782,0.00459175,0.02502699,0.05281163,76877,-0.13644146,White
OR-25,100914,0.30544938,0.66248351,0.85369964,0.14630036,0.00760864,0.06427769,0.00454476,0.0156258,0.04535822,78332,-0.35703413,White
OR-26,105176,0.66409075,0.29559877,0.77833894,0.22166106,0.01715784,0.07852705,0.00719375,0.08411332,0.0306219,87715,0.36849198,White
OR-27,96359,0.52730932,0.44513189,0.83377367,0.16622633,0.00851873,0.06992765,0.00527174,0.02071656,0.05444579,80998,0.08217743,White
OR-28,105544,0.5629188,0.4008179,0.80089536,0.19910464,0.01877405,0.09739705,0.00585427,0.03524438,0.04228613,84212,0.1621009,White
OR-29,105809,0.56740527,0.39849069,0.80486484,0.19513516,0.02047424,0.08758359,0.00674626,0.03346049,0.04737685,84936,0.16891458,White
OR-30,101485,0.78053603,0.18396675,0.76510838,0.23489162,0.02993262,0.09196655,0.00722512,0.06917787,0.03780718,86227,0.59656928,White
OR-31,102465,0.46512964,0.50037186,0.83012813,0.16987187,0.01267737,0.07571994,0.00563166,0.02062071,0.04900032,81326,-0.03524222,White
OR-32,105709,0.47556502,0.49190115,0.73951655,0.26048345,0.00849138,0.15737035,0.00608265,0.02003625,0.06962202,82201,-0.01633613,White
OR-33,96126,0.30986952,0.65890745,0.66998438,0.33001562,0.01289761,0.24396245,0.00340066,0.01367174,0.06025795,72339,-0.34903793,White
OR-34,100654,0.25974457,0.71450256,0.84676122,0.15323878,0.01198718,0.07225985,0.00750914,0.01344659,0.03992815,80169,-0.45475799,White
OR-35,99662,0.26654793,0.70626688,0.76516787,0.23483213,0.0119672,0.12965962,0.00469176,0.0183557,0.068911,77796,-0.43971895,White
OR-36,99001,0.41682781,0.55608483,0.86243884,0.13756116,0.00708819,0.06590139,0.00441601,0.01733785,0.03324551,79710,-0.13925702,White
OR-37,99252,0.64012982,0.32898986,0.84641268,0.15358732,0.0093427,0.07643677,0.0050346,0.02950661,0.02668978,78457,0.31113996,White
OR-38,100864,0.29322973,0.67723289,0.85822371,0.14177629,0.00723436,0.04911751,0.00431114,0.01864475,0.05239692,81417,-0.38400316,White
OR-39,98712,0.38528854,0.5879242,0.84986471,0.15013529,0.00804427,0.05406723,0.00444872,0.01786803,0.05871097,82046,-0.20263566,White
OR-40,102379,0.35180559,0.62023788,0.84947763,0.15052237,0.0100062,0.06493894,0.0046632,0.01854546,0.04740721,83848,-0.26843229,White
OR-41,103766,0.35049967,0.61948448,0.7805831,0.2194169,0.01236888,0.12310392,0.00715503,0.02379204,0.04706146,80363,-0.26898481,White
OR-42,105204,0.59511959,0.37461545,0.79816524,0.20183476,0.01565969,0.10808695,0.0064976,0.02795372,0.03862335,85570,0.22050414,White
PA-1,98803,0.46095533,0.53185166,0.71896635,0.28103365,0.0726422,0.06365227,0.00122993,0.13468415,0.0086983,78866,-0.07089633,White
PA-2,103706,0.57024303,0.42175459,0.56014879,0.43985121,0.19031618,0.14120273,0.00182269,0.09804092,0.01122133,80650,0.14848844,White
PA-3,100145,0.60424586,0.38830709,0.49967781,0.50032219,0.15844009,0.13439183,0.00131453,0.18105781,0.01065804,77594,0.21593877,Minority
PA-4,101306,0.71341771,0.27801215,0.34726014,0.65273986,0.33198616,0.28650212,0.00301425,0.04745749,0.02042389,73982,0.43540556,Minority
PA-5,99424,0.8644407,0.12955551,0.11493625,0.88506375,0.51393312,0.24564377,0.00224133,0.13856583,0.01475995,73171,0.73488519,Black
PA-6,100503,0.8448123,0.14986698,0.06613296,0.93386704,0.26060506,0.67931807,0.00382999,0.04511642,0.02309054,72324,0.69494532,Hispanic
PA-7,102675,0.79599099,0.19446034,0.6959294,0.3040706,0.09597791,0.12814767,0.00169801,0.07490875,0.0128217,86572,0.60153065,White
PA-8,98392,0.95929372,0.03626696,0.16264043,0.83735957,0.71762162,0.07045065,0.00353149,0.05310029,0.0132047,78154,0.92302676,Black
PA-9,98403,0.96025857,0.03412941,0.09928828,0.90071172,0.82987903,0.05053705,0.00168153,0.02550967,0.01626779,76716,0.92612916,Black
PA-10,99803,0.90859526,0.08609863,0.28323163,0.71676837,0.65533317,0.03264584,0.00122041,0.02728826,0.01431535,81940,0.82249663,Black
PA-11,101261,0.88276424,0.10861409,0.39475985,0.60524015,0.51018263,0.04263236,0.00186642,0.05146833,0.01332483,84654,0.77415015,Black
PA-12,100847,0.96234365,0.03287609,0.09729363,0.90270637,0.85003709,0.03155296,0.00143248,0.02566956,0.01653749,78186,0.92946756,Black
PA-13,102025,0.93656662,0.05863487,0.2749452,0.7250548,0.50170034,0.05586824,0.00144558,0.16780615,0.01146987,84395,0.87793175,Black
PA-14,97204,0.6705167,0.32349031,0.49268595,0.50731405,0.25401821,0.08174454,0.00188334,0.16840381,0.01167411,77522,0.34702639,Minority
PA-15,99535,0.88174159,0.1120261,0.58428154,0.41571846,0.21057761,0.07745329,0.00115076,0.11922124,0.01350383,85161,0.76971549,White
PA-16,99765,0.89251556,0.10102319,0.53594801,0.46405199,0.25982481,0.06244702,0.00139022,0.13532636,0.01078271,88475,0.79149237,White
PA-17,103231,0.74727298,0.24463493,0.73809406,0.26190594,0.07832528,0.04382765,0.00122017,0.12758825,0.00802357,81136,0.50263805,White
PA-18,98502,0.67025518,0.3202744,0.6137837,0.3862163,0.18600741,0.13711105,0.00156662,0.05669125,0.01770407,78513,0.34998078,White
PA-19,98306,0.73814036,0.2536687,0.67653873,0.32346127,0.19696502,0.04091693,0.00051484,0.07753494,0.00915129,77694,0.48447166,White
PA-20,99331,0.68883905,0.30153079,0.76100889,0.23899111,0.12259665,0.04098615,0.00074943,0.064632,0.00916115,77392,0.38730826,White
PA-21,101969,0.57530092,0.41464193,0.78182425,0.21817575,0.05628947,0.039001,0.00082797,0.10987259,0.00884814,80921,0.16065899,White
PA-22,101809,0.59382003,0.39548198,0.73892657,0.26107343,0.06251071,0.04415906,0.00110183,0.14164687,0.00947577,81682,0.19833805,White
PA-23,102473,0.5565771,0.43224473,0.79415567,0.20584433,0.07079822,0.03563527,0.00083277,0.08614861,0.00896164,80454,0.12433237,White
PA-24,102807,0.51019397,0.47670961,0.81596795,0.18403205,0.09577476,0.04507942,0.00111558,0.02797814,0.01436304,78883,0.03348436,White
PA-25,101201,0.43951899,0.54691582,0.87862704,0.12137296,0.02702907,0.04461242,0.00098105,0.03251286,0.01292968,79507,-0.10739683,White
PA-26,98478,0.52963581,0.46050076,0.88471168,0.11528832,0.02170358,0.03150149,0.00065149,0.04693288,0.00734524,78282,0.06913505,White
PA-27,96877,0.51980845,0.46960803,0.88823301,0.11176699,0.0140403,0.03253681,0.00076208,0.04684836,0.00905451,77420,0.05020042,White
PA-28,100112,0.48782155,0.50284267,0.85744245,0.14255755,0.02256659,0.04750662,0.00092929,0.05865806,0.00867753,79631,-0.0150211200000001,White
PA-29,103275,0.57213277,0.41763761,0.81218416,0.18781584,0.06439504,0.04590622,0.00076531,0.06285228,0.01039845,82320,0.15449516,White
PA-30,96145,0.5423392,0.44579619,0.76535967,0.23464033,0.092659,0.08323225,0.0009229,0.04073937,0.01764054,75848,0.09654301,White
PA-31,98575,0.48479094,0.50571481,0.74604987,0.25395013,0.06456997,0.06795848,0.0010793,0.10883398,0.01209824,79681,-0.02092387,White
PA-32,100714,0.72776464,0.26409876,0.42209313,0.57790687,0.38074291,0.06531161,0.0015267,0.12742751,0.01376616,77291,0.46366588,Minority
PA-33,98045,0.68001124,0.31113476,0.4894302,0.5105698,0.44127077,0.03295329,0.00101108,0.02780475,0.01383586,75167,0.36887648,Minority
PA-34,98800,0.62693859,0.36333043,0.5578873,0.4421127,0.35043764,0.05769759,0.00105975,0.02751429,0.01464027,76433,0.26360816,White
PA-35,101521,0.58753401,0.40314506,0.83526377,0.16473623,0.05251625,0.02554438,0.00080139,0.07275141,0.0074254,79861,0.18438895,White
PA-36,98661,0.65254333,0.33836591,0.84407152,0.15592848,0.03895953,0.02648938,0.00083909,0.07791906,0.00551217,77465,0.31417742,White
PA-37,97502,0.51892722,0.4717477,0.85233674,0.14766326,0.04105044,0.02604234,0.00064302,0.06664266,0.00893799,77758,0.04717952,White
PA-38,103587,0.54274288,0.44641992,0.75755809,0.24244191,0.04970275,0.14721951,0.00096338,0.02914221,0.0152366,78889,0.09632296,White
PA-39,100278,0.60367165,0.38440193,0.71235374,0.28764626,0.15716984,0.07779789,0.00102314,0.04038774,0.01508474,76236,0.21926972,White
PA-40,104294,0.50247282,0.48552557,0.8582326,0.1417674,0.03043778,0.03305568,0.0010647,0.05898415,0.01098516,79835,0.01694725,White
PA-41,102938,0.61519757,0.37357223,0.80767231,0.19232769,0.05613386,0.05022185,0.00082212,0.07380944,0.00899496,82713,0.24162534,White
PA-42,104903,0.63968905,0.34921879,0.77531224,0.22468776,0.03866565,0.04614454,0.00062941,0.12345115,0.00889816,81028,0.29047026,White
PA-43,101397,0.53505576,0.45307096,0.72439543,0.27560457,0.10314772,0.12203897,0.00096434,0.04261659,0.01405717,80884,0.0819848,White
PA-44,96535,0.60216493,0.38663649,0.65556123,0.34443877,0.08855829,0.19853148,0.00182608,0.05429702,0.0135998,78310,0.21552844,White
PA-45,101653,0.37980899,0.60833785,0.89903846,0.10096154,0.02179324,0.0447091,0.00065892,0.01765668,0.0123731,81952,-0.22852886,White
PA-46,102914,0.56675207,0.41986347,0.72725098,0.27274902,0.07833148,0.15479735,0.0009926,0.03811335,0.01259283,83619,0.1468886,White
PA-47,102095,0.68743629,0.30233782,0.29288597,0.70711403,0.16973241,0.55943898,0.00242418,0.02191084,0.0226301,75077,0.38509847,Hispanic
PA-48,104250,0.4268234,0.56104739,0.83832962,0.16167038,0.04659106,0.08393531,0.00114246,0.02318247,0.01207916,84029,-0.13422399,White
PA-49,95714,0.49442295,0.49440561,0.80723119,0.19276881,0.04351629,0.06396921,0.00078044,0.0739131,0.00967477,74317,1.73400000000323E-05,White
PA-50,103068,0.69124774,0.29446655,0.27513178,0.72486822,0.15420806,0.60216503,0.00440826,0.01283382,0.03323043,74179,0.39678119,Hispanic
PA-51,104261,0.45862725,0.52687756,0.83874804,0.16125196,0.0466996,0.07926067,0.00088593,0.02561924,0.0128521,82399,-0.06825031,White
PA-52,100605,0.46097349,0.52552125,0.77536223,0.22463777,0.05886588,0.13016182,0.00142743,0.02915503,0.01443856,79163,-0.0645477600000001,White
PA-53,103865,0.32446034,0.66112543,0.92439405,0.07560595,0.01474682,0.03609311,0.00095992,0.00819534,0.01219102,83340,-0.33666509,White
PA-54,104256,0.29879569,0.68647857,0.91767526,0.08232474,0.02559448,0.03619061,0.00078314,0.00813992,0.01098771,84276,-0.38768288,White
PA-55,103542,0.3141801,0.67296936,0.88467586,0.11532414,0.04031163,0.051414,0.00069092,0.00744526,0.01261525,83946,-0.35878926,White
PA-56,95109,0.53941127,0.44776572,0.64883773,0.35116227,0.16049982,0.15324137,0.00156195,0.03431032,0.01813958,76187,0.09164555,White
PA-57,99131,0.49854757,0.49014919,0.69268615,0.30731385,0.14534891,0.13014404,0.00133488,0.02368451,0.01783648,78659,0.00839837999999998,White
PA-58,99535,0.52129015,0.46913767,0.91323405,0.08676595,0.01941276,0.02937441,0.00058525,0.02260049,0.00973751,80308,0.05215248,White
PA-59,101291,0.58110812,0.40979021,0.7634914,0.2365086,0.06885351,0.10932155,0.00142727,0.05023747,0.01403893,81274,0.17131791,White
PA-60,98847,0.3470018,0.64328546,0.87441392,0.12558608,0.03477183,0.05496232,0.00061369,0.01391855,0.01710975,81474,-0.29628366,White
PA-61,100332,0.30248957,0.68426762,0.89967708,0.10032292,0.01794581,0.04989342,0.00112321,0.01871163,0.01028757,78347,-0.38177805,White
PA-62,99836,0.37900944,0.60660637,0.80765683,0.19234317,0.03402315,0.13836601,0.00133806,0.01692713,0.0101329,76977,-0.22759693,White
PA-63,101049,0.29541552,0.68820828,0.90131344,0.09868656,0.01974792,0.04645399,0.00106029,0.02176247,0.00987396,75451,-0.39279276,White
PA-64,98816,0.3012749,0.68540751,0.90262576,0.09737424,0.02237424,0.04754008,0.00074627,0.01399945,0.01232725,72360,-0.38413261,White
PA-65,101611,0.37127602,0.61250679,0.8763819,0.1236181,0.03342785,0.06100958,0.000762,0.01765081,0.01201704,80053,-0.24123077,White
PA-66,96798,0.56389672,0.42208517,0.76415522,0.23584478,0.06323722,0.10859348,0.00084161,0.06069944,0.01035827,77233,0.14181155,White
PA-67,97799,0.55859481,0.42596528,0.60539625,0.39460375,0.1242923,0.24579978,0.00181276,0.03643911,0.01590763,76127,0.13262953,White
PA-68,104784,0.3888643,0.59705862,0.86046232,0.13953768,0.03845044,0.04628004,0.00125081,0.03984557,0.01258028,83146,-0.20819432,White
PA-69,101508,0.54616167,0.44024032,0.63863026,0.36136974,0.18091608,0.08443417,0.00126226,0.08972068,0.0154846,80015,0.10592135,White
PA-70,95318,0.71498967,0.27122647,0.46307008,0.53692992,0.33870463,0.14355513,0.00172843,0.05823591,0.01740681,73477,0.4437632,Minority
PA-71,96899,0.46581946,0.51917616,0.81407379,0.18592621,0.03552671,0.03793553,0.00139527,0.09689224,0.01195193,75971,-0.0533567,White
PA-72,102445,0.38275875,0.60293056,0.88024615,0.11975385,0.04409846,0.03209846,0.00107077,0.02573538,0.01432615,81250,-0.22017181,White
PA-73,101072,0.4096265,0.57510746,0.84871251,0.15128749,0.05757429,0.0458462,0.00121496,0.03060959,0.01444316,80661,-0.16548096,White
PA-74,104498,0.51991962,0.46601433,0.63756733,0.36243267,0.16319679,0.17770262,0.00116498,0.02289866,0.01676062,79830,0.0539052900000001,White
PA-75,97032,0.4040003,0.57941724,0.83671065,0.16328935,0.06611949,0.05459996,0.00086396,0.02837994,0.0138758,76392,-0.17541694,White
PA-76,97257,0.27784362,0.70730525,0.92030973,0.07969027,0.0251358,0.02091821,0.00061371,0.01109892,0.01758853,76584,-0.42946163,White
PA-77,101495,0.30937111,0.67564553,0.90007244,0.09992756,0.02806365,0.0402408,0.00131139,0.01217715,0.01561173,80068,-0.36627442,White
PA-78,103852,0.32230953,0.66331774,0.88948859,0.11051141,0.01987832,0.05861093,0.00099994,0.01280646,0.01599904,83005,-0.34100821,White
PA-79,97655,0.32095219,0.66414223,0.84954212,0.15045788,0.05133438,0.07039508,0.00103349,0.01390633,0.016719,76440,-0.34319004,White
PA-80,102369,0.22102426,0.76670694,0.90819985,0.09180015,0.04119158,0.02310202,0.00057073,0.00813906,0.01409447,80599,-0.54568268,White
PA-81,99305,0.22168496,0.76463153,0.94403289,0.05596711,0.01135115,0.0198839,0.00069813,0.005779,0.01469961,77349,-0.54294657,White
PA-82,98606,0.2970322,0.68977757,0.9006625,0.0993375,0.04006752,0.0299269,0.00072342,0.01604224,0.01101635,78792,-0.39274537,White
PA-83,100284,0.52117213,0.46838161,0.77539214,0.22460786,0.09174211,0.11016668,0.0013757,0.01992311,0.01288492,81413,0.05279052,White
PA-84,103477,0.42496838,0.56487512,0.89410285,0.10589715,0.04514544,0.03676671,0.00081888,0.00992155,0.01109647,84261,-0.13990674,White
PA-85,98399,0.35770505,0.63343459,0.71801385,0.28198615,0.03575435,0.23750274,0.00184381,0.01787073,0.01134649,77557,-0.27572954,White
PA-86,98135,0.34153568,0.64274545,0.91751308,0.08248692,0.01940649,0.02697763,0.001007,0.01767843,0.01453311,80437,-0.30120977,White
PA-87,99809,0.29714505,0.68751334,0.91246088,0.08753912,0.0305331,0.03311,0.00104333,0.007517,0.0132616,79553,-0.39036829,White
PA-88,98401,0.27512473,0.70904047,0.94030617,0.05969383,0.00741036,0.01379328,0.00073205,0.00819377,0.01964965,77864,-0.43391574,White
PA-89,101503,0.24213477,0.7430811,0.94352636,0.05647364,0.01057196,0.01305876,0.00088202,0.00637013,0.01776286,81631,-0.50094633,White
PA-90,102035,0.30316358,0.68250386,0.88422535,0.11577465,0.06250077,0.0185773,0.00103756,0.0121296,0.01705802,80959,-0.37934028,White
PA-91,96148,0.32721662,0.66060481,0.91806072,0.08193928,0.03802664,0.0176709,0.00073575,0.00775764,0.01354038,77472,-0.33338819,White
PA-92,99474,0.63754623,0.34751011,0.77346503,0.22653497,0.03745163,0.04321608,0.00333853,0.13042223,0.00993473,86565,0.29003612,White
PA-93,97755,0.16427052,0.82826597,0.95999028,0.04000972,0.00731636,0.00785357,0.00066512,0.00465586,0.0147862,78181,-0.66399545,White
PA-94,97012,0.23001125,0.75998247,0.92982214,0.07017786,0.03253826,0.01359939,0.0005515,0.00500107,0.0113558,79783,-0.52997122,White
PA-95,98130,0.30095735,0.68799634,0.9257889,0.0742111,0.02808503,0.01228164,0.00095354,0.01062883,0.01413787,78654,-0.38703899,White
PA-96,99659,0.32675732,0.66196413,0.9081845,0.0918155,0.05014987,0.01517253,0.00068122,0.00838515,0.01231143,80738,-0.33520681,White
PA-97,98261,0.22285811,0.76648403,0.96031442,0.03968558,0.00879208,0.00552536,0.00051043,0.00325396,0.01306689,78366,-0.54362592,White
PA-98,97336,0.26387813,0.72277503,0.92950899,0.07049101,0.02894283,0.01158982,0.00072357,0.00589012,0.01539809,78776,-0.4588969,White
PA-99,100822,0.22118204,0.76508887,0.92359305,0.07640695,0.02450812,0.02563662,0.00036799,0.00489426,0.01383642,81524,-0.54390683,White
PA-100,97533,0.26486086,0.72037345,0.93594234,0.06405766,0.01545607,0.01502462,0.00081214,0.00807066,0.01491041,78804,-0.45551259,White
PA-101,99328,0.33537451,0.65249048,0.91582775,0.08417225,0.03399403,0.01715958,0.00052984,0.01270411,0.01217427,83044,-0.31711597,White
PA-102,97864,0.34873773,0.63913043,0.93530346,0.06469654,0.01767863,0.00958375,0.00056301,0.01674028,0.01141041,79927,-0.2903927,White
PA-103,100060,0.36483789,0.62290907,0.92445483,0.07554517,0.03138386,0.01360495,0.0006693,0.01152405,0.0117796,82176,-0.25807118,White
PA-104,98474,0.31343121,0.67658748,0.946907,0.053093,0.01483833,0.00898109,0.0003401,0.00728061,0.0119286,79389,-0.36315627,White
PA-105,101290,0.34935606,0.64317262,0.89844233,0.10155767,0.05881569,0.01115219,0.0016001,0.00495788,0.01574641,82495,-0.29381656,White
PA-106,100518,0.31050925,0.67829545,0.9231864,0.0768136,0.03235537,0.01233397,0.00076631,0.0064954,0.01606821,82212,-0.3677862,White
PA-107,95870,0.41531525,0.57383099,0.89038945,0.10961055,0.05251518,0.01938076,0.00107307,0.01714301,0.01211788,76416,-0.15851574,White
PA-108,100531,0.34939108,0.63905545,0.92995659,0.07004341,0.02219599,0.01403082,0.00088538,0.00998512,0.01380947,81321,-0.28966437,White
PA-109,100442,0.45078226,0.53543162,0.84315774,0.15684226,0.10261547,0.01997247,0.00086035,0.00905828,0.01817802,81362,-0.08464936,White
PA-110,101846,0.34363481,0.64082218,0.94070844,0.05929156,0.01085082,0.01118337,0.00052961,0.00684797,0.01716918,81192,-0.29718737,White
PA-111,96597,0.31348865,0.67386509,0.92152099,0.07847901,0.0340106,0.01314695,0.00057161,0.00565111,0.01545936,76976,-0.36037644,White
PA-112,96905,0.49202283,0.4952031,0.91112343,0.08887657,0.02386632,0.0193793,0.00050286,0.02732184,0.01202986,77557,-0.00318026999999999,White
PA-113,98053,0.63216686,0.35263444,0.70434566,0.29565434,0.170918,0.0665409,0.0010612,0.03959177,0.01650749,76329,0.27953242,White
PA-114,97782,0.43440577,0.554824,0.86065143,0.13934857,0.09261277,0.01545896,0.00089729,0.00835758,0.01542051,78013,-0.12041823,White
PA-115,98940,0.28113417,0.70575175,0.93643142,0.06356858,0.01839617,0.01012851,0.00079929,0.00684393,0.0146495,80071,-0.42461758,White
PA-116,96339,0.36762067,0.61981988,0.91646259,0.08353741,0.01804137,0.01841913,0.00063829,0.02813672,0.01034285,76768,-0.25219921,White
PA-117,97424,0.29346309,0.69370997,0.94657383,0.05342617,0.0125514,0.01225861,0.00067467,0.00684853,0.01369706,78557,-0.40024688,White
PA-118,97505,0.4853762,0.50356167,0.88395146,0.11604854,0.02320445,0.01861615,0.00068364,0.05770217,0.00986025,76063,-0.01818547,White
PA-119,98304,0.60438057,0.38395109,0.86594561,0.13405439,0.03378556,0.0230447,0.00071272,0.0627071,0.00969053,79975,0.22042948,White
PA-120,98236,0.41755086,0.57141812,0.87968073,0.12031927,0.07085033,0.01597605,0.00087142,0.01324813,0.01337442,79181,-0.15386726,White
PA-121,98324,0.54719893,0.44116472,0.79076599,0.20923401,0.11993171,0.01749893,0.00072808,0.05770631,0.01110944,79662,0.10603421,White
PA-122,100793,0.69592174,0.29436899,0.6275311,0.3724689,0.32159753,0.0227176,0.00105805,0.01591935,0.01607744,82227,0.40155275,White
PA-123,99944,0.58769974,0.40089852,0.70486137,0.29513863,0.23013655,0.01908509,0.00096835,0.03157559,0.01358143,81582,0.18680122,White
PA-124,98140,0.52099514,0.46626966,0.82985737,0.17014263,0.09113154,0.02743582,0.00084945,0.0337496,0.01217116,78875,0.0547254800000001,White
PA-125,101552,0.49266645,0.49598236,0.87116777,0.12883223,0.0173702,0.018577,0.00075746,0.07729934,0.00721512,77892,-0.00331591000000003,White
PA-126,100247,0.50254957,0.48541994,0.88432629,0.11567371,0.05419583,0.01669937,0.00077758,0.02579578,0.01216968,81021,0.01712963,White
PA-127,104319,0.5367425,0.44900962,0.89599169,0.10400831,0.04164769,0.01780564,0.00073558,0.02733312,0.01129053,85647,0.08773288,White
PA-128,100161,0.83609163,0.15426462,0.51654654,0.48345346,0.40713777,0.02749104,0.00114697,0.0371135,0.01400509,82827,0.68182701,White
PA-129,103484,0.67020798,0.31619417,0.72162921,0.27837079,0.18447629,0.03808461,0.00109273,0.04246705,0.01517173,86938,0.35401381,White
PA-130,102720,0.82113511,0.16917886,0.71021851,0.28978149,0.09058681,0.03806637,0.00096287,0.14651013,0.00837044,91393,0.65195625,White
RI-1,96237,0.63720156,0.3416905,0.86432205,0.13567795,0.04110003,0.04808855,0.00232951,0.0252468,0.01550065,79416,0.29551106,White
RI-2,97932,0.63681169,0.34177313,0.84298154,0.15701846,0.05863144,0.04378804,0.00147197,0.02640889,0.01544951,80844,0.29503856,White
RI-3,102731,0.78723969,0.197322,0.20091998,0.79908002,0.20703563,0.58057756,0.00453401,0.05406545,0.04022617,75871,0.58991769,Hispanic
RI-4,101120,0.77031943,0.20955365,0.56672884,0.43327116,0.1426413,0.19635016,0.00184145,0.0882714,0.02086973,84716,0.56076578,White
RI-5,98187,0.70376264,0.2775402,0.44156344,0.55843656,0.20046202,0.3101791,0.00289428,0.01868005,0.02337993,75321,0.42622244,Minority
RI-6,102174,0.53775255,0.4420221,0.76709266,0.23290734,0.06042202,0.10456177,0.00166424,0.05196418,0.01566129,80517,0.09573045,White
RI-7,98329,0.56951019,0.41201054,0.72062869,0.27937131,0.07072122,0.14154246,0.00181304,0.06385666,0.01580474,79976,0.15749965,White
RI-8,101629,0.4780569,0.5043697,0.83359711,0.16640289,0.0397325,0.07013577,0.00097576,0.0422671,0.01225651,84037,-0.0263128,White
RI-9,98055,0.45999591,0.51983928,0.89552688,0.10447312,0.02216514,0.03762686,0.00110262,0.02140083,0.01602556,79810,-0.05984337,White
RI-10,98878,0.56241451,0.41601975,0.87393247,0.12606753,0.02681231,0.0413853,0.00116683,0.03689176,0.01480884,80560,0.14639476,White
RI-11,102107,0.58239921,0.39565952,0.89919793,0.10080207,0.01943924,0.03019902,0.00104015,0.02653538,0.01801771,86526,0.18673969,White
SC-1,97951,0.70735588,0.27390009,0.3782122,0.6217878,0.43699091,0.14031216,0.00258815,0.03036155,0.0222555,76116,0.43345579,Black
SC-2,104673,0.60770312,0.36994968,0.68549997,0.31450003,0.22552933,0.04197922,0.00215631,0.03108297,0.01424541,87186,0.23775344,White
SC-3,103959,0.53124905,0.45121728,0.74943654,0.25056346,0.17807803,0.03851409,0.00124955,0.01495954,0.01556679,85631,0.08003177,White
SC-4,102905,0.45114007,0.5324363,0.8487461,0.1512539,0.08114785,0.02932002,0.00098565,0.02474111,0.01091703,80150,-0.08129623,White
SC-5,98201,0.46746658,0.51063126,0.62251772,0.37748228,0.25186721,0.06515934,0.00338877,0.03757472,0.02488715,73773,-0.04316468,White
SC-6,96694,0.4647814,0.51551502,0.5702517,0.4297483,0.24810951,0.10360435,0.00280124,0.04530275,0.02848154,72468,-0.05073362,White
SC-7,97325,0.38969774,0.5929131,0.68067745,0.31932255,0.22364235,0.04566648,0.00175535,0.0194734,0.02848327,72920,-0.20321536,White
SC-8,99181,0.42504652,0.55924391,0.65935901,0.34064099,0.23823301,0.05477452,0.00230145,0.02536856,0.01977932,76039,-0.13419739,White
SC-9,97622,0.41147015,0.57702705,0.78167717,0.21832283,0.06389936,0.12429053,0.00061394,0.01533585,0.01457156,79813,-0.1655569,White
SC-10,96929,0.47766721,0.50888894,0.65592821,0.34407179,0.23311907,0.07833005,0.00207472,0.01907974,0.01588494,78565,-0.0312217299999999,White
SC-11,98619,0.54189046,0.44787481,0.46191008,0.53808992,0.46057382,0.05626437,0.00118208,0.00718241,0.01726863,77829,0.09401565,Minority
SC-12,98342,0.63035397,0.36180701,0.38077959,0.61922041,0.57466342,0.01964354,0.00117964,0.01152712,0.01691242,77990,0.26854696,Black
SC-13,98618,0.5139337,0.47749637,0.48042549,0.51957451,0.48031001,0.02278881,0.00087254,0.00695469,0.01356293,77933,0.03643733,Minority
SC-14,100611,0.50807094,0.47926712,0.50953759,0.49046241,0.42816901,0.02679272,0.0009261,0.02377002,0.01385298,77745,0.02880382,White
SC-15,105066,0.38654455,0.60410473,0.76867173,0.23132827,0.17907681,0.02683214,0.00100592,0.00810389,0.01412813,88476,-0.21756018,White
SC-16,102862,0.34021959,0.64988443,0.79633061,0.20366939,0.08154325,0.07421133,0.00216183,0.02326539,0.01986823,87426,-0.30966484,White
SC-17,102799,0.36266776,0.62527285,0.75219826,0.24780174,0.1384874,0.06147873,0.00133045,0.02254502,0.02058564,82679,-0.26260509,White
SC-18,103706,0.29113269,0.7009942,0.77499073,0.22500927,0.15308282,0.0407097,0.00112385,0.00835715,0.0222379,83641,-0.40986151,White
SC-19,103450,0.5522977,0.43948684,0.44158023,0.55841977,0.50526043,0.02074571,0.00096205,0.00520493,0.03201894,81077,0.11281086,Black
SC-20,103401,0.44964639,0.53992726,0.57121937,0.42878063,0.37979154,0.02722026,0.00079987,0.00695273,0.01688345,81263,-0.09028087,White
SC-21,99066,0.46083896,0.52643394,0.6041534,0.3958466,0.32910109,0.03653069,0.00132555,0.01205994,0.0192855,76949,-0.06559498,White
SC-22,101160,0.77024359,0.21699216,0.28302258,0.71697742,0.62986128,0.05461149,0.00259618,0.03107545,0.0156164,76266,0.55325143,Black
SC-23,100479,0.60254817,0.38077288,0.46914463,0.53085537,0.45435857,0.03683747,0.00172376,0.02851233,0.01671412,78317,0.22177529,Minority
SC-24,100063,0.64000093,0.33955093,0.64540497,0.35459503,0.26407545,0.04160667,0.00182951,0.03858502,0.01266495,84722,0.30045,White
SC-25,101730,0.72357705,0.26465692,0.34981898,0.65018102,0.51167118,0.09192638,0.00293678,0.04160865,0.0164308,78998,0.45892013,Black
SC-26,102617,0.45540225,0.52544877,0.66197426,0.33802574,0.20975297,0.06689759,0.00182437,0.0416153,0.02255806,81124,-0.07004652,White
SC-27,95852,0.30856881,0.67557997,0.74103817,0.25896183,0.14697534,0.06848234,0.00112153,0.01406754,0.03133351,72223,-0.36701116,White
SC-28,95522,0.25848633,0.7257958,0.8295956,0.1704044,0.07833967,0.04757279,0.00124899,0.02406395,0.0196092,72058,-0.46730947,White
SC-29,101627,0.44375951,0.54139714,0.59090795,0.40909205,0.32558955,0.05223918,0.00154124,0.01130241,0.02235421,79806,-0.09763763,White
SC-30,100729,0.32662402,0.65865051,0.72216069,0.27783931,0.18721053,0.05093385,0.0016613,0.01683951,0.02356021,79456,-0.33202649,White
SC-31,100957,0.39377798,0.59362046,0.58702796,0.41297204,0.32369122,0.06710064,0.00094596,0.01001967,0.01565806,80342,-0.19984248,White
SC-32,101314,0.32837194,0.6612384,0.69374074,0.30625926,0.24229833,0.03748525,0.00089131,0.00652791,0.01937031,79658,-0.33286646,White
SC-33,97257,0.39529076,0.59369163,0.62974762,0.37025238,0.31164864,0.03746968,0.00094395,0.00558505,0.01798755,76275,-0.19840087,White
SC-34,101539,0.49370324,0.49038481,0.58592666,0.41407334,0.30837182,0.05943818,0.00170364,0.01904293,0.02973171,79242,0.00331842999999998,White
SC-35,98152,0.42192316,0.56012022,0.72609407,0.27390593,0.11928275,0.06915719,0.00118507,0.06654722,0.01900341,70882,-0.13819706,White
SC-36,98817,0.29685903,0.68967107,0.78051169,0.21948831,0.13619578,0.0419573,0.0005559,0.01385782,0.02521409,75553,-0.39281204,White
SC-37,101055,0.2780464,0.70999279,0.75031715,0.24968285,0.16223939,0.04568229,0.0008201,0.02087418,0.02086136,78039,-0.43194639,White
SC-38,99888,0.2792832,0.70631986,0.7479259,0.2520741,0.13295292,0.0745625,0.00114388,0.0224174,0.02416609,76057,-0.42703666,White
SC-39,96475,0.56279914,0.4211855,0.4993993,0.5006007,0.36155756,0.09220152,0.00158853,0.03469404,0.01752723,74912,0.14161364,Minority
SC-40,100891,0.32403924,0.66004423,0.74946755,0.25053245,0.12788997,0.0564394,0.00103923,0.0460214,0.0174617,77942,-0.33600499,White
SC-41,95864,0.25988989,0.72116639,0.80452589,0.19547411,0.08200501,0.06812972,0.0011127,0.02035044,0.02213344,74593,-0.4612765,White
SC-42,101100,0.36649458,0.61151938,0.72925072,0.27074928,0.11628343,0.1038682,0.00178609,0.03183743,0.01982189,80063,-0.2450248,White
SC-43,97251,0.33699168,0.64550809,0.76135225,0.23864775,0.11738778,0.06439919,0.00108476,0.03509687,0.01769948,72827,-0.30851641,White
SC-44,99043,0.50855426,0.47261994,0.55071297,0.44928703,0.30196726,0.10046211,0.0017032,0.02797729,0.02055717,75740,0.03593432,White
SC-45,101762,0.56120523,0.41677347,0.56740486,0.43259514,0.26328304,0.14046315,0.00174536,0.01661882,0.02129839,79067,0.14443176,White
SC-46,105183,0.2920144,0.69186613,0.82541479,0.17458521,0.07604084,0.04419517,0.00091478,0.02966165,0.02304095,87453,-0.39985173,White
SC-47,104828,0.20141558,0.78311505,0.84861525,0.15138475,0.06793922,0.04078517,0.00079335,0.01214059,0.02636071,83192,-0.58169947,White
SC-48,100226,0.22627925,0.75971837,0.83465567,0.16534433,0.08938204,0.03487824,0.00060225,0.01674522,0.02071223,76380,-0.53343912,White
SC-49,103492,0.34506163,0.64064108,0.71236856,0.28763144,0.21179253,0.04214771,0.00167905,0.01310145,0.02030787,81594,-0.29557945,White
SC-50,105556,0.55966885,0.42927228,0.46342842,0.53657158,0.4666593,0.03509742,0.00217439,0.02062603,0.0183165,81402,0.13039657,Black
SC-51,96016,0.37974252,0.60784471,0.70567499,0.29432501,0.20265923,0.05351973,0.00071038,0.02127118,0.01655318,74608,-0.22810219,White
SD-1,98789,0.51215764,0.45618663,0.78017589,0.21982411,0.07656181,0.06076809,0.00133999,0.03062472,0.05119299,76866,0.05597101,White
SD-2,98425,0.37254781,0.6025199,0.87841941,0.12158059,0.03082741,0.03675954,0.00119486,0.0241643,0.0246563,71138,-0.22997209,White
SD-3,96939,0.37890051,0.59675392,0.90722999,0.09277001,0.01898011,0.02370077,0.00112795,0.02141703,0.0224475,71812,-0.21785341,White
SD-4,97096,0.34017075,0.6348321,0.87545112,0.12454888,0.0132011,0.04897837,0.00168236,0.03265677,0.02788104,73706,-0.29466135,White
SD-5,98512,0.34113119,0.6359725,0.87306229,0.12693771,0.01058816,0.03049603,0.00118833,0.01409974,0.07065892,74895,-0.29484131,White
SD-6,97377,0.28619819,0.69185959,0.88644777,0.11355223,0.01043307,0.0318377,0.00169622,0.00636754,0.06343309,74283,-0.4056614,White
SD-7,100155,0.36647465,0.61351729,0.58797343,0.41202657,0.00693733,0.01650072,0.00115154,0.00591217,0.38847618,71209,-0.24704264,White
SD-8,99843,0.25728319,0.71210876,0.89624662,0.10375338,0.01093885,0.0279081,0.00223112,0.01004641,0.0473762,78436,-0.45482557,White
SD-9,99531,0.37157625,0.59514067,0.78720582,0.21279418,0.02108959,0.04217917,0.00218437,0.02145365,0.12844884,76910,-0.22356442,White
TN-1,95444,0.18141719,0.8051366,0.92068312,0.07931688,0.02060112,0.02471366,0.00075589,0.0056115,0.02566172,78054,-0.62371941,White
TN-2,97016,0.18973155,0.79534551,0.93828403,0.06171597,0.01104163,0.01535895,0.00050942,0.00695355,0.02334407,78521,-0.60561396,White
TN-3,97834,0.3642381,0.61573921,0.84061289,0.15938711,0.06376742,0.04376541,0.00122025,0.0230086,0.02393952,79492,-0.25150111,White
TN-4,96147,0.26396258,0.71874709,0.90229558,0.09770442,0.03572629,0.02150816,0.00078846,0.01257658,0.02286534,77366,-0.45478451,White
TN-5,101675,0.15812434,0.82903421,0.93125654,0.06874346,0.0140245,0.02089515,0.00072647,0.00543003,0.02476144,81215,-0.67090987,White
TN-6,100289,0.21767867,0.76874953,0.84858233,0.15141767,0.03398312,0.07907268,0.00316597,0.01092771,0.02537883,78333,-0.55107086,White
TN-7,100572,0.18132886,0.80079504,0.91415437,0.08584563,0.02437332,0.02671524,0.00073108,0.00659207,0.0245468,80703,-0.61946618,White
TN-8,98380,0.20033078,0.77603198,0.8749984,0.1250016,0.01264692,0.06821169,0.00088056,0.01454842,0.02679973,78359,-0.5757012,White
TN-9,97938,0.24467739,0.73964177,0.90008854,0.09991146,0.03251387,0.02753978,0.00097659,0.00967473,0.02604234,76798,-0.49496438,White
TN-10,105080,0.37866388,0.60199373,0.85404392,0.14595608,0.0425889,0.0420132,0.00121263,0.03350032,0.02205999,81641,-0.22332985,White
TN-11,101060,0.58783371,0.3899786,0.66897294,0.33102706,0.22186495,0.06822476,0.00117607,0.01471343,0.03109087,79927,0.19785511,White
TN-12,99770,0.54763014,0.42621339,0.77787116,0.22212884,0.09416044,0.05940404,0.00219704,0.04356856,0.02402334,83294,0.12141675,White
TN-13,103481,0.39646139,0.583484,0.82733159,0.17266841,0.05058881,0.04400015,0.0012622,0.04968003,0.02278264,79227,-0.18702261,White
TN-14,102169,0.23216327,0.74817632,0.91646225,0.08353775,0.02446892,0.01576068,0.00072364,0.00777609,0.0293627,81532,-0.51601305,White
TN-15,101907,0.29466742,0.68441495,0.87648536,0.12351464,0.03900462,0.03817183,0.00083279,0.01436882,0.02769353,80452,-0.38974753,White
TN-16,102453,0.22103421,0.75994692,0.88970499,0.11029501,0.0162966,0.05410858,0.00061611,0.00887917,0.02637174,82778,-0.53891271,White
TN-17,102876,0.1814955,0.80680205,0.90301616,0.09698384,0.02653343,0.02559279,0.00080626,0.00792827,0.0343884,81859,-0.62530655,White
TN-18,96976,0.22217128,0.76009985,0.82551275,0.17448725,0.06020946,0.06590156,0.00180932,0.01407837,0.0337828,75719,-0.53792857,White
TN-19,100965,0.25358567,0.72971315,0.88558412,0.11441588,0.03577134,0.02688467,0.00088617,0.01817274,0.02915627,80120,-0.47612748,White
TN-20,101676,0.3699252,0.61046821,0.74036175,0.25963825,0.11880843,0.07044603,0.00148137,0.04645778,0.02411273,80331,-0.24054301,White
TN-21,102636,0.70099777,0.27889485,0.43021453,0.56978547,0.44552933,0.0906636,0.00121268,0.01770266,0.02307846,79988,0.42210292,Black
TN-22,101411,0.41229446,0.56726577,0.86602883,0.13397117,0.05251088,0.03411543,0.00094936,0.01935715,0.02534923,81107,-0.15497131,White
TN-23,96064,0.17528694,0.81174603,0.90961735,0.09038265,0.02338682,0.02912519,0.00060404,0.00606665,0.02980802,76154,-0.63645909,White
TN-24,104030,0.17920055,0.80917694,0.93140721,0.06859279,0.01642798,0.01814221,0.00094044,0.0065831,0.02203493,84003,-0.62997639,White
TN-25,97779,0.16142271,0.82879488,0.9456674,0.0543326,0.00967655,0.01261935,0.00068109,0.004819,0.02311834,77817,-0.66737217,White
TN-26,102030,0.18089071,0.80942968,0.9174474,0.0825526,0.02905204,0.02421211,0.00068431,0.00434225,0.02319187,80373,-0.62853897,White
TN-27,99758,0.25774139,0.72475837,0.87055078,0.12944922,0.03332697,0.05240369,0.00131168,0.01632601,0.02730341,78525,-0.46701698,White
TN-28,102890,0.21126367,0.77537817,0.88627034,0.11372966,0.02426783,0.05105131,0.00115144,0.00728411,0.02506884,79900,-0.5641145,White
TN-29,100663,0.24348667,0.73416876,0.87164232,0.12835768,0.04663409,0.03745664,0.00082281,0.01234208,0.02674751,78998,-0.49068209,White
TN-30,97051,0.25485294,0.72976862,0.83706191,0.16293809,0.07234651,0.05335976,0.00106531,0.01019459,0.0251898,74157,-0.47491568,White
TN-31,99230,0.33593455,0.64726375,0.79492749,0.20507251,0.09217933,0.05652606,0.00180121,0.02785246,0.0236938,75505,-0.3113292,White
TN-32,99995,0.33487852,0.63974789,0.80546278,0.19453722,0.0857041,0.05106338,0.00132015,0.03206643,0.02227092,75749,-0.30486937,White
TN-33,95879,0.28061684,0.6993377,0.84288226,0.15711774,0.07021633,0.04034951,0.00098147,0.01946591,0.02258755,73359,-0.41872086,White
TN-34,98622,0.47891948,0.4999712,0.56439584,0.43560416,0.19471809,0.16963043,0.00228196,0.05156676,0.02476763,71868,-0.02105172,White
TN-35,98616,0.50241992,0.47435967,0.62147047,0.37852953,0.22546195,0.08838109,0.00155715,0.0441581,0.02337019,77064,0.02806025,White
TN-36,96111,0.33783202,0.6417194,0.76870448,0.23129552,0.10904074,0.05646905,0.00139395,0.04211709,0.02224624,70304,-0.30388738,White
TN-37,98172,0.40517475,0.57826315,0.79205642,0.20794358,0.05646106,0.06246383,0.00103635,0.07062006,0.01406479,74299,-0.1730884,White
TN-38,99084,0.33523452,0.64771107,0.82335542,0.17664458,0.04865712,0.04636477,0.0012571,0.05850686,0.0171557,67616,-0.31247655,White
TN-39,98436,0.31507504,0.66872394,0.90096663,0.09903337,0.02489814,0.03270045,0.00117168,0.01331452,0.02298085,75106,-0.3536489,White
TN-40,103076,0.58429947,0.38455492,0.53673511,0.46326489,0.17692853,0.18123244,0.00167093,0.09223018,0.02203853,78998,0.19974455,White
TN-41,100422,0.70816951,0.25032765,0.38399064,0.61600936,0.30676184,0.25349922,0.00142229,0.04748043,0.02459093,75231,0.45784186,Minority
TN-42,104307,0.56576848,0.40197557,0.61132139,0.38867861,0.2268123,0.10577605,0.00176634,0.03490622,0.02413996,83223,0.16379291,White
TN-43,100919,0.67071065,0.30518243,0.73381441,0.26618559,0.13091668,0.05560943,0.00108242,0.06473109,0.01468035,88690,0.36552822,White
TN-44,98209,0.55771363,0.41805884,0.8028176,0.1971824,0.07242062,0.05438398,0.00146984,0.05060973,0.01651698,80281,0.13965479,White
TN-45,100896,0.73499099,0.23360845,0.58123322,0.41876678,0.26859032,0.1098643,0.00170246,0.02077741,0.0245427,80472,0.50138254,White
TN-46,101161,0.74485951,0.21706364,0.37423701,0.62576299,0.53159893,0.06203166,0.00120341,0.01833656,0.01847303,80604,0.52779587,Black
TN-47,100230,0.27161969,0.71246435,0.81038797,0.18961203,0.07696157,0.06878342,0.00136961,0.01619828,0.0252061,75934,-0.44084466,White
TN-48,96264,0.54190483,0.42431891,0.51435214,0.48564786,0.31102532,0.11356852,0.00911361,0.04073139,0.02705379,69676,0.11758592,White
TN-49,96378,0.37975001,0.59469338,0.68221108,0.31778892,0.17358159,0.07828884,0.00651817,0.03641671,0.02984186,70572,-0.21494337,White
TN-50,102248,0.23370373,0.74938071,0.80667976,0.19332024,0.08036505,0.07967192,0.00123224,0.00799671,0.02499134,77907,-0.51567698,White
TN-51,98592,0.19080783,0.79540392,0.89090718,0.10909282,0.04989996,0.02245564,0.00090823,0.00700258,0.02595693,75972,-0.60459609,White
TN-52,100974,0.3090609,0.674455,0.78186092,0.21813908,0.11852956,0.06171809,0.00100188,0.01288309,0.02290184,77854,-0.3653941,White
TN-53,100188,0.22974162,0.75173643,0.89308072,0.10691928,0.04020492,0.03080205,0.00081764,0.00715436,0.02507857,78274,-0.52199481,White
TN-54,100428,0.22073864,0.7631993,0.90099659,0.09900341,0.04191707,0.0200703,0.00118431,0.00715627,0.02447997,79371,-0.54246066,White
TN-55,96771,0.15975904,0.82515663,0.89222744,0.10777256,0.06103286,0.01774909,0.0006651,0.00472092,0.02077465,76680,-0.66539759,White
TN-56,99134,0.21104503,0.77395315,0.83491891,0.16508109,0.10808896,0.02714875,0.0014422,0.00662905,0.02031728,79046,-0.56290812,White
TN-57,101141,0.23692555,0.75137868,0.77645207,0.22354793,0.16278495,0.03297075,0.00105392,0.00628448,0.01871032,76856,-0.51445313,White
TN-58,99921,0.53834012,0.44889369,0.4591736,0.5408264,0.49257061,0.03064063,0.00116665,0.00638453,0.01521775,78001,0.08944643,Black
TN-59,104635,0.29157548,0.69301033,0.7398007,0.2601993,0.19286829,0.03043583,0.00072037,0.01471965,0.01918598,83290,-0.40143485,White
TN-60,103633,0.27335717,0.71334753,0.72981576,0.27018424,0.20061371,0.02746406,0.00175709,0.01353468,0.02569424,78539,-0.43999036,White
TN-61,99834,0.71670365,0.26719929,0.25579175,0.74420825,0.67203631,0.04890808,0.00103795,0.01130671,0.01637189,72258,0.44950436,Black
TN-62,103092,0.84270368,0.13882335,0.34271587,0.65728413,0.57039261,0.0448761,0.00098888,0.03180882,0.01430337,84945,0.70388033,Black
TN-63,102072,0.43243581,0.55164593,0.58220294,0.41779706,0.28899053,0.07218899,0.00142032,0.03807513,0.02008001,76743,-0.11921012,White
TN-64,97060,0.61924033,0.36644811,0.41567592,0.58432408,0.44510642,0.07041824,0.00122074,0.05502627,0.01705058,75364,0.25279222,Black
TN-65,100769,0.59664418,0.38378023,0.50253728,0.49746272,0.31001544,0.14599421,0.0014406,0.02924037,0.0187019,77051,0.21286395,White
TN-66,103116,0.3596619,0.62534103,0.79107037,0.20892963,0.09208287,0.03096748,0.00128611,0.06788637,0.01368067,79309,-0.26567913,White
TN-67,103824,0.76265703,0.22381222,0.22698779,0.77301221,0.63305835,0.06574559,0.00109074,0.06778917,0.01175999,79762,0.53884481,Black
TN-68,100802,0.90062154,0.08488719,0.07582471,0.92417529,0.76941454,0.14309327,0.00087506,0.01132023,0.01359817,71995,0.81573435,Black
TN-69,98579,0.94457922,0.04075691,0.02295774,0.97704226,0.95480111,0.02032125,0.0007301,0.00258241,0.00804467,73962,0.90382231,Black
TX-1,100267,0.35181782,0.63155079,0.52710024,0.47289976,0.04002086,0.38538037,0.00237811,0.02862629,0.0256632,78634,-0.27973297,White
TX-2,100986,0.62132524,0.36424238,0.17893081,0.82106919,0.04822018,0.75476481,0.0014951,0.01246782,0.02223147,76918,0.25708286,Hispanic
TX-3,100957,0.46760994,0.51528362,0.35803112,0.64196888,0.05293313,0.52077609,0.00236995,0.05648805,0.02410313,76795,-0.0476736800000001,Hispanic
TX-4,102522,0.5392376,0.44915254,0.17457379,0.82542621,0.04097034,0.76329109,0.00126859,0.01694476,0.01726838,77251,0.09008506,Hispanic
TX-5,99749,0.61939738,0.36900092,0.04961181,0.95038819,0.00442226,0.93972357,0.0005119,0.00591531,0.01282598,70326,0.25039646,Hispanic
TX-6,97151,0.61400452,0.37413352,0.05655748,0.94344252,0.00588244,0.9271869,0.00087519,0.01007188,0.01418959,69699,0.239871,Hispanic
TX-7,99595,0.49667458,0.49313191,0.1785452,0.8214548,0.00975596,0.79511093,0.0009562,0.01220881,0.01901304,72161,0.00354266999999997,Hispanic
TX-8,99614,0.53332309,0.45707371,0.12707509,0.87292491,0.00799763,0.85205784,0.00090114,0.01012377,0.01485476,71021,0.07624938,Hispanic
TX-9,97973,0.6091235,0.38070676,0.08542956,0.91457044,0.00458024,0.90470755,0.00071703,0.00370224,0.01314076,68337,0.22841674,Hispanic
TX-10,102090,0.57664421,0.41284605,0.10293522,0.89706478,0.0044803,0.88560582,0.00033498,0.00598769,0.01367817,71647,0.16379816,Hispanic
TX-11,98548,0.58270018,0.40880277,0.04806356,0.95193644,0.00672218,0.92465052,0.0004125,0.01899015,0.01590406,65455,0.17389741,Hispanic
TX-12,97644,0.59084903,0.40004894,0.06414657,0.93585343,0.01924544,0.90082439,0.00030804,0.0152702,0.01551957,68172,0.19080009,Hispanic
TX-13,102077,0.61196711,0.3758183,0.05240468,0.94759532,0.00414311,0.93712558,0.00030793,0.00522087,0.01345109,71444,0.23614881,Hispanic
TX-14,99465,0.55595689,0.43521701,0.11914297,0.88085703,0.01325324,0.82751716,0.00061295,0.03710363,0.01878337,73416,0.12073988,Hispanic
TX-15,100027,0.5832177,0.40598982,0.05702826,0.94297174,0.00578749,0.91805918,0.00049964,0.01804252,0.01500305,72052,0.17722788,Hispanic
TX-16,99563,0.54269963,0.44894421,0.11031199,0.88968801,0.00562802,0.87556909,0.00041896,0.00777868,0.01335084,71606,0.09375542,Hispanic
TX-17,98290,0.56327647,0.42685609,0.03440582,0.96559418,0.00374485,0.95986768,0.00040569,0.00235614,0.01594682,64088,0.13642038,Hispanic
TX-18,105154,0.52916467,0.46188143,0.03667046,0.96332954,0.00298847,0.95596803,0.00074026,0.00282397,0.00908879,72947,0.06728324,Hispanic
TX-19,98378,0.50425927,0.4866564,0.11500494,0.88499506,0.01170537,0.85116839,0.0009456,0.00899752,0.01464246,69797,0.01760287,Hispanic
TX-20,101419,0.64326232,0.34432087,0.03348534,0.96651466,0.00506224,0.95849825,0.00043022,0.00352779,0.01049733,69732,0.29894145,Hispanic
TX-21,102608,0.60710144,0.38224325,0.04266945,0.95733055,0.00537051,0.94336186,0.00045536,0.0083705,0.01288387,74667,0.22485819,Hispanic
TX-22,101221,0.54481671,0.44778089,0.08585783,0.91414217,0.01765212,0.88088575,0.00092834,0.00723559,0.01838933,73249,0.09703582,Hispanic
TX-23,100255,0.5982125,0.38809333,0.20626935,0.79373065,0.0288246,0.72978275,0.00185492,0.03357532,0.02450091,74936,0.21011917,Hispanic
TX-24,96895,0.65998368,0.32462991,0.20909727,0.79090273,0.04664039,0.71089961,0.00353985,0.02980991,0.02752781,77122,0.33535377,Hispanic
TX-25,100543,0.63394627,0.34578577,0.18298701,0.81701299,0.09210864,0.69425555,0.00586748,0.03206835,0.02785026,73967,0.2881605,Hispanic
TX-26,104671,0.7622312,0.2221827,0.03173911,0.96826089,0.01138076,0.95308239,0.00123271,0.00455728,0.02359577,80311,0.5400485,Hispanic
TX-27,100803,0.69273925,0.2911475,0.13561138,0.86438862,0.04216192,0.80029494,0.00375613,0.02055787,0.02528455,79337,0.40159175,Hispanic
TX-28,97637,0.68662462,0.30089824,0.09641214,0.90358786,0.03142371,0.85723025,0.00188835,0.01658289,0.02240751,75198,0.38572638,Hispanic
TX-29,103129,0.65894704,0.32225567,0.13382864,0.86617136,0.05839296,0.78119121,0.00552069,0.02616147,0.02329126,72817,0.33669137,Hispanic
TX-30,98943,0.65421313,0.3305286,0.07211858,0.92788142,0.03400652,0.88181489,0.00280746,0.013826,0.02042202,66252,0.32368453,Hispanic
TX-31,100592,0.57296646,0.41109813,0.13746047,0.86253953,0.01082941,0.83925961,0.00142178,0.00741449,0.0254458,75258,0.16186833,Hispanic
TX-32,102097,0.53766622,0.44420637,0.34214402,0.65785598,0.17824785,0.40958443,0.00187196,0.05644578,0.02907775,80130,0.09345985,Hispanic
TX-33,104823,0.32413587,0.65779905,0.60018186,0.39981814,0.06570249,0.28073776,0.00122877,0.03296798,0.02811433,81382,-0.33366318,White
TX-34,103719,0.21107173,0.77597998,0.66434302,0.33565698,0.03202683,0.25362357,0.00124951,0.02606866,0.02679206,76030,-0.56490825,White
TX-35,99956,0.23074332,0.75557686,0.69293303,0.30706697,0.08959458,0.16256255,0.00262664,0.01477483,0.04094927,76143,-0.52483354,White
TX-36,97216,0.42092378,0.55807627,0.52427184,0.47572816,0.06800225,0.37120517,0.00165692,0.0119271,0.03587714,73027,-0.13715249,White
TX-37,98331,0.29453166,0.6918629,0.48273959,0.51726041,0.06601349,0.4208713,0.00086134,0.01795351,0.02199104,74303,-0.39733124,Minority
TX-38,99326,0.31318747,0.67309312,0.49830579,0.50169421,0.02269843,0.43888431,0.00192315,0.01832882,0.02714654,76437,-0.35990565,Minority
TX-39,97169,0.24539043,0.74500167,0.43140933,0.56859067,0.07834095,0.46992848,0.00131567,0.00849323,0.01828911,76767,-0.49961124,Hispanic
TX-40,98734,0.2832453,0.70665369,0.47602842,0.52397158,0.01746346,0.47898419,0.00141009,0.00847412,0.02805272,73754,-0.42340839,Hispanic
TX-41,97795,0.19316965,0.79672765,0.68365419,0.31634581,0.08030866,0.21212161,0.00083242,0.00642152,0.0208237,75683,-0.603558,White
TX-42,97931,0.27559876,0.71439368,0.47077593,0.52922407,0.10475508,0.38927572,0.0008653,0.02330895,0.01959088,73963,-0.43879492,Minority
TX-43,99903,0.23029127,0.75681517,0.63659826,0.36340174,0.12762835,0.17714633,0.00073379,0.0416614,0.01930619,79042,-0.5265239,White
TX-44,97699,0.63434413,0.35384859,0.32484898,0.67515102,0.47225955,0.15886785,0.00111315,0.03547139,0.01843481,73665,0.28049554,Black
TX-45,97690,0.52251075,0.46707026,0.36279998,0.63720002,0.35208945,0.23186277,0.00092834,0.0424957,0.02133791,72172,0.05544049,Minority
TX-46,101133,0.15488293,0.83520123,0.81524105,0.18475895,0.09658693,0.05020942,0.00096752,0.0087841,0.02612316,78551,-0.6803183,White
TX-47,103080,0.65212963,0.32365036,0.26551653,0.73448347,0.40674902,0.2578152,0.02415292,0.06395694,0.03160582,72455,0.32847927,Black
TX-48,98076,0.54173863,0.43497409,0.3819296,0.6180704,0.32262904,0.21560496,0.019163,0.06279633,0.03616061,70657,0.10676454,Minority
TX-49,98979,0.37649203,0.60101723,0.57184136,0.42815864,0.15521427,0.22177802,0.00535677,0.03311695,0.02985803,75792,-0.2245252,White
TX-50,104112,0.64005486,0.33937329,0.35972409,0.64027591,0.2415236,0.35385337,0.00204144,0.03265032,0.02970862,78866,0.30068157,Minority
TX-51,97187,0.29430869,0.6897356,0.72494635,0.27505365,0.08429546,0.14607047,0.00160278,0.01949146,0.0278721,73622,-0.39542691,White
TX-52,98394,0.27564236,0.71129029,0.6636401,0.3363599,0.12663865,0.16702676,0.00123272,0.01870286,0.02574129,75443,-0.43564793,White
TX-53,101328,0.2792961,0.70105585,0.62331629,0.37668371,0.14227505,0.1739768,0.011627,0.03059874,0.03092315,77062,-0.42175975,White
TX-54,95266,0.246425,0.7381124,0.68102697,0.31897303,0.07246056,0.20032076,0.00255776,0.0199505,0.03161941,72329,-0.4916874,White
TX-55,102186,0.20433788,0.78393813,0.76940592,0.23059408,0.020931,0.16446479,0.00178991,0.01234673,0.03299767,82127,-0.57960025,White
TX-56,99483,0.13120126,0.85881556,0.72661131,0.27338869,0.02690439,0.21230429,0.00221097,0.00808546,0.02901252,77794,-0.7276143,White
TX-57,99217,0.31116564,0.67275855,0.51917544,0.48082456,0.05185711,0.38646486,0.00266709,0.02389868,0.02860221,76113,-0.36159291,White
TX-58,103103,0.28209274,0.70621645,0.49272619,0.50727381,0.012916,0.46999552,0.00171881,0.00991431,0.02226983,80288,-0.42412371,Minority
TX-59,96877,0.23117893,0.75490684,0.73382484,0.26617516,0.01479683,0.21055146,0.00255652,0.01449986,0.02557812,77449,-0.52372791,White
TX-60,96163,0.29204217,0.69719573,0.49820856,0.50179144,0.0228877,0.45001337,0.0017246,0.0088369,0.02541444,74800,-0.40515356,Minority
TX-61,101270,0.22105714,0.76539058,0.35861804,0.64138196,0.05645117,0.55207075,0.00186752,0.01749423,0.02610403,72824,-0.54433344,Hispanic
TX-62,100248,0.202904,0.78119671,0.5562724,0.4437276,0.07319943,0.32001082,0.00190708,0.02967471,0.02634747,73935,-0.57829271,White
TX-63,100691,0.28214286,0.70516644,0.34015833,0.65984167,0.07085737,0.55436737,0.00248222,0.02212532,0.02470146,74530,-0.42302358,Hispanic
TX-64,102589,0.18692327,0.80273599,0.37467711,0.62532289,0.02833097,0.57125795,0.00198595,0.01061023,0.02613671,72006,-0.61581272,Hispanic
TX-65,95651,0.18035859,0.81001454,0.48285174,0.51714826,0.05883321,0.43591677,0.00138447,0.00947198,0.02348119,72952,-0.62965595,Minority
TX-66,100563,0.18292523,0.8057835,0.4263143,0.5736857,0.02218768,0.53550028,0.00114471,0.00510175,0.02217354,70760,-0.62285827,Hispanic
TX-67,101420,0.20826228,0.77735299,0.49938689,0.50061311,0.04359005,0.42523371,0.00191184,0.01288187,0.02637026,75843,-0.56909071,Minority
TX-68,104644,0.19940982,0.78407344,0.730905,0.269095,0.03820899,0.17854477,0.00091094,0.0220271,0.03235112,79039,-0.58466362,White
TX-69,100354,0.33535317,0.64632232,0.4459691,0.5540309,0.10294838,0.36775825,0.00118316,0.0596067,0.03489637,73532,-0.31096915,Minority
TX-70,99751,0.11932439,0.86594349,0.55544742,0.44455258,0.04868883,0.35360908,0.00118951,0.0143282,0.0392133,73980,-0.7466191,White
TX-71,98619,0.60131833,0.36810009,0.46304371,0.53695629,0.13505592,0.29322378,0.00170577,0.10544524,0.01783848,83247,0.23321824,Minority
TX-72,101914,0.36490771,0.61155266,0.61725991,0.38274009,0.09410128,0.22207751,0.00209901,0.0430423,0.02733767,79085,-0.24664495,White
TX-73,101283,0.26091125,0.72303973,0.65377621,0.34622379,0.11666364,0.1716765,0.00141592,0.03307267,0.02408355,76982,-0.46212848,White
TX-74,101709,0.284119,0.70372534,0.53844285,0.46155715,0.18230299,0.24359925,0.00113819,0.01474538,0.02551347,78194,-0.41960634,White
TX-75,103063,0.44522533,0.53899266,0.45004655,0.54995345,0.15480782,0.26351908,0.00182205,0.11707674,0.02413885,75190,-0.09376733,Minority
TX-76,103460,0.5658596,0.42085136,0.32339413,0.67660587,0.26709436,0.26275016,0.00231332,0.13632451,0.02360394,74352,0.14500824,Minority
TX-77,95704,0.27516392,0.70837563,0.54067452,0.45932548,0.0728131,0.35111538,0.00084942,0.01353497,0.02982705,71814,-0.43321171,White
TX-78,97491,0.23807018,0.74851101,0.60292417,0.39707583,0.10699807,0.25009636,0.000957,0.01921978,0.02436366,75235,-0.51044083,White
TX-79,100218,0.85648719,0.1320144,0.06869066,0.93130934,0.58153054,0.28923446,0.00142965,0.06611459,0.01908448,74144,0.72447279,Black
TX-80,96287,0.56073419,0.42606134,0.28925866,0.71074134,0.09731005,0.08511787,0.00171941,0.52119421,0.01003226,70373,0.13467285,Asian
TX-81,98122,0.52092429,0.46278352,0.30694789,0.69305211,0.20407196,0.39044036,0.00159375,0.09037001,0.02133617,69647,0.05814077,Hispanic
TX-82,99713,0.57523337,0.41214699,0.27831353,0.72168647,0.19902081,0.17003628,0.00152408,0.34767948,0.0135414,74143,0.16308638,Asian
TX-83,104318,0.54791914,0.43665344,0.31396594,0.68603406,0.19855231,0.20208029,0.00164234,0.27817518,0.01683698,82200,0.1112657,Minority
TX-84,96149,0.58176747,0.40347407,0.26690361,0.73309639,0.2318189,0.27372643,0.00137027,0.22488189,0.01858434,70059,0.1782934,Hispanic
TX-85,96910,0.43535886,0.54966751,0.45360045,0.54639955,0.16203511,0.19448069,0.00134943,0.17683433,0.01763153,67436,-0.11430865,Minority
TX-86,103375,0.40572722,0.57919638,0.4674817,0.5325183,0.08783309,0.20077599,0.00128843,0.22859444,0.01522694,68300,-0.17346916,Minority
TX-87,99592,0.18851825,0.80041093,0.65446804,0.34553196,0.09514121,0.21023768,0.00114531,0.0127331,0.02756818,74216,-0.61189268,White
TX-88,97608,0.14733607,0.84221311,0.72376099,0.27623901,0.05938852,0.18146028,0.00113081,0.00843222,0.02782354,71630,-0.69487704,White
TX-89,97323,0.19628379,0.79416762,0.73307635,0.26692365,0.10145224,0.12175038,0.00081961,0.00773506,0.03310453,78086,-0.59788383,White
TX-90,103457,0.28681674,0.69992199,0.56815293,0.43184707,0.20359198,0.19434621,0.00142154,0.014643,0.02081455,86526,-0.41310525,White
TX-91,104535,0.22796373,0.76032688,0.6245293,0.3754707,0.13561279,0.20247778,0.00711704,0.00908771,0.02771502,79668,-0.53236315,White
TX-92,100102,0.54871615,0.4360577,0.46622034,0.53377966,0.23263642,0.25813168,0.00198227,0.02705365,0.02687911,80211,0.11265845,Minority
TX-93,98202,0.38635993,0.59764246,0.51613525,0.48386475,0.13960945,0.28080146,0.00188531,0.04099522,0.02950445,72667,-0.21128253,White
TX-94,102381,0.27212719,0.7111065,0.70389963,0.29610037,0.0485393,0.16417236,0.0019538,0.05829501,0.02555889,75238,-0.43897931,White
TX-95,102075,0.32601568,0.65594135,0.6590334,0.3409666,0.06419246,0.21093248,0.00151071,0.03954276,0.02793549,79433,-0.32992567,White
TX-96,99595,0.33242914,0.64449863,0.58893509,0.41106491,0.11058354,0.25128212,0.00274131,0.02797707,0.03259401,76241,-0.31206949,White
TX-97,98885,0.14890839,0.83831336,0.76853687,0.23146313,0.03195806,0.15392291,0.0022219,0.01733612,0.02891127,75161,-0.68940497,White
TX-98,101242,0.15864679,0.82724771,0.75386085,0.24613915,0.02905216,0.17888692,0.00172152,0.0097762,0.03072341,79581,-0.66860092,White
TX-99,99771,0.13107696,0.85692363,0.80830263,0.19169737,0.02552754,0.11538812,0.00131478,0.01283537,0.03808954,76819,-0.72584667,White
TX-100,102541,0.33389272,0.6469705,0.60157241,0.39842759,0.13992486,0.1982186,0.00352051,0.0330157,0.03462046,80386,-0.31307778,White
TX-101,98475,0.12538445,0.86402975,0.68745701,0.31254299,0.06129388,0.21984297,0.00198559,0.00817598,0.02838232,77055,-0.7386453,White
TX-102,105051,0.1922947,0.79499683,0.74969384,0.25030616,0.04351888,0.1502645,0.00130039,0.01302915,0.04281187,79207,-0.60270213,White
TX-103,103270,0.24418026,0.74094833,0.75144001,0.24855999,0.07270525,0.10834096,0.00152036,0.01678574,0.05057971,80902,-0.49676807,White
TX-104,96657,0.19946111,0.78992799,0.74539395,0.25460605,0.10478758,0.09861006,0.00155793,0.01140674,0.04066869,73816,-0.59046688,White
TX-105,104480,0.27177756,0.71684645,0.6430781,0.3569219,0.24022471,0.07097604,0.00157147,0.01404425,0.03187488,80816,-0.44506889,White
TX-106,104222,0.2414238,0.74974416,0.65221326,0.34778674,0.14307619,0.16811201,0.00163386,0.00830757,0.03199859,79566,-0.50832036,White
TX-107,97899,0.15145419,0.83842511,0.81405822,0.18594178,0.05713099,0.08221827,0.0008436,0.00733281,0.03583341,77051,-0.68697092,White
TX-108,97912,0.34793251,0.64016769,0.53803108,0.46196892,0.26782028,0.16121102,0.0014805,0.00968434,0.02808867,73624,-0.29223518,White
TX-109,95166,0.23774017,0.74752513,0.67816012,0.32183988,0.14953491,0.1271109,0.00081668,0.0185621,0.02697802,72244,-0.50978496,White
TX-110,95665,0.49514124,0.48836158,0.39983831,0.60016169,0.27938225,0.28558486,0.00132415,0.0206289,0.02593945,71744,0.00677965999999997,Minority
TX-111,98011,0.20984064,0.77743028,0.7717686,0.2282314,0.09018182,0.08412562,0.00136198,0.02723967,0.02565289,75625,-0.56758964,White
TX-112,99344,0.16171426,0.82852942,0.7915697,0.2084303,0.06458144,0.10284122,0.00109126,0.00825675,0.03077874,76059,-0.66681516,White
TX-113,98727,0.20386111,0.78794159,0.66119924,0.33880076,0.1661423,0.14041993,0.0012769,0.00883302,0.02531429,75965,-0.58408048,White
TX-114,104951,0.34800367,0.63875193,0.57446517,0.42553483,0.19640741,0.19644483,0.00098547,0.01387139,0.02464916,80165,-0.29074826,White
TX-115,104427,0.20512467,0.78369381,0.67492949,0.32507051,0.11525377,0.17649142,0.00096119,0.01086393,0.02586349,79069,-0.57856914,White
TX-116,101622,0.20448472,0.78693782,0.63747162,0.36252838,0.18973743,0.14392367,0.00092259,0.00796339,0.02297972,82377,-0.5824531,White
TX-117,100725,0.19967239,0.79004167,0.74683821,0.25316179,0.05637122,0.15481802,0.00145532,0.00904103,0.03352394,77646,-0.59036928,White
TX-118,105101,0.37639215,0.61034584,0.53971823,0.46028177,0.19353834,0.21789488,0.00165267,0.02428881,0.03217285,73820,-0.23395369,White
TX-119,97147,0.33756787,0.64593792,0.54943408,0.45056592,0.12076259,0.29311649,0.0024654,0.01070208,0.03070544,71388,-0.30837005,White
TX-120,95308,0.308403,0.67526259,0.63647336,0.36352664,0.14084143,0.18157653,0.00155181,0.013564,0.02984367,69596,-0.36685959,White
TX-121,102383,0.22609215,0.76252089,0.6845356,0.3154644,0.05751725,0.20954564,0.00146318,0.0142563,0.03632055,77229,-0.53642874,White
TX-122,102377,0.2288429,0.7577894,0.7073023,0.2926977,0.0380852,0.20131692,0.007941,0.01281359,0.03609666,75935,-0.5289465,White
TX-123,96778,0.16680064,0.81945615,0.82784072,0.17215928,0.01246936,0.11403962,0.00201418,0.00992513,0.03284967,75465,-0.65265551,White
TX-124,102208,0.17768936,0.80799061,0.82630915,0.17369085,0.01686584,0.10647456,0.00188554,0.01206746,0.03279541,76901,-0.63030125,White
TX-125,99712,0.15266267,0.83545756,0.77948201,0.22051799,0.01383876,0.15499947,0.00114107,0.00857128,0.04062732,75368,-0.68279489,White
TX-126,104950,0.3034402,0.68014282,0.68485102,0.31514898,0.08150901,0.16528179,0.00200207,0.03959645,0.03288363,76421,-0.37670262,White
TX-127,96737,0.29602696,0.68667967,0.65965946,0.34034054,0.06539263,0.19560313,0.00173863,0.04712982,0.03638192,69595,-0.39065271,White
TX-128,96901,0.31526447,0.66611933,0.68695785,0.31304215,0.09543334,0.1324868,0.00215712,0.05759963,0.02972539,65365,-0.35085486,White
TX-129,101554,0.42657985,0.55307204,0.60507812,0.39492188,0.12101562,0.1902894,0.00233492,0.06230904,0.02684492,74949,-0.12649219,White
TX-130,100950,0.52337346,0.45983418,0.45041489,0.54958511,0.13584764,0.09909819,0.00240579,0.29748185,0.01982252,69416,0.06353928,Minority
TX-131,95291,0.49322323,0.49036193,0.50023718,0.49976282,0.12244311,0.14166199,0.00221369,0.21303204,0.02216568,69567,0.00286130000000001,White
TX-132,95687,0.49029585,0.48997381,0.54625588,0.45374412,0.10717914,0.11821187,0.00181732,0.2075469,0.0240688,69883,0.000322039999999968,White
TX-133,96054,0.4579015,0.52263265,0.54299497,0.45700503,0.12499447,0.14030714,0.00148996,0.16994409,0.02614071,67787,-0.06473115,White
TX-134,95352,0.58662838,0.39392945,0.41626813,0.58373187,0.11809873,0.21980445,0.00203252,0.23098996,0.02392529,75276,0.19269893,Minority
TX-135,96525,0.52687643,0.45622554,0.5536323,0.4463677,0.13483827,0.13967376,0.00195692,0.1545085,0.02018786,79206,0.07065089,White
TX-136,95444,0.54416869,0.43759405,0.53049109,0.46950891,0.08752894,0.11621614,0.00185774,0.24536912,0.0217005,74284,0.10657464,White
TX-137,96839,0.53108191,0.45269059,0.48143016,0.51856984,0.09409895,0.08173717,0.00194257,0.32559024,0.01567637,73614,0.07839132,Minority
TX-138,103667,0.55477531,0.42941371,0.44819185,0.55180815,0.17126157,0.21386992,0.0025325,0.15013743,0.02616513,83317,0.1253616,Minority
TX-139,101698,0.57773362,0.40844085,0.35975223,0.64024777,0.18042687,0.24227973,0.00230669,0.20297537,0.02646209,77167,0.16929277,Minority
TX-140,100631,0.4488888,0.53411986,0.60531314,0.39468686,0.07758518,0.15803945,0.00144783,0.13757057,0.02788072,75285,-0.08523106,White
TX-141,96324,0.42046807,0.56493873,0.59882419,0.40117581,0.08504004,0.17170094,0.0020192,0.11924287,0.02869466,72801,-0.14447066,White
TX-142,100610,0.48703125,0.49888393,0.51633199,0.48366801,0.14726396,0.16301473,0.00175816,0.15290169,0.02576211,68822,-0.0118526799999999,White
TX-143,104336,0.50259384,0.47950978,0.55990673,0.44009327,0.15242913,0.19015803,0.00249526,0.07071272,0.0333656,73339,0.02308406,White
TX-144,97178,0.59469571,0.38183216,0.53697798,0.46302202,0.14515494,0.22964337,0.00274429,0.06870879,0.03150847,78709,0.21286355,White
TX-145,101281,0.32215313,0.66267691,0.77125907,0.22874093,0.04219675,0.10078474,0.00179447,0.05688727,0.02774727,74674,-0.34052378,White
TX-146,100697,0.26591934,0.71870472,0.73666927,0.26333073,0.04487093,0.15103227,0.00242255,0.03121047,0.03713224,74302,-0.45278538,White
TX-147,102789,0.31546431,0.6668719,0.58266257,0.41733743,0.05832718,0.3150186,0.00327928,0.02242356,0.02933209,77151,-0.35140759,White
TX-148,104711,0.40305619,0.57804798,0.52412329,0.47587671,0.09734251,0.32479248,0.00464578,0.03751367,0.02944469,77705,-0.17499179,White
TX-149,104028,0.24647047,0.74021727,0.76094179,0.23905821,0.02106505,0.17150561,0.0018778,0.01702056,0.02878088,83076,-0.4937468,White
TX-150,103491,0.49827851,0.48346487,0.67227731,0.32772269,0.03850742,0.20622432,0.02751907,0.05906238,0.02590455,82997,0.01481364,White
TX-151,104145,0.5624985,0.41579213,0.43661429,0.56338571,0.05132807,0.47091276,0.00203398,0.0262955,0.03177262,75222,0.14670637,Hispanic
TX-152,101993,0.54883102,0.43143864,0.371301,0.628699,0.07370495,0.52176861,0.0055525,0.02072592,0.03003979,78163,0.11739238,Hispanic
TX-153,97434,0.64722722,0.32771837,0.52548889,0.47451111,0.08071039,0.18804044,0.00264733,0.18726886,0.02443794,75170,0.31950885,White
TX-154,104493,0.54105893,0.43352364,0.61523015,0.38476985,0.05562337,0.17163445,0.00283498,0.13540969,0.02590857,76191,0.10753529,White
TX-155,103569,0.53522436,0.4409461,0.49350667,0.50649333,0.12705733,0.29486364,0.00341894,0.06746442,0.0307042,75462,0.09427826,Minority
TX-156,100220,0.53606331,0.4380512,0.5064181,0.4935819,0.10938319,0.29719485,0.00369629,0.07064611,0.02930147,74399,0.09801211,White
TX-157,102457,0.45999761,0.5165995,0.63071714,0.36928286,0.05704651,0.18847136,0.00269205,0.09991119,0.02839143,72064,-0.05660189,White
TX-158,100844,0.31933791,0.66412663,0.75961334,0.24038666,0.03066739,0.16628844,0.00224426,0.01919533,0.02668037,79759,-0.34478872,White
TX-159,98153,0.45042387,0.53161999,0.73631081,0.26368919,0.02536486,0.12945946,0.00222973,0.07971622,0.02631081,74000,-0.08119612,White
TX-160,97652,0.60625621,0.37352816,0.69262409,0.30737591,0.02998722,0.1512006,0.00223723,0.10437163,0.02224723,71964,0.23272805,White
TX-161,100235,0.67126451,0.30723285,0.74029499,0.25970501,0.02164843,0.11956729,0.00211792,0.09711988,0.01813547,78851,0.36403166,White
TX-162,101695,0.68639012,0.2922313,0.64293757,0.35706243,0.04108148,0.13112665,0.00179422,0.16691208,0.01971169,80815,0.39415882,White
TX-163,96848,0.85801385,0.12141125,0.61863959,0.38136041,0.04655203,0.17242796,0.00208932,0.14840073,0.01831093,85195,0.7366026,White
TX-164,97526,0.78814942,0.18888285,0.64910493,0.35089507,0.04895329,0.22151006,0.00233393,0.05917756,0.02632483,84407,0.59926657,White
TX-165,95797,0.82828757,0.15109912,0.27696515,0.72303485,0.12690783,0.54586389,0.00204423,0.04558074,0.03889556,72399,0.67718845,Hispanic
TX-166,102547,0.74465145,0.2315698,0.44639802,0.55360198,0.12976383,0.27185896,0.00280365,0.14246341,0.0275019,84176,0.51308165,Minority
TX-167,99909,0.65294243,0.3239885,0.39799345,0.60200655,0.16525985,0.31019999,0.00335763,0.11312956,0.02961675,74755,0.32895393,Minority
TX-168,99611,0.70400187,0.27348576,0.28733654,0.71266346,0.17789784,0.43834728,0.00196081,0.09215816,0.03038553,70889,0.43051611,Hispanic
TX-169,98249,0.7825268,0.19490394,0.22687397,0.77312603,0.10908558,0.62906155,0.00209538,0.03176599,0.03816389,71586,0.58762286,Hispanic
TX-170,103492,0.76411672,0.21299698,0.41081339,0.58918661,0.08148237,0.44886316,0.0022319,0.04759802,0.03285791,83785,0.55111974,Hispanic
TX-171,98474,0.87437902,0.10401212,0.42979395,0.57020605,0.16052732,0.34156428,0.00274896,0.0567481,0.02934216,83668,0.7703669,Minority
TX-172,101130,0.48275862,0.50427109,0.25255482,0.74744518,0.05637714,0.67094409,0.00190158,0.01206616,0.0308631,73097,-0.02151247,Hispanic
TX-173,99408,0.60482867,0.37722352,0.21994992,0.78005008,0.11092296,0.63140984,0.00525379,0.03887514,0.03084249,69093,0.22760515,Hispanic
TX-174,100576,0.56172518,0.42230529,0.32912359,0.67087641,0.12190029,0.48175456,0.00529939,0.0653351,0.03002506,69442,0.13941989,Hispanic
TX-175,103039,0.64143947,0.34135067,0.22792157,0.77207843,0.11192611,0.6038831,0.00525571,0.05389649,0.0303989,78391,0.3000888,Hispanic
TX-176,95502,0.57327846,0.40963478,0.31772911,0.68227089,0.06530897,0.56758265,0.00371042,0.04345097,0.03213837,71690,0.16364368,Hispanic
TX-177,100331,0.62729797,0.35462372,0.30638469,0.69361531,0.09847184,0.47381815,0.00384861,0.11692512,0.03028746,79769,0.27267425,Hispanic
TX-178,102457,0.57851293,0.40493553,0.37111865,0.62888135,0.08128292,0.450742,0.00286216,0.0912644,0.02661327,83154,0.1735774,Hispanic
TX-179,99507,0.50363923,0.48112854,0.49945197,0.50054803,0.0547778,0.39580012,0.00305151,0.04184934,0.02606865,80288,0.02251069,Minority
TX-180,101073,0.42914819,0.55802283,0.52603393,0.47396607,0.05116649,0.33031548,0.00330064,0.08031548,0.02274655,75440,-0.12887464,White
TX-181,99029,0.42676918,0.55946279,0.49762291,0.50237709,0.07346608,0.32845797,0.00501986,0.08859556,0.02623189,71516,-0.13269361,Minority
TX-182,104140,0.50426312,0.47810775,0.43868898,0.56131102,0.09797827,0.40667197,0.00467511,0.04559471,0.03281277,80426,0.02615537,Minority
TX-183,101455,0.55776005,0.42473063,0.34503285,0.65496715,0.13948136,0.4674792,0.00452553,0.04152685,0.03174297,77781,0.13302942,Hispanic
TX-184,98276,0.58583742,0.39594218,0.31671983,0.68328017,0.24039895,0.39025477,0.00736882,0.04957584,0.03279054,71789,0.18989524,Hispanic
TX-185,99537,0.59723127,0.38724213,0.3856407,0.6143593,0.16491424,0.40548829,0.00477935,0.04083692,0.02821146,75324,0.20998914,Hispanic
TX-186,104868,0.72082115,0.26584637,0.12525138,0.87474862,0.15363791,0.71248646,0.00189501,0.01121539,0.03039757,77572,0.45497478,Hispanic
TX-187,99409,0.71949037,0.26769857,0.07233735,0.92766265,0.01513911,0.90583449,0.00165179,0.00727605,0.02674257,73254,0.4517918,Hispanic
TX-188,100967,0.73232618,0.25162505,0.12478101,0.87521899,0.05308761,0.81042467,0.00196923,0.01340432,0.02539622,73633,0.48070113,Hispanic
TX-189,99092,0.73056315,0.25489902,0.07790313,0.92209687,0.0446967,0.86568761,0.00215356,0.01275461,0.0285103,71974,0.47566413,Hispanic
TX-190,99641,0.76763376,0.21677336,0.21572491,0.78427509,0.05335238,0.70829844,0.00206907,0.01969309,0.02952116,81196,0.5508604,Hispanic
TX-191,99887,0.66267573,0.32266977,0.22038706,0.77961294,0.03996957,0.71793087,0.00220477,0.01801209,0.03225931,77559,0.34000596,Hispanic
TX-192,98862,0.37842438,0.60602068,0.70649045,0.29350955,0.04299736,0.12705044,0.00245049,0.09779188,0.02554935,74679,-0.2275963,White
TX-193,104450,0.35120532,0.63209401,0.70344984,0.29655016,0.05799713,0.14924527,0.00357836,0.05889172,0.02992465,79366,-0.28088869,White
TX-194,101815,0.40737025,0.57368778,0.50432729,0.49567271,0.09412345,0.31134438,0.00468411,0.06447469,0.03460535,77069,-0.16631753,White
TX-195,100489,0.38922134,0.59496972,0.68985602,0.31014398,0.08209583,0.12004318,0.00581198,0.07939696,0.02632339,79663,-0.20574838,White
TX-196,104003,0.57531965,0.40812228,0.4176856,0.5823144,0.24934236,0.17722136,0.0131893,0.13186867,0.0254774,82112,0.16719737,Minority
TX-197,97335,0.66784541,0.32068274,0.25661294,0.74338706,0.3998532,0.22012534,0.00234311,0.11591339,0.02255597,70846,0.34716267,Black
TX-198,98138,0.63221437,0.35046133,0.22118565,0.77881435,0.20206089,0.49417635,0.00223334,0.07500071,0.03636955,70746,0.28175304,Hispanic
TX-199,100775,0.57766682,0.4071336,0.37397043,0.62602957,0.23732689,0.25720373,0.00268922,0.11844259,0.02687921,76974,0.17053322,Minority
TX-200,103324,0.54574013,0.44102576,0.41515217,0.58484783,0.2701769,0.20318045,0.00263469,0.09767179,0.02845736,74392,0.10471437,Minority
TX-201,99179,0.43694514,0.54744693,0.64121703,0.35878297,0.13359119,0.14174094,0.00214739,0.0596872,0.02794199,77303,-0.11050179,White
TX-202,100749,0.6162118,0.37139982,0.29477482,0.70522518,0.34443562,0.31966791,0.00172733,0.02967111,0.02590998,71787,0.24481198,Black
TX-203,96383,0.5510001,0.4346053,0.41775117,0.58224883,0.28346058,0.22916305,0.00232807,0.0559026,0.02740182,69156,0.1163948,Minority
TX-204,98360,0.54449832,0.43825239,0.45864075,0.54135925,0.23038477,0.25161973,0.00173212,0.04433426,0.02730398,75630,0.10624593,Minority
TX-205,99335,0.76117201,0.22653176,0.19372763,0.80627237,0.41449998,0.3533778,0.0019636,0.03332544,0.02260225,71807,0.53464025,Black
TX-206,101917,0.64256435,0.34149041,0.21231006,0.78768994,0.1084817,0.62604494,0.00289632,0.04289577,0.025861,72851,0.30107394,Hispanic
TX-207,104666,0.62946759,0.35158437,0.35354189,0.64645811,0.09617514,0.51066609,0.00126874,0.03000187,0.02493936,80395,0.27788322,Hispanic
TX-208,100307,0.50257952,0.48054714,0.5982298,0.4017702,0.14761661,0.19244665,0.00187521,0.04380493,0.02409021,79991,0.02203238,White
TX-209,100458,0.36912081,0.6127677,0.60641783,0.39358217,0.07988738,0.2541608,0.00309182,0.03076032,0.03343113,76007,-0.24364689,White
TX-210,103109,0.32249107,0.66071665,0.64280194,0.35719806,0.08206213,0.20038238,0.00226444,0.04775658,0.03299028,73749,-0.33822558,White
TX-211,99580,0.42028919,0.56076691,0.59032373,0.40967627,0.10197956,0.17861788,0.00388766,0.10402344,0.03011506,69965,-0.14047772,White
TX-212,97406,0.46374964,0.51830077,0.47915409,0.52084591,0.14058771,0.23659392,0.00380977,0.12602433,0.02942868,69558,-0.05455113,Minority
TX-213,97266,0.56352137,0.42217945,0.25837189,0.74162811,0.07175314,0.59028696,0.00179004,0.06818683,0.0378525,72624,0.14134192,Hispanic
TX-214,100436,0.64067809,0.34474817,0.23681076,0.76318924,0.20888371,0.34453503,0.00317654,0.20186886,0.02891971,75554,0.29592992,Hispanic
TX-215,104174,0.57363034,0.41170379,0.36140432,0.63859568,0.10136888,0.11007525,0.00172073,0.41389938,0.01598736,77874,0.16192655,Asian
TX-216,104278,0.587158,0.39541781,0.39447215,0.60552785,0.11095973,0.37345544,0.00131503,0.10625644,0.03199896,84409,0.19174019,Minority
TX-217,103942,0.57333304,0.4068342,0.51387324,0.48612676,0.13081011,0.18585003,0.00175099,0.1513812,0.023669,81668,0.16649884,White
TX-218,98156,0.54450262,0.44013962,0.3215985,0.6784015,0.13028602,0.34692596,0.00191125,0.18882652,0.02830794,74820,0.104363,Hispanic
TX-219,100695,0.58090875,0.40411638,0.27400109,0.72599891,0.14826218,0.5070197,0.00123153,0.05955118,0.03538588,73080,0.17679237,Hispanic
TX-220,97788,0.4787643,0.50681317,0.47371979,0.52628021,0.19018007,0.20277943,0.00204131,0.1118261,0.03072784,73972,-0.0280488700000001,Minority
TX-221,100061,0.57604976,0.41140203,0.33451772,0.66548228,0.26567709,0.31865886,0.00178344,0.06641241,0.03059279,72893,0.16464773,Minority
TX-222,105039,0.63058434,0.35472227,0.23085471,0.76914529,0.20288105,0.54468377,0.00176979,0.01447386,0.03642475,72890,0.27586207,Hispanic
TX-223,99069,0.79003212,0.1992602,0.18557152,0.81442848,0.473026,0.32765435,0.00119979,0.00722694,0.02588714,70846,0.59077192,Black
TX-224,99075,0.7825299,0.206065,0.16926212,0.83073788,0.5472849,0.26400734,0.00125499,0.01537029,0.02635485,74104,0.5764649,Black
TX-225,99232,0.7390555,0.24825491,0.20596464,0.79403536,0.48125866,0.25205747,0.00141239,0.0561018,0.02517859,73634,0.49080059,Black
TX-226,101239,0.61301602,0.37198286,0.21710635,0.78289365,0.14664345,0.58451708,0.00235836,0.04075029,0.0339083,72932,0.24103316,Hispanic
TX-227,102721,0.57078103,0.41416056,0.53512814,0.46487186,0.15413084,0.22395172,0.0017295,0.07306218,0.02180618,82683,0.15662047,White
TX-228,103701,0.64677773,0.33698818,0.31153554,0.68846446,0.34828002,0.26471744,0.00145406,0.0682229,0.02399853,76338,0.30978955,Black
TX-229,97532,0.60167512,0.38470742,0.37197184,0.62802816,0.06610389,0.51828581,0.00138862,0.03206203,0.02764869,72734,0.2169677,Hispanic
TX-230,99598,0.79826305,0.18701824,0.16677438,0.83322562,0.12844024,0.68104702,0.000956,0.01751764,0.03465826,74268,0.61124481,Hispanic
TX-231,101421,0.81794674,0.16889232,0.09418169,0.90581831,0.22263862,0.66390842,0.0013814,0.0171513,0.03382389,73114,0.64905442,Hispanic
TX-232,102687,0.92427965,0.06543163,0.04295261,0.95704739,0.67818421,0.26979228,0.00124792,0.00838656,0.02049004,74524,0.85884802,Black
TX-233,96825,0.81167366,0.17476032,0.2639603,0.7360397,0.46327648,0.23489787,0.001212,0.03322149,0.01867752,78383,0.63691334,Black
TX-234,101020,0.82228885,0.16509873,0.06182487,0.93817513,0.22336819,0.70841473,0.00117789,0.0057889,0.04101069,69616,0.65719012,Hispanic
TX-235,102214,0.75226386,0.2314658,0.19010033,0.80989967,0.22848161,0.55070234,0.00131104,0.02357191,0.03249498,74750,0.52079806,Hispanic
TX-236,98692,0.71060726,0.27429277,0.48491781,0.51508219,0.13887803,0.28359582,0.00188527,0.07853776,0.02588803,86990,0.43631449,Minority
TX-237,98021,0.59994177,0.38370241,0.74617193,0.25382807,0.04859876,0.13615613,0.00161706,0.04577513,0.02426828,80393,0.21623936,White
TX-238,98657,0.49051864,0.49576179,0.60234884,0.39765116,0.12272053,0.17076854,0.00167774,0.09055946,0.02261083,77485,-0.00524314999999997,White
TX-239,97185,0.4578036,0.5289369,0.31980294,0.68019706,0.18076497,0.45898288,0.00200187,0.02843797,0.02829599,70434,-0.0711333000000001,Hispanic
TX-240,98621,0.28059206,0.70699377,0.63881585,0.36118415,0.09167675,0.21828527,0.00139115,0.02561106,0.02861595,71883,-0.42640171,White
TX-241,101141,0.30868945,0.67762149,0.46935377,0.53064623,0.03687062,0.44715211,0.00175763,0.02884895,0.02821462,75670,-0.36893204,Minority
TX-242,98347,0.57878982,0.40896942,0.12083477,0.87916523,0.03205791,0.83610537,0.00106285,0.00830174,0.02932897,69624,0.1698204,Hispanic
TX-243,96414,0.57606203,0.409847,0.19411437,0.80588563,0.16306007,0.55830706,0.00151206,0.0818082,0.02544827,70103,0.16621503,Hispanic
TX-244,99921,0.45349608,0.52931746,0.55320429,0.44679571,0.09057275,0.21272755,0.00195868,0.12495839,0.02676857,78114,-0.07582138,White
TX-245,104004,0.58397306,0.40563911,0.1593923,0.8406077,0.18521447,0.54301751,0.00159444,0.11588867,0.02289255,77143,0.17833395,Hispanic
TX-246,104449,0.71242608,0.27414586,0.0839267,0.9160733,0.05820126,0.83169997,0.00086772,0.02601894,0.03134012,78366,0.43828022,Hispanic
TX-247,97049,0.70329716,0.28713983,0.07947732,0.92052268,0.19648716,0.71277859,0.00115963,0.01383075,0.02907569,70712,0.41615733,Hispanic
TX-248,98654,0.5907745,0.39802906,0.15816394,0.84183606,0.14876966,0.67021822,0.00120176,0.0218516,0.03275541,68233,0.19274544,Hispanic
TX-249,103325,0.91237611,0.07876211,0.03640234,0.96359766,0.67800195,0.26446923,0.0013522,0.02676288,0.01970734,74693,0.833614,Black
TX-250,104159,0.84862399,0.13684087,0.23774895,0.76225105,0.471654,0.19815223,0.0031583,0.0932653,0.01434159,88972,0.71178312,Black
TX-251,97081,0.90418579,0.08733139,0.02750449,0.97249551,0.55547951,0.41439245,0.00114067,0.00520432,0.02295606,70134,0.8168544,Black
TX-252,99081,0.83801005,0.15353511,0.08228036,0.91771964,0.49502923,0.37352157,0.00122585,0.05365466,0.02493467,74234,0.68447494,Black
TX-253,98755,0.67924412,0.30791083,0.13489845,0.86510155,0.17934385,0.60423385,0.00183457,0.08384572,0.03118774,69771,0.37133329,Hispanic
TX-254,103955,0.66320009,0.32661683,0.10412254,0.89587746,0.21368619,0.56530661,0.00178723,0.12211396,0.03209066,75536,0.33658326,Hispanic
TX-255,96265,0.63469768,0.35493128,0.05592664,0.94407336,0.19816314,0.53189743,0.00162742,0.21119665,0.02610948,70664,0.2797664,Hispanic
TX-256,99225,0.75219241,0.23622572,0.11732578,0.88267422,0.17828585,0.68897894,0.00140948,0.01413547,0.03186241,73786,0.51596669,Hispanic
TX-257,97272,0.64927471,0.33869335,0.08215539,0.91784461,0.04780777,0.85913074,0.00107153,0.01095014,0.03472926,68127,0.31058136,Hispanic
TX-258,98825,0.64048759,0.35020882,0.10855586,0.89144414,0.3157598,0.33017842,0.00155732,0.24823123,0.02142656,74487,0.29027877,Hispanic
TX-259,101370,0.44410738,0.54086915,0.48475812,0.51524188,0.11713002,0.23700762,0.00151052,0.14727521,0.02161599,76795,-0.09676177,Minority
TX-260,103983,0.58342465,0.40160889,0.36893931,0.63106069,0.28487237,0.22926566,0.00201358,0.11321473,0.01766793,81447,0.18181576,Minority
TX-261,99590,0.64464414,0.3420875,0.44409418,0.55590582,0.13877201,0.25919673,0.00189936,0.14890193,0.0203126,75815,0.30255664,Minority
TX-262,101585,0.68691224,0.29898154,0.55924514,0.44075486,0.09774211,0.1336657,0.00169255,0.19596781,0.01439247,86851,0.3879307,White
TX-263,96048,0.38884523,0.59762547,0.56267121,0.43732879,0.15442481,0.21839472,0.00350578,0.04480874,0.02563338,70455,-0.20878024,White
TX-264,101013,0.66235047,0.32497842,0.20091186,0.79908814,0.3460764,0.40638304,0.00424289,0.04201185,0.02502589,69528,0.33737205,Hispanic
TX-265,101814,0.73031359,0.2570964,0.10240138,0.89759862,0.36929513,0.50207064,0.00583737,0.02715156,0.03199955,70751,0.47321719,Hispanic
TX-266,104380,0.59368969,0.39288412,0.26664016,0.73335984,0.31013052,0.37091367,0.00659909,0.04032333,0.03071623,75465,0.20080557,Hispanic
TX-267,96259,0.57252024,0.41418992,0.41218799,0.58781201,0.19237688,0.26368588,0.00176149,0.1273018,0.0198261,80046,0.15833032,Minority
TX-268,101304,0.43815742,0.54844264,0.67364178,0.32635822,0.04510047,0.13853882,0.0009675,0.1272389,0.01621186,80620,-0.11028522,White
TX-269,102049,0.66896715,0.31191469,0.63667057,0.36332943,0.06858288,0.1806631,0.00227334,0.09618934,0.01988611,88856,0.35705246,White
TX-270,98015,0.71633827,0.26947604,0.25164571,0.74835429,0.34905518,0.35414004,0.00159417,0.03967567,0.02407751,72765,0.44686223,Hispanic
TX-271,95725,0.73945232,0.2498439,0.05164708,0.94835292,0.23452807,0.63543671,0.00180543,0.0809335,0.03288247,67574,0.48960842,Hispanic
TX-272,102049,0.62113735,0.36428517,0.17497488,0.82502512,0.17001809,0.58901467,0.00140666,0.06399625,0.03287561,74645,0.25685218,Hispanic
TX-273,97339,0.53271164,0.45244748,0.26525574,0.73474426,0.06885887,0.58521025,0.00137302,0.07634805,0.03970654,72104,0.08026416,Hispanic
TX-274,102823,0.54844863,0.43746844,0.29489152,0.70510848,0.15979973,0.43794983,0.00208616,0.10175237,0.03187911,76696,0.11098019,Hispanic
TX-275,99206,0.56894361,0.41801791,0.23965842,0.76034158,0.20415448,0.4149814,0.00183972,0.13865206,0.02758214,72837,0.1509257,Hispanic
TX-276,97929,0.6255696,0.35849788,0.20289542,0.79710458,0.22019591,0.49275425,0.0016998,0.08187842,0.03422645,69420,0.26707172,Hispanic
TX-277,98214,0.47819665,0.50769196,0.40383398,0.59616602,0.17378096,0.26154344,0.00206748,0.15004008,0.023769,71101,-0.0294953100000001,Minority
TX-278,98134,0.37502835,0.61015198,0.46992837,0.53007163,0.12722063,0.32310888,0.0017765,0.06573066,0.02851003,69800,-0.23512363,Minority
TX-279,99549,0.37660398,0.60965964,0.52535451,0.47464549,0.11925985,0.20745497,0.00207004,0.12984946,0.02281272,71013,-0.23305566,White
TX-280,105041,0.50197988,0.48377973,0.32931251,0.67068749,0.18825157,0.32877668,0.0020561,0.1442261,0.02555795,80249,0.01820015,Minority
TX-281,101366,0.45618591,0.53043015,0.42561947,0.57438053,0.19362836,0.25395831,0.00169962,0.11680063,0.02617152,78253,-0.0742442400000001,Minority
TX-282,99092,0.63435801,0.35375274,0.22137616,0.77862384,0.41567216,0.29721722,0.00243666,0.06383774,0.02508653,72230,0.28060527,Black
TX-283,102642,0.39352367,0.59168857,0.50156304,0.49843696,0.1306677,0.24514388,0.00229781,0.10712854,0.02683891,74854,-0.1981649,White
TX-284,98625,0.35236144,0.63396593,0.56117018,0.43882982,0.10329845,0.21041087,0.00208162,0.10603669,0.02673969,71579,-0.28160449,White
TX-285,101192,0.3319205,0.65354123,0.61856421,0.38143579,0.0648445,0.2135626,0.00204433,0.08217931,0.0240559,71417,-0.32162073,White
TX-286,102829,0.34909409,0.63447161,0.56886453,0.43113547,0.108136,0.23554514,0.00354224,0.06490391,0.02981619,71706,-0.28537752,White
TX-287,99864,0.37222201,0.61240416,0.67924797,0.32075203,0.05443707,0.16160441,0.00259901,0.07983242,0.02066281,77337,-0.24018215,White
TX-288,99641,0.28354111,0.70086221,0.53629743,0.46370257,0.09325741,0.31928011,0.00254412,0.02961407,0.03371966,74289,-0.4173211,White
TX-289,98660,0.177749,0.8094419,0.73260998,0.26739002,0.03139875,0.18717164,0.00146774,0.01855942,0.03209833,72901,-0.6316929,White
TX-290,96434,0.17535635,0.81452571,0.75261409,0.24738591,0.03828575,0.16500983,0.0016817,0.01269411,0.03052824,73735,-0.63916936,White
TX-291,99247,0.24823813,0.738214,0.55383776,0.44616224,0.05085765,0.34068333,0.00249042,0.02849987,0.03717436,71474,-0.48997587,White
UT-1,103110,0.38458673,0.54363616,0.8356513,0.1643487,0.01203692,0.08665208,0.01887389,0.03243779,0.01674164,72693,-0.15904943,White
UT-2,97910,0.58056592,0.36733978,0.47283673,0.52716327,0.03656815,0.37629623,0.04551216,0.05364961,0.03854131,69432,0.21322614,Minority
UT-3,101663,0.53155819,0.41722551,0.46321916,0.53678084,0.03119704,0.36940578,0.04686502,0.07278384,0.03490569,71994,0.11433268,Minority
UT-4,103176,0.79032378,0.17081574,0.73664229,0.26335771,0.03376524,0.11256201,0.0097656,0.08229089,0.02358528,89293,0.61950804,White
UT-5,103993,0.67236673,0.2863628,0.8572156,0.1427844,0.01335188,0.05678586,0.0062226,0.05002919,0.01343882,80513,0.38600393,White
UT-6,103170,0.63168688,0.32207277,0.69399489,0.30600511,0.04384298,0.15485456,0.01372665,0.06860906,0.02775592,82613,0.30961411,White
UT-7,98262,0.51272182,0.43279654,0.565428,0.434572,0.02637397,0.31117901,0.03518876,0.04339806,0.03278088,71017,0.07992528,White
UT-8,101117,0.52377208,0.42439222,0.71457109,0.28542891,0.02435044,0.16601384,0.0162815,0.05853245,0.02364538,76590,0.09937986,White
UT-9,100939,0.51731085,0.4381548,0.85582141,0.14417859,0.01149697,0.06050692,0.0075026,0.04655288,0.01332335,76107,0.07915605,White
UT-10,103675,0.43360014,0.51359842,0.68997697,0.31002303,0.01793203,0.2046807,0.02410906,0.0456621,0.02460162,75117,-0.07999828,White
UT-11,102952,0.3617531,0.58330862,0.76066023,0.23933977,0.01892075,0.14141336,0.02044364,0.04550209,0.01875154,65008,-0.22155552,White
UT-12,103634,0.34360143,0.60390663,0.83284942,0.16715058,0.01207229,0.07457316,0.01394774,0.05424892,0.01185002,71983,-0.2603052,White
UT-13,94687,0.35695574,0.58541102,0.80318132,0.19681868,0.0168939,0.09065977,0.01366557,0.05873688,0.01778718,63810,-0.22845528,White
UT-14,102240,0.23827715,0.69101958,0.86892155,0.13107845,0.00727099,0.07232394,0.01281299,0.02494674,0.01525209,64778,-0.45274243,White
UT-15,98021,0.25672313,0.6764337,0.84359333,0.15640667,0.01002665,0.0874697,0.01687668,0.028454,0.01523569,66423,-0.41971057,White
UT-16,98199,0.31098536,0.6132321,0.7268262,0.2731738,0.01558914,0.18316541,0.02320179,0.03541842,0.02350966,71460,-0.30224674,White
UT-17,99649,0.3796951,0.53026273,0.72253278,0.27746722,0.0176406,0.17665838,0.02402554,0.04586809,0.0240003,79249,-0.15056763,White
UT-18,98812,0.21366941,0.72258846,0.82853563,0.17146437,0.01207222,0.10861469,0.01461374,0.02176177,0.0190967,56659,-0.50891905,White
UT-19,96385,0.19067539,0.7510404,0.85322827,0.14677173,0.00691485,0.10439817,0.0100989,0.01254322,0.01592024,62185,-0.56036501,White
UT-20,95826,0.29882611,0.62938183,0.87697009,0.12302991,0.01236732,0.06651656,0.00725314,0.02476681,0.01395947,62180,-0.33055572,White
UT-21,96809,0.34862479,0.58638864,0.75207221,0.24792779,0.03004336,0.14201646,0.01350993,0.04374502,0.02597269,67802,-0.23776385,White
UT-22,98840,0.2462877,0.70261848,0.85042273,0.14957727,0.01305507,0.08386016,0.00757103,0.0295529,0.01884378,65645,-0.45633078,White
UT-23,94369,0.49474528,0.45569698,0.65984863,0.34015137,0.03056003,0.25700928,0.00714113,0.02589905,0.03383839,70157,0.0390483,White
UT-24,94954,0.35565462,0.59930056,0.78490726,0.21509274,0.02078431,0.13780201,0.00789278,0.03097183,0.02496456,68417,-0.24364594,White
UT-25,95646,0.42280763,0.54132466,0.87115685,0.12884315,0.00752707,0.079454,0.00372011,0.02146662,0.01305657,69084,-0.11851703,White
UT-26,98204,0.32430324,0.59674255,0.82941037,0.17058963,0.0132566,0.10087027,0.00741755,0.03168173,0.01955662,71587,-0.27243931,White
UT-27,95126,0.1663375,0.77886768,0.87664763,0.12335237,0.00542932,0.08407607,0.0041583,0.01275734,0.01903402,63728,-0.61253018,White
UT-28,94854,0.2407735,0.71483889,0.83579232,0.16420768,0.01056744,0.10575217,0.01030286,0.01311981,0.02651975,64254,-0.47406539,White
UT-29,99881,0.26259038,0.68284429,0.83064139,0.16935861,0.00708277,0.11846486,0.00975524,0.01416555,0.02167183,68476,-0.42025391,White
UT-30,99702,0.2415337,0.72714703,0.77498079,0.22501921,0.0065885,0.07914734,0.00377095,0.00998947,0.12704556,70274,-0.48561333,White
UT-31,98858,0.15459656,0.80309326,0.85660777,0.14339223,0.00873506,0.0846486,0.00630468,0.01552582,0.02930749,69948,-0.6484967,White
UT-32,101598,0.21188024,0.74929459,0.87704501,0.12295499,0.00646638,0.07173267,0.00884944,0.01465981,0.02204996,74694,-0.53741435,White
UT-33,95355,0.23615936,0.71952056,0.81389935,0.18610065,0.01187906,0.11650513,0.01589989,0.02028752,0.02467516,70881,-0.4833612,White
VA-1,97933,0.48976602,0.4904098,0.63447598,0.36552402,0.2273725,0.08365664,0.00326714,0.03583644,0.023674,78356,-0.000643779999999983,White
VA-2,102056,0.47015261,0.5093641,0.74568385,0.25431615,0.11911351,0.07118893,0.00455492,0.04596547,0.02070528,81670,-0.03921149,White
VA-3,101621,0.5509418,0.42538808,0.59194639,0.40805361,0.23728707,0.08017285,0.00408317,0.07821894,0.02215681,79840,0.12555372,White
VA-4,98017,0.56929022,0.40793167,0.53461482,0.46538518,0.24973118,0.08614212,0.00577467,0.11721913,0.02568732,75329,0.16135855,White
VA-5,100633,0.54177499,0.43506263,0.51223351,0.48776649,0.25041949,0.07022724,0.00464366,0.15818364,0.01978434,76879,0.10671236,White
VA-6,100627,0.34119367,0.63976894,0.78111757,0.21888243,0.10544615,0.04426718,0.0032013,0.04812448,0.02053294,76219,-0.29857527,White
VA-7,95869,0.57470329,0.40512692,0.50964936,0.49035064,0.37037767,0.06090849,0.00363171,0.04390422,0.02547824,71041,0.16957637,White
VA-8,100269,0.6675328,0.31370809,0.39929256,0.60070744,0.4737402,0.06334905,0.00283232,0.05381402,0.02205618,78028,0.35382471,Black
VA-9,100107,0.7447406,0.23644104,0.34573076,0.65426924,0.51699566,0.07759825,0.00416635,0.05315906,0.02318167,78726,0.50829956,Black
VA-10,95460,0.70120593,0.27018425,0.53289302,0.46710698,0.28919096,0.10688839,0.00600984,0.06226689,0.02358087,80701,0.43102168,White
VA-11,97915,0.69418151,0.28610201,0.38881886,0.61118114,0.53778688,0.03949372,0.00312484,0.02184759,0.02232026,76164,0.4080795,Black
VA-12,98506,0.67287083,0.30635143,0.41591915,0.58408085,0.47962894,0.05609218,0.00414694,0.03886642,0.02574932,78371,0.3665194,Black
VA-13,101542,0.74661805,0.23643596,0.33974561,0.66025439,0.56424644,0.05818854,0.00347244,0.03098776,0.02322509,79483,0.51018209,Black
VA-14,97737,0.58881084,0.38820942,0.46806445,0.53193555,0.37297612,0.09429884,0.00419336,0.05988481,0.02143273,77265,0.20060142,Minority
VA-15,99447,0.59779806,0.38206524,0.61370292,0.38629708,0.25177074,0.07634839,0.00321612,0.04665248,0.01944688,79910,0.21573282,White
VA-16,102347,0.43200229,0.54716471,0.73813816,0.26186184,0.12817562,0.0514876,0.00401468,0.06216358,0.02117295,78213,-0.11516242,White
VA-17,104284,0.56042915,0.42155595,0.51161389,0.48838611,0.41070487,0.03707656,0.00166989,0.02605278,0.02074178,79646,0.1388732,White
VA-18,105218,0.49273212,0.49743019,0.52039899,0.47960101,0.43681745,0.02118738,0.00198559,0.00839786,0.01596646,85617,-0.00469807,White
VA-19,99501,0.60552019,0.3816269,0.40108918,0.59891082,0.49332845,0.07248995,0.0034874,0.02242804,0.02035582,79142,0.22389329,Black
VA-20,103069,0.36728068,0.61794476,0.67303478,0.32696522,0.26811463,0.03039988,0.00106539,0.00962481,0.01939491,82599,-0.25066408,White
VA-21,103448,0.41278085,0.57822825,0.60686959,0.39313041,0.34951189,0.02439375,0.00088748,0.00677604,0.01416373,83382,-0.1654474,White
VA-22,100253,0.39295751,0.58983119,0.68736418,0.31263582,0.21412301,0.04474642,0.00171497,0.03831854,0.01912654,76386,-0.19687368,White
VA-23,99887,0.55853184,0.42671725,0.48286972,0.51713028,0.31562409,0.14877622,0.00177667,0.0426003,0.02250007,75422,0.13181459,Minority
VA-24,97975,0.59571984,0.38643703,0.53781121,0.46218879,0.29303688,0.11307416,0.0014512,0.04261749,0.02066303,75110,0.20928281,White
VA-25,97643,0.53068238,0.44778494,0.74712781,0.25287219,0.13032084,0.05242747,0.0013633,0.05437315,0.01434773,75552,0.08289744,White
VA-26,97204,0.87130717,0.10988442,0.31358635,0.68641365,0.48991303,0.15271996,0.00165234,0.03938722,0.02049417,78071,0.76142275,Black
VA-27,97952,0.87726813,0.10050172,0.47955502,0.52044498,0.41798631,0.04620051,0.00166629,0.0485381,0.01552404,83419,0.77676641,Minority
VA-28,97407,0.74249535,0.24484199,0.31448422,0.68551578,0.62233424,0.03292283,0.00108393,0.01380382,0.02442114,76573,0.49765336,Black
VA-29,95821,0.55919765,0.41893852,0.77969138,0.22030862,0.08694787,0.05779718,0.00095533,0.05885865,0.01188849,75367,0.14025913,White
VA-30,100254,0.55652192,0.42511241,0.58102416,0.41897584,0.13665625,0.04957879,0.00103317,0.21734926,0.01165625,75496,0.13140951,White
VA-31,96737,0.61224528,0.36963068,0.58442157,0.41557843,0.26066295,0.0747196,0.0015797,0.06399084,0.0200753,75964,0.2426146,White
VA-32,102281,0.32729936,0.6551209,0.82748382,0.17251618,0.10109205,0.02412692,0.00150327,0.01954256,0.02241244,80491,-0.32782154,White
VA-33,102549,0.35944436,0.62251253,0.7560385,0.2439615,0.16743083,0.03388935,0.00196674,0.01427114,0.02771871,81353,-0.26306817,White
VA-34,98105,0.41942373,0.56530638,0.69758196,0.30241804,0.23117279,0.03496213,0.00153486,0.01439247,0.02257001,79486,-0.14588265,White
VA-35,104121,0.56737649,0.4104187,0.47613485,0.52386515,0.26024087,0.18560438,0.00522281,0.06701038,0.02894698,74481,0.15695779,Minority
VA-36,101854,0.50753527,0.46930145,0.63992127,0.36007873,0.19527099,0.09387262,0.00293312,0.04928409,0.0277617,77733,0.03823382,White
VA-37,97506,0.52379885,0.4539821,0.60077711,0.39922289,0.21417195,0.12201719,0.00237526,0.04639317,0.02534531,72834,0.06981675,White
VA-38,104849,0.36184261,0.62034549,0.77822873,0.22177127,0.13981495,0.03728801,0.00135285,0.01890371,0.02326424,82788,-0.25850288,White
VA-39,103385,0.36236348,0.61950586,0.80807784,0.19192216,0.10464476,0.04778165,0.00195826,0.01662077,0.0196928,81705,-0.25714238,White
VA-40,100130,0.41825211,0.5604138,0.73413232,0.26586768,0.10804789,0.11047385,0.00180629,0.02651425,0.0245893,75846,-0.14216169,White
VA-41,98527,0.70595131,0.28287439,0.2406702,0.7593298,0.3526278,0.28439329,0.00354698,0.1250138,0.02430441,72456,0.42307692,Black
VA-42,101777,0.64625005,0.33494757,0.35663006,0.64336994,0.25006697,0.26680954,0.00320118,0.12305117,0.02315832,74660,0.31130248,Minority
VA-43,98460,0.56072002,0.42102821,0.52154756,0.47845244,0.19756071,0.15986629,0.00309401,0.10860797,0.02404763,72398,0.13969181,White
VA-44,102901,0.59318743,0.3854758,0.55267862,0.44732138,0.13578518,0.14050744,0.00206766,0.15977002,0.01772851,74964,0.20771163,White
VA-45,99121,0.66934036,0.31447758,0.3393114,0.6606886,0.13862363,0.41196619,0.001877,0.10272781,0.03037444,72989,0.35486278,Hispanic
VA-46,101625,0.61011765,0.36944106,0.61471801,0.38528199,0.08417036,0.11510727,0.00224624,0.16900438,0.0166171,78353,0.24067659,White
VA-47,101582,0.68574922,0.29564663,0.4160692,0.5839308,0.08447785,0.15060047,0.00189216,0.3410264,0.01530461,77689,0.39010259,Minority
VA-48,99973,0.66984748,0.3078546,0.55075217,0.44924783,0.07635443,0.07712986,0.00197736,0.28504963,0.01090778,77376,0.36199288,White
VA-49,98296,0.72208296,0.25666196,0.45794932,0.54205068,0.10749639,0.17206249,0.00202179,0.25363004,0.01559669,76170,0.465421,Minority
VA-50,103196,0.70785433,0.26706693,0.60469606,0.39530394,0.06972633,0.10705913,0.00195565,0.20471612,0.01268663,79769,0.4407874,White
VA-51,99101,0.6893474,0.28675779,0.53007323,0.46992677,0.0598598,0.12334193,0.00194147,0.27400777,0.01409845,76746,0.40258961,White
VA-52,104112,0.70225503,0.27807535,0.50830675,0.49169325,0.11762154,0.13427332,0.00329208,0.23100676,0.01475054,78370,0.42417968,White
VA-53,98783,0.72618045,0.25539792,0.41260986,0.58739014,0.25095129,0.18909367,0.00379162,0.14186087,0.02079976,73847,0.47078253,Minority
VA-54,96866,0.72161691,0.25573023,0.52817358,0.47182642,0.16133568,0.20073003,0.00289306,0.09931053,0.02012978,73970,0.46588668,White
VA-55,95991,0.72641594,0.25806105,0.35761419,0.64238581,0.12438813,0.25526679,0.00183898,0.25753847,0.01979609,73954,0.46835489,Minority
VA-56,103611,0.75181907,0.23118165,0.38921321,0.61078679,0.10555272,0.29289635,0.00170527,0.20545439,0.02772004,80339,0.52063742,Minority
VA-57,103998,0.81432129,0.1659475,0.45244977,0.54755023,0.2690827,0.16573247,0.00224674,0.10813626,0.01755269,85457,0.64837379,Minority
VA-58,104639,0.79844696,0.17834297,0.61523914,0.38476086,0.12719917,0.14114775,0.00275075,0.10517026,0.01975954,87249,0.62010399,White
VA-59,101692,0.82736144,0.15260444,0.52074102,0.47925898,0.12458754,0.19608513,0.00219195,0.15092628,0.02197841,84856,0.674757,White
VA-60,102439,0.78332086,0.19109743,0.72827281,0.27172719,0.04993507,0.08929374,0.00167324,0.11731432,0.01191249,80084,0.59222343,White
VA-61,103396,0.63735378,0.33757699,0.62741208,0.37258792,0.04184095,0.06986971,0.00179445,0.24587719,0.00975573,79133,0.29977679,White
VA-62,103053,0.67309038,0.30631067,0.48289622,0.51710378,0.09546294,0.23695083,0.00200164,0.17504106,0.01832273,77936,0.36677971,Minority
VA-63,103543,0.64777448,0.33540288,0.39526092,0.60473908,0.09357936,0.07412772,0.00234636,0.42906594,0.01147111,69043,0.3123716,Asian
VA-64,99270,0.6460137,0.33663329,0.54579366,0.45420634,0.09280736,0.08958196,0.00197731,0.26162196,0.01256503,71309,0.30938041,White
VA-65,103359,0.52023377,0.45789972,0.72604585,0.27395415,0.0666068,0.12168551,0.00213924,0.06705578,0.01839478,75728,0.06233405,White
VA-66,100396,0.44199157,0.53662493,0.75562502,0.24437498,0.07546345,0.11782641,0.00126073,0.02925398,0.02269306,77733,-0.09463336,White
VA-67,98362,0.28172532,0.69960942,0.88591141,0.11408859,0.03654652,0.03854536,0.00125089,0.01445612,0.0205687,77545,-0.4178841,White
VA-68,102255,0.27944155,0.70315608,0.88151262,0.11848738,0.02633192,0.06230845,0.00077557,0.0126093,0.01821343,79941,-0.42371453,White
VA-69,98804,0.53988672,0.43486316,0.73058186,0.26941814,0.08912734,0.13147376,0.00132411,0.03751218,0.01816274,80054,0.10502356,White
VA-70,104131,0.30347272,0.6783126,0.8641252,0.1358748,0.06657203,0.03893995,0.00128717,0.01068232,0.01751516,83128,-0.37483988,White
VA-71,102500,0.30257714,0.6812237,0.90495838,0.09504162,0.04286261,0.01804679,0.00149493,0.01176808,0.01937428,83616,-0.37864656,White
VA-72,99777,0.26616807,0.71495109,0.87465139,0.12534861,0.06616668,0.02031356,0.00081656,0.01491169,0.01952212,79602,-0.44878302,White
VA-73,101960,0.39288499,0.58852242,0.83846964,0.16153036,0.07153697,0.03113602,0.0012239,0.03985019,0.01673072,81706,-0.19563743,White
VA-74,100011,0.61798583,0.36024744,0.60736181,0.39263819,0.27606779,0.06861478,0.00082333,0.0291711,0.02215382,78948,0.25773839,White
VA-75,100173,0.56838397,0.4029369,0.76195342,0.23804658,0.07068109,0.04564086,0.00118624,0.103426,0.01509226,85143,0.16544707,White
VA-76,100144,0.75299585,0.22732857,0.69748946,0.30251054,0.13615626,0.06527905,0.00125774,0.08652495,0.01480924,81098,0.52566728,White
VA-77,100828,0.56370016,0.41650967,0.76251044,0.23748956,0.10569415,0.04705839,0.00158375,0.06722978,0.01485537,81452,0.14719049,White
VA-78,97616,0.45694361,0.51574272,0.6603713,0.3396287,0.26295368,0.03350678,0.00143894,0.02162266,0.02285604,77835,-0.05879911,White
VA-79,101339,0.29849637,0.68187449,0.75028112,0.24971888,0.18645497,0.029163,0.00094114,0.0134448,0.01681823,81816,-0.38337812,White
VA-80,97883,0.52264962,0.46496198,0.52241446,0.47758554,0.41186723,0.04425221,0.00088428,0.0110983,0.01487889,78030,0.05768764,White
VA-81,98379,0.27479079,0.71283626,0.82482991,0.17517009,0.12692883,0.02418351,0.00069168,0.00662751,0.01648704,79517,-0.43804547,White
VA-82,103596,0.25764879,0.72983196,0.88889816,0.11110184,0.05652236,0.02849957,0.00102508,0.00550682,0.01747402,83896,-0.47218317,White
VA-83,100930,0.2392686,0.74634016,0.90203221,0.09796779,0.04689442,0.02309998,0.00067009,0.00648164,0.01899413,82078,-0.50707156,White
VA-84,96854,0.17466773,0.81564714,0.93630258,0.06369742,0.02735682,0.0114293,0.00083629,0.00579067,0.01609225,78920,-0.64097941,White
VA-85,96935,0.22661748,0.75996953,0.93590005,0.06409995,0.02398176,0.01268499,0.00075142,0.00660995,0.01861993,78518,-0.53335205,White
VA-86,97690,0.17822765,0.81259982,0.92349478,0.07650522,0.03891105,0.01249763,0.00101298,0.00443178,0.01705603,78975,-0.63437217,White
VT-1,103658,0.69679734,0.27134141,0.91550631,0.08449369,0.01447427,0.02032482,0.00097119,0.01392432,0.0243149,85462,0.42545593,White
VT-2,105638,0.57053626,0.39731871,0.92056788,0.07943212,0.0124731,0.01929975,0.00082151,0.01179043,0.02181057,86426,0.17321755,White
VT-3,106546,0.67178018,0.29308866,0.91427942,0.08572058,0.0142539,0.02095753,0.0011134,0.01166756,0.02615342,86222,0.37869152,White
VT-4,105171,0.73025234,0.2396835,0.90144562,0.09855438,0.01557548,0.02318649,0.00093076,0.02979606,0.0189215,84877,0.49056884,White
VT-5,108572,0.76010946,0.20984088,0.85319877,0.14680123,0.03644336,0.02786009,0.00112621,0.05520627,0.02008594,91457,0.55026858,White
VT-6,113492,0.52496506,0.43968813,0.92149981,0.07850019,0.00931829,0.01538239,0.00095515,0.0096848,0.03464093,90038,0.08527693,White
WA-1,95950,0.33700697,0.63645777,0.76838113,0.23161887,0.00754472,0.0878184,0.00342098,0.01215906,0.11297188,75417,-0.2994508,White
WA-2,100254,0.34910272,0.6190825,0.87847061,0.12152939,0.01325143,0.03459022,0.0053186,0.0239659,0.03514398,77652,-0.26997978,White
WA-3,98078,0.51705086,0.44240784,0.8117288,0.1882712,0.0332742,0.05396134,0.0127175,0.04091775,0.04415256,76666,0.07464302,White
WA-4,100100,0.56373017,0.39536547,0.78168761,0.21831239,0.04254937,0.06542703,0.01511926,0.04629392,0.05017953,77980,0.1683647,White
WA-5,105021,0.41194747,0.54842031,0.83741951,0.16258049,0.02591525,0.05652787,0.00884283,0.03089471,0.03787331,81535,-0.13647284,White
WA-6,95493,0.50955724,0.45250549,0.79390512,0.20609488,0.03619395,0.07209427,0.00961342,0.04191349,0.04653508,78328,0.05705175,White
WA-7,101077,0.44613455,0.51814028,0.81273441,0.18726559,0.02432262,0.05967397,0.00590427,0.06981148,0.02636498,80789,-0.07200573,White
WA-8,100533,0.38937756,0.575852,0.73970683,0.26029317,0.02441848,0.17258648,0.00751806,0.02461344,0.03505587,82069,-0.18647444,White
WA-9,96887,0.43810317,0.52785743,0.42634183,0.57365817,0.02478873,0.4958051,0.00567948,0.03092501,0.03159498,65675,-0.08975426,Hispanic
WA-10,98521,0.42411779,0.53220367,0.71009326,0.28990674,0.02429106,0.17320935,0.00555766,0.05485821,0.03234289,73772,-0.10808588,White
WA-11,95570,0.32326807,0.64378391,0.72940772,0.27059228,0.01268759,0.19155974,0.00329362,0.02856856,0.03272139,69832,-0.32051584,White
WA-12,99051,0.3195245,0.65231748,0.47983889,0.52016111,0.01246165,0.46439633,0.00316994,0.01941225,0.03603263,68771,-0.33279298,Minority
WA-13,97730,0.34811353,0.62637258,0.72592374,0.27407626,0.0069105,0.20953809,0.00350882,0.01568255,0.03830237,74669,-0.27825905,White
WA-14,100715,0.44887498,0.52022518,0.74982051,0.25017949,0.01157562,0.17232432,0.00523989,0.0257208,0.0339837,79391,-0.0713502,White
WA-15,99364,0.33786153,0.63680339,0.66114108,0.33885892,0.01119504,0.26526841,0.00331805,0.0227003,0.04096304,74140,-0.29894186,White
WA-16,96963,0.54644306,0.42670555,0.42547312,0.57452688,0.02069511,0.48122616,0.00339642,0.02275311,0.06884939,69485,0.11973751,Hispanic
WA-17,96030,0.51049964,0.46293099,0.43859675,0.56140325,0.00692911,0.45896281,0.00355898,0.012086,0.09837304,68840,0.04756865,Hispanic
WA-18,99586,0.55563874,0.41329341,0.74069885,0.25930115,0.02919554,0.08769184,0.0125725,0.1009745,0.03001092,76039,0.14234533,White
WA-19,102778,0.49059809,0.47613053,0.7156342,0.2843658,0.03787465,0.11457438,0.02061037,0.08203786,0.03385152,76806,0.01446756,White
WA-20,103892,0.60831189,0.35479331,0.7082594,0.2917406,0.04753166,0.1375635,0.01979777,0.05673173,0.04008167,82282,0.25351858,White
WA-21,103218,0.55188439,0.41655308,0.7817947,0.2182053,0.03088556,0.08479422,0.010709,0.05906252,0.03292955,79746,0.13533131,White
WA-22,102224,0.35199385,0.62013543,0.85615536,0.14384464,0.01211639,0.05733439,0.00649512,0.03037575,0.03175825,76673,-0.26814158,White
WA-23,103283,0.40199153,0.56632825,0.82899168,0.17100832,0.01314389,0.07055142,0.00841209,0.02436002,0.04943356,79885,-0.16433672,White
WA-24,98985,0.35775137,0.61448254,0.83813931,0.16186069,0.01016011,0.07106981,0.0046785,0.01930039,0.04849319,78444,-0.25673117,White
WA-25,100048,0.42512652,0.53824026,0.80620525,0.19379475,0.02181513,0.07661743,0.01028188,0.03630265,0.04592659,77515,-0.11311374,White
WA-26,102164,0.57374975,0.38858222,0.65838588,0.34161412,0.06915511,0.1010971,0.02868852,0.11491803,0.04145019,79300,0.18516753,White
WA-27,103857,0.69414979,0.26849958,0.75941238,0.24058762,0.03912219,0.0701568,0.01021209,0.0846541,0.03859107,82843,0.42565021,White
WA-28,99251,0.56530991,0.40563831,0.83397766,0.16602234,0.01303275,0.04535968,0.00499253,0.02686004,0.06914831,84326,0.1596716,White
WA-29,101806,0.47245879,0.49692806,0.79596974,0.20403026,0.02042059,0.07223315,0.00743525,0.02515105,0.07717437,85404,-0.02446927,White
WA-30,95721,0.45499793,0.50509816,0.81361001,0.18638999,0.01755119,0.07255537,0.01056467,0.03553333,0.04843554,76576,-0.05010023,White
WA-31,103766,0.6583165,0.30622693,0.78472054,0.21527946,0.02782474,0.06552824,0.00987875,0.07252065,0.04136274,82804,0.35208957,White
WA-32,96892,0.55608891,0.39277374,0.67414971,0.32585029,0.0687245,0.09669499,0.02567101,0.10912776,0.04150752,76974,0.16331517,White
WA-33,97885,0.50372666,0.45911521,0.8186159,0.1813841,0.02282503,0.05539198,0.01318552,0.05503354,0.03115879,78116,0.04461145,White
WA-34,103214,0.59301102,0.36888605,0.61257083,0.38742917,0.12383598,0.09847855,0.02388186,0.13068062,0.0309001,80647,0.22412497,White
WA-35,100708,0.70047727,0.26683413,0.71237591,0.28762409,0.07770611,0.07615942,0.01245744,0.09751331,0.03234857,83404,0.43364314,White
WA-36,103246,0.68145314,0.27664399,0.49639039,0.50360961,0.17591498,0.13697648,0.03179474,0.13478808,0.05362847,79510,0.40480915,Minority
WA-37,102322,0.58469914,0.37628311,0.46276142,0.53723858,0.16437453,0.16818758,0.05074581,0.1423235,0.04118088,77366,0.20841603,Minority
WA-38,102835,0.50479581,0.45642591,0.57493217,0.42506783,0.12248162,0.12895699,0.04536696,0.10979302,0.04157873,76289,0.0483699,White
WA-39,97982,0.34947784,0.61455901,0.78865605,0.21134395,0.03774143,0.06967235,0.01708183,0.0465379,0.04174961,74348,-0.26508117,White
WA-40,96956,0.45592423,0.50784579,0.70461442,0.29538558,0.06014845,0.0952944,0.02094226,0.08821392,0.03779579,70193,-0.05192156,White
WA-41,97577,0.49999046,0.46259854,0.72690034,0.27309966,0.05252274,0.08550521,0.01955352,0.08360951,0.03693295,75434,0.03739192,White
WA-42,100400,0.5860251,0.37681575,0.80410154,0.19589846,0.01620686,0.0632933,0.00436641,0.07458303,0.02865048,76264,0.20920935,White
WA-43,97438,0.58204156,0.38351305,0.68314706,0.31685294,0.05344657,0.07619887,0.01209877,0.15246655,0.02865716,72652,0.19852851,White
WA-44,101403,0.47716413,0.49095761,0.71098326,0.28901674,0.03950486,0.1123578,0.01865254,0.07494859,0.04891573,76826,-0.01379348,White
WA-45,95704,0.55827138,0.41173327,0.56081964,0.43918036,0.08482431,0.12749777,0.02989755,0.17231658,0.03825896,72715,0.14653811,White
WA-46,97301,0.71043944,0.26113428,0.56243891,0.43756109,0.02262404,0.05023573,0.00480078,0.34647559,0.01151325,69572,0.44930516,White
WA-47,104613,0.71433638,0.25718697,0.39835398,0.60164602,0.15532957,0.12576665,0.01472692,0.29645342,0.02935686,82502,0.45714941,Minority
WA-48,103865,0.71620775,0.25613904,0.53401832,0.46598168,0.03451207,0.06136173,0.00559993,0.35085811,0.01517481,80001,0.46006871,White
WA-49,103635,0.7115402,0.25984643,0.46073229,0.53926771,0.03547688,0.07615192,0.00495862,0.41185277,0.01382185,83491,0.45169377,Minority
WA-50,96502,0.73505273,0.23319382,0.51472343,0.48527657,0.02718383,0.0634335,0.00337398,0.37400392,0.01401709,72911,0.50185891,White
WA-51,103843,0.71993109,0.24838932,0.66088051,0.33911949,0.02873128,0.06719846,0.00505729,0.21414087,0.01732183,81862,0.47154177,White
WA-52,102667,0.71671817,0.25050451,0.70974143,0.29025857,0.02699296,0.06843708,0.0060026,0.16199521,0.02122747,80132,0.46621366,White
WA-53,101220,0.63250461,0.33861358,0.4295675,0.5704325,0.15716418,0.16962976,0.04295418,0.18972393,0.03335735,77734,0.29389103,Minority
WA-54,103525,0.63407859,0.33866855,0.43025694,0.56974306,0.12730856,0.12392309,0.02761426,0.28069023,0.02650261,79162,0.29541004,Minority
WA-55,98405,0.7087933,0.2640981,0.35815752,0.64184248,0.19540034,0.18838946,0.03283973,0.21369414,0.03492334,76310,0.4446952,Minority
WA-56,100498,0.70640822,0.26699581,0.51470162,0.48529838,0.10106658,0.17498394,0.02272928,0.16812109,0.03520834,79413,0.43941241,White
WA-57,100604,0.81547064,0.15733288,0.61426921,0.38573079,0.08511648,0.08415546,0.00787057,0.1867648,0.02823429,82205,0.65813776,White
WA-58,99048,0.90400282,0.07287859,0.75106566,0.24893434,0.03117965,0.06239523,0.00507687,0.12368887,0.02275013,83516,0.83112423,White
WA-59,100588,0.89147091,0.08184705,0.67071118,0.32928882,0.04646576,0.06892903,0.00600063,0.18728204,0.02124871,83158,0.80962386,White
WA-60,101850,0.90636594,0.07118338,0.6531385,0.3468615,0.04029492,0.0631933,0.00532365,0.22185593,0.01569252,89788,0.83518256,White
WA-61,100231,0.86922143,0.10360673,0.64600877,0.35399123,0.05309308,0.07069733,0.00649227,0.20441115,0.02210062,89183,0.7656147,White
WA-62,101143,0.90843806,0.06567136,0.51804476,0.48195524,0.1057487,0.08619843,0.00809345,0.26859998,0.02321261,93656,0.8427667,White
WA-63,101266,0.86448415,0.11487078,0.36263682,0.63736318,0.19045204,0.09403253,0.0093377,0.33539051,0.02657844,80855,0.74961337,Minority
WA-64,103101,0.85713238,0.11959918,0.7130166,0.2869834,0.06285017,0.07818959,0.00694124,0.11514635,0.02716084,84423,0.7375332,White
WA-65,102820,0.43637606,0.5240746,0.8087637,0.1912363,0.02062779,0.08197619,0.00762656,0.0408699,0.03702552,80377,-0.0876985399999999,White
WA-66,95917,0.52867543,0.43242724,0.78905902,0.21094098,0.01975223,0.07594655,0.00804566,0.07171492,0.03031737,71840,0.09624819,White
WA-67,103775,0.68695847,0.2810726,0.58986603,0.41013397,0.05436867,0.09472148,0.01062632,0.22648045,0.02641117,80837,0.40588587,White
WA-68,103534,0.68579434,0.28455645,0.68907057,0.31092943,0.04526135,0.07620619,0.00832019,0.15756583,0.02539403,83051,0.40123789,White
WA-69,98752,0.67063576,0.29620235,0.49833434,0.50166566,0.08065997,0.13099704,0.01531884,0.25575112,0.02662435,76246,0.37443341,Minority
WA-70,96710,0.6283045,0.33871165,0.60720249,0.39279751,0.04308138,0.078412,0.00930925,0.24105254,0.02193031,71864,0.28959285,White
WA-71,96561,0.63481841,0.32617246,0.63346718,0.36653282,0.0656709,0.14506193,0.01565586,0.10897629,0.04025792,76457,0.30864595,White
WA-72,95432,0.49759554,0.46318102,0.71342696,0.28657304,0.03068474,0.10130335,0.01161266,0.08251817,0.06578228,73196,0.03441452,White
WA-73,101886,0.52538414,0.43870465,0.79518656,0.20481344,0.03399433,0.06643907,0.00947919,0.06043437,0.03288056,82602,0.08667949,White
WA-74,96021,0.55844624,0.41022269,0.73790836,0.26209164,0.01187951,0.16390008,0.00674852,0.03842278,0.04152524,75424,0.14822355,White
WA-75,101149,0.38617337,0.57821577,0.80762408,0.19237592,0.01008688,0.09628507,0.00494633,0.02925067,0.04595424,77229,-0.1920424,White
WA-76,98666,0.76057109,0.2059813,0.79757544,0.20242456,0.02267907,0.06600067,0.0069893,0.07289357,0.03053601,82984,0.55458979,White
WA-77,97675,0.58524792,0.38347175,0.76968946,0.23031054,0.01658665,0.08756831,0.00730374,0.05646356,0.06143061,78316,0.20177617,White
WI-1,101402,0.55940021,0.42175094,0.68442089,0.31557911,0.1101484,0.16410732,0.00140538,0.02485849,0.02324682,77559,0.13764927,White
WI-2,97172,0.61951461,0.36204143,0.57854821,0.42145179,0.21115789,0.18039689,0.00135771,0.01520907,0.02164104,72917,0.25747318,White
WI-3,104018,0.402876,0.5827597,0.83211591,0.16788409,0.05327022,0.05698256,0.00080494,0.03768802,0.01607478,83236,-0.1798837,White
WI-4,99969,0.54937897,0.43128163,0.88442898,0.11557102,0.02683681,0.04967775,0.00122454,0.01652488,0.01683424,77580,0.11809734,White
WI-5,100811,0.5275176,0.45533279,0.81464817,0.18535183,0.0643452,0.08467628,0.00094113,0.01293092,0.02034397,77566,0.07218481,White
WI-6,99709,0.46712909,0.51637765,0.93510779,0.06489221,0.01377708,0.02510176,0.00071903,0.00889796,0.01195383,77883,-0.04924856,White
WI-7,99547,0.50173108,0.48215926,0.90364151,0.09635849,0.01748029,0.04201649,0.00103351,0.00923776,0.02009595,78374,0.01957182,White
WI-8,98969,0.45075299,0.53307024,0.9456697,0.0543303,0.00679628,0.02038885,0.00085287,0.00698285,0.01187351,75041,-0.08231725,White
WI-9,103201,0.58040061,0.39909932,0.88678521,0.11321479,0.0243443,0.02256857,0.00092386,0.04765676,0.01389389,83346,0.18130129,White
WI-10,101102,0.3665793,0.61672491,0.88821752,0.11178248,0.01861377,0.05229582,0.00118599,0.01675364,0.01727797,80102,-0.25014561,White
WI-11,102215,0.51591762,0.4666116,0.77205171,0.22794829,0.04414063,0.1122249,0.00098008,0.0520929,0.02164851,80606,0.04930602,White
WI-12,102306,0.51773702,0.46656164,0.75627161,0.24372839,0.05223277,0.12656024,0.00115255,0.04821109,0.02183722,81558,0.05117538,White
WI-13,99947,0.70323878,0.28046328,0.28759693,0.71240307,0.08750198,0.57096408,0.0015538,0.05241199,0.04298848,69507,0.4227755,Hispanic
WI-14,101602,0.61148406,0.36802622,0.78442491,0.21557509,0.06816887,0.09023152,0.0011638,0.03677108,0.02290454,80770,0.24345784,White
WI-15,97682,0.73947363,0.23862712,0.61401745,0.38598255,0.11969259,0.20440282,0.00164248,0.04694548,0.0245759,81584,0.50084651,White
WI-16,99707,0.8391757,0.14537961,0.28748347,0.71251653,0.60181563,0.0541382,0.00154287,0.0526091,0.01595217,72592,0.69379609,Black
WI-17,100845,0.8813612,0.10070092,0.43019766,0.56980234,0.46837876,0.05911312,0.00163686,0.03129883,0.01552541,80642,0.78066028,Black
WI-18,99783,0.82011077,0.16642475,0.41989475,0.58010525,0.47849625,0.04138197,0.00123981,0.05479943,0.0131695,72592,0.65368602,Black
WI-19,98586,0.77340016,0.21259992,0.35174794,0.64825206,0.50737893,0.04865047,0.00141687,0.08743898,0.01338309,71284,0.56080024,Black
WI-20,96123,0.4429572,0.54038911,0.84803468,0.15196532,0.03027497,0.02682609,0.00076493,0.07855925,0.00989036,74517,-0.09743191,White
WI-21,103011,0.34527627,0.63899917,0.91522941,0.08477059,0.00854354,0.02982851,0.00068939,0.02604917,0.01283993,81231,-0.2937229,White
WI-22,103767,0.42758745,0.55359772,0.8270296,0.1729704,0.02824755,0.08812991,0.00108833,0.03816477,0.01412378,81777,-0.12601027,White
WI-23,104077,0.34619935,0.63837813,0.93005901,0.06994099,0.00856597,0.02480538,0.00100412,0.01824763,0.01097089,80668,-0.29217878,White
WI-24,98086,0.4389919,0.5442216,0.90032673,0.09967327,0.0238867,0.02427722,0.00110647,0.03413129,0.01041382,76821,-0.1052297,White
WI-25,95279,0.29499578,0.69126047,0.93269692,0.06730308,0.01111732,0.02710763,0.00069234,0.01174309,0.01204932,75108,-0.39626469,White
WI-26,98337,0.38648663,0.59715108,0.86089911,0.13910089,0.01088817,0.09526506,0.00064351,0.01223954,0.01580458,77699,-0.21066445,White
WI-27,96714,0.40498749,0.57740264,0.87488749,0.12511251,0.0177409,0.0737552,0.00105663,0.01214469,0.01419272,76659,-0.17241515,White
WI-28,94958,0.28297261,0.70281198,0.89987554,0.10012446,0.03496809,0.03674231,0.00051638,0.00865927,0.01440564,75526,-0.41983937,White
WI-29,95448,0.61163015,0.3706661,0.91676992,0.08323008,0.01503125,0.03311231,0.00099391,0.01607962,0.01256688,73447,0.24096405,White
WI-30,98710,0.64200172,0.34032913,0.83535336,0.16464664,0.04671616,0.05069287,0.00141153,0.04853486,0.01463103,73679,0.30167259,White
WI-31,103578,0.71420605,0.26723671,0.82690558,0.17309442,0.04836077,0.06598049,0.00076012,0.04234215,0.01446711,80251,0.44696934,White
WI-32,96554,0.80611554,0.17743444,0.74245916,0.25754084,0.06765606,0.07275923,0.00101543,0.10215453,0.01477576,76815,0.6286811,White
WI-33,96271,0.88314025,0.10156609,0.74128508,0.25871492,0.0453973,0.05177534,0.00138653,0.14441864,0.01401551,86547,0.78157416,White
WI-34,96607,0.82315382,0.16157691,0.72225513,0.27774487,0.10898344,0.09389085,0.00188013,0.05489737,0.0201535,77654,0.66157691,White
WI-35,99534,0.55359456,0.42355714,0.89309602,0.10690398,0.0165892,0.02350452,0.00162491,0.04387258,0.01598458,79389,0.13003742,White
WI-36,101421,0.35361791,0.62531337,0.9393532,0.0606468,0.00787167,0.0192074,0.00100819,0.01003025,0.01499367,77366,-0.27169546,White
WI-37,100402,0.46513009,0.50965602,0.91236106,0.08763894,0.01514998,0.02459016,0.00115465,0.02281378,0.01706593,78812,-0.04452593,White
WI-38,98179,0.39385573,0.58949663,0.88708244,0.11291756,0.01547683,0.05453933,0.00148168,0.00909213,0.03176185,74240,-0.1956409,White
WI-39,95839,0.34525481,0.64201898,0.91402796,0.08597204,0.01815805,0.03506029,0.00108923,0.00676602,0.0201571,78037,-0.29676417,White
WI-40,95132,0.37773153,0.60596601,0.92216905,0.07783095,0.01380721,0.02419269,0.00088216,0.0164537,0.01754972,74816,-0.22823448,White
WI-41,96870,0.36658942,0.61429281,0.92284818,0.07715182,0.01615666,0.02644814,0.00060296,0.01200444,0.01525222,72973,-0.24770339,White
WI-42,97988,0.35664592,0.62935258,0.926218,0.073782,0.01119108,0.01686956,0.00090601,0.00638032,0.03049792,78366,-0.27270666,White
WI-43,99978,0.34119844,0.641234,0.94686738,0.05313262,0.0049297,0.01615986,0.00158455,0.00747001,0.01536759,79518,-0.30003556,White
WI-44,97561,0.37860413,0.60803781,0.92149653,0.07850347,0.00588776,0.01253323,0.00110551,0.00616103,0.04747472,80506,-0.22943368,White
WI-45,100098,0.31121968,0.67570069,0.94010006,0.05989994,0.00504102,0.01765618,0.00054191,0.0064147,0.02191584,79349,-0.36448101,White
WI-46,96948,0.34005812,0.64503609,0.87790835,0.12209165,0.00603261,0.02504646,0.00060195,0.00608495,0.08098877,76418,-0.30497797,White
WI-47,103833,0.52266271,0.45490075,0.86802374,0.13197626,0.01929237,0.02860009,0.00134176,0.06214416,0.01808358,82727,0.06776196,White
WI-48,104557,0.35998003,0.62463759,0.9216238,0.0783762,0.00647041,0.02396033,0.00075612,0.02930276,0.01201116,80675,-0.26465756,White
WI-49,103732,0.51339966,0.46243394,0.85884906,0.14115094,0.04191726,0.03802503,0.00143079,0.03661849,0.02006742,82472,0.0509657200000001,White
WI-50,103681,0.38683526,0.59382536,0.91346476,0.08653524,0.00966472,0.03534205,0.00069566,0.02031081,0.01596293,80499,-0.2069901,White
WI-51,104154,0.35960944,0.62451311,0.89062748,0.10937252,0.02415335,0.05154828,0.0010724,0.01367309,0.0171462,82059,-0.26490367,White
WI-52,99163,0.47547836,0.50416979,0.80854057,0.19145943,0.02600211,0.07365528,0.00136785,0.06987741,0.01921499,76763,-0.02869143,White
WI-53,100230,0.33279724,0.64947934,0.92887488,0.07112512,0.01379147,0.02592597,0.00047342,0.01255809,0.01250825,80267,-0.3166821,White
WI-54,98291,0.40166196,0.58210796,0.9203336,0.0796664,0.00737461,0.02661553,0.00075934,0.01279296,0.02738774,77699,-0.180446,White
WI-55,104404,0.37099756,0.61231368,0.91057952,0.08942048,0.00927183,0.02761254,0.00053272,0.01292475,0.03652922,78841,-0.24131612,White
WI-56,103060,0.53124099,0.44850822,0.83089627,0.16910373,0.03024113,0.05632224,0.00160672,0.05862644,0.02068802,80288,0.08273277,White
WI-57,101946,0.49221239,0.48877294,0.77828957,0.22171043,0.04473105,0.08683914,0.00115154,0.03508368,0.05889503,78156,0.00343945000000001,White
WI-58,99871,0.49747578,0.48312964,0.78919646,0.21080354,0.04205976,0.1053953,0.00146239,0.03579609,0.02746179,77271,0.01434614,White
WI-59,100753,0.51323012,0.47132199,0.87066316,0.12933684,0.01174453,0.01363052,0.00093075,0.00756843,0.0898659,81655,0.04190813,White
WV-1,101523,0.31247389,0.67213217,0.91966517,0.08033483,0.03321606,0.01119738,0.0006915,0.00847992,0.01732379,82430,-0.35965828,White
WV-2,97776,0.50583098,0.47000837,0.84457083,0.15542917,0.05378308,0.03026217,0.00156888,0.04631865,0.0180666,81587,0.03582261,White
WV-3,100080,0.43732992,0.54176862,0.78465586,0.21534414,0.10852323,0.05795644,0.00132833,0.02107272,0.02538012,77541,-0.1044387,White
WV-4,96760,0.27569903,0.70486834,0.87516895,0.12483105,0.04839077,0.0333088,0.00100368,0.01480094,0.0229642,74725,-0.42916931,White
WV-5,101840,0.29525903,0.68482507,0.92474814,0.07525186,0.02673856,0.01198161,0.00091696,0.00579519,0.02148132,81792,-0.38956604,White
WV-6,101985,0.19851545,0.7886654,0.91929637,0.08070363,0.03911097,0.01346683,0.00054743,0.00452544,0.01802876,82202,-0.59014995,White
WV-7,103902,0.23512839,0.74960213,0.93855564,0.06144436,0.01947593,0.01331115,0.00068232,0.0046206,0.01935623,83539,-0.51447374,White
WV-8,99659,0.27698929,0.70504359,0.92852064,0.07147936,0.01813011,0.01536235,0.00104108,0.00798588,0.02070743,78764,-0.4280543,White
WV-9,100519,0.21174208,0.77311612,0.94381757,0.05618243,0.01823508,0.00865204,0.0006579,0.00424534,0.02027086,80559,-0.56137404,White
WV-10,97143,0.26925132,0.71433661,0.93564549,0.06435451,0.01715344,0.01093936,0.0008156,0.00847962,0.02119258,77244,-0.44508529,White
WV-11,98069,0.27557565,0.71025795,0.92392288,0.07607712,0.0318326,0.01137971,0.00061168,0.00556879,0.02156156,78473,-0.4346823,White
WV-12,98926,0.2384852,0.74843408,0.87754688,0.12245312,0.07320815,0.0133002,0.00077341,0.01110674,0.02033701,78871,-0.50994888,White
WV-13,100157,0.19988572,0.78846297,0.89358998,0.10641002,0.06660437,0.0119853,0.00068523,0.00475924,0.01949791,80265,-0.58857725,White
WV-14,103356,0.2548702,0.72657466,0.94807692,0.05192308,0.01176179,0.00930521,0.00045906,0.00828784,0.01797767,80600,-0.47170446,White
WV-15,95117,0.19547443,0.79167396,0.95391258,0.04608742,0.0156769,0.00637704,0.00039857,0.00278996,0.01691245,75270,-0.59619953,White
WV-16,101514,0.27371818,0.70987543,0.93996576,0.06003424,0.01912868,0.00762437,0.0006405,0.00582606,0.0216414,81187,-0.43615725,White
WV-17,101040,0.51670075,0.46348841,0.80457837,0.19542163,0.13176629,0.0159077,0.00094513,0.02168897,0.02214312,81470,0.05321234,White
WV-18,94350,0.40133833,0.58139722,0.88358002,0.11641998,0.05912606,0.01450015,0.00083755,0.01774567,0.02041537,76413,-0.18005889,White
WY-1,100512,0.33829087,0.62004802,0.77820416,0.22179584,0.03232038,0.13309306,0.00364301,0.0218451,0.03504291,77134,-0.28175715,White
WY-2,93875,0.34242193,0.61651227,0.80148476,0.19851524,0.01472458,0.1236482,0.00251562,0.02388472,0.0305976,73143,-0.27409034,White
WY-3,95397,0.33764513,0.63095905,0.88389653,0.11610347,0.00530402,0.06387419,0.00163507,0.0126552,0.02481855,75226,-0.29331392,White
WY-4,92614,0.21927166,0.74903356,0.82319496,0.17680504,0.00677342,0.05597134,0.00245119,0.00948568,0.10145621,68946,-0.5297619,White
WY-5,96087,0.22838107,0.73415972,0.86242342,0.13757658,0.01340405,0.07303702,0.00208325,0.01186903,0.03378425,72963,-0.50577865,White
WY-6,98366,0.12389381,0.84732906,0.88223199,0.11776801,0.00695299,0.06560703,0.00135272,0.00833277,0.02928644,73925,-0.72343525,White
