id,TotalPop,DemPct,RepPct,WhitePct,MinorityPct,BlackPct,HispanicPct,PacificPct,AsianPct,NativePct,TotalVAP,Margin,DemPct_2,RepPct_2,Margin_2,Swing,Majority,Lean
AK-AL,733391,0.41406128,0.54544809,0.61476201,0.38523799,0.04271638,0.06036249,0.02018762,0.07835156,0.19085998,554003,-0.13138681,0.43006525,0.53122894,-0.10116369,-0.03022312,White,-0.126312436666667
AL-1,557753,0.20209251,0.78755731,0.78177359,0.21822641,0.12697439,0.03841717,0.00132433,0.01734321,0.03211621,433426,-0.58546480,0.21956787,0.76824952,-0.54868165,-0.03678315,White,-0.57820375
AL-2,558525,0.51789694,0.4700296,0.47097795,0.52902205,0.46542786,0.02950047,0.00111593,0.01635481,0.02006396,439993,0.04786734,0.54912916,0.43997489,0.10915427,-0.06128693,Minority,0.0632963166666667
AL-3,558678,0.31458906,0.67356909,0.65659406,0.34340594,0.26512942,0.03371537,0.00147421,0.02483139,0.02028117,438880,-0.35898003,0.34760769,0.63949961,-0.29189192,-0.06708811,White,-0.341617326666667
AL-4,557320,0.15769744,0.83255464,0.83343614,0.16656386,0.07434575,0.05015766,0.00086082,0.00686353,0.03325891,434470,-0.67485720,0.17652044,0.81195857,-0.63543813,-0.03941907,White,-0.66671751
AL-5,559028,0.39055716,0.58935728,0.67998154,0.32001846,0.21022442,0.05040708,0.00206736,0.0302543,0.03010581,437756,-0.19880012,0.39949557,0.57818667,-0.17869110,-0.02010902,White,-0.197097113333333
AL-6,558172,0.24657189,0.73997846,0.76135024,0.23864976,0.14908696,0.04733557,0.00108981,0.0179457,0.02290235,428515,-0.49340657,0.25460144,0.73084386,-0.47624242,-0.01716415,White,-0.492685186666667
AL-7,558772,0.62673031,0.35308156,0.43986114,0.56013886,0.47564857,0.04668224,0.00107781,0.02574617,0.01494518,436997,0.27364875,0.6431549,0.3397836,0.30337130,-0.02972255,Black,0.278556266666667
AL-8,558773,0.49987316,0.48852314,0.45682444,0.54317556,0.47381192,0.03308824,0.00137018,0.0235199,0.01599307,436439,0.01135002,0.52744193,0.46118581,0.06625612,-0.05490610,Black,0.0246520533333333
AL-9,557258,0.17562682,0.81469543,0.81891151,0.18108849,0.0820358,0.05443591,0.00084283,0.00897629,0.0360143,430690,-0.63906861,0.18167704,0.8061526,-0.62447556,-0.01459305,White,-0.63920426
AR-1,601619,0.25693202,0.72163562,0.79745734,0.20254266,0.1181364,0.03685655,0.00215569,0.01265646,0.02866013,457395,-0.46470360,0.26689414,0.70379998,-0.43690584,-0.02779776,White,-0.46043768
AR-2,603223,0.57558734,0.40122905,0.4925492,0.5074508,0.41078476,0.05513462,0.00120229,0.02321087,0.02235239,468272,0.17435829,0.57994518,0.39263867,0.18730651,-0.01294822,Minority,0.173674363333333
AR-3,602221,0.37679491,0.59496449,0.71058335,0.28941665,0.03204232,0.14703771,0.01577,0.04189996,0.05518721,449905,-0.21816958,0.38362483,0.58619528,-0.20257045,-0.01559913,White,-0.21796987
AR-4,603008,0.2747509,0.7064522,0.7355682,0.2644318,0.16762979,0.05290948,0.00144682,0.00959695,0.03153894,467232,-0.43170130,0.28693119,0.68577544,-0.39884425,-0.03285705,White,-0.42574895
AR-5,601453,0.21604593,0.76361235,0.84136759,0.15863241,0.02714982,0.06060464,0.00207255,0.01862956,0.04637367,469469,-0.54756642,0.2258367,0.74673948,-0.52090278,-0.02666364,White,-0.54367854
AZ-1,596446,0.4867074,0.50263462,0.48195924,0.51804076,0.03851013,0.19257034,0.00529222,0.02164761,0.27297449,457464,-0.01592722,0.52460534,0.45955653,0.06504881,-0.08097603,Minority,0.00606478999999999
AZ-2,595436,0.47543501,0.51357216,0.68444513,0.31555487,0.03698547,0.20934953,0.00395854,0.04364244,0.02908937,476944,-0.03813715,0.47755721,0.50708689,-0.02952968,-0.00860747,White,-0.0402679933333334
AZ-3,596877,0.530018,0.46015927,0.31161757,0.68838243,0.07253061,0.55160261,0.00497211,0.02832653,0.05373902,427585,0.06985873,0.58478136,0.40020932,0.18457204,-0.11471331,Hispanic,0.1030965
AZ-4,596556,0.28253663,0.70943583,0.75685461,0.24314539,0.01410218,0.16522379,0.00375385,0.01964809,0.04192671,494959,-0.42689920,0.30314855,0.68294138,-0.37979283,-0.04710637,White,-0.416197076666667
AZ-5,595853,0.3650703,0.6248084,0.73595235,0.26404765,0.03864219,0.16390782,0.00520353,0.03264371,0.02928994,454115,-0.25973810,0.3731034,0.61033485,-0.23723145,-0.02250665,White,-0.257235883333333
AZ-6,595114,0.55062265,0.43711609,0.58301505,0.41698495,0.07505669,0.25893565,0.00404811,0.05074881,0.04242604,467873,0.11350656,0.56600007,0.4169207,0.14907937,-0.03557281,White,0.120364163333333
AZ-7,596412,0.67707566,0.30869337,0.23417543,0.76582457,0.12412789,0.58053414,0.00433007,0.04065624,0.04725801,426552,0.36838229,0.73216555,0.25210834,0.48005721,-0.11167492,Hispanic,0.400607263333333
AZ-8,596271,0.3884633,0.60363787,0.70485195,0.29514805,0.05246939,0.17840019,0.00413168,0.04226208,0.02493338,467606,-0.21517457,0.40198936,0.58574179,-0.18375243,-0.03142214,White,-0.209700523333333
AZ-9,596270,0.56751143,0.41876863,0.57265911,0.42734089,0.0716348,0.23995719,0.00582875,0.06978855,0.05712551,479348,0.14874280,0.59597574,0.38492348,0.21105226,-0.06230946,White,0.16451262
AZ-10,595299,0.64544692,0.34154677,0.40523337,0.59476663,0.05378397,0.47709408,0.00384233,0.03681853,0.04916503,466124,0.30390015,0.68222275,0.30228341,0.37993934,-0.07603919,Hispanic,0.324246546666667
AZ-11,595658,0.4693353,0.51812169,0.64437286,0.35562714,0.05688123,0.16904085,0.00505871,0.10529068,0.02784322,443591,-0.04878639,0.48619544,0.49785187,-0.01165643,-0.03712996,White,-0.0414097366666666
AZ-12,595310,0.40772066,0.5836767,0.78701791,0.21298209,0.02946761,0.09381741,0.00275731,0.06686327,0.01903025,479815,-0.17595604,0.42206917,0.56614787,-0.14407870,-0.03187734,White,-0.17033026
CA-1,572430,0.32780881,0.64526357,0.69505797,0.30494203,0.02565799,0.17358016,0.00636438,0.04239427,0.064018,448905,-0.31745476,0.34969503,0.62646288,-0.27676785,-0.04068691,White,-0.308892456666667
CA-2,573015,0.66061264,0.30157922,0.64974124,0.35025876,0.02357572,0.21338828,0.00708011,0.05077846,0.06597373,459880,0.35903342,0.69432413,0.27770375,0.41662038,-0.05758696,White,0.373229073333333
CA-3,573482,0.47382885,0.49528676,0.72767334,0.27232666,0.02026751,0.12978397,0.00641265,0.0829073,0.03698699,450672,-0.02145791,0.48948941,0.48612386,0.00336555,-0.02482346,White,-0.0181834233333333
CA-4,573110,0.58361128,0.38493397,0.47212548,0.52787452,0.08848431,0.26598129,0.01311172,0.14681783,0.04060539,454250,0.19867731,0.61546336,0.35946102,0.25600234,-0.05732503,Minority,0.212785653333333
CA-5,572716,0.37822045,0.59588966,0.64741086,0.35258914,0.03014467,0.21358725,0.00850875,0.06996037,0.03910298,456001,-0.21766921,0.40257589,0.57518274,-0.17260685,-0.04506236,White,-0.207648423333333
CA-6,572493,0.5679782,0.39670997,0.60988353,0.39011647,0.07659798,0.15889106,0.01099,0.12376615,0.0347533,454777,0.17126823,0.57902233,0.39326506,0.18575727,-0.01448904,White,0.17109791
CA-7,573103,0.639837,0.32470117,0.28087588,0.71912412,0.14419418,0.23972428,0.02746998,0.31209282,0.03340943,431016,0.31513583,0.69075557,0.28703284,0.40372273,-0.08858690,Asian,0.339664796666667
CA-8,573352,0.72758904,0.23911987,0.27148879,0.72851121,0.16725318,0.31272022,0.01363893,0.23387685,0.03460834,448129,0.48846917,0.78480769,0.1952495,0.58955819,-0.10108902,Hispanic,0.51716551
CA-9,572548,0.5167155,0.45316662,0.26748359,0.73251641,0.10439327,0.40897506,0.01331583,0.21001551,0.03950841,419050,0.06354888,0.60177433,0.37627845,0.22549588,-0.16194700,Hispanic,0.112531213333333
CA-10,572952,0.67626944,0.28924722,0.5545425,0.4454575,0.03690637,0.13855056,0.00766019,0.25273714,0.01932957,446725,0.38702222,0.7028487,0.27612133,0.42672737,-0.03970515,White,0.39525727
CA-11,573216,0.84006803,0.11950565,0.48941892,0.51058108,0.05939232,0.13184302,0.00603314,0.30471964,0.0198793,509022,0.72056238,0.88094781,0.09944653,0.78150128,-0.06093890,Minority,0.735875346666667
CA-12,572695,0.86735512,0.08059601,0.37370366,0.62629634,0.19331955,0.19861371,0.00821167,0.22405995,0.0307066,473351,0.78675911,0.91573631,0.063416,0.85232031,-0.06556120,Minority,0.803612843333333
CA-13,573159,0.48139842,0.4909774,0.31115133,0.68884867,0.04459126,0.5409107,0.01047394,0.08291805,0.04907003,412166,-0.00957898,0.5531459,0.42229072,0.13085518,-0.14043416,Hispanic,0.0322324066666666
CA-14,572295,0.58757138,0.37748861,0.40051197,0.59948803,0.09161507,0.23465823,0.01275046,0.25491361,0.0298124,429318,0.21008277,0.64025058,0.33767895,0.30257163,-0.09248886,Minority,0.23591239
CA-15,572333,0.70950013,0.25076872,0.22601829,0.77398171,0.05498176,0.20269782,0.01460119,0.50405201,0.0198002,472975,0.45873141,0.7798362,0.20115013,0.57868607,-0.11995466,Asian,0.493716296666667
CA-16,573207,0.76202362,0.2049928,0.48125656,0.51874344,0.0312971,0.208355,0.01489383,0.25467154,0.02025288,453812,0.55703082,0.79564342,0.18434775,0.61129567,-0.05426485,Minority,0.570119103333333
CA-17,572327,0.63265227,0.3249921,0.16680137,0.83319863,0.03045025,0.15940751,0.00948101,0.63597366,0.01726121,450374,0.30766017,0.70320522,0.27947156,0.42373366,-0.11607349,Asian,0.341351333333333
CA-18,572760,0.62894956,0.34107039,0.30339686,0.69660314,0.03037068,0.57290198,0.00889006,0.08273464,0.04783854,429131,0.28787917,0.6953435,0.28343538,0.41190812,-0.12402895,Hispanic,0.324222153333333
CA-19,573207,0.52798946,0.44212375,0.53705122,0.46294878,0.02558989,0.35363451,0.00508433,0.06150781,0.04158219,451780,0.08586571,0.55135131,0.42407072,0.12728059,-0.04141488,White,0.09467067
CA-20,572649,0.32799705,0.6489021,0.49161219,0.50838781,0.04809198,0.36583879,0.00472958,0.06351629,0.04668398,423293,-0.32090505,0.3567291,0.62004056,-0.26331146,-0.05759359,Minority,-0.306707186666667
CA-21,573695,0.54603381,0.42601228,0.25135121,0.74864879,0.07995877,0.51382154,0.00464211,0.14397598,0.0446154,410374,0.12002153,0.6143273,0.36387075,0.25045655,-0.13043502,Hispanic,0.15849987
CA-22,573174,0.48106526,0.49101046,0.1554322,0.8445678,0.06386056,0.72013517,0.00340303,0.05216949,0.03916351,419038,-0.00994520,0.58807004,0.38813118,0.19993886,-0.20988406,Hispanic,0.0550161533333333
CA-23,573209,0.36667397,0.60761299,0.53026628,0.46973372,0.06602716,0.32103938,0.00703594,0.05469339,0.0440786,435336,-0.24093902,0.39078507,0.58625555,-0.19547048,-0.04546854,White,-0.23078284
CA-24,572601,0.66638163,0.30233421,0.41933099,0.58066901,0.02734637,0.45579947,0.00517394,0.08330928,0.04064095,450334,0.36404742,0.70364272,0.27431181,0.42933091,-0.06528349,Hispanic,0.380808583333333
CA-25,572974,0.52299755,0.45481239,0.25439638,0.74560362,0.04316112,0.65377628,0.00325666,0.03950943,0.03863211,435415,0.06818516,0.59636003,0.385247,0.21111303,-0.14292787,Hispanic,0.110827783333333
CA-26,572761,0.54638546,0.42571606,0.61572199,0.38427801,0.02382193,0.23074392,0.00432845,0.11131404,0.02456837,452818,0.12066940,0.57525239,0.40459247,0.17065992,-0.04999052,White,0.132332906666667
CA-27,572362,0.51642857,0.45436571,0.24250385,0.75749615,0.17875435,0.51334458,0.00614697,0.05712004,0.04362469,414513,0.06206286,0.58252822,0.39232209,0.19020613,-0.12814327,Hispanic,0.0997772833333334
CA-28,572921,0.61254427,0.3539766,0.13740079,0.86259921,0.02124846,0.30919931,0.00302098,0.53327297,0.02215389,462763,0.25856767,0.6746068,0.30659083,0.36801597,-0.10944830,Asian,0.290050436666667
CA-29,572884,0.68060009,0.28879339,0.34586725,0.65413275,0.06127034,0.4801207,0.00349478,0.1074251,0.03194571,456681,0.39180670,0.74718156,0.23196199,0.51521957,-0.12341287,Hispanic,0.427944323333333
CA-30,573005,0.63174911,0.33538754,0.55690535,0.44309465,0.05631258,0.21410105,0.00339335,0.16578192,0.02135263,471511,0.29636157,0.6622259,0.31766378,0.34456212,-0.04820055,White,0.30742842
CA-31,572253,0.56317231,0.40627247,0.24127587,0.75872413,0.04084322,0.53152034,0.00449644,0.18328128,0.03707963,453025,0.15689984,0.62644137,0.35247462,0.27396675,-0.11706691,Hispanic,0.190922143333333
CA-32,573040,0.59131556,0.37806342,0.46327816,0.53672184,0.05803881,0.2914628,0.00404478,0.17993311,0.02256836,461088,0.21325214,0.65119913,0.32982405,0.32137508,-0.10812294,Minority,0.24429312
CA-33,572781,0.55146657,0.41927032,0.18469589,0.81530411,0.11856608,0.6196558,0.00607028,0.0723561,0.04027651,416620,0.13219625,0.64219733,0.33319476,0.30900257,-0.17680632,Hispanic,0.18613169
CA-34,572174,0.7708278,0.18404134,0.26386464,0.73613536,0.05762537,0.50506533,0.00389139,0.16995757,0.03799366,474895,0.58678646,0.82836513,0.15024597,0.67811916,-0.09133270,Hispanic,0.612230693333333
CA-35,572618,0.51726389,0.45356201,0.1724944,0.8275056,0.06924325,0.56159808,0.00527071,0.19418636,0.03622376,435046,0.06370188,0.60339533,0.37612794,0.22726739,-0.16356551,Hispanic,0.113223716666667
CA-36,572306,0.6558484,0.31068362,0.56540568,0.43459432,0.04718645,0.14891042,0.00664915,0.22133855,0.01893286,470135,0.34516478,0.68209016,0.29573743,0.38635273,-0.04118795,White,0.353894096666667
CA-37,572653,0.81593403,0.15513453,0.07250161,0.92749839,0.37238214,0.51727445,0.00316581,0.04057317,0.03673723,432749,0.66079950,0.88460829,0.09617394,0.78843435,-0.12763485,Hispanic,0.69834445
CA-38,572682,0.57259036,0.39744784,0.16233831,0.83766169,0.02811034,0.68129158,0.00500275,0.1246343,0.04280802,444356,0.17514252,0.65030014,0.327413,0.32288714,-0.14774462,Hispanic,0.219390726666667
CA-39,573228,0.55696803,0.41232563,0.18923661,0.81076339,0.11602891,0.61881131,0.00675999,0.06922772,0.04035913,418344,0.14464240,0.65188574,0.32578429,0.32610145,-0.18145905,Hispanic,0.20012875
CA-40,572837,0.45792032,0.51182415,0.63733638,0.36266362,0.01987117,0.18038948,0.00494969,0.14408077,0.02084092,455786,-0.05390383,0.48020621,0.50047221,-0.02026600,-0.03363783,White,-0.04769122
CA-41,572930,0.47355517,0.50415843,0.51584413,0.48415587,0.06772934,0.31847342,0.00736301,0.07790622,0.03629381,443161,-0.03060326,0.489879,0.49178569,-0.00190669,-0.02869657,White,-0.0260377366666667
CA-42,573344,0.62536621,0.34094029,0.27768924,0.72231076,0.08634421,0.51212126,0.00829157,0.11577035,0.03759834,452387,0.28442592,0.68251678,0.29401165,0.38850513,-0.10407921,Hispanic,0.31411899
CA-43,572974,0.64974241,0.31799134,0.17041529,0.82958471,0.12915363,0.52014606,0.01485782,0.17307017,0.03677192,441451,0.33175107,0.7216671,0.25422285,0.46744425,-0.13569318,Hispanic,0.37198213
CA-44,573257,0.74229081,0.22715459,0.07092953,0.92907047,0.29858856,0.51602501,0.01016792,0.11302679,0.03488748,439126,0.51513622,0.81432274,0.16506407,0.64925867,-0.13412245,Hispanic,0.554843703333333
CA-45,573335,0.49289399,0.47808981,0.21159685,0.78840315,0.03147321,0.29136905,0.0091763,0.45679042,0.02300986,455848,0.01480418,0.52765184,0.45442795,0.07322389,-0.05841971,Asian,0.0292774166666667
CA-46,572437,0.59614744,0.37383239,0.13670165,0.86329835,0.02303241,0.67614584,0.00568935,0.15974562,0.04719946,432738,0.22231505,0.66900865,0.30975021,0.35925844,-0.13694339,Hispanic,0.262962846666667
CA-47,572362,0.46866248,0.50218057,0.62071634,0.37928366,0.02000607,0.1840208,0.00734646,0.15461356,0.02248198,467708,-0.03351809,0.49848837,0.48002628,0.01846209,-0.05198018,White,-0.0211913633333334
CA-48,572576,0.39749756,0.5781789,0.62655946,0.37344054,0.03924412,0.21869083,0.0088395,0.08416884,0.03968767,444143,-0.18068134,0.41049922,0.56722785,-0.15672863,-0.02395271,White,-0.177697103333333
CA-49,572298,0.55625238,0.41493942,0.54031336,0.45968664,0.04093667,0.30405196,0.01162765,0.09420725,0.03179778,446006,0.14131296,0.57541401,0.40033468,0.17507933,-0.03376637,White,0.147568416666667
CA-50,572615,0.65048037,0.31713969,0.59444652,0.40555348,0.05394259,0.17103195,0.00895429,0.16000223,0.02114047,484237,0.33334068,0.6680635,0.30728078,0.36078272,-0.02744204,White,0.337488026666667
CA-51,572669,0.67240321,0.29506918,0.35156736,0.64843264,0.11696351,0.37421028,0.01022491,0.14919847,0.03133399,455065,0.37733403,0.71761514,0.25927467,0.45834047,-0.08100644,Hispanic,0.399336176666667
CA-52,573000,0.56562904,0.40933645,0.18588328,0.81411672,0.0723247,0.57964275,0.01108545,0.16461144,0.03245998,438232,0.15629259,0.64286575,0.33602904,0.30683671,-0.15054412,Hispanic,0.201473963333333
CA-53,572501,0.74774105,0.22308914,0.64378386,0.35621614,0.02798863,0.21876352,0.00600452,0.08296621,0.03206521,462152,0.52465191,0.77114796,0.20819314,0.56295482,-0.03830291,White,0.532419546666667
CA-54,573023,0.51761858,0.44915498,0.47106809,0.52893191,0.09606199,0.24513235,0.01427148,0.15653583,0.04415893,430649,0.06846360,0.56500144,0.40921496,0.15578648,-0.08732288,Minority,0.0925712266666667
CA-55,573348,0.37225276,0.60356026,0.52753287,0.47246713,0.0304816,0.32367832,0.00558274,0.0855063,0.04924811,438494,-0.23130750,0.40833237,0.57093375,-0.16260138,-0.06870612,White,-0.21340546
CA-56,571967,0.39392747,0.58332225,0.29357378,0.70642622,0.0271974,0.60899849,0.00352619,0.05561828,0.03958382,402134,-0.18939478,0.4639674,0.51501812,-0.05105072,-0.13834406,Hispanic,-0.148280093333333
CA-57,572292,0.71215137,0.2514832,0.21521378,0.78478622,0.10837503,0.29213174,0.02303083,0.3684179,0.03027327,451091,0.46066817,0.77685246,0.2030821,0.57377036,-0.11310219,Asian,0.4933689
CA-58,573315,0.71949049,0.23798083,0.33648101,0.66351899,0.02115722,0.12305998,0.00569898,0.50777998,0.01428173,452186,0.48150966,0.76250497,0.21555264,0.54695233,-0.06544267,Asian,0.498323883333333
CA-59,572491,0.67379307,0.29135538,0.23841268,0.76158732,0.0420784,0.38588763,0.00848444,0.3265186,0.03407658,453772,0.38243769,0.72705254,0.25241541,0.47463713,-0.09219944,Hispanic,0.408170836666667
CA-60,572144,0.7006179,0.26130113,0.56376666,0.43623334,0.02679796,0.20772659,0.00661517,0.18018358,0.02997879,453654,0.43931677,0.72968074,0.24511998,0.48456076,-0.04524399,White,0.4493981
CA-61,572390,0.53582088,0.43489096,0.31023201,0.68976799,0.04870681,0.52053333,0.00393293,0.11311798,0.03550355,438604,0.10092992,0.60066166,0.37818334,0.22247832,-0.12154840,Hispanic,0.136446053333333
CA-62,572468,0.73370215,0.23627611,0.60223735,0.39776265,0.05913421,0.14713611,0.00402245,0.17662527,0.01645215,493978,0.49742604,0.77736769,0.20629467,0.57107302,-0.07364698,White,0.516975033333333
CA-63,572646,0.72606616,0.23475585,0.15132408,0.84867592,0.09970335,0.53067362,0.00285819,0.21756057,0.04101076,461830,0.49131031,0.79922241,0.17935405,0.61986836,-0.12855805,Hispanic,0.529162993333333
CA-64,573202,0.67819694,0.28568918,0.02520738,0.97479262,0.03316437,0.92146376,0.00223997,0.0219243,0.04884181,422773,0.39250776,0.80547739,0.16996758,0.63550981,-0.24300205,Hispanic,0.468508443333333
CA-65,573067,0.50083235,0.46608565,0.26557782,0.73442218,0.02947876,0.30171202,0.00484624,0.39868887,0.02153908,460976,0.03474670,0.55278769,0.42813634,0.12465135,-0.08990465,Asian,0.0597149166666667
CA-66,572711,0.54872957,0.41003007,0.40004612,0.59995388,0.02911579,0.21260295,0.00513352,0.34813442,0.01830769,450958,0.13869950,0.59324131,0.38471445,0.20852686,-0.06982736,Minority,0.156975286666667
CA-67,573073,0.49898876,0.4719187,0.25661203,0.74338797,0.09127165,0.52773561,0.00525703,0.11876513,0.03492503,429520,0.02707006,0.5750676,0.40414637,0.17092123,-0.14385117,Hispanic,0.07002045
CA-68,573067,0.43013903,0.53857238,0.40391003,0.59608997,0.07170294,0.40109177,0.00771663,0.10926315,0.03440019,438922,-0.10843335,0.4771158,0.50329774,-0.02618194,-0.08225141,Minority,-0.0860162133333334
CA-69,572728,0.57517989,0.39309524,0.4845745,0.5154255,0.03160807,0.20911617,0.00696819,0.26094222,0.02029755,439856,0.18208465,0.5957473,0.38138281,0.21436449,-0.03227984,Minority,0.187844596666667
CO-1,576848,0.77927402,0.19268162,0.61665176,0.38334824,0.07831694,0.23774973,0.00276306,0.04805194,0.03387596,474112,0.58659240,0.8047561,0.17260263,0.63215347,-0.04556107,White,0.596779423333333
CO-2,576581,0.63390231,0.3387157,0.73258357,0.26741643,0.01829848,0.17354983,0.00233447,0.0484613,0.0267957,453207,0.29518661,0.647323,0.32803987,0.31928313,-0.02409652,White,0.298218783333333
CO-3,576834,0.42499227,0.54992936,0.69583738,0.30416262,0.01596764,0.22920385,0.00266529,0.01447841,0.05225673,456611,-0.12493709,0.43181032,0.54426891,-0.11245859,-0.01247850,White,-0.12577759
CO-4,576897,0.30176977,0.67389303,0.75776383,0.24223617,0.02550319,0.15977819,0.00295948,0.02343133,0.03321098,441631,-0.37212326,0.29878025,0.67477517,-0.37599492,0.00387166,White,-0.378413813333333
CO-5,577635,0.47489845,0.49652226,0.66724208,0.33275792,0.08606769,0.17001128,0.00833907,0.04842277,0.03699982,444894,-0.02162381,0.46603968,0.4945973,-0.02855762,0.00693381,White,-0.02893508
CO-6,577168,0.60825636,0.36176813,0.55818103,0.44181897,0.14298685,0.19233068,0.00531862,0.08867761,0.02950713,441656,0.24648823,0.63895407,0.33521944,0.30373463,-0.05724640,White,0.260570363333333
CO-7,578254,0.59194803,0.37927583,0.75536819,0.24463181,0.02031062,0.14710431,0.00246391,0.04809246,0.03139285,465520,0.21267220,0.58893523,0.38280667,0.20612856,0.00654364,White,0.205490986666667
CO-8,578037,0.55178332,0.42095623,0.46648536,0.53351464,0.06648162,0.38733278,0.00433678,0.05852189,0.04159372,427276,0.13082709,0.59583518,0.37614793,0.21968725,-0.08886016,Minority,0.155447143333333
CO-9,577344,0.58244927,0.38893643,0.7911578,0.2088422,0.01442938,0.13830384,0.00261333,0.02662277,0.02672842,463776,0.19351284,0.5800698,0.39233555,0.18773425,0.00577859,White,0.186586643333333
CO-10,578116,0.49967545,0.4744663,0.8112127,0.1887873,0.02070344,0.08823229,0.00269226,0.05372279,0.02317115,440893,0.02520915,0.49949442,0.47510578,0.02438864,0.00082051,White,0.0199356466666667
CT-1,601188,0.62280582,0.36182403,0.4771358,0.5228642,0.23062396,0.2504886,0.00208185,0.04515695,0.01587514,470736,0.26098179,0.65628249,0.33096725,0.32531524,-0.06433345,Minority,0.277426273333333
CT-2,601948,0.54639077,0.43686082,0.79953781,0.20046219,0.05856612,0.07994789,0.00196542,0.04401758,0.01853425,492008,0.10952995,0.56302855,0.41926949,0.14375906,-0.03422911,White,0.115939653333333
CT-3,601185,0.64075666,0.33745604,0.46012541,0.53987459,0.24533499,0.23904133,0.00186432,0.05479968,0.0179341,475240,0.30330062,0.68398857,0.30418217,0.37980640,-0.07650578,Minority,0.323802546666667
CT-4,600385,0.60960956,0.37441344,0.64512719,0.35487281,0.0816658,0.18175411,0.00110655,0.07124271,0.01186054,465409,0.23519612,0.64821729,0.33755917,0.31065812,-0.07546200,White,0.25535012
CT-5,600485,0.47177156,0.51268634,0.82617045,0.17382955,0.04224934,0.07935336,0.00092081,0.03256841,0.0129328,482185,-0.04091478,0.49053239,0.49382222,-0.00328983,-0.03762495,White,-0.03337313
CT-6,600753,0.53935708,0.44268476,0.78264196,0.21735804,0.0555134,0.07648315,0.00103794,0.06803694,0.01618116,483649,0.09667232,0.56108015,0.41961751,0.14146264,-0.04479032,White,0.106602426666667
DE-1,495264,0.67196473,0.31213678,0.55924015,0.44075985,0.26509226,0.09963168,0.00119124,0.06921935,0.01681485,392867,0.35982795,0.69539868,0.28995062,0.40544806,-0.04562011,White,0.370034653333333
DE-2,494684,0.47874704,0.50730939,0.68987857,0.31012143,0.18995536,0.07362623,0.00150764,0.02734747,0.02309075,390676,-0.02856235,0.48486625,0.50143475,-0.01656850,-0.01199385,White,-0.0295644
FL-1,581684,0.33193919,0.65319645,0.70283893,0.29716107,0.1548065,0.06481994,0.00380029,0.04372941,0.03206143,460491,-0.32125726,0.35374773,0.6260664,-0.27231867,-0.04893859,White,-0.309944396666667
FL-2,582099,0.23999159,0.74713642,0.76387838,0.23612162,0.11801854,0.06046068,0.00264268,0.02585009,0.02990407,461275,-0.50714483,0.25999752,0.72488036,-0.46488284,-0.04226199,White,-0.4980575
FL-3,581681,0.53505114,0.44971817,0.52953992,0.47046008,0.33379184,0.08405465,0.00190004,0.04025351,0.01856733,459463,0.08533297,0.56808651,0.41803633,0.15005018,-0.06471721,White,0.101905373333333
FL-4,582589,0.33916954,0.64591079,0.77708276,0.22291724,0.07534791,0.0758195,0.00225753,0.04891031,0.01854278,458022,-0.30674125,0.35852189,0.62754178,-0.26901989,-0.03772136,White,-0.299167463333333
FL-5,582455,0.54457522,0.43865234,0.4679605,0.5320395,0.35776551,0.10432751,0.00281027,0.05889989,0.01838696,457607,0.10592288,0.57417776,0.40950585,0.16467191,-0.05874903,Minority,0.12050589
FL-6,582403,0.24765394,0.74196317,0.76131201,0.23868799,0.11131906,0.07946652,0.00237029,0.02219355,0.02464841,461125,-0.49430923,0.26267767,0.72580883,-0.46313116,-0.03117807,White,-0.48891654
FL-7,581784,0.46293331,0.52235023,0.64350495,0.35649505,0.15884219,0.13185142,0.00165757,0.04941954,0.01877454,474792,-0.05941692,0.5011146,0.4855855,0.01552910,-0.07494602,White,-0.0394349133333334
FL-8,582846,0.35560042,0.63354023,0.73625618,0.26374382,0.10247311,0.11926914,0.00171994,0.02216482,0.01937489,478506,-0.27793981,0.38258251,0.60728478,-0.22470227,-0.05323754,White,-0.265193963333333
FL-9,582399,0.37430917,0.61294389,0.74253831,0.25746169,0.10952611,0.10139885,0.00192759,0.02546116,0.02144499,484542,-0.23863472,0.40938839,0.578209,-0.16882061,-0.06981411,White,-0.22036335
FL-10,582560,0.39176088,0.59459738,0.74471175,0.25528825,0.09410262,0.10716099,0.00192016,0.0338494,0.01871484,480688,-0.20283650,0.41559095,0.570983,-0.15539205,-0.04744445,White,-0.192021683333333
FL-11,581417,0.49224556,0.49023705,0.60995083,0.39004917,0.12037177,0.19808448,0.0021495,0.06184018,0.01776253,462434,0.00200851,0.52289311,0.46252817,0.06036494,-0.05835643,White,0.0164606533333334
FL-12,581761,0.54794385,0.43433511,0.38806762,0.61193238,0.15540542,0.39661178,0.00297866,0.06445461,0.01953445,461953,0.11360874,0.60061778,0.38440157,0.21621621,-0.10260747,Hispanic,0.14281123
FL-13,582741,0.5108287,0.47484959,0.30375851,0.69624149,0.13356209,0.51714256,0.00315306,0.05127514,0.01884935,449087,0.03597911,0.58737352,0.40119462,0.18617890,-0.15019979,Hispanic,0.0810457066666667
FL-14,582285,0.56647114,0.41700334,0.38172113,0.61827887,0.31105984,0.21443399,0.00255902,0.06565894,0.01649527,440793,0.14946780,0.61372226,0.37435636,0.23936590,-0.08989810,Minority,0.174433833333333
FL-15,582024,0.32140881,0.66866428,0.77975412,0.22024588,0.06709159,0.11077701,0.00143428,0.02156094,0.01917251,491537,-0.34725547,0.34549255,0.64519949,-0.29970694,-0.04754853,White,-0.33640596
FL-16,582390,0.36636141,0.61987319,0.73225793,0.26774207,0.0676732,0.14582786,0.00170889,0.03516562,0.02102748,464630,-0.25351178,0.39222584,0.59486711,-0.20264127,-0.05087051,White,-0.241554943333333
FL-17,582524,0.49841341,0.48681008,0.72154953,0.27845047,0.12365588,0.08753944,0.0017208,0.04695056,0.01789791,492795,0.01160333,0.52441862,0.46191282,0.06250580,-0.05090247,White,0.02357082
FL-18,581717,0.42636697,0.55953134,0.71768336,0.28231664,0.06656667,0.15339894,0.00183834,0.0460859,0.01693361,478693,-0.13316437,0.45906189,0.52800833,-0.06894644,-0.06421793,White,-0.116758393333333
FL-19,581747,0.49612215,0.48316945,0.45082958,0.54917042,0.22363648,0.25623077,0.00228736,0.06659568,0.02095744,449864,0.01295270,0.55068777,0.43435055,0.11633722,-0.10338452,Minority,0.0424142066666667
FL-20,582485,0.49690836,0.48802256,0.46861941,0.53138059,0.1701469,0.31465727,0.0022205,0.04570988,0.01738275,461607,0.00888580,0.55326036,0.43207968,0.12118068,-0.11229488,Minority,0.0413174266666667
FL-21,582637,0.39706632,0.5906423,0.58570933,0.41429067,0.15414385,0.22401537,0.00177926,0.02414613,0.02169334,455808,-0.19357598,0.426765,0.56019136,-0.13342636,-0.06014962,White,-0.178526106666667
FL-22,581490,0.42666762,0.56143864,0.77509445,0.22490555,0.06199646,0.12316654,0.00112597,0.02218554,0.01455511,497351,-0.13477102,0.46090452,0.52879771,-0.06789319,-0.06687783,White,-0.11747841
FL-23,581161,0.31609373,0.67306641,0.70944148,0.29055852,0.08366647,0.16395547,0.00147982,0.02570754,0.01866533,459515,-0.35697268,0.34410806,0.64515493,-0.30104687,-0.05592581,White,-0.343330743333333
FL-24,581301,0.3185772,0.67181266,0.77409329,0.22590671,0.05256699,0.13686987,0.00120251,0.01832537,0.01583197,486484,-0.35323546,0.36211467,0.62950692,-0.26739225,-0.08584321,White,-0.329621056666667
FL-25,581310,0.37099358,0.61730831,0.71195279,0.28804721,0.07734681,0.17408113,0.00115795,0.02348552,0.01243158,487066,-0.24631473,0.41052111,0.5818134,-0.17129229,-0.07502244,White,-0.22630725
FL-26,582324,0.40409121,0.58496405,0.67642622,0.32357378,0.13023287,0.15426596,0.00159317,0.02335726,0.01666893,472016,-0.18087284,0.43890258,0.5526385,-0.11373592,-0.06713692,White,-0.163493866666667
FL-27,582261,0.50614322,0.48101418,0.49339816,0.50660184,0.24440387,0.21912741,0.00177401,0.0370061,0.0168445,463356,0.02512904,0.56943756,0.42175859,0.14767897,-0.12254993,Minority,0.0609790166666667
FL-28,582258,0.5347974,0.45364931,0.54622399,0.45377601,0.17307842,0.24205081,0.00155511,0.03139802,0.01271787,476495,0.08114809,0.59727052,0.39488004,0.20239048,-0.12124239,White,0.11656222
FL-29,582452,0.51167601,0.47523989,0.54726871,0.45273129,0.14760722,0.21790948,0.00152177,0.05168035,0.00967272,468534,0.03643612,0.57666714,0.41590445,0.16076269,-0.12432657,White,0.07287831
FL-30,582067,0.66403246,0.32523988,0.32291062,0.67708938,0.45356707,0.18482119,0.00196127,0.02713415,0.01156049,463475,0.33879258,0.71827491,0.27420598,0.44406893,-0.10527635,Black,0.368884696666667
FL-31,582188,0.53244497,0.45411186,0.3243091,0.6756909,0.17629588,0.42991916,0.00176452,0.07157136,0.01056079,456216,0.07833311,0.60182067,0.3903273,0.21149337,-0.13316026,Hispanic,0.117719863333333
FL-32,581986,0.49520293,0.49138882,0.44829481,0.55170519,0.11325546,0.39428475,0.00142202,0.03274148,0.01204705,485928,0.00381411,0.5834101,0.40861938,0.17479072,-0.17097661,Minority,0.0558063133333333
FL-33,581733,0.71765943,0.2717864,0.06262964,0.93737036,0.56697066,0.37812197,0.00142637,0.01950252,0.00938969,452198,0.44587303,0.80834649,0.18421765,0.62412884,-0.17825581,Black,0.500291633333333
FL-34,582598,0.49489845,0.4929144,0.19005015,0.80994985,0.16307765,0.62994441,0.00116584,0.02802197,0.01289454,455464,0.00198405,0.59329352,0.39844583,0.19484769,-0.19286364,Hispanic,0.06127193
FL-35,581576,0.29270039,0.69953092,0.04659285,0.95340715,0.03921796,0.92580733,0.00071343,0.01027838,0.00656605,482177,-0.40683053,0.3792682,0.61480754,-0.23553934,-0.17129119,Hispanic,-0.354733466666667
FL-36,582641,0.31723154,0.67320648,0.28993953,0.71006047,0.05628729,0.6350876,0.00081223,0.01802987,0.01118089,472771,-0.35597494,0.38636545,0.6061116,-0.21974615,-0.13622879,Hispanic,-0.315565343333333
FL-37,582602,0.37016405,0.61992446,0.20361038,0.79638962,0.06658025,0.70861707,0.0008831,0.02792408,0.00972042,474465,-0.24976041,0.45499988,0.53745938,-0.08245950,-0.16730091,Hispanic,-0.19899344
GA-1,564506,0.49232946,0.50136299,0.5551699,0.4448301,0.32085577,0.0720731,0.00351888,0.03629932,0.0198337,437639,-0.00903353,0.50215,0.48308722,0.01906278,-0.02809631,White,-0.0046680933333333
GA-2,562975,0.53950605,0.45634417,0.42489829,0.57510171,0.4904661,0.05462758,0.00262179,0.02086855,0.01523629,434817,0.08316188,0.55099332,0.4401709,0.11082242,-0.02766054,Black,0.08738206
GA-3,563178,0.29875751,0.69631505,0.69196707,0.30803293,0.22575638,0.04480525,0.00101867,0.01707252,0.02063901,432918,-0.39755754,0.30548055,0.68307671,-0.37759616,-0.01996138,White,-0.395903746666667
GA-4,564299,0.77596217,0.21303487,0.32746898,0.67253102,0.46353496,0.11489237,0.00128919,0.09001975,0.01755205,439037,0.56292730,0.78921295,0.19874251,0.59047044,-0.02754314,Black,0.567108346666667
GA-5,563747,0.84139949,0.15119502,0.15683063,0.84316937,0.76780313,0.0610559,0.00125215,0.01393864,0.01479587,430458,0.69020447,0.83989872,0.15023816,0.68966056,0.00054391,Black,0.685023166666667
GA-6,563305,0.49800618,0.48936867,0.47421171,0.52578829,0.17202601,0.12353679,0.00148526,0.22105881,0.01534614,419454,0.00863751,0.50249415,0.48331903,0.01917512,-0.01053761,Minority,0.00715004666666667
GA-7,562861,0.63540739,0.35203332,0.28267778,0.71732222,0.34321555,0.24944084,0.00163019,0.12390654,0.02344853,412222,0.28337407,0.64813332,0.33943099,0.30870233,-0.02532826,Black,0.286816823333333
GA-8,564150,0.28545187,0.71136216,0.6290268,0.3709732,0.27367863,0.06870159,0.00140326,0.01392291,0.01753964,428287,-0.42591029,0.30156168,0.68956396,-0.38800228,-0.03790801,White,-0.418274286666667
GA-9,564242,0.2040491,0.79101522,0.82651188,0.17348812,0.06694945,0.06113825,0.00096741,0.01860396,0.02522922,443454,-0.58696612,0.20157143,0.78643254,-0.58486111,-0.00210501,White,-0.59126445
GA-10,564366,0.38904393,0.6039011,0.67031485,0.32968515,0.21140666,0.06110351,0.00193569,0.03887158,0.01906214,437569,-0.21485717,0.39529152,0.59078609,-0.19549457,-0.01936260,White,-0.21340297
GA-11,563210,0.61400894,0.37506445,0.4657749,0.5342251,0.30955532,0.1392572,0.00132109,0.06839267,0.01975185,434491,0.23894449,0.61028923,0.37370911,0.23658012,0.00236437,Minority,0.233156366666667
GA-12,564115,0.59121608,0.40393979,0.41655689,0.58344311,0.50724307,0.04365247,0.00193833,0.02294494,0.01537197,438005,0.18727629,0.60059723,0.38857891,0.21201832,-0.02474203,Black,0.190523633333333
GA-13,564068,0.66112408,0.33235389,0.30529335,0.69470665,0.54716652,0.09401226,0.00131143,0.04901101,0.01810287,423966,0.32877019,0.6528141,0.33644309,0.31637101,0.01239918,Black,0.31963713
GA-14,564284,0.2146097,0.78049709,0.78364995,0.21635005,0.06808035,0.11002233,0.00095555,0.01236644,0.02932738,431167,-0.56588739,0.21958865,0.7684101,-0.54882145,-0.01706594,White,-0.565198743333333
GA-15,563670,0.29740485,0.69864252,0.65002587,0.34997413,0.26661624,0.05225877,0.00137352,0.01738943,0.01639873,431009,-0.40123767,0.30673289,0.68242048,-0.37568759,-0.02555008,White,-0.397720976666667
GA-16,563178,0.73681071,0.25628037,0.33126478,0.66873522,0.58302844,0.05504139,0.00142814,0.02408526,0.01587464,429931,0.48053034,0.72221493,0.26779881,0.45441612,0.02611422,Black,0.4668256
GA-17,564054,0.62900632,0.35878769,0.61199281,0.38800719,0.18180995,0.09042176,0.00148201,0.10320972,0.01424839,463561,0.27021863,0.63540528,0.35083322,0.28457206,-0.01435343,White,0.270003106666667
GA-18,564228,0.28309503,0.70911253,0.71956912,0.28043088,0.06340593,0.14966219,0.00110555,0.04461873,0.02406454,423320,-0.42601750,0.2793534,0.70474993,-0.42539653,-0.00062097,White,-0.43081051
GA-19,563472,0.37626141,0.61574982,0.69017342,0.30982658,0.1743809,0.08206887,0.00134742,0.03083906,0.02355881,428969,-0.23948841,0.3637219,0.62069853,-0.25697663,0.01748822,White,-0.250317816666667
HI-1,485115,0.6260353,0.35202624,0.34962347,0.65037653,0.01786095,0.08928915,0.264607,0.41966214,0.0309236,384302,0.27400906,0.66263028,0.31382518,0.34880510,-0.07479604,Asian,0.293941073333333
HI-2,485355,0.65673138,0.32473695,0.18120447,0.81879553,0.02883297,0.05820939,0.16209384,0.66780759,0.01746531,401138,0.33199443,0.67236734,0.31151547,0.36085187,-0.02885744,Asian,0.336613576666667
HI-3,484801,0.52572724,0.45728659,0.18510521,0.81489479,0.03658645,0.09567166,0.26383059,0.58681657,0.02493893,370465,0.06844065,0.56634924,0.41377711,0.15257213,-0.08413148,Asian,0.0914844766666667
IA-1,531927,0.50808731,0.47292688,0.83162301,0.16837699,0.06500122,0.04638231,0.00569573,0.03712463,0.01468127,415223,0.03516043,0.53461051,0.4413659,0.09324461,-0.05808418,White,0.0495218233333333
IA-2,531275,0.50438649,0.47652661,0.82250067,0.17749933,0.06213877,0.05968491,0.00106753,0.03566072,0.01670366,414041,0.02785988,0.53154852,0.44689754,0.08465098,-0.05679110,White,0.0417902466666667
IA-3,531266,0.53089675,0.4514809,0.78719206,0.21280794,0.06789133,0.07547766,0.00144063,0.04960352,0.01648889,401907,0.07941585,0.55155906,0.4266588,0.12490026,-0.04548441,White,0.08957732
IA-4,532481,0.34753015,0.63541811,0.90781865,0.09218135,0.01573919,0.03556848,0.00193572,0.01781654,0.01678283,402435,-0.28788796,0.36328442,0.6178509,-0.25456648,-0.03332148,White,-0.2817808
IA-5,532665,0.29713574,0.68665805,0.857522,0.142478,0.02447229,0.07894255,0.00336142,0.01638164,0.01833567,404294,-0.38952231,0.32143788,0.6613409,-0.33990302,-0.04961929,White,-0.377982546666667
IA-6,530755,0.36357792,0.62001109,0.92067258,0.07932742,0.01917502,0.03291582,0.00267829,0.00980342,0.01191403,412203,-0.25643317,0.39114015,0.59115183,-0.20001168,-0.05642149,White,-0.242626006666667
ID-1,613834,0.25227843,0.72339515,0.85383511,0.14616489,0.00672226,0.07623562,0.00319223,0.01542067,0.03744115,473650,-0.47111672,0.28689682,0.68709942,-0.40020260,-0.07091412,White,-0.45247868
ID-2,612514,0.23348568,0.73607004,0.79789364,0.20210636,0.01091087,0.13716095,0.00404249,0.01813106,0.03379486,440570,-0.50258436,0.24392606,0.72289081,-0.47896475,-0.02361961,White,-0.499711156666667
ID-3,612758,0.4191502,0.55262213,0.79085854,0.20914146,0.01743044,0.11935177,0.00526418,0.03693366,0.02791553,462180,-0.13347193,0.45078806,0.51737989,-0.06659183,-0.06688010,White,-0.116178563333333
IL-1,582159,0.66860662,0.30564503,0.37952368,0.62047632,0.50160542,0.09592945,0.00088102,0.0197306,0.0129217,459692,0.36296159,0.72462147,0.26230832,0.46231315,-0.09935156,Black,0.391078776666667
IL-2,581945,0.71780057,0.2661106,0.29967784,0.70032216,0.52503999,0.15889427,0.00106863,0.01185126,0.01828992,446366,0.45168997,0.75615996,0.23103344,0.52512652,-0.07343655,Black,0.47116882
IL-3,582147,0.69482439,0.27994608,0.38880903,0.61119097,0.05454557,0.49664505,0.00185445,0.06256487,0.03685664,460514,0.41487831,0.75368839,0.22754664,0.52614175,-0.11126344,Hispanic,0.446966123333333
IL-4,582289,0.65346945,0.32283913,0.14610997,0.85389003,0.06692377,0.70942269,0.00130769,0.07945004,0.05511099,435884,0.33063032,0.78079421,0.20083792,0.57995629,-0.24932597,Hispanic,0.408738976666667
IL-5,582757,0.82645969,0.15090462,0.63205616,0.36794384,0.10587891,0.13159323,0.00149872,0.12015814,0.01595748,495755,0.67555507,0.8442803,0.13724362,0.70703668,-0.03148161,White,0.68104894
IL-6,582094,0.69042991,0.28603743,0.43039045,0.56960955,0.32493902,0.21091178,0.00102651,0.03072384,0.01913323,448121,0.40439248,0.73948263,0.24493861,0.49454402,-0.09015154,Minority,0.429442993333333
IL-7,582302,0.83686841,0.14221255,0.30630741,0.69369259,0.50186101,0.085004,0.00138169,0.10393916,0.01214551,479848,0.69465586,0.87838454,0.10604775,0.77233679,-0.07768093,Black,0.715549503333333
IL-8,582455,0.51921968,0.44336543,0.59255439,0.40744561,0.04733004,0.1986707,0.00127157,0.15131641,0.01978751,453771,0.07585425,0.57240475,0.40857124,0.16383351,-0.08797926,White,0.10018067
IL-9,582744,0.64455681,0.33111495,0.6945279,0.3054721,0.04698189,0.09237393,0.00138839,0.1568837,0.01115311,456644,0.31344186,0.67349334,0.31134701,0.36214633,-0.04870447,White,0.324676683333333
IL-10,582644,0.57797602,0.39495872,0.56576658,0.43423342,0.086035,0.23979694,0.00192312,0.09563482,0.02425801,443029,0.18301730,0.60210461,0.37768724,0.22441737,-0.04140007,White,0.191817323333333
IL-11,582741,0.55313407,0.4080169,0.70906873,0.29093127,0.05640913,0.09957952,0.00117132,0.1221755,0.01251248,451629,0.14511717,0.57837378,0.40003938,0.17833440,-0.03321723,White,0.15118958
IL-12,582058,0.24342474,0.73869814,0.8986708,0.1013292,0.04296381,0.02265595,0.00102852,0.00956307,0.02018093,456966,-0.49527340,0.25217163,0.73110015,-0.47892852,-0.01634488,White,-0.494825106666667
IL-13,581520,0.48265362,0.49003522,0.73245955,0.26754045,0.14035191,0.0425843,0.0010176,0.06468159,0.01802037,458925,-0.00738160,0.48603409,0.49066458,-0.00463049,-0.00275111,White,-0.0114645633333333
IL-14,582187,0.50913809,0.46406867,0.61507603,0.38492397,0.11372551,0.18299686,0.0008325,0.07632703,0.01817092,437237,0.04506942,0.5499656,0.43248764,0.11747796,-0.07240854,White,0.0642056
IL-15,583040,0.26147252,0.71728118,0.91799831,0.08200169,0.02799562,0.02250307,0.0010046,0.00745589,0.01838858,457893,-0.45580866,0.27044191,0.70924059,-0.43879868,-0.01700998,White,-0.455138666666667
IL-16,582702,0.34309264,0.63579461,0.85146607,0.14853393,0.04670447,0.06949253,0.00082303,0.00990285,0.01865303,451991,-0.29270197,0.35761773,0.62141172,-0.26379399,-0.02890798,White,-0.288065976666667
IL-17,582320,0.4734441,0.50339764,0.74675101,0.25324899,0.1045744,0.10326818,0.00084727,0.02512698,0.02051993,453218,-0.02995354,0.48795404,0.49055987,-0.00260583,-0.02734771,White,-0.0258376366666667
IL-18,582322,0.55257301,0.42658129,0.65785947,0.34214053,0.0287374,0.14245104,0.0008977,0.16226994,0.01466902,461176,0.12599172,0.58131797,0.40113391,0.18018406,-0.05419234,White,0.139055833333333
IL-19,582578,0.54295384,0.44053748,0.58374202,0.41625798,0.06747156,0.29078593,0.00114864,0.0464309,0.02747027,432686,0.10241636,0.56672494,0.41169949,0.15502545,-0.05260909,White,0.114952723333333
IL-20,582978,0.46421035,0.51342235,0.78715644,0.21284356,0.0310804,0.12576886,0.00089784,0.03625079,0.01929459,447742,-0.04921200,0.47682717,0.50152312,-0.02469595,-0.02451605,White,-0.0460399833333334
IL-21,582292,0.46235937,0.51155392,0.80025374,0.19974626,0.10075551,0.04335496,0.00147721,0.03468485,0.01798555,455588,-0.04919455,0.46889028,0.50574445,-0.03685417,-0.01234038,White,-0.05008109
IL-22,582234,0.4692921,0.50569562,0.72579454,0.27420546,0.18985739,0.03795784,0.00149958,0.02124258,0.0219528,454794,-0.03640352,0.4721614,0.50601397,-0.03385257,-0.00255095,White,-0.0405532033333334
IN-1,565812,0.50041952,0.48452718,0.58038534,0.41961466,0.22133292,0.16484887,0.00084201,0.01897761,0.02111964,432299,0.01589234,0.54482066,0.44009927,0.10472139,-0.08882905,White,0.0405020233333333
IN-2,566060,0.47056485,0.51354108,0.74717494,0.25282506,0.11271631,0.0924752,0.00130898,0.0233671,0.02170799,436982,-0.04297623,0.49428107,0.48757024,0.00671083,-0.04968706,White,-0.0314138766666667
IN-3,565044,0.25182339,0.73187233,0.87819682,0.12180318,0.01233852,0.07698429,0.00090467,0.00985424,0.0192443,422255,-0.48004894,0.26274068,0.71792048,-0.45517980,-0.02486914,White,-0.476759226666667
IN-4,564733,0.36325981,0.6198739,0.80265136,0.19734864,0.08543172,0.05687713,0.00114834,0.03444545,0.01910505,422349,-0.25661409,0.36692693,0.61121575,-0.24428882,-0.01232527,White,-0.257505666666667
IN-5,565919,0.44047305,0.541572,0.81972313,0.18027687,0.04825676,0.04859531,0.00699024,0.06002222,0.01873357,451916,-0.10109895,0.44800143,0.53102905,-0.08302762,-0.01807133,White,-0.100075173333333
IN-6,565490,0.40166691,0.57992029,0.83674657,0.16325343,0.06103615,0.04016177,0.0011116,0.03928196,0.01785178,422815,-0.17825338,0.39633636,0.58204535,-0.18570899,0.00745561,White,-0.185738583333333
IN-7,565246,0.30228275,0.68006034,0.86643808,0.13356192,0.05456109,0.04361321,0.00089389,0.01160024,0.02065425,443008,-0.37777759,0.31384697,0.66575062,-0.35190365,-0.02587394,White,-0.374152943333333
IN-8,565466,0.61694128,0.36499475,0.60622781,0.39377219,0.23408502,0.10103797,0.00117243,0.0447848,0.01689782,429878,0.25194653,0.61921228,0.3620858,0.25712648,-0.00517995,White,0.24867318
IN-9,565074,0.58865982,0.39530367,0.56475887,0.43524113,0.26472843,0.10007385,0.0015878,0.05326089,0.02159691,423857,0.19335615,0.59851054,0.38261165,0.21589889,-0.02254274,White,0.195870396666667
IN-10,565379,0.2881569,0.69392041,0.8935438,0.1064562,0.02269325,0.03053601,0.00108645,0.02888441,0.01953308,433521,-0.40576351,0.28518186,0.69301961,-0.40783775,0.00207424,White,-0.411454923333333
IN-11,565826,0.31073853,0.67316331,0.8935114,0.1064886,0.04535155,0.02591779,0.00171885,0.01231804,0.01785224,436920,-0.36242478,0.32493674,0.65706838,-0.33213164,-0.03029314,White,-0.357327066666667
IN-12,565479,0.28827781,0.6950217,0.89887105,0.10112895,0.03337386,0.0321673,0.00106232,0.01028209,0.02189437,436779,-0.40674389,0.29840778,0.68348832,-0.38508054,-0.02166335,White,-0.404522773333333
KS-1,587454,0.23639122,0.74582664,0.7825952,0.2174048,0.02594482,0.1489533,0.00207361,0.01382704,0.02980191,444636,-0.50943542,0.24402083,0.73596266,-0.49194183,-0.01749359,White,-0.508604223333333
KS-2,587760,0.2898886,0.69049024,0.83548564,0.16451436,0.04294332,0.05745224,0.00298387,0.01884164,0.04165437,450757,-0.40060164,0.29690703,0.68022662,-0.38331959,-0.01728205,White,-0.399840956666667
KS-3,587489,0.53128691,0.45045248,0.67706493,0.32293507,0.11814006,0.13651661,0.00232917,0.03295675,0.0403038,447799,0.08083443,0.54768153,0.42821971,0.11946182,-0.03862739,White,0.0887102266666667
KS-4,587497,0.41395189,0.5691267,0.69980636,0.30019364,0.09090289,0.12462669,0.00225916,0.04844018,0.04082403,439986,-0.15517481,0.41964688,0.55634445,-0.13669757,-0.01847724,White,-0.15401573
KS-5,587680,0.53965823,0.44271958,0.78073825,0.21926175,0.05464901,0.07507318,0.00148833,0.06325845,0.02210078,446138,0.09693865,0.53600979,0.44315278,0.09285701,0.00408164,White,0.0905781033333333
KY-1,562914,0.25264902,0.73443311,0.85261035,0.14738965,0.0846444,0.0301883,0.00138306,0.00885202,0.02092504,435268,-0.48178409,0.2753401,0.70978467,-0.43444457,-0.04733952,White,-0.47100425
KY-2,563678,0.29376409,0.69118985,0.83819616,0.16180384,0.0736234,0.03771046,0.00298731,0.02528156,0.02128373,429483,-0.39742576,0.31935836,0.66290583,-0.34354747,-0.05387829,White,-0.38446633
KY-3,563537,0.34017038,0.64391185,0.84203376,0.15796624,0.06859449,0.04722633,0.00130977,0.01793437,0.02138213,429845,-0.30374147,0.35428053,0.62775044,-0.27346991,-0.03027156,White,-0.29865095
KY-4,563161,0.63444144,0.34631927,0.62271225,0.37728775,0.25327816,0.06620794,0.00161521,0.0420202,0.01756739,445143,0.28812217,0.65179561,0.32994479,0.32185082,-0.03372865,White,0.294365053333333
KY-5,562771,0.20505108,0.78178129,0.91794411,0.08205589,0.02783839,0.02196925,0.00245424,0.00895696,0.02007081,437202,-0.57673021,0.22151562,0.76343461,-0.54191899,-0.03481122,White,-0.57012647
KY-6,563325,0.31500704,0.66765016,0.88971334,0.11028666,0.03892622,0.03072298,0.00176735,0.01530071,0.01998326,427758,-0.35264312,0.32808033,0.65387596,-0.32579563,-0.02684749,White,-0.348693956666667
KY-7,563231,0.18644918,0.80100809,0.94272645,0.05727355,0.02089956,0.01083891,0.0005922,0.00544101,0.01744391,440727,-0.61455891,0.21218107,0.77527094,-0.56308987,-0.05146904,White,-0.602402563333333
KY-8,563219,0.48338209,0.49598813,0.7706409,0.2293591,0.11509234,0.06030688,0.00112663,0.03334975,0.01967962,438474,-0.01260604,0.50164995,0.47748113,0.02416882,-0.03677486,White,-0.00534775333333335
LA-1,582460,0.29758081,0.68382339,0.68447351,0.31552649,0.14368507,0.11611382,0.00115464,0.03295068,0.02461679,449490,-0.38624258,0.29251979,0.68871351,-0.39619372,0.00995114,White,-0.394559626666667
LA-2,581963,0.75384473,0.22259017,0.33659389,0.66340611,0.51981359,0.09799798,0.00124593,0.04375406,0.0170474,457489,0.53125456,0.76834034,0.21464952,0.55369082,-0.02243626,Black,0.533733313333333
LA-3,581716,0.29566166,0.69063171,0.65378644,0.34621356,0.24382167,0.05429986,0.00094877,0.02202364,0.02743933,440572,-0.39497005,0.30701161,0.67620232,-0.36919071,-0.02577934,White,-0.391376936666667
LA-4,582939,0.25016161,0.73795165,0.68918565,0.31081435,0.22960116,0.03911121,0.00129097,0.0165115,0.02395067,450050,-0.48779004,0.26053809,0.72463085,-0.46409276,-0.02369728,White,-0.484890946666667
LA-5,581756,0.22293693,0.76232275,0.75567844,0.24432156,0.14794123,0.05499313,0.00096112,0.01730236,0.02073687,439073,-0.53938582,0.21687726,0.76560954,-0.54873228,0.00934646,White,-0.547501306666667
LA-6,581512,0.5670955,0.41421607,0.42461197,0.57538803,0.47972466,0.06082158,0.00087488,0.02558232,0.01295437,450350,0.15287943,0.5861834,0.39532077,0.19086263,-0.03798320,Black,0.160540496666667
LA-7,582216,0.52605904,0.46062448,0.41563943,0.58436057,0.529081,0.03250839,0.00104038,0.01063346,0.01533992,444070,0.06543456,0.55109537,0.43357172,0.11752365,-0.05208909,Black,0.07779759
LA-8,583195,0.21855474,0.76957276,0.71601351,0.28398649,0.19722656,0.04355177,0.00180679,0.01625881,0.02599134,439454,-0.55101802,0.23294062,0.75101027,-0.51806965,-0.03294837,White,-0.54503523
MA-1,586722,0.5727941,0.40211158,0.69063439,0.30936561,0.08967634,0.18582595,0.00189258,0.02883783,0.01775606,467615,0.17068252,0.61651195,0.36112029,0.25539166,-0.08470914,White,0.1939189
MA-2,585554,0.56799924,0.40373268,0.81942912,0.18057088,0.03783897,0.0803989,0.00131499,0.04080661,0.01610914,476810,0.16426656,0.6022249,0.37017195,0.23205295,-0.06778639,White,0.181862023333333
MA-3,585057,0.56494124,0.40647305,0.71936834,0.28063166,0.07077761,0.1047006,0.00113322,0.07855849,0.01275795,461516,0.15846819,0.60616523,0.36805306,0.23811217,-0.07964398,White,0.180016183333333
MA-4,586466,0.67763813,0.29213619,0.75729468,0.24270532,0.04198807,0.06656618,0.00106033,0.08964801,0.00939835,456463,0.38550194,0.70679145,0.26807579,0.43871566,-0.05321372,White,0.398239846666667
MA-5,586666,0.56242571,0.41157876,0.63335139,0.36664861,0.06233564,0.19724001,0.00166875,0.10373546,0.01183195,457828,0.15084695,0.60878985,0.36840595,0.24038390,-0.08953695,White,0.1756926
MA-6,585064,0.59841717,0.37708466,0.77115454,0.22884546,0.05288555,0.12932608,0.00114871,0.03423287,0.01281945,468351,0.22133251,0.63634595,0.34137893,0.29496702,-0.07363451,White,0.240877346666667
MA-7,585229,0.70153301,0.26847737,0.73810958,0.26189042,0.04130897,0.05719277,0.00096524,0.14145931,0.00701509,468276,0.43305564,0.73211916,0.24725557,0.48486359,-0.05180795,White,0.445324956666667
MA-8,586604,0.74447569,0.21480448,0.55535519,0.44464481,0.0985256,0.16098741,0.00158215,0.15304247,0.01179075,497424,0.52967121,0.80074058,0.17919262,0.62154796,-0.09187675,White,0.555296793333333
MA-9,585777,0.76751374,0.19894043,0.45542074,0.54457926,0.25751296,0.17471988,0.00192929,0.12232925,0.01284839,493447,0.56857331,0.8275839,0.15430164,0.67328226,-0.10470895,Minority,0.598476293333333
MA-10,585595,0.50699838,0.46999441,0.82054857,0.17945143,0.0670079,0.04886154,0.00110049,0.03884768,0.01105429,466154,0.03700397,0.55570133,0.42138433,0.13431700,-0.09731303,White,0.0644416466666667
MA-11,586113,0.58476129,0.39012488,0.67236335,0.32763665,0.15118109,0.04984707,0.00133939,0.0980199,0.00953025,465885,0.19463641,0.63186669,0.34688501,0.28498168,-0.09034527,White,0.2197515
MA-12,585070,0.55844335,0.42045341,0.83510003,0.16489997,0.04981259,0.05707981,0.00131417,0.01646437,0.01502209,483954,0.13798994,0.59407003,0.38506099,0.20900904,-0.07101910,White,0.156662973333333
MD-1,561205,0.37524314,0.59755425,0.77008659,0.22991341,0.14411537,0.04368521,0.00131181,0.02204252,0.01910891,445185,-0.22231111,0.38970852,0.58514856,-0.19544004,-0.02687107,White,-0.218354086666667
MD-2,561860,0.56763703,0.39852111,0.60274853,0.39725147,0.27989228,0.04817669,0.00115509,0.05731034,0.01455371,438926,0.16911592,0.58858765,0.38382962,0.20475803,-0.03564211,White,0.175996623333333
MD-3,562253,0.55708281,0.40829942,0.650842,0.349158,0.19313835,0.08111733,0.00221181,0.05776762,0.02044785,437650,0.14878339,0.56301368,0.40777524,0.15523844,-0.00645505,White,0.145935073333333
MD-4,561139,0.86643254,0.10016327,0.15147178,0.84852822,0.54446035,0.25303705,0.00172919,0.05553042,0.02778252,433150,0.76626927,0.90961653,0.06823409,0.84138244,-0.07511317,Black,0.786306993333333
MD-5,561838,0.63088296,0.34182878,0.44527052,0.55472948,0.43331928,0.06690297,0.00229397,0.04180975,0.02433317,434181,0.28905418,0.65554417,0.32264042,0.33290375,-0.04384957,Minority,0.298670703333333
MD-6,561356,0.45729235,0.51227076,0.74796613,0.25203387,0.10894901,0.07183606,0.00143527,0.05339068,0.0190485,441032,-0.05497841,0.46623703,0.50804081,-0.04180378,-0.01317463,White,-0.0555868666666667
MD-7,560895,0.84292185,0.12350357,0.30410645,0.69589355,0.56993197,0.06924941,0.0012495,0.05127618,0.01631242,449780,0.71941828,0.86985156,0.10946623,0.76038533,-0.04096705,Black,0.728073963333333
MD-8,560985,0.74964694,0.21140267,0.47366201,0.52633799,0.13415803,0.18523699,0.00184589,0.19649902,0.01618672,433936,0.53824427,0.78873638,0.18651545,0.60222093,-0.06397666,Minority,0.554569823333333
MD-9,560938,0.53236688,0.43767787,0.59780987,0.40219013,0.26831037,0.05934145,0.00148732,0.05697963,0.02086614,435682,0.09468901,0.54347162,0.43094901,0.11252261,-0.01783360,White,0.0956335433333333
MD-10,562043,0.81863277,0.14953379,0.22560643,0.77439357,0.52883577,0.156917,0.00149082,0.08974807,0.01908382,438015,0.66909898,0.85468429,0.12467147,0.73001282,-0.06091384,Black,0.684403593333333
MD-11,560891,0.66580196,0.29169242,0.51142132,0.48857868,0.20187296,0.09287643,0.00174903,0.18259385,0.01631651,427665,0.37410954,0.69128976,0.28026973,0.41102003,-0.03691049,White,0.381413036666667
ME-1,681292,0.58933578,0.38776313,0.90388975,0.09611025,0.02952566,0.01855749,0.00105939,0.02069255,0.01810553,553146,0.20157265,0.59166657,0.37942439,0.21224218,-0.01066953,White,0.20012916
ME-2,681067,0.45506265,0.52523414,0.92922385,0.07077615,0.01010524,0.01327075,0.00100909,0.01178765,0.02655587,556939,-0.07017149,0.46697628,0.5045038,-0.03752752,-0.03264397,White,-0.0642901666666667
MI-1,593515,0.41242342,0.57255312,0.89923767,0.10076233,0.01574663,0.01643459,0.00111768,0.00922651,0.05103504,484040,-0.16012970,0.41754472,0.56681486,-0.14927014,-0.01085956,White,-0.161509846666667
MI-2,592212,0.34859655,0.63740393,0.9130022,0.0869978,0.01408602,0.03066424,0.00080197,0.00883849,0.02499784,475081,-0.28880738,0.35955007,0.62484276,-0.26529269,-0.02351469,White,-0.28596915
MI-3,593632,0.3499666,0.63509098,0.88093836,0.11906164,0.03708067,0.03652398,0.00097745,0.01342543,0.0248269,463449,-0.28512438,0.35913195,0.62273817,-0.26360622,-0.02151816,White,-0.28295166
MI-4,592705,0.54217039,0.44047193,0.72809932,0.27190068,0.11179198,0.10143335,0.00118895,0.04157788,0.02047902,453342,0.10169846,0.5440452,0.43585801,0.10818719,-0.00648873,White,0.09886137
MI-5,592526,0.4089357,0.57605185,0.82773059,0.17226941,0.05646963,0.06832376,0.00097407,0.02092268,0.02171824,453766,-0.16711615,0.41079798,0.57119523,-0.16039725,-0.00671890,White,-0.169876516666667
MI-6,592012,0.48399349,0.50070748,0.78863774,0.21136226,0.10211143,0.05443656,0.00107666,0.024188,0.02556639,460683,-0.01671399,0.49177897,0.48979126,0.00198771,-0.01870170,White,-0.01548009
MI-7,592631,0.36073957,0.62484107,0.86140615,0.13859385,0.05793204,0.04003353,0.00066586,0.00998791,0.0249687,464061,-0.26410150,0.37646297,0.60633565,-0.22987268,-0.03422882,White,-0.257691893333333
MI-8,592564,0.62975606,0.34739192,0.70539556,0.29460444,0.14280086,0.04784058,0.00137891,0.08017997,0.02032109,477189,0.28236414,0.65109906,0.33546339,0.31563567,-0.03327153,White,0.28845465
MI-9,592676,0.52307959,0.46018955,0.79270949,0.20729051,0.08476975,0.05429948,0.0011922,0.04318287,0.02227573,470557,0.06289004,0.53426199,0.44813783,0.08612416,-0.02323412,White,0.0656347466666667
MI-10,593265,0.5029316,0.48264704,0.71990045,0.28009955,0.1927436,0.04675864,0.00082021,0.01469242,0.02352432,462075,0.02028456,0.52621493,0.45936415,0.06685078,-0.04656622,White,0.0308066333333333
MI-11,592393,0.31249452,0.67439485,0.89818693,0.10181307,0.03042527,0.02995537,0.00062653,0.01330515,0.01999528,466060,-0.36190033,0.33103303,0.65515654,-0.32412351,-0.03777682,White,-0.354308056666667
MI-12,593079,0.47247753,0.50582685,0.73904276,0.26095724,0.15897605,0.02313276,0.00089691,0.05666718,0.01769878,476078,-0.03334932,0.50689884,0.47947324,0.02742560,-0.06077492,White,-0.0180910133333334
MI-13,593086,0.44820793,0.53564706,0.78621731,0.21378269,0.09449224,0.05163792,0.00079558,0.04271494,0.01913048,466324,-0.08743913,0.46407742,0.52163719,-0.05755977,-0.02987936,White,-0.0824793433333333
MI-14,593269,0.58953336,0.39013874,0.69230415,0.30769585,0.17199324,0.02887383,0.00076827,0.08977201,0.01330545,477699,0.19939462,0.6120917,0.37580906,0.23628264,-0.03688802,White,0.206690626666667
MI-15,592365,0.53673324,0.43666133,0.71592313,0.28407687,0.11350488,0.03299096,0.00079092,0.11606473,0.01668364,470341,0.10007191,0.56098885,0.42547796,0.13551089,-0.03543898,White,0.106884903333333
MI-16,592413,0.6815027,0.25523897,0.4150393,0.5849607,0.519087,0.03557744,0.00090089,0.01749407,0.0162861,442893,0.42626373,0.78064845,0.20808676,0.57256169,-0.14629796,Black,0.470029716666667
MI-17,592984,0.73913575,0.23800073,0.33742311,0.66257689,0.51735623,0.09633849,0.00114422,0.03934256,0.01940518,450962,0.50113502,0.78991961,0.19913208,0.59078753,-0.08965251,Black,0.52601919
MN-1,571018,0.44074897,0.53725299,0.85866062,0.14133938,0.03544872,0.05109945,0.00155095,0.03435326,0.01392213,439085,-0.09650402,0.45111566,0.52522148,-0.07410582,-0.02239820,White,-0.0940379533333334
MN-2,570533,0.53172051,0.44339098,0.77725103,0.22274897,0.06868099,0.06567564,0.00149917,0.06571072,0.0182496,427571,0.08832953,0.53867532,0.43676939,0.10190593,-0.01357640,White,0.0878549966666667
MN-3,570150,0.65441426,0.31902985,0.77413754,0.22586246,0.07743285,0.05195269,0.00124326,0.07719752,0.01541197,450429,0.33538441,0.65315885,0.32400182,0.32915703,0.00622738,White,0.328308616666667
MN-4,571380,0.69697516,0.27592508,0.64514356,0.35485644,0.12476753,0.06868934,0.00165615,0.14148963,0.02184891,441990,0.42105008,0.71014172,0.2661781,0.44396362,-0.02291354,White,0.423687926666667
MN-5,570472,0.81295491,0.15594917,0.60066322,0.39933678,0.1990317,0.08566565,0.00162488,0.09134943,0.02894504,452340,0.65700574,0.82462613,0.15246668,0.67215945,-0.01515371,White,0.657056976666667
MN-6,571324,0.38086047,0.59688479,0.87804976,0.12195024,0.03985539,0.02905949,0.00111731,0.02952919,0.01531495,421549,-0.21602432,0.38683772,0.58907061,-0.20223289,-0.01379143,White,-0.216427176666667
MN-7,570118,0.32357319,0.65727433,0.90968676,0.09031324,0.01719881,0.02408979,0.001113,0.01025746,0.03270981,436658,-0.33370114,0.33818784,0.64115899,-0.30297115,-0.03072999,White,-0.32845781
MN-8,570157,0.43912132,0.54066956,0.89024029,0.10975971,0.01794579,0.01554709,0.001097,0.01211369,0.05542835,449409,-0.10154824,0.45285985,0.52417294,-0.07131309,-0.03023515,White,-0.0964698566666667
MN-9,571167,0.53856153,0.43438737,0.78930709,0.21069291,0.07318027,0.044693,0.00128878,0.06892985,0.01921364,432193,0.10417416,0.54315321,0.43214488,0.11100833,-0.00683417,White,0.101452216666667
MN-10,570172,0.33388779,0.64580961,0.88069145,0.11930855,0.02237749,0.06090826,0.00167883,0.01726564,0.01550002,437806,-0.31192182,0.35053874,0.62771542,-0.27717668,-0.03474514,White,-0.305340106666667
MO-1,559666,0.80915482,0.17261803,0.38002433,0.61997567,0.53583255,0.03455382,0.00107896,0.03508653,0.0174304,443019,0.63653679,0.81659469,0.16790689,0.64868780,-0.01215101,Black,0.635587126666667
MO-2,559515,0.59107955,0.390105,0.76409356,0.23590644,0.11567952,0.03698251,0.00103104,0.06117152,0.0169672,444210,0.20097455,0.59169428,0.39141416,0.20028012,0.00069443,White,0.195743073333333
MO-3,559460,0.43482164,0.54862009,0.83968194,0.16031806,0.04950992,0.03236289,0.00109395,0.05235465,0.01916379,432378,-0.11379845,0.42957738,0.55321149,-0.12363411,0.00983566,White,-0.122077003333333
MO-4,559658,0.27888892,0.70902856,0.90800192,0.09199808,0.02295494,0.01867245,0.00107004,0.00995926,0.02928022,431759,-0.43013964,0.28839636,0.69342305,-0.40502669,-0.02511295,White,-0.426768656666667
MO-5,559761,0.35639924,0.6276365,0.8322394,0.1677606,0.06878385,0.03874997,0.00271946,0.02523795,0.02772695,433910,-0.27123726,0.36444734,0.61376183,-0.24931449,-0.02192277,White,-0.26892967
MO-6,559596,0.54072259,0.44311594,0.61646669,0.38353331,0.25248835,0.07807345,0.0045056,0.02016185,0.03284743,423473,0.09760665,0.55189413,0.42806273,0.12383140,-0.02622475,White,0.101348233333333
MO-7,559233,0.53663473,0.44656849,0.7466513,0.2533487,0.09889331,0.08359154,0.0042188,0.03767934,0.02930155,434721,0.09006624,0.54688771,0.433276,0.11361171,-0.02354547,White,0.09291473
MO-8,559601,0.2363027,0.75267812,0.89832113,0.10167887,0.03526269,0.02475935,0.00175943,0.00985512,0.02534506,431958,-0.51637542,0.24858934,0.73476185,-0.48617251,-0.03020291,White,-0.511307783333333
MO-9,559286,0.19706878,0.79275843,0.88370941,0.11629059,0.01371079,0.03601623,0.00444333,0.01016453,0.045543,428057,-0.59568965,0.20222624,0.78183277,-0.57960653,-0.01608312,White,-0.59532861
MO-10,559523,0.29855512,0.68917647,0.86173265,0.13826735,0.02764159,0.0432935,0.00251765,0.02006808,0.03953988,437710,-0.39062135,0.30205031,0.67963696,-0.37758665,-0.01303470,White,-0.39127645
MO-11,559614,0.19761341,0.79359031,0.85287869,0.14712131,0.06712444,0.02786493,0.00177019,0.01516976,0.03023593,434417,-0.59597690,0.20812592,0.77842708,-0.57030116,-0.02567574,White,-0.59241832
MS-1,591660,0.27025385,0.71566665,0.71290039,0.28709961,0.22188804,0.03351641,0.00088976,0.01355068,0.01658245,455180,-0.44541280,0.29148957,0.69370245,-0.40221288,-0.04319992,White,-0.436012826666667
MS-2,592001,0.56043754,0.42902489,0.39492735,0.60507265,0.56097267,0.02536761,0.00063704,0.00980729,0.01228538,456803,0.13141265,0.58568114,0.4023248,0.18335634,-0.05194369,Black,0.143727213333333
MS-3,592324,0.27886459,0.71143925,0.68323409,0.31676591,0.25568455,0.02400552,0.00083007,0.01420001,0.02237867,450563,-0.43257466,0.29610842,0.69185482,-0.39574640,-0.03682826,White,-0.425298573333333
MS-4,592484,0.28276939,0.70626651,0.68676312,0.31323688,0.21511377,0.04746697,0.00181267,0.02512313,0.02404912,456233,-0.42349712,0.30407871,0.68057969,-0.37650098,-0.04699614,White,-0.41283174
MS-5,592810,0.53529777,0.45479037,0.41276535,0.58723465,0.55028769,0.02031516,0.0006909,0.00917353,0.01060547,458820,0.08050740,0.56842639,0.41843953,0.14998686,-0.06947946,Black,0.09866722
MT-1,542200,0.45653153,0.51079023,0.88142474,0.11857526,0.00978689,0.03817188,0.00225585,0.01613696,0.04355318,433539,-0.05425870,0.47658545,0.49675185,-0.02016640,-0.03409230,White,-0.0478946
MT-2,542025,0.30573917,0.66410626,0.82917491,0.17082509,0.00767912,0.03206796,0.00237647,0.01094377,0.1134273,416584,-0.35836709,0.32750688,0.64875872,-0.32125184,-0.03711525,White,-0.35099534
NC-1,580145,0.54235898,0.44750698,0.46356552,0.53643448,0.45106865,0.05831435,0.00123595,0.01210014,0.02196597,458755,0.09485200,0.56401898,0.42614284,0.13787614,-0.04302414,Minority,0.10419338
NC-2,579697,0.61827994,0.36306846,0.55138464,0.44861536,0.27655397,0.11802266,0.00141945,0.04269223,0.01999243,441017,0.25521148,0.6250431,0.3562971,0.26874600,-0.01353452,White,0.254722986666667
NC-3,579824,0.34608942,0.64216888,0.70497166,0.29502834,0.17500418,0.07246676,0.00389487,0.02431416,0.0243663,460349,-0.29607946,0.36349754,0.61996068,-0.25646314,-0.03961632,White,-0.28787402
NC-4,579814,0.71137513,0.2707296,0.5384141,0.4615859,0.27939819,0.10580805,0.00113858,0.0626089,0.02062165,463736,0.44064553,0.71820063,0.26736145,0.45083918,-0.01019365,White,0.439043413333333
NC-5,580145,0.27321354,0.71575404,0.79430764,0.20569236,0.10049775,0.06892446,0.00083105,0.01451376,0.02176296,456050,-0.44254050,0.2776283,0.70986886,-0.43224056,-0.01029994,White,-0.444107186666667
NC-6,580338,0.56548837,0.41857265,0.58085206,0.41914794,0.28155093,0.08862381,0.00113407,0.03432906,0.0219004,455882,0.14691572,0.56784773,0.41802861,0.14981912,-0.00290340,White,0.14288352
NC-7,580350,0.40372979,0.58492245,0.74189044,0.25810956,0.15196944,0.06537602,0.00150277,0.01384381,0.02654194,470463,-0.18119266,0.41780633,0.56848212,-0.15067579,-0.03051687,White,-0.17602037
NC-8,580460,0.49804334,0.48960331,0.40742944,0.59257056,0.36000509,0.09389522,0.00503529,0.02941036,0.12452241,440491,0.00844003,0.52177007,0.46356679,0.05820328,-0.04976325,Minority,0.02002778
NC-9,580404,0.38106429,0.60565571,0.67842522,0.32157478,0.17268868,0.09375007,0.00117325,0.03572339,0.02178899,435541,-0.22459142,0.38376483,0.60226524,-0.21850041,-0.00609101,White,-0.227561083333333
NC-10,579251,0.32448458,0.66491274,0.74812872,0.25187128,0.13818345,0.06832582,0.00100579,0.02262488,0.02337978,454367,-0.34042816,0.32146903,0.66588173,-0.34441270,0.00398454,White,-0.34675634
NC-11,579827,0.48562364,0.49809237,0.84307227,0.15692773,0.04153357,0.05934689,0.00199282,0.01408652,0.03822763,475206,-0.01246873,0.47684019,0.5068279,-0.02998771,0.01751898,White,-0.02330839
NC-12,580460,0.70052703,0.27598422,0.36297048,0.63702952,0.42318586,0.1420279,0.00152232,0.06605397,0.01967051,442744,0.42454281,0.71652464,0.26717138,0.44935326,-0.02481045,Black,0.42781296
NC-13,580232,0.29794612,0.69000701,0.73954327,0.26045673,0.12488526,0.09467592,0.00157394,0.01775887,0.02582783,446650,-0.39206089,0.30328114,0.68313693,-0.37985579,-0.01220510,White,-0.392992523333333
NC-14,579999,0.60059749,0.37592268,0.65527946,0.34472054,0.11588884,0.07693491,0.00148204,0.13576629,0.01632282,441958,0.22467481,0.6057724,0.37404453,0.23172787,-0.00705306,White,0.22202583
NC-15,579563,0.39781027,0.59058127,0.60499669,0.39500331,0.25224565,0.11297669,0.00153113,0.0139185,0.02190985,440852,-0.19277100,0.40490894,0.58252004,-0.17761110,-0.01515990,White,-0.1927177
NC-16,579979,0.56367202,0.41946379,0.54577202,0.45422798,0.28556098,0.10943067,0.00147004,0.04580638,0.02203735,451007,0.14420823,0.57203339,0.41263773,0.15939566,-0.01518743,White,0.144270706666667
NC-17,579713,0.59295239,0.38449818,0.60545433,0.39454567,0.18839266,0.11840459,0.00127114,0.07389926,0.01790036,449991,0.20845421,0.60655905,0.37554627,0.23101278,-0.02255857,White,0.210973733333333
NC-18,579187,0.29272526,0.69588256,0.85538252,0.14461748,0.04872139,0.05837588,0.0017424,0.01340311,0.02350226,470040,-0.40315730,0.29596376,0.69156298,-0.39559922,-0.00755808,White,-0.40563794
ND-AL,779094,0.3051079,0.66956852,0.84408473,0.15591527,0.03597425,0.03624099,0.0022832,0.02213077,0.05876768,596093,-0.36446062,0.31777451,0.65120268,-0.33342817,-0.03103245,White,-0.35911647
NE-1,653675,0.53814219,0.44791991,0.69935425,0.30064575,0.1109204,0.11727746,0.00219831,0.0512953,0.02429626,487647,0.09022228,0.53944961,0.43972894,0.09972067,-0.00949839,White,0.08838841
NE-2,654390,0.42702561,0.55909858,0.82772271,0.17227729,0.03562582,0.07279214,0.00165805,0.03540894,0.02562481,493350,-0.13207297,0.43486037,0.54180622,-0.10694585,-0.02512712,White,-0.128697263333333
NE-3,653439,0.2095905,0.77913332,0.84797932,0.15202068,0.01410943,0.10541676,0.0014885,0.00981762,0.02256781,495130,-0.56954282,0.2136878,0.76657532,-0.55288752,-0.01665530,White,-0.568991053333333
NH-1,688457,0.50965425,0.47592038,0.85981788,0.14018212,0.02531041,0.05144487,0.00117055,0.04132825,0.01445412,557004,0.03373387,0.53252151,0.45197012,0.08055139,-0.04681752,White,0.04433971
NH-2,689072,0.50356859,0.4813936,0.9168902,0.0831098,0.0136142,0.019772,0.0009988,0.01916349,0.0199636,563676,0.02217499,0.52488526,0.45772294,0.06716232,-0.04498733,White,0.0321707666666667
NJ-1,579905,0.61717638,0.36471176,0.59263791,0.40736209,0.19335205,0.14596944,0.00175203,0.0654492,0.01647888,450334,0.25246462,0.64905504,0.33808257,0.31097247,-0.05850785,White,0.266967236666667
NJ-2,580748,0.44994582,0.53246527,0.70504112,0.29495888,0.13151103,0.12551327,0.00128059,0.02575053,0.02051765,461505,-0.08251945,0.48145125,0.50468035,-0.02322910,-0.05929035,White,-0.067756
NJ-3,580838,0.5534687,0.42906613,0.65481352,0.34518648,0.17057529,0.08979702,0.0015078,0.07439116,0.01500679,463590,0.12440257,0.5773712,0.40905518,0.16831602,-0.04391345,White,0.134040386666667
NJ-4,580438,0.32719294,0.65543492,0.79633725,0.20366275,0.03888396,0.10099314,0.00088657,0.05048242,0.01099956,424108,-0.32824198,0.38169156,0.60626599,-0.22457443,-0.10366755,White,-0.29868613
NJ-5,579264,0.46029421,0.51726962,0.73694883,0.26305117,0.02882539,0.10554517,0.00122367,0.1214858,0.00811531,455189,-0.05697541,0.51307983,0.4743326,0.03874723,-0.09572264,White,-0.0300678633333333
NJ-6,580650,0.47420356,0.5027731,0.58050499,0.41949501,0.10893404,0.20871655,0.00138185,0.09477437,0.01391632,460251,-0.02856954,0.53797381,0.44890202,0.08907179,-0.11764133,White,0.0056442366666667
NJ-7,579833,0.40773033,0.57055082,0.80949038,0.19050962,0.0362534,0.0906013,0.0008094,0.04849316,0.0115098,465777,-0.16282049,0.43710211,0.54496354,-0.10786143,-0.05495906,White,-0.149500803333333
NJ-8,580128,0.59173687,0.3780664,0.28454535,0.71545465,0.10621408,0.50994265,0.00214045,0.1119096,0.02417711,458781,0.21367047,0.70409667,0.28514542,0.41895125,-0.20528078,Hispanic,0.277097396666667
NJ-9,579969,0.55922454,0.41124632,0.23483284,0.76516716,0.16462361,0.53537639,0.00224926,0.07406186,0.02385718,439700,0.14797822,0.67367627,0.31700842,0.35666785,-0.20868963,Hispanic,0.21254143
NJ-10,579873,0.79398187,0.18443439,0.11717997,0.88282003,0.5686011,0.19944548,0.00225247,0.12067588,0.0151668,447952,0.60954748,0.88660971,0.10642405,0.78018566,-0.17063818,Black,0.661426873333333
NJ-11,579872,0.59919628,0.38015767,0.5977647,0.4022353,0.11819242,0.14561484,0.00116799,0.13339177,0.01116768,452914,0.21903861,0.64160002,0.34634656,0.29525346,-0.07621485,White,0.23944356
NJ-12,580336,0.53302974,0.43262218,0.45675244,0.54324756,0.09618392,0.1553364,0.00140354,0.28772059,0.01133356,455991,0.10040756,0.60915853,0.37807833,0.23108020,-0.13067264,Minority,0.138965106666667
NJ-13,579709,0.39524538,0.58800184,0.72803059,0.27196941,0.09119062,0.11943677,0.00154309,0.05242687,0.01478016,471781,-0.19275646,0.43718245,0.54962458,-0.11244213,-0.08031433,White,-0.170985016666667
NJ-14,579896,0.59118088,0.38470114,0.51156157,0.48843843,0.19194589,0.20163432,0.00126662,0.08969121,0.01257911,447647,0.20647974,0.64041746,0.34743441,0.29298305,-0.08650331,White,0.230314176666667
NJ-15,580802,0.52156382,0.4571045,0.45020942,0.54979058,0.10281137,0.25771541,0.00127536,0.19575208,0.01295511,466534,0.06445932,0.60793682,0.38184238,0.22609444,-0.16163512,Minority,0.113337693333333
NJ-16,580755,0.62066525,0.34982046,0.44714059,0.55285941,0.18339009,0.17255953,0.00160695,0.19451243,0.01401179,459256,0.27084479,0.67337271,0.31239319,0.36097952,-0.09013473,Minority,0.2958897
NM-1,529175,0.61986198,0.37141553,0.35573194,0.64426806,0.04329189,0.51341379,0.00293816,0.035514,0.07735131,413865,0.24844645,0.63869529,0.3375235,0.30117179,-0.05272534,Hispanic,0.261021563333333
NM-2,529660,0.35653196,0.63845611,0.42039572,0.57960428,0.03344416,0.50021957,0.00254194,0.01794161,0.04149907,398515,-0.28192415,0.37332602,0.60654629,-0.23322027,-0.04870388,Hispanic,-0.270689523333333
NM-3,529897,0.54821446,0.44166857,0.37982711,0.62017289,0.01629496,0.30374459,0.00240587,0.01963317,0.29581113,406506,0.10654589,0.56936707,0.40811015,0.16125692,-0.05471103,Minority,0.1197829
NM-4,528790,0.54729328,0.44410724,0.46393623,0.53606377,0.02035929,0.45574776,0.00237323,0.02711954,0.04683851,420103,0.10318604,0.55596355,0.42224605,0.13371750,-0.03053146,Minority,0.108363193333333
NV-1,621250,0.61569398,0.36580076,0.23677122,0.76322878,0.17762573,0.50009463,0.01274241,0.075068,0.03363645,454388,0.24989322,0.66732572,0.31068382,0.35664190,-0.10674868,Hispanic,0.280476113333333
NV-2,620511,0.45938213,0.51710461,0.65897577,0.34102423,0.02958353,0.20216664,0.00968015,0.06793533,0.03957372,493484,-0.05772248,0.47332199,0.49827193,-0.02494994,-0.03277254,White,-0.0517983
NV-3,620890,0.50406609,0.47901997,0.44621646,0.55378354,0.12472549,0.20759484,0.02277922,0.20086986,0.02541615,489964,0.02504612,0.54051293,0.43972858,0.10078435,-0.07573823,Minority,0.0452921966666667
NV-4,621072,0.51967111,0.46281166,0.46192574,0.53807426,0.15410917,0.21672615,0.0161739,0.15047671,0.02437974,487823,0.05685945,0.54809105,0.43170318,0.11638787,-0.05952842,Minority,0.0717022566666667
NV-5,620891,0.35846095,0.62307743,0.67444178,0.32555822,0.06404165,0.15370119,0.01066917,0.06944493,0.03879697,487667,-0.26461648,0.35956304,0.61814533,-0.25858229,-0.00603419,White,-0.267605083333333
NY-1,576761,0.4407396,0.54647774,0.74362129,0.25637871,0.05767195,0.13710829,0.00091669,0.05204516,0.01356785,465807,-0.10573814,0.47787012,0.50767439,-0.02980427,-0.07593387,White,-0.08542685
NY-2,576945,0.42129591,0.56764571,0.59883721,0.40116279,0.09640423,0.26163233,0.00107617,0.04108218,0.0188495,452532,-0.14634980,0.47819098,0.50790495,-0.02971397,-0.11663583,White,-0.11247119
NY-3,577118,0.41039484,0.5780067,0.68255827,0.31744173,0.07596193,0.14436728,0.00105339,0.09236137,0.01058618,459467,-0.16761186,0.46717368,0.51927502,-0.05210134,-0.11551052,White,-0.134108353333333
NY-4,577495,0.48401596,0.49915582,0.65307486,0.34692514,0.05151205,0.13126321,0.00091633,0.1573049,0.0093852,455078,-0.01513986,0.55611567,0.43028546,0.12583021,-0.14097007,White,0.0268501633333333
NY-5,577638,0.55084111,0.43690005,0.45485936,0.54514064,0.23975643,0.22966981,0.00147952,0.07736075,0.01466566,455554,0.11394106,0.61605442,0.37112128,0.24493314,-0.13099208,Minority,0.152605086666667
NY-6,577122,0.70191823,0.28786989,0.15346648,0.84653352,0.57282239,0.15918548,0.00412818,0.09894622,0.02439401,453226,0.41404834,0.79141898,0.2009709,0.59044808,-0.17639974,Black,0.467848253333333
NY-7,576607,0.51438956,0.46482551,0.2482675,0.7517325,0.08017419,0.14381195,0.00246162,0.52047101,0.01079827,474891,0.04956405,0.63639684,0.35308459,0.28331225,-0.23374820,Asian,0.122480116666667
NY-8,577053,0.57122166,0.40586167,0.34136337,0.65863663,0.05764366,0.25304845,0.00220497,0.34747188,0.01770096,473929,0.16535999,0.66838566,0.31931498,0.34907068,-0.18371069,Asian,0.221596886666667
NY-9,576900,0.70842815,0.26349574,0.30359938,0.69640062,0.1424056,0.39869264,0.00398938,0.16087643,0.03047517,469497,0.44493241,0.80535688,0.18223472,0.62312216,-0.17818975,Hispanic,0.499328993333333
NY-10,577234,0.66327531,0.32707024,0.27663825,0.72336175,0.50222376,0.14806395,0.00209243,0.09902199,0.01256784,453061,0.33620507,0.7274698,0.26472632,0.46274348,-0.12653841,Black,0.37338454
NY-11,577273,0.68802178,0.29217348,0.30408306,0.69591694,0.50172672,0.11021709,0.00160569,0.0977225,0.01241686,450275,0.39584830,0.74794336,0.24296673,0.50497663,-0.10912833,Black,0.42722441
NY-12,577176,0.87758784,0.09603398,0.38954255,0.61045745,0.38522912,0.15213576,0.00236409,0.09010618,0.01524108,458104,0.78155386,0.91423252,0.07375734,0.84047518,-0.05892132,Minority,0.7961943
NY-13,577358,0.47382266,0.50393857,0.40392282,0.59607718,0.03449308,0.19696201,0.00155501,0.36174591,0.01869749,427651,-0.03011591,0.58120394,0.40685309,0.17435085,-0.20446676,Minority,0.0330396766666667
NY-14,577089,0.3707728,0.61067744,0.59247125,0.40752875,0.10341479,0.17500203,0.00165235,0.13365809,0.01477668,455109,-0.23990464,0.44626612,0.54162574,-0.09535962,-0.14454502,White,-0.196722966666667
NY-15,576708,0.66480738,0.3132852,0.23802219,0.76197781,0.13392524,0.47521093,0.00258175,0.16911843,0.0341862,466738,0.35152218,0.78330668,0.20500044,0.57830624,-0.22678406,Hispanic,0.422116866666667
NY-16,577114,0.8022465,0.17700478,0.55548321,0.44451679,0.07797094,0.13941014,0.00477139,0.22808999,0.00992566,514525,0.62524172,0.85846839,0.1265138,0.73195459,-0.10671287,White,0.655812676666667
NY-17,577375,0.81019915,0.16949481,0.6814266,0.3185734,0.06060413,0.10285636,0.00179432,0.14740133,0.00868052,501583,0.64070434,0.84793112,0.13739476,0.71053636,-0.06983202,White,0.65898168
NY-18,577675,0.78869497,0.19508077,0.16824284,0.83175716,0.34744541,0.51094914,0.00340174,0.05262834,0.02838383,471818,0.59361420,0.87950059,0.10966616,0.76983443,-0.17622023,Hispanic,0.647354276666667
NY-19,577001,0.67447245,0.31153852,0.12623245,0.87376755,0.31779532,0.54208353,0.00362531,0.08354545,0.03153429,440790,0.36293393,0.79409599,0.19725757,0.59683842,-0.23390449,Hispanic,0.435902093333333
NY-20,577211,0.71734605,0.27166868,0.10104249,0.89895751,0.37591703,0.58034045,0.00409516,0.03772905,0.02903549,433194,0.44567737,0.84059668,0.15052241,0.69007427,-0.24439690,Hispanic,0.522143003333333
NY-21,577298,0.6875517,0.30567425,0.25469642,0.74530358,0.42874992,0.29136431,0.0021441,0.05267704,0.01918674,453803,0.38187745,0.75471383,0.23657943,0.51813440,-0.13625695,Black,0.422296433333333
NY-22,577715,0.63065597,0.36418104,0.63701361,0.36298639,0.07747134,0.19906131,0.00109291,0.08095568,0.01307244,447430,0.26647493,0.67058313,0.31745893,0.35312420,-0.08664927,White,0.29035802
NY-23,577981,0.42703602,0.56662699,0.63735852,0.36264148,0.11386416,0.17470593,0.00142083,0.06078619,0.01463112,413844,-0.13959097,0.48057913,0.50667422,-0.02609509,-0.11349588,White,-0.10675901
NY-24,576686,0.50663984,0.48517769,0.63588187,0.36411813,0.13544442,0.18601245,0.00129712,0.03817794,0.01995517,459480,0.02146215,0.53104855,0.45214113,0.07890742,-0.05744527,White,0.0356105733333333
NY-25,576315,0.50430427,0.48722714,0.81916746,0.18083254,0.0581495,0.07402353,0.00121601,0.02442861,0.02057863,470391,0.01707713,0.51302428,0.46611977,0.04690451,-0.02982738,White,0.02201959
NY-26,577856,0.58290043,0.40240286,0.70661523,0.29338477,0.13235411,0.06908391,0.00191062,0.07062404,0.01918375,464247,0.18049757,0.60529547,0.37128395,0.23401152,-0.05351395,White,0.193335553333333
NY-27,577398,0.48400146,0.51057236,0.88049216,0.11950784,0.03179201,0.029438,0.00106767,0.02211226,0.02841535,466438,-0.02657090,0.5015121,0.47760253,0.02390957,-0.05048047,White,-0.0147440766666666
NY-28,576969,0.33406896,0.66160507,0.89049959,0.10950041,0.0338189,0.0322983,0.00147432,0.01210305,0.02107455,453770,-0.32753611,0.34738896,0.63176147,-0.28437251,-0.04316360,White,-0.318148243333333
NY-29,577859,0.51545175,0.47597898,0.8073774,0.1926226,0.05974176,0.04840523,0.00129334,0.06138569,0.01851298,467780,0.03947277,0.52288025,0.45415319,0.06872706,-0.02925429,White,0.0442242
NY-30,577236,0.56252005,0.43162269,0.78391232,0.21608768,0.10871316,0.04485438,0.00135388,0.04057507,0.02145314,459420,0.13089736,0.5696504,0.40768136,0.16196904,-0.03107168,White,0.136254586666667
NY-31,576769,0.36936722,0.62438065,0.88490433,0.11509567,0.03448193,0.03374845,0.00102115,0.01268422,0.02668825,455369,-0.25501343,0.37351807,0.60374704,-0.23022897,-0.02478446,White,-0.251751943333333
NY-32,577587,0.40841062,0.58381582,0.87124072,0.12875928,0.04774977,0.04150831,0.00091939,0.01637197,0.01731725,463353,-0.17540520,0.4104589,0.56399544,-0.15353654,-0.02186866,White,-0.173115646666667
NY-33,577197,0.64399629,0.34386942,0.65812087,0.34187913,0.18655788,0.09228718,0.00134417,0.05694603,0.01491678,458276,0.30012687,0.64746432,0.3272779,0.32018642,-0.02005955,White,0.301813386666667
NY-34,577004,0.43120557,0.55882436,0.89509765,0.10490235,0.04221328,0.02465276,0.00064377,0.0162902,0.01706962,464451,-0.12761879,0.44609071,0.53488561,-0.08879490,-0.03882389,White,-0.119677493333333
NY-35,576453,0.639123,0.34378309,0.62831634,0.37168366,0.22043018,0.07131359,0.00118765,0.07285775,0.01455799,457206,0.29533991,0.66810226,0.31432266,0.35377960,-0.05843969,White,0.309819806666667
OH-1,590211,0.66826521,0.32177911,0.58819482,0.41180518,0.3171233,0.04145506,0.00146713,0.03797606,0.01618833,460764,0.34648610,0.67139323,0.31327821,0.35811502,-0.01162892,White,0.345362406666667
OH-2,589690,0.32025115,0.67083002,0.87927966,0.12072034,0.02991421,0.02198678,0.00123929,0.04262747,0.02004218,449452,-0.35057887,0.31947822,0.66541567,-0.34593745,-0.00464142,White,-0.35403173
OH-3,589934,0.68889862,0.30087099,0.47946755,0.52053245,0.39713002,0.06043671,0.00142935,0.04868807,0.02139277,442860,0.38802763,0.70826344,0.27645878,0.43180466,-0.04377703,Minority,0.397619973333333
OH-4,590483,0.25610205,0.7355534,0.92218934,0.07781066,0.02714926,0.0206678,0.00083917,0.00658084,0.01856326,452830,-0.47945135,0.26522205,0.7187958,-0.45357375,-0.02587760,White,-0.475825483333333
OH-5,590111,0.22583556,0.76557834,0.90282977,0.09717023,0.03315233,0.03428574,0.00153631,0.0088725,0.01652746,451733,-0.53974278,0.23528369,0.74942553,-0.51414184,-0.02560094,White,-0.536209133333333
OH-6,589833,0.281963,0.70997115,0.91937377,0.08062623,0.03191949,0.01532509,0.00069929,0.00784902,0.02007179,471906,-0.42800815,0.29742527,0.68856408,-0.39113881,-0.03686934,White,-0.42071837
OH-7,590348,0.55114987,0.44141416,0.81614903,0.18385097,0.08220452,0.03492994,0.00083152,0.05162534,0.01166641,476239,0.10973571,0.55470589,0.43483724,0.11986865,-0.01013294,White,0.108113356666667
OH-8,589794,0.35413012,0.63688028,0.80702734,0.19297266,0.09213976,0.03985955,0.00150513,0.03786448,0.02043847,453116,-0.28275016,0.35614328,0.62915123,-0.27300795,-0.00974221,White,-0.284502756666667
OH-9,589957,0.51766768,0.47279785,0.74499745,0.25500255,0.15347108,0.05917198,0.0008065,0.02207102,0.01975588,460015,0.04486983,0.53385553,0.44903037,0.08482516,-0.03995533,White,0.0531882733333333
OH-10,590393,0.49732004,0.49327327,0.70813481,0.29186519,0.20357832,0.03324454,0.00160475,0.03309787,0.021677,463625,0.00404677,0.50319335,0.48031052,0.02288283,-0.01883606,White,0.00532545666666668
OH-11,589771,0.79684644,0.19577982,0.34112406,0.65887594,0.54410951,0.08164593,0.00144171,0.02898989,0.01645326,462644,0.60106662,0.81119313,0.17818517,0.63300796,-0.03194134,Black,0.606713733333333
OH-12,589917,0.46561158,0.52476132,0.81169729,0.18830271,0.07058306,0.028827,0.00109415,0.06640046,0.01756511,443265,-0.05914974,0.46606095,0.51844092,-0.05237997,-0.00676977,White,-0.06189315
OH-13,589925,0.53538754,0.45547724,0.76906298,0.23093702,0.14406537,0.02066603,0.00090693,0.04370451,0.018455,470821,0.07991030,0.54539425,0.44065487,0.10473938,-0.02482908,White,0.08318666
OH-14,589172,0.37688916,0.61461303,0.89780084,0.10219916,0.03752242,0.02636861,0.00074088,0.01271458,0.01760825,468360,-0.23772387,0.38623373,0.60011432,-0.21388059,-0.02384328,White,-0.23477611
OH-15,590319,0.60408431,0.38557785,0.75740348,0.24259652,0.09188562,0.05946004,0.00133766,0.073448,0.0172384,469475,0.21850646,0.61186434,0.37173513,0.24012921,-0.02162275,White,0.220714043333333
OH-16,590570,0.25205293,0.74065672,0.9244281,0.0755719,0.03139789,0.01022221,0.00067886,0.00604863,0.02283463,458120,-0.48860379,0.26566302,0.72162106,-0.45595804,-0.03264575,White,-0.482721873333333
OH-17,589248,0.30322704,0.68685758,0.87379185,0.12620815,0.05726493,0.02123124,0.00116387,0.02203428,0.020536,454519,-0.38363054,0.30772745,0.6753638,-0.36763635,-0.01599419,White,-0.383299143333333
OH-18,590576,0.47867558,0.51224657,0.82669629,0.17330371,0.0707285,0.06756175,0.0008466,0.01620484,0.0184333,468934,-0.03357099,0.48899036,0.49651865,-0.00752829,-0.02604270,White,-0.02989009
OH-19,589823,0.33264061,0.65867896,0.90320293,0.09679707,0.04035803,0.01844758,0.00090487,0.01241802,0.01855417,459735,-0.32603835,0.33994568,0.64544116,-0.30549548,-0.02054287,White,-0.324190726666667
OH-20,589373,0.43875526,0.55323743,0.80216733,0.19783267,0.13139109,0.03374195,0.00085687,0.01069809,0.01906004,469149,-0.11448217,0.46659051,0.52032096,-0.05373045,-0.06075172,White,-0.0992315966666667
OK-1,565193,0.45828136,0.52200437,0.5817298,0.4182702,0.13551075,0.13458315,0.00255031,0.04260909,0.11745396,430143,-0.06372301,0.44926656,0.52363299,-0.07436643,0.01064342,White,-0.0722708166666666
OK-2,565155,0.23301021,0.74831626,0.65485839,0.34514161,0.02929866,0.0469239,0.00151817,0.0163907,0.25571815,430122,-0.51530605,0.23709912,0.74197818,-0.50487906,-0.01042699,White,-0.516830386666667
OK-3,565784,0.21740717,0.76525777,0.690627,0.309373,0.0548482,0.04429264,0.00199637,0.01071749,0.20455765,432284,-0.54785060,0.22558476,0.75583872,-0.53025396,-0.01759664,White,-0.546985053333333
OK-4,565695,0.21297104,0.76878973,0.72666693,0.27333307,0.04303041,0.10547683,0.00593132,0.01580223,0.10961743,432787,-0.55581869,0.21330553,0.76489041,-0.55158488,-0.00423381,White,-0.55940742
OK-5,565544,0.2455491,0.73702377,0.70453675,0.29546325,0.07022342,0.08040873,0.00346324,0.0249076,0.12334915,425613,-0.49147467,0.24425551,0.7337142,-0.48945869,-0.00201598,White,-0.495802676666667
OK-6,565818,0.37283728,0.60086309,0.71991198,0.28008802,0.0669065,0.0730304,0.00232615,0.05005297,0.09102022,429465,-0.22802581,0.36523268,0.60839263,-0.24315995,0.01513414,White,-0.238070523333333
OK-7,566164,0.56170179,0.42142563,0.48777552,0.51222448,0.20233846,0.20257551,0.00310957,0.04273457,0.08185989,430284,0.14027616,0.56350997,0.40879828,0.15471169,-0.01443553,Minority,0.140088003333333
OR-1,604872,0.61047084,0.34924262,0.6719908,0.3280092,0.02791198,0.14254215,0.00937248,0.12032568,0.03301866,472127,0.26122822,0.62127101,0.34370065,0.27757036,-0.01634214,White,0.2616756
OR-2,605738,0.29430633,0.67532339,0.79301813,0.20698187,0.01050754,0.11381219,0.00521191,0.01656717,0.05701075,477752,-0.38101706,0.30494105,0.6667573,-0.36181625,-0.01920081,White,-0.37961679
OR-3,605499,0.84565086,0.11080194,0.70628026,0.29371974,0.06653002,0.09197513,0.00864592,0.09745945,0.03250231,505441,0.73484892,0.85149234,0.12073109,0.73076125,0.00408767,White,0.728486363333333
OR-4,604803,0.5672162,0.3956817,0.80257296,0.19742704,0.01662137,0.08422761,0.00639037,0.04183662,0.0447346,499658,0.17153450,0.57603669,0.39150839,0.18452830,-0.01299380,White,0.170865766666667
OR-5,605292,0.53649774,0.42587681,0.73951562,0.26048438,0.03306551,0.11439932,0.00871093,0.07202943,0.03498996,471821,0.11062093,0.54824983,0.41981541,0.12843442,-0.01781349,White,0.11155876
OR-6,605627,0.52970332,0.43179442,0.70463246,0.29536754,0.0189578,0.1814078,0.01147576,0.04786012,0.0421545,464980,0.09790890,0.53966665,0.42510717,0.11455948,-0.01665058,White,0.0984590933333333
OR-7,605425,0.47831159,0.48591485,0.82608541,0.17391459,0.01233939,0.08524598,0.00541897,0.0264329,0.03970781,478873,-0.00760326,0.48038448,0.48728095,-0.00689647,-0.00070679,White,-0.0123676633333333
PA-1,565376,0.49899558,0.49156094,0.84850377,0.15149623,0.0405209,0.04653116,0.00085988,0.04845089,0.01063404,450064,0.00743464,0.51889335,0.47054744,0.04834591,-0.04091127,White,0.01607173
PA-2,565789,0.57307357,0.41462777,0.55737616,0.44262384,0.13543057,0.19955204,0.00184362,0.10507952,0.0131597,444235,0.15844580,0.6085904,0.38318655,0.22540385,-0.06695805,White,0.17576515
PA-3,565534,0.85964752,0.12925189,0.28429247,0.71570753,0.51303953,0.12942496,0.00230122,0.07673271,0.01484223,449326,0.73039563,0.88541144,0.10805978,0.77735166,-0.04695603,Black,0.74104764
PA-4,565690,0.85792542,0.13002384,0.33583164,0.66416836,0.50401833,0.05668735,0.00140979,0.10275561,0.01322545,459644,0.72790158,0.88299846,0.11147024,0.77152822,-0.04362664,Black,0.737443793333333
PA-5,564784,0.59326753,0.39636941,0.76872716,0.23127284,0.09458515,0.04068075,0.00075455,0.08378412,0.00961659,446624,0.19689812,0.61021532,0.37951992,0.23069540,-0.03379728,White,0.20316388
PA-6,564782,0.60751718,0.38198932,0.67597786,0.32402214,0.20584113,0.03960493,0.00100631,0.06833355,0.0107173,440223,0.22552786,0.62320835,0.36760585,0.25560250,-0.03007464,White,0.23055274
PA-7,565127,0.55584672,0.43379078,0.79246561,0.20753439,0.06208155,0.06729354,0.0008515,0.06270415,0.01180195,436877,0.12205594,0.56860655,0.4198993,0.14870725,-0.02665131,White,0.12593971
PA-8,565364,0.58189515,0.40767585,0.65915705,0.34084295,0.10708013,0.17781279,0.00187073,0.05585157,0.01670372,436729,0.17421930,0.60237459,0.38603424,0.21634035,-0.04212105,White,0.18325965
PA-9,565644,0.53471612,0.45379555,0.66158631,0.33841369,0.0919921,0.20416115,0.00137881,0.04488334,0.01422155,445310,0.08092057,0.55493196,0.43342029,0.12151167,-0.04059110,White,0.0894509366666667
PA-10,565663,0.49286953,0.49804073,0.7754556,0.2245444,0.09016803,0.09837032,0.0012387,0.02766734,0.01426161,454507,-0.00517120,0.52173573,0.46757753,0.05415820,-0.05932940,White,0.00960526666666665
PA-11,565958,0.32327908,0.66762421,0.88855494,0.11144506,0.02660915,0.06018985,0.0009406,0.01193572,0.01157276,451837,-0.34434513,0.3278817,0.65841609,-0.33053439,-0.01381074,White,-0.34474155
PA-12,565452,0.48323475,0.50471363,0.74728194,0.25271806,0.11690466,0.06521106,0.00132036,0.05915847,0.01421014,446090,-0.02147888,0.48728383,0.49827659,-0.01099276,-0.01048612,White,-0.0229835066666667
PA-13,565176,0.40994511,0.58016384,0.82364729,0.17635271,0.04818446,0.09315033,0.00102608,0.028353,0.01193798,434663,-0.17021873,0.40857919,0.57651961,-0.16794042,-0.00227831,White,-0.174459293333333
PA-14,564538,0.36417909,0.62631855,0.83133057,0.16866943,0.06277394,0.07441152,0.00098127,0.0171056,0.01633864,443305,-0.26213946,0.36305234,0.62187117,-0.25881883,-0.00332063,White,-0.266032583333333
PA-15,565966,0.29606244,0.69491405,0.88468666,0.11531334,0.02345088,0.06293312,0.00091564,0.01088226,0.01558122,455420,-0.39885161,0.30735437,0.68026091,-0.37290654,-0.02594507,White,-0.395203253333333
PA-16,565040,0.37018525,0.6203825,0.87589059,0.12410941,0.04060271,0.03228083,0.00130543,0.03429635,0.01288332,461915,-0.25019725,0.37387073,0.61158877,-0.23771804,-0.01247921,White,-0.251037513333333
PA-17,565196,0.22862738,0.76373569,0.93353061,0.06646939,0.02352199,0.01619747,0.00071312,0.00707348,0.01359379,450132,-0.53510831,0.22973276,0.75931324,-0.52958048,-0.00552783,White,-0.5382657
PA-18,565340,0.28588696,0.70614114,0.93558105,0.06441895,0.01882948,0.01231167,0.00069095,0.0101574,0.01390701,454447,-0.42025418,0.28399451,0.70283854,-0.41884403,-0.00141015,White,-0.42478413
PA-19,566141,0.35589212,0.63445709,0.92295784,0.07704216,0.03422123,0.0124557,0.00061055,0.01056558,0.01198371,461877,-0.27856497,0.35730612,0.63121593,-0.27390981,-0.00465516,White,-0.28201325
PA-20,565257,0.36017163,0.63190297,0.89901322,0.10098678,0.05156456,0.01530454,0.0010034,0.00973667,0.01512528,457446,-0.27173134,0.37385074,0.61519501,-0.24134427,-0.03038707,White,-0.266602316666667
PA-21,564635,0.40396224,0.58751098,0.87587646,0.12412354,0.06062348,0.02331228,0.0007258,0.01656919,0.0150288,450535,-0.18354874,0.41669903,0.57017866,-0.15347963,-0.03006911,White,-0.178525703333333
PA-22,565441,0.58139829,0.40930116,0.77290648,0.22709352,0.14682381,0.0214494,0.00083543,0.04414209,0.01233198,456050,0.17209713,0.57994707,0.40876283,0.17118424,0.00091289,White,0.166792833333333
PA-23,564807,0.65181399,0.33751494,0.75375301,0.24624699,0.13851406,0.02769724,0.00092646,0.0652531,0.01102314,466292,0.31429905,0.65202628,0.33612919,0.31589709,-0.00159804,White,0.30983173
RI-1,548989,0.64241116,0.32866287,0.58764487,0.41235513,0.1272998,0.23045071,0.00251955,0.04703457,0.02263716,438571,0.31374829,0.68668875,0.29395445,0.39273430,-0.07898601,White,0.33507696
RI-2,548390,0.49229807,0.4822227,0.85677348,0.14322652,0.03237251,0.05549604,0.00122488,0.03634112,0.0149636,449023,0.01007537,0.52478934,0.45475251,0.07003683,-0.05996146,White,0.0250625233333333
SC-1,568179,0.46379123,0.5212069,0.71919154,0.28080846,0.18148362,0.06335809,0.00139989,0.01978758,0.01500969,460036,-0.05741567,0.49498664,0.48911065,0.00587599,-0.06329166,White,-0.04131845
SC-2,569104,0.33754177,0.64850765,0.6967254,0.3032746,0.20320039,0.05916029,0.00137147,0.02015244,0.02240138,443321,-0.31096588,0.35708439,0.62725756,-0.27017317,-0.04079271,White,-0.30236831
SC-3,567914,0.24877428,0.73808559,0.80392501,0.19607499,0.10918223,0.04507588,0.00109151,0.01699164,0.02230056,450751,-0.48931131,0.26524317,0.71917558,-0.45393241,-0.03537890,White,-0.482518343333333
SC-4,568431,0.42872066,0.55381325,0.61590952,0.38409048,0.2318787,0.10085424,0.00145929,0.03501619,0.01915668,435827,-0.12509259,0.4549708,0.52594202,-0.07097122,-0.05412137,White,-0.112052133333333
SC-5,568543,0.3019417,0.68592984,0.74473525,0.25526475,0.16024881,0.04964764,0.00094637,0.02232467,0.02275651,435348,-0.38398814,0.32177839,0.66467642,-0.34289803,-0.04109011,White,-0.375291436666667
SC-6,569550,0.50958492,0.47482557,0.4861768,0.5138232,0.40977095,0.06305564,0.00209384,0.02310709,0.02087261,440817,0.03475935,0.54980584,0.43566842,0.11413742,-0.07937807,Minority,0.0562187066666667
SC-7,568955,0.33450935,0.65476651,0.74816237,0.25183763,0.15556824,0.05354303,0.00159254,0.01865085,0.02048086,459014,-0.32025716,0.36024388,0.62812538,-0.26788150,-0.05237566,White,-0.307798606666667
SC-8,569036,0.5188867,0.46651629,0.46757971,0.53242029,0.46010523,0.03970734,0.00147006,0.01858685,0.0190859,442840,0.05237041,0.55499271,0.43428804,0.12070467,-0.06833426,Minority,0.0701484966666667
SC-9,568713,0.53207952,0.45251906,0.54743721,0.45256279,0.37010029,0.04458171,0.00167747,0.02503438,0.01686651,446506,0.07956046,0.55992228,0.42532829,0.13459399,-0.05503353,White,0.0929049700000001
SD-1,443458,0.37111434,0.60586249,0.86570901,0.13429099,0.0326854,0.03808716,0.00132654,0.02129331,0.03897749,334706,-0.23474815,0.38682682,0.58737486,-0.20054804,-0.03420011,White,-0.228348113333333
SD-2,443209,0.31275508,0.66364404,0.79606575,0.20393425,0.01200422,0.03319992,0.00176058,0.01577945,0.14219741,334549,-0.35088896,0.32580769,0.6474913,-0.32168361,-0.02920535,White,-0.346153843333333
TN-1,575764,0.20760729,0.78235638,0.91201712,0.08798288,0.02664473,0.02341279,0.00079562,0.00991517,0.02352891,465045,-0.57474909,0.22153616,0.76312344,-0.54158728,-0.03316181,White,-0.568695153333333
TN-2,575841,0.38026228,0.60436815,0.81650983,0.18349017,0.08157193,0.04554149,0.00128688,0.02788532,0.02578371,455365,-0.22410587,0.39974303,0.58040414,-0.18066111,-0.04344476,White,-0.214624283333333
TN-3,575528,0.19852692,0.79141772,0.88485693,0.11514307,0.02429604,0.04938861,0.00119478,0.01045323,0.02789132,456988,-0.59289080,0.21433188,0.76826507,-0.55393319,-0.03895761,White,-0.58490493
TN-4,576458,0.34377084,0.64191957,0.76960007,0.23039993,0.12741307,0.05385322,0.00119308,0.02130179,0.02710019,455126,-0.29814873,0.3608696,0.61972366,-0.25885406,-0.03929467,White,-0.290050506666667
TN-5,575004,0.22721725,0.76285907,0.86487326,0.13512674,0.05117365,0.04452931,0.00110329,0.01238191,0.02446901,447750,-0.53564182,0.24416326,0.74161685,-0.49745359,-0.03818823,White,-0.52791241
TN-6,576358,0.31807524,0.66733542,0.81336131,0.18663869,0.07038467,0.05076117,0.0011849,0.0416051,0.01984128,427039,-0.34926018,0.33752236,0.64325507,-0.30573271,-0.04352747,White,-0.339751023333333
TN-7,576106,0.55209885,0.42909996,0.5919879,0.4080121,0.19991546,0.14044426,0.00164384,0.05107755,0.02207889,447124,0.12299889,0.57913557,0.39256051,0.18657506,-0.06357617,White,0.139190946666667
TN-8,576248,0.21001342,0.78025277,0.85597418,0.14402582,0.0593281,0.04649052,0.00097241,0.00909738,0.02620375,448371,-0.57023935,0.23471103,0.74939864,-0.51468761,-0.05555174,White,-0.556722103333333
TN-9,576016,0.54074886,0.44093747,0.61016438,0.38983562,0.2533063,0.07894731,0.00343886,0.03642084,0.02322006,450731,0.09981139,0.56967968,0.40132846,0.16835122,-0.06853983,White,0.117658
TN-10,576035,0.19893177,0.79211489,0.85143841,0.14856159,0.09034354,0.02570084,0.00098483,0.00738515,0.02154019,451853,-0.59318312,0.2186342,0.76594616,-0.54731196,-0.04587116,White,-0.582892733333333
TN-11,575281,0.54417407,0.44112557,0.42563763,0.57436237,0.48302968,0.06043535,0.0011835,0.01701541,0.01750459,443598,0.10304850,0.58778961,0.39661361,0.19117600,-0.08812750,Black,0.127424333333333
TN-12,576201,0.57013543,0.41258345,0.4043694,0.5956306,0.47736651,0.06372005,0.00116882,0.04381342,0.01442995,435483,0.15755198,0.59524316,0.3900261,0.20521706,-0.04766508,Black,0.16844034
TX-1,571908,0.22462478,0.76838018,0.63907499,0.36092501,0.14970225,0.1750044,0.00108043,0.01156722,0.02741732,437789,-0.54375540,0.24768074,0.74133406,-0.49365332,-0.05010208,White,-0.532054706666667
TX-2,571186,0.36936711,0.61776148,0.50528477,0.49471523,0.11160716,0.31760238,0.00207666,0.04662949,0.02822944,424238,-0.24839437,0.37683477,0.60901145,-0.23217668,-0.01621769,White,-0.247988473333333
TX-3,572181,0.32925655,0.6480547,0.64964385,0.35035615,0.09448415,0.15144215,0.0018237,0.07240866,0.03499861,413445,-0.31879815,0.3506794,0.63122814,-0.28054874,-0.03824941,White,-0.311048346666667
TX-4,571902,0.20016814,0.79271512,0.70115569,0.29884431,0.13987732,0.11361598,0.00160557,0.01080294,0.03517031,440343,-0.59254698,0.22361945,0.76541374,-0.54179429,-0.05075269,White,-0.580629416666667
TX-5,571892,0.27740522,0.7112691,0.6505925,0.3494075,0.12752281,0.17263942,0.00147889,0.02230086,0.03077683,425320,-0.43386388,0.28229151,0.70444364,-0.42215213,-0.01171175,White,-0.434959963333333
TX-6,572276,0.25743264,0.73317352,0.61898052,0.38101948,0.15030886,0.19452836,0.00249797,0.01100189,0.02694337,443560,-0.47574088,0.26295548,0.72390626,-0.46095078,-0.01479010,White,-0.475810846666667
TX-7,570969,0.51719135,0.44823629,0.26471083,0.73528917,0.22528721,0.21840969,0.00160779,0.2880542,0.01631395,427916,0.06895506,0.58458783,0.40209198,0.18249585,-0.11354079,Asian,0.10180199
TX-8,572022,0.25899417,0.73165484,0.63953969,0.36046031,0.06171532,0.2350567,0.00227212,0.0377785,0.03052765,421192,-0.47266067,0.26272797,0.72356407,-0.46083610,-0.01182457,White,-0.473719146666667
TX-9,570680,0.76626114,0.21872258,0.12744206,0.87255794,0.48054621,0.29144247,0.00181837,0.10349588,0.02011152,429505,0.54753856,0.81396161,0.1751401,0.63882151,-0.09128295,Black,0.57296621
TX-10,571615,0.64687748,0.32883223,0.6794679,0.3205321,0.03531053,0.15340303,0.00208467,0.11093915,0.02159103,458107,0.31804525,0.66975529,0.30935687,0.36039842,-0.04235317,White,0.327162973333333
TX-11,571350,0.20790081,0.78249896,0.45540138,0.54459862,0.05450309,0.45344661,0.00214953,0.0195548,0.02663519,421022,-0.57459815,0.22576516,0.7611375,-0.53537234,-0.03922581,Minority,-0.56652288
TX-12,570740,0.38691402,0.59790208,0.61822444,0.38177556,0.08606168,0.17900318,0.00589002,0.08873136,0.0292224,430389,-0.21098806,0.40025002,0.58269393,-0.18244391,-0.02854415,White,-0.206473343333333
TX-13,570628,0.19728908,0.79316416,0.63555164,0.36444836,0.06921943,0.24209247,0.00165611,0.02632454,0.032621,432942,-0.59587508,0.20947193,0.77427182,-0.56479989,-0.03107519,White,-0.590516683333333
TX-14,571265,0.2964706,0.69523205,0.58427889,0.41572111,0.21103242,0.15675964,0.00107857,0.02850569,0.02272064,438544,-0.39876145,0.33143508,0.6566581,-0.32522302,-0.07353843,White,-0.37924864
TX-15,571810,0.47915787,0.51156534,0.07615366,0.92384634,0.00945018,0.89547352,0.0004309,0.01778099,0.01554722,403802,-0.03240747,0.57266854,0.41774909,0.15491945,-0.18732692,Hispanic,0.0250348366666667
TX-16,571650,0.59204717,0.39277153,0.12249193,0.87750807,0.03587175,0.82331101,0.00254569,0.01872049,0.02421625,435245,0.19927564,0.68328041,0.30166789,0.38161252,-0.18233688,Hispanic,0.2550546
TX-17,571847,0.47187177,0.5073483,0.60222918,0.39777082,0.07234702,0.20705404,0.002843,0.09775975,0.02725468,424551,-0.03547653,0.4891148,0.48798002,0.00113478,-0.03661131,White,-0.02827276
TX-18,570521,0.7240339,0.26332192,0.10720134,0.89279866,0.42321398,0.42874227,0.00321412,0.04109469,0.02585368,412243,0.46071198,0.78619504,0.20249331,0.58370173,-0.12298975,Hispanic,0.496708563333333
TX-19,571778,0.24224394,0.74819406,0.49308192,0.50691808,0.06776765,0.39770522,0.00150689,0.02537332,0.02638807,426708,-0.50595012,0.26992297,0.71588244,-0.44595947,-0.05999065,Minority,-0.490953236666667
TX-20,572324,0.64526245,0.33932297,0.18684264,0.81315736,0.07564527,0.71903547,0.00237504,0.01750961,0.0287899,435361,0.30593948,0.7034907,0.28176242,0.42172828,-0.11578880,Hispanic,0.339535746666667
TX-21,570780,0.32651527,0.66121961,0.59195045,0.40804955,0.05554499,0.29066861,0.00344808,0.04266395,0.02729018,431254,-0.33470434,0.34515112,0.63964145,-0.29449033,-0.04021401,White,-0.32629967
TX-22,571981,0.26787536,0.72073851,0.63642502,0.36357498,0.10305534,0.2016626,0.00151186,0.03789291,0.02523951,445809,-0.45286315,0.29755424,0.68568878,-0.38813454,-0.06472861,White,-0.436286946666667
TX-23,571500,0.45356705,0.53408373,0.21431571,0.78568429,0.05315657,0.70496353,0.00371432,0.02330442,0.02577098,414342,-0.08051668,0.52495438,0.45930481,0.06564957,-0.14616625,Hispanic,-0.0367945966666666
TX-24,572267,0.55616896,0.42105928,0.54745816,0.45254184,0.15924409,0.2092142,0.00163449,0.06942694,0.02289786,464978,0.13510968,0.5993627,0.38554912,0.21381358,-0.07870390,White,0.156344313333333
TX-25,571483,0.31817836,0.67054782,0.6480707,0.3519293,0.08413201,0.19596903,0.00236045,0.04451742,0.03112441,428731,-0.35236946,0.33756062,0.64615237,-0.30859175,-0.04377771,White,-0.34277689
TX-26,571848,0.26682895,0.72219904,0.72318718,0.27681282,0.05695267,0.14400751,0.00200387,0.04295107,0.03427458,431165,-0.45537009,0.27790614,0.70739514,-0.42948900,-0.02588109,White,-0.45174306
TX-27,570816,0.23526508,0.75706053,0.51148464,0.48851536,0.07023972,0.3875256,0.0010916,0.01461182,0.02321643,436975,-0.52179545,0.26323684,0.72536403,-0.46212719,-0.05966826,White,-0.50690603
TX-28,572198,0.45513988,0.53801135,0.06525303,0.93474697,0.0080255,0.91662017,0.00067458,0.0058728,0.013437,403215,-0.08287147,0.55953709,0.43083366,0.12870343,-0.21157490,Hispanic,-0.0173465033333333
TX-29,572066,0.57013809,0.41782827,0.11120166,0.88879834,0.13993165,0.71372854,0.001237,0.03596039,0.02836859,412287,0.15230982,0.64855915,0.33988782,0.30867133,-0.15636151,Hispanic,0.199430323333333
TX-30,571413,0.74250478,0.24147323,0.15427585,0.84572415,0.52889318,0.26280638,0.00151867,0.05027726,0.02292682,415496,0.50103155,0.79136044,0.19721211,0.59414833,-0.09311678,Black,0.527070476666667
TX-31,571639,0.41597599,0.57007259,0.47035525,0.52964475,0.22829165,0.24102911,0.01054566,0.0429526,0.03140551,423397,-0.15409660,0.45531319,0.52351232,-0.06819913,-0.08589747,Minority,-0.13046411
TX-32,571667,0.59281617,0.39079062,0.22675004,0.77324996,0.20850227,0.51298422,0.00155342,0.04310977,0.03505691,409420,0.20202555,0.64634496,0.33944027,0.30690469,-0.10487914,Hispanic,0.231985263333333
TX-33,571504,0.61323879,0.36274411,0.19866339,0.80133661,0.15044696,0.59486444,0.00186592,0.04819025,0.03465281,420168,0.25049468,0.68604568,0.29945599,0.38658969,-0.13609501,Hispanic,0.290859683333333
TX-34,571876,0.48536103,0.50537458,0.07312967,0.92687033,0.00508832,0.91449623,0.0006086,0.00643523,0.01376092,400918,-0.02001355,0.59607306,0.39321276,0.20286030,-0.22287385,Hispanic,0.0492777333333334
TX-35,570854,0.51723853,0.4689633,0.32062125,0.67937875,0.11415149,0.52536765,0.00404769,0.03417506,0.03052021,427651,0.04827523,0.54917587,0.43458364,0.11459223,-0.06631700,Hispanic,0.0653808966666667
TX-36,571751,0.35959441,0.62676877,0.53430652,0.46569348,0.12865617,0.25200638,0.00174996,0.06536545,0.02607188,428009,-0.26717436,0.37121185,0.6127617,-0.24154985,-0.02562451,White,-0.263632856666667
TX-37,570820,0.72444655,0.25060875,0.40945195,0.59054805,0.13336809,0.35719366,0.00276322,0.08930007,0.03099185,452732,0.47383780,0.75727468,0.22013938,0.53713530,-0.06329750,Minority,0.489936966666667
TX-38,571261,0.37374477,0.60953286,0.53457481,0.46542519,0.1262555,0.23145292,0.00250504,0.08967141,0.02639708,419554,-0.23578809,0.38196543,0.60365049,-0.22168506,-0.01410303,White,-0.23608708
TX-39,571973,0.42046228,0.5701069,0.30632537,0.69367463,0.03685466,0.62174834,0.00175993,0.02469218,0.02209617,432971,-0.14964462,0.46423316,0.52143326,-0.05720010,-0.09244452,Hispanic,-0.12382978
TX-40,571462,0.54940003,0.43556023,0.32204622,0.67795378,0.08910773,0.51317452,0.00398812,0.07115317,0.02956926,437549,0.11383980,0.58481507,0.39857243,0.18624264,-0.07240284,Hispanic,0.13297408
TX-41,571368,0.5144593,0.46003841,0.41885948,0.58114052,0.14155574,0.2202443,0.00197991,0.20396653,0.02491555,446990,0.05442089,0.5566776,0.42741077,0.12926683,-0.07484594,Minority,0.0743695366666666
TX-42,570911,0.49953729,0.46434283,0.48553387,0.51446613,0.11891894,0.16913757,0.00183826,0.20812167,0.02359095,443899,0.03519446,0.53622113,0.44598136,0.09023977,-0.05504531,Minority,0.0485428966666667
TX-43,571234,0.48142458,0.49430294,0.51770754,0.48229246,0.1317039,0.15738188,0.00228725,0.17214901,0.02540804,414908,-0.01287836,0.5108426,0.47207552,0.03876708,-0.05164544,White,-0.000663213333333352
TX-44,571347,0.54361472,0.43966829,0.42691323,0.57308677,0.08022468,0.44698574,0.00750793,0.03137643,0.03235694,428347,0.10394643,0.57597496,0.40345401,0.17252095,-0.06857452,Hispanic,0.121804603333333
TX-45,570611,0.63362105,0.35147057,0.27232965,0.72767035,0.28448832,0.38764493,0.00219881,0.04743449,0.02442172,421592,0.28215048,0.67853393,0.30613276,0.37240117,-0.09025069,Hispanic,0.307234043333333
TX-46,572277,0.38109175,0.60435339,0.54276959,0.45723041,0.13686781,0.24386291,0.00326037,0.05251571,0.0324241,428786,-0.22326164,0.39550207,0.58988744,-0.19438537,-0.02887627,White,-0.218636216666667
TX-47,570949,0.56417679,0.41803622,0.2977641,0.7022359,0.08883774,0.54599317,0.00140093,0.06113805,0.03173957,429716,0.14614057,0.59896695,0.38527664,0.21369031,-0.06754974,Hispanic,0.16365715
TX-48,570588,0.56883884,0.41010488,0.39070223,0.60929777,0.1277078,0.3301947,0.00181471,0.14384553,0.02225539,446903,0.15873396,0.59775689,0.38881134,0.20894555,-0.05021159,Minority,0.170471156666667
TX-49,570997,0.48524465,0.49514984,0.30205504,0.69794496,0.19774992,0.36616402,0.00205097,0.12758854,0.02770126,417851,-0.00990519,0.53131374,0.45480351,0.07651023,-0.08641542,Hispanic,0.01389995
TX-50,571984,0.37308013,0.60600746,0.47024297,0.52975703,0.13652286,0.26284427,0.00142627,0.11550112,0.02142786,413667,-0.23292733,0.39213932,0.59306521,-0.20092589,-0.03200144,Minority,-0.227260183333333
TX-51,571523,0.17032308,0.82126954,0.75768254,0.24231746,0.03071698,0.1708393,0.00238583,0.01099106,0.03032593,455188,-0.65094646,0.17972007,0.80773772,-0.62801765,-0.02292881,White,-0.648303523333333
UT-1,545471,0.25467624,0.71591638,0.84948477,0.15051523,0.00793282,0.09633434,0.0066187,0.01709162,0.02453565,374394,-0.46124014,0.23582817,0.71058824,-0.47476007,0.01351993,White,-0.470746783333333
UT-2,545664,0.22766391,0.74952218,0.83275669,0.16724331,0.00953779,0.09473271,0.01072471,0.01630612,0.03802107,376607,-0.52185827,0.22061706,0.73451596,-0.51389890,-0.00795937,White,-0.524205146666667
UT-3,545743,0.31650615,0.65144676,0.79569295,0.20430705,0.0130593,0.12171325,0.01837602,0.03677862,0.01858061,376360,-0.33494061,0.29300944,0.63744127,-0.34443183,0.00949122,White,-0.34310435
UT-4,544948,0.57558411,0.39885369,0.80088303,0.19911697,0.01926837,0.09431412,0.01003732,0.05721128,0.01676749,414254,0.17673042,0.56190958,0.39309359,0.16881599,0.00791443,White,0.169092276666667
UT-5,544824,0.56027506,0.40795557,0.58826132,0.41173868,0.03112869,0.2706692,0.03163818,0.05936197,0.03140704,402362,0.15231949,0.56307354,0.38676743,0.17630611,-0.02398662,White,0.15531503
UT-6,544966,0.37832624,0.58980808,0.78512605,0.21487395,0.02077227,0.13439751,0.01098733,0.03239895,0.02287186,380074,-0.21148184,0.35737115,0.58020639,-0.22283524,0.01135340,White,-0.220266306666667
VA-1,575424,0.42538992,0.5588237,0.72555625,0.27444375,0.16223607,0.04116866,0.00216026,0.0494585,0.02140603,452723,-0.13343378,0.4229445,0.55870347,-0.13575897,0.00232519,White,-0.139208843333333
VA-2,575554,0.5086902,0.47455267,0.60321768,0.39678232,0.22129459,0.07812149,0.00438553,0.08336501,0.0223544,449889,0.03413753,0.52025778,0.45809221,0.06216557,-0.02802804,White,0.03848021
VA-3,575804,0.68772704,0.29431466,0.40002118,0.59997882,0.4795277,0.07137893,0.00415425,0.04154248,0.02312083,453271,0.39341238,0.7060057,0.27358713,0.43241857,-0.03900619,Black,0.401414443333333
VA-4,574531,0.69196371,0.28837099,0.44892019,0.55107981,0.41271748,0.0911635,0.00156207,0.03764378,0.0191299,454524,0.40359272,0.7034208,0.2791792,0.42424160,-0.02064888,Minority,0.40547568
VA-5,575619,0.34270862,0.64563768,0.69394058,0.30605942,0.24767128,0.02809535,0.00093192,0.01236462,0.01768496,464632,-0.30292906,0.36635887,0.6169479,-0.25058903,-0.05234003,White,-0.290482383333333
VA-6,575591,0.41051702,0.57263956,0.80383233,0.19616767,0.10067922,0.03882351,0.00118714,0.03644709,0.01851764,465826,-0.16212254,0.41685199,0.56277349,-0.14592150,-0.01620104,White,-0.161722193333333
VA-7,576246,0.54309471,0.43217056,0.48266615,0.51733385,0.24511825,0.18107553,0.0033132,0.07950981,0.02628724,425872,0.11092415,0.56262006,0.41791909,0.14470097,-0.03377682,Minority,0.11718309
VA-8,575865,0.74521517,0.2232564,0.59196107,0.40803893,0.11953588,0.13086447,0.00213951,0.14681354,0.01593394,462723,0.52195877,0.77066452,0.20609028,0.56457424,-0.04261547,White,0.531163926666667
VA-9,575371,0.22637166,0.76461093,0.88824532,0.11175468,0.06465521,0.02123055,0.00089947,0.00612966,0.017419,468052,-0.53823927,0.23745878,0.75056651,-0.51310773,-0.02513154,White,-0.53486209
VA-10,574993,0.58802735,0.37553444,0.53330516,0.46669484,0.08701082,0.13510825,0.00202533,0.23309811,0.0152149,421166,0.21249291,0.63718222,0.34275054,0.29443168,-0.08193877,White,0.234805833333333
VA-11,574450,0.66641529,0.29701881,0.44898485,0.55101515,0.13779314,0.20240442,0.00260288,0.20253901,0.01968245,438360,0.36939648,0.72132521,0.25909987,0.46222534,-0.09282886,Minority,0.395339433333333
VA-12,574889,0.5193168,0.46656403,0.51736461,0.48263539,0.38710627,0.0490192,0.00275046,0.03135255,0.02188637,451925,0.05275277,0.53627366,0.44742181,0.08885185,-0.03609908,White,0.0597857966666667
VA-13,575335,0.55706426,0.42298404,0.72201847,0.27798153,0.13026859,0.05631036,0.00130512,0.07420598,0.01553534,452066,0.13408022,0.5526555,0.42770429,0.12495121,0.00912901,White,0.126037216666667
VA-14,575892,0.35973419,0.62400526,0.79881307,0.20118693,0.07138712,0.08706983,0.00142307,0.02319164,0.02060343,449731,-0.26427107,0.37189554,0.60832472,-0.23642918,-0.02784189,White,-0.25999044
VA-15,575829,0.57304977,0.39518151,0.50377164,0.49622836,0.11127485,0.17407332,0.00216673,0.19977711,0.0185128,434294,0.17786826,0.63475651,0.34557608,0.28918043,-0.11131217,White,0.209972316666667
VT-1,643077,0.63234241,0.32019255,0.90402721,0.09597279,0.01723224,0.02118853,0.00098764,0.02224099,0.0243669,524482,0.31214986,0.66086417,0.30673765,0.35412652,-0.04197666,White,0.32114208
WA-1,591969,0.55914551,0.40308859,0.7710278,0.2289722,0.02124574,0.09600345,0.00789273,0.05726484,0.04571917,470306,0.15605692,0.55564184,0.41021366,0.14542818,0.01062874,White,0.147514006666667
WA-2,592767,0.67959718,0.28014497,0.6178603,0.3821397,0.05751594,0.10011133,0.01113066,0.18934609,0.02794831,464393,0.39945221,0.68665217,0.28100788,0.40564429,-0.00619208,White,0.396516236666667
WA-3,592791,0.502111,0.46406037,0.76825121,0.23174879,0.02935548,0.09401452,0.01343599,0.0600286,0.03614386,454600,0.03805063,0.49620174,0.47183085,0.02437089,0.01367974,White,0.0284907166666666
WA-4,592365,0.35859473,0.60939232,0.64693161,0.35306839,0.01499709,0.26773759,0.00480924,0.02081903,0.04870452,444353,-0.25079759,0.37323653,0.59679227,-0.22355574,-0.02724185,White,-0.246716973333333
WA-5,592300,0.46098271,0.50180701,0.81825802,0.18174198,0.02954752,0.05770587,0.00963837,0.04287102,0.03968109,466469,-0.04082430,0.46392412,0.49824464,-0.03432052,-0.00650378,White,-0.0436563733333334
WA-6,592446,0.55177137,0.4119525,0.7875483,0.2124517,0.02802763,0.06773118,0.01175687,0.05326598,0.05218057,481846,0.13981887,0.53751869,0.42588459,0.11163410,0.02818477,White,0.125423946666667
WA-7,592480,0.87221584,0.08908162,0.66053118,0.33946882,0.05406235,0.07346647,0.00621223,0.18497966,0.02246793,508191,0.78313422,0.88289064,0.09207161,0.79081903,-0.00768481,White,0.780695823333333
WA-8,592236,0.67233299,0.2865911,0.52691631,0.47308369,0.05966707,0.08439007,0.01019085,0.3035915,0.01978617,463455,0.38574189,0.69011605,0.28026563,0.40985042,-0.02410853,White,0.388778066666667
WA-9,593613,0.71027171,0.24929674,0.44982418,0.55017582,0.14889269,0.14513781,0.025801,0.21573774,0.03310004,469788,0.46097497,0.7330569,0.24094379,0.49211311,-0.03113814,Minority,0.46635435
WA-10,593136,0.61873935,0.34127768,0.66561186,0.33438814,0.09029868,0.09822582,0.02158753,0.09890498,0.03798814,466751,0.27746167,0.61508248,0.34762356,0.26745892,0.01000275,White,0.26912742
WA-11,593088,0.56921105,0.38866316,0.71104331,0.28895669,0.02465285,0.0699091,0.0067063,0.15673942,0.02779192,443762,0.18054789,0.57667654,0.38771343,0.18896311,-0.00841522,White,0.178352963333333
WA-12,592635,0.38295696,0.58424843,0.65416908,0.34583092,0.01353377,0.25348207,0.00402453,0.02609711,0.05355916,441045,-0.20129147,0.39708451,0.57231804,-0.17523353,-0.02605794,White,-0.19760549
WA-13,593455,0.46729807,0.49679659,0.67850933,0.32149067,0.07417784,0.098886,0.02570209,0.09235541,0.04118693,449730,-0.02949852,0.4756384,0.48840637,-0.01276797,-0.01673055,White,-0.02892167
WI-1,589071,0.46997454,0.51456178,0.77463286,0.22536714,0.07827796,0.10857855,0.00113453,0.01814806,0.01966876,458341,-0.04458724,0.4840792,0.49814588,-0.01406668,-0.03052056,White,-0.03941372
WI-2,589732,0.72728302,0.25516513,0.79629316,0.20370684,0.05599046,0.06052123,0.00125878,0.0692649,0.01526011,471884,0.47211789,0.73368132,0.24972828,0.48395304,-0.01183515,White,0.47106294
WI-3,589730,0.50288393,0.48182731,0.91125804,0.08874196,0.01443289,0.03011826,0.00097247,0.02145071,0.01659923,460684,0.02105662,0.51756311,0.46398602,0.05357709,-0.03252047,White,0.0268967766666666
WI-4,589694,0.72459687,0.25645848,0.47523978,0.52476022,0.36837353,0.09750755,0.00140369,0.05057545,0.01648446,447391,0.46813839,0.73436621,0.24933993,0.48502628,-0.01688789,Minority,0.468767686666667
WI-5,589503,0.34989706,0.63547275,0.90810226,0.09189774,0.01732231,0.03581644,0.00081509,0.0194757,0.01271499,462525,-0.28557569,0.34620735,0.63846207,-0.29225472,0.00667903,White,-0.292802033333333
WI-6,589242,0.34548696,0.64076616,0.9123075,0.0876925,0.00743393,0.02344598,0.00078676,0.01884745,0.03239241,458842,-0.29527920,0.35160006,0.63251772,-0.28091766,-0.01436154,White,-0.29549202
WI-7,589020,0.39340054,0.58839901,0.91703747,0.08296253,0.01125373,0.01722732,0.00105303,0.01118524,0.0350368,467223,-0.19499847,0.40982276,0.57227399,-0.16245123,-0.03254724,White,-0.18914939
WI-8,589097,0.48609195,0.49852357,0.84385334,0.15614666,0.03098928,0.05856943,0.0011981,0.03524361,0.02917035,459062,-0.01243162,0.48510133,0.49488209,-0.00978076,-0.00265086,White,-0.016548
WI-9,589802,0.53159686,0.44653857,0.73842538,0.26157462,0.04995794,0.14383612,0.0011295,0.05074057,0.02148642,461268,0.08505829,0.53302528,0.44933857,0.08368671,0.00137158,White,0.0796010966666666
WI-10,588827,0.37469132,0.60917363,0.89430421,0.10569579,0.01850649,0.04222499,0.00108583,0.02292509,0.01740991,465080,-0.23448231,0.37956227,0.60320488,-0.22364261,-0.01083970,White,-0.235869076666667
WV-1,598217,0.29476214,0.6848305,0.90999244,0.09000756,0.03298158,0.01596885,0.00094032,0.01359734,0.01964521,482815,-0.39006836,0.30620049,0.67567669,-0.36947620,-0.02059216,White,-0.388204306666667
WV-2,598336,0.25950965,0.72282651,0.8868186,0.1131814,0.05423579,0.02263164,0.00085211,0.01041098,0.02124168,474115,-0.46331686,0.27643639,0.7079598,-0.43152341,-0.03179345,White,-0.457719043333333
WV-3,597163,0.29064779,0.69019417,0.91013903,0.08986097,0.04479393,0.01059449,0.00063865,0.00996634,0.01993899,476002,-0.39954638,0.30879225,0.67476996,-0.36597771,-0.03356867,White,-0.393356823333333
WY-AL,576851,0.25841857,0.71598005,0.83845451,0.16154549,0.01343191,0.08644868,0.00228623,0.01477329,0.04176627,441337,-0.45756148,0.26553574,0.69936227,-0.43382653,-0.02373495,White,-0.45464983
