CD,TotalPop,TotalPop,PopDevPct,DemPct,RepPct,WhitePct,MinorityPct,BlackPct,HispanicPct,PacificPct,AsianPct,NativePct,TotalVAP,Margin,Majority,Density,State,District
AK-1,367244,367244,0.00149579,0.50398274,0.45992697,0.59584787,0.40415213,0.05667178,0.07256861,0.0307855,0.1080234,0.15070853,282698,0.04405577,White,15656,AK,1
AK-2,366147,366147,-0.00149579,0.34874692,0.60966986,0.63447043,0.36552957,0.02817493,0.0476438,0.00914469,0.0474337,0.23269752,271305,-0.26092294,White,1391,AK,2
AL-1,334283,334578,-0.00111658,0.23620002,0.75055095,0.77889794,0.22110206,0.12320899,0.03925549,0.00126065,0.02497696,0.02869037,262562,-0.51435093,White,1019484,AL,1
AL-2,334222,334954,0.00000597,0.23209007,0.75568103,0.75214459,0.24785541,0.1606711,0.03947129,0.00171799,0.01437078,0.03263801,258441,-0.52359096,White,241902,AL,2
AL-3,334249,334132,-0.00244811,0.55889275,0.42955436,0.42426944,0.57573056,0.50991499,0.03579005,0.00121824,0.01823513,0.01562572,260212,0.12933839,Black,342982,AL,3
AL-4,334802,334050,-0.00269292,0.56665241,0.42228369,0.46245044,0.53754956,0.46849471,0.0316517,0.00126517,0.02700775,0.01280935,266368,0.14436872,Black,215973,AL,4
AL-5,335203,335045,0.00027765,0.5590495,0.43147133,0.43163649,0.56836351,0.51539819,0.02155516,0.00090916,0.01058002,0.02392589,260680,0.12757817,Black,151519,AL,5
AL-6,335141,335141,0.00056426,0.37371428,0.61137768,0.63366722,0.36633278,0.27435991,0.03822938,0.00153957,0.03508149,0.01967818,261762,-0.23766340,White,523547,AL,6
AL-7,335766,335766,0.0024302,0.29405962,0.6946859,0.70704966,0.29295034,0.23107412,0.0289469,0.0011416,0.01060218,0.02243639,265417,-0.40062628,White,336273,AL,7
AL-8,335192,335192,0.00071652,0.1221282,0.86680139,0.87726434,0.12273566,0.03311933,0.05035753,0.00084961,0.00585499,0.03076272,260120,-0.74467319,White,261671,AL,8
AL-9,335358,335358,0.00121211,0.16150645,0.82591531,0.84006629,0.15993371,0.0349798,0.07237749,0.00114491,0.00809585,0.046359,257663,-0.66440886,White,338756,AL,9
AL-10,335311,335311,0.0010718,0.29305179,0.69155304,0.75165716,0.24834284,0.14884485,0.05111932,0.00115496,0.01351645,0.03415705,262347,-0.39850125,White,484123,AL,10
AL-11,334446,334446,-0.00151066,0.4824866,0.49253865,0.6075382,0.3924618,0.27216368,0.05657446,0.00248817,0.03871284,0.02797383,263246,-0.01005205,White,2975392,AL,11
AL-12,335917,335917,0.00288101,0.22214043,0.76521565,0.78246059,0.21753941,0.14827059,0.03340766,0.001003,0.0113995,0.02303045,259222,-0.54307522,White,331456,AL,12
AL-13,335195,335195,0.00072548,0.25045366,0.73419966,0.77905693,0.22094307,0.1181666,0.05466717,0.00095189,0.02088689,0.02498313,256333,-0.48374600,White,770526,AL,13
AL-14,334856,334856,-0.00028661,0.53965853,0.43901011,0.5844886,0.4155114,0.31604268,0.04609876,0.00087541,0.03902754,0.01524802,265018,0.10064842,White,4382660,AL,14
AL-15,334338,334338,-0.0018331,0.58546228,0.40336939,0.41436136,0.58563864,0.52259917,0.04016293,0.00119484,0.00754534,0.01799244,257775,0.18209289,Black,1684634,AL,15
AR-1,333919,333919,-0.00207636,0.54861322,0.4198166,0.43397668,0.56602332,0.50835883,0.03572329,0.00108581,0.00899287,0.01769102,257871,0.12879662,Black,150227,AR,1
AR-2,334656,334656,0.00012618,0.57115752,0.40363861,0.57607147,0.42392853,0.29541376,0.07033001,0.00120528,0.03430244,0.0263545,259690,0.16751891,White,2454787,AR,2
AR-3,334267,334267,-0.00103635,0.24389122,0.72815118,0.80474197,0.19525803,0.11005015,0.037729,0.00125869,0.0138337,0.02844471,253439,-0.48425996,White,219271,AR,3
AR-4,334792,334792,0.00053262,0.18964958,0.78379796,0.91252698,0.08747302,0.01073579,0.02417541,0.0027985,0.00682774,0.0360359,264070,-0.59414838,White,130505,AR,4
AR-5,335297,335297,0.00204182,0.22321357,0.74882498,0.82256965,0.17743035,0.03440847,0.06389643,0.0013246,0.02237797,0.05162439,256681,-0.52561141,White,175607,AR,5
AR-6,334682,334682,0.00020388,0.28825967,0.68463162,0.77401984,0.22598016,0.02599758,0.10444564,0.00436329,0.02599758,0.06460988,252562,-0.39637195,White,352325,AR,6
AR-7,334800,334800,0.00055653,0.48755043,0.47919308,0.64259014,0.35740986,0.04158929,0.19426424,0.02599783,0.05646529,0.0449174,248790,0.00835735,White,4734275,AR,7
AR-8,334396,334396,-0.00065083,0.31838343,0.65545982,0.79408654,0.20591346,0.09969967,0.05197442,0.00115362,0.0154239,0.03443171,260051,-0.33707639,White,461428,AR,8
AR-9,334715,334715,0.0003025,0.29298807,0.67641989,0.67281442,0.32718558,0.23801034,0.05384785,0.00166719,0.00707783,0.02733493,259119,-0.38343182,White,95995,AR,9
AZ-1,324756,324756,-0.00096064,0.58320761,0.40019031,0.44247273,0.55752727,0.01562923,0.10077823,0.00302892,0.01847237,0.42764718,247613,0.18301730,Minority,29257,AZ,1
AZ-2,324721,324721,-0.00106831,0.41911131,0.56465328,0.66788553,0.33211447,0.038962,0.23468614,0.00452404,0.03186279,0.03068413,257071,-0.14554197,White,106141,AZ,2
AZ-3,325564,325564,0.00152499,0.61213729,0.37404652,0.30852504,0.69147496,0.03032139,0.59147048,0.00254169,0.01819446,0.07112676,245899,0.23809077,Hispanic,114696,AZ,3
AZ-4,324551,324551,-0.00159127,0.26991148,0.71649671,0.7063876,0.2936124,0.01789933,0.21190119,0.00439275,0.02178261,0.04339163,264982,-0.44658523,White,62918,AZ,4
AZ-5,325448,325448,0.00116815,0.35780678,0.62621094,0.73234006,0.26765994,0.04173653,0.16432427,0.00562007,0.03422638,0.02787872,239143,-0.26840416,White,2819168,AZ,5
AZ-6,324580,324580,-0.00150206,0.51664845,0.47113664,0.77351092,0.22648908,0.03209534,0.10724541,0.00264474,0.05162543,0.03541315,273373,0.04551181,White,5000396,AZ,6
AZ-7,325698,325698,0.00193722,0.75613146,0.22761682,0.27139697,0.72860303,0.15079189,0.51292914,0.00562082,0.04060875,0.05066266,239111,0.52851464,Hispanic,13033643,AZ,7
AZ-8,325459,325459,0.00120199,0.3899903,0.59795376,0.70899296,0.29100704,0.05787376,0.1697738,0.00464691,0.04043996,0.02530599,253932,-0.20796346,White,679217,AZ,8
AZ-9,325026,325026,-0.00013004,0.62526022,0.35679589,0.58199873,0.41800127,0.07736254,0.1950432,0.00563409,0.10816022,0.04778263,266059,0.26846433,White,12657373,AZ,9
AZ-10,325651,325651,0.00179263,0.44889597,0.53622362,0.55926397,0.44073603,0.06089914,0.27959419,0.00713348,0.03057092,0.07953451,251350,-0.08732765,White,265215,AZ,10
AZ-11,325045,325045,-0.00007159,0.59410959,0.39199339,0.69552231,0.30447769,0.04288988,0.18410279,0.00389908,0.05219985,0.02904079,271859,0.20211620,White,4608906,AZ,11
AZ-12,324769,324769,-0.00092065,0.70768414,0.27579577,0.36835884,0.63164116,0.0587064,0.50403408,0.00389922,0.04074541,0.05473975,252102,0.43188837,Hispanic,13483291,AZ,12
AZ-13,325702,325702,0.00194952,0.3291627,0.65712136,0.80930348,0.19069652,0.01055822,0.11921174,0.00300206,0.01774277,0.03743469,274478,-0.32795866,White,95220,AZ,13
AZ-14,325751,325751,0.00210026,0.42900092,0.55619301,0.70538168,0.29461832,0.0457895,0.13580976,0.00499051,0.09169792,0.02169915,235447,-0.12719209,White,14438891,AZ,14
AZ-15,324527,324527,-0.0016651,0.48348373,0.5001029,0.67419014,0.32580986,0.04827856,0.18156886,0.00364632,0.06881064,0.02929969,255600,-0.01661917,White,16757170,AZ,15
AZ-16,324346,324346,-0.00222191,0.69309757,0.29160488,0.19345334,0.80654666,0.0934372,0.66162146,0.00391956,0.03622681,0.04049169,222984,0.40149269,Hispanic,24595036,AZ,16
AZ-17,325005,325005,-0.00019464,0.45370156,0.53162721,0.65062256,0.34937744,0.05631751,0.22273433,0.00389606,0.04671802,0.02897959,259493,-0.07792565,White,16755028,AZ,17
AZ-18,325107,325107,0.00011914,0.56038257,0.41897638,0.51553159,0.48446841,0.07486245,0.28304827,0.00618841,0.0907311,0.04703275,247721,0.14140619,White,18755233,AZ,18
AZ-19,325417,325417,0.00107278,0.40831647,0.57333537,0.69754834,0.30245166,0.04005104,0.19987437,0.00540583,0.03007557,0.03533615,254725,-0.16501890,White,13156817,AZ,19
AZ-20,325304,325304,0.00072516,0.65529124,0.32703948,0.45555387,0.54444613,0.09921389,0.35866873,0.00361497,0.05111285,0.05375717,250348,0.32825176,Minority,25204512,AZ,20
AZ-21,324594,324594,-0.00145899,0.38709528,0.60188673,0.7925918,0.2074082,0.03046274,0.09047403,0.00312021,0.0635409,0.01919821,251586,-0.21479145,White,2782780,AZ,21
AZ-22,324481,324481,-0.00180661,0.567764,0.4159363,0.32388815,0.67611185,0.09474681,0.52426684,0.00632761,0.03632761,0.0388111,227100,0.15182770,Hispanic,305462,AZ,22
CA-1,328849,328849,-0.00155748,0.32490252,0.65257082,0.73997602,0.26002398,0.02287521,0.13384344,0.00582092,0.03401023,0.06612177,264391,-0.32766830,White,53140,CA,1
CA-2,329537,329537,0.00053141,0.60085645,0.36852641,0.6923608,0.3076392,0.0231515,0.15899728,0.00593029,0.03860344,0.08580051,265080,0.23233004,White,99503,CA,2
CA-3,329811,329811,0.00136332,0.50554674,0.46995767,0.78657064,0.21342936,0.01054497,0.12013284,0.00438441,0.03269464,0.04357171,267995,0.03558907,White,72121,CA,3
CA-4,329122,329122,-0.00072861,0.7241667,0.2534843,0.47932138,0.52067862,0.07996844,0.27521297,0.00993727,0.14165535,0.03387773,263654,0.47068240,Minority,1164769,CA,4
CA-5,330019,330019,0.00199484,0.39171592,0.58671692,0.60166275,0.39833725,0.02415579,0.27764384,0.00927424,0.05789691,0.04367252,257164,-0.19500100,White,567053,CA,5
CA-6,329726,329726,0.00110524,0.60935742,0.36540329,0.3982729,0.6017271,0.14028381,0.25412909,0.01972064,0.18289228,0.04073208,242487,0.24395413,Minority,10827656,CA,6
CA-7,328741,328741,-0.00188539,0.68458865,0.29362581,0.28153398,0.71846602,0.1532759,0.23682206,0.02828048,0.30750494,0.03165312,245505,0.39096284,Asian,3069508,CA,7
CA-8,330195,330195,0.00252921,0.60059397,0.37475803,0.42355751,0.57644249,0.13832559,0.24371325,0.01741327,0.17663936,0.03611231,262099,0.22583594,Minority,1471438,CA,8
CA-9,329603,329603,0.00073179,0.56188513,0.41540075,0.30679562,0.69320438,0.08031107,0.47134359,0.00993295,0.12973903,0.04249857,240714,0.14648438,Hispanic,1931420,CA,9
CA-10,328929,328929,-0.00131459,0.72111719,0.2571627,0.59444922,0.40555078,0.03701152,0.16852936,0.00776545,0.18063052,0.02226096,262702,0.46395449,White,11676304,CA,10
CA-11,329987,329987,0.00189768,0.85249317,0.12686857,0.47500896,0.52499104,0.06183027,0.10329721,0.00575338,0.34551392,0.01689507,295826,0.72562460,Minority,70472694,CA,11
CA-12,329925,329925,0.00170944,0.89271806,0.08562559,0.40748432,0.59251568,0.12372013,0.14592908,0.00794642,0.31020186,0.02344698,277861,0.80709247,Minority,31417684,CA,12
CA-13,330195,330195,0.00252921,0.5484756,0.4285187,0.25934712,0.74065288,0.0402117,0.61070542,0.00543572,0.07709033,0.04646488,237319,0.11995690,Hispanic,323697,CA,13
CA-14,328743,328743,-0.00187932,0.77514715,0.20476163,0.16113692,0.83886308,0.12645248,0.37639216,0.0287928,0.31687252,0.03431476,256974,0.57038552,Hispanic,20127629,CA,14
CA-15,329878,329878,0.00156674,0.77464156,0.20611619,0.18441446,0.81558554,0.0465848,0.18914834,0.01006945,0.57375564,0.01775021,275884,0.56852537,Asian,51330286,CA,15
CA-16,328865,328865,-0.0015089,0.79098092,0.18562146,0.63020525,0.36979475,0.02274037,0.17437275,0.00732945,0.14770389,0.02480937,267278,0.60535946,White,1860873,CA,16
CA-17,329160,329160,-0.00061323,0.6942805,0.2883148,0.15827344,0.84172656,0.02912878,0.15571503,0.00791329,0.65045084,0.01653705,264618,0.40596570,Asian,11848536,CA,17
CA-18,329303,329303,-0.00017906,0.76120977,0.21587193,0.26217928,0.73782072,0.0461081,0.40434687,0.0086626,0.2789576,0.03636695,263316,0.54533784,Hispanic,39456060,CA,18
CA-19,330115,330115,0.00228631,0.72280796,0.25274434,0.57918975,0.42081025,0.02421265,0.15913808,0.00650368,0.21762117,0.02497122,259699,0.47006362,White,3626229,CA,19
CA-20,329080,329080,-0.00085612,0.32638422,0.65289133,0.56667885,0.43332115,0.03941583,0.28565635,0.00421223,0.07285664,0.04881604,249037,-0.32650711,White,184058,CA,20
CA-21,329572,329572,0.00063767,0.6253605,0.35132901,0.2752447,0.7247553,0.09884932,0.49410409,0.00510574,0.11904173,0.04857999,238555,0.27403149,Hispanic,12422743,CA,21
CA-22,329174,329174,-0.00057072,0.60309348,0.37109485,0.16487393,0.83512607,0.07547784,0.69194338,0.00264897,0.05848251,0.04105905,224238,0.23199863,Hispanic,4837402,CA,22
CA-23,328939,328939,-0.00128423,0.37963245,0.59199243,0.52811117,0.47188883,0.09888968,0.28775275,0.00933361,0.05335725,0.04910376,249207,-0.21235998,White,64342,CA,23
CA-24,329299,329299,-0.0001912,0.54783381,0.42797138,0.41696537,0.58303463,0.02695025,0.45036042,0.00517087,0.0898355,0.04525997,252762,0.11986243,Hispanic,333045,CA,24
CA-25,328627,328627,-0.00223151,0.63259211,0.34680768,0.11728122,0.88271878,0.03356815,0.82109859,0.00275195,0.02435297,0.03810461,246007,0.28578443,Hispanic,148958,CA,25
CA-26,329981,329981,0.00187947,0.53559053,0.44345932,0.61988496,0.38011504,0.02355709,0.20851527,0.00475101,0.12807931,0.02529684,262681,0.09213121,White,6152760,CA,26
CA-27,329260,329260,-0.00030961,0.50789896,0.46852278,0.37070831,0.62929169,0.15424484,0.3847738,0.00542872,0.07893602,0.03748917,248125,0.03937618,Hispanic,1133080,CA,27
CA-28,329446,329446,0.00025511,0.66673936,0.3157825,0.08871018,0.91128982,0.01610932,0.27008865,0.00306457,0.62745489,0.01944712,270837,0.35095686,Asian,37353125,CA,28
CA-29,329266,329266,-0.0002914,0.74909733,0.22715992,0.16675508,0.83324492,0.04367507,0.69233731,0.00301776,0.09619125,0.03905412,254493,0.52193741,Hispanic,34436469,CA,29
CA-30,330036,330036,0.00204646,0.61082936,0.36925843,0.61938797,0.38061203,0.03052825,0.19835148,0.0032671,0.14383649,0.01809866,273943,0.24157093,White,22688918,CA,30
CA-31,329095,329095,-0.00081058,0.6953094,0.28422599,0.07729134,0.92270866,0.02516535,0.67725066,0.00324638,0.22119616,0.03750161,255669,0.41108341,Hispanic,36872192,CA,31
CA-32,329476,329476,0.0003462,0.67325961,0.30951582,0.72222845,0.27777155,0.0447634,0.11415489,0.00324811,0.10381999,0.01399417,267540,0.36374379,White,3752656,CA,32
CA-33,329519,329519,0.00047676,0.62090797,0.35308741,0.2277686,0.7722314,0.10992975,0.56010744,0.00663636,0.09583471,0.03776446,242000,0.26782056,Hispanic,14131763,CA,33
CA-34,330081,330081,0.00218308,0.82845177,0.14658412,0.07295084,0.92704916,0.03207382,0.8092524,0.00263938,0.08752449,0.0472257,254226,0.68186765,Hispanic,48551483,CA,34
CA-35,329106,329106,-0.00077718,0.60196513,0.3761515,0.22309028,0.77690972,0.07157029,0.58157648,0.00517376,0.11881275,0.04025629,250495,0.22581363,Hispanic,16472609,CA,35
CA-36,329629,329629,0.00081073,0.61467984,0.36172428,0.48919816,0.51080184,0.04061749,0.15860215,0.00791706,0.29618287,0.01914992,264492,0.25295556,Minority,23291226,CA,36
CA-37,328950,328950,-0.00125083,0.89555645,0.08674172,0.05222487,0.94777513,0.49842415,0.41849154,0.00434234,0.03497222,0.03525626,257004,0.80881473,Black,45486271,CA,37
CA-38,330212,330212,0.00258082,0.58273077,0.39552022,0.26906544,0.73093456,0.02417887,0.51891632,0.00507206,0.18111254,0.03595852,259855,0.18721055,Hispanic,21662849,CA,38
CA-39,329177,329177,-0.00056162,0.67331344,0.30627103,0.14733497,0.85266503,0.15190396,0.62664477,0.00732995,0.07035135,0.03875131,235063,0.36704241,Hispanic,5738754,CA,39
CA-40,328759,328759,-0.00183074,0.48176996,0.4981136,0.60194315,0.39805685,0.02304419,0.18010554,0.00547558,0.17851548,0.02045644,256594,-0.01634364,White,4591817,CA,40
CA-41,328782,328782,-0.0017609,0.51517832,0.46843508,0.57241507,0.42758493,0.05189532,0.29180194,0.00598603,0.06289494,0.03409237,264282,0.04674324,White,921052,CA,41
CA-42,329544,329544,0.00055266,0.71719755,0.25788561,0.35323694,0.64676306,0.12239702,0.35982796,0.01037614,0.1542335,0.03376483,265513,0.45931194,Hispanic,7226292,CA,42
CA-43,329013,329013,-0.00105955,0.81627659,0.16272667,0.08259899,0.91740101,0.32280881,0.51321423,0.00947087,0.07939785,0.0347948,248974,0.65354992,Hispanic,33754428,CA,43
CA-44,330182,330182,0.00248974,0.69272073,0.28507708,0.16819547,0.83180453,0.10287829,0.49538293,0.01552179,0.22773078,0.03338851,260988,0.40764365,Hispanic,25487264,CA,44
CA-45,329462,329462,0.00030369,0.47739049,0.50605209,0.20752597,0.79247403,0.0144111,0.27145721,0.00785094,0.49734253,0.0207283,263408,-0.02866160,Asian,37020675,CA,45
CA-46,328806,328806,-0.00168804,0.69592918,0.28304796,0.1147144,0.8852856,0.01880377,0.7428385,0.00464794,0.12069964,0.05585681,245270,0.41288122,Hispanic,45637696,CA,46
CA-47,329266,329266,-0.0002914,0.63923986,0.33999738,0.3670931,0.6329069,0.03275027,0.11723199,0.0046257,0.47484993,0.0107753,259204,0.29924248,Asian,14316264,CA,47
CA-48,329917,329917,0.00168515,0.3851536,0.59244042,0.66613439,0.33386561,0.03657515,0.20649325,0.00891108,0.05931243,0.03533274,256759,-0.20728682,White,696236,CA,48
CA-49,329558,329558,0.00059517,0.5623593,0.41491192,0.53197399,0.46802601,0.03145343,0.31325358,0.00801069,0.10568684,0.03141022,254535,0.14744738,White,14529423,CA,49
CA-50,328875,328875,-0.00147854,0.72561646,0.24919712,0.64201469,0.35798531,0.05240197,0.17322482,0.00724558,0.11064248,0.02110218,289970,0.47641934,White,16069272,CA,50
CA-51,329382,329382,0.0000608,0.67249728,0.30371265,0.52885225,0.47114775,0.07072599,0.22084175,0.01013847,0.16207916,0.02591394,271244,0.36878463,White,20066739,CA,51
CA-52,329759,329759,0.00120544,0.64097152,0.33936969,0.17791029,0.82208971,0.06658552,0.57060388,0.01067335,0.18963829,0.03021208,252217,0.30160183,Hispanic,13210877,CA,52
CA-53,329203,329203,-0.00048268,0.46357164,0.50847956,0.65935727,0.34064273,0.03074567,0.19027921,0.00735248,0.06691658,0.05689652,255288,-0.04490792,White,212321,CA,53
CA-54,329811,329811,0.00136332,0.80565647,0.1747429,0.69071306,0.30928694,0.03130936,0.17133054,0.00572879,0.08028937,0.0297927,266374,0.63091357,White,1852680,CA,54
CA-55,328518,328518,-0.00256245,0.45047905,0.52549165,0.68329399,0.31670601,0.02862153,0.13320233,0.00804406,0.12525812,0.03010732,250371,-0.07501260,White,3468303,CA,55
CA-56,328395,328395,-0.0029359,0.58078621,0.39606115,0.46411724,0.53588276,0.03060096,0.32000787,0.00781745,0.15589259,0.04301761,254175,0.18472506,Minority,305596,CA,56
CA-57,329226,329226,-0.00041284,0.39248126,0.58585684,0.64356041,0.35643959,0.02589447,0.18842715,0.00515879,0.09920027,0.04681192,258588,-0.19337558,White,142815,CA,57
CA-58,329164,329164,-0.00060109,0.5447376,0.42702086,0.64008179,0.35991821,0.07586952,0.15607168,0.00974556,0.09683057,0.03662879,259195,0.11771674,White,17889757,CA,58
CA-59,329769,329769,0.0012358,0.72634382,0.24824445,0.39101669,0.60898331,0.1182957,0.24703906,0.02067289,0.21663956,0.0372879,260728,0.47809937,Minority,20922201,CA,59
CA-60,329966,329966,0.00183392,0.81423226,0.16667352,0.27769041,0.72230959,0.16058032,0.32249109,0.01103194,0.22270757,0.03666419,260063,0.64755874,Hispanic,8667727,CA,60
CA-61,328433,328433,-0.00282053,0.54422324,0.43536486,0.32340339,0.67659661,0.10552625,0.31337742,0.01476102,0.24522438,0.03564067,246460,0.10885838,Minority,1778663,CA,61
CA-62,329133,329133,-0.00069521,0.66684838,0.3137678,0.47755659,0.52244341,0.03145669,0.09309486,0.00669892,0.38321879,0.0153026,247801,0.35308058,Minority,3908658,CA,62
CA-63,329409,329409,0.00014278,0.89693166,0.08426457,0.45848342,0.54151658,0.07647447,0.17358463,0.00853088,0.27637498,0.02368747,283441,0.81266709,Minority,62864859,CA,63
CA-64,328909,328909,-0.00137531,0.91486495,0.06508954,0.34571717,0.65428283,0.24067136,0.2408913,0.00937035,0.16372145,0.03684813,263704,0.84977541,Minority,32033082,CA,64
CA-65,329141,329141,-0.00067092,0.5543421,0.4212259,0.35179323,0.64820677,0.04494354,0.49387361,0.01498396,0.08244103,0.04749933,239456,0.13311620,Hispanic,1624563,CA,65
CA-66,329924,329924,0.00170641,0.66161165,0.31494633,0.4127836,0.5872164,0.07031931,0.22412918,0.01317125,0.27443201,0.028796,252292,0.34666532,Minority,2432120,CA,66
CA-67,329375,329375,0.00003955,0.76248925,0.21929732,0.35701487,0.64298513,0.0240485,0.20699931,0.0199297,0.3876155,0.0188478,263426,0.54319193,Asian,18521014,CA,67
CA-68,330084,330084,0.00219219,0.82761303,0.15133671,0.42753297,0.57246703,0.03920955,0.21107107,0.01437811,0.29939372,0.01966968,261926,0.67627632,Minority,15834256,CA,68
CA-69,329361,329361,-0.00000296,0.7481636,0.22995511,0.28936359,0.71063641,0.01678146,0.10510941,0.00508105,0.57946525,0.01210052,257427,0.51820849,Asian,25035615,CA,69
CA-70,329748,329748,0.00117204,0.67545949,0.30322202,0.29293611,0.70706389,0.02143098,0.54834463,0.00674416,0.12723705,0.04639655,246139,0.37223747,Hispanic,553853,CA,70
CA-71,329184,329184,-0.00054036,0.58300504,0.39221439,0.57990998,0.42009002,0.02869525,0.31461538,0.00493171,0.05187204,0.0401481,269278,0.19079065,White,263263,CA,71
CA-72,328834,328834,-0.00160302,0.42519719,0.55364209,0.36897948,0.63102052,0.02030564,0.53809722,0.00335779,0.05178388,0.04246622,232891,-0.12844490,Hispanic,662217,CA,72
CA-73,329785,329785,0.00128438,0.62101759,0.3609499,0.14330791,0.85669209,0.03677315,0.69034155,0.00310697,0.12401037,0.0376005,227231,0.26006769,Hispanic,4791061,CA,73
CA-74,329209,329209,-0.00046446,0.55170713,0.4245359,0.17140544,0.82859456,0.05511808,0.71596998,0.00447629,0.0476803,0.03990991,249537,0.12717123,Hispanic,404946,CA,74
CA-75,330165,330165,0.00243812,0.3950261,0.58354175,0.52470055,0.47529945,0.04625388,0.34712975,0.00503237,0.05704153,0.03954006,250379,-0.18851565,White,1068230,CA,75
CA-76,329248,329248,-0.00034605,0.69570801,0.2824916,0.56316306,0.43683694,0.02081162,0.34222124,0.00421501,0.05344408,0.03656522,265717,0.41321641,White,796674,CA,76
CA-77,329341,329341,-0.00006368,0.56338926,0.41886828,0.40055327,0.59944673,0.07088049,0.45672113,0.00472351,0.05487637,0.04270687,250873,0.14452098,Hispanic,2473186,CA,77
CA-78,329237,329237,-0.00037945,0.65589638,0.32252685,0.25439893,0.74560107,0.0322426,0.61362085,0.00617394,0.09217859,0.04624771,246196,0.33336953,Hispanic,3857220,CA,78
CA-79,329763,329763,0.00121758,0.59444592,0.3851009,0.35072734,0.64927266,0.0475318,0.46949126,0.00412162,0.12424086,0.03465819,251600,0.20934502,Hispanic,4786797,CA,79
CA-80,329537,329537,0.00053141,0.62586797,0.35699873,0.10973065,0.89026935,0.02532275,0.34960758,0.00402588,0.51702243,0.02223837,265532,0.26886924,Asian,15030583,CA,80
CA-81,329844,329844,0.00146351,0.71384262,0.26516149,0.24414489,0.75585511,0.05700352,0.5542241,0.00345381,0.14209365,0.03426137,256528,0.44868113,Hispanic,49049656,CA,81
CA-82,330203,330203,0.0025535,0.71806882,0.26134272,0.44103632,0.55896368,0.07880013,0.22459757,0.00364026,0.25097267,0.02430829,267563,0.45672610,Minority,2428853,CA,82
CA-83,329810,329810,0.00136028,0.58995288,0.38851231,0.35535906,0.64464094,0.04910897,0.42076192,0.00519389,0.16901168,0.03527375,263964,0.20144057,Hispanic,11675507,CA,83
CA-84,329897,329897,0.00162443,0.6392958,0.34099593,0.42815783,0.57184217,0.05904692,0.29553539,0.00453455,0.21048812,0.02281187,265958,0.29829987,Minority,19893500,CA,84
CA-85,329010,329010,-0.00106866,0.61649832,0.36212121,0.19009096,0.80990904,0.13877496,0.55872501,0.00566744,0.10971525,0.03795555,239438,0.25437711,Hispanic,14453316,CA,85
CA-86,329807,329807,0.00135117,0.79610279,0.18250304,0.20904425,0.79095575,0.10162511,0.36892986,0.00375955,0.31731347,0.03617985,281151,0.61359975,Hispanic,94806395,CA,86
CA-87,328953,328953,-0.00124172,0.59835716,0.38137,0.18960805,0.81039195,0.06703189,0.5118937,0.00513467,0.22936564,0.03303762,256102,0.21698716,Hispanic,12009955,CA,87
CA-88,328851,328851,-0.00155141,0.77834641,0.20194788,0.64572989,0.35427011,0.05233004,0.13760731,0.00484035,0.1467847,0.01804423,280145,0.57639853,White,30650376,CA,88
CA-89,329159,329159,-0.00061627,0.80870585,0.17290072,0.45456861,0.54543139,0.10027017,0.23944718,0.00432697,0.19444813,0.02294442,278717,0.63580513,Minority,48385727,CA,89
CA-90,328694,328694,-0.00202809,0.69485969,0.28143861,0.10877,0.89123,0.0745054,0.70152849,0.00719453,0.1120388,0.0426695,251163,0.41342108,Hispanic,34787205,CA,90
CA-91,328738,328738,-0.0018945,0.59260702,0.38549476,0.26486274,0.73513726,0.07734423,0.53063393,0.00566566,0.11843551,0.03765619,246573,0.20711226,Hispanic,13511592,CA,91
CA-92,329358,329358,-0.00001207,0.48770172,0.49064073,0.48008355,0.51991645,0.02366288,0.24878217,0.00554203,0.2336738,0.02339076,260915,-0.00293901,Minority,16806976,CA,92
CA-93,329906,329906,0.00165175,0.51765054,0.46057301,0.32248049,0.67751951,0.06657672,0.48542697,0.00756661,0.11373194,0.03467702,253482,0.05707753,Hispanic,9883572,CA,93
CA-94,329963,329963,0.00182482,0.6683312,0.3092923,0.20756833,0.79243167,0.13005328,0.37973215,0.01559692,0.27234272,0.03131415,257679,0.35903890,Hispanic,35508380,CA,94
CA-95,328707,328707,-0.00198862,0.81032336,0.16425473,0.01902641,0.98097359,0.05481032,0.91770986,0.00302382,0.00963971,0.04974988,241086,0.64606863,Hispanic,63624379,CA,95
CA-96,328714,328714,-0.00196736,0.72929625,0.24884762,0.07077159,0.92922841,0.02011654,0.83351485,0.0027148,0.07628466,0.04478027,251584,0.48044863,Hispanic,26044172,CA,96
CA-97,328605,328605,-0.00229831,0.54701616,0.43248377,0.29015967,0.70984033,0.03848631,0.33891836,0.00997967,0.32160518,0.02822173,256221,0.11453239,Hispanic,32485373,CA,97
CA-98,329497,329497,0.00040996,0.62555242,0.35149304,0.23661601,0.76338399,0.03014372,0.56548375,0.00672001,0.16035625,0.03671431,254315,0.27405938,Hispanic,31925920,CA,98
CA-99,329056,329056,-0.00092899,0.49928175,0.47791463,0.58833031,0.41166969,0.01996199,0.22361279,0.00808779,0.14553578,0.02593799,269913,0.02136712,White,21908881,CA,99
CA-100,328789,328789,-0.00173965,0.42857394,0.54998827,0.54472253,0.45527747,0.05205257,0.25700106,0.00885463,0.11903004,0.04316584,249248,-0.12141433,White,780198,CA,100
CA-101,329767,329767,0.00122973,0.51564704,0.45908965,0.53740852,0.46259148,0.04814523,0.30880556,0.01396422,0.08267383,0.03266084,261812,0.05655739,White,4482126,CA,101
CA-102,328709,328709,-0.00198255,0.60450764,0.37330015,0.5850561,0.4149439,0.02368661,0.22967368,0.00520201,0.14471274,0.02193014,252210,0.23120749,White,9613904,CA,102
CA-103,330073,330073,0.0021588,0.63643718,0.33909906,0.36622408,0.63377592,0.12693944,0.36323485,0.01201623,0.13375615,0.03269568,252908,0.29733812,Minority,29778642,CA,103
CA-104,329913,329913,0.00167301,0.6974765,0.28102979,0.13206726,0.86793274,0.10025174,0.60350533,0.0111382,0.16615079,0.03495828,252644,0.41644671,Hispanic,32299810,CA,104
CA-105,328470,328470,-0.00270819,0.74962947,0.22566484,0.61731148,0.38268852,0.0243262,0.263497,0.00775987,0.05809059,0.04428342,262762,0.52396463,White,631309,CA,105
CA-106,329892,329892,0.00160925,0.5099976,0.46568577,0.54201957,0.45798043,0.07063796,0.15390998,0.01341683,0.20373386,0.02936204,255500,0.04431183,White,2332396,CA,106
CA-107,328985,328985,-0.00114456,0.66971379,0.30823811,0.30275537,0.69724463,0.16258502,0.34780122,0.01646684,0.17217672,0.03651627,244795,0.36147568,Hispanic,5144948,CA,107
CA-108,328760,328760,-0.0018277,0.73713614,0.24426366,0.18153864,0.81846136,0.03888694,0.16757863,0.01395222,0.60109124,0.01917846,256590,0.49287248,Asian,13197154,CA,108
CA-109,328979,328979,-0.00116278,0.69015602,0.29217965,0.24048912,0.75951088,0.03741814,0.27089208,0.00783866,0.44463996,0.02553196,257442,0.39797637,Asian,21873656,CA,109
CA-110,329229,329229,-0.00040374,0.43819855,0.54160092,0.36003979,0.63996021,0.04290591,0.49870589,0.0043715,0.08090369,0.04862312,242251,-0.10340237,Hispanic,661437,CA,110
CA-111,328995,328995,-0.0011142,0.70498504,0.27311388,0.33636504,0.66363496,0.03494907,0.51520177,0.01132124,0.10196824,0.04477812,246616,0.43187116,Hispanic,3668171,CA,111
CA-112,329016,329016,-0.00105044,0.61879542,0.35620264,0.19291275,0.80708725,0.16979787,0.58121788,0.00669631,0.0480308,0.04574748,234308,0.26259278,Hispanic,1318163,CA,112
CA-113,329036,329036,-0.00098972,0.75689722,0.22745749,0.67052563,0.32947437,0.06645347,0.15015074,0.00346215,0.09759164,0.01855752,283928,0.52943973,White,31643416,CA,113
CA-114,329207,329207,-0.00047053,0.82904271,0.15147899,0.39635664,0.60364336,0.05082699,0.36427601,0.00405642,0.18124305,0.0304849,283255,0.67756372,Minority,33096691,CA,114
CA-115,328646,328646,-0.00217382,0.60685087,0.37163222,0.20528267,0.79471733,0.08416512,0.63013524,0.00513832,0.0760496,0.03905616,243854,0.23521865,Hispanic,17886874,CA,115
CA-116,329869,329869,0.00153942,0.83687678,0.14138704,0.07288014,0.92711986,0.16090701,0.65549914,0.00247429,0.1128753,0.04656199,255831,0.69548974,Hispanic,80571034,CA,116
CA-117,329369,329369,0.00002133,0.85852435,0.11868482,0.01207185,0.98792815,0.19015889,0.79134203,0.00222986,0.00947472,0.04192135,228714,0.73983953,Hispanic,78320635,CA,117
CA-118,329905,329905,0.00164872,0.43797898,0.54363077,0.45499899,0.54500101,0.07450696,0.35441016,0.00898568,0.09885864,0.03445856,247950,-0.10565179,Minority,4727736,CA,118
CA-119,329664,329664,0.000917,0.51052768,0.47111854,0.68038049,0.31961951,0.01866754,0.1536805,0.00446902,0.12936226,0.01813376,271648,0.03940914,White,12824429,CA,119
CA-120,329587,329587,0.00068321,0.61635987,0.3607288,0.46209106,0.53790894,0.03475422,0.11911753,0.00807734,0.37150727,0.01485487,258501,0.25563107,Minority,9876901,CA,120
CO-1,339838,339838,0.00061174,0.81426191,0.16337342,0.41583436,0.58416564,0.1253825,0.39025925,0.00453952,0.05266081,0.0432245,257516,0.65088849,Minority,12368494,CO,1
CO-2,339256,339256,-0.00110189,0.65579893,0.31958792,0.77591515,0.22408485,0.01210568,0.15577241,0.00232169,0.02936294,0.02415651,273508,0.33621101,White,98000,CO,2
CO-3,340230,340230,0.00176593,0.50314534,0.47172296,0.63434391,0.36565609,0.01950953,0.28400426,0.00262207,0.01404255,0.06291852,269253,0.03142238,White,59074,CO,3
CO-4,339629,339629,-0.00000364,0.30262408,0.66810975,0.69188298,0.30811702,0.05143755,0.19767974,0.00621581,0.02762581,0.03832305,257730,-0.36548567,White,36658,CO,4
CO-5,340253,340253,0.00183366,0.51201381,0.4490971,0.6583425,0.3416575,0.08879649,0.1827538,0.00748019,0.0417675,0.0384003,268175,0.06291671,White,2845556,CO,5
CO-6,339300,339300,-0.00097234,0.59162298,0.38236616,0.68665962,0.31334038,0.07615417,0.12263693,0.00355425,0.09341269,0.02568541,259408,0.20925682,White,10457867,CO,6
CO-7,339547,339547,-0.00024508,0.58558089,0.38639259,0.79998977,0.20001023,0.01616443,0.11517799,0.00235929,0.03901962,0.02891045,273811,0.19918830,White,1767367,CO,7
CO-8,339872,339872,0.00071185,0.66263498,0.31006239,0.43202729,0.56797271,0.18395838,0.29232849,0.00692005,0.07474123,0.03607286,257368,0.35257259,Minority,10627562,CO,8
CO-9,339429,339429,-0.00059251,0.79742321,0.17982183,0.73903721,0.26096279,0.07336122,0.11681883,0.00264294,0.05036184,0.0243463,294747,0.61760138,White,27097977,CO,9
CO-10,339169,339169,-0.00135805,0.70664127,0.27058147,0.74829576,0.25170424,0.02022471,0.12670099,0.0024799,0.07964592,0.02300857,269769,0.43605980,White,6828311,CO,10
CO-11,339949,339949,0.00093856,0.37547951,0.60148376,0.78365891,0.21634109,0.01086708,0.15299351,0.00249943,0.01421339,0.03518686,266861,-0.22600425,White,57340,CO,11
CO-12,340467,340467,0.00246375,0.3933365,0.5784986,0.66853756,0.33146244,0.01815348,0.2605387,0.00259506,0.02567956,0.0342341,250861,-0.18516210,White,277923,CO,12
CO-13,338826,338826,-0.00236797,0.35157237,0.61703435,0.77953281,0.22046719,0.04329511,0.09950218,0.00450967,0.04396546,0.03020792,262547,-0.26546198,White,234687,CO,13
CO-14,339379,339379,-0.00073973,0.44856641,0.52723432,0.80948382,0.19051618,0.02045608,0.08190791,0.00298484,0.06338202,0.02106897,251270,-0.07866791,White,1505666,CO,14
CO-15,338936,338936,-0.00204409,0.57683701,0.3954159,0.73981535,0.26018465,0.02226259,0.16357941,0.00238306,0.04598352,0.03256968,273598,0.18142111,White,12672541,CO,15
CO-16,339748,339748,0.00034674,0.58205176,0.38744168,0.45941119,0.54058881,0.03070733,0.44007576,0.00316064,0.04701398,0.04611094,250266,0.19461008,Minority,6681623,CO,16
CO-17,339886,339886,0.00075307,0.56535311,0.40416302,0.80746314,0.19253686,0.01772522,0.10878089,0.00271174,0.03521958,0.02737387,272888,0.16119009,White,1812802,CO,17
CT-1,328308,328308,0.00150973,0.76704036,0.2198473,0.39452285,0.60547715,0.29800859,0.23994004,0.00197277,0.07271675,0.01594914,257506,0.54719306,Minority,7747985,CT,1
CT-2,327313,327313,-0.00152554,0.6081481,0.37617377,0.67597497,0.32402503,0.10200421,0.15425538,0.00127953,0.06405252,0.01368256,262597,0.23197433,White,4838349,CT,2
CT-3,327849,327849,0.00010954,0.55417117,0.427664,0.80293587,0.19706413,0.05484784,0.07317231,0.00093601,0.05313943,0.01446248,262818,0.12650717,White,2628930,CT,3
CT-4,327196,327196,-0.00188245,0.50431114,0.47331836,0.81087525,0.18912475,0.04390012,0.07810125,0.0016033,0.0415197,0.02283093,265079,0.03099278,White,907037,CT,4
CT-5,327936,327936,0.00037494,0.58483725,0.39757032,0.82111594,0.17888406,0.04739266,0.07327835,0.00225998,0.04003286,0.01838092,269029,0.18726693,White,1622708,CT,5
CT-6,326912,326912,-0.00274879,0.52244609,0.46316786,0.6243663,0.3756337,0.12729711,0.21015177,0.00199177,0.0315704,0.0163694,255049,0.05927823,White,5812994,CT,6
CT-7,328640,328640,0.0025225,0.67354091,0.31519391,0.51384925,0.48615075,0.23256983,0.18905443,0.00161042,0.06581559,0.01788475,264527,0.35834700,White,9575608,CT,7
CT-8,327437,327437,-0.00114727,0.52534231,0.46112075,0.77605209,0.22394791,0.07097674,0.09413669,0.00092321,0.0448914,0.01042502,263213,0.06422156,White,3423807,CT,8
CT-9,328491,328491,0.00206797,0.71420517,0.27362227,0.45945191,0.54054809,0.21474626,0.27098849,0.00167294,0.04752326,0.01522965,254044,0.44058290,Minority,12320753,CT,9
CT-10,327265,327265,-0.00167196,0.63998429,0.3447681,0.68339026,0.31660974,0.072132,0.15253391,0.00107868,0.07928327,0.01023152,250305,0.29521619,White,4234822,CT,10
CT-11,328597,328597,0.00239133,0.49801992,0.48688194,0.75681355,0.24318645,0.04373727,0.12579793,0.00112805,0.03863654,0.01553988,265060,0.01113798,White,1056428,CT,11
DE-1,330197,330197,0.00064953,0.65000656,0.33372874,0.6715893,0.3284107,0.1527292,0.08384603,0.00101602,0.08092544,0.0152403,266727,0.31627782,White,7151751,DE,1
DE-2,330071,330071,0.00026769,0.69335791,0.29290391,0.44143655,0.55856345,0.40915409,0.09889475,0.00163551,0.04446363,0.02143584,252521,0.40045400,Minority,2804787,DE,2
DE-3,329680,329680,-0.00091722,0.43467677,0.5528799,0.75152008,0.24847992,0.12977922,0.07782591,0.0014113,0.01916419,0.02326567,264295,-0.11820313,White,873180,DE,3
FL-1,330855,330855,-0.00151137,0.42014215,0.55936174,0.66969208,0.33030792,0.18935723,0.06388996,0.00373816,0.04688626,0.02827127,263766,-0.13921959,White,6371849,FL,1
FL-2,331362,331362,0.00001871,0.2690128,0.71010855,0.74109536,0.25890464,0.11299892,0.06900778,0.00409292,0.03954029,0.036385,257029,-0.44109575,White,598844,FL,2
FL-3,331775,331775,0.00126511,0.25292259,0.73321632,0.77931886,0.22068114,0.10380081,0.06000549,0.00235552,0.02490226,0.02903759,265759,-0.48029373,White,373727,FL,3
FL-4,330718,330718,-0.00192482,0.26030771,0.72847849,0.7979529,0.2020471,0.10104031,0.05428025,0.00181021,0.01712251,0.02695948,268477,-0.46817078,White,179701,FL,4
FL-5,331276,331276,-0.00024083,0.64203906,0.34381444,0.53733291,0.46266709,0.33249931,0.07821511,0.00157081,0.03962555,0.01718541,267378,0.29822462,White,1135391,FL,5
FL-6,332227,332227,0.0026292,0.60715405,0.3771878,0.60022342,0.39977658,0.19611446,0.12140576,0.00152497,0.06713898,0.01742505,272137,0.22996625,White,1080438,FL,6
FL-7,330933,330933,-0.00127597,0.58129107,0.40393275,0.43045411,0.56954589,0.43336948,0.0851892,0.0024586,0.04013997,0.02010573,251769,0.17735832,Black,3256134,FL,7
FL-8,330944,330944,-0.00124277,0.57710449,0.40547139,0.46282604,0.53717396,0.33796582,0.1272183,0.00282969,0.0628732,0.01813818,262926,0.17163310,Minority,10622941,FL,8
FL-9,331459,331459,0.00031145,0.40335115,0.58098974,0.68742123,0.31257877,0.11676943,0.09660853,0.0032677,0.07810036,0.01913455,265018,-0.17763859,White,4599495,FL,9
FL-10,332289,332289,0.00281631,0.3079699,0.67814636,0.72533708,0.27466292,0.12170528,0.0866756,0.00308547,0.04223045,0.02421859,251501,-0.37017646,White,1070324,FL,10
FL-11,330393,330393,-0.00290564,0.37833315,0.61020946,0.79795529,0.20204471,0.07152717,0.07814727,0.00168136,0.03143795,0.01729125,265857,-0.23187631,White,1297365,FL,11
FL-12,331219,331219,-0.00041285,0.41526413,0.57304688,0.76989852,0.23010148,0.10944856,0.07290503,0.00140634,0.02613159,0.01877862,280159,-0.15778275,White,1828314,FL,12
FL-13,331165,331165,-0.00057582,0.40826538,0.57853866,0.68400117,0.31599883,0.09974759,0.17509916,0.00214475,0.0230363,0.0235584,266232,-0.17027328,White,1581504,FL,13
FL-14,331107,331107,-0.00075085,0.34826631,0.64179559,0.73745633,0.26254367,0.09424701,0.1258715,0.00178353,0.0216603,0.02169347,271372,-0.29352928,White,938904,FL,14
FL-15,331791,331791,0.00131339,0.26211687,0.72700674,0.75079754,0.24920246,0.15850839,0.05689666,0.0016613,0.01139447,0.02007561,264251,-0.46488987,White,253433,FL,15
FL-16,330445,330445,-0.00274871,0.50756131,0.47828588,0.58851843,0.41148157,0.13008369,0.20494566,0.00219773,0.06727826,0.01840982,258449,0.02927543,White,4729839,FL,16
FL-17,331886,331886,0.00160009,0.54944924,0.43527952,0.63182938,0.36817062,0.11514792,0.19041428,0.00213237,0.05202391,0.01774764,271529,0.11416972,White,12125028,FL,17
FL-18,330918,330918,-0.00132124,0.62144957,0.36715177,0.24580758,0.75419242,0.15691334,0.57098263,0.00298329,0.04093632,0.0194329,253076,0.25429780,Hispanic,4572283,FL,18
FL-19,331366,331366,0.00003078,0.53635295,0.44895599,0.46703665,0.53296335,0.11963195,0.3423419,0.00289086,0.06982936,0.02021697,262898,0.08739696,Minority,858593,FL,19
FL-20,331025,331025,-0.00099832,0.62178245,0.36507414,0.2561617,0.7438383,0.14536699,0.54942124,0.00339753,0.06160717,0.01942678,254597,0.25670831,Hispanic,9873942,FL,20
FL-21,330581,330581,-0.00233827,0.55442694,0.43299147,0.49001917,0.50998083,0.11591225,0.25497861,0.00281455,0.09511213,0.01509229,254037,0.12143547,Minority,6183892,FL,21
FL-22,331363,331363,0.00002173,0.70692024,0.28206389,0.24523616,0.75476384,0.48363799,0.22412531,0.00263536,0.0393264,0.01711582,250061,0.42485635,Black,6727978,FL,22
FL-23,331623,331623,0.00080638,0.37087439,0.61659977,0.77857601,0.22142399,0.0492249,0.13018034,0.00164743,0.02088096,0.02200371,272545,-0.24572538,White,4640501,FL,23
FL-24,332221,332221,0.00261109,0.39687481,0.59351805,0.68789944,0.31210056,0.10228284,0.15871911,0.00183505,0.02996758,0.02151442,268657,-0.19664324,White,1124679,FL,24
FL-25,331522,331522,0.00050158,0.31875332,0.67326273,0.83183581,0.16816419,0.06691579,0.06613253,0.00121113,0.01556871,0.01627607,289812,-0.35450941,White,1084340,FL,25
FL-26,331108,331108,-0.00074784,0.39141806,0.59593611,0.71115451,0.28884549,0.07491562,0.15404811,0.00171827,0.04172272,0.02015791,260146,-0.20451805,White,2171236,FL,26
FL-27,332054,332054,0.0021071,0.58934513,0.39614841,0.68368178,0.31631822,0.17087262,0.0830647,0.00160823,0.04428653,0.01654989,282298,0.19319672,White,14261925,FL,27
FL-28,331841,331841,0.00146429,0.43728713,0.55008474,0.7693998,0.2306002,0.06263533,0.09806913,0.00184011,0.0470426,0.01951593,279874,-0.11279761,White,14632789,FL,28
FL-29,330903,330903,-0.00136651,0.44813154,0.53905628,0.78054531,0.21945469,0.0578291,0.1043431,0.00192047,0.0388467,0.01698905,274412,-0.09092474,White,8413745,FL,29
FL-30,330918,330918,-0.00132124,0.54659791,0.43932187,0.47092262,0.52907738,0.21936046,0.26341639,0.00245763,0.04614274,0.01984647,253496,0.10727604,Minority,5633471,FL,30
FL-31,331234,331234,-0.00036758,0.61901324,0.36554243,0.45892743,0.54107257,0.2391761,0.26040343,0.00217213,0.04122152,0.01700374,265177,0.25347081,Minority,15615600,FL,31
FL-32,331448,331448,0.00027825,0.51682463,0.46963774,0.43377065,0.56622935,0.11796303,0.38672418,0.00206214,0.06162174,0.01620907,263803,0.04718689,Minority,11597966,FL,32
FL-33,330426,330426,-0.00280605,0.49493289,0.49013654,0.52315342,0.47684658,0.1567761,0.22832801,0.00211128,0.08156282,0.02182308,254822,0.00479635,White,4045006,FL,33
FL-34,331911,331911,0.00167554,0.514651,0.47296122,0.5037069,0.4962931,0.19887674,0.26692408,0.00190167,0.02333305,0.02120766,259246,0.04168978,White,3787419,FL,34
FL-35,331763,331763,0.00122889,0.33737138,0.64901974,0.69134604,0.30865396,0.09452593,0.17028998,0.00162192,0.02629359,0.02237941,259569,-0.31164836,White,1753492,FL,35
FL-36,331168,331168,-0.00056676,0.34832026,0.64058327,0.66034533,0.33965467,0.09901928,0.19741117,0.0017282,0.02778975,0.01988391,259808,-0.29226301,White,353778,FL,36
FL-37,332199,332199,0.0025447,0.3839289,0.60567605,0.76394673,0.23605327,0.06948524,0.1221197,0.0013333,0.0256798,0.01576221,273756,-0.22174715,White,762623,FL,37
FL-38,331139,331139,-0.00065428,0.41327072,0.572221,0.7656699,0.2343301,0.08369089,0.0884124,0.00249039,0.03896981,0.02027365,273853,-0.15895028,White,4180603,FL,38
FL-39,330976,330976,-0.0011462,0.41529043,0.57232604,0.72091122,0.27908878,0.11247709,0.12137307,0.00154681,0.02667326,0.01845173,272820,-0.15703561,White,1586542,FL,39
FL-40,331656,331656,0.00090597,0.50277438,0.48649425,0.71935573,0.28064427,0.07928178,0.15975052,0.00109704,0.02435068,0.0153082,278021,0.01628013,White,10339898,FL,40
FL-41,331440,331440,0.00025411,0.38060241,0.61000981,0.86401148,0.13598852,0.03674829,0.06055856,0.00119835,0.01868244,0.01463104,287061,-0.22940740,White,2151230,FL,41
FL-42,332018,332018,0.00199846,0.35994055,0.63268638,0.77282182,0.22717818,0.04205986,0.15073977,0.00109172,0.01773157,0.01459911,280291,-0.27274583,White,1695292,FL,42
FL-43,330586,330586,-0.00232318,0.45031318,0.54133775,0.57015653,0.42984347,0.14003456,0.25308541,0.00122844,0.02436279,0.01669076,262121,-0.09102457,White,3636268,FL,43
FL-44,331806,331806,0.00135866,0.36910858,0.62358248,0.8312167,0.1687833,0.02293322,0.11284015,0.00100495,0.01945849,0.00985869,293548,-0.25447390,White,2730193,FL,44
FL-45,332005,332005,0.00195922,0.48641617,0.50558997,0.58720655,0.41279345,0.1975323,0.17629372,0.00193317,0.0236785,0.01680543,266402,-0.01917380,White,2420348,FL,45
FL-46,331802,331802,0.00134659,0.40805053,0.58320495,0.79535325,0.20464675,0.04286857,0.11875029,0.00123826,0.0274663,0.01466004,276193,-0.17515442,White,2082983,FL,46
FL-47,332154,332154,0.00240889,0.64747177,0.34303609,0.40848079,0.59151921,0.31255302,0.24606108,0.00199218,0.03147346,0.02052024,264032,0.30443568,Minority,11352909,FL,47
FL-48,331356,331356,0.0000006,0.60462341,0.38788442,0.49205654,0.50794346,0.14754283,0.32620425,0.0016999,0.03131705,0.01480483,267075,0.21673899,Minority,18730894,FL,48
FL-49,331933,331933,0.00174193,0.55943836,0.43242437,0.65436628,0.34563372,0.15971249,0.13526859,0.00122291,0.03264416,0.00954795,280479,0.12701399,White,15948114,FL,49
FL-50,331242,331242,-0.00034344,0.52520252,0.46736896,0.5693607,0.4306393,0.15085807,0.20187848,0.00143012,0.04682669,0.01121289,258720,0.05783356,White,886639,FL,50
FL-51,331162,331162,-0.00058487,0.57875701,0.41371609,0.55350259,0.44649741,0.18462746,0.19680912,0.00144389,0.02613684,0.01243963,279108,0.16504092,White,19959052,FL,51
FL-52,332258,332258,0.00272275,0.83948673,0.15327123,0.15005164,0.84994836,0.64721553,0.17953934,0.00240971,0.02880312,0.01024128,255632,0.68621550,Black,29798841,FL,52
FL-53,331512,331512,0.0004714,0.63260071,0.3595419,0.41601345,0.58398655,0.23067776,0.27565042,0.00177012,0.06233525,0.01018975,259869,0.27305881,Minority,20696929,FL,53
FL-54,331026,331026,-0.0009953,0.60628842,0.38598327,0.2426913,0.7573087,0.19632562,0.48780574,0.00154343,0.0780197,0.00968864,254628,0.22030515,Hispanic,1552671,FL,54
FL-55,330768,330768,-0.00177392,0.60010507,0.39159184,0.37966413,0.62033587,0.17069878,0.39042744,0.00207104,0.06031573,0.01513042,262187,0.20851323,Hispanic,18772044,FL,55
FL-56,330985,330985,-0.00111904,0.56249879,0.43012792,0.47493121,0.52506879,0.12473349,0.35946571,0.00139585,0.02816845,0.01021557,274385,0.13237087,Minority,22465351,FL,56
FL-57,331041,331041,-0.00095004,0.75868364,0.23419974,0.06436419,0.93563581,0.49150624,0.44876606,0.00132194,0.0218411,0.00866046,257954,0.52448390,Black,31706637,FL,57
FL-58,330428,330428,-0.00280001,0.80224686,0.1897603,0.05300481,0.94699519,0.51554707,0.45485703,0.0011916,0.01227696,0.01050315,257637,0.61248656,Black,29557093,FL,58
FL-59,332106,332106,0.00226403,0.59811769,0.39348409,0.28188556,0.71811444,0.06399955,0.62002217,0.00120052,0.02863194,0.01117301,282377,0.20463360,Hispanic,49079858,FL,59
FL-60,330932,330932,-0.00127899,0.57268381,0.41931703,0.19529327,0.80470673,0.1700828,0.60909663,0.00105478,0.03515943,0.00989101,258821,0.15336678,Hispanic,17727081,FL,60
FL-61,331000,331000,-0.00107377,0.38277908,0.61054567,0.06662077,0.93337923,0.03034867,0.90221304,0.00065617,0.01548987,0.00653299,278892,-0.22776659,Hispanic,35489440,FL,61
FL-62,331886,331886,0.00160009,0.34446391,0.64997699,0.04352537,0.95647463,0.02999869,0.93543554,0.0007636,0.0097523,0.00490524,275012,-0.30551308,Hispanic,29646331,FL,62
FL-63,330644,330644,-0.00214814,0.41962045,0.57384497,0.08623663,0.91376337,0.04056475,0.8596425,0.00058103,0.02406277,0.00657637,270210,-0.15422452,Hispanic,24497618,FL,63
FL-64,330768,330768,-0.00177392,0.41295578,0.57875598,0.40650971,0.59349029,0.08063583,0.48355492,0.0008734,0.02112455,0.01439745,257615,-0.16580020,Hispanic,418711,FL,64
FL-65,332111,332111,0.00227912,0.49109047,0.50027613,0.27456,0.72544,0.12461859,0.58575456,0.00132647,0.02231022,0.0165016,258581,-0.00918566,Hispanic,594025,FL,65
GA-1,335175,335175,0.0012782,0.55316103,0.43202081,0.5301275,0.4698725,0.341549,0.06938535,0.00262988,0.04439962,0.01787631,262750,0.12114022,White,1496744,GA,1
GA-2,335526,335526,0.00232676,0.62385113,0.36595349,0.37865482,0.62134518,0.52579219,0.05894747,0.00361934,0.02820055,0.01624622,257229,0.25789764,Black,472537,GA,2
GA-3,334365,334365,-0.00114153,0.31517783,0.67454835,0.67166299,0.32833701,0.25778006,0.03815162,0.00116932,0.01379648,0.01894074,259124,-0.35937052,White,271082,GA,3
GA-4,335014,335014,0.00079724,0.87454434,0.11395769,0.35498822,0.64501178,0.51925464,0.05140215,0.0012716,0.06915946,0.01311107,265806,0.76058665,Black,12314782,GA,4
GA-5,335371,335371,0.00186372,0.63511369,0.35409674,0.34669224,0.65330776,0.57219512,0.05587943,0.00103386,0.01824386,0.01593635,254387,0.28101695,Black,2028993,GA,5
GA-6,334013,334013,-0.00219307,0.68364854,0.30458093,0.32685824,0.67314176,0.49553131,0.14227442,0.00152667,0.02860119,0.02129385,251528,0.37906761,Black,4512746,GA,6
GA-7,334232,334232,-0.00153885,0.36450965,0.62090512,0.65943918,0.34056082,0.06326831,0.0852514,0.00109545,0.17181239,0.01662116,242823,-0.25639547,White,4359430,GA,7
GA-8,335000,335000,0.00075542,0.30846783,0.68159516,0.63273615,0.36726385,0.27344175,0.05885735,0.00123637,0.02030949,0.01687601,253970,-0.37312733,White,265485,GA,8
GA-9,333841,333841,-0.00270689,0.49451674,0.49029933,0.47427296,0.52572704,0.17702513,0.14241599,0.00157188,0.19778186,0.01717524,251292,0.00421741,Minority,8047688,GA,9
GA-10,334129,334129,-0.00184654,0.472514,0.51196218,0.63512558,0.36487442,0.22527975,0.07269667,0.00245934,0.04914845,0.01936349,260232,-0.03944818,White,730958,GA,10
GA-11,335106,335106,0.00107208,0.2888326,0.69802671,0.72055778,0.27944222,0.15724824,0.08118518,0.00124667,0.0158483,0.02675769,251068,-0.40919411,White,1157345,GA,11
GA-12,334543,334543,-0.00060979,0.61393233,0.3751996,0.41099938,0.58900062,0.51776818,0.04020278,0.00233892,0.02154468,0.01493485,262942,0.23873273,Black,334442,GA,12
GA-13,334064,334064,-0.00204072,0.66959947,0.31897385,0.28316875,0.71683125,0.56023268,0.10586495,0.00126334,0.04786711,0.0176828,250130,0.35062562,Black,4381012,GA,13
GA-14,334246,334246,-0.00149703,0.22799092,0.75988977,0.79841307,0.20158693,0.10795799,0.05655387,0.00085959,0.01086348,0.02560482,257100,-0.53189885,White,570675,GA,14
GA-15,335349,335349,0.001798,0.36053518,0.62685523,0.63043563,0.36956437,0.26454248,0.0689144,0.00363221,0.01939388,0.02152404,256318,-0.26632005,White,222632,GA,15
GA-16,334915,334915,0.0005015,0.56092826,0.42807992,0.42668278,0.57331722,0.48573166,0.05287052,0.00146809,0.0254688,0.01499851,258159,0.13284834,Black,641694,GA,16
GA-17,335203,335203,0.00136185,0.38268409,0.60853514,0.56405457,0.43594543,0.33987536,0.06792013,0.00149128,0.01409263,0.01734991,254814,-0.22585105,White,262367,GA,17
GA-18,334957,334957,0.00062697,0.27988475,0.70938485,0.67731058,0.32268942,0.24008249,0.05444885,0.00134884,0.0126152,0.01723089,256516,-0.42950010,White,229166,GA,18
GA-19,335074,335074,0.00097648,0.64872483,0.34159636,0.32492966,0.67507034,0.54402358,0.07744425,0.00140478,0.04727706,0.01847913,253421,0.30712847,Black,2948163,GA,19
GA-20,335399,335399,0.00194737,0.59379185,0.39637665,0.39122266,0.60877734,0.52824827,0.05519153,0.0015094,0.0153574,0.0169808,254405,0.19741520,Black,1790738,GA,20
GA-21,334350,334350,-0.00118634,0.90401967,0.08466864,0.23704361,0.76295639,0.66041391,0.05925446,0.00147694,0.04260295,0.01414328,271507,0.81935103,Black,12209716,GA,21
GA-22,335555,335555,0.00241339,0.80079748,0.18774293,0.25098534,0.74901466,0.53149609,0.1426171,0.00127378,0.07334118,0.02014046,258286,0.61305455,Black,11182898,GA,22
GA-23,335359,335359,0.00182787,0.29222494,0.69860157,0.67733661,0.32266339,0.25240479,0.04366873,0.0009851,0.01167435,0.01654189,258858,-0.40637663,White,251957,GA,23
GA-24,335108,335108,0.00107805,0.24619317,0.74021666,0.7695873,0.2304127,0.11639262,0.06348832,0.00108988,0.02858863,0.02157328,254157,-0.49402349,White,573005,GA,24
GA-25,335302,335302,0.00165759,0.23150775,0.75584782,0.73398198,0.26601802,0.05700331,0.16538103,0.00092535,0.02064575,0.02639753,260441,-0.52434007,White,711232,GA,25
GA-26,335514,335514,0.00229091,0.20938902,0.77870793,0.80501493,0.19498507,0.02459613,0.13001684,0.00101447,0.01268662,0.03256642,261220,-0.56931891,White,581542,GA,26
GA-27,334077,334077,-0.00200188,0.30212794,0.68105345,0.78634123,0.21365877,0.06688322,0.09056605,0.00127348,0.03025791,0.02394144,255206,-0.37892551,White,1933170,GA,27
GA-28,333949,333949,-0.00238426,0.45953932,0.52288986,0.66819121,0.33180879,0.15742582,0.0798261,0.0013023,0.07385269,0.01855968,256470,-0.06335054,White,7825189,GA,28
GA-29,333967,333967,-0.00233049,0.6760436,0.30803353,0.52691077,0.47308923,0.25276872,0.12551674,0.00140715,0.07620464,0.01762214,274314,0.36801007,White,13415692,GA,29
GA-30,334414,334414,-0.00099515,0.5618799,0.42440832,0.5873383,0.4126617,0.15474481,0.10285684,0.00137107,0.14126959,0.01394997,263298,0.13747158,White,10323100,GA,30
GA-31,334790,334790,0.00012808,0.63700458,0.34987755,0.28144845,0.71855155,0.2425065,0.30869165,0.00162797,0.16583854,0.02450434,247548,0.28712703,Hispanic,13617224,GA,31
GA-32,334001,334001,-0.00222892,0.63792293,0.34980981,0.33849074,0.66150926,0.41871772,0.15707783,0.00157172,0.08379498,0.02046498,244955,0.28811312,Black,7071660,GA,32
HI-1,363383,363383,-0.00119497,0.67720518,0.30595757,0.1812016,0.8187984,0.03066514,0.05883289,0.16196872,0.65750294,0.01736232,301515,0.37124761,Asian,21604843,HI,1
HI-2,365465,365465,0.00452768,0.6674892,0.30859636,0.36065534,0.63934466,0.01605424,0.08900534,0.25998017,0.40558432,0.03241347,288522,0.35889284,Asian,297354,HI,2
HI-3,363193,363193,-0.00171721,0.63862291,0.34325294,0.20611382,0.79388618,0.02638699,0.07505786,0.20917999,0.63277275,0.02153879,291242,0.29536997,Asian,8124117,HI,3
HI-4,363230,363230,-0.00161551,0.54960395,0.42959275,0.20720179,0.79279821,0.03794615,0.10133054,0.29015097,0.53526614,0.02646872,274626,0.12001120,Asian,1511564,HI,4
IA-1,319058,319058,0.00006614,0.53183646,0.44531843,0.76097629,0.23902371,0.0753431,0.09103255,0.00145085,0.05232347,0.01835919,237102,0.08651803,White,2248016,IA,1
IA-2,319130,319130,0.00029182,0.54023327,0.43921524,0.8360475,0.1639525,0.04603487,0.05267026,0.00135846,0.04707952,0.01320886,242186,0.10101803,White,470723,IA,2
IA-3,319711,319711,0.00211292,0.46865869,0.50924425,0.83262532,0.16737468,0.06165623,0.06268065,0.00096344,0.02236649,0.0190981,245993,-0.04058556,White,397970,IA,3
IA-4,319928,319928,0.00279309,0.50813285,0.46906455,0.82405076,0.17594924,0.05832748,0.05569542,0.00770281,0.04239703,0.01445855,253414,0.03906830,White,384182,IA,4
IA-5,318366,318366,-0.00210289,0.50403498,0.47250373,0.86718434,0.13281566,0.05494806,0.03166907,0.00216083,0.02224147,0.01855294,244813,0.03153125,White,289324,IA,5
IA-6,318816,318816,-0.0006924,0.52250153,0.45760393,0.83683202,0.16316798,0.04928966,0.05128605,0.00227645,0.04203224,0.01395474,249951,0.06489760,White,253794,IA,6
IA-7,318998,318998,-0.00012193,0.3420185,0.63934252,0.91524468,0.08475532,0.01374733,0.03760868,0.00133317,0.00907711,0.01763164,243029,-0.29732402,White,105318,IA,7
IA-8,318328,318328,-0.002222,0.31171079,0.67156476,0.8583803,0.1416197,0.02404792,0.07987628,0.00299296,0.0164613,0.01830376,239896,-0.35985397,White,121088,IA,8
IA-9,318453,318453,-0.0018302,0.33381004,0.64998408,0.88557824,0.11442176,0.01829432,0.06430841,0.00333141,0.014191,0.01281374,246142,-0.31617404,White,93859,IA,9
IA-10,319581,319581,0.00170545,0.41843765,0.56288286,0.92665716,0.07334284,0.02338666,0.02232841,0.00325555,0.00927792,0.01188721,247577,-0.14444521,White,160244,IA,10
ID-1,307315,307315,0.00260126,0.30246074,0.66988308,0.88619792,0.11380208,0.00651402,0.03945826,0.00339211,0.01750513,0.03650263,240558,-0.36742234,White,108599,ID,1
ID-2,307018,307018,0.00163231,0.25252769,0.71967977,0.83741142,0.16258858,0.01068109,0.09351581,0.00409506,0.01719499,0.03415659,235650,-0.46715208,White,22364,ID,2
ID-3,306075,306075,-0.00144418,0.28366823,0.68253153,0.82087217,0.17912783,0.00894258,0.11116787,0.00347486,0.0166425,0.04116903,217275,-0.39886330,White,101357,ID,3
ID-4,306489,306489,-0.00009352,0.22033582,0.75220881,0.76481435,0.23518565,0.00874489,0.17715753,0.00324488,0.01568206,0.0303789,221272,-0.53187299,White,64595,ID,4
ID-5,306227,306227,-0.00094829,0.3329985,0.63610727,0.75490472,0.24509528,0.01244102,0.17131125,0.0053176,0.02622051,0.03073049,220400,-0.30310877,White,5883843,ID,5
ID-6,305982,305982,-0.00174759,0.55502714,0.41183691,0.81651433,0.18348567,0.02214761,0.07900682,0.00538871,0.04656677,0.025928,241245,0.14319023,White,3729020,ID,6
IL-1,328269,328269,-0.00078181,0.76518738,0.22188013,0.30289373,0.69710627,0.53791553,0.13886431,0.00101909,0.01646338,0.01540479,253168,0.54330725,Black,12396952,IL,1
IL-2,328055,328055,-0.00143321,0.80884985,0.17919287,0.24794338,0.75205662,0.5477089,0.19110402,0.00117634,0.01096602,0.02015569,253328,0.62965698,Black,5636628,IL,2
IL-3,328673,328673,0.00044792,0.73403559,0.24905396,0.301492,0.698508,0.05170446,0.61505139,0.00187287,0.03721337,0.04239522,254156,0.48498163,Hispanic,39043999,IL,3
IL-4,328614,328614,0.00026833,0.79126458,0.19033468,0.13823582,0.86176418,0.06155574,0.67415208,0.00139367,0.12749447,0.05209495,247548,0.60092990,Hispanic,45888509,IL,4
IL-5,329118,329118,0.00180246,0.82095234,0.1599975,0.74773456,0.25226544,0.06047704,0.07815383,0.00125772,0.1022395,0.00971811,291003,0.66095484,White,96289378,IL,5
IL-6,327645,327645,-0.00268121,0.51042669,0.47208677,0.7939823,0.2060177,0.04080179,0.07529096,0.00099856,0.07828278,0.00977664,258371,0.03833992,White,8136385,IL,6
IL-7,328150,328150,-0.00114404,0.88371494,0.10098953,0.25912717,0.74087283,0.50328601,0.12424018,0.00137945,0.11222888,0.01327113,267498,0.78272541,Black,43656238,IL,7
IL-8,328621,328621,0.00028964,0.58792996,0.39288658,0.67408584,0.32591416,0.0320124,0.13707974,0.00091852,0.14714078,0.01413429,258025,0.19504338,White,9396666,IL,8
IL-9,328314,328314,-0.00064484,0.86557206,0.11764669,0.52861936,0.47138064,0.1758871,0.14634431,0.00177767,0.13906243,0.01975834,274517,0.74792537,White,64917005,IL,9
IL-10,329169,329169,0.0019577,0.66671188,0.31427551,0.50455419,0.49544581,0.13046443,0.28564592,0.00220531,0.06799384,0.02727331,250758,0.35243637,White,6207323,IL,10
IL-11,328353,328353,-0.00052613,0.61363225,0.36363225,0.68679468,0.31320532,0.0664902,0.08553779,0.00111345,0.14737209,0.01178042,252368,0.25000000,White,11776489,IL,11
IL-12,329139,329139,0.00186638,0.29824715,0.684732,0.85829236,0.14170764,0.0716047,0.02586803,0.00108312,0.01567445,0.02302197,260360,-0.38648485,White,200875,IL,12
IL-13,327968,327968,-0.00169803,0.55680785,0.42117389,0.63496339,0.36503661,0.27236853,0.04667667,0.0017486,0.02364946,0.02127861,253917,0.13563396,White,3546931,IL,13
IL-14,328788,328788,0.00079797,0.54238752,0.43707619,0.63740043,0.36259957,0.04290311,0.24972181,0.00119309,0.0575456,0.02559323,248933,0.10531133,White,3900105,IL,14
IL-15,328844,328844,0.00096843,0.27318107,0.70720806,0.91790979,0.08209021,0.02836047,0.02282964,0.00109613,0.00703608,0.01886195,259093,-0.43402699,White,130829,IL,15
IL-16,328442,328442,-0.00025522,0.39171646,0.58573973,0.85181087,0.14818913,0.03778371,0.07412963,0.0007676,0.01331021,0.0187886,256645,-0.19402327,White,273978,IL,16
IL-17,328673,328673,0.00044792,0.4762715,0.50272044,0.79825457,0.20174543,0.07527543,0.08591356,0.00160926,0.01999195,0.01970569,258504,-0.02644894,White,291780,IL,17
IL-18,328891,328891,0.00111149,0.77072752,0.21694716,0.32785646,0.67214354,0.54547217,0.10896491,0.00089192,0.01558913,0.01421636,257872,0.55378036,Black,24745726,IL,18
IL-19,328507,328507,-0.00005737,0.93913155,0.04771552,0.07749425,0.92250575,0.77922037,0.11445104,0.00130779,0.03319494,0.01575253,253864,0.89141603,Black,37383358,IL,19
IL-20,329197,329197,0.00204293,0.80888618,0.1706975,0.52326775,0.47673225,0.05920577,0.28727081,0.00170789,0.12586182,0.0253702,269923,0.63818868,White,60327416,IL,20
IL-21,328224,328224,-0.00091879,0.70601204,0.27596109,0.26678751,0.73321249,0.05190982,0.66299644,0.00111862,0.01757545,0.0520323,244944,0.43005095,Hispanic,29162961,IL,21
IL-22,328431,328431,-0.0002887,0.54281262,0.44198613,0.68781042,0.31218958,0.02402072,0.15015796,0.0010632,0.13193168,0.01502529,263356,0.10082649,White,18449700,IL,22
IL-23,328503,328503,-0.00006954,0.63279444,0.34949107,0.49147478,0.50852522,0.15728622,0.23322562,0.00101085,0.10866406,0.02000585,246328,0.28330337,Minority,8002286,IL,23
IL-24,328522,328522,-0.00001171,0.77948921,0.20491893,0.44120305,0.55879695,0.35663561,0.16159917,0.00106423,0.03738903,0.01662474,255583,0.57457028,Minority,18728991,IL,24
IL-25,329115,329115,0.00179333,0.58248019,0.39859091,0.55860541,0.44139459,0.04569288,0.20105496,0.00129419,0.18527757,0.02114242,254985,0.18388928,White,8654446,IL,25
IL-26,329085,329085,0.00170201,0.66475009,0.3202431,0.65491116,0.34508884,0.03243173,0.10351686,0.00121771,0.20035787,0.01078317,255398,0.34450699,White,13130844,IL,26
IL-27,328350,328350,-0.00053526,0.58386668,0.39605312,0.6800381,0.3199619,0.0274972,0.16013168,0.00136662,0.11915318,0.01753695,248789,0.18781356,White,5313270,IL,27
IL-28,328651,328651,0.00038096,0.56000552,0.42011088,0.63385542,0.36614458,0.04489546,0.18753898,0.00118544,0.12277392,0.01816505,258133,0.13989464,White,11056833,IL,28
IL-29,327801,327801,-0.00220636,0.31454465,0.66409493,0.88428687,0.11571313,0.05457667,0.02317922,0.0010628,0.0096353,0.02109255,256868,-0.34955028,White,348827,IL,29
IL-30,328328,328328,-0.00060222,0.43363276,0.54475847,0.79489347,0.20510653,0.13866867,0.02248618,0.00089212,0.02176936,0.01845409,256691,-0.11112571,White,578263,IL,30
IL-31,328778,328778,0.00076753,0.56503653,0.41340931,0.56646459,0.43353541,0.0836826,0.30152513,0.00113512,0.03732994,0.02731348,240504,0.15162722,White,2137616,IL,31
IL-32,328069,328069,-0.00139059,0.23462496,0.74816614,0.91802136,0.08197864,0.02989676,0.01945236,0.00094206,0.00958799,0.0174826,256884,-0.51354118,White,153562,IL,32
IL-33,328706,328706,0.00054837,0.36008748,0.61947045,0.8806982,0.1193018,0.02338328,0.06419808,0.00082783,0.00975349,0.01783956,254883,-0.25938297,White,207241,IL,33
IL-34,328535,328535,0.00002786,0.44788859,0.52717347,0.80276538,0.19723462,0.10950778,0.03534378,0.00096568,0.02982168,0.01863166,253708,-0.07928488,White,875481,IL,34
IL-35,328544,328544,0.00005526,0.43856729,0.54367795,0.79665562,0.20334438,0.05194278,0.10512392,0.00061516,0.02952765,0.01617508,248716,-0.10511066,White,1892775,IL,35
IL-36,329197,329197,0.00204293,0.32314603,0.65628043,0.82895575,0.17104425,0.08246109,0.05540134,0.00098299,0.01068314,0.01868861,254326,-0.33313440,White,193992,IL,36
IL-37,327622,327622,-0.00275122,0.4817708,0.497325,0.8081321,0.1918679,0.01917731,0.11471643,0.00104237,0.03682265,0.01862059,253268,-0.01555420,White,3373948,IL,37
IL-38,328492,328492,-0.00010302,0.53212131,0.44551539,0.6599143,0.3400857,0.13789461,0.15006469,0.00101681,0.03343211,0.02331544,252751,0.08660592,White,1261065,IL,38
IL-39,328125,328125,-0.00122014,0.6015489,0.36864264,0.66795444,0.33204556,0.13188844,0.06952103,0.00120682,0.11418466,0.0168499,263503,0.23290626,White,1454647,IL,39
IN-1,323254,323254,0.00041353,0.5631406,0.42103116,0.58222852,0.41777148,0.18272649,0.19636052,0.00090867,0.02490633,0.02289685,249816,0.14210944,White,6348919,IN,1
IN-2,322600,322600,-0.00161049,0.31294667,0.66988083,0.80094116,0.19905884,0.04142228,0.12589774,0.00084093,0.01189197,0.0206538,235453,-0.35693416,White,775362,IN,2
IN-3,323320,323320,0.00061779,0.47055712,0.50664792,0.70884136,0.29115864,0.14048804,0.07820635,0.00138816,0.05198791,0.02064523,242768,-0.03609080,White,3643179,IN,3
IN-4,322890,322890,-0.00071299,0.39488663,0.58456538,0.79128057,0.20871943,0.03974741,0.07864022,0.01166388,0.06615337,0.01893601,252746,-0.18967875,White,580567,IN,4
IN-5,323227,323227,0.00032997,0.47517711,0.50483275,0.80169819,0.19830181,0.05557325,0.04579167,0.00106137,0.0789191,0.01330531,235545,-0.02965564,White,6676670,IN,5
IN-6,322723,322723,-0.00122982,0.32946893,0.65064792,0.87152493,0.12847507,0.05121095,0.04216235,0.00099795,0.01123383,0.02041654,253520,-0.32117899,White,526977,IN,6
IN-7,323373,323373,0.00078181,0.59486313,0.38504994,0.60310239,0.39689761,0.21876437,0.09075253,0.00157297,0.06866636,0.02200953,247938,0.20981319,White,9448934,IN,7
IN-8,322936,322936,-0.00057063,0.38797351,0.59469536,0.8684392,0.1315608,0.06536776,0.02642857,0.0022366,0.01674461,0.01806424,250827,-0.20672185,White,617389,IN,8
IN-9,323712,323712,0.00183096,0.35739393,0.6233823,0.86334944,0.13665056,0.05282055,0.04603986,0.00120483,0.01325317,0.02246354,249827,-0.26598837,White,659814,IN,9
IN-10,323059,323059,-0.00018996,0.54499102,0.43752451,0.63267245,0.36732755,0.22468125,0.11174418,0.00097049,0.01277007,0.01914297,247297,0.10746651,White,1200999,IN,10
IN-11,323296,323296,0.00054351,0.27561284,0.70320069,0.86346863,0.13653137,0.03615511,0.06173963,0.00077346,0.01355968,0.02173738,248236,-0.42758785,White,355384,IN,11
IN-12,323436,323436,0.00097678,0.24246523,0.73668549,0.93118923,0.06881077,0.00990921,0.02714083,0.00098762,0.00995467,0.01742997,241997,-0.49422026,White,362770,IN,12
IN-13,322811,322811,-0.00095748,0.30002898,0.67947497,0.89269546,0.10730454,0.0376882,0.02962887,0.00110603,0.01407312,0.0199085,252254,-0.37944599,White,273011,IN,13
IN-14,323214,323214,0.00028973,0.33803469,0.63863683,0.86462781,0.13537219,0.0491056,0.0313989,0.00110873,0.02981617,0.01917402,242620,-0.30060214,White,903745,IN,14
IN-15,323229,323229,0.00033616,0.32208023,0.65647153,0.87852459,0.12147541,0.05909743,0.02892442,0.00076745,0.01034662,0.01916631,251483,-0.33439130,White,644859,IN,15
IN-16,322680,322680,-0.0013629,0.60461771,0.37737865,0.56631666,0.43368334,0.29108723,0.09434064,0.0015957,0.03314593,0.01961141,241900,0.22723906,White,7885185,IN,16
IN-17,322142,322142,-0.00302791,0.2439566,0.73715132,0.93116592,0.06883408,0.0157796,0.02274167,0.00094387,0.00636912,0.01865962,247915,-0.49319472,White,234205,IN,17
IN-18,322923,322923,-0.00061086,0.24557654,0.73573707,0.91211101,0.08788899,0.01384345,0.02842507,0.00102858,0.02202368,0.01970433,247915,-0.49016053,White,313315,IN,18
IN-19,323695,323695,0.00177834,0.52429361,0.45904082,0.7304486,0.2695514,0.1425212,0.07567434,0.00143332,0.02814731,0.02104061,250468,0.06525279,White,1960657,IN,19
IN-20,323340,323340,0.00067968,0.70862184,0.27368062,0.49229989,0.50770011,0.32550333,0.14284381,0.0011812,0.02769524,0.01905342,246360,0.43494122,Minority,9556540,IN,20
IN-21,323668,323668,0.00169478,0.45084928,0.52980702,0.84655096,0.15344904,0.03424797,0.03800637,0.00113026,0.05723247,0.01905403,255694,-0.07895774,White,1083424,IN,21
KS-1,326473,326473,0.00012832,0.23584543,0.74304567,0.88721916,0.11278084,0.0216159,0.04610618,0.00217878,0.01140961,0.02967138,250140,-0.50720024,White,40637,KS,1
KS-2,325969,325969,-0.00141565,0.24208848,0.73865094,0.72068202,0.27931798,0.02311403,0.21620461,0.00149523,0.01370072,0.03062733,242104,-0.49656246,White,40468,KS,2
KS-3,325664,325664,-0.00234999,0.32176044,0.6558861,0.83400432,0.16599568,0.03109112,0.06829549,0.00169468,0.02802417,0.03664222,241934,-0.33412566,White,416237,KS,3
KS-4,327095,327095,0.00203378,0.26893992,0.7100263,0.86771091,0.13228909,0.02658175,0.04163768,0.00221082,0.00977076,0.0496294,250134,-0.44108638,White,86063,KS,4
KS-5,326663,326663,0.00071038,0.48280449,0.48995453,0.72753209,0.27246791,0.09325014,0.11495938,0.00401862,0.03273772,0.03510859,253072,-0.00715004,White,375114,KS,5
KS-6,326749,326749,0.00097383,0.56123291,0.41425732,0.76866614,0.23133386,0.06275087,0.08439944,0.00181104,0.04635952,0.03572114,250132,0.14697559,White,1660654,KS,6
KS-7,327199,327199,0.00235238,0.55217931,0.42910145,0.79571371,0.20428629,0.04364986,0.05907557,0.00121228,0.07766512,0.01937653,251593,0.12307786,White,6699072,KS,7
KS-8,325826,325826,-0.00185372,0.53826662,0.43955421,0.59894443,0.40105557,0.1555009,0.17952982,0.00273178,0.03767543,0.03318987,242333,0.09871241,White,1811701,KS,8
KS-9,326242,326242,-0.00057933,0.52494446,0.44925722,0.59316023,0.40683977,0.14135811,0.17023972,0.00266668,0.0604662,0.04455086,247874,0.07568724,White,8935547,KS,9
KY-1,322710,322710,0.00268629,0.27967949,0.70527403,0.83008863,0.16991137,0.09815843,0.03504519,0.00165458,0.01130297,0.02259,250819,-0.42559454,White,244227,KY,1
KY-2,322415,322415,0.0017697,0.33846329,0.64270685,0.83848462,0.16151538,0.08176688,0.03401483,0.00269933,0.02099117,0.02181483,245246,-0.30424356,White,442593,KY,2
KY-3,322742,322742,0.00278572,0.30160865,0.68224208,0.84135139,0.15864861,0.07387556,0.03827064,0.00269403,0.02385392,0.01903622,247213,-0.38063343,White,272182,KY,3
KY-4,321774,321774,-0.00022193,0.20128786,0.78594044,0.91205901,0.08794099,0.03499651,0.02382038,0.00084698,0.00587241,0.0193838,247939,-0.58465258,White,213349,KY,4
KY-5,320940,320940,-0.00281324,0.28292294,0.69979736,0.89706259,0.10293741,0.04204549,0.02539163,0.00102103,0.00966932,0.02131156,245829,-0.41687442,White,470758,KY,5
KY-6,321466,321466,-0.00117892,0.64305108,0.33887751,0.53249675,0.46750325,0.34283141,0.08093088,0.00205175,0.02685445,0.02120003,247594,0.30417357,White,8038486,KY,6
KY-7,322304,322304,0.00142482,0.61861995,0.36281791,0.73895407,0.26104593,0.13538016,0.05921266,0.00138171,0.04916635,0.01626785,259100,0.25580204,White,10266181,KY,7
KY-8,322038,322038,0.00059834,0.38026117,0.60103822,0.83219422,0.16780578,0.07113075,0.04989495,0.00120997,0.02433022,0.02014438,244634,-0.22077705,White,624228,KY,8
KY-9,321223,321223,-0.00193394,0.38579379,0.59378257,0.86940641,0.13059359,0.05065831,0.03550612,0.00229346,0.0181535,0.02036606,247225,-0.20798878,White,3159101,KY,9
KY-10,321666,321666,-0.0005575,0.27130166,0.71339942,0.92402356,0.07597644,0.02388343,0.01798488,0.00081472,0.01076649,0.01881589,245484,-0.44209776,White,322344,KY,10
KY-11,321291,321291,-0.00172265,0.2043393,0.78365778,0.95462642,0.04537358,0.01415042,0.00925204,0.00048904,0.00449283,0.01550224,251512,-0.57931848,White,201611,KY,11
KY-12,321554,321554,-0.00090549,0.1558485,0.83188254,0.93882688,0.06117312,0.01853951,0.0136505,0.00066558,0.00500599,0.02095578,247903,-0.67603404,White,241058,KY,12
KY-13,321143,321143,-0.0021825,0.37443959,0.60569864,0.866544,0.133456,0.05892988,0.03497304,0.00410195,0.01626719,0.02046556,248906,-0.23125905,White,581983,KY,13
KY-14,322570,322570,0.0022513,0.59326584,0.38542635,0.70676553,0.29323447,0.15195131,0.07520354,0.00121416,0.04716381,0.01924981,254496,0.20783949,White,4250113,KY,14
LA-1,332789,332789,0.00027674,0.25196007,0.73300721,0.6725715,0.3274285,0.19863906,0.0660701,0.00112353,0.01767877,0.04737101,251884,-0.48104714,White,216963,LA,1
LA-2,332369,332369,-0.00098567,0.83400893,0.14719475,0.36179238,0.63820762,0.52669722,0.07607274,0.00116914,0.03611216,0.01518382,266863,0.68681418,Black,17089223,LA,2
LA-3,333198,333198,0.00150609,0.57550511,0.40882091,0.39113659,0.60886341,0.4311905,0.12297501,0.00123376,0.04635629,0.01931185,254507,0.16668420,Black,2635967,LA,3
LA-4,332575,332575,-0.00036649,0.59969659,0.38131479,0.44890482,0.55109518,0.46165997,0.05652043,0.0010097,0.02450442,0.01260599,261463,0.21838180,Black,821410,LA,4
LA-5,333249,333249,0.00165938,0.58230713,0.40021916,0.38949221,0.61050779,0.5310623,0.04845375,0.00088604,0.01991234,0.01409428,255068,0.18208797,Black,416273,LA,5
LA-6,332272,332272,-0.00127722,0.37200257,0.60910338,0.6191169,0.3808831,0.2982544,0.04886959,0.00090242,0.02058462,0.01422398,251547,-0.23710081,White,1073727,LA,6
LA-7,332123,332123,-0.00172508,0.24862095,0.7369239,0.7198186,0.2801814,0.20944559,0.03652869,0.00100068,0.01972533,0.01422562,249831,-0.48830295,White,238713,LA,7
LA-8,332450,332450,-0.0007422,0.6051902,0.37978054,0.36381771,0.63618229,0.57239875,0.0378942,0.00102922,0.01308574,0.01667408,251648,0.22540966,Black,389836,LA,8
LA-9,332020,332020,-0.00203467,0.25069806,0.73277872,0.68608466,0.31391534,0.2175017,0.05253381,0.00226813,0.01814507,0.02476212,250867,-0.48208066,White,245383,LA,9
LA-10,332922,332922,0.00067651,0.28276003,0.7019506,0.67836631,0.32163369,0.23054773,0.038566,0.00154482,0.01846779,0.03266689,256988,-0.41919057,White,179148,LA,10
LA-11,333386,333386,0.00207117,0.2398475,0.74605344,0.68887476,0.31112524,0.2411553,0.03471201,0.00100213,0.01242723,0.02152441,256453,-0.50620594,White,171705,LA,11
LA-12,333473,333473,0.00233267,0.30232138,0.6780328,0.68046707,0.31953293,0.12195441,0.14070953,0.00111116,0.03952878,0.01967788,260089,-0.37571142,White,3596374,LA,12
LA-13,332724,332724,0.00008137,0.2601125,0.72329745,0.71709073,0.28290927,0.18945352,0.05559168,0.00111238,0.01332117,0.02249832,255308,-0.46318495,White,608727,LA,13
LA-14,332207,332207,-0.0014726,0.21064681,0.7701289,0.76436911,0.23563089,0.1295599,0.05864969,0.00092327,0.02421865,0.01934428,248032,-0.55948209,White,1741493,LA,14
MA-1,334607,334607,-0.00045093,0.70298037,0.27281587,0.84110011,0.15889989,0.03779794,0.05163278,0.00114432,0.04910605,0.01602397,281391,0.43016450,White,563959,MA,1
MA-2,335249,335249,0.00146687,0.63123609,0.34630052,0.54130865,0.45869135,0.13456286,0.29705864,0.00265827,0.03487587,0.01944794,260696,0.28493557,White,7707619,MA,2
MA-3,333815,333815,-0.00281682,0.52629688,0.44682762,0.87332776,0.12667224,0.02504972,0.05812843,0.00121178,0.02124338,0.01638509,269025,0.07946926,White,818887,MA,3
MA-4,334776,334776,0.00005391,0.54181481,0.43153199,0.86022088,0.13977912,0.03111216,0.04704427,0.00092502,0.03886576,0.0119237,265941,0.11028282,White,2622949,MA,4
MA-5,335398,335398,0.00191197,0.63249627,0.34286931,0.60491383,0.39508617,0.12085477,0.1908123,0.00152692,0.06764469,0.01589042,267205,0.28962696,White,6513021,MA,5
MA-6,335602,335602,0.00252137,0.63348306,0.33927963,0.75906493,0.24093507,0.03325774,0.06534361,0.00114144,0.08946223,0.01152854,262826,0.29420343,White,2302940,MA,6
MA-7,335347,335347,0.00175962,0.64939203,0.32700403,0.80356981,0.19643019,0.03039067,0.0351378,0.00083283,0.10765824,0.0074046,264160,0.32238800,White,5087519,MA,7
MA-8,334727,334727,-0.00009246,0.60771779,0.37300659,0.4884539,0.5115461,0.08835747,0.32292056,0.00223709,0.11015756,0.01466839,259265,0.23471120,Minority,11434726,MA,8
MA-9,335576,335576,0.0024437,0.59068761,0.38632103,0.83468631,0.16531369,0.03133402,0.07661788,0.00096579,0.03692738,0.00980703,268175,0.20436658,White,3832181,MA,9
MA-10,334593,334593,-0.00049275,0.67727378,0.30107442,0.72083128,0.27916872,0.06804789,0.16075515,0.00127503,0.04176575,0.01436189,267444,0.37619936,White,6083146,MA,10
MA-11,334535,334535,-0.00066601,0.74333927,0.2327191,0.70048437,0.29951563,0.04982514,0.08844046,0.00102111,0.114578,0.00962391,267355,0.51062017,White,6700416,MA,11
MA-12,334421,334421,-0.00100656,0.73309819,0.24416406,0.77484657,0.22515343,0.04243351,0.04667419,0.00099421,0.11996635,0.00642793,261515,0.48893413,White,7120332,MA,12
MA-13,333882,333882,-0.00261667,0.84338272,0.13637292,0.65121562,0.34878438,0.07151557,0.07066194,0.00147867,0.18866637,0.00831128,279981,0.70700980,White,23548074,MA,13
MA-14,333795,333795,-0.00287656,0.71253463,0.2691493,0.51530752,0.48469248,0.10505111,0.21797096,0.00131949,0.11706733,0.01326899,269802,0.44338533,White,30809740,MA,14
MA-15,334282,334282,-0.00142178,0.85053655,0.13379448,0.31964699,0.68035301,0.41500092,0.2005916,0.00233486,0.08833808,0.01614132,266397,0.71674207,Black,41837722,MA,15
MA-16,334673,334673,-0.00025377,0.80195744,0.17481424,0.62245466,0.37754534,0.07072972,0.12898279,0.00156,0.16967515,0.00921093,301924,0.62714320,White,63795649,MA,16
MA-17,334536,334536,-0.00066302,0.58750125,0.39005808,0.81121497,0.18878503,0.08067927,0.03702387,0.00105923,0.04756699,0.00995676,264343,0.19744317,White,2893846,MA,17
MA-18,334742,334742,-0.00004765,0.61532385,0.36221324,0.77116418,0.22883582,0.04127385,0.03273417,0.00108411,0.13478103,0.00763686,270268,0.25311061,White,5580420,MA,18
MA-19,335333,335333,0.0017178,0.59392804,0.38450628,0.64021282,0.35978718,0.2276404,0.05951452,0.00133677,0.03509297,0.01148938,264070,0.20942176,White,3460338,MA,19
MA-20,334351,334351,-0.00121566,0.55210223,0.42863886,0.77632761,0.22367239,0.07108054,0.09913698,0.00143153,0.01938526,0.01603012,268245,0.12346337,White,3457608,MA,20
MA-21,335677,335677,0.00274541,0.61532003,0.36363509,0.86810836,0.13189164,0.03756147,0.03143164,0.00135357,0.01711345,0.01409965,283695,0.25168494,White,1581431,MA,21
MD-1,324587,324587,-0.00133271,0.42170747,0.55462449,0.71278567,0.28721433,0.19897733,0.04917212,0.00135637,0.02240701,0.01807974,259517,-0.13291702,White,420161,MD,1
MD-2,324783,324783,-0.00072967,0.5976027,0.37382785,0.68325652,0.31674348,0.17412904,0.05141384,0.00103109,0.07954226,0.01255273,256040,0.22377485,White,3178925,MD,2
MD-3,324297,324297,-0.00222496,0.5601863,0.41169668,0.57703796,0.42296204,0.25570248,0.08414081,0.00234517,0.06718588,0.02294857,252434,0.14848962,White,7307004,MD,3
MD-4,325561,325561,0.00166403,0.89668319,0.07891727,0.13460265,0.86539735,0.50014367,0.31243665,0.0018038,0.0584639,0.03293533,250582,0.81776592,Black,21964167,MD,4
MD-5,324763,324763,-0.00079121,0.63037028,0.3465948,0.46424296,0.53575704,0.41750747,0.05818355,0.00238636,0.04606231,0.02614108,248077,0.28377548,Minority,1259546,MD,5
MD-6,324750,324750,-0.0008312,0.33897497,0.63606966,0.83072448,0.16927552,0.09136741,0.03789518,0.00126609,0.01985438,0.01870236,263015,-0.29709469,White,640609,MD,6
MD-7,324388,324388,-0.00194498,0.87788102,0.10116611,0.32903717,0.67096283,0.52917048,0.07776127,0.00117687,0.05817718,0.0168114,262560,0.77671491,Black,27961430,MD,7
MD-8,324949,324949,-0.00021893,0.85122978,0.12594838,0.48106305,0.51893695,0.21665191,0.1860145,0.00161564,0.1099795,0.01907657,250674,0.72528140,Minority,22348287,MD,8
MD-9,325273,325273,0.00077793,0.37013737,0.60228862,0.83027846,0.16972154,0.07378924,0.03691823,0.00135393,0.03567844,0.01917938,254075,-0.23215125,White,1062180,MD,9
MD-10,325372,325372,0.00108252,0.663855,0.31059143,0.45553203,0.54446797,0.43167491,0.04920286,0.00131972,0.05441498,0.01574633,254599,0.35326357,Minority,3590679,MD,10
MD-11,325636,325636,0.00189478,0.53891156,0.43288808,0.76064174,0.23935826,0.11746719,0.06501598,0.00195779,0.03596291,0.018871,251815,0.10602348,White,2536643,MD,11
MD-12,324484,324484,-0.00164961,0.84196916,0.13546239,0.21074014,0.78925986,0.54333046,0.15840164,0.00158989,0.08979675,0.02037694,250332,0.70650677,Black,9332076,MD,12
MD-13,324601,324601,-0.00128964,0.92680796,0.05692179,0.06289971,0.93710029,0.82227207,0.08967845,0.00171838,0.02965955,0.01738208,257219,0.86988617,Black,5922004,MD,13
MD-14,325647,325647,0.00192863,0.58649132,0.38503528,0.63923072,0.36076928,0.13393806,0.11071577,0.0016195,0.1011805,0.01909881,247607,0.20145604,White,1673734,MD,14
MD-15,324904,324904,-0.00035739,0.80335611,0.17491804,0.31805225,0.68194775,0.56447343,0.05875669,0.00140966,0.0517201,0.01610371,256090,0.62843807,Black,20813740,MD,15
MD-16,325676,325676,0.00201785,0.77631595,0.19936085,0.46163892,0.53836108,0.12577417,0.17621522,0.00168585,0.22537012,0.01523204,252691,0.57695510,Minority,12184634,MD,16
MD-17,325627,325627,0.00186709,0.50811084,0.46755663,0.59994731,0.40005269,0.26252235,0.07095468,0.00168854,0.04462461,0.02592291,250512,0.04055421,White,5482940,MD,17
MD-18,324571,324571,-0.00138194,0.67988886,0.29115956,0.54105714,0.45894286,0.1832579,0.06661683,0.001673,0.19734503,0.01531965,247460,0.38872930,White,4545807,MD,18
MD-19,325534,325534,0.00158095,0.74182328,0.23283586,0.37387706,0.62612294,0.23878865,0.21252646,0.00204879,0.1677891,0.01955959,249903,0.50898742,Minority,6453566,MD,19
ME-1,340865,340865,0.00080816,0.68909585,0.28452015,0.89082593,0.10917407,0.03534374,0.02244132,0.00112829,0.0284494,0.01458597,280955,0.40457570,White,1461193,ME,1
ME-2,340336,340336,-0.00074503,0.52856611,0.44186145,0.93111324,0.06888676,0.01023997,0.01418752,0.00103977,0.0120291,0.02218661,278907,0.08670466,White,262441,ME,2
ME-3,340204,340204,-0.00113259,0.46937859,0.4990351,0.9181672,0.0818328,0.02274258,0.01404299,0.00097153,0.01218826,0.02237826,271737,-0.02965651,White,376472,ME,3
ME-4,340954,340954,0.00106947,0.41336627,0.55910226,0.9265385,0.0734615,0.01075099,0.01284804,0.00099466,0.01203292,0.03029955,278486,-0.14573599,White,45328,ME,4
MI-1,335460,335460,-0.00134123,0.40378357,0.58036099,0.88262168,0.11737832,0.02204421,0.01394262,0.00099173,0.00977515,0.06472525,274267,-0.17657742,White,61029,MI,1
MI-2,335792,335792,-0.00035287,0.43354587,0.55077588,0.90727707,0.09272293,0.01040425,0.03130871,0.00114783,0.00816765,0.03319837,270947,-0.11723001,White,247174,MI,2
MI-3,335706,335706,-0.00060889,0.31221967,0.67311243,0.93196073,0.06803927,0.00930549,0.01872863,0.00077209,0.00591934,0.02498621,271990,-0.36089276,White,116467,MI,3
MI-4,336217,336217,0.00091235,0.34705906,0.63546847,0.88547973,0.11452027,0.03210538,0.03767268,0.00081905,0.00970786,0.02801012,264940,-0.28840941,White,271968,MI,4
MI-5,336082,336082,0.00051045,0.54970606,0.43034514,0.74743385,0.25256615,0.13474757,0.07596563,0.00114431,0.016507,0.02488215,263040,0.11936092,White,2127429,MI,5
MI-6,335793,335793,-0.00034989,0.55750215,0.4236597,0.69911939,0.30088061,0.1203703,0.11338503,0.00114197,0.05260535,0.01965293,254822,0.13384245,White,4977489,MI,6
MI-7,336339,336339,0.00127554,0.3797531,0.60250901,0.8310077,0.1689923,0.02532229,0.09115477,0.00112084,0.03171144,0.0181013,256059,-0.22275591,White,1327881,MI,7
MI-8,335114,335114,-0.00237127,0.35366493,0.62673992,0.89235092,0.10764908,0.03074565,0.03544553,0.00082916,0.01367914,0.01994695,254475,-0.27307499,White,579538,MI,8
MI-9,336894,336894,0.00292776,0.57195996,0.40968357,0.74171218,0.25828782,0.14132773,0.06068835,0.00106792,0.02838378,0.0253936,262192,0.16227639,White,1217753,MI,9
MI-10,336126,336126,0.00064144,0.36633343,0.61597928,0.85946522,0.14053478,0.0478763,0.04458665,0.00095469,0.01570444,0.02480657,260818,-0.24964585,White,429847,MI,10
MI-11,335972,335972,0.00018299,0.35775757,0.62541113,0.89126922,0.10873078,0.02691401,0.04109003,0.00062441,0.0083444,0.02530946,264249,-0.26765356,White,522298,MI,11
MI-12,335791,335791,-0.00035585,0.75163474,0.23514038,0.6757802,0.3242198,0.13591788,0.05180611,0.0017047,0.11629386,0.01755221,275122,0.51649436,White,2743278,MI,12
MI-13,336759,336759,0.00252587,0.41457605,0.56901927,0.88394401,0.11605599,0.04555338,0.02667064,0.00092866,0.01337118,0.0225332,264898,-0.15444322,White,829451,MI,13
MI-14,335190,335190,-0.00214502,0.52986442,0.45061467,0.75553315,0.24446685,0.12582343,0.06037601,0.00115819,0.0323524,0.02562642,259888,0.07924975,White,1071690,MI,14
MI-15,335108,335108,-0.00238913,0.54478155,0.43878093,0.80306568,0.19693432,0.06971159,0.04870917,0.0012786,0.05282664,0.02130262,269826,0.10600062,White,1136097,MI,15
MI-16,336275,336275,0.00108501,0.47916722,0.50508291,0.78961101,0.21038899,0.11083633,0.05954177,0.00086594,0.01677425,0.02023044,264453,-0.02591569,White,1022047,MI,16
MI-17,335399,335399,-0.00152283,0.57055034,0.41496529,0.68644361,0.31355639,0.2345473,0.03566156,0.00081128,0.01461835,0.02595315,260084,0.15558505,White,2487970,MI,17
MI-18,336248,336248,0.00100463,0.31866764,0.6662466,0.91171356,0.08828644,0.0194398,0.03199946,0.00058715,0.00688391,0.02170182,265692,-0.34757896,White,301984,MI,18
MI-19,335553,335553,-0.00106437,0.35137358,0.63649405,0.87643814,0.12356186,0.04361274,0.02749268,0.00067766,0.02803784,0.01673715,264143,-0.28512047,White,2312822,MI,19
MI-20,335478,335478,-0.00128764,0.40179845,0.5829064,0.88720261,0.11279739,0.02002183,0.03208894,0.00057867,0.03133282,0.01961677,259217,-0.18110795,White,2015048,MI,20
MI-21,335106,335106,-0.00239508,0.5406356,0.4451198,0.75258318,0.24741682,0.05790976,0.04236822,0.00076785,0.12584583,0.01550831,270887,0.09551580,White,8706244,MI,21
MI-22,336747,336747,0.00249015,0.52318979,0.46215412,0.72933828,0.27066172,0.19792226,0.02393179,0.00088485,0.02404656,0.02053676,270101,0.06103567,White,13438252,MI,22
MI-23,336314,336314,0.00120111,0.54350479,0.44294352,0.77513951,0.22486049,0.09549006,0.02470681,0.00087089,0.08442103,0.01534662,273285,0.10056127,White,14366813,MI,23
MI-24,335497,335497,-0.00123108,0.57000912,0.41837817,0.69716086,0.30283914,0.11322927,0.02923601,0.00082966,0.14265213,0.01155912,267581,0.15163095,White,7255648,MI,24
MI-25,336611,336611,0.00208528,0.59372717,0.39269137,0.65886576,0.34113424,0.20114789,0.03496076,0.00092389,0.08136268,0.0216756,265183,0.20103580,White,7104657,MI,25
MI-26,336221,336221,0.00092425,0.50466995,0.48062384,0.74818424,0.25181576,0.11898854,0.0790248,0.00112175,0.02307707,0.02794931,264765,0.02404611,White,6379134,MI,26
MI-27,336392,336392,0.00143332,0.78403405,0.20690752,0.3447202,0.6552798,0.56434962,0.04828646,0.00089356,0.03512641,0.01386349,262993,0.57712653,Black,10879846,MI,27
MI-28,336208,336208,0.00088555,0.74299115,0.24524728,0.37363704,0.62636296,0.56984919,0.02887261,0.00084954,0.01690113,0.01603601,256610,0.49774387,Black,14110660,MI,28
MI-29,335703,335703,-0.00061782,0.78721138,0.20145167,0.51822609,0.48177391,0.36078298,0.04446121,0.00102191,0.06406809,0.01349976,246597,0.58575971,White,16485829,MI,29
MI-30,335232,335232,-0.00201998,0.81668676,0.17327482,0.287573,0.712427,0.57682131,0.1079984,0.00105294,0.02188855,0.01791166,255476,0.64341194,Black,14358765,MI,30
MN-1,335243,335243,-0.00128976,0.48174756,0.49408309,0.86499696,0.13500304,0.03801482,0.03606752,0.00109296,0.04067024,0.01432387,259846,-0.01233553,White,335316,MN,1
MN-2,336357,336357,0.00202892,0.56747562,0.40829529,0.78757165,0.21242835,0.05885249,0.06810975,0.00129208,0.06391444,0.01652518,253855,0.15918033,White,2652813,MN,2
MN-3,335533,335533,-0.00042583,0.51704533,0.45775979,0.77878002,0.22121998,0.07420166,0.06458511,0.00172243,0.05955123,0.01835032,254873,0.05928554,White,1194111,MN,3
MN-4,335071,335071,-0.00180216,0.78587233,0.19102608,0.5663023,0.4336977,0.15969924,0.08410159,0.00190323,0.16985239,0.02520312,255881,0.59484625,White,17139491,MN,4
MN-5,335575,335575,-0.00030071,0.86990155,0.10822529,0.60681784,0.39318216,0.21089191,0.09737339,0.00168556,0.05773998,0.03481859,264600,0.76167626,White,25849714,MN,5
MN-6,335222,335222,-0.00135232,0.68973654,0.28594366,0.7386569,0.2613431,0.08348638,0.05513182,0.0013144,0.10239184,0.01896389,273889,0.40379288,White,9294278,MN,6
MN-7,336352,336352,0.00201402,0.53453509,0.44201232,0.80632892,0.19367108,0.05679691,0.03896186,0.00143965,0.07473904,0.01731947,252144,0.09252277,White,2729267,MN,7
MN-8,336626,336626,0.00283029,0.61384673,0.35957755,0.63754647,0.36245353,0.17789082,0.06457836,0.00137742,0.0983917,0.02239092,255550,0.25426918,White,10817691,MN,8
MN-9,335283,335283,-0.0011706,0.57893698,0.39860204,0.82676493,0.17323507,0.0539714,0.03267901,0.00106713,0.0681225,0.01301438,258637,0.18033494,White,3088549,MN,9
MN-10,335965,335965,0.00086112,0.6632097,0.31392718,0.76375637,0.23624363,0.07212353,0.05993539,0.00131784,0.08414224,0.0158668,265586,0.34928252,White,7725033,MN,10
MN-11,335179,335179,-0.00148042,0.36186635,0.6126727,0.87539032,0.12460968,0.05068951,0.02720774,0.00109349,0.02295122,0.01636191,246915,-0.25080635,White,699098,MN,11
MN-12,335365,335365,-0.00092631,0.36444172,0.61274571,0.87658494,0.12341506,0.02399683,0.06275761,0.0019667,0.01785728,0.01324085,254742,-0.24830399,White,139115,MN,12
MN-13,336152,336152,0.00141821,0.35061322,0.62778648,0.86774773,0.13225227,0.02122616,0.06900187,0.00210874,0.02140453,0.0176746,252283,-0.27717326,White,96947,MN,13
MN-14,335074,335074,-0.00179322,0.31898435,0.66152347,0.91909696,0.08090304,0.01397216,0.02455771,0.00089019,0.0085265,0.0268606,258371,-0.34253912,White,100004,MN,14
MN-15,336241,336241,0.00168335,0.33574511,0.64122797,0.90694514,0.09305486,0.01853309,0.01926911,0.00094632,0.0199662,0.02497819,256784,-0.30548286,White,244508,MN,15
MN-16,336016,336016,0.00101306,0.3628956,0.61628719,0.89854059,0.10145941,0.01823287,0.02834153,0.00119222,0.01053972,0.03955309,257502,-0.25339159,White,54711,MN,16
MN-17,335237,335237,-0.00130763,0.5277123,0.44906627,0.8785411,0.1214589,0.02085794,0.01441855,0.00120715,0.01181364,0.06658768,267572,0.07864603,White,52543,MN,17
MO-1,324319,324319,0.00116135,0.82710205,0.15651489,0.44690978,0.55309022,0.4447194,0.0433453,0.0011634,0.04940106,0.01786411,263881,0.67058716,Minority,16407270,MO,1
MO-2,324407,324407,0.001433,0.77841959,0.20616091,0.33205993,0.66794007,0.59278666,0.03822212,0.00105357,0.02139715,0.01935032,248678,0.57225868,Black,8029671,MO,2
MO-3,323585,323585,-0.00110448,0.57757767,0.40560315,0.85102016,0.14897984,0.05238992,0.02749166,0.00096238,0.04672771,0.01602424,258733,0.17197452,White,10978263,MO,3
MO-4,324146,324146,0.0006273,0.51426986,0.46995601,0.78956426,0.21043574,0.06026739,0.03071258,0.0007876,0.09858035,0.01426743,253935,0.04431385,White,4994971,MO,4
MO-5,323867,323867,-0.00023396,0.41934578,0.56189481,0.84403314,0.15596686,0.05744314,0.03449518,0.00129491,0.03535054,0.02117389,252528,-0.14254903,White,3166416,MO,5
MO-6,324622,324622,0.0020967,0.30612233,0.67549272,0.91358831,0.08641169,0.01315231,0.01891495,0.00094976,0.01084003,0.03062459,249538,-0.36937039,White,767964,MO,6
MO-7,323545,323545,-0.00122796,0.28819675,0.69382162,0.87600395,0.12399605,0.054198,0.02463915,0.00154376,0.01308536,0.02519977,246153,-0.40562487,White,274143,MO,7
MO-8,323383,323383,-0.00172805,0.44267809,0.53196089,0.80345196,0.19654804,0.08099249,0.04660735,0.00330961,0.03506524,0.02653618,252900,-0.08928280,White,336861,MO,8
MO-9,323390,323390,-0.00170644,0.43871418,0.54051843,0.78951738,0.21048262,0.07951938,0.06794973,0.00576642,0.02048103,0.03548191,244519,-0.10180425,White,2855896,MO,9
MO-10,323981,323981,0.00011795,0.74115911,0.24026457,0.50818281,0.49181719,0.36939583,0.07483826,0.00233124,0.02654327,0.02741944,255658,0.50089454,White,7075533,MO,10
MO-11,324012,324012,0.00021365,0.5659548,0.41302416,0.68087753,0.31912247,0.12464393,0.11626265,0.00605025,0.04453833,0.03126229,249246,0.15293064,White,5206904,MO,11
MO-12,323637,323637,-0.00094396,0.30629924,0.67666527,0.88458372,0.11541628,0.03376633,0.03338916,0.00251443,0.01380096,0.02687193,246577,-0.37036603,White,169696,MO,12
MO-13,324326,324326,0.00118296,0.22591362,0.75788791,0.90608411,0.09391589,0.03451225,0.02000867,0.00103195,0.00882582,0.02437741,249042,-0.53197429,White,88504,MO,13
MO-14,324503,324503,0.00172935,0.25328028,0.72939938,0.89614776,0.10385224,0.02408693,0.02715804,0.00171281,0.00945632,0.03365877,251049,-0.47611910,White,158949,MO,14
MO-15,323337,323337,-0.00187005,0.21173429,0.7720651,0.84098627,0.15901373,0.01631888,0.06058922,0.00676775,0.01434292,0.05649124,246463,-0.56033081,White,282622,MO,15
MO-16,323555,323555,-0.00119709,0.37087503,0.60831585,0.85149202,0.14850798,0.03949344,0.03891621,0.00253513,0.02501589,0.03785536,256397,-0.23744082,White,710462,MO,16
MO-17,324181,324181,0.00073535,0.19221855,0.79274725,0.9003543,0.0996457,0.01357126,0.02927318,0.00216312,0.00961433,0.03811236,246403,-0.60052870,White,171633,MO,17
MO-18,324557,324557,0.00189605,0.20094926,0.78447433,0.86750321,0.13249679,0.04061605,0.03128908,0.00259588,0.01842838,0.0348228,252708,-0.58352507,White,111048,MO,18
MO-19,323560,323560,-0.00118166,0.2306877,0.75636631,0.85354931,0.14645069,0.08477572,0.02087546,0.00079218,0.00978886,0.0243149,251204,-0.52567861,White,208776,MO,19
MS-1,329561,329561,0.00161079,0.38205867,0.60149971,0.63323904,0.36676096,0.28967226,0.03980263,0.00118914,0.01929884,0.0165334,253124,-0.21944104,White,429423,MS,1
MS-2,329426,329426,0.00120049,0.24693704,0.73970089,0.74820632,0.25179368,0.20307646,0.0259749,0.00050065,0.0063114,0.01583566,253668,-0.49276385,White,217572,MS,2
MS-3,328367,328367,-0.00201805,0.59270291,0.39526217,0.37566319,0.62433681,0.59331406,0.0189684,0.00066466,0.00663481,0.00935638,254265,0.19744074,Black,120409,MS,3
MS-4,329903,329903,0.00265021,0.55421268,0.43268442,0.43839967,0.56160033,0.52018099,0.02097206,0.00064529,0.011246,0.01144814,257247,0.12152826,Black,147930,MS,4
MS-5,328890,328890,-0.00042853,0.64639281,0.34138823,0.3431676,0.6568324,0.61854159,0.0200627,0.00064427,0.011259,0.01021009,254552,0.30500458,Black,549269,MS,5
MS-6,328586,328586,-0.00135246,0.30296529,0.68441754,0.69582022,0.30417978,0.23520294,0.03240974,0.00070491,0.01877618,0.01731831,249678,-0.38145225,White,371948,MS,6
MS-7,329552,329552,0.00158344,0.35401274,0.63526214,0.5986165,0.4013835,0.34771082,0.02156424,0.00086369,0.00628974,0.0272222,250090,-0.28124940,White,189442,MS,7
MS-8,328655,328655,-0.00114275,0.25180469,0.73360304,0.73464092,0.26535908,0.19531854,0.03120712,0.0010844,0.01341504,0.02218095,253596,-0.48179835,White,276010,MS,8
MS-9,328339,328339,-0.00210315,0.36466265,0.61898837,0.63639763,0.36360237,0.24227163,0.06066139,0.0024664,0.03628784,0.02465998,251379,-0.25432572,White,1411607,MS,9
MT-1,360795,360795,-0.00169706,0.50851527,0.46467656,0.88745702,0.11254298,0.00801302,0.04067992,0.00205735,0.01646225,0.03587142,291151,0.04383871,White,57171,MT,1
MT-2,361038,361038,-0.0010247,0.31674421,0.65857566,0.83096574,0.16903426,0.00885761,0.03502436,0.00231683,0.01089889,0.10845588,275808,-0.34183145,White,12463,MT,2
MT-3,362392,362392,0.00272176,0.3768001,0.59907656,0.8475018,0.1524982,0.00941504,0.02967891,0.00257801,0.0132644,0.09103205,283164,-0.22227646,White,36978,MT,3
NC-1,326892,326892,0.00202656,0.54070894,0.4503668,0.47967998,0.52032002,0.44793438,0.04498791,0.00149769,0.00831369,0.02484937,261737,0.09034214,Minority,215583,NC,1
NC-2,325485,325485,-0.00228634,0.69315852,0.2895874,0.40064851,0.59935149,0.39047109,0.16032401,0.00146794,0.04138845,0.02280822,244561,0.40357112,Minority,4333507,NC,2
NC-3,326139,326139,-0.00028163,0.34669586,0.63944985,0.76469626,0.23530374,0.1433651,0.05112984,0.00200032,0.0182957,0.02133801,262958,-0.29275399,White,247981,NC,3
NC-4,326979,326979,0.00229324,0.80161689,0.18296316,0.44639972,0.55360028,0.35257053,0.12675037,0.00109099,0.06471692,0.02043793,261230,0.61865373,Minority,4203014,NC,4
NC-5,326623,326623,0.00120199,0.28920334,0.6979523,0.78352706,0.21647294,0.09202654,0.07448214,0.00106447,0.02571833,0.02437025,257404,-0.40874896,White,1469492,NC,5
NC-6,326706,326706,0.00145641,0.56621235,0.42003042,0.48722182,0.51277818,0.35419448,0.09184093,0.00128374,0.0530719,0.02252672,253166,0.14618193,Minority,2876012,NC,6
NC-7,326135,326135,-0.00029389,0.45109931,0.53372053,0.78877315,0.21122685,0.11448128,0.05554144,0.00162372,0.01713556,0.02149861,271599,-0.08262122,White,1245776,NC,7
NC-8,326240,326240,0.00002797,0.58317773,0.398655,0.41877326,0.58122674,0.41117621,0.10652806,0.00699219,0.04117085,0.03955385,247991,0.18452273,Minority,2339325,NC,8
NC-9,326091,326091,-0.00042876,0.35513587,0.63122111,0.70757899,0.29242101,0.1395627,0.09803453,0.00114646,0.03408032,0.02124246,242486,-0.27608524,White,874672,NC,9
NC-10,325976,325976,-0.00078127,0.24754851,0.74174018,0.83538014,0.16461986,0.07789603,0.06062706,0.00066228,0.00619018,0.02043871,261220,-0.49419167,White,385476,NC,10
NC-11,325579,325579,-0.0019982,0.56930711,0.41402665,0.81461117,0.18538883,0.05983092,0.08023464,0.00348064,0.01789077,0.02250786,266618,0.15528046,White,1824970,NC,11
NC-12,326429,326429,0.00060732,0.76224884,0.22117428,0.28221962,0.71778038,0.48146953,0.16784288,0.00152438,0.06439892,0.02161955,247970,0.54107456,Black,6795904,NC,12
NC-13,325316,325316,-0.00280438,0.5550964,0.42767556,0.69895031,0.30104969,0.12624393,0.10614453,0.00141991,0.05053126,0.02047242,249311,0.12742084,White,1156298,NC,13
NC-14,326410,326410,0.00054907,0.59090886,0.39091699,0.7297799,0.2702201,0.1015811,0.0709184,0.00118456,0.08184745,0.01395454,257479,0.19999187,White,11921531,NC,14
NC-15,326967,326967,0.00225645,0.5610775,0.42693028,0.48103504,0.51896496,0.42513028,0.06689201,0.00124695,0.01629265,0.01692004,255023,0.13414722,Minority,698069,NC,15
NC-16,326716,326716,0.00148706,0.61036766,0.36958878,0.7370031,0.2629969,0.12940041,0.06112628,0.00129404,0.05768443,0.01486617,261197,0.24077888,White,5659758,NC,16
NC-17,325734,325734,-0.00152308,0.34132543,0.63869434,0.70363657,0.29636343,0.13772493,0.10556333,0.00523533,0.02780279,0.02806852,252133,-0.29736891,White,583095,NC,17
NC-18,326652,326652,0.00129088,0.51759001,0.46906313,0.65292363,0.34707637,0.19771128,0.09514858,0.00116859,0.03471389,0.02367282,255863,0.04852688,White,771012,NC,18
NC-19,326506,326506,0.00084334,0.34984316,0.63776717,0.7350553,0.2649447,0.17195202,0.05705148,0.00117885,0.01404889,0.02250701,257031,-0.28792401,White,836041,NC,19
NC-20,325750,325750,-0.00147403,0.55435,0.43075761,0.60570887,0.39429113,0.26426147,0.0704337,0.00113897,0.04525188,0.02047433,257249,0.12359239,White,2958661,NC,20
NC-21,325778,325778,-0.0013882,0.38257018,0.60402039,0.62165777,0.37834223,0.2047781,0.1421204,0.00125135,0.01103649,0.02656552,243737,-0.22145021,White,563657,NC,21
NC-22,325961,325961,-0.00082725,0.42948302,0.56152661,0.43567219,0.56432781,0.3018114,0.07137881,0.00205404,0.01168359,0.19093341,249752,-0.13204359,Minority,321286,NC,22
NC-23,326391,326391,0.00049083,0.33504615,0.65087608,0.72212479,0.27787521,0.15519865,0.08018804,0.00224235,0.01865555,0.0263316,249738,-0.31582993,White,541508,NC,23
NC-24,326433,326433,0.00061958,0.30575501,0.68166102,0.8502083,0.1497917,0.05152892,0.05331058,0.00141253,0.02008422,0.0246043,265482,-0.37590601,White,543801,NC,24
NC-25,326232,326232,0.00000345,0.35120314,0.63321951,0.87129322,0.12870678,0.01902462,0.04706663,0.00104609,0.00915986,0.05111977,266707,-0.28201637,White,282631,NC,25
NC-26,326582,326582,0.00107631,0.74384473,0.23891908,0.32125856,0.67874144,0.4157658,0.18522926,0.0015722,0.07105158,0.02226158,251240,0.50492565,Black,9216920,NC,26
NC-27,325422,325422,-0.00247946,0.64403503,0.33591681,0.58797594,0.41202406,0.11722498,0.0806739,0.00160996,0.19852406,0.01552348,244726,0.30811822,White,8766687,NC,27
NC-28,326632,326632,0.00122957,0.51315463,0.47073305,0.64420781,0.35579219,0.19155517,0.0942312,0.00132899,0.05550588,0.01920474,243794,0.04242158,White,4713064,NC,28
NC-29,326783,326783,0.00169244,0.44335059,0.54530547,0.57338551,0.42661449,0.31193818,0.08375994,0.00154483,0.01543257,0.02154097,253749,-0.10195488,White,681882,NC,29
NC-30,325711,325711,-0.00159358,0.6011406,0.38269799,0.55119649,0.44880351,0.28506829,0.12092089,0.00155753,0.03065924,0.0219957,252322,0.21844261,White,4066817,NC,30
NC-31,326138,326138,-0.00028469,0.22706479,0.76046889,0.81515658,0.18484342,0.06886408,0.07637673,0.00067977,0.01464246,0.02524534,255968,-0.53340410,White,756484,NC,31
NC-32,326000,326000,-0.0007077,0.33090193,0.65528264,0.74158907,0.25841093,0.14141482,0.07476602,0.00111962,0.02130033,0.02095341,253658,-0.32438071,White,1050711,NC,32
ND-1,390124,390124,0.00148121,0.41039536,0.55628677,0.83827718,0.16172282,0.04308705,0.03039084,0.00155477,0.02852512,0.05729503,302295,-0.14589141,White,53699,ND,1
ND-2,388970,388970,-0.00148121,0.22718704,0.74403484,0.85006025,0.14993975,0.02865574,0.04226033,0.0030327,0.0155515,0.06028292,293798,-0.51684780,White,26688,ND,2
NE-1,327077,327077,0.0004884,0.53877585,0.44196431,0.691485,0.308515,0.16287581,0.06271436,0.00175252,0.06293604,0.02147362,239084,0.09681154,White,4368244,NE,1
NE-2,326697,326697,-0.00067397,0.33726629,0.63960744,0.8779955,0.1220045,0.01931408,0.0622659,0.00128843,0.01743098,0.0191076,242155,-0.30234115,White,161643,NE,2
NE-3,326461,326461,-0.00139587,0.19894466,0.78210354,0.84298922,0.15701078,0.01452311,0.09388257,0.00205862,0.01024071,0.03689798,248225,-0.58315888,White,21599,NE,3
NE-4,326598,326598,-0.0009768,0.54017465,0.43732346,0.7069234,0.2930766,0.06094632,0.16975978,0.0026271,0.04009849,0.02701126,248563,0.10285119,White,11216664,NE,4
NE-5,327152,327152,0.00071782,0.52894696,0.44723316,0.80318929,0.19681071,0.04836762,0.07438637,0.00156883,0.05115577,0.02156248,251780,0.08171380,White,1429516,NE,5
NE-6,327519,327519,0.00184042,0.23739251,0.74239065,0.82871062,0.17128938,0.01665313,0.12583631,0.00136814,0.01090857,0.01867895,246320,-0.50499814,White,79012,NE,6
NH-1,343962,343962,-0.0012203,0.53590613,0.44913747,0.90300646,0.09699354,0.01435159,0.02774452,0.00106559,0.03205676,0.01354617,280596,0.08676866,White,1783073,NH,1
NH-2,344662,344662,0.00081232,0.51301825,0.47041263,0.91929203,0.08070797,0.01134579,0.01834638,0.00090962,0.01951489,0.02105775,285833,0.04260562,White,200473,NH,2
NH-3,344197,344197,-0.00053792,0.53756272,0.44562967,0.86577052,0.13422948,0.02054966,0.04990113,0.00120816,0.03737687,0.01578957,275625,0.09193305,White,899929,NH,3
NH-4,344708,344708,0.0009459,0.52782169,0.45447335,0.86488339,0.13511661,0.03171994,0.04671854,0.00115926,0.03211115,0.01841896,278626,0.07334834,White,886743,NH,4
NJ-1,331470,331470,-0.00019994,0.69374918,0.29486306,0.46696817,0.53303183,0.24960182,0.20806969,0.00216293,0.08084236,0.01791297,254285,0.39888612,Minority,13348748,NJ,1
NJ-2,332298,332298,0.00229753,0.46579569,0.52144222,0.65982881,0.34017119,0.13883219,0.17270195,0.00136832,0.01697999,0.02431405,266019,-0.05564653,White,1019079,NJ,2
NJ-3,331727,331727,0.00057524,0.63749368,0.34941302,0.53726336,0.46273664,0.21834504,0.12525596,0.00136767,0.11324704,0.01526474,263221,0.28808066,White,4900355,NJ,3
NJ-4,331040,331040,-0.00149693,0.32639446,0.66176617,0.80518769,0.19481231,0.04053675,0.11249781,0.00067971,0.02631117,0.01245396,228040,-0.33537171,White,10232067,NJ,4
NJ-5,331203,331203,-0.00100528,0.5313206,0.45661082,0.73719164,0.26280836,0.02960881,0.0996913,0.00078635,0.1272992,0.00713554,256883,0.07470978,White,8010187,NJ,5
NJ-6,331402,331402,-0.00040504,0.524779,0.46105611,0.69965564,0.30034436,0.10858557,0.12911891,0.00117549,0.04160168,0.01371778,265422,0.06372289,White,9461616,NJ,6
NJ-7,331001,331001,-0.00161456,0.45340755,0.52859318,0.79977687,0.20022313,0.04376277,0.09062087,0.00095038,0.05118178,0.0115098,266208,-0.07518563,White,1270631,NJ,7
NJ-8,331809,331809,0.00082258,0.7028068,0.28903491,0.17863901,0.82136099,0.17739577,0.57616974,0.00224017,0.04343118,0.02187392,255784,0.41377189,Hispanic,29105632,NJ,8
NJ-9,330869,330869,-0.00201271,0.69189204,0.2987894,0.20847861,0.79152139,0.1880989,0.56386999,0.00219036,0.06997375,0.02665821,246078,0.39310264,Hispanic,48626043,NJ,9
NJ-10,330969,330969,-0.00171108,0.78774051,0.20426213,0.20195201,0.79804799,0.5117947,0.24029841,0.00173062,0.05297089,0.01461669,256556,0.58347838,Black,30637952,NJ,10
NJ-11,332304,332304,0.00231563,0.58722995,0.40155304,0.65136185,0.34863815,0.07735599,0.13923616,0.00114564,0.12696968,0.00885656,259243,0.18567691,White,9062390,NJ,11
NJ-12,331675,331675,0.0004184,0.7058449,0.27964235,0.45734023,0.54265977,0.21336989,0.17652186,0.00188925,0.15171588,0.014634,260421,0.42620255,Minority,4691015,NJ,12
NJ-13,331105,331105,-0.00130087,0.55163996,0.43270645,0.79236,0.20764,0.09362197,0.06226788,0.00113716,0.03872455,0.01434271,261178,0.11893351,White,6407240,NJ,13
NJ-14,330881,330881,-0.00197651,0.5143414,0.4724808,0.61208312,0.38791688,0.15542167,0.1508706,0.00231573,0.07629652,0.01692203,261257,0.04186060,White,1701380,NJ,14
NJ-15,332062,332062,0.00158569,0.56875264,0.41791601,0.74020757,0.25979243,0.12332537,0.05729292,0.00128063,0.06610487,0.01333989,262371,0.15083663,White,3038642,NJ,15
NJ-16,331272,331272,-0.00079715,0.37735724,0.60884217,0.82222287,0.17777713,0.0574407,0.08119866,0.0012569,0.02468885,0.01470972,276076,-0.23148493,White,1197282,NJ,16
NJ-17,332248,332248,0.00214672,0.59864808,0.39108511,0.48531751,0.51468249,0.07106077,0.18141086,0.0019078,0.26535022,0.00924432,264703,0.20756297,Minority,22917990,NJ,17
NJ-18,332116,332116,0.00174857,0.56675966,0.4216864,0.41462215,0.58537785,0.12103154,0.28102041,0.00170043,0.19200723,0.01375211,262287,0.14507326,Minority,11532966,NJ,18
NJ-19,332405,332405,0.00262027,0.42270431,0.56036304,0.80291162,0.19708838,0.02976308,0.10730471,0.00069147,0.04562234,0.01259522,268991,-0.13765873,White,1606441,NJ,19
NJ-20,331080,331080,-0.00137628,0.70603904,0.28273797,0.29936113,0.70063887,0.06347928,0.53589083,0.00223943,0.11811318,0.02649121,267032,0.42330107,Hispanic,68393220,NJ,20
NJ-21,331979,331979,0.00133534,0.60476319,0.38456022,0.46034802,0.53965198,0.11541766,0.31671088,0.00115681,0.11475447,0.01661743,265384,0.22020297,Minority,24250622,NJ,21
NJ-22,331437,331437,-0.00029947,0.88393293,0.10838638,0.18092009,0.81907991,0.62870018,0.16029166,0.00178036,0.04061593,0.01518448,252758,0.77554655,Black,37324039,NJ,22
NJ-23,331903,331903,0.00110611,0.54686255,0.43866134,0.63975677,0.36024323,0.04231805,0.15726689,0.00098041,0.1525136,0.01174209,262134,0.10820121,White,3897986,NJ,23
NJ-24,331148,331148,-0.00117117,0.62559207,0.36153431,0.46480919,0.53519081,0.09801006,0.17462246,0.00136418,0.2577875,0.01228527,260963,0.26405776,Minority,7499050,NJ,24
NJ-25,331899,331899,0.00109404,0.43471226,0.55272333,0.79270143,0.20729857,0.03196324,0.0832107,0.00099383,0.08116951,0.00918532,261613,-0.11801107,White,3321423,NJ,25
NJ-26,331781,331781,0.00073812,0.62795855,0.35874175,0.40915397,0.59084603,0.12967495,0.14714358,0.00119685,0.31042553,0.01215905,262356,0.26921680,Minority,10085498,NJ,26
NJ-27,330740,330740,-0.00240181,0.76479873,0.2249193,0.29909982,0.70090018,0.21311525,0.22576394,0.00264335,0.26885279,0.01453842,264059,0.53987943,Minority,50995531,NJ,27
NJ-28,331193,331193,-0.00103544,0.62309973,0.36377581,0.60220491,0.39779509,0.12156183,0.18602893,0.00119606,0.08409204,0.01207258,249988,0.25932392,White,12472250,NJ,28
NM-1,352733,352733,-0.00053081,0.62672358,0.35113166,0.29945134,0.70054866,0.03792915,0.59079482,0.00263238,0.02683028,0.07147347,270478,0.27559192,Hispanic,4107118,NM,1
NM-2,353223,353223,0.00085761,0.57623852,0.39805567,0.51074389,0.48925611,0.0401472,0.34691667,0.00314028,0.04830281,0.07105932,285325,0.17818285,White,339042,NM,2
NM-3,352936,352936,0.00004439,0.61526071,0.36463667,0.49240104,0.50759896,0.02117382,0.4238796,0.00301271,0.02431029,0.05103924,282802,0.25062404,Minority,55567,NM,3
NM-4,353099,353099,0.00050625,0.27277191,0.70820853,0.46948164,0.53051836,0.03884294,0.43937074,0.00268092,0.01755168,0.04422383,262596,-0.43543662,Minority,43595,NM,4
NM-5,352904,352904,-0.00004628,0.53142189,0.44690586,0.3563491,0.6436509,0.02128639,0.58443122,0.00212827,0.01699303,0.04102628,271582,0.08451603,Hispanic,43816,NM,5
NM-6,352627,352627,-0.00083116,0.56045807,0.41607275,0.29310008,0.70689992,0.01028902,0.27802153,0.0017355,0.0153415,0.41952849,266206,0.14438532,Native,48567,NM,6
NV-1,345228,345228,0.00078689,0.64375678,0.33446339,0.24463947,0.75536053,0.15127955,0.51056547,0.01308866,0.08248529,0.0347422,250675,0.30929339,Hispanic,13533525,NV,1
NV-2,344907,344907,-0.00014366,0.55982661,0.40984844,0.58736617,0.41263383,0.03916339,0.25549097,0.01222913,0.08129576,0.03791987,271810,0.14997817,White,6233922,NV,2
NV-3,345603,345603,0.00187399,0.64636903,0.33152461,0.28696142,0.71303858,0.24745164,0.36441968,0.01694338,0.08879819,0.02949636,255557,0.31484442,Hispanic,15091697,NV,3
NV-4,344540,344540,-0.00120756,0.54150309,0.43818435,0.4836128,0.5163872,0.12664149,0.2620881,0.01390049,0.11018778,0.02635993,270638,0.10331874,Minority,19720907,NV,4
NV-5,344427,344427,-0.00153514,0.54219407,0.43948061,0.42282232,0.57717768,0.11725594,0.17883332,0.01877772,0.26515347,0.02139616,271918,0.10271346,Minority,17825098,NV,5
NV-6,344020,344020,-0.002715,0.55523286,0.42454102,0.40014283,0.59985717,0.14181865,0.27193291,0.02268732,0.16587929,0.02783637,273060,0.13069184,Minority,15993805,NV,6
NV-7,345374,345374,0.00121014,0.45287497,0.52745613,0.63313725,0.36686275,0.07554914,0.1523466,0.01506701,0.11418193,0.02549634,275569,-0.07458116,White,565846,NV,7
NV-8,344593,344593,-0.00105392,0.37083152,0.60155097,0.74360799,0.25639201,0.01933486,0.13780898,0.00670149,0.04783254,0.0463042,275461,-0.23071945,White,61102,NV,8
NV-9,345922,345922,0.00279874,0.3439314,0.63333871,0.65854793,0.34145207,0.07443846,0.16780575,0.01051601,0.05956715,0.04165829,268638,-0.28940731,White,14703,NV,9
NY-1,331097,331097,-0.00021083,0.52318257,0.46223594,0.71907822,0.28092178,0.06961971,0.15450958,0.00098014,0.04624855,0.01648048,269349,0.06094663,White,2570196,NY,1
NY-2,330801,330801,-0.00110464,0.44399223,0.54157347,0.71143848,0.28856152,0.06972856,0.16531016,0.00110451,0.04566558,0.01559638,262561,-0.09758124,White,6060809,NY,2
NY-3,331022,331022,-0.0004373,0.39157598,0.59435134,0.81717352,0.18282648,0.03268634,0.10009841,0.00073343,0.0428309,0.00812013,267237,-0.20277536,White,11035495,NY,3
NY-4,330742,330742,-0.0012828,0.48560592,0.49979756,0.77432482,0.22567518,0.04035711,0.11184772,0.00087988,0.06545278,0.01006557,263671,-0.01419164,White,7883063,NY,4
NY-5,331033,331033,-0.00040409,0.61800274,0.36945869,0.3556973,0.6443027,0.20166387,0.40170856,0.00138787,0.04792448,0.0262283,255068,0.24854405,Hispanic,16816126,NY,5
NY-6,331236,331236,0.0002089,0.56336012,0.42383431,0.64032387,0.35967613,0.02998586,0.11069063,0.00089406,0.21221323,0.00697525,259489,0.13952581,White,9418054,NY,6
NY-7,331725,331725,0.0016855,0.48957647,0.49686214,0.66125797,0.33874203,0.05268646,0.13838255,0.0010011,0.1407374,0.00834626,263711,-0.00728567,White,24276327,NY,7
NY-8,330834,330834,-0.00100499,0.6188896,0.3675694,0.40725662,0.59274338,0.26444721,0.28106985,0.00150726,0.05250175,0.01685184,257420,0.25132020,Minority,31579077,NY,8
NY-9,330697,330697,-0.00141868,0.59352279,0.39500553,0.47250523,0.52749477,0.24782741,0.18762287,0.00168112,0.09154133,0.01316816,256376,0.19851726,Minority,22426762,NY,9
NY-10,330719,330719,-0.00135225,0.77303328,0.21928211,0.17470143,0.82529857,0.49973201,0.16409116,0.00476726,0.13073921,0.02786753,264932,0.55375117,Black,37853131,NY,10
NY-11,330956,330956,-0.0006366,0.88144745,0.11127586,0.05078138,0.94921862,0.50710606,0.18228613,0.00483704,0.23978184,0.02572187,264211,0.77017159,Black,94117290,NY,11
NY-12,331731,331731,0.00170361,0.65219162,0.33516737,0.43837608,0.56162392,0.05347086,0.18557892,0.00201172,0.31726233,0.01232946,277871,0.31702425,Minority,55860175,NY,12
NY-13,331037,331037,-0.00039201,0.59932115,0.38949597,0.21910426,0.78089574,0.05737753,0.14899252,0.00161109,0.57818558,0.00884259,271866,0.20982518,Asian,76735958,NY,13
NY-14,330729,330729,-0.00132205,0.68651597,0.30120536,0.27753649,0.72246351,0.03565374,0.25474678,0.00200794,0.43264036,0.0179942,271921,0.38531061,Asian,164408037,NY,14
NY-15,331593,331593,0.00128691,0.77377974,0.215769,0.15680189,0.84319811,0.09992117,0.57043673,0.00253536,0.18387603,0.0409864,263868,0.55801074,Hispanic,202056336,NY,15
NY-16,331605,331605,0.00132314,0.65158118,0.33643463,0.3455175,0.6544825,0.08367209,0.36972487,0.00370953,0.19473704,0.02866554,267150,0.31514655,Hispanic,87278321,NY,16
NY-17,331786,331786,0.00186969,0.87015723,0.11580156,0.3530532,0.6469468,0.16503961,0.36614987,0.00334154,0.13555504,0.02541006,278315,0.75435567,Hispanic,146229791,NY,17
NY-18,330886,330886,-0.00084797,0.71132045,0.28161206,0.30844868,0.69155132,0.50149705,0.13436417,0.00195665,0.07978015,0.01158733,262183,0.42970839,Black,67760908,NY,18
NY-19,330740,330740,-0.00128884,0.71909783,0.27223037,0.26702881,0.73297119,0.50275128,0.13748196,0.0019476,0.11697738,0.01218229,255699,0.44686746,Black,152652422,NY,19
NY-20,331565,331565,0.00120236,0.72781409,0.26354385,0.30318221,0.69681779,0.50161669,0.11086945,0.00174076,0.09813363,0.01234037,257934,0.46427024,Black,179391746,NY,20
NY-21,331355,331355,0.00056823,0.92334779,0.06584815,0.23643133,0.76356867,0.6049631,0.13092104,0.00207782,0.05301025,0.01487008,270476,0.85749964,Black,217296777,NY,21
NY-22,330926,330926,-0.00072719,0.86281197,0.12506177,0.46274391,0.53725609,0.26028387,0.18315138,0.00247104,0.1069028,0.01508158,254549,0.73775020,Minority,208137503,NY,22
NY-23,331390,331390,0.00067392,0.5550069,0.43161717,0.30683073,0.69316927,0.02863899,0.16750929,0.0013145,0.50047446,0.01624846,257132,0.12338973,Asian,202538321,NY,23
NY-24,331761,331761,0.0017942,0.73132332,0.25645669,0.63308369,0.36691631,0.0609682,0.12814931,0.00165237,0.16119251,0.01327264,242077,0.47486663,White,151937882,NY,24
NY-25,331296,331296,0.00039008,0.66873395,0.31708417,0.38028229,0.61971771,0.17935372,0.30817496,0.00227491,0.14960935,0.02788414,258032,0.35164978,Minority,68070264,NY,25
NY-26,331615,331615,0.00135334,0.3232139,0.66604599,0.72252133,0.27747867,0.03191389,0.11304743,0.00135071,0.12914625,0.00773349,264305,-0.34283209,White,25623019,NY,26
NY-27,330771,330771,-0.00119523,0.83594755,0.14968629,0.49420942,0.50579058,0.08248274,0.1543387,0.00433193,0.2724516,0.01084676,295480,0.68626126,Minority,351714348,NY,27
NY-28,331121,331121,-0.00013836,0.87062212,0.11446532,0.61596848,0.38403152,0.07663089,0.12790706,0.00494883,0.17675773,0.00990102,296434,0.75615680,White,233587558,NY,28
NY-29,330646,330646,-0.00157268,0.84112635,0.14417595,0.76955492,0.23044508,0.03478436,0.07536553,0.0012571,0.10924691,0.00621466,282397,0.69695040,White,321530489,NY,29
NY-30,330940,330940,-0.00068491,0.91182988,0.07720779,0.19187352,0.80812648,0.45701262,0.32891071,0.00299693,0.07788306,0.02633224,270277,0.83462209,Black,233877736,NY,30
NY-31,331037,331037,-0.00039201,0.87083445,0.11662051,0.3057114,0.6942886,0.18408306,0.49012826,0.00274846,0.08453475,0.02561326,281612,0.75421394,Hispanic,241992449,NY,31
NY-32,331342,331342,0.00052898,0.80807547,0.18149707,0.17177737,0.82822263,0.26478537,0.5807923,0.00396776,0.06206651,0.03016043,256064,0.62657840,Hispanic,127645371,NY,32
NY-33,331159,331159,-0.00002361,0.86144751,0.13075348,0.0227741,0.9772259,0.41167786,0.65670934,0.00407622,0.01890473,0.0341429,246552,0.73069403,Hispanic,172336777,NY,33
NY-34,331740,331740,0.00173079,0.86481911,0.12814239,0.03521104,0.96478896,0.41218492,0.58820332,0.00415618,0.05650276,0.03286936,244696,0.73667672,Hispanic,208024565,NY,34
NY-35,330283,330283,-0.00266881,0.7229237,0.26688853,0.32977552,0.67022448,0.2101458,0.39754001,0.00250201,0.0937652,0.02244419,256993,0.45603517,Hispanic,36306970,NY,35
NY-36,330881,330881,-0.00086307,0.88703178,0.10602698,0.08328417,0.91671583,0.64008659,0.27636106,0.00290793,0.04023601,0.01835179,261010,0.78100480,Black,103991543,NY,36
NY-37,330332,330332,-0.00252084,0.6539595,0.33574799,0.45318004,0.54681996,0.16802099,0.31136195,0.00188714,0.08620763,0.01929761,258063,0.31821151,Minority,27958872,NY,37
NY-38,331017,331017,-0.0004524,0.62404555,0.36311403,0.68030399,0.31969601,0.05346009,0.19696397,0.00096314,0.06247149,0.01234924,256453,0.26093152,White,3539062,NY,38
NY-39,331510,331510,0.00103628,0.63259591,0.3557475,0.53386649,0.46613351,0.14774573,0.22024684,0.00129792,0.10004119,0.0134339,257334,0.27684841,White,7616710,NY,39
NY-40,330837,330837,-0.00099593,0.39441828,0.59245881,0.72802681,0.27197319,0.07531544,0.13247115,0.00116057,0.03715616,0.01510537,222305,-0.19804053,White,1867263,NY,40
NY-41,331376,331376,0.00063165,0.52584045,0.45811052,0.62912673,0.37087327,0.12385517,0.20746995,0.00149475,0.037171,0.01924159,262920,0.06772993,White,2266544,NY,41
NY-42,330436,330436,-0.0022068,0.56249883,0.42060368,0.69318687,0.30681313,0.11135999,0.1520325,0.0013176,0.03055708,0.02269288,265634,0.14189515,White,519892,NY,42
NY-43,331441,331441,0.00082792,0.54964185,0.43016446,0.75131334,0.24868666,0.09801697,0.09279336,0.00128358,0.04036759,0.01858397,268780,0.11947739,White,796862,NY,43
NY-44,331031,331031,-0.00041012,0.6258592,0.3513824,0.70332839,0.29667161,0.1360222,0.07095383,0.00148442,0.07665282,0.01604144,268118,0.27447680,White,1631797,NY,44
NY-45,331563,331563,0.00119632,0.55854964,0.41874667,0.78778507,0.21221493,0.07476473,0.04948056,0.00210733,0.05486259,0.02041002,263841,0.13980297,White,2529928,NY,45
NY-46,331860,331860,0.00209315,0.47142986,0.50561872,0.86906172,0.13093828,0.04731245,0.03245698,0.00092777,0.02091763,0.02264276,268386,-0.03418886,White,287011,NY,46
NY-47,331700,331700,0.00161001,0.46679878,0.5141974,0.84803185,0.15196815,0.0542738,0.04023891,0.00185817,0.01711414,0.03594236,263700,-0.04739862,White,158365,NY,47
NY-48,331926,331926,0.00229244,0.3806268,0.59642866,0.89486259,0.10513741,0.02745288,0.03409932,0.00104572,0.01195691,0.02065757,268715,-0.21580186,White,193670,NY,48
NY-49,331515,331515,0.00105137,0.33895642,0.64016825,0.90798981,0.09201019,0.02616628,0.02516077,0.00119668,0.00968428,0.02043141,261558,-0.30121183,White,163873,NY,49
NY-50,331367,331367,0.00060447,0.56314988,0.41422322,0.74744967,0.25255033,0.11131728,0.05709397,0.00131176,0.06717743,0.01777153,263005,0.14892666,White,1137082,NY,50
NY-51,330868,330868,-0.00090232,0.55487735,0.42271694,0.80346379,0.19653621,0.10319638,0.0401705,0.00113183,0.0293778,0.0227748,260639,0.13216041,White,1629607,NY,51
NY-52,331892,331892,0.00218977,0.58220194,0.39430989,0.78881516,0.21118484,0.0621619,0.05010597,0.001481,0.07562222,0.01892835,274139,0.18789205,White,829749,NY,52
NY-53,330526,330526,-0.00193504,0.43263741,0.5413772,0.89629351,0.10370649,0.0338323,0.02667488,0.00113332,0.01540252,0.01916758,262944,-0.10873979,White,421298,NY,53
NY-54,330547,330547,-0.00187162,0.3442301,0.63361538,0.88918444,0.11081556,0.02581257,0.03891269,0.00105937,0.01187186,0.02669922,260532,-0.28938528,White,246970,NY,54
NY-55,331150,331150,-0.00005079,0.3614362,0.6168689,0.89157186,0.10842814,0.03903143,0.03227693,0.00071968,0.00995933,0.02164664,266785,-0.25543270,White,488977,NY,55
NY-56,331606,331606,0.00132616,0.50327942,0.47169745,0.87149113,0.12850887,0.04283377,0.03974669,0.00103533,0.02355177,0.01674658,264651,0.03158197,White,660567,NY,56
NY-57,331506,331506,0.0010242,0.57581348,0.39802007,0.80216588,0.19783412,0.07695297,0.04891725,0.00093637,0.05771473,0.01306483,270191,0.17779341,White,3802338,NY,57
NY-58,330929,330929,-0.00071813,0.61202444,0.36538817,0.54766067,0.45233933,0.28210356,0.12876307,0.00163953,0.04037969,0.01778675,258001,0.24663627,White,4849699,NY,58
NY-59,332167,332167,0.00302017,0.44427454,0.53722153,0.91837502,0.08162498,0.02285052,0.02274996,0.00059966,0.01508842,0.01551675,268484,-0.09294699,White,1431940,NY,59
NY-60,330598,330598,-0.00171762,0.61078128,0.36989875,0.77989244,0.22010756,0.10019262,0.03792667,0.0007831,0.06622229,0.01588103,269441,0.24088253,White,8867606,NY,60
NY-61,330679,330679,-0.00147303,0.70449626,0.27968494,0.50143783,0.49856217,0.32873699,0.09792575,0.00150854,0.06834807,0.01712041,254550,0.42481132,White,16422928,NY,61
OH-1,327606,327606,-0.00047629,0.75076579,0.23340784,0.53694587,0.46305413,0.37178742,0.04250209,0.00138569,0.03459598,0.01616634,259799,0.51735795,White,14571487,OH,1
OH-2,327370,327370,-0.00119633,0.22264255,0.76491219,0.93758902,0.06241098,0.01834637,0.00983578,0.00069434,0.00495558,0.02333766,252039,-0.54226964,White,297863,OH,2
OH-3,328164,328164,0.00122616,0.68415575,0.30090936,0.52236016,0.47763984,0.34498179,0.05783502,0.00122594,0.05938679,0.01927698,245526,0.38324639,White,10740553,OH,3
OH-4,327859,327859,0.00029561,0.27507276,0.70916421,0.8913933,0.1086067,0.05870802,0.0172001,0.00098186,0.00755365,0.01953153,255638,-0.43409145,White,550809,OH,4
OH-5,327842,327842,0.00024374,0.23164756,0.75278473,0.91794724,0.08205276,0.0112068,0.04308249,0.00199622,0.00579703,0.01737113,250473,-0.52113717,White,290403,OH,5
OH-6,327309,327309,-0.00138244,0.32385986,0.66231019,0.91132581,0.08867419,0.04218082,0.0119205,0.00068574,0.01006518,0.01988274,262489,-0.33845033,White,317872,OH,6
OH-7,328662,328662,0.00274555,0.41988124,0.56821617,0.89451242,0.10548758,0.02455487,0.02805831,0.00074909,0.03213799,0.01381403,260315,-0.14833493,White,3538501,OH,7
OH-8,328372,328372,0.00186077,0.41603198,0.5685636,0.7449906,0.2550094,0.09342779,0.05428879,0.00207509,0.08549219,0.01971338,246736,-0.15253162,White,7101688,OH,8
OH-9,327538,327538,-0.00068376,0.53819335,0.44460046,0.70773487,0.29226513,0.19489451,0.06609005,0.00071914,0.01115255,0.02211254,254471,0.09359289,White,1807366,OH,9
OH-10,327736,327736,-0.00007966,0.59408078,0.38912052,0.61394185,0.38605815,0.30355469,0.03722167,0.00169047,0.02427449,0.02234869,254959,0.20496026,White,6702541,OH,10
OH-11,327281,327281,-0.00146787,0.82691154,0.16123092,0.31927924,0.68072076,0.53020356,0.11394176,0.00165189,0.03426902,0.01780462,256675,0.66568062,Black,16852290,OH,11
OH-12,327949,327949,0.0005702,0.42577182,0.55824409,0.83482768,0.16517232,0.04784364,0.02569047,0.00088023,0.07110221,0.01551663,244254,-0.13247227,White,985315,OH,12
OH-13,327908,327908,0.00044511,0.54540213,0.44009932,0.72136247,0.27863753,0.19186228,0.02103982,0.00098534,0.04039104,0.02192083,258795,0.10530281,White,5536912,OH,13
OH-14,327325,327325,-0.00133362,0.48525972,0.50291942,0.84210466,0.15789534,0.0690666,0.03222245,0.00069668,0.03738474,0.01414681,262674,-0.01765970,White,3745613,OH,14
OH-15,327990,327990,0.00069529,0.56346186,0.41934841,0.73425126,0.26574874,0.1215812,0.07710751,0.00146827,0.04719545,0.02119617,256084,0.14411345,White,6636369,OH,15
OH-16,328634,328634,0.00266013,0.58538334,0.40283729,0.82951688,0.17048312,0.06097011,0.05470808,0.00104305,0.03939384,0.01421158,268443,0.18254605,White,11217756,OH,16
OH-17,327147,327147,-0.0018767,0.57494792,0.41022644,0.66805344,0.33194656,0.22500201,0.03984996,0.00196582,0.04941427,0.01652893,249260,0.16472148,White,7355726,OH,17
OH-18,327716,327716,-0.00014068,0.26650743,0.72137523,0.92360848,0.07639152,0.03471133,0.00901923,0.00066911,0.00536067,0.02257351,255565,-0.45486780,White,312856,OH,18
OH-19,327671,327671,-0.00027798,0.69569016,0.28903991,0.49608406,0.50391594,0.39326733,0.05748232,0.00143463,0.03894928,0.02223884,247450,0.40665025,Minority,7927165,OH,19
OH-20,328369,328369,0.00185161,0.30156167,0.68054751,0.89561696,0.10438304,0.02343469,0.04929743,0.00088115,0.0101861,0.01770525,255348,-0.37898584,White,366354,OH,20
OH-21,326959,326959,-0.00245029,0.22681622,0.75856736,0.89470732,0.10529268,0.05358388,0.01968428,0.00120998,0.00925919,0.01797348,249590,-0.53175114,White,428131,OH,21
OH-22,327485,327485,-0.00084546,0.28801598,0.6973318,0.91450495,0.08549505,0.03420109,0.01809472,0.00073699,0.00575392,0.02108492,260518,-0.40931582,White,529739,OH,22
OH-23,327295,327295,-0.00142515,0.48189184,0.50412388,0.79419126,0.20580874,0.08541685,0.08528409,0.00106991,0.01621651,0.02039852,256097,-0.02223204,White,2339376,OH,23
OH-24,327256,327256,-0.00154414,0.31219175,0.67346501,0.86438977,0.13561023,0.06401813,0.02447037,0.00098791,0.02344326,0.01931521,255084,-0.36127326,White,2353957,OH,24
OH-25,327333,327333,-0.00130922,0.51621036,0.46715714,0.80274058,0.19725942,0.10302364,0.04366621,0.00072303,0.03032098,0.01708343,260018,0.04905322,White,2338907,OH,25
OH-26,328101,328101,0.00103395,0.34640302,0.63836784,0.86256537,0.13743463,0.05941107,0.02252126,0.00107949,0.03201066,0.01956727,256602,-0.29196482,White,1532966,OH,26
OH-27,328471,328471,0.00216282,0.77888177,0.21220323,0.44096413,0.55903587,0.49504049,0.02577709,0.00097185,0.03105283,0.01200926,259300,0.56667854,Black,10464999,OH,27
OH-28,327807,327807,0.00013696,0.36746537,0.61643096,0.86011957,0.13988043,0.06562395,0.01934436,0.00094188,0.02761769,0.02192653,250564,-0.24896559,White,1110813,OH,28
OH-29,328153,328153,0.0011926,0.52088105,0.46551083,0.8393297,0.1606703,0.07785702,0.01930371,0.00078953,0.04238882,0.01537497,264716,0.05537022,White,3164393,OH,29
OH-30,328744,328744,0.00299574,0.35845408,0.62776655,0.921265,0.078735,0.02553682,0.01947168,0.00070175,0.00715247,0.01734715,259351,-0.26931247,White,590341,OH,30
OH-31,327311,327311,-0.00137634,0.65299388,0.3314798,0.77647975,0.22352025,0.05712277,0.04094476,0.00140232,0.1091873,0.01321755,263135,0.32151408,White,12665214,OH,31
OH-32,327716,327716,-0.00014068,0.26651923,0.71865211,0.94075831,0.05924169,0.01524439,0.01381057,0.00091426,0.00766046,0.01719777,248288,-0.45213288,White,429409,OH,32
OH-33,327459,327459,-0.00092479,0.30418741,0.68024118,0.90123107,0.09876893,0.03078865,0.02147376,0.00091072,0.01964834,0.0208786,250352,-0.37605377,White,2103204,OH,33
OH-34,327912,327912,0.00045731,0.37703513,0.60477554,0.83419316,0.16580684,0.08566382,0.02699317,0.00150956,0.02705153,0.02212988,257028,-0.22774041,White,1222419,OH,34
OH-35,327993,327993,0.00070444,0.40987062,0.57509541,0.85011295,0.14988705,0.08682084,0.02353727,0.0007763,0.01243625,0.02141798,257634,-0.16522479,White,2988182,OH,35
OH-36,327005,327005,-0.00230994,0.50535494,0.48270338,0.77256264,0.22743736,0.15612371,0.04177024,0.00089214,0.0113347,0.01738139,262292,0.02265156,White,2731202,OH,36
OK-1,329597,329597,-0.00105573,0.56570421,0.40533259,0.50150757,0.49849243,0.18568167,0.17903086,0.00320209,0.03371149,0.11780523,251398,0.16037162,White,6762795,OK,1
OK-2,330331,330331,0.00116888,0.3015412,0.67526332,0.69433808,0.30566192,0.0596444,0.07085272,0.00153079,0.0488723,0.12930965,247584,-0.37372212,White,1651099,OK,2
OK-3,329520,329520,-0.0012891,0.22725697,0.75141857,0.69438777,0.30561223,0.02517526,0.04341958,0.0018935,0.01772033,0.22009098,251914,-0.52416160,White,294855,OK,3
OK-4,329187,329187,-0.00229836,0.26534377,0.71312751,0.62420704,0.37579296,0.05287455,0.04409927,0.00122575,0.01008461,0.2773745,251274,-0.44778374,White,256043,OK,4
OK-5,330001,330001,0.00016871,0.20210665,0.78114894,0.67956932,0.32043068,0.04749555,0.04298172,0.00221559,0.00834291,0.22585672,254108,-0.57904229,White,92370,OK,5
OK-6,330248,330248,0.00091732,0.26109803,0.71474191,0.74281574,0.25718426,0.04550225,0.05077736,0.00214607,0.0185001,0.14368122,255350,-0.45364388,White,190236,OK,6
OK-7,330669,330669,0.00219329,0.17580412,0.80413536,0.7172598,0.2827402,0.04065312,0.14392272,0.00865199,0.01227908,0.08639942,248960,-0.62833124,White,45768,OK,7
OK-8,330002,330002,0.00017175,0.22690856,0.75392269,0.72041196,0.27958804,0.0437573,0.07909821,0.0016394,0.02719175,0.13057387,250701,-0.52701413,White,187227,OK,8
OK-9,330325,330325,0.0011507,0.28700113,0.68775689,0.68343941,0.31656059,0.09692899,0.09220747,0.00489188,0.03557768,0.09775647,246531,-0.40075576,White,417179,OK,9
OK-10,330543,330543,0.00181141,0.48240748,0.48853876,0.61364114,0.38635886,0.11501136,0.1373196,0.00360898,0.04246695,0.09803331,252149,-0.00613128,White,3427385,OK,10
OK-11,329457,329457,-0.00148004,0.63520692,0.33674493,0.44241671,0.55758329,0.22550484,0.23090682,0.00274083,0.04052283,0.08106558,251019,0.29846199,Minority,7435055,OK,11
OK-12,329473,329473,-0.00143155,0.35475783,0.61962258,0.7139642,0.2860358,0.09432141,0.06481118,0.00217052,0.05363422,0.07579192,249710,-0.26486475,White,2647028,OK,12
OR-1,326374,326374,0.00132303,0.54308135,0.42013211,0.71003197,0.28996803,0.0213272,0.14608936,0.00841391,0.07975281,0.03789769,256480,0.12294924,White,318303,OR,1
OR-2,326390,326390,0.00137211,0.37342649,0.59814053,0.78253246,0.21746754,0.00971247,0.12889421,0.00574668,0.01612992,0.05337544,254930,-0.22471404,White,46393,OR,2
OR-3,325502,325502,-0.00135229,0.88274415,0.09051697,0.73294954,0.26705046,0.06690815,0.08437636,0.00809625,0.07880637,0.03089727,278277,0.79222718,White,11991912,OR,3
OR-4,325749,325749,-0.00059449,0.58433516,0.37990361,0.79861657,0.20138343,0.01603896,0.08602271,0.0062696,0.04572507,0.04509623,267162,0.20443155,White,350583,OR,4
OR-5,326407,326407,0.00142427,0.37633946,0.59188198,0.77575828,0.22424172,0.01158615,0.13567737,0.0079829,0.02528249,0.04226356,251162,-0.21554252,White,243085,OR,5
OR-6,325260,325260,-0.00209475,0.50830685,0.4545217,0.73413628,0.26586372,0.01851661,0.15960554,0.01111949,0.03384261,0.04593039,251990,0.05378515,White,729178,OR,6
OR-7,326010,326010,0.00020627,0.70533842,0.26149835,0.64252398,0.35747602,0.03414409,0.13301607,0.01091744,0.1585098,0.02720882,253631,0.44384007,White,16911543,OR,7
OR-8,325389,325389,-0.00169898,0.28364689,0.68812192,0.81372522,0.18627478,0.01034946,0.0935941,0.00450902,0.01761421,0.0545185,258371,-0.40447503,White,23436,OR,8
OR-9,325923,325923,-0.00006065,0.79029791,0.18019431,0.65591899,0.34408101,0.07043313,0.10861558,0.01049321,0.12581543,0.03508296,261979,0.61010360,White,23511393,OR,9
OR-10,326306,326306,0.0011144,0.63762337,0.32890518,0.81196636,0.18803364,0.01896437,0.07885621,0.00623389,0.04280776,0.03780114,266447,0.30871819,White,290763,OR,10
OR-11,326214,326214,0.00083214,0.55488915,0.41289382,0.70477131,0.29522869,0.03809543,0.13638645,0.00987059,0.08049392,0.03733281,253075,0.14199533,White,869233,OR,11
OR-12,325656,325656,-0.00087981,0.59226372,0.3756594,0.75454838,0.24545162,0.01719667,0.13466617,0.00701767,0.0575433,0.03258629,251793,0.21660432,White,3597036,OR,12
OR-13,326076,326076,0.00040876,0.45266266,0.51842605,0.8206968,0.1793032,0.01213092,0.0847883,0.00584877,0.02341392,0.04773228,265355,-0.06576339,White,169053,OR,13
PA-1,333320,333320,-0.00024764,0.52648353,0.46325778,0.78885819,0.21114181,0.06679363,0.06054937,0.00086193,0.06889764,0.01251487,265684,0.06322575,White,8425696,PA,1
PA-2,333623,333623,0.00066117,0.55401632,0.43835537,0.57478679,0.42521321,0.15381862,0.12594677,0.00156255,0.13201607,0.01064919,259832,0.11566095,White,31225059,PA,2
PA-3,333224,333224,-0.00053558,0.79915075,0.19305756,0.43633002,0.56366998,0.20008006,0.28482977,0.00252774,0.08860422,0.0169202,262290,0.60609319,Minority,54951887,PA,3
PA-4,333568,333568,0.0004962,0.90760404,0.08608536,0.21513397,0.78486603,0.62975524,0.11098114,0.00171278,0.05069593,0.01516055,263315,0.82151868,Black,40358519,PA,4
PA-5,333136,333136,-0.00079953,0.92551355,0.06887893,0.34373178,0.65626822,0.50944856,0.06339817,0.00201492,0.08337111,0.01229464,277926,0.85663462,Black,55514705,PA,5
PA-6,333645,333645,0.00072716,0.83583963,0.15823847,0.31367728,0.68632272,0.52681219,0.05642568,0.00148439,0.10288313,0.01388852,262735,0.67760116,Black,32716187,PA,6
PA-7,333977,333977,0.00172295,0.50469062,0.48462505,0.87435369,0.12564631,0.02274845,0.04017991,0.00091685,0.04647763,0.00928876,266128,0.02006557,White,2346665,PA,7
PA-8,333285,333285,-0.00035262,0.64952682,0.34067388,0.72723077,0.27276923,0.1155371,0.04365458,0.00084358,0.1022251,0.00960476,264348,0.30885294,White,9487056,PA,8
PA-9,333290,333290,-0.00033762,0.62300986,0.36776687,0.62764494,0.37235506,0.24632143,0.04780986,0.00117467,0.06850183,0.01271272,258796,0.25524299,White,14733923,PA,9
PA-10,332504,332504,-0.00269513,0.60584122,0.38449639,0.82099409,0.17900591,0.04440765,0.03511391,0.00067818,0.08702702,0.00713417,263941,0.22134483,White,6008621,PA,10
PA-11,333564,333564,0.00048421,0.67423501,0.31659272,0.72300054,0.27699946,0.10583463,0.06718168,0.00114814,0.09360042,0.01120772,263033,0.35764229,White,7787783,PA,11
PA-12,333287,333287,-0.00034662,0.5660458,0.42197916,0.79691171,0.20308829,0.05134873,0.07590307,0.00093596,0.05851922,0.012285,255352,0.14406664,White,2096896,PA,12
PA-13,333414,333414,0.0000343,0.51957661,0.46731955,0.62918796,0.37081204,0.10538703,0.2514053,0.00213394,0.02133944,0.0200528,254927,0.05225706,White,3685359,PA,13
PA-14,333902,333902,0.001498,0.4346594,0.55161935,0.86302221,0.13697779,0.05387358,0.04248641,0.00088474,0.02531795,0.01237868,262225,-0.11695995,White,1496223,PA,14
PA-15,334026,334026,0.00186992,0.53164119,0.45673148,0.63977377,0.36022623,0.08989549,0.23682779,0.00142746,0.04155848,0.01483405,259201,0.07490971,White,3996706,PA,15
PA-16,332723,332723,-0.00203827,0.50500979,0.48306818,0.76150826,0.23849174,0.07041554,0.12301353,0.00110847,0.03651218,0.01326799,267938,0.02194161,White,3157505,PA,16
PA-17,333153,333153,-0.00074854,0.52986358,0.45930694,0.75106517,0.24893483,0.10399381,0.10274551,0.00119224,0.0332257,0.0150805,267564,0.07055664,White,1122012,PA,17
PA-18,333725,333725,0.00096711,0.47405628,0.51593207,0.78663052,0.21336948,0.05949073,0.13227745,0.00140984,0.01883036,0.01250858,266697,-0.04187579,White,2231527,PA,18
PA-19,332846,332846,-0.00166935,0.30966592,0.67675655,0.90764605,0.09235395,0.02982789,0.03759016,0.00079689,0.0096106,0.01214145,271055,-0.36709063,White,552807,PA,19
PA-20,334222,334222,0.0024578,0.32785252,0.65801006,0.87507774,0.12492226,0.02930661,0.06457681,0.00120569,0.01745195,0.01286958,262091,-0.33015754,White,707918,PA,20
PA-21,333496,333496,0.00028025,0.56085508,0.42495052,0.6547931,0.3452069,0.16930651,0.08709579,0.00147893,0.08195402,0.01462835,261000,0.13590456,White,6038008,PA,21
PA-22,334327,334327,0.00277273,0.32038545,0.66468891,0.90727022,0.09272978,0.0208284,0.04253254,0.00084024,0.01691519,0.01056016,253500,-0.34430346,White,1424016,PA,22
PA-23,334047,334047,0.00193291,0.54456423,0.44053268,0.67703662,0.32296338,0.11269751,0.17327927,0.00126204,0.03956822,0.01423919,260689,0.10403155,White,6466664,PA,23
PA-24,334168,334168,0.00229583,0.34767597,0.63693967,0.88076007,0.11923993,0.04470032,0.03557194,0.00098695,0.0202042,0.01561354,264450,-0.28926370,White,1485172,PA,24
PA-25,333194,333194,-0.00062556,0.28487083,0.70137837,0.92014655,0.07985345,0.01865421,0.02588854,0.00075288,0.00950042,0.01801688,268304,-0.41650754,White,187291,PA,25
PA-26,333298,333298,-0.00031363,0.44069534,0.54445768,0.83955467,0.16044533,0.05561522,0.03706953,0.00174025,0.05155585,0.01242568,274673,-0.10376234,White,828632,PA,26
PA-27,333915,333915,0.00153699,0.30366242,0.68203412,0.88190295,0.11809705,0.03254508,0.05339224,0.00090424,0.01404437,0.01605506,262098,-0.37837170,White,860632,PA,27
PA-28,332722,332722,-0.00204127,0.22759815,0.76214942,0.93699444,0.06300556,0.02228899,0.01406792,0.00070585,0.00713399,0.01332055,264929,-0.53455127,White,302408,PA,28
PA-29,333678,333678,0.00082614,0.25609778,0.73015398,0.93329722,0.06670278,0.01969988,0.01720261,0.00065679,0.00654931,0.01473873,269494,-0.47405620,White,146865,PA,29
PA-30,333066,333066,-0.00100948,0.27732208,0.71168388,0.92331332,0.07668668,0.03570915,0.01351775,0.00064932,0.00778082,0.01251794,271051,-0.43436180,White,406315,PA,30
PA-31,332912,332912,-0.00147139,0.30315755,0.68389997,0.93833066,0.06166934,0.01411346,0.01247515,0.00065382,0.01266303,0.01335067,266129,-0.38074242,White,459440,PA,31
PA-32,333835,333835,0.00129704,0.46528491,0.52092707,0.85702278,0.14297722,0.06819998,0.03057955,0.0006483,0.02215538,0.01494489,265308,-0.05564216,White,803346,PA,32
PA-33,332863,332863,-0.00161836,0.36972808,0.61805765,0.90008752,0.09991248,0.05259688,0.01403378,0.00084173,0.00760908,0.01578428,268495,-0.24832957,White,827254,PA,33
PA-34,334170,334170,0.00230183,0.34924028,0.63911218,0.92993593,0.07006407,0.02680289,0.01150945,0.00054946,0.01161568,0.01157905,272993,-0.28987190,White,1218265,PA,34
PA-35,333074,333074,-0.00098549,0.34931306,0.64105627,0.91112069,0.08887931,0.04186926,0.01326429,0.0010289,0.00928983,0.01443435,269219,-0.29174321,White,568748,PA,35
PA-36,332581,332581,-0.00246418,0.50798278,0.47947425,0.88151159,0.11848841,0.04294663,0.01768568,0.00072325,0.04085223,0.01050217,265469,0.02850853,White,4197547,PA,36
PA-37,332567,332567,-0.00250617,0.53537914,0.45273729,0.8556392,0.1443608,0.05166637,0.02301208,0.00075129,0.05355962,0.01057068,266208,0.08264185,White,5383433,PA,37
PA-38,333215,333215,-0.00056258,0.57077054,0.4185578,0.73197353,0.26802647,0.21293347,0.01969738,0.00098321,0.01945802,0.01448672,271559,0.15221274,White,3980609,PA,38
PA-39,333138,333138,-0.00079353,0.75926582,0.22963375,0.66518441,0.33481559,0.21032725,0.03307506,0.00106397,0.07802349,0.01223038,282902,0.52963207,White,18360586,PA,39
RI-1,366185,366185,0.00107164,0.73580073,0.24544253,0.46078363,0.53921637,0.16651157,0.31574488,0.00290286,0.05450846,0.02687227,287992,0.49035820,Minority,26783558,RI,1
RI-2,365284,365284,-0.0013915,0.60261647,0.37598938,0.8751735,0.1248265,0.03043743,0.04287348,0.00154666,0.03059275,0.0155492,302588,0.22662709,White,3280346,RI,2
RI-3,365910,365910,0.00031985,0.49246136,0.48826096,0.82459413,0.17540587,0.04444908,0.07435003,0.00118176,0.04037183,0.01415085,297014,0.00420040,White,2035658,RI,3
SC-1,320146,320146,0.0007641,0.42910302,0.5564691,0.69466104,0.30533896,0.19270574,0.07701514,0.00153264,0.01616777,0.02011787,253158,-0.12736608,White,564712,SC,1
SC-2,320616,320616,0.0022333,0.326218,0.65819111,0.73104076,0.26895924,0.17294629,0.05597249,0.00142409,0.01680591,0.02406797,247175,-0.33197311,White,778108,SC,2
SC-3,319954,319954,0.00016392,0.24716093,0.7369714,0.83336201,0.16663799,0.07732309,0.04219614,0.00092275,0.02088693,0.02315079,255758,-0.48981047,White,819324,SC,3
SC-4,319590,319590,-0.00097393,0.29046406,0.69180261,0.77805949,0.22194051,0.10209231,0.07122879,0.00127575,0.02669822,0.02120887,248481,-0.40133855,White,1658837,SC,4
SC-5,320631,320631,0.00228019,0.36787455,0.61727651,0.73993691,0.26006309,0.14813976,0.05513183,0.00091427,0.03257172,0.02335494,242818,-0.24940196,White,1059109,SC,5
SC-6,319517,319517,-0.00120213,0.58042483,0.41058778,0.42510795,0.57489205,0.52032157,0.03303095,0.00126936,0.01014299,0.01512156,252884,0.16983705,Black,200373,SC,6
SC-7,320025,320025,0.00038586,0.33936622,0.65073656,0.78954287,0.21045713,0.11194784,0.05603777,0.00160376,0.01829866,0.01998881,266249,-0.31137034,White,1961043,SC,7
SC-8,319677,319677,-0.00070197,0.52953569,0.4520191,0.74634573,0.25365427,0.17643001,0.03713038,0.00147211,0.02338424,0.01361897,259491,0.07751659,White,1295683,SC,8
SC-9,319122,319122,-0.00243688,0.60848576,0.37597484,0.52312479,0.47687521,0.3982098,0.04133127,0.00186611,0.02599513,0.01604384,252932,0.23251092,White,688112,SC,9
SC-10,320901,320901,0.0031242,0.35616147,0.63221648,0.65584734,0.34415266,0.27187369,0.04750788,0.00094407,0.00824386,0.01810727,253158,-0.27605501,White,331426,SC,10
SC-11,319799,319799,-0.00032061,0.53444273,0.44619682,0.5398099,0.4601901,0.29721976,0.11649409,0.00166305,0.0316626,0.02029239,247137,0.08824591,White,4927882,SC,11
SC-12,319175,319175,-0.00227121,0.32161079,0.66379203,0.73867009,0.26132991,0.16508305,0.05348915,0.00106167,0.02203676,0.0191223,243956,-0.34218124,White,774350,SC,12
SC-13,319268,319268,-0.00198049,0.5640557,0.42031236,0.51334699,0.48665301,0.38426389,0.05829879,0.00200086,0.02979055,0.01973068,251892,0.14374334,White,950174,SC,13
SC-14,319609,319609,-0.00091454,0.41233447,0.57704072,0.62831848,0.37168152,0.31038157,0.03001703,0.0009334,0.01327191,0.0184677,249625,-0.16470625,White,331548,SC,14
SC-15,319553,319553,-0.00108959,0.51989176,0.46036089,0.54433072,0.45566928,0.28806503,0.10439796,0.00296144,0.03950238,0.02463736,242112,0.05953087,White,3886517,SC,15
SC-16,320842,320842,0.00293977,0.55362568,0.43461623,0.48455382,0.51544618,0.43430627,0.04535726,0.00147799,0.01999322,0.02131371,247634,0.11900945,Minority,467731,SC,16
SD-1,295237,295237,-0.0010782,0.41793723,0.55522913,0.8539254,0.1460746,0.04280528,0.04077017,0.00121925,0.02545473,0.03312831,220627,-0.13729190,White,431134,SD,1
SD-2,295238,295238,-0.00107481,0.31470675,0.66242454,0.88732207,0.11267793,0.01148146,0.03594274,0.00137423,0.01743941,0.04632039,225581,-0.34771779,White,35083,SD,2
SD-3,296192,296192,0.00215301,0.33584624,0.63517745,0.75104799,0.24895201,0.01310038,0.03027165,0.00203545,0.01280448,0.19215681,223047,-0.29933121,White,21976,SD,3
TN-1,329441,329441,0.00107382,0.24335535,0.74060766,0.90129546,0.09870454,0.03145008,0.02684208,0.00082832,0.01182783,0.0241034,268012,-0.49725231,White,832981,TN,1
TN-2,329412,329412,0.0009857,0.20406715,0.7801926,0.89449004,0.10550996,0.0284486,0.04034362,0.00146871,0.00887728,0.02457411,261454,-0.57612545,White,620144,TN,2
TN-3,329157,329157,0.00021083,0.23211526,0.74789205,0.88495107,0.11504893,0.02163284,0.0500476,0.00075016,0.01177031,0.02785119,262610,-0.51577679,White,606334,TN,3
TN-4,328450,328450,-0.00193754,0.20578796,0.77709683,0.88181322,0.11818678,0.03556294,0.03779331,0.00107673,0.01017512,0.03164825,260046,-0.57130887,White,526798,TN,4
TN-5,328465,328465,-0.00189196,0.47135533,0.5084249,0.68789374,0.31210626,0.19560859,0.06402437,0.0012299,0.0296025,0.02394263,259370,-0.03706957,White,3684811,TN,5
TN-6,328359,328359,-0.00221406,0.48818488,0.48999635,0.76905143,0.23094857,0.1112466,0.05454385,0.00146867,0.03874132,0.02488678,260781,-0.00181147,White,4978805,TN,6
TN-7,329797,329797,0.0021556,0.25091905,0.73423553,0.90078895,0.09921105,0.031123,0.02755542,0.00097752,0.01062962,0.02573507,259840,-0.48331648,White,641863,TN,7
TN-8,329509,329509,0.00128045,0.20214957,0.78448448,0.90740705,0.09259295,0.02648687,0.03058977,0.00091176,0.0086272,0.02430325,261035,-0.58233491,White,251725,TN,8
TN-9,329150,329150,0.00018956,0.21475015,0.76826483,0.88767643,0.11232357,0.03651028,0.03554074,0.00096181,0.00850567,0.02732091,258886,-0.55351468,White,258453,TN,9
TN-10,328379,328379,-0.00215328,0.6834132,0.28231144,0.51911759,0.48088241,0.33678486,0.10107248,0.00150376,0.02522804,0.02296096,262010,0.40110176,White,4183213,TN,10
TN-11,328933,328933,-0.00046984,0.59678714,0.37617817,0.68289599,0.31710401,0.12100561,0.1119715,0.00141368,0.06833772,0.0187359,268095,0.22060897,White,6913758,TN,11
TN-12,328566,328566,-0.00158505,0.30370566,0.67676844,0.81779893,0.18220107,0.08081857,0.05219033,0.00132542,0.02222071,0.0235621,250487,-0.37306278,White,1436444,TN,12
TN-13,329255,329255,0.00050862,0.49601247,0.47976467,0.58135035,0.41864965,0.22636478,0.12672249,0.00171944,0.04792082,0.0219422,246010,0.01624780,White,5188271,TN,13
TN-14,329327,329327,0.00072741,0.345532,0.63747345,0.83101047,0.16898953,0.05162864,0.04779582,0.00118605,0.04651821,0.01825272,240293,-0.29194145,White,1155307,TN,14
TN-15,328740,328740,-0.00105631,0.35398063,0.62351007,0.69844403,0.30155597,0.16580725,0.08071855,0.00509918,0.02805981,0.02743317,244157,-0.26952944,White,908155,TN,15
TN-16,328600,328600,-0.00148173,0.24135837,0.74491388,0.8368005,0.1631995,0.07715688,0.05086236,0.00098555,0.00870834,0.02399622,253665,-0.50355551,White,261888,TN,16
TN-17,329889,329889,0.00243516,0.23951393,0.74458126,0.82176936,0.17823064,0.11723787,0.02614143,0.00123261,0.0080489,0.0234779,257178,-0.50506733,White,236618,TN,17
TN-18,329919,329919,0.00252632,0.25808888,0.72741606,0.77674148,0.22325852,0.16580644,0.02667226,0.00098843,0.00868819,0.01936479,260008,-0.46932718,White,234334,TN,18
TN-19,328893,328893,-0.00059139,0.58275575,0.40165519,0.39851071,0.60148929,0.522436,0.04326598,0.00110691,0.02309612,0.01604814,248440,0.18110056,Black,1028587,TN,19
TN-20,329555,329555,0.00142023,0.62412342,0.3620429,0.35535026,0.64464974,0.51542925,0.06813069,0.0009833,0.05224418,0.0132482,247128,0.26208052,Black,6359433,TN,20
TN-21,329044,329044,-0.00013255,0.72387989,0.2586538,0.36039032,0.63960968,0.51078567,0.09310972,0.00125114,0.02613269,0.01562549,254968,0.46522609,Black,6926007,TN,21
TX-1,331915,331915,0.00216253,0.27552229,0.71232699,0.63485954,0.36514046,0.21347924,0.11006759,0.00129881,0.01331186,0.02961612,253308,-0.43680470,White,370445,TX,1
TX-2,331358,331358,0.00048076,0.41995028,0.5674796,0.429549,0.570451,0.18830401,0.33225014,0.0031196,0.03407661,0.02713718,238492,-0.14752932,Minority,4355153,TX,2
TX-3,330425,330425,-0.00233628,0.4007214,0.57971944,0.60825417,0.39174583,0.10884291,0.16387209,0.00198357,0.09452747,0.02877437,236947,-0.17899804,White,2677672,TX,3
TX-4,331003,331003,-0.0005911,0.2214051,0.76623558,0.7239572,0.2760428,0.08374314,0.13620535,0.00146309,0.01317175,0.04399522,253573,-0.54483048,White,223668,TX,4
TX-5,330946,330946,-0.00076321,0.22241579,0.76720171,0.71446317,0.28553683,0.09392199,0.14700763,0.00124222,0.01269553,0.03341923,248749,-0.54478592,White,366535,TX,5
TX-6,330424,330424,-0.0023393,0.2826894,0.70285634,0.63285506,0.36714494,0.1185713,0.20824019,0.00366374,0.01085807,0.03049218,247834,-0.42016694,White,369371,TX,6
TX-7,330482,330482,-0.00216418,0.58871928,0.39853585,0.2992133,0.7007867,0.25561095,0.28338226,0.00177454,0.15930447,0.02124396,257532,0.19018343,Minority,30656975,TX,7
TX-8,331485,331485,0.00086422,0.204994,0.78239953,0.66141315,0.33858685,0.05162565,0.24001555,0.00182584,0.01913695,0.03331458,247009,-0.57740553,White,1544837,TX,8
TX-9,330858,330858,-0.00102891,0.82185664,0.16735519,0.10588729,0.89411271,0.49774287,0.29878927,0.0016067,0.10096117,0.0209442,245223,0.65450145,Black,11680825,TX,9
TX-10,331220,331220,0.00006409,0.43291094,0.54472153,0.5040225,0.4959775,0.10282173,0.33253848,0.00179035,0.04424946,0.02730286,259167,-0.11181059,White,471759,TX,10
TX-11,330627,330627,-0.00172637,0.22522649,0.76063252,0.50844416,0.49155584,0.05577918,0.39449182,0.00222268,0.02212081,0.02719016,245199,-0.53540603,White,75093,TX,11
TX-12,332008,332008,0.00244333,0.38171649,0.60089116,0.6034057,0.3965943,0.09616637,0.18831559,0.00313761,0.08789104,0.03021321,236486,-0.21917467,White,7123558,TX,12
TX-13,331205,331205,0.0000188,0.2008091,0.78324043,0.62755055,0.37244945,0.06242266,0.25068382,0.00110933,0.02966748,0.03497383,249701,-0.58243133,White,100410,TX,13
TX-14,330787,330787,-0.00124328,0.39270325,0.59124182,0.55374675,0.44625325,0.12988096,0.22824622,0.00188501,0.06898322,0.02538743,249336,-0.19853857,White,3382211,TX,14
TX-15,330488,330488,-0.00214606,0.56114354,0.42980439,0.06816859,0.93183141,0.00574001,0.91310629,0.00046576,0.01223472,0.01488263,231881,0.13133915,Hispanic,2098329,TX,15
TX-16,331422,331422,0.000674,0.63819505,0.34525453,0.18624034,0.81375966,0.0520734,0.73123099,0.00349292,0.02955336,0.02638085,252797,0.29294052,Hispanic,6646372,TX,16
TX-17,331656,331656,0.00138052,0.33580062,0.64895062,0.60307225,0.39692775,0.13374529,0.21850708,0.00154681,0.02182935,0.02909261,252779,-0.31315000,White,352154,TX,17
TX-18,330858,330858,-0.00102891,0.85372902,0.13487386,0.13199005,0.86800995,0.49892392,0.32315067,0.00236698,0.04718051,0.01989856,251375,0.71885516,Black,11781719,TX,18
TX-19,332176,332176,0.00295058,0.3218998,0.66240818,0.53147993,0.46852007,0.08918688,0.32364811,0.00143996,0.03651979,0.02797076,253479,-0.34050838,White,729684,TX,19
TX-20,330322,330322,-0.00264727,0.73070912,0.25483185,0.10138113,0.89861887,0.04260739,0.84499268,0.00190938,0.01175884,0.02762264,244582,0.47587727,Hispanic,16482158,TX,20
TX-21,330783,330783,-0.00125536,0.34712982,0.6363054,0.67489648,0.32510352,0.02808307,0.25167346,0.0021755,0.01959899,0.02824652,256952,-0.28917558,White,585924,TX,21
TX-22,330800,330800,-0.00120403,0.42888814,0.55555714,0.46326415,0.53673585,0.11503422,0.24286605,0.0015403,0.16594885,0.01934493,235669,-0.12666900,Minority,10378189,TX,22
TX-23,331788,331788,0.00177907,0.58398354,0.40103966,0.12306596,0.87693404,0.01368115,0.8529246,0.00132827,0.00716057,0.02264092,248444,0.18294388,Hispanic,36894,TX,23
TX-24,332132,332132,0.00281773,0.38019165,0.60308579,0.64373089,0.35626911,0.06799368,0.18619451,0.00362806,0.07491176,0.02966518,254406,-0.22289414,White,10119529,TX,24
TX-25,331793,331793,0.00179417,0.31905097,0.66719743,0.6580726,0.3419274,0.09132323,0.18692402,0.00391909,0.0315541,0.03403122,248272,-0.34814646,White,1622284,TX,25
TX-26,331548,331548,0.00105443,0.3266908,0.65767258,0.72575778,0.27424222,0.05146498,0.12432845,0.00202709,0.06828696,0.03070488,241232,-0.33098178,White,1666962,TX,26
TX-27,331298,331298,0.0002996,0.30084971,0.68548007,0.48415057,0.51584943,0.04299269,0.43570136,0.00160163,0.02007137,0.02364362,254741,-0.38463036,Minority,188360,TX,27
TX-28,331040,331040,-0.00047939,0.57315909,0.41664746,0.06111049,0.93888951,0.00647404,0.92261473,0.00063203,0.00564984,0.01194879,234166,0.15651163,Hispanic,170321,TX,28
TX-29,330364,330364,-0.00252046,0.69034976,0.29825121,0.09357688,0.90642312,0.14845868,0.73610487,0.00113956,0.02378101,0.02997787,240444,0.39209855,Hispanic,12321963,TX,29
TX-30,330615,330615,-0.00176261,0.86265654,0.12606684,0.09680477,0.90319523,0.53217669,0.35892371,0.00119522,0.01013215,0.02497389,238449,0.73658970,Black,5591029,TX,30
TX-31,330807,330807,-0.00118289,0.49270698,0.48430698,0.42717551,0.57282449,0.27388474,0.23321948,0.01477496,0.05125544,0.03282085,241828,0.00840000,Minority,3944417,TX,31
TX-32,331529,331529,0.00099707,0.72198671,0.26337449,0.19211505,0.80788495,0.20373823,0.58179022,0.00144919,0.01589023,0.03622973,235994,0.45861222,Hispanic,16563688,TX,32
TX-33,331233,331233,0.00010334,0.68459001,0.30063687,0.19167178,0.80832822,0.1211202,0.64239763,0.00172047,0.03620805,0.03633565,242957,0.38395314,Hispanic,13374790,TX,33
TX-34,331918,331918,0.00217159,0.57357778,0.41527732,0.09108616,0.90891384,0.00613072,0.89201739,0.0007225,0.00918974,0.01465288,236677,0.15830046,Hispanic,1798846,TX,34
TX-35,331212,331212,0.00003994,0.70174957,0.27593842,0.3025906,0.6974094,0.1048153,0.5430588,0.0117008,0.04324581,0.03334201,245966,0.42581115,Hispanic,2947208,TX,35
TX-36,330856,330856,-0.00103495,0.17264611,0.81827382,0.71130051,0.28869949,0.10655784,0.14631918,0.00115401,0.00947653,0.02621372,249564,-0.64562771,White,164291,TX,36
TX-37,330746,330746,-0.00136707,0.78781114,0.18964375,0.56941792,0.43058208,0.06039594,0.26223597,0.00234814,0.09187309,0.02587583,280648,0.59816739,White,17630875,TX,37
TX-38,331338,331338,0.00042037,0.41800591,0.56786234,0.47928826,0.52071174,0.15934606,0.25149564,0.00249612,0.09492577,0.02724631,246382,-0.14985643,Minority,13027444,TX,38
TX-39,330218,330218,-0.00296128,0.2734981,0.71356286,0.62069281,0.37930719,0.16602165,0.17292349,0.00117613,0.01732414,0.02678884,251672,-0.44006476,White,512002,TX,39
TX-40,331570,331570,0.00112086,0.35303044,0.63165384,0.60944264,0.39055736,0.07984642,0.22257658,0.00308225,0.06465326,0.02678968,243004,-0.27862340,White,6357258,TX,40
TX-41,331819,331819,0.00187267,0.29839234,0.68591339,0.66337752,0.33662248,0.09171684,0.16491023,0.00213228,0.04792113,0.03507422,244339,-0.38752105,White,695448,TX,41
TX-42,330789,330789,-0.00123724,0.51890707,0.46487214,0.47598357,0.52401643,0.11063111,0.10581907,0.00216,0.289298,0.01865605,239815,0.05403493,Minority,13778205,TX,42
TX-43,331179,331179,-0.0000597,0.21854887,0.76941731,0.70863089,0.29136911,0.01900865,0.23426389,0.00202694,0.01140293,0.02810155,264932,-0.55086844,White,82528,TX,43
TX-44,330949,330949,-0.00075415,0.61178091,0.37292482,0.2707662,0.7292338,0.11735361,0.38293806,0.00195522,0.21908957,0.02639953,248565,0.23885609,Hispanic,12001962,TX,44
TX-45,332020,332020,0.00247956,0.58245401,0.40389926,0.26947713,0.73052287,0.1943631,0.16346127,0.00145411,0.36801937,0.01399275,246199,0.17855475,Asian,11753313,TX,45
TX-46,331224,331224,0.00007617,0.52590277,0.46041895,0.30483346,0.69516654,0.19996792,0.34570795,0.00193289,0.14242944,0.02707282,243159,0.06548382,Hispanic,15036148,TX,46
TX-47,330567,330567,-0.00190753,0.64160257,0.34424517,0.31225347,0.68774653,0.33667987,0.29202063,0.0023542,0.04926384,0.02500768,240846,0.29735740,Black,12063865,TX,47
TX-48,331146,331146,-0.00015934,0.588786,0.39126347,0.71506681,0.28493319,0.02854545,0.12543849,0.00203812,0.10794201,0.02145514,255137,0.19752253,White,2868918,TX,48
TX-49,330957,330957,-0.00072999,0.20746554,0.78142392,0.40837064,0.59162936,0.04945458,0.51545793,0.00184225,0.01340614,0.02400325,241009,-0.57395838,Hispanic,82895,TX,49
TX-50,331185,331185,-0.00004158,0.26457107,0.72041545,0.74178067,0.25821933,0.04742426,0.15593788,0.00210626,0.02206256,0.03241668,254005,-0.45584438,White,644018,TX,50
TX-51,331163,331163,-0.00010801,0.2182571,0.76758426,0.55190118,0.44809882,0.06972783,0.3374189,0.00243849,0.0189776,0.03183288,248925,-0.54932716,White,50635,TX,51
TX-52,331423,331423,0.00067702,0.41190153,0.57606357,0.49243513,0.50756487,0.28207199,0.17430281,0.00093051,0.03712151,0.02043168,252549,-0.16416204,Minority,1094863,TX,52
TX-53,331527,331527,0.00099103,0.57718394,0.41237113,0.07546472,0.92453528,0.01142967,0.89297716,0.00041261,0.01890765,0.01514314,235090,0.16481281,Hispanic,1630783,TX,53
TX-54,331490,331490,0.00087931,0.66634254,0.31903308,0.12290547,0.87709453,0.04682093,0.80849623,0.00401771,0.02190125,0.02342492,242178,0.34730946,Hispanic,2766120,TX,54
TX-55,331812,331812,0.00185154,0.27417646,0.70955225,0.63453747,0.36546253,0.12554109,0.1919048,0.00159439,0.02546407,0.024586,259660,-0.43537579,White,189385,TX,55
TX-56,331675,331675,0.00143789,0.78778067,0.20123198,0.0818055,0.9181945,0.42244834,0.45359066,0.00302022,0.04413779,0.02698207,235082,0.58654869,Hispanic,13006745,TX,56
TX-57,331056,331056,-0.00043108,0.18876475,0.79644717,0.70852082,0.29147918,0.05557397,0.19100396,0.00181168,0.01627749,0.03200635,253356,-0.60768242,White,89823,TX,57
TX-58,330913,330913,-0.00086284,0.68141162,0.30384923,0.24364369,0.75635631,0.09298044,0.63989767,0.0024916,0.02115507,0.02942905,255258,0.37756239,Hispanic,14480393,TX,58
TX-59,330422,330422,-0.00234534,0.41513268,0.57021765,0.5268438,0.4731562,0.07774992,0.314412,0.00435449,0.06745564,0.02620476,244116,-0.15508497,White,2882233,TX,59
TX-60,331340,331340,0.00042641,0.33994773,0.64504402,0.49561725,0.50438275,0.12457678,0.31296595,0.00136732,0.04836491,0.02582039,245736,-0.30509629,Minority,708519,TX,60
TX-61,332139,332139,0.00283886,0.59350052,0.38973277,0.27214805,0.72785195,0.10458765,0.56812249,0.00489121,0.05321119,0.03044809,239818,0.20376775,Hispanic,11040521,TX,61
TX-62,331739,331739,0.00163113,0.58606527,0.39885941,0.64253475,0.35746525,0.10730457,0.16384018,0.00158709,0.06899895,0.02157653,278497,0.18720586,White,19841232,TX,62
TX-63,330702,330702,-0.00149992,0.18739142,0.79753388,0.72930536,0.27069464,0.06217725,0.16142755,0.0050434,0.01678669,0.03117806,257168,-0.61014246,White,142452,TX,63
TX-64,330820,330820,-0.00114364,0.54269995,0.44096243,0.4468347,0.5531653,0.1635006,0.21779691,0.00219278,0.15506032,0.02665189,259944,0.10173752,Minority,14961353,TX,64
TX-65,330548,330548,-0.0019649,0.53104994,0.45392287,0.25743732,0.74256268,0.04999447,0.65599412,0.00176251,0.02897474,0.02135958,253048,0.07712707,Hispanic,387048,TX,65
TX-66,330539,330539,-0.00199207,0.49060059,0.49808785,0.19352676,0.80647324,0.03779217,0.74849489,0.00166532,0.01234021,0.02399744,237192,-0.00748726,Hispanic,136888,TX,66
TX-67,330899,330899,-0.00090511,0.63673206,0.34812744,0.22176168,0.77823832,0.09703712,0.64074314,0.00142943,0.03607969,0.03238939,244154,0.28860462,Hispanic,17725360,TX,67
TX-68,330622,330622,-0.00174147,0.73178852,0.25641818,0.21375432,0.78624568,0.4662738,0.23288051,0.00184852,0.08148791,0.02379091,241815,0.47537034,Black,9988364,TX,68
TX-69,331518,331518,0.00096385,0.52975718,0.44598643,0.59614495,0.40385505,0.06449488,0.18510108,0.00276179,0.13315903,0.02603035,244407,0.08377075,White,6996617,TX,69
TX-70,331752,331752,0.00167038,0.55634414,0.42974489,0.33258246,0.66741754,0.19720855,0.3725491,0.00171297,0.08362905,0.03231345,244604,0.12659925,Hispanic,11022472,TX,70
TX-71,331885,331885,0.00207195,0.60642226,0.37582573,0.36070967,0.63929033,0.14337842,0.44930215,0.00152904,0.03427764,0.02595775,250484,0.23059653,Hispanic,14725986,TX,71
TX-72,331911,331911,0.00215045,0.5760021,0.41428128,0.09645627,0.90354373,0.00568773,0.88986443,0.0006402,0.00603178,0.01480727,229617,0.16172082,Hispanic,2335334,TX,72
TX-73,332089,332089,0.00268789,0.56033479,0.4220873,0.33925055,0.66074945,0.16546009,0.44524704,0.00553486,0.04469195,0.0325995,249329,0.13824749,Hispanic,11590241,TX,73
TX-74,331953,331953,0.00227726,0.36481745,0.61934765,0.5440563,0.4559437,0.09247825,0.29784211,0.00160694,0.0444798,0.02807001,252654,-0.25453020,White,5706914,TX,74
TX-75,331994,331994,0.00240106,0.80402456,0.17452837,0.40151208,0.59848792,0.13332148,0.35442027,0.00239527,0.10127861,0.02960219,264271,0.62949619,Minority,15268206,TX,75
TX-76,331626,331626,0.00128994,0.59525162,0.38998208,0.61518601,0.38481399,0.07275655,0.15988329,0.00175656,0.13696039,0.0167439,273831,0.20526954,White,23025650,TX,76
TX-77,330821,330821,-0.00114062,0.52347399,0.46244365,0.25339314,0.74660686,0.10929604,0.54886909,0.00159532,0.0823647,0.02643384,243211,0.06103034,Hispanic,16444079,TX,77
TX-78,331166,331166,-0.00009895,0.6433383,0.34449408,0.11846498,0.88153502,0.20134526,0.52458914,0.00174585,0.15661661,0.02702546,241143,0.29884422,Hispanic,28727627,TX,78
TX-79,331011,331011,-0.00056695,0.56330888,0.42236201,0.25106003,0.74893997,0.14759843,0.5011865,0.00172319,0.09641255,0.03418424,243153,0.14094687,Hispanic,15398605,TX,79
TX-80,330238,330238,-0.00290089,0.34407574,0.64189059,0.53396789,0.46603211,0.12796268,0.24754708,0.00192378,0.07070199,0.0262623,238593,-0.29781485,White,1692107,TX,80
TX-81,331685,331685,0.00146808,0.23072963,0.7592808,0.58265811,0.41734189,0.08997639,0.29920621,0.0011452,0.01186769,0.02167246,254978,-0.52855117,White,126730,TX,81
TX-82,330877,330877,-0.00097154,0.57045789,0.4127333,0.3796508,0.6203492,0.07890682,0.45607896,0.00345808,0.07907257,0.02898687,265465,0.15772459,Hispanic,16415445,TX,82
TX-83,330675,330675,-0.00158145,0.54456502,0.43290995,0.52550759,0.47449241,0.12192673,0.26016896,0.00325423,0.07587556,0.02863076,247985,0.11165507,White,5554300,TX,83
TX-84,330988,330988,-0.00063639,0.59588243,0.38739236,0.45030737,0.54969263,0.20620739,0.24281431,0.00174374,0.08742932,0.02486268,259787,0.20849007,Minority,19842995,TX,84
TX-85,331213,331213,0.00004296,0.5416856,0.43986648,0.48840522,0.51159478,0.1124654,0.16871528,0.00179086,0.21262768,0.02328503,261885,0.10181912,Minority,16595929,TX,85
TX-86,331809,331809,0.00184248,0.51339879,0.4694009,0.54419416,0.45580584,0.13942036,0.18887915,0.00225744,0.10557518,0.0292033,244082,0.04399789,White,6756298,TX,86
TX-87,331509,331509,0.00093668,0.58111123,0.40257065,0.35292046,0.64707954,0.24004021,0.28694403,0.00708841,0.10433933,0.02840113,252666,0.17854058,Minority,14821617,TX,87
TX-88,330855,330855,-0.00103796,0.24823995,0.74093898,0.64611575,0.35388425,0.15665078,0.16213077,0.00098832,0.01066771,0.02644239,260037,-0.49269903,White,188078,TX,88
UT-1,327494,327494,0.00101601,0.32142925,0.61052839,0.82885565,0.17114435,0.0178088,0.09428769,0.01099558,0.03336002,0.01861829,222362,-0.28909914,White,1908092,UT,1
UT-2,327041,327041,-0.00036863,0.35960433,0.581235,0.77610604,0.22389396,0.01935705,0.15350086,0.00707309,0.02648503,0.02413297,236813,-0.22163067,White,734689,UT,2
UT-3,326317,326317,-0.0025816,0.21706651,0.73465941,0.84783549,0.15216451,0.00995535,0.09564747,0.00946651,0.01780494,0.02164982,212750,-0.51759290,White,59725,UT,3
UT-4,326349,326349,-0.00248379,0.20232703,0.75693753,0.85065888,0.14934112,0.00860007,0.09119186,0.00960888,0.01586768,0.02541351,237905,-0.55461050,White,34307,UT,4
UT-5,327704,327704,0.0016579,0.23468009,0.71416738,0.83096887,0.16903113,0.0065797,0.09180985,0.00774861,0.01367536,0.0515326,219007,-0.47948729,White,46648,UT,5
UT-6,327982,327982,0.00250763,0.30454863,0.6194574,0.76618664,0.23381336,0.01414483,0.14797958,0.02108301,0.03620942,0.02107462,238391,-0.31490877,White,3377511,UT,6
UT-7,327393,327393,0.0007073,0.34020045,0.60277361,0.79383404,0.20616596,0.01446177,0.11303646,0.01679012,0.04761993,0.01626601,215603,-0.26257316,White,6070186,UT,7
UT-8,326913,326913,-0.00075987,0.58260662,0.37420747,0.80030419,0.19969581,0.01760652,0.09574489,0.0093567,0.05835792,0.01692965,251157,0.20839915,White,2925870,UT,8
UT-9,326858,326858,-0.00092798,0.57434713,0.3770334,0.7071733,0.2928267,0.02714113,0.17340169,0.01799357,0.05390028,0.02476478,248700,0.19731373,White,16548355,UT,9
UT-10,327565,327565,0.00123303,0.59601937,0.35266564,0.55716908,0.44283092,0.03342683,0.29135369,0.03691121,0.06244536,0.03330668,241363,0.24335373,White,4395969,UT,10
VA-1,331191,331191,-0.00236659,0.40860023,0.5733147,0.74533035,0.25466965,0.15985569,0.03911342,0.00243435,0.03221038,0.02332634,262493,-0.16471447,White,437919,VA,1
VA-2,332545,332545,0.00171201,0.52752282,0.45083605,0.6289065,0.3710935,0.21284513,0.07869949,0.00406029,0.06489223,0.02241918,262543,0.07668677,White,1214519,VA,2
VA-3,331857,331857,-0.00036043,0.71221532,0.2666576,0.41923902,0.58076098,0.45187968,0.07425752,0.0043951,0.04508587,0.02304583,263475,0.44555772,Black,13050924,VA,3
VA-4,332708,332708,0.002203,0.62350568,0.36252823,0.42387468,0.57612532,0.46849022,0.06611711,0.0021949,0.02838715,0.02204546,259237,0.26097745,Black,1546813,VA,4
VA-5,332023,332023,0.00013961,0.41017365,0.5789873,0.61651078,0.38348922,0.3291963,0.03297676,0.00079156,0.00824046,0.01556987,267825,-0.16881365,White,236542,VA,5
VA-6,331225,331225,-0.00226418,0.32497266,0.657312,0.83463364,0.16536636,0.06447173,0.06340081,0.00129516,0.01594782,0.02068771,258656,-0.33233934,White,372886,VA,6
VA-7,331992,331992,0.00004623,0.53180514,0.44623841,0.57302635,0.42697365,0.22406755,0.13056276,0.00338258,0.05604027,0.02696714,245966,0.08556673,White,2554917,VA,7
VA-8,331610,331610,-0.00110446,0.79907388,0.17761259,0.62474568,0.37525432,0.10410405,0.13883851,0.00221482,0.12072994,0.01789518,271805,0.62146129,White,33685052,VA,8
VA-9,332563,332563,0.00176623,0.19490055,0.7942148,0.92908644,0.07091356,0.03218263,0.01299365,0.00080889,0.00559602,0.01728075,271979,-0.59931425,White,229861,VA,9
VA-10,332507,332507,0.00159754,0.57298595,0.40608812,0.6485287,0.3514713,0.08197399,0.13371134,0.00190609,0.11990321,0.01760426,249201,0.16689783,White,1900668,VA,10
VA-11,331216,331216,-0.00229129,0.70902392,0.27110487,0.47109588,0.52890412,0.09003446,0.19962259,0.00203709,0.22936957,0.0195655,253303,0.43791905,Minority,18224951,VA,11
VA-12,332300,332300,0.000974,0.36525917,0.61691915,0.77389377,0.22610623,0.14431047,0.03555834,0.00142851,0.02331947,0.02104158,259011,-0.25165998,White,442088,VA,12
VA-13,331675,331675,-0.00090866,0.48888645,0.49036249,0.59444742,0.40555258,0.23495378,0.06374472,0.0039706,0.0925873,0.02155467,255629,-0.00147604,White,3046298,VA,13
VA-14,331416,331416,-0.00168884,0.67316648,0.30633565,0.40798413,0.59201587,0.46603928,0.07495059,0.00419973,0.04431723,0.02387827,259064,0.36683083,Black,9709499,VA,14
VA-15,332527,332527,0.00165779,0.77165848,0.20869015,0.44715037,0.55284963,0.39267419,0.11053029,0.00157794,0.04181904,0.01833322,267438,0.56296833,Minority,10600140,VA,15
VA-16,332643,332643,0.00200721,0.54490993,0.43510315,0.68368319,0.31631681,0.13012681,0.05990867,0.00119559,0.10952745,0.01450775,255105,0.10980678,White,8193548,VA,16
VA-17,332964,332964,0.00297414,0.352377,0.62859739,0.84153191,0.15846809,0.06233473,0.05900515,0.00130353,0.01911718,0.01826802,268502,-0.27622039,White,275392,VA,17
VA-18,331446,331446,-0.00159847,0.65808328,0.32421665,0.38150902,0.61849098,0.23756481,0.21464335,0.00331902,0.16164834,0.02089363,247061,0.33386663,Minority,8776411,VA,18
VA-19,331497,331497,-0.00144484,0.75479853,0.22634253,0.42540067,0.57459933,0.22402639,0.20302575,0.00285006,0.14192516,0.01944287,256135,0.52845600,Minority,12865684,VA,19
VA-20,331879,331879,-0.00029416,0.26710393,0.7165958,0.85002673,0.14997327,0.09432735,0.02467086,0.00088992,0.00974047,0.01835919,267441,-0.44949187,White,272214,VA,20
VA-21,332506,332506,0.00159453,0.54136402,0.43899119,0.55710195,0.44289805,0.11997209,0.20687235,0.00203631,0.10226996,0.02365693,246524,0.10237283,White,1429504,VA,21
VA-22,331016,331016,-0.00289374,0.6778309,0.29806536,0.60359065,0.39640935,0.06057418,0.09319943,0.00192899,0.22930038,0.01180386,256611,0.37976554,White,9699243,VA,22
VA-23,332106,332106,0.00038962,0.54337946,0.44057229,0.52978538,0.47021462,0.38903421,0.04077054,0.00235383,0.02606672,0.01998474,263401,0.10280717,White,399342,VA,23
VA-24,331575,331575,-0.00120989,0.57519712,0.40218358,0.71554319,0.28445681,0.16029802,0.0496807,0.00146394,0.0558427,0.0171117,267770,0.17301354,White,571796,VA,24
VA-25,331730,331730,-0.00074299,0.68143424,0.30052768,0.40136673,0.59863327,0.09589687,0.14852076,0.00207891,0.34661802,0.01492388,239549,0.38090656,Minority,8360790,VA,25
VA-26,332676,332676,0.00210661,0.49201699,0.48585325,0.75138306,0.24861694,0.12884937,0.04605874,0.00108046,0.05450563,0.01818216,269330,0.00616374,White,1878841,VA,26
VT-1,321632,321632,0.00029079,0.67010094,0.29775071,0.89319681,0.10680319,0.02069386,0.02130002,0.00106654,0.03039243,0.02517101,260657,0.37235023,White,259243,VT,1
VT-2,321445,321445,-0.00029079,0.65177048,0.31558537,0.91472757,0.08527243,0.01381219,0.02107837,0.00090969,0.01418743,0.02357244,263825,0.33618511,White,206396,VT,2
WA-1,334710,334710,-0.00090211,0.5976742,0.37017244,0.7761159,0.2238841,0.01627733,0.10131181,0.00672503,0.05280806,0.04458734,268103,0.22750176,White,381877,WA,1
WA-2,335663,335663,0.00194256,0.70469123,0.26468224,0.59959353,0.40040647,0.06107696,0.09623653,0.01093012,0.20978791,0.02631858,264224,0.44000899,White,15917926,WA,2
WA-3,334621,334621,-0.00116777,0.57178361,0.39527234,0.7292616,0.2707384,0.03852767,0.10928766,0.01661539,0.07660429,0.03448754,259398,0.17651127,White,9588298,WA,3
WA-4,334181,334181,-0.00248116,0.3521352,0.61451558,0.85112523,0.14887477,0.01778483,0.04500919,0.00659225,0.02697007,0.04676224,259547,-0.26238038,White,96029,WA,4
WA-5,334976,334976,-0.00010811,0.5367583,0.4237229,0.79489094,0.20510906,0.03575816,0.06355886,0.01123604,0.05134448,0.04267006,267799,0.11303540,White,354235,WA,5
WA-6,335626,335626,0.00183212,0.56292247,0.40503767,0.80210105,0.19789895,0.02084368,0.06147581,0.0084129,0.04688378,0.05851317,275767,0.15788480,White,155670,WA,6
WA-7,334713,334713,-0.00089315,0.89940941,0.07560371,0.60987847,0.39012153,0.06794831,0.07617865,0.00663571,0.22243179,0.02113483,291604,0.82380570,White,25910830,WA,7
WA-8,335463,335463,0.00134557,0.60277376,0.36392979,0.691803,0.308197,0.03047504,0.06527735,0.0072735,0.1768497,0.02746476,249811,0.23884397,White,642272,WA,8
WA-9,335175,335175,0.0004859,0.68343276,0.28924308,0.42769035,0.57230965,0.14466923,0.15904744,0.02756592,0.22832323,0.03171348,260394,0.39418968,Minority,12473640,WA,9
WA-10,334997,334997,-0.00004542,0.55365721,0.4092594,0.74515845,0.25484155,0.04133568,0.08519821,0.01548607,0.07432241,0.04208112,261590,0.14439781,White,1233895,WA,10
WA-11,334646,334646,-0.00109315,0.50463917,0.45770324,0.75641523,0.24358477,0.02333737,0.08269563,0.00768378,0.09366686,0.0331527,255213,0.04693593,White,320151,WA,11
WA-12,335716,335716,0.00210077,0.55768079,0.40506102,0.70237006,0.29762994,0.04467586,0.10355698,0.01189945,0.0985447,0.04331506,264550,0.15261977,White,2681471,WA,12
WA-13,334680,334680,-0.00099166,0.38220359,0.58764313,0.83074453,0.16925547,0.01487487,0.06787295,0.00813849,0.03290252,0.04051228,255330,-0.20543954,White,194587,WA,13
WA-14,335096,335096,0.00025009,0.39058757,0.58142664,0.65314254,0.34685746,0.01011929,0.26834369,0.0038493,0.0194211,0.04827893,251994,-0.19083907,White,68665,WA,14
WA-15,334964,334964,-0.00014393,0.4040873,0.55884789,0.65057409,0.34942591,0.02349522,0.25527313,0.0060727,0.03685595,0.03295407,250136,-0.15476059,White,226906,WA,15
WA-16,335270,335270,0.00076947,0.52907409,0.43153554,0.77263683,0.22736317,0.03993769,0.07239652,0.01432279,0.06138126,0.0423482,270897,0.09753855,White,786705,WA,16
WA-17,334729,334729,-0.00084539,0.8737628,0.10173637,0.68369421,0.31630579,0.05564353,0.07426978,0.00638314,0.15729268,0.02464073,284813,0.77202643,White,13207182,WA,17
WA-18,334958,334958,-0.00016184,0.7255357,0.24252405,0.60910061,0.39089939,0.02937361,0.06845551,0.00488285,0.26640977,0.01754534,261323,0.48301165,White,8545585,WA,18
WA-19,335121,335121,0.00032471,0.75130733,0.22259876,0.44880973,0.55119027,0.10540412,0.0841632,0.00816025,0.34297312,0.02024318,263595,0.52870857,Minority,11714668,WA,19
WA-20,334380,334380,-0.00188715,0.64195951,0.31864668,0.54904164,0.45095836,0.14519741,0.12942344,0.03007441,0.13009672,0.03990813,259922,0.32331283,White,6032191,WA,20
WA-21,335604,335604,0.00176645,0.41996445,0.55215067,0.53446743,0.46553257,0.01273188,0.37899774,0.00320972,0.01980561,0.06388573,243012,-0.13218622,White,127627,WA,21
WA-22,334932,334932,-0.00023945,0.56540073,0.40250399,0.5307875,0.4692125,0.11249828,0.14415511,0.0390667,0.15246375,0.04014992,254795,0.16289674,White,9691243,WA,22
WA-23,335060,335060,0.00014263,0.44344117,0.52069321,0.7305319,0.2694681,0.05388405,0.08466868,0.02112631,0.07731433,0.03785994,250872,-0.07725204,White,3134904,WA,23
WI-1,326776,326776,-0.00199365,0.52822352,0.45387121,0.70539253,0.29460747,0.11522425,0.13392723,0.00125003,0.02772613,0.02102502,252794,0.07435231,White,5218113,WI,1
WI-2,327981,327981,0.00168654,0.80255098,0.18097231,0.77238798,0.22761202,0.05544806,0.06325864,0.00125773,0.09168781,0.01491788,268738,0.62157867,White,2455006,WI,2
WI-3,327536,327536,0.00032747,0.58153568,0.40068821,0.84926367,0.15073633,0.04385813,0.06711386,0.00108723,0.01931501,0.01670487,254776,0.18084747,White,473607,WI,3
WI-4,328108,328108,0.00207441,0.50828091,0.47372054,0.91630785,0.08369215,0.01559513,0.02614603,0.00088604,0.02116398,0.01440208,257324,0.03456037,White,214433,WI,4
WI-5,326436,326436,-0.00303204,0.47602878,0.5041589,0.90145658,0.09854342,0.01459687,0.03119181,0.0011351,0.02788759,0.01965815,257247,-0.02813012,White,274757,WI,5
WI-6,326989,326989,-0.00134313,0.51201231,0.47092984,0.79963932,0.20036068,0.05268808,0.07289985,0.00100016,0.05707875,0.01735417,258958,0.04108247,White,7241866,WI,6
WI-7,328174,328174,0.00227598,0.70274132,0.27958648,0.59394449,0.40605551,0.08704066,0.25453088,0.00151681,0.0518491,0.02565676,255800,0.42315484,White,17516907,WI,7
WI-8,327668,327668,0.00073061,0.85347802,0.13163528,0.26274134,0.73725866,0.61929376,0.05951609,0.00144396,0.0549038,0.01630624,238927,0.72184274,Black,18966981,WI,8
WI-9,327603,327603,0.00053209,0.54127538,0.44178856,0.85758867,0.14241133,0.03983383,0.05416771,0.00108084,0.02804286,0.01521821,254432,0.09948682,White,531652,WI,9
WI-10,327236,327236,-0.00058876,0.34162639,0.64224232,0.9063223,0.0936777,0.0086546,0.05074355,0.00079847,0.01240545,0.01476969,256742,-0.30061593,White,873716,WI,10
WI-11,328101,328101,0.00205303,0.39050706,0.59316095,0.88598345,0.11401655,0.02014685,0.04548386,0.00092848,0.03069034,0.01186434,257410,-0.20265389,White,1914511,WI,11
WI-12,328009,328009,0.00177206,0.31897756,0.66663468,0.91606113,0.08393887,0.01953355,0.03328935,0.00106554,0.00845505,0.01755634,259963,-0.34765712,White,207632,WI,12
WI-13,326794,326794,-0.00193867,0.35630678,0.62672212,0.91714746,0.08285254,0.01076504,0.02791809,0.0006783,0.01328274,0.02594304,250626,-0.27041534,White,477099,WI,13
WI-14,326863,326863,-0.00172794,0.35619608,0.62875477,0.9013595,0.0986405,0.00789964,0.02173567,0.00082029,0.02546,0.03733667,257227,-0.27255869,White,159897,WI,14
WI-15,327915,327915,0.00148497,0.3585855,0.62446301,0.9327434,0.0672566,0.01028694,0.01919015,0.00106203,0.01053501,0.01967852,257997,-0.26587751,White,91247,WI,15
WI-16,327416,327416,-0.00003902,0.43140147,0.54974085,0.90666733,0.09333267,0.01006985,0.01779725,0.00104622,0.00920057,0.04842606,259984,-0.11833938,White,100712,WI,16
WI-17,327202,327202,-0.0006926,0.47843559,0.50280534,0.81009119,0.18990881,0.03316345,0.08188936,0.00117548,0.04197762,0.0320856,256065,-0.02436975,White,999073,WI,17
WI-18,326911,326911,-0.00158134,0.4932129,0.48531624,0.85465039,0.14534961,0.03246142,0.04993587,0.00127871,0.03938357,0.02014847,257290,0.00789666,White,3613860,WI,18
WV-1,358822,358822,0.00021966,0.34033735,0.6408425,0.89796812,0.10203188,0.03955326,0.01751043,0.00096463,0.01747623,0.01911131,292340,-0.30050515,White,457514,WV,1
WV-2,359443,359443,0.0019507,0.29785131,0.6850756,0.8780505,0.1219495,0.05328651,0.03061884,0.00088581,0.0122673,0.02147483,283355,-0.38722429,White,192001,WV,2
WV-3,359021,359021,0.00077437,0.24931098,0.7358942,0.90633969,0.09366031,0.04677073,0.0126654,0.00088095,0.00762091,0.020961,286055,-0.48658322,White,228927,WV,3
WV-4,357803,357803,-0.00262082,0.28337417,0.69939502,0.92786243,0.07213757,0.02529978,0.01077954,0.00066736,0.0103159,0.02005226,284706,-0.41602085,White,315875,WV,4
WV-5,358627,358627,-0.00032391,0.31390402,0.67049287,0.90163574,0.09836426,0.05485974,0.01045812,0.00065276,0.00887683,0.01979223,286476,-0.35658885,White,315554,WV,5
WY-1,287940,287940,-0.00165559,0.34770996,0.61426052,0.80168755,0.19831245,0.01787194,0.11000349,0.002799,0.01956131,0.04749698,220793,-0.26655056,White,21334,WY,1
WY-2,288911,288911,0.00171106,0.18538556,0.78236789,0.87526299,0.12473701,0.00898687,0.06286727,0.00177289,0.00997987,0.03602909,220544,-0.59698233,White,19961,WY,2
