id,TotalPop,DemPct,RepPct,WhitePct,MinorityPct,BlackPct,HispanicPct,PacificPct,AsianPct,NativePct,TotalVAP,Margin,DemPct_2,RepPct_2,Margin_2,Lean,Majority
AK-1,367244,0.49735811,0.4622894,0.59584787,0.40415213,0.05667178,0.07256861,0.0307855,0.1080234,0.15070853,282698,0.03506871,0.50398274,0.45992697,0.04405577,0.03259773,White
AK-2,366147,0.32722727,0.63213809,0.63447043,0.36552957,0.02817493,0.0476438,0.00914469,0.0474337,0.23269752,271305,-0.30491082,0.34874692,0.60966986,-0.26092294,-0.29571486,White
AL-1,456819,0.23047291,0.75716678,0.78096747,0.21903253,0.12351094,0.03870443,0.00125911,0.02250701,0.02954571,356600,-0.52669387,0.24235122,0.74379322,-0.501442,-0.52374325,White
AL-2,457134,0.26952353,0.72130012,0.65422706,0.34577294,0.26858045,0.0378546,0.00189781,0.01445491,0.02637471,354620,-0.45177659,0.29748891,0.69140996,-0.39392105,-0.43795808,White
AL-3,456354,0.58571374,0.40004988,0.40366211,0.59633789,0.51383462,0.03367799,0.00119841,0.03890081,0.013882,358810,0.18566386,0.61197643,0.37517113,0.2368053,0.19724434,Black
AL-4,456871,0.55488728,0.43357899,0.43710734,0.56289266,0.50291036,0.02975187,0.00104617,0.01362248,0.01952666,359406,0.12130829,0.58917609,0.40037944,0.18879665,0.13833774,Black
AL-5,457143,0.26081857,0.72931852,0.70240466,0.29759534,0.23665154,0.02740929,0.0010405,0.01192793,0.02067546,356558,-0.46849995,0.28855243,0.70051884,-0.41196641,-0.4551221,White
AL-6,455823,0.18205922,0.8082391,0.78878042,0.21121958,0.10398094,0.06325973,0.00116588,0.00910123,0.03722921,354238,-0.62617988,0.20421266,0.78388025,-0.57966759,-0.61614245,White
AL-7,455829,0.15187805,0.83873754,0.84755545,0.15244455,0.07504779,0.03810901,0.00086631,0.00906356,0.0269521,352069,-0.68685949,0.16178775,0.82641985,-0.6646321,-0.68491703,White
AL-8,457431,0.19571873,0.79320852,0.80758344,0.19241656,0.1015666,0.04879574,0.00083746,0.00786092,0.03345635,358228,-0.59748979,0.2209788,0.76615111,-0.54517231,-0.5855173,White
AL-9,456864,0.42694086,0.55149327,0.64624264,0.35375736,0.23630355,0.0535917,0.00230131,0.03483643,0.03067108,356753,-0.12455241,0.43137229,0.54491195,-0.11353966,-0.12634816,White
AL-10,456797,0.71021107,0.27175931,0.3616454,0.6383546,0.5540493,0.05114039,0.00118645,0.0220541,0.01516708,358210,0.43845176,0.72783506,0.25595287,0.47188219,0.44412857,Black
AL-11,457214,0.28208068,0.70032223,0.78043017,0.21956983,0.12277848,0.04645211,0.00092984,0.02585065,0.02222797,351674,-0.41824155,0.27085973,0.712515,-0.44165527,-0.43151279,White
AR-1,502668,0.23306777,0.74674596,0.80383515,0.19616485,0.11716249,0.03386564,0.0023465,0.01118717,0.02742653,381419,-0.51367819,0.24379495,0.72716163,-0.48336668,-0.50904102,White
AR-2,502121,0.3235804,0.65299571,0.7902883,0.2097117,0.10633841,0.046533,0.00123225,0.01818859,0.03430545,389530,-0.32941531,0.3258427,0.64842504,-0.32258234,-0.33260432,White
AR-3,502141,0.40237044,0.56828691,0.69727946,0.30272054,0.03204316,0.1594824,0.01860717,0.04452173,0.05125572,374963,-0.16591647,0.40981881,0.55889348,-0.14907467,-0.1657692,White
AR-4,501151,0.26617231,0.7156748,0.69324431,0.30675569,0.17682505,0.07046347,0.00159979,0.01942568,0.03890063,385675,-0.44950249,0.28299285,0.6867035,-0.40371065,-0.43970521,White
AR-5,501094,0.62437778,0.35301739,0.44215633,0.55784367,0.46241725,0.05910145,0.00118955,0.02086858,0.02099216,388383,0.27136039,0.62779839,0.34352073,0.28427766,0.27019948,Black
AR-6,502349,0.20461786,0.77540889,0.86358249,0.13641751,0.01519489,0.05360397,0.00219728,0.01298996,0.04770037,392303,-0.57079103,0.21404878,0.76056546,-0.54651668,-0.56816625,White
AZ-1,476920,0.50798836,0.48079082,0.46276501,0.53723499,0.03661145,0.15381269,0.00351827,0.02027821,0.33312319,363247,0.02719754,0.5482564,0.43515817,0.11309823,0.05036444,Minority
AZ-2,476808,0.43666856,0.55293594,0.69999609,0.30000391,0.03314161,0.19940264,0.00590314,0.03955081,0.03032176,383355,-0.11626738,0.43449072,0.55051987,-0.11602915,-0.12165464,White
AZ-3,476777,0.57117952,0.41939572,0.27880745,0.72119255,0.03098265,0.63270992,0.00257324,0.01643737,0.06360792,356748,0.1517838,0.6294121,0.3572172,0.2721949,0.18645417,Hispanic
AZ-4,476840,0.29365557,0.69871125,0.65489865,0.34510135,0.03193811,0.2507657,0.00450987,0.02135533,0.04564169,379390,-0.40505568,0.31409863,0.67193904,-0.35784041,-0.39478392,White
AZ-5,476954,0.36768917,0.62242847,0.72917887,0.27082113,0.04215318,0.14628756,0.00515505,0.05801731,0.02444632,348396,-0.2547393,0.38024708,0.60540758,-0.2251605,-0.25034637,White
AZ-6,477662,0.50112285,0.48782483,0.64281371,0.35718629,0.050961,0.20250725,0.0044952,0.06416181,0.04593726,389749,0.01329802,0.52996113,0.45442222,0.07553891,0.02857832,White
AZ-7,477233,0.69561265,0.28986468,0.23289402,0.76710598,0.13534189,0.56890497,0.00506183,0.04028412,0.05010366,341971,0.40574797,0.75469252,0.22943776,0.52525476,0.4401169,Hispanic
AZ-8,477006,0.41542957,0.57632887,0.68600726,0.31399274,0.05691602,0.19542211,0.00429045,0.04000615,0.02544834,377117,-0.1608993,0.42456241,0.56273107,-0.13816866,-0.15878909,White
AZ-9,476549,0.5701492,0.41522577,0.58261535,0.41738465,0.07631901,0.20268708,0.0054018,0.10354599,0.04386303,376171,0.15492343,0.59084764,0.3911868,0.19966084,0.16436923,White
AZ-10,476994,0.63299999,0.35284685,0.57651767,0.42348233,0.06101493,0.28221972,0.00456688,0.05256146,0.04081182,389544,0.28015314,0.64495349,0.33879857,0.30615492,0.28335373,White
AZ-11,476972,0.31714295,0.67502518,0.81120376,0.18879624,0.01765091,0.11195615,0.00302536,0.02429957,0.03016709,393011,-0.35788223,0.33227302,0.655324,-0.32305098,-0.35173848,White
AZ-12,476296,0.40940131,0.57928026,0.71559219,0.28440781,0.04107873,0.16519853,0.00529625,0.04978361,0.02952602,365542,-0.16987895,0.41441325,0.56775156,-0.15333831,-0.16983207,White
AZ-13,476699,0.5909487,0.39793362,0.23584349,0.76415651,0.09733363,0.6084614,0.00520939,0.04252167,0.03866981,330749,0.19301508,0.65162572,0.33248596,0.31913976,0.22958997,Hispanic
AZ-14,475839,0.42248851,0.56735066,0.71695955,0.28304045,0.04248609,0.14119836,0.00367574,0.07418026,0.02494043,369721,-0.14486215,0.43680566,0.54888245,-0.11207679,-0.13940036,White
AZ-15,475953,0.5749841,0.41290922,0.59264178,0.40735822,0.07521503,0.24992247,0.00370032,0.04874293,0.04342306,377265,0.16207488,0.58993979,0.39325372,0.19668607,0.16814528,White
CA-1,475865,0.31731551,0.6561969,0.71547544,0.28452456,0.02163233,0.16195281,0.00576986,0.03507946,0.06530176,377999,-0.33888139,0.34021983,0.6368165,-0.29659667,-0.33025315,White
CA-2,476340,0.64822086,0.31374348,0.66638237,0.33361763,0.02264542,0.19628635,0.006693,0.04660917,0.07027128,384581,0.33447738,0.68099198,0.29072376,0.39026822,0.34760766,White
CA-3,476446,0.76347962,0.20586219,0.64516543,0.35483457,0.03109547,0.21203692,0.00666331,0.08264448,0.0341521,381792,0.55761743,0.78941717,0.18906401,0.60035316,0.56639601,White
CA-4,476477,0.65321064,0.31451324,0.56576232,0.43423768,0.02785524,0.27214528,0.00743909,0.10333853,0.03947735,380826,0.3386974,0.68197454,0.29475948,0.38721506,0.34940329,White
CA-5,475368,0.43547487,0.5350327,0.59658463,0.40341537,0.03816208,0.21002912,0.008601,0.11586039,0.04590632,359493,-0.09955783,0.46458045,0.50979398,-0.04521353,-0.08690973,White
CA-6,476269,0.481666,0.48655581,0.73678037,0.26321963,0.019094,0.12643979,0.00612988,0.07626742,0.03828067,377658,-0.00488981,0.49944267,0.47587663,0.02356604,-0.00087119,White
CA-7,476222,0.60592587,0.36513714,0.36681413,0.63318587,0.15927232,0.24827002,0.01775918,0.20929701,0.03481468,376594,0.24078873,0.64614325,0.33049371,0.31564954,0.26027567,Minority
CA-8,475983,0.59099277,0.37332947,0.46642977,0.53357023,0.12731867,0.22262818,0.01620354,0.15858484,0.03844548,359366,0.2176633,0.62499182,0.34804319,0.27694863,0.23195841,Minority
CA-9,476197,0.50332222,0.46288639,0.55104481,0.44895519,0.07689091,0.15575482,0.01435254,0.1851837,0.03271275,373035,0.04043583,0.52196905,0.45218836,0.06978069,0.04475078,White
CA-10,476218,0.70258236,0.26073615,0.32636335,0.67363665,0.14277854,0.25161602,0.02526812,0.2548494,0.03528809,368963,0.44184621,0.7416235,0.23466031,0.50696319,0.4580852,Minority
CA-11,476176,0.49969215,0.47039465,0.36357934,0.63642066,0.10034913,0.30110985,0.01426057,0.22179393,0.03508374,352300,0.0292975,0.56106396,0.4175376,0.14352636,0.06190712,Minority
CA-12,476546,0.503195,0.46486142,0.28269163,0.71730837,0.0883865,0.42516339,0.01383138,0.18854682,0.03988809,349929,0.03833358,0.59186014,0.38573928,0.20612086,0.08879601,Hispanic
CA-13,475328,0.38180765,0.59266481,0.66029361,0.33970639,0.02607086,0.20693781,0.00977991,0.06497152,0.04154193,374441,-0.21085716,0.40910521,0.56834731,-0.1592421,-0.19911881,White
CA-14,475770,0.48645502,0.48583706,0.28078479,0.71921521,0.04335292,0.5778343,0.00883465,0.08008723,0.0498594,338893,0.00061796,0.56264053,0.41290734,0.14973319,0.04485637,Hispanic
CA-15,476635,0.39399695,0.58156744,0.50826345,0.49173655,0.03326046,0.36076125,0.00583798,0.06622725,0.05152761,367764,-0.18757049,0.43422812,0.54466915,-0.11044103,-0.16732734,White
CA-16,476972,0.50839763,0.46269089,0.1431412,0.8568588,0.06984493,0.7383258,0.00347407,0.04110932,0.03879138,352037,0.04570674,0.6144509,0.36083146,0.25361944,0.10954431,Hispanic
CA-17,475506,0.33330017,0.64374287,0.47719102,0.52280898,0.05535771,0.36093305,0.00430459,0.07932834,0.04465982,353808,-0.3104427,0.36940987,0.60855533,-0.23914546,-0.29214362,Minority
CA-18,476434,0.56820681,0.40299254,0.21847059,0.78152941,0.08833785,0.52930598,0.00472433,0.15313417,0.0463293,336979,0.16521427,0.64635241,0.33156626,0.31478615,0.2096049,Hispanic
CA-19,476358,0.40906759,0.56808754,0.25599174,0.74400826,0.02695268,0.64776117,0.00351845,0.05740574,0.03773074,332249,-0.15901995,0.48631524,0.49304679,-0.00673155,-0.11372382,Hispanic
CA-20,476590,0.36257922,0.6140437,0.43855797,0.56144203,0.02376118,0.42402919,0.00421738,0.08639243,0.04374297,344764,-0.25146448,0.4042138,0.57520119,-0.17098739,-0.23010545,Minority
CA-21,476052,0.35654045,0.61701532,0.53251984,0.46748016,0.07022841,0.31871526,0.00761921,0.04773465,0.04679024,360011,-0.26047487,0.37780451,0.59710401,-0.2192995,-0.25221641,White
CA-22,475545,0.5400768,0.42985243,0.20516165,0.79483835,0.1902265,0.54771381,0.00621737,0.04998757,0.04391934,341945,0.11022437,0.61673966,0.35699744,0.25974222,0.15459699,Hispanic
CA-23,476719,0.48881141,0.48293494,0.42124904,0.57875096,0.06714306,0.37993572,0.00482235,0.11970945,0.03383594,364967,0.00587647,0.5280346,0.45158741,0.07644719,0.02393338,Minority
CA-24,476228,0.72777974,0.23806642,0.2567499,0.7432501,0.16916613,0.35369273,0.012885,0.20532935,0.03690152,368413,0.48971332,0.79136636,0.1887796,0.60258676,0.52187113,Hispanic
CA-25,476527,0.67414619,0.29408314,0.59201886,0.40798114,0.04709703,0.15662513,0.008257,0.18585016,0.02123113,376287,0.38006305,0.69620841,0.28279922,0.41340919,0.38571176,White
CA-26,476374,0.86910665,0.07658533,0.41485496,0.58514504,0.15966584,0.16663378,0.00739751,0.24699492,0.02749716,400405,0.79252132,0.91650975,0.06222062,0.85428913,0.80764392,Minority
CA-27,476594,0.75768294,0.20705078,0.20313019,0.79686981,0.17134503,0.33497933,0.02177417,0.27616613,0.03561892,370393,0.55063216,0.81707768,0.16304648,0.6540312,0.57963184,Hispanic
CA-28,477006,0.64794836,0.3128367,0.39656965,0.60343035,0.05613649,0.15807301,0.0115786,0.37316622,0.02224064,365502,0.33511166,0.69268465,0.2855274,0.40715725,0.35366019,Minority
CA-29,476828,0.63972116,0.31595479,0.16046709,0.83953291,0.03425871,0.15242374,0.01205026,0.64430793,0.01716559,372606,0.32376637,0.71774997,0.26449754,0.45325243,0.36146172,Asian
CA-30,475345,0.84284612,0.1159788,0.46703886,0.53296114,0.0797055,0.15065686,0.00778856,0.28738614,0.02218946,422543,0.72686732,0.8872615,0.0925165,0.794745,0.74402655,Minority
CA-31,476315,0.75016955,0.20931446,0.29814365,0.70185635,0.04470972,0.15521107,0.00753299,0.49359795,0.01675992,401434,0.54085509,0.80860838,0.1722512,0.63635718,0.56722245,Asian
CA-32,476497,0.7260396,0.23976308,0.36386212,0.63613788,0.02512732,0.22119513,0.01755124,0.36726872,0.02010554,380144,0.48627652,0.77276729,0.20872921,0.56403808,0.50673037,Asian
CA-33,476345,0.7732494,0.19200724,0.48066614,0.51933386,0.03234186,0.17799723,0.01201284,0.28769032,0.0187883,380343,0.58124216,0.80498782,0.17349451,0.63149331,0.59252588,Minority
CA-34,475781,0.6837209,0.27120424,0.26619555,0.73380445,0.02313687,0.12434153,0.00609463,0.57695823,0.01408871,378530,0.41251666,0.73711924,0.24218396,0.49493528,0.43452287,Asian
CA-35,476420,0.66741721,0.29754294,0.2674549,0.7325451,0.04439467,0.2973512,0.00850751,0.38288263,0.02772524,379077,0.36987427,0.7160146,0.26422223,0.45179237,0.39171364,Asian
CA-36,475865,0.71913053,0.24162318,0.59417256,0.40582744,0.02600364,0.16778649,0.00625663,0.18924605,0.02693084,380716,0.47750735,0.74554175,0.22925224,0.51628951,0.48496807,White
CA-37,476496,0.61777165,0.35083735,0.24443339,0.75556661,0.02469633,0.54386706,0.00700327,0.17875998,0.04622883,359689,0.2669343,0.68510743,0.29394186,0.39116557,0.30287806,Hispanic
CA-38,475591,0.6028205,0.36797052,0.36605483,0.63394517,0.03326081,0.50642459,0.00935521,0.08045591,0.0468149,360334,0.23484998,0.65558574,0.32222789,0.33335785,0.26221927,Hispanic
CA-39,476273,0.53575926,0.43385879,0.52840838,0.47159162,0.02726812,0.3570634,0.00513185,0.06572915,0.04186987,376667,0.10190047,0.56013753,0.41492572,0.14521181,0.11087092,White
CA-40,476674,0.66555327,0.30288038,0.46493975,0.53506025,0.02399684,0.41948245,0.00432739,0.07533022,0.03774544,379675,0.36267289,0.69977665,0.27848394,0.42129271,0.37674616,Minority
CA-41,475688,0.54413219,0.42745176,0.48578124,0.51421876,0.02769692,0.35752725,0.00565993,0.1136852,0.0335893,369969,0.11668043,0.57438792,0.40433416,0.17005376,0.12900487,Minority
CA-42,475856,0.64715295,0.32157634,0.20076972,0.79923028,0.04834888,0.65552712,0.00324063,0.09334585,0.03835287,368447,0.32557661,0.74500599,0.23214869,0.5128573,0.38253684,Hispanic
CA-43,476741,0.59844039,0.36829589,0.30501911,0.69498089,0.05494153,0.45076508,0.00397327,0.18574395,0.02963511,377019,0.2301445,0.67075623,0.30843107,0.36232516,0.26873805,Hispanic
CA-44,476026,0.59958203,0.37286509,0.6660324,0.3339676,0.04349782,0.14362166,0.00365304,0.13204206,0.01632105,386801,0.22671694,0.64626764,0.33560099,0.31066665,0.24923351,White
CA-45,475732,0.71369307,0.25942113,0.66052313,0.33947687,0.061045,0.13010024,0.00350342,0.13275089,0.01579697,411598,0.45427194,0.75464575,0.22966399,0.52498176,0.47237521,White
CA-46,475716,0.69208788,0.27495463,0.62360997,0.37639003,0.04723057,0.13381447,0.00523379,0.17769582,0.01799067,395316,0.41713325,0.71680018,0.26167134,0.45512884,0.42433178,White
CA-47,475948,0.74805021,0.21222817,0.18954083,0.81045917,0.1018257,0.45848866,0.00316914,0.24842245,0.04096656,391905,0.53582204,0.80621998,0.17346977,0.63275021,0.56266476,Hispanic
CA-48,476744,0.77430535,0.1806284,0.26904664,0.73095336,0.04124363,0.52586389,0.00360003,0.16120378,0.03676716,392497,0.59367695,0.83118309,0.14792185,0.68326124,0.61807171,Hispanic
CA-49,476785,0.74066368,0.2246343,0.08731796,0.91268204,0.18627813,0.63846677,0.00297094,0.08863128,0.04099346,360155,0.51602938,0.84654508,0.12993099,0.71661409,0.57742428,Hispanic
CA-50,475916,0.67684344,0.28655525,0.02451843,0.97548157,0.02004761,0.9358613,0.00176615,0.02138999,0.04932411,351613,0.39028819,0.80387521,0.17221269,0.63166252,0.46527963,Hispanic
CA-51,476253,0.82225617,0.14633025,0.18279496,0.81720504,0.34379948,0.37926842,0.00408108,0.09238471,0.03160724,378331,0.67592592,0.87374652,0.10732552,0.766421,0.70062428,Hispanic
CA-52,477074,0.76014487,0.20910704,0.06571554,0.93428446,0.32306704,0.55248299,0.0082051,0.05806151,0.03721509,361117,0.55103783,0.83600149,0.14327065,0.69273084,0.59280217,Hispanic
CA-53,476794,0.62198273,0.34493612,0.09959076,0.90040924,0.10593165,0.70448326,0.00927003,0.08581264,0.0423191,358467,0.27704661,0.72342369,0.25198654,0.47143715,0.33637679,Hispanic
CA-54,477085,0.66123547,0.30442555,0.33448307,0.66551693,0.12120117,0.36150832,0.01199493,0.17200153,0.03376127,381828,0.35680992,0.69757289,0.27840538,0.41916751,0.37212912,Hispanic
CA-55,476078,0.5993819,0.36826808,0.23001241,0.76998759,0.08207545,0.3995829,0.01412582,0.2801906,0.02940524,378810,0.23111382,0.65754929,0.31968479,0.3378645,0.26123071,Hispanic
CA-56,475488,0.59966069,0.37144,0.0878264,0.9121736,0.02583654,0.68385682,0.00330213,0.20342795,0.03874265,370367,0.22822069,0.69105776,0.28866234,0.40239542,0.28081227,Hispanic
CA-57,476756,0.60989725,0.35741113,0.33698373,0.66301627,0.07246742,0.42054669,0.00464501,0.1658715,0.03555402,381054,0.25248612,0.65313226,0.32574605,0.32738621,0.27198615,Hispanic
CA-58,475674,0.60346929,0.36389955,0.58643367,0.41356633,0.03460541,0.18870723,0.00330589,0.1825467,0.01831425,394447,0.23956974,0.63580866,0.34404661,0.29176205,0.25150051,White
CA-59,476209,0.60429512,0.36231564,0.13226644,0.86773356,0.01714407,0.27309716,0.00299788,0.57855802,0.01999969,386606,0.24197948,0.66635092,0.31523164,0.35111928,0.27289275,Asian
CA-60,475778,0.55645664,0.41345147,0.18504466,0.81495534,0.02854838,0.62296518,0.00521181,0.15951081,0.03972765,373191,0.14300517,0.62691485,0.35120915,0.2757057,0.18177201,Hispanic
CA-61,475724,0.46602526,0.50006542,0.36326874,0.63673126,0.02864511,0.21279412,0.00516293,0.38738777,0.01897968,381566,-0.03404016,0.50615652,0.47516542,0.0309911,-0.01782974,Asian
CA-62,476896,0.4783372,0.4920555,0.66627422,0.33372578,0.01985431,0.16328097,0.00482495,0.13211851,0.01974393,380522,-0.0137183,0.49986559,0.48101008,0.01885551,-0.00832703,White
CA-63,475902,0.45459509,0.51669377,0.6167312,0.3832688,0.0187133,0.19141773,0.0073566,0.15193466,0.02312367,389990,-0.06209868,0.48570207,0.49265743,-0.00695536,-0.04918424,White
CA-64,476785,0.48774388,0.4837225,0.22474165,0.77525835,0.0303074,0.24484079,0.00885485,0.49177989,0.02058438,381260,0.00402138,0.51589023,0.46643786,0.04945237,0.01369838,Asian
CA-65,476124,0.55394557,0.41474973,0.21892106,0.78107894,0.03416203,0.53430651,0.00765184,0.20441609,0.03583579,366840,0.13919584,0.61506291,0.36242459,0.25263832,0.17154333,Hispanic
CA-66,475740,0.57371813,0.39507268,0.18209328,0.81790672,0.01956443,0.63693165,0.0054861,0.1556871,0.04733453,362188,0.17864545,0.63655748,0.34156622,0.29499126,0.21196072,Hispanic
CA-67,475431,0.55285196,0.40445586,0.40702475,0.59297525,0.03012477,0.15558551,0.0048095,0.39732301,0.01471409,374675,0.1483961,0.60004705,0.37860293,0.22144412,0.16727877,Minority
CA-68,476057,0.49140172,0.47902625,0.2032772,0.7967228,0.06733654,0.52357119,0.00528519,0.20191714,0.03430342,367631,0.01237547,0.57299601,0.40672703,0.16626898,0.05820664,Hispanic
CA-69,475389,0.49401047,0.47732949,0.27719368,0.72280632,0.08049484,0.51632339,0.00546969,0.11881309,0.03590815,361812,0.01668098,0.56512084,0.41379189,0.15132895,0.05609697,Hispanic
CA-70,476805,0.54542279,0.42612571,0.14633662,0.85366338,0.10183068,0.66642288,0.00515114,0.08273779,0.04027907,347302,0.11929708,0.64634909,0.33220177,0.31414732,0.17878049,Hispanic
CA-71,475725,0.49231079,0.47908288,0.2904813,0.7095187,0.10589144,0.50844883,0.0063849,0.08612744,0.03801473,349575,0.01322791,0.56078019,0.41454402,0.14623617,0.05209733,Hispanic
CA-72,476565,0.49409959,0.46940508,0.31588721,0.68411279,0.07297516,0.49146963,0.0069893,0.10917991,0.03714567,362411,0.02469451,0.56273525,0.41482156,0.14791369,0.0603009,Hispanic
CA-73,475953,0.53076803,0.44038826,0.21018948,0.78981052,0.13688503,0.57797361,0.00732577,0.06770205,0.04020412,342353,0.09037977,0.6168453,0.36215941,0.25468589,0.13968181,Hispanic
CA-74,475791,0.40681019,0.56827931,0.48089514,0.51910486,0.06729048,0.32072547,0.00896267,0.11357506,0.03451191,354805,-0.16146912,0.43005728,0.54995034,-0.11989306,-0.1530771,Minority
CA-75,476349,0.49434737,0.48427673,0.54590957,0.45409043,0.05950461,0.30237738,0.00605136,0.07082873,0.03607512,377601,0.01007064,0.508729,0.47423165,0.03449735,0.01274621,White
CA-76,476442,0.39742733,0.57813689,0.6348026,0.3651974,0.03572431,0.22157435,0.00858571,0.07470536,0.03919151,370616,-0.18070956,0.41250804,0.56464364,-0.1521356,-0.17665157,White
CA-77,476437,0.51798296,0.45473191,0.53379815,0.46620185,0.04414798,0.31662249,0.01275822,0.08368839,0.03431584,377639,0.06325105,0.53765705,0.43757442,0.10008263,0.07006158,White
CA-78,476619,0.58728112,0.38154421,0.54443027,0.45556973,0.02696099,0.25319769,0.00617907,0.1602205,0.02258041,367531,0.20573691,0.60950858,0.36799689,0.24151169,0.21219517,White
CA-79,475397,0.62085081,0.34701842,0.49753844,0.50246156,0.05688736,0.15273803,0.0096723,0.27895761,0.01989806,379434,0.27383239,0.6356987,0.34167086,0.29402784,0.27509754,Minority
CA-80,476582,0.68187802,0.28446791,0.61245084,0.38754916,0.0547161,0.18480111,0.0075672,0.12652568,0.02260946,412438,0.39741011,0.70384395,0.27132549,0.43251846,0.40364623,White
CA-81,475318,0.61543367,0.35443328,0.23697668,0.76302332,0.12956593,0.45120142,0.0119465,0.17803988,0.03300207,361947,0.26100039,0.67801733,0.29942268,0.37859465,0.29473181,Hispanic
CA-82,475450,0.56747763,0.40780605,0.17587387,0.82412613,0.06513725,0.60389273,0.0104136,0.15875246,0.03252189,363755,0.15967158,0.64730082,0.3318807,0.31542012,0.20612109,Hispanic
CA-83,476440,0.52772906,0.449874,0.21422984,0.78577016,0.03678535,0.70736206,0.00309827,0.03377029,0.03887397,360524,0.07785506,0.61202914,0.369515,0.24251414,0.12727475,Hispanic
CO-1,480273,0.79139895,0.18058788,0.70106535,0.29893465,0.09275693,0.13343897,0.00278722,0.05286349,0.02598692,405781,0.61081107,0.80683323,0.17081356,0.63601967,0.61374727,White
CO-2,482040,0.70317898,0.26853378,0.78244724,0.21755276,0.01755379,0.12463805,0.00234016,0.04705268,0.02507831,388862,0.4346452,0.69910466,0.27475152,0.42435314,0.42574785,White
CO-3,480919,0.45530856,0.51876737,0.67153718,0.32846282,0.01701498,0.25369996,0.00247667,0.01313391,0.05528952,382369,-0.06345881,0.46805652,0.50807296,-0.04001644,-0.06111135,White
CO-4,481491,0.31588918,0.65961397,0.77802022,0.22197978,0.03583228,0.11924143,0.00380035,0.03311621,0.03185479,372597,-0.34372479,0.30389619,0.66757924,-0.36368305,-0.35584421,White
CO-5,480950,0.4879701,0.48329925,0.65410433,0.34589567,0.09138398,0.17989542,0.0087708,0.04595802,0.03836149,372144,0.00467085,0.48199457,0.47804519,0.00394938,-0.00103631,White
CO-6,481730,0.57044639,0.40121002,0.7488854,0.2511146,0.03213951,0.12932041,0.00256832,0.06362446,0.02794135,380404,0.16923637,0.57353902,0.39939108,0.17414794,0.16540689,White
CO-7,480652,0.58796483,0.38379383,0.71908212,0.28091788,0.02322796,0.17343372,0.00281519,0.05568409,0.03374817,380791,0.204171,0.58926996,0.38220736,0.2070626,0.1996682,White
CO-8,481923,0.40438802,0.56875554,0.70758532,0.29241468,0.01779406,0.22268263,0.00249122,0.02302924,0.03304135,360064,-0.16436752,0.40669844,0.56495378,-0.15825534,-0.16779679,White
CO-9,481680,0.52779082,0.44577846,0.77841195,0.22158805,0.0123587,0.14769176,0.00280727,0.03048962,0.02760739,386853,0.08201236,0.53532741,0.44093597,0.09439144,0.08067205,White
CO-10,481360,0.48443922,0.48996255,0.82059468,0.17940532,0.01850488,0.07692646,0.00268163,0.05844356,0.02105188,363958,-0.00552333,0.48253719,0.49259324,-0.01005605,-0.0125009,White
CO-11,480529,0.61076443,0.3594885,0.41544124,0.58455876,0.18854751,0.3010932,0.00743398,0.07981146,0.03483697,356202,0.25127593,0.66216616,0.31227958,0.34988658,0.27867948,Minority
CO-12,480167,0.60031782,0.37115412,0.4327286,0.5672714,0.0406507,0.46001819,0.00285356,0.04570144,0.04870797,359551,0.2291637,0.6537215,0.31811024,0.33561126,0.25917955,Hispanic
CT-1,450923,0.70455948,0.27847764,0.4294566,0.5705434,0.26039126,0.25534138,0.00197433,0.06103791,0.0163945,355058,0.42608184,0.73804571,0.24872748,0.48931823,0.44169397,Minority
CT-2,450077,0.49696769,0.48554305,0.81420732,0.18579268,0.04446304,0.06856994,0.00124019,0.04879822,0.0203973,364460,0.01142464,0.5179243,0.46082838,0.05709592,0.02118173,White
CT-3,451025,0.64939243,0.33411194,0.45055752,0.54944248,0.24594253,0.25345432,0.00213291,0.05424929,0.01954082,353977,0.31528049,0.68313621,0.30492503,0.37821118,0.33079072,Minority
CT-4,450534,0.55733379,0.4212425,0.71314257,0.28685743,0.06403338,0.13195362,0.00107017,0.06530617,0.01049054,350411,0.13609129,0.59647197,0.38925325,0.20721872,0.15433377,White
CT-5,450393,0.45509256,0.52989688,0.83106484,0.16893516,0.04061563,0.07618353,0.00094078,0.03124914,0.01267021,363530,-0.07480432,0.47256531,0.51243653,-0.03987122,-0.06862662,White
CT-6,451173,0.55241493,0.43161282,0.79811998,0.20188002,0.0544599,0.08672503,0.0020784,0.04477874,0.01712176,369997,0.12080211,0.56881284,0.41455396,0.15425888,0.1264877,White
CT-7,450111,0.53847319,0.44403652,0.81213518,0.18786482,0.04950002,0.06770861,0.00093271,0.05669876,0.01263724,361313,0.09443667,0.55463151,0.4283536,0.12627791,0.09958375,White
CT-8,451708,0.65736121,0.3273482,0.46887278,0.53112722,0.19471812,0.2706024,0.00160636,0.05925,0.01524191,350481,0.33001301,0.70773491,0.2796783,0.42805661,0.35722754,Minority
DE-1,495264,0.67196473,0.31213678,0.55924015,0.44075985,0.26509226,0.09963168,0.00119124,0.06921935,0.01681485,392867,0.35982795,0.69539868,0.28995062,0.40544806,0.36956799,White
DE-2,494684,0.47874704,0.50730939,0.68987857,0.31012143,0.18995536,0.07362623,0.00150764,0.02734747,0.02309075,390676,-0.02856235,0.48486625,0.50143475,-0.0165685,-0.03003107,White
FL-1,478960,0.34331285,0.64160252,0.70719419,0.29280581,0.15970505,0.0569219,0.00359961,0.04196278,0.03140464,378097,-0.29828967,0.36496397,0.6150775,-0.25011353,-0.28769762,White
FL-2,478922,0.23328653,0.75313874,0.77128263,0.22871737,0.08840629,0.07109676,0.00341855,0.03541222,0.03219197,378231,-0.51985221,0.24998173,0.73248324,-0.48250151,-0.51286864,White
FL-3,479397,0.52022272,0.46499354,0.57212228,0.42787772,0.31146891,0.07088174,0.00153319,0.03094359,0.01800208,386122,0.05522918,0.5571591,0.42990534,0.12725376,0.07377071,White
FL-4,478266,0.23109125,0.75820857,0.77411519,0.22588481,0.1272983,0.0585453,0.0017806,0.01330088,0.02444203,382456,-0.52711732,0.24861643,0.74001174,-0.49139531,-0.52067665,White
FL-5,478219,0.49390176,0.49052878,0.63149571,0.36850429,0.16787525,0.12989896,0.00160184,0.05521004,0.01795077,393298,0.00337298,0.53510595,0.45113484,0.08397111,0.02477236,White
FL-6,478428,0.576601,0.40807738,0.42765481,0.57234519,0.43951754,0.08488633,0.00245483,0.03767519,0.01929532,367032,0.16852362,0.59893571,0.38570845,0.21322726,0.17795817,Black
FL-7,479121,0.41333091,0.56963525,0.61307698,0.38692302,0.16780507,0.12139971,0.00330463,0.08163483,0.01904457,384309,-0.15630434,0.44249103,0.54119181,-0.09870078,-0.14256982,White
FL-8,479252,0.32506236,0.66063432,0.75220371,0.24779629,0.09328998,0.08396016,0.00259405,0.04747635,0.02101538,365066,-0.33557196,0.34109255,0.64488236,-0.30378981,-0.33044458,White
FL-9,478673,0.30952235,0.68024063,0.75847125,0.24152875,0.09236138,0.10841352,0.00170888,0.017371,0.02223334,389730,-0.37071828,0.33318795,0.65697942,-0.32379147,-0.36054268,White
FL-10,478600,0.37606614,0.61248493,0.75590278,0.24409722,0.11109917,0.08477101,0.00162473,0.02768293,0.01855444,400066,-0.23641879,0.41117519,0.57725847,-0.16608328,-0.21844029,White
FL-11,478378,0.37227518,0.61402105,0.74028123,0.25971877,0.08783101,0.12507141,0.00237167,0.02607057,0.02247735,392128,-0.24174587,0.40146208,0.58544653,-0.18398445,-0.22795873,White
FL-12,478735,0.38986605,0.59680107,0.7357698,0.2642302,0.09994879,0.11308474,0.00171799,0.03180934,0.01847157,396393,-0.20693502,0.41538396,0.57159032,-0.15620636,-0.19549213,White
FL-13,479033,0.47380423,0.50893702,0.59331945,0.40668055,0.12682435,0.20840508,0.00214372,0.06284175,0.01832243,376915,-0.03513279,0.50666662,0.47896587,0.02770075,-0.01965494,White
FL-14,478809,0.49886569,0.48786421,0.32778953,0.67221047,0.14083983,0.50405733,0.00281174,0.03636793,0.02015762,368099,0.01100148,0.57078508,0.41792814,0.15285694,0.05281997,Hispanic
FL-15,477737,0.51821941,0.4634686,0.37189617,0.62810383,0.11103446,0.41808615,0.00321129,0.08501837,0.01655743,365274,0.05475081,0.57894785,0.40898939,0.16995846,0.08768669,Hispanic
FL-16,478135,0.54942875,0.4321185,0.51401119,0.48598881,0.1165681,0.29909685,0.00267893,0.06727321,0.01905758,390081,0.11731025,0.58570916,0.39844317,0.18726599,0.13516216,White
FL-17,477657,0.61758155,0.36800416,0.29549647,0.70450353,0.40170493,0.23916934,0.00264606,0.04781625,0.01728059,363182,0.24957739,0.66825146,0.31969929,0.34855217,0.27710232,Black
FL-18,478675,0.37036111,0.61936525,0.68276852,0.31723148,0.1143924,0.16184105,0.00159318,0.02587034,0.01810296,397946,-0.24900414,0.39407341,0.59693198,-0.20285857,-0.23908895,White
FL-19,478953,0.29558101,0.69399344,0.79951938,0.20048062,0.05215951,0.10799804,0.00141967,0.01735372,0.02177663,396572,-0.39841243,0.32006226,0.6692333,-0.34917104,-0.3874653,White
FL-20,477835,0.37058004,0.6153292,0.72903866,0.27096134,0.06762157,0.14494521,0.0017525,0.03943382,0.02087952,378888,-0.24474916,0.39877627,0.58794434,-0.18916807,-0.2316888,White
FL-21,479601,0.41452651,0.57231781,0.79836832,0.20163168,0.05677047,0.09323262,0.00176991,0.03142395,0.01771639,405105,-0.1577913,0.44154554,0.54583107,-0.10428553,-0.14542271,White
FL-22,479506,0.52494778,0.45952437,0.69389604,0.30610396,0.14097221,0.09333212,0.00177771,0.05208189,0.0179104,405016,0.06542341,0.55214095,0.43367674,0.11846421,0.07763701,White
FL-23,478391,0.51905459,0.46492994,0.42408429,0.57591571,0.18756198,0.34039286,0.00213426,0.05004047,0.01641294,384209,0.05412465,0.58926751,0.39547474,0.19379277,0.09521402,Minority
FL-24,477697,0.50030158,0.47820509,0.47764445,0.52235555,0.19326088,0.24139975,0.00224762,0.08343034,0.01700202,372838,0.02209649,0.55594444,0.43007326,0.12587118,0.05122139,Minority
FL-25,479404,0.43260825,0.55320675,0.56091629,0.43908371,0.14537877,0.24365137,0.00224223,0.04128849,0.02274737,363031,-0.1205985,0.45608819,0.52961419,-0.073526,-0.11037433,White
FL-26,479581,0.35868424,0.62924306,0.61687105,0.38312895,0.14493807,0.20198921,0.00174036,0.02196503,0.02175586,372911,-0.27055882,0.38787488,0.59870517,-0.21083029,-0.25611598,White
FL-27,478846,0.44397054,0.54357353,0.74060099,0.25939901,0.07406481,0.14380142,0.00120654,0.0237047,0.01535306,403633,-0.09960299,0.47794373,0.51129014,-0.03334641,-0.08298413,White
FL-28,478761,0.33973263,0.64984281,0.84375008,0.15624992,0.04266828,0.07043531,0.00120008,0.02320819,0.01493328,405805,-0.31011018,0.37409219,0.61625544,-0.24216325,-0.29292787,White
FL-29,478668,0.31147115,0.67954258,0.62144338,0.37855662,0.10745214,0.24234828,0.00117628,0.01512961,0.0179919,382561,-0.36807143,0.35551375,0.63627667,-0.28076292,-0.34443526,White
FL-30,477844,0.35435324,0.63494397,0.71790783,0.28209217,0.0711852,0.17191846,0.00126173,0.02336707,0.01458502,399451,-0.28059073,0.40420648,0.58831353,-0.18410705,-0.25389617,White
FL-31,478847,0.33328458,0.65535669,0.70672623,0.29327377,0.04959795,0.21363424,0.00094352,0.01852122,0.01187696,403807,-0.32207211,0.37204419,0.62016006,-0.24811587,-0.3028867,White
FL-32,478039,0.41253313,0.57673375,0.64798371,0.35201629,0.15296598,0.16140366,0.00169994,0.02202685,0.01714664,387073,-0.16420062,0.44788218,0.54370928,-0.0958271,-0.14687611,White
FL-33,479275,0.44271983,0.54551798,0.65503518,0.34496482,0.12142264,0.16770739,0.00144461,0.04171927,0.01169743,384187,-0.10279815,0.49158754,0.5005041,-0.00891656,-0.07697095,White
FL-34,478489,0.55432645,0.43227414,0.37546669,0.62453331,0.26602148,0.32519892,0.00191094,0.03379733,0.01665511,373639,0.12205231,0.62809007,0.36262862,0.26546145,0.16438869,Minority
FL-35,479312,0.51900198,0.46931851,0.65634905,0.34365095,0.14763505,0.15144743,0.00134439,0.02921839,0.01336048,407620,0.04968347,0.58007061,0.41232569,0.16774492,0.08357062,White
FL-36,478007,0.55621566,0.43031008,0.43873025,0.56126975,0.20548166,0.26692546,0.00172999,0.05676016,0.01029821,379192,0.12590558,0.62090819,0.37141653,0.24949166,0.16163427,Minority
FL-37,478466,0.68864671,0.30085051,0.26204962,0.73795038,0.52560218,0.17553798,0.00196478,0.02545402,0.01117735,374597,0.3877962,0.74922163,0.24325979,0.50596184,0.42171808,Black
FL-38,478383,0.5218888,0.46451111,0.27651446,0.72348554,0.17473621,0.47897204,0.00160653,0.07315506,0.01243911,370364,0.05737769,0.59589055,0.39613912,0.19975143,0.09936894,Hispanic
FL-39,478322,0.52882517,0.4586831,0.52185253,0.47814747,0.14392303,0.2887831,0.00194172,0.03822063,0.01278781,399130,0.07014207,0.58943957,0.40252585,0.18691372,0.10359929,White
FL-40,477888,0.72520005,0.26469521,0.0507903,0.9492097,0.58618499,0.3720029,0.00140486,0.0180452,0.00846684,371567,0.46050484,0.81537639,0.17745449,0.6379219,0.51417719,Black
FL-41,478454,0.51282213,0.47385251,0.26739146,0.73260854,0.16271571,0.55092217,0.00099619,0.02468923,0.01083386,394504,0.03896962,0.61740798,0.37474963,0.24265835,0.1013992,Hispanic
FL-42,478813,0.49151495,0.49621502,0.21047439,0.78952561,0.1554466,0.6089938,0.00128759,0.02987538,0.01267163,372012,-0.00470007,0.58529236,0.40650857,0.17878379,0.05099455,Hispanic
FL-43,478017,0.28428067,0.70812932,0.04560481,0.95439519,0.03863488,0.92606378,0.00073434,0.01067191,0.00561985,396274,-0.42384865,0.37258674,0.62162091,-0.24903417,-0.37104382,Hispanic
FL-44,479241,0.30372837,0.6877766,0.06341839,0.93658161,0.02946165,0.89926554,0.00065622,0.01946947,0.00636784,396210,-0.38404823,0.38188783,0.611628,-0.22974017,-0.33807888,Hispanic
FL-45,478539,0.39965401,0.5899987,0.23506378,0.76493622,0.08144003,0.65744068,0.00088143,0.02954743,0.01087358,384602,-0.19034469,0.48964969,0.5022642,-0.01261451,-0.13656796,Hispanic
GA-1,486832,0.51793491,0.47565931,0.53728532,0.46271468,0.33779633,0.07272679,0.00341639,0.03805974,0.01872827,379640,0.0422756,0.52563498,0.46024827,0.06538671,0.04451264,White
GA-2,486440,0.55724825,0.43850415,0.41507638,0.58492362,0.50105428,0.05261311,0.00292221,0.0227289,0.01486366,376085,0.1187441,0.56617034,0.42479575,0.14137459,0.12082093,Black
GA-3,487482,0.29615728,0.69872157,0.69082861,0.30917139,0.22464673,0.04630278,0.00104871,0.01820331,0.02021288,375701,-0.40256429,0.30343513,0.68503347,-0.38159834,-0.40104231,White
GA-4,487211,0.8763843,0.11369794,0.35297732,0.64702268,0.53020451,0.05082191,0.00141437,0.06135443,0.01313305,398765,0.76268636,0.8832696,0.10516136,0.77810824,0.76236032,Black
GA-5,486407,0.82522059,0.16688395,0.23209818,0.76790182,0.67301366,0.0699704,0.00128022,0.02256758,0.01538396,375716,0.65833664,0.82075786,0.16900179,0.65175607,0.65067645,Black
GA-6,486356,0.76971771,0.21959092,0.28386767,0.71613233,0.50465661,0.12326329,0.00122929,0.08551867,0.0182737,374199,0.55012679,0.78643569,0.20182065,0.58461504,0.55615621,Black
GA-7,486908,0.59297935,0.395204,0.38626854,0.61373146,0.34658877,0.15125767,0.00149061,0.11127363,0.02012042,358243,0.19777535,0.58690298,0.40020496,0.18669802,0.18861624,Minority
GA-8,487482,0.25854819,0.73795354,0.66515679,0.33484321,0.23707783,0.07036307,0.00170763,0.01302505,0.01785399,374202,-0.47940535,0.27541494,0.71388893,-0.43847399,-0.47122823,White
GA-9,486933,0.18274259,0.81262457,0.82328401,0.17671599,0.02972948,0.10771397,0.00088391,0.0110762,0.03048823,383525,-0.62988198,0.18638982,0.8029298,-0.61653998,-0.63090131,White
GA-10,487172,0.44793063,0.54555592,0.6012785,0.3987215,0.29676025,0.05691578,0.00115197,0.02868591,0.01669962,379350,-0.09762529,0.46632402,0.52138384,-0.05505982,-0.08890347,White
GA-11,486836,0.64413807,0.34545462,0.42296087,0.57703913,0.34562053,0.15006568,0.0013163,0.06565556,0.02013189,376815,0.29868345,0.6427934,0.34200237,0.30079103,0.29391931,Minority
GA-12,486746,0.5066739,0.48753191,0.49357901,0.50642099,0.4119107,0.04839455,0.00279441,0.0340111,0.01741296,374319,0.01914199,0.51848511,0.46839513,0.05008998,0.02399132,Minority
GA-13,486778,0.65588593,0.33742242,0.29825829,0.70174171,0.55046645,0.09842954,0.00123804,0.04847168,0.01809882,366709,0.31846351,0.65539518,0.33381445,0.32158073,0.31403592,Black
GA-14,487442,0.22749499,0.76709758,0.80173354,0.19826646,0.08737179,0.06974361,0.00102991,0.01367887,0.02732048,375762,-0.53960259,0.22766581,0.75927913,-0.53161332,-0.54240617,White
GA-15,487198,0.66399936,0.32994148,0.35441964,0.64558036,0.54655026,0.06439902,0.00158741,0.02708136,0.01721871,366636,0.33405788,0.63085769,0.35904181,0.27181588,0.30784388,Black
GA-16,486437,0.4230075,0.56791742,0.67399079,0.32600921,0.18875735,0.07416322,0.00139248,0.04186962,0.02131149,367689,-0.14490992,0.406345,0.57734501,-0.17100001,-0.15907328,White
GA-17,486366,0.32304185,0.67346284,0.59966516,0.40033484,0.30782484,0.06309959,0.00136856,0.01487289,0.01729627,369733,-0.35042099,0.34046484,0.6504581,-0.30999326,-0.34241175,White
GA-18,487628,0.37405174,0.62140154,0.60131192,0.39868808,0.31523686,0.04540076,0.00139314,0.02307556,0.01797903,371822,-0.2473498,0.37678426,0.61201589,-0.23523163,-0.24877708,White
GA-19,487497,0.53348924,0.45334437,0.60800255,0.39199745,0.14181118,0.09391595,0.0013901,0.14204813,0.01377725,379829,0.08014487,0.54705234,0.43934013,0.10771221,0.08386732,White
GA-20,486356,0.54926067,0.43794565,0.3328883,0.6671117,0.21923329,0.2560135,0.0017205,0.18903228,0.02133698,363266,0.11131502,0.57464396,0.41106201,0.16358195,0.12327066,Minority
GA-21,486958,0.25978709,0.73473719,0.70508913,0.29491087,0.11252993,0.13641653,0.00109336,0.02566297,0.02359503,370417,-0.4749501,0.2590643,0.72722221,-0.46815791,-0.4781527,White
GA-22,486443,0.30685278,0.68439577,0.73658218,0.26341782,0.06025961,0.09608098,0.00117452,0.08295403,0.02171888,361851,-0.37754299,0.30135607,0.68239424,-0.38103817,-0.38417472,White
HI-1,485115,0.6260353,0.35202624,0.34962347,0.65037653,0.01786095,0.08928915,0.264607,0.41966214,0.0309236,384302,0.27400906,0.66263028,0.31382518,0.3488051,0.29347441,Asian
HI-2,485355,0.65673138,0.32473695,0.18120447,0.81879553,0.02883297,0.05820939,0.16209384,0.66780759,0.01746531,401138,0.33199443,0.67236734,0.31151547,0.36085187,0.33614691,Asian
HI-3,484801,0.52572724,0.45728659,0.18510521,0.81489479,0.03658645,0.09567166,0.26383059,0.58681657,0.02493893,370465,0.06844065,0.56634924,0.41377711,0.15257213,0.09101781,Asian
IA-1,456650,0.52681306,0.45411885,0.80732106,0.19267894,0.06875356,0.06381372,0.00108901,0.04030739,0.01670563,356287,0.07269421,0.55391755,0.42458256,0.12933499,0.0861078,White
IA-2,455226,0.4732023,0.50868269,0.88323922,0.11676078,0.05041068,0.02687942,0.00342231,0.01861739,0.01398015,350640,-0.03548039,0.49701414,0.48076114,0.016253,-0.02370259,White
IA-3,456360,0.48036483,0.50085673,0.82928194,0.17071806,0.05069681,0.05598467,0.00584463,0.04529589,0.01383719,353829,-0.0204919,0.50761957,0.47009427,0.0375253,-0.0066195,White
IA-4,455172,0.54285873,0.43949745,0.77230896,0.22769104,0.07363204,0.08118292,0.0014302,0.05321518,0.01688222,342609,0.10336128,0.56358688,0.41417319,0.14941369,0.11324542,White
IA-5,455236,0.32103725,0.6620667,0.91639937,0.08360063,0.01602635,0.03324728,0.00207616,0.01002472,0.01785268,348239,-0.34102945,0.34404433,0.63713117,-0.29308684,-0.33051525,White
IA-6,455712,0.29593422,0.68752771,0.86336761,0.13663239,0.02198722,0.07683319,0.00253184,0.01428123,0.01971408,344018,-0.39159349,0.31785091,0.66452232,-0.34667141,-0.38208613,White
IA-7,456013,0.32882828,0.6553908,0.9091263,0.0908737,0.01595008,0.04601093,0.00250507,0.01240687,0.01180317,354481,-0.32656252,0.35565427,0.62778607,-0.2721318,-0.31388561,White
ID-1,459782,0.24847089,0.72705942,0.87461555,0.12538445,0.00812582,0.04852473,0.00338345,0.01706145,0.03973332,360579,-0.47858853,0.28455478,0.68912055,-0.40456577,-0.45938094,White
ID-2,459332,0.26149973,0.70656101,0.81983,0.18017,0.00935822,0.11829871,0.00395065,0.01683634,0.0333553,330832,-0.44506128,0.27256547,0.69384234,-0.42127687,-0.44259981,White
ID-3,460545,0.45202097,0.51938924,0.82683257,0.17316743,0.0189385,0.0773644,0.00518054,0.04231057,0.02506767,352087,-0.06736827,0.47888944,0.48967496,-0.01078552,-0.05397402,White
ID-4,459447,0.23351321,0.74139136,0.73221248,0.26778752,0.01007203,0.20374465,0.00413034,0.01725132,0.03405507,332902,-0.50787815,0.257968,0.71240946,-0.45444146,-0.49553259,White
IL-1,474816,0.69818537,0.28207643,0.34615323,0.65384677,0.51126371,0.12288368,0.00090411,0.01586768,0.01483979,371636,0.41610894,0.75161417,0.23501403,0.51660014,0.44413934,Black
IL-2,474423,0.72009956,0.26423607,0.29628307,0.70371693,0.52982885,0.15910002,0.00112634,0.01028543,0.01858465,364010,0.45586349,0.75636917,0.23091306,0.52545611,0.47359436,Black
IL-3,474721,0.7189136,0.25577282,0.34795717,0.65204283,0.05864681,0.54335566,0.00188166,0.05378764,0.03929299,374138,0.46314078,0.77995183,0.20114956,0.57880227,0.49622794,Hispanic
IL-4,474120,0.6127319,0.36149345,0.19830137,0.80169863,0.05778309,0.65128757,0.00129865,0.09309357,0.04998836,356523,0.25123845,0.7354607,0.24737641,0.48808429,0.3247204,Hispanic
IL-5,474383,0.83176594,0.14816448,0.71352336,0.28647664,0.07028504,0.10024639,0.00135982,0.10446923,0.01246299,418439,0.68360146,0.84120382,0.14014103,0.70106279,0.68395524,White
IL-6,474607,0.53457311,0.4235154,0.69461029,0.30538971,0.03894666,0.15411637,0.00096772,0.0996315,0.01612595,365808,0.11105771,0.56648198,0.41158772,0.15489426,0.12020323,White
IL-7,474688,0.88447385,0.09615421,0.1536623,0.8463377,0.69694876,0.0771726,0.00131064,0.07343505,0.01300918,380731,0.78831964,0.92404273,0.0627302,0.86131253,0.80718394,Black
IL-8,474801,0.53128012,0.44028613,0.58056937,0.41943063,0.04585258,0.17058785,0.0012879,0.19396141,0.01771271,371146,0.09099399,0.57977764,0.40184631,0.17793133,0.11450644,White
IL-9,474766,0.74726754,0.22953162,0.53096016,0.46903984,0.15358637,0.22414133,0.00201277,0.08065932,0.02382091,370137,0.51773592,0.77225793,0.21025804,0.56199989,0.52702391,White
IL-10,475065,0.55809399,0.41410274,0.68327663,0.31672337,0.0378801,0.15428507,0.00155339,0.11009483,0.01784054,362433,0.14399125,0.57426861,0.40541363,0.16885498,0.14681249,White
IL-11,473850,0.52226952,0.44534211,0.73350645,0.26649355,0.05762982,0.078043,0.00098844,0.11814031,0.01127694,366234,0.07692741,0.54700477,0.4337127,0.11329207,0.0835823,White
IL-12,474395,0.28413001,0.69690672,0.87359,0.12641,0.06041241,0.02406867,0.00115555,0.01393618,0.02193411,373847,-0.41277671,0.2884224,0.69414621,-0.40572381,-0.41589241,White
IL-13,474495,0.49178246,0.48276317,0.70751944,0.29248056,0.20928497,0.03862178,0.00146562,0.01965287,0.02204942,368445,0.00901929,0.49611808,0.48130765,0.01481043,0.005483,White
IL-14,475164,0.52492997,0.45832024,0.64889628,0.35110372,0.06380844,0.23368655,0.00102592,0.04109927,0.02299825,352853,0.06660973,0.54252307,0.43616296,0.10636011,0.07439319,White
IL-15,474138,0.2437452,0.73649938,0.9113707,0.0886293,0.0336713,0.0234921,0.00105709,0.00760891,0.01823348,372721,-0.49275418,0.25361557,0.72744739,-0.47383182,-0.49191339,White
IL-16,474715,0.37625446,0.60239777,0.86358737,0.13641263,0.0323439,0.07278387,0.00077681,0.00927606,0.01808711,372033,-0.22614331,0.39424126,0.58519959,-0.19095833,-0.21988165,White
IL-17,474764,0.48005143,0.49475828,0.7623165,0.2376835,0.12096359,0.06675833,0.00143433,0.03038514,0.01865976,370905,-0.01470685,0.49415121,0.48318024,0.01097097,-0.01161424,White
IL-18,473757,0.52772555,0.43525287,0.56006129,0.43993871,0.05159095,0.34821078,0.00090621,0.03344473,0.02947387,364153,0.09247268,0.58968456,0.39353167,0.19615289,0.12156608,White
IL-19,475035,0.57568675,0.39599342,0.59571111,0.40428889,0.04978205,0.17242955,0.00148488,0.17637152,0.01703762,376461,0.17969333,0.6267228,0.35752588,0.26919692,0.20406119,White
IL-20,474212,0.82278802,0.1582079,0.26666702,0.73333298,0.50832277,0.17348101,0.00124345,0.05209587,0.01701347,372352,0.66458012,0.86865232,0.11597295,0.75267937,0.68847987,Black
IL-21,475067,0.49697893,0.48237135,0.67062146,0.32937854,0.03593818,0.2237558,0.00114834,0.05360776,0.02533256,362261,0.01460758,0.52205113,0.45721222,0.06483891,0.02588469,White
IL-22,474218,0.56894247,0.4116984,0.67288083,0.32711917,0.02449168,0.132456,0.00092747,0.16148938,0.01352677,376291,0.15724407,0.59677964,0.38716188,0.20961776,0.1692353,White
IL-23,474124,0.53019626,0.44149445,0.71032362,0.28967638,0.13184644,0.05481131,0.00123377,0.08485167,0.0171083,376893,0.08870181,0.52804173,0.44491239,0.08312934,0.08137765,White
IL-24,474496,0.54477385,0.42781901,0.5561943,0.4438057,0.13434065,0.21073286,0.00095297,0.08746521,0.01970877,355730,0.11695484,0.58890419,0.39290376,0.19600043,0.1378367,White
IL-25,474419,0.37676693,0.59835162,0.87644785,0.12355215,0.06359944,0.01974655,0.00094083,0.01602661,0.01914192,368824,-0.22158469,0.38375533,0.59334396,-0.20958863,-0.22305267,White
IL-26,474505,0.27934077,0.69980972,0.85058601,0.14941399,0.07013453,0.04723026,0.00083136,0.01014147,0.01809216,369276,-0.42046895,0.29110953,0.68985851,-0.39874898,-0.41869563,White
IL-27,474764,0.47568231,0.50096948,0.71251872,0.28748128,0.10331363,0.13396351,0.0009365,0.02925061,0.02258283,365189,-0.02528717,0.48744897,0.48966494,-0.00221597,-0.02306344,White
IN-1,484256,0.52950412,0.45588002,0.53345008,0.46654992,0.25502556,0.17947767,0.00087966,0.01997234,0.02119845,369461,0.0736241,0.57635686,0.40915652,0.16720034,0.09934951,White
IN-2,484279,0.49018282,0.49354037,0.75520973,0.24479027,0.11249884,0.08326522,0.00130726,0.02497105,0.0209694,375595,-0.00335755,0.51241051,0.46944547,0.04296504,0.00661665,White
IN-3,484416,0.26868387,0.71394049,0.87188626,0.12811374,0.03014378,0.05991505,0.00087633,0.01149687,0.02146619,373145,-0.44525662,0.28453199,0.69538186,-0.41084987,-0.43925437,White
IN-4,484962,0.39033321,0.5927255,0.77969889,0.22030111,0.09873181,0.06239803,0.00131739,0.0392298,0.01891035,359803,-0.20239229,0.39431974,0.58386695,-0.18954721,-0.20357726,White
IN-5,484318,0.27166981,0.71282777,0.84726719,0.15273281,0.02977313,0.09087734,0.00083997,0.01035129,0.02037546,360728,-0.44115796,0.28142167,0.69953721,-0.41811554,-0.43894382,White
IN-6,485173,0.37547764,0.60730327,0.87586983,0.12413017,0.0392169,0.02893219,0.00113874,0.03102159,0.01943584,388149,-0.23182563,0.38601696,0.5946769,-0.20865994,-0.2295704,White
IN-7,485347,0.40783422,0.57391082,0.79760139,0.20239861,0.05560758,0.06314282,0.00845279,0.06172726,0.01746314,369464,-0.1660766,0.40054523,0.57581603,-0.1752708,-0.174608,White
IN-8,485406,0.44026961,0.54077737,0.81977968,0.18022032,0.06176966,0.0430946,0.00097125,0.05456694,0.01632027,361391,-0.10050776,0.44246897,0.53745363,-0.09498466,-0.10413339,White
IN-9,484634,0.27836667,0.7050493,0.89838175,0.10161825,0.04457984,0.02335784,0.00084385,0.01015763,0.01946355,381585,-0.42668263,0.29169226,0.68953716,-0.3978449,-0.42253672,White
IN-10,484724,0.66170607,0.32108617,0.54412455,0.45587545,0.29139187,0.12341931,0.0012996,0.02747774,0.01939161,370882,0.3406199,0.66593299,0.31581249,0.3501205,0.3383201,White
IN-11,484669,0.59394013,0.39002153,0.5638981,0.4361019,0.26490217,0.09509302,0.00160135,0.05933219,0.02108585,365316,0.2039186,0.60282527,0.378334,0.22449127,0.20530949,White
IN-12,484669,0.29805809,0.68390959,0.8873758,0.1126242,0.02248534,0.03324379,0.0009928,0.03222935,0.01996413,369663,-0.3858515,0.29373787,0.68403357,-0.3902957,-0.39279957,White
IN-13,484379,0.32568567,0.658297,0.88631719,0.11368281,0.04980703,0.028258,0.00185333,0.01361076,0.01728529,373381,-0.33261133,0.34019716,0.64202475,-0.30182759,-0.32781675,White
IN-14,484296,0.30870165,0.67389595,0.8900769,0.1099231,0.03806522,0.0357097,0.00108819,0.01074018,0.02219691,374016,-0.3651943,0.31852293,0.66249559,-0.34397266,-0.36358709,White
KS-1,488984,0.21876584,0.76368463,0.77683208,0.22316792,0.02258941,0.1617981,0.00176386,0.01235793,0.02827357,366809,-0.54491879,0.2263703,0.7542576,-0.5278873,-0.54470829,White
KS-2,489966,0.38990328,0.58948278,0.78345462,0.21654538,0.06892713,0.08737111,0.00327592,0.02449367,0.03659836,376383,-0.1995795,0.40155205,0.57275424,-0.17120219,-0.19558706,White
KS-3,489603,0.5440956,0.43832463,0.77690658,0.22309342,0.05419381,0.07660635,0.00151722,0.06581155,0.02224903,373050,0.10577097,0.54139382,0.43774809,0.10364573,0.09959589,White
KS-4,489491,0.44118206,0.54216471,0.66867171,0.33132829,0.10469896,0.13601721,0.00245543,0.0543613,0.04221439,368571,-0.10098265,0.44561364,0.52992721,-0.08431357,-0.10089296,White
KS-5,489665,0.28054721,0.70117497,0.85702084,0.14297916,0.02943547,0.05285211,0.00204287,0.01306577,0.04374623,373495,-0.42062776,0.28471908,0.69403835,-0.40931927,-0.42232493,White
KS-6,490171,0.55166771,0.43084841,0.6678643,0.3321357,0.11898396,0.1371992,0.00230184,0.04235758,0.03653021,371008,0.1208193,0.5638601,0.41360104,0.15025906,0.12516589,White
KY-1,500991,0.25426023,0.7328635,0.84724746,0.15275254,0.08786756,0.03132227,0.00141705,0.009367,0.02138484,387424,-0.47860327,0.27598655,0.70911218,-0.43312563,-0.46891072,White
KY-2,501344,0.30509951,0.67928254,0.83347796,0.16652204,0.07641158,0.03855081,0.00314439,0.02710763,0.02096522,382586,-0.37418303,0.33099904,0.65088289,-0.31988385,-0.36154997,White
KY-3,499973,0.37649178,0.60719563,0.81146336,0.18853664,0.08130143,0.05702863,0.00140423,0.02619052,0.02149577,381703,-0.23070385,0.386928,0.59487793,-0.20794993,-0.22858588,White
KY-4,500375,0.65740224,0.32270226,0.6105457,0.3894543,0.26904912,0.06525216,0.00157933,0.03977849,0.01754926,396370,0.33469998,0.67574879,0.30549951,0.37024928,0.34108308,White
KY-5,499970,0.1576302,0.83194915,0.92364468,0.07635532,0.02730629,0.01962948,0.00079442,0.00553758,0.02054332,385186,-0.67431895,0.17561322,0.81180679,-0.63619357,-0.66707716,White
KY-6,500360,0.25987452,0.72475029,0.89881479,0.10118521,0.04310358,0.02389041,0.00296562,0.01112559,0.01948724,386766,-0.46487577,0.27830887,0.70454236,-0.42623349,-0.45746168,White
KY-7,501023,0.32556431,0.65652067,0.8827766,0.1172234,0.04047724,0.03378229,0.00190571,0.01673869,0.02070519,380436,-0.33095636,0.337579,0.64349028,-0.30591128,-0.32807467,White
KY-8,500732,0.20968487,0.77688618,0.94718834,0.05281166,0.01821585,0.01005523,0.0005311,0.00532125,0.01640039,391637,-0.56720131,0.23691384,0.75030338,-0.51338954,-0.55473072,White
KY-9,501068,0.50803889,0.47110797,0.75673827,0.24326173,0.12383356,0.06372769,0.00115112,0.03561839,0.0196099,391792,0.03693092,0.52547227,0.45369767,0.0717746,0.04307881,White
LA-1,466114,0.26497563,0.72152541,0.6823771,0.3176229,0.1877151,0.06987409,0.00123217,0.02066084,0.04086564,353035,-0.45654978,0.26599869,0.71766012,-0.45166143,-0.460387,White
LA-2,465973,0.78897134,0.18419749,0.34396904,0.65603096,0.52149382,0.09232952,0.00132357,0.04197117,0.01618457,367943,0.60477385,0.7982211,0.18370518,0.61451592,0.60255454,Black
LA-3,465276,0.25554806,0.73130045,0.70862539,0.29137461,0.20754255,0.04665716,0.00086797,0.02178188,0.01568614,351393,-0.47575239,0.26586087,0.71777206,-0.45191119,-0.47327199,White
LA-4,465980,0.21771849,0.76981413,0.70762105,0.29237895,0.19444476,0.04821835,0.00206865,0.01909809,0.02951807,351920,-0.55209564,0.23085938,0.75252419,-0.52166481,-0.5474187,White
LA-5,465633,0.25596774,0.72610461,0.73386752,0.26613248,0.16029346,0.05901543,0.00091672,0.02493825,0.01866832,353433,-0.47013687,0.24433775,0.73602368,-0.49168593,-0.48278656,White
LA-6,465608,0.53450112,0.45043346,0.41691225,0.58308775,0.5181581,0.03962382,0.00087339,0.01510968,0.01291775,354938,0.08406766,0.56184331,0.42086194,0.14098137,0.09757223,Black
LA-7,465311,0.27609415,0.70555216,0.70362667,0.29637333,0.13049551,0.11814215,0.00095598,0.02913675,0.01945572,362978,-0.42945801,0.27575379,0.7060801,-0.43032631,-0.43521411,White
LA-8,465528,0.5673428,0.41690162,0.41621589,0.58378411,0.47102284,0.0748402,0.00102137,0.02899798,0.01514012,360301,0.15044118,0.59184766,0.39143681,0.20041085,0.16163107,Black
LA-9,466357,0.23034255,0.75835035,0.71035166,0.28964834,0.20543459,0.04025164,0.001261,0.0164014,0.02511682,358445,-0.5280078,0.23870305,0.74744807,-0.50874502,-0.52705354,White
LA-10,465977,0.52218527,0.46414075,0.41912669,0.58087331,0.5193704,0.03498408,0.00113432,0.01335067,0.01662165,356162,0.05804452,0.54486994,0.43940895,0.10546099,0.06838334,Black
MA-1,468367,0.63456626,0.33563984,0.85150134,0.14849866,0.03475484,0.04972445,0.00114854,0.04192934,0.01638082,388320,0.29892642,0.67049788,0.30306638,0.3674315,0.31629478,White
MA-2,467919,0.53133206,0.44380531,0.64354545,0.35645455,0.10219789,0.22310749,0.00221333,0.03090264,0.01815906,369127,0.08752675,0.57673865,0.4006992,0.17603945,0.11156432,White
MA-3,468754,0.53134326,0.44155764,0.70135858,0.29864142,0.08273695,0.13129012,0.00123021,0.06629226,0.01500856,373920,0.08978562,0.57700015,0.39812155,0.1788786,0.11401661,White
MA-4,469409,0.57090183,0.40298722,0.69903851,0.30096149,0.05952983,0.11332805,0.00152085,0.10264418,0.01226697,369529,0.16791461,0.6019574,0.37186835,0.23008905,0.18317276,White
MA-5,468397,0.65032039,0.31956812,0.74887263,0.25112737,0.0426423,0.0679882,0.00086784,0.08890152,0.00974948,364122,0.33075227,0.68427175,0.29101443,0.39325732,0.34612062,White
MA-6,468947,0.60473075,0.36892983,0.6818896,0.3181104,0.04903151,0.1981651,0.00151349,0.07546801,0.01103745,363399,0.23580092,0.64629967,0.33106711,0.31523256,0.25681147,White
MA-7,469130,0.60171869,0.37363789,0.84319432,0.15680568,0.03260798,0.07792126,0.00107895,0.02749744,0.01029213,379999,0.2280808,0.63247463,0.34433331,0.28814132,0.24263431,White
MA-8,468382,0.73844824,0.22417481,0.60810967,0.39189033,0.10116299,0.09451877,0.00139135,0.15835972,0.00951262,396736,0.51427343,0.7842671,0.19626197,0.58800513,0.533384,White
MA-9,467910,0.75313869,0.21358177,0.71055116,0.28944884,0.04207499,0.06070624,0.00110023,0.16919845,0.00669821,371741,0.53955692,0.78068046,0.1976834,0.58299706,0.5485703,White
MA-10,468789,0.64956972,0.31707764,0.5531654,0.4468346,0.07936999,0.25547835,0.00147635,0.10052072,0.01550555,388119,0.33249208,0.71996229,0.2594666,0.46049569,0.36969328,White
MA-11,468645,0.77656178,0.19046968,0.41422235,0.58577765,0.31225424,0.16712524,0.00211492,0.12191616,0.01336971,389612,0.5860921,0.83804575,0.14480598,0.69323977,0.61634132,Minority
MA-12,468965,0.56907035,0.40482813,0.71733807,0.28266193,0.14086517,0.05736863,0.00126118,0.04688151,0.01062332,367117,0.16424222,0.61492187,0.36186335,0.25305852,0.18838099,White
MA-13,467905,0.58181638,0.39253873,0.72649836,0.27350164,0.09492613,0.03972508,0.00112422,0.11760188,0.00862965,376261,0.18927765,0.62611088,0.35215015,0.27396073,0.21203868,White
MA-14,469553,0.4713608,0.50920304,0.8004523,0.1995477,0.06787137,0.08164589,0.00137505,0.01934414,0.01434056,374532,-0.03784224,0.52801082,0.45129118,0.07671964,-0.00512161,White
MA-15,468845,0.56355019,0.41487991,0.87258589,0.12741411,0.03919333,0.02958161,0.00118868,0.01667736,0.0134104,391189,0.14867028,0.5923485,0.38570171,0.20664679,0.16252912,White
MD-1,474448,0.40017096,0.5727623,0.74578445,0.25421555,0.16555695,0.04760931,0.0014448,0.02162683,0.01936933,376523,-0.17259134,0.41723598,0.55816474,-0.14092876,-0.16750381,White
MD-2,474144,0.7486667,0.21911157,0.33896873,0.66103127,0.53455361,0.05848498,0.00138977,0.06214745,0.0154701,366966,0.52955513,0.78147676,0.19730814,0.58416862,0.54229296,Black
MD-3,475027,0.56108592,0.40510683,0.62757352,0.37242648,0.21114336,0.08546779,0.00220328,0.05905805,0.02113962,371719,0.15597909,0.56792239,0.40313084,0.16479155,0.15344991,White
MD-4,474411,0.86887689,0.09891137,0.10870081,0.89129919,0.59758709,0.24968011,0.00176521,0.0490275,0.02830881,366529,0.76996552,0.91143121,0.06664184,0.84478937,0.78944014,Black
MD-5,475980,0.60781891,0.36478546,0.47457099,0.52542901,0.40338562,0.06284567,0.00241283,0.04489835,0.02482785,365960,0.24303345,0.63018307,0.34732475,0.28285832,0.25084174,Minority
MD-6,474430,0.42618074,0.5449679,0.77878202,0.22121798,0.10247566,0.06455562,0.00141056,0.03524264,0.01964667,375738,-0.11878716,0.43170352,0.54288657,-0.11118305,-0.12171912,White
MD-7,475585,0.84013489,0.12606117,0.33103616,0.66896384,0.53587942,0.07109979,0.00125324,0.05606873,0.01601704,385402,0.71407372,0.86513453,0.11383256,0.75130197,0.72101647,Black
MD-8,476018,0.79344616,0.1697609,0.46204362,0.53795638,0.19362014,0.2040025,0.00162892,0.13267888,0.01929545,369569,0.62368526,0.83319398,0.1433772,0.68981678,0.64026243,Minority
MD-9,475674,0.39290485,0.57298653,0.83557146,0.16442854,0.05554212,0.03741678,0.00110697,0.05127275,0.01570989,372186,-0.18008168,0.39911722,0.56898203,-0.16986481,-0.18214272,White
MD-10,475550,0.53619562,0.433808,0.60859598,0.39140402,0.25088601,0.06336557,0.00149763,0.05900242,0.02177515,369917,0.10238762,0.54487192,0.42949238,0.11537954,0.10125159,White
MD-11,475335,0.77686432,0.19279206,0.27387425,0.72612575,0.56066151,0.10965958,0.00153771,0.05527414,0.01888612,371331,0.58407226,0.80253135,0.17628566,0.62624569,0.5926634,Black
MD-12,474263,0.70998601,0.24824755,0.45182821,0.54817179,0.24778326,0.10309253,0.00168447,0.1882965,0.01544469,362131,0.46173846,0.73989047,0.23342247,0.506468,0.47118164,Minority
MD-13,474538,0.68642674,0.27283122,0.43455296,0.56544704,0.16986084,0.17750415,0.00189353,0.20969684,0.01702235,361231,0.41359552,0.72995813,0.24393768,0.48602045,0.4322705,Minority
ME-1,454416,0.60931573,0.36796734,0.90177851,0.09822149,0.02905344,0.01936178,0.00102782,0.02353495,0.01692407,371660,0.24134839,0.61180015,0.35988555,0.2519146,0.23940379,White
ME-2,453228,0.54890535,0.42800849,0.91908468,0.08091532,0.0201821,0.01585852,0.00110798,0.01402995,0.02122507,369139,0.12089686,0.55362161,0.41690322,0.13671839,0.12070404,White
ME-3,454715,0.40275297,0.57928655,0.92903332,0.07096668,0.01005183,0.01247272,0.00096673,0.01106189,0.02892067,369286,-0.17653358,0.41708603,0.55456438,-0.13747835,-0.16898184,White
MI-1,480388,0.42541218,0.55942642,0.8917633,0.1082367,0.01789392,0.01646067,0.00113794,0.00971704,0.05622494,392815,-0.13401424,0.43107414,0.55313911,-0.12206497,-0.13549782,White
MI-2,480515,0.32600562,0.65989091,0.9267274,0.0732726,0.01180164,0.0194112,0.00080805,0.00674747,0.02649065,388590,-0.33388529,0.33432679,0.65051534,-0.31618855,-0.33345304,White
MI-3,480073,0.3398885,0.64503837,0.88717988,0.11282012,0.02835147,0.04419358,0.0009681,0.01152499,0.02107581,368764,-0.30514987,0.34286166,0.63906979,-0.29620813,-0.30763596,White
MI-4,479431,0.58449208,0.39762074,0.69650294,0.30349706,0.12963008,0.11328949,0.00119486,0.0450687,0.02101436,369081,0.18687134,0.5862259,0.39357828,0.19264762,0.1833301,White
MI-5,479729,0.42345637,0.56142675,0.81328774,0.18671226,0.06610728,0.07138239,0.0010485,0.02369453,0.02136121,368144,-0.13797038,0.42335042,0.55873066,-0.13538024,-0.14257367,White
MI-6,480053,0.50328255,0.48092009,0.78268117,0.21731883,0.10689683,0.05767377,0.00097487,0.02351816,0.02513936,371330,0.02236246,0.51276378,0.46864364,0.04412014,0.02414835,White
MI-7,480031,0.37191967,0.61403351,0.84403344,0.15596656,0.0613612,0.04451574,0.00098774,0.01888016,0.02486853,371554,-0.24211384,0.38135566,0.60046149,-0.21910583,-0.23991117,White
MI-8,480224,0.36559172,0.61981135,0.87221805,0.12778195,0.04783423,0.03869599,0.00069846,0.00991079,0.02487486,377972,-0.25421963,0.38175685,0.6007314,-0.21897455,-0.24793794,White
MI-9,480373,0.64106304,0.3361257,0.73036296,0.26963704,0.11002905,0.04788907,0.00142791,0.08803505,0.01965437,389379,0.30493734,0.65946127,0.32690138,0.33255989,0.30867819,White
MI-10,479233,0.54919353,0.43353492,0.76507797,0.23492203,0.10106482,0.05986042,0.0012887,0.0504563,0.02217305,381003,0.11565861,0.56084628,0.4220074,0.13883888,0.1179187,White
MI-11,480277,0.49033218,0.49478649,0.75646964,0.24353036,0.16804233,0.03237224,0.0008815,0.01289387,0.02534432,374364,-0.00445431,0.51500957,0.46980842,0.04520115,0.00663084,White
MI-12,479774,0.44053875,0.54536741,0.81257192,0.18742808,0.08954117,0.05378013,0.00083405,0.01560405,0.02477856,378876,-0.10482866,0.45493821,0.52895823,-0.07402002,-0.10002578,White
MI-13,479218,0.30221577,0.68466828,0.90889572,0.09110428,0.02302569,0.03058939,0.00060857,0.00820653,0.02099975,379576,-0.38245251,0.31821103,0.66730926,-0.34909823,-0.37680108,White
MI-14,479660,0.402115,0.58378395,0.88479211,0.11520789,0.0240289,0.03542928,0.00067014,0.02607936,0.02030175,374549,-0.18166895,0.40605578,0.5784671,-0.17241132,-0.18404974,White
MI-15,479898,0.46093048,0.52275849,0.76439996,0.23560004,0.15749572,0.02403874,0.00084236,0.03027536,0.01880405,382258,-0.06182801,0.48453098,0.50192149,-0.01739051,-0.05248218,White
MI-16,480312,0.50143255,0.47593062,0.78980627,0.21019373,0.0807239,0.02731692,0.0008393,0.0815247,0.0151869,389612,0.02550193,0.53407094,0.45220197,0.08186897,0.03882428,White
MI-17,479565,0.55825988,0.4173289,0.65503082,0.34496918,0.1476872,0.04992972,0.00082548,0.13172615,0.01254309,379173,0.14093098,0.58933937,0.39920641,0.19013296,0.15186497,White
MI-18,479321,0.53650834,0.43631707,0.68084462,0.31915538,0.14406087,0.04351877,0.0009557,0.10831245,0.01957588,376688,0.10019127,0.56784659,0.41905763,0.14878896,0.11092383,White
MI-19,479544,0.6804936,0.3009512,0.48145571,0.51854429,0.44981311,0.02575458,0.00075072,0.02750189,0.01778965,382301,0.3795424,0.7048851,0.28324314,0.42164196,0.38810892,Minority
MI-20,479094,0.67101464,0.24939809,0.41594175,0.58405825,0.50235202,0.05107487,0.00107077,0.01974002,0.01492862,353951,0.42161655,0.7992327,0.18983002,0.60940268,0.47874526,Black
MI-21,480614,0.7450456,0.23195894,0.33312215,0.66687785,0.51853162,0.09531567,0.00110252,0.04440513,0.01878668,364620,0.51308666,0.79462793,0.19479162,0.59983631,0.53653654,Black
MN-1,476234,0.46723005,0.50999289,0.85956585,0.14043415,0.03509896,0.0446169,0.00147546,0.03975801,0.01390052,365310,-0.04276284,0.47601305,0.49997776,-0.02396471,-0.04196346,White
MN-2,475450,0.56101832,0.41337984,0.75566447,0.24433553,0.07714976,0.07167261,0.00156011,0.07316841,0.01859825,357668,0.14763848,0.56554193,0.40980454,0.15573739,0.14487145,White
MN-3,475066,0.63765166,0.33609236,0.78698127,0.21301873,0.06575963,0.05529404,0.00125705,0.07247547,0.01516481,373892,0.3015593,0.6390043,0.33821207,0.30079223,0.29583694,White
MN-4,475557,0.83414555,0.13278686,0.63436028,0.36563972,0.18006297,0.08943561,0.00158986,0.0705342,0.03117015,384310,0.70135869,0.849101,0.12798326,0.72111774,0.70247837,White
MN-5,474939,0.71427349,0.25870481,0.62240891,0.37759109,0.13321227,0.07308215,0.00171785,0.15131783,0.02294008,366738,0.45556868,0.72970766,0.24715885,0.48254881,0.45909539,White
MN-6,475194,0.36068529,0.61764706,0.87996214,0.12003786,0.04326631,0.02651512,0.00112891,0.02602478,0.01590451,350781,-0.25696177,0.36870581,0.60688233,-0.23817652,-0.25616669,White
MN-7,476478,0.33556839,0.64458495,0.89240452,0.10759548,0.0187589,0.0392244,0.00176696,0.01060727,0.03418416,364467,-0.30901656,0.35214507,0.62731472,-0.27516965,-0.30320092,White
MN-8,475260,0.46936826,0.50998089,0.88222382,0.11777618,0.01990475,0.01600681,0.0011175,0.01248404,0.06112708,375840,-0.04061263,0.48181558,0.49510447,-0.01328889,-0.03697138,White
MN-9,475669,0.36161606,0.61767513,0.86440081,0.13559919,0.03046308,0.06475054,0.00149841,0.02209398,0.01488237,363719,-0.25605907,0.37896026,0.59808349,-0.21912323,-0.24921379,White
MN-10,475898,0.59854251,0.37550726,0.70667506,0.29332494,0.12936298,0.04801118,0.00125557,0.09655451,0.01737017,360791,0.22303525,0.59748384,0.37818194,0.2193019,0.21632413,White
MN-11,475006,0.54723088,0.42591159,0.79149449,0.20850551,0.06665629,0.04332228,0.00137553,0.07549582,0.01812366,359861,0.12131929,0.5529588,0.42270798,0.13025082,0.1188298,White
MN-12,475743,0.29065846,0.69095288,0.92649922,0.07350078,0.01229024,0.02436716,0.00090249,0.00932844,0.02007625,365656,-0.40029442,0.30228716,0.67664584,-0.37435868,-0.39711584,White
MO-1,473965,0.7989239,0.18210282,0.42092348,0.57907652,0.48710885,0.03698866,0.00109504,0.03909695,0.01801146,378981,0.61682108,0.80488283,0.17925193,0.6256309,0.61429102,Black
MO-2,473932,0.52076536,0.45984077,0.86401131,0.13598869,0.03865662,0.02634271,0.00081303,0.04771032,0.01668058,371450,0.06092459,0.51652388,0.46660395,0.04991993,0.0517897,White
MO-3,473078,0.3255649,0.66194845,0.87505214,0.12494786,0.04699542,0.02536359,0.00120659,0.02155065,0.02342072,357205,-0.33638355,0.32713189,0.65539804,-0.32826615,-0.33914442,White
MO-4,472954,0.37745023,0.60586692,0.8223176,0.1776824,0.07461323,0.04080173,0.00290217,0.02822475,0.02695182,367656,-0.22841669,0.38675623,0.59030426,-0.20354803,-0.2255938,White
MO-5,473143,0.63991041,0.34180929,0.61099127,0.38900873,0.21604679,0.1048214,0.0045012,0.0407111,0.02910217,369457,0.29810112,0.66329887,0.31735128,0.34594759,0.30858328,White
MO-6,473986,0.29382482,0.69388093,0.88950147,0.11049853,0.03280532,0.03158198,0.00229582,0.01339093,0.02606322,364575,-0.40005611,0.30068089,0.68238643,-0.38170554,-0.39940592,White
MO-7,473619,0.31900599,0.66820499,0.85991528,0.14008472,0.03144283,0.04066535,0.00274639,0.02127717,0.03885407,373217,-0.349199,0.32178937,0.65926806,-0.33747869,-0.3507589,White
MO-8,472744,0.20279759,0.78871467,0.87090143,0.12909857,0.06658734,0.01858074,0.00084408,0.00853886,0.02798819,367262,-0.58591708,0.21354461,0.7739681,-0.56042349,-0.58288588,White
MO-9,473700,0.62458792,0.35779845,0.59645755,0.40354245,0.27050454,0.0428795,0.00120784,0.07066506,0.01720033,375051,0.26678947,0.63063933,0.35246892,0.27817041,0.26511645,White
MO-10,473865,0.27580232,0.71189749,0.90981823,0.09018177,0.0209148,0.01899511,0.0010771,0.00956845,0.0294416,366726,-0.43609517,0.28419891,0.69754335,-0.41334444,-0.43397826,White
MO-11,473853,0.18990367,0.80056732,0.88753637,0.11246363,0.02605742,0.02840648,0.00223746,0.01501439,0.03498548,367381,-0.61066365,0.19753952,0.78689944,-0.58935992,-0.60902907,White
MO-12,473203,0.2394752,0.74885928,0.8515339,0.1484661,0.02385534,0.05193046,0.00524471,0.01325979,0.04859876,358075,-0.50938408,0.24261333,0.73996091,-0.49734758,-0.51083858,White
MO-13,472871,0.50327334,0.4810083,0.69479831,0.30520169,0.17797064,0.06968676,0.00481906,0.02123678,0.03323424,358576,0.02226504,0.50485325,0.47471619,0.03013706,0.01942238,White
MS-1,493187,0.24761,0.74026191,0.74385843,0.25614157,0.19523037,0.02994976,0.0008256,0.01289514,0.01641248,381539,-0.49265191,0.2693781,0.71659061,-0.44721251,-0.48297211,White
MS-2,493775,0.5635526,0.42567349,0.39416638,0.60583362,0.56941974,0.01908857,0.00066936,0.00992324,0.01046238,383947,0.13787911,0.58901338,0.39871377,0.19029961,0.14988594,Black
MS-3,493038,0.26846675,0.72081048,0.70574855,0.29425145,0.23385235,0.02677954,0.00087754,0.01702321,0.01517534,377191,-0.45234373,0.28344429,0.70328005,-0.41983576,-0.44697441,White
MS-4,493458,0.27624866,0.71301533,0.69810145,0.30189855,0.19604917,0.05101108,0.00199153,0.02778893,0.02558082,378604,-0.43676667,0.29415368,0.69070747,-0.39655379,-0.42882904,White
MS-5,494322,0.54748059,0.4395076,0.39120362,0.60879638,0.56518028,0.02720241,0.00069716,0.00882978,0.01073305,377246,0.10797299,0.57802568,0.4090774,0.16894828,0.12283142,Black
MS-6,493499,0.41622526,0.57467519,0.53344747,0.46655253,0.40710208,0.02692101,0.00077558,0.00979761,0.02464967,379072,-0.15844993,0.44660495,0.5404245,-0.09381955,-0.14237314,White
MT-1,542200,0.45653153,0.51079023,0.88142474,0.11857526,0.00978689,0.03817188,0.00225585,0.01613696,0.04355318,433539,-0.0542587,0.47658545,0.49675185,-0.0201664,-0.04836127,White
MT-2,542025,0.30573917,0.66410626,0.82917491,0.17082509,0.00767912,0.03206796,0.00237647,0.01094377,0.1134273,416584,-0.35836709,0.32750688,0.64875872,-0.32125184,-0.35146201,White
NC-1,475011,0.50727358,0.48224263,0.49540977,0.50459023,0.41238612,0.06477266,0.00110734,0.0097596,0.02436147,372966,0.02503095,0.52590231,0.46407419,0.06182812,0.03183001,Minority
NC-2,474442,0.63096747,0.35026119,0.50938314,0.49061686,0.30861527,0.12935765,0.00148096,0.04250914,0.02056578,357876,0.28070628,0.63916912,0.34258293,0.29658619,0.28053292,White
NC-3,474389,0.33046976,0.65751126,0.72841459,0.27158541,0.1383277,0.07958077,0.00451346,0.02818319,0.02619673,375543,-0.3270415,0.34408523,0.63742581,-0.29334058,-0.32127453,White
NC-4,473529,0.78081651,0.19975415,0.5169352,0.4830648,0.28035939,0.11525698,0.00116858,0.07504511,0.02012704,379092,0.58106236,0.78623387,0.19868937,0.5875445,0.57775641,White
NC-5,474901,0.27507989,0.71328164,0.83727858,0.16272142,0.07151611,0.06070076,0.00100079,0.00932592,0.02057764,382697,-0.43820175,0.28314777,0.70453534,-0.42138757,-0.43806369,White
NC-6,474647,0.59653611,0.38611741,0.52126,0.47874,0.3373252,0.07613011,0.00129394,0.05294397,0.02070565,372507,0.2104187,0.60156144,0.38403605,0.21752539,0.20732093,White
NC-7,473701,0.41977901,0.56826791,0.76417478,0.23582522,0.12995185,0.06769259,0.00151947,0.01493063,0.02230534,386320,-0.1484889,0.43130094,0.55430762,-0.12300668,-0.14546149,White
NC-8,475131,0.53618678,0.45058343,0.4365086,0.5634914,0.39766019,0.09455243,0.00575132,0.03339309,0.0525199,361482,0.08560335,0.55510567,0.42894659,0.12615908,0.09365526,Minority
NC-9,474665,0.48748532,0.4936629,0.64482328,0.35517672,0.16293641,0.09693598,0.00132769,0.07816188,0.01921285,348725,-0.00617758,0.48404408,0.49960149,-0.01555741,-0.01477086,White
NC-10,475363,0.32629883,0.66268367,0.75063032,0.24936968,0.12527224,0.07607529,0.00106752,0.02493107,0.02404862,372828,-0.33638484,0.32079152,0.66613952,-0.345348,-0.34483923,White
NC-11,474158,0.53020479,0.4527706,0.8271364,0.1728636,0.04887082,0.07330752,0.00291134,0.01575171,0.03073171,387450,0.07743419,0.51507533,0.46816553,0.0469098,0.06179273,White
NC-12,474501,0.70151089,0.27479421,0.37024921,0.62975079,0.43866004,0.12446906,0.00144902,0.06054908,0.0187847,361624,0.42671668,0.71786348,0.26600728,0.4518562,0.42962985,Black
NC-13,474787,0.25006868,0.73880096,0.77239733,0.22760267,0.09540391,0.09278544,0.00088281,0.01567541,0.02469428,367008,-0.48873228,0.2514239,0.7362625,-0.4848386,-0.49290105,White
NC-14,474358,0.48789142,0.49563176,0.6816409,0.3183591,0.17649896,0.09436303,0.00122657,0.02886982,0.02219674,362801,-0.00774034,0.48285637,0.50101508,-0.01815871,-0.0166798,White
NC-15,475076,0.48684665,0.50216,0.52921229,0.47078771,0.38674148,0.05548073,0.00159969,0.01638816,0.01722394,375698,-0.01531335,0.51195404,0.47672936,0.03522468,-0.00393401,White
NC-16,474048,0.64870613,0.32747253,0.6440631,0.3559369,0.11556508,0.07154285,0.00141435,0.15390841,0.01488829,371903,0.3212336,0.65638469,0.32376033,0.33262436,0.31956385,White
NC-17,475008,0.54657495,0.43717231,0.57124258,0.42875742,0.27004969,0.11024617,0.00136974,0.0345255,0.02224941,368684,0.10940264,0.55469434,0.42967226,0.12502208,0.10914245,White
NC-18,473658,0.34346357,0.64729723,0.53612612,0.46387388,0.23150939,0.1099682,0.00137813,0.00894955,0.12167401,361359,-0.30383366,0.36221683,0.62790038,-0.26568355,-0.29658362,White
NC-19,474850,0.64980795,0.32724922,0.52782768,0.47217232,0.23980776,0.15462054,0.00137083,0.06731549,0.0193443,373495,0.32255873,0.6707356,0.31085257,0.35988303,0.3295335,White
NC-20,474343,0.29646137,0.69226808,0.84375252,0.15624748,0.07148269,0.03935675,0.00090092,0.00974871,0.03399028,384051,-0.39580671,0.30017556,0.68728364,-0.38710808,-0.39837383,White
NC-21,474688,0.31039908,0.67862294,0.76690496,0.23309504,0.11699129,0.07264385,0.0010785,0.02110464,0.02379684,371814,-0.36822386,0.31242209,0.6746612,-0.36223911,-0.37169561,White
NC-22,474134,0.37053296,0.61674543,0.68645177,0.31354823,0.1710582,0.10240662,0.00202686,0.01814988,0.02635755,359176,-0.24621247,0.3730915,0.61193534,-0.23884384,-0.24922293,White
ND-1,390124,0.39157567,0.58122644,0.83827718,0.16172282,0.04308705,0.03039084,0.00155477,0.02852512,0.05729503,302295,-0.18965077,0.41039536,0.55628677,-0.14589141,-0.18053098,White
ND-2,388970,0.21889951,0.75764562,0.85006025,0.14993975,0.02865574,0.04226033,0.0030327,0.0155515,0.06028292,293798,-0.53874611,0.22718704,0.74403484,-0.5168478,-0.53691334,White
NE-1,489420,0.48481143,0.50026436,0.80759941,0.19240059,0.04820426,0.07457542,0.00189152,0.04573507,0.02145158,372187,-0.01545293,0.49205554,0.482907,0.00914854,-0.01271911,White
NE-2,490808,0.58448416,0.40097559,0.66441842,0.33558158,0.13226944,0.12895244,0.0021204,0.05370137,0.02567704,370214,0.18350857,0.58401764,0.39548948,0.18852816,0.1797151,White
NE-3,490347,0.20718401,0.78178164,0.84950505,0.15049495,0.01497042,0.09319456,0.00185757,0.00967381,0.0314017,373069,-0.57459763,0.21341719,0.76735504,-0.55393785,-0.5731777,White
NE-4,490929,0.30851741,0.67964342,0.84783049,0.15216951,0.01707439,0.09713661,0.00123386,0.01894321,0.01790898,360657,-0.37112601,0.30572698,0.67378346,-0.36805648,-0.3755695,White
NH-1,459287,0.49641835,0.48961857,0.90685281,0.09314719,0.01382631,0.02641347,0.00102993,0.02883543,0.01446197,372840,0.00679978,0.51650145,0.46791444,0.04858701,0.01526219,White
NH-2,459409,0.51180836,0.47337608,0.91537993,0.08462007,0.0140517,0.01894656,0.00100838,0.02054053,0.02070597,380808,0.03843228,0.53579696,0.44766233,0.08813463,0.04953306,White
NH-3,458833,0.51213139,0.47233527,0.84204102,0.15795898,0.03069487,0.06194828,0.00121788,0.04154679,0.01642091,367032,0.03979612,0.53449618,0.44813258,0.0863636,0.04985195,White
NJ-1,488528,0.6343415,0.34763499,0.55050389,0.44949611,0.21583233,0.16290773,0.00185761,0.07077725,0.01682182,377367,0.28670651,0.66922175,0.31845809,0.35076366,0.30259223,White
NJ-2,488696,0.42606881,0.55639579,0.66080352,0.33919648,0.12853222,0.14837147,0.00187106,0.05334656,0.0193191,396033,-0.13032698,0.47231889,0.51507649,-0.0427576,-0.10660385,White
NJ-3,488206,0.56485632,0.41883826,0.67425763,0.32574237,0.17688242,0.07425865,0.00157257,0.06292079,0.01535751,391079,0.14601806,0.58226926,0.40417976,0.1780895,0.15124187,White
NJ-4,488653,0.37817861,0.60141853,0.80584265,0.19415735,0.03268675,0.08432585,0.00098287,0.06468138,0.01006795,388659,-0.22323992,0.42499622,0.56173745,-0.13674123,-0.19987369,White
NJ-5,488414,0.52327929,0.45653962,0.51435005,0.48564995,0.07979592,0.17229388,0.00167132,0.23553982,0.00945528,385922,0.06673967,0.59831954,0.39140398,0.20691556,0.1079983,White
NJ-6,488348,0.4985971,0.47687898,0.51820386,0.48179614,0.12974053,0.23804808,0.00148303,0.10886722,0.01506757,387720,0.02171812,0.57192418,0.41524272,0.15668146,0.06123923,White
NJ-7,489395,0.47968515,0.49436947,0.68879871,0.31120129,0.07742593,0.10508736,0.00106311,0.11723651,0.0124456,391303,-0.01468432,0.51287842,0.4696516,0.04322682,-0.00084727,White
NJ-8,488656,0.59110003,0.38244261,0.26921634,0.73078366,0.09257251,0.54674369,0.00234374,0.10170846,0.02522088,389122,0.20865742,0.69247915,0.29705453,0.39542462,0.26544649,Hispanic
NJ-9,488664,0.53702106,0.42998553,0.26190976,0.73809024,0.1691982,0.51387633,0.00181054,0.08036598,0.02455127,371712,0.10703553,0.67656633,0.31392486,0.36264147,0.18677084,Hispanic
NJ-10,488382,0.77971631,0.20531267,0.12105626,0.87894374,0.63337391,0.20440713,0.00168071,0.03260733,0.01411688,375437,0.57440364,0.86187436,0.13179256,0.7300818,0.62082969,Black
NJ-11,488434,0.60009298,0.38237772,0.58994444,0.41005556,0.1349787,0.15598154,0.00129554,0.11606805,0.01053668,382853,0.21771526,0.64613306,0.34293704,0.30319602,0.24074218,White
NJ-12,488118,0.59920264,0.3780087,0.49608956,0.50391044,0.17841178,0.1753584,0.00164432,0.14821412,0.01402847,386785,0.22119394,0.65524741,0.33162485,0.32362256,0.24987015,Minority
NJ-13,488328,0.47697252,0.50470938,0.71707814,0.28292186,0.12859679,0.11051504,0.00131031,0.03252404,0.01819729,380826,-0.02773686,0.5081497,0.47686181,0.03128789,-0.01352861,White
NJ-14,488228,0.30200474,0.68402384,0.8225861,0.1774139,0.04104068,0.09649483,0.00069072,0.02530125,0.01203065,360496,-0.3820191,0.34172167,0.64642724,-0.30470557,-0.36171459,White
NJ-15,488573,0.42543907,0.55119569,0.79073274,0.20926726,0.02813173,0.09983889,0.00071921,0.0702378,0.01007669,387925,-0.12575662,0.47071115,0.51463858,-0.04392743,-0.10394689,White
NJ-16,488300,0.57948681,0.3962483,0.53028318,0.46971682,0.16133068,0.21365898,0.00131254,0.09180595,0.01359762,374845,0.18323851,0.62708356,0.36016131,0.26692225,0.20566642,White
NJ-17,488828,0.65140756,0.31579376,0.25342578,0.74657422,0.20525987,0.34725141,0.00248792,0.20204098,0.01735278,383051,0.3356138,0.75149348,0.23869731,0.51279617,0.38920792,Hispanic
NJ-18,488873,0.47437599,0.50161517,0.69017905,0.30982095,0.04154599,0.13902365,0.00092577,0.12020564,0.01059467,386704,-0.02723918,0.5203277,0.46508217,0.05524553,-0.00521094,White
NJ-19,489392,0.56614085,0.39386366,0.38257913,0.61742087,0.11724485,0.16564747,0.00143166,0.33069515,0.01215477,383471,0.17227719,0.64645231,0.34023496,0.30621735,0.21145724,Minority
NM-1,529175,0.61986198,0.37141553,0.35573194,0.64426806,0.04329189,0.51341379,0.00293816,0.035514,0.07735131,413865,0.24844645,0.63869529,0.3375235,0.30117179,0.2605549,Hispanic
NM-2,529660,0.35653196,0.63845611,0.42039572,0.57960428,0.03344416,0.50021957,0.00254194,0.01794161,0.04149907,398515,-0.28192415,0.37332602,0.60654629,-0.23322027,-0.27115619,Hispanic
NM-3,529897,0.54821446,0.44166857,0.37982711,0.62017289,0.01629496,0.30374459,0.00240587,0.01963317,0.29581113,406506,0.10654589,0.56936707,0.40811015,0.16125692,0.11931623,Minority
NM-4,528790,0.54729328,0.44410724,0.46393623,0.53606377,0.02035929,0.45574776,0.00237323,0.02711954,0.04683851,420103,0.10318604,0.55596355,0.42224605,0.1337175,0.10789653,Minority
NV-1,443248,0.60403795,0.37831537,0.23512604,0.76487396,0.15327974,0.52614371,0.01203987,0.07497877,0.03430355,322678,0.22572258,0.6553002,0.32287522,0.33242498,0.25582338,Hispanic
NV-2,443718,0.5138989,0.46218484,0.62186973,0.37813027,0.03485667,0.22517077,0.01112064,0.08279173,0.0346023,349890,0.05171406,0.5290987,0.44182482,0.08727388,0.05810067,White
NV-3,443030,0.45593375,0.52686415,0.58110018,0.41889982,0.08283537,0.1617522,0.0189636,0.15012296,0.0249707,348088,-0.0709304,0.47377505,0.50655677,-0.03278172,-0.06368084,White
NV-4,443628,0.51380021,0.46972754,0.40171299,0.59828701,0.14147913,0.22357244,0.02071408,0.21536508,0.02504723,355169,0.04407267,0.55851938,0.42210374,0.13641564,0.06938699,Minority
NV-5,443646,0.50888828,0.47307201,0.47566249,0.52433751,0.12392076,0.250116,0.01349316,0.13381005,0.02519863,351289,0.03581627,0.53972505,0.44051657,0.09920848,0.05148034,Minority
NV-6,443928,0.52043749,0.46165421,0.42474726,0.57525274,0.2079454,0.24875598,0.01832738,0.10154973,0.02831588,330380,0.05878328,0.54467452,0.43350308,0.11117144,0.07077933,Minority
NV-7,443416,0.29733213,0.6812048,0.73018166,0.26981834,0.02770409,0.15478934,0.00644124,0.03052283,0.0536995,355832,-0.38387267,0.30181144,0.67185699,-0.37004555,-0.3847303,White
NY-1,480638,0.46065198,0.52631558,0.7190377,0.2809623,0.06644036,0.1524919,0.00097722,0.05253305,0.01536286,388860,-0.0656636,0.49701227,0.48850431,0.00850796,-0.04640641,White
NY-2,481405,0.42280442,0.56756101,0.59162183,0.40837817,0.09657529,0.27588695,0.00103208,0.03420463,0.01983243,376908,-0.14475659,0.47959595,0.50611736,-0.02652141,-0.11081153,White
NY-3,480651,0.45553478,0.52780968,0.67261322,0.32738678,0.10166312,0.1583239,0.00113222,0.06288928,0.01334493,380669,-0.0722749,0.51021668,0.47591549,0.03430119,-0.0422162,White
NY-4,481026,0.39434697,0.595894,0.77372085,0.22627915,0.03687207,0.12029038,0.00087218,0.06223246,0.00803075,386390,-0.20154703,0.44753374,0.53870426,-0.09117052,-0.17022153,White
NY-5,481506,0.47021485,0.51471275,0.61351744,0.38648256,0.04436989,0.12806643,0.00093754,0.20701996,0.00799016,379717,-0.0444979,0.54920359,0.43793023,0.11127336,0.00195919,White
NY-6,481469,0.57416261,0.41229669,0.38590398,0.61409602,0.28182473,0.25060122,0.00158376,0.08555242,0.01594923,376319,0.16186592,0.64021052,0.34701618,0.29319434,0.20017539,Minority
NY-7,481183,0.70721743,0.283766,0.17393255,0.82606745,0.61936673,0.1502578,0.00303202,0.06008825,0.01933115,376646,0.42345143,0.78694552,0.20525226,0.58169326,0.47073204,Black
NY-8,480867,0.5168971,0.46392169,0.2547445,0.7452555,0.07626295,0.13580108,0.00227074,0.52481779,0.0099201,398988,0.05297541,0.63082474,0.35838708,0.27243766,0.12066283,Asian
NY-9,480967,0.57968574,0.39696347,0.22741877,0.77258123,0.15607893,0.22333962,0.00500494,0.35536371,0.02767498,385619,0.18272227,0.70763001,0.2827216,0.42490841,0.25798432,Asian
NY-10,480644,0.58040599,0.39474201,0.33031032,0.66968968,0.04329326,0.2993844,0.00209228,0.32929817,0.02089004,397175,0.18566398,0.68392886,0.30324033,0.38068853,0.2452055,Minority
NY-11,481285,0.72405867,0.24910239,0.3461244,0.6538756,0.1520327,0.39752637,0.00342627,0.12242571,0.0268623,381464,0.47495628,0.80569874,0.18174381,0.62395493,0.51915583,Hispanic
NY-12,480798,0.6723304,0.31855221,0.26927977,0.73072023,0.5184214,0.1555094,0.00218615,0.08629718,0.0127233,376003,0.35377819,0.73446745,0.25811259,0.47635486,0.38917041,Black
NY-13,480803,0.67899591,0.30548322,0.28974308,0.71025692,0.51702963,0.10283364,0.00162111,0.1043146,0.01160168,378135,0.37351269,0.73738673,0.25401202,0.48337471,0.4046667,Black
NY-14,481101,0.87244986,0.10010562,0.2646374,0.7353626,0.5461905,0.14944257,0.0021151,0.06498743,0.01602391,389106,0.77234424,0.92295256,0.06571391,0.85723865,0.79517571,Black
NY-15,480560,0.44778235,0.52600823,0.36870091,0.63129909,0.03383124,0.19329819,0.00144048,0.40795058,0.01802327,375570,-0.07822588,0.57692084,0.40855828,0.16836256,-0.0014964,Asian
NY-16,480968,0.71199285,0.26295181,0.59781609,0.40218391,0.08416666,0.15433178,0.00213199,0.15480678,0.01469748,362103,0.44904104,0.75431321,0.23327859,0.52103462,0.46757223,White
NY-17,480968,0.34419025,0.64075197,0.59332618,0.40667382,0.11543585,0.17341331,0.00164197,0.12344443,0.0144414,377595,-0.29656172,0.41776325,0.5710076,-0.15324435,-0.25425593,White
NY-18,480557,0.64630848,0.33178086,0.2453933,0.7546067,0.12126769,0.48603545,0.00254065,0.16068002,0.03488558,387696,0.31452762,0.76879683,0.2193581,0.54943873,0.38736466,Hispanic
NY-19,481021,0.80738105,0.17205721,0.55170097,0.44829903,0.07869978,0.14626505,0.00504354,0.22574633,0.01020372,428667,0.63532384,0.86495246,0.12051017,0.74444229,0.66622999,White
NY-20,481427,0.78876732,0.1908662,0.68577135,0.31422865,0.05248306,0.09477982,0.00216167,0.15818801,0.00773387,419583,0.59790112,0.82902389,0.15595937,0.67306452,0.61748892,White
NY-21,480438,0.85516415,0.12634419,0.31456959,0.68543041,0.33858067,0.29614895,0.00261912,0.09360126,0.02278336,403189,0.72881996,0.90897754,0.07906243,0.82991511,0.75705168,Black
NY-22,480849,0.70640825,0.27856693,0.18321315,0.81678685,0.24086293,0.61005366,0.00373658,0.05391843,0.02919829,381632,0.42784132,0.82209904,0.16698406,0.65511498,0.49813254,Hispanic
NY-23,480879,0.66345229,0.32177734,0.14474786,0.85525214,0.30861209,0.51233811,0.00360661,0.09625453,0.02899064,370154,0.34167495,0.78207779,0.20923542,0.57284237,0.41326409,Hispanic
NY-24,481246,0.73139435,0.26035614,0.03244491,0.96755509,0.42098698,0.63271524,0.00418444,0.02019289,0.03256318,355125,0.47103821,0.86552833,0.12702268,0.73850565,0.55472736,Hispanic
NY-25,481153,0.71067255,0.28224442,0.20772211,0.79227789,0.47926589,0.29718888,0.00228086,0.04887439,0.01922853,377928,0.42842813,0.78142522,0.21051725,0.57090797,0.47045474,Black
NY-26,480590,0.64000137,0.35455723,0.58185427,0.41814573,0.10250376,0.22226675,0.00122108,0.08898309,0.014731,371801,0.28544414,0.6838229,0.30484053,0.37898237,0.31115688,White
NY-27,481249,0.52036319,0.47212347,0.70134842,0.29865158,0.07822144,0.16858651,0.00112368,0.04473045,0.01467583,382670,0.04823972,0.54844468,0.43606032,0.11238436,0.0641546,White
NY-28,481472,0.42137589,0.57142062,0.63016968,0.36983032,0.11407504,0.17692558,0.00131778,0.06427789,0.01341763,337690,-0.15004473,0.47977278,0.50786796,-0.02809518,-0.11486155,White
NY-29,481203,0.51201776,0.48310335,0.65573089,0.34426911,0.12473166,0.1786636,0.00142243,0.03284132,0.02259148,382445,0.02891441,0.5341771,0.44971174,0.08446536,0.04196473,White
NY-30,480994,0.53856942,0.45074095,0.77133933,0.22866067,0.09824896,0.07393297,0.00119169,0.0360185,0.02079708,391882,0.08782847,0.54920903,0.42907703,0.120132,0.09312965,White
NY-31,481205,0.5884912,0.39634862,0.70063534,0.29936466,0.13282841,0.06956112,0.00212212,0.07443501,0.01877782,385934,0.19214258,0.61215062,0.36452711,0.24762351,0.20516956,White
NY-32,481545,0.35202913,0.64335747,0.90520316,0.09479684,0.0252833,0.02787427,0.00098876,0.01111709,0.01940768,386342,-0.29132834,0.36147133,0.61632159,-0.25485026,-0.28463565,White
NY-33,481092,0.49068931,0.50379665,0.88871351,0.11128649,0.02850929,0.02927794,0.00098459,0.02351181,0.02082541,388996,-0.01310734,0.50605624,0.47314709,0.03290915,-0.00323518,White
NY-34,480915,0.37591757,0.61882237,0.86975617,0.13024383,0.04125351,0.0365832,0.00172817,0.0136796,0.03156037,377277,-0.2429048,0.39233569,0.58631609,-0.1939804,-0.23206333,White
NY-35,480411,0.56305653,0.43042323,0.73295017,0.26704983,0.13396641,0.05748971,0.00122932,0.05826695,0.0195501,378259,0.1326333,0.57503644,0.40264729,0.17238915,0.14041858,White
NY-36,481441,0.56811215,0.42364217,0.81584072,0.18415928,0.05629254,0.04336699,0.00141925,0.0601009,0.02003702,393871,0.14446998,0.57038477,0.40644737,0.1639374,0.14549245,White
NY-37,480895,0.36269969,0.63113998,0.88553475,0.11446525,0.03363368,0.03438519,0.00106531,0.0136697,0.02481324,379233,-0.26844029,0.36763431,0.60993254,-0.24229823,-0.26519294,White
NY-38,480915,0.36018045,0.63249144,0.902395,0.097605,0.03021585,0.02908455,0.00078676,0.00940517,0.02215023,388935,-0.27231099,0.36746435,0.6102075,-0.24274315,-0.26792171,White
NY-39,481366,0.54773395,0.44103248,0.85034326,0.14965674,0.04574162,0.03764808,0.0010159,0.04647245,0.01436261,385863,0.10670147,0.54558901,0.42790643,0.11768258,0.10489517,White
NY-40,480082,0.58118926,0.40882325,0.62981143,0.37018857,0.22234738,0.10588886,0.00143175,0.0373439,0.01646511,379955,0.17236601,0.59245515,0.38359611,0.20885904,0.17906369,White
NY-41,480933,0.54171747,0.44545997,0.793746,0.206254,0.09029457,0.04184489,0.00089114,0.05782086,0.01639958,387144,0.0962575,0.55763465,0.42330078,0.13433387,0.10348296,White
NY-42,480459,0.57982689,0.40470479,0.66185091,0.33814909,0.21883032,0.06621336,0.00104874,0.04516985,0.01422273,378549,0.1751221,0.61359595,0.3690794,0.24451655,0.19278692,White
OH-1,471606,0.5918106,0.39879203,0.63745494,0.36254506,0.28327415,0.0340947,0.00122142,0.02882432,0.01627388,371700,0.19301857,0.60091127,0.38319857,0.2177127,0.19578328,White
OH-2,471121,0.27100642,0.72132253,0.92515508,0.07484492,0.02037384,0.01456852,0.0007954,0.01096161,0.02303069,362082,-0.45031611,0.2739755,0.71213743,-0.43816193,-0.45173138,White
OH-3,471543,0.72244164,0.26722939,0.40698277,0.59301723,0.46397342,0.06681465,0.00151227,0.04984748,0.02169299,349145,0.45521225,0.74782835,0.23707714,0.51075121,0.46825857,Black
OH-4,471203,0.28041973,0.7110673,0.89891646,0.10108354,0.03702885,0.03259368,0.00095254,0.00768034,0.01898523,366390,-0.43064757,0.28834017,0.69513457,-0.4067944,-0.42816318,White
OH-5,472747,0.25663351,0.73415228,0.88474503,0.11525497,0.04076718,0.04316735,0.00090178,0.00990311,0.01773048,363724,-0.47751877,0.26630175,0.71718468,-0.45088293,-0.47410682,White
OH-6,472489,0.24973699,0.74218665,0.92129312,0.07870688,0.03678234,0.0106645,0.00067724,0.00569897,0.01904298,373576,-0.49244966,0.26760606,0.71851157,-0.45090551,-0.48406828,White
OH-7,471890,0.52508315,0.46674282,0.86175266,0.13824734,0.0413739,0.04022794,0.0008835,0.04021755,0.01267306,384832,0.05834033,0.52772454,0.46090337,0.06682117,0.05570061,White
OH-8,472362,0.34141327,0.64995689,0.82610421,0.17389579,0.06180488,0.03355455,0.00133785,0.05463266,0.01989847,360279,-0.30854362,0.34668988,0.63913996,-0.29245008,-0.30864577,White
OH-9,471796,0.52415644,0.46628196,0.75642315,0.24357685,0.14632828,0.05150409,0.00084056,0.02563313,0.01884375,369990,0.05787448,0.53800989,0.44477016,0.09323973,0.06419623,White
OH-10,472025,0.53142635,0.45897014,0.67448139,0.32551861,0.23658351,0.03548847,0.0015272,0.03256134,0.02135374,369303,0.07245621,0.53701967,0.4466342,0.09038547,0.07296596,White
OH-11,471381,0.77908477,0.21309216,0.35938565,0.64061435,0.50913193,0.09622605,0.00154182,0.03109616,0.01740097,369692,0.56599261,0.79649908,0.19214718,0.6043519,0.57331237,Black
OH-12,471997,0.59414394,0.39535546,0.76153229,0.23846771,0.08069993,0.03726874,0.00120886,0.10347054,0.01400634,363978,0.19878848,0.59214429,0.39296489,0.1991794,0.19345212,White
OH-13,471669,0.53324137,0.457577,0.76195219,0.23804781,0.15282207,0.0203445,0.00085951,0.0409648,0.0197233,373467,0.07566437,0.54545988,0.44021174,0.10524814,0.08005896,White
OH-14,472540,0.37396093,0.61765908,0.90161715,0.09838285,0.0312867,0.0294985,0.00072922,0.01244497,0.01706157,373002,-0.24369815,0.38298749,0.60356961,-0.22058212,-0.24145947,White
OH-15,471874,0.58708011,0.40306681,0.75369954,0.24630046,0.1104507,0.06469251,0.00137163,0.05154508,0.01969723,376195,0.1840133,0.59719322,0.38594839,0.21124483,0.18762381,White
OH-16,472879,0.32109474,0.67007907,0.91267731,0.08732269,0.03313732,0.01879398,0.00085178,0.01108686,0.01744372,365117,-0.34898433,0.32706147,0.65856239,-0.33150092,-0.34862319,White
OH-17,471932,0.4797571,0.51086022,0.7708443,0.2291557,0.11427541,0.08308423,0.00089513,0.01312584,0.02102468,368662,-0.03110312,0.49473803,0.49023828,0.00449975,-0.02470216,White
OH-18,471951,0.64558841,0.3472118,0.64839314,0.35160686,0.27015673,0.02173012,0.00083649,0.04802243,0.0112063,376574,0.29837661,0.65084516,0.33929708,0.31154808,0.29730043,White
OH-19,472203,0.45170771,0.54049182,0.80451906,0.19548094,0.12586603,0.03440523,0.00090926,0.01433333,0.01813284,381628,-0.08878411,0.48236655,0.50483851,-0.02247196,-0.07214673,White
OH-20,471827,0.36158026,0.629934,0.87321987,0.12678013,0.06593831,0.02376925,0.000708,0.01022813,0.02189387,370058,-0.26835374,0.37501469,0.61001058,-0.23499589,-0.26270112,White
OH-21,472130,0.38214565,0.60885838,0.8598861,0.1401139,0.05500662,0.02086874,0.00089903,0.03818351,0.02043328,355939,-0.22671273,0.38054733,0.6035124,-0.22296507,-0.23093018,White
OH-22,472593,0.28761401,0.704556,0.91828373,0.08171627,0.03521929,0.01110876,0.00064888,0.00873042,0.02164103,372949,-0.41694199,0.30235022,0.68422832,-0.3818781,-0.41072069,White
OH-23,471763,0.22092602,0.7710813,0.92687753,0.07312247,0.02307252,0.01518242,0.00187635,0.01102289,0.01790286,361339,-0.55015528,0.22457318,0.76106736,-0.53649418,-0.55106825,White
OH-24,471516,0.33598973,0.65372254,0.85408752,0.14591248,0.07249153,0.02468924,0.00134249,0.0231674,0.02140369,367974,-0.31773281,0.34434065,0.63775639,-0.29341574,-0.31509379,White
OH-25,472411,0.52389812,0.46569038,0.68724633,0.31275367,0.19021466,0.04881836,0.00210297,0.05487447,0.01797665,359967,0.05820774,0.51996468,0.46511528,0.0548494,0.05162163,White
OK-1,495562,0.48210311,0.50016489,0.56760911,0.43239089,0.14026125,0.14591852,0.0027311,0.04092689,0.11832285,379335,-0.01806178,0.47137244,0.50062609,-0.02925365,-0.02725907,White
OK-2,494591,0.23073392,0.75022261,0.65492926,0.34507074,0.02583504,0.04624873,0.00158499,0.01676583,0.25923183,376659,-0.51948869,0.23479623,0.74395587,-0.50915964,-0.52151234,White
OK-3,494696,0.25226456,0.72671881,0.6989372,0.3010628,0.0563915,0.04449978,0.00142134,0.01824234,0.18695197,374294,-0.47445425,0.25412332,0.72518434,-0.47106102,-0.47878984,White
OK-4,495077,0.23106894,0.75167306,0.68205402,0.31794598,0.08372031,0.11864027,0.00858779,0.01966434,0.09862344,374485,-0.52060412,0.23230883,0.74562814,-0.51331931,-0.52364252,White
OK-5,494305,0.18285102,0.80280563,0.71175308,0.28824692,0.0393076,0.05708898,0.0019916,0.00899927,0.18432357,377586,-0.61995461,0.1895361,0.79373606,-0.60419996,-0.62016973,White
OK-6,495544,0.30421806,0.67473486,0.72651074,0.27348926,0.06273858,0.0757812,0.0019353,0.03822027,0.09949602,374618,-0.3705168,0.29247715,0.68286618,-0.39038903,-0.38260754,White
OK-7,494401,0.38617262,0.58728089,0.71340753,0.28659247,0.0700771,0.07413584,0.00240684,0.05033577,0.09355362,380167,-0.20110827,0.37982744,0.59339104,-0.2135636,-0.21072671,White
OK-8,495177,0.58181631,0.40219909,0.46232138,0.53767862,0.21021593,0.22388999,0.00326057,0.03868517,0.08384598,373554,0.17961722,0.58673309,0.38490021,0.20183288,0.18155577,Minority
OR-1,470504,0.57412096,0.3854256,0.66824711,0.33175289,0.02605399,0.1438256,0.00918957,0.12349899,0.0344684,365088,0.18869536,0.58511843,0.37912912,0.20598931,0.18899334,White
OR-2,470891,0.35258158,0.61502296,0.77911714,0.22088286,0.01149345,0.12775979,0.00548655,0.01717412,0.05566355,370907,-0.26244138,0.36526649,0.60661591,-0.24134942,-0.26087739,White
OR-3,470651,0.8707818,0.08579136,0.74064033,0.25935967,0.0580921,0.0808707,0.0073967,0.08332034,0.03041171,397610,0.78499044,0.8795284,0.09363107,0.78589733,0.77982607,White
OR-4,470811,0.62162141,0.33936922,0.79863077,0.20136923,0.01961795,0.07947179,0.00637436,0.05087949,0.04266923,390000,0.28225219,0.62817008,0.33750147,0.29066861,0.279591,White
OR-5,471108,0.45072644,0.51325377,0.83597866,0.16402134,0.01067058,0.08115053,0.00511214,0.02307226,0.03825722,369708,-0.06252733,0.45489867,0.51226365,-0.05736498,-0.06627321,White
OR-6,470549,0.48698282,0.47574203,0.68970277,0.31029723,0.01740831,0.20803315,0.01134817,0.03380289,0.04769787,360058,0.01124079,0.50050904,0.46397014,0.0365389,0.01420683,White
OR-7,471464,0.6534705,0.30650396,0.75240249,0.24759751,0.02425051,0.10588147,0.00890896,0.08098635,0.02828466,372322,0.34696654,0.65675152,0.31047592,0.3462756,0.34126956,White
OR-8,470412,0.58397493,0.37722022,0.64478283,0.35521717,0.06238343,0.14151748,0.01195653,0.11131987,0.0383856,365658,0.20675471,0.59423721,0.37375536,0.22048185,0.20586376,White
OR-9,470866,0.3551599,0.61401355,0.82801522,0.17198478,0.01022407,0.07981524,0.00537041,0.0205536,0.04978368,379301,-0.25885365,0.36312312,0.60788389,-0.24476077,-0.25962269,White
PA-1,481556,0.49250174,0.49821259,0.87137385,0.12862615,0.024804,0.037344,0.00085405,0.05072503,0.00917066,384051,-0.00571085,0.50945855,0.48027234,0.02918621,0.00045484,White
PA-2,481790,0.50282893,0.48485807,0.62723173,0.37276827,0.1312635,0.10833496,0.00134128,0.11794573,0.01240158,378742,0.01797086,0.54534348,0.44561663,0.09972685,0.03975619,White
PA-3,481627,0.78094921,0.20765888,0.36693865,0.63306135,0.27631625,0.27927248,0.00267901,0.09035318,0.01675379,375139,0.57329033,0.81285025,0.17985519,0.63299506,0.58772524,Minority
PA-4,481125,0.89537631,0.09383881,0.33198406,0.66801594,0.56289861,0.04860656,0.00160956,0.05543017,0.01326435,397004,0.8015375,0.91465348,0.07910834,0.83554514,0.80740671,Black
PA-5,481769,0.81891318,0.16739106,0.28719291,0.71280709,0.54960948,0.05494985,0.00146427,0.10808125,0.01366213,378345,0.65152212,0.84632496,0.14776043,0.69856453,0.66173626,Black
PA-6,481671,0.66508248,0.3248948,0.72813119,0.27186881,0.11856862,0.06106261,0.00096616,0.08180468,0.01063034,379856,0.34018768,0.68350153,0.3073124,0.37618913,0.3467215,White
PA-7,481130,0.57498336,0.41556071,0.78052932,0.21947068,0.11376062,0.03322867,0.00087076,0.06024328,0.00948599,378980,0.15942265,0.5883932,0.40204589,0.18634731,0.16293087,White
PA-8,481344,0.56662332,0.42296901,0.77794629,0.22205371,0.06791746,0.073375,0.00089432,0.06529106,0.01208415,371230,0.14365431,0.57926939,0.40921321,0.17005618,0.14698827,White
PA-9,481970,0.51446862,0.47371635,0.79559397,0.20440603,0.06224174,0.04688129,0.00091119,0.08178996,0.01078331,377528,0.04075227,0.52709588,0.4611408,0.06595508,0.04368654,White
PA-10,481224,0.53943607,0.44987293,0.63874997,0.36125003,0.09985557,0.22778393,0.00151531,0.03854056,0.01502424,380119,0.08956314,0.56294376,0.42549173,0.13745203,0.10005944,White
PA-11,482038,0.50087436,0.49030046,0.76453016,0.23546984,0.09381665,0.10399486,0.00124194,0.03018606,0.01434554,387298,0.0105739,0.5311353,0.45821877,0.07291653,0.02588811,White
PA-12,480805,0.34576935,0.64438568,0.87373806,0.12626194,0.02721069,0.0749421,0.00101238,0.01179568,0.0127282,388193,-0.29861633,0.35856517,0.62942684,-0.27086167,-0.29483144,White
PA-13,481845,0.31999485,0.67068825,0.88273737,0.11726263,0.02938686,0.06308795,0.00100082,0.01254808,0.01160214,382688,-0.3506934,0.32332304,0.6624705,-0.33914746,-0.35231142,White
PA-14,481978,0.51386179,0.47359023,0.71801897,0.28198103,0.13334855,0.07220761,0.00141975,0.06657062,0.01417647,381054,0.04027156,0.51874712,0.46686622,0.0518809,0.03867467,White
PA-15,481231,0.51968321,0.47040543,0.65086981,0.34913019,0.08928758,0.23482361,0.00187951,0.03323784,0.01682969,372437,0.04927778,0.53288975,0.452948,0.07994175,0.05403244,White
PA-16,481983,0.33002809,0.66033675,0.89510529,0.10489471,0.02926275,0.04373724,0.00086019,0.01734991,0.01295968,369685,-0.33030866,0.32551017,0.65912471,-0.33361454,-0.33687729,White
PA-17,481913,0.36342622,0.62712102,0.82362189,0.17637811,0.06412255,0.08158883,0.00103133,0.01677166,0.01636602,377184,-0.2636948,0.36300106,0.62213848,-0.25913742,-0.26764234,White
PA-18,481416,0.29819713,0.69311218,0.8984909,0.1015091,0.03531765,0.03201391,0.00089136,0.0114737,0.01708618,385926,-0.39491505,0.30543339,0.6806213,-0.37518791,-0.393806,White
PA-19,481733,0.35500204,0.63603501,0.88063918,0.11936082,0.03577164,0.02745741,0.00123716,0.03682196,0.01285638,396068,-0.28103297,0.3596586,0.62665827,-0.26699967,-0.28182187,White
PA-20,481157,0.22190928,0.77075389,0.93309319,0.06690681,0.02267716,0.01846419,0.00063968,0.00747953,0.01340443,381441,-0.54884461,0.22089478,0.76776965,-0.54687487,-0.5536547,White
PA-21,481289,0.31729732,0.67285885,0.93071548,0.06928452,0.02650116,0.01179622,0.00066061,0.0102676,0.01215981,390549,-0.35556153,0.31912908,0.66982026,-0.35069118,-0.35940475,White
PA-22,482015,0.34590646,0.64592421,0.9114868,0.0885132,0.04212134,0.01365546,0.00094334,0.00946143,0.01381608,392224,-0.30001775,0.35739032,0.63231665,-0.27492633,-0.29712061,White
PA-23,481888,0.41783595,0.57344692,0.87310291,0.12689709,0.06172208,0.02427229,0.00073078,0.01753608,0.01529676,383153,-0.15561097,0.42721272,0.5591671,-0.13195438,-0.15319211,White
PA-24,481537,0.2981404,0.69400053,0.93146368,0.06853632,0.02243424,0.01264039,0.00066067,0.01037968,0.01357719,387488,-0.39586013,0.29997149,0.68745921,-0.38748772,-0.39853599,White
PA-25,481504,0.47318819,0.51749486,0.88257619,0.11742381,0.04926014,0.01768253,0.00080623,0.03047585,0.01252113,385748,-0.04430667,0.47315215,0.51407848,-0.04092633,-0.04864656,White
PA-26,481667,0.58137412,0.4095354,0.77232232,0.22767768,0.15621915,0.01964374,0.0008643,0.03714718,0.01263981,391066,0.17183872,0.57981094,0.40902414,0.1707868,0.16602141,White
PA-27,481495,0.66704362,0.32258955,0.72003637,0.27996363,0.16725532,0.03086534,0.00096415,0.06720586,0.01214182,400352,0.34445407,0.67315264,0.31552157,0.35763107,0.34337974,White
RI-1,548989,0.64241116,0.32866287,0.58764487,0.41235513,0.1272998,0.23045071,0.00251955,0.04703457,0.02263716,438571,0.31374829,0.68668875,0.29395445,0.3927343,0.33461029,White
RI-2,548390,0.49229807,0.4822227,0.85677348,0.14322652,0.03237251,0.05549604,0.00122488,0.03634112,0.0149636,449023,0.01007537,0.52478934,0.45475251,0.07003683,0.02459586,White
SC-1,466006,0.51740353,0.46474713,0.64915396,0.35084604,0.24105867,0.06423926,0.00211476,0.02743003,0.0181692,371673,0.0526564,0.54856027,0.43171808,0.11684219,0.068585,White
SC-2,465329,0.54817786,0.43584445,0.54675975,0.45324025,0.36773087,0.04502327,0.00176642,0.02871179,0.01616995,367410,0.11233341,0.57501569,0.41011855,0.16489714,0.12438799,White
SC-3,466186,0.33033782,0.65566964,0.71818459,0.28181541,0.18034039,0.05779161,0.00146119,0.02106545,0.02382455,361350,-0.32533182,0.34527689,0.63860145,-0.29332456,-0.3201294,White
SC-4,464996,0.25162924,0.73495875,0.8105543,0.1894457,0.10130949,0.04392627,0.00116982,0.01886028,0.02244538,370143,-0.48332951,0.26556459,0.71826745,-0.45270286,-0.47858729,White
SC-5,465400,0.3364893,0.65070656,0.72612968,0.27387032,0.1692398,0.05298712,0.00107555,0.0279982,0.02370729,354237,-0.31421726,0.35327165,0.63210566,-0.27883401,-0.30788951,White
SC-6,464782,0.49967754,0.48817425,0.46198336,0.53801664,0.48330967,0.03052713,0.00109983,0.01190388,0.01534838,365511,0.01150329,0.54735255,0.44305364,0.10429891,0.0369685,Black
SC-7,464987,0.32782819,0.66205457,0.77700762,0.22299238,0.1360457,0.04863307,0.00136364,0.01670067,0.01827491,379865,-0.33422638,0.35845038,0.63121133,-0.27276095,-0.31920457,White
SC-8,464987,0.40891373,0.57643735,0.67305386,0.32694614,0.1954712,0.0839317,0.00191256,0.02482464,0.02145277,361818,-0.16752362,0.4297038,0.55472266,-0.12501886,-0.15882203,White
SC-9,466046,0.51554495,0.46970201,0.47269072,0.52730928,0.44905384,0.04488525,0.00156936,0.01784764,0.02109392,362569,0.04584294,0.5531482,0.43579086,0.11735734,0.06421441,Minority
SC-10,464999,0.30100219,0.68648115,0.70681149,0.29318851,0.20794152,0.05118535,0.00091234,0.01542937,0.01826067,360611,-0.38547896,0.3305375,0.65620401,-0.32566651,-0.37100814,White
SC-11,464707,0.45523857,0.52646901,0.58799297,0.41200703,0.25183913,0.11150852,0.00155592,0.03302503,0.01996532,359273,-0.07123044,0.48435373,0.49590252,-0.01154879,-0.05680322,White
SD-1,443458,0.37111434,0.60586249,0.86570901,0.13429099,0.0326854,0.03808716,0.00132654,0.02129331,0.03897749,334706,-0.23474815,0.38682682,0.58737486,-0.20054804,-0.22881478,White
SD-2,443209,0.31275508,0.66364404,0.79606575,0.20393425,0.01200422,0.03319992,0.00176058,0.01577945,0.14219741,334549,-0.35088896,0.32580769,0.6474913,-0.32168361,-0.34662051,White
TN-1,493042,0.2198913,0.76938304,0.90555201,0.09444799,0.03035632,0.02514372,0.00079404,0.01081846,0.02367587,399225,-0.54949174,0.23309184,0.7502336,-0.51714176,-0.54417508,White
TN-2,494611,0.20396602,0.78568316,0.89169344,0.10830656,0.02305533,0.04331654,0.00079108,0.01052741,0.02768263,394399,-0.58171714,0.2186824,0.76322084,-0.54453844,-0.57479091,White
TN-3,493204,0.40643891,0.5774375,0.80140522,0.19859478,0.09079351,0.04926483,0.00137908,0.03105487,0.02519763,390116,-0.17099859,0.4258659,0.55356577,-0.12769987,-0.16203235,White
TN-4,493741,0.36803553,0.61719876,0.74708062,0.25291938,0.14399263,0.05820788,0.00127811,0.0234551,0.02726377,389638,-0.24916323,0.38515081,0.5959379,-0.21078709,-0.24183785,White
TN-5,493240,0.19773161,0.79262643,0.88591339,0.11408661,0.03327526,0.0412973,0.00087878,0.00846656,0.02692598,389178,-0.59489482,0.21676826,0.76695553,-0.55018727,-0.58545897,White
TN-6,493255,0.31121089,0.67417513,0.83154637,0.16845363,0.05813318,0.04736767,0.00116731,0.03835997,0.02007939,365798,-0.36296424,0.33022305,0.65098526,-0.32076221,-0.35436356,White
TN-7,492966,0.49591055,0.4862017,0.5444697,0.4555303,0.22524556,0.1592373,0.00173096,0.0552046,0.02310639,370893,0.00970885,0.53779839,0.43443381,0.10336458,0.03546076,White
TN-8,493601,0.62708627,0.35282959,0.64205053,0.35794947,0.22907937,0.07061808,0.00136715,0.04008914,0.01941405,405222,0.27425668,0.6407345,0.32994092,0.31079358,0.28096898,White
TN-9,493368,0.17745142,0.813881,0.90191496,0.09808504,0.02576067,0.03643947,0.00133872,0.0084476,0.02512097,387684,-0.63642958,0.19770276,0.78986115,-0.59215839,-0.62713918,White
TN-10,494286,0.32042047,0.66685631,0.73362959,0.26637041,0.14053212,0.07314482,0.00380591,0.02571692,0.02626294,369951,-0.34643584,0.33676909,0.64320243,-0.30643334,-0.33856834,White
TN-11,494569,0.20731813,0.78292032,0.86779635,0.13220365,0.06314193,0.03302434,0.00104757,0.00825349,0.02424965,385655,-0.57560219,0.23122789,0.75243683,-0.52120894,-0.56293777,White
TN-12,493465,0.23676319,0.75451223,0.76608973,0.23391027,0.17526115,0.02685808,0.0011575,0.00863332,0.02052162,386178,-0.51774904,0.25774016,0.72821134,-0.47047118,-0.50745642,White
TN-13,493712,0.61972571,0.36315295,0.37070456,0.62929544,0.53257857,0.06346529,0.00108001,0.02177579,0.01609908,375922,0.25657276,0.65077252,0.33289134,0.31788118,0.27154223,Black
TN-14,493780,0.6085429,0.3735804,0.37199624,0.62800376,0.49970636,0.07332347,0.00115052,0.04571639,0.01386227,374614,0.2349625,0.63388869,0.35128819,0.2826005,0.24537517,Black
UT-1,477778,0.2278867,0.76510028,0.65585212,0.34414788,0.1767757,0.12972806,0.00124888,0.01149956,0.02787168,365927,-0.53721358,0.25425662,0.73457434,-0.48031772,-0.52371496,White
UT-2,477451,0.37674702,0.61128016,0.5263463,0.4736537,0.13596313,0.26808301,0.00319692,0.04922903,0.02960118,345020,-0.23453314,0.37467705,0.61153234,-0.23685529,-0.24077386,White
UT-3,477530,0.44010262,0.5267204,0.52919187,0.47080813,0.11921291,0.13409264,0.00213902,0.19720965,0.02283757,342681,-0.08661778,0.47978089,0.50209607,-0.02231518,-0.07065025,White
UT-4,477179,0.50884193,0.45842905,0.48525212,0.51474788,0.12361064,0.15728341,0.00205938,0.21664024,0.0217347,377783,0.05041288,0.54739035,0.43523953,0.11215082,0.06552553,White
UT-5,478452,0.38619563,0.59625524,0.52620614,0.47379386,0.14667599,0.21096567,0.00174792,0.09377317,0.03013473,354707,-0.21005961,0.40426747,0.58145276,-0.17718529,-0.20456817,White
UT-6,477687,0.27526755,0.71378626,0.64180563,0.35819437,0.09369296,0.22007887,0.00440563,0.01223944,0.03264507,355000,-0.43851871,0.26779992,0.71810956,-0.45030964,-0.44791569,White
UT-7,477900,0.54888053,0.43183767,0.20835557,0.79164443,0.21998877,0.43943266,0.00179188,0.13214998,0.02557225,356050,0.11704286,0.61030535,0.37665076,0.23365459,0.15044677,White
TX-1,477761,0.49925961,0.48083268,0.28863663,0.71136337,0.19164891,0.39496165,0.00190945,0.11911524,0.02860491,352457,0.01842693,0.54645796,0.43932901,0.10712895,0.0425276,White
TX-2,477727,0.78180395,0.20326938,0.12727258,0.87272742,0.51295065,0.26584176,0.00185562,0.09688964,0.01945359,362144,0.57853457,0.83025732,0.15879029,0.67146703,0.60404539,White
TX-3,477495,0.31789008,0.66876655,0.56333492,0.43666508,0.12744179,0.23900855,0.00161432,0.05240577,0.0242852,369196,-0.35087647,0.34013507,0.64146611,-0.30133104,-0.33982799,White
TX-4,478307,0.19067035,0.79995162,0.42481773,0.57518227,0.05562057,0.48563395,0.00195342,0.01843327,0.02518646,346059,-0.60928127,0.2106686,0.77638933,-0.56572073,-0.60022776,Minority
TX-5,478131,0.40311887,0.58250855,0.61983362,0.38016638,0.11571805,0.19332086,0.00225432,0.04690243,0.02994985,365077,-0.17938968,0.4092919,0.57430598,-0.16501408,-0.18006448,White
TX-6,477993,0.17128977,0.8199444,0.62484868,0.37515132,0.05866466,0.26441478,0.00133795,0.0250304,0.03347913,361001,-0.64865463,0.18158019,0.80376304,-0.62218285,-0.64529737,White
TX-7,478548,0.40918741,0.58018614,0.46826921,0.53173079,0.25415271,0.22484297,0.00131585,0.03747018,0.02309435,365544,-0.17099873,0.44781109,0.53835151,-0.09054042,-0.14964596,Hispanic
TX-8,477068,0.46180266,0.53072843,0.08406325,0.91593675,0.007411,0.88960361,0.00054393,0.01529498,0.014822,338281,-0.06892577,0.54298281,0.44818316,0.09479965,-0.0198173,Hispanic
TX-9,477871,0.60066571,0.38384674,0.12283296,0.87716704,0.03015268,0.82991779,0.00208488,0.01750062,0.02412699,371244,0.21681897,0.68634188,0.2990507,0.38729118,0.26817637,Black
TX-10,476842,0.56910323,0.40718595,0.51772784,0.48227216,0.10786695,0.23748569,0.00310212,0.1191505,0.027689,352017,0.16191728,0.58573403,0.38964091,0.19609312,0.16784256,White
TX-11,477890,0.72025069,0.26710035,0.11482969,0.88517031,0.42497473,0.42476791,0.00359753,0.03534902,0.02609157,343291,0.45315034,0.78150739,0.20689299,0.5746144,0.48817169,Hispanic
TX-12,478488,0.26156298,0.72847342,0.49615017,0.50384983,0.07535197,0.38446226,0.00146462,0.02733225,0.02632446,361185,-0.46691044,0.29121913,0.69431057,-0.40309144,-0.45110411,White
TX-13,478249,0.57816376,0.40526694,0.32501827,0.67498173,0.0721938,0.5338631,0.00316798,0.06353235,0.02984599,376265,0.17289682,0.61158798,0.37205186,0.23953612,0.18964325,White
TX-14,477513,0.4926456,0.4920704,0.42671112,0.57328888,0.09838778,0.41056447,0.00455627,0.05577019,0.02947585,368064,0.0005752,0.50865435,0.47528153,0.03337282,0.00604107,Minority
TX-15,476875,0.40790974,0.56984699,0.4513903,0.5486097,0.13030327,0.26130751,0.00159337,0.14339486,0.01993043,339531,-0.16193725,0.42443369,0.56014382,-0.13571013,-0.15866154,Hispanic
TX-16,477337,0.4867052,0.50006995,0.15550524,0.84449476,0.04753586,0.77178581,0.00400222,0.02258771,0.02476118,342310,-0.01336475,0.58457263,0.39879001,0.18578262,0.04755104,Hispanic
TX-17,478766,0.37825333,0.60726428,0.62910801,0.37089199,0.07915667,0.18463036,0.00419197,0.08034106,0.02931089,364745,-0.22901095,0.38892835,0.59430712,-0.20537877,-0.22660022,White
TX-18,477465,0.28202702,0.70204133,0.68667639,0.31332361,0.08341037,0.15110504,0.00192355,0.04065872,0.04002136,348314,-0.42001431,0.28845385,0.69498315,-0.4065293,-0.42098597,Black
TX-19,478482,0.49974067,0.48249783,0.49884089,0.50115911,0.14637157,0.2099214,0.00223163,0.12460828,0.02943854,358034,0.01724284,0.52301427,0.4598401,0.06317417,0.02708662,Minority
TX-20,477153,0.40173387,0.58865244,0.35670819,0.64329181,0.04096554,0.56187262,0.00193262,0.0274591,0.02384022,365307,-0.18691857,0.44217418,0.54272044,-0.10054626,-0.16359447,Hispanic
TX-21,478633,0.42560283,0.56627092,0.10821192,0.89178808,0.01008934,0.86997622,0.00082392,0.00738302,0.01540523,341053,-0.14066809,0.53019952,0.45932339,0.07087613,-0.07562002,Minority
TX-22,477409,0.58225056,0.40555556,0.0981318,0.9018682,0.13770761,0.73284445,0.00116672,0.03296923,0.02873082,345413,0.176695,0.66583671,0.32263081,0.3432059,0.22673197,Minority
TX-23,478051,0.77625329,0.20805903,0.12812344,0.87187656,0.55697473,0.29288298,0.0012212,0.01933048,0.02393216,349655,0.56819426,0.82450392,0.16413414,0.66036978,0.59345277,Hispanic
TX-24,477097,0.32662262,0.65915763,0.68619333,0.31380667,0.07877182,0.1765404,0.0021914,0.03461809,0.02734838,362325,-0.33253501,0.32991022,0.652902,-0.32299178,-0.3348206,White
TX-25,477653,0.55685874,0.42066405,0.57519843,0.42480157,0.13647685,0.20867746,0.00156597,0.06386751,0.02386506,391451,0.13619469,0.60063882,0.38421528,0.21642354,0.15747097,White
TX-26,477225,0.64351717,0.3431489,0.26084016,0.73915984,0.26014667,0.43600214,0.00172801,0.03534246,0.02452451,348957,0.30036827,0.68949855,0.2951439,0.39435465,0.3262304,Minority
TX-27,478189,0.485167,0.50528145,0.06787452,0.93212548,0.00770705,0.91397759,0.00035265,0.00926534,0.01465757,331774,-0.02011445,0.59312242,0.39647843,0.19664399,0.0466717,Hispanic
TX-28,477813,0.68429484,0.29532808,0.3006518,0.6993482,0.12164783,0.5272125,0.00276581,0.04453312,0.03429095,356858,0.38896676,0.73635075,0.24162544,0.49472531,0.41875294,Hispanic
TX-29,477472,0.38585209,0.598755,0.43026571,0.56973429,0.09883325,0.39114253,0.00170186,0.06422139,0.02825362,358432,-0.21290291,0.41097224,0.57440235,-0.16343011,-0.20187864,Hispanic
TX-30,477377,0.77286779,0.20092828,0.54411157,0.45588843,0.08143617,0.2538329,0.00238787,0.1060386,0.02530648,406220,0.57193951,0.80521397,0.17249959,0.63271438,0.58673113,Black
TX-31,478543,0.37614078,0.60591443,0.52224857,0.47775143,0.12473006,0.22349103,0.00203353,0.11283532,0.02457998,349146,-0.22977365,0.3850321,0.60097503,-0.21594293,-0.23063008,White
TX-32,478411,0.46938388,0.52164066,0.10336882,0.89663118,0.00786721,0.87784215,0.00083812,0.00894479,0.01464808,342434,-0.05225678,0.56418836,0.42518811,0.13900025,0.0060289,White
TX-33,478186,0.25761314,0.73341754,0.52707792,0.47292208,0.07285325,0.37341013,0.00116893,0.01058864,0.02386473,366147,-0.4758044,0.28069248,0.70686486,-0.42617238,-0.46472706,Hispanic
TX-34,478069,0.53469204,0.45230036,0.25401909,0.74598091,0.13288947,0.56946602,0.00480299,0.04193456,0.03069926,341246,0.08239168,0.58608102,0.39759505,0.18848597,0.11228978,Hispanic
TX-35,477438,0.65877863,0.32802741,0.11327998,0.88672002,0.07213335,0.80326345,0.00199424,0.01245271,0.02789115,355023,0.33075122,0.73561118,0.25009214,0.48551904,0.37687383,Hispanic
TX-36,478145,0.32785245,0.66001703,0.57549067,0.42450933,0.05678336,0.31648645,0.00314492,0.03130781,0.02817675,360581,-0.33216458,0.34633766,0.63793096,-0.2915933,-0.32410749,Minority
TX-37,478306,0.54674339,0.43229204,0.69537988,0.30462012,0.03100896,0.15572097,0.00791788,0.09424563,0.02350824,366765,0.11445135,0.56631434,0.41400627,0.15230807,0.12160359,White
TX-38,477705,0.44278087,0.54281593,0.43658845,0.56341155,0.24881201,0.25500714,0.01071461,0.04423923,0.03188582,352696,-0.10003506,0.48710371,0.4912638,-0.00416009,-0.0735434,White
TX-39,477859,0.59325996,0.38795514,0.30457857,0.69542143,0.29585039,0.27330609,0.00504295,0.11437438,0.02705035,355744,0.20530482,0.63316098,0.35241483,0.28074615,0.22498526,Hispanic
TX-40,477468,0.61084405,0.36495063,0.18478795,0.81521205,0.1298894,0.63555082,0.0017985,0.04207459,0.0351894,349736,0.24589342,0.68883478,0.29645595,0.39237883,0.28925522,White
TX-41,477077,0.60657055,0.37792529,0.21220496,0.78779504,0.20854188,0.53868206,0.00148647,0.03247222,0.03602028,339059,0.22864526,0.6588522,0.32674697,0.33210523,0.25766525,Hispanic
TX-42,477967,0.54369535,0.42121085,0.38933271,0.61066729,0.15854229,0.25389514,0.00188847,0.18531857,0.02376662,370141,0.1224845,0.59299951,0.39042098,0.20257853,0.14371584,Hispanic
TX-43,477256,0.34300458,0.6441787,0.67027138,0.32972862,0.07110297,0.15483068,0.00254178,0.07622134,0.03066669,344641,-0.30117412,0.35667384,0.6270222,-0.27034836,-0.29636553,White
TX-44,477579,0.18346936,0.80878262,0.72636777,0.27363223,0.11390026,0.115003,0.00127929,0.01111977,0.03389439,368173,-0.62531326,0.20270645,0.78643624,-0.58372979,-0.61691877,White
TX-45,477280,0.56785136,0.4174967,0.15346153,0.84653847,0.12832268,0.66327847,0.00146569,0.05364474,0.03470621,346595,0.15035466,0.63137393,0.35566413,0.2757098,0.18667304,Minority
TX-46,478015,0.59816388,0.38153314,0.55002194,0.44997806,0.12705148,0.19520805,0.00169583,0.1140005,0.01837965,389779,0.21663074,0.61390492,0.37127625,0.24262867,0.21983005,Minority
TX-47,477427,0.5210854,0.44091799,0.22487192,0.77512808,0.22077264,0.21746397,0.00155305,0.3338332,0.01609604,355429,0.08016741,0.59533761,0.39163726,0.20370035,0.11587839,Hispanic
TX-48,478518,0.29145726,0.69677228,0.56553145,0.43446855,0.09309167,0.27817676,0.00143466,0.04213898,0.02649951,359667,-0.40531502,0.30631875,0.67806369,-0.37174494,-0.39959166,Hispanic
TX-49,477348,0.17763875,0.81629503,0.7115852,0.2884148,0.10664699,0.14369175,0.00095725,0.01067512,0.02730769,364586,-0.63865628,0.19404767,0.79547607,-0.6014284,-0.63171365,Minority
TX-50,477985,0.25651795,0.73397042,0.65930385,0.34069615,0.05792385,0.21600134,0.00205883,0.04069894,0.02921474,357970,-0.47745247,0.26586305,0.72038738,-0.45452433,-0.47527642,White
TX-51,478027,0.23792346,0.75294568,0.61798801,0.38201199,0.1727799,0.17201096,0.00122608,0.0149561,0.02526153,378441,-0.51502222,0.26495334,0.72312624,-0.4581729,-0.50153911,White
TX-52,478427,0.18984991,0.8007273,0.70701833,0.29298167,0.06794617,0.17761006,0.00416582,0.01935754,0.03089741,369675,-0.61087739,0.20556878,0.77819276,-0.57262398,-0.60359292,Hispanic
TX-53,478512,0.17671554,0.81499352,0.75701958,0.24298042,0.04565421,0.14501074,0.00197108,0.01549016,0.03640488,366297,-0.63827798,0.18769852,0.7989277,-0.61122918,-0.63472838,White
TX-54,477087,0.2152183,0.77571066,0.67026371,0.32973629,0.02497701,0.26622181,0.00218367,0.01357901,0.02821806,377347,-0.56049236,0.22718343,0.76037561,-0.53319218,-0.55685897,Asian
TX-55,467843,0.2715553,0.69911912,0.84391763,0.15608237,0.01013422,0.09607306,0.00531205,0.02066035,0.02620815,326616,-0.42756382,0.255206,0.694075,-0.438869,-0.43679888,White
TX-56,467032,0.22546843,0.75366729,0.83374311,0.16625689,0.00891871,0.09330186,0.00966766,0.01493415,0.04090852,335138,-0.52819886,0.22283335,0.73630088,-0.51346753,-0.52875508,White
TX-57,466708,0.29408306,0.67256032,0.78563379,0.21436621,0.0121891,0.13968738,0.01842376,0.02984838,0.02017507,328326,-0.37847726,0.27266677,0.65661352,-0.38394675,-0.38576709,White
TX-58,467715,0.3310356,0.63993684,0.82010983,0.17989017,0.01366899,0.09384697,0.01491614,0.04317708,0.01579609,302290,-0.30890124,0.31033139,0.6306142,-0.32028281,-0.31816176,White
TX-59,467862,0.59830958,0.37587125,0.76815118,0.23184882,0.02353749,0.12069665,0.01246478,0.05477724,0.02050882,359894,0.22243833,0.58380513,0.37118698,0.21261815,0.21369827,White
TX-60,467181,0.60293984,0.36580997,0.59143666,0.40856334,0.02937508,0.26854127,0.03090476,0.0616021,0.03018457,347131,0.23712987,0.60918889,0.34270003,0.26648886,0.24144953,White
TX-61,467275,0.38291678,0.58480669,0.78646321,0.21353679,0.02087748,0.13267274,0.01155069,0.03258218,0.02231901,324656,-0.20188991,0.35964273,0.57538766,-0.21574493,-0.21197492,White
VA-1,479120,0.38905636,0.59682873,0.74044345,0.25955655,0.16228791,0.0439468,0.00217825,0.02969739,0.02366182,374612,-0.20777237,0.39338927,0.58791768,-0.19452841,-0.20882438,White
VA-2,479401,0.51022116,0.47290149,0.60501408,0.39498592,0.21640924,0.07717364,0.00434127,0.08789865,0.0219493,374545,0.03731967,0.52572619,0.45242206,0.07330413,0.04384782,White
VA-3,479300,0.67576716,0.30572909,0.42122123,0.57877877,0.4464811,0.07736556,0.00440975,0.04662294,0.02364515,382108,0.37003807,0.6930881,0.28600846,0.40707964,0.37691859,Black
VA-4,479918,0.58200845,0.40348,0.47627223,0.52372777,0.43009393,0.05412787,0.00262731,0.02714198,0.02044623,384423,0.17852845,0.59845786,0.38688653,0.21157133,0.18407608,Minority
VA-5,478815,0.323945,0.66585622,0.71087726,0.28912274,0.23586493,0.02682068,0.00075669,0.00983434,0.01675673,383249,-0.34191122,0.34542165,0.64088125,-0.2954596,-0.33189401,White
VA-6,480030,0.35679847,0.62677646,0.81999046,0.18000954,0.05969827,0.08029978,0.00123108,0.02138709,0.01938889,379341,-0.26997799,0.36167933,0.61838379,-0.25670446,-0.27102015,White
VA-7,478666,0.58237486,0.38904454,0.44355989,0.55644011,0.25704314,0.18668118,0.00385576,0.10369161,0.02505961,352719,0.19333032,0.61726245,0.36411643,0.25314602,0.20780222,Minority
VA-8,480120,0.7527105,0.21593165,0.59026569,0.40973431,0.12902211,0.13636915,0.00216181,0.1338307,0.01668305,387639,0.53677885,0.78152078,0.19571005,0.58581073,0.54765614,White
VA-9,479958,0.20293646,0.78883837,0.90838105,0.09161895,0.04732338,0.01840453,0.00080997,0.00564682,0.01746936,391371,-0.58590191,0.21340588,0.77519087,-0.56178499,-0.5833296,White
VA-10,479493,0.57235807,0.39088782,0.52528304,0.47471696,0.08967221,0.14305793,0.00209096,0.23061614,0.01565916,347209,0.18147025,0.62767181,0.35241979,0.27525202,0.20726417,White
VA-11,479099,0.66172171,0.30323731,0.51951767,0.48048233,0.07896417,0.11723211,0.00201509,0.27312927,0.01318797,372688,0.3584844,0.69161892,0.28646962,0.4051493,0.3685727,White
VA-12,479098,0.5498582,0.43430746,0.5240581,0.4759419,0.3724701,0.04932777,0.00298253,0.03938144,0.02215752,366467,0.11555074,0.55909965,0.42156471,0.13753494,0.11741214,White
VA-13,478916,0.67604812,0.30267448,0.48948269,0.51051731,0.35560994,0.10359699,0.00162351,0.04140354,0.01929797,380040,0.37337364,0.68588526,0.2952025,0.39068276,0.37367668,Minority
VA-14,480360,0.41828644,0.56470893,0.79771912,0.20228088,0.10258819,0.03814595,0.0011582,0.04119073,0.01860326,388534,-0.14642249,0.42761427,0.55203134,-0.12441707,-0.14455402,White
VA-15,479241,0.65844385,0.30682664,0.47096632,0.52903368,0.12417852,0.20718135,0.00230329,0.18875778,0.01989277,366867,0.35161721,0.71231122,0.26838033,0.44393089,0.37692177,Minority
VA-16,480066,0.48652087,0.48687745,0.55033893,0.44966107,0.14199072,0.19805876,0.00226142,0.09635654,0.02361894,357298,-0.00035658,0.53764448,0.44269813,0.09494635,0.0259444,White
VA-17,479393,0.50101826,0.48125588,0.72391782,0.27608218,0.15546108,0.05456631,0.00150089,0.04608748,0.01924175,381774,0.01976238,0.51763013,0.46104759,0.05658254,0.0265691,White
VA-18,480399,0.50723336,0.4735942,0.68116899,0.31883101,0.16961007,0.04994521,0.00130422,0.08269236,0.0153032,374170,0.03363916,0.49658898,0.48488788,0.0117011,0.02085981,White
VT-AL,643077,0.63234241,0.32019255,0.90402721,0.09597279,0.01723224,0.02118853,0.00098764,0.02224099,0.0243669,524482,0.31214986,0.66086417,0.30673765,0.35412652,0.32067541,White
WA-1,481874,0.57562242,0.38652621,0.78172436,0.21827564,0.01948524,0.09481904,0.0071225,0.05266401,0.04196862,386241,0.18909621,0.56951862,0.39727328,0.17224534,0.17801259,White
WA-2,481988,0.67142887,0.28858127,0.6219029,0.3780971,0.06165526,0.10571718,0.01192094,0.16971892,0.03481481,381849,0.3828476,0.67847803,0.28893142,0.38954661,0.37961394,White
WA-3,481548,0.53126261,0.43447835,0.75406777,0.24593223,0.03312899,0.09859734,0.01465939,0.06842132,0.03389157,369797,0.09678426,0.52194744,0.44572265,0.07622479,0.08446444,White
WA-4,481846,0.35008157,0.61752738,0.75632135,0.24367865,0.0111184,0.15223693,0.00441096,0.02013035,0.05321521,373615,-0.26744581,0.36202021,0.60930798,-0.24728777,-0.26619313,White
WA-5,481944,0.49444943,0.46691582,0.81009827,0.18990173,0.03200505,0.05999763,0.01040085,0.04625525,0.03993001,380065,0.02753361,0.49615833,0.4648576,0.03130073,0.02332265,White
WA-6,481074,0.56268991,0.4012363,0.77795009,0.22204991,0.02999305,0.07131307,0.0117497,0.05454161,0.05662722,392691,0.16145361,0.54957181,0.41372692,0.13584489,0.1474507,White
WA-7,481779,0.87186498,0.09177635,0.67929169,0.32070831,0.05197269,0.06835871,0.00588135,0.17200548,0.02251456,408580,0.78008863,0.88016359,0.09520151,0.78496208,0.77624645,White
WA-8,481504,0.60535747,0.35402079,0.61057469,0.38942531,0.05922932,0.08350958,0.0129969,0.21126675,0.02658897,361240,0.25133668,0.61799748,0.35012312,0.26787436,0.25138257,White
WA-9,481789,0.79061357,0.16389266,0.47529255,0.52470745,0.13160913,0.1273304,0.01628426,0.23656969,0.02843534,398483,0.62672091,0.8154441,0.1595826,0.6558615,0.63096777,Minority
WA-10,481175,0.58973599,0.37054262,0.66211291,0.33788709,0.087843,0.10224704,0.02338686,0.09847169,0.03883827,374270,0.21919337,0.58569174,0.37604771,0.20964403,0.21054359,White
WA-11,480967,0.55076206,0.40891864,0.71981657,0.28018343,0.02656629,0.08147087,0.00820643,0.13112508,0.03041929,365689,0.14184342,0.5605359,0.40250116,0.15803474,0.14177386,White
WA-12,481615,0.39391701,0.57366515,0.66486442,0.33513558,0.01252237,0.24110965,0.00505444,0.02057563,0.06058118,360475,-0.17974814,0.41291327,0.55868265,-0.14576938,-0.17388855,White
WA-13,481222,0.36811314,0.59912003,0.63153089,0.36846911,0.02015876,0.28331383,0.00520153,0.03213359,0.03348486,353742,-0.23100689,0.37682049,0.58788759,-0.2110671,-0.22982696,White
WA-14,481566,0.59689746,0.36561032,0.62715981,0.37284019,0.09039071,0.10962199,0.02487524,0.12087816,0.03852871,377926,0.23128714,0.59800521,0.36803124,0.22997397,0.22538275,White
WA-15,482246,0.69994687,0.25710277,0.52177374,0.47822626,0.05477282,0.07903756,0.00668232,0.3222164,0.01814302,378162,0.4428441,0.71704021,0.25310706,0.46393315,0.44440712,White
WA-16,481144,0.45655175,0.50847102,0.68629098,0.31370902,0.07154069,0.09447748,0.02709305,0.0910038,0.03957841,361864,-0.05191927,0.46212943,0.50188995,-0.03976052,-0.05333302,White
WI-1,491146,0.55571238,0.42553597,0.63853437,0.36146563,0.10074572,0.21246797,0.00129042,0.03314821,0.02512311,375073,0.13017641,0.56901555,0.41311456,0.15590099,0.13375127,White
WI-2,490777,0.67056907,0.31239654,0.8146106,0.1853894,0.04656987,0.05233767,0.00133258,0.06694827,0.01628764,397725,0.35817253,0.67860927,0.30458512,0.37402415,0.358456403333333,White
WI-3,492114,0.49076447,0.49380684,0.90744765,0.09255235,0.01544095,0.02933625,0.00099845,0.02447367,0.01731077,385598,-0.00304237000000002,0.50572743,0.47545225,0.03027518,0.00306347999999999,White
WI-4,491182,0.72415138,0.25723304,0.48527134,0.51472866,0.40482713,0.04794557,0.00133241,0.05314439,0.01356179,374508,0.46691834,0.7339247,0.25041071,0.48351399,0.467450223333333,Minority
WI-5,491629,0.36161045,0.62386267,0.89859951,0.10140049,0.01098189,0.05211106,0.00085707,0.01722665,0.01415461,387365,-0.26225222,0.3648246,0.61875103,-0.25392643,-0.264476956666667,White
WI-6,492034,0.36078218,0.62462138,0.9051666,0.0948334,0.01414635,0.0365011,0.00088123,0.02477295,0.01407377,385824,-0.2638392,0.35726315,0.62680153,-0.26953838,-0.270738926666667,White
WI-7,490537,0.39664028,0.58404318,0.91500298,0.08499702,0.01240493,0.01812153,0.00094846,0.01153658,0.03472346,386943,-0.1874029,0.41402372,0.56748041,-0.15345669,-0.181087496666667,White
WI-8,490492,0.49878973,0.48526654,0.82974164,0.17025836,0.03528386,0.06505903,0.00127829,0.03910824,0.0292801,381761,0.01352319,0.49739811,0.48164758,0.01575053,0.00926563666666664,White
WI-9,491398,0.53195743,0.44698164,0.75217803,0.24782197,0.06974092,0.11038532,0.00116904,0.05066034,0.01928017,385785,0.0849757899999999,0.52836162,0.45367482,0.0746868,0.0765461266666666,White
WI-10,490221,0.62473983,0.35830369,0.83815676,0.16184324,0.04513677,0.060103,0.00105806,0.03731507,0.01564868,378051,0.26643614,0.63099153,0.35093562,0.28005591,0.265976063333333,White
WI-11,491755,0.33607111,0.6508047,0.89658235,0.10341765,0.01706365,0.03560581,0.0006784,0.00981354,0.03644734,386201,-0.31473359,0.34199173,0.64289758,-0.30090585,-0.315124343333333,White
WI-12,490433,0.34931252,0.63514435,0.92303841,0.07696159,0.01006024,0.02353239,0.00118204,0.01335343,0.02358659,387466,-0.28583183,0.35882379,0.62553143,-0.26670764,-0.2844571,White
WV-1,448143,0.31414449,0.66450214,0.90582229,0.09417771,0.03349037,0.01683478,0.00102823,0.01589752,0.01938466,362761,-0.35035765,0.3260049,0.65499702,-0.32899212,-0.34870247,White
WV-2,448670,0.26715308,0.71459195,0.88623601,0.11376399,0.05084765,0.02717705,0.00084357,0.01041529,0.02092618,355631,-0.44743887,0.28434352,0.69910886,-0.41476534,-0.44201436,White
WV-3,448949,0.21101088,0.77226766,0.91854515,0.08145485,0.0404222,0.00996138,0.00063577,0.00655183,0.02000715,355473,-0.56125678,0.2284067,0.75750162,-0.52909492,-0.55600283,White
WV-4,447954,0.32984747,0.65032914,0.89886289,0.10113711,0.05112973,0.01161343,0.00073245,0.01237931,0.02077885,359067,-0.32048167,0.34728781,0.63554427,-0.28825646,-0.3152066,White
WY-AL,576851,0.25841857,0.71598005,0.83845451,0.16154549,0.01343191,0.08644868,0.00228623,0.01477329,0.04176627,441337,-0.45756148,0.26553574,0.69936227,-0.43382653,-0.4551165,White
