id,TotalPop,DemPct,RepPct,WhitePct,MinorityPct,BlackPct,HispanicPct,PacificPct,AsianPct,NativePct,TotalVAP,Margin,Majority
AK-1,244536,0.47174802,0.48749699,0.5502973,0.4497027,0.0182717,0.04248942,0.01037438,0.06675592,0.3175676,184493,-0.01574897,White
AK-2,244178,0.52225609,0.44418394,0.55830073,0.44169927,0.06969723,0.07856885,0.04058939,0.12779597,0.14238178,188128,0.07807215,White
AK-3,244677,0.29969841,0.65850652,0.73889361,0.26110639,0.03959599,0.05965862,0.00900861,0.03886273,0.11226031,181382,-0.35880811,White
AL-1,296417,0.32222927,0.66305867,0.68091405,0.31908595,0.22554807,0.033077,0.00135321,0.03074282,0.02719995,228346,-0.3408294,White
AL-2,296062,0.22750922,0.75969664,0.80164021,0.19835979,0.11188336,0.0384951,0.00112184,0.01119263,0.03191448,232653,-0.53218742,White
AL-3,296075,0.25822905,0.72999219,0.69284454,0.30715546,0.22632462,0.04086089,0.00194347,0.01601506,0.0253044,228972,-0.47176314,White
AL-4,294721,0.61857729,0.36903509,0.40110244,0.59889756,0.52257456,0.03536645,0.00150569,0.02991048,0.01483193,231123,0.2495422,Black
AL-5,295766,0.58973355,0.40015074,0.41414773,0.58585227,0.52167741,0.02661544,0.00121552,0.02792646,0.01335764,230355,0.18958281,Black
AL-6,295480,0.60095979,0.39002826,0.42036782,0.57963218,0.51855935,0.03108334,0.00090658,0.01127053,0.02217077,234949,0.21093153,Black
AL-7,295207,0.32073077,0.66573806,0.67377819,0.32622181,0.24845996,0.03413273,0.00108481,0.02316842,0.02041335,232299,-0.34500729,White
AL-8,295665,0.20641551,0.7812153,0.80182592,0.19817408,0.12223039,0.04045133,0.00100413,0.01121715,0.02326667,227063,-0.57479979,White
AL-9,295923,0.2518125,0.73633256,0.75326601,0.24673399,0.17965714,0.03088406,0.0011483,0.01081456,0.0250783,233389,-0.48452006,White
AL-10,295861,0.30825417,0.67649646,0.72111076,0.27888924,0.18297507,0.05043872,0.00113897,0.02198645,0.0222011,228277,-0.36824229,White
AL-11,295026,0.64234755,0.34219829,0.41095272,0.58904728,0.50636362,0.04295661,0.00084212,0.0283281,0.01471099,230372,0.30014926,Black
AL-12,295389,0.60315716,0.37839973,0.50149629,0.49850371,0.41193564,0.04960049,0.00132089,0.02258938,0.01617981,230905,0.22475743,White
AL-13,295996,0.14590452,0.84249214,0.85365768,0.14634232,0.06544175,0.04024895,0.00076156,0.00761561,0.02883429,228478,-0.69658762,White
AL-14,295285,0.19486558,0.79051672,0.81899296,0.18100704,0.05036964,0.07416611,0.00122917,0.01078402,0.04792013,226168,-0.59565114,White
AL-15,295103,0.15888563,0.82884176,0.84011857,0.15988143,0.06345823,0.05715469,0.00086314,0.00730617,0.03075917,229395,-0.66995613,White
AL-16,295349,0.28269967,0.70211809,0.77164473,0.22835527,0.1394129,0.0396514,0.00111475,0.01341589,0.03470848,231442,-0.41941842,White
AL-17,294954,0.51037551,0.46439032,0.58370676,0.41629324,0.29240707,0.05983346,0.00265688,0.04056142,0.02740149,232980,0.04598519,White
AR-1,300803,0.61318754,0.35679557,0.39598847,0.60401153,0.52408416,0.05768664,0.00115775,0.01012496,0.01841717,234075,0.25639197,Black
AR-2,301792,0.55432049,0.42018696,0.58833097,0.41166903,0.29806886,0.05284535,0.00124548,0.03636729,0.02619798,233644,0.13413353,White
AR-3,301320,0.26648137,0.7041921,0.80809955,0.19190045,0.09771639,0.03976167,0.00131973,0.01466508,0.03369005,229593,-0.43771073,White
AR-4,301975,0.26717903,0.7040151,0.78539144,0.21460856,0.13905035,0.0340191,0.00299141,0.01077781,0.02433305,228989,-0.43683607,White
AR-5,301961,0.20830099,0.76431537,0.88443779,0.11556221,0.02311244,0.03830743,0.00106654,0.00853646,0.03906446,239092,-0.55601438,White
AR-6,301035,0.50230351,0.46431424,0.6370142,0.3629858,0.04186675,0.20068053,0.0264971,0.05538404,0.04436765,225119,0.03798927,White
AR-7,302027,0.28538641,0.6867348,0.81229107,0.18770893,0.0135993,0.08273931,0.00595846,0.02363667,0.059532,228247,-0.40134839,White
AR-8,300341,0.24408123,0.72848254,0.77120403,0.22879597,0.03914186,0.09362084,0.00214098,0.03352014,0.05972855,228400,-0.48440131,White
AR-9,300161,0.29323285,0.68212216,0.79944136,0.20055864,0.10198128,0.04823162,0.00125138,0.01222767,0.03394536,234141,-0.38888931,White
AR-10,300109,0.28203297,0.6878462,0.66954579,0.33045421,0.23557732,0.05773835,0.00164954,0.00698783,0.02886485,230973,-0.40581323,White
AZ-1,286561,0.58469658,0.39954823,0.40467108,0.59532892,0.0141998,0.09370012,0.00287708,0.01478914,0.47792534,215496,0.18514835,Native
AZ-2,285913,0.36834998,0.61615346,0.79425033,0.20574967,0.01274937,0.12249277,0.003316,0.02151457,0.04402933,240953,-0.24780348,White
AZ-3,285510,0.25417719,0.73287901,0.7458401,0.2541599,0.01546313,0.17416548,0.00429108,0.01967381,0.04478976,236304,-0.47870182,White
AZ-4,285932,0.55567559,0.43080275,0.34977601,0.65022399,0.02672185,0.56404395,0.00280215,0.01652256,0.05571123,216976,0.12487284,Hispanic
AZ-5,285470,0.72513641,0.26060207,0.27189076,0.72810924,0.04557073,0.61866581,0.00283234,0.02599765,0.07178944,217135,0.46453434,Hispanic
AZ-6,286742,0.60882586,0.37410301,0.62753658,0.37246342,0.068912,0.2242665,0.00528053,0.0536348,0.03522349,233878,0.23472285,White
AZ-7,286661,0.56108052,0.42489218,0.69224481,0.30775519,0.03172559,0.19739333,0.00302854,0.05588194,0.02705782,236087,0.13618834,White
AZ-8,286677,0.38003724,0.60382616,0.65423346,0.34576654,0.03431512,0.25384294,0.00464355,0.0268205,0.03460868,224828,-0.22378892,White
AZ-9,286716,0.36899627,0.61556615,0.65108733,0.34891267,0.05065348,0.23685845,0.0076284,0.02449189,0.03824551,222196,-0.24656988,White
AZ-10,285070,0.60893025,0.37548081,0.29113293,0.70886707,0.10353655,0.50737693,0.00584251,0.0329837,0.09048761,196491,0.23344944,Hispanic
AZ-11,285540,0.74987509,0.2331257,0.24520432,0.75479568,0.15907723,0.53236689,0.00613095,0.03931418,0.05227442,207635,0.51674939,Hispanic
AZ-12,285769,0.67129498,0.31363417,0.21078525,0.78921475,0.09041086,0.64151353,0.00485417,0.04167719,0.03872226,197974,0.35766081,Hispanic
AZ-13,285759,0.67894974,0.30297077,0.31680183,0.68319817,0.10543924,0.50211377,0.00363798,0.04803194,0.05116665,208632,0.37597897,Hispanic
AZ-14,286654,0.5151429,0.47247589,0.75620798,0.24379202,0.03597835,0.11221383,0.00265509,0.05811377,0.03834349,241423,0.04266701,White
AZ-15,286495,0.59611828,0.38909974,0.65154319,0.34845681,0.06007032,0.20792351,0.00318984,0.0488651,0.03901652,232927,0.20701854,White
AZ-16,286140,0.47614966,0.50715192,0.6804384,0.3195616,0.05237328,0.16347053,0.00379884,0.07509508,0.0295045,224542,-0.03100226,White
AZ-17,285475,0.44042026,0.54350333,0.65272006,0.34727994,0.0562762,0.20539956,0.00418263,0.05986839,0.03050435,221870,-0.10308307,White
AZ-18,287049,0.42557131,0.55919624,0.55709547,0.44290453,0.07980468,0.29436065,0.00601105,0.0430911,0.03342963,210113,-0.13362493,White
AZ-19,286148,0.40790423,0.5812099,0.74917043,0.25082957,0.04438938,0.15134574,0.00356264,0.03474324,0.02150445,233254,-0.17330567,White
AZ-20,286608,0.34293988,0.64694109,0.81283155,0.18716845,0.0212278,0.09804911,0.00274595,0.03861301,0.02476142,229793,-0.30400121,White
AZ-21,286131,0.62017102,0.36225241,0.601746,0.398254,0.07224515,0.18087376,0.00535338,0.10716089,0.04745078,235739,0.25791861,White
AZ-22,285920,0.5391931,0.43798716,0.53357482,0.46642518,0.06824183,0.30449369,0.00694953,0.05486813,0.05112146,216993,0.10120594,White
AZ-23,285146,0.49436859,0.49108861,0.61327958,0.38672042,0.06063703,0.17673612,0.0046359,0.12573183,0.02709823,213335,0.00327998000000002,White
AZ-24,285408,0.39330989,0.58918419,0.73548607,0.26451393,0.03573748,0.16702236,0.00486486,0.03111565,0.03132774,226317,-0.1958743,White
AZ-25,286008,0.38280103,0.60126245,0.72107318,0.27892682,0.04506552,0.14716165,0.00619141,0.06282915,0.02422856,201085,-0.21846142,White
CA-1,288252,0.61599071,0.35278838,0.6920924,0.3079076,0.0213219,0.15599284,0.00589819,0.04001666,0.08982069,232953,0.26320233,White
CA-2,287714,0.74819681,0.22675477,0.61567077,0.38432923,0.02468652,0.26469053,0.00788803,0.05803987,0.04403025,229842,0.52144204,White
CA-3,288977,0.69234221,0.28434458,0.64057068,0.35942932,0.02234159,0.24294708,0.00615371,0.05950882,0.03839625,232705,0.40799763,White
CA-4,288287,0.81780957,0.16313698,0.69603347,0.30396653,0.03247134,0.16509727,0.00545543,0.08051248,0.02946529,233529,0.65467259,White
CA-5,288630,0.3238909,0.65353749,0.75420402,0.24579598,0.02440191,0.11441947,0.00603107,0.03565678,0.06677316,234121,-0.32964659,White
CA-6,288312,0.46665387,0.50553247,0.68809676,0.31190324,0.02868431,0.17010616,0.00715121,0.05962434,0.05648575,226535,-0.0388786,White
CA-7,288250,0.51963608,0.45578188,0.79048294,0.20951706,0.00998872,0.11852006,0.00434753,0.02863857,0.04480714,235766,0.0638542,White
CA-8,289025,0.38748954,0.58900412,0.52541672,0.47458328,0.02653691,0.29761262,0.00716731,0.10946828,0.05199356,212911,-0.20151458,White
CA-9,288379,0.45679566,0.51960626,0.69100556,0.30899444,0.02789123,0.125071,0.007853,0.12640087,0.02910389,221826,-0.0628106,White
CA-10,289157,0.49880825,0.47355843,0.67350115,0.32649885,0.05070982,0.13302377,0.00839518,0.10887154,0.03215295,233229,0.02524982,White
CA-11,288200,0.57397355,0.39863428,0.51930705,0.48069295,0.11754963,0.20514236,0.01432197,0.13096691,0.03942601,215543,0.17533927,White
CA-12,288055,0.61794656,0.35652917,0.48516352,0.51483648,0.06201235,0.28480571,0.01044738,0.14513347,0.03618279,233647,0.26141739,Minority
CA-13,288421,0.73264737,0.242212,0.40124037,0.59875963,0.12891971,0.2552237,0.01901132,0.19130419,0.03797854,226707,0.49043537,Minority
CA-14,288909,0.75531999,0.22112038,0.2613229,0.7386771,0.16311257,0.28722559,0.03071642,0.2631754,0.03722559,216464,0.53419961,Hispanic
CA-15,288063,0.59570677,0.38019996,0.38790013,0.61209987,0.11615896,0.19156681,0.02252758,0.2772998,0.03306334,218399,0.21550681,Minority
CA-16,288450,0.51855535,0.46054566,0.42640184,0.57359816,0.07267605,0.25851338,0.01296947,0.22230675,0.03280404,216894,0.05800969,Minority
CA-17,288253,0.60350923,0.37336869,0.2572204,0.7427796,0.09737805,0.50219243,0.01154981,0.13195667,0.04562339,211865,0.23014054,Hispanic
CA-18,288589,0.62154175,0.35721389,0.25693517,0.74306483,0.11915233,0.31293643,0.01614073,0.30249552,0.03331648,209656,0.26432786,Hispanic
CA-19,288435,0.56898762,0.40708712,0.32920479,0.67079521,0.05308196,0.48577358,0.01496321,0.10620182,0.04683228,211051,0.1619005,Hispanic
CA-20,288250,0.46668673,0.51166839,0.4669148,0.5330852,0.03289654,0.37902764,0.01352289,0.09255938,0.04170529,214673,-0.04498166,Minority
CA-21,288937,0.54312498,0.43321764,0.27760944,0.72239056,0.04174915,0.58074306,0.00567096,0.08625595,0.0492245,205609,0.10990734,Hispanic
CA-22,289062,0.37793196,0.59941654,0.74446523,0.25553477,0.02032363,0.13918424,0.00620065,0.0497117,0.04155498,234653,-0.22148458,White
CA-23,287587,0.38158494,0.59847984,0.61359205,0.38640795,0.02463344,0.21402817,0.0043838,0.10849571,0.04478807,221041,-0.2168949,White
CA-24,288306,0.59372971,0.38462152,0.22561224,0.77438776,0.07471933,0.58438524,0.0043676,0.10251973,0.05646365,206292,0.20910819,Hispanic
CA-25,287980,0.58134406,0.3961514,0.15080035,0.84919965,0.05902873,0.73708371,0.0040973,0.0448126,0.03886662,225026,0.18519266,Hispanic
CA-26,288740,0.60536006,0.36919627,0.16227261,0.83772739,0.07811714,0.68675379,0.00274978,0.06423608,0.03976253,196743,0.23616379,Hispanic
CA-27,288228,0.56069198,0.41638602,0.33803629,0.66196371,0.07031931,0.4478267,0.0052328,0.13006986,0.04558541,213270,0.14430596,Hispanic
CA-28,288310,0.62131434,0.36139901,0.13431752,0.86568248,0.04104651,0.70866106,0.00280837,0.11111447,0.0361659,198336,0.25991533,Hispanic
CA-29,288502,0.42360233,0.55340405,0.3589696,0.6410304,0.03681877,0.5231576,0.00441376,0.06269103,0.04157431,204814,-0.12980172,Hispanic
CA-30,288493,0.42328094,0.55433728,0.35143721,0.64856279,0.0224054,0.55873894,0.00400061,0.04173264,0.04654226,202719,-0.13105634,Hispanic
CA-31,287890,0.32291397,0.65592385,0.55980846,0.44019154,0.04299093,0.28811021,0.00428158,0.07808698,0.04455331,216976,-0.33300988,White
CA-32,288054,0.62316917,0.35638274,0.12298585,0.87701415,0.03489195,0.81324626,0.00282187,0.02469368,0.03865138,217586,0.26678643,Hispanic
CA-33,287577,0.7153775,0.26268024,0.35365422,0.64634578,0.14461725,0.26134816,0.01567169,0.22370957,0.03366872,226204,0.45269726,Minority
CA-34,287888,0.82901661,0.15284604,0.26024839,0.73975161,0.16208051,0.33070114,0.0101515,0.23085088,0.03641769,227060,0.67617057,Hispanic
CA-35,288322,0.69991824,0.27660023,0.28463483,0.71536517,0.17730029,0.34006521,0.01840505,0.18443516,0.03787254,218364,0.42331801,Hispanic
CA-36,287809,0.62659368,0.35102945,0.45889133,0.54110867,0.10036605,0.25628817,0.01353678,0.16574851,0.03251454,220732,0.27556423,Minority
CA-37,288240,0.71687647,0.26256104,0.64249698,0.35750302,0.02937645,0.12665622,0.00617303,0.1829338,0.017742,229061,0.45431543,White
CA-38,288039,0.6887476,0.29095546,0.42042624,0.57957376,0.03336236,0.10566531,0.00702169,0.4262792,0.01647397,214763,0.39779214,Asian
CA-39,288722,0.89690511,0.08128347,0.43869641,0.56130359,0.12320539,0.13493592,0.00827652,0.28862102,0.02186312,244064,0.81562164,Minority
CA-40,287999,0.9100987,0.06960958,0.37900616,0.62099384,0.18764764,0.19845373,0.00774832,0.22579127,0.03403833,235793,0.84048912,Minority
CA-41,288603,0.79973739,0.1793046,0.21319786,0.78680214,0.20779337,0.31753262,0.01369226,0.25403772,0.03619531,223703,0.62043279,Hispanic
CA-42,289355,0.76103715,0.21962547,0.15924452,0.84075548,0.09161894,0.33715298,0.0327985,0.39032921,0.03091855,228730,0.54141168,Asian
CA-43,288522,0.69051602,0.28845346,0.30975223,0.69024777,0.03175499,0.13814988,0.0090383,0.50658838,0.01965764,223272,0.40206256,Asian
CA-44,288384,0.3853337,0.58567921,0.52931366,0.47068634,0.09659732,0.28818361,0.0092846,0.0513486,0.05098763,218857,-0.20034551,White
CA-45,288993,0.37991875,0.5992857,0.50575721,0.49424279,0.05606966,0.37108068,0.005068,0.04235894,0.04258868,217640,-0.21936695,White
CA-46,288006,0.60561394,0.36804513,0.20454791,0.79545209,0.1929476,0.54558208,0.00702395,0.04804438,0.04514063,203874,0.23756881,Hispanic
CA-47,288440,0.55367772,0.42277384,0.30232698,0.69767302,0.15502092,0.46075766,0.00510303,0.07310793,0.04068974,215558,0.13090388,Hispanic
CA-48,288628,0.51711204,0.46281092,0.47848094,0.52151906,0.05649399,0.31320505,0.00508423,0.13936837,0.02891574,222059,0.05430112,Minority
CA-49,289472,0.8611392,0.11766137,0.45822215,0.54177785,0.0737437,0.1119175,0.0064186,0.34129807,0.01851184,263453,0.74347783,Minority
CA-50,288863,0.80572416,0.17400698,0.31793999,0.68206001,0.04376431,0.1392897,0.00654652,0.49095627,0.01595281,245474,0.63171718,Asian
CA-51,289455,0.89079057,0.09030351,0.4456887,0.5543113,0.07606792,0.18694968,0.00832964,0.27783218,0.02449728,246109,0.80048706,Minority
CA-52,288930,0.76076862,0.22235291,0.22221467,0.77778533,0.03176742,0.23025108,0.01992316,0.49787934,0.02026315,235304,0.53841571,Asian
CA-53,288885,0.78066712,0.19998652,0.46841477,0.53158523,0.02322154,0.17652744,0.01324196,0.30927506,0.01765887,228667,0.5806806,Minority
CA-54,288728,0.78369264,0.1914276,0.68597886,0.31402114,0.02131842,0.17228312,0.00595176,0.09155586,0.02861278,239089,0.59226504,White
CA-55,289195,0.83047554,0.14854561,0.43579464,0.56420536,0.04090466,0.22753326,0.01560813,0.27176066,0.02058786,228727,0.68192993,Minority
CA-56,287656,0.71020826,0.27192587,0.1605505,0.8394495,0.03162319,0.15355167,0.01061365,0.64562084,0.01617525,229610,0.43828239,Asian
CA-57,288169,0.76589695,0.21195936,0.31908278,0.68091722,0.02192168,0.14394512,0.00596514,0.50378826,0.01552859,228997,0.55393759,Asian
CA-58,288416,0.72711999,0.2500683,0.41822066,0.58177934,0.02385082,0.1173276,0.00577944,0.42806315,0.01582754,223724,0.47705169,Asian
CA-59,287778,0.67308669,0.31148777,0.12616728,0.87383272,0.02823086,0.29203958,0.00764356,0.55110858,0.02631997,226596,0.36159892,Asian
CA-60,288254,0.7611533,0.21581396,0.24628862,0.75371138,0.04601546,0.43560924,0.00827313,0.26488358,0.03790327,229901,0.54533934,Hispanic
CA-61,288630,0.70066724,0.27659019,0.41758522,0.58241478,0.03741079,0.24274483,0.00873038,0.28902032,0.02801332,223358,0.42407705,Minority
CA-62,288199,0.66451837,0.3141004,0.3171137,0.6828863,0.01905163,0.57004634,0.00617423,0.08232458,0.04832655,213630,0.35041797,Hispanic
CA-63,288711,0.72271951,0.25426643,0.16667698,0.83332302,0.04068276,0.69568611,0.01102866,0.0912042,0.05576208,210089,0.46845308,Hispanic
CA-64,288144,0.60505225,0.37098365,0.69877434,0.30122566,0.02815042,0.17708325,0.00596278,0.06829674,0.03015732,241666,0.2340686,White
CA-65,288787,0.51793717,0.45842856,0.42567162,0.57432838,0.02485178,0.47329809,0.00547014,0.05916283,0.04925422,218093,0.05950861,Hispanic
CA-66,289151,0.70745643,0.27030748,0.58770516,0.41229484,0.02155165,0.28207911,0.00377352,0.08727939,0.03151141,239564,0.43714895,White
CA-67,288471,0.68691821,0.29082586,0.25344127,0.74655873,0.03475697,0.61571873,0.00655217,0.08832948,0.04965414,216417,0.39609235,Hispanic
CA-68,289017,0.55973666,0.41814659,0.47909797,0.52090203,0.02393144,0.38625417,0.00514285,0.0940502,0.03482034,223806,0.14159007,Minority
CA-69,289075,0.57232411,0.40772733,0.69016915,0.30983085,0.02318041,0.14862433,0.0040409,0.11774431,0.02072839,232869,0.16459678,White
CA-70,288856,0.82836246,0.15125312,0.37570302,0.62429698,0.08965761,0.3169667,0.00437699,0.21087579,0.02771699,254970,0.67710934,Minority
CA-71,288214,0.82800753,0.1498378,0.15701774,0.84298226,0.03009135,0.66644344,0.00354093,0.1464037,0.04395744,228471,0.67816973,Hispanic
CA-72,288998,0.86352659,0.11531062,0.01578132,0.98421868,0.22015431,0.7534412,0.00246461,0.01348718,0.04486961,205306,0.74821597,Hispanic
CA-73,288325,0.81119518,0.16512157,0.08812335,0.91187665,0.11329387,0.64892559,0.00254623,0.15118227,0.05198106,226217,0.64607361,Hispanic
CA-74,289166,0.79653642,0.1849952,0.28692903,0.71307097,0.09554794,0.32911501,0.00332876,0.28289133,0.02920505,245437,0.61154122,Hispanic
CA-75,287997,0.81269237,0.16872294,0.49242424,0.50757576,0.08995076,0.21015912,0.00452728,0.19525958,0.02177307,242088,0.64396943,Minority
CA-76,288706,0.74311088,0.24242213,0.69319763,0.30680237,0.04455305,0.09831483,0.00339248,0.14764819,0.01216233,252912,0.50068875,White
CA-77,287653,0.90246055,0.08037142,0.0566232,0.9433768,0.55155359,0.36159116,0.00384088,0.03474033,0.03328177,226250,0.82208913,Black
CA-78,288098,0.78146001,0.19743683,0.11811559,0.88188441,0.20959021,0.52998842,0.01000434,0.13928704,0.03788411,223603,0.58402318,Hispanic
CA-79,287681,0.86435958,0.11244009,0.01925802,0.98074198,0.31906617,0.64457256,0.00588587,0.01934961,0.0353586,207446,0.75191949,Hispanic
CA-80,288082,0.80832357,0.16779086,0.01747935,0.98252065,0.04072514,0.93320982,0.00236912,0.01016352,0.05058067,211049,0.64053271,Hispanic
CA-81,287692,0.79601784,0.17946539,0.03484264,0.96515736,0.01173868,0.92157256,0.00175963,0.03402583,0.0484343,214249,0.61655245,Hispanic
CA-82,288376,0.7210136,0.25435348,0.11014164,0.88985836,0.13333854,0.64189602,0.01175475,0.10803157,0.04043139,217529,0.46666012,Hispanic
CA-83,289155,0.63831328,0.33947692,0.16342734,0.83657266,0.03635793,0.65568874,0.00562446,0.14058489,0.04098386,226333,0.29883636,Hispanic
CA-84,287590,0.68097918,0.2978364,0.11987232,0.88012768,0.0155478,0.73814413,0.0034207,0.12587983,0.04320927,223054,0.38314278,Hispanic
CA-85,287999,0.69726335,0.28202613,0.07796495,0.92203505,0.02519273,0.69672811,0.00333256,0.20098861,0.03861219,224152,0.41523722,Hispanic
CA-86,288671,0.5754325,0.40311968,0.36001283,0.63998717,0.04719974,0.42482363,0.00545146,0.16173667,0.0354258,230764,0.17231282,Hispanic
CA-87,289126,0.64154962,0.33820374,0.22059966,0.77940034,0.03097636,0.3076953,0.00325999,0.43866043,0.02353668,231596,0.30334588,Asian
CA-88,287571,0.69859652,0.28344456,0.09646438,0.90353562,0.01737121,0.28541013,0.00299255,0.60367911,0.02099021,236253,0.41515196,Asian
CA-89,289435,0.70071808,0.27848619,0.48152287,0.51847713,0.08368569,0.24622775,0.00358073,0.18201172,0.02583116,236265,0.42223189,Minority
CA-90,289232,0.62588788,0.35492499,0.61705468,0.38294532,0.03150639,0.18801383,0.00325684,0.15697805,0.01723793,240110,0.27096289,White
CA-91,289168,0.73031142,0.25186537,0.64377638,0.35622362,0.07190477,0.17494631,0.00349926,0.09749828,0.01922519,241194,0.47844605,White
CA-92,288872,0.63362686,0.34737,0.5198637,0.4801363,0.0582004,0.2039655,0.0045533,0.2087914,0.01776595,234775,0.28625686,White
CA-93,289025,0.69289972,0.28617315,0.27362256,0.72637744,0.05851118,0.50674111,0.00362084,0.15810852,0.03431638,226743,0.40672657,Hispanic
CA-94,288817,0.73303551,0.24489478,0.23086109,0.76913891,0.05003298,0.60753436,0.00350694,0.10914746,0.03597847,224412,0.48814073,Hispanic
CA-95,288721,0.75039339,0.22617776,0.10687401,0.89312599,0.03892894,0.77006983,0.00252591,0.08359115,0.04294041,220119,0.52421563,Hispanic
CA-96,289018,0.68645277,0.29074522,0.18187999,0.81812001,0.09052987,0.50997017,0.01609352,0.21050531,0.03443284,227980,0.39570755,Hispanic
CA-97,288887,0.75919345,0.2196778,0.64855487,0.35144513,0.05142603,0.14423859,0.0053248,0.13619951,0.01958929,240948,0.53951565,White
CA-98,289401,0.60407254,0.37269462,0.48027115,0.51972885,0.03989421,0.15742849,0.00786586,0.30738484,0.01874026,233668,0.23137792,Minority
CA-99,288092,0.74830727,0.22649524,0.31305783,0.68694217,0.14115871,0.38364788,0.01268021,0.1520299,0.03475189,233829,0.52181203,Hispanic
CA-100,288738,0.6272716,0.35126464,0.29987112,0.70012888,0.08431601,0.30119938,0.01113459,0.30459236,0.02812141,228118,0.27600696,Asian
CA-101,289333,0.58280875,0.40135779,0.16275612,0.83724388,0.040047,0.25524196,0.00479436,0.54261297,0.0178357,234025,0.18145096,Asian
CA-102,288046,0.50467509,0.47411905,0.39970551,0.60029449,0.0255617,0.29033318,0.00505274,0.27405749,0.02421196,228193,0.03055604,Minority
CA-103,289102,0.49037172,0.48870201,0.50624252,0.49375748,0.02341766,0.23218569,0.00537203,0.22440612,0.02162845,228033,0.00166970999999999,White
CA-104,288272,0.49586616,0.48344895,0.49642974,0.50357026,0.02851457,0.20701445,0.00919978,0.25100589,0.02461189,231636,0.01241721,Minority
CA-105,288150,0.47265792,0.51067245,0.22310238,0.77689762,0.01519213,0.2451299,0.00772752,0.50707242,0.01918734,232028,-0.03801453,Asian
CA-106,288821,0.49408875,0.48365064,0.63842799,0.36157201,0.01812435,0.19350831,0.00713137,0.12828079,0.02258199,238243,0.01043811,White
CA-107,288550,0.59511605,0.38439007,0.16526912,0.83473088,0.03284622,0.50874184,0.00847557,0.28502378,0.03251225,221578,0.21072598,Hispanic
CA-108,288064,0.62250801,0.35412344,0.25764292,0.74235708,0.02956116,0.55918296,0.0064404,0.14553326,0.03762289,222657,0.26838457,Hispanic
CA-109,288691,0.70194061,0.27681786,0.10774142,0.89225858,0.01796774,0.75689414,0.00462784,0.11457632,0.05891673,215219,0.42512275,Hispanic
CA-110,288451,0.50382395,0.47571669,0.58924769,0.41075231,0.02312034,0.19247914,0.00535623,0.17849539,0.02142051,225905,0.02810726,White
CA-111,287701,0.50968838,0.47140969,0.68270271,0.31729729,0.01789095,0.17068209,0.00473559,0.10867493,0.02096396,233973,0.0382786900000001,White
CA-112,287824,0.64196495,0.33760773,0.36369117,0.63630883,0.03239706,0.11780952,0.00457495,0.47830886,0.01047984,225576,0.30435722,Asian
CA-113,289082,0.62232228,0.35429117,0.20527513,0.79472487,0.06267552,0.60845125,0.00472433,0.11976609,0.03969706,220772,0.26803111,Hispanic
CA-114,287854,0.61660918,0.36278927,0.16461092,0.83538908,0.07610424,0.61523444,0.00577089,0.1414911,0.03906452,220763,0.25381991,Hispanic
CA-115,288875,0.60337584,0.37476544,0.21979199,0.78020801,0.09818244,0.59063568,0.00549364,0.08665978,0.03845545,214794,0.2286104,Hispanic
CA-116,288597,0.60810905,0.37123993,0.2006899,0.7993101,0.13378851,0.55046985,0.0052718,0.11210658,0.03703105,210175,0.23686912,Hispanic
CA-117,288928,0.5914835,0.38549441,0.24303942,0.75696058,0.06904566,0.5737308,0.0056018,0.10567495,0.03560152,216002,0.20598909,Hispanic
CA-118,288724,0.55673727,0.41825595,0.27765077,0.72234923,0.10710714,0.53212547,0.00661561,0.07465303,0.0389316,209958,0.13848132,Hispanic
CA-119,288252,0.50658089,0.47257649,0.3494695,0.6505305,0.07909612,0.39617138,0.00729153,0.16539347,0.03128358,221490,0.0340043999999999,Hispanic
CA-120,287990,0.46228024,0.51917468,0.41139282,0.58860718,0.07233904,0.41151842,0.00766189,0.08840249,0.03750465,214960,-0.05689444,Hispanic
CA-121,288607,0.61802181,0.35821382,0.26159613,0.73840387,0.08405881,0.55969937,0.00659563,0.08458518,0.04132224,218478,0.25980799,Hispanic
CA-122,288688,0.68076957,0.2989536,0.1331678,0.8668322,0.15235345,0.64821436,0.00741474,0.06299604,0.03852739,204997,0.38181597,Hispanic
CA-123,288227,0.53532803,0.4463037,0.50646847,0.49353153,0.06997944,0.34961039,0.00514918,0.05294346,0.03844457,226638,0.0890243299999999,White
CA-124,288654,0.41701293,0.56410819,0.48828544,0.51171456,0.07813297,0.29820759,0.01061215,0.11813803,0.03375573,213623,-0.14709526,Minority
CA-125,289133,0.42310724,0.55491577,0.56630818,0.43369182,0.03974574,0.26096508,0.00819314,0.10072613,0.04698452,222137,-0.13180853,White
CA-126,288133,0.59285714,0.39172059,0.43942052,0.56057948,0.04219777,0.45305051,0.00330478,0.0511887,0.03511547,226339,0.20113655,Hispanic
CA-127,287821,0.37800219,0.59982228,0.67149057,0.32850943,0.03484644,0.20156818,0.00893487,0.05900765,0.03607884,223954,-0.22182009,White
CA-128,288357,0.55483783,0.41722759,0.45818528,0.54181472,0.05698881,0.37540228,0.01654514,0.08764559,0.03770599,226834,0.13761024,Minority
CA-129,287822,0.59542465,0.38330848,0.65632553,0.34367447,0.0232553,0.19867113,0.00644816,0.10197101,0.02391081,224250,0.21211617,White
CA-130,289094,0.56500115,0.41174321,0.48792183,0.51207817,0.03164548,0.31039651,0.00617605,0.15563293,0.02605353,220853,0.15325794,Minority
CA-131,289432,0.62117255,0.35616073,0.4923026,0.5076974,0.03169801,0.11049324,0.00789804,0.35378035,0.01331775,226765,0.26501182,Minority
CA-132,288679,0.68064633,0.29497654,0.48913111,0.51086889,0.05724572,0.19699275,0.00960488,0.24043121,0.02302448,242481,0.38566979,Minority
CA-133,289176,0.61669375,0.35933892,0.56741711,0.43258289,0.08376449,0.22637255,0.01112111,0.10571394,0.02773942,228844,0.25735483,White
CA-134,288703,0.71957296,0.25533493,0.65983232,0.34016768,0.05839172,0.17612375,0.00692356,0.08188617,0.02250649,254060,0.46423803,White
CA-135,288174,0.72893131,0.24841655,0.16607124,0.83392876,0.14983651,0.50634943,0.01060761,0.17579374,0.03484047,218051,0.48051476,Hispanic
CA-136,288262,0.62901309,0.35063503,0.20603519,0.79396481,0.07711929,0.53271543,0.01243787,0.18480278,0.03267254,221501,0.27837806,Hispanic
CA-137,287596,0.65830962,0.32056478,0.14644972,0.85355028,0.06524893,0.62340915,0.01013128,0.17013347,0.03137915,219222,0.33774484,Hispanic
CO-1,289064,0.81533176,0.16166578,0.49036663,0.50963337,0.08802473,0.35656073,0.00299371,0.04723602,0.0428759,226141,0.65366598,Minority
CO-2,288460,0.80855836,0.16892961,0.74098238,0.25901762,0.07459909,0.11604304,0.0025905,0.04798434,0.02444531,249373,0.63962875,White
CO-3,289147,0.6564389,0.31622576,0.45660133,0.54339867,0.18707918,0.26422532,0.00681021,0.07499841,0.03498899,220698,0.34021314,Minority
CO-4,288333,0.60211452,0.37365905,0.67608702,0.32391298,0.09197512,0.11260126,0.00372613,0.10092057,0.02290474,218994,0.22845547,White
CO-5,289469,0.55083871,0.42275806,0.77292772,0.22707228,0.0232191,0.12833348,0.00247021,0.04776029,0.02844655,229940,0.12808065,White
CO-6,288930,0.43470607,0.54010692,0.80048528,0.19951472,0.02274349,0.08457235,0.00320549,0.06715101,0.02212867,213072,-0.10540085,White
CO-7,289251,0.58715548,0.38496048,0.77895509,0.22104491,0.01785845,0.13127223,0.00207626,0.04314254,0.02905054,233111,0.202195,White
CO-8,288844,0.69752009,0.27565183,0.31122998,0.68877002,0.10545018,0.51086988,0.00557307,0.0555926,0.04474178,209938,0.42186826,Hispanic
CO-9,289289,0.52988748,0.44128438,0.61448062,0.38551938,0.02882319,0.26996434,0.00313356,0.06149776,0.03857356,217325,0.0886031,White
CO-10,289067,0.60451229,0.36755683,0.75515238,0.24484762,0.01986347,0.14658254,0.00266082,0.04926622,0.03178758,231883,0.23695546,White
CO-11,288049,0.78806365,0.19071046,0.78662885,0.21337115,0.0167012,0.10322986,0.00216513,0.06656704,0.02055597,235552,0.59735319,White
CO-12,287816,0.56616752,0.40911938,0.77414965,0.22585035,0.01071718,0.17029286,0.00246883,0.0161303,0.02676024,229258,0.15704814,White
CO-13,288235,0.3682998,0.60917326,0.79383707,0.20616293,0.00998578,0.12841553,0.00279934,0.01464844,0.04995954,228625,-0.24087346,White
CO-14,288599,0.50018743,0.47439117,0.59756301,0.40243699,0.02196626,0.33027467,0.00253086,0.0143079,0.05456037,227986,0.02579626,White
CO-15,287987,0.29416427,0.67728763,0.79296502,0.20703498,0.04073023,0.10003597,0.00452953,0.02675086,0.0330478,225189,-0.38312336,White
CO-16,288902,0.52275429,0.4393887,0.66734984,0.33265016,0.08257,0.18107251,0.0063782,0.04141932,0.03871552,230786,0.0833655899999999,White
CO-17,287991,0.40503308,0.55547299,0.68438356,0.31561644,0.07983154,0.14678929,0.00933291,0.06119855,0.03378138,213224,-0.15043991,White
CO-18,288135,0.29691487,0.67926648,0.70626603,0.29373397,0.01923538,0.23204698,0.00244017,0.01441962,0.03436537,216788,-0.38235161,White
CO-19,289322,0.59386003,0.37580279,0.80780953,0.19219047,0.01811096,0.10691998,0.0027446,0.03694329,0.0266521,234278,0.21805724,White
CO-20,288824,0.47671307,0.49369915,0.67121404,0.32878596,0.02051836,0.25126141,0.00256652,0.02910563,0.03406849,217415,-0.01698608,White
CT-1,277229,0.45748773,0.52631742,0.8541553,0.1458447,0.03265398,0.06541003,0.00106939,0.02340668,0.0149359,225363,-0.0688296900000001,White
CT-2,276733,0.55538632,0.42706847,0.80064484,0.19935516,0.05611676,0.0756427,0.00093024,0.05211584,0.01361939,221449,0.12831785,White
CT-3,276924,0.56700005,0.41939397,0.5509886,0.4490114,0.15550671,0.26154377,0.00218393,0.03365486,0.01545081,214293,0.14760608,White
CT-4,278360,0.56912557,0.41578113,0.72144218,0.27855782,0.07930194,0.13382646,0.00126678,0.05827169,0.01455464,225770,0.15334444,White
CT-5,276582,0.79082894,0.19703159,0.34556654,0.65443346,0.33693863,0.2698644,0.00217421,0.05579407,0.01689267,217550,0.59379735,Minority
CT-6,277175,0.59314088,0.38691828,0.76141467,0.23858533,0.06584022,0.07192685,0.00108594,0.08563742,0.01474288,223769,0.2062226,White
CT-7,277043,0.51884413,0.45862939,0.79095144,0.20904856,0.05245136,0.09051712,0.00253201,0.0387731,0.02855495,221958,0.0602147399999999,White
CT-8,277878,0.57574348,0.40749336,0.83356329,0.16643671,0.04296921,0.07105031,0.00163817,0.03549231,0.01521224,228303,0.16825012,White
CT-9,277967,0.52461024,0.46119422,0.80599954,0.19400046,0.04656029,0.08223843,0.00064281,0.04631867,0.00966948,219350,0.06341602,White
CT-10,277566,0.60668678,0.37873036,0.68488205,0.31511795,0.05270019,0.15948852,0.00116757,0.07216442,0.010616,213263,0.22795642,White
CT-11,278141,0.72251032,0.266812,0.45747093,0.54252907,0.26854373,0.20946402,0.00168122,0.06854999,0.01903893,223647,0.45569832,Minority
CT-12,277820,0.65556125,0.33293214,0.44454761,0.55545239,0.24365935,0.26048694,0.00195308,0.04289916,0.01593567,218629,0.32262911,Minority
CT-13,276526,0.68602464,0.3003882,0.59875951,0.40124049,0.11079149,0.21297647,0.00114877,0.07073276,0.01299778,215883,0.38563644,White
DE-1,330197,0.65000656,0.33372874,0.6715893,0.3284107,0.1527292,0.08384603,0.00101602,0.08092544,0.0152403,266727,0.31627782,White
DE-2,330071,0.69335791,0.29290391,0.44143655,0.55856345,0.40915409,0.09889475,0.00163551,0.04446363,0.02143584,252521,0.400454,Minority
DE-3,329680,0.43467677,0.5528799,0.75152008,0.24847992,0.12977922,0.07782591,0.0014113,0.01916419,0.02326567,264295,-0.11820313,White
FL-1,287288,0.43701611,0.54322903,0.6472329,0.3527671,0.21450514,0.06112625,0.00340553,0.04733948,0.02899034,230801,-0.10621292,White
FL-2,287786,0.25929108,0.72032948,0.77973712,0.22026288,0.09341885,0.0550612,0.00392068,0.03143322,0.03562492,221390,-0.4610384,White
FL-3,287653,0.26456381,0.71853341,0.75542477,0.24457523,0.10043503,0.07567492,0.00339432,0.0376752,0.03053134,228028,-0.4539696,White
FL-4,287122,0.27347195,0.712869,0.75617898,0.24382102,0.12940202,0.05962863,0.00232809,0.02353237,0.02959755,230661,-0.43939705,White
FL-5,287156,0.66980064,0.31579533,0.504689,0.495311,0.36291074,0.08225828,0.00161956,0.03901984,0.01696888,232779,0.35400531,White
FL-6,287083,0.61318359,0.37040614,0.61350561,0.38649439,0.18110612,0.11352266,0.00158955,0.0760511,0.01738274,234658,0.24277745,White
FL-7,287042,0.31132316,0.67820932,0.72113535,0.27886465,0.18123479,0.06076885,0.00142753,0.01517135,0.01985804,227666,-0.36688616,White
FL-8,287456,0.34507123,0.64025639,0.76185009,0.23814991,0.09784939,0.07115489,0.00300085,0.0469437,0.02092765,229935,-0.29518516,White
FL-9,287082,0.60313574,0.38143489,0.41693059,0.58306941,0.44169716,0.08834855,0.00261109,0.04272063,0.01992718,219449,0.22170085,Black
FL-10,286944,0.59913625,0.38466267,0.41925925,0.58074075,0.39597277,0.11531846,0.00291415,0.06207502,0.01821123,224422,0.21447358,Minority
FL-11,287573,0.4123566,0.57242996,0.68469963,0.31530037,0.11524084,0.10844291,0.00230245,0.07181377,0.01671248,228452,-0.16007336,White
FL-12,287803,0.37229334,0.61570124,0.78806768,0.21193232,0.07190075,0.08078204,0.00178853,0.03752411,0.01802998,228120,-0.2434079,White
FL-13,287002,0.30164226,0.68440037,0.72036657,0.27963343,0.13281897,0.08745931,0.00322381,0.03482797,0.02572705,220857,-0.38275811,White
FL-14,287728,0.6042956,0.38108528,0.68233149,0.31766851,0.1842014,0.07727601,0.00149267,0.03901321,0.01590137,245199,0.22321032,White
FL-15,286375,0.43128378,0.55637784,0.77517844,0.22482156,0.05617223,0.09194307,0.00201444,0.05307182,0.01965531,241258,-0.12509406,White
FL-16,287936,0.46607267,0.52032609,0.75614581,0.24385419,0.07670465,0.11366812,0.00191226,0.03382307,0.01917616,242645,-0.0542534199999999,White
FL-17,287247,0.54189298,0.44409542,0.48098675,0.51901325,0.20673682,0.2663983,0.00252665,0.04503591,0.01980113,220846,0.09779756,Minority
FL-18,288069,0.61891549,0.36560744,0.48252697,0.51747303,0.24501067,0.2305585,0.00220294,0.03989286,0.01688194,229239,0.25330805,Minority
FL-19,286530,0.58704779,0.39690573,0.44640593,0.55359407,0.23011412,0.2259998,0.0024641,0.09501156,0.01884493,222394,0.19014206,Minority
FL-20,287195,0.51533342,0.47106447,0.41217794,0.58782206,0.10209932,0.43113274,0.00190106,0.0560276,0.01596804,233028,0.04426895,Hispanic
FL-21,287319,0.3748661,0.6119181,0.65397396,0.34602604,0.08792691,0.2085446,0.00184256,0.03335627,0.02469125,220888,-0.237052,White
FL-22,286872,0.42389507,0.5636376,0.74556376,0.25443624,0.05142355,0.12666095,0.00179359,0.05938814,0.01520997,225247,-0.13974253,White
FL-23,287190,0.37249783,0.61414401,0.77334031,0.22665969,0.05043644,0.12859569,0.00156191,0.02531398,0.02264554,234969,-0.24164618,White
FL-24,286336,0.27804274,0.71222951,0.83580843,0.16419157,0.05911013,0.06371937,0.00146126,0.01550608,0.02204836,239519,-0.43418677,White
FL-25,286494,0.3837422,0.60436989,0.69464632,0.30535368,0.092698,0.16160186,0.00158893,0.03284087,0.02134656,225938,-0.22062769,White
FL-26,288086,0.397137,0.59232266,0.66694336,0.33305664,0.14429174,0.14829236,0.00181418,0.02364856,0.02024269,233714,-0.19518566,White
FL-27,287767,0.30519789,0.6881376,0.8551661,0.1448339,0.04925839,0.06330413,0.00104989,0.01238636,0.01658199,254312,-0.38293971,White
FL-28,287286,0.42763293,0.56266312,0.65010735,0.34989265,0.12550333,0.17198238,0.0021168,0.03300223,0.02053856,231954,-0.13503019,White
FL-29,287177,0.44176929,0.54735118,0.69154732,0.30845268,0.09649954,0.17237551,0.00133648,0.02267312,0.01743397,234198,-0.10558189,White
FL-30,287277,0.4786499,0.51088869,0.82132789,0.17867211,0.04286124,0.09299344,0.00100344,0.02395913,0.01312436,251136,-0.03223879,White
FL-31,286691,0.41159,0.57643535,0.7366641,0.2633359,0.10224971,0.11428656,0.00139017,0.02497648,0.01967009,235942,-0.16484535,White
FL-32,286779,0.44021389,0.54788451,0.68731071,0.31268929,0.12002565,0.15262416,0.00178853,0.02522082,0.02117554,237066,-0.10767062,White
FL-33,287436,0.38167277,0.60474916,0.7788741,0.2211259,0.09147969,0.07577972,0.00252163,0.028325,0.02255947,236752,-0.22307639,White
FL-34,286720,0.43332979,0.55141071,0.7066826,0.2933174,0.11095243,0.11899502,0.00232562,0.04313834,0.02067171,231766,-0.11808092,White
FL-35,287416,0.38226461,0.60771421,0.76736065,0.23263935,0.08216936,0.11332454,0.00135224,0.01804502,0.01632173,242560,-0.2254496,White
FL-36,286192,0.50734492,0.4842531,0.54493199,0.45506801,0.22128514,0.19345332,0.00194557,0.02531455,0.01747023,225641,0.02309182,White
FL-37,288095,0.51038017,0.47518305,0.58579847,0.41420153,0.13342272,0.20601166,0.00232965,0.06512782,0.01858377,224497,0.03519712,White
FL-38,287920,0.52802082,0.45738831,0.61574803,0.38425197,0.12485816,0.19395534,0.00189408,0.05667566,0.01736598,231775,0.0706325099999999,White
FL-39,287223,0.70517765,0.2841072,0.24535397,0.75464603,0.50376267,0.21334463,0.00266281,0.0361448,0.01707906,215937,0.42107045,Black
FL-40,286707,0.5463504,0.44111891,0.50449098,0.49550902,0.14137075,0.21215251,0.00259775,0.09400544,0.01556813,217881,0.10523149,White
FL-41,287724,0.58379015,0.39987093,0.53516773,0.46483227,0.11656455,0.2720147,0.0028099,0.06999576,0.01935473,238443,0.18391922,White
FL-42,286874,0.61023487,0.37626763,0.29095926,0.70904074,0.12731705,0.52671261,0.00285454,0.06759824,0.01876294,220701,0.23396724,Hispanic
FL-43,287654,0.63650365,0.35109074,0.28944248,0.71055752,0.14487281,0.49265316,0.0034104,0.06438742,0.01797035,224314,0.28541291,Hispanic
FL-44,287135,0.55683367,0.43180559,0.29118524,0.70881476,0.15119534,0.53904006,0.00323498,0.03469004,0.02085991,217930,0.12502808,Hispanic
FL-45,286228,0.53894752,0.44968372,0.4620129,0.5379871,0.21246476,0.29937825,0.00199718,0.02232595,0.02114662,221312,0.0892638,Minority
FL-46,286814,0.34875994,0.63684051,0.68208915,0.31791085,0.1015322,0.17150291,0.00156456,0.02708057,0.02185061,225623,-0.28808057,White
FL-47,287135,0.3281697,0.66159524,0.65909663,0.34090337,0.10957252,0.19921567,0.00160077,0.01812037,0.01976886,230514,-0.33342554,White
FL-48,286883,0.36755016,0.62305736,0.82129483,0.17870517,0.04559563,0.08886762,0.00119767,0.02463648,0.0144985,237128,-0.2555072,White
FL-49,286414,0.38595667,0.60518511,0.80016391,0.19983609,0.04075891,0.11921811,0.00119979,0.02344651,0.0159225,236709,-0.21922844,White
FL-50,287471,0.36297719,0.62855851,0.81596065,0.18403935,0.04931652,0.09918852,0.00113108,0.01680916,0.01573041,248436,-0.26558132,White
FL-51,287302,0.45850819,0.53304023,0.52440667,0.47559333,0.15861763,0.28180789,0.00124417,0.02341089,0.01772712,223443,-0.07453204,White
FL-52,287681,0.38046453,0.61215703,0.78277366,0.21722634,0.03329077,0.14605101,0.00128104,0.02209185,0.01280634,245113,-0.2316925,White
FL-53,287319,0.37311419,0.61940917,0.76483516,0.23516484,0.03398296,0.16925505,0.00093902,0.01977212,0.01049926,247065,-0.24629498,White
FL-54,286870,0.35719765,0.63508893,0.42136249,0.57863751,0.07025143,0.48998956,0.00082937,0.01383285,0.01291323,232707,-0.27789128,Hispanic
FL-55,286936,0.50887334,0.48346472,0.61645321,0.38354679,0.14640484,0.17844132,0.00136942,0.04492306,0.01132403,227834,0.0254086199999999,White
FL-56,287098,0.64705069,0.34378119,0.40126535,0.59873465,0.33421691,0.22830992,0.0019541,0.03551118,0.01435782,228238,0.3032695,Minority
FL-57,287666,0.59252748,0.39783056,0.36852404,0.63147596,0.18306096,0.41984589,0.00213222,0.02843866,0.02538427,222303,0.19469692,Hispanic
FL-58,287062,0.56069495,0.43116722,0.65599643,0.34400357,0.16252982,0.12999084,0.00118864,0.03222119,0.00936466,242294,0.12952773,White
FL-59,287482,0.58396993,0.40962081,0.6703299,0.3296701,0.09500357,0.15517263,0.00117747,0.04963093,0.00807769,236949,0.17434912,White
FL-60,287662,0.71308892,0.27914324,0.31270674,0.68729326,0.48519429,0.1627322,0.00154544,0.01856747,0.01213772,225825,0.43394568,Black
FL-61,287149,0.62483946,0.36727004,0.43266327,0.56733673,0.21722808,0.26618021,0.00186632,0.04949216,0.01071841,231471,0.25756942,Minority
FL-62,287013,0.76361505,0.22898847,0.22597783,0.77402217,0.49254629,0.24437544,0.00234449,0.04294397,0.00991321,226062,0.53462658,Black
FL-63,286824,0.58638723,0.40572526,0.57319688,0.42680312,0.12560063,0.25977231,0.00179881,0.0299761,0.01330628,243494,0.18066197,White
FL-64,287061,0.5595638,0.43203137,0.43130803,0.56869197,0.10031101,0.38906067,0.00192914,0.07254575,0.01158388,221860,0.12753243,Minority
FL-65,287236,0.63242339,0.36002168,0.30178648,0.69821352,0.25901722,0.40578146,0.00157502,0.03441119,0.01340074,229838,0.27240171,Hispanic
FL-66,286947,0.62014313,0.3728656,0.14355776,0.85644224,0.23115263,0.57806134,0.00135813,0.0644046,0.00869469,225310,0.24727753,Hispanic
FL-67,286764,0.78322899,0.21035935,0.05315473,0.94684527,0.52211073,0.44123951,0.0011953,0.0122046,0.00783683,222539,0.57286964,Black
FL-68,287711,0.76289294,0.22860733,0.16749933,0.83250067,0.44892639,0.37073625,0.00134908,0.02514514,0.00997885,229786,0.53428561,Black
FL-69,287836,0.60944123,0.3820647,0.28327493,0.71672507,0.09169422,0.59641136,0.00112685,0.02857425,0.01109576,243156,0.22737653,Hispanic
FL-70,286253,0.58000978,0.41185692,0.19728377,0.80271623,0.18024105,0.59953875,0.00114637,0.03313238,0.01000265,222441,0.16815286,Hispanic
FL-71,286516,0.32810554,0.66664901,0.03640423,0.96359577,0.02823699,0.94645128,0.0006841,0.00810009,0.00441518,238269,-0.33854347,Hispanic
FL-72,286849,0.44550237,0.54763569,0.06280146,0.93719854,0.03730065,0.89966292,0.00066646,0.0166787,0.00886056,234071,-0.10213332,Hispanic
FL-73,287954,0.40936358,0.58359889,0.10871383,0.89128617,0.03376717,0.84189575,0.00074456,0.02487823,0.00704627,240411,-0.17423531,Hispanic
FL-74,286655,0.45405648,0.5393688,0.0866748,0.9133252,0.05195887,0.84225282,0.00069007,0.03021965,0.00773394,230413,-0.08531232,Hispanic
FL-75,286945,0.49545086,0.49534834,0.3007215,0.6992785,0.14098667,0.54691956,0.00135001,0.01841289,0.01756801,223702,0.000102519999999995,Hispanic
GA-1,290437,0.59163831,0.39385331,0.50345138,0.49654862,0.36686414,0.07063857,0.0024727,0.04583366,0.01691047,230922,0.197785,White
GA-2,289727,0.56176397,0.42713818,0.44387258,0.55612742,0.44787863,0.06714632,0.0040824,0.03052595,0.01837755,222663,0.13462579,Black
GA-3,288754,0.52149478,0.47173979,0.42359939,0.57640061,0.5154787,0.04151399,0.00110419,0.0109395,0.01270264,224599,0.0497549900000001,Black
GA-4,289746,0.55597909,0.4338457,0.45581172,0.54418828,0.47705643,0.03752179,0.00120077,0.01979934,0.01392002,224856,0.12213339,Black
GA-5,289570,0.6108856,0.37845405,0.40320451,0.59679549,0.52042136,0.04522822,0.00257371,0.02236604,0.01535367,225744,0.23243155,Black
GA-6,290134,0.33638393,0.64975687,0.68207008,0.31792992,0.20925204,0.05153398,0.00243929,0.03869705,0.0209679,220146,-0.31337294,White
GA-7,289188,0.39672732,0.58854163,0.61430869,0.38569131,0.27080766,0.07206113,0.00445772,0.02470759,0.02288419,218273,-0.19181431,White
GA-8,290345,0.30265666,0.68559606,0.65712966,0.34287034,0.26050774,0.05334356,0.00142584,0.01332132,0.01753159,223026,-0.3829394,White
GA-9,290131,0.35948778,0.62971213,0.59959532,0.40040468,0.31691547,0.04598921,0.00135342,0.02598471,0.0153732,222400,-0.27022435,White
GA-10,289000,0.34652732,0.64385385,0.60138588,0.39861412,0.30355429,0.06290395,0.00165922,0.01704468,0.01777601,218778,-0.29732653,White
GA-11,289100,0.22794332,0.7640976,0.69107061,0.30892939,0.20386864,0.07971134,0.00120581,0.01029963,0.01788161,218940,-0.53615428,White
GA-12,289190,0.43099293,0.55508728,0.68561218,0.31438782,0.18937297,0.06759736,0.00121032,0.03758588,0.01824279,227213,-0.12409435,White
GA-13,289284,0.29775824,0.6929586,0.68275681,0.31724319,0.25588488,0.02893203,0.00094691,0.01320346,0.01864044,224941,-0.39520036,White
GA-14,288916,0.2950405,0.69123113,0.71710484,0.28289516,0.17751888,0.06264597,0.00109052,0.0207381,0.02295095,220078,-0.39619063,White
GA-15,288687,0.22593827,0.76068081,0.82744892,0.17255108,0.08209797,0.04942196,0.00106557,0.01251934,0.02657684,224293,-0.53474254,White
GA-16,290269,0.20589769,0.7833931,0.77288966,0.22711034,0.02785438,0.16232272,0.00068494,0.01136649,0.03324887,223376,-0.57749541,White
GA-17,290005,0.31009983,0.6767362,0.69919679,0.30080321,0.18370307,0.07830232,0.00131635,0.0156346,0.02534791,216507,-0.36663637,White
GA-18,289978,0.28497807,0.69833232,0.77671297,0.22328703,0.07227775,0.09814267,0.00129528,0.02621818,0.02508141,220801,-0.41335425,White
GA-19,289687,0.31976344,0.66505051,0.67560291,0.32439709,0.0514741,0.10355857,0.00096523,0.14850319,0.01822105,211349,-0.34528707,White
GA-20,290146,0.22748249,0.75962007,0.75496298,0.24503702,0.05060983,0.15134938,0.00099105,0.01763195,0.0277363,227031,-0.53213758,White
GA-21,290214,0.20836133,0.77817056,0.78448217,0.21551783,0.08381776,0.08131546,0.00123308,0.02645474,0.02405182,221397,-0.56980923,White
GA-22,289831,0.59223859,0.39800709,0.39933692,0.60066308,0.49325751,0.06358508,0.00138179,0.03483658,0.01835088,219281,0.1942315,Black
GA-23,289414,0.85068708,0.13987083,0.10475942,0.89524058,0.71870961,0.12616955,0.00134863,0.05391267,0.0176349,214291,0.71081625,Black
GA-24,289175,0.64177853,0.34821706,0.33942037,0.66057963,0.58065403,0.05757795,0.00157139,0.01480681,0.01626825,218278,0.29356147,Black
GA-25,288660,0.6925224,0.29676449,0.29493794,0.70506206,0.61517022,0.05497699,0.00100356,0.03023917,0.01424603,219219,0.39575791,Black
GA-26,289558,0.68200687,0.3061317,0.32846531,0.67153469,0.51203768,0.12641404,0.00160227,0.02545268,0.02110497,217816,0.37587517,Black
GA-27,288864,0.63534718,0.34780709,0.44178617,0.55821383,0.3034927,0.16214393,0.0013405,0.0732444,0.02025548,229765,0.28754009,Minority
GA-28,289070,0.45059117,0.53142438,0.67163963,0.32836037,0.16503411,0.08280396,0.00135996,0.05961686,0.01951837,221330,-0.08083321,White
GA-29,289961,0.84336658,0.14545844,0.25421633,0.74578367,0.6571991,0.05062587,0.00147641,0.0375008,0.0128897,233675,0.69790814,Black
GA-30,288947,0.75263957,0.23459969,0.53336819,0.46663181,0.28482972,0.08728839,0.00139154,0.08595448,0.01396894,242896,0.51803988,White
GA-31,288549,0.51657612,0.46894657,0.62553867,0.37446133,0.13759583,0.09771377,0.00128374,0.12134724,0.01540485,220450,0.04762955,White
GA-32,290486,0.91041276,0.07896676,0.25684225,0.74315775,0.63751838,0.04099392,0.00120973,0.06164762,0.01323638,226497,0.831446,Black
GA-33,288600,0.68027206,0.30519351,0.5007455,0.4992545,0.19423419,0.17841199,0.00135068,0.11796925,0.02116351,228034,0.37507855,White
GA-34,289517,0.78048162,0.20978031,0.20706589,0.79293411,0.66869736,0.08295885,0.00139909,0.04227858,0.01662235,215854,0.57070131,Black
GA-35,290211,0.69116687,0.29640425,0.18180674,0.81819326,0.26568992,0.37006244,0.00182791,0.18508018,0.02664453,214453,0.39476262,Hispanic
GA-36,289160,0.54451774,0.44102992,0.43435072,0.56564928,0.26800136,0.15440975,0.00144299,0.1364561,0.01972713,214831,0.10348782,Minority
GA-37,289397,0.50284557,0.48296104,0.50270263,0.49729737,0.16196346,0.10958473,0.00154898,0.21615936,0.01482399,216271,0.01988453,White
HI-1,290652,0.69402633,0.28949694,0.20490048,0.79509952,0.02259985,0.05355878,0.15111097,0.65858556,0.01801754,247037,0.40452939,Asian
HI-2,291305,0.620412,0.36293747,0.14161803,0.85838197,0.03786302,0.07298398,0.18509988,0.69217666,0.01865122,230119,0.25747453,Asian
HI-3,291377,0.52288233,0.45715424,0.15047381,0.84952619,0.04455222,0.10382743,0.28482396,0.59561732,0.02448205,219181,0.06572809,Asian
HI-4,291128,0.63507086,0.34328026,0.31195562,0.68804438,0.01805355,0.0861486,0.27399205,0.4603678,0.02681606,228930,0.2917906,Asian
HI-5,290809,0.67153764,0.30382064,0.38163702,0.61836298,0.01643268,0.08932613,0.25742939,0.38431221,0.03417043,230638,0.367717,Asian
IA-1,290282,0.55492324,0.42491074,0.83058631,0.16941369,0.05301633,0.05226476,0.00235521,0.0436217,0.01409632,228854,0.1300125,White
IA-2,290497,0.51360525,0.46242965,0.86222039,0.13777961,0.05864367,0.03200011,0.00228989,0.02299769,0.01888038,222718,0.0511756,White
IA-3,290216,0.4754961,0.50271083,0.82242507,0.17757493,0.06417249,0.06892102,0.00092182,0.02412933,0.0189761,222385,-0.0272147300000001,White
IA-4,291010,0.41977655,0.5621904,0.92317436,0.07682564,0.02398753,0.02445257,0.00351221,0.01004057,0.01178117,225784,-0.14241385,White
IA-5,289115,0.53276487,0.44492339,0.82383118,0.17616882,0.05661049,0.05351584,0.00135998,0.04675292,0.01370623,216179,0.08784148,White
IA-6,289103,0.53519593,0.44326687,0.7748483,0.2251517,0.06878588,0.08845651,0.00136255,0.04712594,0.01870322,220176,0.09192906,White
IA-7,290684,0.48697779,0.48948778,0.83891054,0.16108946,0.02649712,0.06425851,0.00670779,0.05246865,0.01362047,224515,-0.00250998999999996,White
IA-8,290670,0.32891522,0.65468434,0.90023401,0.09976599,0.01978203,0.04600949,0.00329849,0.01443758,0.01338118,224345,-0.32576912,White
IA-9,289496,0.33192623,0.64952163,0.90138448,0.09861552,0.01778438,0.04806285,0.00123365,0.00905428,0.01856779,222105,-0.3175954,White
IA-10,289455,0.30134847,0.68169252,0.85028505,0.14971495,0.02506324,0.08562473,0.00317587,0.01692422,0.01908271,218208,-0.38034405,White
IA-11,289841,0.44223912,0.53928337,0.8698462,0.1301538,0.05366626,0.04009625,0.00344254,0.01781759,0.01324088,224834,-0.0970442500000001,White
ID-1,307315,0.30246074,0.66988308,0.88619792,0.11380208,0.00651402,0.03945826,0.00339211,0.01750513,0.03650263,240558,-0.36742234,White
ID-2,307018,0.25252769,0.71967977,0.83741142,0.16258858,0.01068109,0.09351581,0.00409506,0.01719499,0.03415659,235650,-0.46715208,White
ID-3,306075,0.28366823,0.68253153,0.82087217,0.17912783,0.00894258,0.11116787,0.00347486,0.0166425,0.04116903,217275,-0.3988633,White
ID-4,306489,0.22033582,0.75220881,0.76481435,0.23518565,0.00874489,0.17715753,0.00324488,0.01568206,0.0303789,221272,-0.53187299,White
ID-5,306227,0.3329985,0.63610727,0.75490472,0.24509528,0.01244102,0.17131125,0.0053176,0.02622051,0.03073049,220400,-0.30310877,White
ID-6,305982,0.55502714,0.41183691,0.81651433,0.18348567,0.02214761,0.07900682,0.00538871,0.04656677,0.025928,241245,0.14319023,White
IL-1,291683,0.72235458,0.26446258,0.37340494,0.62659506,0.50258982,0.10503096,0.0010164,0.01217461,0.01689266,225305,0.457892,Black
IL-2,291047,0.63816907,0.34410229,0.47833817,0.52166183,0.1631276,0.24340005,0.00098215,0.10581741,0.02062967,219926,0.29406678,Minority
IL-3,291628,0.52316341,0.45746878,0.67368684,0.32631316,0.08961442,0.16724474,0.00105091,0.05430306,0.01958077,212198,0.06569463,White
IL-4,290555,0.58134735,0.39597331,0.59555576,0.40444424,0.06512875,0.29080455,0.00096674,0.03763401,0.02604692,218260,0.18537404,White
IL-5,290866,0.52205315,0.45601506,0.66221582,0.33778418,0.06342006,0.20851673,0.00121591,0.0512251,0.0258167,222879,0.0660380899999999,White
IL-6,291042,0.45761322,0.52125221,0.78885371,0.21114629,0.0174917,0.14302806,0.00082758,0.02841671,0.02069859,222334,-0.06363899,White
IL-7,291729,0.44978632,0.53438059,0.83044873,0.16955127,0.04267863,0.07476471,0.00051112,0.03867338,0.0110552,226952,-0.08459427,White
IL-8,290595,0.7710593,0.21576879,0.28862118,0.71137882,0.53278259,0.16523679,0.00112001,0.01064902,0.01667466,223213,0.55529051,Black
IL-9,290968,0.92626131,0.06154187,0.09994078,0.90005922,0.73103956,0.13750022,0.00118884,0.03441969,0.01672212,229636,0.86471944,Black
IL-10,290804,0.94893775,0.0399736,0.01520866,0.98479134,0.90088968,0.08310143,0.0011284,0.00536327,0.0131182,222439,0.90896415,Black
IL-11,290885,0.83543961,0.14642925,0.09380337,0.90619663,0.07706593,0.78542299,0.00144184,0.04664738,0.05944193,214310,0.68901036,Hispanic
IL-12,291945,0.71203581,0.27107662,0.22404768,0.77595232,0.0523749,0.7036478,0.00121119,0.02022324,0.05529277,217967,0.44095919,Hispanic
IL-13,291534,0.64671948,0.33847787,0.38155293,0.61844707,0.04694267,0.53305937,0.00140226,0.04143535,0.03748955,226063,0.30824161,Hispanic
IL-14,291091,0.83879552,0.14450156,0.31496361,0.68503639,0.37096648,0.10414359,0.00134262,0.20599731,0.01239658,242809,0.69429396,Black
IL-15,291120,0.88871958,0.09713228,0.22492371,0.77507629,0.57429697,0.17354791,0.00119654,0.02977128,0.01708523,224814,0.7915873,Black
IL-16,290895,0.8365195,0.14215805,0.37642321,0.62357679,0.07235849,0.46256162,0.00225746,0.09107661,0.03585858,233891,0.69436145,Hispanic
IL-17,290294,0.81205271,0.16870125,0.7341865,0.2658135,0.06278954,0.09105421,0.00116696,0.10049137,0.01008114,256221,0.64335146,White
IL-18,291138,0.86215642,0.11993333,0.6199152,0.3800848,0.10409492,0.12956821,0.00144925,0.13645611,0.01641152,251165,0.74222309,White
IL-19,290868,0.56598442,0.4177233,0.69230274,0.30769726,0.02372421,0.1528927,0.00121586,0.12394418,0.01567293,232758,0.14826112,White
IL-20,291751,0.77628272,0.20878467,0.52279956,0.47720044,0.14825914,0.12539973,0.00186826,0.19530328,0.01643809,233908,0.56749805,White
IL-21,290796,0.57311505,0.41002841,0.71925402,0.28074598,0.05927728,0.1769353,0.00078557,0.03421004,0.01738019,225314,0.16308664,White
IL-22,290888,0.54855476,0.43172104,0.75516519,0.24483481,0.050582,0.07680776,0.00109819,0.10492485,0.01065503,229469,0.11683372,White
IL-23,291884,0.58715732,0.38961014,0.69658808,0.30341192,0.05139731,0.11440758,0.00104649,0.12419692,0.01407686,226471,0.19754718,White
IL-24,290694,0.59393336,0.38562543,0.61439334,0.38560666,0.05881535,0.14351609,0.00126533,0.17136229,0.01527368,222867,0.20830793,White
IL-25,291140,0.55580886,0.42646894,0.65129548,0.34870452,0.03087958,0.19150418,0.00107282,0.11698508,0.01812402,228371,0.12933992,White
IL-26,291780,0.60576528,0.37559555,0.55298541,0.44701459,0.04713567,0.1983383,0.00127655,0.19312683,0.02067916,227959,0.23016973,White
IL-27,290514,0.64119065,0.34269809,0.70384837,0.29615163,0.01866614,0.10328595,0.00098313,0.16439485,0.01068597,225810,0.29849256,White
IL-28,290634,0.68603719,0.29610311,0.46974818,0.53025182,0.14284549,0.31307484,0.00231068,0.06362533,0.02927771,220714,0.38993408,Minority
IL-29,290220,0.55980861,0.41846556,0.69348511,0.30651489,0.03402268,0.18522156,0.00169821,0.07100482,0.0213064,221999,0.14134305,White
IL-30,290615,0.56349446,0.41714529,0.68819823,0.31180177,0.02531445,0.15015399,0.0010251,0.1245175,0.01562592,220467,0.14634917,White
IL-31,291877,0.40726826,0.57221984,0.85403626,0.14596374,0.0408947,0.07271471,0.00144656,0.01038658,0.01847516,230201,-0.16495158,White
IL-32,291779,0.31202607,0.66601917,0.90551398,0.09448602,0.02234617,0.03890993,0.0009437,0.0107591,0.01763211,224647,-0.3539931,White
IL-33,290439,0.33857654,0.6408052,0.80113341,0.19886659,0.10237434,0.06259296,0.00078398,0.01166114,0.01945614,223220,-0.30222866,White
IL-34,291197,0.62796652,0.34174125,0.65372849,0.34627151,0.13627337,0.0700191,0.00136058,0.1239352,0.01625934,236664,0.28622527,White
IL-35,291198,0.49631236,0.48166868,0.69760898,0.30239102,0.1314128,0.11745848,0.00094394,0.03234783,0.02208024,224590,0.01464368,White
IL-36,291702,0.47980268,0.49897673,0.7948672,0.2051328,0.07820614,0.0893173,0.00074249,0.01820413,0.01883743,228959,-0.01917405,White
IL-37,291315,0.30889283,0.67168803,0.89750151,0.10249849,0.04095074,0.03040243,0.00133809,0.00970983,0.01787305,230179,-0.3627952,White
IL-38,291616,0.46238051,0.51231934,0.78930955,0.21069045,0.11814663,0.03700062,0.00099653,0.03290328,0.01877391,224780,-0.04993883,White
IL-39,291612,0.45326118,0.52518565,0.78230877,0.21769123,0.14963112,0.02244489,0.0009145,0.02339017,0.01872972,227446,-0.07192447,White
IL-40,292004,0.24386547,0.7375313,0.91888201,0.08111799,0.02407536,0.02622198,0.00094678,0.00876102,0.01675415,229197,-0.49366583,White
IL-41,291312,0.23300897,0.75129261,0.90602989,0.09397011,0.04013211,0.01901041,0.00115201,0.0091066,0.01996531,228296,-0.51828364,White
IL-42,291234,0.33734868,0.64054823,0.88774355,0.11225645,0.05047389,0.02288825,0.00086519,0.00899275,0.02300624,228851,-0.30319955,White
IL-43,292167,0.32195911,0.65894925,0.84803714,0.15196286,0.07670457,0.02884757,0.00107388,0.01709117,0.02280699,230938,-0.33699014,White
IL-44,291453,0.57462837,0.40334798,0.61242956,0.38757044,0.2966464,0.04437986,0.00186657,0.0252031,0.02067001,225012,0.17128039,White
IN-1,283270,0.7165066,0.26902588,0.34832475,0.65167525,0.40175986,0.23184203,0.00103881,0.01104144,0.02362934,212744,0.44748072,Black
IN-2,282261,0.38935946,0.59467152,0.81865938,0.18134062,0.04174216,0.0928131,0.00080782,0.02438535,0.01895877,219107,-0.20531206,White
IN-3,282708,0.45894823,0.52179411,0.80852449,0.19147551,0.07251422,0.0776092,0.00103527,0.01513576,0.02062858,221198,-0.06284588,White
IN-4,282711,0.51691197,0.46623946,0.73352413,0.26647587,0.13210603,0.08039276,0.001477,0.03082827,0.0212347,217333,0.05067251,White
IN-5,282031,0.26022267,0.7189691,0.92320044,0.07679956,0.01612299,0.0268342,0.00092693,0.01173645,0.01747126,213608,-0.45874643,White
IN-6,282833,0.3173625,0.66595961,0.78776402,0.21223598,0.04337026,0.13674468,0.00087701,0.0123908,0.02121968,204103,-0.34859711,White
IN-7,282430,0.49704504,0.47971435,0.68385916,0.31614084,0.15448236,0.08391483,0.00147202,0.05733818,0.02074517,211953,0.01733069,White
IN-8,282323,0.25256807,0.72616175,0.87833384,0.12166616,0.01772971,0.0676,0.00080778,0.0118675,0.02116856,216642,-0.47359368,White
IN-9,283142,0.39919833,0.57778843,0.78073836,0.21926164,0.04209773,0.08317586,0.01326826,0.07313404,0.01761398,220677,-0.1785901,White
IN-10,282298,0.3407288,0.63863808,0.84470094,0.15529906,0.08251717,0.03526382,0.0007996,0.01091887,0.02271865,221360,-0.29790928,White
IN-11,282938,0.33341623,0.64672287,0.88684717,0.11315283,0.04998313,0.02971994,0.00090282,0.01186427,0.01829797,219314,-0.31330664,White
IN-12,282456,0.47458764,0.50556444,0.83674055,0.16325945,0.03448428,0.04785853,0.00117891,0.05834511,0.01888025,226480,-0.0309768,White
IN-13,282546,0.24556458,0.7360233,0.93374229,0.06625771,0.01922593,0.01509368,0.00092793,0.00874446,0.01863169,218767,-0.49045872,White
IN-14,282629,0.35757452,0.62017016,0.87274829,0.12725171,0.04085695,0.03850212,0.00115103,0.02544267,0.01720797,208508,-0.26259564,White
IN-15,283533,0.3521048,0.62693776,0.7952924,0.2047076,0.0464599,0.04909822,0.00151433,0.08609119,0.01931479,212635,-0.27483296,White
IN-16,282061,0.59287222,0.3895586,0.55024642,0.44975358,0.3036812,0.09877005,0.00160282,0.03240667,0.02004002,208383,0.20331362,White
IN-17,282647,0.6022104,0.37822178,0.49227095,0.50772905,0.30701442,0.1563436,0.0014495,0.03016017,0.0215932,207658,0.22398862,Minority
IN-18,282940,0.76599024,0.21581601,0.54688397,0.45311603,0.31212832,0.0927271,0.00115203,0.03335098,0.02019384,224821,0.55017423,White
IN-19,282501,0.52210256,0.45808917,0.77216578,0.22783422,0.07541375,0.04654934,0.00106358,0.08863929,0.012968,209670,0.06401339,White
IN-20,282651,0.24985818,0.72999899,0.92237332,0.07762668,0.01005284,0.0382201,0.000745,0.00700848,0.01950324,217451,-0.48014081,White
IN-21,283302,0.24110843,0.73732224,0.92231796,0.07768204,0.0184153,0.02152149,0.00100521,0.01037813,0.0212317,220849,-0.49621381,White
IN-22,282649,0.30031182,0.68056404,0.89369066,0.10630934,0.04545641,0.02370273,0.00103372,0.01340194,0.01811972,219595,-0.38025222,White
IN-23,283651,0.39659965,0.58646656,0.86168759,0.13831241,0.07203469,0.02428549,0.00241992,0.01817439,0.01861479,220255,-0.18986691,White
IN-24,283017,0.37392236,0.60718112,0.86581187,0.13418813,0.05821805,0.03643811,0.00128948,0.01349627,0.02239506,219468,-0.23325876,White
KS-1,294238,0.20561596,0.77601214,0.72305006,0.27694994,0.02107198,0.21881591,0.00191605,0.01402348,0.02810669,217635,-0.57039618,White
KS-2,293690,0.25071526,0.72892314,0.85970819,0.14029181,0.02696275,0.04631856,0.00236492,0.00995849,0.05273636,224532,-0.47820788,White
KS-3,293076,0.28708332,0.69127565,0.8547594,0.1452406,0.02766297,0.07037555,0.00166575,0.01478238,0.02951132,224524,-0.40419233,White
KS-4,294103,0.3495357,0.62475162,0.79763625,0.20236375,0.05848411,0.07919235,0.00405152,0.02885104,0.03301743,226335,-0.27521592,White
KS-5,293718,0.57447999,0.40052438,0.75872488,0.24127512,0.07898084,0.08915245,0.00181031,0.03314565,0.0449626,230347,0.17395561,White
KS-6,294696,0.54379351,0.43436642,0.59491229,0.40508771,0.15802642,0.18412002,0.00282499,0.03384071,0.03402722,219824,0.10942709,White
KS-7,294564,0.55386594,0.4275661,0.78730673,0.21269327,0.04623059,0.06050787,0.0012327,0.08217254,0.01983323,227144,0.12629984,White
KS-8,294073,0.49321253,0.48257987,0.77214104,0.22785896,0.06361864,0.09140419,0.00181689,0.04247666,0.02594113,217955,0.01063266,White
KS-9,292879,0.32409514,0.65343801,0.8275086,0.1724914,0.03200706,0.07095349,0.00186178,0.03081314,0.03699773,218608,-0.32934287,White
KS-10,292843,0.54450038,0.42960676,0.57358416,0.42641584,0.15192526,0.17828175,0.00273367,0.063234,0.04386454,222412,0.11489362,White
KY-1,281895,0.28365876,0.70213399,0.87052839,0.12947161,0.06942707,0.02541006,0.00088992,0.00889465,0.02154322,221369,-0.41847523,White
KY-2,280632,0.34987791,0.6314807,0.76533191,0.23466809,0.12695282,0.05298683,0.00384092,0.03104745,0.02058376,212449,-0.28160279,White
KY-3,281557,0.22330356,0.76346426,0.9119645,0.0880355,0.03791195,0.02263241,0.00098563,0.00476155,0.01982361,216106,-0.5401607,White
KY-4,281865,0.3319796,0.6487221,0.83581859,0.16418141,0.07980255,0.03589058,0.00298699,0.02289555,0.02278804,213928,-0.3167425,White
KY-5,281157,0.27717081,0.70672642,0.8932728,0.1067272,0.04077627,0.0316544,0.00109779,0.0080985,0.02179293,214978,-0.42955561,White
KY-6,282122,0.1635066,0.82482913,0.92863662,0.07136338,0.02697968,0.01814696,0.00087593,0.00575548,0.01772505,218053,-0.66132253,White
KY-7,281472,0.22281898,0.76132994,0.91557729,0.08442271,0.02817012,0.02247797,0.00059043,0.00869044,0.02164306,216790,-0.53851096,White
KY-8,281810,0.19644971,0.7920251,0.94875862,0.05124138,0.01881554,0.00982464,0.00045518,0.00446616,0.01590871,221891,-0.59557539,White
KY-9,281745,0.28213393,0.70300875,0.93623779,0.06376221,0.02184514,0.01427246,0.00064896,0.00597771,0.01803366,218813,-0.42087482,White
KY-10,281691,0.59782208,0.38077476,0.71213669,0.28786331,0.14680769,0.07425277,0.00124091,0.04767857,0.01943787,223224,0.21704732,White
KY-11,281836,0.41989402,0.55926995,0.82671437,0.17328563,0.08390677,0.04422046,0.00457074,0.02273476,0.02036474,218564,-0.13937593,White
KY-12,282608,0.26467692,0.7187363,0.90326812,0.09673188,0.02770398,0.02885476,0.00131653,0.01466653,0.02070458,211161,-0.45405938,White
KY-13,282172,0.39367385,0.5858405,0.87237234,0.12762766,0.05079598,0.03416984,0.00217002,0.01643345,0.02038354,217970,-0.19216665,White
KY-14,281504,0.54578703,0.4359849,0.82266021,0.17733979,0.07534049,0.03895525,0.00112522,0.04344265,0.01592867,222178,0.10980213,White
KY-15,281026,0.55871792,0.42071758,0.69070023,0.30929977,0.17253371,0.07565009,0.00167373,0.04311324,0.01929506,222855,0.13800034,White
KY-16,280744,0.64354111,0.33905052,0.50903915,0.49096085,0.36828034,0.08142959,0.00205084,0.0252141,0.02077529,213571,0.30449059,White
LA-1,290814,0.81552204,0.16553457,0.37128233,0.62871767,0.51160566,0.07943761,0.00113268,0.03943778,0.01500798,233076,0.64998747,Black
LA-2,291280,0.69936976,0.28495413,0.32071429,0.67928571,0.51370828,0.11172395,0.00135092,0.04789511,0.0188637,223551,0.41441563,Black
LA-3,290920,0.59378674,0.38988609,0.42136988,0.57863012,0.50333863,0.05232814,0.00108099,0.01461344,0.01272282,224793,0.20390065,Black
LA-4,291765,0.58949592,0.39341451,0.38647133,0.61352867,0.5492086,0.03863414,0.00095846,0.01500399,0.01379919,223274,0.19608141,Black
LA-5,291717,0.33284369,0.64543879,0.65790247,0.34209753,0.2121567,0.07063117,0.00075448,0.04103995,0.01695815,227973,-0.3125951,White
LA-6,291360,0.21789784,0.76379772,0.74202885,0.25797115,0.16258596,0.05754509,0.0010744,0.014032,0.02078403,215935,-0.54589988,White
LA-7,290789,0.27864369,0.70490588,0.71411128,0.28588872,0.17972182,0.06316937,0.00112642,0.01772077,0.02390704,221943,-0.42626219,White
LA-8,290459,0.31115947,0.66853806,0.66808888,0.33191112,0.11095421,0.16395693,0.00101669,0.04224924,0.01830482,230158,-0.35737859,White
LA-9,291295,0.2365683,0.74828871,0.68721927,0.31278073,0.18012794,0.06709768,0.00108888,0.01913706,0.04883626,220410,-0.51172041,White
LA-10,290873,0.28246739,0.70296833,0.67333394,0.32666606,0.2475783,0.04395484,0.00078751,0.01900492,0.01659232,219680,-0.42050094,White
LA-11,291587,0.37980987,0.60115545,0.61719831,0.38280169,0.30384194,0.04608435,0.00091798,0.01989708,0.01399579,221138,-0.22134558,White
LA-12,291201,0.27189143,0.71022053,0.69445611,0.30554389,0.22587331,0.04116374,0.00151562,0.01773551,0.0202372,219052,-0.4383291,White
LA-13,291358,0.2063617,0.77983122,0.7160731,0.2839269,0.19203023,0.0498546,0.00114798,0.01301196,0.02642593,223871,-0.57346952,White
LA-14,290415,0.24596744,0.73860941,0.71238335,0.28761665,0.18333604,0.04365896,0.00264887,0.0227884,0.03599213,221604,-0.49264197,White
LA-15,290592,0.37543107,0.61151744,0.56568399,0.43431601,0.37759469,0.02934922,0.00083247,0.01218398,0.01628753,221028,-0.23608637,White
LA-16,291332,0.57168975,0.4118477,0.39985296,0.60014704,0.53429091,0.03820462,0.00122387,0.01361057,0.01769463,223062,0.15984205,Black
MA-1,293175,0.64577732,0.33306531,0.49722547,0.50277453,0.15106331,0.32990281,0.00290456,0.03345307,0.02030985,226885,0.31271201,Minority
MA-2,293378,0.59690937,0.37891631,0.87758339,0.12241661,0.03007644,0.04648026,0.00099089,0.02405616,0.01582927,240188,0.21799306,White
MA-3,292605,0.67455528,0.29871097,0.83069673,0.16930327,0.03620116,0.05716617,0.00129348,0.05582781,0.01620728,245075,0.37584431,White
MA-4,292098,0.5483018,0.42347678,0.8019177,0.1980823,0.0466466,0.0986967,0.00143376,0.02817138,0.01504368,232257,0.12482502,White
MA-5,292601,0.67652253,0.29933299,0.58475916,0.41524084,0.118331,0.16485197,0.00139991,0.11466705,0.01434904,231444,0.37718954,White
MA-6,293062,0.55239375,0.42103582,0.83762455,0.16237545,0.02339204,0.06550467,0.00095167,0.0386362,0.01238044,230121,0.13135793,White
MA-7,292060,0.73644736,0.23964833,0.70602821,0.29397179,0.04289494,0.08296053,0.00104078,0.09858533,0.01114245,228675,0.49679903,White
MA-8,293031,0.63113729,0.34364766,0.66823303,0.33176697,0.056124,0.0950499,0.00135066,0.15520416,0.0103232,230258,0.28748963,White
MA-9,292745,0.59749912,0.38225094,0.55910224,0.44089776,0.07494979,0.33566526,0.00213184,0.05228522,0.01534218,226565,0.21524818,White
MA-10,293748,0.62307236,0.35265096,0.88904174,0.11095826,0.02048687,0.04242534,0.0009199,0.02724269,0.009659,236981,0.2704214,White
MA-11,293723,0.64798144,0.33252152,0.67700805,0.32299195,0.07981359,0.18671724,0.00120884,0.04670067,0.01436944,234108,0.31545992,White
MA-12,292607,0.64571734,0.33335791,0.7266875,0.2733125,0.06186824,0.04964977,0.00086544,0.1301953,0.00749052,234563,0.31235943,White
MA-13,292685,0.7850227,0.19337386,0.7064094,0.2935906,0.04411162,0.06697672,0.00099079,0.16341243,0.00707648,234156,0.59164884,White
MA-14,292390,0.84945045,0.1307616,0.60447185,0.39552815,0.10271764,0.09928018,0.00167142,0.16142244,0.00984326,253676,0.71868885,White
MA-15,292954,0.72773998,0.25286242,0.56079049,0.43920951,0.06812392,0.26741662,0.00136207,0.08516618,0.0139612,243747,0.47487756,White
MA-16,292025,0.84093854,0.13758059,0.63851671,0.36148329,0.07067649,0.09102334,0.00161244,0.18952884,0.00827872,258615,0.70335795,White
MA-17,291940,0.85993446,0.12517237,0.24687036,0.75312964,0.47049075,0.21825035,0.00253573,0.0926321,0.01710104,231097,0.73476209,Black
MA-18,293375,0.70593701,0.27078629,0.69896436,0.30103564,0.06444505,0.04360339,0.00108246,0.18007929,0.00638737,232803,0.43515072,White
MA-19,293263,0.60154169,0.37344821,0.83371761,0.16628239,0.04502803,0.04254432,0.00092488,0.05905315,0.00945719,230301,0.22809348,White
MA-20,293806,0.62449132,0.35437407,0.75557925,0.24442075,0.11031409,0.04067211,0.00108322,0.06859287,0.00925006,234485,0.27011725,White
MA-21,293622,0.59286089,0.38488915,0.68967574,0.31032426,0.19294534,0.0545905,0.00138446,0.02152448,0.01094945,229692,0.20797174,White
MA-22,292191,0.52678178,0.44923761,0.86682351,0.13317649,0.05079357,0.03103104,0.00094188,0.02096013,0.01158816,234636,0.07754417,White
MA-23,293150,0.54871125,0.43261879,0.76306853,0.23693147,0.0750494,0.10987742,0.00155257,0.020872,0.01612448,233806,0.11609246,White
MA-24,293683,0.62172984,0.35752847,0.86583944,0.13416056,0.03827492,0.03201664,0.00139029,0.01722432,0.01438765,249589,0.26420137,White
MD-1,295014,0.42870166,0.54816677,0.69659981,0.30340019,0.21382937,0.05080167,0.00134212,0.02246045,0.01826896,236193,-0.11946511,White
MD-2,293785,0.35844765,0.61407902,0.84955871,0.15044129,0.06547629,0.03587623,0.00135079,0.02519589,0.0195886,230236,-0.25563137,White
MD-3,293752,0.51119441,0.46297761,0.63635643,0.36364357,0.22612305,0.05142661,0.00171202,0.06845879,0.01974324,227217,0.0482168,White
MD-4,293424,0.60968877,0.36563183,0.57673604,0.42326396,0.2943509,0.06720613,0.00131597,0.04521805,0.02073747,229488,0.24405694,White
MD-5,293867,0.75527885,0.22210596,0.39031658,0.60968342,0.45461963,0.06545053,0.00143982,0.08271959,0.01577689,229196,0.53317289,Black
MD-6,295027,0.87737423,0.10150323,0.3192041,0.6807959,0.5378171,0.08164164,0.00118722,0.05561918,0.01711618,238371,0.775871,Black
MD-7,294552,0.86802833,0.11247949,0.26732211,0.73267789,0.63257032,0.05221811,0.00127288,0.04316652,0.01511171,233329,0.75554884,Black
MD-8,293912,0.41613531,0.54994319,0.83841772,0.16158228,0.05381882,0.040798,0.00099359,0.04715438,0.01572825,230477,-0.13380788,White
MD-9,294658,0.62808301,0.34446446,0.63011738,0.36988262,0.11676244,0.10586026,0.00158301,0.13281163,0.01648295,223625,0.28361855,White
MD-10,294120,0.34723995,0.62970527,0.82703816,0.17296184,0.09499081,0.03831544,0.00129407,0.01945716,0.0192352,238781,-0.28246532,White
MD-11,294003,0.7716808,0.20171957,0.33175336,0.66824664,0.21512925,0.22888393,0.0021732,0.2190911,0.02018933,223633,0.56996123,Minority
MD-12,294735,0.60287113,0.37352039,0.49898876,0.50101124,0.38568106,0.05514258,0.00245554,0.04466857,0.02642611,223983,0.22935074,Minority
MD-13,293499,0.71277813,0.26739052,0.38013248,0.61986752,0.49293878,0.07991168,0.00199151,0.03763096,0.02124859,230980,0.44538761,Black
MD-14,294802,0.56165624,0.41111892,0.54951803,0.45048197,0.26410914,0.09009207,0.00235368,0.08057369,0.02354979,231552,0.15053732,White
MD-15,294548,0.58281315,0.38624815,0.71522314,0.28477686,0.14003416,0.07620174,0.00209171,0.05116743,0.01758094,226609,0.196565,White
MD-16,294341,0.70641838,0.26496328,0.52092741,0.47907259,0.1918537,0.06726877,0.00150075,0.20926513,0.01431556,222555,0.4414551,White
MD-17,293462,0.91303423,0.06898777,0.08935809,0.91064191,0.81580611,0.07512471,0.0014766,0.02412357,0.01684016,230936,0.84404646,Black
MD-18,293369,0.8805365,0.09330448,0.15172285,0.84827715,0.42696879,0.35882534,0.0018883,0.06855318,0.03548572,224541,0.78723202,Black
MD-19,294334,0.84945835,0.12872454,0.1935961,0.8064039,0.5379274,0.16810341,0.00159768,0.1036694,0.01970329,227830,0.72073381,Black
MD-20,293080,0.84547618,0.13234937,0.56837454,0.43162546,0.15316631,0.13112805,0.00167844,0.13709001,0.01396514,228784,0.71312681,White
MD-21,293119,0.75438997,0.22072574,0.42698536,0.57301464,0.18281868,0.24113431,0.00161314,0.13906984,0.02173338,226886,0.53366423,Minority
ME-1,271836,0.69598027,0.27836043,0.89037816,0.10962184,0.03647238,0.02245481,0.00112141,0.02825319,0.01404427,224718,0.41761984,White
ME-2,271709,0.54961559,0.42089324,0.92541248,0.07458752,0.01221754,0.01617199,0.00105362,0.0143203,0.02202296,223040,0.12872235,White
ME-3,272372,0.47338227,0.49621089,0.9228595,0.0771405,0.01166447,0.014491,0.00099892,0.01407889,0.02898648,223242,-0.02282862,White
ME-4,273036,0.50787309,0.46051405,0.90716692,0.09283308,0.03066291,0.01561597,0.00105085,0.01609321,0.02058572,217918,0.04735904,White
ME-5,273406,0.40503345,0.56828808,0.93733242,0.06266758,0.00792614,0.01069328,0.00094499,0.00822003,0.0261341,221167,-0.16325463,White
MI-1,288498,0.41248715,0.57104866,0.88196635,0.11803365,0.02458999,0.01454883,0.00100454,0.01050512,0.06143454,234933,-0.15856151,White
MI-2,287724,0.32820551,0.65781525,0.93024818,0.06975182,0.00601119,0.01426127,0.00076038,0.00560988,0.03448305,236725,-0.32960974,White
MI-3,288172,0.4361464,0.54830218,0.91572082,0.08427918,0.01002267,0.02223939,0.00125924,0.00840914,0.03365789,234269,-0.11215578,White
MI-4,288640,0.50609144,0.47794911,0.76624754,0.23375246,0.12807107,0.06454379,0.00093253,0.01880096,0.02017988,226265,0.0281423299999999,White
MI-5,287728,0.32432311,0.65924598,0.89984341,0.10015659,0.01682399,0.04122812,0.00075179,0.00734882,0.02697533,224798,-0.33492287,White
MI-6,286957,0.5454487,0.43417724,0.82306168,0.17693832,0.0653954,0.06140182,0.00115827,0.02912673,0.0186039,223609,0.11127146,White
MI-7,288341,0.60136478,0.38457095,0.64932602,0.35067398,0.27086753,0.03670371,0.00085649,0.01609403,0.02573071,223002,0.21679383,White
MI-8,287348,0.55734739,0.42278591,0.618423,0.381577,0.16626076,0.14632836,0.00125012,0.05657468,0.02253912,215980,0.13456148,White
MI-9,288053,0.50487119,0.47750302,0.75980479,0.24019521,0.09484202,0.09267802,0.00105974,0.02777135,0.02269975,224584,0.02736817,White
MI-10,287221,0.3048308,0.67701956,0.89869047,0.10130953,0.01738639,0.04321139,0.0009582,0.01420167,0.01912226,216031,-0.37218876,White
MI-11,287493,0.57004641,0.40985951,0.78450462,0.21549538,0.11107099,0.04587986,0.00095397,0.03157918,0.02347487,224325,0.1601869,White
MI-12,286973,0.42677267,0.55648775,0.79679708,0.20320292,0.09490006,0.05592389,0.00119652,0.0175683,0.02804677,223983,-0.12971508,White
MI-13,287579,0.35597513,0.62562727,0.87844003,0.12155997,0.03947198,0.0377149,0.00087408,0.01110442,0.02689143,224235,-0.26965214,White
MI-14,287813,0.34304253,0.64016978,0.88259952,0.11740048,0.02607407,0.05224666,0.00067626,0.00901978,0.02366461,223287,-0.29712725,White
MI-15,288755,0.4167211,0.56514155,0.81207601,0.18792399,0.10213897,0.03744193,0.00082968,0.0199433,0.02469508,225389,-0.14842045,White
MI-16,287445,0.52864831,0.4552061,0.80944152,0.19055848,0.06357953,0.04683882,0.00127785,0.05492616,0.02047135,233204,0.07344221,White
MI-17,288407,0.54843533,0.43273883,0.76718605,0.23281395,0.11225308,0.06325323,0.00119447,0.03303947,0.0240988,224368,0.1156965,White
MI-18,288451,0.37669706,0.60667302,0.91125948,0.08874052,0.0191429,0.03093918,0.00093164,0.00854887,0.02119249,225410,-0.22997596,White
MI-19,287276,0.31824207,0.66716594,0.91859236,0.08140764,0.01232851,0.03157151,0.00057475,0.00566409,0.02249404,227927,-0.34892387,White
MI-20,287937,0.33630154,0.64904206,0.89645234,0.10354766,0.03573105,0.02927358,0.00064926,0.01047584,0.02060512,227953,-0.31274052,White
MI-21,287639,0.39280709,0.595974,0.84547551,0.15452449,0.05157871,0.02531316,0.00078043,0.05783535,0.01296302,226799,-0.20316691,White
MI-22,288722,0.50821127,0.47723212,0.75499268,0.24500732,0.17559343,0.02383561,0.00088169,0.02103646,0.01994504,233642,0.03097915,White
MI-23,288025,0.59866633,0.38645416,0.72300854,0.27699146,0.14868806,0.02635873,0.0008308,0.07947017,0.01835904,233509,0.21221217,White
MI-24,288800,0.39760704,0.58691388,0.88497629,0.11502371,0.02074352,0.03384658,0.00058256,0.03045431,0.02032229,223154,-0.18930684,White
MI-25,288573,0.52655108,0.45965961,0.74313251,0.25686749,0.05496144,0.04297432,0.00078449,0.13819456,0.014888,231999,0.06689147,White
MI-26,288267,0.73324806,0.2566069,0.48164176,0.51835824,0.40453409,0.05674444,0.00093523,0.04677457,0.01439014,226683,0.47664116,Minority
MI-27,288438,0.57625669,0.41222551,0.69001514,0.30998486,0.12572973,0.02950486,0.00086486,0.1364627,0.0121427,231250,0.16403118,White
MI-28,288850,0.7227356,0.26447036,0.72676609,0.27323391,0.08075179,0.04722931,0.00146392,0.12528951,0.01555045,237035,0.45826524,White
MI-29,288334,0.5023252,0.48171618,0.77303261,0.22696739,0.12334649,0.04546914,0.00105579,0.02582274,0.02697091,227319,0.02060902,White
MI-30,287209,0.77272589,0.21614275,0.34961835,0.65038165,0.57385351,0.0445598,0.00115945,0.02152889,0.01777825,227694,0.55658314,Black
MI-31,287436,0.8344413,0.15651974,0.25920129,0.74079871,0.66497752,0.01444987,0.00094289,0.05599268,0.01172339,215296,0.67792156,Black
MI-32,287994,0.88738409,0.10269672,0.15209269,0.84790731,0.71479786,0.12139075,0.00091161,0.00718425,0.02030107,211713,0.78468737,Black
MI-33,288185,0.61942606,0.36640338,0.77222007,0.22777993,0.0887634,0.08565939,0.00101441,0.03034822,0.01935798,213917,0.25302268,White
MI-34,286970,0.59482812,0.39062381,0.62616979,0.37383021,0.2719347,0.04496857,0.00115213,0.02951407,0.02666243,226536,0.20420431,White
MI-35,287074,0.54757652,0.4393374,0.76466895,0.23533105,0.06815438,0.03112694,0.00065854,0.11619259,0.01466785,227777,0.10823912,White
MN-1,285815,0.50531685,0.47136152,0.83971331,0.16028669,0.04474311,0.04658261,0.00182134,0.05049326,0.01259493,220168,0.0339553300000001,White
MN-2,285333,0.54421411,0.43123594,0.80192312,0.19807688,0.05278829,0.07118337,0.00127279,0.05130182,0.01735919,215275,0.11297817,White
MN-3,285170,0.56228968,0.41319849,0.74195759,0.25804241,0.08561318,0.06603167,0.00171571,0.08342192,0.01860244,214488,0.14909119,White
MN-4,285611,0.50418089,0.47145315,0.86269277,0.13730723,0.03820991,0.03974199,0.00114101,0.03977879,0.01348504,217352,0.03272774,White
MN-5,285921,0.53002496,0.44680934,0.82066727,0.17933273,0.05091002,0.03794487,0.0013401,0.06732513,0.01667942,215655,0.08321562,White
MN-6,285964,0.66317867,0.31261507,0.7521512,0.2478488,0.07828593,0.04944444,0.00134588,0.09964345,0.01749199,226618,0.3505636,White
MN-7,285862,0.78883418,0.18832932,0.54081236,0.45918764,0.16911547,0.08952628,0.00192913,0.18090766,0.02667469,216160,0.60050486,White
MN-8,284330,0.85089315,0.12778719,0.74865643,0.25134357,0.08749519,0.0708701,0.00164074,0.07023808,0.02264813,238916,0.72310596,White
MN-9,284954,0.78328691,0.19162754,0.41634313,0.58365687,0.32700861,0.11468365,0.00176219,0.11835881,0.03656778,212236,0.59165937,Minority
MN-10,285703,0.67130194,0.30588354,0.75843097,0.24156903,0.08035016,0.05343347,0.00126563,0.08792199,0.01541173,227554,0.3654184,White
MN-11,286166,0.63382434,0.34270639,0.78716492,0.21283508,0.08192661,0.0376787,0.00114423,0.0744151,0.01481661,222858,0.29111795,White
MN-12,284575,0.36162221,0.61438639,0.89981811,0.10018189,0.02386808,0.04298017,0.00121568,0.01144684,0.01537227,215518,-0.25276418,White
MN-13,285708,0.51699311,0.45685408,0.77088766,0.22911234,0.09040684,0.05053167,0.00127138,0.06152104,0.02259824,216300,0.06013903,White
MN-14,284921,0.32773325,0.65194313,0.87038764,0.12961236,0.01404207,0.0750472,0.00241154,0.02027992,0.01825882,217703,-0.32420988,White
MN-15,284868,0.32857684,0.64771179,0.9096222,0.0903778,0.01922421,0.02436188,0.00090834,0.02033441,0.01625887,208071,-0.31913495,White
MN-16,286314,0.36245722,0.61293399,0.87516196,0.12483804,0.05392801,0.03185966,0.00117165,0.02084157,0.01380248,217642,-0.25047677,White
MN-17,284952,0.30443924,0.67661951,0.91407486,0.08592514,0.0150936,0.04324149,0.00103794,0.00750336,0.01530393,218702,-0.37218027,White
MN-18,284695,0.33051137,0.64822381,0.91784696,0.08215304,0.01161366,0.01416803,0.00085296,0.01019057,0.0357029,222755,-0.31771244,White
MN-19,284356,0.39695547,0.58076087,0.85660615,0.14339385,0.02036902,0.02562226,0.00127857,0.01132642,0.08118888,215867,-0.1838054,White
MN-20,285273,0.54209233,0.43467009,0.89943803,0.10056197,0.02181577,0.0137003,0.00122605,0.01231282,0.04458707,229192,0.10742224,White
MO-1,292403,0.82849213,0.15505091,0.45514968,0.54485032,0.43006571,0.04583707,0.00118911,0.05315114,0.0180411,239675,0.67344122,Minority
MO-2,292830,0.72447419,0.26087706,0.4098271,0.5901729,0.50544245,0.02601787,0.00098751,0.04322374,0.01668098,224807,0.46359713,Black
MO-3,293337,0.66583909,0.31765954,0.58943595,0.41056405,0.2747819,0.04436814,0.00106677,0.07407359,0.01594973,231540,0.34817955,White
MO-4,293564,0.5618594,0.42085627,0.86896575,0.13103425,0.04515594,0.02639649,0.00091405,0.03543879,0.01730722,234122,0.14100313,White
MO-5,293117,0.43547176,0.54722336,0.84246701,0.15753299,0.04724375,0.03257227,0.00098188,0.05209643,0.01857283,229152,-0.1117516,White
MO-6,292568,0.35741705,0.62459131,0.86367967,0.13632033,0.0468245,0.02988361,0.00122634,0.0285205,0.02335982,219351,-0.26717426,White
MO-7,293661,0.30811845,0.67425347,0.90455656,0.09544344,0.02216893,0.01860465,0.00089767,0.01095685,0.03085961,227255,-0.36613502,White
MO-8,292136,0.23694987,0.74514732,0.87189548,0.12810452,0.03664674,0.03446844,0.0029913,0.02040005,0.02921488,226323,-0.50819745,White
MO-9,293006,0.46774507,0.50769199,0.7981308,0.2018692,0.10036995,0.03394414,0.00179997,0.03731043,0.02483612,231115,-0.03994692,White
MO-10,293477,0.22955792,0.75377348,0.90320131,0.09679869,0.03588591,0.02094085,0.00103927,0.00915357,0.02456941,225158,-0.52421556,White
MO-11,293419,0.28483483,0.69866912,0.89265414,0.10734586,0.03171,0.03062797,0.00254387,0.01152248,0.02617621,226427,-0.41383429,White
MO-12,293522,0.52027555,0.45893362,0.76338899,0.23661101,0.09378908,0.06873473,0.00602488,0.03740894,0.0300975,223075,0.06134193,White
MO-13,293272,0.78942158,0.19165003,0.41990451,0.58009549,0.39769409,0.12722137,0.00304234,0.03551143,0.02924829,229757,0.59777155,Minority
MO-14,292177,0.54138375,0.43858669,0.74326427,0.25673573,0.12760554,0.07021828,0.00378947,0.0251169,0.0315036,225625,0.10279706,White
MO-15,292885,0.33059224,0.65027101,0.85391092,0.14608908,0.04439616,0.04369908,0.00395166,0.01301829,0.03480898,220920,-0.31967877,White
MO-16,293204,0.25081122,0.72892258,0.87524628,0.12475372,0.03404458,0.03802908,0.00341592,0.01080312,0.03202147,226879,-0.47811136,White
MO-17,293158,0.39263342,0.58566225,0.8438412,0.1561588,0.04281974,0.0412103,0.00264807,0.02697854,0.038103,233000,-0.19302883,White
MO-18,293877,0.21245897,0.77032789,0.83316681,0.16683319,0.01765038,0.06452065,0.00742817,0.01518638,0.05771187,221185,-0.55786892,White
MO-19,292980,0.20018177,0.78515089,0.90142823,0.09857177,0.01034955,0.03079535,0.00223077,0.00950967,0.03909631,225034,-0.58496912,White
MO-20,293322,0.18114913,0.80635638,0.9099408,0.0900592,0.02104023,0.01718249,0.00113849,0.00692729,0.03549472,228372,-0.62520725,White
MO-21,292998,0.22052631,0.76737777,0.85484923,0.14515077,0.08283372,0.02172016,0.00083319,0.00944278,0.02505731,226840,-0.54685146,White
MS-1,296202,0.35740825,0.62659819,0.63072626,0.36927374,0.29610474,0.04007774,0.00118739,0.01464447,0.01711264,224863,-0.26918994,White
MS-2,295676,0.22238382,0.76502545,0.77239764,0.22760236,0.18111496,0.02384803,0.00050984,0.00611364,0.01581811,227524,-0.54264163,White
MS-3,295309,0.55569755,0.43147713,0.44275654,0.55724346,0.51636772,0.02161882,0.00064059,0.01203612,0.01003155,229476,0.12422042,Black
MS-4,296808,0.66270729,0.32489263,0.33006554,0.66993446,0.6273245,0.02355845,0.00058994,0.01279643,0.0095084,230533,0.33781466,Black
MS-5,296403,0.57243795,0.41575377,0.39431835,0.60568165,0.57457716,0.01830291,0.00069257,0.00594561,0.01058886,229581,0.15668418,Black
MS-6,296924,0.51186617,0.47399128,0.49772472,0.50227528,0.45851826,0.01949745,0.00085917,0.01293498,0.01242121,231620,0.03787489,Minority
MS-7,295337,0.2966749,0.69102964,0.69658715,0.30341285,0.22484142,0.02622621,0.00070133,0.02020459,0.03141696,223860,-0.39435474,White
MS-8,296145,0.31734062,0.67019167,0.63827266,0.36172734,0.30104157,0.03602154,0.00083113,0.00737849,0.01779414,226198,-0.35285105,White
MS-9,296282,0.24575384,0.74089072,0.75010917,0.24989083,0.17831765,0.0306194,0.0012306,0.01460839,0.02296235,226719,-0.49513688,White
MS-10,296193,0.36307273,0.62002005,0.63374629,0.36625371,0.24295742,0.06217626,0.00249092,0.03721421,0.02450435,227225,-0.25694732,White
MT-1,271529,0.53287422,0.44148835,0.85968826,0.14031174,0.00875188,0.03866528,0.00229073,0.01496363,0.06979333,216525,0.09138587,White
MT-2,270635,0.40847809,0.56556348,0.87224555,0.12775445,0.00641255,0.03394659,0.00180962,0.01374382,0.06123472,215515,-0.15708539,White
MT-3,270377,0.32736843,0.6464884,0.83314901,0.16685099,0.01034633,0.03963912,0.00249321,0.01217986,0.0999709,206160,-0.31911997,White
MT-4,271684,0.33824269,0.6385039,0.85722173,0.14277827,0.00958839,0.02853867,0.00268022,0.01341053,0.08123233,211923,-0.30026121,White
NC-1,289840,0.55406826,0.43675676,0.46763355,0.53236645,0.45445274,0.04874307,0.00142612,0.00872959,0.02648695,231397,0.1173115,Minority
NC-2,289044,0.50483692,0.48458395,0.51646751,0.48353249,0.38671231,0.07215776,0.00103907,0.01110119,0.02033295,225201,0.02025297,White
NC-3,289450,0.55246106,0.43495623,0.49809371,0.50190629,0.40538891,0.06518085,0.00159668,0.0208232,0.01674082,226094,0.11750483,Minority
NC-4,289030,0.33576034,0.65052273,0.78071008,0.21928992,0.13394971,0.04729724,0.00220136,0.01422978,0.02166739,233946,-0.31476239,White
NC-5,289143,0.35948972,0.61989137,0.65716907,0.34283093,0.17967205,0.10508221,0.00572706,0.03479434,0.02729038,224548,-0.26040165,White
NC-6,290857,0.48012824,0.50347424,0.78396486,0.21603514,0.11654314,0.05739923,0.00176133,0.01957445,0.01987009,240160,-0.023346,White
NC-7,289710,0.62375912,0.35726612,0.3896046,0.6103954,0.43385368,0.11326836,0.00740515,0.04425362,0.03794401,219982,0.266493,Black
NC-8,290882,0.45408349,0.53643607,0.40408924,0.59591076,0.31569162,0.07287615,0.00222378,0.0130681,0.20665874,222144,-0.0823525800000001,Minority
NC-9,290115,0.35263017,0.63764382,0.67696612,0.32303388,0.19535261,0.09360591,0.00104592,0.00670263,0.03093758,229462,-0.28501365,White
NC-10,290122,0.36078354,0.62441446,0.65915984,0.34084016,0.17904533,0.12891853,0.00149124,0.01334291,0.02405313,217269,-0.26363092,White
NC-11,289686,0.71003884,0.27297365,0.37150715,0.62849285,0.414171,0.16573003,0.00150843,0.04193264,0.02343132,217444,0.43706519,Black
NC-12,289979,0.36276252,0.62244409,0.68284301,0.31715699,0.18403336,0.08721658,0.00288142,0.01817164,0.03174119,219683,-0.25968157,White
NC-13,289093,0.58526884,0.39339038,0.71430634,0.28569366,0.1307273,0.08240667,0.00140859,0.05548168,0.01758983,228598,0.19187846,White
NC-14,290214,0.6297266,0.35139186,0.60378679,0.39621321,0.09110936,0.07247602,0.00150776,0.21733882,0.01456566,212898,0.27833474,White
NC-15,289401,0.59559407,0.38447147,0.69232712,0.30767288,0.16295784,0.06844265,0.00140023,0.06166308,0.01658115,225678,0.2111226,White
NC-16,290465,0.81436398,0.17050572,0.43213023,0.56786977,0.36695618,0.134279,0.00106182,0.05769798,0.02049095,230736,0.64385826,Minority
NC-17,290367,0.62805846,0.35808385,0.67966261,0.32033739,0.13085946,0.10990041,0.0013501,0.06052424,0.02111967,230354,0.26997461,White
NC-18,290637,0.42834203,0.55852683,0.6493701,0.3506299,0.22765143,0.08790496,0.00112575,0.01651832,0.0241489,228292,-0.1301848,White
NC-19,290712,0.7349679,0.25134308,0.32800074,0.67199926,0.49951896,0.10497189,0.00138133,0.05943229,0.02283379,226594,0.48362482,Black
NC-20,289925,0.54552773,0.43915915,0.63940895,0.36059105,0.207237,0.0917748,0.00116597,0.04741469,0.01984368,225563,0.10636858,White
NC-21,289333,0.55299458,0.43100753,0.61907828,0.38092172,0.23917079,0.0945844,0.00149931,0.03199704,0.02139603,226771,0.12198705,White
NC-22,290305,0.23450884,0.75270654,0.81361386,0.18638614,0.07976753,0.0656199,0.00071989,0.01585079,0.02515232,227812,-0.5181977,White
NC-23,289126,0.3616489,0.62425064,0.68934773,0.31065227,0.16007202,0.10731632,0.00116096,0.02500601,0.02393121,220507,-0.26260174,White
NC-24,289122,0.34904224,0.63710733,0.72396236,0.27603764,0.12110108,0.0961714,0.00102489,0.03768702,0.02071312,213681,-0.28806509,White
NC-25,290319,0.34729437,0.63796436,0.72150469,0.27849531,0.15291491,0.08110067,0.00118304,0.02267795,0.02180623,224844,-0.29066999,White
NC-26,290007,0.25101674,0.73855963,0.81239559,0.18760441,0.09466349,0.06479117,0.00063623,0.00762605,0.02115559,231050,-0.48754289,White
NC-27,289351,0.2975175,0.68976186,0.87440626,0.12559374,0.04018004,0.05248926,0.00127817,0.01033081,0.02065739,237058,-0.39224436,White
NC-28,289711,0.28696569,0.70089574,0.7943461,0.2056539,0.07269181,0.0747773,0.00122778,0.0346392,0.02662812,229682,-0.41393005,White
NC-29,290589,0.33786145,0.64909078,0.7357466,0.2642534,0.15325377,0.07013166,0.00094172,0.0174086,0.02385982,227244,-0.31122933,White
NC-30,290443,0.57422318,0.40810394,0.7172244,0.2827756,0.10096027,0.08062227,0.00125797,0.08566312,0.01470173,223375,0.16611924,White
NC-31,289957,0.7175787,0.26554934,0.34359917,0.65640083,0.38847955,0.19679947,0.0015908,0.0630236,0.02296069,221901,0.45202936,Black
NC-32,290756,0.74946409,0.23231511,0.36585163,0.63414837,0.41145475,0.15224001,0.00143908,0.06424099,0.02053764,227923,0.51714898,Black
NC-33,290841,0.63018594,0.35420971,0.50759065,0.49240935,0.31445227,0.09242573,0.00131517,0.0761386,0.01641456,219744,0.27597623,White
NC-34,290387,0.31574536,0.67167602,0.79168217,0.20831783,0.11075728,0.06271255,0.00229753,0.01132755,0.02232626,231118,-0.35593066,White
NC-35,289824,0.3625366,0.62134934,0.8674971,0.1325029,0.02025599,0.04841186,0.0015691,0.00974095,0.05218188,238991,-0.25881274,White
NC-36,290645,0.58069799,0.40305191,0.8303006,0.1696994,0.05881907,0.06368098,0.00218239,0.01683554,0.02452023,237355,0.17764608,White
ND-1,259259,0.42209593,0.54343001,0.86416153,0.13583847,0.0501076,0.02683149,0.00141323,0.02922654,0.02679182,201666,-0.12133408,White
ND-2,260128,0.3053167,0.66550469,0.8145678,0.1854322,0.03124906,0.03992516,0.00231363,0.02268864,0.08965809,198822,-0.36018799,White
ND-3,259707,0.2251164,0.74557191,0.85338821,0.14661179,0.02620587,0.04219729,0.0031492,0.0142481,0.06033588,195605,-0.52045551,White
NE-1,279605,0.55890118,0.41627604,0.79425289,0.20574711,0.05411563,0.07319902,0.001611,0.05482447,0.02236522,217257,0.14262514,White
NE-2,279943,0.56908845,0.41109489,0.66104702,0.33895298,0.18519199,0.06765812,0.00174536,0.06576772,0.02275738,206834,0.15799356,White
NE-3,279664,0.54925712,0.43067617,0.71611831,0.28388169,0.05487618,0.16692704,0.0023221,0.04168928,0.02537793,211877,0.11858095,White
NE-4,280804,0.39540147,0.58103675,0.84083067,0.15916933,0.03682477,0.06719587,0.00217252,0.03200786,0.01894323,203450,-0.18563528,White
NE-5,280617,0.27343528,0.70463569,0.85360831,0.14639169,0.01474543,0.09963983,0.0011896,0.01062179,0.02090504,212676,-0.43120041,White
NE-6,280835,0.23344758,0.74760273,0.82520681,0.17479319,0.0163403,0.11568631,0.00187059,0.00990509,0.03348501,210094,-0.51415515,White
NE-7,280036,0.20238864,0.77772993,0.85193443,0.14806557,0.01356929,0.0975278,0.00157054,0.01002622,0.0251754,213939,-0.57534129,White
NH-1,275609,0.56635953,0.41774223,0.90574321,0.09425679,0.01476434,0.02382256,0.00119687,0.03178108,0.01461418,226424,0.1486173,White
NH-2,274513,0.44571757,0.53837312,0.91763438,0.08236562,0.01100593,0.02477805,0.00081039,0.01905551,0.01713592,220881,-0.09265555,White
NH-3,275497,0.55005939,0.4334952,0.916118,0.083882,0.01205401,0.01888172,0.00105309,0.02114457,0.02118373,229799,0.11656419,White
NH-4,276230,0.52957723,0.45345063,0.85360735,0.14639265,0.02217056,0.05631287,0.0011126,0.04144204,0.0158975,221104,0.0761266,White
NH-5,275680,0.55222129,0.43055932,0.84829552,0.15170448,0.03742493,0.05458215,0.0012451,0.03773509,0.01720216,222472,0.12166197,White
NJ-1,290910,0.71114974,0.27756205,0.44404303,0.55595697,0.24597672,0.22588395,0.00227202,0.09147025,0.01787474,222269,0.43358769,Minority
NJ-2,289577,0.60418441,0.38147874,0.72000403,0.27999597,0.15359496,0.07270129,0.00125362,0.04254424,0.01567465,228139,0.22270567,White
NJ-3,290006,0.4868492,0.49759168,0.76820053,0.23179947,0.12241722,0.06274733,0.00118057,0.03280849,0.01573658,226161,-0.01074248,White
NJ-4,289109,0.45237121,0.53584772,0.65790516,0.34209484,0.12627216,0.18995139,0.00149102,0.01473551,0.0249426,234739,-0.08347651,White
NJ-5,289929,0.51275674,0.47403856,0.60867732,0.39132268,0.14822559,0.1557588,0.0022604,0.08276534,0.01662262,230048,0.03871818,White
NJ-6,290745,0.55408798,0.43158993,0.72444361,0.27555639,0.12506192,0.07108392,0.00192153,0.06936308,0.01510325,234188,0.12249805,White
NJ-7,289925,0.63234957,0.35456755,0.58192455,0.41807545,0.227304,0.11103851,0.00114665,0.06908428,0.01540399,231109,0.27778202,White
NJ-8,290470,0.37226505,0.61456516,0.83700671,0.16299329,0.04143564,0.08245346,0.00075626,0.02571709,0.0126935,239335,-0.24230011,White
NJ-9,290237,0.31288724,0.67577793,0.81444101,0.18555899,0.03573153,0.11009641,0.00070132,0.02364145,0.01195286,196773,-0.36289069,White
NJ-10,289708,0.42371242,0.56234717,0.8121383,0.1878617,0.03165113,0.08982325,0.00105301,0.05437346,0.01039518,229818,-0.13863475,White
NJ-11,290361,0.54419622,0.44175178,0.67917289,0.32082711,0.12112048,0.13565563,0.00117864,0.04158798,0.01436738,232471,0.10244444,White
NJ-12,290171,0.53578455,0.45283448,0.63059628,0.36940372,0.05119785,0.08243077,0.00096195,0.22709127,0.00746389,228701,0.08295007,White
NJ-13,290735,0.56781911,0.42081393,0.41058009,0.58941991,0.12254372,0.30139225,0.00166077,0.17565777,0.01407947,229412,0.14700518,Minority
NJ-14,289783,0.71860709,0.2680522,0.40892238,0.59107762,0.14319095,0.15638185,0.00167532,0.2909846,0.01308509,226823,0.45055489,Minority
NJ-15,290412,0.58184754,0.40159163,0.57659933,0.42340067,0.20045417,0.17569532,0.00151391,0.04255807,0.01576625,231190,0.18025591,White
NJ-16,289621,0.6462891,0.3401475,0.35325763,0.64674237,0.12282708,0.17617758,0.00145884,0.3444389,0.01263887,228264,0.3061416,Minority
NJ-17,289646,0.41204826,0.56912669,0.82188916,0.17811084,0.03770954,0.08769093,0.00071433,0.03465975,0.0146287,233787,-0.15707843,White
NJ-18,289965,0.6957117,0.29526084,0.23011826,0.76988174,0.25945724,0.48389728,0.00198236,0.03477112,0.02191537,219435,0.40045086,Hispanic
NJ-19,290711,0.82557353,0.16655658,0.23051271,0.76948729,0.53514319,0.1839951,0.00140129,0.05205183,0.01384442,225506,0.65901695,Black
NJ-20,290984,0.81172817,0.17775866,0.25262497,0.74737503,0.2154824,0.23497851,0.00277661,0.30397099,0.01494246,234098,0.63396951,Asian
NJ-21,289734,0.70860606,0.28014497,0.29064175,0.70935825,0.05953224,0.58033527,0.00209382,0.08643437,0.02964813,233067,0.42846109,Hispanic
NJ-22,290362,0.90002633,0.0940936,0.07638116,0.92361884,0.6393535,0.25317735,0.00203591,0.0208392,0.01656887,216611,0.80593273,Black
NJ-23,289749,0.61311061,0.37674943,0.35842639,0.64157361,0.13582578,0.40575733,0.00225591,0.09451926,0.01741201,231392,0.23636118,Hispanic
NJ-24,289337,0.74404809,0.24743867,0.1430466,0.8569534,0.21225264,0.62519055,0.00233613,0.05536389,0.02963344,211889,0.49660942,Hispanic
NJ-25,289552,0.6452111,0.34249647,0.67073232,0.32926768,0.09440335,0.09911622,0.00110301,0.12749374,0.00795355,219399,0.30271463,White
NJ-26,289974,0.62784473,0.36177269,0.44229976,0.55770024,0.14780693,0.28708381,0.00130571,0.13344415,0.01419527,232824,0.26607204,Minority
NJ-27,290727,0.60480887,0.38528069,0.47846728,0.52153272,0.04416099,0.16465382,0.00114772,0.31264401,0.00902522,230022,0.21952818,Minority
NJ-28,290144,0.5624074,0.42223848,0.63028933,0.36971067,0.05638405,0.1472778,0.00118984,0.15638361,0.01019353,225241,0.14016892,White
NJ-29,290156,0.54306754,0.44495321,0.6872714,0.3127286,0.03789559,0.14812033,0.00168879,0.12434393,0.00809287,225013,0.09811433,White
NJ-30,289884,0.45361282,0.53232897,0.79070228,0.20929772,0.02578059,0.0955264,0.00086983,0.07733746,0.0087629,232229,-0.07871615,White
NJ-31,289977,0.58632692,0.40213433,0.6277252,0.3722748,0.11147233,0.16664001,0.00110673,0.09288713,0.01004267,231313,0.18419259,White
NJ-32,290415,0.54422439,0.44128348,0.62574986,0.37425014,0.05163795,0.1785441,0.00099981,0.13713464,0.0128758,230044,0.10294091,White
NM-1,302026,0.68575754,0.28966741,0.35895681,0.64104319,0.04220329,0.51148563,0.00281575,0.03201629,0.08081578,242564,0.39609013,Hispanic
NM-2,303205,0.61225744,0.36454711,0.58413054,0.41586946,0.02534812,0.29792599,0.00271486,0.0478404,0.05370514,248263,0.24771033,White
NM-3,302926,0.54504635,0.434889,0.40202217,0.59797783,0.02410919,0.52179229,0.00228527,0.0166167,0.05068073,237171,0.11015735,Hispanic
NM-4,301632,0.5451016,0.43312107,0.35210306,0.64789694,0.02139576,0.5925601,0.00215643,0.01675447,0.03758843,231401,0.11198053,Hispanic
NM-5,301797,0.26958543,0.7120099,0.47144684,0.52855316,0.03388913,0.44078947,0.00271237,0.01630087,0.04624796,225264,-0.44242447,Minority
NM-6,302466,0.54413684,0.43257549,0.39417239,0.60582761,0.0402912,0.48739389,0.00344223,0.03236485,0.0690116,227469,0.11156135,Hispanic
NM-7,303470,0.52415971,0.45328748,0.26134084,0.73865916,0.01068515,0.25433643,0.00181612,0.01202079,0.47918733,226857,0.0708722299999999,Native
NV-1,282163,0.64368039,0.33501743,0.23906706,0.76093294,0.15517664,0.51315389,0.01325696,0.0812989,0.03407741,203742,0.30866296,Hispanic
NV-2,282284,0.66667082,0.31089895,0.24743232,0.75256768,0.15805686,0.51550624,0.01127683,0.0703312,0.03386388,209722,0.35577187,Hispanic
NV-3,282210,0.59537677,0.38248322,0.36047872,0.63952128,0.24836909,0.27293735,0.01971357,0.10145879,0.02853855,210312,0.21289355,Minority
NV-4,281561,0.51742648,0.46307798,0.54859259,0.45140741,0.11553285,0.18994513,0.01317304,0.12760851,0.0226123,224170,0.0543485,White
NV-5,281800,0.55862707,0.42275146,0.39414922,0.60585078,0.13195415,0.19131193,0.01901905,0.26694316,0.02221411,224722,0.13587561,Minority
NV-6,283102,0.53702142,0.44381009,0.41872495,0.58127505,0.13412557,0.21971293,0.02608906,0.20502326,0.02593665,223082,0.09321133,Minority
NV-7,281966,0.51266989,0.46639787,0.55182651,0.44817349,0.10167384,0.20091381,0.01713509,0.12334678,0.02749014,224335,0.04627202,White
NV-8,282468,0.40050897,0.58000348,0.66069574,0.33930426,0.08211855,0.14135476,0.01241941,0.09178456,0.02590437,223360,-0.17949451,White
NV-9,282698,0.2615313,0.71144949,0.73896741,0.26103259,0.02280789,0.15112081,0.00647281,0.02623785,0.05770616,222160,-0.44991819,White
NV-10,282111,0.42272919,0.54957113,0.71571932,0.28428068,0.02157238,0.15809612,0.00781362,0.06046614,0.03974306,223712,-0.12684194,White
NV-11,282251,0.5872124,0.38243074,0.57419568,0.42580432,0.04157869,0.2640876,0.01231201,0.08399216,0.03803865,224009,0.20478166,White
NY-1,288724,0.52736773,0.45777403,0.73288618,0.26711382,0.0587335,0.15023192,0.00095395,0.04620922,0.01636126,235862,0.0695937,White
NY-2,288581,0.45652174,0.52915873,0.68334522,0.31665478,0.09047905,0.17960152,0.00112027,0.0398001,0.01713658,228517,-0.07263699,White
NY-3,288536,0.40764542,0.5782354,0.81333547,0.18666453,0.0280544,0.09589112,0.00088251,0.0539155,0.00802049,231158,-0.17058998,White
NY-4,289082,0.65201567,0.33591803,0.29843381,0.70156619,0.2217587,0.44044733,0.0014312,0.04819114,0.02832144,221493,0.31609764,Hispanic
NY-5,288614,0.54684287,0.4390853,0.69413365,0.30586635,0.04448104,0.12753375,0.00095158,0.12720787,0.01095406,230143,0.10775757,White
NY-6,288795,0.39776534,0.58811467,0.80300138,0.19699862,0.03889505,0.10893451,0.00075658,0.04222228,0.00902737,232626,-0.19034933,White
NY-7,288216,0.56759636,0.41930578,0.62592247,0.37407753,0.05859244,0.14089387,0.00084723,0.16842875,0.00807987,224261,0.14829058,White
NY-8,288079,0.47338308,0.51208668,0.76057758,0.23942242,0.03406288,0.11260396,0.00105581,0.08569809,0.00725654,231102,-0.0387036,White
NY-9,288517,0.66821078,0.31936926,0.34103155,0.65896845,0.3141487,0.30860456,0.00164452,0.04400551,0.01794715,224381,0.34884152,Minority
NY-10,289281,0.57061705,0.41699423,0.49541965,0.50458035,0.16158879,0.15370247,0.00125256,0.18468911,0.01143014,229131,0.15362282,Minority
NY-11,288487,0.70152393,0.29043844,0.26549489,0.73450511,0.5407566,0.16578866,0.00212792,0.03917079,0.01637102,222283,0.41108549,Black
NY-12,288819,0.90264832,0.09054086,0.02620616,0.97379384,0.60792414,0.14512452,0.00651477,0.17027084,0.03481466,231167,0.81210746,Black
NY-13,288639,0.58324466,0.40509819,0.32001554,0.67998446,0.03408748,0.12699508,0.00160806,0.5187076,0.00722178,241907,0.17814647,Asian
NY-14,288370,0.70800335,0.2828197,0.16058347,0.83941653,0.13011554,0.16599962,0.00338722,0.52733486,0.01512505,234115,0.42518365,Asian
NY-15,288154,0.7115699,0.28149785,0.31437239,0.68562761,0.51394323,0.12358489,0.00200215,0.07031464,0.01099442,229753,0.43007205,Black
NY-16,288049,0.70866737,0.28265013,0.29663211,0.70336789,0.50526683,0.08134454,0.00141002,0.12912365,0.00938121,229075,0.42601724,Black
NY-17,289497,0.73963996,0.25110566,0.32278025,0.67721975,0.50013175,0.1134621,0.0016776,0.07936989,0.0126391,227706,0.4885343,Black
NY-18,288845,0.74589387,0.24605555,0.25611797,0.74388203,0.50218355,0.18571801,0.00232343,0.08205505,0.01560492,210895,0.49983832,Black
NY-19,288439,0.94811466,0.04007139,0.23262479,0.76737521,0.57137146,0.1651229,0.00215888,0.06228353,0.0173426,237623,0.90804327,Black
NY-20,288773,0.66713576,0.32203205,0.32445956,0.67554044,0.1048833,0.24080613,0.00348377,0.31470158,0.0208423,232220,0.34510371,Minority
NY-21,287975,0.60768309,0.38013503,0.32363853,0.67636147,0.03245012,0.27688843,0.00185284,0.37067335,0.0180694,235315,0.22754806,Asian
NY-22,288430,0.78399753,0.2012695,0.4468772,0.5531228,0.07749674,0.25305231,0.0023819,0.2153916,0.01916455,246862,0.58272803,Minority
NY-23,288899,0.74314392,0.24760576,0.09341238,0.90658762,0.08687498,0.63877643,0.00257318,0.19717083,0.04517072,225013,0.49553816,Hispanic
NY-24,288436,0.80831647,0.17963968,0.18331367,0.81668633,0.18115453,0.51466344,0.00393956,0.14695217,0.03470732,229721,0.62867679,Hispanic
NY-25,288808,0.80755887,0.17945863,0.53621678,0.46378322,0.12292857,0.24566197,0.00273677,0.10134488,0.01776463,225448,0.62810024,White
NY-26,287895,0.89917531,0.08801621,0.4802954,0.5197046,0.12532606,0.15398578,0.00263753,0.24846317,0.01197063,240756,0.8111591,Minority
NY-27,288860,0.68578114,0.30253283,0.372229,0.627771,0.07313664,0.28290618,0.00193771,0.27114012,0.02630374,207461,0.38324831,Minority
NY-28,289124,0.52702864,0.45984572,0.36923633,0.63076367,0.02817696,0.14147109,0.00129159,0.46357537,0.01423395,226852,0.06718292,Asian
NY-29,288413,0.60993972,0.37602753,0.45372043,0.54627957,0.17786249,0.24211292,0.00200588,0.13945335,0.02224668,225337,0.23391219,Minority
NY-30,288897,0.31348267,0.67594837,0.73060182,0.26939818,0.03063396,0.10950383,0.00129452,0.12551151,0.00741088,230202,-0.3624657,White
NY-31,288199,0.85738699,0.12673449,0.61819572,0.38180428,0.06526726,0.12179632,0.00506347,0.18939246,0.00934674,256346,0.7306525,White
NY-32,288154,0.87000074,0.11531581,0.62120404,0.37879596,0.07458622,0.12774208,0.00417714,0.17328014,0.00965459,260705,0.75468493,White
NY-33,289178,0.81460554,0.17008281,0.73378164,0.26621836,0.03911529,0.07788654,0.00175615,0.13829562,0.00634453,249979,0.64452273,White
NY-34,288593,0.91872808,0.07063923,0.15272337,0.84727663,0.50170211,0.33890295,0.00315617,0.06686539,0.02796928,233828,0.84808885,Black
NY-35,288707,0.890858,0.09604621,0.4853433,0.5146567,0.15300069,0.26980141,0.00203402,0.11796128,0.01834261,247293,0.79481179,Minority
NY-36,288387,0.85000716,0.13968978,0.14059082,0.85940918,0.27493791,0.64565814,0.0035554,0.03636443,0.0290227,229510,0.71031738,Hispanic
NY-37,289269,0.80311849,0.18631192,0.18107689,0.81892311,0.2497767,0.58332185,0.00411932,0.06744669,0.0292663,225037,0.61680657,Hispanic
NY-38,288593,0.87197674,0.12056215,0.0213738,0.9786262,0.44782613,0.62874041,0.0039288,0.01468679,0.03398008,211006,0.75141459,Hispanic
NY-39,288023,0.80825506,0.18312612,0.12835418,0.87164582,0.3413387,0.54676759,0.00420773,0.05968579,0.0297377,218645,0.62512894,Hispanic
NY-40,288791,0.77646874,0.21500691,0.13834258,0.86165742,0.30115495,0.50695297,0.00340032,0.10995726,0.0291066,223214,0.56146183,Hispanic
NY-41,288279,0.87311253,0.11964682,0.12022467,0.87977533,0.65015568,0.22888624,0.00241538,0.03306442,0.01627091,227707,0.75346571,Black
NY-42,288976,0.68734799,0.30284025,0.42166403,0.57833597,0.18820998,0.31936021,0.00173539,0.09239174,0.01956297,225886,0.38450774,Minority
NY-43,288510,0.69365838,0.29490357,0.54110317,0.45889683,0.11225262,0.26310529,0.00131008,0.07835713,0.01777836,222124,0.39875481,White
NY-44,287973,0.6165194,0.37072645,0.70273667,0.29726333,0.05744284,0.17108517,0.00105171,0.06377091,0.01098054,224397,0.24579295,White
NY-45,288971,0.55674847,0.43071391,0.55939391,0.44060609,0.14785682,0.21181044,0.0016157,0.08198428,0.01460013,220957,0.12603456,White
NY-46,288263,0.39155975,0.59559384,0.72896458,0.27103542,0.07358954,0.13135349,0.00111704,0.03628561,0.01468258,192473,-0.20403409,White
NY-47,288606,0.53058825,0.4522716,0.64918142,0.35081858,0.12802559,0.1762705,0.00132427,0.04117782,0.01772615,231071,0.07831665,White
NY-48,289544,0.54511871,0.43653522,0.70912524,0.29087476,0.10603128,0.1416225,0.00124874,0.03051473,0.0209196,233035,0.10858349,White
NY-49,289095,0.53565395,0.44798713,0.68046977,0.31953023,0.11502777,0.16203492,0.00130011,0.03123731,0.02263323,231518,0.08766682,White
NY-50,288620,0.53741131,0.43728083,0.79570024,0.20429976,0.09529167,0.05246329,0.00134077,0.03575235,0.01817859,236432,0.10013048,White
NY-51,288589,0.59323943,0.38442203,0.6846547,0.3153453,0.1381241,0.06479491,0.00265482,0.08445786,0.02043997,231654,0.2088174,White
NY-52,288087,0.51121681,0.46559925,0.83170214,0.16829786,0.06559698,0.04419615,0.00112501,0.03200072,0.02157193,233776,0.0456175599999999,White
NY-53,288113,0.52999525,0.44775356,0.87536147,0.12463853,0.02594353,0.03109658,0.00083492,0.04065907,0.01743774,229961,0.08224169,White
NY-54,287997,0.50118981,0.47914815,0.8768561,0.1231439,0.03707719,0.02855801,0.00118227,0.01429395,0.03745278,234295,0.02204166,White
NY-55,288275,0.36083549,0.61868628,0.87989361,0.12010639,0.0380966,0.03524428,0.00199259,0.01380487,0.02310513,223327,-0.25785079,White
NY-56,289045,0.34417154,0.63566806,0.88376417,0.11623583,0.03286876,0.04466824,0.00100579,0.01107671,0.01890966,229671,-0.29149652,White
NY-57,288380,0.45250002,0.52500783,0.82677004,0.17322996,0.05291914,0.04612547,0.0009942,0.05158483,0.01698854,229331,-0.07250781,White
NY-58,289159,0.57635204,0.40071412,0.78747516,0.21252484,0.11290302,0.04140178,0.00151098,0.03629363,0.02061718,232961,0.17563792,White
NY-59,288975,0.56245054,0.4151286,0.78078169,0.21921831,0.10412594,0.04835614,0.00121066,0.04484741,0.02233786,227148,0.14732194,White
NY-60,288581,0.59459208,0.38197877,0.78824024,0.21175976,0.06645777,0.05065192,0.0015646,0.07101279,0.01994869,237760,0.21261331,White
NY-61,287951,0.4341647,0.54042141,0.88293777,0.11706223,0.04279464,0.03359714,0.00102048,0.01401523,0.0196476,228323,-0.10625671,White
NY-62,289054,0.34755734,0.62879997,0.89179403,0.10820597,0.03495931,0.03234598,0.00085676,0.01301503,0.02022216,232270,-0.28124263,White
NY-63,287962,0.34964313,0.62766698,0.87562723,0.12437277,0.03116802,0.04446538,0.00114443,0.00981126,0.03256774,227188,-0.27802385,White
NY-64,288916,0.51750887,0.45633532,0.88499551,0.11500449,0.03024127,0.03293231,0.00088094,0.03142901,0.01348147,228165,0.06117355,White
NY-65,289586,0.60721683,0.36551692,0.76170584,0.23829416,0.09968856,0.05557263,0.00106303,0.06930903,0.01386513,240820,0.24169991,White
NY-66,288084,0.5969555,0.38205322,0.52321189,0.47678811,0.30623615,0.1394484,0.00162556,0.03244306,0.01823532,220232,0.21490228,White
NY-67,287795,0.39991492,0.58060984,0.91882828,0.08117172,0.02587499,0.02102718,0.00065267,0.01050715,0.017854,232889,-0.18069492,White
NY-68,288950,0.5002824,0.48179139,0.87816165,0.12183835,0.0501159,0.026341,0.0006458,0.03196076,0.00972979,233818,0.01849101,White
NY-69,287857,0.5839423,0.39689052,0.78430785,0.21569215,0.0973244,0.03618993,0.00078367,0.06502282,0.01695373,233518,0.18705178,White
NY-70,288855,0.7816819,0.20203123,0.45401749,0.54598251,0.3609099,0.11086022,0.00160772,0.0712318,0.01893132,221432,0.57965067,Minority
OH-1,287178,0.54000673,0.44330979,0.76100322,0.23899678,0.14654977,0.04547775,0.00080346,0.02639885,0.01859061,225275,0.09669694,White
OH-2,288051,0.54019535,0.44240504,0.72334691,0.27665309,0.16746604,0.07093784,0.00080012,0.01844294,0.02077178,223717,0.0977903099999999,White
OH-3,288516,0.36041794,0.6223353,0.87522334,0.12477666,0.04453197,0.05028385,0.00074814,0.00755622,0.01946486,227230,-0.26191736,White
OH-4,287714,0.49872135,0.48732035,0.78151272,0.21848728,0.08905486,0.09411602,0.00118823,0.01739464,0.02079853,223862,0.011401,White
OH-5,288120,0.54599199,0.43916747,0.7132364,0.2867636,0.20536241,0.02130866,0.00103547,0.0345054,0.02240141,226950,0.10682452,White
OH-6,287653,0.54696766,0.43978473,0.82065501,0.17934499,0.08704412,0.0199851,0.00075773,0.05297645,0.01471975,232273,0.10718293,White
OH-7,287434,0.83920263,0.14927321,0.29965491,0.70034509,0.56529558,0.09898947,0.00156418,0.03383749,0.01653433,226317,0.68992942,Black
OH-8,287806,0.82156745,0.16960207,0.38334712,0.61665288,0.55812853,0.02575284,0.00102604,0.02661082,0.01256905,226111,0.65196538,Black
OH-9,288036,0.61538462,0.37287094,0.77969255,0.22030745,0.08859418,0.07944575,0.00115432,0.03865685,0.01547566,232171,0.24251368,White
OH-10,287190,0.46753164,0.52128181,0.86631967,0.13368033,0.03775972,0.03673837,0.00091451,0.04252882,0.01275181,234006,-0.0537501699999999,White
OH-11,287293,0.52180733,0.46689077,0.82148689,0.17851311,0.08280746,0.03258765,0.00067133,0.04579336,0.0130931,230885,0.05491656,White
OH-12,287494,0.36782989,0.61845151,0.91539638,0.08460362,0.0270872,0.02376297,0.00077329,0.00837281,0.01655897,225014,-0.25062162,White
OH-13,288421,0.35775425,0.62911993,0.91341075,0.08658925,0.03224513,0.0141951,0.00065542,0.01222452,0.01848985,231911,-0.27136568,White
OH-14,287509,0.53347189,0.45402927,0.74947757,0.25052243,0.17635278,0.04540024,0.00098621,0.01089606,0.0180341,230175,0.07944262,White
OH-15,288140,0.42897564,0.55617978,0.8362879,0.1637121,0.0979761,0.02532424,0.00079594,0.01340721,0.02173807,226147,-0.12720414,White
OH-16,288212,0.26946141,0.71679667,0.92072537,0.07927463,0.03503014,0.01176909,0.00070147,0.0056334,0.01847634,230944,-0.44733526,White
OH-17,287793,0.69785193,0.28702413,0.47852166,0.52147834,0.42059963,0.05667992,0.00160689,0.03010616,0.02292593,216567,0.4108278,Minority
OH-18,288691,0.70465759,0.2800019,0.4669675,0.5330325,0.38722414,0.06483349,0.00122682,0.06691579,0.01994876,212745,0.42465569,Minority
OH-19,287204,0.59335506,0.39020063,0.72545807,0.27454193,0.1330789,0.07491699,0.00144054,0.04668587,0.02123922,227692,0.20315443,White
OH-20,288532,0.62326329,0.36040961,0.77729518,0.22270482,0.05865115,0.04548182,0.0013478,0.10255474,0.01354759,230004,0.26285368,White
OH-21,288201,0.57502908,0.41066841,0.77516451,0.22483549,0.07283346,0.0364576,0.00110808,0.09749729,0.01406896,220201,0.16436067,White
OH-22,286865,0.36436071,0.62145041,0.91390819,0.08609181,0.02538179,0.02078261,0.00070825,0.01411181,0.01768846,225910,-0.2570897,White
OH-23,287225,0.23217706,0.75191228,0.91087665,0.08912335,0.0116565,0.05127758,0.0022524,0.00622047,0.01595027,217990,-0.51973522,White
OH-24,287744,0.24619686,0.73786159,0.93102761,0.06897239,0.02626019,0.01519181,0.00095904,0.00597665,0.01675778,215840,-0.49166473,White
OH-25,286937,0.28176509,0.70219251,0.89094892,0.10905108,0.052875,0.02200126,0.00098188,0.01093399,0.01827811,225078,-0.42042742,White
OH-26,287679,0.26540572,0.71883126,0.87494816,0.12505184,0.05954068,0.02089211,0.00093431,0.02146637,0.01827148,219413,-0.45342554,White
OH-27,287647,0.24523084,0.73954095,0.91035453,0.08964547,0.03620073,0.01600458,0.00119437,0.01300738,0.01906487,221874,-0.49431011,White
OH-28,288531,0.27331719,0.71190656,0.92342091,0.07657909,0.02829806,0.01646522,0.00054839,0.00554637,0.02242176,224291,-0.43858937,White
OH-29,288477,0.4090645,0.57394912,0.8379564,0.1620436,0.07196977,0.0250824,0.00104951,0.03953619,0.02018928,217244,-0.16488462,White
OH-30,288025,0.31342519,0.67291264,0.92584839,0.07415161,0.0270262,0.01106571,0.00077792,0.01007801,0.02161572,228815,-0.35948745,White
OH-31,288036,0.29425516,0.69167584,0.90942553,0.09057447,0.04209673,0.01164254,0.00065825,0.00813634,0.02303431,223319,-0.39742068,White
OH-32,288736,0.23653443,0.75172904,0.93475165,0.06524835,0.02341779,0.00950106,0.00062507,0.00495591,0.02223909,223975,-0.51519461,White
OH-33,287144,0.39660241,0.58488791,0.82244522,0.17755478,0.09333624,0.02891131,0.00160272,0.02903151,0.02258056,224618,-0.1882855,White
OH-34,288499,0.35304819,0.63064264,0.82167757,0.17832243,0.09357788,0.03274891,0.00146404,0.02666512,0.02296485,224038,-0.27759445,White
OH-35,287471,0.60352201,0.38074452,0.61476047,0.38523953,0.30606328,0.03025455,0.00140092,0.0310677,0.01924165,226280,0.22277749,White
OH-36,287877,0.2941401,0.69150653,0.8697227,0.1302773,0.05575322,0.02993526,0.00116,0.01920185,0.02148975,218104,-0.39736643,White
OH-37,287734,0.42769281,0.55695159,0.72722092,0.27277908,0.09945606,0.05836893,0.0022332,0.09386844,0.0193343,215834,-0.12925878,White
OH-38,287242,0.29049054,0.6950661,0.89286236,0.10713764,0.04577498,0.01526866,0.00080198,0.02326632,0.01733343,225691,-0.40457556,White
OH-39,286922,0.35993521,0.62387426,0.90583115,0.09416885,0.02503286,0.02059389,0.00090053,0.02075763,0.02130795,219871,-0.26393905,White
OH-40,287886,0.62199197,0.36350608,0.6028436,0.3971564,0.28777894,0.04258179,0.00209751,0.05005616,0.01697859,221691,0.25848589,White
OH-41,287583,0.76160655,0.22264026,0.52253955,0.47746045,0.38269982,0.04457358,0.00134952,0.03641495,0.01604034,227489,0.53896629,White
OK-1,282629,0.58312767,0.38754915,0.49175541,0.50824459,0.18561265,0.19284817,0.00328761,0.03209486,0.11606603,215050,0.19557852,Minority
OK-2,282517,0.29578095,0.67917969,0.69415477,0.30584523,0.06362687,0.05690219,0.0015547,0.03112658,0.15809259,215475,-0.38339874,White
OK-3,283387,0.29113863,0.68547898,0.68545123,0.31454877,0.0611771,0.07465905,0.00166455,0.04640418,0.13639416,211468,-0.39434035,White
OK-4,282343,0.23112947,0.74920504,0.64594894,0.35405106,0.01825514,0.03971795,0.0017974,0.01289059,0.28442714,216980,-0.51807557,White
OK-5,283269,0.26243481,0.71762527,0.6344341,0.3655659,0.06737906,0.04371366,0.00144318,0.009468,0.25462944,217575,-0.45519046,White
OK-6,282550,0.19317428,0.79023231,0.68554464,0.31445536,0.04273169,0.04511875,0.00234089,0.00897573,0.22133214,216584,-0.59705803,White
OK-7,283475,0.25762556,0.71836883,0.75253823,0.24746177,0.04741529,0.04757478,0.00165418,0.01884763,0.13452179,219444,-0.46074327,White
OK-8,282532,0.23926703,0.73650813,0.74513049,0.25486951,0.03870671,0.09227257,0.01019229,0.0273489,0.09110225,208491,-0.4972411,White
OK-9,283606,0.17000583,0.81079775,0.71901707,0.28098293,0.04194518,0.13952557,0.00213659,0.01090174,0.0954019,214828,-0.64079192,White
OK-10,282331,0.2562314,0.7233837,0.66422491,0.33577509,0.10407089,0.0933822,0.00511702,0.02392429,0.11947763,215555,-0.4671523,White
OK-11,282653,0.27485977,0.70171491,0.75841018,0.24158982,0.05053018,0.05999952,0.00198728,0.03322611,0.09765292,209835,-0.42685514,White
OK-12,283807,0.45617548,0.516462,0.64649473,0.35350527,0.0944288,0.10785507,0.00273338,0.0641255,0.09062386,220240,-0.06028652,White
OK-13,281974,0.55445962,0.41841319,0.48584036,0.51415964,0.10699703,0.29973751,0.00271903,0.04063488,0.08441687,212576,0.13604643,Minority
OK-14,282280,0.56280885,0.40766185,0.52617072,0.47382928,0.2788866,0.08475187,0.00341187,0.0463626,0.07900848,216597,0.155147,White
OR-1,282048,0.52540805,0.43838858,0.73352482,0.26647518,0.01705304,0.14414565,0.00749972,0.0609974,0.03867918,221075,0.08701947,White
OR-2,282830,0.71112593,0.25510685,0.61168884,0.38831116,0.03691787,0.14227851,0.01063118,0.17789479,0.02797512,219731,0.45601908,White
OR-3,283027,0.64210125,0.32540623,0.75676044,0.24323956,0.02270871,0.09720962,0.00979583,0.0896824,0.02529946,220400,0.31669502,White
OR-4,282040,0.87905023,0.09394539,0.72269016,0.27730984,0.07293577,0.08683246,0.00849358,0.08070977,0.0313289,240417,0.78510484,White
OR-5,282975,0.84195392,0.12959988,0.70427957,0.29572043,0.05505742,0.09288657,0.00805132,0.10931572,0.03327505,232757,0.71235404,White
OR-6,283118,0.58516748,0.38226926,0.63379785,0.36620215,0.06329363,0.16912671,0.01332136,0.09208555,0.03993658,218221,0.20289822,White
OR-7,282178,0.50998407,0.45745755,0.7945807,0.2054193,0.01912139,0.08173353,0.00653079,0.06169262,0.0343584,222944,0.05252652,White
OR-8,282581,0.50448966,0.45834396,0.76253316,0.23746684,0.01754235,0.1341141,0.00846107,0.03275327,0.04567802,220894,0.0461457,White
OR-9,282830,0.43696755,0.53130475,0.65784492,0.34215508,0.01470657,0.24962563,0.0121872,0.02942728,0.04644132,212354,-0.0943372,White
OR-10,282297,0.57556518,0.38923283,0.80308139,0.19691861,0.01441837,0.08171415,0.00612996,0.04778782,0.04371269,231649,0.18633235,White
OR-11,282984,0.63727495,0.32761758,0.79456557,0.20543443,0.02305932,0.08547435,0.00666397,0.04549053,0.04332226,232444,0.30965737,White
OR-12,282320,0.46968999,0.50028214,0.85486335,0.14513665,0.00853666,0.06778851,0.00463687,0.02171466,0.03496413,223858,-0.03059215,White
OR-13,282045,0.45316921,0.5171393,0.80398783,0.19601217,0.01319398,0.10319875,0.00642228,0.02453027,0.04405364,226088,-0.06397009,White
OR-14,282156,0.32722252,0.64436561,0.84117218,0.15882782,0.00903692,0.06188193,0.00436988,0.01849772,0.05775239,228839,-0.31714309,White
OR-15,281827,0.28514195,0.68754151,0.75482804,0.24517196,0.01133888,0.15122317,0.0053475,0.01360849,0.06235244,218981,-0.40239956,White
PA-1,288598,0.68592055,0.30513724,0.47908584,0.52091416,0.39982455,0.05289362,0.00122093,0.06191045,0.01418546,221142,0.38078331,Minority
PA-2,288238,0.58590899,0.40490569,0.84048406,0.15951594,0.04768028,0.02613187,0.00079598,0.07227704,0.00733004,228648,0.1810033,White
PA-3,289488,0.51148127,0.47370799,0.73849594,0.26150406,0.07577512,0.14410611,0.00118419,0.04150837,0.01253307,227159,0.03777328,White
PA-4,288509,0.83557953,0.15858339,0.36595444,0.63404556,0.4396847,0.06987574,0.00155222,0.12317571,0.01454227,230638,0.67699614,Black
PA-5,288691,0.91768489,0.07674058,0.38544107,0.61455893,0.46058249,0.04649454,0.00130603,0.10484944,0.01110531,245018,0.84094431,Black
PA-6,288625,0.89941768,0.09344887,0.36515079,0.63484921,0.51112906,0.07136725,0.00231336,0.05223025,0.01414235,236453,0.80596881,Black
PA-7,289148,0.80833803,0.18593964,0.24431394,0.75568606,0.50220338,0.14697868,0.00181666,0.10464688,0.01352603,222386,0.62239839,Black
PA-8,289264,0.76040764,0.2312591,0.35166685,0.64833315,0.23176795,0.37402682,0.00300255,0.06122242,0.01897461,216816,0.52914854,Hispanic
PA-9,288701,0.5128968,0.47796871,0.6931128,0.3068872,0.09566104,0.08242929,0.00102885,0.11468386,0.0118122,230355,0.03492809,White
PA-10,289268,0.52875489,0.46181797,0.85253233,0.14746767,0.03655881,0.03764752,0.00077951,0.05724426,0.00956321,229630,0.06693692,White
PA-11,288637,0.51066231,0.47831504,0.83666321,0.16333679,0.03937688,0.04443355,0.00088546,0.06528958,0.00966192,230389,0.0323472699999999,White
PA-12,289220,0.55847828,0.43017453,0.60255521,0.39744479,0.09969447,0.26312164,0.00152991,0.04588826,0.01509329,223543,0.12830375,White
PA-13,289701,0.54531525,0.44277975,0.72808085,0.27191915,0.0820901,0.14093538,0.00123428,0.04257607,0.01321148,232525,0.1025355,White
PA-14,289933,0.69357297,0.29769274,0.70879603,0.29120397,0.11708111,0.0732166,0.00117373,0.09138112,0.01120066,229183,0.39588023,White
PA-15,288378,0.65968136,0.33046032,0.72959642,0.27040358,0.12117084,0.04233817,0.00079288,0.09568032,0.00937441,228281,0.32922104,White
PA-16,288241,0.57996772,0.40862872,0.75400015,0.24599985,0.09086173,0.09533005,0.00091163,0.04613367,0.01373277,222679,0.171339,White
PA-17,289557,0.57900987,0.40968826,0.82081191,0.17918809,0.03591547,0.03727119,0.00083223,0.08905712,0.00950348,223497,0.16932161,White
PA-18,289595,0.55372447,0.43211891,0.60747121,0.39252879,0.1086556,0.26969678,0.00236425,0.02413712,0.02037973,220366,0.12160556,White
PA-19,288177,0.39441093,0.59179421,0.89096076,0.10903924,0.02802055,0.04753306,0.00100995,0.01803039,0.01266587,228725,-0.19738328,White
PA-20,288916,0.30214254,0.6829596,0.91601723,0.08398277,0.01831576,0.03764065,0.00079813,0.01420125,0.01105918,218009,-0.38081706,White
PA-21,289891,0.34194712,0.6448295,0.89354522,0.10645478,0.0312116,0.04803328,0.0006698,0.01058447,0.01308874,234400,-0.30288238,White
PA-22,288639,0.29441135,0.69149305,0.87957833,0.12042167,0.02418233,0.07210114,0.0010992,0.01272243,0.01190576,226529,-0.3970817,White
PA-23,289871,0.56958724,0.41620262,0.6391806,0.3608194,0.18981109,0.09500217,0.00143623,0.07016897,0.0153813,227679,0.15338462,White
PA-24,288304,0.40293936,0.58161678,0.7900082,0.2099918,0.08850622,0.08927681,0.00095767,0.02118448,0.0160888,224504,-0.17867742,White
PA-25,289525,0.32731671,0.65800979,0.88703135,0.11296865,0.03228671,0.04649756,0.00110118,0.01478973,0.01575163,229754,-0.33069308,White
PA-26,288801,0.38604963,0.59985443,0.84836812,0.15163188,0.04435727,0.04714283,0.00117681,0.04443661,0.01415695,226885,-0.2138048,White
PA-27,288171,0.5377768,0.45162569,0.75652302,0.24347698,0.10612478,0.10047892,0.0012157,0.02863595,0.01456674,231143,0.08615111,White
PA-28,288602,0.49841891,0.49152094,0.81185465,0.18814535,0.06603814,0.08616957,0.0012456,0.02772099,0.0129671,232820,0.00689796999999998,White
PA-29,288557,0.32491457,0.66159551,0.84807059,0.15192941,0.03195995,0.09916596,0.00126788,0.01203619,0.01297632,231884,-0.33668094,White
PA-30,289839,0.29541239,0.69146592,0.91604304,0.08395696,0.02056482,0.02758225,0.00073125,0.01044705,0.01747304,233846,-0.39605353,White
PA-31,289382,0.44202376,0.54422908,0.84219273,0.15780727,0.05319821,0.03200097,0.00176644,0.0554251,0.01290085,238899,-0.10220532,White
PA-32,288746,0.48665717,0.49934989,0.84566998,0.15433002,0.0745762,0.03331289,0.0006702,0.02439879,0.01500723,228290,-0.01269272,White
PA-33,288167,0.25073141,0.73802033,0.9314131,0.0685869,0.02565587,0.01584282,0.00073141,0.00804984,0.01264726,229694,-0.48728892,White
PA-34,288004,0.2250258,0.7645014,0.93811072,0.06188928,0.02196766,0.01384983,0.00054262,0.00647704,0.01298422,232205,-0.5394756,White
PA-35,288411,0.31720541,0.67060183,0.92181492,0.07818508,0.03200366,0.01315559,0.00064153,0.01193241,0.01290325,233817,-0.35339642,White
PA-36,289615,0.25701711,0.72817219,0.9283909,0.0716091,0.02199121,0.01846049,0.00067455,0.00662597,0.0156769,234230,-0.47115508,White
PA-37,289902,0.30137492,0.6862061,0.93841605,0.06158395,0.01489243,0.01259107,0.00067712,0.01322962,0.01253536,233340,-0.38483118,White
PA-38,289821,0.33756715,0.65022395,0.91118394,0.08881606,0.04358653,0.01214178,0.00075268,0.00726872,0.01531593,232503,-0.3126568,White
PA-39,287960,0.33691625,0.65295464,0.92956941,0.07043059,0.02904878,0.01088636,0.00082362,0.00812103,0.01293475,234330,-0.31603839,White
PA-40,289632,0.37024519,0.61917872,0.90293338,0.09706662,0.04768132,0.01561688,0.00088606,0.01080317,0.01367861,234746,-0.24893353,White
PA-41,287971,0.45860092,0.52867579,0.85849784,0.14150216,0.0712739,0.01937061,0.00092801,0.02906898,0.01437329,229523,-0.07007487,White
PA-42,288149,0.54035487,0.44771912,0.8576149,0.1423851,0.04056252,0.02220227,0.00077188,0.06362773,0.01016014,230607,0.09263575,White
PA-43,288948,0.50765389,0.47993455,0.88204077,0.11795923,0.05556247,0.01658165,0.00068214,0.02894602,0.01074268,233089,0.02771934,White
PA-44,289780,0.59655913,0.39263585,0.7088463,0.2911537,0.23489956,0.01990609,0.0009467,0.02175279,0.01459101,235556,0.20392328,White
PA-45,289127,0.78120244,0.20795557,0.65714009,0.34285991,0.2140514,0.03524551,0.00105716,0.08055828,0.01225422,247833,0.57324687,White
RI-1,273398,0.62985594,0.34896118,0.86486688,0.13513312,0.04159458,0.04205884,0.00164679,0.02714575,0.01627081,228323,0.28089476,White
RI-2,275051,0.77228969,0.20973949,0.38048664,0.61951336,0.1879402,0.37662228,0.00325864,0.05770242,0.02896625,212972,0.5625502,Minority
RI-3,274959,0.55703572,0.42380676,0.78172008,0.21827992,0.05933259,0.10250976,0.00138323,0.04552246,0.01513573,225559,0.13322896,White
RI-4,273971,0.48758083,0.49166743,0.8499094,0.1500906,0.03379542,0.05913292,0.00123675,0.037107,0.0151717,220740,-0.0040866,White
SC-1,283563,0.60843791,0.37134939,0.61138433,0.38861567,0.2725615,0.07291141,0.00205856,0.02667427,0.01720836,229772,0.23708852,White
SC-2,285223,0.43900856,0.54209831,0.62657554,0.37342446,0.25155802,0.06355873,0.00274697,0.03111364,0.02565708,214054,-0.10308975,White
SC-3,284454,0.4439269,0.54323357,0.68167129,0.31832871,0.20635526,0.07960081,0.00126281,0.01489939,0.01858258,228063,-0.09930667,White
SC-4,284670,0.40632589,0.57949562,0.79809821,0.20190179,0.10689942,0.04985015,0.00151812,0.02492942,0.01570758,229889,-0.17316973,White
SC-5,284726,0.3301633,0.66005692,0.77219505,0.22780495,0.13042357,0.05672235,0.00141849,0.01668228,0.02060247,232642,-0.32989362,White
SC-6,283667,0.58187044,0.40941559,0.41939762,0.58060238,0.52722798,0.03381744,0.00113496,0.00887941,0.01446076,224677,0.17245485,Black
SC-7,283927,0.5066202,0.48287352,0.50178467,0.49821533,0.44585155,0.02289423,0.00089684,0.01175808,0.02077606,221890,0.02374668,White
SC-8,283714,0.62487971,0.36148909,0.49567438,0.50432562,0.40257583,0.0575654,0.00225163,0.03383666,0.0162455,225170,0.26339062,Minority
SC-9,285179,0.67854447,0.30642191,0.4032662,0.5967338,0.51700564,0.0432079,0.0022608,0.02852398,0.01628588,221603,0.37212256,Black
SC-10,283472,0.39394926,0.59242376,0.69528117,0.30471883,0.20287573,0.05259603,0.00087567,0.03068568,0.0187151,214693,-0.1984745,White
SC-11,285250,0.31914319,0.66429059,0.7574606,0.2425394,0.13276356,0.06107499,0.00129869,0.0253153,0.02427726,218682,-0.3451474,White
SC-12,284482,0.37841998,0.60758737,0.64899435,0.35100565,0.26879698,0.0503914,0.00139262,0.01305244,0.02018406,225475,-0.22916739,White
SC-13,284598,0.35581173,0.62939973,0.69300974,0.30699026,0.2077085,0.06290773,0.00102017,0.01785535,0.01863306,218590,-0.273588,White
SC-14,283976,0.39199592,0.59411579,0.67380518,0.32619482,0.23800861,0.04733795,0.00107328,0.01567623,0.02544489,219887,-0.20211987,White
SC-15,283517,0.29527573,0.68963295,0.76433457,0.23566543,0.12722789,0.05935987,0.00099934,0.02801819,0.02032602,218144,-0.39435722,White
SC-16,284943,0.54396244,0.43692928,0.53007203,0.46992797,0.30609166,0.11616641,0.00163141,0.03319625,0.02018586,220055,0.10703316,White
SC-17,284723,0.27403316,0.70705489,0.80282839,0.19717161,0.08223745,0.06614351,0.00132471,0.02436243,0.02254643,227974,-0.43302173,White
SC-18,284341,0.27656638,0.70926972,0.79278226,0.20721774,0.12905914,0.04023297,0.00103943,0.01389337,0.02219086,223200,-0.43270334,White
SD-1,295237,0.41793723,0.55522913,0.8539254,0.1460746,0.04280528,0.04077017,0.00121925,0.02545473,0.03312831,220627,-0.1372919,White
SD-2,295238,0.31470675,0.66242454,0.88732207,0.11267793,0.01148146,0.03594274,0.00137423,0.01743941,0.04632039,225581,-0.34771779,White
SD-3,296192,0.33584624,0.63517745,0.75104799,0.24895201,0.01310038,0.03027165,0.00203545,0.01280448,0.19215681,223047,-0.29933121,White
TN-1,287004,0.24464761,0.73737825,0.89454822,0.10545178,0.03292921,0.0317461,0.00087765,0.01193867,0.02460871,232438,-0.49273064,White
TN-2,287764,0.21531386,0.76978106,0.89660558,0.10339442,0.02958104,0.03670659,0.0015008,0.0099053,0.02377793,229877,-0.5544672,White
TN-3,287742,0.22169899,0.76461446,0.91493146,0.08506854,0.02352548,0.02296639,0.00087164,0.00850069,0.02581903,227158,-0.54291547,White
TN-4,287440,0.52441222,0.45196037,0.74889349,0.25110651,0.12994888,0.06040507,0.00165487,0.03380547,0.02689496,230229,0.07245185,White
TN-5,288503,0.21868614,0.76267787,0.89738873,0.10261127,0.01767225,0.04274129,0.00084796,0.01145827,0.02690844,229965,-0.54399173,White
TN-6,287372,0.2722422,0.71096744,0.87632231,0.12367769,0.03020037,0.04159498,0.00076758,0.02058795,0.02664037,226686,-0.43872524,White
TN-7,288942,0.21613943,0.76562488,0.87485556,0.12514444,0.03846509,0.04045974,0.00123457,0.01225347,0.03083358,227609,-0.54948545,White
TN-8,288314,0.50400896,0.47539409,0.66508146,0.33491854,0.21585704,0.06703893,0.00114398,0.03030449,0.02335295,228151,0.02861487,White
TN-9,287744,0.21886317,0.764849,0.88848275,0.11151725,0.03405259,0.03695115,0.00087178,0.00865586,0.02731288,225974,-0.54598583,White
TN-10,288231,0.20495006,0.78184568,0.91633041,0.08366959,0.01951797,0.02812782,0.00096197,0.00931065,0.02407536,229737,-0.57689562,White
TN-11,288222,0.27836857,0.70488809,0.82354303,0.17645697,0.08094702,0.05211614,0.00132514,0.01577008,0.02449241,220354,-0.42651952,White
TN-12,287043,0.34217862,0.63676261,0.77401904,0.22598096,0.10056188,0.06155561,0.00138844,0.04017646,0.02146274,215350,-0.29458399,White
TN-13,288798,0.34973491,0.63386979,0.83962835,0.16037165,0.04255982,0.04747711,0.00113839,0.04719842,0.01798755,211702,-0.28413488,White
TN-14,287053,0.37686279,0.59942777,0.66830815,0.33169185,0.18730417,0.08745398,0.0056239,0.03117719,0.0274106,211597,-0.22256498,White
TN-15,287941,0.70024746,0.26620925,0.53155883,0.46844117,0.33290631,0.08612603,0.00136195,0.03217171,0.02151023,234958,0.43403821,White
TN-16,287359,0.58983076,0.38346471,0.69109989,0.30890011,0.110958,0.11701341,0.00145191,0.06491858,0.01910086,230042,0.20636605,White
TN-17,288555,0.58815459,0.38170273,0.51788652,0.48211348,0.27287474,0.15018203,0.00181804,0.04207922,0.02349784,219467,0.20645186,White
TN-18,288485,0.19527012,0.78937567,0.86502478,0.13497522,0.06047745,0.04083111,0.00101966,0.00700792,0.02393517,223604,-0.59410555,White
TN-19,288335,0.25023001,0.73245334,0.8540372,0.1459628,0.07287226,0.03819579,0.00089542,0.00844192,0.023379,224475,-0.48222333,White
TN-20,287910,0.22767981,0.75874729,0.81417382,0.18582618,0.12605008,0.02816489,0.00111329,0.00699909,0.02116137,225458,-0.53106748,White
TN-21,287989,0.60453291,0.38201265,0.36605707,0.63394293,0.53489553,0.05702539,0.00105594,0.03217704,0.01394743,222550,0.22252026,Black
TN-22,287202,0.58412778,0.40000717,0.43607269,0.56392731,0.48544806,0.04171572,0.00127813,0.02015237,0.01860853,218287,0.18412061,Black
TN-23,288798,0.59381167,0.39067896,0.42272669,0.57727331,0.47379407,0.05842327,0.00113939,0.03559449,0.01319867,219416,0.20313271,Black
TN-24,288094,0.59321864,0.39061184,0.42792027,0.57207973,0.43254675,0.09171836,0.00122613,0.03496073,0.01767181,219389,0.2026068,Black
TX-1,288121,0.62463041,0.35924764,0.20371914,0.79628086,0.05711538,0.70506573,0.00380616,0.03267989,0.02640956,218330,0.26538277,Hispanic
TX-2,288628,0.71084273,0.27425854,0.09249452,0.90750548,0.0290975,0.86518874,0.00238241,0.01404461,0.0229764,224143,0.43658419,Hispanic
TX-3,288908,0.67263708,0.31115101,0.07966359,0.92033641,0.03428828,0.87050161,0.00320511,0.01529466,0.02395192,202489,0.36148607,Hispanic
TX-4,288119,0.52867484,0.45549791,0.27670077,0.72329923,0.05172813,0.63324841,0.00191636,0.03009414,0.02224705,220209,0.07317693,Hispanic
TX-5,288699,0.57148403,0.41729592,0.10089746,0.89910254,0.01154358,0.87438407,0.0007128,0.01124219,0.01500234,209034,0.15418811,Hispanic
TX-6,288850,0.5517725,0.43820984,0.11781646,0.88218354,0.00769883,0.86317036,0.00088195,0.00951634,0.01539766,205226,0.11356266,Hispanic
TX-7,287849,0.59246054,0.39622893,0.07462861,0.92537139,0.00508012,0.90949296,0.0003994,0.00907408,0.01444158,205310,0.19623161,Hispanic
TX-8,288660,0.57997408,0.41144821,0.06508732,0.93491268,0.01241057,0.89916034,0.00039888,0.02204921,0.01600044,198057,0.16852587,Hispanic
TX-9,289070,0.54186194,0.44865245,0.0617844,0.9382156,0.00446176,0.92617084,0.00047519,0.00704278,0.012665,199921,0.09320949,Hispanic
TX-10,288568,0.59787905,0.39190898,0.0498596,0.9501404,0.00725978,0.93193226,0.00064575,0.00719129,0.01206865,204414,0.20597007,Hispanic
TX-11,288078,0.48096249,0.5075181,0.21373092,0.78626908,0.04209444,0.72286308,0.00178798,0.01248702,0.02545469,208056,-0.02655561,Hispanic
TX-12,289067,0.31734406,0.66974985,0.31383267,0.68616733,0.04133516,0.6179821,0.00221371,0.0154492,0.02404197,213668,-0.35240579,Hispanic
TX-13,288160,0.2174494,0.76594468,0.61543807,0.38456193,0.06725392,0.25600029,0.00104473,0.03282385,0.03340835,217281,-0.54849528,White
TX-14,288026,0.19439386,0.79220656,0.47851595,0.52148405,0.05820865,0.4268842,0.00166941,0.01940928,0.02579909,208457,-0.5978127,Minority
TX-15,288547,0.34594995,0.63787513,0.52400841,0.47599159,0.0987276,0.31762153,0.00145999,0.04107849,0.02781206,221235,-0.29192518,White
TX-16,288864,0.16951916,0.81816834,0.49797622,0.50202378,0.0357832,0.43733822,0.00168491,0.01050952,0.02984836,212474,-0.64864918,Minority
TX-17,289427,0.59218849,0.39107887,0.27185652,0.72814348,0.11135477,0.55946907,0.00530353,0.05587059,0.03012578,207032,0.20110962,Hispanic
TX-18,287938,0.60303633,0.37974167,0.31977115,0.68022885,0.08230472,0.508901,0.00330671,0.08402369,0.0299616,228626,0.22329466,Hispanic
TX-19,288744,0.73329882,0.25200958,0.10026131,0.89973869,0.04259919,0.84605262,0.00198333,0.01223834,0.02787935,212774,0.48128924,Hispanic
TX-20,287962,0.7322847,0.25362148,0.15299257,0.84700743,0.08777696,0.74486085,0.00199111,0.01404686,0.02993027,219978,0.47866322,Hispanic
TX-21,288048,0.58163265,0.40112063,0.35501256,0.64498744,0.17874205,0.4166122,0.00573469,0.04525162,0.03013246,217274,0.18051202,Hispanic
TX-22,289083,0.50054117,0.48397996,0.46803999,0.53196001,0.06673573,0.39979015,0.00365687,0.05571198,0.02815704,225876,0.01656121,Minority
TX-23,289249,0.23499964,0.7534251,0.66450977,0.33549023,0.01623939,0.28523326,0.00190187,0.01042139,0.02569256,231351,-0.51842546,White
TX-24,289362,0.25794694,0.7250432,0.60873969,0.39126031,0.06551361,0.2800952,0.00258893,0.0236047,0.02992715,220168,-0.46709626,White
TX-25,288926,0.13599133,0.85299125,0.7234819,0.2765181,0.03942992,0.20296189,0.00180916,0.00829382,0.0287519,226072,-0.71699992,White
TX-26,287846,0.51969582,0.45762086,0.39752515,0.60247485,0.29696814,0.23948044,0.01597648,0.05250368,0.03352536,209871,0.06207496,Minority
TX-27,289173,0.32617068,0.65928018,0.52586718,0.47413282,0.07549713,0.3587459,0.00321069,0.02283819,0.02775542,217399,-0.3331095,White
TX-28,288315,0.37890049,0.60189457,0.68418877,0.31581123,0.04950336,0.19210793,0.0025165,0.04980644,0.02830141,217763,-0.22299408,White
TX-29,289464,0.57905357,0.39568213,0.55253391,0.44746609,0.08022223,0.21084921,0.00288212,0.13749403,0.0256194,215813,0.18337144,White
TX-30,288524,0.57919143,0.39939843,0.3627183,0.6372817,0.09767396,0.50529203,0.00191795,0.02155924,0.03532417,212206,0.179793,Hispanic
TX-31,287808,0.57413623,0.40536573,0.52044754,0.47955246,0.05824585,0.35848023,0.01277915,0.04596574,0.02955959,224428,0.1687705,White
TX-32,289229,0.63450019,0.34201112,0.41683188,0.58316812,0.15547169,0.30240196,0.0032561,0.11329636,0.02897834,214367,0.29248907,Minority
TX-33,288454,0.82239284,0.15576248,0.38369743,0.61630257,0.13114137,0.39488225,0.00234513,0.08088544,0.03142131,231117,0.66663036,Hispanic
TX-34,288680,0.80020748,0.1778677,0.62433623,0.37566377,0.0466787,0.22083037,0.00216941,0.0904797,0.02389182,247072,0.62233978,White
TX-35,287651,0.60087158,0.37907371,0.70248097,0.29751903,0.0290354,0.12955138,0.00203733,0.11706643,0.02070753,218423,0.22179787,White
TX-36,289220,0.33366461,0.65208833,0.61910587,0.38089413,0.04305438,0.27532805,0.00297131,0.0419544,0.02742189,219095,-0.31842372,White
TX-37,289013,0.35604117,0.62801465,0.59083302,0.40916698,0.13784675,0.22510226,0.00165993,0.02427869,0.02890276,219287,-0.27197348,White
TX-38,288443,0.25386215,0.72906535,0.66495435,0.33504565,0.10537777,0.17813109,0.00614899,0.02381888,0.03051455,221337,-0.4752032,White
TX-39,289202,0.78031982,0.2080271,0.17482347,0.82517653,0.52642014,0.2677532,0.00124501,0.02656343,0.02565199,212849,0.57229272,Black
TX-40,288885,0.84434511,0.14302025,0.17031882,0.82968118,0.47126484,0.33020876,0.00138264,0.02517851,0.02182199,219870,0.70132486,Black
TX-41,288785,0.67100508,0.31595301,0.19367755,0.80632245,0.22988705,0.54272226,0.00151264,0.02648113,0.03573,202295,0.35505207,Hispanic
TX-42,289141,0.65114135,0.33286156,0.24374782,0.75625218,0.17717895,0.51634859,0.00158486,0.05306925,0.03559333,212006,0.31827979,Hispanic
TX-43,288480,0.68962965,0.29533295,0.18741682,0.81258318,0.12193389,0.64135001,0.00173346,0.04065568,0.03655885,211139,0.3942967,Hispanic
TX-44,288053,0.64143358,0.34333313,0.26562088,0.73437912,0.11613105,0.50014083,0.00199435,0.10859887,0.03162792,220122,0.29810045,Hispanic
TX-45,288089,0.55670142,0.42844533,0.6863394,0.3136606,0.07940219,0.15058009,0.00147364,0.06478926,0.02194709,234792,0.12825609,White
TX-46,288638,0.54797851,0.43729614,0.40198659,0.59801341,0.23997242,0.20052459,0.00170356,0.14309021,0.02523796,221888,0.11068237,Minority
TX-47,288698,0.56283451,0.41935484,0.51546625,0.48453375,0.13808633,0.21452965,0.00191674,0.11581545,0.02329543,234252,0.14347967,White
TX-48,287819,0.54242721,0.4399608,0.48856779,0.51143221,0.09862867,0.14011423,0.00191285,0.25473274,0.02073155,222704,0.10246641,Minority
TX-49,287655,0.51118117,0.47041309,0.4849745,0.5150255,0.12270699,0.13422286,0.00216994,0.23879639,0.02270846,204153,0.04076808,Minority
TX-50,288761,0.57307735,0.41171861,0.39323399,0.60676601,0.1543967,0.17006507,0.00220182,0.26751929,0.02190612,222997,0.16135874,Minority
TX-51,289203,0.53005846,0.45175269,0.52992966,0.47007034,0.14838786,0.19810225,0.00230845,0.10149648,0.02996271,211830,0.07830577,White
TX-52,288000,0.6537389,0.33329786,0.25208308,0.74791692,0.30120783,0.31449634,0.00238204,0.12457198,0.02742706,208225,0.32044104,Hispanic
TX-53,288234,0.58180164,0.40188816,0.4032124,0.5967876,0.27297731,0.21562336,0.00819727,0.08917681,0.02634003,222513,0.17991348,Minority
TX-54,288204,0.70247836,0.28207637,0.21168406,0.78831594,0.19236616,0.55942566,0.0015056,0.02967435,0.02473904,207890,0.42040199,Hispanic
TX-55,289090,0.58513077,0.39862283,0.44678357,0.55321643,0.24124568,0.25163547,0.00197165,0.04659277,0.02588588,220120,0.18650794,Minority
TX-56,288759,0.40017161,0.58387171,0.63880431,0.36119569,0.12013575,0.16967992,0.00225201,0.04563373,0.03086202,220692,-0.1837001,White
TX-57,288837,0.37314708,0.61009698,0.66084832,0.33915168,0.06194539,0.17850136,0.00358641,0.07146264,0.02925374,222228,-0.2369499,White
TX-58,288487,0.42403139,0.55986443,0.60086968,0.39913032,0.08581242,0.18014808,0.00184533,0.10881054,0.02927863,218931,-0.13583304,White
TX-59,288919,0.39745153,0.5852371,0.59106862,0.40893138,0.09754519,0.18875254,0.00331982,0.09843112,0.02994164,205433,-0.18778557,White
TX-60,288801,0.36994784,0.61162869,0.64329253,0.35670747,0.09990926,0.14308047,0.00211566,0.08910413,0.02779449,202774,-0.24168085,White
TX-61,287710,0.20213296,0.78475971,0.74717321,0.25282679,0.03159133,0.17159847,0.00391401,0.01254315,0.03496974,218446,-0.58262675,White
TX-62,288706,0.20951027,0.77626546,0.75938105,0.24061895,0.03166379,0.15136781,0.00189031,0.02072867,0.03541668,216367,-0.56675519,White
TX-63,287673,0.28622406,0.69880919,0.60774635,0.39225365,0.12675628,0.22628794,0.00394811,0.01102004,0.02995972,213520,-0.41258513,White
TX-64,287729,0.30086214,0.68296976,0.66259494,0.33740506,0.0916138,0.16865752,0.00208956,0.04440675,0.03603902,211049,-0.38210762,White
TX-65,289456,0.24277158,0.74649929,0.70052404,0.29947596,0.09800771,0.15724081,0.0013759,0.01366207,0.03279082,216585,-0.50372771,White
TX-66,288922,0.31598213,0.67039509,0.58216315,0.41783685,0.19428789,0.18272264,0.00127282,0.01958217,0.02602867,218413,-0.35441296,White
TX-67,288107,0.2282065,0.7572461,0.72367096,0.27632904,0.09251816,0.12419233,0.00209438,0.01862662,0.04272982,224410,-0.5290396,White
TX-68,288869,0.27131052,0.71402731,0.73203148,0.26796852,0.05116055,0.14380415,0.00192803,0.03594637,0.0373142,214208,-0.44271679,White
TX-69,288385,0.21838935,0.77121303,0.69869548,0.30130452,0.13633488,0.12189409,0.00138215,0.01072514,0.03336011,222841,-0.55282368,White
TX-70,288968,0.22023653,0.76840844,0.69896808,0.30103192,0.15941409,0.10074185,0.00118011,0.01077414,0.0298496,222013,-0.54817191,White
TX-71,287575,0.23072366,0.75834934,0.69377016,0.30622984,0.13862338,0.13237676,0.00106152,0.01229819,0.02441492,220439,-0.52762568,White
TX-72,288439,0.18914729,0.80159859,0.69333304,0.30666696,0.13827247,0.13292223,0.0009612,0.00835674,0.02643522,227840,-0.6124513,White
TX-73,287801,0.23991796,0.74744399,0.63695568,0.36304432,0.12486906,0.19257463,0.0014175,0.01995195,0.0263396,224339,-0.50752603,White
TX-74,288545,0.38354447,0.59402116,0.56314182,0.43685818,0.11858293,0.23866042,0.0017663,0.06356915,0.02329934,228161,-0.21047669,White
TX-75,288162,0.22561505,0.76341635,0.6212858,0.3787142,0.09532415,0.25447416,0.00094644,0.01164117,0.02147509,221885,-0.5378013,White
TX-76,289041,0.3103724,0.67633077,0.45499054,0.54500946,0.03774204,0.46926463,0.00172638,0.0205412,0.02369274,222431,-0.36595837,Hispanic
TX-77,289419,0.33197115,0.65288765,0.50863663,0.49136337,0.12344506,0.3097888,0.00127762,0.03877607,0.02712987,216809,-0.3209165,White
TX-78,288359,0.33105412,0.65607038,0.5690709,0.4309291,0.14297149,0.24850607,0.00157351,0.01716767,0.02865069,219890,-0.32501626,White
TX-79,289202,0.33590316,0.64755339,0.60396723,0.39603277,0.09355776,0.21452644,0.00165495,0.06584089,0.02595067,215717,-0.31165023,White
TX-80,289451,0.46204947,0.52613852,0.43791937,0.56208063,0.31850948,0.19132422,0.00092942,0.0403821,0.01961753,220568,-0.06408905,Minority
TX-81,289558,0.27287762,0.71257081,0.56358116,0.43641884,0.07381773,0.30591505,0.00267891,0.03226129,0.03434436,209787,-0.43969319,White
TX-82,287974,0.34852925,0.63608442,0.62556809,0.37443191,0.07364062,0.19919922,0.00235301,0.0797129,0.02423693,210794,-0.28755517,White
TX-83,288196,0.3974691,0.58829736,0.51201279,0.48798721,0.13724452,0.22075092,0.00197464,0.11403203,0.02469463,215229,-0.19082826,White
TX-84,289380,0.41102201,0.57412757,0.46041426,0.53958574,0.13573082,0.28350885,0.0018795,0.10689408,0.02575107,206438,-0.16310556,Minority
TX-85,288112,0.58110153,0.40502169,0.27908958,0.72091042,0.20820506,0.38890458,0.00201478,0.11925811,0.02800923,212430,0.17607984,Hispanic
TX-86,288148,0.39211536,0.59289666,0.48293179,0.51706821,0.1045864,0.24047946,0.00129033,0.15723581,0.01824894,200724,-0.2007813,Minority
TX-87,288271,0.55750145,0.42818818,0.30724856,0.69275144,0.17977305,0.18098045,0.00173014,0.32519302,0.01452581,216167,0.12931327,Asian
TX-88,288241,0.63004707,0.35739483,0.18256921,0.81743079,0.27688546,0.27742566,0.00150418,0.26268657,0.01853913,214735,0.27265224,Hispanic
TX-89,289416,0.55371442,0.4330677,0.29323099,0.70676901,0.28756341,0.31985792,0.00287796,0.09137403,0.02861221,215083,0.12064672,Hispanic
TX-90,288217,0.65693577,0.33126329,0.12201628,0.87798372,0.22840999,0.50782542,0.00170128,0.14442041,0.02610831,212193,0.32567248,Hispanic
TX-91,287701,0.51930427,0.46820225,0.46430477,0.53569523,0.12210717,0.28178612,0.00165499,0.12295727,0.02236039,221150,0.05110202,Minority
TX-92,288821,0.66178789,0.32170182,0.56831576,0.43168424,0.1235885,0.18308067,0.00185913,0.1099424,0.01816291,240435,0.34008607,White
TX-93,287656,0.67229915,0.31558592,0.16025781,0.83974219,0.34392189,0.44155851,0.00506509,0.05100708,0.02899569,202168,0.35671323,Hispanic
TX-94,288841,0.55386308,0.43127142,0.25856138,0.74143862,0.13708423,0.5136504,0.00144372,0.08602465,0.03351206,215415,0.12259166,Hispanic
TX-95,288318,0.70776996,0.28068217,0.08849296,0.91150704,0.13546018,0.746441,0.00136158,0.03006134,0.03312853,206378,0.42708779,Hispanic
TX-96,288822,0.36110665,0.62593485,0.49840087,0.50159913,0.13666603,0.31410743,0.00225396,0.0323147,0.0278827,210740,-0.2648282,Minority
TX-97,289284,0.38214688,0.60195186,0.5159221,0.4840779,0.06702708,0.33205456,0.00174173,0.06546631,0.02859599,221045,-0.21980498,White
TX-98,287588,0.6453085,0.34267917,0.10968243,0.89031757,0.13230067,0.68929589,0.00131359,0.07067492,0.02675204,212395,0.30262933,Hispanic
TX-99,289023,0.64358113,0.34534858,0.11186797,0.88813203,0.14867884,0.72424644,0.00126764,0.01533499,0.02974761,202739,0.29823255,Hispanic
TX-100,288465,0.87937776,0.10927839,0.14400045,0.85599955,0.51894594,0.26321505,0.00197135,0.07582736,0.01762879,229284,0.77009937,Black
TX-101,289428,0.82881981,0.16085749,0.08895066,0.91104934,0.53682637,0.29758584,0.00155169,0.0806163,0.02102868,210094,0.66796232,Black
UT-1,297185,0.33014052,0.60078565,0.83607183,0.16392817,0.01509311,0.08849733,0.01269981,0.0330205,0.01761523,201814,-0.27064513,White
UT-2,297254,0.37575056,0.57518198,0.74930935,0.25069065,0.02428923,0.17012815,0.0084337,0.0300168,0.02666121,212481,-0.19943142,White
UT-3,296491,0.25282445,0.68910814,0.84954432,0.15045568,0.00965806,0.09503001,0.00678543,0.01971468,0.02081318,205735,-0.43628369,White
UT-4,296650,0.22305757,0.73508318,0.83671363,0.16328637,0.00601033,0.08574181,0.00542551,0.01111149,0.05665338,203483,-0.51202561,White
UT-5,297838,0.19885412,0.75790983,0.84471877,0.15528123,0.0093697,0.09483693,0.01127422,0.01686268,0.02485612,215802,-0.55905571,White
UT-6,297889,0.30527521,0.61901461,0.76187206,0.23812794,0.01457478,0.15078918,0.02149814,0.03704823,0.0211593,218391,-0.3137394,White
UT-7,297403,0.24681195,0.68561037,0.83289846,0.16710154,0.01067623,0.09878234,0.01453577,0.02834855,0.01735703,183960,-0.43879842,White
UT-8,298123,0.53558689,0.41960992,0.80770296,0.19229704,0.01648146,0.09686093,0.00979061,0.05085579,0.0170219,223888,0.11597697,White
UT-9,296882,0.37488557,0.57188376,0.76341501,0.23658499,0.01564817,0.13894158,0.01886058,0.04873795,0.01796879,202963,-0.19699819,White
UT-10,297700,0.56736819,0.38101361,0.49465327,0.50534673,0.03588253,0.34956224,0.04099396,0.06116477,0.0362646,214617,0.18635458,Minority
UT-11,298201,0.67869976,0.27819491,0.75203493,0.24796507,0.02791833,0.12089641,0.01254374,0.06463637,0.02210305,240917,0.40050485,White
VA-1,287354,0.52177806,0.45698184,0.6333839,0.3666161,0.21624907,0.07993372,0.00385175,0.05503941,0.02251593,228727,0.0647962200000001,White
VA-2,287735,0.5140431,0.46357932,0.58219156,0.41780844,0.21448662,0.07731121,0.00504115,0.1129933,0.02247456,220783,0.05046378,White
VA-3,287025,0.55261775,0.42783042,0.52794313,0.47205687,0.35617636,0.05576328,0.00329734,0.04533841,0.0231087,219571,0.12478733,White
VA-4,288101,0.7521098,0.22741839,0.38647446,0.61352554,0.49766629,0.06775385,0.00430639,0.04071495,0.02247587,229891,0.52469141,Black
VA-5,288276,0.6552906,0.32432887,0.4297965,0.5702035,0.43420814,0.08110871,0.00402225,0.04758997,0.02358038,225993,0.33096173,Black
VA-6,287153,0.54763438,0.43899016,0.4782947,0.5217053,0.4483642,0.0402598,0.00241576,0.0184148,0.02054686,232639,0.10864422,Minority
VA-7,288584,0.40666164,0.57363578,0.78393198,0.21606802,0.11366159,0.03970164,0.00239311,0.04058962,0.02037473,225230,-0.16697414,White
VA-8,287522,0.59759262,0.38185857,0.66482209,0.33517791,0.14519669,0.06040038,0.00127566,0.11377143,0.01375955,227333,0.21573405,White
VA-9,287644,0.83386514,0.14963473,0.32735214,0.67264786,0.54623671,0.0854204,0.00144127,0.0344459,0.01883288,228271,0.68423041,Black
VA-10,288025,0.55416352,0.42792701,0.57690334,0.42309666,0.26136228,0.10272108,0.00156263,0.04572408,0.01973678,218222,0.12623651,White
VA-11,287279,0.59827633,0.37871329,0.70432975,0.29567025,0.16551525,0.05067083,0.00137309,0.06123802,0.01701941,232323,0.21956304,White
VA-12,287753,0.27930652,0.70348834,0.88576893,0.11423107,0.05702271,0.0214051,0.00084619,0.01339654,0.01869817,231627,-0.42418182,White
VA-13,287837,0.19349806,0.79554571,0.93072991,0.06927009,0.03143924,0.01182214,0.00086327,0.00570695,0.0173037,235152,-0.60204765,White
VA-14,287498,0.34202974,0.64749494,0.72172006,0.27827994,0.22371431,0.03263319,0.00075108,0.00720865,0.0154317,231666,-0.3054652,White
VA-15,288377,0.36610176,0.61888494,0.69059687,0.30940313,0.24049506,0.03265133,0.00107104,0.01967102,0.01790358,226882,-0.25278318,White
VA-16,287150,0.38713039,0.59576945,0.73549844,0.26450156,0.18047499,0.04828065,0.00151528,0.01553925,0.01977249,230320,-0.20863906,White
VA-17,287673,0.38364345,0.59871666,0.73086324,0.26913676,0.18171609,0.04352977,0.00182328,0.01835173,0.02563606,227063,-0.21507321,White
VA-18,287818,0.5467307,0.43136032,0.54949023,0.45050977,0.24027782,0.13643216,0.00362542,0.05867823,0.02712958,212941,0.11537038,White
VA-19,286779,0.62678778,0.35654424,0.38017998,0.61982002,0.25388839,0.2424112,0.00316367,0.11837532,0.02451966,211463,0.27024354,Minority
VA-20,288150,0.55420468,0.42581442,0.53863323,0.46136677,0.12421467,0.21979334,0.0020018,0.10503785,0.02336367,212809,0.12839026,White
VA-21,288385,0.58675801,0.393733,0.56707633,0.43292367,0.08316902,0.09559743,0.00222871,0.241289,0.01465712,202359,0.19302501,White
VA-22,286868,0.67186845,0.30638388,0.55768669,0.44231331,0.07472965,0.15939646,0.00189975,0.19610368,0.01485551,218976,0.36548457,White
VA-23,288160,0.6925601,0.28459318,0.51852002,0.48147998,0.07594219,0.12140226,0.00195208,0.27285035,0.01322826,222327,0.40796692,White
VA-24,287066,0.6738875,0.30551204,0.52821097,0.47178903,0.08199581,0.11077154,0.00219075,0.26762161,0.01361815,219560,0.36837546,White
VA-25,288407,0.72576351,0.25514879,0.4422055,0.5577945,0.18982148,0.19747045,0.00323505,0.16347046,0.01934632,218853,0.47061472,Minority
VA-26,288259,0.75693983,0.2215046,0.54204451,0.45795549,0.0783617,0.19370349,0.00168814,0.17526648,0.01969207,226284,0.53543523,White
VA-27,287582,0.81227789,0.16687435,0.52146845,0.47853155,0.18171201,0.16846253,0.0024911,0.12054762,0.01959277,238047,0.64540354,White
VA-28,287413,0.33724348,0.64385388,0.83869345,0.16130655,0.04733967,0.07370478,0.00114399,0.01838836,0.02087219,224653,-0.3066104,White
VA-29,288492,0.37476322,0.60529664,0.82689612,0.17310388,0.06770677,0.06692003,0.0014445,0.0213838,0.01820245,232606,-0.23053342,White
VA-30,287028,0.51950463,0.45775488,0.73426014,0.26573986,0.13956719,0.04926382,0.00111406,0.05803865,0.01819918,232483,0.0617497500000001,White
VT-1,321632,0.67010094,0.29775071,0.89319681,0.10680319,0.02069386,0.02130002,0.00106654,0.03039243,0.02517101,260657,0.37235023,White
VT-2,321445,0.65177048,0.31558537,0.91472757,0.08527243,0.01381219,0.02107837,0.00090969,0.01418743,0.02357244,263825,0.33618511,White
WA-1,285668,0.57389537,0.39321982,0.78053863,0.21946137,0.01699503,0.09222238,0.00646197,0.0556528,0.04576024,227949,0.18067555,White
WA-2,285164,0.54711607,0.41769512,0.76016786,0.23983214,0.02568747,0.100254,0.00922363,0.05934401,0.04589729,226375,0.12942095,White
WA-3,285043,0.64360548,0.32153708,0.58280599,0.41719401,0.06763374,0.12417748,0.01394352,0.18717088,0.03098811,222182,0.3220684,White
WA-4,285695,0.51221851,0.45003954,0.74474955,0.25525045,0.0228568,0.07575912,0.00754954,0.11414522,0.03114649,216172,0.0621789699999999,White
WA-5,284673,0.72709747,0.24223054,0.66532061,0.33467939,0.04795163,0.08140636,0.00857396,0.17204723,0.02610059,227083,0.48486693,White
WA-6,285579,0.89526198,0.07923973,0.64157863,0.35842137,0.05582159,0.07314805,0.00624256,0.20419312,0.02062442,246213,0.81602225,White
WA-7,285596,0.87610223,0.09957679,0.69754489,0.30245511,0.04421145,0.06591267,0.00564687,0.16371043,0.02244112,245977,0.77652544,White
WA-8,285720,0.83077745,0.14573245,0.41029795,0.58970205,0.16807714,0.13219545,0.01602277,0.2617298,0.03098716,231483,0.685045,Minority
WA-9,285272,0.65437663,0.31810264,0.45628853,0.54371147,0.13483355,0.15039668,0.03269572,0.21386937,0.03057286,220457,0.33627399,Minority
WA-10,286353,0.71489685,0.25693124,0.46850912,0.53149088,0.07689103,0.08948826,0.00853704,0.34504554,0.01988431,225605,0.45796561,Minority
WA-11,285401,0.71581636,0.25233295,0.59189682,0.40810318,0.02629303,0.06111888,0.00426411,0.29683619,0.01490368,217396,0.46348341,White
WA-12,286284,0.58870782,0.37744985,0.71603348,0.28396652,0.03074634,0.06736108,0.00760288,0.14786329,0.02945827,215050,0.21125797,White
WA-13,285107,0.53017261,0.43663902,0.60499988,0.39500012,0.07869421,0.12408715,0.02931451,0.13625384,0.03898126,213205,0.0935335900000001,White
WA-14,285308,0.53668994,0.42327102,0.5747211,0.4252789,0.12636688,0.13230132,0.03833007,0.11249684,0.03787924,217375,0.11341892,White
WA-15,284451,0.65967182,0.30520901,0.62674559,0.37325441,0.11586912,0.09722882,0.02088708,0.11682822,0.03901674,225211,0.35446281,White
WA-16,284626,0.55564429,0.40211653,0.75564604,0.24435396,0.04132129,0.07292149,0.01748124,0.07992808,0.03764173,226929,0.15352776,White
WA-17,285458,0.52173142,0.44620237,0.81310769,0.18689231,0.01632565,0.06426252,0.00666585,0.02849094,0.06820814,237479,0.0755290499999999,White
WA-18,285799,0.58127753,0.38148556,0.73853516,0.26146484,0.04545353,0.07986924,0.0169648,0.08264319,0.04154681,224229,0.19979197,White
WA-19,285349,0.36505538,0.60272929,0.81186437,0.18813563,0.02303646,0.07244324,0.01038872,0.03424043,0.04431034,219565,-0.23767391,White
WA-20,285454,0.40957021,0.5596077,0.81140347,0.18859653,0.01818604,0.07574264,0.0095765,0.04425643,0.03773418,215110,-0.15003749,White
WA-21,285721,0.57971296,0.38727859,0.72469438,0.27530562,0.0407256,0.11420019,0.01762028,0.07308919,0.03555424,223152,0.19243437,White
WA-22,285832,0.48308592,0.48917655,0.51681938,0.48318062,0.0140242,0.38621815,0.00383312,0.02519045,0.06846994,207142,-0.00609062999999999,White
WA-23,285702,0.37953543,0.59287612,0.75615244,0.24384756,0.00914255,0.14715749,0.00412399,0.01845507,0.06151541,223570,-0.21334069,White
WA-24,284593,0.3414058,0.62609767,0.63545222,0.36454778,0.01508688,0.28663609,0.00407714,0.02678987,0.03589435,206272,-0.28469187,White
WA-25,285288,0.43275255,0.5295611,0.66368746,0.33631254,0.02605292,0.229962,0.00639377,0.04811031,0.03179595,219745,-0.09680855,White
WA-26,284661,0.364608,0.60139333,0.83301482,0.16698518,0.01727322,0.07813702,0.00608316,0.02695745,0.03470761,217157,-0.23678533,White
WA-27,285484,0.54798231,0.41175949,0.79336381,0.20663619,0.03810579,0.06408039,0.01283726,0.04453545,0.04670662,226606,0.13622282,White
WI-1,295099,0.51491432,0.46764597,0.70437614,0.29562386,0.12114798,0.13497844,0.00127086,0.0215082,0.02082019,228192,0.04726835,White
WI-2,294987,0.71131736,0.26904367,0.55709201,0.44290799,0.09467611,0.28424727,0.00158416,0.05132851,0.02844619,232931,0.44227369,White
WI-3,294676,0.53726584,0.44538313,0.78822819,0.21177181,0.05613705,0.09089362,0.00104627,0.0459338,0.02048732,235121,0.09188271,White
WI-4,294742,0.85837766,0.12768304,0.20186867,0.79813133,0.68952449,0.05051126,0.00139197,0.05668454,0.01524491,209775,0.73069462,Black
WI-5,294674,0.49198673,0.49013191,0.85893568,0.14106432,0.03162834,0.04446026,0.00106354,0.04623572,0.01367841,230363,0.00185481999999998,White
WI-6,294076,0.41518629,0.56769187,0.85953625,0.14046375,0.02358306,0.04950052,0.00096506,0.04989176,0.01196759,230038,-0.15250558,White
WI-7,294327,0.34801108,0.63582271,0.89922073,0.10077927,0.00993671,0.05689499,0.00083093,0.01233909,0.01472424,232270,-0.28781163,White
WI-8,295306,0.33157745,0.65335991,0.90414792,0.09585208,0.02087522,0.04286114,0.00077491,0.01242009,0.01361689,232285,-0.32178246,White
WI-9,294294,0.83570265,0.14851385,0.73272738,0.26727262,0.07415555,0.07350252,0.00146115,0.10231744,0.01647674,245012,0.6871888,White
WI-10,295218,0.55386788,0.42878264,0.87127097,0.12872903,0.03549512,0.05726066,0.00110538,0.01485251,0.01646233,227975,0.12508524,White
WI-11,294479,0.55504671,0.42740402,0.90140015,0.09859985,0.02283767,0.03945928,0.00079569,0.01575997,0.01487636,227475,0.12764269,White
WI-12,295578,0.54653425,0.43587219,0.88700074,0.11299926,0.02693424,0.03415965,0.00108533,0.03125392,0.01511673,231267,0.11066206,White
WI-13,294808,0.52211859,0.45706392,0.89774908,0.10225092,0.01701391,0.02899621,0.00114199,0.03553903,0.015258,232927,0.06505467,White
WI-14,294366,0.33712316,0.6469053,0.91281332,0.08718668,0.01423751,0.03624014,0.0007099,0.01091148,0.02176599,228200,-0.30978214,White
WI-15,295456,0.38368548,0.59493626,0.92963054,0.07036946,0.0118978,0.02014111,0.00092563,0.01349145,0.01653903,229034,-0.21125078,White
WI-16,294645,0.42277305,0.5625682,0.90880344,0.09119656,0.00951972,0.01428375,0.00112635,0.00749229,0.05196214,239713,-0.13979515,White
WI-17,294044,0.38538797,0.59711581,0.89905648,0.10094352,0.01411506,0.02952984,0.00110898,0.03052348,0.02152746,225433,-0.21172784,White
WI-18,294044,0.32367034,0.66314412,0.91236518,0.08763482,0.00703706,0.02505192,0.00089563,0.00627791,0.04326298,234473,-0.33947378,White
WI-19,294319,0.49798008,0.48029634,0.86158209,0.13841791,0.02977572,0.04390804,0.00123831,0.04069536,0.0201247,230960,0.01768374,White
WI-20,294580,0.46583216,0.51611983,0.82788741,0.17211259,0.03185409,0.07261772,0.00114046,0.02854197,0.03841717,228856,-0.05028767,White
WV-1,298747,0.26720413,0.71709484,0.93649866,0.06350134,0.01916722,0.01015938,0.00066756,0.00713868,0.01918808,239680,-0.44989071,White
WV-2,299150,0.35007595,0.62925803,0.8930855,0.1069145,0.03866997,0.01999174,0.00113176,0.02014457,0.02036349,242100,-0.27918208,White
WV-3,298825,0.30128471,0.6811061,0.86070594,0.13929406,0.0650238,0.03450364,0.00095109,0.0132726,0.02203286,234468,-0.37982139,White
WV-4,299147,0.24942612,0.73656293,0.91587615,0.08412385,0.03953491,0.01209878,0.00078878,0.0070364,0.02037469,239611,-0.48713681,White
WV-5,298876,0.39572261,0.58521658,0.87493097,0.12506903,0.07012333,0.01342057,0.00076139,0.01649961,0.02023963,239036,-0.18949397,White
WV-6,298971,0.21688935,0.76985434,0.93246848,0.06753152,0.03160433,0.00844827,0.00056294,0.00384394,0.01945916,238037,-0.55296499,White
WY-1,287940,0.34770996,0.61426052,0.80168755,0.19831245,0.01787194,0.11000349,0.002799,0.01956131,0.04749698,220793,-0.26655056,White
WY-2,288911,0.18538556,0.78236789,0.87526299,0.12473701,0.00898687,0.06286727,0.00177289,0.00997987,0.03602909,220544,-0.59698233,White
