NAME,TotalPop,PopDevPct,DemPct,RepPct,WhitePct,MinorityPct,BlackPct,HispanicPct,PacificPct,AsianPct,NativePct,TotalVAP,Margin,DemPct2,RepPct2,Margin2,Swing,Majority,Lean,State,Seats
AK-1,18068,-0.01455022,0.54989281,0.40567141,0.68388139,0.31611861,0.01770658,0.05016863,0.01988477,0.08249016,0.16266161,14232,0.1442214,0.56405405,0.39630631,0.16774774,-0.02352634,White,0.14706351,AK,1
AK-2,17602,-0.0399664,0.66019618,0.29571502,0.64420311,0.35579689,0.02100115,0.05516398,0.01452819,0.09141254,0.19390104,13904,0.36448116,0.66443679,0.303394,0.36104279,0.00343837,White,0.35833504,AK,1
AK-3,17929,-0.02213144,0.37641565,0.58260362,0.64097277,0.35902723,0.01550167,0.0389675,0.00839081,0.08746356,0.21432127,14063,-0.20618797,0.38780207,0.57275866,-0.18495659,-0.02123138,White,-0.20411084,AK,1
AK-4,18687,0.01921076,0.49860946,0.45341677,0.57774578,0.42225422,0.01302619,0.03805019,0.00644454,0.0520362,0.32332374,14586,0.04519269,0.52732575,0.43796444,0.08936131,-0.04416862,White,0.05491556,AK,1
AK-5,18824,0.0266829,0.41396055,0.51229135,0.26061527,0.73938473,0.02149639,0.0414736,0.02354728,0.04671477,0.61959742,13165,-0.0983308,0.49615385,0.44004525,0.0561086,-0.1544394,Native,-0.051851,AK,1
AK-6,18414,0.00432102,0.51968864,0.39903846,0.11514789,0.88485211,0.00760814,0.01145495,0.00341939,0.01487434,0.85689862,11698,0.12065018,0.59900717,0.33517191,0.26383526,-0.14318508,Native,0.16337854,AK,1
AK-7,17422,-0.04978381,0.51012753,0.39009752,0.1105403,0.8894597,0.01045173,0.0108946,0.0020372,0.01948627,0.85376439,11290,0.12003001,0.60591543,0.331181,0.27473443,-0.15470442,Native,0.16659815,AK,1
AK-8,17696,-0.03483953,0.43566484,0.51396515,0.25270551,0.74729449,0.04988175,0.1009102,0.02078406,0.16491077,0.42607325,13953,-0.07830031,0.51952299,0.43835353,0.08116946,-0.15946977,Native,-0.03014372,AK,1
AK-9,17967,-0.02005888,0.5211893,0.4283232,0.65519485,0.34480515,0.01388186,0.02393175,0.00195214,0.02075049,0.27640807,13831,0.0928661,0.56100268,0.39228564,0.16871704,-0.07585094,White,0.11314975,AK,1
AK-10,18506,0.00933881,0.48568893,0.46971378,0.66197085,0.33802915,0.05031228,0.05891742,0.00777238,0.06599584,0.15857044,14410,0.01597515,0.50041511,0.45651723,0.04389788,-0.02792273,White,0.02028273,AK,1
AK-11,17973,-0.01973163,0.44915489,0.50886672,0.54688393,0.45311607,0.09691252,0.07325615,0.01579474,0.06911092,0.2109777,13992,-0.05971183,0.45800165,0.49533352,-0.03733187,-0.02237996,White,-0.05725184,AK,1
AK-12,18265,-0.00380561,0.30812417,0.64811757,0.67405342,0.32594658,0.07873496,0.11791899,0.01181391,0.04285295,0.06626064,13628,-0.3399934,0.32681522,0.62028195,-0.29346673,-0.04652667,White,-0.32948451,AK,1
AK-13,18324,-0.00058768,0.2279054,0.73882539,0.75155886,0.24844114,0.03643603,0.0537901,0.00916535,0.04545113,0.09954173,13311,-0.51091999,0.22646485,0.72422887,-0.49776402,-0.01315597,White,-0.51153467,AK,1
AK-14,18390,0.00301204,0.27264121,0.69412012,0.76249286,0.23750714,0.02905483,0.05718161,0.00685323,0.03590805,0.10372644,14008,-0.42147891,0.27751491,0.67907838,-0.40156347,-0.01991544,White,-0.41984043,AK,1
AK-15,19132,0.04348158,0.25588563,0.70952829,0.82629545,0.17370455,0.01209562,0.0288434,0.00357859,0.02311766,0.09189808,13972,-0.45364266,0.24605794,0.71800513,-0.47194719,0.01830453,White,-0.46474417,AK,1
AK-16,17912,-0.02305864,0.24922696,0.71985158,0.75993574,0.24006426,0.01829992,0.02828805,0.01019767,0.02025564,0.15974017,14317,-0.47062462,0.27824726,0.69097548,-0.41272822,-0.0578964,White,-0.45632582,AK,1
AK-17,18364,0.00159397,0.19945413,0.77031283,0.78983025,0.21016975,0.01370176,0.04072467,0.00631803,0.02519601,0.11973814,13137,-0.5708587,0.19997681,0.76037561,-0.5603988,-0.0104599,White,-0.57237207,AK,1
AK-18,17795,-0.02943996,0.2138832,0.7553791,0.77522792,0.22477208,0.01909777,0.04212512,0.009431,0.03237975,0.12000943,12724,-0.5414959,0.22086871,0.74492433,-0.52405562,-0.01744028,White,-0.54068247,AK,1
AK-19,18077,-0.01405935,0.22116474,0.74439157,0.77125315,0.22874685,0.02392947,0.04691436,0.01046914,0.03172229,0.11649874,12704,-0.52322683,0.20618081,0.7533441,-0.54716329,0.02393646,White,-0.53620565,AK,1
AK-20,18418,0.00453919,0.30392575,0.65532323,0.78164127,0.21835873,0.02360839,0.04797104,0.00995625,0.03182984,0.1075577,13258,-0.35139748,0.29003757,0.67177821,-0.38174064,0.03034316,White,-0.36651187,AK,1
AK-21,18588,0.01381119,0.4143508,0.54567198,0.57483324,0.42516676,0.02098388,0.06121456,0.0118816,0.17044191,0.1692607,14392,-0.13132118,0.40855457,0.55060132,-0.14204675,0.01072557,White,-0.13989637,AK,1
AK-22,17835,-0.02725831,0.40692335,0.54742141,0.84442724,0.15557276,0.00788066,0.02758232,0.00436251,0.01977202,0.08211371,14212,-0.14049806,0.43598127,0.53079438,-0.09481311,-0.04568495,White,-0.13026974,AK,1
AK-23,17446,-0.04847482,0.26000821,0.70817081,0.78398609,0.21601391,0.01081204,0.03735067,0.0070316,0.02653864,0.13171027,13226,-0.4481626,0.25473268,0.71104639,-0.45631371,0.00815111,White,-0.45587964,AK,1
AK-24,17408,-0.05054739,0.20638997,0.76915965,0.81202731,0.18797269,0.01116088,0.02959101,0.00616785,0.02401057,0.10595492,13619,-0.56276968,0.21272148,0.75920764,-0.54648616,-0.01628352,White,-0.56234184,AK,1
AK-25,18141,-0.01056871,0.45588666,0.4988764,0.77140584,0.22859416,0.01627133,0.0513451,0.00766561,0.05749205,0.0950969,13828,-0.04298974,0.46443591,0.49744012,-0.03300421,-0.00998553,White,-0.04466123,AK,1
AK-26,17781,-0.03020353,0.32724117,0.63273433,0.75720103,0.24279897,0.02925652,0.06137837,0.00776655,0.04267833,0.0950837,13262,-0.30549316,0.32418759,0.62881884,-0.30463125,-0.00086191,White,-0.31020586,AK,1
AK-27,17632,-0.03833017,0.36005626,0.59985935,0.70516599,0.29483401,0.07500776,0.10277692,0.0097735,0.05134967,0.06089047,12892,-0.23980309,0.3773013,0.57667265,-0.19937135,-0.04043174,White,-0.23132584,AK,1
AK-28,19065,0.03982732,0.44456856,0.52145583,0.72937822,0.27062178,0.03032411,0.0593963,0.01321463,0.07622757,0.09319794,14378,-0.07688727,0.45071386,0.52167222,-0.07095836,-0.00592891,White,-0.07991097,AK,1
AK-29,18887,0.030119,0.46736842,0.49705263,0.62318434,0.37681566,0.0359273,0.08378359,0.01845485,0.14146376,0.1051856,14251,-0.02968421,0.46471535,0.50800417,-0.04328882,0.01360461,White,-0.03921908,AK,1
AK-30,19006,0.03660939,0.47094361,0.49462984,0.6641791,0.3358209,0.04024271,0.06479286,0.01499512,0.11347468,0.11110336,14338,-0.02368623,0.44891355,0.52159038,-0.07267683,0.0489906,White,-0.04501643,AK,1
AK-31,18701,0.01997434,0.49371817,0.47277872,0.54529482,0.45470518,0.05284981,0.08187504,0.028463,0.16712348,0.13781713,14229,0.02093945,0.49380933,0.47193562,0.02187371,-0.00093426,White,0.01625087,AK,1
AK-32,18615,0.0152838,0.51052706,0.44835382,0.50720733,0.49279267,0.0693116,0.08857605,0.04647717,0.15485653,0.15950424,14846,0.06217324,0.51776522,0.44118016,0.07658506,-0.01441182,White,0.06197718,AK,1
AK-33,19168,0.04544506,0.47620603,0.48350212,0.56284265,0.43715735,0.04680647,0.07216283,0.03618421,0.14967105,0.15056195,14592,-0.00729609,0.49444563,0.47212134,0.02232429,-0.02962038,White,-0.00242263,AK,1
AK-34,18265,-0.00380561,0.56208699,0.39826413,0.65873071,0.34126929,0.03469943,0.05906584,0.02352859,0.12420582,0.10514557,14323,0.16382286,0.55569877,0.41299945,0.14269932,0.02112354,White,0.15178168,AK,1
AK-35,19230,0.04882661,0.60062383,0.35895197,0.52007917,0.47992083,0.07227223,0.08140203,0.04743663,0.13349933,0.15846262,15663,0.24167186,0.60186571,0.36139583,0.24046988,0.00120198,White,0.2362712,AK,1
AK-36,18326,-0.0004786,0.5382836,0.41996299,0.58508631,0.41491369,0.08477182,0.06534349,0.03473338,0.10678594,0.14319659,14309,0.11832061,0.5194332,0.43997976,0.07945344,0.03886717,White,0.10036489,AK,1
AK-37,18889,0.03022808,0.49828131,0.46363261,0.4555691,0.5444309,0.1171197,0.0850606,0.05479452,0.13935308,0.17944488,13943,0.0346487,0.51079672,0.4558203,0.05497642,-0.02032772,Minority,0.03642461,AK,1
AK-38,18550,0.01173862,0.50952694,0.44957293,0.41800043,0.58199957,0.12258666,0.10177277,0.07708318,0.14655853,0.17275533,13933,0.05995401,0.54560333,0.41303377,0.13256956,-0.07261555,Minority,0.07915919,AK,1
AK-39,19019,0.03731843,0.58124539,0.37490789,0.36159837,0.63840163,0.13538103,0.11609287,0.09986171,0.14971978,0.17373899,13739,0.2063375,0.60956983,0.35208853,0.2574813,-0.0511438,Minority,0.21838543,AK,1
AK-40,19074,0.04031819,0.58703879,0.37133396,0.56516251,0.43483749,0.09447775,0.0897444,0.03774061,0.07005364,0.15607447,15845,0.21570483,0.60149422,0.36199605,0.23949817,-0.02379334,White,0.21863594,AK,1
AZ-1 (2),241318,0.01231042,0.64425425,0.3423219,0.38857809,0.61142191,0.01890409,0.10572545,0.00317842,0.02153488,0.4716895,186256,0.30193235,0.6790887,0.30267524,0.37641346,-0.07448111,Native,0.32175939,AZ,2
AZ-2 (2),239139,0.00316968,0.54498735,0.4451847,0.2258872,0.7741128,0.02239857,0.6808687,0.00238403,0.01394092,0.07421724,176172,0.09980265,0.6165988,0.36914982,0.24744898,-0.14764633,Hispanic,0.14401809,AZ,2
AZ-3 (2),236209,-0.00912144,0.32607997,0.66495763,0.80982846,0.19017154,0.01066106,0.1180098,0.00313856,0.01858027,0.03690443,199136,-0.33887766,0.34633189,0.63906131,-0.29272942,-0.04614824,White,-0.32849491,AZ,2
AZ-4 (2),237644,-0.00310173,0.60823647,0.38149808,0.34935672,0.65064328,0.04233817,0.56290188,0.00280873,0.02082822,0.05145154,183357,0.22673839,0.65159915,0.33539446,0.31620469,-0.0894663,Hispanic,0.25156049,AZ,2
AZ-5 (2),238486,0.0004304,0.56448982,0.42179828,0.61345938,0.38654062,0.06826897,0.24378572,0.00543716,0.04744966,0.03747797,187230,0.14269154,0.57872228,0.40385727,0.17486501,-0.03217347,White,0.14841603,AZ,2
AZ-6 (2),238122,-0.00109655,0.56057243,0.42868102,0.73950794,0.26049206,0.03632931,0.14927247,0.00341724,0.05169691,0.02407508,200747,0.13189141,0.55297731,0.43396451,0.1190128,0.01287861,White,0.12259854,AZ,2
AZ-7 (2),240009,0.00681927,0.60765864,0.37925882,0.50546357,0.49453643,0.04257104,0.37277842,0.00334557,0.05023496,0.0472291,194287,0.22839982,0.63126825,0.35342199,0.27784626,-0.04944644,White,0.23988197,AZ,2
AZ-8 (2),238261,-0.00051346,0.29368781,0.69648244,0.63323354,0.36676646,0.03020682,0.18811283,0.00479552,0.02315911,0.12755088,182045,-0.40279463,0.30577589,0.67786242,-0.37208653,-0.0307081,White,-0.3975586,AZ,2
AZ-9 (2),237395,-0.00414626,0.43413728,0.55625524,0.56139301,0.43860699,0.06092988,0.26743516,0.0046313,0.02953868,0.09548391,177056,-0.12211796,0.45024063,0.53426047,-0.08401984,-0.03809812,White,-0.11441859,AZ,2
AZ-10 (2),239767,0.0058041,0.22399811,0.76957441,0.76335045,0.23664955,0.01514199,0.15304424,0.00443548,0.01937129,0.04814157,198851,-0.5455763,0.2429666,0.74441232,-0.50144572,-0.04413058,White,-0.53586611,AZ,2
AZ-11 (2),239436,0.00441558,0.34434878,0.64701145,0.59044969,0.40955031,0.05281054,0.30277747,0.00486609,0.02533341,0.03503251,181460,-0.30266267,0.36682659,0.61814314,-0.25131655,-0.05134612,White,-0.2905473,AZ,2
AZ-12 (2),237277,-0.00464126,0.55479041,0.43518583,0.3154522,0.6845478,0.10329802,0.51638311,0.00687187,0.04920284,0.03444258,168222,0.11960458,0.60772372,0.37746886,0.23025486,-0.11065028,Hispanic,0.15148801,AZ,2
AZ-13 (2),240897,0.01054436,0.35633237,0.6343404,0.65893136,0.34106864,0.04992469,0.22977598,0.00820724,0.02452058,0.03616612,187883,-0.27800803,0.3766485,0.6082478,-0.2315993,-0.04640873,White,-0.26753845,AZ,2
AZ-14 (2),241500,0.0130739,0.3822819,0.60670508,0.75264081,0.24735919,0.03172083,0.15701137,0.00438405,0.02714481,0.03157556,192744,-0.22442318,0.38100664,0.60224313,-0.22123649,-0.00318669,White,-0.22836095,AZ,2
AZ-15 (2),237870,-0.00215367,0.40388859,0.58799186,0.68411477,0.31588523,0.06488427,0.18753303,0.00505521,0.04170003,0.02486749,183573,-0.18410327,0.41848014,0.56910108,-0.15062094,-0.03348233,White,-0.17794249,AZ,2
AZ-16 (2),236197,-0.00917178,0.61781808,0.37055222,0.1997616,0.8002384,0.09466812,0.65409819,0.00371805,0.0352782,0.04118879,161913,0.24726586,0.68102881,0.30259281,0.378436,-0.13117014,Hispanic,0.28598924,AZ,2
AZ-17 (2),236819,-0.00656254,0.36949427,0.62078676,0.72524116,0.27475884,0.04203032,0.1600712,0.00624139,0.04701424,0.02642972,174160,-0.25129249,0.3782254,0.60491406,-0.22668866,-0.02460383,White,-0.24809121,AZ,2
AZ-18 (2),240669,0.00958792,0.41422177,0.57523449,0.71228139,0.28771861,0.0468255,0.12976523,0.00488563,0.09015794,0.02028525,172342,-0.16101272,0.42262212,0.56317914,-0.14055702,-0.0204557,White,-0.15919415,AZ,2
AZ-19 (2),240541,0.00905097,0.52112172,0.46412945,0.51653818,0.48346182,0.06681446,0.3254089,0.00725165,0.0497524,0.05448941,181338,0.05699227,0.54131705,0.43535086,0.10596619,-0.04897392,White,0.06831691,AZ,2
AZ-20 (2),239493,0.00465469,0.5293163,0.45583462,0.55705779,0.44294221,0.07142427,0.21378525,0.00511112,0.13018303,0.03503284,182543,0.07348168,0.55133588,0.43106538,0.1202705,-0.04678882,White,0.08407795,AZ,2
AZ-21 (2),237741,-0.00269482,0.60629675,0.37917029,0.59359972,0.40640028,0.07937088,0.18474096,0.00536957,0.1039454,0.04905647,194429,0.22712646,0.62516371,0.35774605,0.26741766,-0.0402912,White,0.23555686,AZ,2
AZ-22 (2),236420,-0.00823631,0.71422292,0.26989406,0.23868865,0.76131135,0.15330151,0.54927982,0.00591288,0.03562181,0.0528865,173012,0.44432886,0.769264,0.21437431,0.55488969,-0.11056083,Hispanic,0.47618247,AZ,2
AZ-23 (2),238754,0.00155464,0.66161661,0.32467945,0.19241337,0.80758663,0.11094944,0.63176787,0.00385404,0.04450484,0.04692789,166319,0.33693716,0.7289427,0.25571854,0.47322416,-0.136287,Hispanic,0.37736616,AZ,2
AZ-24 (2),235671,-0.01137831,0.5370587,0.45139183,0.68110165,0.31889835,0.0524017,0.16207478,0.0038857,0.05874232,0.05084542,199192,0.08566687,0.57476723,0.40998399,0.16478324,-0.07911637,White,0.10703899,AZ,2
AZ-25 (2),236382,-0.00839572,0.62545966,0.36120155,0.46968579,0.53031421,0.10348861,0.33690228,0.00423027,0.05504271,0.05423929,182967,0.26425811,0.64555623,0.33574637,0.30980986,-0.04555175,Minority,0.27444203,AZ,2
AZ-26 (2),240240,0.00778829,0.54982216,0.43947225,0.66405456,0.33594544,0.05584415,0.20316579,0.00367848,0.04650206,0.03458607,191927,0.11034991,0.55909613,0.42473753,0.1343586,-0.02400869,White,0.11335281,AZ,2
AZ-27 (2),238960,0.00241879,0.4457184,0.54570386,0.802686,0.197314,0.02445488,0.07412041,0.00204259,0.07945667,0.01493132,195830,-0.09998546,0.46085764,0.52841201,-0.06755437,-0.03243109,White,-0.0941751,AZ,2
AZ-28 (2),235928,-0.01030021,0.44215699,0.5469352,0.66539592,0.33460408,0.05767347,0.20878398,0.00382805,0.04144508,0.03120886,189914,-0.10477821,0.4495584,0.53453003,-0.08497163,-0.01980658,White,-0.10317602,AZ,2
AZ-29 (2),235748,-0.0110553,0.37365011,0.61827625,0.77124158,0.22875842,0.03243577,0.10945854,0.00329129,0.0641287,0.02160216,184426,-0.24462614,0.38000606,0.60762244,-0.22761638,-0.01700976,White,-0.24395622,AZ,2
AZ-30 (2),238609,0.00094637,0.34420224,0.64785016,0.81822523,0.18177477,0.02449583,0.08330349,0.002964,0.04672844,0.02145397,192645,-0.30364792,0.35788262,0.63106987,-0.27318725,-0.03046067,White,-0.29849436,AZ,2
CA-1,508927,0.03012701,0.65348688,0.30844305,0.66574337,0.33425663,0.02286569,0.19664591,0.006753,0.04858655,0.06823652,410484,0.34504383,0.6872733,0.28454181,0.40273149,-0.05768766,White,0.35927305,CA,1
CA-2,509016,0.03030716,0.76298111,0.20735833,0.65590394,0.34409606,0.02892844,0.20924296,0.00637084,0.07792759,0.03292942,410150,0.55562278,0.78606807,0.19304232,0.59302575,-0.03740297,White,0.56309044,CA,1
CA-3,496468,0.00490856,0.6077946,0.36300175,0.37568582,0.62431418,0.15013053,0.25873208,0.01715566,0.19879051,0.03519601,392232,0.24479285,0.64789274,0.32854665,0.31934609,-0.07455324,Minority,0.26464393,CA,1
CA-4,496834,0.00564938,0.5647475,0.40395355,0.52109422,0.47890578,0.02939065,0.28916202,0.00770594,0.12653701,0.04340286,388661,0.16079395,0.60383186,0.37271531,0.23111655,-0.0703226,White,0.17923482,CA,1
CA-5,514061,0.04051882,0.41546109,0.55580324,0.66576955,0.33423045,0.03077391,0.15709048,0.00771842,0.10623383,0.04208676,390883,-0.14034215,0.42844517,0.54681128,-0.11836611,-0.02197604,White,-0.1380168,CA,1
CA-6,514165,0.04072933,0.37208782,0.59888959,0.72521051,0.27478949,0.02263341,0.15355869,0.00608362,0.03788978,0.0601786,412090,-0.22680177,0.39518384,0.58011497,-0.18493113,-0.04187064,White,-0.21784489,CA,1
CA-7,490607,-0.00695478,0.47471932,0.4934055,0.74897994,0.25102006,0.01967076,0.11627913,0.00542268,0.06946977,0.03822323,397036,-0.01868618,0.49019668,0.48530098,0.0048957,-0.02358188,White,-0.01582555,CA,1
CA-8,490270,-0.00763691,0.51701285,0.45091066,0.60341217,0.39658783,0.08412405,0.16466795,0.01199228,0.11737924,0.03697886,376242,0.06610219,0.52944643,0.44337759,0.08606884,-0.01996665,White,0.06775774,CA,1
CA-9,490728,-0.00670987,0.69654323,0.26574744,0.39749531,0.60250469,0.13970196,0.2487114,0.01897489,0.19145922,0.03862299,384719,0.43079579,0.73171068,0.24304397,0.48866671,-0.05787092,Minority,0.4450861,CA,1
CA-10,491367,-0.00541646,0.56582767,0.39950124,0.28901298,0.71098702,0.13341152,0.2432955,0.02730139,0.30896167,0.03302535,364084,0.16632643,0.62341238,0.35426973,0.26914265,-0.10281622,Asian,0.1955985,CA,1
CA-11,475446,-0.0376424,0.61243239,0.35739052,0.41079432,0.58920568,0.12117685,0.28057072,0.01359771,0.17108294,0.03161951,362561,0.25504187,0.66075345,0.3175379,0.34321555,-0.08817368,Minority,0.2794331,CA,1
CA-12,475401,-0.03773348,0.73649814,0.22870659,0.3737977,0.6262023,0.11507487,0.28348743,0.00978075,0.20989626,0.03271162,375738,0.50779155,0.78212668,0.19734087,0.58478581,-0.07699426,Minority,0.5284563,CA,1
CA-13,474007,-0.0405551,0.8741861,0.07318349,0.42719812,0.57280188,0.17944335,0.13940907,0.00743412,0.24248467,0.02459631,400182,0.80100261,0.91878987,0.06040835,0.85838152,-0.05737891,Minority,0.81512891,CA,1
CA-14,474550,-0.03945601,0.74259672,0.22101093,0.19066036,0.80933964,0.15064576,0.36417315,0.02131461,0.28010491,0.03876993,367166,0.52158579,0.80848349,0.17105718,0.63742631,-0.11584052,Hispanic,0.5551993,CA,1
CA-15,475781,-0.03696432,0.65366519,0.30917446,0.5060097,0.4939903,0.02993396,0.10732176,0.00670933,0.34056153,0.01739294,362331,0.34449073,0.68426568,0.29523424,0.38903144,-0.04454071,White,0.35433763,CA,1
CA-16,476352,-0.03580855,0.6620569,0.29463259,0.21113321,0.78886679,0.05777818,0.18767724,0.01645215,0.53064742,0.02183702,373082,0.36742431,0.73703468,0.24337567,0.49365901,-0.1262347,Asian,0.40450254,CA,1
CA-17,517313,0.04710124,0.60872156,0.36162337,0.33294479,0.66705521,0.03149519,0.54279978,0.00924804,0.08006665,0.04883334,389488,0.24709819,0.66872431,0.30932419,0.35940012,-0.11230193,Hispanic,0.27953217,CA,1
CA-18,517264,0.04700206,0.528746,0.4415369,0.54151482,0.45848518,0.0265417,0.34844668,0.00514839,0.06134284,0.04128737,408866,0.0872091,0.55236921,0.42295054,0.12941867,-0.04220957,White,0.09627896,CA,1
CA-19,477573,-0.03333711,0.74333785,0.21464239,0.26313456,0.73686544,0.06097903,0.17957831,0.00959043,0.48850601,0.01904562,399252,0.52869546,0.80693167,0.17299456,0.63393711,-0.10524165,Asian,0.55877601,CA,1
CA-20,477013,-0.03447061,0.84483103,0.11529917,0.49628316,0.50371684,0.0641933,0.13117599,0.00602844,0.292712,0.02018849,426976,0.72953186,0.88603688,0.09449263,0.79154425,-0.06201239,Minority,0.74520266,CA,1
CA-21,478563,-0.03133323,0.7273131,0.23866473,0.384328,0.615672,0.02514898,0.18716216,0.01708647,0.38074872,0.01827259,382759,0.48864837,0.77154438,0.21008938,0.561455,-0.07280663,Minority,0.50791725,CA,1
CA-22,478613,-0.03123203,0.75793865,0.20673711,0.53417018,0.46582982,0.02943804,0.31639472,0.01138176,0.09396701,0.03225139,381751,0.55120154,0.79318034,0.18340085,0.60977949,-0.05857795,White,0.56572752,CA,1
CA-23,485353,-0.01758949,0.73561318,0.22429711,0.42418882,0.57581118,0.02516255,0.11019182,0.00594101,0.42622917,0.01398499,383268,0.51131607,0.77145901,0.20654082,0.56491819,-0.05360212,Asian,0.52418344,CA,1
CA-24,485065,-0.01817243,0.66923786,0.28643705,0.23278969,0.76721031,0.02641212,0.14860826,0.00721892,0.58304066,0.01598622,390086,0.38280081,0.72623859,0.25373942,0.47249917,-0.08969836,Asian,0.40770026,CA,1
CA-25,484195,-0.01993341,0.64242709,0.32467881,0.22156584,0.77843416,0.03619098,0.45087857,0.00812537,0.28450701,0.04027483,377829,0.31774828,0.69904889,0.27967045,0.41937844,-0.10163016,Hispanic,0.346625,CA,1
CA-26,485527,-0.01723729,0.66440609,0.29933806,0.3658641,0.6341359,0.03561899,0.21794079,0.00796494,0.36999847,0.02471376,378534,0.36506803,0.70496546,0.27414391,0.43082155,-0.06575352,Asian,0.38198587,CA,1
CA-27,518606,0.04971842,0.67765595,0.29088652,0.40230274,0.59769726,0.02860173,0.46529365,0.00515556,0.09077216,0.04001009,408297,0.38676943,0.71541163,0.26238644,0.45302519,-0.06625576,Hispanic,0.40385468,CA,1
CA-28,517125,0.04672071,0.53036992,0.44118893,0.56989661,0.43010339,0.02269316,0.28259537,0.004674,0.10575593,0.02967473,407788,0.08918099,0.5549108,0.42413433,0.13077647,-0.04159548,White,0.09804615,CA,1
CA-29,511639,0.03561641,0.51516065,0.45591975,0.35769672,0.64230328,0.06032973,0.46172126,0.00448139,0.1107159,0.03607902,390504,0.0592409,0.56717133,0.4120868,0.15508453,-0.09584363,Hispanic,0.08618878,CA,1
CA-30,512716,0.03779638,0.51902908,0.45159155,0.23553009,0.76446991,0.18299656,0.52034508,0.0061414,0.05311586,0.04385523,370925,0.06743753,0.58786693,0.3865387,0.20132823,-0.1338907,Hispanic,0.10706776,CA,1
CA-31,499785,0.01162255,0.52204656,0.45006484,0.24096254,0.75903746,0.1306272,0.5400035,0.00694368,0.08056535,0.03905925,365368,0.07198172,0.60252788,0.37657216,0.22595572,-0.153974,Hispanic,0.11830639,CA,1
CA-32,497815,0.00763504,0.58144347,0.39943484,0.42881951,0.57118049,0.03927705,0.47418857,0.00339737,0.04305865,0.035,395600,0.18200863,0.60744779,0.37690737,0.23054042,-0.04853179,Hispanic,0.19318589,CA,1
CA-33,499807,0.01166708,0.49149435,0.48016571,0.28885451,0.71114549,0.10623418,0.51226741,0.00629753,0.08362179,0.0380544,367763,0.01132864,0.56086182,0.41468162,0.1461802,-0.13485156,Hispanic,0.05127916,CA,1
CA-34,501261,0.01461014,0.52472249,0.44656564,0.17900904,0.82099096,0.0972249,0.62994645,0.00518138,0.0903028,0.03922342,367663,0.07815685,0.61747228,0.36144066,0.25603162,-0.17787477,Hispanic,0.13244844,CA,1
CA-35,497890,0.00778685,0.49336824,0.47573726,0.25169634,0.74830366,0.06903735,0.51353327,0.00582943,0.15718838,0.03490159,373450,0.01763098,0.57125682,0.40813121,0.16312561,-0.14549463,Hispanic,0.06112919,CA,1
CA-36,496001,0.00396329,0.51038073,0.46162236,0.24151088,0.75848912,0.07940378,0.53082585,0.0055778,0.14355895,0.03702297,381871,0.04875837,0.58312527,0.39569654,0.18742873,-0.13867036,Hispanic,0.08998182,CA,1
CA-37,474110,-0.04034662,0.53486761,0.44065081,0.14475385,0.85524615,0.05351658,0.6877472,0.00715359,0.11436076,0.03508849,362056,0.0942168,0.63422753,0.34455975,0.28966778,-0.19545098,Hispanic,0.15436713,CA,1
CA-38,475237,-0.03806544,0.59160123,0.3812056,0.18537776,0.81462224,0.1051925,0.53756048,0.01229823,0.17170662,0.03374916,362735,0.21039563,0.66224897,0.31689363,0.34535534,-0.13495971,Hispanic,0.2503822,CA,1
CA-39,476570,-0.03536729,0.68582387,0.28044737,0.60058132,0.39941868,0.06296062,0.20199937,0.00802423,0.11321237,0.02443996,411130,0.4053765,0.70954802,0.26547802,0.44407,-0.0386935,White,0.41327433,CA,1
CA-40,475946,-0.03663034,0.62062962,0.34619881,0.53325695,0.46674305,0.03016239,0.11951969,0.00743012,0.30307392,0.01434956,377921,0.27443081,0.6418305,0.33579403,0.30603647,-0.03160566,White,0.27996603,CA,1
CA-41,477255,-0.03398077,0.54624993,0.42564357,0.52261258,0.47738742,0.08663067,0.25697502,0.00966968,0.11767006,0.02924743,373332,0.12060636,0.57550245,0.40174823,0.17375422,-0.05314786,White,0.13332231,CA,1
CA-42,476709,-0.03508594,0.45961153,0.51319653,0.56297773,0.43702227,0.02920746,0.25726645,0.00804417,0.12200829,0.03670137,367098,-0.053585,0.47392776,0.50266093,-0.02873317,-0.02485183,White,-0.05030106,CA,1
CA-43,478977,-0.03049525,0.52478162,0.44750432,0.53511168,0.46488832,0.03364177,0.3111884,0.00967887,0.10043803,0.03302597,373494,0.0772773,0.53905966,0.43784227,0.10121739,-0.02394009,White,0.08025733,CA,1
CA-44,476845,-0.03481066,0.48647818,0.48506112,0.6068481,0.3931519,0.03442684,0.22578063,0.00858637,0.11324196,0.02436829,381069,0.00141706,0.51249612,0.46651089,0.04598523,-0.04456817,White,0.01127312,CA,1
CA-45,499701,0.01145252,0.41746333,0.55757049,0.47445713,0.52554287,0.0767528,0.3227872,0.00952121,0.10714671,0.03829271,370436,-0.14010716,0.44093022,0.53837373,-0.09744351,-0.04266365,Minority,-0.13088594,CA,1
CA-46,498733,0.00949318,0.41207981,0.55716236,0.40999352,0.59000648,0.0690355,0.39620064,0.00777824,0.10924544,0.03447432,379906,-0.14508255,0.45719064,0.52324816,-0.06605752,-0.07902503,Minority,-0.12374087,CA,1
CA-47,477084,-0.0343269,0.47534242,0.49614358,0.25858022,0.74141978,0.02499849,0.26435437,0.00930397,0.44179093,0.02265669,379623,-0.02080116,0.50045512,0.48140895,0.01904617,-0.03984733,Asian,-0.01251872,CA,1
CA-48,475543,-0.03744606,0.4613931,0.50973891,0.63465329,0.36534671,0.01797286,0.18263246,0.00693761,0.14318982,0.02258685,391201,-0.04834581,0.49330669,0.48517999,0.0081267,-0.05647251,White,-0.03452164,CA,1
CA-49,476161,-0.03619516,0.58597118,0.38330922,0.16546265,0.83453735,0.02139286,0.65536246,0.00543675,0.15263302,0.04780745,361429,0.20266196,0.65297857,0.32545383,0.32752474,-0.12486278,Hispanic,0.23928289,CA,1
CA-50,476809,-0.03488353,0.54522052,0.42392029,0.21068564,0.78931436,0.03117417,0.52456184,0.00645538,0.22647607,0.03489181,366361,0.12130023,0.60530322,0.37288395,0.23241927,-0.11111904,Hispanic,0.15333991,CA,1
CA-51,477507,-0.0334707,0.54866881,0.40888863,0.41628122,0.58371878,0.02964277,0.14999549,0.00493869,0.39398542,0.01471518,376618,0.13978018,0.59349385,0.38491506,0.20857879,-0.06879861,Minority,0.15771305,CA,1
CA-52,474145,-0.04027577,0.45145974,0.51551967,0.54547096,0.45452904,0.023412,0.20921024,0.00552105,0.20672192,0.02147074,376559,-0.06405993,0.47367129,0.50589697,-0.03222568,-0.03183425,White,-0.05844851,CA,1
CA-53,509730,0.03175238,0.67813166,0.2872578,0.29679864,0.70320136,0.14057841,0.38971911,0.01360524,0.1618103,0.03451297,404109,0.39087386,0.71908247,0.25617991,0.46290256,-0.0720287,Hispanic,0.40988343,CA,1
CA-54,511009,0.03434122,0.61004872,0.35852287,0.11920966,0.88079034,0.10255569,0.61899399,0.00783367,0.15569704,0.03832376,387175,0.25152585,0.69948537,0.27725662,0.42222875,-0.1707029,Hispanic,0.30342682,CA,1
CA-55,509877,0.03204992,0.57914831,0.3903499,0.14715424,0.85284576,0.02764148,0.70465195,0.00469062,0.11804882,0.04298643,398242,0.18879841,0.65917716,0.31897277,0.34020439,-0.15140598,Hispanic,0.23426707,CA,1
CA-56,511756,0.03585323,0.5925478,0.37766998,0.09461127,0.90538873,0.02691093,0.66479421,0.00327071,0.21414687,0.03935925,397162,0.21487782,0.68551905,0.29388444,0.39163461,-0.17675679,Hispanic,0.26879675,CA,1
CA-57,511100,0.03452541,0.54124726,0.42558717,0.2238931,0.7761069,0.04735465,0.39368654,0.00521183,0.33296922,0.02759477,408302,0.11566009,0.60610335,0.37409854,0.23200481,-0.11634472,Hispanic,0.14944166,CA,1
CA-58,509308,0.0308982,0.59802627,0.36850734,0.16838932,0.83161068,0.02463364,0.26669976,0.00336176,0.54065322,0.02110078,414961,0.22951893,0.65537277,0.32556793,0.32980484,-0.10028591,Asian,0.25794757,CA,1
CA-59,510816,0.03395056,0.64709523,0.31902996,0.53398511,0.46601489,0.06180713,0.21613213,0.0033922,0.18298376,0.0213316,420081,0.32806527,0.67655693,0.30343055,0.37312638,-0.04506111,White,0.33808564,CA,1
CA-60,509285,0.03085164,0.71563892,0.25751294,0.66472222,0.33527778,0.0587607,0.12709973,0.00357455,0.13351028,0.01615022,440056,0.45812598,0.75443874,0.22979782,0.52464092,-0.06651494,White,0.47529763,CA,1
CA-61,510641,0.03359634,0.61912631,0.34984275,0.28367675,0.71632325,0.04834403,0.56334821,0.00326635,0.10053554,0.03318454,399222,0.26928356,0.70555271,0.2717633,0.43378941,-0.16450585,Hispanic,0.31911884,CA,1
CA-62,511336,0.0350031,0.59763665,0.36961231,0.33187714,0.66812286,0.05865149,0.41263828,0.00407244,0.19260157,0.02838228,408600,0.22802434,0.66742686,0.31194498,0.35548188,-0.12745754,Hispanic,0.26551019,CA,1
CA-63,510369,0.03304578,0.77214037,0.18284694,0.2600346,0.7399654,0.06174758,0.49410019,0.00397305,0.18080558,0.03568951,426624,0.58929343,0.82966187,0.14896301,0.68069886,-0.09140543,Hispanic,0.61476191,CA,1
CA-64,511414,0.03516099,0.67408353,0.28920052,0.02618515,0.97381485,0.02019619,0.93246932,0.00175274,0.02309535,0.0486636,377695,0.38488301,0.80186711,0.174299,0.62756811,-0.2426851,Hispanic,0.46077804,CA,1
CA-65,512045,0.0364382,0.75070514,0.21684388,0.04310543,0.95689457,0.20625586,0.70976674,0.00252002,0.04330896,0.04327147,373410,0.53386126,0.86011726,0.11736614,0.74275112,-0.20888986,Hispanic,0.59849121,CA,1
CA-66,512856,0.03807976,0.75057396,0.20894658,0.19650689,0.80349311,0.10134928,0.45848067,0.00329294,0.24186444,0.04062705,423634,0.54162738,0.80861805,0.17090487,0.63771318,-0.0960858,Hispanic,0.56865598,CA,1
CA-67,509878,0.03205194,0.63475592,0.33160252,0.53001873,0.46998127,0.04770651,0.16148338,0.0071802,0.24479924,0.01922674,414891,0.3031534,0.66089275,0.31617883,0.34471392,-0.04156052,White,0.31200691,CA,1
CA-68,509059,0.03039419,0.68121095,0.28914855,0.67874,0.32126,0.04538561,0.13136346,0.00366246,0.12876567,0.01625866,422667,0.3920624,0.72393338,0.25847432,0.46545906,-0.07339666,White,0.41152795,CA,1
CA-69,512056,0.03646047,0.79808621,0.17017839,0.14286491,0.85713509,0.35798379,0.40797897,0.0063053,0.08981096,0.03431347,404739,0.62790782,0.85296721,0.12775045,0.72521676,-0.09730894,Hispanic,0.65534413,CA,1
CA-70,512723,0.03781055,0.68426278,0.28701296,0.12205316,0.87794684,0.22469864,0.48222677,0.01290501,0.16797832,0.03227757,398605,0.39724982,0.7554794,0.22341566,0.53206374,-0.13481392,Hispanic,0.43718779,CA,1
CA-71,492158,-0.00381538,0.53187313,0.43892273,0.2433723,0.7566277,0.11374102,0.41815408,0.01384496,0.21701519,0.04066311,357892,0.0929504,0.61999565,0.35787029,0.26212536,-0.16917496,Hispanic,0.14434205,CA,1
CA-72,481095,-0.02620817,0.49491461,0.47300265,0.34575711,0.65424289,0.05601766,0.42756514,0.01626401,0.14481015,0.04264162,352496,0.02191196,0.56803372,0.40888321,0.15915051,-0.13723855,Hispanic,0.06265814,CA,1
CA-73,486548,-0.01517067,0.49912894,0.47338695,0.22454777,0.77545223,0.05373529,0.6285147,0.00497961,0.08161301,0.04740312,346011,0.02574199,0.58635665,0.39164637,0.19471028,-0.16896829,Hispanic,0.07706475,CA,1
CA-74,486802,-0.01465654,0.51816645,0.45493253,0.29431837,0.70568163,0.07284116,0.47149217,0.00447193,0.14974692,0.04785817,351079,0.06323392,0.58095053,0.39712592,0.18382461,-0.12059069,Hispanic,0.09843082,CA,1
CA-75,475662,-0.03720519,0.49478246,0.47680491,0.1535119,0.8464881,0.07410178,0.71544778,0.00346819,0.04884704,0.04004185,348885,0.01797755,0.59744243,0.37771518,0.21972725,-0.2017497,Hispanic,0.08022745,CA,1
CA-76,497331,0.00665537,0.41041662,0.56597653,0.2625884,0.7374116,0.01863002,0.65827827,0.00326033,0.04673038,0.03831682,344444,-0.15555991,0.48483495,0.49397052,-0.00913557,-0.14642434,Hispanic,-0.1117518,CA,1
CA-77,485408,-0.01747816,0.32199204,0.65574374,0.50349999,0.49650001,0.04226015,0.35058592,0.00408978,0.07179685,0.04787841,361144,-0.3337517,0.35543102,0.62309977,-0.26766875,-0.06608295,White,-0.31672405,CA,1
CA-78,488564,-0.01109005,0.3598225,0.61330882,0.52449748,0.47550252,0.07694156,0.32035585,0.00772709,0.04795551,0.04660016,370385,-0.25348632,0.38094014,0.59360268,-0.21266254,-0.04082378,White,-0.24487839,CA,1
CA-79,480479,-0.02745503,0.36580241,0.61092428,0.46658133,0.53341867,0.03642384,0.37201013,0.00481106,0.09663866,0.04469086,359380,-0.24512187,0.40266421,0.57675846,-0.17409425,-0.07102762,Minority,-0.226446,CA,1
CA-80,493696,-0.00070229,0.35266848,0.62285228,0.60150502,0.39849498,0.02423263,0.28024768,0.00747361,0.05756794,0.04255637,388567,-0.2701838,0.39018082,0.58802192,-0.1978411,-0.0723427,White,-0.25106957,CA,1
CO-1,87609,-0.01370504,0.45938598,0.51559117,0.5277142,0.4722858,0.03192488,0.39204812,0.00306631,0.0178257,0.05746772,68160,-0.05620519,0.4947889,0.47798858,0.01680032,-0.07300551,White,-0.03687002,CO,1
CO-2,87353,-0.01658707,0.4625,0.51260417,0.57424918,0.42575082,0.02506394,0.35883084,0.00213372,0.0131677,0.04996712,68425,-0.05010417,0.49433588,0.48086337,0.01347251,-0.06357668,White,-0.03391194,CO,1
CO-3,91956,0.03523313,0.32256947,0.65102903,0.82517831,0.17482169,0.02835485,0.08680715,0.00187954,0.01136434,0.03822552,80339,-0.32845956,0.31943446,0.65425696,-0.3348225,0.00636294,White,-0.33558054,CO,1
CO-4,92751,0.04418317,0.53258852,0.44088614,0.78335473,0.21664527,0.00842561,0.10441074,0.00238057,0.01214358,0.09032793,74772,0.09170238,0.53135019,0.44519503,0.08615516,0.00554722,White,0.08485331,CO,1
CO-5,85315,-0.03953071,0.42091498,0.55392205,0.80302456,0.19697544,0.01289156,0.12403022,0.00371872,0.02104357,0.03406638,68572,-0.13300707,0.40067105,0.573945,-0.17327395,0.04026688,White,-0.15142936,CO,1
CO-6,85624,-0.03605201,0.27310988,0.7043931,0.79239807,0.20760193,0.01095746,0.14156229,0.00271608,0.01157828,0.04102063,64431,-0.43128322,0.25800634,0.71918046,-0.46117412,0.0298909,White,-0.44624685,CO,1
CO-7,86210,-0.02945487,0.31313244,0.66351727,0.80021492,0.19978508,0.00753659,0.14219331,0.00152474,0.01152997,0.0337622,68864,-0.35038483,0.29901608,0.6810596,-0.38204352,0.03165869,White,-0.36593773,CO,1
CO-8,87534,-0.01454939,0.57967076,0.39166732,0.80524701,0.19475299,0.00945996,0.14451294,0.00267038,0.01727224,0.01984319,70402,0.18800344,0.59051732,0.38513475,0.20538257,-0.01737913,White,0.18879648,CO,1
CO-9,89319,0.005546,0.57386654,0.39538488,0.73708011,0.26291989,0.01460892,0.19866232,0.00281618,0.01730324,0.03671861,73859,0.17848166,0.58143332,0.38997829,0.19145503,-0.01297337,White,0.17780612,CO,1
CO-10,87640,-0.01335605,0.58075468,0.39500487,0.69036241,0.30963759,0.01018076,0.25757621,0.0020035,0.01626547,0.02837553,67382,0.18574981,0.60072465,0.37776748,0.22295717,-0.03720736,White,0.19315226,CO,1
CO-11,92388,0.04009655,0.46185398,0.51094704,0.67038114,0.32961886,0.01180286,0.27295973,0.00301464,0.01133183,0.04379307,74304,-0.04909306,0.47622788,0.50004463,-0.02381675,-0.02527631,White,-0.04566762,CO,1
CO-12,87194,-0.01837708,0.21820732,0.761175,0.73265264,0.26734736,0.02983892,0.18648593,0.0032861,0.01763342,0.03982924,68166,-0.54296768,0.21788257,0.75734448,-0.53946191,-0.00350577,White,-0.54679909,CO,1
CO-13,88539,-0.00323518,0.51735808,0.45930009,0.80053041,0.19946959,0.01893214,0.07876382,0.00249874,0.07897843,0.01795104,65233,0.05805799,0.51626418,0.46173235,0.05453183,0.00352616,White,0.0518826,CO,1
CO-14,88925,0.00111038,0.48699112,0.48688009,0.7471462,0.2528538,0.03049486,0.08982418,0.00281673,0.11137961,0.02133306,67454,0.00011103,0.48914681,0.48462697,0.00451984,-0.00440881,White,-0.00341937,CO,1
CO-15,89635,0.0091035,0.43783865,0.53723077,0.81899342,0.18100658,0.02087711,0.08455155,0.00306791,0.05042107,0.02282524,65191,-0.09939212,0.4287995,0.54595148,-0.11715198,0.01775986,White,-0.11031207,CO,1
CO-16,91070,0.02525861,0.38333966,0.59204916,0.84190054,0.15809946,0.01745244,0.08021665,0.00368424,0.03142614,0.02294211,68128,-0.2087095,0.37937819,0.59582425,-0.21644606,0.00773656,White,-0.21628835,CO,1
CO-17,91572,0.03091009,0.71452145,0.26183618,0.22524162,0.77475838,0.2498431,0.4386375,0.01118677,0.07680118,0.03619618,63736,0.45268527,0.80481702,0.17607416,0.62874286,-0.17605759,Hispanic,0.50637113,CO,1
CO-18,91317,0.02803932,0.62799784,0.34306117,0.42173708,0.57826292,0.03333381,0.46225268,0.00230332,0.06339146,0.05067311,69899,0.28493667,0.67292044,0.30051914,0.3724013,-0.08746463,Hispanic,0.30909155,CO,1
CO-19,90609,0.02006871,0.7615015,0.21003591,0.45048962,0.54951038,0.04458571,0.45472298,0.00250866,0.031401,0.05332326,70157,0.55146559,0.81001151,0.16651323,0.64349828,-0.09203269,Hispanic,0.57714315,CO,1
CO-20,91510,0.0302121,0.85582447,0.11602086,0.5750929,0.4249071,0.18875825,0.17535078,0.00273141,0.04470079,0.03251345,72124,0.73980361,0.87825418,0.10081401,0.77744017,-0.03763656,White,0.74734913,CO,1
CO-21,90435,0.01810983,0.798337,0.17136292,0.72336424,0.27663576,0.05543976,0.14849421,0.00244376,0.05070797,0.02727665,83478,0.62697408,0.82749414,0.14838535,0.67910879,-0.05213471,White,0.63935232,CO,1
CO-22,91585,0.03105644,0.71710018,0.25344717,0.66664501,0.33335499,0.10304644,0.14902241,0.00380643,0.0611887,0.02800909,76975,0.46365301,0.73280077,0.24090472,0.49189605,-0.02824304,White,0.46806736,CO,1
CO-23,89417,0.00664927,0.80769448,0.16670751,0.73273506,0.26726494,0.09383542,0.10949022,0.00238689,0.04499087,0.02326884,74993,0.64098697,0.81581948,0.16474308,0.6510764,-0.01008943,White,0.63935011,CO,1
CO-24,88010,-0.00919062,0.78347493,0.18877722,0.81420061,0.18579939,0.02826181,0.08711319,0.002262,0.04886966,0.01934534,76039,0.59469771,0.79262022,0.18531774,0.60730248,-0.01260477,White,0.5938993,CO,1
CO-25,92361,0.03979258,0.60149099,0.36906672,0.76026538,0.23973462,0.02903407,0.14702584,0.00256301,0.03350598,0.03351933,74912,0.23242427,0.60806466,0.36331823,0.24474643,-0.01232216,White,0.23153166,CO,1
CO-26,92871,0.04553412,0.58564007,0.38915153,0.82030247,0.17969753,0.02109493,0.06915844,0.00232993,0.06774932,0.01763491,71676,0.19648854,0.58155207,0.39431371,0.18723836,0.00925018,White,0.18840515,CO,1
CO-27,92363,0.0398151,0.55622062,0.41318845,0.62838936,0.37161064,0.09561269,0.11688274,0.00443858,0.14048195,0.02482971,68265,0.14303217,0.57523915,0.39846868,0.17677047,-0.0337383,White,0.14927827,CO,1
CO-28,93242,0.04971081,0.50853915,0.46407112,0.60038516,0.39961484,0.12320569,0.16480261,0.00468113,0.09534109,0.02928672,67505,0.04446803,0.52263795,0.452759,0.06987895,-0.02541092,White,0.04793834,CO,1
CO-29,93043,0.04747048,0.58464189,0.38486871,0.58924461,0.41075539,0.13121735,0.17905429,0.00547141,0.07971444,0.03197398,72559,0.19977318,0.61059535,0.3615336,0.24906175,-0.04928857,White,0.2112027,CO,1
CO-30,93017,0.04717778,0.65702827,0.30839129,0.4776684,0.5223316,0.21889799,0.20993773,0.00495644,0.07920642,0.03201668,72431,0.34863698,0.70461957,0.26818854,0.43643103,-0.08779405,Minority,0.37290166,CO,1
CO-31,92447,0.04076077,0.65319879,0.31479365,0.29999853,0.70000147,0.2250429,0.39687917,0.00972326,0.06124335,0.03955299,68187,0.33840514,0.72519589,0.24858664,0.47660925,-0.13820411,Hispanic,0.37947318,CO,1
CO-32,90005,0.01326893,0.47948486,0.49222937,0.82621035,0.17378965,0.01367278,0.10672594,0.00250248,0.02059305,0.02997386,71529,-0.01274451,0.45761237,0.51363019,-0.05601782,0.04327331,White,-0.03216895,CO,1
CO-33,90361,0.01727675,0.62799445,0.34293638,0.80700749,0.19299251,0.01928063,0.09459827,0.0028219,0.05105213,0.02254659,69811,0.28505807,0.61097972,0.36001461,0.25096511,0.03409296,White,0.26869375,CO,1
CO-34,90479,0.01860518,0.73514961,0.23313582,0.77354861,0.22645139,0.02558303,0.12593921,0.00326288,0.04772119,0.02836492,76926,0.50201379,0.73018725,0.23366891,0.49651834,0.00549545,White,0.49518197,CO,1
CO-35,88796,-0.00034189,0.4874813,0.4841112,0.84266959,0.15733041,0.00938551,0.09652863,0.00184333,0.01606934,0.0273404,71067,0.0033701,0.47900356,0.49386742,-0.01486386,0.01823396,White,-0.00770789,CO,1
CO-36,85316,-0.03951945,0.50696068,0.46823542,0.43618856,0.56381144,0.11247926,0.37242591,0.00619734,0.05782556,0.04077882,61478,0.03872526,0.54141969,0.43192135,0.10949834,-0.07077308,Minority,0.05731629,CO,1
CO-37,86472,-0.0265053,0.46255901,0.50971295,0.45574605,0.54425395,0.02892468,0.46104485,0.00324086,0.03174423,0.04558271,61712,-0.04715394,0.51324823,0.45730514,0.05594309,-0.10309703,Hispanic,-0.01778826,CO,1
CO-38,87264,-0.01758903,0.55089892,0.42032951,0.43534363,0.56465637,0.03247517,0.46076368,0.0029551,0.05020577,0.04745181,64634,0.13056941,0.60509945,0.36128546,0.24381399,-0.11324458,Hispanic,0.1633176,CO,1
CO-39,86375,-0.02759731,0.61352243,0.35551114,0.4219838,0.5780162,0.02637687,0.47569055,0.00336628,0.05256929,0.04769664,65057,0.25801129,0.66788395,0.30341893,0.36446502,-0.10645373,Hispanic,0.28849587,CO,1
CO-40,86158,-0.03004028,0.58160851,0.39119281,0.6060351,0.3939649,0.02550192,0.28352669,0.00241945,0.06086199,0.03629178,66544,0.1904157,0.58923095,0.38242823,0.20680272,-0.01638702,White,0.19087804,CO,1
CO-41,89586,0.00855186,0.49766926,0.47586557,0.66511085,0.33488915,0.02413009,0.2102594,0.00285731,0.07469407,0.03484128,66846,0.02180369,0.50854577,0.46334085,0.04520492,-0.02340123,White,0.0246041,CO,1
CO-42,88054,-0.00869527,0.5034895,0.46819721,0.81215999,0.18784001,0.01417359,0.10142026,0.00230665,0.04205655,0.0259825,68931,0.03529229,0.49627302,0.47646823,0.01980479,0.0154875,White,0.02512979,CO,1
CO-43,87568,-0.01416662,0.58994654,0.38105673,0.76397865,0.23602135,0.02195842,0.13638663,0.00226187,0.04921326,0.03193313,71180,0.20888981,0.58761531,0.38311146,0.20450385,0.00438596,White,0.20242782,CO,1
CO-44,86267,-0.02881317,0.63370255,0.33660543,0.64153139,0.35846861,0.03049438,0.2505676,0.00279544,0.04786298,0.04159099,70472,0.29709712,0.64783942,0.32291185,0.32492757,-0.02783045,White,0.30137394,CO,1
CO-45,87966,-0.00968597,0.64283846,0.32706964,0.77178036,0.22821964,0.0190183,0.14101578,0.00219865,0.03821525,0.03095971,72772,0.31576882,0.64218852,0.33030985,0.31187867,0.00389015,White,0.3094721,CO,1
CO-46,88191,-0.00715293,0.56053078,0.41157789,0.88591909,0.11408091,0.00690696,0.05067038,0.00171223,0.02759882,0.02056126,68916,0.14895289,0.54607169,0.42865899,0.1174127,0.03154019,White,0.13343949,CO,1
CO-47,86146,-0.03017538,0.58002898,0.39286259,0.78665585,0.21334415,0.016615,0.13739607,0.00273778,0.03039082,0.03244778,69034,0.18716639,0.56929955,0.40301295,0.1662866,0.02087979,White,0.17520646,CO,1
CO-48,87270,-0.01752148,0.47686096,0.49297753,0.48419612,0.51580388,0.03588539,0.42892919,0.00320433,0.0275168,0.04226294,64288,-0.01611657,0.51858053,0.44767251,0.07090802,-0.08702459,Minority,0.00789163,CO,1
CO-49,87490,-0.01504474,0.67469976,0.29776106,0.69559925,0.30440075,0.01640318,0.22202258,0.00215908,0.0371535,0.03253105,69011,0.3769387,0.66620262,0.30644497,0.35975765,0.01718105,White,0.36621168,CO,1
CO-50,87861,-0.01086805,0.85897609,0.11262968,0.78390964,0.21609036,0.02002165,0.08913874,0.00286955,0.0837779,0.01618689,76667,0.74634641,0.88013913,0.10123562,0.77890351,-0.0325571,White,0.75219878,CO,1
CO-51,88266,-0.00630859,0.76181036,0.21067168,0.8243376,0.1756624,0.01379533,0.07711631,0.00185248,0.05536376,0.01886157,71256,0.55113868,0.76743397,0.21143688,0.55599709,-0.00485841,White,0.54775815,CO,1
CO-52,89005,0.00201101,0.60968656,0.36073231,0.75081555,0.24918445,0.02250359,0.13598916,0.0027231,0.06083435,0.03071436,72344,0.24895425,0.60581603,0.3630816,0.24273443,0.00621982,White,0.24188098,CO,1
CO-53,87473,-0.01523612,0.7417827,0.23184716,0.76403468,0.23596532,0.01660652,0.11109447,0.00193169,0.08247855,0.02217697,66781,0.50993554,0.74323632,0.23522239,0.50801393,0.00192161,White,0.504295,CO,1
CO-54,89455,0.00707707,0.50719882,0.46584427,0.74419937,0.25580063,0.01388437,0.15819209,0.00277068,0.05563037,0.02738178,64605,0.04135455,0.49988526,0.47173456,0.0281507,0.01320385,White,0.03195327,CO,1
CO-55,88515,-0.00350537,0.34885349,0.62601863,0.68017867,0.31982133,0.01294286,0.26169279,0.00222575,0.01789743,0.03366059,65596,-0.27716514,0.36626405,0.60770927,-0.24144522,-0.03571992,White,-0.2702585,CO,1
CO-56,89256,0.00483675,0.30481696,0.67070367,0.76612953,0.23387047,0.01039628,0.17748593,0.00206397,0.01617539,0.03141818,65408,-0.36588671,0.30561178,0.66774623,-0.36213445,-0.00375226,White,-0.36963596,CO,1
CO-57,86124,-0.03042305,0.22145978,0.75639824,0.75618328,0.24381672,0.02926851,0.17406522,0.00242081,0.01112699,0.02963309,68572,-0.53493846,0.23421593,0.74413504,-0.50991911,-0.02501935,White,-0.53159868,CO,1
CO-58,85162,-0.04125317,0.34332335,0.63247675,0.81435174,0.18564826,0.02896984,0.07404622,0.0039483,0.05104583,0.02436349,63825,-0.2891534,0.31470906,0.65722394,-0.34251488,0.05336148,White,-0.31194056,CO,1
CO-59,87572,-0.01412159,0.422194,0.54963368,0.74045588,0.25954412,0.0559569,0.11429595,0.00582301,0.06525192,0.02718441,64228,-0.12743968,0.3982783,0.5651007,-0.1668224,0.03938272,White,-0.14556725,CO,1
CO-60,88844,0.00019849,0.42189567,0.55115706,0.67218858,0.32781142,0.08178674,0.15602301,0.00809411,0.06286525,0.03488319,66221,-0.12926139,0.40566735,0.55505817,-0.14939082,0.02012943,White,-0.1409712,CO,1
CO-61,86228,-0.02925223,0.42148829,0.55014761,0.59188787,0.40811213,0.12318536,0.20168774,0.01692586,0.05106858,0.04266223,61858,-0.12865932,0.42267465,0.52961575,-0.1069411,-0.02171822,White,-0.12641991,CO,1
CO-62,86923,-0.02142798,0.53211428,0.43756142,0.47522753,0.52477247,0.14841736,0.3057497,0.01048365,0.04681142,0.04701333,64386,0.09455286,0.54841145,0.40265196,0.14575949,-0.05120663,Minority,0.10662174,CO,1
CO-63,86152,-0.03010783,0.49505889,0.47371509,0.72770853,0.27229147,0.06257781,0.14244215,0.00497989,0.03641906,0.03895193,69881,0.0213438,0.47931195,0.48117155,-0.0018596,0.0232034,White,0.00860933,CO,1
CO-64,86764,-0.02321798,0.5258768,0.44564244,0.78885288,0.21114712,0.03894677,0.10252737,0.00410332,0.04071328,0.02951609,71893,0.08023436,0.50505485,0.46209351,0.04296134,0.03727302,White,0.06281002,CO,1
CO-65,87489,-0.01505599,0.51193787,0.46071655,0.67942625,0.32057375,0.08955784,0.15624955,0.00845022,0.04668564,0.03356975,69229,0.05122132,0.50657652,0.45925185,0.04732467,0.00389665,White,0.04492244,CO,1
DE-1,24292,0.00608517,0.57165417,0.4154306,0.87345434,0.12654566,0.05240073,0.03676917,0.00130652,0.01642481,0.01348514,21431,0.15622357,0.56185286,0.42676355,0.13508931,0.02113426,White,0.14417882,DE,1
DE-2,24635,0.02029096,0.56099535,0.42737204,0.85289318,0.14710682,0.05245489,0.05292115,0.00074603,0.0231734,0.01524689,21447,0.13362331,0.55108115,0.44090136,0.11017979,0.02344352,White,0.1208088,DE,1
DE-3,23032,-0.04609939,0.49859475,0.49049786,0.69543921,0.30456079,0.10302602,0.17116578,0.00163274,0.01344291,0.02514423,18374,0.00809689,0.48842631,0.50049958,-0.01207327,0.02017016,White,-0.0036265,DE,1
DE-4,24177,0.00132229,0.42747334,0.56167865,0.80119545,0.19880455,0.08863835,0.06779084,0.00058315,0.01331519,0.0263874,20578,-0.13420531,0.4211128,0.56890244,-0.14778964,0.01358433,White,-0.14373342,DE,1
DE-5,23236,-0.03765046,0.41181823,0.57781934,0.92340365,0.07659635,0.02061659,0.02519805,0.00076358,0.01450797,0.01088098,20954,-0.16600111,0.39679792,0.59380602,-0.1970081,0.03100699,White,-0.18133677,DE,1
DE-6,23951,-0.0080378,0.38783823,0.59870527,0.71926806,0.28073194,0.13502242,0.10379522,0.00093838,0.01871546,0.02481493,19182,-0.21086704,0.40645933,0.58373206,-0.17727273,-0.03359431,White,-0.20466894,DE,1
DE-7,24120,-0.00103844,0.25690123,0.73153024,0.7879145,0.2120855,0.09964108,0.07087373,0.0018214,0.01623185,0.02287459,18667,-0.47462901,0.27572162,0.7132991,-0.43757748,-0.03705153,White,-0.4672785,DE,1
DE-8,23252,-0.0369878,0.41993993,0.56585028,0.58096018,0.41903982,0.26127127,0.12332612,0.00169581,0.01830302,0.02321502,17101,-0.14591035,0.42730312,0.55713133,-0.12982821,-0.01608214,White,-0.14554964,DE,1
DE-9,23178,-0.04005261,0.3448561,0.6424082,0.68028389,0.31971611,0.16072427,0.12004024,0.00100592,0.01587124,0.02917179,17894,-0.2975521,0.3656644,0.62049202,-0.25482762,-0.04272448,White,-0.28831061,DE,1
DE-10,23505,-0.02650947,0.38842165,0.59777905,0.70889547,0.29110453,0.1467588,0.11133048,0.00137107,0.01552046,0.0256115,18234,-0.2093574,0.39721876,0.58807274,-0.19085398,-0.01850342,White,-0.20818959,DE,1
DE-11,24831,0.02840856,0.3680012,0.61604455,0.73362603,0.26637397,0.16554752,0.05919421,0.0017562,0.02097107,0.02479339,19360,-0.24804335,0.37874465,0.60746553,-0.22872088,-0.01932247,White,-0.24660253,DE,1
DE-12,23674,-0.01951012,0.31924998,0.66543847,0.79813596,0.20186404,0.10652412,0.03996711,0.00109649,0.0183114,0.03519737,18240,-0.34618849,0.34181757,0.64074105,-0.29892348,-0.04726501,White,-0.33543349,DE,1
DE-13,25039,0.03702316,0.55222691,0.43239549,0.51362076,0.48637924,0.3214822,0.10821536,0.00418275,0.04290004,0.02901115,18648,0.11983142,0.5737863,0.40703033,0.16675597,-0.04692455,White,0.13047294,DE,1
DE-14,24701,0.02302444,0.62629363,0.35669181,0.49853449,0.50146551,0.3726578,0.06207474,0.00183189,0.05071705,0.02622213,19106,0.26960182,0.63035374,0.35133792,0.27901582,-0.009414,Minority,0.26773982,DE,1
DE-15,24614,0.01942122,0.50791708,0.47234759,0.62098375,0.37901625,0.2528563,0.06361637,0.00316473,0.0451644,0.02848254,18643,0.03556949,0.51403387,0.46880074,0.04523313,-0.00966364,White,0.0337907,DE,1
DE-16,25334,0.04924097,0.63160677,0.35306554,0.48142031,0.51857969,0.40360422,0.06372954,0.00131151,0.03201049,0.02788167,20587,0.27854123,0.63269145,0.35029109,0.28240036,-0.00385913,Minority,0.27482761,DE,1
DE-17,24528,0.01585942,0.52351797,0.459915,0.63113248,0.36886752,0.27150421,0.05127512,0.00199914,0.02696131,0.02501621,18508,0.06360297,0.51655474,0.46876464,0.0477901,0.01581287,White,0.05333201,DE,1
DE-18,24630,0.02008388,0.55350127,0.43062938,0.60840399,0.39159601,0.29966727,0.04996243,0.00144896,0.02801331,0.01915853,18634,0.12287189,0.55613227,0.42863123,0.12750104,-0.00462915,White,0.11941494,DE,1
DE-19,24871,0.03006522,0.59030075,0.39503759,0.58789221,0.41210779,0.28481936,0.07166388,0.0011881,0.04719987,0.01922558,18517,0.19526316,0.60152167,0.38264679,0.21887488,-0.02361172,White,0.19813373,DE,1
DE-20,23394,-0.03110668,0.55252538,0.4332856,0.6654288,0.3345712,0.20372519,0.05222235,0.00081235,0.06667053,0.01618893,17234,0.11923978,0.55547293,0.4292088,0.12626413,-0.00702435,White,0.11658123,DE,1
DE-21,23555,-0.02443866,0.62628138,0.35838244,0.58136587,0.41863413,0.29863202,0.07457878,0.00137326,0.0346485,0.01732425,18933,0.26789894,0.6443323,0.34060559,0.30372671,-0.03582777,White,0.27484153,DE,1
DE-22,23277,-0.03595239,0.69502436,0.29253653,0.43998913,0.56001087,0.36951915,0.08992122,0.00103233,0.09410486,0.0202119,18405,0.40248783,0.71582915,0.27244556,0.44338359,-0.04089576,Minority,0.41111975,DE,1
DE-23,24852,0.02927831,0.61936513,0.36389332,0.58335055,0.41664945,0.24979343,0.05350134,0.00087792,0.10250981,0.01600909,19364,0.25547181,0.64132104,0.34443513,0.29688591,-0.0414141,White,0.26427651,DE,1
DE-24,25081,0.03876264,0.74982905,0.23571359,0.36212518,0.63787482,0.42658614,0.13795499,0.0011759,0.06884387,0.01790582,18709,0.51411546,0.77900301,0.20832954,0.57067347,-0.05655801,Black,0.52796813,DE,1
DE-25,24666,0.02157487,0.68197227,0.3011813,0.46809739,0.53190261,0.28329311,0.11454507,0.00115437,0.12897471,0.02114598,19058,0.38079097,0.71089372,0.27400513,0.43688859,-0.05609762,Minority,0.39449018,DE,1
DE-26,24043,-0.00422749,0.67020192,0.31409341,0.49005453,0.50994547,0.28221241,0.10651779,0.0015061,0.11425604,0.01859257,19255,0.35610851,0.70016972,0.28389591,0.41627381,-0.0601653,Minority,0.37116361,DE,1
DE-27,23676,-0.01942728,0.62995866,0.35227373,0.61853927,0.38146073,0.16996089,0.08069971,0.00116267,0.1172709,0.01839129,18922,0.27768493,0.6483452,0.33020528,0.31813992,-0.04045499,White,0.28616993,DE,1
DE-28,23202,-0.03905862,0.70211452,0.27951844,0.6643597,0.3356403,0.18934657,0.06610663,0.00100234,0.07417307,0.01093027,20951,0.42259608,0.71042526,0.26795619,0.44246907,-0.01987299,White,0.42422041,DE,1
DE-29,24511,0.01515534,0.66866953,0.31759657,0.45910703,0.54089297,0.32328396,0.18673065,0.00114751,0.02628834,0.0230023,19172,0.35107296,0.69838614,0.28931313,0.40907301,-0.05800005,Minority,0.36540631,DE,1
DE-30,23511,-0.02626098,0.74813393,0.23907016,0.3416445,0.6583555,0.43860816,0.2038453,0.00177305,0.01573582,0.02515514,18048,0.50906377,0.78771981,0.20149616,0.58622365,-0.07715988,Black,0.52978373,DE,1
DE-31,24046,-0.00410325,0.71132268,0.272243,0.4615006,0.5384994,0.29580007,0.23373072,0.00191403,0.01607787,0.02351526,18286,0.43907968,0.74588259,0.23966859,0.506214,-0.06713432,Minority,0.45645779,DE,1
DE-32,23746,-0.01652814,0.87142857,0.11542857,0.16222534,0.83777466,0.61290323,0.21254091,0.00187003,0.02740767,0.02238195,17112,0.756,0.90444833,0.08762263,0.8168257,-0.0608257,Black,0.77127523,DE,1
DE-33,25016,0.03607058,0.90475296,0.08388127,0.17456762,0.82543238,0.76349239,0.05256303,0.00166701,0.01557616,0.01583663,19196,0.82087169,0.9273368,0.06376909,0.86356771,-0.04269602,Black,0.8301037,DE,1
DE-34,24248,0.00426285,0.58127603,0.40050565,0.76164108,0.23835892,0.09041027,0.06227032,0.00110748,0.06916688,0.01374276,19865,0.18077038,0.59738331,0.38274399,0.21463932,-0.03386894,White,0.18706003,DE,1
DE-35,24875,0.03023088,0.58894034,0.39328521,0.73799192,0.26200808,0.0597536,0.03780737,0.00104743,0.15372338,0.00842935,20049,0.19565513,0.61380777,0.37104364,0.24276413,-0.047109,White,0.20635813,DE,1
DE-36,23804,-0.01412599,0.57132723,0.41293693,0.83010886,0.16989114,0.03415364,0.03920962,0.00072228,0.07805809,0.009854,19383,0.1583903,0.58780985,0.39933239,0.18847746,-0.03008716,White,0.16341935,DE,1
DE-37,23402,-0.03077535,0.56320789,0.41861527,0.70793737,0.29206263,0.08741901,0.16700864,0.0011879,0.02267819,0.02197624,18520,0.14459262,0.60342759,0.37754927,0.22587832,-0.0812857,White,0.16668785,DE,1
DE-38,24660,0.02132637,0.71550795,0.26758286,0.77360406,0.22639594,0.1227943,0.04979454,0.00077351,0.04239787,0.01189268,20685,0.44792509,0.72061782,0.26426115,0.45635667,-0.00843158,White,0.44573562,DE,1
DE-39,24031,-0.00472449,0.61408297,0.36824509,0.8002166,0.1997834,0.06698984,0.02748698,0.00082513,0.09158888,0.01062349,19391,0.24583788,0.62689394,0.35815047,0.26874347,-0.02290559,White,0.24847308,DE,1
DE-40,24315,0.00703774,0.65298533,0.33083121,0.78000706,0.21999294,0.11155921,0.03836266,0.0009074,0.05494782,0.01466956,19837,0.32215412,0.66260689,0.3208085,0.34179839,-0.01964427,White,0.32370221,DE,1
DE-41,24437,0.01209053,0.72794433,0.25599572,0.44741122,0.55258878,0.39484866,0.07601112,0.00094424,0.08047002,0.01505534,19063,0.47194861,0.76193403,0.22771973,0.5342143,-0.06226569,Minority,0.48770384,DE,1
FL-1,175216,-0.02378141,0.25674175,0.72839431,0.75924215,0.24075785,0.10620153,0.06848825,0.00277104,0.03386821,0.03016633,139659,-0.47165256,0.27479,0.70909637,-0.43430637,-0.03734619,White,-0.46420383,FL,1
FL-2,186847,0.04102088,0.32589955,0.66452892,0.84631028,0.15368972,0.05344009,0.06280443,0.00129079,0.0171152,0.01554433,164240,-0.33862937,0.36267781,0.62838244,-0.26570463,-0.07292474,White,-0.31932112,FL,1
FL-3,181243,0.00979811,0.20190704,0.7885178,0.77533277,0.22466723,0.12927733,0.05055168,0.00186308,0.01264827,0.03039587,144921,-0.58661076,0.22912708,0.76076687,-0.53163979,-0.05497097,White,-0.5732871,FL,1
FL-4,174772,-0.02625516,0.59091517,0.39269559,0.52988807,0.47011193,0.33143837,0.09018966,0.00157287,0.03669091,0.01661741,141779,0.19821958,0.62831153,0.35798482,0.27032671,-0.07210713,White,0.21725529,FL,1
FL-5,174740,-0.02643345,0.60241555,0.38061831,0.55668198,0.44331802,0.32866019,0.06194992,0.00165645,0.03937808,0.01775888,140662,0.22179724,0.63576567,0.34993393,0.28583174,-0.0640345,White,0.23814207,FL,1
FL-6,176961,-0.01405911,0.22052756,0.7697629,0.78395722,0.21604278,0.1226731,0.05663556,0.001447,0.00851421,0.02612981,143055,-0.54923534,0.24286563,0.74752823,-0.5046626,-0.04457274,White,-0.53937776,FL,1
FL-7,173403,-0.03388257,0.22675438,0.76452925,0.71461447,0.28538553,0.18426935,0.06709565,0.00150241,0.01113253,0.02085792,136447,-0.53777487,0.25335474,0.73741973,-0.48406499,-0.05370988,White,-0.52487158,FL,1
FL-8,178245,-0.00690529,0.26909681,0.71886593,0.76964314,0.23035686,0.09875962,0.06920426,0.0018916,0.03882646,0.0202394,133749,-0.44976912,0.28134619,0.70604178,-0.42469559,-0.02507353,White,-0.44641128,FL,1
FL-9,178779,-0.0039301,0.31807655,0.66821394,0.68233088,0.31766912,0.14397937,0.10171489,0.00397966,0.04979398,0.02563437,134936,-0.35013739,0.32445581,0.65994583,-0.33549002,-0.01464737,White,-0.35025493,FL,1
FL-10,179096,-0.00216393,0.35097456,0.634351,0.83229499,0.16770501,0.05382961,0.06332038,0.00161648,0.02892327,0.0163591,144140,-0.28337644,0.37914552,0.60840316,-0.22925764,-0.0541188,White,-0.27033684,FL,1
FL-11,175423,-0.02262811,0.2649333,0.7257827,0.86948159,0.13051841,0.03069602,0.05527965,0.00126671,0.01854495,0.02121243,149205,-0.4608494,0.28802388,0.70183641,-0.41381253,-0.04703687,White,-0.45017044,FL,1
FL-12,172935,-0.03649003,0.31878633,0.67050358,0.76258993,0.23741007,0.06178962,0.13649908,0.00156088,0.01848226,0.02138408,140946,-0.35171725,0.35337304,0.63534876,-0.28197572,-0.06974153,White,-0.33347007,FL,1
FL-13,187893,0.04684869,0.4019731,0.58201203,0.65227023,0.34772977,0.10593743,0.18262808,0.001775,0.04436134,0.02016178,147606,-0.18003893,0.42749463,0.56002971,-0.13253508,-0.04750385,White,-0.16920431,FL,1
FL-14,186147,0.03712082,0.3473177,0.63960448,0.76020576,0.23979424,0.04969492,0.12867325,0.00162116,0.04042629,0.02033627,146192,-0.29228678,0.37019305,0.61708778,-0.24689473,-0.04539205,White,-0.2821561,FL,1
FL-15,187851,0.04661468,0.35015027,0.63765698,0.7812654,0.2187346,0.04957595,0.12485411,0.00173769,0.02305029,0.02215551,154228,-0.28750671,0.3846654,0.60150832,-0.21684292,-0.07066379,White,-0.26895211,FL,1
FL-16,173458,-0.03357613,0.4340359,0.55401535,0.36392472,0.63607528,0.10531734,0.50965964,0.00295997,0.03257479,0.02154494,132096,-0.11997945,0.49747075,0.4909921,0.00647865,-0.1264581,Hispanic,-0.08282675,FL,1
FL-17,174856,-0.02578715,0.55257976,0.43210186,0.20344053,0.79655947,0.17222176,0.5980415,0.0032316,0.04373182,0.0192919,133061,0.1204779,0.64588202,0.34300539,0.30287663,-0.18239873,Hispanic,0.17627748,FL,1
FL-18,176198,-0.01831018,0.55319879,0.42990115,0.32347295,0.67652705,0.10813463,0.48079643,0.00343514,0.07736274,0.01685093,138568,0.12329764,0.62553002,0.36215656,0.26337346,-0.14007582,Hispanic,0.16498958,FL,1
FL-19,174154,-0.02969836,0.52904665,0.45342799,0.31571059,0.68428941,0.12060399,0.51109446,0.00295253,0.06319457,0.01859193,133445,0.07561866,0.59229413,0.39427937,0.19801476,-0.1223961,Hispanic,0.11141736,FL,1
FL-20,177559,-0.01072735,0.53451131,0.4463682,0.4645725,0.5354275,0.13418626,0.31656612,0.00282227,0.08263643,0.01852853,144210,0.08814311,0.58567058,0.39904505,0.18662553,-0.09848242,Minority,0.11597058,FL,1
FL-21,177683,-0.01003648,0.5469286,0.4364337,0.35473505,0.64526495,0.15811875,0.43500745,0.00335532,0.05928921,0.02182025,140970,0.1104949,0.59873168,0.38501122,0.21372046,-0.10322556,Hispanic,0.13990342,FL,1
FL-22,176495,-0.01665544,0.48026155,0.49975556,0.57033534,0.42966466,0.08306075,0.18768178,0.00247029,0.10940297,0.01371126,132373,-0.01949401,0.51838818,0.46961564,0.04877254,-0.06826655,White,-0.00173849,FL,1
FL-23,177696,-0.00996405,0.47218782,0.51034329,0.58553577,0.41446423,0.14613774,0.20009046,0.00222493,0.05807431,0.01833925,137083,-0.03815547,0.50807481,0.47701161,0.0310632,-0.06921867,White,-0.02008258,FL,1
FL-24,173723,-0.03209968,0.45895715,0.52355447,0.58732463,0.41267537,0.11904971,0.20262128,0.00198648,0.08266262,0.01714533,136422,-0.06459732,0.49119038,0.49579564,-0.00460526,-0.05999206,White,-0.04959997,FL,1
FL-25,178411,-0.00598042,0.51817963,0.46448444,0.64605407,0.35394593,0.09607507,0.2012172,0.00214801,0.04766921,0.01823051,145251,0.05369519,0.54276022,0.44179104,0.10096918,-0.04727399,White,0.06445319,FL,1
FL-26,178648,-0.00465997,0.57154044,0.41478048,0.36765207,0.63234793,0.36430318,0.22146403,0.00242276,0.04143884,0.01995258,134970,0.15675996,0.60737002,0.38091821,0.22645181,-0.06969185,Minority,0.17499058,FL,1
FL-27,173437,-0.03369313,0.67425467,0.30841363,0.35557043,0.64442957,0.34990498,0.22901549,0.00265636,0.04226417,0.01539104,138912,0.36584104,0.7196296,0.2663745,0.4532551,-0.08741406,Minority,0.38997906,FL,1
FL-28,177102,-0.01327353,0.6188376,0.36583312,0.35575583,0.64424417,0.3597767,0.20896121,0.00273653,0.05714598,0.01724377,137035,0.25300448,0.65788152,0.32949466,0.32838686,-0.07538238,Black,0.27313194,FL,1
FL-29,180557,0.00597605,0.49293336,0.49014085,0.59062546,0.40937454,0.27483671,0.06020643,0.0034011,0.0469699,0.02695893,144071,0.00279251,0.51309995,0.46721676,0.04588319,-0.04309068,White,0.01215607,FL,1
FL-30,179071,-0.00230322,0.26879123,0.71796703,0.76775309,0.23224691,0.10476485,0.0513035,0.0033387,0.03730908,0.03565027,142271,-0.4491758,0.27944432,0.70271942,-0.4232751,-0.0259007,White,-0.44554223,FL,1
FL-31,180373,0.00495089,0.24600917,0.74000284,0.78738661,0.21261339,0.08035567,0.05847765,0.00394392,0.03408268,0.03414005,139455,-0.49399367,0.26394528,0.71511818,-0.4511729,-0.04282077,White,-0.48472008,FL,1
FL-32,181572,0.01163114,0.29720088,0.68597741,0.71039529,0.28960471,0.10820651,0.09586822,0.00496489,0.05667021,0.03069783,141997,-0.38877653,0.30938738,0.66651109,-0.35712371,-0.03165282,White,-0.38322559,FL,1
FL-33,175808,-0.02048307,0.54768654,0.43361946,0.69465112,0.30534888,0.1180537,0.09988185,0.00147681,0.06802487,0.01782022,142198,0.11406708,0.56621531,0.41789853,0.14831678,-0.0342497,White,0.12048365,FL,1
FL-34,178149,-0.00744015,0.58287859,0.39965086,0.47210236,0.52789764,0.27947805,0.17038864,0.00173158,0.06851414,0.01753566,145532,0.18322773,0.66057494,0.32483709,0.33573785,-0.15251012,Minority,0.22906444,FL,1
FL-35,177698,-0.00995291,0.29236157,0.69751,0.71978124,0.28021876,0.13594694,0.10425383,0.00197056,0.01466493,0.0253602,140062,-0.40514843,0.32246926,0.6661539,-0.34368464,-0.06146379,White,-0.3896605,FL,1
FL-36,175938,-0.01975877,0.32433504,0.66641712,0.788141,0.211859,0.06216827,0.11200532,0.00148986,0.01865647,0.01821084,150350,-0.34208208,0.34014477,0.65104863,-0.31090386,-0.03117822,White,-0.33668934,FL,1
FL-37,179102,-0.0021305,0.32695484,0.66217949,0.74859997,0.25140003,0.10190982,0.10707652,0.00181626,0.02043287,0.02218721,145354,-0.33522465,0.35068704,0.63965819,-0.28897115,-0.0462535,White,-0.32480682,FL,1
FL-38,177702,-0.00993062,0.31230581,0.67869748,0.84813904,0.15186096,0.06792625,0.05539629,0.00100709,0.01269061,0.01252379,161852,-0.36639167,0.32382784,0.67020418,-0.34637634,-0.02001533,White,-0.36471989,FL,1
FL-39,177008,-0.01379725,0.40620615,0.58297958,0.62423544,0.37576456,0.1127828,0.20483275,0.00213023,0.03771847,0.02142887,142238,-0.17677343,0.43612035,0.55431644,-0.11819609,-0.05857734,White,-0.16224765,FL,1
FL-40,182022,0.01413832,0.35877465,0.63112533,0.79239023,0.20760977,0.08008151,0.07888636,0.00149557,0.02738393,0.0177509,153119,-0.27235068,0.39396288,0.59629449,-0.20233161,-0.07001907,White,-0.25401099,FL,1
FL-41,180746,0.00702907,0.40648319,0.58112861,0.71810602,0.28189398,0.15993524,0.07078811,0.00158618,0.03165801,0.01875885,152568,-0.17464542,0.44783502,0.53948387,-0.09164885,-0.08299657,White,-0.1519799,FL,1
FL-42,181748,0.01261173,0.39352461,0.59397169,0.65623926,0.34376074,0.09991198,0.20529783,0.00172606,0.0217786,0.0219849,145418,-0.20044708,0.42630221,0.56054982,-0.13424761,-0.06619947,White,-0.18338059,FL,1
FL-43,182566,0.01716923,0.35205325,0.635077,0.74648261,0.25351739,0.0871636,0.12882833,0.0016849,0.01767816,0.02362837,150751,-0.28302375,0.38951106,0.59900724,-0.20949618,-0.07352757,White,-0.26351456,FL,1
FL-44,182124,0.01470662,0.3738281,0.61214187,0.7676664,0.2323336,0.09484717,0.08082067,0.00289859,0.03058512,0.022609,150073,-0.23831377,0.39400901,0.59167897,-0.19766996,-0.04064381,White,-0.22976583,FL,1
FL-45,181766,0.01271202,0.38953397,0.59514968,0.77847146,0.22152854,0.06414092,0.09127027,0.00225688,0.04368206,0.01900323,149764,-0.20561571,0.41019112,0.57503411,-0.16484299,-0.04077272,White,-0.1970248,FL,1
FL-46,184553,0.02823983,0.41949082,0.56630385,0.67248591,0.32751409,0.14152296,0.13171008,0.00214803,0.03685668,0.02120009,149905,-0.14681303,0.44618903,0.53930632,-0.09311729,-0.05369574,White,-0.13391445,FL,1
FL-47,181486,0.01115199,0.50956118,0.47847503,0.42773976,0.57226024,0.18088282,0.36852331,0.00190037,0.02424393,0.01984754,141025,0.03108615,0.56006144,0.42994916,0.13011228,-0.09902613,Minority,0.05909486,FL,1
FL-48,181627,0.01193757,0.43831676,0.54800451,0.54454621,0.45545379,0.21834949,0.20209438,0.00185712,0.02311163,0.02210893,141617,-0.10968775,0.47961799,0.50489871,-0.02528072,-0.08440703,White,-0.08655207,FL,1
FL-49,180378,0.00497875,0.3093593,0.67944247,0.6926235,0.3073765,0.0982778,0.17020945,0.00163513,0.01992596,0.02324577,141273,-0.37008317,0.32595768,0.66080791,-0.33485023,-0.03523294,White,-0.36333886,FL,1
FL-50,181555,0.01153643,0.31772204,0.67089031,0.67398489,0.32601511,0.10441268,0.17914553,0.001698,0.02802394,0.02081097,142521,-0.35316827,0.34156843,0.64587287,-0.30430444,-0.04886383,White,-0.34188033,FL,1
FL-51,188370,0.0495063,0.35316731,0.63513198,0.7205917,0.2794083,0.04814241,0.20258637,0.00089313,0.01875581,0.01081685,161230,-0.28196467,0.38515556,0.60665333,-0.22149777,-0.0604669,White,-0.26680904,FL,1
FL-52,187382,0.04400164,0.30718024,0.68199998,0.62738336,0.37261664,0.07144973,0.27210262,0.00087535,0.01738856,0.01369629,151939,-0.37481974,0.35881549,0.63291319,-0.2740977,-0.10072204,White,-0.34624573,FL,1
FL-53,171696,-0.04339314,0.33600223,0.65346476,0.760755,0.239245,0.07602511,0.12787028,0.0009518,0.01606864,0.01590768,142887,-0.31746253,0.3671422,0.62322181,-0.25607961,-0.06138292,White,-0.30200156,FL,1
FL-54,172517,-0.03881893,0.38521149,0.60469076,0.72734652,0.27265348,0.10311264,0.12874979,0.00160963,0.02198452,0.01625451,145375,-0.21947927,0.41624681,0.57523385,-0.15898704,-0.06049223,White,-0.20431519,FL,1
FL-55,171951,-0.04197241,0.5144149,0.47445185,0.43477659,0.56522341,0.30113165,0.22598327,0.00230634,0.02498539,0.01872751,130076,0.03996305,0.56071932,0.43052002,0.1301993,-0.09023625,Minority,0.0650418,FL,1
FL-56,170925,-0.04768878,0.3553984,0.63362844,0.78697124,0.21302876,0.05484837,0.12354521,0.00116803,0.01868845,0.0167021,142976,-0.27823004,0.38168504,0.60978993,-0.22810489,-0.05012515,White,-0.26652166,FL,1
FL-57,180339,0.00476146,0.48174607,0.50543724,0.77612793,0.22387207,0.06075501,0.11637652,0.00105879,0.02821502,0.01357812,155839,-0.02369117,0.51790684,0.47178958,0.04611726,-0.06980843,White,-0.00542169,FL,1
FL-58,176361,-0.01740202,0.3634335,0.62622882,0.89331265,0.10668735,0.02362427,0.04864574,0.00101906,0.01591401,0.01231846,156026,-0.26279532,0.3964324,0.59456516,-0.19813276,-0.06466256,White,-0.24624113,FL,1
FL-59,178578,-0.00504997,0.3265841,0.6623861,0.74576532,0.25423468,0.05896017,0.15321108,0.00119641,0.02318666,0.01521756,142927,-0.335802,0.36559421,0.62439172,-0.25879751,-0.07700449,White,-0.31513384,FL,1
FL-60,179796,0.00173613,0.36239948,0.62619246,0.76604859,0.23395141,0.07268052,0.11253299,0.00114367,0.03034445,0.0159437,147770,-0.26379298,0.39582211,0.5938214,-0.19799929,-0.06579369,White,-0.24686175,FL,1
FL-61,177945,-0.00857674,0.4210446,0.56709753,0.66534841,0.33465159,0.10091216,0.19858294,0.0015168,0.01859637,0.01840244,144383,-0.14605293,0.45464504,0.53365367,-0.07900863,-0.0670443,White,-0.12870483,FL,1
FL-62,183711,0.02354861,0.29171371,0.69943327,0.61805724,0.38194276,0.09794184,0.25345955,0.00135139,0.01641936,0.01926403,147996,-0.40771956,0.32951125,0.66209012,-0.33257887,-0.07514069,White,-0.38767266,FL,1
FL-63,182155,0.01487933,0.46266503,0.52567565,0.37839321,0.62160679,0.22555148,0.36601045,0.00130501,0.02139176,0.02004968,134865,-0.06301062,0.54747378,0.44283029,0.10464349,-0.16765411,Minority,-0.01212592,FL,1
FL-64,183129,0.02030599,0.32122242,0.66913997,0.72249555,0.27750445,0.04365618,0.19889949,0.00105946,0.01914965,0.01610372,151021,-0.34791755,0.37103877,0.62114125,-0.25010248,-0.09781507,White,-0.32031253,FL,1
FL-65,183760,0.02382162,0.34363901,0.64505179,0.81576331,0.18423669,0.02367728,0.12121325,0.00119909,0.0245098,0.01120803,160956,-0.30141278,0.37445132,0.61883388,-0.24438256,-0.05703022,White,-0.28740271,FL,1
FL-66,181047,0.0087061,0.34108764,0.6484598,0.80779722,0.19220278,0.03304523,0.12146822,0.00124566,0.0215468,0.01214363,156543,-0.30737216,0.38198679,0.61133629,-0.2293495,-0.07802266,White,-0.28636461,FL,1
FL-67,186894,0.04128274,0.37678231,0.61142969,0.75831102,0.24168898,0.05479056,0.1356211,0.00154608,0.03417831,0.01448055,151997,-0.23464738,0.41467707,0.57670394,-0.16202687,-0.07262051,White,-0.21544054,FL,1
FL-68,187027,0.04202376,0.57401791,0.4126616,0.46506372,0.53493628,0.35561819,0.13785058,0.00174831,0.03797754,0.01236447,150431,0.16135631,0.63697651,0.35358745,0.28338906,-0.12203275,Minority,0.19703389,FL,1
FL-69,187433,0.04428579,0.48089764,0.50529883,0.31772126,0.68227874,0.14317,0.51912121,0.00212073,0.02395869,0.02309931,144290,-0.02440119,0.57255916,0.41746347,0.15509569,-0.17949688,Hispanic,0.0304311,FL,1
FL-70,187186,0.04290963,0.54291765,0.44468949,0.38386342,0.61613658,0.29703272,0.27368079,0.00184157,0.04382382,0.0124479,144442,0.09822816,0.60462937,0.38708884,0.21754053,-0.11931237,Minority,0.13299895,FL,1
FL-71,187225,0.04312692,0.55871499,0.42721359,0.46539892,0.53460108,0.26325155,0.23304191,0.00183984,0.03077367,0.02334045,148926,0.1315014,0.62473516,0.36521311,0.25952205,-0.12802065,Minority,0.16917495,FL,1
FL-72,184147,0.02597779,0.47992758,0.50794146,0.6853098,0.3146902,0.13164678,0.12713941,0.0011808,0.03421153,0.00960513,157520,-0.02801388,0.54154638,0.45024058,0.0913058,-0.11931968,White,0.00675935,FL,1
FL-73,185729,0.03479193,0.52705553,0.46202718,0.69595846,0.30404154,0.10096085,0.15235098,0.00109423,0.04010463,0.00888336,154446,0.06502835,0.56955972,0.42391638,0.14564334,-0.08061499,White,0.08690001,FL,1
FL-74,186550,0.03936614,0.49350196,0.49548001,0.71793169,0.28206831,0.05681731,0.1457668,0.00099635,0.03795698,0.00670618,156572,-0.00197805,0.56661123,0.4276388,0.13897243,-0.14095048,White,0.04000544,FL,1
FL-75,176959,-0.01407026,0.57515511,0.41449409,0.35857603,0.64142397,0.37013133,0.21391411,0.00157013,0.024167,0.01432654,138205,0.16066102,0.64435011,0.34780675,0.29654336,-0.13588234,Black,0.20095513,FL,1
FL-76,177324,-0.01203665,0.6361315,0.35330993,0.39848802,0.60151198,0.40938545,0.16300167,0.00179766,0.02092391,0.01103679,143520,0.28282157,0.6896901,0.30265793,0.38703217,-0.1042106,Black,0.31255844,FL,1
FL-77,178006,-0.00823688,0.56175775,0.42589319,0.45777907,0.54222093,0.19613286,0.24810647,0.00194104,0.04659165,0.01079786,147344,0.13586456,0.61206797,0.38040396,0.23166401,-0.09579945,Minority,0.16279771,FL,1
FL-78,177275,-0.01230966,0.54621839,0.43943678,0.44730409,0.55269591,0.20753395,0.26434417,0.0017292,0.06983886,0.00999508,134166,0.10678161,0.61135907,0.38064323,0.23071584,-0.12393423,Minority,0.14309302,FL,1
FL-79,176170,-0.01846618,0.68309169,0.30415097,0.2473001,0.7526999,0.44085171,0.26837179,0.00210289,0.04875145,0.00958776,140283,0.37894072,0.73898831,0.25362745,0.48536086,-0.10642014,Black,0.4094141,FL,1
FL-80,176206,-0.01826561,0.65923539,0.32888468,0.29023649,0.70976351,0.44894995,0.22117277,0.00229688,0.04244571,0.0094451,139755,0.33035071,0.72077306,0.27141535,0.44935771,-0.119007,Black,0.36501971,FL,1
FL-81,176672,-0.01566928,0.52005987,0.46629573,0.25084218,0.74915782,0.14523115,0.51702409,0.00139862,0.08669203,0.00992571,132988,0.05376414,0.58978902,0.40240103,0.18738799,-0.13362385,Hispanic,0.09330542,FL,1
FL-82,177581,-0.01060478,0.55247115,0.43488874,0.20088693,0.79911307,0.23476071,0.51565615,0.00151843,0.06004896,0.01429737,140935,0.11758241,0.63542048,0.35655356,0.27886692,-0.16128451,Hispanic,0.16634391,FL,1
FL-83,175146,-0.02417141,0.46795064,0.51758593,0.47100045,0.52899955,0.09576748,0.3614083,0.00242152,0.06662117,0.01458783,136278,-0.04963529,0.53720818,0.45455901,0.08264917,-0.13228446,Minority,-0.01054047,FL,1
FL-84,176984,-0.01393097,0.53704074,0.45063457,0.60499902,0.39500098,0.11776484,0.23662239,0.00143296,0.02865929,0.0117189,152830,0.08640617,0.59523516,0.39689187,0.19834329,-0.11193712,White,0.11871854,FL,1
FL-85,176052,-0.01912362,0.65570585,0.33275489,0.19643752,0.80356248,0.42573032,0.36205218,0.00202528,0.03261196,0.01225901,139734,0.32295096,0.74624138,0.24624138,0.5,-0.17704904,Black,0.37696731,FL,1
FL-86,177623,-0.01037077,0.47204584,0.51886309,0.07885192,0.92114808,0.23617023,0.68995035,0.0012982,0.01758472,0.01978772,127099,-0.04681725,0.6086649,0.38288419,0.22578071,-0.27259796,Hispanic,0.03904874,FL,1
FL-87,172275,-0.04016723,0.61850386,0.37127271,0.19081186,0.80918814,0.41900842,0.37821309,0.00141865,0.02076519,0.00709324,136045,0.24723115,0.72932627,0.26452465,0.46480162,-0.21757047,Black,0.31475464,FL,1
FL-88,173438,-0.03368756,0.60085583,0.38753613,0.19747381,0.80252619,0.44169158,0.33711802,0.00131315,0.02732233,0.00927189,137836,0.2133197,0.70345211,0.28899862,0.41445349,-0.20113379,Black,0.2753643,FL,1
FL-89,172226,-0.04044024,0.68736901,0.3024718,0.09811636,0.90188364,0.47346118,0.44101703,0.00104277,0.01193637,0.00903733,135217,0.38489721,0.77709257,0.21579725,0.56129532,-0.17639811,Black,0.43869658,FL,1
FL-90,173530,-0.03317498,0.6240589,0.36108375,0.17330953,0.82669047,0.32880199,0.49833301,0.00103246,0.01884953,0.01025288,139473,0.26297515,0.72927831,0.26161129,0.46766702,-0.20469187,Hispanic,0.32620577,FL,1
FL-91,173083,-0.03566545,0.52827455,0.4554976,0.35067089,0.64932911,0.06428888,0.53301412,0.0012894,0.03444455,0.01049655,148906,0.07277695,0.61866499,0.37287958,0.24578541,-0.17300846,Hispanic,0.12544644,FL,1
FL-92,172842,-0.03700819,0.51322413,0.47401184,0.26921702,0.73078298,0.13703566,0.54855014,0.00102948,0.04476822,0.00840745,139876,0.03921229,0.57804097,0.41389744,0.16414353,-0.12493124,Hispanic,0.07585604,FL,1
FL-93,176285,-0.01782546,0.39887936,0.5904291,0.43674535,0.56325465,0.1059758,0.43514706,0.00141683,0.02202013,0.01481735,143278,-0.19154974,0.47552367,0.51464889,-0.03912522,-0.15242452,Minority,-0.14574157,FL,1
FL-94,176374,-0.01732959,0.37806297,0.61238305,0.09160772,0.90839228,0.1022386,0.79211436,0.00087523,0.02904635,0.00942121,140534,-0.23432008,0.49155317,0.50179852,-0.01024535,-0.22407473,Hispanic,-0.1646285,FL,1
FL-95,171966,-0.04188883,0.37869101,0.61113674,0.16142146,0.83857854,0.04375896,0.77196816,0.00076621,0.02930034,0.00752728,140954,-0.23244573,0.44779811,0.54509631,-0.0972982,-0.13514753,Hispanic,-0.19239655,FL,1
FL-96,174410,-0.02827205,0.29065145,0.70126941,0.05079316,0.94920684,0.02569867,0.91627208,0.00047772,0.01912998,0.00573267,142342,-0.41061796,0.37666441,0.61703904,-0.24037463,-0.17024333,Hispanic,-0.35887018,FL,1
FL-97,175599,-0.02164752,0.29576428,0.69613644,0.05115032,0.94884968,0.02916186,0.91426535,0.00078045,0.01760434,0.00614863,147350,-0.40037216,0.37066165,0.62275321,-0.25209156,-0.1482806,Hispanic,-0.35594529,FL,1
FL-98,175509,-0.02214895,0.39029823,0.59953088,0.05083524,0.94916476,0.05877589,0.91283132,0.00082358,0.01080944,0.01164674,145706,-0.20923265,0.46563739,0.52706219,-0.0614248,-0.14780785,Hispanic,-0.16496337,FL,1
FL-99,172341,-0.03979951,0.33680991,0.65409084,0.07228074,0.92771926,0.03578397,0.8787017,0.0006408,0.02047678,0.00653759,138889,-0.31728093,0.42780304,0.56573043,-0.13792739,-0.17935354,Hispanic,-0.26249642,FL,1
FL-100,172473,-0.03906407,0.31592137,0.67571142,0.05268297,0.94731703,0.0686383,0.88371992,0.00070157,0.01795156,0.00657452,138261,-0.35979005,0.41972593,0.57406223,-0.1543363,-0.20545375,Hispanic,-0.29630547,FL,1
FL-101,174666,-0.02684574,0.22174352,0.77311039,0.02616125,0.97383875,0.02784973,0.96288059,0.00056961,0.0042924,0.00371601,147470,-0.55136687,0.3095709,0.68561174,-0.37604084,-0.17532603,Hispanic,-0.49792486,FL,1
FL-102,185105,0.0313153,0.51632107,0.46704489,0.42894512,0.57105488,0.24351281,0.27304965,0.00239204,0.05633192,0.01967491,142974,0.04927618,0.56471496,0.41976454,0.14495042,-0.09567424,Minority,0.07616759,FL,1
FL-103,186483,0.03899285,0.48531874,0.50136373,0.53296472,0.46703528,0.18215499,0.24244295,0.00244885,0.03868338,0.01991355,142516,-0.01604499,0.51108722,0.47561425,0.03547297,-0.05151796,White,-0.00387234,FL,1
FL-104,188031,0.04761756,0.3467469,0.63944256,0.62533544,0.37466456,0.0878697,0.23519225,0.00194646,0.03429917,0.02683536,139741,-0.29269566,0.36667193,0.62009997,-0.25342804,-0.03926762,White,-0.28460645,FL,1
FL-105,185039,0.03094758,0.50418926,0.46724928,0.49385093,0.50614907,0.18889232,0.20728331,0.00222069,0.10415466,0.01902346,142298,0.03693998,0.5527303,0.43140954,0.12132076,-0.08438078,Minority,0.06006691,FL,1
FL-106,184661,0.02884155,0.56574961,0.41729937,0.47235777,0.52764223,0.29975295,0.1851073,0.00228679,0.04062451,0.01604154,146931,0.14845024,0.63997661,0.34446614,0.29551047,-0.14706023,Minority,0.19247032,FL,1
FL-107,184769,0.02944328,0.45071512,0.53469753,0.36660624,0.63339376,0.10344412,0.48151517,0.00182607,0.05355148,0.01517047,149501,-0.08398241,0.53251021,0.45304742,0.07946279,-0.1634452,Hispanic,-0.03450068,FL,1
FL-108,186658,0.03996787,0.55309845,0.4281333,0.41533853,0.58466147,0.19117832,0.33347692,0.0024188,0.06113942,0.01834978,150901,0.12496515,0.61432383,0.3703851,0.24393873,-0.11897358,Minority,0.15962301,FL,1
FL-109,185835,0.03538251,0.42100253,0.56448811,0.64702736,0.35297264,0.06715451,0.20167612,0.0018654,0.07096761,0.01512897,145813,-0.14348558,0.45505989,0.53259291,-0.07753302,-0.06595256,White,-0.12650139,FL,1
FL-110,184064,0.02551536,0.59031216,0.39424491,0.63541687,0.36458313,0.24715575,0.06950674,0.00173895,0.03241124,0.01545806,155841,0.19606725,0.61806244,0.36822386,0.24983858,-0.05377133,White,0.20899103,FL,1
FL-111,186661,0.03998458,0.5112846,0.47239826,0.73184698,0.26815302,0.07554832,0.10506346,0.00174777,0.06551292,0.01907298,157343,0.03888634,0.53626963,0.4483084,0.08796123,-0.04907489,White,0.05024464,FL,1
FL-112,187525,0.04479837,0.39830842,0.58934115,0.81105509,0.18894491,0.04819141,0.07625818,0.00167236,0.04108233,0.01882183,159655,-0.19103273,0.42218338,0.56591816,-0.14373478,-0.04729795,White,-0.18026675,FL,1
FL-113,187756,0.04608539,0.43562465,0.54980622,0.70097505,0.29902495,0.09914034,0.14229472,0.00214282,0.03919207,0.02028706,157736,-0.11418157,0.47340857,0.5126157,-0.03920713,-0.07497444,White,-0.09419009,FL,1
FL-114,186282,0.03787298,0.42056693,0.5662523,0.83921673,0.16078327,0.03650999,0.07459057,0.00164026,0.02915733,0.0160416,157902,-0.14568537,0.44326754,0.54410205,-0.10083451,-0.04485086,White,-0.13573508,FL,1
FL-115,182020,0.01412718,0.5762608,0.40994299,0.39993857,0.60006143,0.47149198,0.08092811,0.00225227,0.03784981,0.02019729,136751,0.16631781,0.5862113,0.40020874,0.18600256,-0.01968475,Black,0.16787939,FL,1
FL-116,180301,0.00454975,0.6117085,0.3723168,0.39423167,0.60576833,0.47191279,0.08429412,0.00279392,0.03969245,0.01902321,138515,0.2393917,0.64307969,0.34093469,0.302145,-0.0627533,Black,0.25530947,FL,1
FL-117,182104,0.01459519,0.53509074,0.44724331,0.44276434,0.55723566,0.36221923,0.11782766,0.00348194,0.06999463,0.01806561,143311,0.08784743,0.57296488,0.40952895,0.16343593,-0.0755885,Minority,0.1080436,FL,1
FL-118,178506,-0.00545112,0.45491152,0.5256848,0.56876316,0.43123684,0.1772676,0.15129149,0.00280879,0.08878713,0.01901337,143478,-0.07077328,0.48440122,0.49762918,-0.01322796,-0.05754532,White,-0.05659151,FL,1
FL-119,183633,0.02311403,0.37608493,0.60766803,0.72297179,0.27702821,0.08614421,0.09433784,0.00258534,0.07405238,0.01677102,148530,-0.2315831,0.39321106,0.59136872,-0.19815766,-0.03342544,White,-0.22544129,FL,1
FL-120,179355,-0.00072091,0.30207218,0.68461761,0.79495684,0.20504316,0.09400575,0.05777073,0.00274434,0.02856065,0.02283456,143204,-0.38254543,0.31204643,0.67405315,-0.36200672,-0.02053871,White,-0.38069919,FL,1
GA-1,57544,-0.03304621,0.18046801,0.81485909,0.78354023,0.21645977,0.04457471,0.12855172,0.00101149,0.0148046,0.03078161,43500,-0.63439108,0.18241584,0.80743145,-0.62501561,-0.00937547,White,-0.63626592,GA,1
GA-2,58483,-0.01726751,0.57431815,0.42035612,0.36033641,0.63966359,0.53539428,0.06845109,0.00352912,0.02472672,0.01785182,43637,0.15396203,0.60014136,0.38683294,0.21330842,-0.05934639,Black,0.16874416,GA,1
GA-3,59768,0.00432528,0.30168459,0.69393275,0.69207384,0.30792616,0.21894964,0.04877297,0.00198264,0.02167687,0.01817421,45394,-0.39224816,0.31000452,0.67910954,-0.36910502,-0.02314314,White,-0.38953378,GA,1
GA-4,58163,-0.02264471,0.7003256,0.2964591,0.27415253,0.72584747,0.68734936,0.02021095,0.00117197,0.01302435,0.01019393,45223,0.4038665,0.68863966,0.30308615,0.38555351,0.01831299,Black,0.39276217,GA,1
GA-5,57831,-0.02822354,0.55641108,0.44045369,0.36824939,0.63175061,0.58562237,0.03237187,0.0010872,0.00772132,0.01020635,45070,0.11595739,0.57382073,0.42089367,0.15292706,-0.03696967,Black,0.12328061,GA,1
GA-6,58928,-0.00978985,0.50266527,0.49406638,0.42354406,0.57645594,0.52365765,0.03237363,0.00152912,0.0134344,0.01258246,45778,0.00859889,0.51757359,0.4754579,0.04211569,-0.0335168,Black,0.01477116,GA,1
GA-7,61108,0.02684228,0.57972451,0.41693624,0.3665037,0.6334963,0.49251503,0.10606585,0.00562454,0.02582962,0.01793363,46226,0.16278827,0.61201972,0.37846019,0.23355953,-0.07077126,Black,0.18137869,GA,1
GA-8,59953,0.00743397,0.59533681,0.39877848,0.4270595,0.5729405,0.47839473,0.05747151,0.0037844,0.02574245,0.01877232,46771,0.19655833,0.60405848,0.384988,0.21907048,-0.02251215,Black,0.19906238,GA,1
GA-9,59491,-0.00032935,0.59125425,0.40237341,0.46648652,0.53351348,0.41694677,0.06351194,0.00448165,0.04020299,0.02065072,45519,0.18888084,0.58450952,0.40262736,0.18188216,0.00699868,Minority,0.18154795,GA,1
GA-10,59063,-0.00752135,0.59872513,0.39563454,0.43837516,0.56162484,0.43278307,0.07191428,0.00534604,0.05084329,0.01751443,44706,0.20309059,0.58958115,0.3985554,0.19102575,0.01206484,Minority,0.19406898,GA,1
GA-11,58606,-0.01520065,0.61085129,0.38046323,0.45273361,0.54726639,0.41794816,0.0711174,0.00115443,0.04778915,0.01844914,45910,0.23038806,0.58526833,0.402679,0.18258933,0.04779873,Minority,0.20945515,GA,1
GA-12,60588,0.01810434,0.35852858,0.63315337,0.74784257,0.25215743,0.09893654,0.06326273,0.00122036,0.06879794,0.01852336,45888,-0.27462479,0.33999459,0.64502434,-0.30502975,0.03040496,White,-0.28975978,GA,1
GA-13,59157,-0.0059418,0.25356429,0.74330446,0.72329937,0.27670063,0.2195911,0.02055503,0.00118841,0.01905852,0.0169458,45439,-0.48974017,0.25279867,0.73961113,-0.48681246,-0.00292771,White,-0.49376427,GA,1
GA-14,57597,-0.03215562,0.52570437,0.47073486,0.38118162,0.61881838,0.54477024,0.05621444,0.00089716,0.01021882,0.01137856,45700,0.05496951,0.53523293,0.45644505,0.07878788,-0.02381837,Black,0.05790897,GA,1
GA-15,60588,0.01810434,0.41750341,0.57488245,0.59881581,0.40118419,0.26440325,0.06082849,0.00228412,0.06003016,0.0196922,45094,-0.15737904,0.4019964,0.5820324,-0.180036,0.02265696,White,-0.16993136,GA,1
GA-16,60888,0.02314546,0.56643504,0.42716361,0.45396672,0.54603328,0.4208851,0.07819291,0.00215129,0.0334987,0.02228125,45554,0.13927143,0.54663246,0.43951251,0.10711995,0.03215148,Minority,0.12355427,GA,1
GA-17,60604,0.0183732,0.34541346,0.64997946,0.64635069,0.35364931,0.27404958,0.03911906,0.00138322,0.02293112,0.01826277,46269,-0.304566,0.3369806,0.65163445,-0.31465385,0.01008785,White,-0.31292862,GA,1
GA-18,57840,-0.02807231,0.53085314,0.46478379,0.48511007,0.51488993,0.46822566,0.02197083,0.00124522,0.01352863,0.01032059,47381,0.06606935,0.5515922,0.43836435,0.11322785,-0.0471585,Minority,0.07678885,GA,1
GA-19,60293,0.01314724,0.47495183,0.52151574,0.47118919,0.52881081,0.49198512,0.02156536,0.0007908,0.00598444,0.01141318,46788,-0.04656391,0.50386899,0.48947274,0.01439625,-0.06096016,Black,-0.03124386,GA,1
GA-20,60280,0.01292879,0.39763314,0.59679328,0.5911315,0.4088685,0.2785059,0.09619921,0.00098296,0.01574924,0.02295762,45780,-0.19916014,0.40247717,0.58079987,-0.1783227,-0.02083744,White,-0.19721433,GA,1
GA-21,58868,-0.01079808,0.21044345,0.78436689,0.81256635,0.18743365,0.11228326,0.03815021,0.00097311,0.00984165,0.0246373,45216,-0.57392344,0.21589082,0.77233212,-0.5564413,-0.01748214,White,-0.57309606,GA,1
GA-22,60265,0.01267673,0.45760657,0.53528857,0.55680874,0.44319126,0.29711475,0.09031694,0.00128962,0.04340984,0.02039344,45750,-0.077682,0.44844571,0.53652218,-0.08807647,0.01039447,White,-0.08614682,GA,1
GA-23,59402,-0.00182488,0.41482693,0.57960519,0.5373311,0.4626689,0.38286991,0.0373646,0.00116136,0.02733668,0.01529872,44775,-0.16477826,0.42866371,0.55995155,-0.13128784,-0.03349042,White,-0.15861479,GA,1
GA-24,61817,0.03875612,0.24520878,0.74908994,0.80284596,0.19715404,0.11320032,0.04117922,0.0012124,0.01650572,0.02454588,47014,-0.50388116,0.23625206,0.75108517,-0.51483311,0.01095195,White,-0.51253181,GA,1
GA-25,60640,0.01897813,0.21171443,0.78263599,0.82987534,0.17012466,0.09077773,0.03867058,0.00118621,0.01533451,0.02176164,46366,-0.57092156,0.20142552,0.78670446,-0.58527894,0.01435738,White,-0.58070735,GA,1
GA-26,59042,-0.00787423,0.29338154,0.70266963,0.71041978,0.28958022,0.22716547,0.02682341,0.00110411,0.0141586,0.01967916,46191,-0.40928809,0.30305447,0.68786801,-0.38481354,-0.02447455,White,-0.40612991,GA,1
GA-27,58563,-0.01592321,0.28578927,0.71096313,0.66971554,0.33028446,0.28660832,0.02065646,0.00078775,0.00781182,0.01617068,45700,-0.42517386,0.30882458,0.68272863,-0.37390405,-0.05126981,White,-0.41308392,GA,1
GA-28,61608,0.03524414,0.43388567,0.56062421,0.56327799,0.43672201,0.35957934,0.04657948,0.00090262,0.01322446,0.01971074,47639,-0.12673854,0.41550638,0.57522351,-0.15971713,0.03297859,White,-0.1427314,GA,1
GA-29,59089,-0.00708445,0.26320942,0.73317115,0.70703852,0.29296148,0.23759009,0.02525825,0.00089826,0.00904677,0.01922707,46757,-0.46996173,0.26852957,0.72281888,-0.45428931,-0.01567242,White,-0.46973759,GA,1
GA-30,58505,-0.01689783,0.59000593,0.40683389,0.37154475,0.62845525,0.57698634,0.03193677,0.00084525,0.0110111,0.01340979,43774,0.18317204,0.61296391,0.37802249,0.23494142,-0.05176938,Black,0.1954285,GA,1
GA-31,59199,-0.00523604,0.56066687,0.43338994,0.44517488,0.55482512,0.46681134,0.05152753,0.00129776,0.02918901,0.01380734,47004,0.12727693,0.55626101,0.43287581,0.1233852,0.00389173,Black,0.12097969,GA,1
GA-32,59794,0.00476218,0.56295652,0.432,0.46637449,0.53362551,0.46710853,0.02763445,0.00133854,0.02892981,0.01396835,46319,0.13095652,0.5709391,0.41815258,0.15278652,-0.02183,Black,0.13323319,GA,1
GA-33,58064,-0.02430827,0.32274735,0.67321244,0.64479069,0.35520931,0.30120139,0.02906099,0.00203514,0.00829376,0.01886338,45697,-0.35046509,0.34712868,0.6427851,-0.29565642,-0.05480867,White,-0.33719553,GA,1
GA-34,60613,0.01852443,0.60844502,0.38588654,0.36711143,0.63288857,0.47669492,0.11411378,0.01043545,0.03594933,0.02314731,44368,0.22255848,0.64940613,0.33460096,0.31480517,-0.09224669,Black,0.24830738,GA,1
GA-35,60155,0.01082832,0.31460168,0.68015817,0.70264443,0.29735557,0.183138,0.06463155,0.00323387,0.02777459,0.02364625,43601,-0.36555649,0.31303096,0.67199424,-0.35896328,-0.00659321,White,-0.36835875,GA,1
GA-36,57941,-0.02637513,0.30290676,0.6940764,0.60922961,0.39077039,0.32441316,0.04503764,0.0005552,0.00723978,0.0159897,45029,-0.39116964,0.32991551,0.6636043,-0.33368879,-0.05748085,White,-0.37700936,GA,1
GA-37,58607,-0.01518385,0.39323515,0.60363856,0.55764081,0.44235919,0.36508472,0.05056369,0.00054007,0.01125138,0.01847476,44439,-0.21040341,0.41720706,0.57468708,-0.15748002,-0.05292339,White,-0.19776228,GA,1
GA-38,62199,0.04517515,0.28306956,0.7141178,0.59629314,0.40370686,0.25176821,0.12999574,0.00068172,0.00924585,0.01804431,46940,-0.43104824,0.30095328,0.69175689,-0.39080361,-0.04024463,White,-0.42263336,GA,1
GA-39,58573,-0.01575518,0.30370492,0.69292697,0.59601014,0.40398986,0.28436212,0.09055296,0.0007246,0.01630361,0.01589602,44162,-0.38922205,0.31653658,0.67261343,-0.35607685,-0.0331452,White,-0.38317365,GA,1
GA-40,58948,-0.00945378,0.40900016,0.58592933,0.62961239,0.37038761,0.2905171,0.05481974,0.00207346,0.01072698,0.01574137,47264,-0.17692917,0.43332132,0.55501687,-0.12169555,-0.05523362,White,-0.16351796,GA,1
GA-41,62026,0.0422681,0.25240235,0.74402283,0.72022178,0.27977822,0.18326185,0.05678418,0.00142274,0.0189978,0.02123653,47795,-0.49162048,0.24997344,0.74042855,-0.49045511,-0.00116537,White,-0.49623202,GA,1
GA-42,59412,-0.00165685,0.3176064,0.67606405,0.71167497,0.28832503,0.18211278,0.05621445,0.00317446,0.0251973,0.02621137,45362,-0.35845765,0.33577168,0.64512583,-0.30935415,-0.0491035,White,-0.34708982,GA,1
GA-43,57454,-0.03455855,0.25115053,0.74608819,0.64160015,0.35839985,0.24583392,0.08784951,0.00256733,0.01124959,0.01822807,42846,-0.49493766,0.2647881,0.72619477,-0.46140667,-0.03353099,White,-0.48876066,GA,1
GA-44,57871,-0.02755139,0.24176588,0.75614953,0.61904102,0.38095898,0.25287117,0.10530329,0.00127094,0.00852686,0.0175621,43275,-0.51438365,0.26395044,0.72780558,-0.46385514,-0.05052851,White,-0.50254081,GA,1
GA-45,61395,0.03166495,0.12539671,0.87247548,0.79698529,0.20301471,0.10893783,0.07069053,0.00121184,0.00735607,0.01979335,47036,-0.74707877,0.13550791,0.85780698,-0.72229907,-0.0247797,White,-0.74381887,GA,1
GA-46,57896,-0.0271313,0.25818245,0.73872737,0.65827059,0.34172941,0.26132786,0.05334246,0.0017796,0.0103582,0.01809263,43830,-0.48054492,0.27384956,0.71743363,-0.44358407,-0.03696085,White,-0.47322464,GA,1
GA-47,60990,0.02485944,0.25372544,0.74346812,0.65714347,0.34285653,0.25011823,0.069328,0.00096737,0.00881379,0.01795004,46518,-0.48974268,0.27556145,0.71644369,-0.44088224,-0.04886044,White,-0.47845587,GA,1
GA-48,61222,0.0287579,0.25434361,0.74305642,0.6093734,0.3906266,0.32322716,0.05836926,0.00100108,0.00747748,0.00939792,48947,-0.48871281,0.27539599,0.71729673,-0.44190074,-0.04681207,White,-0.47810879,GA,1
GA-49,58759,-0.01262968,0.32506585,0.67211735,0.59765971,0.40234029,0.35852062,0.02223058,0.00092904,0.01170147,0.01280747,45208,-0.3470515,0.34645346,0.64642737,-0.29997391,-0.04707759,White,-0.33635897,GA,1
GA-50,61131,0.02722876,0.25754612,0.73961569,0.64026872,0.35973128,0.27636027,0.06470297,0.00096893,0.0077945,0.01362961,46443,-0.48206957,0.28051037,0.71158739,-0.43107702,-0.05099255,White,-0.47007205,GA,1
GA-51,60904,0.02341432,0.30004783,0.69645682,0.65868492,0.34131508,0.25655316,0.05162001,0.00152571,0.01599881,0.01775762,47191,-0.39640899,0.32227165,0.66494329,-0.34267164,-0.05373735,White,-0.38349654,GA,1
GA-52,61683,0.03650442,0.37809578,0.6173528,0.59963984,0.40036016,0.33785889,0.03809967,0.00167938,0.01600469,0.01272687,49423,-0.23925702,0.40574806,0.58213047,-0.17638241,-0.06287461,White,-0.22329882,GA,1
GA-53,60686,0.0197511,0.25637155,0.73933635,0.76811988,0.23188012,0.13902848,0.04549776,0.00156186,0.01776903,0.02824935,44178,-0.4829648,0.24236031,0.74171374,-0.49935343,0.01638863,White,-0.49342768,GA,1
GA-54,59271,-0.00402617,0.3148744,0.68196712,0.68467964,0.31532036,0.26091543,0.03197124,0.00062435,0.00660954,0.0171805,46448,-0.36709272,0.32955589,0.66221392,-0.33265803,-0.03443469,White,-0.36061449,GA,1
GA-55,58518,-0.01667938,0.67134328,0.31795309,0.68400977,0.31599023,0.16006119,0.07010748,0.00125156,0.06746528,0.01497904,50337,0.35339019,0.67704429,0.30494037,0.37210392,-0.01871373,White,0.3546281,GA,1
GA-56,57883,-0.02734975,0.699855,0.29047849,0.57117159,0.42882841,0.27594599,0.09311775,0.00190468,0.0414374,0.01663422,47252,0.40937651,0.7253545,0.25948883,0.46586567,-0.05648916,White,0.42320623,GA,1
GA-57,62027,0.0422849,0.31082782,0.68394384,0.67040087,0.32959913,0.2095682,0.08656941,0.00071061,0.01458847,0.01987627,47846,-0.37311602,0.32935544,0.65920372,-0.32984828,-0.04326774,White,-0.36369344,GA,1
GA-58,60714,0.02022161,0.32775185,0.66476181,0.7594945,0.2405055,0.13449176,0.04894798,0.00081178,0.03931635,0.01469975,45579,-0.33700996,0.33639984,0.64981464,-0.3134148,-0.02359516,White,-0.33414491,GA,1
GA-59,61193,0.02827059,0.27935976,0.71478659,0.71779485,0.28220515,0.11902089,0.09585996,0.0013167,0.04450872,0.02531946,46328,-0.43542683,0.2599139,0.72384586,-0.46393196,0.02850513,White,-0.44992854,GA,1
GA-60,59388,-0.00206014,0.29364042,0.70049528,0.66987782,0.33012218,0.20840039,0.07722647,0.00124668,0.02597638,0.02083097,44117,-0.40685486,0.2893757,0.6964176,-0.4070419,0.00018704,White,-0.41191721,GA,1
GA-61,59597,0.00145184,0.26577229,0.72783409,0.7599224,0.2400776,0.14892526,0.047137,0.00118177,0.01859615,0.02285498,44848,-0.4620618,0.23500702,0.75346227,-0.51845525,0.05639345,White,-0.48585962,GA,1
GA-62,59525,0.00024197,0.60455352,0.38964637,0.42054214,0.57945786,0.49968234,0.03680644,0.00237188,0.03318509,0.01685726,47220,0.21490715,0.60967664,0.37689028,0.23278636,-0.01787921,Black,0.21586689,GA,1
GA-63,60160,0.01091234,0.67005207,0.3242243,0.38389048,0.61610952,0.50349146,0.07424387,0.0034384,0.03024514,0.01661891,47115,0.34582777,0.68154044,0.30463097,0.37690947,-0.0310817,Black,0.35118834,GA,1
GA-64,60024,0.00862703,0.71584806,0.27936483,0.30128404,0.69871596,0.63171458,0.03994313,0.00351002,0.0174168,0.01710579,45014,0.43648323,0.71532237,0.27438167,0.4409407,-0.00445747,Black,0.43296905,GA,1
GA-65,60533,0.01718013,0.62922884,0.36456641,0.41407316,0.58592684,0.44711936,0.08663161,0.00409442,0.04412127,0.02293321,44695,0.26466243,0.63070828,0.35013479,0.28057349,-0.01591106,Black,0.26496612,GA,1
GA-66,60786,0.02143148,0.30783774,0.68400583,0.72737842,0.27262158,0.13354684,0.04400377,0.0026762,0.07223551,0.02112444,45587,-0.37616809,0.30984239,0.67595532,-0.36611293,-0.01005516,White,-0.37781637,GA,1
GA-67,61589,0.03492487,0.35717283,0.63599305,0.67909136,0.32090864,0.18177084,0.06265865,0.00392701,0.05875334,0.02239049,46091,-0.27882022,0.34768379,0.63588872,-0.28820493,0.00938471,White,-0.28694846,GA,1
GA-68,62348,0.0476789,0.28771079,0.70751895,0.71730197,0.28269803,0.22048895,0.0339875,0.00085965,0.00849163,0.02092506,47694,-0.41980816,0.28546068,0.70329605,-0.41783537,-0.00197279,White,-0.42415056,GA,1
GA-69,59558,0.0007965,0.762124,0.23189073,0.25632382,0.74367618,0.61525753,0.10488714,0.00223259,0.01973611,0.01591838,44791,0.53023327,0.73862601,0.25198971,0.4866363,0.04359697,Black,0.51070095,GA,1
GA-70,62247,0.04598172,0.66517669,0.32973796,0.35313306,0.64686694,0.56885487,0.05291772,0.00208942,0.01405027,0.01688591,46903,0.33543873,0.64476734,0.34585712,0.29891022,0.03652851,Black,0.31826256,GA,1
GA-71,56585,-0.04916099,0.67747069,0.31609886,0.38307887,0.61692113,0.52483067,0.06164619,0.00130869,0.01979107,0.01763288,43555,0.36137183,0.63378191,0.35628999,0.27749192,0.08387991,Black,0.32841186,GA,1
GA-72,60693,0.01986873,0.18334113,0.81300889,0.81869558,0.18130442,0.1166276,0.03087324,0.00096283,0.01280978,0.01904722,47776,-0.62966776,0.20181334,0.78901491,-0.58720157,-0.04246619,White,-0.62051236,GA,1
GA-73,61374,0.03131207,0.1760026,0.81948368,0.78574404,0.21425596,0.07373771,0.0931928,0.00127062,0.02203799,0.02630812,48008,-0.64348108,0.18106422,0.80752294,-0.62645872,-0.01702236,White,-0.64280696,GA,1
GA-74,57379,-0.03581883,0.17957102,0.81588428,0.90422284,0.09577716,0.01589926,0.03966336,0.00067837,0.00731366,0.02853388,47172,-0.63631326,0.18371382,0.80584474,-0.62213092,-0.01418234,White,-0.63658581,GA,1
GA-75,61375,0.03132887,0.43347811,0.561207,0.33668749,0.66331251,0.13689567,0.48482535,0.00134166,0.03263937,0.03263937,43230,-0.12772889,0.46435871,0.51986459,-0.05550588,-0.07222301,Hispanic,-0.10865455,GA,1
GA-76,56660,-0.04790071,0.22871551,0.76532456,0.793427,0.206573,0.07135983,0.08134443,0.00108267,0.03069964,0.02148494,41564,-0.53660905,0.2063514,0.77932344,-0.57297204,0.03636299,White,-0.55373005,GA,1
GA-77,60020,0.00855982,0.1511751,0.84486253,0.83613065,0.16386935,0.05274626,0.07067351,0.00105708,0.01415196,0.02552099,46354,-0.69368743,0.14901434,0.83915071,-0.69013637,-0.00355106,White,-0.69750374,GA,1
GA-78,57129,-0.04001976,0.23747184,0.75558668,0.75952789,0.24047211,0.0450789,0.15317157,0.00085718,0.01925359,0.02362741,45498,-0.51811484,0.23752271,0.74827415,-0.51075144,-0.0073634,White,-0.52066037,GA,1
GA-79,61894,0.04005001,0.28258045,0.7107697,0.74123536,0.25876464,0.07039054,0.13760542,0.00058887,0.03032661,0.02233485,47549,-0.42818925,0.26486086,0.72033748,-0.45547662,0.02728737,White,-0.44228504,GA,1
GA-80,58120,-0.02336727,0.18675745,0.80744228,0.90253005,0.09746995,0.01348537,0.03934264,0.00111347,0.01078417,0.02824917,48497,-0.62068483,0.19061867,0.79812116,-0.60750249,-0.01318234,White,-0.62129072,GA,1
GA-81,60014,0.008459,0.16969996,0.82469441,0.90814677,0.09185323,0.01177446,0.03735489,0.00103648,0.01028192,0.02790216,48240,-0.65499445,0.15947224,0.82757478,-0.66810254,0.01310809,White,-0.66436381,GA,1
GA-82,56672,-0.04769907,0.17988837,0.81580241,0.89921682,0.10078318,0.00630834,0.05713979,0.00040768,0.00652291,0.02937453,46605,-0.63591404,0.17539442,0.81587251,-0.64047809,0.00456405,White,-0.64243539,GA,1
GA-83,57600,-0.0321052,0.36857483,0.62460773,0.47957817,0.52042183,0.05736764,0.42995839,0.00102827,0.02202401,0.04361758,41818,-0.2560329,0.38981598,0.59772545,-0.20790947,-0.04812343,Minority,-0.24499176,GA,1
GA-84,57932,-0.02652637,0.15716794,0.84007822,0.79551955,0.20448045,0.0170019,0.15532825,0.00038901,0.00549187,0.03583442,43701,-0.68291028,0.16732763,0.8228932,-0.65556557,-0.02734471,White,-0.67879538,GA,1
GA-85,60421,0.01529811,0.22781342,0.76680313,0.88609082,0.11390918,0.03332052,0.02857875,0.00200777,0.01868939,0.02857875,46818,-0.53898971,0.21828776,0.766369,-0.54808124,0.00909153,White,-0.54702022,GA,1
GA-86,59622,0.00187194,0.17745971,0.81766924,0.86237716,0.13762284,0.03559885,0.06542725,0.0006508,0.00865566,0.02759399,46097,-0.64020953,0.17984864,0.80731563,-0.62746699,-0.01274254,White,-0.64096202,GA,1
GA-87,59039,-0.00792464,0.20503418,0.78852179,0.90267361,0.09732639,0.03468995,0.02005749,0.00079971,0.00745672,0.02943783,46267,-0.58348761,0.20182458,0.78387259,-0.58204801,-0.0014396,White,-0.58800774,GA,1
GA-88,61489,0.0332445,0.17853604,0.81716985,0.85891996,0.14108004,0.07532134,0.03191688,0.00070374,0.0075756,0.02415499,48313,-0.63863381,0.17326105,0.81568572,-0.64242467,0.00379086,White,-0.64489743,GA,1
GA-89,62060,0.04283943,0.37159317,0.62220898,0.62188278,0.37811722,0.20380607,0.13414068,0.00082282,0.02114013,0.02483227,47398,-0.25061581,0.38385573,0.60176041,-0.21790468,-0.03271113,White,-0.2447121,GA,1
GA-90,59607,0.00161988,0.58031581,0.41430025,0.44431629,0.55568371,0.45656486,0.06989297,0.00136095,0.02108323,0.01875346,43352,0.16601556,0.52928409,0.45893823,0.07034586,0.0956697,Black,0.12912566,GA,1
GA-91,59699,0.00316582,0.62841413,0.36571341,0.42599365,0.57400635,0.47126994,0.06737464,0.00149819,0.02350842,0.02015951,45388,0.26270072,0.57519274,0.41362975,0.16156299,0.10113773,Black,0.22398814,GA,1
GA-92,61550,0.03426953,0.65837058,0.33470628,0.37685886,0.62314114,0.50008696,0.06413601,0.00156535,0.05037395,0.017545,45996,0.3236643,0.60399764,0.38664553,0.21735211,0.10631219,Black,0.2832269,GA,1
GA-93,59856,0.00580401,0.71075999,0.28273029,0.30534739,0.69465261,0.5630789,0.06614055,0.00156951,0.06169728,0.01759622,45237,0.4280297,0.6759247,0.31459631,0.36132839,0.06670131,Black,0.40079593,GA,1
GA-94,59593,0.00138463,0.56526965,0.42801233,0.49742618,0.50257382,0.38711978,0.07652368,0.00142618,0.02408914,0.02232869,44875,0.13725732,0.51130557,0.47598365,0.03532192,0.1019354,Minority,0.09827885,GA,1
GA-95,60370,0.01444112,0.73261659,0.2598613,0.30497686,0.69502314,0.55922925,0.10981253,0.00202029,0.01907327,0.02044186,46033,0.47275529,0.71302504,0.27546112,0.43756392,0.03519137,Black,0.45602483,GA,1
GA-96,61338,0.03070713,0.59235648,0.4017285,0.4317901,0.5682099,0.44997352,0.08597405,0.00145644,0.019684,0.02085356,45316,0.19062798,0.56681056,0.42167788,0.14513268,0.0454953,Black,0.17046288,GA,1
GA-97,58074,-0.02414024,0.15565672,0.84074388,0.8174426,0.1825574,0.07669005,0.0743668,0.00111607,0.00733418,0.02425747,43904,-0.68508716,0.16230533,0.82909149,-0.66678616,-0.018301,White,-0.68398683,GA,1
GA-98,57209,-0.03867546,0.85220693,0.14234153,0.13006713,0.86993287,0.75602403,0.09212107,0.00153103,0.02579202,0.01556943,42455,0.7098654,0.85549509,0.13617903,0.71931606,-0.00945066,Black,0.70801562,GA,1
GA-99,59991,0.00807251,0.88947932,0.10504202,0.06121946,0.93878054,0.8169238,0.09332945,0.00103003,0.03396852,0.01518171,44659,0.7844373,0.90344445,0.08724087,0.81620358,-0.03176628,Black,0.79002606,GA,1
GA-100,59366,-0.00242982,0.85633055,0.13779378,0.07359989,0.92640011,0.7287755,0.15708564,0.00129651,0.04602598,0.01722501,43193,0.71853677,0.87731022,0.11305761,0.76425261,-0.04571584,Black,0.72877538,GA,1
GA-101,60057,0.00918156,0.77222545,0.22098065,0.16222739,0.83777261,0.61848777,0.13614525,0.00101849,0.08555297,0.01968338,45165,0.5512448,0.75993062,0.22957502,0.5303556,0.0208892,Black,0.53928173,GA,1
GA-102,60972,0.02455697,0.84364792,0.15079015,0.10273578,0.89726422,0.68421053,0.14111205,0.00184011,0.07222986,0.01984215,45106,0.69285777,0.85540268,0.13526422,0.72013846,-0.02728069,Black,0.69695133,GA,1
GA-103,58021,-0.02503083,0.41310309,0.57543905,0.55811377,0.44188623,0.04651564,0.04732824,0.00113273,0.33324304,0.00847082,40610,-0.16233596,0.40862961,0.57853542,-0.16990581,0.00756985,White,-0.16985924,GA,1
GA-104,60523,0.0170121,0.40207972,0.58357971,0.5364646,0.4635354,0.06684587,0.10523213,0.00073094,0.27384405,0.01402938,42411,-0.18149999,0.40896267,0.57743779,-0.16847512,-0.01302487,White,-0.18215837,GA,1
GA-105,57846,-0.02797149,0.27075517,0.72089435,0.77568654,0.22431346,0.03494084,0.1265461,0.00107167,0.03813351,0.0245144,44790,-0.45013918,0.25384148,0.72814107,-0.47429959,0.02416041,White,-0.46319265,GA,1
GA-106,59224,-0.00481595,0.27837478,0.71226856,0.77337578,0.22662422,0.04699917,0.07987266,0.00110836,0.07525056,0.01962033,42405,-0.43389378,0.27473186,0.70933754,-0.43460568,0.0007119,White,-0.43913108,GA,1
GA-107,58782,-0.0122432,0.22291698,0.77016928,0.83017182,0.16982818,0.04707643,0.080412,0.00082669,0.01577407,0.02728065,44757,-0.5472523,0.21378815,0.77096804,-0.55717989,0.00992759,White,-0.5555615,GA,1
GA-108,59574,0.00106536,0.25290988,0.73987955,0.78848695,0.21151305,0.05298647,0.11294364,0.00170851,0.02086655,0.02551369,43898,-0.48696967,0.24637282,0.73868993,-0.49231711,0.00534744,White,-0.49375215,GA,1
GA-109,57462,-0.03442412,0.29668714,0.69541274,0.79928051,0.20071949,0.06486948,0.08251084,0.0016373,0.02557421,0.02460566,43364,-0.3987256,0.28655689,0.69556402,-0.40900713,0.01028153,White,-0.40715278,GA,1
GA-110,60906,0.02344792,0.39057434,0.60013316,0.70342488,0.29657512,0.10806913,0.12461033,0.0012724,0.04192556,0.01944651,47155,-0.20955882,0.39474439,0.58678133,-0.19203694,-0.01752188,White,-0.20871819,GA,1
GA-111,56695,-0.04731258,0.3316129,0.65966955,0.7489265,0.2510735,0.08124182,0.10571999,0.00144665,0.03175733,0.02962181,43549,-0.32805665,0.31275259,0.66962133,-0.35686874,0.02881209,White,-0.34266068,GA,1
GA-112,58253,-0.02113237,0.29244011,0.7016143,0.69858244,0.30141756,0.15891987,0.10212747,0.00085368,0.01817447,0.02540831,44513,-0.40917419,0.29456881,0.69242749,-0.39785868,-0.01131551,White,-0.41040235,GA,1
GA-113,61908,0.04028526,0.18645471,0.80820823,0.82455096,0.17544904,0.09450526,0.04023807,0.00091402,0.00909767,0.02939739,47045,-0.62175352,0.18617039,0.79953681,-0.61336642,-0.0083871,White,-0.62395782,GA,1
GA-114,62140,0.04418373,0.35378115,0.63989637,0.68989192,0.31010808,0.21398713,0.06066579,0.00121288,0.01275693,0.02521063,46171,-0.28611522,0.320696,0.66488205,-0.34418605,0.05807083,White,-0.31047216,GA,1
GA-115,61765,0.03788233,0.33992958,0.65300301,0.72845788,0.27154212,0.1645239,0.06196384,0.00180127,0.02186297,0.02222322,44413,-0.31307343,0.30948599,0.67696688,-0.36748089,0.05440746,White,-0.33620925,GA,1
GA-116,58553,-0.01609125,0.37828319,0.61545286,0.81752281,0.18247719,0.08378119,0.04343207,0.00147898,0.03659959,0.01556055,48006,-0.23716967,0.36567955,0.6216887,-0.25600915,0.01883948,White,-0.2484495,GA,1
GA-117,61056,0.02596848,0.63412557,0.35881733,0.42374021,0.57625979,0.41273342,0.10053143,0.00380196,0.0506018,0.02029113,47607,0.27530824,0.63629946,0.34675912,0.28954034,-0.0142321,Minority,0.27505227,GA,1
GA-118,58767,-0.01249525,0.63061335,0.36316266,0.37538401,0.62461599,0.48397499,0.08203151,0.00235309,0.04793342,0.0165806,45897,0.26745069,0.65151273,0.33479684,0.31671589,-0.0492652,Black,0.27887242,GA,1
GA-119,58261,-0.02099794,0.73223437,0.25819746,0.45887797,0.54112203,0.44495384,0.04554662,0.00307056,0.03607907,0.01520353,46897,0.47403691,0.73597771,0.24954176,0.48643595,-0.01239904,Minority,0.47316992,GA,1
GA-120,58654,-0.01439407,0.6405802,0.35229381,0.4533342,0.5466658,0.39792261,0.08160577,0.00177075,0.05564913,0.01794506,46308,0.28828639,0.63458355,0.34980845,0.2847751,0.00351129,Minority,0.28211596,GA,1
GA-121,60128,0.01037462,0.67515121,0.30689264,0.26400413,0.73599587,0.14324797,0.47885366,0.00114365,0.11180876,0.04323452,44594,0.36825857,0.7040311,0.28104821,0.42298289,-0.05472432,Hispanic,0.38150001,GA,1
GA-122,59854,0.0057704,0.63323611,0.35225488,0.14891601,0.85108399,0.21776915,0.50483058,0.00140988,0.13162761,0.03261221,43266,0.28098123,0.69529949,0.29166365,0.40363584,-0.12265461,Hispanic,0.3168661,GA,1
GA-123,60449,0.01576862,0.63713216,0.34563758,0.15815096,0.84184904,0.24906423,0.45102992,0.00222748,0.1468069,0.03173583,43547,0.29149458,0.70494924,0.28217005,0.42277919,-0.13128461,Hispanic,0.33025612,GA,1
GA-124,61106,0.02680867,0.64539048,0.34062912,0.16665565,0.83334435,0.31299442,0.36352218,0.00180692,0.16370287,0.02558339,45381,0.30476136,0.72672479,0.26229685,0.46442794,-0.15966658,Hispanic,0.35298355,GA,1
GA-125,57456,-0.03452494,0.63874487,0.34904947,0.21629464,0.78370536,0.25762526,0.28951998,0.00173639,0.23400123,0.02266444,43769,0.2896954,0.68119653,0.30480031,0.37639622,-0.08670082,Hispanic,0.31359567,GA,1
GA-126,61263,0.02944685,0.56412829,0.42282867,0.45337594,0.54662406,0.24760363,0.15176995,0.00189187,0.14121752,0.01685866,47572,0.14129962,0.57780527,0.40748295,0.17032232,-0.0290227,Minority,0.14597385,GA,1
GA-127,61858,0.03944507,0.51610024,0.47012689,0.4335605,0.5664395,0.14548967,0.08097149,0.00180456,0.33165616,0.01233467,47103,0.04597335,0.51201473,0.47348363,0.0385311,0.00744225,Minority,0.0384926,GA,1
GA-128,57015,-0.04193539,0.435678,0.55515019,0.55645024,0.44354976,0.14632544,0.1488311,0.00160557,0.13615686,0.0200939,41107,-0.11947219,0.42240939,0.56027128,-0.13786189,0.0183897,White,-0.13060209,GA,1
GA-129,60515,0.01687767,0.43236657,0.55851736,0.55839187,0.44160813,0.18578012,0.1152848,0.00116336,0.12998344,0.01691351,44698,-0.12615079,0.4127218,0.57424867,-0.16152687,0.03537608,White,-0.14294282,GA,1
GA-130,59470,-0.00068223,0.54554656,0.44159544,0.38661151,0.61338849,0.214853,0.19304028,0.00152645,0.20118134,0.01789704,45203,0.10395112,0.56024539,0.42403203,0.13621336,-0.03226224,Minority,0.1097052,GA,1
GA-131,59549,0.00064526,0.52105754,0.46986003,0.48564817,0.51435183,0.29629283,0.14111075,0.00168295,0.07005283,0.01984479,42782,0.05119751,0.49098451,0.49476466,-0.00378015,0.05497766,Minority,0.02787162,GA,1
GA-132,61267,0.02951407,0.59632955,0.39002492,0.34370273,0.65629727,0.35497095,0.19914502,0.00155651,0.10058095,0.02062918,45615,0.20630463,0.61099868,0.37370592,0.23729276,-0.03098813,Black,0.21163401,GA,1
GA-133,60286,0.01302961,0.64971994,0.34045484,0.37238658,0.62761342,0.42989339,0.1339364,0.00122306,0.06249135,0.02030738,43334,0.3092651,0.6206269,0.36727334,0.25335356,0.05591154,Black,0.28562792,GA,1
GA-134,59329,-0.00305156,0.65447556,0.33320859,0.3305031,0.6694969,0.40662501,0.15351175,0.00135851,0.1058733,0.01922293,44166,0.32126697,0.6439673,0.34445497,0.29951233,0.02175464,Black,0.30901542,GA,1
GA-135,58627,-0.01484778,0.65524097,0.33324193,0.33059657,0.66940343,0.42491146,0.14125385,0.00183984,0.09942045,0.01943333,43482,0.32199904,0.65280363,0.33596156,0.31684207,0.00515697,Black,0.31528005,GA,1
GA-136,60065,0.00931599,0.65797417,0.32995227,0.33163265,0.66836735,0.43212464,0.1137254,0.00186771,0.11830357,0.02054483,43904,0.3280219,0.66526591,0.32264398,0.34262193,-0.01460003,Black,0.32788858,GA,1
GA-137,58953,-0.00936976,0.57369019,0.40980406,0.40978566,0.59021434,0.25691842,0.13771743,0.00112221,0.18853103,0.01977331,44555,0.16388613,0.57963807,0.40654787,0.1730902,-0.00920407,Minority,0.16195415,GA,1
GA-138,59195,-0.00530326,0.60668561,0.38124581,0.58587845,0.41412155,0.15109014,0.07637523,0.00148556,0.17317691,0.0135885,45774,0.2254398,0.60410024,0.3815521,0.22254814,0.00289166,White,0.21947591,GA,1
GA-139,59160,-0.00589139,0.50879469,0.4743752,0.57469155,0.42530845,0.12156724,0.08714014,0.00145934,0.20054836,0.01185159,45226,0.03441949,0.52924638,0.45740693,0.07183945,-0.03741996,White,0.04189281,GA,1
GA-140,58967,-0.00913451,0.42505193,0.56179321,0.68346091,0.31653909,0.09559267,0.06337277,0.00113663,0.13941081,0.01554164,43110,-0.13674128,0.44302054,0.54398467,-0.10096413,-0.03577715,White,-0.12981556,GA,1
GA-141,57358,-0.03617171,0.50578756,0.48081473,0.64493426,0.35506574,0.12543846,0.15404286,0.00115413,0.05775193,0.01907715,44189,0.02497283,0.51981979,0.46475221,0.05506758,-0.03009475,White,0.03000441,GA,1
GA-142,59463,-0.00079986,0.51868652,0.46779071,0.65439651,0.34560349,0.13721045,0.08730991,0.00121917,0.10467777,0.01456591,46753,0.05089581,0.51982094,0.46598908,0.05383186,-0.00293605,White,0.04687449,GA,1
GA-143,58107,-0.02358571,0.5558843,0.42834766,0.44410017,0.55589983,0.12347117,0.0636226,0.00156086,0.35822947,0.0091555,42925,0.12753664,0.58598923,0.40286116,0.18312807,-0.05559143,Minority,0.14106712,GA,1
GA-144,59073,-0.00735331,0.65375794,0.33458661,0.48110601,0.51889399,0.26792897,0.10109301,0.00217382,0.13664622,0.01479013,49222,0.31917133,0.6721402,0.3129119,0.3592283,-0.04005697,Minority,0.32752365,GA,1
GA-145,58838,-0.01130219,0.56931384,0.42060019,0.6651854,0.3348146,0.13006477,0.12226717,0.00085941,0.07202297,0.01284927,47707,0.14871365,0.56601936,0.42160005,0.14441931,0.00429434,White,0.1422822,GA,1
GA-146,58672,-0.01409161,0.66263596,0.32661548,0.65341842,0.34658158,0.13752676,0.10008938,0.00128879,0.09539152,0.01519529,48107,0.33602048,0.6600793,0.32487885,0.33520045,0.00082003,White,0.33074714,GA,1
GA-147,57931,-0.02654317,0.82281496,0.16728473,0.2095671,0.7904329,0.65001545,0.10345969,0.00116941,0.03715635,0.01912978,45322,0.65553023,0.8337405,0.15715672,0.67658378,-0.02105355,Black,0.65754808,GA,1
GA-148,60736,0.02059129,0.74434025,0.24302586,0.27480263,0.72519737,0.51744796,0.10661332,0.00130512,0.09754167,0.01797214,46739,0.50131439,0.77075758,0.2167803,0.55397728,-0.05266289,Black,0.51386869,GA,1
GA-149,60800,0.02166673,0.76088407,0.22466926,0.37061341,0.62938659,0.38823659,0.07676945,0.00133875,0.15996927,0.01393614,45565,0.53621481,0.7727504,0.21198481,0.56076559,-0.02455078,Black,0.5393984,GA,1
GA-150,58329,-0.01985529,0.82208183,0.16587086,0.34800052,0.65199948,0.48386537,0.06380118,0.0014313,0.09908484,0.01381419,46112,0.65621097,0.83783686,0.15136917,0.68646769,-0.03025672,Black,0.66129654,GA,1
GA-151,59353,-0.00264827,0.89778802,0.09372899,0.31106445,0.68893555,0.5915324,0.04516627,0.00111416,0.04688036,0.01480545,46672,0.80405903,0.90254158,0.08653906,0.81600252,-0.01194349,Black,0.80304019,GA,1
GA-152,57395,-0.03554997,0.88377243,0.10632755,0.37411324,0.62588676,0.52044503,0.03974444,0.00138797,0.06146728,0.01222736,45390,0.77744488,0.89450455,0.09474348,0.79976107,-0.02231619,Black,0.77988361,GA,1
GA-153,58181,-0.02234224,0.91319941,0.07586669,0.39914245,0.60085755,0.51930551,0.04332122,0.00156303,0.03111271,0.01201842,47344,0.83733272,0.92325398,0.06523703,0.85801695,-0.02068423,Black,0.83922746,GA,1
GA-154,57190,-0.03899473,0.93471033,0.05914358,0.03891007,0.96108993,0.93281005,0.02446737,0.00091949,0.00766988,0.01188607,44590,0.87556675,0.9540567,0.03815575,0.91590095,-0.0403342,Black,0.88401148,GA,1
GA-155,58909,-0.01010912,0.9286478,0.06511512,0.02849461,0.97150539,0.94528065,0.02353615,0.00092558,0.00971858,0.01099676,45377,0.86353268,0.94875224,0.04431382,0.90443842,-0.04090574,Black,0.87216793,GA,1
GA-156,57563,-0.03272694,0.92227799,0.07208494,0.03286793,0.96713207,0.92373541,0.03678187,0.00123598,0.01252003,0.01169604,43690,0.85019305,0.94230268,0.04853429,0.89376839,-0.04357534,Black,0.85971816,GA,1
GA-157,58900,-0.01026036,0.70198697,0.28903654,0.4366194,0.5633806,0.46715825,0.05638117,0.00163358,0.03646058,0.01343165,44075,0.41295043,0.69963129,0.28746379,0.4121675,0.00078293,Black,0.40768945,GA,1
GA-158,57868,-0.02760181,0.88643061,0.10288102,0.1333647,0.8666353,0.75096893,0.09933463,0.00100813,0.0167798,0.01637655,44637,0.78354959,0.89438651,0.09527402,0.79911249,-0.0155629,Black,0.78373722,GA,1
GA-159,59146,-0.00612664,0.90483901,0.08897884,0.0600811,0.9399189,0.88017572,0.05059698,0.00112638,0.01094841,0.00959676,44390,0.81586017,0.92101318,0.07072299,0.85029019,-0.03443002,Black,0.82233684,GA,1
GA-160,60603,0.01835639,0.87771056,0.11583169,0.10370648,0.89629352,0.83614861,0.05292136,0.00055058,0.00922765,0.0126192,45407,0.76187887,0.8835134,0.10815296,0.77536044,-0.01348157,Black,0.76137273,GA,1
GA-161,57430,-0.03496184,0.94089351,0.05420191,0.02305941,0.97694059,0.95454132,0.02155702,0.00111541,0.0071705,0.01110858,43930,0.8866916,0.95660494,0.03794636,0.91865858,-0.03196698,Black,0.89234726,GA,1
GA-162,60400,0.01494524,0.86134419,0.12714962,0.35088579,0.64911421,0.48185074,0.05980023,0.0021862,0.10397663,0.01277799,53060,0.73419457,0.87540249,0.11176443,0.76363806,-0.02944349,Black,0.73900907,GA,1
GA-163,57762,-0.029383,0.66380965,0.32589847,0.63109242,0.36890758,0.19827022,0.0753407,0.0016663,0.08736189,0.01338993,50411,0.33791118,0.65915179,0.32688138,0.33227041,0.00564077,White,0.33103092,GA,1
GA-164,59045,-0.00782382,0.9057377,0.08368046,0.29955059,0.70044941,0.60458183,0.07098542,0.0013592,0.02490409,0.01530198,45615,0.82205724,0.9133765,0.07496762,0.83840888,-0.01635164,Black,0.82250779,GA,1
GA-165,60297,0.01321445,0.8254785,0.16293008,0.6960587,0.3039413,0.13110714,0.07344558,0.00133572,0.08494027,0.01339479,53155,0.66254842,0.83147261,0.15483063,0.67664198,-0.01409356,White,0.66224627,GA,1
GA-166,62268,0.0463346,0.89820735,0.09116228,0.26744593,0.73255407,0.62319374,0.05457892,0.00130695,0.05393465,0.01336401,54325,0.80704507,0.9068212,0.08079927,0.82602193,-0.01897686,Black,0.80837069,GA,1
GA-167,62025,0.0422513,0.9347089,0.05663372,0.04697727,0.95302273,0.92402895,0.02485473,0.00091752,0.00689163,0.01172393,49045,0.87807518,0.94689641,0.04392345,0.90297296,-0.02489778,Black,0.88137444,GA,1
GA-168,59754,0.00409003,0.49367691,0.49283031,0.71685318,0.28314682,0.07063563,0.04952999,0.00073859,0.1429051,0.01329454,44680,0.0008466,0.48400898,0.49957215,-0.01556317,0.01640977,White,-0.00962332,GA,1
GA-169,57910,-0.02689605,0.47737292,0.50974664,0.76261107,0.23738893,0.07219548,0.06092651,0.00129582,0.0824926,0.01548038,43216,-0.03237372,0.46047294,0.52167183,-0.06119889,0.02882517,White,-0.04698211,GA,1
GA-170,60285,0.01301281,0.47449697,0.51206981,0.66673803,0.33326197,0.13465779,0.0933399,0.00160562,0.07627754,0.02226456,46711,-0.03757284,0.46535254,0.51326157,-0.04790903,0.01033619,White,-0.04601824,GA,1
GA-171,57413,-0.0352475,0.51453564,0.47580645,0.56677827,0.43322173,0.24397141,0.11392119,0.00122155,0.05804642,0.02056282,44206,0.03872919,0.51507614,0.46835188,0.04672426,-0.00799507,White,0.03639421,GA,1
GA-172,60092,0.00976969,0.63263494,0.35468895,0.41867305,0.58132695,0.31163074,0.15097273,0.00117652,0.07468801,0.02340434,47598,0.27794599,0.64859543,0.333119,0.31547643,-0.03753044,Minority,0.28545614,GA,1
GA-173,58293,-0.02046022,0.49873198,0.49061025,0.60013093,0.39986907,0.22970034,0.09465081,0.00133043,0.05974278,0.01885836,47353,0.00812173,0.48298465,0.50044152,-0.01745687,0.0255786,White,-0.00540447,GA,1
GA-174,57633,-0.03155068,0.38864404,0.6019485,0.7446199,0.2553801,0.138951,0.05806316,0.00163033,0.03770729,0.01898174,42936,-0.21330446,0.36306826,0.62049081,-0.25742255,0.04411809,White,-0.23301049,GA,1
GA-175,60179,0.01123161,0.56356715,0.42534555,0.46519238,0.53480762,0.29120773,0.19795966,0.00186068,0.0301773,0.0235045,46757,0.1382216,0.56373927,0.41817975,0.14555952,-0.00733792,Minority,0.13566757,GA,1
GA-176,57431,-0.03494504,0.72294014,0.26903064,0.29944075,0.70055925,0.5355688,0.13776438,0.001588,0.02186371,0.02064394,43451,0.4539095,0.71528567,0.27397662,0.44130905,0.01260045,Black,0.44470935,GA,1
GA-177,60325,0.01368496,0.69555653,0.29636444,0.28322901,0.71677099,0.4151204,0.2582808,0.00124741,0.03619718,0.02575012,44893,0.39919209,0.70155163,0.28633128,0.41522035,-0.01602826,Black,0.39953484,GA,1
GA-178,61056,0.02596848,0.78607604,0.20542528,0.24902342,0.75097658,0.55768937,0.15249984,0.00135303,0.03838684,0.01974991,45823,0.58065076,0.7898006,0.19816481,0.59163579,-0.01098503,Black,0.57931244,GA,1
GA-179,57951,-0.0262071,0.66313225,0.32708841,0.46480461,0.53519539,0.32496568,0.08807558,0.0013115,0.10862928,0.01393471,48799,0.33604384,0.66438233,0.31935077,0.34503156,-0.00898772,Minority,0.33403975,GA,1
GA-180,57827,-0.02829076,0.66005543,0.33051366,0.44530545,0.55469455,0.31211888,0.17565217,0.00125482,0.05505779,0.02064942,45425,0.32954177,0.65434682,0.3277764,0.32657042,0.00297135,Minority,0.32355132,GA,1
HI-1,24508,-0.14111667,0.5866694,0.39520835,0.27065274,0.72934726,0.01221932,0.0767624,0.19906005,0.57597911,0.02381201,19150,0.19146105,0.63345882,0.34900376,0.28445506,-0.09299401,Asian,0.21745905,HI,1
HI-2,24743,-0.13288109,0.57074524,0.40734717,0.38480909,0.61519091,0.01408089,0.09306748,0.25052675,0.38825222,0.03371191,19459,0.16339807,0.62478441,0.35072439,0.27406002,-0.11066195,Asian,0.19528539,HI,1
HI-3,24047,-0.15727243,0.60737505,0.3743397,0.35706364,0.64293636,0.01267494,0.08328492,0.22212833,0.45349881,0.02809612,18935,0.23303535,0.6431426,0.3373297,0.3058129,-0.07277755,Asian,0.25229453,HI,1
HI-4,27471,-0.03727828,0.56823173,0.41137718,0.33019484,0.66980516,0.01277151,0.08758274,0.30250769,0.3957304,0.02288618,21454,0.15685455,0.62766416,0.34938304,0.27828112,-0.12142657,Asian,0.19233007,HI,1
HI-5,27082,-0.05091079,0.60884886,0.37287914,0.14102747,0.85897253,0.00961767,0.07165643,0.22806266,0.67271342,0.01814027,21003,0.23596972,0.65786858,0.32401988,0.3338487,-0.09787898,Asian,0.26359605,HI,1
HI-6,27639,-0.03139072,0.62262138,0.3599502,0.20921633,0.79078367,0.01597686,0.0891765,0.30261224,0.56506898,0.02744986,21093,0.26267118,0.65976306,0.32071934,0.33904372,-0.07637254,Asian,0.28312869,HI,1
HI-7,27578,-0.03352846,0.61085488,0.36822911,0.42146068,0.57853932,0.0206441,0.09716488,0.15717038,0.37498853,0.03280117,21798,0.24262577,0.65176552,0.32640459,0.32536093,-0.08273516,Minority,0.26520416,HI,1
HI-8,27839,-0.02438171,0.63920276,0.33560891,0.54402995,0.45597005,0.01680233,0.07343403,0.18260567,0.24202324,0.02907761,22973,0.30359385,0.6775056,0.2960474,0.3814582,-0.07786435,White,0.32454863,HI,1
HI-9,27227,-0.04582926,0.64451639,0.32958316,0.45537459,0.54462541,0.01786878,0.10418799,0.22382503,0.32331317,0.03545835,21490,0.31493323,0.70990248,0.2648162,0.44508628,-0.13015305,Minority,0.35331758,HI,1
HI-10,28083,-0.01583073,0.68590541,0.2931705,0.19035045,0.80964955,0.01226335,0.09394441,0.29682675,0.6149577,0.0321801,22343,0.39273491,0.72751888,0.25281459,0.47470429,-0.08196938,Asian,0.41505804,HI,1
HI-11,28361,-0.00608821,0.63107405,0.34839519,0.24570704,0.75429296,0.0174437,0.09632549,0.36994246,0.4746953,0.03053781,22071,0.28267886,0.68241311,0.29574413,0.38666898,-0.10399012,Asian,0.31234223,HI,1
HI-12,28806,0.00950682,0.6243696,0.34744236,0.40959213,0.59040787,0.02174394,0.10606262,0.28537266,0.31318365,0.05314202,22581,0.27692724,0.66577683,0.30254494,0.36323189,-0.08630465,Minority,0.30069546,HI,1
HI-13,28644,0.00382953,0.65331588,0.32068063,0.34874852,0.65125148,0.01819138,0.08994871,0.27918292,0.41840179,0.03712795,22813,0.33263525,0.70074289,0.27252907,0.42821382,-0.09557857,Asian,0.35949477,HI,1
HI-14,28931,0.01388745,0.62693498,0.34935636,0.43704259,0.56295741,0.01260912,0.08667666,0.27740058,0.32219381,0.03390354,22682,0.27757862,0.66117436,0.31373577,0.34743859,-0.06985997,Minority,0.29586528,HI,1
HI-15,28899,0.01276601,0.56301429,0.41827631,0.44923914,0.55076086,0.01776082,0.08169978,0.25281761,0.29921502,0.03082928,22803,0.14473798,0.58596662,0.38680927,0.19915735,-0.05441937,Minority,0.15787777,HI,1
HI-16,28905,0.01297628,0.61874497,0.35744167,0.47352464,0.52647536,0.01464685,0.0798531,0.22414382,0.2918695,0.03604065,23418,0.2613033,0.65196875,0.32482401,0.32714474,-0.06584144,Minority,0.27825045,HI,1
HI-17,28746,0.00740412,0.65196923,0.3327808,0.26804346,0.73195654,0.01556437,0.04966802,0.12740364,0.63878589,0.01806502,23194,0.31918843,0.66670664,0.31872414,0.3479825,-0.02879407,Asian,0.32378645,HI,1
HI-18,28730,0.0068434,0.67088271,0.31054453,0.23232789,0.76767211,0.01073961,0.03926669,0.11712883,0.68230063,0.01694844,23837,0.36033818,0.68403581,0.30138123,0.38265458,-0.0223164,Asian,0.36277698,HI,1
HI-19,28546,0.00039512,0.65927632,0.32229581,0.38028723,0.61971277,0.03494,0.06283691,0.08199882,0.48026756,0.02156207,25415,0.33698051,0.65960142,0.3224962,0.33710522,-0.00012471,Asian,0.33202208,HI,1
HI-20,29098,0.01973997,0.70632431,0.27476882,0.18396538,0.81603462,0.01821929,0.05074196,0.18417148,0.67126958,0.01883759,24260,0.43155549,0.73020231,0.25426301,0.4759393,-0.04438381,Asian,0.44135009,HI,1
HI-21,29209,0.02362996,0.69361621,0.2843081,0.15737164,0.84262836,0.02289554,0.06220827,0.17065025,0.6950346,0.02040077,24852,0.40930811,0.71511339,0.26808475,0.44702864,-0.03772053,Asian,0.41688162,HI,1
HI-22,28568,0.00116611,0.74499044,0.23447244,0.22540751,0.77459249,0.02396399,0.05474009,0.14058065,0.64350012,0.01658422,24662,0.510518,0.74936451,0.23378604,0.51557847,-0.00506047,Asian,0.50720482,HI,1
HI-23,28956,0.01476357,0.67766604,0.30043997,0.13241633,0.86758367,0.02719649,0.05384435,0.15451838,0.71702328,0.01771299,25518,0.37722607,0.67362745,0.30911765,0.3645098,0.01271627,Asian,0.36798731,HI,1
HI-24,29431,0.03140996,0.68166447,0.29795228,0.20691799,0.79308201,0.02821609,0.04978624,0.10917217,0.67271667,0.01554606,25730,0.38371219,0.68541771,0.29842625,0.38699146,-0.00327927,Asian,0.37980528,HI,1
HI-25,29104,0.01995024,0.68512802,0.29280915,0.16778497,0.83221503,0.02607578,0.06581221,0.21857045,0.65386315,0.02069187,24889,0.39231887,0.70282547,0.27754254,0.42528293,-0.03296406,Asian,0.39830689,HI,1
HI-26,28707,0.00603736,0.55622992,0.42734738,0.04657933,0.95342067,0.01976093,0.03678708,0.2278682,0.77455781,0.00961581,22671,0.12888254,0.55209469,0.43404454,0.11805015,0.01083239,Asian,0.12027174,HI,1
HI-27,29133,0.02096654,0.66981413,0.31130106,0.10739415,0.89260585,0.01419578,0.04287537,0.17479324,0.76138748,0.01390775,24303,0.35851307,0.67876933,0.30394508,0.37482425,-0.01631118,Asian,0.35895013,HI,1
HI-28,28932,0.01392249,0.55442538,0.42841961,0.04972716,0.95027284,0.01337793,0.04004577,0.20982221,0.78700933,0.0117937,22724,0.12600577,0.58893281,0.39476285,0.19416996,-0.06816419,Asian,0.14372717,HI,1
HI-29,28793,0.00905124,0.59858001,0.38599126,0.1458742,0.8541258,0.05022123,0.07010902,0.20845687,0.61560918,0.01623865,21923,0.21258875,0.63021758,0.35546181,0.27475577,-0.06216702,Asian,0.22831109,HI,1
HI-30,29342,0.02829095,0.58745926,0.39593357,0.2112605,0.7887395,0.07585004,0.08975359,0.13284082,0.58009453,0.02404442,21793,0.19152569,0.61919219,0.36232841,0.25686378,-0.06533809,Asian,0.20830505,HI,1
HI-31,28815,0.00982223,0.59056536,0.39341015,0.32411808,0.67588192,0.05716653,0.10255963,0.16600532,0.45733223,0.02071251,22933,0.19715521,0.6187437,0.36462882,0.25411488,-0.05695967,Asian,0.21114177,HI,1
HI-32,28788,0.00887601,0.63136657,0.35392755,0.12567646,0.87432354,0.03172092,0.06419116,0.16314212,0.7478145,0.01690117,24022,0.27743902,0.65065128,0.33507527,0.31557601,-0.03813699,Asian,0.28515135,HI,1
HI-33,29028,0.01728681,0.6150215,0.36761359,0.07092169,0.92907831,0.01780391,0.06055007,0.19643082,0.81935755,0.0160823,23815,0.24740791,0.64600302,0.33831071,0.30769231,-0.0602844,Asian,0.26250271,HI,1
HI-34,28864,0.01153943,0.54171429,0.44314286,0.07300895,0.92699105,0.02679468,0.06000436,0.15304386,0.79759983,0.0129173,22915,0.09857143,0.58586097,0.39808804,0.18777293,-0.0892015,Asian,0.12330526,HI,1
HI-35,29318,0.02744987,0.56022628,0.42463011,0.1015044,0.8984956,0.02987435,0.06727071,0.17766476,0.76506539,0.0183349,23398,0.13559617,0.58470625,0.39866335,0.1860429,-0.05044673,Asian,0.14741175,HI,1
HI-36,28898,0.01273096,0.58066765,0.40384169,0.12436004,0.87563996,0.02813635,0.0802958,0.19992999,0.73837133,0.02432941,22853,0.17682596,0.60259988,0.37830494,0.22429494,-0.04746898,Asian,0.18764895,HI,1
HI-37,28718,0.00642286,0.59146294,0.39511059,0.13154673,0.86845327,0.03428105,0.08502245,0.19965538,0.734866,0.02303541,22053,0.19635235,0.6278885,0.35586366,0.27202484,-0.07567249,Asian,0.21657651,HI,1
HI-38,29349,0.02853627,0.51409761,0.46944325,0.15382579,0.84617421,0.04690672,0.11870091,0.25946518,0.6102727,0.02788809,22662,0.04465436,0.56021805,0.41721602,0.14300203,-0.09834767,Asian,0.07243692,HI,1
HI-39,29409,0.03063897,0.62516936,0.35705746,0.34229337,0.65770663,0.01814835,0.0707957,0.36082695,0.38111544,0.02700852,23363,0.2681119,0.6380662,0.33957607,0.29849013,-0.03037823,Asian,0.27323798,HI,1
HI-40,28886,0.01231042,0.6439668,0.33283677,0.48460671,0.51539329,0.04088978,0.13416009,0.15050733,0.26918741,0.02662388,23062,0.31113003,0.6576268,0.31691966,0.34070714,-0.02957711,Minority,0.31598907,HI,1
HI-41,29049,0.01802276,0.64597262,0.33333333,0.22974751,0.77025249,0.01464036,0.0689582,0.26115001,0.61608317,0.02036919,23565,0.31263929,0.67233701,0.30729357,0.36504344,-0.05240415,Asian,0.32510734,HI,1
HI-42,28895,0.01262583,0.6119403,0.36786178,0.22180451,0.77819549,0.0210872,0.08797857,0.32399965,0.57129894,0.02929738,23142,0.24407852,0.63186048,0.34586356,0.28599692,-0.0419184,Asian,0.25305132,HI,1
HI-43,29438,0.03165527,0.48342512,0.49076774,0.31405439,0.68594561,0.01771337,0.06951154,0.40946502,0.34496332,0.03073001,22356,-0.00734262,0.5150156,0.46197348,0.05304212,-0.06038474,Pacific,0.00778563,HI,1
HI-44,29189,0.02292906,0.48983625,0.48757764,0.23781543,0.76218457,0.04832832,0.12626401,0.41586955,0.39878838,0.03593878,21954,0.00225861,0.53329523,0.44098314,0.09231209,-0.09005348,Pacific,0.02727644,HI,1
HI-45,29035,0.01753213,0.41207658,0.57069219,0.09834961,0.90165039,0.03339268,0.12899966,0.57494106,0.48255786,0.03031324,20783,-0.15861561,0.47399137,0.50190307,-0.0279117,-0.13070391,Pacific,-0.12004764,HI,1
HI-46,29338,0.02815077,0.47404783,0.50735164,0.37054807,0.62945193,0.11058313,0.192148,0.13203543,0.28257058,0.02823399,21676,-0.03330381,0.53692502,0.43803629,0.09888873,-0.13219254,Minority,0.00576037,HI,1
HI-47,29592,0.03705221,0.46808941,0.51512087,0.14923402,0.85076598,0.0397077,0.09874098,0.37075189,0.56973059,0.02553266,22716,-0.04703146,0.51792313,0.45990392,0.05801921,-0.10505067,Asian,-0.01701457,HI,1
HI-48,29452,0.0321459,0.46968992,0.51578359,0.08803855,0.91196145,0.03775085,0.10113674,0.31926837,0.69163119,0.02460588,21377,-0.04609367,0.51149367,0.47129114,0.04020253,-0.0862962,Asian,-0.02232827,HI,1
HI-49,29123,0.02061609,0.46797703,0.517447,0.20233902,0.79766098,0.06970081,0.10051195,0.19999061,0.5810906,0.02606735,21291,-0.04946997,0.51445935,0.46720453,0.04725482,-0.09672479,Asian,-0.02222837,HI,1
HI-50,28851,0.01108385,0.46175007,0.52318575,0.16417772,0.83582228,0.0451246,0.10536779,0.21632993,0.61893754,0.02820288,21629,-0.06143568,0.49754594,0.48373473,0.01381121,-0.07524689,Asian,-0.04135338,HI,1
HI-51,29178,0.02254357,0.48852855,0.49905123,0.03190686,0.96809314,0.01724215,0.04866018,0.21997067,0.78531751,0.01070968,22503,-0.01052268,0.53490081,0.44893461,0.0859662,-0.09648888,Asian,0.01664028,HI,1
IA-1,30573,-0.0417096,0.3484717,0.63371945,0.93647632,0.06352368,0.00911908,0.02169101,0.00110668,0.00991589,0.01155378,22590,-0.28524775,0.36280756,0.61731107,-0.25450351,-0.03074424,White,-0.27999967,IA,1
IA-2,30464,-0.04512613,0.39500364,0.58628802,0.92741517,0.07258483,0.01229224,0.02709488,0.00103878,0.00965201,0.01584141,23104,-0.19128438,0.41532558,0.56291163,-0.14758605,-0.04369833,White,-0.18171827,IA,1
IA-3,31099,-0.02522247,0.49314466,0.48962534,0.7755505,0.2244495,0.06700434,0.09408937,0.00145942,0.03721509,0.02283556,23297,0.00351932,0.51786087,0.4576283,0.06023257,-0.05671325,White,0.01742374,IA,1
IA-4,31870,-0.00105599,0.62765539,0.35139654,0.56854312,0.43145688,0.12629138,0.20822264,0.00215054,0.07585916,0.02715581,23715,0.27625885,0.66675406,0.30991085,0.35684321,-0.08058436,White,0.2981203,IA,1
IA-5,33393,0.04668143,0.61675216,0.36506179,0.76586009,0.23413991,0.08026989,0.05234993,0.00127966,0.084962,0.01050876,25788,0.25169037,0.63293264,0.34502924,0.2879034,-0.03621303,White,0.25876138,IA,1
IA-6,31172,-0.02293434,0.56436663,0.41537933,0.5988691,0.4011309,0.17805365,0.13205221,0.00182815,0.07542196,0.02049233,23521,0.1489873,0.60150012,0.37349786,0.22800226,-0.07901496,White,0.17032562,IA,1
IA-7,32713,0.02536729,0.77124745,0.20941227,0.8200262,0.1799738,0.07097136,0.05105746,0.00134756,0.0380685,0.01684447,26715,0.56183518,0.76639221,0.21282257,0.55356964,0.00826554,White,0.55408,IA,1
IA-8,30806,-0.03440636,0.64961838,0.33254868,0.71546059,0.28453941,0.12477323,0.09207821,0.00197541,0.04745011,0.01850433,24805,0.3170697,0.65943701,0.3168963,0.34254071,-0.02547101,White,0.32056004,IA,1
IA-9,31588,-0.00989509,0.57621631,0.40855793,0.63600969,0.36399031,0.10187749,0.16131684,0.00095172,0.08042049,0.02586953,23116,0.16765838,0.6020797,0.37537704,0.22670266,-0.05904428,White,0.18233981,IA,1
IA-10,32432,0.01655953,0.48458205,0.50122464,0.70707279,0.29292721,0.06528728,0.13275905,0.00168989,0.07579754,0.02172121,24262,-0.01664259,0.51798652,0.46084546,0.05714106,-0.07378365,White,0.00295196,IA,1
IA-11,30772,-0.03547207,0.49746385,0.48424347,0.87085218,0.12914782,0.03694416,0.03658591,0.0009404,0.03945188,0.01128476,22331,0.01322038,0.51111233,0.4675959,0.04351643,-0.03029605,White,0.01831906,IA,1
IA-12,33087,0.03709007,0.53406176,0.44706063,0.83572879,0.16427121,0.05083232,0.03751523,0.00117743,0.06118555,0.01043443,24630,0.08700113,0.54080499,0.43899085,0.10181414,-0.01481301,White,0.0869388,IA,1
IA-13,31433,-0.01475347,0.56669127,0.41601645,0.82823848,0.17176152,0.04612039,0.05810184,0.00102581,0.04952608,0.01177629,24371,0.15067482,0.57851621,0.40212995,0.17638626,-0.02571144,White,0.1542453,IA,1
IA-14,30440,-0.04587839,0.59056627,0.39144411,0.76752939,0.23247061,0.06512729,0.07282416,0.00143788,0.07180919,0.01404043,23646,0.19912216,0.59585733,0.38418572,0.21167161,-0.01254945,White,0.19830531,IA,1
IA-15,31496,-0.01277877,0.46923182,0.51330332,0.89532156,0.10467844,0.02646838,0.02846014,0.00101801,0.03031913,0.01079981,22593,-0.0440715,0.47757776,0.50111845,-0.02354069,-0.02053081,White,-0.0422279,IA,1
IA-16,33260,0.04251264,0.49715055,0.4859082,0.88442672,0.11557328,0.02987039,0.03649053,0.00163509,0.02791625,0.01220339,25075,0.01124235,0.50457125,0.47062842,0.03394283,-0.02270048,White,0.01380918,IA,1
IA-17,33327,0.04461271,0.41841814,0.56480457,0.9068579,0.0931421,0.02604682,0.03053907,0.00144247,0.01529014,0.01471316,24264,-0.14638643,0.43258427,0.54565239,-0.11306812,-0.03331831,White,-0.14028033,IA,1
IA-18,33354,0.045459,0.40452617,0.5781199,0.91485876,0.08514124,0.02289344,0.02704862,0.00131847,0.01086739,0.01737984,25029,-0.17359373,0.42664447,0.55114223,-0.12449776,-0.04909597,White,-0.16222841,IA,1
IA-19,31671,-0.00729351,0.35021673,0.63232587,0.92315639,0.07684361,0.02185315,0.02356167,0.00170852,0.01315162,0.01251589,25168,-0.28210914,0.37553116,0.60711756,-0.2315864,-0.05052274,White,-0.27026823,IA,1
IA-20,32828,0.02897188,0.33034262,0.65165704,0.87735397,0.12264603,0.00909671,0.05442068,0.0018752,0.00730131,0.05114906,25064,-0.32131442,0.36091492,0.62061284,-0.25969792,-0.0616165,White,-0.30577559,IA,1
IA-21,32836,0.02922264,0.57455749,0.40269972,0.81852509,0.18147491,0.03134086,0.04013896,0.02182532,0.09111505,0.0121965,26483,0.17185777,0.58655237,0.38767817,0.1988742,-0.02701643,White,0.17586325,IA,1
IA-22,31229,-0.02114771,0.46318036,0.51769149,0.68709747,0.31290253,0.02766371,0.22368705,0.00125351,0.04417549,0.02135293,23135,-0.05451113,0.49687572,0.48167862,0.0151971,-0.06970823,White,-0.03627505,IA,1
IA-23,31733,-0.00535016,0.46872649,0.51142741,0.86015957,0.13984043,0.02925416,0.04175763,0.00051602,0.04469495,0.0154408,25193,-0.04270092,0.48924762,0.47788988,0.01135774,-0.05405866,White,-0.02968137,IA,1
IA-24,32114,0.00659203,0.60857754,0.36664472,0.78029336,0.21970664,0.04317515,0.06260569,0.0245384,0.10194996,0.01018119,28975,0.24193282,0.682028,0.28505486,0.39697314,-0.15504032,White,0.28861293,IA,1
IA-25,31624,-0.0087667,0.39044256,0.59076152,0.85452064,0.14547936,0.01492209,0.09481468,0.00110045,0.0159345,0.01540629,22718,-0.20031896,0.41707288,0.56188325,-0.14481037,-0.05550859,White,-0.1868161,IA,1
IA-26,30724,-0.0369766,0.38007995,0.59921164,0.94225053,0.05774947,0.01133758,0.01923567,0.00084926,0.00658174,0.01558386,23550,-0.21913169,0.40909347,0.56839795,-0.15930448,-0.05982721,White,-0.20418929,IA,1
IA-27,32710,0.02527325,0.48606929,0.49522921,0.86252626,0.13747374,0.02941176,0.03728992,0.00170693,0.0557598,0.00936625,22848,-0.00915992,0.49827311,0.48177741,0.0164957,-0.02565562,White,-0.00560805,IA,1
IA-28,31335,-0.01782521,0.52742792,0.4543562,0.80598287,0.19401713,0.04265564,0.03992841,0.00119316,0.09562364,0.01005668,23467,0.07307172,0.53137594,0.44807139,0.08330455,-0.01023283,White,0.07148266,IA,1
IA-29,31721,-0.0057263,0.3962142,0.58660025,0.8829486,0.1170514,0.02419978,0.02870505,0.00090106,0.04496696,0.01480306,23306,-0.19038605,0.42195425,0.55894835,-0.1369941,-0.05339195,White,-0.17758873,IA,1
IA-30,31631,-0.00854729,0.35442971,0.62745725,0.94525904,0.05474096,0.00700554,0.02028348,0.00093679,0.00578364,0.01449984,24552,-0.27302754,0.3846399,0.59809858,-0.21345868,-0.05956886,White,-0.25817125,IA,1
IA-31,33040,0.03561688,0.2863108,0.69794606,0.94410942,0.05589058,0.00595168,0.02427969,0.00201017,0.00764653,0.01190335,25371,-0.41163526,0.31178769,0.66986866,-0.35808097,-0.05355429,White,-0.39878383,IA,1
IA-32,33463,0.04887554,0.29027971,0.69395276,0.88128513,0.11871487,0.00562149,0.092208,0.00144441,0.00585572,0.01342911,25616,-0.40367305,0.31655216,0.66601235,-0.34946019,-0.05421286,White,-0.3906021,IA,1
IA-33,30612,-0.04048717,0.42235911,0.5583069,0.93573296,0.06426704,0.01393202,0.02304298,0.00085798,0.0109495,0.01156235,24476,-0.13594779,0.44155921,0.53901004,-0.09745083,-0.03849696,White,-0.12811547,IA,1
IA-34,32497,0.01859691,0.32382522,0.65981022,0.93501906,0.06498094,0.00642183,0.03921333,0.00108368,0.00525788,0.01071644,24915,-0.335985,0.35778889,0.62754901,-0.26976012,-0.06622488,White,-0.31891004,IA,1
IA-35,31174,-0.02287165,0.34022497,0.64387608,0.93674293,0.06325707,0.01497308,0.02178668,0.0011356,0.01383748,0.01017833,23776,-0.30365111,0.36694576,0.61752215,-0.25057639,-0.05307472,White,-0.29095954,IA,1
IA-36,32018,0.00358297,0.37054593,0.61387164,0.9429582,0.0570418,0.01215645,0.02195479,0.00052854,0.00975768,0.01053017,24596,-0.24332571,0.39721818,0.5840207,-0.18680252,-0.05652319,White,-0.22948465,IA,1
IA-37,32780,0.02746736,0.45455091,0.53086938,0.79473369,0.20526631,0.13588669,0.03462996,0.0031917,0.01667664,0.01547975,25065,-0.07631847,0.48960194,0.49184861,-0.00224667,-0.0740718,White,-0.05662787,IA,1
IA-38,32706,0.02514787,0.54060841,0.44055705,0.87662289,0.12337711,0.04335174,0.02555589,0.00298463,0.03514401,0.01134159,26804,0.10005136,0.5717663,0.40712597,0.16464033,-0.06458897,White,0.11658102,IA,1
IA-39,32489,0.01834615,0.54478321,0.43752285,0.75977587,0.24022413,0.13765697,0.0460976,0.00981561,0.03151327,0.01780321,25164,0.10726036,0.58386535,0.39627265,0.1875927,-0.08033234,White,0.12903781,IA,1
IA-40,33169,0.0396603,0.4520976,0.53327571,0.8000706,0.1999294,0.10127873,0.05009022,0.00596219,0.02851651,0.01518004,25494,-0.08117811,0.49721195,0.48392958,0.01328237,-0.09446048,White,-0.05469128,IA,1
IA-41,33433,0.04793521,0.30729827,0.67707013,0.96144616,0.03855384,0.00754819,0.0125029,0.00092901,0.00503213,0.00990942,25834,-0.36977186,0.33047142,0.65277851,-0.32230709,-0.04746477,White,-0.35895027,IA,1
IA-42,33450,0.04846806,0.34688199,0.63885714,0.95665451,0.04334549,0.00852633,0.01518877,0.00099143,0.00908154,0.00682107,25216,-0.29197515,0.36697017,0.61803914,-0.25106897,-0.04090618,White,-0.28333976,IA,1
IA-43,33245,0.04204247,0.3345555,0.64875923,0.95071079,0.04928921,0.00978793,0.01371087,0.00586499,0.00462208,0.01083663,25746,-0.31420373,0.3647815,0.61857861,-0.25379711,-0.06040662,White,-0.29906819,IA,1
IA-44,32700,0.02495981,0.42515763,0.55668348,0.89612128,0.10387872,0.04079543,0.02626501,0.00098445,0.01000197,0.0188226,25395,-0.13152585,0.47208275,0.50620047,-0.03411772,-0.09740813,White,-0.10405647,IA,1
IA-45,30930,-0.03051967,0.25913,0.72684781,0.92518806,0.07481194,0.01752501,0.02587418,0.00082665,0.00917583,0.017773,24194,-0.46771781,0.26553295,0.71928333,-0.45375038,-0.01396743,White,-0.468062,IA,1
IA-46,31305,-0.01876554,0.29227317,0.68959243,0.94511467,0.05488533,0.00955244,0.02042245,0.00255281,0.00477622,0.01445218,24287,-0.39731926,0.3102116,0.67362102,-0.36340942,-0.03390984,White,-0.39101598,IA,1
IA-47,33168,0.03962896,0.28453273,0.70048844,0.82974425,0.17025575,0.01870631,0.12827765,0.00060604,0.01268636,0.01288837,24751,-0.41595571,0.31197564,0.67590579,-0.36393015,-0.05202556,White,-0.40361386,IA,1
IA-48,32160,0.00803387,0.28727117,0.69624738,0.95193543,0.04806457,0.00457758,0.02039833,0.00128493,0.00453742,0.01276903,24904,-0.40897621,0.29861989,0.68368099,-0.3850611,-0.02391511,White,-0.40600451,IA,1
IA-49,30410,-0.04681872,0.32183125,0.66379631,0.9037641,0.0962359,0.01432132,0.0501035,0.00084492,0.01537747,0.01364539,23671,-0.34196506,0.35366292,0.63041657,-0.27675365,-0.06521141,White,-0.32522792,IA,1
IA-50,30399,-0.04716351,0.34630083,0.63818404,0.86339118,0.13660882,0.06196948,0.04670709,0.00234163,0.00961739,0.01689316,23915,-0.29188321,0.3766473,0.60819045,-0.23154315,-0.06034006,White,-0.27676986,IA,1
IA-51,30756,-0.03597358,0.46836096,0.51099787,0.8837419,0.1162581,0.02775273,0.05009429,0.00442732,0.01647946,0.0142658,24394,-0.04263691,0.49894475,0.48249534,0.01644941,-0.05908632,White,-0.02794147,IA,1
IA-52,30493,-0.04421714,0.35028087,0.63372693,0.92879806,0.07120194,0.01569904,0.02958507,0.0008653,0.01079567,0.00894145,24269,-0.28344606,0.36694507,0.61474639,-0.24780132,-0.03564474,White,-0.27656448,IA,1
IA-53,30325,-0.04948299,0.24658698,0.7388508,0.94118153,0.05881847,0.00846402,0.02809882,0.00141783,0.00558539,0.01074114,23275,-0.49226382,0.27505705,0.71119303,-0.43613598,-0.05612784,White,-0.47855454,IA,1
IA-54,30357,-0.04847997,0.27165644,0.71392638,0.91948957,0.08051043,0.00931873,0.05028754,0.00113336,0.00587667,0.01196323,23823,-0.44226994,0.29722157,0.68818585,-0.39096428,-0.05130566,White,-0.43016805,IA,1
IA-55,32332,0.01342509,0.24348544,0.74289588,0.92332731,0.07667269,0.01237693,0.04239502,0.00458107,0.00691179,0.01024714,24885,-0.49941044,0.26117822,0.72290605,-0.46172783,-0.03768261,White,-0.49184957,IA,1
IA-56,31621,-0.00886073,0.31077431,0.67429472,0.74333403,0.25666597,0.02052994,0.15288963,0.01326935,0.05733361,0.0128938,23965,-0.36352041,0.33799175,0.64258263,-0.30459088,-0.05892953,White,-0.34887723,IA,1
IA-57,30522,-0.04330816,0.21566792,0.76972534,0.91596141,0.08403859,0.01024035,0.05238659,0.00220041,0.00596649,0.0109174,23632,-0.55405742,0.23832509,0.7471944,-0.50886931,-0.04518811,White,-0.54399472,IA,1
IA-58,31147,-0.02371795,0.23376147,0.75292267,0.95367938,0.04632062,0.00466959,0.02113821,0.00195956,0.00537836,0.008005,23985,-0.5191612,0.25800317,0.72937137,-0.4713682,-0.047793,White,-0.5082302,IA,1
IA-59,30559,-0.04214842,0.13236638,0.85044792,0.8741373,0.1258627,0.00590265,0.10356883,0.00036324,0.00853614,0.00821831,22024,-0.71808154,0.14787701,0.8329673,-0.68509029,-0.03299125,White,-0.71208446,IA,1
IA-60,31011,-0.02798078,0.21481616,0.77033146,0.9019174,0.0980826,0.01318758,0.06190352,0.00403436,0.00629013,0.01140899,23052,-0.5555153,0.24271384,0.7430403,-0.50032646,-0.05518884,White,-0.54211902,IA,1
IA-61,30753,-0.03606761,0.29298487,0.69146582,0.93801968,0.06198032,0.00517563,0.02418123,0.00131512,0.00534532,0.01824198,23572,-0.39848095,0.29817563,0.68299408,-0.38481845,-0.0136625,White,-0.39892678,IA,1
IA-62,30748,-0.03622434,0.31212672,0.67187743,0.94567207,0.05432793,0.00430025,0.02099034,0.00114957,0.00736578,0.01358198,23487,-0.35975071,0.32119086,0.6627109,-0.34152004,-0.01823067,White,-0.35867382,IA,1
IA-63,32354,0.01411467,0.25824795,0.72525616,0.95040788,0.04959212,0.00456344,0.01724416,0.0007673,0.00496729,0.01817301,24762,-0.46700821,0.28145345,0.70201992,-0.42056647,-0.04644174,White,-0.45652763,IA,1
IA-64,31844,-0.00187094,0.33062645,0.64959091,0.84870124,0.15129876,0.0318216,0.07116011,0.00488599,0.02184081,0.02192433,23946,-0.31896446,0.35870699,0.62209409,-0.2633871,-0.05557736,White,-0.30543867,IA,1
IA-65,30495,-0.04415445,0.29472984,0.6892963,0.90334816,0.09665184,0.00854477,0.0558026,0.00318249,0.00998343,0.01573808,22938,-0.39456646,0.32058398,0.66222249,-0.34163851,-0.05292795,White,-0.38192381,IA,1
IA-66,31370,-0.01672816,0.23336169,0.75125973,0.95665754,0.04334246,0.00594729,0.0130498,0.00115523,0.00586171,0.01223686,23372,-0.51789804,0.26131141,0.72308887,-0.46177746,-0.05612058,White,-0.50419118,IA,1
IA-67,30658,-0.03904533,0.23631457,0.74922899,0.93494686,0.06505314,0.01643403,0.01583643,0.00145132,0.01233619,0.01370214,23427,-0.51291442,0.25645202,0.72763718,-0.47118516,-0.04172926,White,-0.50400467,IA,1
IA-68,32523,0.01941186,0.30508741,0.67722182,0.93672257,0.06327743,0.0101918,0.01757483,0.00108338,0.01516732,0.01336169,24922,-0.37213441,0.3228145,0.65666311,-0.33384861,-0.0382858,White,-0.36437248,IA,1
IA-69,31089,-0.02553592,0.34055556,0.64322222,0.94782316,0.05217684,0.007502,0.01799638,0.00050575,0.00686981,0.01285455,23727,-0.30266666,0.35841343,0.62169926,-0.26328583,-0.03938083,White,-0.29453972,IA,1
IA-70,31713,-0.00597705,0.34175642,0.64084507,0.95724074,0.04275926,0.00579428,0.01315344,0.00080359,0.00490611,0.01294197,23644,-0.29908865,0.37452349,0.607589,-0.23306551,-0.06602314,White,-0.28208094,IA,1
IA-71,32602,0.02188806,0.3475161,0.63814781,0.80077588,0.19922412,0.04315849,0.10252162,0.01179989,0.02202376,0.02020529,24746,-0.29063171,0.38337478,0.59737123,-0.21399645,-0.07663526,White,-0.27008662,IA,1
IA-72,32653,0.02348662,0.34323713,0.63565365,0.9157529,0.0842471,0.0184556,0.02277992,0.00131274,0.0196139,0.01687259,25900,-0.29241652,0.37202123,0.60864385,-0.23662262,-0.0557939,White,-0.27881855,IA,1
IA-73,31319,-0.01832672,0.30355447,0.67989418,0.85512857,0.14487143,0.02445087,0.07498268,0.00089653,0.02542891,0.01646359,24539,-0.37633971,0.32656393,0.65345436,-0.32689043,-0.04944928,White,-0.36485662,IA,1
IA-74,32598,0.02176269,0.32954953,0.65647031,0.92210944,0.07789056,0.00849274,0.04331298,0.00064707,0.00655154,0.01415457,24727,-0.32692078,0.35007031,0.63088821,-0.2808179,-0.04610288,White,-0.31655315,IA,1
IA-75,32746,0.02640165,0.35259411,0.624511,0.90129057,0.09870943,0.03832616,0.02839265,0.00117325,0.00754791,0.02104028,25570,-0.27191689,0.39498452,0.57987616,-0.18489164,-0.08702525,White,-0.24790847,IA,1
IA-76,32767,0.02705988,0.44906123,0.53351829,0.86140535,0.13859465,0.07372056,0.02747061,0.00139681,0.01447251,0.01792574,25773,-0.08445706,0.47637939,0.4987793,-0.02239991,-0.06205715,White,-0.06877134,IA,1
IA-77,33073,0.03665125,0.72013755,0.25838562,0.70722257,0.29277743,0.11531308,0.06432114,0.00077495,0.09586175,0.0125155,25808,0.46175193,0.74536227,0.23346167,0.5119006,-0.05014867,White,0.47346815,IA,1
IA-78,33512,0.05041141,0.74214832,0.23847981,0.7940207,0.2059793,0.04397126,0.06068297,0.00154921,0.0824049,0.01084449,30338,0.50366851,0.79544654,0.18436803,0.61107851,-0.10741,White,0.53447184,IA,1
IA-79,32146,0.00759505,0.58727318,0.3936863,0.85394748,0.14605252,0.05226242,0.04225473,0.00145411,0.03083569,0.01338637,23382,0.19358688,0.60376138,0.3733901,0.23037128,-0.0367844,White,0.20084835,IA,1
IA-80,33316,0.04426792,0.65445641,0.3263609,0.77715334,0.22284666,0.09068318,0.04679436,0.00118515,0.07103261,0.01104867,26157,0.32809551,0.67663493,0.30411838,0.37251655,-0.04442104,White,0.33790252,IA,1
IA-81,30487,-0.04440521,0.58726311,0.39305127,0.78741188,0.21258812,0.13060914,0.03347545,0.00683862,0.02165562,0.01701212,23689,0.19421184,0.61308068,0.35717196,0.25590872,-0.06169688,White,0.20977747,IA,1
IA-82,31465,-0.01375045,0.50802512,0.4749584,0.86616977,0.13383023,0.06136646,0.03494824,0.00219462,0.02186335,0.01122153,24150,0.03306672,0.51978695,0.45768309,0.06210386,-0.02903714,White,0.03774577,IA,1
IA-83,31306,-0.0187342,0.6271697,0.34887391,0.77872596,0.22127404,0.12455929,0.04827724,0.00372596,0.02520032,0.02003205,24960,0.27829579,0.6416257,0.33064569,0.31098001,-0.03268422,White,0.28419053,IA,1
IA-84,31778,-0.00393967,0.47071872,0.50909494,0.86630439,0.13369561,0.04338989,0.02907869,0.00145186,0.04061061,0.0138549,24107,-0.03837622,0.48302133,0.49118415,-0.00816282,-0.0302134,White,-0.03330509,IA,1
IA-85,30846,-0.03315259,0.48336849,0.49802585,0.91566214,0.08433786,0.02525876,0.02121225,0.00115006,0.01801763,0.01371555,23477,-0.01465736,0.49254449,0.48313826,0.00940623,-0.02406359,White,-0.01163616,IA,1
IA-86,31457,-0.0140012,0.55805762,0.42329234,0.85279532,0.14720468,0.04785318,0.02649091,0.00097487,0.05200695,0.01551308,23593,0.13476528,0.56778174,0.40742627,0.16035547,-0.02559019,White,0.13829534,IA,1
IA-87,31388,-0.01616396,0.4250457,0.55495887,0.92796351,0.07203649,0.02247832,0.02154172,0.0011402,0.00871442,0.01413039,24557,-0.12991317,0.44517894,0.53424892,-0.08906998,-0.04084319,White,-0.12129877,IA,1
IA-88,32218,0.00985184,0.58299817,0.39981718,0.8426697,0.1573303,0.08705366,0.03233538,0.00223423,0.01661453,0.01572084,24617,0.18318099,0.60818579,0.3681306,0.24005519,-0.0568742,White,0.19713906,IA,1
IA-89,31703,-0.00629049,0.6299275,0.35063669,0.74897926,0.25102074,0.06642985,0.13530949,0.00089825,0.03213294,0.0159644,24492,0.27929081,0.64961396,0.32946308,0.32015088,-0.04086007,White,0.28791083,IA,1
IA-90,32339,0.0136445,0.41238302,0.56740811,0.81146146,0.18853854,0.03169328,0.12693524,0.00004053,0.01094269,0.01767042,24674,-0.15502509,0.44633863,0.52996255,-0.08362392,-0.07140117,White,-0.1362247,IA,1
IA-91,30662,-0.03891995,0.51240518,0.46839444,0.74903395,0.25096605,0.11405659,0.08733951,0.00141272,0.02505505,0.02646778,24067,0.04401074,0.56043714,0.41499193,0.14544521,-0.10143447,White,0.07282223,IA,1
IA-92,33037,0.03552285,0.50660822,0.47592253,0.76090841,0.23909159,0.12014134,0.0630484,0.00123079,0.0354945,0.02322627,25187,0.03068569,0.54607105,0.43109563,0.11497542,-0.08428973,White,0.05378227,IA,1
IA-93,32741,0.02624493,0.51687047,0.46422101,0.81055545,0.18944455,0.08559004,0.05143309,0.00075114,0.03609409,0.01391579,25295,0.05264946,0.5438174,0.43478023,0.10903717,-0.05638771,White,0.06644536,IA,1
IA-94,33382,0.04633665,0.52606113,0.45384945,0.7801773,0.2198227,0.10364353,0.06588042,0.00132776,0.02948413,0.0236654,25607,0.07221168,0.55397066,0.42227527,0.13169539,-0.05948371,White,0.08703958,IA,1
IA-95,33459,0.04875016,0.49331922,0.4882921,0.85992203,0.14007797,0.06930093,0.03281481,0.01071118,0.0129821,0.01411756,26421,0.00502712,0.52460977,0.4508434,0.07376637,-0.06873925,White,0.0229402,IA,1
IA-96,33455,0.04862478,0.52082299,0.4635115,0.8941973,0.1058027,0.03878667,0.02624029,0.00807099,0.01859006,0.0115901,26143,0.05731149,0.54605508,0.43386074,0.11219434,-0.05488285,White,0.07060577,IA,1
IA-97,31286,-0.01936108,0.45235893,0.53148794,0.85453271,0.14546729,0.03080921,0.07267178,0.001691,0.01505403,0.02202425,24246,-0.07912901,0.46178387,0.51730926,-0.05552539,-0.02360362,White,-0.07626114,IA,1
IA-98,32299,0.01239073,0.44533127,0.53510127,0.81534149,0.18465851,0.03550969,0.09945964,0.00138138,0.01393573,0.02961849,24613,-0.08977,0.4681788,0.50631439,-0.03813559,-0.05163441,White,-0.07755853,IA,1
IA-99,32281,0.01182653,0.4208217,0.55891504,0.74379378,0.25620622,0.05395997,0.13572879,0.00360562,0.03518588,0.02838908,24129,-0.13809334,0.45079142,0.52725994,-0.07646852,-0.06162482,White,-0.12255173,IA,1
IA-100,32795,0.02793752,0.49185705,0.49072608,0.5345626,0.4654374,0.08641713,0.26749373,0.01040914,0.05497727,0.06105281,23537,0.00113097,0.53679787,0.44075441,0.09604346,-0.09491249,White,0.02776847,IA,1
ID-1 (2),51815,-0.01390948,0.25805338,0.71692308,0.90700158,0.09299842,0.00419852,0.03169518,0.0024997,0.01082393,0.03014197,41205,-0.4588697,0.3013962,0.67364765,-0.37225145,-0.08661825,White,-0.43499695,ID,2
ID-2 (2),52797,0.00477895,0.15843142,0.82133191,0.89432476,0.10567524,0.00590963,0.03770197,0.00324157,0.01244265,0.03653002,40104,-0.66290049,0.1970572,0.77899577,-0.58193857,-0.08096192,White,-0.64091318,ID,2
ID-3 (2),52667,0.00230492,0.21379265,0.76354042,0.88979683,0.11020317,0.00491779,0.04540261,0.00345239,0.01669068,0.02997864,40262,-0.54974777,0.25103324,0.72230009,-0.47126685,-0.07848092,White,-0.52858746,ID,2
ID-4 (2),52583,0.00070632,0.32359992,0.64959717,0.88042764,0.11957236,0.00808514,0.04558849,0.00455398,0.02060249,0.03343643,41063,-0.32599725,0.37009016,0.60066641,-0.23057625,-0.095421,White,-0.29919025,ID,2
ID-5 (2),52099,-0.00850468,0.20754018,0.7709309,0.88868014,0.11131986,0.00428062,0.02803805,0.00271106,0.00991677,0.0530321,42050,-0.56339072,0.23495631,0.74397548,-0.50901917,-0.05437155,White,-0.55026687,ID,2
ID-6 (2),52458,-0.00167255,0.43562712,0.52969571,0.83653892,0.16346108,0.01253529,0.04868188,0.00399502,0.03315631,0.05904024,41802,-0.09406859,0.49410267,0.46736811,0.02673456,-0.12080315,White,-0.05880087,ID,2
ID-7 (2),53602,0.0200989,0.20719049,0.76809651,0.90215099,0.09784901,0.00541262,0.02837528,0.00222597,0.01054407,0.04526923,42678,-0.56090602,0.21555663,0.76100803,-0.5454514,-0.01545462,White,-0.56075448,ID,2
ID-8 (2),52965,0.00797616,0.53664482,0.43090633,0.78171956,0.21828044,0.01221628,0.15316768,0.00378705,0.01905739,0.03076059,40929,0.10573849,0.55697551,0.40977399,0.14720152,-0.04146303,White,0.1145595,ID,2
ID-9 (2),55009,0.04687549,0.17085481,0.80877721,0.81914842,0.18085158,0.00414164,0.11436737,0.00227669,0.01448363,0.03802558,41288,-0.6379224,0.1893965,0.78838127,-0.59898477,-0.03893763,White,-0.62994319,ID,2
ID-10 (2),52913,0.00698655,0.15936186,0.80199274,0.83339266,0.16660734,0.01948221,0.09677037,0.00870886,0.02904535,0.01383451,42141,-0.64263088,0.1557971,0.79236793,-0.63657083,-0.00606005,White,-0.64561086,ID,2
ID-11 (2),52951,0.00770972,0.22174735,0.75314918,0.7461284,0.2538716,0.023405,0.16428607,0.00528743,0.02688819,0.03395479,39906,-0.53140183,0.23955124,0.73093016,-0.49137892,-0.04002291,White,-0.52306086,ID,2
ID-12 (2),54591,0.03892054,0.34671664,0.61983175,0.83654382,0.16345618,0.01239418,0.08219699,0.0056775,0.02379987,0.03923557,39454,-0.27311511,0.35673792,0.60332591,-0.24658799,-0.02652712,White,-0.26927274,ID,2
ID-13 (2),50915,-0.03103736,0.17797129,0.79883599,0.78480085,0.21519915,0.0039369,0.16214602,0.00184627,0.00906845,0.03513345,36831,-0.6208647,0.19195681,0.78113945,-0.58918264,-0.03168206,White,-0.61530401,ID,2
ID-14 (2),51044,-0.02858237,0.29531338,0.67501668,0.77094987,0.22905013,0.01892246,0.14597329,0.00511201,0.03126087,0.02887884,37363,-0.3797033,0.30785971,0.65458778,-0.34672807,-0.03297523,White,-0.37371156,ID,2
ID-15 (2),50977,-0.02985744,0.19690079,0.77923755,0.63795933,0.36204067,0.00369969,0.32604523,0.00239228,0.00837297,0.03226794,35949,-0.58233676,0.217357,0.75897436,-0.54161736,-0.0407194,White,-0.57376363,ID,2
ID-16 (2),55025,0.04717999,0.14714059,0.825417,0.79875583,0.20124417,0.00422499,0.14390876,0.00313634,0.00826853,0.04561949,38580,-0.67827641,0.16552914,0.80893544,-0.6434063,-0.03487011,White,-0.67165304,ID,2
ID-17 (2),52377,-0.00321406,0.30390137,0.66881563,0.87692841,0.12307159,0.0044078,0.07929079,0.00222866,0.00802318,0.02491147,40383,-0.36491426,0.31215055,0.66480295,-0.3526524,-0.01226186,White,-0.36582697,ID,2
ID-18 (2),53720,0.02234455,0.17208728,0.79991766,0.79968689,0.20031311,0.00488245,0.11420687,0.00217587,0.00865043,0.07623521,37686,-0.62783038,0.18507399,0.78846236,-0.60338837,-0.02444201,White,-0.62468304,ID,2
ID-19 (2),53544,0.0189951,0.16821788,0.80176228,0.82882759,0.17117241,0.00565517,0.13062069,0.00245517,0.01175172,0.02184828,36250,-0.6335444,0.16974019,0.79948365,-0.62974346,-0.00380094,White,-0.63727742,ID,2
ID-20 (2),54865,0.04413503,0.32449291,0.6390987,0.8169472,0.1830528,0.00990421,0.12390266,0.00292624,0.02048371,0.02678638,39983,-0.31460579,0.33306229,0.6267787,-0.29371641,-0.02088938,White,-0.31264266,ID,2
ID-21 (2),54117,0.02989985,0.18664116,0.78177701,0.85107101,0.14892899,0.00688705,0.103615,0.00300781,0.01613538,0.02018328,35574,-0.59513585,0.19927319,0.76881914,-0.56954595,-0.0255899,White,-0.59160588,ID,2
ID-22 (2),54642,0.03989112,0.18631246,0.7908513,0.76212369,0.23787631,0.00716902,0.17304346,0.00454557,0.01618224,0.0344944,38499,-0.60453884,0.21857539,0.75379471,-0.53521932,-0.06931952,White,-0.58643233,ID,2
ID-23 (2),52839,0.00557825,0.27658228,0.69762658,0.7342661,0.2657339,0.01222303,0.19507438,0.00618954,0.02301571,0.03076563,38452,-0.4210443,0.30327979,0.6653989,-0.36211911,-0.05892519,White,-0.40640257,ID,2
ID-24 (2),50000,-0.04845071,0.3169419,0.65357798,0.59511892,0.40488108,0.01470547,0.33528464,0.00480756,0.0180142,0.0397896,35361,-0.33663608,0.36014671,0.60551445,-0.24536774,-0.09126834,White,-0.3112133,ID,2
ID-25 (2),50371,-0.04139022,0.31176601,0.65765566,0.71032151,0.28967849,0.01178144,0.21829209,0.00614567,0.01790027,0.04076539,37262,-0.34588965,0.33153953,0.63389736,-0.30235783,-0.04353182,White,-0.33637904,ID,2
ID-26 (2),52771,0.00428415,0.21937394,0.75639961,0.81091187,0.18908813,0.0135826,0.12173471,0.00363729,0.01727076,0.03019204,39315,-0.53702567,0.22813337,0.74212538,-0.51399201,-0.02303366,White,-0.53434778,ID,2
ID-27 (2),53252,0.01343805,0.25114559,0.72859555,0.87479986,0.12520014,0.00800578,0.05712515,0.00420949,0.02956975,0.02009194,38722,-0.47744996,0.29776715,0.68025518,-0.38248803,-0.09496193,White,-0.45079598,ID,2
ID-28 (2),53093,0.01041212,0.293692,0.68174444,0.84664761,0.15335239,0.01361746,0.07928794,0.00483368,0.02697505,0.02390852,38480,-0.38805244,0.30633544,0.66386153,-0.35752609,-0.03052635,White,-0.38287699,ID,2
ID-29 (2),50798,-0.03326399,0.37183224,0.59918225,0.81883374,0.18116626,0.01450408,0.08910037,0.00469091,0.04415928,0.026474,37093,-0.22735001,0.38709421,0.58052211,-0.1934279,-0.03392211,White,-0.22104264,ID,2
ID-30 (2),50421,-0.04043867,0.36021676,0.61233682,0.82414212,0.17585788,0.01790352,0.07365862,0.00649279,0.0486821,0.02652373,36194,-0.25212006,0.3730807,0.593412,-0.2203313,-0.03178876,White,-0.24652381,ID,2
ID-31 (2),51090,-0.02770694,0.53153025,0.43501779,0.76549174,0.23450826,0.03667735,0.11493715,0.00736998,0.04725166,0.02837072,40570,0.09651246,0.53407846,0.42555336,0.1085251,-0.01201264,White,0.09551667,ID,2
ID-32 (2),52130,-0.00791472,0.53315021,0.43452739,0.8239201,0.1760799,0.02041364,0.07899299,0.00478597,0.03792152,0.02976583,40953,0.09862282,0.53692799,0.4291238,0.10780419,-0.00918137,White,0.09668328,ID,2
ID-33 (2),51302,-0.02367237,0.54398737,0.42136655,0.80476694,0.19523306,0.02439826,0.08683809,0.0056123,0.04499237,0.02646472,42585,0.12262082,0.56296386,0.39887253,0.16409133,-0.04147051,White,0.13144432,ID,2
ID-34 (2),51700,-0.01609804,0.65606101,0.31323075,0.83179175,0.16820825,0.01474521,0.05319071,0.00527491,0.06943252,0.01908781,40759,0.34283026,0.67622523,0.29480579,0.38141944,-0.03858918,White,0.35069332,ID,2
ID-35 (2),51663,-0.01680219,0.55706107,0.41517176,0.8630329,0.1369671,0.01666913,0.05831735,0.00312239,0.02829818,0.02461032,40674,0.14188931,0.58793,0.38545524,0.20247476,-0.06058545,White,0.15708446,ID,2
IL-1,108299,-0.00259325,0.67228521,0.29363973,0.52754848,0.47245152,0.13501617,0.1048582,0.00161123,0.22756833,0.01521325,85649,0.37864548,0.73212806,0.25389841,0.47822965,-0.09958417,White,0.4068402,IL,1
IL-2,108566,-0.00013424,0.80023087,0.18309155,0.75463425,0.24536575,0.05279481,0.05208185,0.00137839,0.12714483,0.00806835,84156,0.61713932,0.80234452,0.18024723,0.62209729,-0.00495797,White,0.61379198,IL,1
IL-3,106854,-0.01590134,0.60326433,0.3799001,0.65665388,0.34334612,0.01785968,0.16755432,0.00074563,0.14967097,0.01384746,84492,0.22336423,0.62545953,0.36017829,0.26528124,-0.04191701,White,0.23233657,IL,1
IL-4,107675,-0.00834013,0.56446076,0.41103314,0.60789643,0.39210357,0.03130455,0.08582977,0.001113,0.26708453,0.01012243,85355,0.15342762,0.60623013,0.38069721,0.22553292,-0.0721053,White,0.17246272,IL,1
IL-5,106827,-0.01615,0.53750172,0.44313239,0.70857536,0.29142464,0.01863487,0.15968847,0.00085351,0.10492188,0.01739017,84358,0.09436933,0.57095131,0.41232604,0.15862527,-0.06425594,White,0.11078798,IL,1
IL-6,109472,0.00820979,0.53042914,0.45132418,0.66187736,0.33812264,0.03227325,0.1455742,0.00087287,0.15170727,0.01512593,87069,0.07910496,0.56327914,0.41967564,0.1436035,-0.06449854,White,0.09560447,IL,1
IL-7,107223,-0.01250294,0.59485614,0.38632895,0.76227567,0.23772433,0.02003229,0.09964295,0.00087199,0.10717274,0.01172478,84863,0.20852719,0.60258159,0.3776192,0.22496239,-0.0164352,White,0.20900559,IL,1
IL-8,107990,-0.00543906,0.55972423,0.41543299,0.65967097,0.34032903,0.0323556,0.12176801,0.0008452,0.17639636,0.01253512,84004,0.14429124,0.57683364,0.40324819,0.17358545,-0.02929421,White,0.14905598,IL,1
IL-9,111370,0.0256899,0.5788265,0.3850347,0.43240613,0.56759387,0.13561494,0.16235107,0.00217164,0.26181943,0.01738501,84268,0.1937918,0.67637388,0.31119014,0.36518374,-0.17139194,Minority,0.24592245,IL,1
IL-10,106266,-0.02131667,0.75677248,0.21148413,0.37602631,0.62397369,0.06497409,0.36386437,0.00170362,0.19091167,0.03264084,84526,0.54528835,0.79718752,0.18308096,0.61410656,-0.06881821,Minority,0.56322775,IL,1
IL-11,108491,-0.00082498,0.86535888,0.10757909,0.52456348,0.47543652,0.18167214,0.15697742,0.00160642,0.12635049,0.02083093,95243,0.75777979,0.8801127,0.1010784,0.7790343,-0.02125451,White,0.75986463,IL,1
IL-12,108547,-0.00030923,0.87535649,0.10310559,0.62361832,0.37638168,0.1275142,0.1305094,0.00165215,0.10761376,0.01911167,93817,0.7722509,0.87728387,0.10388952,0.77339435,-0.00114345,White,0.76763205,IL,1
IL-13,106600,-0.01824061,0.63000365,0.34436468,0.63509972,0.36490028,0.0303682,0.22537578,0.00169235,0.10242217,0.02232956,85089,0.28563897,0.65303204,0.32741914,0.3256129,-0.03997393,White,0.29396361,IL,1
IL-14,108648,0.00062096,0.44995658,0.53140291,0.72522713,0.27477287,0.02133592,0.17432147,0.00127993,0.07475001,0.01492486,87505,-0.08144633,0.49052879,0.494736,-0.00420721,-0.07723912,White,-0.06069996,IL,1
IL-15,106027,-0.0235178,0.85614245,0.12555864,0.76594334,0.23405666,0.04473701,0.09035463,0.0013807,0.08784327,0.01094779,91982,0.73058381,0.86034526,0.1203069,0.74003836,-0.00945455,White,0.72873533,IL,1
IL-16,107524,-0.0097308,0.78393936,0.19772788,0.77824934,0.22175066,0.06550663,0.06281167,0.00093369,0.082313,0.0078939,94250,0.58621148,0.80404833,0.17726438,0.62678395,-0.04057247,White,0.59473564,IL,1
IL-17,105948,-0.02424537,0.54074833,0.43154658,0.44182909,0.55817091,0.05728164,0.3264808,0.00157003,0.16766225,0.03203847,81527,0.10920175,0.60912863,0.37276056,0.23636807,-0.12716632,Minority,0.14659052,IL,1
IL-18,107399,-0.01088202,0.55987503,0.41603663,0.55263095,0.44736905,0.05314263,0.13649777,0.00158262,0.25000595,0.01617126,84038,0.1438384,0.61502429,0.36784351,0.24718078,-0.10334238,White,0.17328586,IL,1
IL-19,107468,-0.01024655,0.75167686,0.22879139,0.67614212,0.32385788,0.05509409,0.06468215,0.00132146,0.18947599,0.00800827,100646,0.52288547,0.76889579,0.21372553,0.55517026,-0.03228479,White,0.52864707,IL,1
IL-20,106605,-0.01819456,0.83452892,0.14125129,0.6843394,0.3156606,0.07300656,0.15091042,0.00138074,0.08234812,0.01447618,92704,0.69327763,0.85377366,0.12578317,0.72799049,-0.03471286,White,0.69984858,IL,1
IL-21,106159,-0.02230211,0.76719786,0.20583839,0.32687838,0.67312162,0.04902286,0.57339199,0.00232426,0.05344607,0.04265487,84328,0.56135947,0.82349153,0.157312,0.66617953,-0.10482006,Hispanic,0.59129949,IL,1
IL-22,106073,-0.02309415,0.80979258,0.16063214,0.30472001,0.69527999,0.09948662,0.57083575,0.00257283,0.03638713,0.03978991,84343,0.64916044,0.8660046,0.11253482,0.75346978,-0.10430934,Hispanic,0.67893022,IL,1
IL-23,106448,-0.0196405,0.53455949,0.44804407,0.40457728,0.59542272,0.04872159,0.51199534,0.00075236,0.03562804,0.03099251,82407,0.08651542,0.61321556,0.37138327,0.24183229,-0.15531687,Hispanic,0.13328771,IL,1
IL-24,106341,-0.02062594,0.62976036,0.3498359,0.31705746,0.68294254,0.06262383,0.58155563,0.00176251,0.04403846,0.04358872,82269,0.27992446,0.71040972,0.27493026,0.43547946,-0.155555,Hispanic,0.32677613,IL,1
IL-25,109573,0.00913997,0.85683311,0.12539422,0.03670492,0.96329508,0.73768525,0.22687008,0.0013572,0.00814318,0.01794651,82523,0.73143889,0.929063,0.05838312,0.87067988,-0.13924099,Black,0.77285255,IL,1
IL-26,108360,-0.00203145,0.87513737,0.10686516,0.39935574,0.60064426,0.47333687,0.07767295,0.00098931,0.04764375,0.0122578,82886,0.76827221,0.89032708,0.09353916,0.79678792,-0.02851571,Black,0.77277745,IL,1
IL-27,105680,-0.02671358,0.43094182,0.51740432,0.82813534,0.17186466,0.03784404,0.06977679,0.00066206,0.05292963,0.00866594,84584,-0.0864625,0.47471482,0.51079583,-0.03608101,-0.05038149,White,-0.07466867,IL,1
IL-28,107470,-0.01022813,0.45810923,0.50417184,0.77769548,0.22230452,0.04534512,0.0706796,0.00115735,0.09599093,0.00947873,86404,-0.04606261,0.48847468,0.49446121,-0.00598653,-0.04007608,White,-0.03770392,IL,1
IL-29,109038,0.00421276,0.55166141,0.40609823,0.75351458,0.24648542,0.04212792,0.06528005,0.00122349,0.12560733,0.01052904,85003,0.14556318,0.57663501,0.40264852,0.17398649,-0.02842331,White,0.15003762,IL,1
IL-30,105183,-0.03129083,0.55908631,0.39629478,0.74310112,0.25689888,0.04115985,0.11145104,0.00078634,0.09064996,0.01401892,81390,0.16279153,0.58817096,0.38811541,0.20005555,-0.03726402,White,0.17021287,IL,1
IL-31,111210,0.02421634,0.59188306,0.3861049,0.7681523,0.2318477,0.05785056,0.12844349,0.00076196,0.03467517,0.01464141,85306,0.20577816,0.60333137,0.37819379,0.22513758,-0.01935942,White,0.2072313,IL,1
IL-32,105151,-0.03158554,0.78406524,0.19953956,0.29624037,0.70375963,0.45529069,0.21449202,0.00122245,0.03240691,0.02079363,83439,0.58452568,0.81652472,0.16871556,0.64780916,-0.06328348,Black,0.60062017,IL,1
IL-33,109259,0.00624811,0.68723723,0.29269184,0.17705616,0.82294384,0.07466654,0.72746961,0.00132894,0.0218044,0.05583994,81268,0.39454539,0.78976263,0.19240289,0.59735974,-0.20281435,Hispanic,0.45715017,IL,1
IL-34,105770,-0.02588471,0.49996669,0.45589313,0.41837233,0.58162767,0.05111353,0.50135827,0.00096393,0.02488702,0.04134901,79881,0.04407356,0.62342036,0.35881617,0.26460419,-0.22053063,Hispanic,0.11258377,IL,1
IL-35,107435,-0.01055047,0.88400699,0.09557088,0.21646503,0.78353497,0.63234945,0.04649429,0.00135552,0.1053351,0.01256114,88527,0.78843611,0.91261155,0.07403285,0.8385787,-0.05014259,Black,0.80015031,IL,1
IL-36,107947,-0.00583508,0.83208432,0.14355238,0.23777477,0.76222523,0.5185015,0.11911707,0.00137814,0.12244757,0.01255254,87074,0.68853194,0.88262379,0.10047588,0.78214791,-0.09361597,Black,0.71473726,IL,1
IL-37,107645,-0.00861642,0.53699765,0.44377589,0.29573926,0.70426074,0.02044763,0.6644125,0.00126874,0.01864922,0.05039232,81183,0.09322176,0.64271217,0.34355659,0.29915558,-0.20593382,Hispanic,0.15686637,IL,1
IL-38,108818,0.00218661,0.60851363,0.36474934,0.22774592,0.77225408,0.11691397,0.63672094,0.00080845,0.01815898,0.04577057,80401,0.24376429,0.73457216,0.25182077,0.48275139,-0.2389871,Hispanic,0.31842666,IL,1
IL-39,107643,-0.00863484,0.67373439,0.30215867,0.066222,0.933778,0.05844256,0.81210651,0.00178037,0.06664774,0.06031324,77512,0.37157572,0.83140599,0.15073447,0.68067152,-0.3090958,Hispanic,0.46960765,IL,1
IL-40,108763,0.00168008,0.73015665,0.23624384,0.10516037,0.89483963,0.04217817,0.80103353,0.00133437,0.05570382,0.06697317,82436,0.49391281,0.86269559,0.11397582,0.74871977,-0.25480696,Hispanic,0.57384846,IL,1
IL-41,108578,-0.00002373,0.68046411,0.29871517,0.16403782,0.83596218,0.37348737,0.21138095,0.0012876,0.2534187,0.01772834,83877,0.38174894,0.78448101,0.19810857,0.58637244,-0.2046235,Black,0.44495677,IL,1
IL-42,106100,-0.02284549,0.90633711,0.07712321,0.00907984,0.99092016,0.96377908,0.02664895,0.00118112,0.00414621,0.0111714,81279,0.8292139,0.95143057,0.03642105,0.91500952,-0.08579562,Black,0.85281244,IL,1
IL-43,107918,-0.00610216,0.90173127,0.08198447,0.01403289,0.98596711,0.90842564,0.07773062,0.00085119,0.00401953,0.0126497,84587,0.8197468,0.95150374,0.03900104,0.9125027,-0.0927559,Black,0.84566543,IL,1
IL-44,105904,-0.0246506,0.55166699,0.41606158,0.65749187,0.34250813,0.13040419,0.17341938,0.00098258,0.02927119,0.01752875,82436,0.13560541,0.60112483,0.38320357,0.21792126,-0.08231585,White,0.15804403,IL,1
IL-45,104754,-0.03524181,0.7180573,0.26599869,0.28917994,0.71082006,0.66062104,0.04141054,0.00091293,0.00712086,0.01085779,82153,0.45205861,0.77158523,0.21566144,0.55592379,-0.10386518,Black,0.48168034,IL,1
IL-46,108335,-0.0022617,0.69066207,0.28723512,0.3066133,0.6933867,0.50286071,0.17509255,0.00117794,0.01177941,0.01603442,83196,0.40342695,0.75670536,0.22910792,0.52759744,-0.12417049,Black,0.43981711,IL,1
IL-47,108629,0.00044597,0.5719594,0.38467834,0.78664166,0.21335834,0.04548952,0.06341364,0.00098577,0.08965666,0.01099971,83184,0.18728106,0.58939115,0.38551163,0.20387952,-0.01659846,White,0.18781388,IL,1
IL-48,109814,0.01135952,0.59508881,0.3669071,0.70967182,0.29032818,0.06049517,0.07916252,0.00112328,0.13641522,0.01103597,86354,0.22818171,0.61379118,0.36431519,0.24947599,-0.02129428,White,0.2302798,IL,1
IL-49,110193,0.01485002,0.50031431,0.44988999,0.52629741,0.47370259,0.06855486,0.20115946,0.00166469,0.1943843,0.01931271,85902,0.05042432,0.57667041,0.40370463,0.17296578,-0.12254146,White,0.08627147,IL,1
IL-50,110867,0.02105739,0.47058572,0.50204519,0.61166649,0.38833351,0.02856089,0.27366333,0.00119917,0.07641219,0.02286485,86727,-0.03145947,0.51740493,0.46535298,0.05205195,-0.08351142,White,-0.00862233,IL,1
IL-51,107314,-0.01166485,0.90454078,0.07332536,0.16589042,0.83410958,0.70272537,0.0539634,0.00133719,0.07976656,0.01238597,88245,0.83121542,0.94346395,0.04284212,0.90062183,-0.06940641,Black,0.84935089,IL,1
IL-52,107525,-0.00972159,0.82162657,0.1627375,0.10124573,0.89875427,0.55564577,0.34043043,0.00115121,0.00516226,0.02612637,82522,0.65888907,0.87752626,0.11118995,0.76633631,-0.10744724,Black,0.68970482,IL,1
IL-53,110381,0.01658145,0.85458392,0.13105313,0.12770558,0.87229442,0.75146503,0.11077505,0.00109877,0.00956994,0.01350425,84640,0.72353079,0.88741641,0.10239108,0.78502533,-0.06149454,Black,0.73902897,IL,1
IL-54,107149,-0.01318446,0.61910156,0.36205061,0.47889694,0.52110306,0.3288735,0.15567336,0.00078137,0.02803323,0.01818794,83187,0.25705095,0.66043556,0.32508689,0.33534867,-0.07829772,Minority,0.27815019,IL,1
IL-55,110263,0.0154947,0.50366038,0.46269811,0.60868083,0.39131917,0.03205068,0.2121668,0.00099901,0.13407926,0.0203446,85084,0.04096227,0.54739302,0.43176915,0.11562387,-0.0746616,White,0.06084947,IL,1
IL-56,104765,-0.0351405,0.62247048,0.34165337,0.56471601,0.43528399,0.0962797,0.10112786,0.0012785,0.22625603,0.01231661,78999,0.28081711,0.65251791,0.32680868,0.32570923,-0.04489212,White,0.29078115,IL,1
IL-57,105997,-0.02379409,0.76882972,0.2162326,0.28189239,0.71810761,0.51561645,0.18897765,0.00176696,0.01148524,0.01886417,80364,0.55259712,0.7851184,0.20204215,0.58307625,-0.03047913,Black,0.55775683,IL,1
IL-58,109475,0.00823742,0.78933267,0.19528065,0.2884974,0.7115026,0.62752933,0.06501268,0.00063704,0.01450131,0.01576381,86337,0.59405202,0.80503715,0.18350368,0.62153347,-0.02748145,Black,0.5982125,IL,1
IL-59,112082,0.03224724,0.66768854,0.30193383,0.8162431,0.1837569,0.01946237,0.07351674,0.00119966,0.07760488,0.00925947,85858,0.36575471,0.68150225,0.30222091,0.37928134,-0.01352663,White,0.36526359,IL,1
IL-60,113736,0.04748017,0.58690956,0.38473862,0.70740702,0.29259298,0.01746181,0.06180854,0.00098884,0.20245699,0.00843425,85959,0.20217094,0.60284981,0.37933887,0.22351094,-0.02134,White,0.20428427,IL,1
IL-61,113042,0.0410886,0.50670562,0.4699215,0.77335799,0.22664201,0.0361598,0.12121804,0.00164258,0.04913965,0.01912518,87058,0.03678412,0.51686944,0.46118325,0.05568619,-0.01890207,White,0.03808481,IL,1
IL-62,112352,0.03473387,0.58182518,0.39012964,0.57140987,0.42859013,0.03437195,0.30090929,0.00198757,0.08109781,0.02743329,84022,0.19169554,0.60589018,0.37292372,0.23296646,-0.04127092,White,0.20045251,IL,1
IL-63,113959,0.04953394,0.69884771,0.28041998,0.21102021,0.78897979,0.21560233,0.52496442,0.00320517,0.04204899,0.04350694,86423,0.41842773,0.76674321,0.2130407,0.55370251,-0.13527478,Hispanic,0.45851932,IL,1
IL-64,113886,0.04886163,0.57724493,0.39493729,0.51237795,0.48762205,0.14459746,0.23310842,0.0021647,0.0954311,0.02680545,86848,0.18230764,0.60296935,0.37630268,0.22666667,-0.04435903,White,0.19209398,IL,1
IL-65,113056,0.04121754,0.49271404,0.48221531,0.83405803,0.16594197,0.01284122,0.09902533,0.00084705,0.03337362,0.01750562,88543,0.01049873,0.49894137,0.47999502,0.01894635,-0.00844762,White,0.0083146,IL,1
IL-66,112906,0.03983607,0.51455462,0.46755924,0.63378836,0.36621164,0.03695018,0.25838292,0.00103839,0.05826625,0.02423288,85710,0.04699538,0.54412601,0.43474764,0.10937837,-0.06238299,White,0.06278971,IL,1
IL-67,108728,0.00135774,0.40800651,0.5707392,0.80076574,0.19923426,0.01201787,0.14805493,0.00070902,0.01557478,0.02189686,84624,-0.16273269,0.41994531,0.55978122,-0.13983591,-0.02289678,White,-0.16010043,IL,1
IL-68,111235,0.02444658,0.47597424,0.50369881,0.78265665,0.21734335,0.02393882,0.11811175,0.0010429,0.0584625,0.01573944,83421,-0.02772457,0.49218461,0.48808363,0.00410098,-0.03182555,White,-0.02211605,IL,1
IL-69,109279,0.00643231,0.55328185,0.43294723,0.82528528,0.17471472,0.02554971,0.08863187,0.0007385,0.04334517,0.0136146,83954,0.12033462,0.55004097,0.42582371,0.12421726,-0.00388264,White,0.11662883,IL,1
IL-70,108884,0.00279446,0.55549606,0.43053112,0.47870678,0.52129322,0.06787214,0.37774712,0.00158722,0.06591864,0.03758058,81904,0.12496494,0.59259526,0.38687604,0.20571922,-0.08075428,Minority,0.14688303,IL,1
IL-71,110802,0.02045876,0.58878397,0.37983321,0.58410606,0.41589394,0.14521091,0.08842495,0.00120425,0.16824497,0.01852359,91343,0.20895076,0.5817695,0.3901257,0.1916438,0.01730696,White,0.19818177,IL,1
IL-72,111736,0.02906066,0.56668147,0.40046202,0.72916761,0.27083239,0.10883048,0.04591304,0.00146531,0.09537008,0.01564133,88036,0.16621945,0.57144054,0.40049593,0.17094461,-0.00472516,White,0.1627945,IL,1
IL-73,111349,0.02549649,0.59897116,0.37416461,0.45773462,0.54226538,0.186509,0.26533623,0.00110353,0.08176612,0.02317423,86087,0.22480655,0.64960525,0.33300523,0.31660002,-0.09179347,Minority,0.25040437,IL,1
IL-74,108549,-0.00029081,0.572636,0.38838992,0.58697061,0.41302939,0.08733275,0.08134792,0.00104194,0.23343372,0.00978411,78699,0.18424608,0.61405365,0.36915569,0.24489796,-0.06065188,White,0.19946337,IL,1
IL-75,109016,0.00401014,0.50825431,0.46932468,0.63879116,0.36120884,0.10041603,0.19606681,0.00102465,0.0501216,0.0217029,81003,0.03892963,0.5419687,0.43901714,0.10295156,-0.06402193,White,0.05527027,IL,1
IL-76,108126,-0.00418653,0.5736189,0.40467346,0.43616707,0.56383293,0.19999507,0.34034379,0.00088657,0.01551495,0.0252672,81212,0.16894544,0.62909317,0.35264592,0.27644725,-0.10750181,Minority,0.19977938,IL,1
IL-77,104236,-0.04001246,0.35209538,0.62276348,0.91151782,0.08848218,0.03014874,0.01494927,0.00062549,0.01830191,0.01836446,79937,-0.2706681,0.35479104,0.62334169,-0.26855065,-0.00211745,White,-0.27496228,IL,1
IL-78,104404,-0.03846522,0.5731915,0.3987218,0.71046908,0.28953092,0.20869282,0.02849271,0.00118418,0.03107857,0.01957515,82758,0.1744697,0.57472985,0.40245277,0.17227708,0.00219262,White,0.16873883,IL,1
IL-79,108401,-0.00165385,0.52322589,0.45302084,0.69878893,0.30121107,0.14830014,0.09810026,0.00094339,0.03392649,0.02088419,84801,0.07020505,0.53138084,0.4480475,0.08333334,-0.01312829,White,0.06958115,IL,1
IL-80,108859,0.00256421,0.54895811,0.42688178,0.56667996,0.43332004,0.18758386,0.18775308,0.00099116,0.03977953,0.02638672,82731,0.12207633,0.56553858,0.4142957,0.15124288,-0.02916655,White,0.12679851,IL,1
IL-81,105423,-0.02908049,0.51508414,0.46100969,0.62395344,0.37604656,0.0908141,0.22543483,0.00108458,0.04694134,0.02446928,75605,0.05407445,0.53908657,0.44017615,0.09891042,-0.04483597,White,0.06401977,IL,1
IL-82,107309,-0.0117109,0.64935734,0.33644924,0.31879737,0.68120263,0.10754776,0.54090824,0.00139054,0.02923896,0.03952396,79825,0.3129081,0.69498058,0.28297466,0.41200592,-0.09909782,Hispanic,0.34094071,IL,1
IL-83,108301,-0.00257483,0.36704132,0.6095077,0.88197425,0.11802575,0.01554575,0.06829155,0.00029263,0.01853297,0.01237563,82016,-0.24246638,0.39670902,0.58632187,-0.18961285,-0.05285353,White,-0.22984854,IL,1
IL-84,111706,0.02878437,0.37881546,0.59997101,0.86140398,0.13859602,0.03583759,0.06078324,0.00053472,0.02163274,0.01582061,86027,-0.22115555,0.393413,0.58840777,-0.19499477,-0.02616078,White,-0.21743529,IL,1
IL-85,112001,0.03150125,0.35030062,0.63108063,0.87897698,0.12102302,0.01738677,0.06930349,0.00088152,0.01070579,0.01853506,86215,-0.28078001,0.36558765,0.6143443,-0.24875665,-0.03202336,White,-0.27510556,IL,1
IL-86,106213,-0.02180479,0.39442591,0.58529931,0.85327776,0.14672224,0.02601965,0.08665674,0.00067877,0.01093182,0.01948199,83975,-0.1908734,0.41393164,0.56654595,-0.15261431,-0.03825909,White,-0.18312037,IL,1
IL-87,111528,0.02714504,0.37639368,0.60086629,0.72941012,0.27058988,0.14262482,0.0928374,0.00082476,0.01303348,0.01941082,86086,-0.22447261,0.39646469,0.58159799,-0.1851333,-0.03933931,White,-0.21635951,IL,1
IL-88,110773,0.02019168,0.27943746,0.70009895,0.83049957,0.16950043,0.09243462,0.04555798,0.00061849,0.00952236,0.01927812,85693,-0.42066149,0.28989277,0.69259333,-0.40270056,-0.01796093,White,-0.41967451,IL,1
IL-89,108834,0.00233397,0.26951192,0.7081183,0.92897968,0.07102032,0.01910342,0.02299331,0.00079946,0.0072667,0.01798179,83807,-0.43860638,0.27973888,0.69876002,-0.41902114,-0.01958524,White,-0.43707797,IL,1
IL-90,109877,0.01193974,0.37651475,0.59910634,0.92182491,0.07817509,0.01735659,0.0203981,0.0010569,0.01223651,0.02076214,85155,-0.22259159,0.37829756,0.59648968,-0.21819212,-0.00439947,White,-0.2261251,IL,1
IL-91,109545,0.0088821,0.25076697,0.72865337,0.88595455,0.11404545,0.0486661,0.03637384,0.00142688,0.00865487,0.01745009,85501,-0.4778864,0.25829765,0.72190508,-0.46360743,-0.01427897,White,-0.47812674,IL,1
IL-92,103442,-0.047325,0.24379164,0.73803661,0.92608611,0.07391389,0.0274642,0.01495382,0.0011362,0.00642623,0.01904657,81852,-0.49424497,0.25424104,0.72636082,-0.47211978,-0.02212519,White,-0.49186991,IL,1
IL-93,108748,0.00154193,0.30422966,0.67234585,0.92685352,0.07314648,0.0198863,0.0161196,0.00079545,0.00814168,0.02107948,85486,-0.36811619,0.31041867,0.66830222,-0.35788355,-0.01023264,White,-0.36970531,IL,1
IL-94,112841,0.03923744,0.2290562,0.75077673,0.88931345,0.11068655,0.04790406,0.02744621,0.00116097,0.00965971,0.0193307,88719,-0.52172053,0.23950752,0.74166895,-0.50216143,-0.0195591,White,-0.52020083,IL,1
IL-95,109427,0.00779535,0.20548468,0.77563791,0.9444782,0.0555218,0.00842408,0.01988597,0.00064261,0.00646119,0.01530588,85588,-0.57015323,0.21621622,0.76741099,-0.55119477,-0.01895846,White,-0.56883374,IL,1
IL-96,110722,0.01972198,0.19254346,0.79065044,0.9228793,0.0771207,0.02867545,0.01655549,0.00108296,0.00925126,0.01731587,86799,-0.59810698,0.19810965,0.78496343,-0.58685378,-0.0112532,White,-0.59935591,IL,1
IL-97,106678,-0.01752225,0.24093695,0.74298705,0.90795658,0.09204342,0.03855077,0.0161079,0.00099773,0.00846266,0.02275541,83189,-0.5020501,0.2524946,0.73200288,-0.47950828,-0.02254182,White,-0.49953616,IL,1
IL-98,106988,-0.01466723,0.26906034,0.71486982,0.8783771,0.1216229,0.05680392,0.02294414,0.00086425,0.01082092,0.02373736,84466,-0.44580948,0.27295828,0.71019977,-0.43724149,-0.00856799,White,-0.44795348,IL,1
IL-99,110814,0.02056927,0.37712739,0.60136314,0.78219901,0.21780099,0.12443845,0.03937556,0.00119048,0.02702156,0.02280997,89040,-0.22423575,0.37468546,0.60609345,-0.23140799,0.00717224,White,-0.2316265,IL,1
IL-100,106566,-0.01855374,0.27093782,0.70723859,0.91711169,0.08288831,0.03053654,0.01916299,0.00097965,0.00718015,0.01918689,83703,-0.43630077,0.27668123,0.70568133,-0.4290001,-0.00730067,White,-0.43886721,IL,1
IL-101,109879,0.01195816,0.41097247,0.56563676,0.83036597,0.16963403,0.09906149,0.028903,0.00089711,0.0107653,0.02526856,86946,-0.15466429,0.41357328,0.56356012,-0.14998684,-0.00467745,White,-0.15810514,IL,1
IL-102,107582,-0.00919664,0.4941041,0.47889547,0.77628032,0.22371968,0.12759493,0.04680333,0.00152504,0.02218991,0.02137419,84588,0.01520863,0.49065302,0.48379252,0.0068605,0.00834813,White,0.00742592,IL,1
IL-103,113095,0.04157672,0.60552098,0.36898213,0.48211077,0.51788923,0.42526898,0.05184727,0.00158704,0.02340887,0.02075991,85694,0.23653885,0.62878147,0.3519206,0.27686087,-0.04032202,Minority,0.24497952,IL,1
IL-104,107407,-0.01080834,0.55016529,0.42257139,0.65265994,0.34734006,0.26158832,0.03561155,0.00256102,0.02790421,0.02103436,82389,0.1275939,0.53673504,0.44019547,0.09653957,0.03105433,White,0.11224246,IL,1
IL-105,110430,0.01703273,0.47785222,0.50488058,0.75249895,0.24750105,0.05156634,0.14070987,0.00079371,0.03954907,0.01836694,80634,-0.02702836,0.49017022,0.49020403,-0.00003381,-0.02699455,White,-0.02303018,IL,1
IL-106,107075,-0.01386598,0.48439259,0.49112863,0.75397045,0.24602955,0.0837972,0.11197807,0.0009618,0.03024875,0.02191712,83177,-0.00673604,0.50337942,0.47022246,0.03315696,-0.039893,White,0.00156163,IL,1
IL-107,111550,0.02734765,0.40874887,0.56982898,0.80593395,0.19406605,0.02732678,0.12274092,0.00101254,0.01973274,0.02141638,84935,-0.16108011,0.41165127,0.56457636,-0.15292509,-0.00815502,White,-0.16336177,IL,1
IL-108,110752,0.01999827,0.36903795,0.60940865,0.88552561,0.11447439,0.05198508,0.03531062,0.00070712,0.00777837,0.01544269,87679,-0.2403707,0.38208328,0.59652902,-0.21444574,-0.02592496,White,-0.23672905,IL,1
IL-109,111820,0.02983428,0.39702116,0.57900881,0.827388,0.172612,0.03460208,0.10565015,0.00077399,0.00855946,0.02077263,87856,-0.18198765,0.41965369,0.55826992,-0.13861623,-0.04337142,White,-0.17253051,IL,1
IL-110,110658,0.01913255,0.39162147,0.58604825,0.86695392,0.13304608,0.05492359,0.04822475,0.00257383,0.01001953,0.01605194,87030,-0.19442678,0.41118463,0.5687647,-0.15758007,-0.03684671,White,-0.18714454,IL,1
IL-111,105714,-0.02640045,0.5589571,0.41679154,0.68720859,0.31279141,0.12508239,0.14026608,0.00092762,0.0299646,0.0222507,81930,0.14216556,0.5753293,0.40179995,0.17352935,-0.03136379,White,0.14762016,IL,1
IL-112,105117,-0.03189867,0.41252566,0.56413881,0.85951114,0.14048886,0.05414986,0.04413625,0.00142029,0.02098203,0.01801017,83786,-0.15161315,0.42637723,0.55338559,-0.12700836,-0.02460479,White,-0.14841155,IL,1
IL-113,104933,-0.03359327,0.62660858,0.34580141,0.59364101,0.40635899,0.28741142,0.06182759,0.00110913,0.03948487,0.01846078,81145,0.28080717,0.63234141,0.34059977,0.29174164,-0.01093447,White,0.27945199,IL,1
IL-114,110506,0.01773267,0.38426918,0.5877804,0.88137397,0.11862603,0.0340101,0.02513333,0.00071342,0.03811518,0.01644368,85504,-0.20351122,0.39565407,0.58214504,-0.18649097,-0.01702025,White,-0.2028378,IL,1
IL-115,106991,-0.0146396,0.58865141,0.38303371,0.74256964,0.25743036,0.12008675,0.05825356,0.00114268,0.06320908,0.01558947,85763,0.2056177,0.58486649,0.38352846,0.20133803,0.00427967,White,0.19919114,IL,1
IL-116,107466,-0.01026497,0.34666838,0.62890647,0.87454265,0.12545735,0.04595128,0.03605816,0.00131186,0.02172396,0.01754766,83088,-0.28223809,0.34708087,0.62734232,-0.28026145,-0.00197664,White,-0.28657921,IL,1
IL-117,113450,0.04484618,0.28525131,0.69333258,0.90936393,0.09063607,0.02500422,0.03124684,0.0010798,0.01091052,0.01761431,88905,-0.40808127,0.29180622,0.68901334,-0.39720712,-0.01087415,White,-0.40945655,IL,1
IL-118,103998,-0.04220438,0.39572392,0.58366477,0.76175831,0.23824169,0.17878316,0.02107109,0.00086458,0.01709402,0.01835384,80964,-0.18794085,0.40186689,0.57887703,-0.17701014,-0.01093071,White,-0.18929728,IL,1
IN-1,64816,-0.04479062,0.62624207,0.35418413,0.63051202,0.36948798,0.04499793,0.06469241,0.04988548,0.24463001,0.01015384,55447,0.27205794,0.6302139,0.34417112,0.28604278,-0.01398484,White,0.27171955,IN,1
IN-2,69987,0.03141568,0.52922022,0.45017138,0.72849081,0.27150919,0.09812752,0.12436463,0.00099043,0.02492899,0.02263044,53512,0.07904884,0.52086271,0.44964371,0.071219,0.00782984,White,0.07143889,IN,1
IN-3,70350,0.0367653,0.64685993,0.33911561,0.81830257,0.18169743,0.04748672,0.03993638,0.00104866,0.07095917,0.01936521,57216,0.30774432,0.63872083,0.34388156,0.29483927,0.01290505,White,0.29844264,IN,1
IN-4,69368,0.02229333,0.60636983,0.37748635,0.81302252,0.18697748,0.04414442,0.04451524,0.00148328,0.07711367,0.01719256,59328,0.22888348,0.62392344,0.35837321,0.26555023,-0.03666675,White,0.23610573,IN,1
IN-5,66549,-0.01925097,0.46882861,0.51100032,0.80032513,0.19967487,0.11276791,0.03275595,0.00112114,0.0244782,0.02247884,53517,-0.04217171,0.48206606,0.49555305,-0.01348699,-0.02868472,White,-0.03761014,IN,1
IN-6,66222,-0.02407005,0.52281737,0.45906702,0.79515475,0.20484525,0.12432857,0.03800197,0.00151642,0.01971352,0.01958563,54734,0.06375035,0.53466525,0.44595112,0.08871413,-0.02496378,White,0.06707161,IN,1
IN-7,65070,-0.04104736,0.43921316,0.54180103,0.77937622,0.22062378,0.13362573,0.05122807,0.00062378,0.00875244,0.02534113,51300,-0.10258787,0.45574441,0.52425239,-0.06850798,-0.03407989,White,-0.09622791,IN,1
IN-8,66674,-0.01740881,0.28182071,0.69947877,0.84334796,0.15665204,0.07927198,0.0411117,0.00075677,0.01087861,0.02294914,52856,-0.41765806,0.2952988,0.68318473,-0.38788593,-0.02977213,White,-0.41273402,IN,1
IN-9,70892,0.04475289,0.48300767,0.49981616,0.77094144,0.22905856,0.07841199,0.04017379,0.00090602,0.09239354,0.01389918,48564,-0.01680849,0.47977398,0.50157956,-0.02180558,0.00499709,White,-0.02347419,IN,1
IN-10,70073,0.03268309,0.50892049,0.46977083,0.80988722,0.19011278,0.04903942,0.03853637,0.0009823,0.08495003,0.01101309,52937,0.03914966,0.49893492,0.48029008,0.01864484,0.02050482,White,0.02731472,IN,1
IN-11,69052,0.01763636,0.52077789,0.45985401,0.76456456,0.23543544,0.04378572,0.04599438,0.00098808,0.12903226,0.01152766,51615,0.06092388,0.51977228,0.46207654,0.05769574,0.00322814,White,0.05484783,IN,1
IN-12,66553,-0.01919202,0.32943986,0.65402844,0.87285955,0.12714045,0.05885881,0.02900373,0.00077395,0.01416326,0.02012267,51683,-0.32458858,0.34429904,0.63505893,-0.29075989,-0.03382869,White,-0.31831235,IN,1
IN-13,70812,0.04357391,0.41001448,0.57011632,0.88028426,0.11971574,0.02466148,0.03384231,0.00082589,0.03729953,0.01701719,52065,-0.16010184,0.39594805,0.58054545,-0.1845974,0.02449556,White,-0.17326703,IN,1
IN-14,65059,-0.04120947,0.28885725,0.69224796,0.90853273,0.09146727,0.0368791,0.02191424,0.00090816,0.00659401,0.01944642,50652,-0.40339071,0.30407547,0.67627428,-0.37219881,-0.0311919,White,-0.39799341,IN,1
IN-15,70793,0.0432939,0.4007058,0.58189032,0.86994683,0.13005317,0.03186332,0.04714989,0.00115333,0.03080773,0.01569708,51156,-0.18118452,0.38456774,0.59465806,-0.21009032,0.0289058,White,-0.19581979,IN,1
IN-16,66657,-0.01765935,0.39162238,0.58843362,0.8573677,0.1426323,0.04458026,0.04985385,0.0012673,0.0273491,0.01698588,48923,-0.19681124,0.38604757,0.5917012,-0.20565363,0.00884239,White,-0.2047587,IN,1
IN-17,69473,0.02384074,0.4856163,0.50107494,0.57416401,0.42583599,0.10517516,0.28813694,0.00083599,0.01574443,0.02788615,50240,-0.01545864,0.50862192,0.47280414,0.03581778,-0.05127642,White,-0.0033665,IN,1
IN-18,69186,0.01961115,0.32956413,0.65627201,0.77015952,0.22984048,0.06071258,0.12171172,0.00110803,0.0190085,0.02697488,52345,-0.32670788,0.34880724,0.63359594,-0.2847887,-0.04191918,White,-0.31773482,IN,1
IN-19,68388,0.00785083,0.2102439,0.77601626,0.89026223,0.10973777,0.01400952,0.07006848,0.00081426,0.00979205,0.01580508,47896,-0.56577236,0.22699763,0.75875278,-0.53175515,-0.03401721,White,-0.55943329,IN,1
IN-20,69627,0.02611027,0.48437701,0.49692031,0.75927931,0.24072069,0.13424949,0.06329927,0.00251362,0.0173018,0.02440233,54503,-0.0125433,0.4882961,0.49118673,-0.00289063,-0.00965267,White,-0.01432574,IN,1
IN-21,65752,-0.03099656,0.44645913,0.53557325,0.84422012,0.15577988,0.07334155,0.03988888,0.00113465,0.01733279,0.02515797,51117,-0.08911412,0.44893953,0.53059123,-0.0816517,-0.00746242,White,-0.09162665,IN,1
IN-22,66198,-0.02442374,0.29273471,0.69132987,0.92105158,0.07894842,0.0169559,0.02360293,0.00057714,0.01202038,0.02014011,50248,-0.39859516,0.30256997,0.67921703,-0.37664706,-0.0219481,White,-0.39627913,IN,1
IN-23,67788,-0.00099152,0.50094704,0.48555757,0.77071251,0.22928749,0.13946333,0.03876778,0.00585526,0.02310403,0.02110877,53627,0.01538947,0.51090457,0.47076259,0.04014198,-0.02475251,White,0.01864031,IN,1
IN-24,69249,0.0205396,0.45656132,0.52854773,0.81809207,0.18190793,0.11782881,0.02647263,0.00254123,0.01197484,0.02122564,54698,-0.07198641,0.47534027,0.50699648,-0.03165621,-0.0403302,White,-0.06354301,IN,1
IN-25,68321,0.00686343,0.30838168,0.67813462,0.93789069,0.06210931,0.0153505,0.01246392,0.00101317,0.01374472,0.01548431,52311,-0.36975294,0.31694706,0.66770253,-0.35075547,-0.01899747,White,-0.36842045,IN,1
IN-26,69293,0.02118803,0.23698471,0.74614541,0.92157009,0.07842991,0.02572546,0.02076746,0.00115998,0.00869988,0.01769912,53449,-0.5091607,0.25151562,0.72973729,-0.47822167,-0.03093903,White,-0.50384769,IN,1
IN-27,70119,0.033361,0.22173252,0.76297872,0.90824992,0.09175008,0.00579104,0.04827101,0.00129512,0.00473644,0.02268312,54049,-0.5412462,0.245966,0.73542504,-0.48945904,-0.05178716,White,-0.52898381,IN,1
IN-28,68607,0.01107828,0.33615916,0.6459154,0.88787185,0.11212815,0.02028203,0.05077353,0.00103659,0.01811105,0.01824796,51129,-0.30975624,0.32926481,0.64886215,-0.31959734,0.0098411,White,-0.31803661,IN,1
IN-29,66070,-0.02631011,0.27630054,0.70563997,0.92643969,0.07356031,0.01803502,0.01509728,0.0005642,0.01663424,0.01785992,51400,-0.42933943,0.28640442,0.69565217,-0.40924775,-0.02009168,White,-0.4276422,IN,1
IN-30,69854,0.02945563,0.23854884,0.74214845,0.92496775,0.07503225,0.00873411,0.03414409,0.00086604,0.00766538,0.01938456,54270,-0.50359961,0.24454242,0.73472949,-0.49018707,-0.01341254,White,-0.50412876,IN,1
IN-31,66274,-0.02330371,0.3433563,0.63771142,0.82376463,0.17623537,0.09967933,0.03131399,0.00084998,0.01796546,0.02323919,51766,-0.29435512,0.35805415,0.61951155,-0.2614574,-0.03289772,White,-0.28838921,IN,1
IN-32,65933,-0.02832911,0.24157174,0.74191642,0.8775498,0.1224502,0.00891929,0.08457323,0.0012599,0.00581953,0.01967843,50004,-0.50034468,0.24430754,0.73670171,-0.49239417,-0.00795051,White,-0.50269451,IN,1
IN-33,65315,-0.03743673,0.23844414,0.74237769,0.91242983,0.08757017,0.00836087,0.05014532,0.00059721,0.00587252,0.0201059,50234,-0.50393355,0.24937904,0.73247226,-0.48309322,-0.02084033,White,-0.50198677,IN,1
IN-34,66025,-0.02697329,0.2453075,0.73827381,0.82759027,0.17240973,0.04570204,0.08875042,0.00102215,0.01238378,0.02639907,50873,-0.49296631,0.2595679,0.71948302,-0.45991512,-0.03305119,White,-0.48694925,IN,1
IN-35,66575,-0.0188678,0.26251277,0.72100313,0.88466976,0.11533024,0.00870154,0.07618327,0.00037833,0.00754664,0.01903586,50221,-0.45849036,0.27499828,0.70669603,-0.43169775,-0.02679261,White,-0.45455949,IN,1
IN-36,67638,-0.00320211,0.24470403,0.73922652,0.93607608,0.06392392,0.00761944,0.02308521,0.00090753,0.00674973,0.02187518,52891,-0.49452249,0.23929222,0.73831949,-0.49902727,0.00450478,White,-0.50102408,IN,1
IN-37,68286,0.00634763,0.23377387,0.74692084,0.85972118,0.14027882,0.0128613,0.08463007,0.0008677,0.02236748,0.01712269,51861,-0.51314697,0.23831477,0.73557223,-0.49725746,-0.01588951,White,-0.51285047,IN,1
IN-38,67515,-0.00501479,0.2275793,0.7558095,0.93458051,0.06541949,0.00629328,0.02829106,0.00059298,0.00700103,0.01733043,52278,-0.5282302,0.22893524,0.74943867,-0.52050343,-0.00772677,White,-0.53065461,IN,1
IN-39,66533,-0.01948677,0.23096261,0.75238295,0.8880432,0.1119568,0.00659207,0.08090468,0.00080232,0.00691734,0.01608986,46116,-0.52142034,0.24431615,0.73775098,-0.49343483,-0.02798551,White,-0.51709184,IN,1
IN-40,66378,-0.02177104,0.26946915,0.71360673,0.93227007,0.06772993,0.00867838,0.02782867,0.00092569,0.00800339,0.01670106,51853,-0.44413758,0.2654403,0.71435049,-0.44891019,0.00477261,White,-0.45072845,IN,1
IN-41,66159,-0.0249985,0.28786088,0.69453086,0.93866058,0.06133942,0.01283894,0.02051868,0.00055137,0.00909753,0.01595022,50783,-0.40666998,0.29654006,0.68525451,-0.38871445,-0.01795553,White,-0.4056848,IN,1
IN-42,68185,0.00485916,0.21847088,0.76380315,0.93345193,0.06654807,0.00861163,0.03313253,0.00103097,0.00541764,0.01738498,49468,-0.54533227,0.22550454,0.75363305,-0.52812851,-0.01720376,White,-0.54459768,IN,1
IN-43,69528,0.02465129,0.33488333,0.64950594,0.91609608,0.08390392,0.02003026,0.01653111,0.00056743,0.02545867,0.016777,52870,-0.31462261,0.34721172,0.63649627,-0.28928455,-0.02533806,White,-0.31117659,IN,1
IN-44,70067,0.03259466,0.26742348,0.71191263,0.91624893,0.08375107,0.00701793,0.05404552,0.0008726,0.00623816,0.01318184,53862,-0.44448915,0.281148,0.69921216,-0.41806416,-0.02642499,White,-0.44068082,IN,1
IN-45,69350,0.02202806,0.27664937,0.70482722,0.93998557,0.06001443,0.01315765,0.01387938,0.00070322,0.00653256,0.02024539,54037,-0.42817785,0.29209075,0.69012007,-0.39802932,-0.03014853,White,-0.42312834,IN,1
IN-46,67687,-0.00247998,0.22884919,0.75476222,0.9333496,0.0666504,0.02046449,0.01195952,0.00101384,0.00484389,0.02273623,53263,-0.52591303,0.2358451,0.74506637,-0.50922127,-0.01669176,White,-0.52534911,IN,1
IN-47,68314,0.00676027,0.19896678,0.78567841,0.92728027,0.07271973,0.01586361,0.02973192,0.00100753,0.0054525,0.01738478,50619,-0.58671163,0.21171706,0.76981356,-0.5580965,-0.02861513,White,-0.58217325,IN,1
IN-48,67561,-0.00433688,0.23428257,0.74821158,0.94101835,0.05898165,0.00935028,0.01858536,0.00101759,0.00600952,0.01981415,52084,-0.51392901,0.25567449,0.72678777,-0.47111328,-0.04281573,White,-0.5046571,IN,1
IN-49,66356,-0.02209526,0.20255776,0.78217822,0.94517245,0.05482755,0.00818525,0.01077109,0.00145818,0.00666874,0.02191158,51434,-0.57962046,0.21911436,0.76668605,-0.54757169,-0.03204877,White,-0.57393754,IN,1
IN-50,69932,0.03060513,0.21767802,0.76840979,0.94488755,0.05511245,0.00983625,0.01390705,0.0005526,0.00849159,0.01832784,54289,-0.55073177,0.22547516,0.75838227,-0.53290711,-0.01782466,White,-0.54979022,IN,1
IN-51,67052,-0.01183814,0.2135944,0.76902174,0.87579139,0.12420861,0.01287987,0.08044476,0.00049462,0.00947689,0.02423631,50544,-0.55542734,0.22080763,0.75885813,-0.5380505,-0.01737684,White,-0.55463506,IN,1
IN-52,67475,-0.00560428,0.25264701,0.73021475,0.94721999,0.05278001,0.00730254,0.01279346,0.00059765,0.00595783,0.0218516,53543,-0.47756774,0.25780251,0.72187677,-0.46407426,-0.01349348,White,-0.47806991,IN,1
IN-53,64923,-0.04321373,0.24775756,0.73493042,0.92549408,0.07450592,0.02448551,0.02349443,0.00069959,0.00569385,0.01644027,51459,-0.48717286,0.25667762,0.72164691,-0.46496929,-0.02220357,White,-0.48477167,IN,1
IN-54,65432,-0.03571248,0.2095416,0.77427177,0.95531078,0.04468922,0.01073958,0.01064123,0.0007081,0.00505507,0.01591267,50840,-0.56473017,0.21124372,0.77157393,-0.56033021,-0.00439996,White,-0.56826352,IN,1
IN-55,70138,0.03364101,0.3406173,0.63999589,0.89895824,0.10104176,0.03787893,0.02335054,0.00103238,0.01678085,0.01884561,53275,-0.29937859,0.31882542,0.6571735,-0.33834808,0.03896949,White,-0.31736842,IN,1
IN-56,69546,0.02491656,0.2317799,0.75004065,0.92332954,0.07667046,0.01330398,0.03265352,0.00093296,0.00946019,0.01828597,53593,-0.51826075,0.23214228,0.74693158,-0.5147893,-0.00347145,White,-0.5221036,IN,1
IN-57,68073,0.00320859,0.35894885,0.62057017,0.80985915,0.19014085,0.0313332,0.06529037,0.00144704,0.07078912,0.02002701,51830,-0.26162132,0.36352066,0.61162837,-0.24810771,-0.01351361,White,-0.26211678,IN,1
IN-58,69146,0.01902166,0.28811484,0.69413241,0.89622839,0.10377161,0.01673736,0.03946593,0.00110314,0.02312798,0.01943816,52577,-0.40601757,0.2848044,0.69327797,-0.40847357,0.002456,White,-0.41183624,IN,1
IN-59,68644,0.01162356,0.36176095,0.62092678,0.80470584,0.19529416,0.04294609,0.04354742,0.00128024,0.08307955,0.01992125,51553,-0.25916583,0.36543759,0.61279081,-0.24735322,-0.01181261,White,-0.26022829,IN,1
IN-60,67328,-0.00777066,0.27341148,0.71026342,0.92909217,0.07090783,0.00962165,0.01586486,0.0005532,0.01969772,0.01938161,50615,-0.43685194,0.26652025,0.71310913,-0.44658888,0.00973694,White,-0.44509759,IN,1
IN-61,65505,-0.03463666,0.24222965,0.74120338,0.93766808,0.06233192,0.01023925,0.01609594,0.00083667,0.00818741,0.02197255,50199,-0.49897373,0.23191471,0.74699174,-0.51507703,0.0161033,White,-0.5093415,IN,1
IN-62,68105,0.00368019,0.21730577,0.7648273,0.92262679,0.07737321,0.02498607,0.01562326,0.00174624,0.01051458,0.01991455,53830,-0.54752153,0.22204162,0.75628645,-0.53424483,-0.0132767,White,-0.54809596,IN,1
IN-63,69462,0.02367863,0.43662711,0.54569638,0.75228918,0.24771082,0.11519782,0.05382681,0.0016317,0.05566967,0.01892769,52093,-0.10906927,0.42386516,0.55203345,-0.12816829,0.01909902,White,-0.12043561,IN,1
IN-64,69141,0.01894797,0.42040301,0.56237442,0.83170583,0.16829417,0.0764041,0.03533172,0.00149928,0.03470044,0.01591999,50691,-0.14197141,0.39696888,0.57894452,-0.18197564,0.04000423,White,-0.16030615,IN,1
IN-65,67677,-0.00262736,0.64336551,0.34045042,0.48145253,0.51854747,0.31011213,0.17812982,0.00146076,0.01454583,0.0255735,48605,0.30291509,0.68073181,0.30384288,0.37688893,-0.07397384,Minority,0.32257304,IN,1
IN-66,67860,0.00006956,0.54346645,0.44168869,0.7697274,0.2302726,0.11842105,0.06076795,0.00137809,0.02201163,0.02340859,52972,0.10177776,0.5577606,0.42228953,0.13547107,-0.03369331,White,0.10800886,IN,1
IN-67,68803,0.01396678,0.52918021,0.45619357,0.76265761,0.23734239,0.09553787,0.05705088,0.00153805,0.06568899,0.01570241,55915,0.07298664,0.54495783,0.44001639,0.10494144,-0.0319548,White,0.07863824,IN,1
IN-68,68572,0.01056248,0.35709331,0.6292635,0.89379423,0.10620577,0.02570718,0.03314424,0.00153674,0.01961714,0.01942742,52709,-0.27217019,0.36728279,0.61633842,-0.24905563,-0.02311456,White,-0.26946534,IN,1
IN-69,66790,-0.01569929,0.50470488,0.47499806,0.75713019,0.24286981,0.11739767,0.0593155,0.00156093,0.04362908,0.01998381,51892,0.02970682,0.49971077,0.47274042,0.02697035,0.00273647,White,0.02379466,IN,1
IN-70,67332,-0.00771171,0.72402021,0.26034412,0.31190697,0.68809303,0.38059524,0.18177102,0.0020533,0.11239112,0.02409925,46267,0.46367609,0.76232444,0.21811565,0.54420879,-0.0805327,Black,0.48552032,IN,1
IN-71,67470,-0.00567797,0.48355585,0.49899056,0.79485531,0.20514469,0.08753546,0.06362777,0.00115377,0.03098165,0.02076792,52870,-0.01543471,0.47421084,0.50165732,-0.02744648,0.01201177,White,-0.02443863,IN,1
IN-72,68107,0.00370966,0.40407342,0.57951974,0.81038487,0.18961513,0.07225262,0.04940973,0.00117094,0.04618485,0.01927248,52095,-0.17544632,0.39887324,0.57894737,-0.18007413,0.00462781,White,-0.18198892,IN,1
IN-73,66699,-0.01704038,0.32928647,0.65548359,0.8742495,0.1257505,0.03370997,0.0338559,0.00148015,0.037254,0.01765761,47968,-0.32619712,0.32037561,0.66026071,-0.3398851,0.01368798,White,-0.33575978,IN,1
IN-74,68250,0.00581709,0.2689849,0.71464748,0.91687279,0.08312721,0.02821695,0.02738588,0.0007915,0.00890437,0.0156519,50537,-0.44566258,0.25818037,0.72306464,-0.46488427,0.01922169,White,-0.45706981,IN,1
IN-75,66129,-0.02544061,0.51234668,0.47115074,0.731007,0.268993,0.16197512,0.07264774,0.00110809,0.01156687,0.02105365,51440,0.04119594,0.53875308,0.44203146,0.09672162,-0.05552568,White,0.0547045,IN,1
IN-76,65495,-0.03478403,0.32355709,0.65892461,0.88724998,0.11275002,0.03423044,0.03917291,0.0008881,0.00760677,0.02019461,51796,-0.33536752,0.35385775,0.626522,-0.27266425,-0.06270327,White,-0.31946643,IN,1
IN-77,65602,-0.03320714,0.48309687,0.49772588,0.75451447,0.24548553,0.07724549,0.12556309,0.00109679,0.01660856,0.02365937,51058,-0.01462901,0.50855618,0.47101308,0.0375431,-0.05217211,White,-0.00223831,IN,1
IN-78,64874,-0.04393586,0.47621551,0.50497959,0.83960349,0.16039651,0.03358099,0.07644404,0.00122184,0.02548135,0.0190174,50743,-0.02876408,0.49068916,0.48988889,0.00080027,-0.02956435,White,-0.0239093,IN,1
IN-79,65184,-0.03936731,0.31632998,0.66957403,0.86762857,0.13237143,0.01834002,0.07190325,0.00043904,0.01251272,0.02167275,50109,-0.35324405,0.34340297,0.63998359,-0.29658062,-0.05666343,White,-0.33935624,IN,1
IN-80,64761,-0.04560117,0.67123209,0.3112894,0.25980216,0.74019784,0.25336271,0.47855282,0.00129213,0.00766803,0.02870215,47209,0.35994269,0.74010791,0.24695244,0.49315547,-0.13321278,Hispanic,0.39934695,IN,1
IN-81,66237,-0.02384899,0.57184307,0.41266857,0.48200592,0.51799408,0.23950264,0.24823001,0.00103944,0.01896487,0.02384828,50989,0.1591745,0.61490059,0.36767444,0.24722615,-0.08805165,Minority,0.18352505,IN,1
IN-82,65143,-0.03997154,0.50792107,0.47589171,0.69733548,0.30266452,0.10448485,0.13699082,0.00065982,0.04692503,0.0169031,51529,0.03202936,0.53025218,0.45474797,0.07550421,-0.04347485,White,0.04152098,IN,1
IN-83,65450,-0.0354472,0.71396488,0.27184565,0.30704778,0.69295222,0.54834382,0.13049221,0.0009287,0.00623259,0.02131875,48455,0.44211923,0.76943085,0.21848962,0.55094123,-0.108822,Black,0.47339323,IN,1
IN-84,64891,-0.04368533,0.64586028,0.33914133,0.41095724,0.58904276,0.45173355,0.1156171,0.0008693,0.01154352,0.02064086,49465,0.30671895,0.69175992,0.29229036,0.39946956,-0.09275061,Black,0.33263582,IN,1
IN-85,65092,-0.04072314,0.54417238,0.4417238,0.58375181,0.41624819,0.27309899,0.10605188,0.00061531,0.02554534,0.01947163,50381,0.10244858,0.57471841,0.41179054,0.16292787,-0.06047929,White,0.11760834,IN,1
IN-86,65474,-0.03509351,0.35772635,0.63016469,0.83101497,0.16898503,0.02886164,0.09729262,0.00094306,0.02251562,0.01701442,50898,-0.27243834,0.38227799,0.60450945,-0.22223146,-0.05020688,White,-0.26070271,IN,1
IN-87,70069,0.03262414,0.58827625,0.39289827,0.72296102,0.27703898,0.17132348,0.05345901,0.00148546,0.0361286,0.01603947,56548,0.19537798,0.58234906,0.39884577,0.18350329,0.01187469,White,0.18641975,IN,1
IN-88,70988,0.04616767,0.71657893,0.26516429,0.79864261,0.20135739,0.10464762,0.04757633,0.00116783,0.03224223,0.01340464,59084,0.45141464,0.70559693,0.27492193,0.430675,0.02073964,White,0.43950143,IN,1
IN-89,70368,0.03703057,0.76563095,0.21777685,0.40498667,0.59501333,0.42943877,0.11526359,0.00111062,0.04153709,0.01875093,54024,0.5478541,0.77309022,0.21094013,0.56215009,-0.01429599,Black,0.54761943,IN,1
IN-90,70269,0.03557159,0.67787931,0.30658191,0.41519138,0.58480862,0.41966382,0.12962618,0.00121129,0.0244307,0.01761023,53662,0.3712974,0.69418415,0.28790925,0.4062749,-0.0349775,Black,0.37795657,IN,1
IN-91,69620,0.02600711,0.63101849,0.3510812,0.35515913,0.64484087,0.36529277,0.2502709,0.00104346,0.02173215,0.02257495,49834,0.27993729,0.65096802,0.32999782,0.3209702,-0.04103291,Black,0.28861493,IN,1
IN-92,69850,0.02939668,0.73223688,0.25307125,0.39517472,0.60482528,0.40557204,0.16078506,0.00145524,0.0280517,0.02374342,52225,0.47916563,0.75344872,0.23164253,0.52180619,-0.04264056,Black,0.48837915,IN,1
IN-93,69439,0.02333967,0.73706125,0.24691082,0.49245255,0.50754745,0.36373895,0.08805357,0.00105442,0.04145547,0.0191831,54058,0.49015043,0.75257605,0.22918711,0.52338894,-0.03323851,Minority,0.49622993,IN,1
IN-94,69806,0.02874824,0.60938782,0.37525166,0.48307853,0.51692147,0.34189593,0.13745567,0.00174324,0.02616867,0.02270223,49907,0.23413616,0.61503392,0.36856086,0.24647306,-0.0123369,Minority,0.23324846,IN,1
IN-95,68645,0.0116383,0.61882606,0.36670416,0.41394336,0.58605664,0.42583256,0.12663139,0.00176367,0.02230522,0.02004357,48195,0.2521219,0.64089151,0.34240373,0.29848778,-0.04636588,Black,0.26257719,IN,1
IN-96,68585,0.01075406,0.67894054,0.30611606,0.43505507,0.56494493,0.44191769,0.09621115,0.0014225,0.01105323,0.02101075,52021,0.37282448,0.68912557,0.29408814,0.39503743,-0.02221295,Black,0.3752288,IN,1
IN-97,68976,0.01651633,0.61289601,0.36916055,0.62283572,0.37716428,0.21560942,0.10675825,0.00165531,0.03244035,0.02648503,52558,0.24373546,0.60675049,0.3717365,0.23501399,0.00872147,White,0.2358283,IN,1
IN-98,70599,0.04043488,0.53826965,0.44474362,0.73340984,0.26659016,0.10939785,0.09632934,0.00133277,0.03874276,0.02424893,54023,0.09352603,0.5260277,0.45237133,0.07365637,0.01986966,White,0.08190281,IN,1
IN-99,69086,0.01813742,0.53417304,0.44887781,0.70344441,0.29655559,0.09149631,0.09459535,0.00151218,0.08813591,0.0219173,53565,0.08529523,0.53164557,0.44593469,0.08571088,-0.00041565,White,0.08043378,IN,1
IN-100,70903,0.044915,0.3859134,0.5976956,0.71921575,0.28078425,0.04954682,0.0500019,0.00233228,0.16075695,0.01695172,52738,-0.2117822,0.39390329,0.58612474,-0.19222145,-0.01956075,White,-0.21026195,IN,1
LA-1,43764,-0.01342642,0.34507287,0.63804071,0.56934697,0.43065303,0.25000787,0.12676633,0.00166798,0.03197482,0.02473643,31775,-0.29296784,0.34849858,0.6333711,-0.28487252,-0.00809532,White,-0.2952694,LA,1
LA-2,44149,-0.00474735,0.51520503,0.47077653,0.4414908,0.5585092,0.41268025,0.07155974,0.0018063,0.05397838,0.02354216,33217,0.0444285,0.53258918,0.45057025,0.08201893,-0.03759043,Minority,0.05195864,LA,1
LA-3,44169,-0.00429649,0.80630778,0.16851354,0.35006739,0.64993261,0.53021114,0.07886905,0.00154425,0.03431042,0.01698675,35616,0.63779424,0.82753981,0.15065037,0.67688944,-0.0390952,Black,0.64582597,LA,1
LA-4,45107,0.01684888,0.81909217,0.16950515,0.04020222,0.95979778,0.79929162,0.06000061,0.00075682,0.11082857,0.01020192,33033,0.64958702,0.8508186,0.13962017,0.71119843,-0.06161141,Black,0.66512416,LA,1
LA-5,45631,0.02866144,0.80823206,0.17180266,0.2213821,0.7786179,0.71742571,0.04466327,0.00096712,0.02092492,0.01014009,34122,0.6364294,0.79997589,0.18580124,0.61417465,0.02225475,Black,0.62401115,LA,1
LA-6,45418,0.02385977,0.79583088,0.17437436,0.33641697,0.66358303,0.58012748,0.05914373,0.00132559,0.01929152,0.01616088,35456,0.62145652,0.7806551,0.19634192,0.58431318,0.03714334,Black,0.60407541,LA,1
LA-7,44890,0.01195704,0.88549869,0.08089614,0.35882321,0.64117679,0.51579147,0.09850738,0.00075713,0.01995565,0.01863069,36982,0.80460255,0.902881,0.07716075,0.82572025,-0.0211177,Black,0.80664178,LA,1
LA-8,43924,-0.00981953,0.89538389,0.06457843,0.34735391,0.65264609,0.57632304,0.05487872,0.00151599,0.01411246,0.01711687,36280,0.83080546,0.9229499,0.05989206,0.86305784,-0.03225238,Black,0.83655625,LA,1
LA-9,44629,0.00607331,0.87363792,0.10476423,0.34649817,0.65350183,0.54615427,0.08259184,0.00068235,0.02448278,0.01760467,36638,0.76887369,0.8857169,0.09721841,0.78849849,-0.0196248,Black,0.77041529,LA,1
LA-10,44132,-0.00513058,0.74487319,0.22717,0.70886944,0.29113056,0.14830732,0.12320713,0.00197743,0.03804577,0.01389475,37928,0.51770319,0.73791901,0.23979071,0.4981283,0.01957489,White,0.50617823,LA,1
LA-11,44781,0.00949985,0.33128685,0.64411466,0.77923506,0.22076494,0.05477192,0.11399819,0.00096236,0.03821936,0.01391295,36369,-0.31282781,0.31070182,0.66642591,-0.35572409,0.04289628,White,-0.33212657,LA,1
LA-12,44627,0.00602822,0.39380339,0.5853482,0.49553049,0.50446951,0.21639297,0.22715979,0.00074254,0.05757532,0.0189633,35015,-0.19154481,0.39111169,0.59142448,-0.20031279,0.00876798,Minority,-0.19946747,LA,1
LA-13,44057,-0.00682131,0.29944242,0.67772121,0.69282772,0.30717228,0.0651612,0.17784406,0.00093737,0.04348814,0.0219003,35205,-0.37827879,0.27939383,0.70035708,-0.42096325,0.04268446,White,-0.39750694,LA,1
LA-14,44535,0.00395426,0.34079776,0.6318566,0.53863485,0.46136515,0.13163292,0.25006499,0.00109766,0.06822843,0.01762038,34619,-0.29105884,0.35858235,0.62570161,-0.26711926,-0.02393958,White,-0.28807898,LA,1
LA-15,45239,0.01982456,0.33842625,0.64110111,0.71668474,0.28331526,0.13521805,0.10070611,0.00116362,0.0279269,0.017851,37813,-0.30267486,0.32641477,0.65452389,-0.32810912,0.02543426,White,-0.31615295,LA,1
LA-16,44862,0.01132584,0.61436725,0.37048623,0.313045,0.686955,0.43678731,0.20782175,0.00081659,0.03724226,0.01816909,34289,0.24388102,0.64686504,0.33687566,0.30998938,-0.06610836,Black,0.26091714,LA,1
LA-17,44679,0.00720046,0.54022434,0.4487999,0.37270318,0.62729682,0.46805065,0.0995583,0.00067727,0.05179623,0.0196702,33960,0.09142444,0.56908952,0.41688345,0.15220607,-0.06078163,Black,0.10668498,LA,1
LA-18,44661,0.00679469,0.51230863,0.46988602,0.41495942,0.58504058,0.38533568,0.12661029,0.00110663,0.06412803,0.02170705,35242,0.04242261,0.53496898,0.4500846,0.08488438,-0.04246177,Minority,0.05157653,LA,1
LA-19,44223,-0.00307916,0.54017663,0.43303895,0.35059054,0.64940946,0.36784774,0.213818,0.0029068,0.06639741,0.0260388,32682,0.10713768,0.54694718,0.43732051,0.10962667,-0.00248899,Black,0.10296734,LA,1
LA-20,43570,-0.01779977,0.49150637,0.49000749,0.38123613,0.61876387,0.43857356,0.09394096,0.00100325,0.07120056,0.02246679,32893,0.00149888,0.51938153,0.46809669,0.05128484,-0.04978596,Black,0.0130942,LA,1
LA-21,43371,-0.02228583,0.09793756,0.88998405,0.83200266,0.16799734,0.03169419,0.06402347,0.00063509,0.01218775,0.06193673,33066,-0.79204649,0.10028178,0.8860158,-0.78573402,-0.00631247,White,-0.79494233,LA,1
LA-22,43047,-0.02958978,0.1856989,0.80116304,0.79114371,0.20885629,0.13486973,0.04050695,0.0007058,0.00785589,0.02451898,32587,-0.61546414,0.18571143,0.79911947,-0.61340804,-0.0020561,White,-0.61977877,LA,1
LA-23,44487,0.0028722,0.37728833,0.61138444,0.53952896,0.46047104,0.3810655,0.04235349,0.00098496,0.0094151,0.0314899,34519,-0.23409611,0.40464141,0.5778766,-0.17323519,-0.06086092,White,-0.21880914,LA,1
LA-24,43739,-0.01399,0.16978726,0.81606863,0.76593339,0.23406661,0.11622365,0.05368164,0.00109991,0.01811793,0.04851818,32730,-0.64628137,0.1636044,0.82057389,-0.65696949,0.01068812,White,-0.65484408,LA,1
LA-25,43114,-0.0280794,0.21816256,0.77118083,0.63705521,0.36294479,0.16978203,0.06650935,0.00102465,0.01642551,0.11485437,32206,-0.55301827,0.2192863,0.76687551,-0.54758921,-0.00542906,White,-0.55620858,LA,1
LA-26,42938,-0.03204697,0.36343191,0.61986793,0.6185844,0.3814156,0.27478229,0.07426966,0.00092644,0.01432895,0.01760237,32382,-0.25643602,0.38289307,0.59964719,-0.21675412,-0.0396819,White,-0.24820872,LA,1
LA-27,42477,-0.04243931,0.63966644,0.34827641,0.34729102,0.65270898,0.56723995,0.06799372,0.00095376,0.01036827,0.01390641,32503,0.29139003,0.63372527,0.35171706,0.28200821,0.00938182,Black,0.28326276,LA,1
LA-28,43933,-0.00961665,0.23722657,0.74889014,0.76435591,0.23564409,0.11230168,0.06736917,0.00156879,0.02533744,0.02572224,33784,-0.51166357,0.22817854,0.75387896,-0.52570042,0.01403685,White,-0.52134252,LA,1
LA-29,44945,0.01319691,0.50833043,0.47844034,0.50244062,0.49755938,0.37755224,0.07196857,0.00154771,0.02812667,0.02836478,33598,0.02989009,0.49486919,0.48812055,0.00674864,0.02314145,White,0.01717627,LA,1
LA-30,44909,0.01238536,0.29603611,0.68535786,0.76291119,0.23708881,0.11002582,0.07398675,0.00145953,0.02270686,0.02638374,35628,-0.38932175,0.29324692,0.6868699,-0.39362298,0.00430123,White,-0.39575549,LA,1
LA-31,43979,-0.00857967,0.21350179,0.76573932,0.86157216,0.13842784,0.03285617,0.06478682,0.00107978,0.0194052,0.01662862,32414,-0.55223753,0.19486062,0.78221193,-0.58735131,0.03511378,White,-0.56894212,LA,1
LA-32,43823,-0.01209638,0.28043249,0.70079114,0.76123333,0.23876667,0.11245027,0.08293354,0.00152118,0.0186637,0.02141353,34184,-0.42035865,0.28320112,0.69289299,-0.40969187,-0.01066678,White,-0.42180306,LA,1
LA-33,42981,-0.03107762,0.15934505,0.82834737,0.85346413,0.14653587,0.04454323,0.0626916,0.00064378,0.01057633,0.02299203,32620,-0.66900232,0.15409135,0.83047619,-0.67638484,0.00738252,White,-0.67646316,LA,1
LA-34,45463,0.0248742,0.29319967,0.69607153,0.6728849,0.3271151,0.27844697,0.02577895,0.00051501,0.00520729,0.0179394,34951,-0.40287186,0.30594988,0.68195562,-0.37600574,-0.02686612,White,-0.39891649,LA,1
LA-35,44541,0.00408952,0.1774201,0.81209473,0.78232001,0.21767999,0.1380337,0.04070148,0.00071458,0.00914071,0.02620139,33586,-0.63467463,0.18040006,0.80624912,-0.62584906,-0.00882557,White,-0.63673277,LA,1
LA-36,43648,-0.01604141,0.56260893,0.42023059,0.43075689,0.56924311,0.5016635,0.04375594,0.00127733,0.01369415,0.01440708,33664,0.14237834,0.59219858,0.38733868,0.2048599,-0.06248156,Black,0.15820553,LA,1
LA-37,44968,0.0137154,0.25134212,0.73596877,0.68403376,0.31596624,0.22467218,0.05840951,0.00131421,0.0104261,0.02126106,34241,-0.48462665,0.25371494,0.72896609,-0.47525115,-0.0093755,White,-0.48650148,LA,1
LA-38,45374,0.02286787,0.11277409,0.87547777,0.86915006,0.13084994,0.06121066,0.03445126,0.00135565,0.00456796,0.02222091,33932,-0.76270368,0.1157289,0.87120364,-0.75547474,-0.00722894,White,-0.76529403,LA,1
LA-39,44828,0.01055937,0.16732061,0.81988713,0.82050361,0.17949639,0.08117009,0.05619929,0.00083835,0.01188658,0.02413246,33399,-0.65256652,0.15266814,0.82907062,-0.67640248,0.02383596,White,-0.66551184,LA,1
LA-40,44651,0.00656926,0.20400811,0.78062373,0.78445771,0.21554229,0.1007718,0.06786864,0.00115614,0.01596725,0.02268537,32003,-0.57661562,0.18003116,0.79785449,-0.61782333,0.04120771,White,-0.59535152,LA,1
LA-41,44828,0.01055937,0.1486316,0.83835476,0.83909534,0.16090466,0.07498645,0.05595374,0.00078299,0.0090044,0.01879178,33206,-0.68972316,0.14986633,0.83134141,-0.68147508,-0.00824808,White,-0.6919738,LA,1
LA-42,44785,0.00959002,0.27731835,0.70437406,0.70881967,0.29118033,0.16806067,0.07742962,0.00087385,0.02783846,0.01716497,32042,-0.42705571,0.2639478,0.7141925,-0.4502447,0.02318899,White,-0.43978537,LA,1
LA-43,44316,-0.00098266,0.5067346,0.47571998,0.45915857,0.54084143,0.4424591,0.0767007,0.00095338,0.01322426,0.01531554,32516,0.03101462,0.52921753,0.45253508,0.07668245,-0.04566783,Minority,0.04123723,LA,1
LA-44,44424,0.00145199,0.48827103,0.50018106,0.5001157,0.4998843,0.46664931,0.02325581,0.00112808,0.00312392,0.00945852,34572,-0.01191003,0.51790925,0.46874088,0.04916837,-0.0610784,White,0.00344944,LA,1
LA-45,44255,-0.00235779,0.21762647,0.77293456,0.68720435,0.31279565,0.18478004,0.0863588,0.00097564,0.01658586,0.02675615,33824,-0.55530809,0.22043882,0.76753546,-0.54709664,-0.00821145,White,-0.55757094,LA,1
LA-46,44394,0.0007757,0.54917218,0.43684549,0.3921715,0.6078285,0.53458932,0.03469382,0.00107485,0.01892933,0.02316902,33493,0.11232669,0.56979182,0.41450929,0.15528253,-0.04295584,Black,0.1216453,LA,1
LA-47,43606,-0.01698822,0.19816001,0.79331439,0.72585052,0.27414948,0.16977449,0.05825301,0.0006606,0.03113834,0.01522385,33303,-0.59515438,0.18817891,0.80036513,-0.61218622,0.01703184,White,-0.60583166,LA,1
LA-48,43758,-0.01356168,0.51569867,0.4675494,0.41207114,0.58792886,0.54199932,0.02311889,0.00058568,0.008816,0.01485774,32441,0.04814927,0.51720971,0.46564618,0.05156353,-0.00341426,Black,0.04428736,LA,1
LA-49,44197,-0.00366528,0.48249875,0.50324602,0.4752025,0.5247975,0.48213727,0.02449908,0.00108001,0.00596845,0.0127327,35185,-0.02074727,0.51310415,0.47106875,0.0420354,-0.06278267,Black,-0.00481971,LA,1
LA-50,44996,0.01434661,0.67229695,0.3117506,0.27698313,0.72301687,0.6879133,0.02336353,0.00058263,0.00436974,0.01066216,34327,0.36054635,0.68592762,0.2996903,0.38623732,-0.02569097,Black,0.36411001,LA,1
LA-51,44256,-0.00233524,0.63568478,0.34863892,0.29488161,0.70511839,0.64520477,0.04159647,0.00042883,0.01059822,0.01356939,32647,0.28704586,0.63031175,0.3533123,0.27699945,0.01004641,Black,0.27869706,LA,1
LA-52,44638,0.0062762,0.57845934,0.39865128,0.33532123,0.66467877,0.45194422,0.12945393,0.00060239,0.07337128,0.01481883,33201,0.17980806,0.57904268,0.40158146,0.17746122,0.00234684,Black,0.17402578,LA,1
LA-53,44676,0.00713283,0.52638338,0.44876878,0.47139296,0.52860704,0.40568175,0.06851527,0.0004815,0.04197587,0.01396363,35306,0.0776146,0.51416675,0.46450696,0.04965979,0.02795481,Minority,0.06329633,LA,1
LA-54,44897,0.01211484,0.28548219,0.69277234,0.7429352,0.2570648,0.13329918,0.05518085,0.00088221,0.04883463,0.01639204,35139,-0.40729015,0.25614582,0.72284896,-0.46670314,0.05941299,White,-0.43209448,LA,1
LA-55,44039,-0.00722708,0.52049271,0.4605612,0.46475335,0.53524665,0.38763929,0.09960689,0.00079804,0.03818757,0.01335974,33833,0.05993151,0.53817634,0.44154791,0.09662843,-0.03669692,Minority,0.06716382,LA,1
LA-56,43498,-0.01942287,0.40636083,0.56841323,0.58587461,0.41412539,0.26762067,0.08210958,0.00106748,0.05167191,0.01309829,34661,-0.1620524,0.40143592,0.57346373,-0.17202781,0.00997541,White,-0.17037754,LA,1
LA-57,43747,-0.01380965,0.57934247,0.39393117,0.52685826,0.47314174,0.39869656,0.03961988,0.00048807,0.02382935,0.01320663,34831,0.1854113,0.59575089,0.38008748,0.21566341,-0.03025211,White,0.19049534,LA,1
LA-58,45052,0.01560902,0.68083312,0.29032802,0.53149933,0.46850067,0.33183157,0.06594347,0.00171151,0.0616647,0.01341522,39731,0.3905051,0.70343066,0.26854015,0.43489051,-0.04438541,White,0.40030024,LA,1
LA-59,44044,-0.00711437,0.55790472,0.42564589,0.41402532,0.58597468,0.52976565,0.03525785,0.00146658,0.01095448,0.01134357,33411,0.13225883,0.58743062,0.39626765,0.19116297,-0.05890414,Black,0.14689354,LA,1
LA-60,44438,0.00176759,0.36852322,0.61943159,0.61238564,0.38761436,0.31873329,0.0451513,0.00112597,0.00976777,0.01393385,35525,-0.25090837,0.39480519,0.5880334,-0.19322821,-0.05768016,White,-0.23668165,LA,1
LA-61,45219,0.0193737,0.27589266,0.71430472,0.67656536,0.32343464,0.27080612,0.02853494,0.0006096,0.01169845,0.01239513,34449,-0.43841206,0.29793965,0.68799168,-0.39005203,-0.04836003,White,-0.42729205,LA,1
LA-62,44389,0.00066298,0.30237713,0.68932176,0.65846904,0.34153096,0.29601758,0.02703109,0.00045152,0.00550856,0.01231149,33221,-0.38694463,0.31772264,0.66898538,-0.35126274,-0.03568189,White,-0.38005067,LA,1
LA-63,44565,0.00463056,0.55524187,0.42950214,0.39309744,0.60690256,0.5800793,0.01495855,0.00081101,0.00675838,0.00795987,33292,0.12573973,0.57171352,0.40996382,0.1617497,-0.03600997,Black,0.13274305,LA,1
LA-64,44648,0.00650163,0.49821535,0.48691255,0.45806802,0.54193198,0.48818541,0.03573045,0.00084498,0.00784621,0.0112563,33137,0.0113028,0.52824899,0.45535757,0.07289142,-0.06158862,Black,0.02683234,LA,1
LA-65,44436,0.0017225,0.50011199,0.4853847,0.43969769,0.56030231,0.47232192,0.06165923,0.00078788,0.01674983,0.0135983,34269,0.01472729,0.5599979,0.42043129,0.13956661,-0.12483932,Black,0.0513404,LA,1
LA-66,44359,-0.00001331,0.32763378,0.64766816,0.76492744,0.23507256,0.12193974,0.06450094,0.0010247,0.03195968,0.01761383,36108,-0.32003438,0.32052334,0.65257567,-0.33205233,0.01201795,White,-0.32904036,LA,1
LA-67,44053,-0.00691148,0.22719165,0.75745051,0.71850252,0.28149748,0.14539837,0.07685385,0.00101992,0.04211663,0.01727862,33336,-0.53025886,0.23688394,0.744129,-0.50724506,-0.0230138,White,-0.52758759,LA,1
LA-68,42940,-0.03200188,0.24880162,0.73375686,0.75852694,0.24147306,0.13989125,0.05604301,0.00148295,0.02765077,0.01801162,32368,-0.48495524,0.22129073,0.75883159,-0.53754086,0.05258562,White,-0.50748378,LA,1
LA-69,44846,0.01096515,0.17295992,0.81482514,0.82434077,0.17565923,0.08737713,0.04724606,0.00062412,0.02402871,0.01501014,32045,-0.64186522,0.16302168,0.82023782,-0.65721614,0.01535092,White,-0.65198219,LA,1
LA-70,44627,0.00602822,0.17152617,0.81760008,0.79021993,0.20978007,0.14193529,0.03164313,0.00097682,0.02341414,0.01240269,33783,-0.64607391,0.18394381,0.80254267,-0.61859886,-0.02747505,White,-0.64191556,LA,1
LA-71,44435,0.00169996,0.21566408,0.77445582,0.74697202,0.25302798,0.21254471,0.02443423,0.00042076,0.00453821,0.0112704,33273,-0.55879174,0.23262032,0.75248281,-0.51986249,-0.03892925,White,-0.55081532,LA,1
LA-72,44101,-0.00582942,0.15962367,0.82912856,0.82166885,0.17833115,0.13662516,0.02185759,0.00127858,0.00511431,0.01354684,32849,-0.66950489,0.1808931,0.8060166,-0.6251235,-0.04438139,White,-0.65971109,LA,1
LA-73,44493,0.00300746,0.57157939,0.41033221,0.42967515,0.57032485,0.50070101,0.04215017,0.00143185,0.01291651,0.01834561,33523,0.16124718,0.59312321,0.38744238,0.20568083,-0.04443365,Black,0.1710584,LA,1
LA-74,43584,-0.01748417,0.55270394,0.42995135,0.40792259,0.59207741,0.50048382,0.05252495,0.00154218,0.02582401,0.01638948,33070,0.12275259,0.60425067,0.37222782,0.23202285,-0.10927026,Black,0.15417601,LA,1
LA-75,44535,0.00395426,0.18099793,0.80313078,0.78639092,0.21360908,0.09078607,0.05616027,0.00229466,0.04583431,0.0192104,33992,-0.62213285,0.19657816,0.78105921,-0.58448105,-0.0376518,White,-0.61458225,LA,1
LA-76,44769,0.00922934,0.16898008,0.81539596,0.8182361,0.1817639,0.09622619,0.04902371,0.00101511,0.01221114,0.02119783,33494,-0.64641588,0.19132698,0.78542271,-0.59409573,-0.05232015,White,-0.63397583,LA,1
LA-77,45141,0.01761535,0.10738226,0.88335255,0.86365955,0.13634045,0.07688845,0.02857057,0.00090033,0.00624231,0.02124786,33321,-0.77597029,0.13289073,0.85449144,-0.72160071,-0.05436958,White,-0.7628471,LA,1
LA-78,45233,0.01968931,0.1280142,0.86172888,0.80653452,0.19346548,0.11633334,0.03219994,0.00209743,0.01155062,0.03113645,33851,-0.73371468,0.14070135,0.8456453,-0.70494395,-0.02877073,White,-0.72912444,LA,1
LA-79,43446,-0.02059511,0.1620054,0.83057554,0.7349027,0.2650973,0.16022949,0.02688236,0.00115337,0.0045839,0.07588573,33814,-0.66857014,0.18615308,0.80364957,-0.61749649,-0.05107365,White,-0.65654559,LA,1
LA-80,44239,-0.00271848,0.16491652,0.82531765,0.71626972,0.28373028,0.16633178,0.08111223,0.00141836,0.0095148,0.02709651,33842,-0.66040113,0.18768949,0.80100101,-0.61331152,-0.04708961,White,-0.64970459,LA,1
LA-81,44683,0.00729063,0.16983053,0.82085602,0.77591284,0.22408716,0.15998233,0.02393993,0.00108952,0.00836278,0.02974087,33960,-0.65102549,0.17018717,0.81600346,-0.64581629,-0.0052092,White,-0.65428909,LA,1
LA-82,43689,-0.01511715,0.57285018,0.40958067,0.4124944,0.5875056,0.52628904,0.02483934,0.00089673,0.02238828,0.01802421,33455,0.16326951,0.60094527,0.37781538,0.22312989,-0.05986038,Black,0.17822297,LA,1
LA-83,46200,0.04148842,0.17791636,0.80892333,0.77291625,0.22708375,0.12602879,0.04604463,0.00093334,0.02146675,0.02961224,35357,-0.63100697,0.17590361,0.80555077,-0.62964716,-0.00135981,White,-0.6355537,LA,1
LA-84,44873,0.01157381,0.15312416,0.83702065,0.70635749,0.29364251,0.14181395,0.07645078,0.00858395,0.03135525,0.03862776,33551,-0.68389649,0.17008558,0.81449786,-0.64441228,-0.03948421,White,-0.67573509,LA,1
LA-85,44538,0.00402189,0.15575929,0.83400871,0.71708548,0.28291452,0.18472403,0.06293607,0.00155993,0.00887742,0.02566793,35258,-0.67824942,0.17777243,0.81072889,-0.63295646,-0.04529296,White,-0.66815177,LA,1
LA-86,43640,-0.01622176,0.58181691,0.40242627,0.38656569,0.61343431,0.53315173,0.04558925,0.00131709,0.01182387,0.01996588,33407,0.17939064,0.61840908,0.36253868,0.2558704,-0.07647976,Black,0.19988389,LA,1
LA-87,44596,0.00532939,0.48345723,0.50450215,0.43396339,0.56603661,0.5174662,0.02186266,0.00047853,0.0053236,0.02401603,33436,-0.02104492,0.5258767,0.45986322,0.06601348,-0.0870584,Black,0.00297455,LA,1
LA-88,44930,0.01285876,0.58605084,0.40068196,0.40730685,0.59269315,0.5333816,0.02528132,0.00078438,0.0188554,0.01653242,33147,0.18536888,0.55758069,0.4280114,0.12956929,0.05579959,Black,0.16176902,LA,1
LA-89,44985,0.01409863,0.57336659,0.40947804,0.42586575,0.57413425,0.50437634,0.03179064,0.00102456,0.02476508,0.01592459,34161,0.16388855,0.58203853,0.40040398,0.18163455,-0.017746,Black,0.16480388,LA,1
LA-90,44654,0.00663689,0.64213848,0.33815562,0.39465274,0.60534726,0.53894881,0.0368373,0.00116989,0.012612,0.01951721,35046,0.30398286,0.63654033,0.3409459,0.29559443,0.00838843,Black,0.29618672,LA,1
LA-91,44260,-0.00224507,0.5858695,0.39654241,0.42233882,0.57766118,0.50040584,0.0354244,0.00150742,0.02652481,0.01895872,34496,0.18932709,0.59697885,0.38242241,0.21455644,-0.02522935,Black,0.19273687,LA,1
LA-92,43233,-0.02539677,0.22163286,0.77038954,0.7287069,0.2712931,0.19950368,0.02827262,0.00118172,0.00711986,0.03016337,33849,-0.54875668,0.23046329,0.75725524,-0.52679195,-0.02196473,White,-0.5464351,LA,1
LA-93,44484,0.00280457,0.47151487,0.51380286,0.46278553,0.53721447,0.37041093,0.11229735,0.0033458,0.03409678,0.02716185,32877,-0.04228799,0.49129353,0.48703849,0.00425504,-0.04654303,Minority,-0.03177365,LA,1
LA-94,44683,0.00729063,0.20564808,0.78335445,0.73918009,0.26081991,0.15033662,0.05325799,0.00195359,0.02329286,0.03291056,33272,-0.57770637,0.20264259,0.78247082,-0.57982823,0.00212186,White,-0.58341366,LA,1
LA-95,44668,0.00695249,0.20458282,0.78303535,0.75491971,0.24508029,0.1596272,0.03541005,0.00207771,0.02187528,0.02555579,33691,-0.57845253,0.19916757,0.78695853,-0.58779096,0.00933843,White,-0.58656534,LA,1
LA-96,44358,-0.00003585,0.36449052,0.62368378,0.56294387,0.43705613,0.39086483,0.02207904,0.00060137,0.00572738,0.01881443,34920,-0.25919326,0.39463454,0.59312761,-0.19849307,-0.06070019,White,-0.24395986,LA,1
LA-97,44322,-0.0008474,0.53750255,0.45009878,0.41378822,0.58621178,0.53202152,0.02686863,0.0011325,0.0153171,0.01582673,35320,0.08740377,0.55973665,0.42323025,0.1365064,-0.04910263,Black,0.09877131,LA,1
LA-98,44091,-0.00605485,0.13890809,0.85089841,0.82294869,0.17705131,0.09966895,0.0327205,0.00085718,0.01406952,0.02559707,33832,-0.71199032,0.14563779,0.83930966,-0.69367187,-0.01831845,White,-0.71088417,LA,1
LA-99,44205,-0.00348494,0.14399344,0.84549749,0.8340492,0.1659508,0.08956838,0.02553089,0.00063076,0.02162617,0.02339831,33293,-0.70150405,0.12768416,0.85714974,-0.72946558,0.02796153,White,-0.71582456,LA,1
LA-100,43631,-0.01642464,0.53867912,0.4437574,0.44912835,0.55087165,0.48803377,0.0357772,0.00075928,0.0151552,0.01476037,32926,0.09492172,0.55137929,0.43199056,0.11938873,-0.02446701,Black,0.09807739,LA,1
LA-101,45028,0.01506798,0.54749019,0.43749154,0.4130574,0.5869426,0.53315287,0.02110257,0.00090232,0.02113168,0.01510653,34356,0.10999865,0.55322257,0.4324752,0.12074737,-0.01074872,Black,0.10858156,LA,1
LA-102,43550,-0.01825063,0.19199962,0.79824727,0.73684518,0.26315482,0.20957245,0.02965125,0.001109,0.0039107,0.01896979,34265,-0.60624765,0.21572511,0.77506028,-0.55933517,-0.04691248,White,-0.59561016,LA,1
LA-103,44768,0.00920679,0.49855038,0.48872848,0.39518358,0.60481642,0.54772389,0.03726199,0.000577,0.01053782,0.01436424,32929,0.0098219,0.53884686,0.44743021,0.09141665,-0.08159475,Black,0.03202015,LA,1
LA-104,44065,-0.00664096,0.14282275,0.85043579,0.74044715,0.25955285,0.16713124,0.06204994,0.00142276,0.01129501,0.01779907,34440,-0.70761304,0.15966164,0.83209974,-0.6724381,-0.03517494,White,-0.70088806,LA,1
LA-105,44458,0.00221845,0.45084561,0.53638843,0.45271345,0.54728655,0.51585057,0.01938601,0.00070709,0.00500854,0.01110718,33942,-0.08554282,0.48641975,0.49979036,-0.01337061,-0.07217221,Black,-0.06648542,LA,1
MA-1,43927,-0.00022717,0.70425112,0.27239902,0.81746121,0.18253879,0.07816643,0.06361072,0.00059238,0.01864598,0.0177433,35450,0.4318521,0.74760733,0.22864825,0.51895908,-0.08710698,White,0.45588776,MA,1
MA-2,42503,-0.03263723,0.63842369,0.33792263,0.88660346,0.11339654,0.02863834,0.03188308,0.00079002,0.02406749,0.02031488,35442,0.30050106,0.68118812,0.29632563,0.38486249,-0.08436143,White,0.32362154,MA,1
MA-3,42596,-0.03052056,0.71157282,0.25867961,0.90890846,0.09109154,0.014355,0.03807559,0.00083621,0.01778348,0.01229234,35876,0.45289321,0.74213719,0.23637112,0.50576607,-0.05287286,White,0.4655175,MA,1
MA-4,42376,-0.03552773,0.42385599,0.55350992,0.89084709,0.10915291,0.02126318,0.04364397,0.00111761,0.02427212,0.01533127,34896,-0.12965393,0.45697665,0.52169346,-0.06471681,-0.06493712,White,-0.11300822,MA,1
MA-5,43296,-0.01458865,0.463974,0.51137419,0.84943456,0.15056544,0.02781724,0.07825197,0.00090925,0.02543047,0.0150878,35194,-0.04740019,0.48773006,0.48186575,0.00586431,-0.0532645,White,-0.03464536,MA,1
MA-6,45399,0.03327536,0.51896236,0.45750063,0.88677679,0.11322321,0.02208019,0.0332863,0.00107911,0.04308127,0.01104009,36141,0.06146173,0.54972271,0.4277152,0.12200751,-0.06054578,White,0.07664366,MA,1
MA-7,45333,0.03177321,0.48001868,0.49616717,0.86030473,0.13969527,0.03675488,0.06701417,0.00130981,0.02178562,0.01154771,37410,-0.01614849,0.50515699,0.47352997,0.03162702,-0.04777551,White,-0.00522332,MA,1
MA-8,45842,0.04335798,0.51971008,0.45447909,0.68745709,0.31254291,0.06536486,0.21913707,0.00263657,0.0218066,0.01930735,36411,0.06523099,0.57258263,0.40150731,0.17107532,-0.10584433,White,0.09551243,MA,1
MA-9,45175,0.02817715,0.60368664,0.36562754,0.52439059,0.47560941,0.06146147,0.40093345,0.00303652,0.02460146,0.01810667,35567,0.2380591,0.65122534,0.3285515,0.32267384,-0.08461474,White,0.26126401,MA,1
MA-10,45286,0.03070349,0.56241752,0.41178411,0.45353989,0.54646011,0.10726755,0.41328522,0.00222985,0.0428366,0.02379485,34083,0.15063341,0.62649578,0.3552208,0.27127498,-0.12064157,Minority,0.18584727,MA,1
MA-11,43497,-0.01001392,0.65276235,0.31919767,0.30066659,0.69933341,0.27036448,0.43269936,0.00547334,0.02219912,0.02443126,32704,0.33356468,0.73476378,0.24675241,0.48801137,-0.15444669,Hispanic,0.38004691,MA,1
MA-12,45584,0.03748593,0.64271004,0.33526958,0.49923123,0.50076877,0.24438526,0.2309044,0.00216902,0.0365713,0.01880731,36422,0.30744046,0.69359462,0.28649607,0.40709855,-0.09965809,Minority,0.33565982,MA,1
MA-13,43460,-0.01085603,0.67245873,0.30147698,0.27002762,0.72997238,0.23603089,0.46327223,0.00260547,0.05879583,0.02341788,31856,0.37098175,0.73884615,0.23907692,0.49976923,-0.12878748,Hispanic,0.40891091,MA,1
MA-14,45782,0.04199239,0.79621949,0.16006607,0.82465563,0.17534437,0.03554174,0.06972142,0.00167044,0.04995888,0.01485403,38912,0.63615342,0.82214118,0.15359259,0.66854859,-0.03239517,White,0.64195181,MA,1
MA-15,44457,0.01183556,0.62084047,0.35007472,0.87483968,0.12516032,0.02212484,0.04101646,0.001149,0.04037516,0.01458957,37424,0.27076575,0.64510259,0.32824264,0.31685995,-0.0460942,White,0.28113048,MA,1
MA-16,45373,0.0326836,0.77117191,0.19269012,0.65964284,0.34035716,0.07459648,0.08121964,0.00174165,0.18255409,0.01319727,40766,0.57848179,0.8070386,0.16983636,0.63720224,-0.05872045,White,0.59305527,MA,1
MA-17,43283,-0.01488453,0.68393468,0.28123813,0.89085439,0.10914561,0.0221467,0.04248266,0.00117001,0.01690949,0.01863665,35897,0.40269655,0.71531985,0.25652456,0.45879529,-0.05609874,White,0.41639613,MA,1
MA-18,44376,0.00999201,0.6326934,0.33571564,0.87907015,0.12092985,0.0239372,0.03460667,0.00080159,0.03195312,0.02048206,36178,0.29697776,0.67178912,0.30054216,0.37124696,-0.0742692,White,0.31673416,MA,1
MA-19,45485,0.03523271,0.45131971,0.5250645,0.8951245,0.1048755,0.01945803,0.04193921,0.00175892,0.01500577,0.02058484,36386,-0.07374479,0.48688825,0.48537382,0.00151443,-0.07525922,White,-0.05365838,MA,1
MA-20,43107,-0.01889027,0.4682117,0.50717336,0.86301844,0.13698156,0.03449072,0.06216988,0.00144313,0.01789477,0.01697117,34647,-0.03896166,0.50859508,0.45843682,0.05015826,-0.08911992,White,-0.01425502,MA,1
MA-21,41946,-0.04531448,0.54678771,0.42667598,0.60025082,0.39974918,0.09320038,0.25730279,0.00220231,0.04196617,0.02101367,32693,0.12011173,0.59949119,0.37470471,0.22478648,-0.10467475,White,0.15000331,MA,1
MA-22,43782,-0.00352735,0.53433811,0.44185933,0.68462553,0.31537447,0.07976832,0.1608556,0.00097488,0.03733226,0.0133903,34876,0.09247878,0.57347271,0.39916376,0.17430895,-0.08183017,White,0.1147555,MA,1
MA-23,43014,-0.02100693,0.47099385,0.50232349,0.90983777,0.09016223,0.01660883,0.03164576,0.00127532,0.01708337,0.01491829,33717,-0.03132964,0.50135305,0.46682166,0.03453139,-0.06586103,White,-0.01437596,MA,1
MA-24,43465,-0.01074223,0.45454188,0.52549898,0.90284044,0.09715956,0.01994836,0.04114526,0.00107829,0.01129366,0.01662836,35241,-0.0709571,0.48007583,0.49421429,-0.01413846,-0.05681864,White,-0.05701755,MA,1
MA-25,42976,-0.02187181,0.44900515,0.52785121,0.76706567,0.23293433,0.02829329,0.17273021,0.00138231,0.02020529,0.01573483,34001,-0.07884606,0.49275902,0.48153667,0.01122235,-0.09006841,White,-0.05382326,MA,1
MA-26,42210,-0.03930587,0.44611814,0.53303905,0.84095277,0.15904723,0.03858249,0.07562169,0.00034943,0.02055792,0.01738396,34342,-0.08692091,0.48189528,0.49131781,-0.00942253,-0.07749838,White,-0.06608812,MA,1
MA-27,44884,0.02155402,0.44450014,0.53537668,0.92048159,0.07951841,0.01217976,0.02469551,0.00089598,0.01472771,0.01279574,35715,-0.09087654,0.47786808,0.49582759,-0.01795951,-0.07291703,White,-0.07157086,MA,1
MA-28,42624,-0.02988328,0.54160448,0.43129664,0.75605443,0.24394557,0.02925309,0.08221436,0.00113895,0.02718499,0.01234864,33364,0.11030784,0.58531773,0.39028656,0.19503117,-0.08472333,White,0.13354895,MA,1
MA-29,43999,0.00141154,0.54704765,0.42348699,0.85871907,0.14128093,0.02098981,0.03775837,0.0009607,0.0563901,0.01085881,34350,0.12356066,0.57857665,0.39424964,0.18432701,-0.06076635,White,0.13881611,MA,1
MA-30,42534,-0.03193167,0.66262284,0.30093921,0.72579703,0.27420297,0.02474867,0.04230332,0.00107603,0.17151905,0.00910013,32527,0.36168363,0.68941768,0.28101287,0.40840481,-0.04672118,White,0.37225736,MA,1
MA-31,43549,-0.0088304,0.60159696,0.36094936,0.67318519,0.32681481,0.02836009,0.03572712,0.00068879,0.2306241,0.00769645,33392,0.2406476,0.65083155,0.32608605,0.3247455,-0.0840979,White,0.26368023,MA,1
MA-32,43541,-0.00901248,0.51985776,0.45387944,0.80795887,0.19204113,0.06058626,0.05910924,0.00107936,0.04507754,0.01289553,35206,0.06597832,0.55674188,0.41752513,0.13921675,-0.07323843,White,0.08539113,MA,1
MA-33,42968,-0.02205389,0.58461663,0.38903035,0.83797116,0.16202884,0.0499086,0.05176566,0.00124771,0.04332182,0.0103009,34463,0.19558628,0.60374753,0.37076923,0.2329783,-0.03739202,White,0.20305029,MA,1
MA-34,45028,0.02483145,0.6323547,0.33900227,0.56315609,0.43684391,0.16804541,0.19252054,0.00208238,0.0599612,0.01694432,35056,0.29335243,0.68557067,0.29126373,0.39430694,-0.10095451,White,0.32200393,MA,1
MA-35,42192,-0.03971555,0.6039485,0.36824034,0.47471327,0.52528673,0.18875061,0.24109322,0.00125061,0.0704307,0.01665447,32784,0.23570816,0.67371324,0.30530025,0.36841299,-0.13270483,Minority,0.2749431,MA,1
MA-36,45419,0.03373055,0.59878246,0.37020831,0.44534525,0.55465475,0.15781491,0.28543459,0.00187514,0.11380432,0.0187238,36264,0.22857415,0.6644099,0.31310598,0.35130392,-0.12272977,Minority,0.26448407,MA,1
MA-37,45872,0.04404078,0.66492992,0.29911206,0.55391529,0.44608471,0.13644083,0.22514566,0.0014893,0.08543882,0.0172184,38273,0.36581786,0.72673499,0.2482289,0.47850609,-0.11268823,White,0.3983806,MA,1
MA-38,43636,-0.00685029,0.53900131,0.4352562,0.81180843,0.18819157,0.04297355,0.09323803,0.00257327,0.02164403,0.01512509,34975,0.10374511,0.56455706,0.40398018,0.16057688,-0.05683177,White,0.11768903,MA,1
MA-39,44649,0.01620545,0.65634932,0.31526293,0.82201226,0.17798774,0.03342413,0.03759505,0.00104982,0.08126206,0.01123596,35244,0.34108639,0.66690326,0.30275392,0.36414934,-0.02306295,White,0.34377404,MA,1
MA-40,46028,0.04759132,0.54675357,0.4265301,0.86953548,0.13046452,0.03113202,0.04204738,0.00090277,0.03364885,0.01113421,36554,0.12022347,0.56486912,0.40595051,0.15891861,-0.03869514,White,0.12812185,MA,1
MA-41,44997,0.02412589,0.46843226,0.51292047,0.80448008,0.19551992,0.04911828,0.0552861,0.00098124,0.06874317,0.00992458,35669,-0.04448821,0.50177235,0.47999212,0.02178023,-0.06626844,White,-0.02739873,MA,1
MA-42,42119,-0.04137702,0.49533893,0.48015354,0.81093586,0.18906414,0.04152602,0.03771389,0.0006402,0.08916308,0.00846816,34364,0.01518539,0.5408213,0.43544068,0.10538062,-0.09019523,White,0.04025047,MA,1
MA-43,43991,0.00122946,0.57865294,0.39415977,0.0899553,0.9100447,0.13744723,0.87413087,0.00369382,0.01074,0.03141296,32216,0.18449317,0.76334677,0.22072559,0.54262118,-0.35812801,Hispanic,0.29886917,MA,1
MA-44,45152,0.02765367,0.56695695,0.40699967,0.19633547,0.80366453,0.11979741,0.72271712,0.00458811,0.03676449,0.02002086,33565,0.15995728,0.7102094,0.27291555,0.43729385,-0.27733657,Hispanic,0.2474028,MA,1
MA-45,44118,0.00411996,0.49676431,0.48016598,0.61606757,0.38393243,0.07370788,0.27485515,0.00126834,0.0470439,0.01279871,34691,0.01659833,0.55968956,0.42300094,0.13668862,-0.12009029,White,0.05162843,MA,1
MA-46,45510,0.0358017,0.6164367,0.35503913,0.75342039,0.24657961,0.03486956,0.07509277,0.00101974,0.12837436,0.00699657,35303,0.26139757,0.64131505,0.33433073,0.30698432,-0.04558675,White,0.27159315,MA,1
MA-47,46027,0.04756856,0.54043875,0.43743527,0.70202342,0.29797658,0.06125612,0.20361502,0.00193761,0.02842749,0.01530711,36127,0.10300348,0.58479163,0.39053762,0.19425401,-0.09125053,White,0.12842032,MA,1
MA-48,45849,0.0435173,0.58692646,0.39281647,0.82503041,0.17496959,0.03784295,0.10468982,0.00108123,0.01662387,0.0146236,36995,0.19410999,0.61519089,0.35830502,0.25688587,-0.06277588,White,0.21003528,MA,1
MA-49,44902,0.0219637,0.61523405,0.35859072,0.92834925,0.07165075,0.01046766,0.02085418,0.00054096,0.01641827,0.01046766,36971,0.25664333,0.63333983,0.34453973,0.2888001,-0.03215677,White,0.26236225,MA,1
MA-50,45791,0.04219723,0.65547612,0.32013954,0.91674759,0.08325241,0.01343797,0.02999921,0.00107609,0.01456655,0.00913362,38101,0.33533658,0.68405846,0.29265916,0.3913993,-0.05606272,White,0.34902415,MA,1
MA-51,43779,-0.00359563,0.57133054,0.4027997,0.92228938,0.07771062,0.00971744,0.02556613,0.00080979,0.02145935,0.00925471,34577,0.16853084,0.58874312,0.3856298,0.20311332,-0.03458248,White,0.17505833,MA,1
MA-52,45505,0.0356879,0.57259808,0.40056379,0.8832169,0.1167831,0.02538643,0.03968865,0.00112767,0.03113483,0.00825128,36358,0.17203429,0.60770747,0.36859725,0.23911022,-0.06707593,White,0.18939293,MA,1
MA-53,44470,0.01213144,0.51544477,0.46472545,0.79155206,0.20844794,0.04667883,0.08995343,0.00084425,0.02867725,0.00833356,36719,0.05071932,0.57062474,0.41133637,0.15928837,-0.10856905,White,0.081909,MA,1
MA-54,45827,0.04301658,0.5323598,0.44198937,0.83210409,0.16789591,0.02776166,0.06408663,0.00080108,0.06005359,0.0061048,36201,0.09037043,0.56457497,0.41280555,0.15176942,-0.06139899,White,0.10583676,MA,1
MA-55,45526,0.03616586,0.45970261,0.52355367,0.76659765,0.23340235,0.04361629,0.09559696,0.00115942,0.06023464,0.00971705,36225,-0.06385106,0.51385842,0.46911266,0.04474576,-0.10859682,White,-0.03265212,MA,1
MA-56,45576,0.03730385,0.58030542,0.39476918,0.49376695,0.50623305,0.1251515,0.31246032,0.00161598,0.07534484,0.02135396,34654,0.18553624,0.65487792,0.32437389,0.33050403,-0.14496779,Minority,0.22885884,MA,1
MA-57,45410,0.03352572,0.62817121,0.34381323,0.35465234,0.64534766,0.17696507,0.43001993,0.00132883,0.0653725,0.02813646,34617,0.28435798,0.7232747,0.25893099,0.46434371,-0.17998573,Hispanic,0.33935322,MA,1
MA-58,45246,0.0297931,0.67295085,0.30121417,0.79479143,0.20520857,0.04969227,0.11727832,0.00091178,0.03088671,0.01068498,35096,0.37173668,0.71056101,0.26889556,0.44166545,-0.06992877,White,0.39004627,MA,1
MA-59,43358,-0.01317754,0.68923429,0.28,0.70033963,0.29966037,0.07672211,0.06148219,0.00113211,0.12569305,0.00853436,34449,0.40923429,0.72326617,0.25730647,0.4659597,-0.05672541,White,0.42314276,MA,1
MA-60,45022,0.02469489,0.69641346,0.26609386,0.42103431,0.57896569,0.16224323,0.09330727,0.00096414,0.27295857,0.00964139,37339,0.4303196,0.7597589,0.21894374,0.54081516,-0.11049556,Minority,0.46215145,MA,1
MA-61,42303,-0.0371892,0.70285137,0.25870004,0.59582099,0.40417901,0.1018667,0.06700541,0.00154879,0.19234845,0.00782545,36803,0.44415133,0.75610268,0.22394876,0.53215392,-0.08800259,White,0.46848553,MA,1
MA-62,45235,0.02954274,0.69487751,0.27225252,0.76390762,0.23609238,0.06116543,0.03680602,0.00120814,0.113902,0.00679928,35592,0.42262499,0.7143581,0.26269499,0.45166311,-0.02903812,White,0.42730436,MA,1
MA-63,43667,-0.00614474,0.57291667,0.39995748,0.75715613,0.24284387,0.05409665,0.05204199,0.00047848,0.09426103,0.00802162,35529,0.17295919,0.60763889,0.37421462,0.23342427,-0.06046508,White,0.18811422,MA,1
MA-64,45897,0.04460977,0.57423766,0.40288302,0.85374541,0.14625459,0.02635314,0.03661051,0.00048207,0.05932135,0.0065615,37339,0.17135464,0.60764245,0.37202961,0.23561284,-0.0642582,White,0.18777404,MA,1
MA-65,45509,0.03577894,0.59941288,0.37893283,0.89005162,0.10994838,0.01638789,0.02507545,0.00070516,0.05096889,0.00668491,35453,0.22048005,0.62358905,0.35346401,0.27012504,-0.04964499,White,0.23202838,MA,1
MA-66,42738,-0.02728866,0.49200236,0.48555708,0.87617952,0.12382048,0.02465478,0.03236479,0.00106444,0.04726697,0.00667434,34760,0.00644528,0.52663438,0.45233051,0.07430387,-0.06785859,White,0.02406481,MA,1
MA-67,42095,-0.04192325,0.57100042,0.39843816,0.76337554,0.23662446,0.03560795,0.02902168,0.00099245,0.15416078,0.00646597,33251,0.17256226,0.6112703,0.36680197,0.24446833,-0.07190607,White,0.19153095,MA,1
MA-68,45072,0.02583288,0.75610251,0.20709963,0.66085111,0.33914889,0.02416598,0.02914653,0.00117883,0.2702169,0.00545208,33932,0.54900288,0.7849527,0.19300946,0.59194324,-0.04294036,White,0.55831633,MA,1
MA-69,42141,-0.0408763,0.81678482,0.15291695,0.78212392,0.21787608,0.03049662,0.0395974,0.00087392,0.13066538,0.00744335,33184,0.66386787,0.82894485,0.15362862,0.67531623,-0.01144836,White,0.66268399,MA,1
MA-70,43247,-0.01570388,0.85683646,0.09629133,0.73374115,0.26625885,0.05207496,0.06228777,0.00106275,0.13331087,0.0074652,38579,0.76054513,0.8898616,0.08941971,0.80044189,-0.03989676,White,0.76884405,MA,1
MA-71,41965,-0.04488204,0.81351574,0.13963176,0.61457448,0.38542552,0.08131977,0.13356737,0.00159074,0.12229505,0.01182085,36461,0.67388398,0.8574966,0.12133424,0.73616236,-0.06227838,White,0.68964344,MA,1
MA-72,45007,0.02435349,0.85265546,0.09947065,0.51030851,0.48969149,0.12357728,0.10380891,0.00184704,0.25237121,0.01085763,40064,0.75318481,0.90214442,0.07774171,0.82440271,-0.0712179,White,0.77192411,MA,1
MA-73,45594,0.03771353,0.89884049,0.05813827,0.61456381,0.38543619,0.08574862,0.07853881,0.0024273,0.21192021,0.00908435,41610,0.84070222,0.93477837,0.04607891,0.88869946,-0.04799724,White,0.8517013,MA,1
MA-74,45366,0.03252428,0.8194187,0.13711036,0.64577952,0.35422048,0.10510235,0.05591201,0.00155543,0.18351249,0.00749938,36003,0.68230834,0.85803536,0.12082515,0.73721021,-0.05490187,White,0.69560896,MA,1
MA-75,45060,0.02555976,0.75561592,0.20920105,0.7484265,0.2515735,0.04091103,0.06229998,0.00093343,0.12115959,0.00698741,37496,0.54641487,0.78114204,0.19483845,0.58630359,-0.03988872,White,0.55471111,MA,1
MA-76,45363,0.032456,0.69036179,0.28341534,0.60697109,0.39302891,0.07907121,0.16584786,0.00111186,0.12548482,0.01184258,38674,0.40694645,0.72371353,0.25214854,0.47156499,-0.06461854,White,0.42348596,MA,1
MA-77,45891,0.04447321,0.71824812,0.25442478,0.73833202,0.26166798,0.04530965,0.05860556,0.00136229,0.14336703,0.00681143,36703,0.46382334,0.73340683,0.23994526,0.49346157,-0.02963823,White,0.46870275,MA,1
MA-78,43778,-0.00361839,0.73232384,0.23819252,0.77618782,0.22381218,0.0268269,0.03975553,0.0012341,0.13281227,0.00778656,34033,0.49413132,0.7559028,0.22132651,0.53457629,-0.04044497,White,0.50261298,MA,1
MA-79,42264,-0.03807684,0.77588642,0.19548872,0.808621,0.191379,0.03106231,0.04086028,0.00063702,0.09540132,0.00831159,32966,0.5803977,0.78288215,0.19107695,0.5918052,-0.0114075,White,0.5792002,MA,1
MA-80,43497,-0.01001392,0.68314373,0.28392886,0.76499027,0.23500973,0.02426154,0.04271564,0.00094334,0.11794706,0.00846059,33922,0.39921487,0.71184812,0.26140425,0.45044387,-0.051229,White,0.4112912,MA,1
MA-81,45651,0.03901084,0.71790314,0.25060765,0.78468845,0.21531155,0.03658261,0.05071808,0.00115911,0.09086283,0.00743526,35372,0.46729549,0.74032359,0.2354418,0.50488179,-0.0375863,White,0.47482426,MA,1
MA-82,45645,0.03887429,0.68661596,0.28573459,0.45687691,0.54312309,0.09391498,0.20052792,0.00122256,0.08338427,0.01967213,35990,0.40088137,0.74637497,0.23219283,0.51418214,-0.11330077,Minority,0.43364829,MA,1
MA-83,43974,0.00084254,0.61658178,0.35186757,0.47772545,0.52227455,0.09038523,0.19931553,0.00187206,0.18752742,0.0131629,34187,0.26471421,0.6724846,0.30614733,0.36633727,-0.10162306,Minority,0.29358856,MA,1
MA-84,43459,-0.01087879,0.58302314,0.39334844,0.49474359,0.50525641,0.11153499,0.21581875,0.0020385,0.15524622,0.0135997,34339,0.1896747,0.64464234,0.33424303,0.31039931,-0.12072461,Minority,0.22491624,MA,1
MA-85,44135,0.00450688,0.60504344,0.36973937,0.50971872,0.49028128,0.07126097,0.10616726,0.00179601,0.28747719,0.00776339,34521,0.23530407,0.64020772,0.33695422,0.3032535,-0.06794943,White,0.25295388,MA,1
MA-86,45021,0.02467213,0.62814276,0.34051324,0.77775859,0.22224141,0.01796355,0.02657109,0.00092121,0.15951291,0.0082333,34737,0.28762952,0.64891942,0.32349363,0.32542579,-0.03779627,White,0.29522828,MA,1
MA-87,43135,-0.01825299,0.79044316,0.17780347,0.1554229,0.8445771,0.50385283,0.23452015,0.0023452,0.10870161,0.02016264,32833,0.61263969,0.85609944,0.13006151,0.72603793,-0.11339824,Black,0.6454391,MA,1
MA-88,44204,0.00607731,0.82221799,0.14684959,0.44560826,0.55439174,0.1807139,0.13055563,0.00195589,0.24126927,0.00743753,38857,0.6753684,0.87526539,0.10810333,0.76716206,-0.09179366,Minority,0.70096629,MA,1
MA-89,43799,-0.00314044,0.84299124,0.12196496,0.32367083,0.67632917,0.39466121,0.2103736,0.00234884,0.10481375,0.01768542,36188,0.72102628,0.91067909,0.07440746,0.83627163,-0.11524535,Black,0.7544414,MA,1
MA-90,42253,-0.0383272,0.83068568,0.12939579,0.49439617,0.50560383,0.14512026,0.12477018,0.00173782,0.236746,0.00964614,39705,0.70128989,0.89858357,0.08555241,0.81303116,-0.11174127,Minority,0.73353698,MA,1
MA-91,42620,-0.02997432,0.83151397,0.12497177,0.30034325,0.69965675,0.32814645,0.25898169,0.00297483,0.15011442,0.01741991,34960,0.7065422,0.90572538,0.0743548,0.83137058,-0.12482838,Black,0.74315166,MA,1
MA-92,44123,0.00423376,0.78150366,0.18789088,0.19078753,0.80921247,0.53665464,0.18836164,0.00298799,0.11934205,0.01630081,33802,0.59361278,0.84584324,0.13933293,0.70651031,-0.11289753,Black,0.62624529,MA,1
MA-93,43611,-0.00741929,0.86435362,0.10168578,0.28283256,0.71716744,0.48768515,0.21066441,0.00245451,0.05019044,0.01500917,35445,0.76266784,0.9132824,0.0740294,0.839253,-0.07658516,Black,0.78319623,MA,1
MA-94,43768,-0.00384599,0.74670513,0.22375292,0.37573108,0.62426892,0.38453298,0.21932364,0.00211361,0.0451966,0.01577972,34538,0.52295221,0.80019899,0.18356548,0.61663351,-0.0936813,Black,0.54917931,MA,1
MA-95,43325,-0.01392861,0.72735038,0.24366494,0.36929673,0.63070327,0.39428182,0.12759433,0.00190227,0.12606116,0.01354306,35221,0.48368544,0.78587353,0.19700041,0.58887312,-0.10518768,Black,0.513748,MA,1
MA-96,42914,-0.02328292,0.75341353,0.21316675,0.76983135,0.23016865,0.06568309,0.08068684,0.00105582,0.07651913,0.00958573,35991,0.54024678,0.78444144,0.19576274,0.5886787,-0.04843192,White,0.55139075,MA,1
MA-97,42815,-0.02553615,0.62495137,0.34396749,0.82319686,0.17680314,0.04406526,0.06280655,0.00144561,0.06724663,0.00560173,38738,0.28098388,0.71242885,0.26399709,0.44843176,-0.16744788,White,0.33179984,MA,1
MA-98,45068,0.02574184,0.79858344,0.16208183,0.66140201,0.33859799,0.06255929,0.08850313,0.00147031,0.17551224,0.00699583,42168,0.63650161,0.84323014,0.13110058,0.71212956,-0.07562795,White,0.65671093,MA,1
MA-99,44528,0.01345151,0.7285326,0.23835836,0.76181532,0.23818468,0.04865729,0.06911518,0.00134525,0.11259455,0.00908676,39398,0.49017424,0.77335343,0.20407821,0.56927522,-0.07910098,White,0.51154123,MA,1
MA-100,43066,-0.01982342,0.68301376,0.27699765,0.40311836,0.59688164,0.0627692,0.46677769,0.00149314,0.05682536,0.01995635,34826,0.40601611,0.75792099,0.22246191,0.53545908,-0.12944297,Hispanic,0.44416377,MA,1
MA-101,42506,-0.03256895,0.77805121,0.16494845,0.5899974,0.4100026,0.06457411,0.10531388,0.00164105,0.22219328,0.00906486,38390,0.61310276,0.83352824,0.13787861,0.69564963,-0.08254687,White,0.63561838,MA,1
MA-102,43413,-0.01192575,0.83220686,0.12568984,0.66498811,0.33501189,0.0508167,0.07328545,0.00171264,0.19493367,0.00761739,39121,0.70651702,0.86317457,0.11585099,0.74732358,-0.04080656,White,0.71511921,MA,1
MA-103,43690,-0.00562126,0.83018025,0.1327772,0.68123267,0.31876733,0.04297597,0.06270217,0.0014152,0.20092999,0.0074226,34624,0.69740305,0.86462961,0.11764439,0.74698522,-0.04958217,White,0.70893044,MA,1
MA-104,42301,-0.03723472,0.60494622,0.36526616,0.37104471,0.62895529,0.17125141,0.25651236,0.00106386,0.08158303,0.01437734,32899,0.23968006,0.70985784,0.27437272,0.43548512,-0.19580506,Minority,0.29994841,MA,1
MA-105,42523,-0.03218203,0.66486307,0.30289311,0.2516856,0.7483144,0.10898679,0.57889228,0.00184723,0.04805887,0.02573812,32481,0.36196996,0.76956282,0.21693608,0.55262674,-0.19065678,Hispanic,0.42052222,MA,1
MA-106,42766,-0.02665138,0.51105126,0.45900341,0.47426722,0.52573278,0.07569863,0.34582603,0.00151457,0.06028569,0.01808571,33673,0.05204785,0.61984598,0.36495604,0.25488994,-0.20284209,Minority,0.11466188,MA,1
MA-107,43774,-0.00370943,0.56305289,0.40851687,0.61777155,0.38222845,0.05311843,0.25628591,0.0010932,0.04877365,0.01289418,35675,0.15453602,0.64740429,0.33420134,0.31320295,-0.15866693,White,0.202425,MA,1
MA-108,42670,-0.02883633,0.65956273,0.31471025,0.87189859,0.12810141,0.02709016,0.05033471,0.00119641,0.02677681,0.01079618,35105,0.34485248,0.68314928,0.29468303,0.38846625,-0.04361377,White,0.3543904,MA,1
MA-109,44480,0.01235904,0.7140513,0.25766474,0.72645428,0.27354572,0.07306878,0.16760001,0.00158088,0.03579754,0.01267383,37321,0.45638656,0.75039554,0.22620535,0.52419019,-0.06780363,White,0.47398777,MA,1
MA-110,44457,0.01183556,0.77654886,0.19205017,0.73320237,0.26679763,0.04068443,0.0511616,0.00113882,0.15644574,0.00677599,35124,0.58449869,0.80685469,0.1728351,0.63401959,-0.0495209,White,0.59600566,MA,1
MA-111,44466,0.0120404,0.78427978,0.18035838,0.72076216,0.27923784,0.04079301,0.03810775,0.00108553,0.18448266,0.00442781,35006,0.6039214,0.81985968,0.15945149,0.66040819,-0.05648679,White,0.61775033,MA,1
MA-112,41793,-0.04879674,0.60784964,0.36766169,0.62615261,0.37384739,0.04640267,0.13685059,0.00086539,0.06591865,0.01668109,33511,0.24018795,0.65872643,0.31865434,0.34007209,-0.09988414,White,0.26848266,MA,1
MA-113,41991,-0.04429028,0.67955342,0.29185639,0.75356532,0.24643468,0.02462445,0.04192812,0.00060214,0.13782722,0.00662357,31554,0.38769703,0.70126144,0.27405814,0.4272033,-0.03950627,White,0.39586579,MA,1
MA-114,42178,-0.04003419,0.65121445,0.31516588,0.87642441,0.12357559,0.01715624,0.02513295,0.00063307,0.0578311,0.00693213,31592,0.33604857,0.68032012,0.29450709,0.38581303,-0.04976446,White,0.34763672,MA,1
MA-115,43232,-0.01604528,0.50354473,0.46917623,0.88609803,0.11390197,0.02572824,0.0291296,0.00110472,0.03657189,0.00880865,34398,0.0343685,0.54409305,0.42789266,0.11620039,-0.08183189,White,0.0566458,MA,1
MA-116,42212,-0.03926035,0.58648544,0.38687379,0.87904433,0.12095567,0.02224191,0.02975772,0.00082491,0.05019706,0.00705753,32731,0.19961165,0.61490779,0.35756362,0.25734417,-0.05773252,White,0.21385582,MA,1
MA-117,42294,-0.03739404,0.73993318,0.22498681,0.76331213,0.23668787,0.02715426,0.04336576,0.00121586,0.15154633,0.00392817,32076,0.51494637,0.76957029,0.20594604,0.56362425,-0.04867788,White,0.52617233,MA,1
MA-118,44711,0.01761657,0.68849302,0.28084145,0.81920627,0.18079373,0.05127244,0.05571087,0.00072052,0.06303139,0.00611004,34697,0.40765157,0.72355684,0.25429238,0.46926446,-0.06161289,White,0.4231892,MA,1
MA-119,41847,-0.0475677,0.56217638,0.41055621,0.81787651,0.18212349,0.05339537,0.04516884,0.00086271,0.06541163,0.00693246,32456,0.15162017,0.59750885,0.3753002,0.22220865,-0.07058848,White,0.17014966,MA,1
MA-120,44075,0.00314129,0.59919533,0.36982498,0.80683937,0.19316063,0.06033221,0.04954529,0.00045902,0.06345928,0.00932381,34857,0.22937035,0.64041588,0.33500945,0.30540643,-0.07603608,White,0.24971571,MA,1
MA-121,42945,-0.02257736,0.64782785,0.32440114,0.73630979,0.26369021,0.07972665,0.03274108,0.00094153,0.13816249,0.0064085,32925,0.32342671,0.68960233,0.28993947,0.39966286,-0.07623615,White,0.34383876,MA,1
MA-122,45463,0.03473199,0.59229445,0.38596642,0.66289803,0.33710197,0.19252826,0.05527336,0.00095581,0.05379868,0.01133322,36618,0.20632803,0.63445156,0.34614601,0.28830555,-0.08197752,White,0.22865387,MA,1
MA-123,44786,0.01932356,0.68156916,0.29470749,0.39172911,0.60827089,0.37599223,0.08159867,0.00158201,0.14368582,0.01179573,36030,0.38686167,0.72904772,0.255219,0.47382872,-0.08696705,Minority,0.41085069,MA,1
MA-124,44710,0.01759381,0.5374479,0.43560813,0.74623818,0.25376182,0.05193824,0.04323992,0.00131454,0.13262852,0.00808301,35754,0.10183977,0.5901587,0.38814898,0.20200972,-0.10016995,White,0.13022975,MA,1
MA-125,42068,-0.04253777,0.55004367,0.42467249,0.8025368,0.1974632,0.05406491,0.03876948,0.00103309,0.0716274,0.01041697,34847,0.12537118,0.5976137,0.37985366,0.21776004,-0.09238886,White,0.15116747,MA,1
MA-126,43382,-0.0126313,0.67492958,0.29742145,0.67483641,0.32516359,0.13963543,0.04948586,0.00160668,0.12388993,0.00823791,34232,0.37750813,0.70904368,0.27078259,0.43826109,-0.06075296,White,0.39275912,MA,1
MA-127,42064,-0.04262881,0.61799297,0.3520554,0.53799519,0.46200481,0.0436386,0.035844,0.00083813,0.37539811,0.00625803,35794,0.26593757,0.67427083,0.30369792,0.37057291,-0.10463534,White,0.29581602,MA,1
MA-128,44820,0.02009739,0.59987491,0.36873827,0.5861173,0.4138827,0.08176901,0.0515166,0.00140524,0.26315092,0.00811327,37716,0.23113664,0.65752788,0.31990913,0.33761875,-0.10648211,White,0.26163068,MA,1
MA-129,42478,-0.03320622,0.55702228,0.41097644,0.85307531,0.14692469,0.04851485,0.03111311,0.00039004,0.05130513,0.00726073,33330,0.14604584,0.60904841,0.36726809,0.24178032,-0.09573448,White,0.17295733,MA,1
MA-130,44260,0.00735186,0.53736885,0.43603713,0.86507188,0.13492812,0.04939779,0.03080424,0.0009158,0.03482822,0.00935228,36034,0.10133172,0.57400071,0.40018829,0.17381242,-0.0724807,White,0.12049195,MA,1
MA-131,42382,-0.03539117,0.53637293,0.43598631,0.83310874,0.16689126,0.04497949,0.04581799,0.00101818,0.05686821,0.01191867,33393,0.10038662,0.57920447,0.39650209,0.18270238,-0.08231576,White,0.12282521,MA,1
MA-132,42256,-0.03825892,0.52500451,0.44999097,0.80834269,0.19165731,0.05779578,0.06660557,0.00127121,0.04665051,0.01315556,33826,0.07501354,0.5614043,0.4125454,0.1488589,-0.07384536,White,0.09462866,MA,1
MA-133,45935,0.04547465,0.42964562,0.55150207,0.91894766,0.08105234,0.0176663,0.0195747,0.00109051,0.0188386,0.01196838,36680,-0.12185645,0.47504144,0.5036655,-0.02862406,-0.09323239,White,-0.09577899,MA,1
MA-134,42409,-0.03477666,0.48516741,0.49645545,0.82797547,0.17202453,0.05499096,0.0728571,0.00159995,0.02062161,0.01312554,33751,-0.01128804,0.54590164,0.4362771,0.10962454,-0.12091258,White,0.02401615,MA,1
MA-135,42358,-0.03593741,0.46456337,0.51527753,0.70971691,0.29028309,0.08661056,0.13000765,0.0020505,0.03739862,0.01582249,32675,-0.05071416,0.53961761,0.439751,0.09986661,-0.15058077,White,-0.00552057,MA,1
MA-136,43875,-0.00141069,0.47207348,0.51012146,0.87752532,0.12247468,0.03629893,0.04782371,0.00101287,0.01694498,0.01004654,36530,-0.03804798,0.5275628,0.45427818,0.07328462,-0.1113326,White,-0.00593711,MA,1
MA-137,43040,-0.02041518,0.45605955,0.52304972,0.84572766,0.15427234,0.0674923,0.03564233,0.00154065,0.02352453,0.01194003,33752,-0.06699017,0.49843829,0.47661658,0.02182171,-0.08881188,White,-0.04238621,MA,1
MA-138,43033,-0.0205745,0.50723215,0.47179461,0.7695918,0.2304082,0.11582698,0.06367877,0.00133268,0.0146015,0.01239969,34517,0.03543754,0.56700494,0.40994015,0.15706479,-0.12162725,White,0.07097996,MA,1
MA-139,42453,-0.03377522,0.42828061,0.55390698,0.92542787,0.07457213,0.01737688,0.01906508,0.00072767,0.01088602,0.00940156,34356,-0.12562637,0.47551894,0.50396134,-0.0284424,-0.09718397,White,-0.09823171,MA,1
MA-140,45682,0.0397164,0.48249102,0.49628014,0.65350988,0.34649012,0.09943493,0.20255264,0.00171488,0.0120885,0.02617301,35571,-0.01378912,0.56246307,0.4186306,0.14383247,-0.15762159,White,0.03375141,MA,1
MA-141,43858,-0.0017976,0.57498449,0.40281321,0.58126876,0.41873124,0.15029718,0.20620255,0.00211852,0.01427058,0.02556935,33986,0.17217128,0.65577313,0.3255233,0.33024983,-0.15807855,White,0.21986413,MA,1
MA-142,45322,0.03152285,0.50444949,0.47836329,0.80073376,0.19926624,0.06927856,0.07034974,0.00107118,0.02752932,0.01028333,37342,0.0260862,0.5625055,0.4201074,0.1423981,-0.1163119,White,0.05985683,MA,1
MA-143,42059,-0.04274261,0.73446427,0.24347367,0.23210091,0.76789909,0.54139717,0.11722496,0.00257425,0.02152717,0.01377224,31077,0.4909906,0.79915579,0.18572525,0.61343054,-0.12243994,Black,0.52680391,MA,1
MA-144,44767,0.01889112,0.69002839,0.28950793,0.37530301,0.62469699,0.4432356,0.09872446,0.00216438,0.03529378,0.01324599,34652,0.40052046,0.7413484,0.24496116,0.49638724,-0.09586678,Black,0.42747605,MA,1
MA-145,43586,-0.00798829,0.546645,0.43194418,0.65277737,0.34722263,0.21580627,0.06603028,0.00169834,0.02307399,0.01074639,34151,0.11470082,0.59596475,0.38348794,0.21247681,-0.09777599,White,0.14229282,MA,1
MA-146,42922,-0.02310084,0.51477898,0.4670461,0.87343974,0.12656026,0.03952203,0.02316906,0.00100979,0.01321141,0.01711032,35651,0.04773288,0.55131034,0.42554097,0.12576937,-0.07803649,White,0.06874504,MA,1
MA-147,44522,0.01331495,0.42041009,0.55981017,0.92075833,0.07924167,0.02321192,0.01647934,0.00067608,0.0116623,0.01095806,35499,-0.13940008,0.46462644,0.50978338,-0.04515694,-0.09424314,White,-0.1129857,MA,1
MA-148,43073,-0.0196641,0.46853572,0.51041576,0.84875364,0.15124636,0.07324169,0.03482403,0.00065598,0.02016428,0.00944042,35062,-0.04188004,0.50767652,0.46777573,0.03990079,-0.08178083,White,-0.01961976,MA,1
MA-149,44121,0.00418824,0.46322437,0.51363299,0.91348696,0.08651304,0.02367544,0.01942305,0.00094817,0.01445236,0.01045857,34804,-0.05040862,0.51299635,0.45935184,0.05364451,-0.10405313,White,-0.02072424,MA,1
MA-150,43987,0.00113842,0.49986772,0.47484788,0.89298904,0.10701096,0.0270925,0.02144946,0.00041363,0.02579254,0.00794753,33847,0.02501984,0.54013761,0.43452205,0.10561556,-0.08059572,White,0.04688508,MA,1
MA-151,42737,-0.02731142,0.63544622,0.33506913,0.93207935,0.06792065,0.01043305,0.01835611,0.00060481,0.02162211,0.00762066,33068,0.30037709,0.6629512,0.31347919,0.34947201,-0.04909492,White,0.31174206,MA,1
MA-152,44888,0.02164506,0.55979611,0.42033721,0.94324721,0.05675279,0.01080334,0.01413178,0.00138215,0.01046485,0.00626199,35452,0.1394589,0.589417,0.39055849,0.19885851,-0.05939961,White,0.15425877,MA,1
MA-153,45991,0.0467492,0.54800431,0.42781084,0.90890833,0.09109167,0.02066138,0.02035875,0.00088038,0.01702982,0.01056454,36348,0.12019347,0.58534381,0.38959188,0.19575193,-0.07555846,White,0.14037962,MA,1
MA-154,45024,0.02474041,0.53168525,0.4470189,0.9092558,0.0907442,0.02471642,0.02420206,0.00097458,0.01413141,0.01028723,36939,0.08466635,0.56024586,0.415133,0.14511286,-0.06044651,White,0.09981519,MA,1
MA-155,45745,0.04115027,0.56152637,0.41599481,0.89552546,0.10447454,0.02762857,0.01963556,0.00128505,0.01873603,0.01490658,38909,0.14553156,0.58402955,0.39508389,0.18894566,-0.0434141,White,0.15500293,MA,1
MA-156,42079,-0.04228741,0.72225434,0.25326177,0.79197853,0.20802147,0.06397401,0.06148849,0.0025985,0.02157887,0.01756814,35405,0.46899257,0.75154094,0.22869527,0.52284567,-0.0538531,White,0.4819436,MA,1
MA-157,45979,0.04647608,0.54560725,0.43290441,0.90023845,0.09976155,0.02324918,0.0216163,0.00106267,0.01723602,0.01998341,38582,0.11270284,0.56460077,0.41646882,0.14813195,-0.03542911,White,0.11951254,MA,1
MA-158,45297,0.03095385,0.55050526,0.42866054,0.76175649,0.23824351,0.06365935,0.05296075,0.00226214,0.02166334,0.01676647,37575,0.12184472,0.583134,0.39894587,0.18418813,-0.06234341,White,0.13762586,MA,1
MA-159,42974,-0.02191733,0.59431329,0.38555919,0.88844973,0.11155027,0.03685405,0.02446255,0.00085459,0.01548938,0.00985445,37445,0.2087541,0.61554486,0.36413619,0.25140867,-0.04265457,White,0.21797229,MA,1
MA-160,41777,-0.04916089,0.68063054,0.296674,0.91320126,0.08679874,0.03053681,0.02260692,0.00064514,0.0107524,0.00954275,37201,0.38395654,0.68688233,0.29074977,0.39613256,-0.01217602,White,0.38301521,MA,1
MD-1,43702,-0.00217007,0.29917946,0.67658688,0.80068831,0.19931169,0.0998354,0.06535987,0.00176567,0.01319767,0.02046985,33415,-0.37740742,0.31927737,0.65402071,-0.33474334,-0.04266408,White,-0.36818606,MD,1
MD-2,43856,0.00134615,0.40915821,0.56211224,0.83583139,0.16416861,0.08880515,0.03551644,0.00168724,0.02052811,0.0171255,35561,-0.15295403,0.4154687,0.55753968,-0.14207098,-0.01088305,White,-0.15432635,MD,1
MD-3,42135,-0.03794874,0.37461915,0.59915982,0.79283973,0.20716027,0.10978062,0.05508836,0.00140158,0.01965265,0.02090189,32820,-0.22454067,0.40347695,0.57052154,-0.16704459,-0.05749608,White,-0.21037531,MD,1
MD-4,42539,-0.02872437,0.37249228,0.60238233,0.81018504,0.18981496,0.0952569,0.04427091,0.00170156,0.02005409,0.02758956,32911,-0.22989005,0.38184174,0.5908453,-0.20900356,-0.02088649,White,-0.22792789,MD,1
MD-5,43854,0.00130049,0.24518002,0.72919086,0.90145363,0.09854637,0.0300552,0.02410196,0.00098257,0.01366934,0.02520013,34603,-0.48401084,0.2633543,0.71287212,-0.44951782,-0.03449302,White,-0.47751317,MD,1
MD-6,44099,0.00689447,0.28275147,0.68662288,0.90126707,0.09873293,0.02658528,0.02372136,0.00081,0.02201458,0.01744388,34568,-0.40387141,0.29103617,0.68023764,-0.38920147,-0.01466994,White,-0.40398143,MD,1
MD-7,44800,0.02290012,0.55230143,0.41631342,0.60534227,0.39465773,0.26865928,0.06538979,0.00346417,0.04314466,0.0241633,34929,0.13598801,0.56413512,0.40807073,0.15606439,-0.02007638,White,0.13768014,MD,1
MD-8,43484,-0.00714757,0.45495441,0.5112462,0.74770256,0.25229744,0.12526278,0.04543816,0.00159169,0.06366749,0.01570665,33298,-0.05629179,0.46773009,0.50134628,-0.03361619,-0.0226756,White,-0.05373326,MD,1
MD-9,42432,-0.03116746,0.56871678,0.40425209,0.51335396,0.48664604,0.37381614,0.06730648,0.00224144,0.02992802,0.02405607,31676,0.16446469,0.58315936,0.39298141,0.19017795,-0.02571326,White,0.16803578,MD,1
MD-10,42686,-0.02536798,0.39911177,0.57003616,0.83830899,0.16169101,0.05843229,0.04005831,0.00154888,0.04449236,0.0148814,32927,-0.17092439,0.40463654,0.56518664,-0.1605501,-0.01037429,White,-0.17246629,MD,1
MD-11,45572,0.04052688,0.36551821,0.60182671,0.8232242,0.1767758,0.06556604,0.02821865,0.0013596,0.06209767,0.01498335,36040,-0.2363085,0.36705213,0.605942,-0.23888987,0.00258137,White,-0.24216896,MD,1
MD-12,43722,-0.00171342,0.44205479,0.5309589,0.64724765,0.35275235,0.21513494,0.04764594,0.00127809,0.07115682,0.02223279,33644,-0.08890411,0.44388894,0.53504514,-0.0911562,0.00225209,White,-0.09465481,MD,1
MD-13,43747,-0.0011426,0.3582967,0.61565934,0.72813267,0.27186733,0.15084691,0.06878714,0.00135978,0.02104703,0.03319637,33829,-0.25736264,0.38468762,0.59089654,-0.20620892,-0.05115372,White,-0.2453114,MD,1
MD-14,42894,-0.0206188,0.35572938,0.61672684,0.69555243,0.30444757,0.11323871,0.12905298,0.00131531,0.03132265,0.03474856,32692,-0.26099746,0.37100915,0.60529261,-0.23428346,-0.026714,White,-0.25709279,MD,1
MD-15,43911,0.00260194,0.4765625,0.49813433,0.5689845,0.4310155,0.31696867,0.06471481,0.0011604,0.02457675,0.02773067,33609,-0.02157183,0.48257713,0.4938294,-0.01125227,-0.01031956,White,-0.02313198,MD,1
MD-16,42724,-0.02450034,0.41323161,0.55102257,0.90032587,0.09967413,0.02179437,0.02418607,0.00068761,0.03049419,0.01366259,33449,-0.13779096,0.41478526,0.552942,-0.13815674,0.00036578,White,-0.14291289,MD,1
MD-17,42214,-0.03614496,0.5749755,0.38703505,0.66366429,0.33633571,0.13248233,0.07569567,0.00125265,0.11697337,0.0118405,33529,0.18794045,0.58506149,0.38694015,0.19812134,-0.01018089,White,0.18633408,MD,1
MD-18,42592,-0.02751424,0.64178909,0.32403331,0.61799976,0.38200024,0.22697566,0.07743734,0.0011692,0.06940281,0.01457009,33356,0.31775578,0.65229235,0.31883329,0.33345906,-0.01570328,White,0.31799021,MD,1
MD-19,44707,0.02077669,0.53533698,0.43401639,0.62534309,0.37465691,0.19307525,0.03713975,0.0012866,0.12983188,0.01426693,34976,0.10132059,0.54123335,0.43431856,0.10691479,-0.0055942,White,0.09818532,MD,1
MD-20,42864,-0.02130378,0.64147376,0.33228283,0.42075015,0.57924985,0.41630369,0.07014519,0.00093769,0.07955233,0.01814882,33060,0.30919093,0.65252827,0.32715376,0.32537451,-0.01618358,Minority,0.30958546,MD,1
MD-21,42715,-0.02470584,0.64790616,0.32045478,0.53523747,0.46476253,0.34415409,0.05541388,0.00096007,0.05124359,0.01785125,33331,0.32745138,0.64676798,0.32268138,0.3240866,0.00336478,White,0.32132979,MD,1
MD-22,41975,-0.04160195,0.56899919,0.39121237,0.7461143,0.2538857,0.10260054,0.04064106,0.00093741,0.09842758,0.01164197,33070,0.17778682,0.56913394,0.39935423,0.16977971,0.00800711,White,0.17011778,MD,1
MD-23,42648,-0.02623562,0.71017664,0.25193447,0.66414427,0.33585573,0.20818029,0.05020851,0.00124278,0.07337955,0.00897567,36209,0.45824217,0.69722837,0.27220993,0.42501844,0.03322373,White,0.44216759,MD,1
MD-24,43309,-0.01114328,0.62853954,0.33938241,0.75477412,0.24522588,0.13620913,0.03374328,0.00114332,0.0633459,0.00923923,32362,0.28915713,0.68442027,0.29195899,0.39246128,-0.10330415,White,0.31859185,MD,1
MD-25,42977,-0.0187237,0.84942976,0.12370253,0.1778745,0.8221255,0.72607502,0.06213484,0.00184038,0.03181234,0.01618369,34232,0.72572723,0.88386703,0.09968589,0.78418114,-0.05845391,Black,0.74021187,MD,1
MD-26,43368,-0.00979615,0.86919163,0.09915206,0.08719421,0.91280579,0.78554195,0.05601197,0.00128272,0.07406163,0.01304096,32743,0.77003957,0.91211914,0.07483029,0.83728885,-0.06724928,Black,0.787456,MD,1
MD-27,42988,-0.01847254,0.68429224,0.26447234,0.47164826,0.52835174,0.33247239,0.05599097,0.00190001,0.12831018,0.01466572,33684,0.4198199,0.72423123,0.24540457,0.47882666,-0.05900676,Minority,0.43448882,MD,1
MD-28,44528,0.01668965,0.73073861,0.23450892,0.32352631,0.67647369,0.46034092,0.09253786,0.00208454,0.12348937,0.01897198,37898,0.49622969,0.74893925,0.22420444,0.52473481,-0.02850512,Black,0.5007314,MD,1
MD-29,44382,0.01335609,0.72168301,0.23619172,0.33182563,0.66817437,0.38540465,0.13976079,0.00176067,0.13378058,0.0204602,32942,0.48549129,0.75809422,0.21534509,0.54274913,-0.05725784,Black,0.49957724,MD,1
MD-30,43579,-0.00497848,0.69487003,0.26257189,0.38223985,0.61776015,0.31317933,0.09770202,0.00211935,0.19837113,0.0202852,33029,0.43229814,0.72840175,0.24370411,0.48469764,-0.0523995,Minority,0.44476464,MD,1
MD-31,43773,-0.00054895,0.37718351,0.592834,0.84141072,0.15858928,0.06568959,0.03275721,0.00143057,0.03301997,0.02078711,34252,-0.21565049,0.3850566,0.58784906,-0.20279246,-0.01285803,White,-0.21636448,MD,1
MD-32,42898,-0.02052747,0.56532106,0.39744823,0.7028981,0.2971019,0.1759115,0.05063883,0.00227485,0.05593643,0.01489561,32090,0.16787283,0.56491518,0.40202731,0.16288787,0.00498496,White,0.16121118,MD,1
MD-33,44499,0.01602751,0.55222071,0.40718563,0.82438472,0.17561528,0.06212383,0.05056314,0.00211549,0.03980692,0.01588106,33562,0.14503508,0.55290438,0.41315971,0.13974467,0.00529041,White,0.13827161,MD,1
MD-34,44464,0.01522837,0.7992344,0.1729109,0.20843515,0.79156485,0.65653,0.06250943,0.00165928,0.07140918,0.02434609,33147,0.6263235,0.82392384,0.15856788,0.66535596,-0.03903246,Black,0.63433432,MD,1
MD-35,44324,0.0120318,0.7924653,0.18241904,0.24417763,0.75582237,0.6406118,0.06790757,0.00238325,0.04208399,0.02712079,33148,0.61004626,0.80259821,0.18067358,0.62192463,-0.01187837,Black,0.60900572,MD,1
MD-36,45099,0.02972706,0.8060463,0.16787237,0.23471243,0.76528757,0.67199932,0.06240055,0.00184701,0.0244942,0.02787565,35192,0.63817393,0.8112423,0.1705174,0.6407249,-0.00255097,Black,0.63402425,MD,1
MD-37,43540,-0.00586895,0.77596708,0.18962963,0.04031852,0.95968148,0.24367367,0.68843636,0.00198288,0.037895,0.08217928,31772,0.58633745,0.88063923,0.09885448,0.78178475,-0.1954473,Hispanic,0.64648655,MD,1
MD-38,45281,0.03388259,0.82374457,0.13076278,0.13786168,0.86213832,0.45073701,0.39361549,0.00198259,0.02775623,0.03554291,34803,0.69298179,0.88412409,0.09011791,0.79400618,-0.10102439,Black,0.72165659,MD,1
MD-39,45327,0.03493289,0.8013944,0.16335819,0.09118921,0.90881079,0.37912624,0.48926109,0.0022271,0.04744036,0.04152175,32778,0.63803621,0.86471794,0.10614027,0.75857767,-0.12054146,Hispanic,0.6732167,MD,1
MD-40,43710,-0.00198741,0.78827964,0.16712894,0.23345807,0.76654193,0.36404134,0.28551913,0.00196009,0.11790211,0.0255999,33672,0.6211507,0.84190401,0.12954905,0.71235496,-0.09120426,Black,0.64655212,MD,1
MD-41,44049,0.00575284,0.81574704,0.14098889,0.45306589,0.54693411,0.23229656,0.1271804,0.00124413,0.18641615,0.01561508,39385,0.67475815,0.83558282,0.13260298,0.70297984,-0.02822169,Minority,0.67916538,MD,1
MD-42,45892,0.04783331,0.77332597,0.19281101,0.25935196,0.74064804,0.41294422,0.21669051,0.00211794,0.11150842,0.02164705,36356,0.58051496,0.80596878,0.1697888,0.63617998,-0.05566502,Black,0.59406997,MD,1
MD-43,44382,0.01335609,0.76986355,0.19688109,0.36530952,0.63469048,0.46511428,0.09911565,0.00157919,0.06681406,0.0203859,34828,0.57298246,0.78265883,0.1919751,0.59068373,-0.01770127,Black,0.57388288,MD,1
MD-44,44770,0.02221514,0.81108173,0.15232766,0.16874207,0.83125793,0.58728237,0.17352704,0.00164303,0.07433991,0.02300242,34692,0.65875407,0.84938714,0.1256938,0.72369334,-0.06493927,Black,0.67540049,MD,1
MD-45,43974,0.0040404,0.83403885,0.12838504,0.09496724,0.90503276,0.62811197,0.21360929,0.00163788,0.07316855,0.02373437,33580,0.70565381,0.8878325,0.09251148,0.79532102,-0.08966721,Black,0.73054288,MD,1
MD-46,45733,0.04420293,0.89265888,0.08207523,0.04801154,0.95198846,0.73462659,0.18986783,0.00108916,0.03379353,0.02066468,33971,0.81058365,0.92840681,0.05390782,0.87449899,-0.06391534,Black,0.82688876,MD,1
MD-47,45448,0.03769564,0.84730581,0.11938418,0.07809772,0.92190228,0.60240893,0.29753485,0.00218993,0.02624959,0.02373413,33791,0.72792163,0.90123535,0.07310738,0.82812797,-0.10020634,Black,0.75632374,MD,1
MD-48,44850,0.02404175,0.91699196,0.05625718,0.02024151,0.97975849,0.87956447,0.0951264,0.00121623,0.01248082,0.01517389,34533,0.86073478,0.94677098,0.03359411,0.91317687,-0.05244209,Black,0.87321548,MD,1
MD-49,44814,0.02321977,0.90761102,0.07075539,0.05222295,0.94777705,0.88453147,0.03437137,0.0007084,0.03652489,0.0120994,35291,0.83685563,0.93226839,0.05383343,0.87843496,-0.04157933,Black,0.84571541,MD,1
MD-50,44162,0.00833292,0.86695535,0.10773876,0.15022723,0.84977277,0.76039672,0.05584932,0.00182925,0.03904307,0.01823534,34987,0.75921659,0.88815364,0.09465678,0.79349686,-0.03428027,Black,0.76564335,MD,1
MD-51,43888,0.00207679,0.92071723,0.05763141,0.03556277,0.96443723,0.89539022,0.05389938,0.00122434,0.02263603,0.01466359,35121,0.86308582,0.94311568,0.04145739,0.90165829,-0.03857247,Black,0.87094331,MD,1
MD-52,45128,0.03038921,0.91857229,0.05505142,0.02629849,0.97370151,0.89500615,0.07132036,0.00108624,0.01217734,0.01660807,34983,0.86352087,0.94604748,0.03443778,0.9116097,-0.04808883,Black,0.87455048,MD,1
MD-53,44982,0.02705565,0.92147497,0.05031206,0.02388361,0.97611639,0.89501864,0.0724077,0.00123343,0.01188574,0.01637092,35673,0.87116291,0.95218295,0.03020024,0.92198271,-0.0508198,Black,0.88310284,MD,1
MD-54,44484,0.01568502,0.89068323,0.08355187,0.10783454,0.89216546,0.76632079,0.10158613,0.00285561,0.02903673,0.0214312,35369,0.80713136,0.91523731,0.06904338,0.84619393,-0.03906257,Black,0.81515222,MD,1
MD-55,45215,0.03237564,0.8984207,0.07867538,0.06346291,0.93653709,0.79722024,0.10365152,0.0021931,0.03826964,0.01762706,36478,0.81974532,0.92580732,0.05856707,0.86724025,-0.04749493,Black,0.83057696,MD,1
MD-56,45435,0.03739881,0.89138809,0.08121039,0.03995541,0.96004459,0.74351939,0.18177141,0.00194347,0.03884078,0.01974906,34989,0.8101777,0.93085195,0.05243216,0.87841979,-0.06824209,Black,0.82792506,MD,1
MD-57,43805,0.00018169,0.86057394,0.1127997,0.12552454,0.87447546,0.68034472,0.10685217,0.00185879,0.08848959,0.02016504,35507,0.74777424,0.88525912,0.09542246,0.78983666,-0.04206242,Black,0.75679505,MD,1
MD-58,45540,0.03979624,0.74716202,0.21459997,0.24008988,0.75991012,0.25691404,0.35100254,0.00187255,0.15095644,0.02520742,34712,0.53256205,0.8096588,0.16797237,0.64168643,-0.10912438,Hispanic,0.56393684,MD,1
MD-59,43957,0.00365224,0.77359578,0.18415569,0.4474332,0.5525668,0.22666746,0.21145348,0.00112696,0.10860346,0.0235179,33719,0.58944009,0.82188777,0.15454741,0.66734036,-0.07790027,Minority,0.61040685,MD,1
MD-60,45072,0.02911058,0.71042471,0.25298485,0.26068339,0.73931661,0.14819315,0.4208836,0.00164916,0.16329601,0.03118942,34563,0.45743986,0.78701581,0.18507907,0.60193674,-0.14449688,Hispanic,0.50060549,MD,1
MD-61,44238,0.0100682,0.73319651,0.2279374,0.32424726,0.67575274,0.32661382,0.15279995,0.00202441,0.19012318,0.01893248,35072,0.50525911,0.78417525,0.19200383,0.59217142,-0.08691231,Black,0.52922988,MD,1
MD-62,44086,0.00659765,0.71470567,0.2523701,0.58036041,0.41963959,0.16541565,0.10075623,0.00157432,0.14351579,0.01217284,35571,0.46233557,0.73601529,0.24180023,0.49421506,-0.03187949,White,0.46796207,MD,1
MD-63,44724,0.02116484,0.5830678,0.37691738,0.66205917,0.33794083,0.10153873,0.12106987,0.00194152,0.10035063,0.01825611,34509,0.20615042,0.603851,0.36706856,0.23678244,-0.03063202,White,0.21136109,MD,1
MD-64,43202,-0.01358636,0.71025078,0.24970632,0.28962588,0.71037412,0.26242545,0.22657991,0.00213868,0.21796494,0.02048316,33198,0.46054446,0.77244291,0.20197345,0.57046946,-0.109925,Minority,0.49218613,MD,1
MD-65,44255,0.01045636,0.72105523,0.23923655,0.28991368,0.71008632,0.2823082,0.21479447,0.00187119,0.20909036,0.01964749,33134,0.48181868,0.77603276,0.19644431,0.57958845,-0.09776977,Minority,0.5094086,MD,1
MD-66,44776,0.02235214,0.65789474,0.29911163,0.40761192,0.59238808,0.16156606,0.10194977,0.00149743,0.32204024,0.01282171,32055,0.35878311,0.7010159,0.27566254,0.42535336,-0.06657025,Minority,0.37597319,MD,1
MD-67,45419,0.03703349,0.70913435,0.24708301,0.28063622,0.71936378,0.24570261,0.33524004,0.0020429,0.13576536,0.02842551,34265,0.46205134,0.7721137,0.2004129,0.5717008,-0.10964946,Hispanic,0.49360116,MD,1
MD-68,43035,-0.01739941,0.70756821,0.25341028,0.25975199,0.74024801,0.23004455,0.34279437,0.00310017,0.1650614,0.02648688,33224,0.45415793,0.76457923,0.20632382,0.55825541,-0.10409748,Hispanic,0.48385709,MD,1
MD-69,43192,-0.01381469,0.73016215,0.23379842,0.41626469,0.58373531,0.13998145,0.194094,0.00182437,0.24016698,0.01533704,32340,0.49636373,0.76949259,0.20495366,0.56453893,-0.0681752,Minority,0.5140888,MD,1
MD-70,42444,-0.03089347,0.74015136,0.22200912,0.43595539,0.56404461,0.11283271,0.22536803,0.00115985,0.21617844,0.01968773,33625,0.51814224,0.7773734,0.19720287,0.58017053,-0.06202829,Minority,0.53381834,MD,1
MD-71,45717,0.0438376,0.72406898,0.2375906,0.36407059,0.63592941,0.21110889,0.25046478,0.00188771,0.15370535,0.01979235,34963,0.48647838,0.76224853,0.21113678,0.55111175,-0.06463337,Minority,0.50302284,MD,1
MD-72,42678,-0.02555064,0.77337518,0.18682708,0.51709575,0.48290425,0.1414232,0.0956899,0.00199595,0.23601388,0.0131617,34570,0.5865481,0.80328014,0.17154255,0.63173759,-0.04518949,White,0.59661126,MD,1
MD-73,42471,-0.03027699,0.69336904,0.26146417,0.51426203,0.48573797,0.06589088,0.05492953,0.00107464,0.35318861,0.00752249,32569,0.43190487,0.7330175,0.24295102,0.49006648,-0.05816161,White,0.44629207,MD,1
MD-74,44616,0.01869892,0.70367526,0.25070087,0.61074179,0.38925821,0.06228951,0.07043078,0.00163997,0.24289103,0.0059156,34147,0.45297439,0.74846356,0.22819725,0.52026631,-0.06729192,White,0.47040503,MD,1
MD-75,45081,0.02931608,0.78376904,0.17922034,0.60141665,0.39858335,0.09806721,0.10841753,0.00172963,0.17587305,0.01032286,36424,0.6045487,0.81533115,0.16261945,0.6527117,-0.048163,White,0.61560303,MD,1
MD-76,45659,0.04251331,0.83167171,0.13363952,0.73201761,0.26798239,0.04628709,0.07951157,0.00122107,0.12463439,0.00715604,35215,0.69803219,0.84541739,0.1331885,0.71222889,-0.0141967,White,0.69776442,MD,1
MD-77,42599,-0.02735442,0.82260819,0.14344621,0.69165605,0.30834395,0.06519357,0.08637185,0.00183644,0.14143538,0.01001155,33761,0.67916198,0.85172619,0.12906099,0.7226652,-0.04350322,White,0.68866305,MD,1
MD-78,45334,0.03509272,0.8275334,0.13506374,0.63318474,0.36681526,0.17194465,0.10713252,0.00231575,0.07818561,0.01519713,34546,0.69246966,0.85003165,0.12338509,0.72664656,-0.0341769,White,0.69886196,MD,1
MD-79,44618,0.01874459,0.89383836,0.0730417,0.41738382,0.58261618,0.37310532,0.12939315,0.0019155,0.07928488,0.01746155,36022,0.82079666,0.92600945,0.05364965,0.8723598,-0.05156314,Minority,0.83298437,MD,1
MD-80,44672,0.01997755,0.78225149,0.18162433,0.25247104,0.74752896,0.29855679,0.35034261,0.00118246,0.10199503,0.03301801,32982,0.60062716,0.84955805,0.12795871,0.72159934,-0.12097218,Hispanic,0.63595122,MD,1
MD-81,45325,0.03488723,0.78997862,0.17581273,0.15059087,0.84940913,0.5805558,0.15203489,0.00191554,0.12598356,0.01550113,33933,0.61416589,0.85754338,0.12113838,0.736405,-0.12223911,Black,0.64991226,MD,1
MD-82,45615,0.04150868,0.5992269,0.37157547,0.52357003,0.47642997,0.37223311,0.04765152,0.00312562,0.03602989,0.031995,35193,0.22765143,0.58136206,0.39557906,0.185783,0.04186843,White,0.20869529,MD,1
MD-83,45594,0.0410292,0.33732806,0.63697004,0.79476729,0.20523271,0.1266281,0.02790207,0.00179554,0.02225896,0.02627754,35087,-0.29964198,0.3419041,0.63389609,-0.29199199,-0.00764999,White,-0.30209198,MD,1
MD-84,43267,-0.01210225,0.37963038,0.59073516,0.80292105,0.19707895,0.10205271,0.03451873,0.0025774,0.03718818,0.01920776,32591,-0.21110478,0.39010845,0.58037432,-0.19026587,-0.02083891,White,-0.20915848,MD,1
MD-85,44985,0.02712415,0.52783232,0.43564697,0.59545849,0.40454151,0.25143188,0.07547006,0.00344229,0.05956031,0.02600521,34570,0.09218535,0.54006653,0.42546114,0.11460539,-0.02242004,White,0.0946587,MD,1
MD-86,44737,0.02146166,0.43225115,0.54345928,0.73223947,0.26776053,0.17995766,0.03746177,0.00188191,0.02349447,0.02572924,34008,-0.11120813,0.46243964,0.51243069,-0.04999105,-0.06121708,White,-0.09580244,MD,1
MD-87,45537,0.03972774,0.42780315,0.54486518,0.78027581,0.21972419,0.12655001,0.03641789,0.00257851,0.03079731,0.02306177,34516,-0.11706203,0.45393116,0.52265681,-0.06872565,-0.04833638,White,-0.1059499,MD,1
MD-88,44062,0.00604967,0.43997063,0.52795703,0.80693284,0.19306716,0.0809795,0.06490503,0.00095406,0.02145191,0.02309983,34589,-0.0879864,0.45086342,0.52421507,-0.07335165,-0.01463475,White,-0.08810815,MD,1
MD-89,43672,-0.00285505,0.55316575,0.41171801,0.76790847,0.23209153,0.09970129,0.07752353,0.00188807,0.03756411,0.01380826,35486,0.14144774,0.56033297,0.41261288,0.14772009,-0.00627235,White,0.13853852,MD,1
MD-90,44132,0.00764795,0.69525851,0.2715423,0.6363194,0.3636806,0.17856325,0.1406411,0.00145965,0.03302805,0.01611334,34940,0.42371621,0.7101002,0.26385659,0.44624361,-0.0225274,White,0.42622534,MD,1
MD-91,42762,-0.0236327,0.56804065,0.39134468,0.73367255,0.26632745,0.12345258,0.05755329,0.00279234,0.06732649,0.01765381,32231,0.17669597,0.57960437,0.38521975,0.19438462,-0.01768865,White,0.17759219,MD,1
MD-92,44199,0.00917773,0.67222549,0.29244728,0.56366847,0.43633153,0.25969795,0.08839291,0.00426283,0.07560441,0.02268437,32842,0.37977821,0.66202205,0.31039174,0.35163031,0.0281479,White,0.36539558,MD,1
MD-93,45675,0.04287864,0.5908166,0.37268867,0.53330518,0.46669482,0.28023649,0.09163851,0.00281532,0.08023649,0.02446509,35520,0.21812793,0.59060793,0.37778673,0.2128212,0.00530673,White,0.21135902,MD,1
MD-94,41848,-0.04450169,0.46957148,0.49765934,0.65583516,0.34416484,0.17374565,0.08821265,0.00261804,0.05889057,0.02550282,32467,-0.02808786,0.47278247,0.49794196,-0.02515949,-0.00292837,White,-0.03211174,MD,1
MD-95,42540,-0.02870154,0.50090237,0.47033824,0.59086561,0.40913439,0.22405548,0.11588355,0.00176351,0.04656863,0.03039813,33456,0.03056413,0.51175459,0.4625,0.04925459,-0.01869046,White,0.03179428,MD,1
MD-96,44716,0.02098218,0.43470347,0.53689201,0.73894908,0.26105092,0.13886797,0.05190893,0.00199873,0.04643416,0.02288396,34522,-0.10218854,0.43204565,0.53880597,-0.10676032,0.00457178,White,-0.10871247,MD,1
MD-97,42731,-0.02434051,0.87884756,0.08767323,0.13491041,0.86508959,0.80209867,0.04102234,0.00141139,0.01804124,0.01770373,32592,0.79117433,0.9176327,0.06582605,0.85180665,-0.06063232,Black,0.8063851,MD,1
MD-98,44854,0.02413308,0.63437052,0.33350198,0.37506106,0.62493894,0.42082926,0.14698339,0.00186248,0.04399731,0.02381534,32752,0.30086854,0.67061924,0.30473533,0.36588391,-0.06501537,Black,0.31754033,MD,1
MD-99,42091,-0.03895337,0.55397653,0.40691615,0.66256611,0.33743389,0.14805832,0.03976858,0.00189931,0.13271776,0.01770739,34223,0.14706038,0.55189819,0.41497074,0.13692745,0.01013293,White,0.13868274,MD,1
MD-100,42841,-0.02182893,0.90163456,0.06779043,0.11310239,0.88689761,0.77681293,0.06294072,0.00166282,0.04729792,0.016505,32475,0.83384413,0.93586231,0.04875307,0.88710924,-0.05326511,Black,0.84659917,MD,1
MD-101,44780,0.02244347,0.8844627,0.0777788,0.4270073,0.5729927,0.40174661,0.04236184,0.00106882,0.11916058,0.0129562,38360,0.8066839,0.89974677,0.08067288,0.81907389,-0.01238999,Minority,0.8058139,MD,1
MD-102,42389,-0.03214926,0.88072874,0.09000826,0.35852454,0.64147546,0.52396166,0.04060412,0.0010456,0.07502178,0.01243102,34430,0.79072048,0.89758732,0.08298001,0.81460731,-0.02388683,Black,0.79368276,MD,1
MD-103,44908,0.02536604,0.68487482,0.29034761,0.33275493,0.66724507,0.58169935,0.0514489,0.00089652,0.02348314,0.01185725,34578,0.39452721,0.73814876,0.24331885,0.49482991,-0.1003027,Black,0.42296144,MD,1
MD-104,41814,-0.045278,0.9084696,0.05729433,0.125,0.875,0.81269359,0.0279664,0.00139981,0.03362521,0.01465332,33576,0.85117527,0.93982757,0.04364747,0.8961801,-0.04500483,Black,0.86117688,MD,1
MD-105,42716,-0.024683,0.8940611,0.05458225,0.32977872,0.67022128,0.52585918,0.05461024,0.00123938,0.08737638,0.01497586,38729,0.83947885,0.92985666,0.04300091,0.88685575,-0.0473769,Black,0.85027115,MD,1
MD-106,42717,-0.02466017,0.91588843,0.0570227,0.04301955,0.95698045,0.93005912,0.01979688,0.00093982,0.00779142,0.01330908,32985,0.85886573,0.95381964,0.03245261,0.92136703,-0.0625013,Black,0.8746995,MD,1
MD-107,44615,0.01867609,0.83343077,0.13436088,0.41213955,0.58786045,0.48710809,0.0372433,0.00133872,0.05898418,0.01103109,37349,0.69906989,0.85045412,0.12417789,0.72627623,-0.02720634,Black,0.70313867,MD,1
MD-108,42044,-0.04002651,0.82435647,0.13983519,0.62588503,0.37411497,0.18915986,0.08713344,0.00067819,0.08634674,0.01654776,36863,0.68452128,0.82604019,0.14599325,0.68004694,0.00447434,White,0.67802983,MD,1
MD-109,44950,0.02632501,0.84743391,0.1221828,0.27732279,0.72267721,0.66083027,0.03281559,0.00177916,0.01872352,0.0175939,35410,0.72525111,0.86110429,0.11896933,0.74213496,-0.01688385,Black,0.72587906,MD,1
MD-110,42036,-0.04020917,0.86854083,0.10508701,0.12221417,0.87778583,0.80506257,0.05986193,0.00129244,0.01235696,0.01424834,31723,0.76345382,0.90608017,0.0799821,0.82609807,-0.06264425,Black,0.77933524,MD,1
MD-111,43806,0.00020452,0.69203898,0.26833977,0.43039411,0.56960589,0.22312529,0.29857384,0.00095077,0.0379083,0.03361448,32605,0.42369921,0.72898097,0.24387698,0.48510399,-0.06140478,Minority,0.43916747,MD,1
MD-112,43155,-0.0146595,0.76654935,0.19000335,0.47619884,0.52380116,0.27410855,0.07298437,0.00219568,0.16798407,0.01794602,34158,0.576546,0.80241626,0.17026951,0.63214675,-0.05560075,Minority,0.59007958,MD,1
MD-113,43514,-0.0064626,0.77830326,0.18158058,0.47608434,0.52391566,0.28951807,0.11316265,0.00171687,0.11557229,0.01936747,33200,0.59672268,0.79875415,0.17225914,0.62649501,-0.02977233,Minority,0.60164679,MD,1
MD-114,43240,-0.01271873,0.70713088,0.25200777,0.52032844,0.47967156,0.20316186,0.07972058,0.0012868,0.18793468,0.0149208,32639,0.45512311,0.72549184,0.2461325,0.47935934,-0.02423623,White,0.45820185,MD,1
MD-115,43366,-0.00984182,0.58502442,0.36661241,0.65228536,0.34771464,0.08221124,0.03483632,0.0011118,0.21278567,0.01114886,32380,0.21841201,0.59429298,0.37488186,0.21941112,-0.00099911,White,0.21374505,MD,1
MD-116,44127,0.00753378,0.60684506,0.34634627,0.6276436,0.3723564,0.06954458,0.030882,0.00102139,0.25898222,0.01009373,33288,0.26049879,0.62057926,0.35090462,0.26967464,-0.00917585,White,0.25855741,MD,1
MD-117,42569,-0.02803939,0.66395462,0.28801897,0.48267694,0.51732306,0.13277327,0.0448473,0.00148438,0.32969081,0.00938003,31663,0.37593565,0.6865059,0.28592752,0.40057838,-0.02464273,Minority,0.37914989,MD,1
MD-118,43691,-0.00242123,0.87798213,0.10028628,0.13993909,0.86006091,0.7922604,0.0313721,0.00137899,0.03757757,0.01551368,34808,0.77769585,0.90133233,0.0852606,0.81607173,-0.03837588,Black,0.78548781,MD,1
MD-119,43792,-0.00011513,0.79682357,0.17606186,0.29015804,0.70984196,0.54062979,0.08998703,0.00094351,0.07692534,0.01636396,33916,0.62076171,0.82284828,0.15890411,0.66394417,-0.04318246,Black,0.63015586,MD,1
MD-120,42616,-0.02696626,0.42040863,0.5398338,0.85366513,0.14633487,0.05232471,0.03284946,0.00093169,0.04162534,0.01562829,33273,-0.11942517,0.42704243,0.53368753,-0.1066451,-0.01278007,White,-0.12016515,MD,1
MD-121,44013,0.00493087,0.3053013,0.6616356,0.9002762,0.0997238,0.02881233,0.02613752,0.00087222,0.01979939,0.01779328,34395,-0.3563343,0.31224381,0.6520419,-0.33979809,-0.01653621,White,-0.35582223,MD,1
MD-122,43824,0.00061551,0.38129253,0.58497823,0.83280784,0.16719216,0.06450493,0.05195106,0.00121489,0.03092187,0.01865726,34571,-0.2036857,0.39067664,0.57427379,-0.18359715,-0.02008855,White,-0.20198952,MD,1
MD-123,42187,-0.03676144,0.33261514,0.6371821,0.89195038,0.10804962,0.03367978,0.0329178,0.0010363,0.01773904,0.01703801,32809,-0.30456696,0.32600352,0.63857348,-0.31256996,0.008003,White,-0.31223463,MD,1
MD-124,42587,-0.02762841,0.44115684,0.52884687,0.84527256,0.15472744,0.04641823,0.05407677,0.00161888,0.02913982,0.02070297,32121,-0.08769003,0.43897685,0.53079004,-0.09181319,0.00412316,White,-0.09406442,MD,1
MD-125,42260,-0.03509467,0.57467436,0.39683245,0.72751872,0.27248128,0.12347795,0.0850245,0.00153333,0.05041941,0.01746791,33261,0.17784191,0.56263121,0.4097065,0.15292471,0.0249172,White,0.16453618,MD,1
MD-126,42694,-0.02518532,0.68580774,0.28160397,0.47589917,0.52410083,0.21487857,0.23071011,0.00193667,0.0690747,0.02474639,32530,0.40420377,0.70800733,0.26155257,0.44645476,-0.04225099,Minority,0.41328743,MD,1
MD-127,44035,0.00543319,0.50907425,0.45596786,0.73565549,0.26434451,0.07009461,0.0751628,0.00110579,0.09893722,0.01726256,32556,0.05310639,0.52515113,0.44682712,0.07832401,-0.02521762,White,0.05651226,MD,1
MD-128,42934,-0.0197055,0.61058738,0.3549887,0.63726942,0.36273058,0.15781356,0.11620088,0.0020976,0.07381702,0.02005059,32418,0.25559868,0.62494856,0.34505464,0.27989392,-0.02429524,White,0.25869709,MD,1
MD-129,42744,-0.02404369,0.48057053,0.48768344,0.80302061,0.19697939,0.07444962,0.06379221,0.00140069,0.03848847,0.01994458,32841,-0.00711291,0.47976577,0.49131673,-0.01155096,0.00443805,White,-0.01359226,MD,1
MD-130,43277,-0.01187392,0.34139844,0.63279032,0.85027678,0.14972322,0.06051021,0.04457722,0.00181589,0.02433881,0.0210292,34143,-0.29139188,0.34772953,0.62765203,-0.2799225,-0.01146938,White,-0.29256875,MD,1
MD-131,42524,-0.02906686,0.36822553,0.60172535,0.75519051,0.24480949,0.14985245,0.04875819,0.00112298,0.02554125,0.01788932,38291,-0.23349982,0.38179335,0.59526627,-0.21347292,-0.0200269,White,-0.23182419,MD,1
MD-132,43801,0.00009036,0.52866619,0.43849741,0.66176335,0.33823665,0.21346313,0.07947671,0.00181187,0.02745447,0.02616467,32563,0.09016878,0.5495551,0.42422998,0.12532512,-0.03515634,White,0.09688756,MD,1
MD-133,42829,-0.02210292,0.23589049,0.74359933,0.87235784,0.12764216,0.06086829,0.03408858,0.00102324,0.01333138,0.01730741,34205,-0.50770884,0.23726528,0.74505593,-0.50779065,0.00008181,White,-0.51273611,MD,1
MD-134,43793,-0.0000923,0.33694094,0.63572453,0.88824869,0.11175131,0.05927654,0.01377217,0.0008713,0.01708873,0.01821299,35579,-0.29878359,0.35026337,0.62779684,-0.27753347,-0.02125012,White,-0.29670022,MD,1
MD-135,43722,-0.00171342,0.21238592,0.76497175,0.89397117,0.10602883,0.0701107,0.01088428,0.00122116,0.006212,0.01446813,37669,-0.55258583,0.20889228,0.77163623,-0.56274395,0.01015812,White,-0.56097187,MD,1
MD-136,42222,-0.0359623,0.49050052,0.48287699,0.75859361,0.24140639,0.14186006,0.06706218,0.001425,0.01805968,0.01570407,34386,0.00762353,0.49394112,0.48162004,0.01232108,-0.00469755,White,0.00418938,MD,1
MD-137,43086,-0.01623494,0.36945235,0.60558039,0.69252418,0.30747582,0.24361546,0.03538816,0.0015269,0.01281399,0.01835274,33401,-0.23612804,0.39203989,0.58395861,-0.19191872,-0.04420932,White,-0.2263916,MD,1
MD-138,43500,-0.00678225,0.63696577,0.32894095,0.43968613,0.56031387,0.43754338,0.07605251,0.00178059,0.03757356,0.01955636,33135,0.30802482,0.66466982,0.3078852,0.35678462,-0.0487598,Minority,0.31927809,MD,1
MD-139,43120,-0.01545864,0.3930531,0.57951299,0.73021509,0.26978491,0.16367851,0.04944394,0.00178996,0.03811732,0.01880924,34079,-0.18645989,0.400047,0.57301998,-0.17297298,-0.01348691,White,-0.18696425,MD,1
MD-140,43462,-0.00764989,0.39133507,0.58366824,0.62341178,0.37658822,0.30978931,0.02991476,0.00080416,0.01911221,0.02045247,37306,-0.19233317,0.40802646,0.57358324,-0.16555678,-0.02677639,White,-0.18840771,MD,1
MD-141,42447,-0.03082497,0.37418182,0.60090909,0.84736115,0.15263885,0.08453324,0.03291161,0.00042267,0.01775198,0.01363803,35489,-0.22672727,0.39406311,0.58846198,-0.19439887,-0.0323284,White,-0.22095114,MD,1
MI-1,93422,0.01975764,0.53928578,0.44798771,0.72117392,0.27882608,0.18064254,0.05183679,0.00079978,0.02079436,0.01991324,73770,0.09129807,0.53906265,0.44642492,0.09263773,-0.00133966,White,0.08674462,MI,1
MI-2,90761,-0.00928878,0.50113266,0.48319428,0.79174318,0.20825682,0.02544333,0.12881475,0.00103736,0.03341978,0.02087334,71335,0.01793838,0.49733303,0.48411247,0.01322056,0.00471782,White,0.01136577,MI,1
MI-3,95033,0.03734268,0.58521155,0.39921357,0.66415171,0.33584829,0.24051473,0.05583474,0.00108364,0.01110735,0.02774128,73825,0.18599798,0.5965428,0.38560084,0.21094196,-0.02494398,White,0.18931264,MI,1
MI-4,91441,-0.00186617,0.4871047,0.49888616,0.72741328,0.27258672,0.14972872,0.05573132,0.00104505,0.03885302,0.02697092,69853,-0.01178146,0.50024989,0.4809015,0.01934839,-0.03112985,White,-0.00640484,MI,1
MI-5,93718,0.02298866,0.44890306,0.53461935,0.77843188,0.22156812,0.14129947,0.0364635,0.00085653,0.01611083,0.02475766,73553,-0.08571629,0.46068529,0.52039436,-0.05970907,-0.02600722,White,-0.08204722,MI,1
MI-6,92126,0.00561102,0.49785001,0.48509759,0.84224335,0.15775665,0.04185657,0.03754243,0.00167697,0.0328361,0.03904359,73943,0.01275242,0.50387428,0.47644959,0.02742469,-0.01467227,White,0.01264318,MI,1
MI-7,93606,0.02176611,0.60110551,0.38495913,0.58605286,0.41394714,0.26980188,0.10580304,0.00124085,0.02376915,0.02010175,72531,0.21614638,0.61454606,0.37124684,0.24329922,-0.02715284,White,0.22019733,MI,1
MI-8,90951,-0.00721482,0.49471467,0.49238381,0.8017653,0.1982347,0.10200615,0.06231466,0.00038981,0.00968968,0.02231689,71829,0.00233086,0.50879001,0.47538179,0.03340822,-0.03107736,White,0.00768998,MI,1
MI-9,92779,0.01273891,0.5755051,0.40704452,0.80363179,0.19636821,0.08396424,0.03908367,0.00097779,0.05028635,0.02017041,71590,0.16846058,0.57376781,0.40751309,0.16625472,0.00220586,White,0.16272529,MI,1
MI-10,93907,0.02505171,0.74387016,0.23801895,0.65359959,0.34640041,0.21869803,0.07213937,0.00113996,0.03254922,0.02546805,74564,0.50585121,0.74806487,0.23104036,0.51702451,-0.0111733,White,0.50457564,MI,1
MI-11,91901,0.00315501,0.56468449,0.41896736,0.78452276,0.21547724,0.09206529,0.05362075,0.00115996,0.04565289,0.02110031,72416,0.14571713,0.56998314,0.41391675,0.15606639,-0.01034926,White,0.14416688,MI,1
MI-12,93542,0.02106751,0.71925099,0.25882611,0.5952549,0.4047451,0.21765568,0.12238721,0.0018052,0.04381345,0.03171996,73676,0.46042488,0.736229,0.2435259,0.4927031,-0.03227822,White,0.46618429,MI,1
MI-13,92200,0.00641877,0.72650071,0.25382599,0.71297419,0.28702581,0.10207235,0.0479334,0.00123856,0.12186371,0.01302399,78317,0.47267472,0.73879357,0.24707924,0.49171433,-0.01903961,White,0.47402126,MI,1
MI-14,91779,0.0018233,0.54361682,0.43831793,0.77706601,0.22293399,0.10605803,0.05845919,0.00104644,0.03229821,0.02444991,70716,0.10529889,0.55630186,0.423548,0.13275386,-0.02745497,White,0.10945055,MI,1
MI-15,91135,-0.00520635,0.52556818,0.4599463,0.91491036,0.08508964,0.00871038,0.02707822,0.00090705,0.00995091,0.0292925,74968,0.06562188,0.51649184,0.46887739,0.04761445,0.01800743,White,0.0546194,MI,1
MI-16,93364,0.01912454,0.40655512,0.43695108,0.82048003,0.17951997,0.08394083,0.04645379,0.00105157,0.02749712,0.01662617,70371,-0.03039596,0.6147753,0.37137428,0.24340102,-0.27379698,White,0.0558697,MI,1
MI-17,93666,0.02242105,0.36075639,0.41671344,0.79075362,0.20924638,0.09670845,0.04767232,0.00070489,0.0472739,0.00894909,65258,-0.05595705,0.75611249,0.23171085,0.52440164,-0.58035869,White,0.13249585,MI,1
MI-18,89186,-0.02648086,0.7015463,0.2683184,0.28390172,0.71609828,0.25736644,0.44090748,0.00151354,0.01159308,0.03770972,62106,0.4332279,0.7964403,0.19137522,0.60506508,-0.17183718,Hispanic,0.48550696,MI,1
MI-19,88457,-0.03443834,0.34078811,0.64461791,0.91753977,0.08246023,0.01602321,0.02567145,0.00061463,0.00766141,0.02349881,69961,-0.3038298,0.35609664,0.62780859,-0.27171195,-0.03211785,White,-0.29812385,MI,1
MI-20,95124,0.038336,0.38824025,0.59692608,0.8545021,0.1454979,0.05216852,0.04333005,0.00063324,0.01308255,0.02941216,74221,-0.20868583,0.41746338,0.56566158,-0.1481982,-0.06048763,White,-0.19352329,MI,1
MI-21,93941,0.02542284,0.49019166,0.49146122,0.75595198,0.24404802,0.06420963,0.13915244,0.00129935,0.0119784,0.03031821,73883,-0.00126956,0.5210204,0.46358671,0.05743369,-0.05870325,White,0.01329819,MI,1
MI-22,93423,0.01976856,0.49175178,0.49096115,0.71436086,0.28563914,0.1558424,0.07021945,0.00128138,0.0272731,0.03003817,74139,0.00079063,0.52075994,0.46354853,0.05721141,-0.05642078,White,0.01459756,MI,1
MI-23,94907,0.03596732,0.43165343,0.550466,0.82340473,0.17659527,0.06558571,0.0490535,0.00080806,0.03246831,0.02342063,75489,-0.11881257,0.45958389,0.52655168,-0.06696779,-0.05184478,White,-0.10653098,MI,1
MI-24,89154,-0.02683016,0.68213378,0.29808041,0.43740862,0.56259138,0.48697292,0.03500205,0.0011989,0.02128779,0.02403649,68396,0.38405337,0.71866973,0.26902798,0.44964175,-0.06558838,Black,0.40091616,MI,1
MI-25,92274,0.00722653,0.83435627,0.14391759,0.68876599,0.31123401,0.06590944,0.04475988,0.00200746,0.18174636,0.0124333,77212,0.69043868,0.84562371,0.14355431,0.7020694,-0.01163072,White,0.68931559,MI,1
MI-26,92985,0.01498752,0.78389953,0.18695141,0.6472584,0.3527416,0.11022301,0.06113476,0.00152487,0.16497872,0.01454984,78695,0.59694812,0.81948093,0.16891569,0.65056524,-0.05361712,White,0.60982049,MI,1
MI-27,93068,0.01589352,0.67369567,0.29189189,0.61825877,0.38174123,0.26379148,0.05304313,0.0019347,0.03873438,0.02637377,74430,0.38180378,0.70528947,0.27890663,0.42638284,-0.04457906,White,0.39166347,MI,1
MI-28,91149,-0.00505353,0.56721997,0.41547278,0.82951027,0.17048973,0.07306502,0.03824937,0.00095694,0.03592739,0.01929355,71060,0.15174719,0.56632756,0.41880011,0.14752745,0.00421974,White,0.14534061,MI,1
MI-29,93269,0.01808755,0.53869898,0.4464707,0.7202695,0.2797305,0.21951868,0.02154124,0.00074418,0.01549481,0.01893663,75251,0.09222828,0.54947178,0.43633012,0.11314166,-0.02091338,White,0.09419941,MI,1
MI-30,89834,-0.01940755,0.65765403,0.32742718,0.55304226,0.44695774,0.39793384,0.0195365,0.00074522,0.01996025,0.01171898,68436,0.33022685,0.66917433,0.32059739,0.34857694,-0.01835009,White,0.33134355,MI,1
MI-31,91194,-0.00456233,0.9022265,0.07603079,0.2313347,0.7686653,0.6933969,0.02816428,0.0012661,0.04160045,0.01375916,77403,0.82619571,0.93754384,0.05285167,0.88469217,-0.05849646,Black,0.84069453,MI,1
MI-32,87710,-0.04259229,0.92332394,0.0619831,0.03789745,0.96210255,0.94413106,0.0118221,0.00074683,0.00667376,0.01094815,62933,0.86134084,0.95124384,0.04048345,0.91076039,-0.04941955,Black,0.87281402,MI,1
MI-33,88711,-0.03166577,0.76396713,0.18215256,0.26046197,0.73953803,0.55617883,0.01459989,0.0012141,0.16207411,0.01294011,65069,0.58181457,0.91952103,0.07058453,0.8489365,-0.26712193,Black,0.66585521,MI,1
MI-34,89370,-0.02447239,0.92171821,0.06013209,0.05178145,0.94821855,0.92811223,0.01337004,0.0009958,0.00499363,0.0129893,68287,0.86158612,0.95492765,0.03715291,0.91777474,-0.05618862,Black,0.87531566,MI,1
MI-35,88019,-0.03921937,0.91399129,0.06928882,0.05232296,0.94767704,0.91070568,0.03043877,0.00116653,0.00482168,0.01350069,64293,0.84470247,0.95009191,0.04132027,0.90877164,-0.06406917,Black,0.86105886,MI,1
MI-36,90718,-0.00975815,0.79576002,0.18598389,0.30013643,0.69986357,0.65267466,0.02549006,0.00066059,0.01051196,0.01947297,69635,0.60977613,0.80387415,0.18382806,0.62004609,-0.01026996,Black,0.60819945,MI,1
MI-37,88871,-0.02991928,0.93357316,0.05228709,0.02160126,0.97839874,0.96372,0.00867921,0.00072947,0.00397487,0.01237123,67172,0.88128607,0.95862118,0.03428125,0.92433993,-0.04305386,Black,0.89063736,MI,1
MI-38,89690,-0.0209794,0.50661634,0.47614043,0.7221307,0.2778693,0.19784846,0.02481026,0.0010983,0.02510596,0.02565511,71019,0.03047591,0.52880224,0.45555795,0.07324429,-0.04276838,White,0.03973204,MI,1
MI-39,88939,-0.02917701,0.47435466,0.51029572,0.7718058,0.2281942,0.15970293,0.02498969,0.00078394,0.02343557,0.01631137,72710,-0.03594106,0.49400345,0.49193775,0.0020657,-0.03800676,White,-0.02827214,MI,1
MI-40,95579,0.0433026,0.80166385,0.18266217,0.31061216,0.68938784,0.62996028,0.02109915,0.00097066,0.03230009,0.01278465,78297,0.61900168,0.82684828,0.16520746,0.66164082,-0.04263914,Black,0.62821473,MI,1
MI-41,89335,-0.02485444,0.48817439,0.48984128,0.75617628,0.24382372,0.04181304,0.04021363,0.00075686,0.14101905,0.01330934,70026,-0.00166689,0.50961181,0.47804343,0.03156838,-0.03323527,White,0.00441153,MI,1
MI-42,95535,0.04282231,0.4922441,0.48633941,0.85641974,0.14358026,0.05293893,0.03020528,0.00065026,0.03822517,0.01691955,78430,0.00590469,0.50184706,0.48339227,0.01845479,-0.0125501,White,0.00508806,MI,1
MI-43,95583,0.04334626,0.62487797,0.34920518,0.61311895,0.38688105,0.18148741,0.02737813,0.00070463,0.16323106,0.01104349,78055,0.27567279,0.64652568,0.34085343,0.30567225,-0.02999946,White,0.28067261,MI,1
MI-44,90629,-0.01072964,0.52589897,0.45251339,0.72181552,0.27818448,0.16796811,0.03683369,0.0009083,0.04452036,0.02442926,73764,0.07338558,0.54883212,0.43567873,0.11315339,-0.03976781,White,0.08164152,MI,1
MI-45,94802,0.03482118,0.54591141,0.41872673,0.66226717,0.33773283,0.15963421,0.03679412,0.00107743,0.11502875,0.02304346,74251,0.12718468,0.58927755,0.39668304,0.19259451,-0.06540983,White,0.14398796,MI,1
MI-46,92075,0.00505432,0.53317362,0.42834792,0.7559198,0.2440802,0.05757001,0.0309534,0.0004988,0.13750294,0.01222064,72173,0.1048257,0.56536497,0.42248881,0.14287616,-0.03805046,White,0.11250919,MI,1
MI-47,89749,-0.02033538,0.54553273,0.43087508,0.64652182,0.35347818,0.06886693,0.03460037,0.00081276,0.23403144,0.01105935,68901,0.11465765,0.56650024,0.42243759,0.14406265,-0.029405,White,0.11945932,MI,1
MI-48,87853,-0.04103136,0.51090893,0.45179313,0.68653683,0.31346317,0.13505504,0.02521874,0.00076207,0.12972058,0.01868473,70860,0.0591158,0.56190391,0.42357667,0.13832724,-0.07921144,White,0.08051961,MI,1
MI-49,88554,-0.03337952,0.52351961,0.45043752,0.67263626,0.32736374,0.22247155,0.02245429,0.00100692,0.05893353,0.02033976,69519,0.07308209,0.55438233,0.43064182,0.12374051,-0.05065842,White,0.08496823,MI,1
MI-50,90316,-0.01414623,0.74124157,0.24067093,0.67971147,0.32028853,0.24613769,0.02825313,0.00069542,0.02570326,0.01828545,73337,0.50057064,0.75495545,0.23083431,0.52412114,-0.0235505,White,0.50342081,MI,1
MI-51,87294,-0.04713319,0.52029543,0.44952739,0.64845634,0.35154366,0.04451632,0.02931491,0.00054396,0.26296677,0.00967363,68020,0.07076804,0.54841387,0.44020892,0.10820495,-0.03743691,White,0.07824701,MI,1
MI-52,88900,-0.02960272,0.62405427,0.35951712,0.86738255,0.13261745,0.03854704,0.03057086,0.00099702,0.043357,0.01273225,74221,0.26453715,0.63091195,0.35424501,0.27666694,-0.01212979,White,0.26358041,MI,1
MI-53,90308,-0.01423355,0.68943724,0.29157507,0.39615319,0.60384681,0.38242068,0.14225805,0.00123678,0.06812237,0.02217673,70344,0.39786217,0.72457221,0.26121834,0.46335387,-0.0654917,Minority,0.41469274,MI,1
MI-54,93190,0.01722522,0.52993733,0.44123822,0.76961829,0.23038171,0.09419768,0.02217454,0.00090979,0.09785044,0.00797089,73643,0.08869911,0.57521134,0.41563588,0.15957546,-0.07087635,White,0.10732456,MI,1
MI-55,93821,0.02411297,0.46186732,0.52135842,0.8031361,0.1968639,0.08301746,0.03134767,0.00091769,0.05922409,0.01516179,75189,-0.0594911,0.48757499,0.49985219,-0.0122772,-0.0472139,White,-0.04875313,MI,1
MI-56,93101,0.01625373,0.40858758,0.5692272,0.80968655,0.19031345,0.07680088,0.02436322,0.00092113,0.07060661,0.01285577,74908,-0.16063962,0.45542135,0.53221702,-0.07679567,-0.08384395,White,-0.13769164,MI,1
MI-57,89884,-0.01886177,0.34533021,0.63423212,0.82196524,0.17803476,0.04624333,0.02434734,0.00078942,0.09101863,0.01113496,72205,-0.28890191,0.39119658,0.59775267,-0.20655609,-0.08234582,White,-0.2664533,MI,1
MI-58,91663,0.00055709,0.3485967,0.63830583,0.8560153,0.1439847,0.05627121,0.0258353,0.00066134,0.0403416,0.01352867,69556,-0.28970913,0.37962397,0.61002265,-0.23039868,-0.05931045,White,-0.27493898,MI,1
MI-59,92789,0.01284806,0.30346667,0.68426667,0.89928106,0.10071894,0.02228439,0.03051434,0.00081083,0.02467634,0.01532474,73998,-0.3808,0.32162446,0.66728738,-0.34566292,-0.03513708,White,-0.37408764,MI,1
MI-60,93943,0.02544467,0.3662118,0.62114612,0.84667014,0.15332986,0.08323659,0.02747421,0.00076058,0.01547843,0.02117609,74943,-0.25493432,0.38264107,0.60391137,-0.2212703,-0.03366402,White,-0.24871298,MI,1
MI-61,90526,-0.01185395,0.43416535,0.5511395,0.8417955,0.1582045,0.05055601,0.05691619,0.00062381,0.02205045,0.0222403,73740,-0.11697415,0.44065014,0.54250099,-0.10185085,-0.0151233,White,-0.11693305,MI,1
MI-62,95887,0.04666461,0.41517263,0.57016155,0.85792298,0.14207702,0.02842085,0.04304663,0.00055834,0.04555235,0.01702255,73432,-0.15498892,0.41872153,0.56545564,-0.14673411,-0.00825481,White,-0.15723732,MI,1
MI-63,94180,0.02803167,0.35416016,0.63133398,0.90403427,0.09596573,0.01682197,0.02994666,0.00049115,0.014871,0.0243939,73297,-0.27717382,0.3586235,0.62611412,-0.26749062,-0.0096832,White,-0.27894609,MI,1
MI-64,90818,-0.00866659,0.41215545,0.57416844,0.89580561,0.10419439,0.0162996,0.02633123,0.00072983,0.03141144,0.01891842,69879,-0.16201299,0.41360714,0.57121621,-0.15760907,-0.00440392,White,-0.16554502,MI,1
MI-65,91720,0.00117928,0.40408881,0.58301308,0.92736725,0.07263275,0.0077228,0.02138517,0.0007956,0.01423849,0.01945104,72901,-0.17892427,0.40428961,0.58150743,-0.17721782,-0.00170645,White,-0.18335545,MI,1
MI-66,94076,0.02689645,0.54338535,0.43966387,0.87451988,0.12548012,0.04068916,0.0338777,0.00099478,0.03190196,0.01427229,72378,0.10372148,0.53652172,0.44503163,0.09149009,0.01223139,White,0.09464435,MI,1
MI-67,93299,0.01841502,0.58823767,0.39312213,0.75038733,0.24961267,0.10564697,0.09636446,0.00157602,0.02557698,0.02442836,74872,0.19511554,0.58630103,0.39012284,0.19617819,-0.00106265,White,0.19046976,MI,1
MI-68,93161,0.01690867,0.76777597,0.21365194,0.53469509,0.46530491,0.24479115,0.18389313,0.00115674,0.02839651,0.02564573,70889,0.55412403,0.78175663,0.19795442,0.58380221,-0.02967818,White,0.55901676,MI,1
MI-69,89928,-0.01838148,0.5448824,0.43728584,0.61353702,0.38646298,0.13083839,0.19621373,0.00134493,0.04667787,0.02467656,68405,0.10759656,0.54663335,0.43276122,0.11387213,-0.00627557,White,0.10468842,MI,1
MI-70,88341,-0.03570455,0.54198578,0.43963316,0.70231183,0.29768817,0.12705283,0.06406177,0.00079926,0.09202093,0.01590988,66311,0.10235262,0.54529707,0.43680312,0.10849395,-0.00614133,White,0.09939973,MI,1
MI-71,90036,-0.0172026,0.37930415,0.60491697,0.83252616,0.16747384,0.05780269,0.04612855,0.00125561,0.04155456,0.01783259,66900,-0.22561282,0.37369884,0.60617272,-0.23247388,0.00686106,White,-0.23289984,MI,1
MI-72,93050,0.01569704,0.36297601,0.62271627,0.8922231,0.1077769,0.02093837,0.04814683,0.00082839,0.01125473,0.0189388,70015,-0.25974026,0.36224204,0.61930945,-0.25706741,-0.00267285,White,-0.26384931,MI,1
MI-73,87433,-0.04561592,0.33898003,0.64555678,0.89908243,0.10091757,0.02155371,0.04065954,0.00127783,0.01992179,0.01450257,64954,-0.30657675,0.32645016,0.65539703,-0.32894687,0.02237012,White,-0.31903346,MI,1
MI-74,94879,0.03566168,0.37474787,0.61120057,0.90060553,0.09939447,0.01655665,0.03536359,0.00065463,0.008592,0.02629426,73324,-0.2364527,0.37755615,0.60486972,-0.22731357,-0.00913913,White,-0.23840632,MI,1
MI-75,92912,0.01419068,0.34828069,0.63638539,0.88157009,0.11842991,0.02462557,0.05034498,0.00089752,0.01981545,0.01708083,71308,-0.2881047,0.33833618,0.64278917,-0.30445299,0.01634829,White,-0.29855413,MI,1
MI-76,90686,-0.01010745,0.30018314,0.68483651,0.8973237,0.1026763,0.03322794,0.03527469,0.00095986,0.00534978,0.01949354,70844,-0.38465337,0.30571961,0.67620676,-0.37048715,-0.01416622,White,-0.3849313,MI,1
MI-77,89054,-0.02792172,0.35191245,0.63300042,0.87537079,0.12462921,0.05464082,0.03920726,0.0010461,0.00680682,0.01951765,69783,-0.28108797,0.36077283,0.61824272,-0.25746989,-0.02361808,White,-0.27821528,MI,1
MI-78,89709,-0.020772,0.33396384,0.65203157,0.90614993,0.09385007,0.0261322,0.02780478,0.00071478,0.00790542,0.02285853,69952,-0.31806773,0.34315538,0.63924197,-0.29608659,-0.02198114,White,-0.31574068,MI,1
MI-79,92089,0.00520714,0.32847021,0.6571772,0.81805047,0.18194953,0.01938149,0.09705337,0.00121134,0.04298078,0.01992148,68519,-0.32870699,0.32931242,0.65331336,-0.32400094,-0.00470605,White,-0.33213831,MI,1
MI-80,90111,-0.01638393,0.43354338,0.55037368,0.88870346,0.11129654,0.03588076,0.02684583,0.00074812,0.01381136,0.02522012,69508,-0.1168303,0.4402558,0.53844677,-0.09819097,-0.01863933,White,-0.11561719,MI,1
MI-81,89559,-0.02240934,0.3928782,0.59225489,0.83534172,0.16465828,0.02561968,0.09353958,0.00124155,0.00721558,0.03347794,68463,-0.19937669,0.40626617,0.57542565,-0.16915948,-0.03021721,White,-0.19430429,MI,1
MI-82,88740,-0.03134922,0.3711783,0.61417273,0.81824821,0.18175179,0.06760027,0.05173475,0.00161805,0.02481493,0.02833741,69837,-0.24299443,0.37331298,0.60743838,-0.2341254,-0.00886903,White,-0.24503809,MI,1
MI-83,88927,-0.029308,0.32436527,0.66262001,0.87999246,0.12000754,0.04575723,0.03139462,0.00078341,0.00969113,0.02727444,68929,-0.33825474,0.34175385,0.64154823,-0.29979438,-0.03846036,White,-0.33043462,MI,1
MI-84,89454,-0.02355548,0.28132236,0.70393636,0.87502024,0.12497976,0.02402721,0.06087776,0.00075085,0.00889242,0.02252551,67923,-0.422614,0.29511256,0.68887157,-0.39375901,-0.02885499,White,-0.41799567,MI,1
MI-85,88345,-0.03566088,0.27727671,0.70871725,0.92927797,0.07072203,0.01030854,0.02153722,0.000762,0.00720304,0.02386635,69554,-0.43144054,0.29087132,0.69279661,-0.40192529,-0.02951525,White,-0.42660212,MI,1
MI-86,92780,0.01274982,0.38460933,0.60147253,0.85175515,0.14824485,0.03657936,0.07345946,0.00053311,0.0087621,0.02599923,73156,-0.2168632,0.39852959,0.58407259,-0.185543,-0.0313202,White,-0.21142313,MI,1
MI-87,89239,-0.02590233,0.3489934,0.63740393,0.92629328,0.07370672,0.00924384,0.02191824,0.0007464,0.0083252,0.02397083,69668,-0.28841053,0.35688694,0.6257238,-0.26883686,-0.01957367,White,-0.28688597,MI,1
MI-88,92048,0.0047596,0.36512131,0.62204568,0.9194389,0.0805611,0.01054835,0.02572633,0.00141384,0.01247505,0.02267687,72144,-0.25692437,0.37128901,0.61264154,-0.24135253,-0.01557184,White,-0.25673376,MI,1
MI-89,92809,0.01306638,0.37836252,0.60608054,0.92463605,0.07536395,0.00813487,0.02702036,0.00115039,0.00682014,0.02302141,73019,-0.22771802,0.39288095,0.58796948,-0.19508853,-0.03262949,White,-0.22184152,MI,1
MI-90,90583,-0.01123176,0.31538888,0.67020138,0.89271417,0.10728583,0.03409043,0.04421783,0.00063208,0.00490217,0.017586,71193,-0.3548125,0.3300002,0.65380447,-0.32380427,-0.03100823,White,-0.34947642,MI,1
MI-91,93340,0.01886256,0.5647315,0.4178479,0.67718902,0.32281098,0.24807014,0.03360719,0.00055139,0.01250276,0.02683888,72544,0.1468836,0.59222453,0.3939357,0.19828883,-0.05140523,White,0.15901868,MI,1
MI-92,92933,0.01441991,0.49410607,0.49046222,0.79486933,0.20513067,0.11218019,0.0355084,0.00087845,0.02750631,0.02500824,72856,0.00364385,0.51240579,0.4719797,0.04042609,-0.03678224,White,0.0109046,MI,1
MI-93,91566,-0.00050172,0.71989032,0.26681017,0.44410597,0.55589403,0.48567097,0.04157944,0.00106836,0.00792608,0.02516422,69265,0.45308015,0.75271391,0.23497483,0.51773908,-0.06465893,Black,0.46963313,MI,1
MI-94,88282,-0.03634857,0.39878392,0.58738692,0.89350907,0.10649093,0.03170725,0.02864576,0.00079053,0.00866703,0.02667663,69574,-0.188603,0.42475802,0.55967533,-0.13491731,-0.05368569,White,-0.17570777,MI,1
MI-95,94604,0.03265989,0.29933913,0.68805217,0.91649306,0.08350694,0.01643964,0.02439904,0.0005609,0.00614316,0.02534722,74880,-0.38871304,0.31543183,0.66924229,-0.35381046,-0.03490258,White,-0.38207885,MI,1
MI-96,93949,0.02551017,0.25635541,0.73102427,0.92252173,0.07747827,0.00657947,0.03498418,0.0004918,0.00556929,0.02053593,75234,-0.47466886,0.27310261,0.71249892,-0.43939631,-0.03527255,White,-0.46791134,MI,1
MI-97,94601,0.03262714,0.37175503,0.61216666,0.88456423,0.11543577,0.04375865,0.03206997,0.00069863,0.01034515,0.02293399,74431,-0.24041163,0.39520447,0.58720028,-0.19199581,-0.04841582,White,-0.22927302,MI,1
MI-98,91189,-0.0046169,0.27320597,0.71420968,0.93539745,0.06460255,0.005883,0.02966359,0.00048335,0.00486107,0.01713804,72412,-0.44100371,0.28410092,0.70288309,-0.41878217,-0.02222154,White,-0.43859653,MI,1
MI-99,92754,0.01246602,0.32486734,0.66240791,0.92018981,0.07981019,0.0178521,0.0270739,0.00038984,0.00699028,0.02035247,74389,-0.33754057,0.34202155,0.64261736,-0.30059581,-0.03694476,White,-0.33022565,MI,1
MI-100,95204,0.03920925,0.31549481,0.67133798,0.93263414,0.06736586,0.0063139,0.0185058,0.00035664,0.00590442,0.02715769,75706,-0.35584317,0.33003942,0.6554286,-0.32538918,-0.03045399,White,-0.35069184,MI,1
MI-101,92258,0.00705188,0.28418197,0.70137267,0.93878075,0.06121925,0.00674507,0.01635577,0.00072993,0.00467694,0.02407407,73980,-0.4171907,0.29676816,0.68932651,-0.39255835,-0.02463235,White,-0.41397992,MI,1
MI-102,89692,-0.02095756,0.30601505,0.67858456,0.89881408,0.10118592,0.02088121,0.03654212,0.00093625,0.00914971,0.02644197,70494,-0.37256951,0.31633542,0.66644538,-0.35010996,-0.02245955,White,-0.37008299,MI,1
MI-103,92839,0.01339384,0.3747869,0.61025064,0.86480492,0.13519508,0.02536077,0.066248,0.00078835,0.00628006,0.03296366,74840,-0.23546374,0.38519354,0.59986995,-0.21467641,-0.02078733,White,-0.23353463,MI,1
MI-104,90855,-0.00826272,0.31064749,0.67573088,0.93845948,0.06154052,0.00668628,0.01458946,0.00085584,0.00680663,0.02469912,74780,-0.36508339,0.32094958,0.66538765,-0.34443807,-0.02064532,White,-0.36320162,MI,1
MI-105,90300,-0.01432088,0.3561848,0.62829111,0.92421536,0.07578464,0.00847722,0.0197471,0.00113408,0.00976723,0.02728871,70542,-0.27210631,0.35410447,0.62775485,-0.27365038,0.00154407,White,-0.277621,MI,1
MI-106,89283,-0.02542205,0.40386876,0.58080313,0.92236242,0.07763758,0.00617867,0.01361774,0.00176729,0.00658967,0.04053813,72993,-0.17693437,0.40311819,0.5815802,-0.17846201,0.00152764,White,-0.18244358,MI,1
MI-107,92994,0.01508576,0.34426451,0.6424965,0.90719586,0.09280414,0.00603012,0.01051373,0.0009747,0.00591316,0.06316036,76947,-0.29823199,0.34931268,0.6362276,-0.28691492,-0.01131707,White,-0.29945963,MI,1
MI-108,91338,-0.00299048,0.33209686,0.65426392,0.93305371,0.06694629,0.00548384,0.01290874,0.00073299,0.00761494,0.03374462,73671,-0.32216706,0.34886662,0.63637082,-0.2875042,-0.03466286,White,-0.31561277,MI,1
MI-109,90280,-0.01453919,0.37569269,0.60889012,0.82139656,0.17860344,0.04820881,0.01328119,0.00139873,0.00647763,0.10409028,73638,-0.23319743,0.38989243,0.5941461,-0.20425367,-0.02894376,White,-0.22854951,MI,1
MI-110,94460,0.03108804,0.50019034,0.48275534,0.88930104,0.11069896,0.02313498,0.0181461,0.00091764,0.01779714,0.04387892,77372,0.017435,0.51129103,0.47005596,0.04123507,-0.02380007,White,0.02036836,MI,1
MN-1,40724,-0.04371826,0.51695964,0.4584303,0.76265783,0.23734217,0.08645833,0.07231692,0.00126263,0.05767045,0.01657197,31680,0.05852934,0.52890061,0.44625073,0.08264988,-0.02412054,White,0.06156952,MN,1
MN-2,40584,-0.04700574,0.53988189,0.43832654,0.84082194,0.15917806,0.03026333,0.03863607,0.00169372,0.07212706,0.01054583,31292,0.10155535,0.54163751,0.43572222,0.10591529,-0.00435994,White,0.09800866,MN,1
MN-3,41051,-0.03603964,0.5540597,0.41692449,0.80177903,0.19822097,0.0666816,0.03782037,0.00121588,0.07490481,0.01327873,31253,0.13713521,0.55016328,0.42602621,0.12413707,0.01299814,White,0.1278025,MN,1
MN-4,40488,-0.04926002,0.54676038,0.4259609,0.8054,0.1946,0.06603333,0.03663333,0.0013,0.07543333,0.01203333,30000,0.12079948,0.54378374,0.43092296,0.11286078,0.0079387,White,0.11315325,MN,1
MN-5,44623,0.04783813,0.38344531,0.59612564,0.8867239,0.1132761,0.03687984,0.02498312,0.00115752,0.02675155,0.01527282,31101,-0.21268033,0.37824456,0.59827473,-0.22003017,0.00734984,White,-0.22013028,MN,1
MN-6,44448,0.04372878,0.34393488,0.63458711,0.89776358,0.10223642,0.02465075,0.03586419,0.00078306,0.02007768,0.01478419,31926,-0.29065223,0.34794706,0.62581979,-0.27787273,-0.0127795,White,-0.2913924,MN,1
MN-7,40659,-0.04524459,0.52087063,0.45251107,0.77094278,0.22905722,0.10332092,0.03868564,0.00136912,0.05868119,0.02407107,31407,0.06835956,0.52858976,0.44323284,0.08535692,-0.01699736,White,0.06902535,MN,1
MN-8,40861,-0.04050123,0.5047578,0.46949408,0.80955231,0.19044769,0.0769667,0.03761696,0.00097665,0.04999842,0.0220535,31741,0.03526372,0.5060583,0.46542959,0.04062871,-0.00536499,White,0.03205205,MN,1
MN-9,44563,0.04642921,0.58211642,0.39411789,0.71956315,0.28043685,0.09264329,0.05512492,0.00164251,0.1121805,0.01775063,34703,0.18799853,0.58815206,0.38721891,0.20093315,-0.01293462,White,0.18731007,MN,1
MN-10,44540,0.04588912,0.59070397,0.38346987,0.76829231,0.23170769,0.06623679,0.04092877,0.00084764,0.1053492,0.01447038,33033,0.2072341,0.5851674,0.39203527,0.19313213,0.01410197,White,0.19753344,MN,1
MN-11,44544,0.04598305,0.52717959,0.44896894,0.82782619,0.17217381,0.03957134,0.03492132,0.00083146,0.07572445,0.01388846,32473,0.07821065,0.52947043,0.45096286,0.07850757,-0.00029692,White,0.07330962,MN,1
MN-12,44666,0.04884786,0.51906872,0.45888421,0.78625907,0.21374093,0.05951542,0.05694244,0.00122523,0.07204337,0.01859283,32647,0.06018451,0.52593361,0.44755648,0.07837713,-0.01819262,White,0.06124872,MN,1
MN-13,44635,0.04811991,0.55479978,0.42081764,0.88304795,0.11695205,0.04409247,0.02263128,0.00248288,0.02428653,0.01906393,35040,0.13398214,0.5504515,0.42577644,0.12467506,0.00930708,White,0.12587978,MN,1
MN-14,44620,0.04776768,0.4322699,0.5480583,0.90385917,0.09614083,0.01642577,0.02561008,0.00100085,0.02696418,0.01795649,33971,-0.1157884,0.43252571,0.54553458,-0.11300887,-0.00277953,White,-0.11986189,MN,1
MN-15,40548,-0.0478511,0.61588638,0.35298489,0.7623168,0.2376832,0.05195023,0.02750109,0.00120736,0.14256968,0.01126874,29817,0.26290149,0.6128692,0.36591204,0.24695716,0.01594433,White,0.25258671,MN,1
MN-16,40815,-0.0415814,0.63529029,0.3386532,0.78955016,0.21044984,0.07466378,0.0378111,0.001113,0.08149637,0.01357242,32345,0.29663709,0.62642073,0.35138341,0.27503732,0.02159977,White,0.28443717,MN,1
MN-17,40576,-0.0471936,0.5630121,0.41470933,0.8656086,0.1343914,0.03108985,0.03528279,0.00083859,0.04820325,0.01406963,32197,0.14830277,0.56305627,0.41412732,0.14892895,-0.00062618,White,0.1435115,MN,1
MN-18,40592,-0.04681789,0.60976556,0.36636392,0.80684092,0.19315908,0.04571036,0.02992121,0.00071911,0.09858054,0.01435093,31984,0.24340164,0.60481138,0.3710564,0.23375498,0.00964666,White,0.23518609,MN,1
MN-19,40596,-0.04672396,0.31464685,0.66566963,0.89342367,0.10657633,0.02423374,0.04237647,0.00123774,0.0087945,0.0296733,30701,-0.35102278,0.34014354,0.6407177,-0.30057416,-0.05044862,White,-0.33920657,MN,1
MN-20,40864,-0.04043078,0.27968092,0.70210503,0.91794304,0.08205696,0.01028481,0.02455696,0.00142405,0.01553797,0.02547468,31600,-0.42242411,0.29668542,0.68120274,-0.38451732,-0.03790679,White,-0.41478851,MN,1
MN-21,44090,0.03532221,0.71880425,0.25515408,0.48506222,0.51493778,0.24741284,0.10456449,0.00172478,0.14491191,0.02892078,32468,0.46365017,0.71742691,0.25696133,0.46046558,0.00318459,Minority,0.45758864,MN,1
MN-22,40774,-0.04254416,0.68280702,0.29019883,0.67910841,0.32089159,0.18585113,0.06628019,0.00120904,0.04795858,0.0212667,32257,0.39260819,0.6712914,0.30012333,0.37116807,0.02144012,White,0.38046148,MN,1
MN-23,40875,-0.04017248,0.75739042,0.21806634,0.80599085,0.19400915,0.08218976,0.04364763,0.00156411,0.04674635,0.01720525,33885,0.53932408,0.76041784,0.21625669,0.54416115,-0.00483707,White,0.53593644,MN,1
MN-24,40567,-0.04740494,0.73915067,0.23661043,0.80314133,0.19685867,0.08231726,0.04048291,0.00171181,0.05381705,0.01552646,33298,0.50254024,0.73272828,0.24241526,0.49031302,0.01222722,White,0.4934645,MN,1
MN-25,43931,0.03158857,0.32095491,0.65766657,0.88154041,0.11845959,0.05031912,0.02321709,0.00135664,0.01997965,0.01621805,32433,-0.33671166,0.33779155,0.63721253,-0.29942098,-0.03729068,White,-0.32928143,MN,1
MN-26,42675,0.00209516,0.28671302,0.69512519,0.90805548,0.09194452,0.02150674,0.02503818,0.00149529,0.01438025,0.0205523,31432,-0.40841217,0.29133109,0.68593533,-0.39460424,-0.01380793,White,-0.40880953,MN,1
MN-27,40519,-0.04853208,0.35519232,0.62218148,0.92996579,0.07003421,0.01190716,0.02035956,0.00043604,0.01358422,0.0130811,29814,-0.26698916,0.35879058,0.6173999,-0.25860932,-0.00837984,White,-0.26919588,MN,1
MN-28,43631,0.02454397,0.2813384,0.69796784,0.93740994,0.06259006,0.01083892,0.02358875,0.00087714,0.01052566,0.01090157,31922,-0.41662944,0.28785383,0.68908722,-0.40123339,-0.01539605,White,-0.41649742,MN,1
MN-29,42892,0.00719075,0.23896368,0.74350344,0.93687042,0.06312958,0.01873866,0.0160483,0.0005631,0.00929112,0.01354564,31966,-0.50453976,0.25387263,0.7248996,-0.47102697,-0.03351279,White,-0.49836883,MN,1
MN-30,43279,0.0162783,0.22348655,0.7585854,0.92064414,0.07935586,0.00971704,0.04684349,0.00189452,0.00556133,0.01402555,32726,-0.53509885,0.24131944,0.74064194,-0.4993225,-0.03577635,White,-0.5281734,MN,1
MN-31,41446,-0.02676424,0.61696298,0.36087433,0.4779709,0.5220291,0.13598087,0.09744678,0.00158313,0.26893021,0.02741849,29688,0.25608865,0.65056092,0.32539154,0.32516938,-0.06908073,Minority,0.27411556,MN,1
MN-32,42462,-0.00290651,0.65672727,0.31944056,0.50321451,0.49678549,0.16479949,0.10366009,0.00245067,0.20938892,0.02406111,31420,0.33728671,0.68949655,0.28801431,0.40148224,-0.06419553,White,0.35368522,MN,1
MN-33,41741,-0.01983705,0.62544381,0.34961037,0.64397315,0.35602685,0.09993897,0.06576137,0.00164785,0.17348184,0.0180653,32770,0.27583344,0.63713623,0.33959997,0.29753626,-0.02170282,White,0.27806771,MN,1
MN-34,42183,-0.009458,0.73531157,0.23703264,0.75233658,0.24766342,0.08370942,0.04230601,0.00165963,0.10013102,0.01796477,34345,0.49827893,0.73317206,0.24378912,0.48938294,0.00889599,White,0.4903136,MN,1
MN-35,41106,-0.03474813,0.67950179,0.29184305,0.32643801,0.67356199,0.1664523,0.12250804,0.0026438,0.3651304,0.03472669,27990,0.38765874,0.73317005,0.23897831,0.49419174,-0.106533,Asian,0.41816974,MN,1
MN-36,41305,-0.03007521,0.69221261,0.28191183,0.30420049,0.69579951,0.24595835,0.10045888,0.00180021,0.33208613,0.03335687,28330,0.41030078,0.74100007,0.23459934,0.50640073,-0.09609995,Asian,0.4373341,MN,1
MN-37,42127,-0.01077299,0.79714365,0.17184322,0.66526358,0.33473642,0.13294963,0.11926238,0.00168943,0.05807061,0.03187011,34923,0.62530043,0.8055182,0.17036137,0.63515683,-0.0098564,White,0.6235859,MN,1
MN-38,41059,-0.03585179,0.83243436,0.13845674,0.64731627,0.35268373,0.22360343,0.05093915,0.00161084,0.05987478,0.01893502,32902,0.69397762,0.85002471,0.13016801,0.7198567,-0.02587908,White,0.69760398,MN,1
MN-39,44197,0.03783479,0.82907376,0.13673218,0.64514403,0.35485597,0.17145834,0.05769718,0.00174584,0.10407456,0.02368147,35513,0.69234158,0.84345956,0.13239174,0.71106782,-0.01872624,White,0.69358366,MN,1
MN-40,43066,0.01127663,0.81806734,0.15407978,0.82860015,0.17139985,0.05998157,0.03853565,0.00150792,0.05266538,0.01396219,35811,0.66398756,0.81730557,0.16179825,0.65550732,0.00848024,White,0.65616081,MN,1
MN-41,40559,-0.0475928,0.35625076,0.62491411,0.93321896,0.06678104,0.0103571,0.01321642,0.00082603,0.01023002,0.02296988,31476,-0.26866335,0.36072212,0.61772398,-0.25700186,-0.01166149,White,-0.26977619,MN,1
MN-42,41261,-0.03110842,0.31644758,0.6662748,0.94901821,0.05098179,0.00497601,0.00753851,0.00068532,0.0042311,0.02184083,33561,-0.34982722,0.33148358,0.65266138,-0.3211778,-0.02864942,White,-0.34527741,MN,1
MN-43,44186,0.03757649,0.37790342,0.60110195,0.89061062,0.10938938,0.02080393,0.03375268,0.00125805,0.02810678,0.01816508,32590,-0.22319853,0.38727125,0.59127954,-0.20400829,-0.01919024,White,-0.22180178,MN,1
MN-44,44628,0.04795554,0.32223468,0.65949178,0.87443075,0.12556925,0.03515696,0.0520068,0.00085008,0.01721416,0.01284231,32938,-0.3372571,0.34229425,0.63781251,-0.29551826,-0.04173884,White,-0.32834415,MN,1
MN-45,44361,0.04168584,0.52824914,0.44411197,0.73044321,0.26955679,0.07838354,0.04591661,0.00134497,0.12458165,0.01491977,31971,0.08413717,0.53786775,0.43665078,0.10121697,-0.0170798,White,0.08483044,MN,1
MN-46,44459,0.04398708,0.49610276,0.48079217,0.72187616,0.27812384,0.06744172,0.08332305,0.00181942,0.09272851,0.0324411,32428,0.01531059,0.50128216,0.47336422,0.02791794,-0.01260735,White,0.01451304,MN,1
MN-47,44473,0.04431583,0.40524876,0.57387141,0.88376217,0.11623783,0.02681933,0.03002396,0.0012134,0.03714881,0.0139697,32141,-0.16862265,0.4149877,0.56201938,-0.14703168,-0.02159097,White,-0.16642566,MN,1
MN-48,44334,0.04105183,0.48290967,0.49260376,0.80297036,0.19702964,0.04980868,0.0507815,0.00064855,0.07390233,0.01446268,30838,-0.00969409,0.48637752,0.49068347,-0.00430595,-0.00538814,White,-0.01289804,MN,1
MN-49,43076,0.01151145,0.36265414,0.6178117,0.92201671,0.07798329,0.01076969,0.03386038,0.00071599,0.0148568,0.01312649,33520,-0.25515756,0.37687513,0.60193042,-0.22505529,-0.03010227,White,-0.25012347,MN,1
MN-50,44626,0.04790858,0.48449103,0.49497215,0.92826819,0.07173181,0.01832325,0.01889841,0.000986,0.01780285,0.0114486,36511,-0.01048112,0.50702352,0.46996909,0.03705443,-0.04753555,White,0.00036406,MN,1
MN-51,43202,0.01447018,0.40172406,0.57799031,0.89149885,0.10850115,0.01795542,0.05039201,0.00267487,0.02241353,0.01036126,32525,-0.17626625,0.41964017,0.5576023,-0.13796213,-0.03830412,White,-0.16849821,MN,1
MN-52,41121,-0.0343959,0.36926878,0.61000275,0.85402993,0.14597007,0.02448149,0.07039249,0.00360987,0.02996193,0.01352061,30472,-0.24073397,0.38293852,0.59263527,-0.20969675,-0.03103722,White,-0.23538823,MN,1
MN-53,44391,0.0423903,0.56264983,0.4143759,0.75595808,0.24404192,0.06574937,0.10926297,0.00153851,0.04400708,0.02272925,34449,0.14827393,0.56797559,0.40581977,0.16215582,-0.01388189,White,0.14790123,MN,1
MN-54,43933,0.03163554,0.63557125,0.33858061,0.7692508,0.2307492,0.06268441,0.1159676,0.00173561,0.03118311,0.02345965,34570,0.29699064,0.63168361,0.34360731,0.2880763,0.00891434,White,0.28901919,MN,1
MN-55,44583,0.04689885,0.63275586,0.3413722,0.732888,0.267112,0.09084707,0.05352473,0.00156339,0.10582717,0.01469585,35180,0.29138366,0.63458443,0.33925958,0.29532485,-0.00394119,White,0.28769739,MN,1
MN-56,43798,0.02846546,0.62128215,0.35132315,0.77903819,0.22096181,0.06836421,0.06260182,0.00135763,0.06981235,0.01484342,33146,0.269959,0.6131276,0.36300403,0.25012357,0.01983543,White,0.25834719,MN,1
MN-57,43867,0.03008572,0.49153816,0.4846685,0.87035901,0.12964099,0.03458116,0.03390611,0.00141148,0.03826327,0.01669224,32590,0.00686966,0.49693897,0.47684507,0.0200939,-0.01322424,White,0.00627774,MN,1
MN-58,43727,0.02679824,0.58426108,0.38860978,0.74879169,0.25120831,0.09081084,0.05496683,0.00138093,0.08456666,0.01615082,33311,0.1956513,0.58862863,0.38593847,0.20269016,-0.00703886,White,0.19299759,MN,1
MN-59,42723,0.00322229,0.52322937,0.45086095,0.77183942,0.22816058,0.07779184,0.07800784,0.0014503,0.05270466,0.01459561,32407,0.07236842,0.52193813,0.45529514,0.06664299,0.00572543,White,0.06545994,MN,1
MN-60,44053,0.03445338,0.59668784,0.37486388,0.67038385,0.32961615,0.14775795,0.09208827,0.00264116,0.06861134,0.0187522,34076,0.22182396,0.6070174,0.36778041,0.23923699,-0.01741303,White,0.2226283,MN,1
MN-61,41772,-0.01910911,0.62858798,0.33981102,0.74997686,0.25002314,0.08645747,0.0595205,0.00182048,0.0825388,0.01879108,32409,0.28877696,0.62936702,0.34235744,0.28700958,0.00176738,White,0.28318783,MN,1
MN-62,41101,-0.03486554,0.67646449,0.28610679,0.63342521,0.36657479,0.16662491,0.10094588,0.00147206,0.0729767,0.02859559,31928,0.3903577,0.70363245,0.27080757,0.43282488,-0.04246718,White,0.39951343,MN,1
MN-63,40777,-0.04247372,0.33616634,0.64277584,0.89982162,0.10017838,0.01255017,0.01949417,0.00121042,0.03694974,0.01920749,31394,-0.3066095,0.34120361,0.63533936,-0.29413575,-0.01247375,White,-0.30745158,MN,1
MN-64,44234,0.03870362,0.47923177,0.49246866,0.85360319,0.14639681,0.04670347,0.02146581,0.00174793,0.0533272,0.01744864,32610,-0.01323689,0.48577908,0.48942261,-0.00364353,-0.00959336,White,-0.0150391,MN,1
MN-65,41881,-0.01654957,0.49490648,0.46730962,0.77055223,0.22944777,0.06624788,0.0436845,0.00137816,0.09631102,0.01910195,31201,0.02759686,0.51295036,0.46268471,0.05026565,-0.02266879,White,0.03015312,MN,1
MN-66,40764,-0.04277898,0.56215322,0.40256011,0.68543683,0.31456317,0.13127364,0.08374463,0.00112172,0.07313634,0.02650471,31202,0.15959311,0.58663074,0.38561906,0.20101168,-0.04141857,White,0.1683993,MN,1
MN-67,40800,-0.04193363,0.36201032,0.6177824,0.8710396,0.1289604,0.04348549,0.02546627,0.00103062,0.03005419,0.02008045,30079,-0.25577208,0.36358732,0.61400232,-0.250415,-0.00535708,White,-0.25898639,MN,1
MN-68,41530,-0.02479175,0.37593404,0.60238525,0.89323328,0.10676672,0.02583014,0.01993623,0.00070856,0.03471931,0.01497633,31049,-0.22645121,0.38334766,0.59351994,-0.21017228,-0.01627893,White,-0.2260249,MN,1
MN-69,40968,-0.03798865,0.35702178,0.62011562,0.88093229,0.11906771,0.02931247,0.0616763,0.00133091,0.01207557,0.01097189,30806,-0.26309384,0.36577066,0.60833979,-0.24256913,-0.02052471,White,-0.26125227,MN,1
MN-70,44080,0.03508739,0.32945842,0.65114109,0.90090331,0.09909669,0.01450051,0.05384204,0.00130742,0.00823082,0.01723421,33654,-0.32168267,0.34210422,0.63425023,-0.29214601,-0.02953666,White,-0.31683712,MN,1
MN-71,44110,0.03579185,0.41262827,0.56587522,0.91406684,0.08593316,0.01739715,0.02923891,0.00093565,0.01020438,0.02154908,34201,-0.15324695,0.41765794,0.55492617,-0.13726823,-0.01597872,White,-0.15292071,MN,1
MN-72,43863,0.0299918,0.56247351,0.41290159,0.78325868,0.21674132,0.05985564,0.0894411,0.00262475,0.03788765,0.01754586,35051,0.14957192,0.56214446,0.413377,0.14876746,0.00080446,White,0.14430377,MN,1
MN-73,43117,0.01247421,0.57020244,0.40412125,0.82462588,0.17537412,0.06071208,0.03384,0.00099962,0.05888925,0.01649369,34013,0.16608119,0.55690322,0.41745576,0.13944746,0.02663373,White,0.15220328,MN,1
MN-74,43492,0.02127997,0.52199094,0.45031416,0.80094349,0.19905651,0.04784369,0.02549963,0.00076499,0.10795907,0.01131546,31373,0.07167678,0.51633678,0.46132295,0.05501383,0.01666295,White,0.06112246,MN,1
MN-75,41135,-0.03406715,0.60437354,0.37060405,0.90427597,0.09572403,0.02131722,0.02626307,0.00093908,0.0321167,0.00910912,31946,0.23376949,0.60047749,0.37967258,0.22080491,0.01296458,White,0.22444796,MN,1
MN-76,43139,0.01299081,0.69677802,0.27756474,0.76617722,0.23382278,0.10392123,0.04470434,0.00125206,0.06698537,0.01482556,35142,0.41921328,0.70171276,0.27630311,0.42540965,-0.00619637,White,0.41627874,MN,1
MN-77,42940,0.00831789,0.61206308,0.35973159,0.78116915,0.21883085,0.04478256,0.03511149,0.00126278,0.12208944,0.01210423,32468,0.25233149,0.60877658,0.36899563,0.23978095,0.01255054,White,0.24314798,MN,1
MN-78,42991,0.00951547,0.65509112,0.31777869,0.75535881,0.24464119,0.072839,0.03754077,0.00084459,0.11716566,0.01170783,34336,0.33731243,0.64628324,0.33263552,0.31364772,0.02366471,White,0.32442419,MN,1
MN-79,41581,-0.02359417,0.63280561,0.33729514,0.64446529,0.35553471,0.12679296,0.12225383,0.00169461,0.08403438,0.02390607,33046,0.29551047,0.64032842,0.33345105,0.30687737,-0.0113669,White,0.29429944,MN,1
MN-80,42627,0.00096802,0.63825253,0.33685973,0.79098632,0.20901368,0.07305976,0.04469402,0.00100792,0.06715623,0.01638589,34725,0.3013928,0.63676922,0.34092369,0.29584553,0.00554727,White,0.29454371,MN,1
MN-81,40562,-0.04752235,0.71854197,0.25608677,0.65175186,0.34824814,0.108054,0.13851054,0.00212346,0.08093432,0.02523889,32965,0.4624552,0.72027385,0.25371025,0.4665636,-0.0041084,White,0.45882467,MN,1
MN-82,44017,0.03360803,0.68474387,0.28744147,0.82847722,0.17152278,0.03390288,0.03090528,0.0007494,0.08821942,0.00959233,33360,0.3973024,0.68684059,0.29331343,0.39352716,0.00377524,White,0.39104399,MN,1
MN-83,44589,0.04703974,0.86518401,0.10820395,0.77603921,0.22396079,0.08942369,0.0702041,0.00127392,0.03425739,0.03195879,36109,0.75698006,0.8549737,0.12438387,0.73058983,0.02639023,White,0.74318332,MN,1
MN-84,43031,0.01045476,0.8784029,0.09552206,0.75389006,0.24610994,0.11096425,0.07236407,0.00201262,0.03724842,0.02448183,33290,0.78288084,0.87703114,0.10448335,0.77254779,0.01033305,White,0.77443649,MN,1
MN-85,43763,0.02764359,0.87491303,0.09231389,0.78312849,0.21687151,0.08428011,0.05548957,0.00152345,0.05388866,0.0194433,38728,0.78259914,0.88015684,0.09933309,0.78082375,0.00177539,White,0.77700734,MN,1
MN-86,42597,0.00026356,0.88943675,0.08339032,0.82574165,0.17425835,0.05758,0.05594487,0.00134314,0.04038192,0.01880402,34248,0.80604643,0.8838296,0.09799106,0.78583854,0.02020789,White,0.79431047,MN,1
MN-87,42709,0.00289355,0.82059636,0.14091662,0.46800821,0.53199179,0.31072368,0.11018591,0.00202388,0.07392951,0.04874664,34587,0.67967974,0.86527264,0.11376639,0.75150625,-0.07182651,Minority,0.69862191,MN,1
MN-88,44365,0.04177977,0.82773744,0.117406,0.3940693,0.6059307,0.30803571,0.22578642,0.00147824,0.04059248,0.05593661,33824,0.71033144,0.898081,0.07770836,0.82037264,-0.1100412,Minority,0.74201184,MN,1
MN-89,44276,0.03968987,0.81722168,0.15075547,0.75614016,0.24385984,0.09682349,0.0781847,0.00139177,0.04183495,0.02819015,36644,0.66646621,0.82456202,0.15180842,0.6727536,-0.00628739,White,0.66356201,MN,1
MN-90,42645,0.0013907,0.82526943,0.1377551,0.68130822,0.31869178,0.07971051,0.04925874,0.0013523,0.17517279,0.01442452,39932,0.68751433,0.86113356,0.10931548,0.75181808,-0.06430375,White,0.70394891,MN,1
MN-91,43485,0.02111559,0.82402977,0.14401914,0.49082412,0.50917588,0.33027471,0.06984498,0.00170979,0.08967856,0.0303203,35092,0.68001063,0.84722941,0.12894873,0.71828068,-0.03827005,Minority,0.68776731,MN,1
MN-92,44106,0.03569793,0.80308688,0.16542196,0.3798507,0.6201493,0.37495978,0.10621662,0.00205933,0.11142931,0.04514448,31078,0.63766492,0.81961557,0.14763704,0.67197853,-0.03431361,Minority,0.64410279,MN,1
MN-93,42367,-0.0051373,0.62790698,0.34363467,0.55001924,0.44998076,0.19228549,0.0409773,0.0017635,0.20126331,0.01353085,31188,0.28427231,0.62865707,0.34829231,0.28036476,0.00390755,White,0.27796979,MN,1
MN-94,44111,0.03581534,0.69638508,0.28098962,0.34875016,0.65124984,0.38097957,0.08970943,0.00158609,0.16717422,0.02007994,31524,0.41539546,0.71666761,0.26068833,0.45597928,-0.04058382,Black,0.4239234,MN,1
MN-95,41825,-0.01786456,0.45460887,0.52216371,0.92039364,0.07960636,0.01250509,0.02347447,0.00078353,0.02131194,0.01498104,31907,-0.06755484,0.45532767,0.52191473,-0.06658706,-0.00096778,White,-0.07223225,MN,1
MN-96,44426,0.04321217,0.49442678,0.48263789,0.84799373,0.15200627,0.05494638,0.03367876,0.00138571,0.04199301,0.01479094,33196,0.01178889,0.47604576,0.49949946,-0.0234537,0.03524259,White,-0.00495864,MN,1
MN-97,42181,-0.00950496,0.52377309,0.44903033,0.82133333,0.17866667,0.03466667,0.06413008,0.00130081,0.06107317,0.01330081,30750,0.07474276,0.53001929,0.44398007,0.08603922,-0.01129646,White,0.07350825,MN,1
MN-98,43434,0.01991801,0.47887513,0.49660253,0.90844555,0.09155445,0.01397511,0.02667685,0.00089135,0.03387133,0.00913634,31413,-0.0177274,0.48237242,0.4948755,-0.01250308,-0.00522432,White,-0.02098596,MN,1
MN-99,43281,0.01632526,0.45433081,0.52306414,0.78395373,0.21604627,0.12457363,0.04081269,0.00109743,0.03559247,0.01441495,33715,-0.06873333,0.4781085,0.49474338,-0.01663488,-0.05209845,White,-0.05636718,MN,1
MN-100,42795,0.004913,0.48495595,0.48484513,0.75306591,0.24693409,0.13915906,0.0392376,0.00190298,0.04304356,0.02316801,33106,0.00011082,0.51702918,0.44838196,0.06864722,-0.0685364,White,0.01795629,MN,1
MN-101,42705,0.00279962,0.21392049,0.76871854,0.939929,0.060071,0.00551196,0.03979821,0.00037369,0.00451545,0.00638391,32112,-0.55479805,0.22408744,0.75891936,-0.53483192,-0.01996613,White,-0.55314267,MN,1
MN-102,43991,0.03299749,0.33574588,0.64378404,0.92835126,0.07164874,0.01387042,0.02348,0.00063459,0.01807083,0.01054636,33092,-0.30803816,0.34131942,0.63723623,-0.29591681,-0.01212135,White,-0.30899771,MN,1
MN-103,42838,0.00592273,0.50210243,0.4743083,0.86967132,0.13032868,0.04735938,0.04299099,0.00111469,0.02148043,0.01409936,33193,0.02779413,0.52127252,0.45189728,0.06937524,-0.04158111,White,0.0366545,MN,1
MN-104,40733,-0.04350692,0.52958901,0.44674965,0.80516017,0.19483983,0.07701298,0.04986365,0.00173804,0.05028318,0.01456354,33371,0.08283936,0.5672146,0.4045482,0.1626664,-0.07982704,White,0.10444837,MN,1
MN-105,42269,-0.00743854,0.32740691,0.65221402,0.93062179,0.06937821,0.00861459,0.03648894,0.00070763,0.00738393,0.0115374,32503,-0.32480711,0.33650017,0.64134583,-0.30484566,-0.01996145,White,-0.32315329,MN,1
MN-106,42567,-0.0004409,0.36565431,0.6175256,0.86969898,0.13030102,0.01257767,0.07332449,0.00132714,0.02551728,0.01399529,33154,-0.25187129,0.38625532,0.59170213,-0.20544681,-0.04642448,White,-0.24139646,MN,1
MN-107,41140,-0.03394974,0.28956293,0.6894674,0.84838111,0.15161889,0.00979012,0.1062516,0.00287945,0.01782058,0.01689276,31256,-0.39990447,0.30927404,0.67234497,-0.36307093,-0.03683354,White,-0.39262662,MN,1
MN-108,41216,-0.03216511,0.30051896,0.6816882,0.76790699,0.23209301,0.02666754,0.15346974,0.00187198,0.03941016,0.02174127,30449,-0.38116924,0.31728089,0.66222773,-0.34494684,-0.0362224,White,-0.37409511,MN,1
MN-109,41176,-0.03310439,0.30111345,0.67872173,0.92219629,0.07780371,0.00655986,0.02920399,0.00059922,0.01280434,0.02712249,31708,-0.37760828,0.31123098,0.66749989,-0.35626891,-0.02133937,White,-0.37549516,MN,1
MN-110,40598,-0.046677,0.31319262,0.66363177,0.8789678,0.1210322,0.02613121,0.04325841,0.00078296,0.03060059,0.01967181,30653,-0.35043915,0.33576575,0.64363569,-0.30786994,-0.04256921,White,-0.34124941,MN,1
MN-111,42993,0.00956244,0.29357283,0.686019,0.90996814,0.09003186,0.00853725,0.05272651,0.00129261,0.0092587,0.01376781,33266,-0.39244617,0.3004888,0.67494908,-0.37446028,-0.01798589,White,-0.39145087,MN,1
MN-112,42654,0.00160203,0.30314672,0.67695429,0.89490029,0.10509971,0.00764195,0.0656112,0.00608921,0.00721571,0.01561882,32845,-0.37380757,0.32273228,0.65744897,-0.33471669,-0.03909088,White,-0.36577728,MN,1
MN-113,42180,-0.00952844,0.28256327,0.69967495,0.94373283,0.05626717,0.00537054,0.02746998,0.00055557,0.00370382,0.01108059,32399,-0.41711168,0.29371259,0.6860597,-0.39234711,-0.02476457,White,-0.41385682,MN,1
MN-114,43316,0.01714713,0.35998078,0.61873649,0.79958195,0.20041805,0.04961269,0.11591664,0.0034735,0.01552318,0.01807451,32532,-0.25875571,0.3883377,0.59022838,-0.20189068,-0.05686503,White,-0.2448007,MN,1
MN-115,41334,-0.02939423,0.31252581,0.66945685,0.95309603,0.04690397,0.00744655,0.01510938,0.00098875,0.00750834,0.01171054,32364,-0.35693104,0.32218975,0.65708163,-0.33489188,-0.02203916,White,-0.35458465,MN,1
MN-116,43740,0.02710351,0.35511386,0.62314528,0.92412657,0.07587343,0.0113222,0.03090813,0.00120574,0.00958711,0.01952711,34004,-0.26803142,0.36391389,0.61535107,-0.25143718,-0.01659424,White,-0.26750001,MN,1
MN-117,41066,-0.03568741,0.30218189,0.68028577,0.92349098,0.07650902,0.01244555,0.03431861,0.00068451,0.00640946,0.01481021,32140,-0.37810388,0.31752958,0.66611629,-0.34858671,-0.02951717,White,-0.37326482,MN,1
MN-118,43707,0.0263286,0.30969739,0.67348186,0.87240974,0.12759026,0.00808373,0.01106989,0.00123669,0.00699786,0.09591892,33153,-0.36378447,0.32556307,0.6557717,-0.33020863,-0.03357584,White,-0.35759252,MN,1
MN-119,41063,-0.03575786,0.30106833,0.68095142,0.91938844,0.08061156,0.0096798,0.01573768,0.00115388,0.00628225,0.04230905,31199,-0.37988309,0.31859607,0.66050613,-0.34191006,-0.03797303,White,-0.37222541,MN,1
MN-120,40574,-0.04724056,0.48124971,0.49896471,0.73900589,0.26099411,0.01780541,0.020735,0.00117184,0.01119755,0.20744767,30721,-0.017715,0.48940678,0.48625235,0.00315443,-0.02086943,White,-0.01575852,MN,1
MN-121,42491,-0.00222553,0.28489937,0.69850962,0.91508543,0.08491457,0.00651783,0.01145189,0.00097463,0.00892395,0.04769592,32833,-0.41361025,0.29994568,0.67819982,-0.37825414,-0.03535611,White,-0.40682488,MN,1
MN-122,41135,-0.03406715,0.28489853,0.69553978,0.92952784,0.07047216,0.01066692,0.01652893,0.00089692,0.01364597,0.01912358,31218,-0.41064125,0.2945327,0.68046214,-0.38592944,-0.02471181,White,-0.40740398,MN,1
MN-123,44418,0.04302432,0.34773887,0.63357382,0.92557562,0.07442438,0.00945822,0.01930068,0.00059114,0.01563562,0.01841397,33833,-0.28583495,0.35333261,0.6215774,-0.26824479,-0.01759016,White,-0.28497156,MN,1
MN-124,41079,-0.03538215,0.30510022,0.67717973,0.88200599,0.11799401,0.03386101,0.02111729,0.00137522,0.01213251,0.04180674,32722,-0.37207951,0.3254443,0.65357607,-0.32813177,-0.04394774,White,-0.36243026,MN,1
MN-125,42812,0.00531219,0.37918644,0.59770217,0.8714177,0.1285823,0.01214177,0.02548821,0.00110956,0.00615014,0.08036394,31544,-0.21851573,0.40569914,0.57062072,-0.16492158,-0.05359415,White,-0.20565101,MN,1
MN-126,40864,-0.04043078,0.56192266,0.41276551,0.83087857,0.16912143,0.06180859,0.04203113,0.00164008,0.02386159,0.0371752,31096,0.14915715,0.57063741,0.40204484,0.16859257,-0.01943542,White,0.15063562,MN,1
MN-127,43477,0.02092774,0.33107641,0.6529067,0.86683118,0.13316882,0.00455799,0.00984178,0.00049354,0.00545798,0.10422413,34445,-0.32183029,0.35015094,0.63128302,-0.28113208,-0.04069821,White,-0.31326422,MN,1
MN-128,43665,0.02534236,0.3972023,0.58344109,0.92648795,0.07351205,0.0076881,0.0107403,0.00089263,0.00639235,0.03821014,34729,-0.18623879,0.41579614,0.56430041,-0.14850427,-0.03773452,White,-0.17866062,MN,1
MN-129,40758,-0.04291987,0.48162215,0.49605435,0.8790157,0.1209843,0.01901633,0.01231955,0.00186373,0.00881322,0.0725274,31657,-0.0144322,0.50158839,0.47475745,0.02683094,-0.04126314,White,-0.00567782,MN,1
MN-130,42576,-0.00022956,0.466021,0.51224872,0.9160134,0.0839866,0.01603734,0.01238705,0.00137634,0.00912573,0.03641314,33422,-0.04622772,0.48523018,0.49295031,-0.00772013,-0.03850759,White,-0.03839186,MN,1
MN-131,41692,-0.02098767,0.45590192,0.52276485,0.91632563,0.08367437,0.01545709,0.01006919,0.00052996,0.00633005,0.04472251,33965,-0.06686293,0.47080957,0.50720849,-0.03639892,-0.03046401,White,-0.06170826,MN,1
MN-132,41220,-0.03207118,0.50853618,0.47064655,0.93648423,0.06351577,0.00660253,0.00872371,0.00074689,0.0074988,0.03035373,33472,0.03788963,0.51117095,0.46746962,0.04370133,-0.0058117,White,0.03482686,MN,1
MN-133,43367,0.01834471,0.70801476,0.26684164,0.86509642,0.13490358,0.04476321,0.02305138,0.00175816,0.027377,0.03379566,35833,0.44117312,0.70889406,0.26480119,0.44409287,-0.00291975,White,0.43714637,MN,1
MN-134,43330,0.01747588,0.65240731,0.32574233,0.86376107,0.13623893,0.03736177,0.01688492,0.00135758,0.01733744,0.05846084,35357,0.32666498,0.65672573,0.31669578,0.34002995,-0.01336497,White,0.32611997,MN,1
MT-1,10823,-0.00038514,0.21721948,0.75977417,0.90862887,0.09137113,0.00485656,0.02699345,0.00293653,0.00892252,0.03738423,8854,-0.54255469,0.23516287,0.74312063,-0.50795776,-0.03459693,White,-0.53602238,MT,1
MT-2,10904,0.00709604,0.21203107,0.76780697,0.91445563,0.08554437,0.0044602,0.01829826,0.00274474,0.00914913,0.03956999,8744,-0.5557759,0.23633414,0.74403893,-0.50770479,-0.04807111,White,-0.5447522,MT,1
MT-3,10764,-0.0058344,0.50042206,0.47059651,0.91671363,0.08328637,0.00360645,0.02749915,0.00214133,0.01318607,0.02671024,8873,0.02982555,0.52888138,0.44688645,0.08199493,-0.05216938,White,0.04221534,MT,1
MT-4,10774,-0.00491079,0.449722,0.51850675,0.90545326,0.09454674,0.00566572,0.02384325,0.00354108,0.01109537,0.03600094,8472,-0.06878475,0.46573789,0.50850478,-0.04276689,-0.02601786,White,-0.06511213,MT,1
MT-5,10919,0.00848144,0.25525387,0.71836171,0.90562036,0.09437964,0.00683398,0.02603983,0.00294568,0.0103688,0.03900082,8487,-0.46310784,0.2640139,0.7151429,-0.451129,-0.01197884,White,-0.46411489,MT,1
MT-6,10934,0.00986684,0.31640473,0.65579945,0.92077444,0.07922556,0.00273192,0.02042998,0.00213802,0.01591638,0.02529992,8419,-0.33939472,0.33073644,0.65000735,-0.31927091,-0.02012381,White,-0.33768678,MT,1
MT-7,10736,-0.00842048,0.39799673,0.56704824,0.88871623,0.11128377,0.00657423,0.03311021,0.00262969,0.01494143,0.0441071,8366,-0.16905151,0.40098619,0.56370809,-0.1627219,-0.00632961,White,-0.17194164,MT,1
MT-8,10727,-0.00925173,0.26163587,0.71132786,0.90096038,0.09903962,0.00420168,0.02496999,0.00132053,0.01320528,0.04309724,8330,-0.44969199,0.27078158,0.70265622,-0.43187464,-0.01781735,White,-0.44875287,MT,1
MT-9,10916,0.00820436,0.26382096,0.7114273,0.91449725,0.08550275,0.00382135,0.02901839,0.00083592,0.00979221,0.03319799,8374,-0.44760634,0.27566121,0.70245592,-0.42679471,-0.02081163,White,-0.44566913,MT,1
MT-10,10780,-0.00435663,0.24600798,0.72787758,0.90816577,0.09183423,0.00698872,0.02734183,0.00208436,0.01667484,0.03298185,8156,-0.4818696,0.29052259,0.68928255,-0.39875996,-0.08310964,White,-0.45916639,MT,1
MT-11,10732,-0.00878992,0.23555179,0.74438321,0.91823515,0.08176485,0.00366659,0.0244439,0.00171107,0.01051088,0.02957712,8182,-0.50883142,0.2503385,0.73341357,-0.48307507,-0.02575635,White,-0.50524597,MT,1
MT-12,10891,0.00589535,0.31298925,0.66564946,0.88051146,0.11948854,0.00396825,0.02502205,0.00154321,0.01036155,0.07021605,9072,-0.35266021,0.34030626,0.64342357,-0.30311731,-0.0495429,White,-0.34114591,MT,1
MT-13,10920,0.0085738,0.37309019,0.5961886,0.7440197,0.2559803,0.00832552,0.03576454,0.00316604,0.00797373,0.20473734,8528,-0.22309841,0.39900249,0.57838736,-0.17938487,-0.04371354,White,-0.21352723,MT,1
MT-14,10735,-0.00851284,0.20591948,0.76770936,0.89307467,0.10692533,0.00383487,0.02221972,0.00327092,0.00879765,0.05199639,8866,-0.56178988,0.22879597,0.75281732,-0.52402135,-0.03776853,White,-0.55420037,MT,1
MT-15,10862,0.00321691,0.51456543,0.44675263,0.38612388,0.61387612,0.00432783,0.03272924,0.00311063,0.00554504,0.58263457,7394,0.0678128,0.5821501,0.39260762,0.18954248,-0.12172968,Native,0.10338936,MT,1
MT-16,10932,0.00968212,0.538407,0.42401324,0.3491132,0.6508868,0.00704225,0.01604069,0.00299948,0.00782473,0.62702139,7668,0.11439376,0.58971005,0.38696316,0.20274689,-0.08835313,Native,0.1388448,MT,1
MT-17,10916,0.00820436,0.26156851,0.70552885,0.90839695,0.09160305,0.00462642,0.01769604,0.00185057,0.00740227,0.04765209,8646,-0.44396034,0.26615854,0.7132622,-0.44710366,0.00314332,White,-0.45000811,MT,1
MT-18,10933,0.00977448,0.2262721,0.74178997,0.88449612,0.11550388,0.00708749,0.01960133,0.00177187,0.00753045,0.07353267,9030,-0.51551787,0.24191009,0.73692496,-0.49501487,-0.020503,White,-0.51368354,MT,1
MT-19,10918,0.00838908,0.47668858,0.48296473,0.75541612,0.24458388,0.02497928,0.0472357,0.00390671,0.02190127,0.15129632,8447,-0.00627615,0.44072524,0.52520422,-0.08447898,0.07820283,White,-0.03734376,MT,1
MT-20,10730,-0.00897464,0.43785588,0.52680149,0.8514137,0.1485863,0.01750858,0.03560866,0.00319413,0.01502425,0.07535786,8453,-0.08894561,0.44532682,0.52066789,-0.07534107,-0.01360454,White,-0.08941076,MT,1
MT-21,10934,0.00986684,0.37974456,0.59003418,0.8751492,0.1248508,0.01432323,0.02673669,0.00286465,0.01706851,0.05669611,8378,-0.21028962,0.408174,0.56358534,-0.15541134,-0.05487828,White,-0.19699686,MT,1
MT-22,10862,0.00321691,0.39466667,0.576,0.74884245,0.25115755,0.06069328,0.09610812,0.00663246,0.04292329,0.04905519,7991,-0.18133333,0.43248588,0.5279661,-0.09548022,-0.08585311,White,-0.15771563,MT,1
MT-23,10930,0.0094974,0.43312937,0.53977273,0.83279456,0.16720544,0.01928436,0.04079813,0.00457028,0.02117936,0.07602274,8971,-0.10664336,0.43490424,0.5377663,-0.10286206,-0.0037813,White,-0.11038293,MT,1
MT-24,10893,0.00608007,0.38778246,0.58387591,0.85445287,0.14554713,0.01136902,0.0325675,0.00201326,0.01859308,0.07330649,8444,-0.19609345,0.38286004,0.59415145,-0.21129141,0.01519796,White,-0.20615944,MT,1
MT-25,10910,0.0076502,0.25379456,0.71584892,0.88581717,0.11418283,0.00650482,0.02509002,0.00278778,0.00906029,0.06469973,8609,-0.46205436,0.2655914,0.7109319,-0.4453405,-0.01671386,White,-0.46148307,MT,1
MT-26,10829,0.00016902,0.28270771,0.68823622,0.91977455,0.08022545,0.00539633,0.01678858,0.00107927,0.00935364,0.03873366,8339,-0.40552851,0.30885913,0.67032435,-0.36146522,-0.04406329,White,-0.39584075,MT,1
MT-27,10731,-0.00888228,0.37736269,0.57883033,0.79434638,0.20565362,0.009505,0.03135415,0.00185162,0.01481299,0.14911739,8101,-0.20146764,0.40242898,0.5594895,-0.15706052,-0.04440712,White,-0.19166527,MT,1
MT-28,10859,0.00293983,0.20658302,0.76286598,0.91078067,0.08921933,0.00563617,0.01594915,0.00359755,0.00743494,0.05564216,8339,-0.55628296,0.22691069,0.75343162,-0.52652093,-0.02976203,White,-0.55136228,MT,1
MT-29,10911,0.00774256,0.22599253,0.74143196,0.89783427,0.10216573,0.00553202,0.02095104,0.00141243,0.00870998,0.06461864,8496,-0.51543943,0.2326439,0.74314574,-0.51050184,-0.00493759,White,-0.51879357,MT,1
MT-30,10896,0.00635716,0.15503876,0.81792884,0.86889271,0.13110729,0.01043457,0.04345691,0.00135036,0.01252148,0.05364596,8146,-0.66289008,0.15479705,0.82361624,-0.66881919,0.00592911,White,-0.66986645,MT,1
MT-31,10304,-0.04832011,0.49283203,0.45847985,0.30838492,0.69161508,0.00492403,0.01716376,0.00056275,0.0104108,0.66868317,7108,0.03435218,0.54973262,0.42433155,0.12540107,-0.09104889,Native,0.05970181,MT,1
MT-32,10342,-0.04481042,0.50660793,0.44830267,0.33113939,0.66886061,0.00380284,0.02193945,0.00204768,0.00541173,0.6495539,6837,0.05830526,0.57591354,0.40607308,0.16984046,-0.1115352,Native,0.09048366,MT,1
MT-33,10772,-0.00509551,0.18087206,0.79257133,0.90858758,0.09141242,0.00753917,0.02226411,0.0010602,0.01107315,0.03757804,8489,-0.61169927,0.19016949,0.78864407,-0.59847458,-0.01322469,White,-0.61229104,MT,1
MT-34,10878,0.00469467,0.11483104,0.86373592,0.94407266,0.05592734,0.00513862,0.01541587,0.00346558,0.00752868,0.02306405,8368,-0.74890488,0.12262156,0.86227726,-0.7396557,-0.00924918,White,-0.75082182,MT,1
MT-35,10768,-0.00546496,0.16170005,0.81305976,0.89321202,0.10678798,0.00502813,0.03052795,0.00227463,0.00849994,0.06201365,8353,-0.65135971,0.17485989,0.80656525,-0.63170536,-0.01965435,White,-0.64980826,MT,1
MT-36,10853,0.00238566,0.25867386,0.7041249,0.91045652,0.08954348,0.00809764,0.02628799,0.001643,0.00856707,0.03661542,8521,-0.44545104,0.27635813,0.69846678,-0.42210865,-0.02334239,White,-0.44267024,MT,1
MT-37,10931,0.00958976,0.22579647,0.74203526,0.93196731,0.06803269,0.00092092,0.01577069,0.0016116,0.00748245,0.03257741,8687,-0.51623879,0.22832781,0.74893415,-0.52060634,0.00436755,White,-0.52269464,MT,1
MT-38,10878,0.00469467,0.15393724,0.8259325,0.91452292,0.08547708,0.00713283,0.0261927,0.00198784,0.00713283,0.03753508,8552,-0.67199526,0.16388013,0.8170347,-0.65315457,-0.01884069,White,-0.67071503,MT,1
MT-39,10721,-0.00980589,0.31482599,0.65359083,0.850786,0.149214,0.01255071,0.05666836,0.00215517,0.01217039,0.06414807,7888,-0.33876484,0.3181473,0.65205011,-0.33390281,-0.00486203,White,-0.34214416,MT,1
MT-40,10780,-0.00435663,0.2444835,0.72329623,0.87316706,0.12683294,0.00802106,0.04048126,0.00250658,0.00852237,0.06228851,7979,-0.47881273,0.2686623,0.70233863,-0.43367633,-0.0451364,White,-0.46876726,MT,1
MT-41,10288,-0.04979787,0.50247117,0.45469522,0.31290417,0.68709583,0.00499706,0.04159318,0.00132275,0.01102293,0.64697237,6804,0.04777595,0.54081633,0.43877551,0.10204082,-0.05426487,Native,0.06086424,MT,1
MT-42,10295,-0.04915135,0.44394381,0.52133581,0.46982938,0.53017062,0.01262311,0.04438896,0.00208073,0.00776807,0.46969066,7209,-0.077392,0.48644226,0.49228612,-0.00584386,-0.07154814,Minority,-0.05854262,MT,1
MT-43,10813,-0.00130874,0.36133056,0.5968815,0.84578915,0.15421085,0.01509669,0.04716157,0.00336868,0.01709295,0.07061759,8015,-0.23555094,0.36667285,0.60400816,-0.23733531,0.00178437,White,-0.24114573,MT,1
MT-44,10814,-0.00121638,0.30542043,0.66765115,0.88248616,0.11751384,0.00981379,0.03963261,0.00276799,0.01585304,0.04453951,7948,-0.36223072,0.31623331,0.65969782,-0.34346451,-0.01876621,White,-0.36097532,MT,1
MT-45,10869,0.00386343,0.50396668,0.46449821,0.84699392,0.15300608,0.01711326,0.04829993,0.00213916,0.01306012,0.06620131,8882,0.03946847,0.51276832,0.4607698,0.05199852,-0.01253005,White,0.03864515,MT,1
MT-46,10917,0.00829672,0.47375915,0.49206672,0.84223889,0.15776111,0.01961916,0.05712637,0.00276976,0.01800346,0.05712637,8665,-0.01830757,0.50797224,0.45732508,0.05064716,-0.06895473,White,-0.00032266,MT,1
MT-47,10760,-0.00620384,0.51107994,0.44852735,0.75687295,0.24312705,0.02364521,0.09152619,0.00429913,0.00984274,0.1222989,8839,0.06255259,0.5297207,0.42754834,0.10217236,-0.03961977,White,0.07075918,MT,1
MT-48,10887,0.00552591,0.40995922,0.55312299,0.80338573,0.19661427,0.02116082,0.08452237,0.00302297,0.01378476,0.07944377,8270,-0.14316377,0.4296875,0.53342014,-0.10373264,-0.03943113,White,-0.13502006,MT,1
MT-49,10787,-0.00371011,0.39182551,0.57339359,0.85741088,0.14258912,0.01301595,0.05335366,0.00480769,0.01665103,0.05429174,8528,-0.18156808,0.39469258,0.57484582,-0.18015324,-0.00141484,White,-0.18609647,MT,1
MT-50,10932,0.00968212,0.34118932,0.62962385,0.8737002,0.1262998,0.00923005,0.0369202,0.00525762,0.01857694,0.04872064,8559,-0.28843453,0.35985868,0.61692463,-0.25706595,-0.03136858,White,-0.28297834,MT,1
MT-51,10811,-0.00149347,0.40586365,0.56269869,0.88869423,0.11130577,0.01179631,0.03725765,0.00327026,0.01249708,0.04239664,8562,-0.15683504,0.41469388,0.55934694,-0.14465306,-0.01218198,White,-0.15777438,MT,1
MT-52,10862,0.00321691,0.35968495,0.6126021,0.90898014,0.09101986,0.00597051,0.03216766,0.00158401,0.02022664,0.02644084,8207,-0.25291715,0.36498427,0.61314962,-0.24816535,-0.0047518,White,-0.25633322,MT,1
MT-53,10784,-0.00398719,0.24883476,0.7245527,0.90630109,0.09369891,0.00666583,0.03144259,0.00201233,0.01572129,0.03194567,7951,-0.47571794,0.26622063,0.70546133,-0.4392407,-0.03647724,White,-0.46855886,MT,1
MT-54,10816,-0.00103166,0.27596323,0.69352631,0.89432293,0.10567707,0.00442369,0.03698697,0.00110592,0.0087245,0.04423691,8138,-0.41756308,0.29625426,0.67480136,-0.3785471,-0.03901598,White,-0.40955775,MT,1
MT-55,10476,-0.03243414,0.32246129,0.64670412,0.92816835,0.07183165,0.00434987,0.0196332,0.00176346,0.00611333,0.02692217,8506,-0.32424283,0.34330686,0.63357913,-0.29027227,-0.03397056,White,-0.31791931,MT,1
MT-56,10733,-0.00869756,0.18227706,0.79192372,0.92154099,0.07845901,0.00270143,0.02407799,0.0017618,0.0065774,0.02525253,8514,-0.60964666,0.20137496,0.78057863,-0.57920367,-0.03044299,White,-0.604499,MT,1
MT-57,10922,0.00875852,0.49000513,0.4818042,0.9124315,0.0875685,0.00741377,0.02815085,0.00107446,0.01343075,0.02535726,9307,0.00820093,0.50006197,0.48271161,0.01735036,-0.00914943,White,0.00625074,MT,1
MT-58,10830,0.00026138,0.50193105,0.46388213,0.91661965,0.08338035,0.00586709,0.02482229,0.00056414,0.0094776,0.03170484,8863,0.03804892,0.51102832,0.46035768,0.05067064,-0.01262172,White,0.03725616,MT,1
MT-59,10832,0.0004461,0.60704032,0.3639995,0.91139538,0.08860462,0.0073935,0.02992607,0.00176036,0.02018542,0.01772092,8521,0.24304082,0.61886843,0.35667249,0.26219594,-0.01915512,White,0.24442586,MT,1
MT-60,10921,0.00866616,0.49325451,0.47703502,0.89437022,0.10562978,0.00696586,0.05823912,0.00148453,0.01096266,0.01861368,8757,0.01621949,0.51165162,0.46184096,0.04981066,-0.03359117,White,0.02241655,MT,1
MT-61,10863,0.00330927,0.68285646,0.28251984,0.84960449,0.15039551,0.01542005,0.04525884,0.00270351,0.04716131,0.03654751,9987,0.40033662,0.67970531,0.28573934,0.39396597,0.00637065,White,0.39321307,MT,1
MT-62,10742,-0.00786632,0.49506579,0.46661184,0.87251135,0.12748865,0.00849924,0.05984399,0.00244499,0.02188846,0.02561416,8589,0.02845395,0.52976488,0.42788061,0.10188427,-0.07343032,White,0.04793072,MT,1
MT-63,10843,0.00146206,0.5241077,0.44520977,0.88657599,0.11342401,0.00756949,0.04234181,0.00272028,0.02282673,0.02448255,8455,0.07889793,0.54433962,0.42264151,0.12169811,-0.04280018,White,0.08816466,MT,1
MT-64,10772,-0.00509551,0.52984243,0.43737068,0.89209709,0.10790291,0.00966295,0.03876682,0.0023007,0.02346716,0.02151156,8693,0.09247175,0.56313886,0.40147822,0.16166064,-0.06918889,White,0.11053471,MT,1
MT-65,10859,0.00293983,0.53853225,0.42515704,0.89153468,0.10846532,0.01037684,0.0416166,0.00098307,0.01889678,0.0233752,9155,0.11337521,0.57198669,0.39921864,0.17276805,-0.05939284,White,0.12817282,MT,1
MT-66,10915,0.008112,0.55839366,0.41100942,0.902063,0.097937,0.00732032,0.02806122,0.00133097,0.01785714,0.0238465,9016,0.14738424,0.55549304,0.41763961,0.13785343,0.00953081,White,0.1392073,MT,1
MT-67,10934,0.00986684,0.34987874,0.61228779,0.86965004,0.13034996,0.0093891,0.06060237,0.00170711,0.01548592,0.03645897,8201,-0.26240905,0.36996659,0.58677686,-0.21681027,-0.04559878,White,-0.25220946,MT,1
MT-68,10893,0.00608007,0.27358962,0.69845232,0.90373856,0.09626144,0.00356053,0.04234486,0.00216175,0.0119532,0.02441506,7864,-0.4248627,0.29850991,0.67136073,-0.37285082,-0.05201188,White,-0.41252541,MT,1
MT-69,10923,0.00885088,0.25398458,0.71940874,0.92104968,0.07895032,0.00314007,0.02388696,0.0024672,0.00762588,0.02792419,8917,-0.46542416,0.28180819,0.69675735,-0.41494916,-0.050475,White,-0.45359916,MT,1
MT-70,10830,0.00026138,0.27659259,0.69007407,0.90918544,0.09081456,0.00415945,0.03870595,0.0005777,0.00519931,0.03385326,8655,-0.41348148,0.29742962,0.68038556,-0.38295594,-0.03052554,White,-0.4083063,MT,1
MT-71,10814,-0.00121638,0.48257468,0.48275249,0.91136414,0.08863586,0.00535834,0.02266131,0.00212101,0.0083724,0.04576914,8958,-0.00017781,0.52351594,0.44706711,0.07644883,-0.07662664,White,0.0203644,MT,1
MT-72,10759,-0.0062962,0.54207399,0.41518114,0.88209557,0.11790443,0.00990213,0.04340818,0.00126655,0.01439263,0.04271733,8685,0.12689285,0.57306869,0.39424012,0.17882857,-0.05193572,White,0.13920476,MT,1
MT-73,10728,-0.00915936,0.51350211,0.44409283,0.88527457,0.11472543,0.00676227,0.04803544,0.00151568,0.00582954,0.04943453,8577,0.06940928,0.57004457,0.39779113,0.17225344,-0.10284416,White,0.09869067,MT,1
MT-74,10722,-0.00971353,0.52850877,0.43405388,0.92633322,0.07366678,0.00295613,0.02494975,0.00118245,0.01229751,0.02282133,8457,0.09445489,0.5623669,0.4154244,0.1469425,-0.05248761,White,0.10695076,MT,1
MT-75,10917,0.00829672,0.30167296,0.67026444,0.9183556,0.0816444,0.00345463,0.01819438,0.00092123,0.00713957,0.03673422,8684,-0.36859148,0.32298898,0.6548251,-0.33183612,-0.03675536,White,-0.36133969,MT,1
MT-76,10723,-0.00962117,0.25618866,0.71407646,0.89458964,0.10541036,0.01273025,0.01977047,0.00106085,0.0060758,0.06307262,10369,-0.4578878,0.27974228,0.69883129,-0.41908901,-0.03879879,White,-0.44995487,MT,1
MT-77,10934,0.00986684,0.20389159,0.76580959,0.90871221,0.09128779,0.00499881,0.02582718,0.00119019,0.00630802,0.03225423,8402,-0.561918,0.22353483,0.75115066,-0.52761583,-0.03430217,White,-0.55548394,MT,1
MT-78,10934,0.00986684,0.21227741,0.75929397,0.93047696,0.06952304,0.00635177,0.01755399,0.00358009,0.00692921,0.0244832,8659,-0.54701656,0.22641212,0.75118334,-0.52477122,-0.02224534,White,-0.54460145,MT,1
MT-79,10930,0.0094974,0.50880963,0.45981951,0.9030529,0.0969471,0.00792356,0.02458634,0.00163132,0.01549755,0.03880214,8582,0.04899012,0.53505068,0.44228604,0.09276464,-0.04377452,White,0.05858163,MT,1
MT-80,10932,0.00968212,0.48007897,0.48151472,0.89199725,0.10800275,0.00917221,0.0287778,0.00194909,0.01857372,0.0418482,8722,-0.00143575,0.50605522,0.46358792,0.0424673,-0.04390305,White,0.0081986,MT,1
MT-81,10927,0.00922032,0.51569021,0.44860102,0.88552189,0.11447811,0.00940439,0.03610821,0.00208986,0.01277139,0.04435156,8613,0.06708919,0.51932405,0.45548427,0.06383978,0.00324941,White,0.06100605,MT,1
MT-82,10932,0.00968212,0.50974832,0.44718185,0.86868086,0.13131914,0.00820745,0.03425717,0.00273582,0.01213275,0.06006899,8407,0.06256647,0.51712216,0.45340797,0.06371419,-0.00114772,White,0.05794904,MT,1
MT-83,10933,0.00977448,0.52723646,0.4397729,0.89279458,0.10720542,0.00665655,0.02674296,0.00303632,0.0157655,0.045428,8563,0.08746356,0.52923467,0.44113453,0.08810014,-0.00063658,White,0.08267575,MT,1
MT-84,10730,-0.00897464,0.3221041,0.64876432,0.90260141,0.09739859,0.0057946,0.03094563,0.00258908,0.01109604,0.04154851,8111,-0.32666022,0.31897192,0.6566632,-0.33769128,0.01103106,White,-0.33533724,MT,1
MT-85,11064,0.02187368,0.23199276,0.74498901,0.90936222,0.09063778,0.00364762,0.03083895,0.00165801,0.00862164,0.02840721,9047,-0.51299625,0.25525196,0.7256625,-0.47041054,-0.04258571,White,-0.50380101,MT,1
MT-86,11029,0.01864107,0.35952007,0.61105556,0.90875069,0.09124931,0.00594386,0.02883875,0.00198129,0.01155751,0.02696753,9085,-0.25153549,0.3781967,0.59900628,-0.22080958,-0.03072591,White,-0.24629352,MT,1
MT-87,11058,0.02131951,0.24816658,0.72433211,0.91710376,0.08289624,0.00342075,0.02884835,0.0022805,0.00900798,0.02793615,8770,-0.47616553,0.2682092,0.71166484,-0.44345564,-0.03270989,White,-0.47026223,MT,1
MT-88,11037,0.01937995,0.30249535,0.66989647,0.91387778,0.08612222,0.00376927,0.0262707,0.00194175,0.00936608,0.03392347,8755,-0.36740112,0.33305073,0.64038434,-0.30733361,-0.06006751,White,-0.35237862,MT,1
MT-89,10872,0.00414051,0.50923962,0.45486216,0.90291962,0.09708038,0.00768954,0.02643278,0.00120149,0.01609996,0.04000961,8323,0.05437746,0.50870665,0.46628963,0.04241702,0.01196044,White,0.04539065,MT,1
MT-90,10825,-0.00020042,0.27541752,0.69762672,0.90406373,0.09593627,0.005426,0.02216578,0.00323251,0.01316093,0.04190718,8662,-0.4222092,0.29749561,0.68447918,-0.38698357,-0.03522563,White,-0.41546732,MT,1
MT-91,10913,0.00792728,0.49705401,0.46726678,0.71032505,0.28967495,0.00788719,0.02844168,0.00227055,0.0083652,0.24784895,8368,0.02978723,0.53927777,0.4381311,0.10114667,-0.07135944,White,0.04857371,MT,1
MT-92,10918,0.00838908,0.58302853,0.38536942,0.88768561,0.11231439,0.00770347,0.03193033,0.00245618,0.01417885,0.04666741,8957,0.19765911,0.60058997,0.37669617,0.2238938,-0.02623469,White,0.20140401,MT,1
MT-93,10802,-0.00232471,0.60381293,0.36029193,0.84760354,0.15239646,0.00744532,0.07003257,0.00290833,0.02408097,0.04420661,8596,0.243521,0.62252331,0.3548951,0.26762821,-0.02410721,White,0.24655674,MT,1
MT-94,10926,0.00912796,0.5810585,0.38245125,0.90323754,0.09676246,0.0088517,0.02898024,0.00218261,0.02267491,0.0301928,8247,0.19860725,0.59031414,0.38467132,0.20564282,-0.00703557,White,0.19595244,MT,1
MT-95,10740,-0.00805104,0.7918512,0.170062,0.76588486,0.23411514,0.01183369,0.1575693,0.00309168,0.01663113,0.0401919,9380,0.6217892,0.82125604,0.15836353,0.66289251,-0.04110331,White,0.6304903,MT,1
MT-96,10773,-0.00500315,0.56786395,0.39574062,0.87227162,0.12772838,0.01235709,0.03164338,0.0017323,0.02494514,0.05358586,8659,0.17212333,0.59133176,0.38297872,0.20835304,-0.03622971,White,0.1791999,MT,1
MT-97,10784,-0.00398719,0.58297465,0.3782879,0.86119507,0.13880493,0.01232272,0.03673564,0.00209254,0.02197163,0.05580098,8602,0.20468675,0.5974026,0.37094156,0.22646104,-0.02177429,White,0.20694485,MT,1
MT-98,10837,0.0009079,0.55180113,0.41217624,0.8588922,0.1411078,0.01327535,0.03719387,0.00308995,0.02220188,0.06111238,8738,0.13962489,0.55846479,0.41112376,0.14734103,-0.00771614,White,0.13719694,MT,1
MT-99,10724,-0.00952881,0.54071284,0.42799189,0.87930414,0.12069586,0.00971806,0.03395321,0.00419916,0.02387522,0.04103179,8335,0.11272095,0.56283159,0.41079278,0.15203881,-0.03931786,White,0.1208269,MT,1
MT-100,10749,-0.0072198,0.74849297,0.20947756,0.85392411,0.14607589,0.0169254,0.04409228,0.00344976,0.01972833,0.05519621,9276,0.53901541,0.76021401,0.21190013,0.54831388,-0.00929847,White,0.5371149,MT,1
NC-1,84868,-0.02444856,0.35180658,0.63629714,0.75121251,0.24878749,0.18062332,0.03299779,0.00205137,0.0115463,0.0203672,68247,-0.28449056,0.37232004,0.61474428,-0.24242424,-0.04206632,White,-0.27546845,NC,1
NC-2,90751,0.04317609,0.54356076,0.44212981,0.56804858,0.43195142,0.30694967,0.08859537,0.00086748,0.01860895,0.02315625,71471,0.10143095,0.54663715,0.44070686,0.10593029,-0.00449934,White,0.09793073,NC,1
NC-3,85099,-0.02179323,0.39369872,0.59457985,0.69036853,0.30963147,0.20177616,0.05471821,0.00211307,0.03426722,0.01969737,67674,-0.20088113,0.39809238,0.58626085,-0.18816847,-0.01271266,White,-0.20164358,NC,1
NC-4,83118,-0.04456468,0.35101429,0.64146078,0.54958776,0.45041224,0.24919688,0.18220949,0.00142425,0.00740612,0.02141128,63191,-0.29044649,0.38090983,0.61089065,-0.22998082,-0.06046567,White,-0.27529127,NC,1
NC-5,82953,-0.04646134,0.46103727,0.52765515,0.53427612,0.46572388,0.38591588,0.04809138,0.00221773,0.01336716,0.02313429,65833,-0.06661788,0.49492404,0.49294547,0.00197857,-0.06859645,White,-0.0487524,NC,1
NC-6,84016,-0.03424224,0.3939039,0.59246986,0.58946315,0.41053685,0.24588196,0.11498833,0.00488496,0.02515839,0.03314438,59980,-0.19856596,0.41722973,0.56170147,-0.14447174,-0.05409422,White,-0.18553455,NC,1
NC-7,83510,-0.04005867,0.41451811,0.57230279,0.66076755,0.33923245,0.22935439,0.07859472,0.00103556,0.01102026,0.02381799,64699,-0.15778468,0.41332011,0.57175517,-0.15843506,0.00065038,White,-0.16300147,NC,1
NC-8,84573,-0.02783956,0.53015202,0.45860852,0.5404786,0.4595214,0.35253587,0.07576344,0.00156259,0.02003095,0.01718852,67196,0.0715435,0.5479037,0.43682913,0.11107457,-0.03953107,White,0.07972052,NC,1
NC-9,85670,-0.01522963,0.51665085,0.46873966,0.54429368,0.45570632,0.36190974,0.05309095,0.00155201,0.0283203,0.01756381,65077,0.04791119,0.5316903,0.45299791,0.07869239,-0.0307812,White,0.05317159,NC,1
NC-10,82930,-0.04672573,0.43714221,0.55171109,0.54308978,0.45691022,0.34942661,0.06998788,0.0023464,0.02492464,0.01905087,64354,-0.11456888,0.45988906,0.52876794,-0.06887888,-0.04569,White,-0.10433888,NC,1
NC-11,85987,-0.01158574,0.64396554,0.32603235,0.65462729,0.34537271,0.13619315,0.07897369,0.00143083,0.11122996,0.01721168,71986,0.31793319,0.66404255,0.31274232,0.35130023,-0.03336704,White,0.32405554,NC,1
NC-12,84745,-0.02586244,0.43809156,0.55384393,0.52408541,0.47591459,0.38484396,0.071868,0.00101538,0.00737644,0.01720173,66970,-0.11575237,0.45995268,0.53280858,-0.0728559,-0.04289647,White,-0.10645355,NC,1
NC-13,83307,-0.04239214,0.29220309,0.69635103,0.82018969,0.17981031,0.08843418,0.04503674,0.0030005,0.01860309,0.02475045,68322,-0.40414794,0.29870685,0.68644741,-0.38774056,-0.01640738,White,-0.40367881,NC,1
NC-14,90506,0.04035984,0.33118705,0.65521583,0.63024148,0.36975852,0.14396449,0.16004453,0.00946936,0.03940298,0.02872418,72761,-0.32402878,0.3585382,0.61240791,-0.25386971,-0.07015907,White,-0.30564242,NC,1
NC-15,89176,0.02507158,0.3303692,0.65770632,0.63809669,0.36190331,0.19115449,0.10503279,0.00663413,0.04038432,0.03431447,65570,-0.32733712,0.34944759,0.62559776,-0.27615017,-0.05118695,White,-0.3152748,NC,1
NC-16,85097,-0.02181622,0.29828362,0.69054778,0.77780482,0.22219518,0.11724264,0.06304758,0.0021751,0.01350694,0.02698345,65744,-0.39226416,0.31862788,0.66455862,-0.34593074,-0.04633342,White,-0.38181969,NC,1
NC-17,89763,0.03181911,0.38012754,0.60958865,0.80517012,0.19482988,0.10715045,0.05148857,0.00108985,0.0104067,0.02267411,75240,-0.22946111,0.38218687,0.60636308,-0.22417621,-0.0052849,White,-0.23269948,NC,1
NC-18,90862,0.04445203,0.52633622,0.46018599,0.69509463,0.30490537,0.20270215,0.06226205,0.00178677,0.01865113,0.02166115,72757,0.06615023,0.54374159,0.43801192,0.10572967,-0.03957944,White,0.07434338,NC,1
NC-19,91041,0.04650962,0.39026113,0.5977202,0.8641626,0.1358374,0.05452445,0.04093552,0.0009215,0.01213529,0.02314142,77048,-0.20745907,0.38415785,0.60291046,-0.21875261,0.01129354,White,-0.21622358,NC,1
NC-20,90729,0.04292321,0.49684499,0.48748057,0.80848112,0.19151888,0.08129609,0.06368105,0.00247113,0.0269181,0.01669001,75674,0.00936442,0.49704366,0.48410375,0.01293991,-0.00357549,White,0.00555625,NC,1
NC-21,88313,0.01515146,0.6533163,0.32168661,0.41873722,0.58126278,0.09637526,0.05165778,0.00194844,0.42192557,0.01085329,62101,0.33162969,0.67296357,0.31172162,0.36124195,-0.02961226,Asian,0.33650044,NC,1
NC-22,88642,0.01893329,0.36194616,0.63056687,0.54650244,0.45349756,0.28469033,0.13305638,0.00106784,0.0056903,0.03896902,68362,-0.26862071,0.39987322,0.59216998,-0.19229676,-0.07632395,White,-0.24817939,NC,1
NC-23,88865,0.02149666,0.55862871,0.43327777,0.41670438,0.58329562,0.53407355,0.03574257,0.00066478,0.00490806,0.01393211,70700,0.12535094,0.58410687,0.40882673,0.17528014,-0.0499292,Black,0.13699401,NC,1
NC-24,87220,0.00258751,0.48128163,0.50904572,0.50088952,0.49911048,0.37520014,0.09842555,0.00130463,0.01378758,0.02143747,67452,-0.02776409,0.49494522,0.49496749,-0.00002227,-0.02774182,White,-0.02351682,NC,1
NC-25,86534,-0.00529801,0.49989552,0.48994859,0.50871995,0.49128005,0.4099623,0.05387447,0.00124675,0.01246755,0.02040278,68177,0.00994693,0.50883613,0.48193272,0.02690341,-0.01695648,White,0.01059909,NC,1
NC-26,89959,0.03407211,0.47389822,0.51192968,0.59411782,0.40588218,0.22472385,0.14716002,0.00128267,0.01601074,0.0247329,66268,-0.03803146,0.46456589,0.51919621,-0.05463032,0.01659886,White,-0.04856441,NC,1
NC-27,84735,-0.02597738,0.57985915,0.41007042,0.41393377,0.58606623,0.5187867,0.0235726,0.00155888,0.00662888,0.04446452,68639,0.16978873,0.60686279,0.38605346,0.22080933,-0.0510206,Black,0.1817956,NC,1
NC-28,89975,0.03425603,0.30255668,0.68529765,0.72314087,0.27685913,0.12200572,0.12558098,0.00131093,0.00849124,0.02277738,67128,-0.38274097,0.2821925,0.70290235,-0.42070985,0.03796888,White,-0.40039726,NC,1
NC-29,90900,0.04488884,0.83057912,0.14791965,0.50352393,0.49647607,0.31027012,0.09840943,0.0009324,0.07792404,0.01707116,72930,0.68265947,0.83802526,0.14575212,0.69227314,-0.00961367,White,0.68086403,NC,1
NC-30,91038,0.04647514,0.84492453,0.135078,0.47524474,0.52475526,0.30753572,0.13047903,0.00123207,0.07755353,0.02000777,74671,0.70984653,0.85417835,0.13136412,0.72281423,-0.0129677,Minority,0.7091691,NC,1
NC-31,91241,0.04880861,0.79059642,0.18916501,0.32117667,0.67882333,0.45632277,0.1570197,0.00110558,0.05898735,0.02306314,71456,0.60143141,0.79817295,0.18549435,0.6126786,-0.01124719,Black,0.60018047,NC,1
NC-32,88633,0.01882984,0.51985492,0.47038727,0.47087511,0.52912489,0.43240638,0.07906662,0.00087756,0.00788364,0.01699012,69511,0.04946765,0.54405489,0.44580331,0.09825158,-0.04878393,Minority,0.06072896,NC,1
NC-33,86863,-0.00151618,0.6185407,0.3624065,0.48879394,0.51120606,0.3400742,0.1363429,0.00142927,0.02320277,0.02186474,65768,0.2561342,0.6152178,0.36507569,0.25014211,0.00599209,Minority,0.24913684,NC,1
NC-34,83302,-0.04244961,0.62911388,0.35205266,0.76446062,0.23553938,0.116731,0.06912809,0.00085452,0.03770221,0.01297993,67874,0.27706122,0.62734674,0.3527164,0.27463034,0.00243088,White,0.27125093,NC,1
NC-35,86765,-0.00264268,0.52560512,0.45591567,0.67566884,0.32433116,0.18721144,0.07520081,0.00150212,0.04722978,0.01685535,63244,0.06968945,0.51430351,0.46502939,0.04927412,0.02041533,White,0.05788434,NC,1
NC-36,89336,0.02691077,0.57733106,0.40032307,0.70115809,0.29884191,0.08595855,0.07033556,0.00121904,0.12440652,0.01669768,62344,0.17700799,0.57412016,0.40497764,0.16914252,0.00786547,White,0.16938617,NC,1
NC-37,88334,0.01539286,0.48909361,0.4900282,0.73449704,0.26550296,0.12361595,0.09041435,0.00170948,0.03180578,0.02093724,63762,-0.00093459,0.47519734,0.50328896,-0.02809162,0.02715703,White,-0.01498693,NC,1
NC-38,90560,0.04098056,0.81341039,0.16650482,0.36709893,0.63290107,0.43909815,0.15247968,0.00122366,0.03624575,0.01950828,71098,0.64690557,0.84034738,0.14339486,0.69695252,-0.05004695,Black,0.65858789,NC,1
NC-39,86971,-0.00027473,0.60651542,0.37657553,0.47317715,0.52682285,0.33653964,0.14708221,0.00191155,0.03147174,0.02579826,65392,0.22993989,0.6045144,0.37922684,0.22528756,0.00465233,Minority,0.22338911,NC,1
NC-40,90047,0.03508367,0.56074735,0.42078413,0.76004441,0.23995559,0.11001373,0.05499226,0.0014464,0.05782661,0.01564737,68446,0.13996322,0.55979226,0.42132686,0.1384654,0.00149782,White,0.13446395,NC,1
NC-41,84646,-0.02700043,0.64152691,0.33318881,0.66921932,0.33078068,0.08337809,0.09303111,0.00138119,0.13813477,0.01632879,65161,0.3083381,0.63892466,0.34111748,0.29780718,0.01053092,White,0.29982779,NC,1
NC-42,84160,-0.03258697,0.55338274,0.43029058,0.46140572,0.53859428,0.32722607,0.13832118,0.00921341,0.05903184,0.02872063,66642,0.12309216,0.57208558,0.40474893,0.16733665,-0.04424449,Minority,0.13284032,NC,1
NC-43,83303,-0.04243812,0.54368956,0.44175552,0.43408953,0.56591047,0.44589299,0.06913457,0.0050274,0.02724477,0.03719028,64049,0.10193404,0.55737745,0.42682927,0.13054818,-0.02861414,Black,0.10647209,NC,1
NC-44,84401,-0.02981669,0.57266613,0.41334207,0.40925403,0.59074597,0.4183048,0.10630696,0.00585919,0.03906126,0.04803265,62978,0.15932406,0.58152174,0.40004263,0.18147911,-0.02215505,Black,0.16170908,NC,1
NC-45,82864,-0.04748439,0.56891767,0.41736487,0.39579359,0.60420641,0.4350786,0.10524239,0.00748208,0.03607841,0.04532,60812,0.1515528,0.58602317,0.3979408,0.18808237,-0.03652957,Black,0.15872932,NC,1
NC-46,83701,-0.03786314,0.32269353,0.67050766,0.5463335,0.4536665,0.2683017,0.07679399,0.00121626,0.00455714,0.11351285,64953,-0.34781413,0.35179659,0.64140819,-0.2896116,-0.05820253,White,-0.33341329,NC,1
NC-47,83452,-0.04072538,0.37587818,0.61552842,0.21714877,0.78285123,0.25168448,0.06087624,0.00158263,0.01366386,0.47298568,63818,-0.23965024,0.42769532,0.56463129,-0.13693597,-0.10271427,Native,-0.21041215,NC,1
NC-48,86256,-0.0084936,0.49875645,0.48977081,0.42043317,0.57956683,0.37085063,0.08594928,0.00418241,0.01993252,0.11606574,64317,0.00898564,0.52150272,0.46482122,0.0566815,-0.04769586,Minority,0.01988426,NC,1
NC-49,84041,-0.03395486,0.67279834,0.30399883,0.66895618,0.33104382,0.16003571,0.07444526,0.00148315,0.08347373,0.01513384,69447,0.36879951,0.68208771,0.29688544,0.38520227,-0.01640276,White,0.3692671,NC,1
NC-50,85776,-0.01401117,0.56657914,0.41914983,0.69025958,0.30974042,0.18226747,0.08152392,0.00139509,0.02436961,0.02367206,67379,0.14742931,0.56493647,0.42251419,0.14242228,0.00500703,White,0.1407603,NC,1
NC-51,84247,-0.03158691,0.37899214,0.60952536,0.66716008,0.33283992,0.15638203,0.14033059,0.00178863,0.0160977,0.02528757,64854,-0.23053322,0.39145612,0.59487367,-0.20341755,-0.02711567,White,-0.22649466,NC,1
NC-52,84059,-0.03374796,0.41598999,0.57245536,0.66087036,0.33912964,0.2334001,0.0530772,0.00168427,0.01767723,0.03769119,65904,-0.15646537,0.43158605,0.55590551,-0.12431946,-0.03214591,White,-0.15075007,NC,1
NC-53,85617,-0.01583886,0.35716257,0.6287607,0.68695209,0.31304791,0.16381652,0.11348623,0.00151253,0.01290283,0.0291857,64792,-0.27159813,0.34257963,0.64296027,-0.30038064,0.02878251,White,-0.2861923,NC,1
NC-54,83475,-0.04046099,0.5347127,0.45088228,0.73258268,0.26741732,0.11598987,0.1059962,0.00104007,0.02444907,0.02135902,66342,0.08383042,0.53157834,0.45575593,0.07582241,0.00800801,White,0.07616108,NC,1
NC-55,84293,-0.03105814,0.29426523,0.69564015,0.71430089,0.28569911,0.19405204,0.06084516,0.00100144,0.01154692,0.01974054,65905,-0.40137492,0.30642294,0.68257587,-0.37615293,-0.02522199,White,-0.39796759,NC,1
NC-56,85656,-0.01539056,0.84864111,0.13147217,0.64864865,0.35135135,0.11186814,0.08195748,0.00134287,0.14211806,0.01528045,70744,0.71716894,0.86036983,0.12467212,0.73569771,-0.01852877,White,0.7183452,NC,1
NC-57,89253,0.02595669,0.53452883,0.44820676,0.758715,0.241285,0.12898197,0.04238465,0.00076522,0.05260175,0.016849,70568,0.08632207,0.53343872,0.45054544,0.08289328,0.00342879,White,0.08017914,NC,1
NC-58,90720,0.04281975,0.58357836,0.40125572,0.404545,0.595455,0.44336455,0.09796977,0.00158678,0.04237564,0.02337673,70583,0.18232264,0.60675171,0.38137268,0.22537903,-0.04305639,Black,0.19167477,NC,1
NC-59,90964,0.04562451,0.60391581,0.38080688,0.44490477,0.55509523,0.43414484,0.07507063,0.00103939,0.03330454,0.02539929,68309,0.22310893,0.61123925,0.37628434,0.23495491,-0.01184598,Minority,0.22205759,NC,1
NC-60,90515,0.04046329,0.58864194,0.39307218,0.46798882,0.53201118,0.34790257,0.09850903,0.00126257,0.07186733,0.02039977,70491,0.19556976,0.61249552,0.37302592,0.2394696,-0.04389984,Minority,0.20520304,NC,1
NC-61,90446,0.03967014,0.8016066,0.17825624,0.31139365,0.68860635,0.53417,0.10534608,0.0015893,0.04528142,0.02201732,72988,0.62335036,0.81362753,0.17101481,0.64261272,-0.01926236,Black,0.62477115,NC,1
NC-62,89401,0.02765794,0.55378806,0.42698433,0.65857619,0.34142381,0.17669152,0.06171637,0.00138371,0.08690557,0.01707048,70824,0.12680373,0.54563543,0.4383544,0.10728103,0.0195227,White,0.11529616,NC,1
NC-63,85157,-0.02112653,0.53688695,0.44835827,0.50217465,0.49782535,0.30230729,0.16348438,0.00148061,0.01647182,0.02947346,64838,0.08852868,0.54692532,0.4381843,0.10874102,-0.02021234,White,0.09026613,NC,1
NC-64,86258,-0.00847061,0.38874063,0.59758449,0.76343464,0.23656536,0.11972921,0.07276041,0.00091131,0.0241715,0.02155328,69131,-0.20884386,0.3721919,0.61443923,-0.24224733,0.03340347,White,-0.22497835,NC,1
NC-65,91096,0.04714184,0.31608025,0.67440266,0.72793097,0.27206903,0.19452345,0.0515505,0.00086559,0.00751549,0.02018328,72783,-0.35832241,0.33449769,0.65470936,-0.32021167,-0.03811074,White,-0.35061883,NC,1
NC-66,84245,-0.0316099,0.68997291,0.28995356,0.41671394,0.58328606,0.33522441,0.177824,0.00154438,0.06424924,0.02431606,63456,0.40001935,0.69727649,0.2844004,0.41287609,-0.01285674,Minority,0.39930493,NC,1
NC-67,88255,0.01448476,0.25853169,0.73261022,0.7661756,0.2338244,0.13371063,0.06157745,0.00066243,0.01778488,0.02134186,69441,-0.47407853,0.26622211,0.72388219,-0.45766008,-0.01641845,White,-0.47360571,NC,1
NC-68,89705,0.0311524,0.39955237,0.58439891,0.74245153,0.25754847,0.09296119,0.06937522,0.00107721,0.07490595,0.01673687,62198,-0.18484654,0.40188619,0.58253959,-0.1806534,-0.00419314,White,-0.18844883,NC,1
NC-69,86324,-0.00771195,0.44048583,0.54534413,0.60076093,0.39923907,0.17372575,0.1732541,0.00154074,0.03342452,0.02290664,63606,-0.1048583,0.44872823,0.53589389,-0.08716566,-0.01769264,White,-0.10396075,NC,1
NC-70,89118,0.02440488,0.2304476,0.75960565,0.76349844,0.23650156,0.07381497,0.11649465,0.00076291,0.02189403,0.02684573,69471,-0.52915805,0.23025599,0.75853304,-0.52827705,-0.000881,White,-0.53386438,NC,1
NC-71,83733,-0.0374953,0.56137394,0.42051222,0.74630909,0.25369091,0.12602525,0.0693184,0.00079763,0.04228934,0.01885713,66447,0.14086172,0.55928578,0.42309428,0.1361915,0.00467022,White,0.13430498,NC,1
NC-72,85954,-0.01196507,0.67121831,0.31159823,0.44898698,0.55101302,0.37444748,0.13711587,0.00274564,0.02802963,0.02204052,66287,0.35962008,0.69024532,0.29344032,0.396805,-0.03718492,Minority,0.36701505,NC,1
NC-73,90756,0.04323357,0.51800845,0.46338099,0.57550678,0.42449322,0.24320799,0.12435528,0.00155931,0.04253628,0.02412439,66696,0.05462746,0.50403119,0.47858842,0.02544277,0.02918469,White,0.03989923,NC,1
NC-74,84390,-0.02994313,0.5899103,0.39343173,0.53979324,0.46020676,0.26517513,0.14903564,0.00120352,0.03593581,0.02359204,64810,0.19647857,0.58780216,0.39664275,0.19115941,0.00531916,White,0.18970552,NC,1
NC-75,84571,-0.02786255,0.55168474,0.43441763,0.49295796,0.50704204,0.35113425,0.12821576,0.00116727,0.01695618,0.02257752,65109,0.11726711,0.55719852,0.42823262,0.1289659,-0.01169879,Minority,0.11616671,NC,1
NC-76,89259,0.02602566,0.40496894,0.58373149,0.62617747,0.37382253,0.22800981,0.10910864,0.00111833,0.01495405,0.02435947,69747,-0.17876255,0.40555986,0.58029833,-0.17473847,-0.00402408,White,-0.18242119,NC,1
NC-77,90628,0.04176222,0.22725995,0.75887017,0.83699051,0.16300949,0.05798437,0.07487437,0.0006421,0.00777499,0.02311558,71640,-0.53161022,0.23351016,0.75336428,-0.51985412,-0.0117561,White,-0.53269152,NC,1
NC-78,85515,-0.01701134,0.22023162,0.77079123,0.82542863,0.17457137,0.06205743,0.07935336,0.00073824,0.00911501,0.02381957,66374,-0.55055961,0.22591286,0.76313278,-0.53721992,-0.01333969,White,-0.55111305,NC,1
NC-79,82625,-0.05023168,0.35247281,0.63709993,0.74610947,0.25389053,0.17446746,0.05501479,0.00109467,0.0070858,0.0175,67600,-0.28462712,0.37520245,0.61390039,-0.23869794,-0.04592918,White,-0.27431739,NC,1
NC-80,85466,-0.01757459,0.33556794,0.64829582,0.68955351,0.31044649,0.16821677,0.09580256,0.00088143,0.02437616,0.0251968,65802,-0.31272788,0.33901888,0.64649999,-0.30748111,-0.00524677,White,-0.31597896,NC,1
NC-81,83464,-0.04058744,0.19396366,0.79277052,0.89903129,0.10096871,0.03082393,0.03457523,0.00069301,0.00940085,0.02356238,66377,-0.59880686,0.18335199,0.8034715,-0.62011951,0.02131265,White,-0.61091108,NC,1
NC-82,90874,0.04458997,0.48882515,0.49434884,0.59803466,0.40196534,0.21083931,0.0997798,0.00122834,0.07707057,0.0200728,66757,-0.00552369,0.48196434,0.5025484,-0.02058406,0.01506037,White,-0.01554381,NC,1
NC-83,91088,0.04704988,0.24191632,0.74724451,0.84205258,0.15794742,0.06388948,0.05123,0.00102911,0.01659266,0.02540354,70935,-0.50532819,0.23217981,0.75502031,-0.5228405,0.01751231,White,-0.51616563,NC,1
NC-84,86773,-0.00255072,0.31602676,0.67369834,0.71291001,0.28708999,0.16593084,0.08526179,0.00105188,0.01740792,0.02071172,67498,-0.35767158,0.32448966,0.66276021,-0.33827055,-0.01940103,White,-0.35620457,NC,1
NC-85,89525,0.02908331,0.26064825,0.72929199,0.887479,0.112521,0.03433816,0.04616666,0.00050537,0.00676109,0.02341114,73213,-0.46864374,0.26007621,0.72826986,-0.46819365,-0.00045009,White,-0.47349371,NC,1
NC-86,87570,0.00661073,0.28948459,0.70080921,0.81236254,0.18763746,0.06405496,0.06375503,0.00135679,0.03454826,0.03247736,70018,-0.41132462,0.29411237,0.69546209,-0.40134972,-0.0099749,White,-0.41299965,NC,1
NC-87,83866,-0.03596648,0.19284512,0.7977904,0.88664725,0.11335275,0.04052769,0.03829926,0.00043083,0.00952282,0.02344307,67312,-0.60494528,0.19708375,0.79233515,-0.5952514,-0.00969388,White,-0.60671399,NC,1
NC-88,86239,-0.00868902,0.66234725,0.31635953,0.54879839,0.45120161,0.24662541,0.1509138,0.00132393,0.0452727,0.02076558,69490,0.34598772,0.70322491,0.27627189,0.42695302,-0.0809653,White,0.36797615,NC,1
NC-89,88307,0.01508249,0.24216319,0.74780138,0.8443859,0.1556141,0.05664649,0.04532574,0.00093984,0.03010324,0.02157351,70225,-0.50563819,0.23742502,0.75075469,-0.51332967,0.00769148,White,-0.51320202,NC,1
NC-90,87331,0.00386344,0.22413023,0.76676242,0.84962114,0.15037886,0.0357148,0.08984774,0.00046009,0.00655634,0.02027289,69551,-0.54263219,0.23198964,0.75771872,-0.52572908,-0.01690311,White,-0.54199782,NC,1
NC-91,88462,0.01686421,0.26454918,0.72446119,0.8383533,0.1616467,0.08103526,0.04681849,0.0008759,0.00892857,0.02503391,70784,-0.45991201,0.26347656,0.72449219,-0.46101563,0.00110362,White,-0.46527988,NC,1
NC-92,89640,0.03040523,0.67809197,0.29973854,0.36472172,0.63527828,0.34383954,0.18892362,0.00173656,0.09655292,0.02094006,69102,0.37835343,0.68808348,0.29464892,0.39343456,-0.01508113,Minority,0.37838047,NC,1
NC-93,87316,0.00369102,0.447379,0.53698344,0.82565388,0.17434612,0.06812172,0.06258649,0.00275392,0.01952402,0.01903079,72987,-0.08960444,0.45807285,0.5250579,-0.06698505,-0.02261939,White,-0.08706464,NC,1
NC-94,87462,0.00536928,0.22657719,0.76339674,0.8851896,0.1148104,0.0358339,0.05381471,0.00070958,0.00644301,0.01915872,70464,-0.53681955,0.23357634,0.75537473,-0.52179839,-0.01502116,White,-0.5368125,NC,1
NC-95,85366,-0.01872409,0.35736796,0.62911493,0.79264369,0.20735631,0.08109571,0.06162222,0.00146941,0.04163831,0.01902493,64652,-0.27174697,0.35102442,0.63278548,-0.28176106,0.01001409,White,-0.280085,NC,1
NC-96,86857,-0.00158515,0.37955162,0.60764434,0.6894949,0.3105051,0.1198482,0.12206925,0.0014856,0.04736269,0.02652017,67986,-0.22809272,0.3834084,0.60065863,-0.21725023,-0.01084249,White,-0.22947856,NC,1
NC-97,86810,-0.00212541,0.26702889,0.72294988,0.84407156,0.15592844,0.05810044,0.06228075,0.00111085,0.01087465,0.02169083,68416,-0.45592099,0.2643328,0.72367923,-0.45934643,0.00342544,White,-0.4620628,NC,1
NC-98,84883,-0.02427614,0.5094665,0.47356878,0.79091765,0.20908235,0.0849291,0.06701437,0.00097212,0.04067462,0.0147052,64807,0.03589772,0.50440982,0.48004895,0.02436087,0.01153685,White,0.0270521,NC,1
NC-99,82746,-0.04884079,0.79931507,0.17036115,0.24753578,0.75246422,0.48745841,0.19645648,0.00194971,0.0667234,0.02011605,64625,0.62895392,0.8303431,0.15283885,0.67750425,-0.04855033,Black,0.64013736,NC,1
NC-100,82932,-0.04670274,0.70680374,0.26349073,0.33031507,0.66968493,0.36008492,0.22376441,0.00130273,0.074497,0.0234331,62177,0.44331301,0.74743438,0.23512851,0.51230587,-0.06899286,Black,0.46131063,NC,1
NC-101,84391,-0.02993164,0.73504922,0.24184446,0.27060394,0.72939606,0.5341532,0.13651747,0.00139822,0.05225861,0.02294358,62937,0.49320476,0.75297277,0.2303286,0.52264417,-0.02943941,Black,0.4980179,NC,1
NC-102,87483,0.00561067,0.7611599,0.21450301,0.49852613,0.50147387,0.33031213,0.11190391,0.00150142,0.05051103,0.01761757,72598,0.54665689,0.78657525,0.19444874,0.59212651,-0.04546962,Minority,0.55681343,NC,1
NC-103,88259,0.01453074,0.53446353,0.44345304,0.71988128,0.28011872,0.10025333,0.06850444,0.00128914,0.09296818,0.01431548,66711,0.09101049,0.53263531,0.45002071,0.0826146,0.00839589,White,0.08321186,NC,1
NC-104,84647,-0.02698894,0.5641706,0.41512858,0.76071944,0.23928056,0.0975722,0.07854271,0.00090544,0.0496455,0.01312114,65162,0.14904202,0.5776128,0.40420363,0.17340917,-0.02436715,White,0.1521644,NC,1
NC-105,89460,0.02833614,0.56660272,0.4118542,0.5989617,0.4010383,0.14133184,0.11484499,0.00154421,0.13011059,0.01679511,67996,0.15474852,0.57686146,0.40669534,0.17016612,-0.0154176,White,0.15488772,NC,1
NC-106,84544,-0.02817292,0.70406752,0.27056978,0.41629905,0.58370095,0.38309842,0.0847231,0.00179837,0.10914708,0.01721514,65059,0.43349774,0.70233196,0.28212912,0.42020284,0.0132949,Minority,0.42406611,NC,1
NC-107,86497,-0.00572332,0.79641533,0.17972806,0.22726241,0.77273759,0.59216795,0.1285375,0.00113442,0.05042881,0.0171827,66113,0.61668727,0.81760991,0.166268,0.65134191,-0.03465464,Black,0.62323882,NC,1
NC-108,89042,0.02353126,0.38762907,0.59918177,0.72086729,0.27913271,0.15750525,0.07358404,0.00096461,0.02575657,0.02340983,69458,-0.2115527,0.36613876,0.61955655,-0.25341779,0.04186509,White,-0.23050773,NC,1
NC-109,87700,0.00810507,0.30671274,0.68373115,0.77065337,0.22934663,0.12264479,0.0624529,0.00073917,0.01704447,0.02617543,68996,-0.37701841,0.28729933,0.70062703,-0.4133277,0.03630929,White,-0.39412151,NC,1
NC-110,87640,0.00741538,0.46137058,0.52779418,0.58764497,0.41235503,0.31519769,0.07014545,0.00089892,0.00956395,0.02253201,67859,-0.0664236,0.46778606,0.52019175,-0.05240569,-0.01401791,White,-0.06675096,NC,1
NC-111,88729,0.01993335,0.22984933,0.76234974,0.83151647,0.16848353,0.10718566,0.02775241,0.00068489,0.01142914,0.01977627,70084,-0.53250041,0.23581474,0.75346254,-0.5176478,-0.01485261,White,-0.53254954,NC,1
NC-112,83761,-0.03717344,0.59353027,0.38209592,0.43259866,0.56740134,0.33133063,0.17806097,0.00135973,0.04697382,0.02524981,63248,0.21143435,0.60702266,0.37669153,0.23033113,-0.01889678,Minority,0.21273328,NC,1
NC-113,90761,0.04329104,0.31951171,0.66889151,0.8066917,0.1933083,0.07666265,0.08229618,0.00379681,0.0081556,0.0246587,72956,-0.3493798,0.31773503,0.6696416,-0.35190657,0.00252677,White,-0.35522206,NC,1
NC-114,89628,0.03026729,0.65880036,0.32197764,0.82313801,0.17686199,0.08625778,0.04617407,0.00190492,0.01444784,0.02358339,74544,0.33682272,0.64924812,0.33424633,0.31500179,0.02182093,White,0.32454908,NC,1
NC-115,88843,0.02124377,0.57954391,0.40337689,0.80760002,0.19239998,0.05993292,0.08088349,0.00210488,0.02281689,0.0244166,71263,0.17616702,0.55300288,0.42991331,0.12308957,0.05307745,White,0.15347454,NC,1
NC-116,90981,0.04581993,0.6033537,0.38006185,0.83994221,0.16005779,0.04003132,0.07254243,0.00275426,0.01578301,0.02490988,74067,0.22329185,0.58579329,0.39869616,0.18709713,0.03619472,White,0.20622694,NC,1
NC-117,89875,0.03310654,0.44598378,0.53779341,0.83573068,0.16426932,0.03646958,0.08789373,0.0046317,0.01613626,0.02029257,73623,-0.09180963,0.42198951,0.56108705,-0.13909754,0.04728791,White,-0.11257227,NC,1
NC-118,83282,-0.04267951,0.36895447,0.61485293,0.91242781,0.08757219,0.01535612,0.03495596,0.00053958,0.00775827,0.0257977,68572,-0.24589846,0.3636785,0.62100447,-0.25732597,0.01142751,White,-0.25470763,NC,1
NC-119,90212,0.03698033,0.4291598,0.55448628,0.80684273,0.19315727,0.02947451,0.05095593,0.00155271,0.01169259,0.10253294,74064,-0.12532648,0.42566462,0.55527607,-0.12961145,0.00428497,White,-0.1317548,NC,1
NC-120,84907,-0.02400026,0.25062661,0.7367837,0.89024286,0.10975714,0.01314286,0.04632857,0.00105714,0.00805714,0.03954286,70000,-0.48615709,0.25484361,0.73189804,-0.47705443,-0.00910266,White,-0.48812287,NC,1
ND-1 (2),16188,-0.02343491,0.48970317,0.47876722,0.84307203,0.15692797,0.05148973,0.03977437,0.00065085,0.0424501,0.02509401,13828,0.01093595,0.49469708,0.46810984,0.02658724,-0.01565129,White,0.01115305,ND,2
ND-2 (2),16058,-0.03127736,0.55298714,0.41461826,0.85032351,0.14967649,0.04500359,0.03386053,0.00150971,0.02997843,0.04069015,13910,0.13836888,0.5729543,0.37898539,0.19396891,-0.05560003,White,0.15190222,ND,2
ND-3 (2),16444,-0.00799133,0.54863915,0.41893476,0.85119048,0.14880952,0.04918155,0.03221726,0.00141369,0.02559524,0.03816964,13440,0.12970439,0.57050104,0.39483033,0.17567071,-0.04596632,White,0.1400265,ND,2
ND-4 (2),16803,0.01366587,0.52126669,0.44597951,0.7321362,0.2678638,0.10982788,0.03889427,0.00178824,0.08002384,0.03718054,13421,0.07528718,0.55163653,0.41413839,0.13749814,-0.06221096,White,0.09102417,ND,2
ND-5 (2),16375,-0.01215386,0.4871134,0.48362644,0.76006776,0.23993224,0.12389312,0.03565104,0.001309,0.04774005,0.03272503,12987,0.00348696,0.50429062,0.4576659,0.04662472,-0.04313776,White,0.01286621,ND,2
ND-6 (2),16254,-0.01945337,0.46553122,0.50619859,0.81359052,0.18640948,0.08372019,0.01944934,0.00248119,0.05546662,0.0231311,12494,-0.04066737,0.48301887,0.4815323,0.00148657,-0.04215394,White,-0.03161606,ND,2
ND-7 (2),16994,0.02518823,0.43610548,0.53790568,0.80361208,0.19638792,0.08961906,0.03604492,0.00068296,0.04682046,0.02124753,13178,-0.1018002,0.47287785,0.4873706,-0.01449275,-0.08730745,White,-0.07769772,ND,2
ND-8 (2),16880,0.01831101,0.42204635,0.55161108,0.88436814,0.11563186,0.03543431,0.02681091,0.00078394,0.02304798,0.02767325,12756,-0.12956473,0.43571844,0.52833042,-0.09261198,-0.03695275,White,-0.12224715,ND,2
ND-9 (2),16938,0.02180995,0.36816501,0.60400856,0.8864779,0.1135221,0.04189821,0.01640646,0.00176414,0.03016671,0.02081679,11337,-0.23584355,0.3974203,0.56826478,-0.17084448,-0.06499907,White,-0.21917719,ND,2
ND-10 (2),17238,0.03990789,0.41824053,0.55416381,0.85474635,0.14525365,0.06766675,0.02379224,0.00112912,0.0288733,0.02282442,12399,-0.13592328,0.43838694,0.52873699,-0.09035005,-0.04557323,White,-0.1257322,ND,2
ND-11 (2),16636,0.00359135,0.31028701,0.65805306,0.94765678,0.05234322,0.00750169,0.01382333,0.00118004,0.00480445,0.01930209,11864,-0.34776605,0.32017064,0.6461387,-0.32596806,-0.02179799,White,-0.34550005,ND,2
ND-12 (2),16529,-0.00286358,0.29935843,0.67497882,0.91317902,0.08682098,0.01153456,0.02486166,0.00272777,0.01028758,0.0337464,12831,-0.37562039,0.32130056,0.64925755,-0.32795699,-0.0476634,White,-0.36473259,ND,2
ND-13 (2),17094,0.03122088,0.27756298,0.69677797,0.94,0.06,0.01174242,0.02219697,0.00075758,0.00893939,0.01257576,13200,-0.41921499,0.30370106,0.66392955,-0.36022849,-0.0589865,White,-0.40455282,ND,2
ND-14 (2),16586,0.00057503,0.16376192,0.81749425,0.9503497,0.0496503,0.00814695,0.01437245,0.00215203,0.00453462,0.02044424,13011,-0.65373233,0.17026302,0.8101986,-0.63993558,-0.01379675,White,-0.65413341,ND,2
ND-15 (2),16671,0.00570278,0.29499666,0.67685123,0.91267162,0.08732838,0.02625853,0.02588341,0.00142546,0.01102858,0.02310751,13329,-0.38185457,0.29738121,0.67157127,-0.37419006,-0.00766451,White,-0.38429973,ND,2
ND-16 (2),16674,0.00588376,0.30361922,0.66996392,0.94064992,0.05935008,0.01602227,0.01241161,0.00097788,0.00782308,0.01865503,13294,-0.3663447,0.31693804,0.65128901,-0.33435097,-0.03199373,White,-0.36068012,ND,2
ND-17 (2),16017,-0.03375074,0.28943284,0.68489552,0.93306793,0.06693207,0.00953803,0.02554533,0.00248818,0.00704985,0.01907606,12057,-0.39546268,0.31346389,0.65752754,-0.34406365,-0.05139903,White,-0.38332967,ND,2
ND-18 (2),15916,-0.03984372,0.44938571,0.52569649,0.81031901,0.18968099,0.05084619,0.04440617,0.00254605,0.05653737,0.03706755,13354,-0.07631078,0.45644719,0.50771605,-0.05126886,-0.02504192,White,-0.07296347,ND,2
ND-19 (2),16460,-0.00702611,0.44908507,0.52353681,0.82935285,0.17064715,0.05531587,0.03805855,0.00123267,0.03274268,0.04368259,12980,-0.07445174,0.46067272,0.50594705,-0.04527433,-0.02917741,White,-0.06972594,ND,2
ND-20 (2),15876,-0.04225678,0.44295302,0.52813629,0.78306229,0.21693771,0.04924824,0.05062903,0.00184106,0.05592206,0.05975759,13036,-0.08518327,0.49069557,0.46034327,0.0303523,-0.11553557,White,-0.05167141,ND,2
ND-21 (2),16898,0.01939689,0.35920019,0.61675791,0.84649263,0.15350737,0.04107944,0.03979821,0.00320307,0.04035874,0.02618514,12488,-0.25755772,0.36541935,0.60283871,-0.23741936,-0.02013836,White,-0.25584493,ND,2
ND-22 (2),16098,-0.0288643,0.25164145,0.72252355,0.87488966,0.12511034,0.0097103,0.07671936,0.00040125,0.00674103,0.02889014,12461,-0.4708821,0.26612473,0.70748934,-0.44136461,-0.02951749,White,-0.46604294,ND,2
ND-23 (2),16618,0.00250547,0.27056719,0.70822688,0.87332039,0.12667961,0.00792233,0.01584466,0.00194175,0.00792233,0.09273786,12875,-0.43765969,0.27930517,0.69370157,-0.4143964,-0.02326329,White,-0.43490526,ND,2
ND-24 (2),15911,-0.04014535,0.25072816,0.72864078,0.91927459,0.08072541,0.00794415,0.0166105,0.00136415,0.00441342,0.0516771,12462,-0.47791262,0.25983616,0.71801085,-0.45817469,-0.01973793,White,-0.47633331,ND,2
ND-25 (2),17143,0.03417688,0.54844202,0.43010387,0.32701588,0.67298412,0.0035097,0.00965166,0.00149162,0.00377292,0.65920856,11397,0.11833815,0.57726108,0.40424753,0.17301355,-0.0546754,Native,0.13156328,ND,2
ND-26 (2),16979,0.02428333,0.19650459,0.78288147,0.92874469,0.07125531,0.00848999,0.01432686,0.00151607,0.00674651,0.03752274,13192,-0.58637688,0.2109624,0.76609305,-0.55513065,-0.03124623,White,-0.58096147,ND,2
ND-27 (2),16952,0.02265452,0.17693193,0.79765764,0.93605116,0.06394884,0.00919265,0.01718625,0.00031974,0.00639488,0.02693845,12510,-0.62072571,0.18411432,0.78852332,-0.604409,-0.01631671,White,-0.62028681,ND,2
ND-28 (2),16327,-0.01504953,0.30044198,0.67242265,0.89926784,0.10073216,0.02518304,0.01528683,0.00547108,0.02204522,0.0304932,12429,-0.37198067,0.29735984,0.67192595,-0.37456611,0.00258544,White,-0.37784248,ND,2
ND-29 (2),16857,0.0169235,0.23692308,0.73876923,0.8872,0.1128,0.02176,0.03432,0.00184,0.01816,0.03632,12500,-0.50184615,0.24627695,0.7259391,-0.47966215,-0.022184,White,-0.49945148,ND,2
ND-30 (2),16321,-0.01541149,0.29750032,0.66947287,0.85124731,0.14875269,0.03572528,0.03395442,0.00277179,0.01093317,0.06667693,12988,-0.37197255,0.31156765,0.65100759,-0.33943994,-0.03253261,White,-0.36612835,ND,2
ND-31 (2),15858,-0.04334265,0.27843238,0.69492828,0.85898277,0.14101723,0.02132896,0.02846596,0.00287121,0.01320755,0.07374897,12190,-0.4164959,0.29106296,0.67431722,-0.38325426,-0.03324164,White,-0.41041535,ND,2
ND-32 (2),16143,-0.0261496,0.36648466,0.60153406,0.84527838,0.15472162,0.03429714,0.03329745,0.00861273,0.01614888,0.06282682,13004,-0.2350494,0.38457584,0.5748072,-0.19023136,-0.04481804,White,-0.22511005,ND,2
ND-33 (2),15950,-0.03779262,0.27222365,0.69801598,0.85838081,0.14161919,0.02222579,0.04148279,0.00304903,0.00906684,0.06531333,12463,-0.42579233,0.28859684,0.67582636,-0.38722952,-0.03856281,White,-0.41793806,ND,2
ND-34 (2),16403,-0.01046472,0.17941476,0.79685911,0.92460252,0.07539748,0.00967055,0.02196361,0.00229471,0.0065563,0.03491231,12202,-0.61744435,0.18990412,0.78387432,-0.5939702,-0.02347415,White,-0.61461963,ND,2
ND-35A (1),7957,-0.03996437,0.30079239,0.68050713,0.58805195,0.41194805,0.00606061,0.01419913,0.00190476,0.00450216,0.39428571,5775,-0.37971474,0.31908489,0.66255268,-0.34346779,-0.03624695,White,-0.37263242,ND,1
ND-36 (2),17059,0.02910945,0.16000416,0.82115345,0.93880495,0.06119505,0.00706097,0.0152608,0.00091109,0.00744059,0.02839572,13171,-0.66114929,0.16811624,0.80978205,-0.64166581,-0.01948348,White,-0.6596548,ND,2
ND-37 (2),16681,0.00630604,0.27107152,0.70592927,0.84440843,0.15559157,0.04792776,0.04051864,0.00231535,0.02732114,0.03480744,12957,-0.43485775,0.28163755,0.68702494,-0.40538739,-0.02947036,White,-0.4300343,ND,2
ND-38 (2),17025,0.02705835,0.28164986,0.69020021,0.80189706,0.19810294,0.05356865,0.05994402,0.00248795,0.02083657,0.06468667,12862,-0.40855035,0.27740291,0.68451042,-0.40710751,-0.00144284,White,-0.4130694,ND,2
ND-39 (2),16575,-0.00008856,0.29289705,0.67821229,0.77211546,0.22788454,0.07196763,0.0792811,0.00614642,0.03625613,0.03843461,12853,-0.38531524,0.30194175,0.65517799,-0.35323624,-0.032079,White,-0.37962224,ND,2
ND-40 (2),15835,-0.04473016,0.18714992,0.79406919,0.82013685,0.17986315,0.05180841,0.0663823,0.00550964,0.02692615,0.0298587,11253,-0.60691927,0.19257104,0.77541938,-0.58284834,-0.02407093,White,-0.60389563,ND,2
ND-41 (2),16622,0.00274678,0.15768603,0.82202006,0.91081016,0.08918984,0.01065791,0.03037102,0.00216363,0.00889494,0.03421749,12479,-0.66433403,0.15799045,0.82052739,-0.66253694,-0.00179709,White,-0.668735,ND,2
ND-42 (2),16835,0.01559632,0.1404147,0.83975991,0.71542444,0.28457556,0.0764237,0.11093763,0.00312269,0.02489933,0.06631605,12169,-0.69934521,0.14392775,0.82571099,-0.68178324,-0.01756197,White,-0.69849122,ND,2
ND-43 (2),16786,0.01264032,0.17737003,0.79446322,0.79871764,0.20128236,0.04821037,0.06630955,0.00486973,0.02467332,0.05827449,12321,-0.61709319,0.17830381,0.78882834,-0.61052453,-0.00656866,White,-0.61990364,ND,2
ND-44 (2),16556,-0.00123477,0.1096472,0.87263944,0.81960489,0.18039511,0.01866734,0.09618282,0.00133936,0.01816508,0.04068307,11946,-0.76299224,0.10628902,0.86904218,-0.76275316,-0.00023908,White,-0.76791255,ND,2
ND-45 (2),17292,0.04316552,0.12382496,0.85964344,0.9278681,0.0721319,0.00969392,0.0223647,0.00267155,0.01038089,0.02702084,13101,-0.73581848,0.12596022,0.85509839,-0.72913817,-0.00668031,White,-0.73859171,ND,2
ND-46 (2),17193,0.0371932,0.18975822,0.78945939,0.85236554,0.14763446,0.04338111,0.05563261,0.00346741,0.01849283,0.02689166,12978,-0.59970117,0.1895741,0.78207712,-0.59250302,-0.00719815,White,-0.60230179,ND,2
ND-47 (2),17398,0.04956013,0.13941562,0.84126416,0.88375746,0.11624254,0.02034244,0.05552937,0.00227773,0.01178134,0.02356268,12732,-0.70184854,0.14074254,0.82868236,-0.68793982,-0.01390872,White,-0.7022123,ND,2
ND-35B (1),8191,-0.01173158,0.55032781,0.43038951,0.25368627,0.74631373,0.02256173,0.05862498,0.00355303,0.01687689,0.67312134,5629,0.1199383,0.62056348,0.35931211,0.26125137,-0.14131307,Native,0.16204266,ND,1
NJ-1 (2),235383,0.01425226,0.38142734,0.60212382,0.74032755,0.25967245,0.09792073,0.1319848,0.00138105,0.01285553,0.02369853,194780,-0.22069648,0.41282611,0.57418862,-0.16136251,-0.05933397,White,-0.20591849,NJ,2
NJ-2 (2),236840,0.0205304,0.49451405,0.48596241,0.55406965,0.44593035,0.1763301,0.17006828,0.00254854,0.09803063,0.01639721,187166,0.00855164,0.5518592,0.43544507,0.11641413,-0.10786249,White,0.0395058,NJ,2
NJ-3 (2),233143,0.00460023,0.483763,0.49654212,0.76525363,0.23474637,0.1219902,0.06388351,0.00102107,0.03679739,0.01468344,180203,-0.01277912,0.51194093,0.47278482,0.03915611,-0.05193523,White,-0.00046738,NJ,2
NJ-4 (2),232764,0.00296714,0.51653176,0.4680129,0.58322293,0.41677707,0.21193713,0.16959039,0.00157776,0.0293618,0.02169288,181903,0.04851886,0.55352234,0.43402532,0.11949702,-0.07097816,White,0.06717825,NJ,2
NJ-5 (2),237087,0.02159471,0.6043927,0.37653373,0.70261318,0.29738682,0.15037101,0.09320357,0.00145715,0.04421981,0.01598021,185980,0.22785897,0.62640685,0.35884523,0.26756162,-0.03970265,White,0.23609319,NJ,2
NJ-6 (2),235582,0.01510974,0.65371337,0.32821088,0.44935885,0.55064115,0.2223558,0.23446648,0.00229302,0.10237316,0.01657428,179676,0.32550249,0.70149444,0.2877711,0.41372334,-0.08822085,Minority,0.34990944,NJ,2
NJ-7 (2),225832,-0.02690246,0.61746988,0.36567944,0.5905183,0.4094817,0.25089208,0.07883204,0.00116528,0.0661422,0.01596267,179356,0.25179044,0.63614419,0.3515475,0.28459669,-0.03280625,White,0.25772586,NJ,2
NJ-8 (2),231398,-0.00291888,0.53265951,0.45142977,0.73316707,0.26683293,0.1235266,0.07047068,0.00207472,0.06244054,0.01560879,186049,0.08122974,0.54969405,0.43550878,0.11418527,-0.03295553,White,0.08721492,NJ,2
NJ-9 (2),234326,0.00969771,0.34428543,0.64071191,0.86608322,0.13391678,0.03117744,0.06910333,0.00079423,0.01971418,0.01267737,197675,-0.29642648,0.36935875,0.61741793,-0.24805918,-0.0483673,White,-0.28530405,NJ,2
NJ-10 (2),238142,0.02614064,0.2408883,0.74688348,0.79334294,0.20665706,0.04246495,0.12018739,0.00059625,0.02805006,0.0115057,152620,-0.50599518,0.29702089,0.69354771,-0.39652682,-0.10946836,White,-0.47450573,NJ,2
NJ-11 (2),237693,0.02420593,0.36901754,0.61087116,0.85901101,0.14098899,0.02048326,0.06773743,0.00099829,0.03945601,0.00993064,191327,-0.24185362,0.40324835,0.58244095,-0.1791926,-0.06266102,White,-0.22596661,NJ,2
NJ-12 (2),233157,0.00466055,0.35358209,0.62760481,0.76590307,0.23409693,0.05045359,0.1114826,0.00097492,0.05970708,0.01214521,181553,-0.27402272,0.41053795,0.57619013,-0.16565218,-0.10837054,White,-0.24289921,NJ,2
NJ-13 (2),225612,-0.02785043,0.51996447,0.45858903,0.66336863,0.33663137,0.13241715,0.13969596,0.00110669,0.03906994,0.01479989,181623,0.06137544,0.56654884,0.41973871,0.14681013,-0.08543469,White,0.08485367,NJ,2
NJ-14 (2),237144,0.02184032,0.61361557,0.36272234,0.56489513,0.43510487,0.10667932,0.13741437,0.00154285,0.18578351,0.01220495,188612,0.25089323,0.6533873,0.33210447,0.32128283,-0.0703896,White,0.26935643,NJ,2
NJ-15 (2),233349,0.00548787,0.47542454,0.50281961,0.44121151,0.55878849,0.1460201,0.35285172,0.00191597,0.07111055,0.01686494,182153,-0.02739507,0.5662647,0.42191759,0.14434711,-0.17174218,Minority,0.02485232,NJ,2
NJ-16 (2),231203,-0.00375912,0.49352275,0.47561887,0.56755269,0.43244731,0.06358029,0.07966608,0.00081192,0.28446021,0.0070675,183516,0.01790388,0.5651265,0.4241032,0.1410233,-0.12311942,White,0.05394369,NJ,2
NJ-17 (2),228791,-0.0141523,0.53081457,0.43159594,0.45180723,0.54819277,0.12140228,0.23282575,0.0017905,0.18874386,0.0152722,179280,0.09921863,0.61295618,0.37246567,0.24049051,-0.14127188,Minority,0.14130926,NJ,2
NJ-18 (2),230268,-0.00778799,0.55095477,0.41210262,0.35704083,0.64295917,0.12269401,0.12562251,0.00136223,0.39064422,0.0106055,181321,0.13885215,0.62642938,0.36054263,0.26588675,-0.1270346,Asian,0.17619702,NJ,2
NJ-19 (2),241847,0.04210528,0.54824897,0.42641318,0.57173981,0.42826019,0.11616473,0.15361851,0.00125549,0.15653568,0.0103077,189567,0.12183579,0.59960852,0.38769183,0.21191669,-0.0900809,White,0.14686276,NJ,2
NJ-20 (2),236511,0.01911275,0.59163133,0.3829072,0.46736292,0.53263708,0.153997,0.25509694,0.00138326,0.11966557,0.01604355,180010,0.20872413,0.64267054,0.34377721,0.29889333,-0.0901692,Minority,0.23378053,NJ,2
NJ-21 (2),230846,-0.00529742,0.55651363,0.41168392,0.56408856,0.43591144,0.10900406,0.11162408,0.00116384,0.20975642,0.01059593,181296,0.14482971,0.60312052,0.38250258,0.22061794,-0.07578823,White,0.16509245,NJ,2
NJ-22 (2),223104,-0.03865726,0.60611978,0.37424629,0.49768195,0.50231805,0.25085335,0.20969449,0.00170953,0.04069468,0.01756511,176657,0.23187349,0.64088902,0.34401902,0.29687,-0.06499651,Minority,0.24853899,NJ,2
NJ-23 (2),238852,0.02919999,0.37957144,0.60000579,0.82583005,0.17416995,0.02718925,0.09206267,0.00062772,0.03910562,0.011989,192760,-0.22043435,0.41532806,0.56633235,-0.15100429,-0.06943006,White,-0.202291,NJ,2
NJ-24 (2),242348,0.04426406,0.41387434,0.56429705,0.79141633,0.20858367,0.04914829,0.09525897,0.00099019,0.04960728,0.01187192,193903,-0.15042271,0.44117546,0.5408838,-0.09970834,-0.05071437,White,-0.13851792,NJ,2
NJ-25 (2),230452,-0.00699514,0.50413001,0.46937168,0.58986993,0.41013007,0.04870692,0.1874042,0.00094709,0.16744952,0.0137137,182664,0.03475833,0.5591463,0.42674753,0.13239877,-0.09764044,White,0.06230514,NJ,2
NJ-26 (2),228912,-0.01363091,0.5029913,0.47764726,0.75658342,0.24341658,0.03103046,0.07034968,0.00089516,0.13248425,0.00516702,176504,0.02534404,0.54516388,0.44300605,0.10215783,-0.07681379,White,0.04594864,NJ,2
NJ-27 (2),228621,-0.01488482,0.40402432,0.56765341,0.76706548,0.23293452,0.03527418,0.12584655,0.00087439,0.06298302,0.01042747,184129,-0.16362909,0.45818044,0.52822484,-0.0700444,-0.09358469,White,-0.13743419,NJ,2
NJ-28 (2),226298,-0.0248945,0.50184565,0.47908131,0.76326187,0.23673813,0.02474862,0.08887057,0.00088756,0.11638494,0.00698023,174636,0.02276434,0.54727233,0.44016635,0.10710598,-0.08434164,White,0.04587822,NJ,2
NJ-29 (2),224159,-0.03411133,0.52183647,0.45575571,0.47990062,0.52009938,0.1334538,0.2156018,0.00217397,0.1789548,0.0106553,177095,0.06608076,0.61091307,0.37884802,0.23206505,-0.16598429,Minority,0.11640886,NJ,2
NJ-30 (2),226978,-0.02196441,0.52567451,0.45572386,0.4709797,0.5290203,0.03520496,0.16547547,0.00118936,0.32606074,0.0093323,180770,0.06995065,0.59627716,0.39419735,0.20207981,-0.13212916,Minority,0.1089937,NJ,2
NJ-31 (2),225623,-0.02780303,0.5237707,0.45799614,0.52434682,0.47565318,0.10136735,0.26247978,0.00150701,0.11205997,0.01388329,181153,0.06577456,0.58587729,0.40231463,0.18356266,-0.1177881,White,0.10003726,NJ,2
NJ-32 (2),238601,0.02811845,0.85222819,0.13223708,0.29626042,0.70373958,0.5220418,0.14096902,0.00175678,0.04646428,0.01444826,182721,0.71999111,0.88396853,0.10744189,0.77652664,-0.05653553,Black,0.73383629,NJ,2
NJ-33 (2),239352,0.03135446,0.78289628,0.20488957,0.07510024,0.92489976,0.52804996,0.37715119,0.00238771,0.0264788,0.0189609,177576,0.57800671,0.86742418,0.12615058,0.7412736,-0.16326689,Black,0.62742901,NJ,2
NJ-34 (2),238534,0.02782975,0.71531948,0.26623265,0.19363953,0.80636047,0.53748036,0.21006545,0.00123248,0.04951992,0.01346042,185804,0.44908683,0.7917414,0.20109542,0.59064598,-0.14155915,Black,0.49127321,NJ,2
NJ-35 (2),223207,-0.03821344,0.67182433,0.29195656,0.21629518,0.78370482,0.24695217,0.27287787,0.00302939,0.27541938,0.0168829,176273,0.37986777,0.77411723,0.21664954,0.55746769,-0.17759992,Asian,0.43406774,NJ,2
NJ-36 (2),224363,-0.0332323,0.66212846,0.30556675,0.49431581,0.50568419,0.10239132,0.18221393,0.00214682,0.22028744,0.01075578,184459,0.35656171,0.73293882,0.25333379,0.47960503,-0.12304332,Minority,0.39257615,NJ,2
NJ-37 (2),223090,-0.03871759,0.55882297,0.4170979,0.20037489,0.79962511,0.17051616,0.55480425,0.00209293,0.05587659,0.02113628,173919,0.14172507,0.68272043,0.30854028,0.37418015,-0.23245508,Hispanic,0.2142101,NJ,2
NJ-38 (2),229286,-0.01201937,0.55376854,0.41585384,0.17882941,0.82117059,0.06192974,0.7059738,0.00202148,0.07715675,0.03589222,182045,0.1379147,0.69018568,0.30102884,0.38915684,-0.25124214,Hispanic,0.21666208,NJ,2
NJ-39 (2),232590,0.00221738,0.52766549,0.44640952,0.3030964,0.6969036,0.13231657,0.51593735,0.00152909,0.0742675,0.02737177,177884,0.08125597,0.66091331,0.32943338,0.33147993,-0.25022396,Hispanic,0.15966396,NJ,2
NJ-40 (2),231728,-0.00149693,0.55900319,0.40074457,0.21432006,0.78567994,0.22376526,0.51345797,0.00224395,0.07704417,0.02063632,174692,0.15825862,0.70379636,0.28670666,0.4170897,-0.25883108,Hispanic,0.23953565,NJ,2
NM-1,30548,0.00984075,0.55918756,0.41621707,0.05962408,0.94037592,0.00398972,0.0261548,0.00119691,0.00727015,0.91563968,22558,0.14297049,0.61430959,0.352271,0.26203859,-0.1190681,Native,0.17765986,NM,1
NM-2,30607,0.01179114,0.31489869,0.67564561,0.44447431,0.55552569,0.01729158,0.17806746,0.00223984,0.01608207,0.35698607,22323,-0.36074692,0.31784326,0.65665479,-0.33881153,-0.02193539,Minority,-0.35843512,NM,1
NM-3,29989,-0.0086384,0.26231896,0.73322478,0.43653678,0.56346322,0.01081106,0.27161062,0.00184018,0.0112711,0.28329576,21737,-0.47090582,0.25269185,0.72372244,-0.47103059,0.00012477,Minority,-0.47594741,NM,1
NM-4,30517,0.00881597,0.2194333,0.77364471,0.64015447,0.35984553,0.00768029,0.21730452,0.00160548,0.01006682,0.12583529,23046,-0.55421141,0.20644819,0.77325196,-0.56680377,0.01259236,White,-0.56340886,NM,1
NM-5,31390,0.03767517,0.62987887,0.36615822,0.22184179,0.77815821,0.01582054,0.73341204,0.0025974,0.0090122,0.03809524,25410,0.26372065,0.67756911,0.30414293,0.37342618,-0.10970553,Hispanic,0.29528916,NM,1
NM-6,30055,-0.0064566,0.38412911,0.60761565,0.51941988,0.48058012,0.0128915,0.43306338,0.00280969,0.00793323,0.04016197,24202,-0.22348654,0.39791159,0.58308388,-0.18517229,-0.03831425,White,-0.21571512,NM,1
NM-7,30303,0.00174166,0.75716178,0.23217397,0.43508,0.56492,0.01004,0.46324,0.0016,0.01116,0.0926,25000,0.52498781,0.78325222,0.19674645,0.58650577,-0.06151796,Hispanic,0.5404938,NM,1
NM-8,30111,-0.00460538,0.59967873,0.3938113,0.17982031,0.82017969,0.00894251,0.64854262,0.00156072,0.00932214,0.1791454,23707,0.20586743,0.66794872,0.31939103,0.34855769,-0.14269026,Hispanic,0.24843085,NM,1
NM-9,29671,-0.01915069,0.62825746,0.35510204,0.51612624,0.48387376,0.01344574,0.35002162,0.00172936,0.05092953,0.07613489,23130,0.27315542,0.62088681,0.34669424,0.27419257,-0.00103715,White,0.26850114,NM,1
NM-10,30680,0.01420434,0.28363325,0.71484338,0.45639177,0.54360823,0.0283981,0.47432741,0.00290135,0.01569369,0.03464041,22748,-0.43121013,0.30433534,0.67901235,-0.37467701,-0.05653312,Hispanic,-0.41736576,NM,1
NM-11,31634,0.0457412,0.16128015,0.83816806,0.49039831,0.50960169,0.0140681,0.45358823,0.00207138,0.01065896,0.03456609,23173,-0.67688791,0.17568308,0.81100759,-0.63532451,-0.0415634,Minority,-0.66803344,NM,1
NM-12,31439,0.03929499,0.51423906,0.47792293,0.48878003,0.51121997,0.01513116,0.45721397,0.00248894,0.01058786,0.03946745,25312,0.03631613,0.52200151,0.45838572,0.06361579,-0.02729966,Minority,0.04041602,NM,1
NM-13,29719,-0.01756393,0.38786251,0.60494092,0.34252429,0.65747571,0.01479849,0.61505937,0.00265383,0.01079525,0.03139619,22232,-0.21707841,0.43165925,0.55128205,-0.1196228,-0.09745561,Hispanic,-0.18959321,NM,1
NM-14,31750,0.04957587,0.41037366,0.57982754,0.53561297,0.46438703,0.01322548,0.34926781,0.00164839,0.0192057,0.09549183,26086,-0.16945388,0.42654397,0.5505152,-0.12397123,-0.04548265,White,-0.159293,NM,1
NM-15,29594,-0.02169611,0.40919507,0.58206818,0.39508549,0.60491451,0.05666458,0.49324143,0.00608719,0.02649718,0.03638886,22342,-0.17287311,0.43001316,0.54190434,-0.11189118,-0.06098193,Hispanic,-0.1575458,NM,1
NM-16,29023,-0.04057195,0.32547918,0.66601816,0.65518287,0.34481713,0.05568556,0.22603571,0.00485353,0.03115791,0.03648813,23076,-0.34053898,0.31756855,0.65878427,-0.34121572,0.00067674,White,-0.34576456,NM,1
NM-17,29491,-0.02510104,0.32385104,0.66926665,0.56457109,0.43542891,0.00941307,0.27438453,0.00127779,0.00941307,0.15733879,23478,-0.34541561,0.32903274,0.65459484,-0.3255621,-0.01985351,White,-0.34379777,NM,1
NM-18,29860,-0.01290282,0.24125486,0.75532112,0.56911738,0.43088262,0.04386123,0.33336329,0.00310084,0.02593025,0.0325364,22252,-0.51406626,0.23801099,0.74066487,-0.50265388,-0.01141238,White,-0.51526213,NM,1
NM-19,29465,-0.02596053,0.34447432,0.64899475,0.38492344,0.61507656,0.0836278,0.49743227,0.00207303,0.02167256,0.03312132,21225,-0.30452043,0.35045506,0.62348834,-0.27303328,-0.03148715,Hispanic,-0.29902471,NM,1
NM-20,29055,-0.03951411,0.20586768,0.78954196,0.46661978,0.53338022,0.02400375,0.47730895,0.00276606,0.01172058,0.02794187,21330,-0.58367428,0.21011751,0.77265485,-0.56253734,-0.02113694,Hispanic,-0.58162863,NM,1
NM-21,30727,0.01575804,0.29546101,0.70112764,0.439322,0.560678,0.02342814,0.49505258,0.00164174,0.01863602,0.03492035,22537,-0.40566663,0.30808356,0.67311535,-0.36503179,-0.04063484,Hispanic,-0.39712168,NM,1
NM-22,29819,-0.01425818,0.26376718,0.73374446,0.36484457,0.63515543,0.02630741,0.58331437,0.00159301,0.009376,0.02835556,21971,-0.46997728,0.28022684,0.70083458,-0.42060774,-0.04936954,Hispanic,-0.45852077,NM,1
NM-23,29705,-0.01802673,0.23702781,0.76103501,0.31842628,0.68157372,0.06710596,0.58161733,0.00150201,0.01453559,0.03134842,20639,-0.5240072,0.25260593,0.72776499,-0.47515906,-0.04884814,Hispanic,-0.51272449,NM,1
NM-24,30300,0.00164249,0.15391015,0.843802,0.42541788,0.57458212,0.03438408,0.50272529,0.00181686,0.01244549,0.03129542,22016,-0.68989185,0.15149586,0.83492468,-0.68342882,-0.00646303,Hispanic,-0.69273751,NM,1
NM-25,30256,0.00018796,0.54236142,0.45380802,0.15806727,0.84193273,0.01005883,0.82109659,0.00130226,0.00696035,0.02658404,22269,0.0885534,0.62360851,0.35721371,0.2663948,-0.1778414,Hispanic,0.14283387,NM,1
NM-26,30797,0.01807207,0.55499208,0.44004226,0.15137269,0.84862731,0.00895906,0.82436688,0.00110879,0.00541092,0.02865126,22547,0.11494982,0.63807335,0.34270191,0.29537144,-0.18042162,Hispanic,0.17009036,NM,1
NM-27,30914,0.0219398,0.54279531,0.45123498,0.39705943,0.60294057,0.02588361,0.54048409,0.00155629,0.0194127,0.04210181,24417,0.09156033,0.56511735,0.41394386,0.15117349,-0.05961316,Hispanic,0.10643138,NM,1
NM-28,31086,0.02762569,0.61962352,0.3708183,0.34924503,0.65075497,0.04262203,0.55848047,0.00379484,0.03351442,0.04665655,25034,0.24880522,0.64511522,0.3239383,0.32117692,-0.0723717,Hispanic,0.26792912,NM,1
NM-29,31118,0.02868353,0.53847156,0.45599062,0.47285271,0.52714729,0.03045395,0.44390921,0.00200033,0.03437296,0.03118877,24496,0.08248094,0.53432282,0.44427511,0.09004771,-0.00756677,Minority,0.0800032,NM,1
NM-30,31462,0.04005531,0.55330582,0.43820575,0.33749895,0.66250105,0.0258773,0.6059076,0.00286123,0.01636792,0.0422873,23766,0.11510007,0.57709724,0.39972369,0.17737355,-0.06227348,Hispanic,0.1308579,NM,1
NM-31,30560,0.01023744,0.50183374,0.48861553,0.31010469,0.68989531,0.02493598,0.63063306,0.00247113,0.01684863,0.04560363,22257,0.01321821,0.52721266,0.44818292,0.07902974,-0.06581153,Hispanic,0.03015539,NM,1
NM-32,29730,-0.01720029,0.65363354,0.33949036,0.31816437,0.68183563,0.01066234,0.25026656,0.00183392,0.00895637,0.43033224,23447,0.31414318,0.66912478,0.31166311,0.35746167,-0.04331849,Native,0.32358268,NM,1
NM-33,29867,-0.01267141,0.54179215,0.45104836,0.56766707,0.43233293,0.02304922,0.34333733,0.00236094,0.02156863,0.05786315,24990,0.09074379,0.53378118,0.44276196,0.09101922,-0.00027543,White,0.0858356,NM,1
NM-34,30062,-0.0062252,0.48861099,0.50139571,0.47943917,0.52056083,0.03776205,0.39804694,0.00443469,0.03108762,0.07386669,22324,-0.01278472,0.48720953,0.48636334,0.00084619,-0.01363091,Minority,-0.01324108,NM,1
NM-35,28944,-0.04318349,0.48477592,0.50680807,0.532668,0.467332,0.03968661,0.34654666,0.00438371,0.04421023,0.05605559,21443,-0.02203215,0.47811357,0.50115192,-0.02303835,0.0010062,White,-0.02736755,NM,1
NM-36,30231,-0.00063848,0.45405445,0.5358834,0.44887826,0.55112174,0.0393527,0.43793674,0.00620633,0.02625046,0.06817764,21752,-0.08182895,0.46868419,0.50284689,-0.0341627,-0.04766625,Minority,-0.0709402,NM,1
NM-37,29260,-0.03273732,0.41133294,0.58352907,0.37734532,0.62265468,0.01985339,0.52626756,0.00174535,0.01038485,0.08447509,22918,-0.17219613,0.43557464,0.54531991,-0.10974527,-0.06245086,Hispanic,-0.15637918,NM,1
NM-38,29542,-0.02341511,0.41196101,0.5808378,0.34506914,0.65493086,0.01601164,0.59629731,0.00286572,0.01059862,0.04758006,21984,-0.16887679,0.4462766,0.53164894,-0.08537234,-0.08350445,Hispanic,-0.14604197,NM,1
NM-39,29795,-0.01505156,0.42727964,0.56739626,0.32064234,0.67935766,0.02082322,0.51559536,0.00247055,0.01667623,0.14293907,22667,-0.14011662,0.4531819,0.52843766,-0.07525576,-0.06486086,Hispanic,-0.12349633,NM,1
NM-40,29411,-0.02774564,0.62817259,0.35679422,0.14277302,0.85722698,0.00878743,0.12755356,0.00194773,0.00751914,0.73162114,22077,0.27137837,0.67625549,0.30004876,0.37620673,-0.10482836,Native,0.30132116,NM,1
NM-41,29321,-0.03072081,0.54833182,0.44047979,0.17673179,0.82326821,0.01528466,0.24123586,0.00200991,0.03201832,0.57104796,21394,0.10785203,0.60425654,0.37618637,0.22807017,-0.12021814,Native,0.14292474,NM,1
NM-42,28950,-0.04298515,0.6423243,0.33657244,0.02288552,0.97711448,0.00633004,0.01937966,0.00111993,0.00652481,0.95695574,20537,0.30575186,0.71806415,0.25164134,0.46642281,-0.16067095,Native,0.35430884,NM,1
NM-43,30694,0.01466714,0.70335794,0.29114199,0.33355044,0.66644956,0.00724579,0.56968982,0.00227957,0.01493935,0.09484654,24566,0.41221595,0.73364796,0.25270998,0.48093798,-0.06872203,Hispanic,0.43012329,NM,1
NM-44,31289,0.03433636,0.75301997,0.23552607,0.38785942,0.61214058,0.01673323,0.53238818,0.00319489,0.02783546,0.05071885,25040,0.5174939,0.76932375,0.21260894,0.55671481,-0.03922091,Hispanic,0.52556754,NM,1
NM-45,31135,0.0292455,0.76587456,0.22913907,0.33344115,0.66655885,0.01774957,0.59770347,0.00149598,0.02130756,0.04819472,24733,0.53673549,0.80563117,0.17655752,0.62907365,-0.09233816,Hispanic,0.56251488,NM,1
NM-46,30047,-0.00672106,0.84347912,0.14958641,0.69056197,0.30943803,0.01303718,0.23682353,0.00215429,0.02689151,0.03175723,26923,0.69389271,0.84184577,0.1433153,0.69853047,-0.00463776,White,0.69043863,NM,1
NM-47,31658,0.04653458,0.65089781,0.3413195,0.63949902,0.36050098,0.01530766,0.28554235,0.00199338,0.01684971,0.04517075,26588,0.30957831,0.65331528,0.32793375,0.32538153,-0.01580322,White,0.30984605,NM,1
NM-48,30059,-0.00632437,0.38095238,0.61153552,0.54997104,0.45002896,0.01460247,0.38578638,0.00215107,0.01187226,0.04587573,24174,-0.23058314,0.40047056,0.57476317,-0.17429261,-0.05629053,White,-0.21681963,NM,1
NM-49,29699,-0.01822508,0.53499143,0.45637967,0.42353652,0.57646348,0.05156461,0.4370205,0.00455666,0.04454364,0.06923327,21507,0.07861176,0.54632023,0.43205006,0.11427017,-0.03565841,Hispanic,0.0854979,NM,1
NM-50,30955,0.02329515,0.54892766,0.4460382,0.44056491,0.55943509,0.0480504,0.41157821,0.00358216,0.04018611,0.07967225,24287,0.10288946,0.55505943,0.42320573,0.1318537,-0.02896424,Minority,0.10754421,NM,1
NM-51,30517,0.00881597,0.5390133,0.45165617,0.43064877,0.56935123,0.0365399,0.43860303,0.00277571,0.03877703,0.07846549,24138,0.08735713,0.54482638,0.43061201,0.11421437,-0.02685724,Hispanic,0.09130954,NM,1
NM-52,30641,0.0129151,0.59033347,0.40389757,0.32520394,0.67479606,0.04898878,0.53522264,0.0025068,0.03896159,0.07932529,23536,0.1864359,0.61405428,0.36318272,0.25087156,-0.06443566,Hispanic,0.20291445,NM,1
NM-53,30400,0.00494824,0.60637692,0.38698045,0.16067188,0.83932812,0.03389611,0.75508442,0.00315212,0.01584697,0.0637765,23159,0.21939647,0.66549848,0.31162962,0.35386886,-0.13447239,Hispanic,0.2592206,NM,1
NM-54,29957,-0.00969624,0.56933496,0.42478073,0.11682638,0.88317362,0.03696918,0.79631717,0.00164412,0.01644119,0.06867719,21288,0.14455423,0.65260166,0.32783122,0.32477044,-0.18021621,Hispanic,0.1996263,NM,1
NM-55,29666,-0.01931597,0.57053367,0.42537044,0.13029765,0.86970235,0.04149418,0.77439385,0.00275971,0.02345752,0.0629312,20292,0.14516323,0.6588535,0.31987261,0.33898089,-0.19381766,Hispanic,0.20476912,NM,1
NM-56,30604,0.01169197,0.57356228,0.42206869,0.1419729,0.8580271,0.01649136,0.81794572,0.00155824,0.0091763,0.03904255,23103,0.15149359,0.63627441,0.34674649,0.28952792,-0.13803433,Hispanic,0.19250503,NM,1
NM-57,30373,0.00405568,0.55322768,0.43896405,0.36210829,0.63789171,0.03167497,0.43086409,0.0030408,0.03839007,0.15558747,23678,0.11426363,0.55474453,0.42335766,0.13138687,-0.01712324,Hispanic,0.11497138,NM,1
NM-58,29439,-0.02682003,0.74490662,0.23837012,0.31549642,0.68450358,0.04286592,0.56274309,0.00241556,0.0206346,0.09019447,24425,0.5065365,0.78241226,0.19354578,0.58886648,-0.08232998,Hispanic,0.52897983,NM,1
NM-59,30098,-0.00503513,0.69830055,0.29393419,0.40101995,0.59898005,0.02278706,0.51536002,0.00178087,0.01801109,0.06099486,24707,0.40436636,0.70764438,0.27126767,0.43637671,-0.03201035,Hispanic,0.41003648,NM,1
NM-60,30648,0.0131465,0.56918218,0.4193039,0.44144364,0.55855636,0.02525561,0.4242128,0.00325879,0.0668459,0.05845452,24549,0.14987828,0.57267065,0.40585258,0.16681807,-0.01693979,Minority,0.15052488,NM,1
NM-61,30141,-0.00361366,0.81177353,0.16775403,0.4919201,0.5080799,0.05622834,0.32599977,0.00334878,0.06495074,0.08660099,25681,0.6440195,0.81749686,0.15557416,0.6619227,-0.0179032,Minority,0.64498723,NM,1
NM-62,30814,0.01863404,0.7654146,0.2226258,0.41026451,0.58973549,0.06727201,0.40071062,0.00296092,0.03801816,0.10876431,25330,0.5427888,0.76226664,0.21022633,0.55204031,-0.00925151,Minority,0.54087264,NM,1
NM-63,29817,-0.01432429,0.60517759,0.39357179,0.34791621,0.65208379,0.06253583,0.47404631,0.00485116,0.05278942,0.09115766,22675,0.2116058,0.61050545,0.36405682,0.24644863,-0.03484283,Hispanic,0.21822008,NM,1
NM-64,30835,0.01932825,0.67459196,0.31607031,0.4062853,0.5937147,0.05002421,0.41665322,0.00242053,0.04506213,0.11154591,24788,0.35852165,0.67048711,0.30130042,0.36918669,-0.01066504,Hispanic,0.35707666,NM,1
NM-65,30675,0.01403905,0.61962123,0.37052306,0.52326792,0.47673208,0.04401282,0.33564277,0.00368442,0.04096916,0.07460953,24970,0.24909817,0.60192587,0.3702156,0.23171027,0.0173879,White,0.2383022,NM,1
NM-66,30675,0.01403905,0.57117517,0.42255306,0.55637883,0.44362117,0.04165846,0.29050566,0.0026406,0.04402317,0.08209514,25373,0.14862211,0.55077644,0.42467038,0.12610606,0.02251605,White,0.13611676,NM,1
NM-67,29311,-0.03105139,0.53571041,0.44920221,0.64729741,0.35270259,0.01827342,0.22060456,0.00264708,0.08547519,0.03150884,23422,0.0865082,0.5119885,0.46331571,0.04867279,0.03783541,White,0.0688964,NM,1
NM-68,29774,-0.01574576,0.58762701,0.40563939,0.63599371,0.36400629,0.03243221,0.22247291,0.00269933,0.06027154,0.05809597,24821,0.18198762,0.56120961,0.4143851,0.14682451,0.03516311,White,0.16526658,NM,1
NM-69,30818,0.01876627,0.57887111,0.40997858,0.55198556,0.44801444,0.04219815,0.31423987,0.00389089,0.04091456,0.07047734,24930,0.16889253,0.56267062,0.40670623,0.15596439,0.01292814,White,0.15958315,NM,1
NM-70,30025,-0.00744833,0.57056035,0.41868239,0.59156888,0.40843112,0.0370855,0.27378665,0.00212618,0.04722574,0.06223167,24457,0.15187796,0.55080771,0.42429506,0.12651265,0.02536531,White,0.13842286,NM,1
NV-1,73911,-0.00011177,0.57311849,0.40857755,0.25116927,0.74883073,0.16719165,0.51216998,0.01114866,0.05702232,0.03640494,52383,0.16454094,0.62334409,0.35444867,0.26889542,-0.10435448,Hispanic,0.19432577,NV,1
NV-2,73812,-0.00145107,0.68603516,0.29499163,0.12548842,0.87451158,0.18076331,0.66215416,0.00718317,0.02893002,0.03601452,50674,0.39104353,0.76159677,0.215314,0.54628277,-0.15523924,Hispanic,0.43778994,NV,1
NV-3,74214,0.0039873,0.68905499,0.29228518,0.16092542,0.83907458,0.23999545,0.54363726,0.01106564,0.04367516,0.03389798,52776,0.39676981,0.74466981,0.23416507,0.51050474,-0.11373493,Hispanic,0.42968145,NV,1
NV-4,73948,0.00038878,0.62466594,0.35756706,0.25079223,0.74920777,0.14625369,0.52618387,0.00925611,0.06959091,0.0352878,55855,0.26709888,0.67278257,0.30423294,0.36854963,-0.10145075,Hispanic,0.2959158,NV,1
NV-5,73700,-0.00296624,0.59917479,0.38312786,0.24984753,0.75015247,0.13507919,0.53702711,0.01543181,0.06477665,0.03655584,54109,0.21604693,0.65491376,0.3224404,0.33247336,-0.11642643,Hispanic,0.24985574,NV,1
NV-6,73851,-0.00092347,0.56315319,0.41893624,0.27209497,0.72790503,0.12377554,0.47849678,0.01301846,0.11387058,0.03137176,54922,0.14421695,0.61058895,0.36894565,0.2416433,-0.09742635,Hispanic,0.1716924,NV,1
NV-7,74004,0.00114636,0.56535361,0.41501316,0.30893001,0.69106999,0.1310986,0.44546348,0.01569679,0.09966926,0.03362832,55935,0.15034045,0.61218601,0.36532587,0.24686014,-0.09651969,Hispanic,0.17751368,NV,1
NV-8,74161,0.0032703,0.57669149,0.40334337,0.33555281,0.66444719,0.19848216,0.37648786,0.01646709,0.07356495,0.0326299,55869,0.17334812,0.61409764,0.36153123,0.25256641,-0.07921829,Hispanic,0.19475422,NV,1
NV-9,74363,0.00600301,0.60665964,0.37516735,0.30449214,0.69550786,0.28729931,0.2811084,0.02097824,0.11404703,0.02931359,53627,0.23149229,0.64766932,0.32855706,0.31911226,-0.08761997,Minority,0.25569895,NV,1
NV-10,73509,-0.00555014,0.5417897,0.44051849,0.40039448,0.59960552,0.20397011,0.25185024,0.02247435,0.12720989,0.02598484,55263,0.10127121,0.56655097,0.41149581,0.15505516,-0.05378395,Minority,0.11419919,NV,1
NV-11,74418,0.00674707,0.57637127,0.40406883,0.3879905,0.6120095,0.22153115,0.24445486,0.01508861,0.12915785,0.03030646,61901,0.17230244,0.60970847,0.37008446,0.23962401,-0.06732157,Minority,0.18974296,NV,1
NV-12,74001,0.00110578,0.55019073,0.43169868,0.41599534,0.58400466,0.13129161,0.33240679,0.01551265,0.10492676,0.03115846,60080,0.11849205,0.58195017,0.39521531,0.18673486,-0.06824281,Minority,0.13623965,NV,1
NV-13,73035,-0.01196254,0.52213585,0.46078579,0.41552495,0.58447505,0.14221589,0.28549539,0.01880228,0.13550981,0.03152942,55472,0.06135006,0.55705969,0.42017154,0.13688815,-0.07553809,Minority,0.08152942,NV,1
NV-14,73262,-0.00889162,0.49511308,0.48624184,0.57590084,0.42409916,0.09383166,0.17726241,0.0179652,0.1335786,0.02528882,58168,0.00887124,0.51265905,0.46662138,0.04603767,-0.03716643,White,0.01626005,NV,1
NV-15,74803,0.01195545,0.64486136,0.33581272,0.2365283,0.7634717,0.30753036,0.35593589,0.01967439,0.08795397,0.02925749,55097,0.30904864,0.6940405,0.28407855,0.40996195,-0.10091331,Hispanic,0.33768641,NV,1
NV-16,72970,-0.01284187,0.42617425,0.55682885,0.60528035,0.39471965,0.11318322,0.17266225,0.01539956,0.08443267,0.02802649,56625,-0.1306546,0.43568413,0.543407,-0.10772287,-0.02293173,White,-0.12801069,NV,1
NV-17,74725,0.01090025,0.51197053,0.47015491,0.40500507,0.59499493,0.16244394,0.2335592,0.01561426,0.18142983,0.02530361,61098,0.04181562,0.56126657,0.41736255,0.14390402,-0.1020884,Minority,0.07084509,NV,1
NV-18,73052,-0.01173256,0.51950315,0.46513954,0.42133052,0.57866948,0.1288614,0.19607449,0.01585625,0.23683814,0.02331506,59661,0.05436361,0.56316896,0.41848242,0.14468654,-0.09032293,Minority,0.07947125,NV,1
NV-19,73894,-0.00034175,0.50681199,0.47820163,0.40148415,0.59851585,0.13002428,0.16841855,0.02088675,0.28548625,0.02051317,58889,0.02861036,0.55813293,0.4232153,0.13491763,-0.10630727,Minority,0.05904612,NV,1
NV-20,74426,0.00685529,0.49640782,0.48724848,0.35649942,0.64350058,0.11830811,0.16081763,0.02375011,0.34989824,0.0202106,56505,0.00915934,0.54809908,0.43461982,0.11347926,-0.10431992,Minority,0.03893265,NV,1
NV-21,73773,-0.00197867,0.49449981,0.48805487,0.57317689,0.42682311,0.09160999,0.17869167,0.02053734,0.13081611,0.02685004,59404,0.00644494,0.51762018,0.46215446,0.05546572,-0.04902078,White,0.0177852,NV,1
NV-22,73257,-0.00895926,0.49970715,0.48464955,0.47533505,0.52466495,0.10187273,0.18187628,0.03122393,0.21450253,0.023165,56335,0.0150576,0.52537031,0.45574879,0.06962152,-0.05456392,Minority,0.02824557,NV,1
NV-23,72661,-0.01702211,0.4790318,0.50461838,0.44701232,0.55298768,0.09567935,0.17299136,0.02463688,0.26508549,0.02285347,54390,-0.02558658,0.51851215,0.46342023,0.05509192,-0.0806785,Minority,-0.00369375,NV,1
NV-24,74478,0.00755876,0.47559534,0.50858752,0.46434036,0.53565964,0.10634688,0.19063935,0.02857428,0.21141308,0.02398377,60124,-0.03299218,0.51078646,0.47037138,0.04041508,-0.07340726,Minority,-0.01352309,NV,1
NV-25,74344,0.00574597,0.49049872,0.49183658,0.58520874,0.41479126,0.09890344,0.16466423,0.01262109,0.1333082,0.02039043,61009,-0.00133786,0.51497825,0.46540709,0.04957116,-0.05090902,White,0.01063181,NV,1
NV-26,74089,0.00229626,0.44672612,0.53586795,0.66836778,0.33163222,0.05146017,0.09549574,0.00849989,0.16866647,0.01370564,58589,-0.08914183,0.4620804,0.52116823,-0.05908783,-0.030054,White,-0.08412383,NV,1
NV-27,75272,0.01830021,0.45162305,0.5312867,0.57060118,0.42939882,0.13088193,0.16382794,0.01609411,0.1175664,0.02802035,55424,-0.07966365,0.45838522,0.51932856,-0.06094334,-0.01872031,White,-0.07842355,NV,1
NV-28,73494,-0.00575306,0.49355001,0.48921643,0.57407313,0.42592687,0.1201836,0.17446607,0.01436241,0.11166438,0.02504954,59043,0.00433358,0.51239483,0.4689941,0.04340073,-0.03906715,White,0.01235596,NV,1
NV-29,74107,0.00253977,0.49058163,0.48459068,0.82707902,0.17292098,0.01167143,0.07995995,0.003595,0.05075675,0.020109,60918,0.00599095,0.49409233,0.47982861,0.01426372,-0.00827277,White,0.00374854,NV,1
NV-30,74499,0.00784286,0.51144978,0.46544009,0.57251589,0.42748411,0.0384046,0.25338326,0.01140817,0.10544283,0.03037534,57415,0.04600969,0.52940666,0.44350217,0.08590449,-0.0398948,White,0.05430796,NV,1
NV-31,74282,0.00490722,0.56273846,0.41169878,0.69265632,0.30734368,0.03716353,0.14049627,0.00979265,0.09606513,0.03271232,61781,0.15103968,0.57411156,0.39449743,0.17961413,-0.02857445,White,0.1555645,NV,1
NV-32,74345,0.0057595,0.54377332,0.43400152,0.49605778,0.50394222,0.05479071,0.31910191,0.01688278,0.08486642,0.04728918,57455,0.1097718,0.57380688,0.39422147,0.17958541,-0.06981361,Minority,0.128043,NV,1
NV-33,73717,-0.00273625,0.53208556,0.44472981,0.47943374,0.52056626,0.03535579,0.37730668,0.01322945,0.06942785,0.04328989,56087,0.08735575,0.55915439,0.40904817,0.15010622,-0.06275047,Minority,0.10327257,NV,1
NV-34,73831,-0.00119403,0.45902794,0.51785146,0.6519005,0.3480995,0.03257756,0.19029486,0.01201789,0.09057085,0.03378284,57248,-0.05882352,0.47053741,0.50112321,-0.0305858,-0.02823772,White,-0.05441095,NV,1
NV-35,73832,-0.0011805,0.41200803,0.57049293,0.69178568,0.30821432,0.05082143,0.11255676,0.01221828,0.12168744,0.01953273,60565,-0.1584849,0.41795201,0.56463153,-0.14667952,-0.01180538,White,-0.15954977,NV,1
NV-36,73556,-0.00491431,0.35561042,0.62738379,0.73060678,0.26939322,0.04949874,0.1242727,0.01129752,0.06447728,0.02866788,58951,-0.27177337,0.35920881,0.62152454,-0.26231573,-0.00945764,White,-0.27362082,NV,1
NV-37,73197,-0.00977096,0.2735164,0.70755987,0.70616199,0.29383801,0.06683278,0.15648411,0.00739308,0.03481796,0.03516221,61003,-0.43404347,0.26548392,0.71466286,-0.44917894,0.01513547,White,-0.44408863,NV,1
NV-38,74108,0.0025533,0.21098992,0.7670684,0.66648282,0.33351718,0.01779641,0.22679389,0.00413656,0.01875241,0.07067086,54393,-0.55607848,0.21605119,0.75491247,-0.53886128,-0.0172172,White,-0.55533941,NV,1
NV-39,74478,0.00755876,0.27416873,0.70520276,0.7415505,0.2584495,0.03651039,0.12306023,0.00867964,0.03558982,0.05932733,60832,-0.43103403,0.28213089,0.69055992,-0.40842903,-0.022605,White,-0.42849903,NV,1
NV-40,73429,-0.0066324,0.30297767,0.6747575,0.74574317,0.25425683,0.016779,0.13267116,0.00759134,0.03251153,0.06692089,56380,-0.37177983,0.30860774,0.66290425,-0.35429651,-0.01748332,White,-0.37095206,NV,1
NV-41,73059,-0.01163786,0.29943924,0.67921978,0.79924104,0.20075896,0.00913751,0.11337838,0.00544256,0.0248993,0.04755168,60082,-0.37978054,0.31512354,0.65809609,-0.34297255,-0.03680799,White,-0.37251121,NV,1
NV-42,74747,0.01119787,0.39582786,0.57912973,0.69655184,0.30344816,0.02410271,0.19662562,0.00632901,0.03487514,0.04732001,60989,-0.18330187,0.39971253,0.57201937,-0.17230684,-0.01099503,White,-0.18463686,NV,1
NY-1,135194,0.00422118,0.51343079,0.47597324,0.72934848,0.27065152,0.04318359,0.1887627,0.00106672,0.02244701,0.0209297,108745,0.03745755,0.55045727,0.43581743,0.11463984,-0.07718229,White,0.05818498,NY,1
NY-2,140534,0.04388671,0.42330008,0.56636311,0.79322652,0.20677348,0.04837196,0.12112283,0.00081555,0.02730788,0.01252269,114033,-0.14306303,0.44836756,0.53747425,-0.08910669,-0.05395634,White,-0.13007758,NY,1
NY-3,138791,0.0309397,0.4860032,0.49878599,0.64988575,0.35011425,0.11661028,0.14186137,0.00093883,0.0884364,0.01417108,112906,-0.01278279,0.52681215,0.45799454,0.06881761,-0.0816004,White,0.00941734,NY,1
NY-4,136055,0.01061669,0.42701496,0.56466592,0.65759853,0.34240147,0.09301847,0.21073592,0.0013462,0.03067272,0.0202397,106968,-0.13765096,0.46782006,0.51713078,-0.04931072,-0.08834024,White,-0.11320421,NY,1
NY-5,139841,0.03873911,0.3668391,0.61918051,0.7446302,0.2553698,0.044274,0.13800387,0.00101131,0.06528782,0.01085595,111736,-0.25234141,0.41327284,0.57245941,-0.15918657,-0.09315484,White,-0.2262898,NY,1
NY-6,137744,0.02316259,0.36321778,0.62440797,0.82972058,0.17027942,0.02320217,0.08116674,0.00079914,0.05600305,0.00659287,110119,-0.26119019,0.40590428,0.5800362,-0.17413192,-0.08705827,White,-0.23717077,NY,1
NY-7,136952,0.01727961,0.60203096,0.38607577,0.15288631,0.84711369,0.18807621,0.63703769,0.00112194,0.03662403,0.03728744,102501,0.21595519,0.73176334,0.25688412,0.47487922,-0.25892403,Hispanic,0.2972632,NY,1
NY-8,139737,0.03796659,0.37683993,0.61319768,0.79648363,0.20351637,0.0479121,0.12096166,0.00082654,0.02848852,0.01012506,111308,-0.23635775,0.41826971,0.56643305,-0.14816334,-0.08819441,White,-0.21195961,NY,1
NY-9,140976,0.04716989,0.40150315,0.58470173,0.71819443,0.28180557,0.07510892,0.14500035,0.00108039,0.05569707,0.01165589,113848,-0.18319858,0.44749763,0.53874909,-0.09125146,-0.09194712,White,-0.15754954,NY,1
NY-10,141216,0.04895261,0.54291377,0.43396869,0.48983406,0.51016594,0.21842329,0.21681624,0.00153482,0.07757173,0.01710876,110762,0.10894508,0.61430641,0.37286662,0.24143979,-0.13249471,Minority,0.14810998,NY,1
NY-11,140647,0.04472607,0.49338874,0.49191538,0.73335665,0.26664335,0.05410545,0.15744578,0.00091491,0.04809573,0.01503328,111486,0.00147336,0.54220115,0.4424008,0.09980035,-0.09832699,White,0.02924902,NY,1
NY-12,140769,0.04563229,0.46821871,0.51498574,0.62308443,0.37691557,0.02346574,0.09716098,0.00073189,0.24978314,0.00600875,110672,-0.04676703,0.55232105,0.43528097,0.11704008,-0.16380711,White,0.00283534,NY,1
NY-13,140458,0.04332218,0.36044759,0.63098501,0.80389354,0.19610646,0.03317414,0.09075172,0.00087884,0.06500781,0.00742135,112648,-0.27053742,0.40571395,0.58124562,-0.17553167,-0.09500575,White,-0.24386884,NY,1
NY-14,139527,0.03640671,0.48399265,0.50501554,0.68111956,0.31888044,0.03551292,0.14335777,0.00091979,0.13300098,0.00863679,108721,-0.02102289,0.56092205,0.4252724,0.13564965,-0.15667254,White,0.02620129,NY,1
NY-15,138832,0.03124425,0.48698929,0.49470262,0.48808581,0.51191419,0.08528719,0.15669951,0.00100991,0.26273985,0.00929843,109911,-0.00771333,0.574434,0.41327493,0.16115907,-0.1688724,Minority,0.04357747,NY,1
NY-16,138974,0.03229903,0.37056503,0.61809795,0.78551458,0.21448542,0.02246669,0.10878177,0.00071944,0.07611537,0.00702141,109807,-0.24753292,0.42214022,0.56276634,-0.14062612,-0.1069068,White,-0.21689732,NY,1
NY-17,138305,0.0273297,0.43466421,0.54880709,0.64115659,0.35884341,0.06222739,0.13654042,0.00116313,0.15535039,0.00872347,110048,-0.11414288,0.49316547,0.49159339,0.00157208,-0.11571496,White,-0.08057123,NY,1
NY-18,139875,0.03899166,0.80009814,0.19299107,0.08806701,0.91193299,0.49689615,0.39808721,0.00186044,0.03203882,0.02453162,106964,0.60710707,0.8675498,0.12364497,0.74390483,-0.13679776,Black,0.64770632,NY,1
NY-19,139817,0.03856083,0.52553556,0.46694181,0.61836084,0.38163916,0.13245375,0.20860709,0.00137101,0.03954561,0.01179602,112326,0.05859375,0.58419801,0.40319661,0.1810014,-0.12240765,White,0.0943963,NY,1
NY-20,141023,0.047519,0.38705287,0.60254805,0.72008962,0.27991038,0.06706225,0.15662233,0.0007593,0.04912024,0.0085398,106677,-0.21549518,0.46099406,0.52541869,-0.06442463,-0.15107055,White,-0.17013833,NY,1
NY-21,139345,0.03505482,0.55713292,0.42316607,0.37306273,0.62693727,0.28867789,0.18763388,0.00191702,0.1498335,0.01428314,111110,0.13396685,0.63562689,0.35278143,0.28284546,-0.14887861,Minority,0.17859305,NY,1
NY-22,132787,-0.01365801,0.56741064,0.42337751,0.31419378,0.68580622,0.43995323,0.21536494,0.002778,0.04549724,0.01948597,100072,0.14403313,0.65118263,0.3384204,0.31276223,-0.1687291,Black,0.19527616,NY,1
NY-23,134961,0.00249046,0.89370086,0.09667301,0.01602005,0.98397995,0.84882397,0.09377008,0.0029745,0.05163138,0.01659842,108926,0.79702785,0.94887396,0.04468899,0.90418497,-0.10715712,Black,0.82774689,NY,1
NY-24,135384,0.0056325,0.80195777,0.1812762,0.01888469,0.98111531,0.57844045,0.20504726,0.00509452,0.17567108,0.03232514,105800,0.62068157,0.9133611,0.07970593,0.83365517,-0.2129736,Black,0.68667277,NY,1
NY-25,132994,-0.01212042,0.67910632,0.31001366,0.18039546,0.81960454,0.51997382,0.16396952,0.00383303,0.11787033,0.02339083,106965,0.36909266,0.76293245,0.23055009,0.53238236,-0.1632897,Black,0.41852256,NY,1
NY-26,133871,-0.00560606,0.55144963,0.42662,0.11515715,0.88484285,0.12191603,0.42381554,0.00663547,0.29814985,0.04164491,105343,0.12482963,0.74052031,0.25118496,0.48933535,-0.36450572,Hispanic,0.24133154,NY,1
NY-27,133041,-0.0117713,0.57003174,0.41251152,0.24245744,0.75754256,0.19204147,0.22450637,0.00589241,0.28505463,0.03315423,105899,0.15752022,0.69305019,0.29686064,0.39618955,-0.23866933,Asian,0.23207666,NY,1
NY-28,134880,0.00188879,0.60726073,0.35450259,0.14145117,0.85854883,0.2062295,0.19411506,0.00556238,0.42188846,0.02383483,109126,0.25275814,0.77125183,0.22080101,0.55045082,-0.29769268,Asian,0.34698903,NY,1
NY-29,133636,-0.00735164,0.51452955,0.46296491,0.30380162,0.69619838,0.06160999,0.11195186,0.00222445,0.51938189,0.00787674,109690,0.05156464,0.63553392,0.3530575,0.28247642,-0.23091178,Asian,0.12353523,NY,1
NY-30,132882,-0.01295235,0.48953444,0.49597235,0.19193461,0.80806539,0.02813005,0.15499371,0.00137417,0.62822885,0.00806539,111340,-0.00643791,0.59295911,0.39534304,0.19761607,-0.20405398,Asian,0.05658008,NY,1
NY-31,133569,-0.00784932,0.4506912,0.53808224,0.41664615,0.58335385,0.02988682,0.18368036,0.00176019,0.37171104,0.01005955,109647,-0.08739104,0.54100111,0.44765837,0.09334274,-0.18073378,Minority,-0.03214645,NY,1
NY-32,134309,-0.0023526,0.49641786,0.48845753,0.2265491,0.7734509,0.04635857,0.14810857,0.0014546,0.57815769,0.0088084,111371,0.00796033,0.61490396,0.37463664,0.24026732,-0.23230699,Asian,0.08039599,NY,1
NY-33,132980,-0.01222441,0.51442585,0.46956971,0.54563379,0.45436621,0.03836137,0.20217898,0.00161406,0.21497221,0.01134425,109042,0.04485614,0.57770929,0.40985128,0.16785801,-0.12300187,White,0.08085676,NY,1
NY-34,134076,-0.00408332,0.55658053,0.41401541,0.3979747,0.6020253,0.05281635,0.40037041,0.00222065,0.16239277,0.02601196,108527,0.14256512,0.6595201,0.3260732,0.3334469,-0.19088178,Hispanic,0.20119238,NY,1
NY-35,133668,-0.00711395,0.58776999,0.38578517,0.11750141,0.88249859,0.02773681,0.28296648,0.00204817,0.57476287,0.01965336,109854,0.20198482,0.73598862,0.25263158,0.48335704,-0.28137222,Asian,0.29077556,NY,1
NY-36,135324,0.00518682,0.56382801,0.42146488,0.05093854,0.94906146,0.08046716,0.67639438,0.00237035,0.20859084,0.05234924,104204,0.14236313,0.75484619,0.23754484,0.51730135,-0.37493822,Hispanic,0.26234254,NY,1
NY-37,134660,0.00025463,0.58546938,0.3931098,0.12204992,0.87795008,0.0983738,0.63670836,0.00266003,0.15764899,0.04158885,106014,0.19235958,0.7553961,0.23412997,0.52126613,-0.32890655,Hispanic,0.2969951,NY,1
NY-38,131653,-0.02208137,0.69038362,0.28042416,0.55853095,0.44146905,0.05857924,0.2197424,0.00192279,0.14947716,0.01719975,113897,0.40995946,0.76219761,0.22228258,0.53991503,-0.12995557,White,0.44827798,NY,1
NY-39,133519,-0.00822072,0.73896404,0.23268957,0.3523982,0.6476018,0.10266193,0.26097124,0.00280435,0.28254448,0.02127435,113752,0.50627447,0.82075492,0.16496631,0.65578861,-0.14951414,Minority,0.55111252,NY,1
NY-40,132035,-0.01924387,0.75328947,0.22331414,0.68434502,0.31565498,0.06112096,0.15876194,0.00210729,0.08823922,0.01313958,104874,0.52997533,0.76956549,0.21727523,0.55229026,-0.02231493,White,0.53241364,NY,1
NY-41,139241,0.03428231,0.84659501,0.13122413,0.51765598,0.48234402,0.19080013,0.14600407,0.00320243,0.14868539,0.01349188,105545,0.71537088,0.87529949,0.11200958,0.76328991,-0.04791903,White,0.72634389,NY,1
NY-42,136864,0.01662595,0.89275891,0.08102435,0.65216087,0.34783913,0.09241764,0.148592,0.00213677,0.10424717,0.01389356,109979,0.81173456,0.91618719,0.07108067,0.84510652,-0.03337196,White,0.81785855,NY,1
NY-43,135088,0.00343382,0.91293615,0.05411509,0.35896372,0.64103628,0.43536941,0.13287139,0.00192427,0.09119075,0.0162062,113290,0.85882106,0.95449675,0.03274921,0.92174754,-0.06292648,Black,0.87479655,NY,1
NY-44,134520,-0.00078529,0.7829172,0.18794953,0.3074968,0.6925032,0.17916436,0.44426189,0.00334038,0.10123721,0.02957328,110167,0.59496767,0.8686685,0.11709394,0.75157456,-0.15660689,Hispanic,0.64216997,NY,1
NY-45,133404,-0.00907494,0.74243001,0.22636958,0.11759221,0.88240779,0.28828169,0.51755796,0.00432884,0.11879097,0.0322998,105109,0.51606043,0.86849812,0.12068052,0.7478176,-0.23175717,Hispanic,0.58831282,NY,1
NY-46,133603,-0.00759677,0.90300574,0.0729282,0.12741087,0.87258913,0.70136927,0.17329881,0.00259868,0.03959442,0.018427,105823,0.83007754,0.94927051,0.03982064,0.90944987,-0.07937233,Black,0.85153498,NY,1
NY-47,135141,0.0038275,0.84785795,0.12497913,0.2911008,0.7088992,0.56284414,0.10914252,0.00198261,0.05454873,0.01287793,110965,0.72287882,0.90040065,0.08881001,0.81159064,-0.08871182,Black,0.74744943,NY,1
NY-48,133652,-0.00723279,0.87409828,0.11780467,0.01765566,0.98234434,0.74617013,0.26137527,0.00319114,0.03572884,0.02020061,100591,0.75629361,0.93598904,0.05828521,0.87770383,-0.12141022,Black,0.79176368,NY,1
NY-49,134654,0.00021006,0.88404458,0.10927432,0.04739122,0.95260878,0.84751469,0.12130917,0.00187134,0.01818287,0.01142096,103669,0.77477026,0.93129325,0.06288573,0.86840752,-0.09363726,Black,0.80098268,NY,1
NY-50,134611,-0.00010934,0.91681062,0.06761978,0.07746809,0.92253191,0.79910193,0.11693367,0.00195994,0.0367143,0.01348951,108677,0.84919084,0.95458879,0.03834356,0.91624523,-0.06705439,Black,0.8665423,NY,1
NY-51,134357,-0.00199605,0.72697368,0.25963795,0.20219589,0.79780411,0.65129167,0.08945539,0.00175254,0.07194892,0.01139625,105561,0.46733573,0.78920684,0.20211254,0.5870943,-0.11975857,Black,0.50225525,NY,1
NY-52,136119,0.01109209,0.63818909,0.35453346,0.31617342,0.68382658,0.51427175,0.08824967,0.0013557,0.09564608,0.00821721,108431,0.28365563,0.70424649,0.28768538,0.41656111,-0.13290548,Black,0.32295746,NY,1
NY-53,134160,-0.00345937,0.23389914,0.75165754,0.67831353,0.32168647,0.03329086,0.08709955,0.00102737,0.19300793,0.00847583,101229,-0.5177584,0.30073754,0.68906409,-0.38832655,-0.12943185,White,-0.47961445,NY,1
NY-54,135405,0.00578849,0.36240472,0.62413064,0.61386517,0.38613483,0.12076499,0.11469351,0.00151104,0.15715742,0.00955779,109858,-0.26172592,0.42298394,0.56765684,-0.1446729,-0.11705302,White,-0.22770825,NY,1
NY-55,134781,0.00115342,0.67834395,0.28110586,0.29564928,0.70435072,0.13694539,0.19123393,0.00157656,0.38035272,0.02015256,102121,0.39723809,0.78066867,0.20735998,0.57330869,-0.1760706,Asian,0.45092829,NY,1
NY-56,134653,0.00020264,0.13935209,0.84702401,0.71035972,0.28964028,0.033236,0.09532807,0.00104284,0.12397556,0.00922609,81508,-0.70767192,0.200554,0.79255111,-0.59199711,-0.11567481,White,-0.67411365,NY,1
NY-57,135288,0.00491942,0.56969938,0.39607146,0.32499116,0.67500884,0.05866525,0.3712828,0.00225313,0.2570713,0.03156248,107406,0.17362792,0.68486503,0.30016268,0.38470235,-0.21107443,Hispanic,0.23898606,NY,1
NY-58,135515,0.00660557,0.38453314,0.59539083,0.31578698,0.68421302,0.01892236,0.14425212,0.00111978,0.52335402,0.01549659,105378,-0.21085769,0.54658473,0.43959791,0.10698682,-0.31784451,Asian,-0.10990952,NY,1
NY-59,134333,-0.00217432,0.37344161,0.60866635,0.39794464,0.60205536,0.03845537,0.14233677,0.00146272,0.42406598,0.01387224,105967,-0.23522474,0.52138158,0.46589499,0.05548659,-0.29071133,Asian,-0.14332096,NY,1
NY-60,134231,-0.00293198,0.3814993,0.59395856,0.64260327,0.35739673,0.04634353,0.1471704,0.00158376,0.16424191,0.01158358,108602,-0.21245926,0.4476214,0.53845338,-0.09083198,-0.12162728,White,-0.17691683,NY,1
NY-61,137087,0.01828239,0.31635862,0.66645594,0.67085111,0.32914889,0.04290892,0.12280798,0.00165175,0.16033035,0.00932324,108975,-0.35009732,0.38768339,0.60088152,-0.21319813,-0.13689919,White,-0.30946426,NY,1
NY-62,131907,-0.02019466,0.20649687,0.78391032,0.81293208,0.18706792,0.01493263,0.09389631,0.00098216,0.07274652,0.00598831,104871,-0.57741345,0.25673618,0.73333136,-0.47659518,-0.10081827,White,-0.54880736,NY,1
NY-63,134780,0.00114599,0.64552793,0.33594988,0.24289301,0.75710699,0.34012731,0.33460185,0.00240195,0.1120117,0.03226317,101168,0.30957805,0.73699265,0.25043882,0.48655383,-0.17697578,Black,0.36356998,NY,1
NY-64,130385,-0.03150007,0.74539731,0.23516646,0.26311095,0.73688905,0.12276039,0.24945031,0.00326725,0.39054263,0.01561217,113245,0.51023085,0.82917046,0.15818915,0.67098131,-0.16075046,Asian,0.55881434,NY,1
NY-65,130551,-0.03026702,0.79769623,0.17823797,0.64971366,0.35028634,0.05202186,0.09579891,0.00479126,0.19159781,0.00834098,114375,0.61945826,0.8578328,0.12405607,0.73377673,-0.11431847,White,0.65256442,NY,1
NY-66,129105,-0.04100791,0.84574806,0.13404471,0.73107682,0.26892318,0.04592081,0.0892215,0.00492345,0.12275234,0.00735521,116788,0.71170335,0.89733796,0.08824405,0.80909391,-0.09739056,White,0.73916687,NY,1
NY-67,130642,-0.02959108,0.80067521,0.17977506,0.64226883,0.35773117,0.05521483,0.09112171,0.00514037,0.20226647,0.00649487,118863,0.62090015,0.83935036,0.14626749,0.69308287,-0.07218272,White,0.63996106,NY,1
NY-68,130165,-0.03313423,0.76158952,0.21806342,0.72911328,0.27088672,0.03660369,0.07128086,0.00226232,0.14935754,0.0066986,113158,0.5435261,0.80890929,0.1765196,0.63238969,-0.08886359,White,0.5681473,NY,1
NY-69,131163,-0.02572109,0.80014209,0.1802661,0.4878061,0.5121939,0.11125944,0.17633808,0.0044971,0.23172166,0.01254015,119855,0.61987599,0.84258388,0.14196765,0.70061623,-0.08074024,Minority,0.6417894,NY,1
NY-70,130624,-0.02972478,0.78371518,0.19503953,0.74379304,0.25620696,0.04304874,0.08639412,0.00124049,0.11922226,0.00652608,111246,0.58867565,0.82659748,0.15750305,0.66909443,-0.08041878,White,0.61048191,NY,1
NY-71,130825,-0.02823175,0.83204728,0.14794099,0.72643796,0.27356204,0.05122868,0.09345516,0.00147784,0.12020942,0.00747029,110973,0.68410629,0.8628279,0.12268074,0.74014716,-0.05604087,White,0.69778658,NY,1
NY-72,131394,-0.02400522,0.87289811,0.10790712,0.5421847,0.4578153,0.14231594,0.18193272,0.00191609,0.14248217,0.01519752,114295,0.76499099,0.90536418,0.08167472,0.82368946,-0.05869847,White,0.77955715,NY,1
NY-73,131649,-0.02211108,0.82882016,0.15250141,0.15502894,0.84497106,0.39559141,0.4244903,0.00303552,0.08816242,0.03214245,105748,0.67631875,0.89991336,0.08933949,0.81057387,-0.13425512,Hispanic,0.71607046,NY,1
NY-74,129969,-0.03459012,0.88762157,0.09546005,0.14675898,0.85324102,0.62297943,0.23827235,0.00322338,0.04618583,0.02428976,104859,0.79216152,0.93818562,0.05141662,0.886769,-0.09460748,Black,0.81869735,NY,1
NY-75,129594,-0.03737562,0.78480463,0.1979331,0.18025979,0.81974021,0.28262898,0.55586352,0.00283571,0.06531284,0.03133004,109320,0.58687153,0.88096514,0.10752624,0.7734389,-0.18656737,Hispanic,0.64406065,NY,1
NY-76,130652,-0.0295168,0.74437952,0.23911202,0.24667248,0.75332752,0.17004082,0.62524423,0.00313718,0.04504885,0.02695042,109015,0.5052675,0.84387184,0.14375603,0.70011581,-0.19484831,Hispanic,0.56521694,NY,1
NY-77,135257,0.00468915,0.70284,0.27904108,0.31735185,0.68264815,0.21047396,0.43309905,0.00328183,0.09303471,0.02546438,107562,0.42379892,0.78315651,0.20395931,0.5791972,-0.15539828,Hispanic,0.47059835,NY,1
NY-78,131659,-0.0220368,0.65797361,0.32938299,0.06258895,0.93741105,0.27663936,0.71969825,0.00489645,0.04737214,0.03281217,100481,0.32859062,0.82296231,0.16876643,0.65419588,-0.32560526,Hispanic,0.43212571,NY,1
NY-79,129376,-0.03899493,0.70660281,0.28634964,0.01681687,0.98318313,0.4093908,0.67066622,0.00438113,0.01886694,0.03087602,96094,0.42025317,0.85506366,0.13793403,0.71712963,-0.29687646,Hispanic,0.51421199,NY,1
NY-80,129690,-0.03666253,0.69659695,0.29577404,0.05829376,0.94170624,0.3637267,0.64636723,0.00464425,0.02409991,0.03519801,95602,0.40082291,0.84901111,0.14302187,0.70598924,-0.30516633,Hispanic,0.49754502,NY,1
NY-81,128997,-0.04181014,0.75252581,0.2393916,0.02132857,0.97867143,0.50057358,0.56883989,0.00415312,0.01843945,0.02608714,94146,0.51313421,0.87860545,0.11423608,0.76436937,-0.25123516,Hispanic,0.59187926,NY,1
NY-82,128511,-0.04542015,0.74659506,0.24469952,0.02595095,0.97404905,0.38375273,0.68659893,0.00380912,0.01611959,0.04143214,93985,0.50189554,0.86594347,0.12581431,0.74012916,-0.23823362,Hispanic,0.57630675,NY,1
NY-83,128859,-0.0428352,0.72397866,0.26757984,0.02085726,0.97914274,0.38532227,0.66516699,0.00406297,0.02534567,0.03763029,94020,0.45639882,0.86159806,0.13140963,0.73018843,-0.27378961,Hispanic,0.54266202,NY,1
NY-84,130265,-0.03239143,0.67786462,0.29895296,0.10977313,0.89022687,0.27756051,0.46175948,0.00352176,0.19798671,0.03019933,100234,0.37891166,0.81316253,0.17844641,0.63471612,-0.25580446,Hispanic,0.45917981,NY,1
NY-85,130616,-0.0297842,0.66503703,0.31824231,0.21363783,0.78636217,0.3252023,0.41216818,0.00362032,0.09912819,0.02347335,102201,0.34679472,0.7727344,0.21762308,0.55511132,-0.2083166,Hispanic,0.41123359,NY,1
NY-86,130536,-0.03037844,0.63730868,0.35412422,0.1916062,0.8083938,0.32496489,0.50882686,0.00298455,0.03987203,0.02307662,102528,0.28318446,0.73344652,0.2579498,0.47549672,-0.19231226,Hispanic,0.34228855,NY,1
NY-87,131201,-0.02543882,0.86732607,0.12618289,0.03010321,0.96989679,0.74999276,0.25479595,0.00277089,0.02040994,0.01647084,103577,0.74114318,0.92140604,0.07177268,0.84963336,-0.10849018,Black,0.77230657,NY,1
NY-88,128845,-0.04293919,0.81212787,0.18271961,0.15511994,0.84488006,0.62648685,0.18862633,0.00217806,0.03879739,0.01641007,100548,0.62940826,0.86206823,0.1307091,0.73135913,-0.10195087,Black,0.65839188,NY,1
NY-89,128693,-0.04406825,0.63245252,0.36074869,0.20913837,0.79086163,0.2782825,0.4997739,0.00219929,0.05822988,0.03083121,97304,0.27170383,0.72969491,0.2620336,0.46766131,-0.19595748,Hispanic,0.33202299,NY,1
NY-90,136248,0.0120503,0.52586299,0.46617216,0.63489603,0.36510397,0.08804307,0.17329187,0.00159673,0.10931118,0.00910694,107720,0.05969083,0.58441983,0.40435591,0.18006392,-0.12037309,White,0.09481519,NY,1
NY-91,140473,0.0434336,0.6630544,0.33169996,0.53566639,0.46433361,0.14480742,0.25554086,0.00143411,0.06062356,0.0176097,107384,0.33135444,0.71249111,0.27598957,0.43650154,-0.1051471,White,0.36140347,NY,1
NY-92,137528,0.02155814,0.60824328,0.38680368,0.52717648,0.47282352,0.08583751,0.30159274,0.0012679,0.07953504,0.01932385,108053,0.2214396,0.66041552,0.32859778,0.33181774,-0.11037814,White,0.25323231,NY,1
NY-93,139809,0.03850141,0.66651647,0.32733926,0.61182395,0.38817605,0.10524392,0.1709711,0.00101442,0.11007841,0.01083877,109422,0.33917721,0.69921183,0.28967464,0.40953719,-0.07035998,White,0.35763054,NY,1
NY-94,135588,0.00714782,0.5111032,0.47774747,0.64563485,0.35436515,0.09767489,0.14489201,0.0012257,0.10965328,0.01043698,107694,0.03335573,0.55834628,0.42824694,0.13009934,-0.09674361,White,0.0606036,NY,1
NY-95,141068,0.04785326,0.29650822,0.6957998,0.61499982,0.38500018,0.16608643,0.15953945,0.00147337,0.04546049,0.01153741,84161,-0.39929158,0.39050622,0.60199983,-0.21149361,-0.18779797,White,-0.34169226,NY,1
NY-96,128632,-0.04452136,0.63970146,0.35572873,0.68269974,0.31730026,0.0647354,0.18661672,0.00101714,0.06015824,0.01179497,102247,0.28397273,0.66969194,0.317224,0.35246794,-0.06849521,White,0.30180447,NY,1
NY-97,129988,-0.03444899,0.55690969,0.4372718,0.51724818,0.48275182,0.1420067,0.30091662,0.0012123,0.04694461,0.0192194,101460,0.11963789,0.60011944,0.38685865,0.21326079,-0.0936229,White,0.14584552,NY,1
NY-98,134290,-0.00249373,0.439195,0.55292442,0.76551272,0.23448728,0.04054079,0.14917665,0.00112275,0.03604978,0.01300524,106880,-0.11372942,0.46985079,0.51511045,-0.04525966,-0.06846976,White,-0.09590617,NY,1
NY-99,132782,-0.01369515,0.44314381,0.5467291,0.77302394,0.22697606,0.07164445,0.09949382,0.00111249,0.0393173,0.01706747,107866,-0.10358529,0.46358068,0.51801525,-0.05443457,-0.04915072,White,-0.09220172,NY,1
NY-100,134545,-0.00059959,0.58174609,0.40745381,0.59871589,0.40128411,0.18939708,0.15800675,0.00146085,0.04984039,0.01900914,110894,0.17429228,0.60094417,0.38014034,0.22080383,-0.04651155,White,0.18479613,NY,1
NY-101,140566,0.04412441,0.50321649,0.49382959,0.59414667,0.40585333,0.14222235,0.22446095,0.00194003,0.03815383,0.02225486,108246,0.0093869,0.5363104,0.44799089,0.08831951,-0.07893261,White,0.03069777,NY,1
NY-102,140490,0.04355988,0.44991517,0.54752158,0.54083686,0.45916314,0.15717575,0.22965936,0.00143142,0.04371007,0.01951083,96408,-0.09760641,0.49723494,0.49038902,0.00684592,-0.10445233,White,-0.06778897,NY,1
NY-103,130980,-0.02708041,0.38750245,0.60979918,0.68799215,0.31200785,0.10711994,0.15981957,0.0012735,0.03217778,0.02180507,102866,-0.22229673,0.42055935,0.56418565,-0.1436263,-0.07867043,White,-0.20107325,NY,1
NY-104,137508,0.02140958,0.4302736,0.56327172,0.86558844,0.13441156,0.03395959,0.05721375,0.00124069,0.01774194,0.02011698,112840,-0.13299812,0.43597209,0.54275599,-0.1067839,-0.02621422,White,-0.12926005,NY,1
NY-105,133247,-0.01024113,0.55202332,0.44148666,0.73079108,0.26920892,0.09409463,0.13062336,0.00101895,0.02955843,0.02078468,110899,0.11053666,0.56052442,0.42131614,0.13920828,-0.02867162,White,0.11509387,NY,1
NY-106,136684,0.01528891,0.52642848,0.46332129,0.81867374,0.18132626,0.0661724,0.0702132,0.00108047,0.0204148,0.02097699,113839,0.06310719,0.53433088,0.4448869,0.08944398,-0.02633679,White,0.06688612,NY,1
NY-107,131199,-0.02545368,0.54316828,0.44665941,0.87305543,0.12694457,0.03325334,0.04190718,0.00122303,0.02400652,0.01891985,107929,0.09650887,0.54901326,0.42958266,0.1194306,-0.02292173,White,0.09914945,NY,1
NY-108,135648,0.0075935,0.38209681,0.61377363,0.910505,0.089495,0.02260501,0.02238049,0.00096096,0.00829838,0.02387132,111347,-0.23167682,0.39829476,0.58007818,-0.18178342,-0.0498934,White,-0.22004569,NY,1
NY-109,135574,0.00704382,0.56163396,0.42554688,0.74436836,0.25563164,0.12035286,0.06137436,0.00103729,0.05526997,0.02145257,108938,0.13608708,0.5785729,0.3967141,0.1818588,-0.04577172,White,0.14634432,NY,1
NY-110,135198,0.0042509,0.74337793,0.23891533,0.58819924,0.41180076,0.24304075,0.08639254,0.00166491,0.07933952,0.0163747,109315,0.5044626,0.76535883,0.21088459,0.55447424,-0.05001164,White,0.51613315,NY,1
NY-111,137007,0.01768815,0.5574782,0.42495256,0.7848442,0.2151558,0.06188723,0.03862325,0.00134146,0.09692725,0.0134056,111073,0.13252564,0.58513174,0.39248861,0.19264313,-0.06011749,White,0.1475648,NY,1
NY-112,134637,0.00008379,0.51909339,0.47384076,0.86721499,0.13278501,0.02709784,0.03245003,0.00069242,0.04826334,0.01607531,106872,0.04525263,0.52987312,0.44748327,0.08238985,-0.03713722,White,0.0526317,NY,1
NY-113,133147,-0.01098393,0.54062988,0.45376838,0.89742662,0.10257338,0.02259824,0.03011243,0.0009184,0.02162418,0.01841441,107796,0.0868615,0.54623926,0.43091733,0.11532193,-0.02846043,White,0.09134831,NY,1
NY-114,129464,-0.03834126,0.55435354,0.43259944,0.6633259,0.3366741,0.14096654,0.07203965,0.00408426,0.07578686,0.02688476,100875,0.1217541,0.57715061,0.39902909,0.17812152,-0.05636742,White,0.13554324,NY,1
NY-115,137604,0.02212267,0.33824078,0.65487949,0.86971972,0.13028028,0.02605059,0.06211503,0.00124831,0.01096148,0.02182272,109748,-0.31663871,0.35020531,0.6284211,-0.27821579,-0.03842292,White,-0.30883107,NY,1
NY-116,128471,-0.04571727,0.37447746,0.62084062,0.92537696,0.07462304,0.01253256,0.01781203,0.0008684,0.00843728,0.02158167,101336,-0.24636316,0.37969018,0.59686841,-0.21717823,-0.02918493,White,-0.24163485,NY,1
NY-117,138775,0.03082086,0.35663346,0.63803956,0.90528428,0.09471572,0.02884343,0.02427339,0.00058341,0.01222509,0.01888127,113128,-0.2814061,0.36463043,0.61192564,-0.24729521,-0.03411089,White,-0.2750358,NY,1
NY-118,139576,0.03677069,0.39758253,0.59739279,0.87311706,0.12688294,0.03322439,0.02411244,0.00158469,0.01262347,0.05274484,111063,-0.19981026,0.42244752,0.55715354,-0.13470602,-0.06510424,White,-0.18310885,NY,1
NY-119,137079,0.01822297,0.49431309,0.4995824,0.87422524,0.12577476,0.04923191,0.03426548,0.00111754,0.01287749,0.02468902,116327,-0.00526931,0.51947178,0.46343591,0.05603587,-0.06130518,White,0.01016575,NY,1
NY-120,139153,0.03362864,0.30814807,0.6882833,0.87151464,0.12848536,0.04002443,0.04181049,0.00249864,0.01653726,0.01749045,108059,-0.38013523,0.33024461,0.65035913,-0.32011452,-0.06002071,White,-0.36512833,NY,1
NY-121,139303,0.03474284,0.35900145,0.63592731,0.89875132,0.10124868,0.02912683,0.02579156,0.00129957,0.01205969,0.02441019,110036,-0.27692586,0.37036208,0.60893705,-0.23857497,-0.03835089,White,-0.26914223,NY,1
NY-122,134643,0.00012836,0.46951374,0.52767304,0.73864135,0.26135865,0.10528323,0.07699861,0.00139183,0.06918149,0.01473813,104898,-0.0581593,0.49186523,0.48857731,0.00328792,-0.06144722,White,-0.04267689,NY,1
NY-123,129833,-0.03560033,0.54452779,0.45117124,0.8559823,0.1440177,0.05496416,0.03346149,0.00125577,0.03012886,0.02240104,103522,0.09335655,0.5501705,0.42780237,0.12236813,-0.02901158,White,0.09802708,NY,1
NY-124,140889,0.04652365,0.55380075,0.43955934,0.8688746,0.1311254,0.0400415,0.02544518,0.00086755,0.0381633,0.02117897,111809,0.11424141,0.55281921,0.42302656,0.12979265,-0.01555124,White,0.11442516,NY,1
NY-125,132733,-0.01405913,0.5109023,0.48522768,0.8694123,0.1305877,0.04354829,0.03395985,0.00140109,0.02727845,0.02003469,104918,0.02567462,0.51700087,0.46077461,0.05622626,-0.03055164,White,0.0308585,NY,1
NY-126,130492,-0.03070528,0.77243787,0.2186794,0.49983845,0.50016155,0.31921122,0.09327054,0.00201698,0.07953355,0.0240177,102133,0.55375847,0.78477874,0.19266143,0.59211731,-0.03835884,Minority,0.56154475,NY,1
NY-127,139043,0.03281156,0.56578722,0.42625672,0.76265956,0.23734044,0.09220262,0.05527599,0.00160436,0.07405492,0.01835811,114064,0.1395305,0.57298011,0.40234381,0.1706363,-0.0311058,White,0.1448991,NY,1
NY-128,137497,0.02132787,0.38467084,0.60791834,0.89728282,0.10271718,0.03102086,0.03540931,0.0009234,0.00755179,0.02007716,109378,-0.2232475,0.39365413,0.58302099,-0.18936686,-0.03388064,White,-0.21695395,NY,1
NY-129,133264,-0.01011486,0.48614459,0.50474975,0.86939623,0.13060377,0.05230187,0.04221462,0.00103342,0.01189801,0.01872039,109346,-0.01860516,0.48763284,0.48538568,0.00224716,-0.02085232,White,-0.01665439,NY,1
NY-130,134417,-0.00155037,0.34555638,0.64738401,0.90739351,0.09260649,0.03030824,0.0290695,0.00090418,0.00739622,0.01897881,110597,-0.30182763,0.34374546,0.63152695,-0.28778149,-0.01404614,White,-0.30214558,NY,1
NY-131,131894,-0.02029122,0.70075024,0.2828447,0.75687852,0.24312148,0.05274424,0.05944363,0.00167485,0.10548848,0.01847705,111652,0.41790554,0.70269694,0.27461536,0.42808158,-0.01017604,White,0.41629755,NY,1
NY-132,131069,-0.02641932,0.40259824,0.59400505,0.87515302,0.12484698,0.05322303,0.02548776,0.00102334,0.01666985,0.02118401,104560,-0.19140681,0.40762809,0.56967073,-0.16204264,-0.02936417,White,-0.18661875,NY,1
NY-133,140358,0.04257938,0.32131768,0.66947368,0.91367963,0.08632037,0.02204696,0.01665307,0.00109691,0.01720606,0.0192367,110310,-0.348156,0.32613501,0.65126941,-0.3251344,-0.0230216,White,-0.34548213,NY,1
NY-134,128862,-0.04281292,0.348094,0.64599243,0.91754152,0.08245848,0.01499334,0.01697156,0.00095973,0.00812833,0.03514768,102112,-0.29789843,0.35979065,0.61964459,-0.25985394,-0.03804449,White,-0.29021693,NY,1
NY-135,135169,0.00403548,0.38593257,0.60662681,0.84070635,0.15929365,0.04213109,0.07341701,0.0010307,0.00894795,0.03186968,109634,-0.22069424,0.38925351,0.58806194,-0.19880843,-0.02188581,White,-0.21839897,NY,1
NY-136,137594,0.02204839,0.57119694,0.41563956,0.8064187,0.1935813,0.05038875,0.03948022,0.00097527,0.08563379,0.0121818,110739,0.15555738,0.57120773,0.40136259,0.16984514,-0.01428776,White,0.15531997,NY,1
NY-137,138660,0.02996664,0.56671968,0.42224148,0.88782842,0.11217158,0.03056503,0.03197126,0.00094353,0.03280592,0.01102301,110224,0.1444782,0.55496312,0.41837719,0.13658593,0.00789227,White,0.13684744,NY,1
NY-138,132730,-0.01408141,0.70356325,0.28252117,0.68996273,0.31003727,0.15764111,0.09507455,0.00134008,0.05049698,0.01604544,112680,0.42104208,0.701218,0.27136924,0.42984876,-0.00880668,White,0.41897764,NY,1
NY-139,131931,-0.02001638,0.82040738,0.17159288,0.19878509,0.80121491,0.56194728,0.22217095,0.00250064,0.03831459,0.02059543,93176,0.6488145,0.84795064,0.13612825,0.71182239,-0.06300789,Black,0.66481713,NY,1
NY-140,139676,0.03751349,0.54598876,0.44291746,0.80035325,0.19964675,0.0837197,0.04518921,0.00106857,0.05461209,0.01314964,113235,0.1030713,0.54717104,0.42586475,0.12130629,-0.01823499,White,0.10414963,NY,1
NY-141,128830,-0.04305061,0.44254088,0.54929681,0.82417829,0.17582171,0.07867121,0.05510597,0.00081024,0.02491239,0.0154531,102439,-0.10675593,0.44656652,0.5304721,-0.08390558,-0.02285035,White,-0.10413915,NY,1
NY-142,133154,-0.01093194,0.31371659,0.68206036,0.89174252,0.10825748,0.03496192,0.03628088,0.00081739,0.00803455,0.02206948,107660,-0.36834377,0.32141841,0.65576004,-0.33434163,-0.03400214,White,-0.36200972,NY,1
NY-143,128521,-0.04534587,0.42357319,0.56862152,0.89235657,0.10764343,0.04088371,0.02644397,0.00062572,0.01334232,0.02302657,103880,-0.14504833,0.43740929,0.54249819,-0.1050889,-0.03995943,White,-0.13672852,NY,1
NY-144,129635,-0.03707107,0.4124796,0.57635907,0.92619464,0.07380536,0.01848719,0.01721583,0.00056398,0.02119239,0.00949213,104613,-0.16387947,0.4222851,0.55966799,-0.13738289,-0.02649658,White,-0.16004728,NY,1
NY-145,135444,0.00607818,0.50444867,0.48183933,0.83049179,0.16950821,0.07181487,0.06533822,0.00085293,0.01721795,0.01605571,106691,0.02260934,0.53243346,0.44888411,0.08354935,-0.06094001,White,0.03792268,NY,1
NY-146,134884,0.0019185,0.46630837,0.52210549,0.90448385,0.09551615,0.03645565,0.02479563,0.00057033,0.02102061,0.00965934,110463,-0.05579712,0.48143858,0.50094538,-0.0195068,-0.03629032,White,-0.04870035,NY,1
NY-147,138884,0.03163051,0.53239799,0.45575565,0.80192564,0.19807436,0.11205006,0.03651695,0.00064727,0.02686181,0.02321191,111236,0.07664234,0.55090904,0.42872445,0.12218459,-0.04554225,White,0.08682309,NY,1
NY-148,129656,-0.03691509,0.59501463,0.38909373,0.75664055,0.24335945,0.07535884,0.0329878,0.0008032,0.12479802,0.00836271,105827,0.2059209,0.60548648,0.37730334,0.22818314,-0.02226224,White,0.20834165,NY,1
NY-149,137047,0.01798527,0.7329353,0.24792851,0.60072532,0.39927468,0.18540566,0.13544824,0.00201478,0.07305413,0.02020276,109193,0.48500679,0.75451954,0.22440732,0.53011222,-0.04510543,White,0.49504193,NY,1
NY-150,137330,0.02008739,0.79031779,0.18889219,0.25719025,0.74280975,0.60038872,0.06110489,0.00129572,0.08371125,0.01468481,101874,0.6014256,0.84644441,0.14154623,0.70489818,-0.10347258,Black,0.63091646,NY,1
OH-1,120352,0.00978115,0.54813406,0.44203384,0.6716986,0.3283014,0.20382512,0.02696133,0.00121534,0.07329346,0.02238782,93801,0.10610022,0.56909767,0.41637093,0.15272674,-0.04662652,White,0.11664239,OH,1
OH-2,118903,-0.0023763,0.54707051,0.44406006,0.68191246,0.31808754,0.25671435,0.01872042,0.00085093,0.01809286,0.02282614,94015,0.10301045,0.56874636,0.4167269,0.15201946,-0.04900901,White,0.11434679,OH,1
OH-3,120062,0.00734798,0.51869741,0.47282764,0.82525016,0.17474984,0.10414552,0.01786861,0.00076654,0.02762643,0.01830367,96538,0.04586977,0.52641029,0.45974068,0.06666961,-0.02079984,White,0.04780305,OH,1
OH-4,120207,0.00856456,0.51756795,0.47331185,0.76894305,0.23105695,0.05416037,0.02818294,0.00093223,0.13232001,0.01143689,87961,0.0442561,0.5100295,0.4762888,0.0337407,0.0105154,White,0.03575097,OH,1
OH-5,120660,0.01236534,0.64838722,0.33930731,0.54843968,0.45156032,0.296438,0.06750283,0.00118659,0.07143966,0.01920731,90174,0.30907991,0.66625629,0.31830996,0.34794633,-0.03886642,White,0.31703538,OH,1
OH-6,119441,0.00213764,0.59812644,0.39199022,0.71140684,0.28859316,0.16622488,0.03716458,0.00111896,0.06709397,0.01656708,92050,0.20613622,0.59844781,0.38681079,0.21163702,-0.0055008,White,0.20296982,OH,1
OH-7,119202,0.00013238,0.57677359,0.41404575,0.55919291,0.44080709,0.35701425,0.04863721,0.00105782,0.01810673,0.01837681,88862,0.16272784,0.5875221,0.39617344,0.19134866,-0.02862082,White,0.16726811,OH,1
OH-8,120652,0.01229821,0.6830839,0.30795465,0.51072104,0.48927896,0.41036955,0.03471117,0.00124999,0.02973259,0.01663444,93601,0.37512925,0.68918964,0.29591973,0.39326991,-0.01814066,White,0.37617614,OH,1
OH-9,119320,0.00112243,0.72635166,0.26377452,0.66901673,0.33098327,0.23751407,0.02960286,0.00142189,0.05028931,0.01288583,101274,0.46257714,0.73403558,0.24984484,0.48419074,-0.0216136,White,0.46478167,OH,1
OH-10,118534,-0.0054723,0.60505108,0.38436648,0.51888403,0.48111597,0.38686655,0.04938988,0.00129764,0.02866184,0.02381278,87852,0.2206846,0.61349091,0.37037182,0.24311909,-0.02243449,White,0.22316276,OH,1
OH-11,119181,-0.00004382,0.6731082,0.31680656,0.42618772,0.57381228,0.42695128,0.07321154,0.00160571,0.06329654,0.02137957,89057,0.35630164,0.70213692,0.28240997,0.41972695,-0.06342531,Black,0.37244341,OH,1
OH-12,118773,-0.00346703,0.8246704,0.16566278,0.3499621,0.6500379,0.55357971,0.05487494,0.00152713,0.03137974,0.01929842,88401,0.65900762,0.85152905,0.13572248,0.71580657,-0.05679895,Black,0.6729406,OH,1
OH-13,119876,0.0057874,0.77855197,0.21270994,0.64873186,0.35126814,0.22081048,0.06059573,0.00185129,0.05536339,0.01689548,102631,0.56584203,0.79402199,0.19004488,0.60397711,-0.03813508,White,0.57355372,OH,1
OH-14,121179,0.01671987,0.5772225,0.41250628,0.65480341,0.34519659,0.19903217,0.09523233,0.00160572,0.02928787,0.02700027,90925,0.16471622,0.59071971,0.39123396,0.19948575,-0.03476953,White,0.17130606,OH,1
OH-15,119922,0.00617335,0.44053173,0.55069618,0.76965671,0.23034329,0.09893742,0.07650387,0.000963,0.03313599,0.02352787,91381,-0.11016445,0.44190206,0.54056423,-0.09866217,-0.01150228,White,-0.11133036,OH,1
OH-16,120742,0.01305334,0.56270805,0.42557778,0.77274788,0.22725212,0.05667811,0.04799991,0.001047,0.10542279,0.01426937,92646,0.13713027,0.56802423,0.41509463,0.1529296,-0.01579933,White,0.13739671,OH,1
OH-17,118498,-0.00577434,0.63319974,0.35571594,0.76076603,0.23923397,0.06482768,0.04662521,0.00144429,0.10924787,0.01523671,90702,0.2774838,0.6349833,0.34966976,0.28531354,-0.00782974,White,0.27509371,OH,1
OH-18,119956,0.00645861,0.71260195,0.27729765,0.80564111,0.19435889,0.0448467,0.03305383,0.00152999,0.10038349,0.01188229,100654,0.4353043,0.71648543,0.26855154,0.44793389,-0.01262959,White,0.43451416,OH,1
OH-19,118118,-0.00896263,0.49632848,0.49367804,0.73778229,0.26221771,0.19091634,0.03389164,0.00096146,0.00856578,0.02693194,91527,0.00265044,0.51826396,0.46479613,0.05346783,-0.05081739,White,0.01458957,OH,1
OH-20,119605,0.00351364,0.38104673,0.61066236,0.90116316,0.09883684,0.03638811,0.01806785,0.00079928,0.01913005,0.0179732,95086,-0.22961563,0.38610252,0.59979382,-0.2136913,-0.01592433,White,-0.22930752,OH,1
OH-21,119820,0.00531754,0.33206173,0.65977705,0.90766692,0.09233308,0.03883701,0.01770511,0.0007192,0.00857756,0.0190589,94549,-0.32771532,0.34232452,0.64385637,-0.30153185,-0.02618347,White,-0.3239875,OH,1
OH-22,117801,-0.01162234,0.36718797,0.62290736,0.90571488,0.09428512,0.02318433,0.02213793,0.0007848,0.02159293,0.02033943,91743,-0.25571939,0.35584896,0.62676409,-0.27091513,0.01519574,White,-0.26578464,OH,1
OH-23,118072,-0.00934858,0.22934171,0.76366193,0.93113802,0.06886198,0.01387916,0.01397925,0.00075624,0.00728433,0.02709105,89919,-0.53432022,0.22768623,0.75891944,-0.53123321,-0.00308701,White,-0.53829122,OH,1
OH-24,117889,-0.01088399,0.228818,0.76553864,0.93180359,0.06819641,0.02636246,0.00896519,0.00064193,0.00450436,0.02340307,91911,-0.53672064,0.25155142,0.73745893,-0.48590751,-0.05081313,White,-0.52478293,OH,1
OH-25,120679,0.01252475,0.30255128,0.68851776,0.91849249,0.08150751,0.02554182,0.01549753,0.00103461,0.0108418,0.02296608,92789,-0.38596648,0.30296907,0.68103529,-0.37806622,-0.00790026,White,-0.38833306,OH,1
OH-26,120239,0.00883305,0.46216195,0.52850129,0.75813829,0.24186171,0.12842087,0.02943697,0.00104615,0.05938589,0.02042225,89853,-0.06633934,0.4646642,0.51835768,-0.05369348,-0.01264586,White,-0.06712405,OH,1
OH-27,118818,-0.00308947,0.31736001,0.67407837,0.91495492,0.08504508,0.03253585,0.01327192,0.00072035,0.01090349,0.02258191,91622,-0.35671836,0.31613702,0.66884663,-0.35270961,-0.00400875,White,-0.36038211,OH,1
OH-28,118013,-0.00984361,0.22109937,0.77204585,0.9405562,0.0594438,0.02185161,0.00803913,0.00044662,0.00450975,0.01991264,91801,-0.55094648,0.24174331,0.74644755,-0.50470424,-0.04624224,White,-0.5405324,OH,1
OH-29,117917,-0.01064907,0.23488322,0.75782463,0.94771364,0.05228636,0.01307433,0.0065262,0.00061423,0.00433252,0.02313236,91171,-0.52294141,0.24998223,0.73697398,-0.48699175,-0.03594966,White,-0.51595819,OH,1
OH-30,118655,-0.00445708,0.40651132,0.58532675,0.89970845,0.10029155,0.04159378,0.01683801,0.00094113,0.01759501,0.02057184,97755,-0.17881543,0.41946679,0.56513846,-0.14567167,-0.03314376,White,-0.17276751,OH,1
OH-31,121088,0.01595636,0.25880585,0.73156448,0.90913692,0.09086308,0.0437684,0.0116213,0.00075409,0.00602242,0.0198027,96805,-0.47275863,0.27797991,0.70831992,-0.43034001,-0.04241862,White,-0.46361909,OH,1
OH-32,120890,0.01429509,0.23191878,0.76098184,0.92849039,0.07150961,0.03243873,0.00976772,0.00063949,0.00620926,0.01679181,96952,-0.52906306,0.24837929,0.74007685,-0.49169756,-0.0373655,White,-0.52160789,OH,1
OH-33,119932,0.00625725,0.26314824,0.72898208,0.92074237,0.07925763,0.04038944,0.00861685,0.00059764,0.0055526,0.0207326,92029,-0.46583384,0.28018581,0.70396641,-0.4237806,-0.04205324,White,-0.45681609,OH,1
OH-34,118347,-0.00704127,0.33594694,0.65544543,0.89238645,0.10761355,0.0411502,0.03133646,0.00091493,0.00615401,0.0208474,91810,-0.31949849,0.35300066,0.63082108,-0.27782042,-0.04167807,White,-0.3106058,OH,1
OH-35,118867,-0.00267835,0.31022014,0.68156042,0.92520744,0.07479256,0.02391277,0.01234208,0.00057332,0.00643164,0.02181754,95932,-0.37134028,0.33064618,0.65512772,-0.32448154,-0.04685874,White,-0.3607207,OH,1
OH-36,117779,-0.01180692,0.26199333,0.73053257,0.93089366,0.06910634,0.02466119,0.01361602,0.00058188,0.00505708,0.01805948,94521,-0.46853924,0.27865044,0.70688755,-0.42823711,-0.04030213,White,-0.4601052,OH,1
OH-37,117971,-0.010196,0.37404026,0.61664364,0.9239366,0.0760634,0.01725396,0.01845215,0.00065356,0.01426938,0.01753717,91805,-0.24260338,0.37942197,0.60684971,-0.22742774,-0.01517564,White,-0.24254483,OH,1
OH-38,117909,-0.01071619,0.32720016,0.66480202,0.92596313,0.07403687,0.01177246,0.02304809,0.00050762,0.01225848,0.0179827,92589,-0.33760186,0.33401328,0.65247466,-0.31846138,-0.01914048,White,-0.3362217,OH,1
OH-39,117263,-0.01613628,0.3047281,0.68572877,0.89154058,0.10845942,0.02484315,0.05363088,0.00116469,0.00816385,0.01838239,91011,-0.38100067,0.31715048,0.66547877,-0.34832829,-0.03267238,White,-0.37510988,OH,1
OH-40,118887,-0.00251054,0.26785071,0.72441572,0.93411515,0.06588485,0.01079649,0.02629043,0.00049274,0.00458796,0.02275365,91326,-0.45656501,0.28247137,0.70217953,-0.41970816,-0.03685685,White,-0.44927939,OH,1
OH-41,120127,0.00789334,0.2789786,0.71246303,0.93001692,0.06998308,0.01509306,0.01555556,0.00111675,0.0170784,0.01646926,88650,-0.43348443,0.27306995,0.71230518,-0.43923523,0.0057508,White,-0.44040136,OH,1
OH-42,119953,0.00643344,0.39097457,0.59889847,0.87027063,0.12972937,0.03378717,0.02450964,0.00081401,0.0486067,0.01781911,89679,-0.2079239,0.38460955,0.5967786,-0.21216905,0.00424515,White,-0.21433895,OH,1
OH-43,120173,0.00827929,0.18523584,0.80693139,0.93836317,0.06163683,0.01008022,0.02432019,0.00423678,0.00634966,0.01499928,90871,-0.62169555,0.19216818,0.79401732,-0.60184914,-0.01984641,White,-0.62008008,OH,1
OH-44,120885,0.01425314,0.19048237,0.80151867,0.92683348,0.07316652,0.0215811,0.01633952,0.00152071,0.01080673,0.01873382,92720,-0.6110363,0.19556432,0.79006498,-0.59450066,-0.01653564,White,-0.61052442,OH,1
OH-45,121014,0.01533548,0.25142226,0.74022539,0.90402569,0.09597431,0.0461689,0.01916084,0.00086128,0.00650745,0.0191502,94046,-0.48880313,0.25823214,0.72359851,-0.46536637,-0.02343676,White,-0.48599088,OH,1
OH-46,119311,0.00104691,0.23575437,0.75638929,0.94097768,0.05902232,0.01325957,0.01507846,0.00064576,0.0074908,0.01677896,92914,-0.52063492,0.23859566,0.74640989,-0.50781423,-0.01282069,White,-0.52136136,OH,1
OH-47,119183,-0.00002704,0.29429583,0.69671154,0.84785813,0.15214187,0.10161308,0.01717765,0.00136738,0.00839654,0.02037176,93610,-0.40241571,0.3057365,0.67854425,-0.37280775,-0.02960796,White,-0.39754639,OH,1
OH-48,119708,0.00437784,0.2966721,0.69440832,0.92599028,0.07400972,0.02048739,0.01927772,0.00101172,0.010942,0.01756219,90934,-0.39773622,0.30447113,0.67996697,-0.37549584,-0.02224038,White,-0.39532276,OH,1
OH-49,120339,0.00967207,0.2503731,0.74084804,0.83146397,0.16853603,0.11270514,0.02474731,0.00094555,0.01015107,0.01635692,92010,-0.49047494,0.26810026,0.71704125,-0.44894099,-0.04153395,White,-0.48163029,OH,1
OH-50,118900,-0.00240147,0.27193265,0.71776222,0.89216082,0.10783918,0.01846181,0.05643166,0.00071929,0.01533398,0.01557374,91757,-0.44582957,0.27780611,0.70509101,-0.4272849,-0.01854467,White,-0.44464801,OH,1
OH-51,118101,-0.00910527,0.27864527,0.71236995,0.88893897,0.11106103,0.01478688,0.06733803,0.00098946,0.00602469,0.01914049,90959,-0.43372468,0.28769557,0.69461856,-0.40692299,-0.02680169,White,-0.42979078,OH,1
OH-52,119936,0.00629081,0.28154487,0.70999084,0.90247792,0.09752208,0.05174815,0.01042829,0.00087168,0.00701598,0.02365235,94071,-0.42844597,0.29869604,0.68787756,-0.38918152,-0.03926445,White,-0.42035782,OH,1
OH-53,119109,-0.00064791,0.20504972,0.78833928,0.93148991,0.06851009,0.02352606,0.01249617,0.0010067,0.00625903,0.02141419,91388,-0.58328956,0.21615198,0.77084819,-0.55469621,-0.02859335,White,-0.57875844,OH,1
OH-54,120499,0.01101451,0.25462494,0.73578445,0.89153747,0.10846253,0.05738431,0.01661349,0.00067222,0.00746914,0.02236473,93719,-0.48115951,0.26324745,0.72195986,-0.45871241,-0.0224471,White,-0.47867714,OH,1
OH-55,117913,-0.01068263,0.43467439,0.5534688,0.82404249,0.17595751,0.06384127,0.03106784,0.00185673,0.05622004,0.02052118,92636,-0.11879441,0.42974153,0.55012755,-0.12038602,0.00159161,White,-0.12432495,OH,1
OH-56,118528,-0.00552264,0.28042546,0.70954046,0.8726477,0.1273523,0.06558335,0.01760575,0.00124574,0.01826721,0.02045001,90709,-0.429115,0.28170154,0.70204674,-0.4203452,-0.0087698,White,-0.43119173,OH,1
OH-57,121163,0.01658562,0.34262065,0.64868031,0.84959664,0.15040336,0.06443132,0.02940646,0.00128269,0.03239587,0.02209195,94333,-0.30605966,0.34300961,0.64235861,-0.299349,-0.00671066,White,-0.30882277,OH,1
OH-58,120966,0.01493275,0.67974978,0.31054513,0.47228342,0.52771658,0.43079352,0.0442084,0.00188541,0.03657908,0.01866772,91227,0.36920465,0.67611903,0.3096035,0.36651553,0.00268912,Minority,0.36330828,OH,1
OH-59,120373,0.00995734,0.52915107,0.46038329,0.74826698,0.25173302,0.11272669,0.04590621,0.00261831,0.07416032,0.01667561,93190,0.06876778,0.51815809,0.46680203,0.05135606,0.01741172,White,0.05796387,OH,1
OH-60,120112,0.00776749,0.56236564,0.42681326,0.77909456,0.22090544,0.14335963,0.03023908,0.00133121,0.02871305,0.01517365,92397,0.13555238,0.55673034,0.42733307,0.12939727,0.00615511,White,0.12850068,OH,1
OH-61,118874,-0.00261962,0.51413023,0.47675805,0.81178253,0.18821747,0.09443947,0.03803397,0.00060812,0.03510007,0.01755004,93732,0.03737218,0.5239858,0.46017092,0.06381488,-0.0264427,White,0.04118641,OH,1
OH-62,119636,0.00377374,0.52408174,0.46603114,0.74778315,0.25221685,0.1627781,0.04395476,0.00077523,0.02764297,0.01597196,94165,0.0580506,0.5363517,0.44741037,0.08894133,-0.03089073,White,0.06334751,OH,1
OH-63,117407,-0.01492809,0.44089241,0.54899274,0.86834209,0.13165791,0.03349435,0.05207159,0.00089375,0.02252463,0.01887515,93986,-0.10810033,0.45019596,0.5314467,-0.08125074,-0.02684959,White,-0.10415047,OH,1
OH-64,118563,-0.00522898,0.62058738,0.3702447,0.64466164,0.35533836,0.25358432,0.0651046,0.00087757,0.01619113,0.02312392,91161,0.25034268,0.63503438,0.34587027,0.28916411,-0.03882143,White,0.25828316,OH,1
OH-65,119141,-0.00037942,0.51794597,0.47266295,0.6641857,0.3358143,0.2209296,0.08965307,0.00085124,0.00745381,0.02156475,91631,0.04528302,0.54644942,0.43800665,0.10844277,-0.06315975,White,0.06133627,OH,1
OH-66,118583,-0.00506117,0.40638041,0.58440923,0.83612859,0.16387141,0.0786932,0.05490422,0.000394,0.00835916,0.02097776,93909,-0.17802882,0.41621049,0.56563338,-0.14942289,-0.02860593,White,-0.17349351,OH,1
OH-67,118001,-0.00994429,0.83989883,0.1526383,0.32832338,0.67167662,0.55649946,0.07259771,0.00127583,0.03888681,0.01541366,96408,0.68726053,0.85526429,0.13265831,0.72260598,-0.03534545,Black,0.69404235,OH,1
OH-68,118853,-0.00279581,0.89810775,0.09487996,0.17786798,0.82213202,0.74575054,0.03742355,0.00097939,0.03798942,0.01296059,91894,0.80322779,0.91717853,0.07277646,0.84440207,-0.04117428,Black,0.81195255,OH,1
OH-69,117764,-0.01193277,0.61936963,0.37157534,0.52122056,0.47877944,0.195757,0.2464057,0.00291776,0.03178351,0.02707278,89795,0.24779429,0.63780302,0.34835588,0.28944714,-0.04165285,White,0.25667857,OH,1
OH-70,117476,-0.01434916,0.47923045,0.51123713,0.80035964,0.19964036,0.10813283,0.05521789,0.00128291,0.0134075,0.0221881,95096,-0.03200668,0.49434821,0.48976378,0.00458443,-0.03659111,White,-0.02480964,OH,1
OH-71,118313,-0.00732654,0.51590412,0.47533551,0.6986213,0.3013787,0.1145248,0.16049273,0.00116839,0.01639089,0.02155407,89867,0.04056861,0.5330482,0.4542101,0.0788381,-0.03826949,White,0.04832511,OH,1
OH-72,118487,-0.00586664,0.52136776,0.46982123,0.8956156,0.1043844,0.02163229,0.03017362,0.00068674,0.03606455,0.01045132,93194,0.05154653,0.5211323,0.46862131,0.05251099,-0.00096446,White,0.04686802,OH,1
OH-73,119975,0.00661803,0.64538136,0.34565392,0.84612982,0.15387018,0.05843822,0.04771598,0.00095734,0.03174347,0.01345319,99233,0.29972744,0.64518,0.34164548,0.30353452,-0.00380708,White,0.29599647,OH,1
OH-74,118054,-0.00949961,0.48343335,0.50860708,0.8610658,0.1389342,0.0396432,0.03282511,0.00103526,0.04839587,0.01306103,95628,-0.02517373,0.48694172,0.50215865,-0.01521693,-0.0099568,White,-0.0268548,OH,1
OH-75,118281,-0.00759502,0.47434222,0.51749351,0.82921114,0.17078886,0.05559799,0.0626071,0.00097033,0.03536553,0.01650598,96874,-0.04315129,0.48344347,0.50350114,-0.02005767,-0.02309362,White,-0.04045342,OH,1
OH-76,120129,0.00791012,0.82205371,0.17199764,0.32033299,0.67966701,0.63328256,0.02025683,0.00118473,0.02046839,0.01272531,94536,0.65005607,0.82576857,0.16530557,0.660463,-0.01040693,Black,0.64852505,OH,1
OH-77,119677,0.00411774,0.85770963,0.13588722,0.40327968,0.59672032,0.52481307,0.0296076,0.00092658,0.03678324,0.01218566,92814,0.72182241,0.85752577,0.13387051,0.72365526,-0.00183285,Black,0.71743336,OH,1
OH-78,120816,0.01367421,0.50456788,0.48772709,0.75516743,0.24483257,0.17220369,0.02410791,0.00072222,0.03539895,0.01089433,98308,0.01684079,0.51160202,0.47875103,0.03285099,-0.0160102,White,0.01717752,OH,1
OH-79,119770,0.00489803,0.33111407,0.66065,0.842258,0.157742,0.08878093,0.02104516,0.00153701,0.02139986,0.02244244,93038,-0.32953593,0.33354077,0.65126855,-0.31772778,-0.01180815,White,-0.33059988,OH,1
OH-80,118851,-0.00281259,0.27193038,0.71901848,0.90295025,0.09704975,0.029777,0.02411147,0.00094426,0.01778715,0.01973056,91077,-0.4470881,0.27353653,0.71007902,-0.43654249,-0.01054561,White,-0.4485729,OH,1
OH-81,119586,0.00335423,0.35987428,0.63080508,0.82883899,0.17116101,0.11016248,0.02472159,0.00140683,0.01015926,0.02258449,93117,-0.2709308,0.38899668,0.59449305,-0.20549637,-0.06543443,White,-0.25411932,OH,1
OH-82,118019,-0.00979326,0.27692308,0.71384906,0.89854009,0.10145991,0.04608628,0.01376674,0.00081045,0.01746854,0.01834471,91307,-0.43692598,0.27154811,0.71393208,-0.44238397,0.00545799,White,-0.44374531,OH,1
OH-83,117896,-0.01082526,0.27337214,0.7198072,0.85254159,0.14745841,0.0700046,0.03900737,0.0013238,0.01165621,0.02428845,89137,-0.44643506,0.28857825,0.69871877,-0.41014052,-0.03629454,White,-0.43933688,OH,1
OH-84,118349,-0.00702449,0.23231237,0.76021719,0.91397975,0.08602025,0.02014793,0.01644427,0.00059259,0.02837007,0.0161374,94501,-0.52790482,0.24464027,0.7413895,-0.49674923,-0.03115559,White,-0.52251962,OH,1
OH-85,120202,0.00852261,0.38899035,0.6017787,0.73552512,0.26447488,0.1342226,0.07075166,0.00308321,0.03469427,0.02528236,92436,-0.21278835,0.39601948,0.58781685,-0.19179737,-0.02099098,White,-0.21079136,OH,1
OH-86,118785,-0.00336635,0.41189232,0.57822504,0.75648934,0.24351066,0.08897068,0.05218735,0.00110191,0.08266594,0.01755103,88029,-0.16633272,0.41007896,0.57535563,-0.16527667,-0.00105605,White,-0.1709807,OH,1
OH-87,118023,-0.0097597,0.40715535,0.58239784,0.76279091,0.23720909,0.06063671,0.03256582,0.0015957,0.12338604,0.01529403,88989,-0.17524249,0.40831779,0.57586916,-0.16755137,-0.00769112,White,-0.17767878,OH,1
OH-88,120010,0.00691169,0.72949334,0.26237772,0.34285528,0.65714472,0.61466525,0.02049572,0.00130338,0.01036191,0.01806274,92068,0.46711562,0.7506523,0.23640817,0.51424413,-0.04712851,Black,0.47782512,OH,1
OH-89,119738,0.00462954,0.53999155,0.44907438,0.72920713,0.27079287,0.15631401,0.05598183,0.00172987,0.0328356,0.02619207,94227,0.09091717,0.53875279,0.44132252,0.09743027,-0.0065131,White,0.0880882,OH,1
OH-90,118805,-0.00319854,0.47740245,0.51245662,0.84023562,0.15976438,0.05781394,0.03016241,0.00143025,0.04980453,0.0181483,94389,-0.03505417,0.46498708,0.51890225,-0.05391517,0.018861,White,-0.04634117,OH,1
OH-91,121017,0.01536065,0.52610107,0.46480593,0.82094352,0.17905648,0.08998541,0.0168896,0.00071914,0.05297006,0.01445479,97338,0.06129514,0.52825772,0.45837944,0.06987828,-0.00858314,White,0.05915619,OH,1
OH-92,117325,-0.01561609,0.53310931,0.4572557,0.84942093,0.15057907,0.0626634,0.02275328,0.00099749,0.04514957,0.01460536,95239,0.07585361,0.53536665,0.4507526,0.08461405,-0.00876044,White,0.07377376,OH,1
OH-93,119012,-0.00146176,0.38927341,0.60253106,0.92905577,0.07094423,0.02013691,0.01494587,0.00060562,0.01540009,0.01190695,92467,-0.21325765,0.3929532,0.59509342,-0.20214022,-0.01111743,White,-0.21455184,OH,1
OH-94,117317,-0.01568321,0.39664968,0.59437405,0.8646895,0.1353105,0.03848894,0.05820306,0.00077734,0.01538478,0.01781396,92624,-0.19772437,0.39953578,0.58783752,-0.18830174,-0.00942263,White,-0.19958349,OH,1
OH-95,117550,-0.01372828,0.4535665,0.53787391,0.88134399,0.11865601,0.06056055,0.01635456,0.00079753,0.02072544,0.01446949,96548,-0.08430741,0.45155417,0.53519834,-0.08364417,-0.00066324,White,-0.08908633,OH,1
OH-96,118857,-0.00276225,0.64038366,0.35329701,0.74854642,0.25145358,0.13415543,0.02218176,0.00051115,0.08349839,0.00847656,93906,0.28708665,0.64338904,0.3478854,0.29550364,-0.00841699,White,0.28489231,OH,1
OH-97,117994,-0.01000302,0.42359086,0.56869935,0.8350347,0.1649653,0.11335499,0.01634573,0.00082256,0.00862633,0.01936178,94826,-0.14510849,0.45465546,0.53273226,-0.0780768,-0.06703169,White,-0.12776459,OH,1
OH-98,119071,-0.00096674,0.56337999,0.42850409,0.6416913,0.3583087,0.26720861,0.06978463,0.00095017,0.00834037,0.01834882,94720,0.1348759,0.60576291,0.38193362,0.22382929,-0.08895339,White,0.15952703,OH,1
OH-99,118929,-0.00215815,0.42730612,0.56578649,0.87558162,0.12441838,0.05929718,0.03183519,0.00092231,0.01602122,0.01385535,96497,-0.13848037,0.45665067,0.5314734,-0.07482273,-0.06365764,White,-0.12226116,OH,1
OR-1,70558,-0.00089114,0.49289631,0.47374543,0.50309631,0.49690369,0.02135383,0.37112962,0.02659523,0.04604663,0.04977384,51513,0.01915088,0.5119043,0.45695543,0.05494887,-0.03579799,White,0.02608354,OR,1
OR-2,71009,0.00549507,0.50039821,0.46203123,0.65633032,0.34366968,0.02557275,0.23677447,0.01425639,0.0294928,0.04815,54081,0.03836698,0.51701955,0.4438511,0.07316845,-0.03480147,White,0.04496747,OR,1
OR-3,71096,0.006727,0.56105553,0.40191388,0.75017299,0.24982701,0.02418253,0.12637723,0.01367919,0.0464844,0.04265209,56363,0.15914165,0.56000768,0.40113072,0.15887696,0.00026469,White,0.15405342,OR,1
OR-4,70406,-0.00304348,0.55721459,0.40314654,0.75079931,0.24920069,0.01833336,0.14178787,0.00999834,0.04263616,0.03890296,54109,0.15406805,0.56453225,0.39877521,0.16575704,-0.01168899,White,0.15296438,OR,1
OR-5,70690,0.00097799,0.61684405,0.3477922,0.81380464,0.18619536,0.01387632,0.09496663,0.00592261,0.02737715,0.03710594,58589,0.26905185,0.63696721,0.33375632,0.30321089,-0.03415904,White,0.2754382,OR,1
OR-6,69649,-0.01376268,0.45446244,0.51278461,0.75189822,0.24810178,0.01842661,0.14063484,0.00959295,0.03166784,0.04452017,53998,-0.05832217,0.46383425,0.50249419,-0.03865994,-0.01966223,White,-0.05676809,OR,1
OR-7,70689,0.00096383,0.50827377,0.45677078,0.84065819,0.15934181,0.0098903,0.07518718,0.00607696,0.02176563,0.03808114,57430,0.05150299,0.5100434,0.4594351,0.0506083,0.00089469,White,0.04620476,OR,1
OR-8,70392,-0.00324172,0.42766062,0.53345477,0.84991305,0.15008695,0.01082806,0.05290332,0.00516305,0.03036876,0.04422653,55781,-0.10579415,0.44477991,0.51812672,-0.07334681,-0.03244734,White,-0.09997837,OR,1
OR-9,70361,-0.00368068,0.49546928,0.46473799,0.7580607,0.2419393,0.01212518,0.15892002,0.00626286,0.02949369,0.03823256,54927,0.03073129,0.50308232,0.4580964,0.04498592,-0.01425463,White,0.03048283,OR,1
OR-10,71828,0.01709219,0.37097039,0.59255531,0.81607405,0.18392595,0.01222987,0.08097202,0.00368135,0.02024743,0.05959187,56501,-0.22158492,0.38258291,0.58477798,-0.20219507,-0.01938985,White,-0.22012164,OR,1
OR-11,70095,-0.00744727,0.53483998,0.42548564,0.63303044,0.36696956,0.02069778,0.25145838,0.00899334,0.05936355,0.0378057,53484,0.10935434,0.54224471,0.41966113,0.12258358,-0.01322924,White,0.10876409,OR,1
OR-12,70964,0.00485786,0.6241394,0.33001279,0.59690093,0.40309907,0.02783286,0.20613938,0.01029963,0.13723654,0.03469927,54468,0.29412661,0.62639559,0.33314297,0.29325262,0.00087399,White,0.28883528,OR,1
OR-13,71173,0.00781732,0.7045085,0.25276173,0.57628811,0.42371189,0.02687553,0.07379252,0.00794748,0.29691699,0.01890885,52092,0.45174677,0.71302616,0.25645997,0.45656619,-0.00481942,White,0.44835324,OR,1
OR-14,70627,0.0000859,0.73392513,0.22531418,0.587922,0.412078,0.04520051,0.16054941,0.01137021,0.17572137,0.02895986,57079,0.50861095,0.73977651,0.22443023,0.51534628,-0.00673533,White,0.50585606,OR,1
OR-15,71318,0.00987054,0.64481263,0.31405734,0.57438408,0.42561592,0.04259616,0.19922486,0.01432003,0.14904109,0.03586375,54958,0.33075529,0.65847742,0.3039235,0.35455392,-0.02379863,White,0.33368817,OR,1
OR-16,70215,-0.00574806,0.68600469,0.27126819,0.65768719,0.34231281,0.03691966,0.14181374,0.01027266,0.13223321,0.02879624,54903,0.4147365,0.69663036,0.27013132,0.42649904,-0.01176254,White,0.41365735,OR,1
OR-17,69472,-0.01626902,0.71232062,0.2501616,0.73683928,0.26316072,0.02842322,0.11238709,0.01098292,0.08661122,0.02727842,55905,0.46215902,0.71706429,0.24990419,0.4671601,-0.00500108,White,0.45882605,OR,1
OR-18,71136,0.0072934,0.62264392,0.3349275,0.74403602,0.25596398,0.02361698,0.10420879,0.0131961,0.09358574,0.02646572,54410,0.28771642,0.62044272,0.34556671,0.27487601,0.01284041,White,0.27843628,OR,1
OR-19,69893,-0.01030761,0.51812476,0.44574586,0.62988103,0.37011897,0.01350001,0.28879839,0.00529819,0.03865226,0.04504403,53037,0.0723789,0.53610327,0.43439175,0.10171152,-0.02933262,White,0.07715644,OR,1
OR-20,70822,0.00284713,0.34046732,0.6244083,0.79150858,0.20849142,0.0072736,0.13760619,0.00405323,0.01660158,0.04106902,54031,-0.28394098,0.35943114,0.60945609,-0.25002495,-0.03391603,White,-0.27763564,OR,1
OR-21,70693,0.00102047,0.53949735,0.4198489,0.79311026,0.20688974,0.01533049,0.10686461,0.00610347,0.03619,0.04162927,55706,0.11964845,0.5315516,0.42561247,0.10593913,0.01370932,White,0.11007868,OR,1
OR-22,69059,-0.02211714,0.70626946,0.25048475,0.76398841,0.23601159,0.01760092,0.07511308,0.00770781,0.10362352,0.02761261,59031,0.45578471,0.71423436,0.24652989,0.46770447,-0.01191976,White,0.45475796,OR,1
OR-23,71619,0.01413273,0.8627724,0.09758865,0.735369,0.264631,0.04747611,0.0766124,0.00520179,0.10574868,0.02830337,63632,0.76518375,0.86514707,0.10704797,0.7580991,0.00708465,White,0.7578222,OR,1
OR-24,70366,-0.00360988,0.85175441,0.11308943,0.79356444,0.20643556,0.03308735,0.0601167,0.00624678,0.07825639,0.02529604,58270,0.73866498,0.84652257,0.12578438,0.72073819,0.01792679,White,0.72768938,OR,1
OR-25,70247,-0.00529494,0.86088715,0.09008172,0.66713536,0.33286464,0.09374464,0.12738777,0.0153126,0.06756062,0.04031345,58318,0.77080543,0.87460438,0.09494835,0.77965603,-0.0088506,White,0.76875563,OR,1
OR-26,70611,-0.00014066,0.90451373,0.04704514,0.70866064,0.29133936,0.11376077,0.08275315,0.00605269,0.06219716,0.03160297,60469,0.85746859,0.9245075,0.0533749,0.8711326,-0.01366401,White,0.85702326,OR,1
OR-27,70248,-0.00528078,0.89022577,0.0637601,0.78238393,0.21761607,0.03045568,0.06768296,0.00594579,0.08210151,0.02642575,60547,0.82646567,0.90429725,0.0694335,0.83486375,-0.00839808,White,0.82426503,OR,1
OR-28,70251,-0.0052383,0.85042493,0.10420002,0.7375586,0.2624414,0.03423224,0.08309837,0.00712667,0.1051184,0.03111865,57811,0.74622491,0.85625222,0.11350728,0.74274494,0.00347997,White,0.74006492,OR,1
OR-29,70882,0.00369673,0.86125635,0.09744639,0.71103766,0.28896234,0.07408889,0.09338088,0.00674959,0.08569192,0.03440898,57485,0.76380996,0.86353541,0.11087884,0.75265657,0.01115339,White,0.75509216,OR,1
OR-30,71061,0.00623139,0.66503336,0.29573515,0.59299931,0.40700069,0.10150819,0.14812664,0.01680657,0.11451349,0.04063495,56823,0.36929821,0.65319136,0.3170607,0.33613066,0.03316755,White,0.35324236,OR,1
OR-31,70731,0.00155856,0.68674371,0.26769386,0.57182803,0.42817197,0.07756287,0.13054784,0.01298354,0.17991736,0.04007267,56148,0.41904985,0.69586137,0.27007988,0.42578149,-0.00673164,White,0.41629373,OR,1
OR-32,70863,0.00342769,0.59897515,0.36164461,0.55018296,0.44981704,0.08873497,0.16548428,0.01704503,0.15299455,0.04008289,53564,0.23733054,0.60131525,0.3661118,0.23520345,0.00212709,White,0.23162151,OR,1
OR-33,70468,-0.00216555,0.54765337,0.41420285,0.66349621,0.33650379,0.05590919,0.17992494,0.01223416,0.06161233,0.0438958,54356,0.13345052,0.56223793,0.40345239,0.15878554,-0.02533502,White,0.13689553,OR,1
OR-34,70381,-0.00339748,0.5508373,0.41149099,0.7289102,0.2710898,0.01769748,0.17151373,0.00738629,0.03902331,0.03548751,54019,0.13934631,0.56110526,0.40560526,0.1555,-0.01615369,White,0.13973087,OR,1
OR-35,70795,0.0024648,0.5537016,0.41264956,0.83346354,0.16653646,0.00856036,0.06525822,0.00480378,0.02162531,0.05942388,60161,0.14105204,0.54389476,0.42853609,0.11535867,0.02569337,White,0.12748758,OR,1
OR-36,69632,-0.0140034,0.52954615,0.43272333,0.8372568,0.1627432,0.01365151,0.07022824,0.00498047,0.02570855,0.04451969,55818,0.09682282,0.53548491,0.43161761,0.1038673,-0.00704448,White,0.09417098,OR,1
OR-37,70463,-0.00223635,0.6431499,0.31552397,0.81649904,0.18350096,0.02177101,0.07600876,0.00705574,0.04045405,0.03595149,57967,0.32762593,0.63274297,0.33255417,0.3001888,0.02743713,White,0.31348022,OR,1
OR-38,70770,0.0021108,0.55166312,0.4100423,0.67193238,0.32806762,0.03259084,0.10834702,0.01005776,0.15249045,0.03070847,54187,0.14162082,0.56654043,0.40416854,0.16237189,-0.02075107,White,0.14353784,OR,1
OR-39,70485,-0.00192483,0.55408497,0.40734089,0.83099912,0.16900088,0.01646817,0.06484341,0.00477871,0.04457065,0.03089619,54408,0.14674408,0.56018475,0.40648036,0.15370439,-0.00696031,White,0.14406418,OR,1
OR-40,71123,0.00710932,0.68122701,0.28132543,0.79701831,0.20298169,0.0169586,0.0730137,0.00744524,0.08153796,0.0205913,55606,0.39990158,0.67899022,0.29092794,0.38806228,0.0118393,White,0.39095515,OR,1
OR-41,70867,0.00348433,0.37948048,0.58573456,0.85742323,0.14257677,0.00892108,0.06137706,0.0041037,0.02840473,0.03525612,56047,-0.20625408,0.39851496,0.568964,-0.17044904,-0.03580504,White,-0.19931907,OR,1
OR-42,69892,-0.01032177,0.35156329,0.61364095,0.80064095,0.19935905,0.00694368,0.11717685,0.00633588,0.01854717,0.04549306,54294,-0.26207766,0.37374254,0.59590793,-0.22216539,-0.03991227,White,-0.25377357,OR,1
OR-43,70591,-0.00042386,0.71562337,0.24460094,0.77871788,0.22128212,0.02568108,0.0992487,0.00740767,0.04542901,0.04507794,56968,0.47102243,0.72165123,0.24347658,0.47817465,-0.00715222,White,0.4684065,OR,1
OR-44,69722,-0.01272899,0.80386619,0.15295299,0.75510337,0.24489663,0.03521081,0.08814911,0.0077161,0.08276087,0.03423409,61430,0.6509132,0.81100006,0.15297306,0.658027,-0.0071138,White,0.64828447,OR,1
OR-45,69918,-0.00995361,0.60321467,0.35719979,0.78290752,0.21709248,0.02281396,0.10395826,0.00759266,0.03675783,0.04650954,55580,0.24601488,0.60554806,0.35761775,0.24793031,-0.00191543,White,0.24165336,OR,1
OR-46,71134,0.00726508,0.43611834,0.52729845,0.83927208,0.16072792,0.01083,0.06861962,0.00514869,0.01915668,0.05003107,56325,-0.09118011,0.44850005,0.5175806,-0.06908055,-0.02209956,White,-0.08881359,OR,1
OR-47,71219,0.00846869,0.3833589,0.58427914,0.84906047,0.15093953,0.00815797,0.05369242,0.0051542,0.01868824,0.0599901,58593,-0.20092024,0.38371265,0.58908448,-0.20537183,0.00445159,White,-0.2074041,OR,1
OR-48,71399,0.01101751,0.35856047,0.60932426,0.848033,0.151967,0.00892631,0.06388734,0.00390526,0.01764974,0.05039644,59151,-0.25076379,0.37092002,0.60268146,-0.23176144,-0.01900235,White,-0.24942967,OR,1
OR-49,70999,0.00535346,0.30144912,0.67100188,0.80346967,0.19653033,0.00969627,0.10980662,0.00492049,0.01841567,0.04739594,55279,-0.36955276,0.31298014,0.65912538,-0.34614524,-0.02340752,White,-0.36675025,OR,1
OR-50,70383,-0.00336916,0.31691126,0.65338149,0.85343408,0.14656592,0.00977453,0.05956569,0.00436734,0.01783331,0.05074435,57701,-0.33647023,0.32725624,0.64351001,-0.31625377,-0.02021646,White,-0.33473141,OR,1
OR-51,70248,-0.00528078,0.30044075,0.67006674,0.85955592,0.14044408,0.0070425,0.04942107,0.0046597,0.01990963,0.04963287,56656,-0.36962599,0.29865756,0.67219297,-0.37353541,0.00390942,White,-0.37592913,OR,1
OR-52,70161,-0.00651271,0.30398472,0.66577357,0.79606818,0.20393182,0.01331049,0.09257823,0.00481558,0.02084949,0.06779692,55445,-0.36178885,0.30727899,0.66246887,-0.35518988,-0.00659897,White,-0.36458919,OR,1
OR-53,71293,0.00951654,0.59905567,0.36637751,0.86423922,0.13576078,0.0087311,0.06304241,0.00460176,0.02566839,0.02519597,57152,0.23267816,0.58169377,0.38800717,0.1936866,0.03899156,White,0.21468097,OR,1
OR-54,70798,0.00250728,0.59385253,0.3707693,0.85530076,0.14469924,0.00784971,0.07147645,0.00460399,0.02487211,0.02778268,56690,0.22308323,0.58702353,0.38482244,0.20220109,0.02088214,White,0.21112252,OR,1
OR-55,70049,-0.00809864,0.21359954,0.75706929,0.75217534,0.24782466,0.0134343,0.15775294,0.0039866,0.01576437,0.05624932,54934,-0.54346975,0.22933556,0.74475635,-0.51542079,-0.02804896,White,-0.5391201,OR,1
OR-56,70666,0.00063815,0.31987916,0.64753315,0.85157445,0.14842555,0.00752535,0.06998755,0.00507027,0.01529977,0.04210994,56210,-0.32765399,0.31675051,0.65690796,-0.34015745,0.01250346,White,-0.33682181,OR,1
OR-57,71406,0.01111663,0.29990518,0.66774132,0.66022589,0.33977411,0.01515915,0.26287688,0.00324839,0.01515915,0.04609353,53565,-0.36783614,0.32477139,0.64214557,-0.31737418,-0.05046196,White,-0.35601549,OR,1
OR-58,71110,0.00692524,0.26855024,0.69744311,0.81790964,0.18209036,0.00883759,0.08868248,0.00890973,0.01101993,0.05872486,55445,-0.42889287,0.27686826,0.69724153,-0.42037327,-0.0085196,White,-0.431053,OR,1
OR-59,70443,-0.00251956,0.30210608,0.66674197,0.79768326,0.20231674,0.0081629,0.09368326,0.00434389,0.01342986,0.08170136,55250,-0.36463589,0.31982305,0.65181814,-0.33199509,-0.0326408,White,-0.35875562,OR,1
OR-60,71817,0.01693643,0.3497882,0.61421776,0.85130112,0.14869888,0.00999071,0.06571704,0.00452173,0.01962396,0.04160709,55952,-0.26442956,0.35584755,0.61159474,-0.25574719,-0.00868237,White,-0.26653544,OR,1
PA-1,64866,0.01269721,0.32190987,0.66981212,0.90891184,0.09108816,0.02132339,0.04310576,0.00086059,0.00812775,0.01407535,52290,-0.34790225,0.33340272,0.65372149,-0.32031877,-0.02758348,White,-0.34370776,PA,1
PA-2,64825,0.01205711,0.34021979,0.65047888,0.92086331,0.07913669,0.0186071,0.02811782,0.00096049,0.01527364,0.0134845,53098,-0.31025909,0.33787816,0.64476597,-0.30688781,-0.00337128,White,-0.31413533,PA,1
PA-3,65647,0.02489029,0.23042108,0.76230502,0.95806852,0.04193148,0.01024783,0.00556579,0.0005829,0.00361024,0.01365124,53182,-0.53188394,0.23252681,0.75581523,-0.52328842,-0.00859552,White,-0.53401877,PA,1
PA-4,65253,0.01873911,0.36327448,0.62905297,0.87170894,0.12829106,0.08344751,0.01314571,0.00209221,0.00548047,0.0160711,54010,-0.26577849,0.38919842,0.60287913,-0.21368071,-0.05209778,White,-0.25341256,PA,1
PA-5,62905,-0.0179182,0.25357319,0.74045096,0.94822281,0.05177719,0.01453706,0.00682473,0.00049312,0.00339264,0.01518798,50698,-0.48687777,0.26902558,0.72383983,-0.45481425,-0.03206352,White,-0.48118993,PA,1
PA-6,64348,0.00461012,0.40422416,0.58696597,0.90997796,0.09002204,0.01799239,0.0207774,0.00070126,0.03460228,0.00863554,49910,-0.18274181,0.3954416,0.59224576,-0.19680416,0.01406235,White,-0.19242926,PA,1
PA-7,65460,0.02197082,0.3292216,0.66273265,0.93832224,0.06167776,0.01561319,0.014876,0.0008695,0.00814683,0.01436564,52904,-0.33351105,0.3256717,0.66106377,-0.33539207,0.00188102,White,-0.33913806,PA,1
PA-8,64128,0.00117545,0.25801234,0.73406443,0.94564948,0.05435052,0.01232123,0.01053113,0.00039992,0.01028356,0.01293062,52511,-0.47605209,0.26178147,0.72572106,-0.46393959,-0.0121125,White,-0.47701459,PA,1
PA-9,64901,0.01324363,0.49002627,0.49569582,0.79837648,0.20162352,0.04212119,0.04453879,0.00141518,0.09978969,0.01206832,50877,-0.00566955,0.48623708,0.49919353,-0.01295645,0.0072869,White,-0.01309852,PA,1
PA-10,64445,0.0061245,0.49043024,0.49666791,0.82655471,0.17344529,0.06820447,0.04842222,0.0013102,0.0411515,0.01273298,54190,-0.00623767,0.48327858,0.49976132,-0.01648274,0.01024507,White,-0.01465269,PA,1
PA-11,65038,0.0153825,0.46718466,0.51879739,0.82233749,0.17766251,0.05643626,0.03825232,0.00155418,0.06834518,0.01336597,51474,-0.05161273,0.45752676,0.52724322,-0.06971646,0.01810373,White,-0.06264731,PA,1
PA-12,63345,-0.01104886,0.32928328,0.66168272,0.91732677,0.08267323,0.02238358,0.02318371,0.0006401,0.0175228,0.01350216,49992,-0.33239944,0.32005449,0.66638414,-0.34632965,0.01393021,White,-0.34204284,PA,1
PA-13,62788,-0.01974482,0.47832481,0.5094513,0.66403708,0.33596292,0.08878809,0.08930086,0.00110443,0.1460211,0.01337146,50705,-0.03112649,0.52236545,0.46820613,0.05415932,-0.08528581,White,-0.00769789,PA,1
PA-14,64322,0.0042042,0.51174492,0.47843482,0.73407251,0.26592749,0.11298423,0.09843039,0.00076806,0.03820627,0.01800028,50777,0.0333101,0.55044177,0.43696703,0.11347474,-0.08016464,White,0.05503165,PA,1
PA-15,63828,-0.00350819,0.42640085,0.56462305,0.89051719,0.10948281,0.01644429,0.02650574,0.00061641,0.05191784,0.00789406,50291,-0.1382222,0.45310562,0.53761569,-0.08451007,-0.05371213,White,-0.12531816,PA,1
PA-16,64715,0.01033978,0.46099205,0.5312281,0.86796644,0.13203356,0.02593211,0.04922545,0.00121497,0.04339737,0.00973878,52676,-0.07023605,0.47859697,0.51263407,-0.0340371,-0.03619895,White,-0.06316973,PA,1
PA-17,64360,0.00479747,0.52628906,0.46517365,0.8414024,0.1585976,0.03887007,0.03400169,0.00067349,0.07002386,0.00910175,51968,0.06111541,0.55066026,0.43965913,0.11100113,-0.04988572,White,0.07274398,PA,1
PA-18,63327,-0.01132988,0.53120801,0.45864189,0.79110197,0.20889803,0.08399887,0.06175379,0.00106889,0.04513553,0.01538803,49584,0.07256612,0.56321211,0.42579698,0.13741513,-0.06484901,White,0.08918246,PA,1
PA-19,64069,0.00025433,0.56348385,0.42646742,0.86119053,0.13880947,0.02046651,0.035077,0.00061123,0.06737386,0.00747284,50717,0.13701643,0.57460864,0.41643047,0.15817817,-0.02116174,White,0.13907034,PA,1
PA-20,65614,0.02437509,0.54141524,0.44995141,0.87131265,0.12868735,0.02279714,0.04179475,0.00070644,0.04989021,0.00738902,52375,0.09146383,0.55452647,0.43543993,0.11908654,-0.02762271,White,0.0956714,PA,1
PA-21,67135,0.04812116,0.48160757,0.50776823,0.87428462,0.12571538,0.02237696,0.03555895,0.0008203,0.05116368,0.00944296,52420,-0.02616066,0.49262248,0.49522491,-0.00260243,-0.02355823,White,-0.02330792,PA,1
PA-22,66971,0.04556077,0.42239222,0.56716951,0.90268824,0.09731176,0.02077025,0.03552121,0.00128188,0.02236796,0.01200141,53827,-0.14477729,0.43203411,0.55440014,-0.12236603,-0.02241126,White,-0.14230687,PA,1
PA-23,63528,-0.00819184,0.71350838,0.26542015,0.33194855,0.66805145,0.41423806,0.0813873,0.0016995,0.17081052,0.01357504,47661,0.44808823,0.75191064,0.24030847,0.51160217,-0.06351394,Black,0.46425954,PA,1
PA-24,62772,-0.01999462,0.76936642,0.21964353,0.37863077,0.62136923,0.5419819,0.0358284,0.00121627,0.04003381,0.01309035,48509,0.54972289,0.77845491,0.21418898,0.56426593,-0.01454304,Black,0.54957057,PA,1
PA-25,65825,0.02766925,0.61438066,0.37507553,0.59593041,0.40406959,0.32271729,0.03495576,0.00098969,0.03376814,0.0148849,50521,0.23930513,0.61711512,0.37311666,0.24399846,-0.00469333,White,0.23586957,PA,1
PA-26,66522,0.03855092,0.69551121,0.29576523,0.42109581,0.57890419,0.48252759,0.07321027,0.00095712,0.02133021,0.01578279,51195,0.39974598,0.71763741,0.27396226,0.44367515,-0.04392917,Black,0.40938904,PA,1
PA-27,62763,-0.02013513,0.48831251,0.50324517,0.84363774,0.15636226,0.04336633,0.02574439,0.00071845,0.07304223,0.00953939,50108,-0.01493266,0.49693037,0.49443474,0.00249563,-0.01742829,White,-0.01412323,PA,1
PA-28,65685,0.02548355,0.54154398,0.44900166,0.85346798,0.14653202,0.04131225,0.0246562,0.00063701,0.06619328,0.00730693,53374,0.09254232,0.55424858,0.4350368,0.11921178,-0.02666946,White,0.09643214,PA,1
PA-29,63752,-0.00469472,0.57897812,0.41162123,0.81896742,0.18103258,0.07733274,0.02986394,0.00108523,0.05801965,0.0109327,49759,0.16735689,0.58553969,0.40391097,0.18162872,-0.01427183,White,0.16711417,PA,1
PA-30,62854,-0.01871442,0.57406611,0.41647559,0.86876723,0.13123277,0.0412536,0.02039528,0.00088401,0.05737619,0.00616699,47511,0.15759052,0.59074096,0.40031023,0.19043073,-0.03284021,White,0.16353726,PA,1
PA-31,63587,-0.00727072,0.64047507,0.35040044,0.82919534,0.17080466,0.04091727,0.02893338,0.00091883,0.08855959,0.00520019,51152,0.29007463,0.66174769,0.32951127,0.33223642,-0.04216179,White,0.29912856,PA,1
PA-32,63269,-0.01223538,0.33278849,0.65920235,0.91039405,0.08960595,0.03909077,0.01382334,0.00090451,0.0103036,0.01578968,50856,-0.32641386,0.33054739,0.65795646,-0.32740907,0.00099521,White,-0.3317456,PA,1
PA-33,64598,0.00851315,0.22989155,0.76332714,0.95645249,0.04354751,0.00786652,0.00858519,0.00075752,0.0084298,0.01198431,51484,-0.53343559,0.22831824,0.76268126,-0.53436302,0.00092743,White,-0.53874473,PA,1
PA-34,65557,0.0234852,0.25486419,0.73581219,0.94049133,0.05950867,0.01961188,0.01181573,0.00069174,0.00811397,0.0106192,53488,-0.480948,0.26615773,0.7238836,-0.45772587,-0.02322213,White,-0.47820729,PA,1
PA-35,63408,-0.01006529,0.34996944,0.63783619,0.88503968,0.11496032,0.07216616,0.01824238,0.00076418,0.00772019,0.01350054,51035,-0.28786675,0.35899685,0.62911423,-0.27011738,-0.01774937,White,-0.28695029,PA,1
PA-36,65282,0.01919186,0.2779174,0.71348603,0.94948699,0.05051301,0.01125927,0.01204704,0.00071091,0.00745494,0.01496753,52046,-0.43556863,0.29281178,0.69576186,-0.40295008,-0.03261855,White,-0.42969578,PA,1
PA-37,64721,0.01043345,0.57670417,0.41309041,0.82235115,0.17764885,0.03010787,0.0418707,0.00429352,0.08933007,0.0095451,56364,0.16361376,0.59425912,0.39135341,0.20290571,-0.03929195,White,0.17171108,PA,1
PA-38,63191,-0.01345313,0.56783681,0.42051115,0.76061984,0.23938016,0.07019972,0.03816492,0.00120445,0.11627447,0.01064231,55627,0.14732566,0.56973931,0.41532087,0.15441844,-0.00709278,White,0.14468992,PA,1
PA-39,64392,0.00529705,0.41231537,0.57930399,0.8665518,0.1334482,0.08830078,0.0119451,0.00127776,0.00985422,0.01502333,51653,-0.16698862,0.43760704,0.55069982,-0.11309278,-0.05389584,White,-0.15402334,PA,1
PA-40,65101,0.01636606,0.25159069,0.739843,0.94001694,0.05998306,0.01990022,0.00967712,0.0006966,0.00617528,0.01457215,53115,-0.48825231,0.25858643,0.7280159,-0.46942947,-0.01882284,White,-0.48697803,PA,1
PA-41,66627,0.04019019,0.35362425,0.63979643,0.88967664,0.11032336,0.05776877,0.0166179,0.00058144,0.00680846,0.01549254,53316,-0.28617218,0.37542222,0.613786,-0.23836378,-0.0478084,White,-0.27523605,PA,1
PA-42,64837,0.01224446,0.62517555,0.36540025,0.74077451,0.25922549,0.14772419,0.05779752,0.00100889,0.03455434,0.01548252,51542,0.2597753,0.63594,0.34851464,0.28742536,-0.02765006,White,0.26399199,PA,1
PA-43,64868,0.01272843,0.51420681,0.47577855,0.77636492,0.22363508,0.1221314,0.05152891,0.00092845,0.03037643,0.01626804,49545,0.03842826,0.5239014,0.46112904,0.06277236,-0.0243441,White,0.04154296,PA,1
PA-44,65250,0.01869227,0.50524141,0.48550004,0.90120334,0.09879666,0.02416264,0.02119261,0.00032575,0.03575535,0.01113283,52188,0.01974137,0.50505464,0.48312134,0.0219333,-0.00219193,White,0.01547201,PA,1
PA-45,66145,0.03266514,0.38085193,0.61068289,0.92220409,0.07779591,0.03111095,0.01359018,0.00055621,0.00639647,0.01587066,53936,-0.22983096,0.38999199,0.59578581,-0.20579382,-0.02403714,White,-0.22681858,PA,1
PA-46,66772,0.04245395,0.31108725,0.68114263,0.92998347,0.07001653,0.02636414,0.01264009,0.00049605,0.00690796,0.01491824,54430,-0.37005538,0.31845959,0.66874207,-0.35028248,-0.0197729,White,-0.36846441,PA,1
PA-47,64534,0.00751398,0.28472094,0.70724878,0.94622419,0.05377581,0.00708151,0.00878742,0.00069427,0.00513756,0.01832861,50413,-0.42252784,0.28401688,0.7005336,-0.41651672,-0.00601112,White,-0.42552413,PA,1
PA-48,62267,-0.02787875,0.14965462,0.84478631,0.95811077,0.04188923,0.00769107,0.00871521,0.00066268,0.00449817,0.01618539,49798,-0.69513169,0.15335715,0.8396107,-0.68625355,-0.00887814,White,-0.69717231,PA,1
PA-49,63637,-0.00649011,0.33255621,0.65907678,0.91580496,0.08419504,0.01707912,0.03768251,0.00058092,0.01068897,0.0134774,51642,-0.32652057,0.34480525,0.64331795,-0.2985127,-0.02800787,White,-0.32218461,PA,1
PA-50,61689,-0.03690257,0.55695027,0.4322905,0.66467766,0.33532234,0.13742618,0.15237451,0.00100476,0.04002625,0.01667077,48768,0.12465977,0.56717022,0.41971271,0.14745751,-0.02279774,White,0.12725902,PA,1
PA-51,62266,-0.02789436,0.62936741,0.36095103,0.61497337,0.38502663,0.09315965,0.24562628,0.00191506,0.04512358,0.01607852,50129,0.26841638,0.64881792,0.33913762,0.3096803,-0.04126392,White,0.27717102,PA,1
PA-52,63405,-0.01011213,0.49795293,0.49182428,0.76942234,0.23057766,0.06840866,0.0985077,0.00128412,0.05428332,0.00976711,51397,0.00612865,0.5099211,0.47967921,0.03024189,-0.02411324,White,0.0091664,PA,1
PA-53,62377,-0.02616141,0.4577509,0.53222344,0.85858464,0.14141536,0.03321271,0.06228388,0.0008846,0.03413752,0.01029353,49740,-0.07447254,0.46346338,0.52503765,-0.06157427,-0.01289827,White,-0.07517312,PA,1
PA-54,63208,-0.01318772,0.63618189,0.35289195,0.35946507,0.64053493,0.17077158,0.47879766,0.00201228,0.02632737,0.02008091,47707,0.28328994,0.68554369,0.30466017,0.38088352,-0.09759358,Hispanic,0.31082113,PA,1
PA-55,63156,-0.01399955,0.58226872,0.40861978,0.35849816,0.64150184,0.15295837,0.49885647,0.00237178,0.02575071,0.02049892,47222,0.17364894,0.65514095,0.3336695,0.32147145,-0.14782251,Hispanic,0.21792311,PA,1
PA-56,63293,-0.01186069,0.38812279,0.60105163,0.87844217,0.12155783,0.02810779,0.06172305,0.00106216,0.0200236,0.01178206,50840,-0.21292884,0.40138482,0.58665779,-0.18527297,-0.02765587,White,-0.20871022,PA,1
PA-57,62295,-0.02744161,0.54669043,0.43971481,0.70322087,0.29677913,0.0835496,0.1640614,0.00114672,0.0505965,0.01366005,49707,0.10697562,0.57274504,0.41459555,0.15814949,-0.05117387,White,0.11903358,PA,1
PA-58,61210,-0.04438078,0.48232099,0.50752076,0.83678815,0.16321185,0.0414987,0.08107389,0.00096175,0.02883218,0.01131597,48869,-0.02519977,0.48710002,0.49990485,-0.01280483,-0.01239494,White,-0.02606812,PA,1
PA-59,62120,-0.03017373,0.50665025,0.47721251,0.76982559,0.23017441,0.0509771,0.07556209,0.0006514,0.09512503,0.00979197,47590,0.02943774,0.51590846,0.47311828,0.04279018,-0.01335244,White,0.02888855,PA,1
PA-60,63884,-0.00263391,0.55910749,0.42817011,0.58990269,0.41009731,0.19485482,0.17720522,0.00171375,0.04077532,0.01849663,50766,0.13093738,0.60123953,0.38659966,0.21463987,-0.08370249,White,0.15383821,PA,1
PA-61,65351,0.0202691,0.40561656,0.58544312,0.7861275,0.2138725,0.08339005,0.0926157,0.00096416,0.02153282,0.0173359,52896,-0.17982656,0.43138866,0.55532259,-0.12393393,-0.05589263,White,-0.16619568,PA,1
PA-62,64422,0.00576542,0.52570636,0.46771384,0.65591802,0.34408198,0.15992403,0.15032938,0.00136501,0.03177115,0.01723081,50549,0.05799252,0.55125344,0.43881611,0.11243733,-0.05444481,White,0.07114079,PA,1
PA-63,63487,-0.00883193,0.58486925,0.40835696,0.71774592,0.28225408,0.08824518,0.12705882,0.00179931,0.06034602,0.01538309,50575,0.17651229,0.62871791,0.36200689,0.26671102,-0.09019873,White,0.20157853,PA,1
PA-64,62801,-0.01954186,0.50340099,0.48903824,0.9132229,0.0867771,0.02256797,0.03151223,0.00069106,0.01715798,0.01081999,50647,0.01436275,0.52913451,0.46094267,0.06819184,-0.05382909,White,0.02730578,PA,1
PA-65,64988,0.01460189,0.47702084,0.51610758,0.90840088,0.09159912,0.01685897,0.0346715,0.00068656,0.02549824,0.00898255,52435,-0.03908674,0.49605039,0.49447555,0.00157484,-0.04066158,White,-0.03053288,PA,1
PA-66,63861,-0.00299299,0.49438659,0.49446795,0.70464632,0.29535368,0.12256396,0.15123683,0.00154363,0.02467873,0.01437502,51826,-0.00008136,0.52889823,0.46111875,0.06777948,-0.06786084,White,0.01753892,PA,1
PA-67,65732,0.02621732,0.46969952,0.51870261,0.89712645,0.10287355,0.04022223,0.0369564,0.00097599,0.012763,0.01011656,53279,-0.04900309,0.49298251,0.49581786,-0.00283535,-0.04616774,White,-0.03861384,PA,1
PA-68,63249,-0.01254762,0.40903668,0.57970571,0.90012347,0.09987653,0.03467064,0.03998197,0.00096035,0.01144582,0.01226898,51023,-0.17066903,0.42482063,0.56512204,-0.14030141,-0.03036762,White,-0.16554649,PA,1
PA-69,65211,0.0180834,0.31350675,0.67445134,0.90545354,0.09454646,0.03332721,0.02803893,0.00069776,0.01579141,0.01224752,54460,-0.36094459,0.32741471,0.66318674,-0.33577203,-0.02517256,White,-0.35755374,PA,1
PA-70,66788,0.04270375,0.32299234,0.66722953,0.62687258,0.37312742,0.04428635,0.33784487,0.00229433,0.01073901,0.01185725,51867,-0.34423719,0.35713712,0.63430798,-0.27717086,-0.06706633,White,-0.32688175,PA,1
PA-71,65709,0.02585824,0.27022966,0.72180323,0.94985245,0.05014755,0.01117158,0.00737746,0.00061319,0.00521213,0.01636454,52186,-0.45157357,0.27229913,0.71422863,-0.4419295,-0.00964407,White,-0.45335888,PA,1
PA-72,66970,0.04554516,0.21448549,0.77776483,0.94824354,0.05175646,0.01197841,0.0092603,0.00073108,0.00573614,0.01501518,53346,-0.56327934,0.2144336,0.77148773,-0.55705413,-0.00622521,White,-0.56620427,PA,1
PA-73,63308,-0.01162651,0.20941659,0.78342411,0.92881696,0.07118304,0.03515487,0.01291366,0.00055742,0.00462662,0.01140861,53819,-0.57400752,0.21435038,0.77537913,-0.56102875,-0.01297877,White,-0.57468126,PA,1
PA-74,65073,0.01592892,0.34420608,0.6468554,0.81804946,0.18195054,0.06169949,0.09268696,0.00129852,0.01554292,0.01727428,50827,-0.30264932,0.34023597,0.64564772,-0.30541175,0.00276243,White,-0.30857013,PA,1
PA-75,65298,0.01944165,0.20671141,0.7852349,0.92375911,0.07624089,0.02193149,0.02598622,0.00051932,0.0086887,0.01581943,50065,-0.57852349,0.20646824,0.78154496,-0.57507672,-0.00344677,White,-0.58237457,PA,1
PA-76,64264,0.0032987,0.36498046,0.62482839,0.88868913,0.11131087,0.0315297,0.042568,0.00090858,0.01635446,0.01697307,51729,-0.25984793,0.35880513,0.62498207,-0.26617694,0.00632901,White,-0.2669576,PA,1
PA-77,65666,0.02518692,0.28344573,0.70790733,0.89578951,0.10421049,0.01415829,0.06300148,0.00089585,0.0088611,0.01499572,51348,-0.4244616,0.27974258,0.70640963,-0.42666705,0.00220545,White,-0.43019675,PA,1
PA-78,65784,0.02702916,0.36304348,0.62774758,0.87032938,0.12967062,0.05614121,0.03933448,0.0007503,0.02130852,0.01144208,53312,-0.2647041,0.35609585,0.62975591,-0.27366006,0.00895596,White,-0.27268942,PA,1
PA-79,62995,-0.01651311,0.1976671,0.79616927,0.95542424,0.04457576,0.00961519,0.01416541,0.00053532,0.00514732,0.01142704,48569,-0.59850217,0.19788936,0.79135319,-0.59346383,-0.00503834,White,-0.60182272,PA,1
PA-80,65900,0.02884016,0.21718661,0.77560976,0.90863317,0.09136683,0.04560991,0.02234555,0.00062479,0.00602742,0.01207321,54418,-0.55842315,0.22098464,0.76675757,-0.54577293,-0.01265022,White,-0.55920641,PA,1
PA-81,62570,-0.02314827,0.33739812,0.65279547,0.90776974,0.09223026,0.02124348,0.03672636,0.00145531,0.0169584,0.01453289,49474,-0.31539735,0.3372279,0.6456382,-0.3084103,-0.00698705,White,-0.31806833,PA,1
PA-82,62457,-0.02491244,0.2652833,0.72560755,0.91806408,0.08193592,0.03497481,0.0253897,0.00090537,0.00704613,0.0125374,50808,-0.46032425,0.27013128,0.71711328,-0.446982,-0.01334225,White,-0.46087683,PA,1
PA-83,62729,-0.02066594,0.26179424,0.72729063,0.94302006,0.05697994,0.01245552,0.01589291,0.00093012,0.00764316,0.0153672,49456,-0.46549639,0.25002927,0.73346019,-0.48343092,0.01793453,White,-0.47647457,PA,1
PA-84,64283,0.00359533,0.501342,0.48756065,0.71303887,0.28696113,0.1373122,0.05438748,0.00072569,0.08557251,0.01233672,50986,0.01378135,0.50812964,0.478303,0.02982664,-0.01604529,White,0.01412978,PA,1
PA-85,65493,0.02248602,0.73146639,0.2572211,0.43362814,0.56637186,0.3821934,0.12824292,0.00184748,0.06075079,0.01678459,50880,0.47424529,0.75797331,0.22981226,0.52816105,-0.05391576,Minority,0.48721721,PA,1
PA-86,63453,-0.00936275,0.58903402,0.39993358,0.50254556,0.49745444,0.26284729,0.15757538,0.00184943,0.07863184,0.01942938,48123,0.18910044,0.60327737,0.38428618,0.21899119,-0.02989075,White,0.19406402,PA,1
PA-87,61087,-0.04630108,0.44951571,0.53714828,0.81177225,0.18822775,0.05021613,0.06541747,0.00144775,0.05840624,0.01280222,48351,-0.08763257,0.45792923,0.527188,-0.06925877,-0.0183738,White,-0.08650797,PA,1
PA-88,63312,-0.01156406,0.37188335,0.62015811,0.80717218,0.19282782,0.06047516,0.09283365,0.00105073,0.01953573,0.01941899,51393,-0.24827476,0.39612377,0.59384563,-0.19772186,-0.0505529,White,-0.23642379,PA,1
PA-89,63078,-0.0152173,0.30419629,0.68786479,0.89960641,0.10039359,0.03325538,0.03374974,0.00038028,0.01043865,0.0158196,52593,-0.3836685,0.32033692,0.66924279,-0.34890587,-0.03476263,White,-0.37708096,PA,1
PA-90,65521,0.02292316,0.36299196,0.62726908,0.85428566,0.14571434,0.08580934,0.02250043,0.00119233,0.01500029,0.01744264,51999,-0.26427712,0.35960667,0.62572054,-0.26611387,0.00183675,White,-0.26988937,PA,1
PA-91,62987,-0.01663801,0.27435973,0.71686247,0.94182471,0.05817529,0.00977802,0.01545558,0.00108426,0.0058747,0.01618499,50726,-0.44250274,0.2796312,0.70593851,-0.42630731,-0.01619543,White,-0.44210426,PA,1
PA-92,62944,-0.01730933,0.25382319,0.73761652,0.93910517,0.06089483,0.00857445,0.01143937,0.00062988,0.00944815,0.02151739,49216,-0.48379333,0.26331706,0.71964089,-0.45632383,-0.0274695,White,-0.47963683,PA,1
PA-93,62969,-0.01691902,0.21805248,0.77362403,0.93879195,0.06120805,0.01750766,0.01235951,0.00068773,0.00687731,0.0179203,50892,-0.55557155,0.21744605,0.76808878,-0.55064273,-0.00492882,White,-0.55892861,PA,1
PA-94,63374,-0.01059611,0.22303767,0.76880433,0.93068209,0.06931791,0.02079537,0.01313079,0.00075259,0.00705062,0.01760675,50492,-0.54576666,0.22672668,0.75913658,-0.5324099,-0.01335676,White,-0.54631441,PA,1
PA-95,61748,-0.03598145,0.24990244,0.74184252,0.92897695,0.07102305,0.03101385,0.01275461,0.00097817,0.00467989,0.01352181,52138,-0.49194008,0.25593226,0.72935514,-0.47342288,-0.0185172,White,-0.49076768,PA,1
PA-96,65533,0.02311051,0.24704808,0.74537432,0.90110051,0.09889949,0.03206314,0.04087089,0.00027467,0.00825841,0.01239677,54611,-0.49832624,0.25381359,0.73267542,-0.47886183,-0.01946441,White,-0.4968381,PA,1
PA-97,64941,0.01386812,0.39633255,0.59330706,0.73359414,0.26640586,0.04582205,0.20046143,0.00170529,0.02096499,0.01165613,49845,-0.19697451,0.39848738,0.586943,-0.18845562,-0.00851889,White,-0.19913488,PA,1
PA-98,63097,-0.01492067,0.3010964,0.69073046,0.89310019,0.10689981,0.01806757,0.0567924,0.00114428,0.0182884,0.01065987,49813,-0.38963406,0.29641656,0.69041977,-0.39400321,0.00436915,White,-0.39609044,PA,1
PA-99,66915,0.04468649,0.54986929,0.44026777,0.52494476,0.47505524,0.21764074,0.24439985,0.00143932,0.02311014,0.01838675,49329,0.10960152,0.56841407,0.41770029,0.15071378,-0.04111226,White,0.11830561,PA,1
PA-100,65133,0.01686565,0.46510551,0.5245318,0.80187473,0.19812527,0.07853993,0.07819629,0.00072545,0.03014452,0.01345908,52381,-0.05942629,0.46234702,0.52266206,-0.06031504,0.00088875,White,-0.06472254,PA,1
PA-101,66974,0.0456076,0.32889612,0.6610955,0.91020246,0.08979754,0.02528814,0.0326054,0.00163027,0.01383834,0.01406582,52752,-0.33219938,0.32347862,0.66121605,-0.33773743,0.00553805,White,-0.3390454,PA,1
PA-102,64361,0.00481308,0.31276484,0.67809566,0.89403907,0.10596093,0.03639345,0.03647343,0.00075986,0.01231778,0.01771681,50009,-0.36533082,0.31182955,0.67210929,-0.36027974,-0.00505108,White,-0.36864713,PA,1
PA-103,64587,0.00834142,0.37782702,0.61128374,0.86540322,0.13459678,0.05531537,0.03999605,0.00088836,0.02244596,0.01462837,50655,-0.23345672,0.37097048,0.61169551,-0.24072503,0.00726831,White,-0.24087949,PA,1
PA-104,64628,0.00898152,0.29964107,0.69174971,0.91180601,0.08819399,0.03146819,0.02086671,0.00077138,0.01267826,0.01823612,50559,-0.39210864,0.29916108,0.68617105,-0.38700997,-0.00509867,White,-0.39540908,PA,1
PA-105,64640,0.00916886,0.31815902,0.67317658,0.8906734,0.1093266,0.03109524,0.0442752,0.00080895,0.01337727,0.01696821,50683,-0.35501756,0.3111151,0.67512933,-0.36401423,0.00899667,White,-0.36301645,PA,1
PA-106,63770,-0.0044137,0.35416611,0.63502048,0.90537337,0.09462663,0.02386409,0.04245358,0.00082971,0.01507309,0.01104307,50620,-0.28085437,0.34367755,0.64040111,-0.29672356,0.01586919,White,-0.2911441,PA,1
PA-107,63740,-0.00488206,0.27898351,0.71169763,0.92694159,0.07305841,0.0138365,0.03134052,0.00083352,0.01558691,0.00948134,47989,-0.43271412,0.27051817,0.71467244,-0.44415427,0.01144015,White,-0.4415275,PA,1
PA-108,64580,0.00823214,0.35320108,0.63722089,0.89450625,0.10549375,0.02150255,0.05065719,0.00094894,0.02105837,0.01116518,49529,-0.28401981,0.34090839,0.64131738,-0.30040899,0.01638918,White,-0.29448287,PA,1
PA-109,61755,-0.03587217,0.23622942,0.75533382,0.92140565,0.07859435,0.01784766,0.03675741,0.00087738,0.01482302,0.00812727,43311,-0.5191044,0.23459579,0.75386132,-0.51926553,0.00016113,White,-0.52415811,PA,1
PA-110,62894,-0.01808994,0.28271286,0.70831798,0.91538165,0.08461835,0.01824724,0.04067078,0.00077101,0.01060139,0.01227191,46692,-0.42560512,0.28847266,0.69796954,-0.40949688,-0.01610824,White,-0.42523571,PA,1
PA-111,63854,-0.00310228,0.4709241,0.52017318,0.81731539,0.18268461,0.04979577,0.09126221,0.00050056,0.03451866,0.01079209,49944,-0.04924908,0.46746682,0.51832816,-0.05086134,0.00161226,White,-0.0547865,PA,1
PA-112,62757,-0.0202288,0.53696907,0.45168741,0.79818558,0.20181442,0.04831102,0.08345543,0.00102362,0.06410694,0.01017602,49823,0.08528166,0.53154608,0.45450696,0.07703912,0.00824254,White,0.07753415,PA,1
PA-113,63469,-0.00911295,0.52034912,0.46937126,0.65097857,0.34902143,0.10380344,0.22030516,0.00173342,0.03315663,0.01541935,49613,0.05097786,0.52438429,0.46019455,0.06418974,-0.01321188,White,0.05038182,PA,1
PA-114,62758,-0.02021319,0.63342309,0.35538693,0.60837773,0.39162227,0.12894732,0.23026596,0.00166096,0.042314,0.01581964,49369,0.27803616,0.64708819,0.33661424,0.31047395,-0.03243779,White,0.28384876,PA,1
PA-115,63929,-0.00193137,0.33943574,0.65072412,0.86187125,0.13812875,0.05849064,0.0582114,0.00078186,0.00925202,0.01176514,53718,-0.31128838,0.34800253,0.63633037,-0.28832784,-0.02296054,White,-0.30863487,PA,1
PA-116,64430,0.00589032,0.24374326,0.74853597,0.92478236,0.07521764,0.02335074,0.03455214,0.00058038,0.0054556,0.0096924,51690,-0.50479271,0.2496561,0.7374744,-0.4878183,-0.01697441,White,-0.50413457,PA,1
PA-117,64442,0.00607766,0.55471179,0.43542943,0.41042598,0.58957402,0.12170645,0.47996053,0.00432491,0.0179295,0.0286788,47631,0.11928236,0.60919794,0.3773535,0.23184444,-0.11256208,Hispanic,0.15180305,PA,1
PA-118,64133,0.00125351,0.60941043,0.38072562,0.31575545,0.68424455,0.14871883,0.56397216,0.00327565,0.01344741,0.0294593,46403,0.22868481,0.6624853,0.3249146,0.3375707,-0.10888589,Hispanic,0.25998011,PA,1
PA-119,64602,0.0085756,0.50013873,0.48951224,0.7731993,0.2268007,0.06494827,0.12136976,0.00123208,0.0368842,0.01423738,51133,0.01062649,0.50757618,0.47718759,0.03038859,-0.0197621,White,0.01221386,PA,1
PA-120,64647,0.00927815,0.40940231,0.58191283,0.86166132,0.13833868,0.03754991,0.06805799,0.00094416,0.0182537,0.01449674,50839,-0.17251052,0.42120492,0.56503699,-0.14383207,-0.02867845,White,-0.16795104,PA,1
PA-121,62015,-0.03181301,0.39339946,0.59618479,0.90550542,0.09449458,0.03095068,0.03417636,0.00063326,0.0146244,0.0114383,50532,-0.20278533,0.39606665,0.58836384,-0.19229719,-0.01048814,White,-0.20428928,PA,1
PA-122,61235,-0.04399048,0.38558417,0.60505454,0.86834751,0.13165249,0.03561008,0.06466527,0.00121235,0.01900711,0.01175359,48666,-0.21947037,0.39289159,0.59398474,-0.20109315,-0.01837722,White,-0.21834463,PA,1
PA-123,61764,-0.03573166,0.275062,0.71561725,0.92263874,0.07736126,0.01441464,0.03822124,0.0010617,0.00875903,0.01227082,48978,-0.44055525,0.28166924,0.70360917,-0.42193993,-0.01861532,White,-0.43935014,PA,1
PA-124,63696,-0.005569,0.52208926,0.46754892,0.73960875,0.26039125,0.05891476,0.16241366,0.00095124,0.022168,0.01633649,48358,0.05454034,0.53498171,0.45366496,0.08131675,-0.02677641,White,0.05846581,PA,1
PA-125,63503,-0.00858214,0.55017625,0.44130767,0.650393,0.349607,0.17541057,0.14475898,0.00115023,0.01782862,0.01995868,46947,0.10886858,0.57054626,0.41838139,0.15216487,-0.04329629,White,0.11830068,PA,1
PA-126,62843,-0.01888615,0.59017194,0.39857102,0.78281244,0.21718756,0.0860204,0.05334214,0.00082573,0.0633954,0.01112671,48442,0.19160092,0.60338541,0.38434514,0.21904027,-0.02743935,White,0.19574737,PA,1
PA-127,64051,-0.00002669,0.59028046,0.40011332,0.81363963,0.18636037,0.06450861,0.05912966,0.00071849,0.05147873,0.00939861,51497,0.19016714,0.60794547,0.38068484,0.22726063,-0.03709349,White,0.19753164,PA,1
PA-128,62332,-0.02686396,0.58592107,0.40343584,0.78258514,0.21741486,0.04742028,0.04075776,0.00080271,0.11663422,0.00907066,49831,0.18248523,0.60059519,0.38951106,0.21108413,-0.0285989,White,0.1870182,PA,1
PA-129,63627,-0.00664624,0.62102009,0.36639996,0.79077701,0.20922299,0.03051725,0.02940753,0.00061651,0.13555003,0.00626785,48661,0.25462013,0.63370251,0.35636537,0.27733714,-0.02271701,White,0.25719247,PA,1
PA-130,65205,0.01798973,0.54321337,0.4468688,0.83311352,0.16688648,0.03045551,0.03078016,0.00081161,0.08903317,0.00852186,49285,0.09634457,0.54839498,0.44106789,0.10732709,-0.01098252,White,0.09500541,PA,1
PA-131,63155,-0.01401517,0.58221387,0.40717133,0.83386471,0.16613529,0.04321426,0.0536726,0.0008123,0.04640253,0.01204232,49243,0.17504254,0.58795781,0.3979965,0.18996131,-0.01491877,White,0.17501546,PA,1
PA-132,62415,-0.02556815,0.50471319,0.48559279,0.79785547,0.20214453,0.11550818,0.05292473,0.00179406,0.01829523,0.0160005,47936,0.0191204,0.51458424,0.47151564,0.0430686,-0.0239482,White,0.02210313,PA,1
PA-133,62394,-0.02589601,0.4663199,0.52356307,0.86810657,0.13189343,0.05073146,0.03074444,0.00071158,0.0338419,0.01266194,47781,-0.05724317,0.47604626,0.51214207,-0.03609581,-0.02114736,White,-0.05519405,PA,1
PA-134,64072,0.00030117,0.44682905,0.54407843,0.86650188,0.13349812,0.03070678,0.04294528,0.00070336,0.04421133,0.01167581,49761,-0.09724938,0.45982544,0.52732081,-0.06749537,-0.02975401,White,-0.09233138,PA,1
PA-135,63920,-0.00207188,0.53728098,0.45152098,0.79867993,0.20132007,0.07819162,0.03588326,0.00070092,0.07157182,0.01031911,51361,0.08576,0.55254264,0.43557612,0.11696652,-0.03120652,White,0.09116217,PA,1
PA-136,65982,0.03012036,0.58145275,0.40759285,0.76259942,0.23740058,0.07235478,0.03680878,0.00090467,0.1175506,0.00789702,53058,0.1738599,0.59158589,0.39864816,0.19293773,-0.01907783,White,0.17521918,PA,1
PA-137,61612,-0.0381047,0.53823466,0.45200558,0.81456899,0.18543101,0.05635487,0.04569815,0.0008245,0.06921713,0.01059488,48514,0.08622908,0.5576318,0.43093212,0.12669968,-0.0404706,White,0.09471928,PA,1
PA-138,62775,-0.01994778,0.63477929,0.35266727,0.70256619,0.29743381,0.0948579,0.05820075,0.00149581,0.13256406,0.01150028,51477,0.28211202,0.65079498,0.33876312,0.31203186,-0.02991984,White,0.2870853,PA,1
PA-139,61730,-0.03626247,0.77454563,0.21684777,0.77434829,0.22565171,0.075091,0.04041743,0.00096783,0.0979402,0.00660649,47529,0.55769786,0.79650196,0.19713796,0.599364,-0.04166614,White,0.56658657,PA,1
PA-140,63471,-0.00908173,0.67306386,0.31535685,0.53723983,0.46276017,0.22701403,0.18140166,0.0018286,0.05109819,0.02099813,48671,0.35770701,0.71132122,0.27964871,0.43167251,-0.0739655,White,0.37736218,PA,1
PA-141,66034,0.03093219,0.5641445,0.42489627,0.7092521,0.2907479,0.05986985,0.04140338,0.00111289,0.17764784,0.00903518,53015,0.13924823,0.58246024,0.40873006,0.17373018,-0.03448195,White,0.14574221,PA,1
PA-142,62549,-0.02347612,0.6262877,0.35975447,0.74104893,0.25895107,0.0766692,0.05024603,0.00094011,0.11957435,0.00854102,49994,0.26653323,0.64002895,0.34809533,0.29193362,-0.02540039,White,0.27000003,PA,1
PA-143,60922,-0.04887708,0.63714433,0.35419787,0.82193619,0.17806381,0.05546937,0.02482076,0.00035638,0.08538426,0.00689699,47702,0.28294646,0.65973398,0.33158404,0.32814994,-0.04520348,White,0.29301429,PA,1
PA-144,63038,-0.01584179,0.79209579,0.19775522,0.60120713,0.39879287,0.27961867,0.04788552,0.00059957,0.06479335,0.01071229,50036,0.59434057,0.80175102,0.19056646,0.61118456,-0.01684399,White,0.59495523,PA,1
PA-145,61185,-0.04477109,0.66153524,0.32833281,0.74654368,0.25345632,0.14703729,0.04229152,0.00092029,0.05398339,0.0103951,47811,0.33320243,0.67451809,0.31570024,0.35881785,-0.02561542,White,0.3367409,PA,1
PA-146,62970,-0.01690341,0.31477021,0.67742557,0.90197252,0.09802748,0.04541419,0.01879873,0.00061762,0.01518953,0.01169613,51812,-0.36265536,0.31936312,0.66866241,-0.34929929,-0.01335607,White,-0.36320334,PA,1
PA-147,61799,-0.03518523,0.27368829,0.71792672,0.9583169,0.0416831,0.00879407,0.00761101,0.00055209,0.00400268,0.01289534,50716,-0.44423843,0.27580243,0.71279914,-0.43699671,-0.00724172,White,-0.44682452,PA,1
PA-148,66887,0.04424935,0.3821468,0.60673667,0.92214751,0.07785249,0.03225574,0.01432989,0.00071919,0.01269373,0.01190262,55618,-0.22458987,0.37482309,0.61249148,-0.23766839,0.01307852,White,-0.23394938,PA,1
PA-149,61746,-0.03601267,0.31358934,0.67834252,0.92890637,0.07109363,0.03228819,0.01096805,0.00025831,0.00602051,0.01116675,50328,-0.36475318,0.32824583,0.66191963,-0.3336738,-0.03107938,White,-0.35939339,PA,1
PA-150,63030,-0.01596668,0.35728548,0.63311007,0.93546976,0.06453024,0.02335891,0.01147072,0.000497,0.01091408,0.01035744,50302,-0.27582459,0.35150406,0.63730171,-0.28579765,0.00997306,White,-0.28414894,PA,1
PA-151,65173,0.01749014,0.40818157,0.57966068,0.89011702,0.10988298,0.05272703,0.01424126,0.0007827,0.02514174,0.01111047,52383,-0.17147911,0.40707485,0.58237222,-0.17529737,0.00381826,White,-0.17775186,PA,1
PA-152,64607,0.00865366,0.32782883,0.66151221,0.94104454,0.05895546,0.01841416,0.0104416,0.0003958,0.00635166,0.01243945,53057,-0.33368338,0.32404153,0.66315158,-0.33911005,0.00542667,White,-0.34049227,PA,1
PA-153,64818,0.01194783,0.42814671,0.56530204,0.87313647,0.12686353,0.06686697,0.01969265,0.0010143,0.01975006,0.01295619,52253,-0.13715533,0.43786507,0.55142153,-0.11355646,-0.02359887,White,-0.13428904,PA,1
PA-154,65013,0.01499219,0.38076923,0.61316774,0.90678177,0.09321823,0.04036904,0.01787799,0.00099535,0.01504508,0.01142737,52243,-0.23239851,0.39198164,0.59697624,-0.2049946,-0.02740391,White,-0.22826387,PA,1
PA-155,63565,-0.00761419,0.28274817,0.70403374,0.92784471,0.07215529,0.02866705,0.01124498,0.00070759,0.00537388,0.01723083,52290,-0.42128557,0.29573171,0.69321646,-0.39748475,-0.02380082,White,-0.41835196,PA,1
PA-156,62554,-0.02339806,0.30707391,0.68647289,0.93537207,0.06462793,0.02004608,0.01291771,0.00084674,0.00478507,0.01465057,50783,-0.37939898,0.32134541,0.66757371,-0.3462283,-0.03317068,White,-0.37334209,PA,1
PA-157,64269,0.00337676,0.42707131,0.5646492,0.85804091,0.14195909,0.08452541,0.01955976,0.00097312,0.01101575,0.01989062,51381,-0.13757789,0.43614162,0.54995326,-0.11381164,-0.02376625,White,-0.13465581,PA,1
PA-158,62818,-0.01927646,0.33618055,0.65546065,0.94148617,0.05851383,0.0169754,0.01205892,0.00089039,0.00555523,0.01416875,51663,-0.3192801,0.34620693,0.64137071,-0.29516378,-0.02411632,White,-0.31624133,PA,1
PA-159,64371,0.0049692,0.49906094,0.49154844,0.80198952,0.19801048,0.11627131,0.031334,0.00082406,0.03025487,0.01344007,50967,0.0075125,0.50779427,0.47877827,0.029016,-0.0215035,White,0.00968033,PA,1
PA-160,63941,-0.00174402,0.48093955,0.51051213,0.86378779,0.13621221,0.02595106,0.02025499,0.0006169,0.07318528,0.01028172,48630,-0.02957258,0.48097136,0.50825065,-0.02727929,-0.00229329,White,-0.03380815,PA,1
PA-161,64771,0.01121406,0.51536202,0.47538508,0.82274418,0.17725582,0.10276986,0.02301607,0.00075524,0.03536431,0.01283915,52963,0.03997694,0.52119976,0.46702873,0.05417103,-0.01419409,White,0.0397083,PA,1
PA-162,63261,-0.01236028,0.64686173,0.34339352,0.8656369,0.1343631,0.02675031,0.02529049,0.00071019,0.06869069,0.0091535,50691,0.30346821,0.64169908,0.34726501,0.29443407,0.00903414,White,0.29545683,PA,1
PA-163,67000,0.04601352,0.52493139,0.46690793,0.87303763,0.12696237,0.03503482,0.01725241,0.00065793,0.05963412,0.00954,54717,0.05802346,0.5190149,0.46956648,0.04944842,0.00857504,White,0.05016511,PA,1
PA-164,64808,0.0117917,0.55528599,0.43606576,0.76886882,0.23113118,0.15605593,0.01739246,0.00087629,0.04368118,0.01217282,52494,0.11922023,0.55984035,0.42860757,0.13123278,-0.01201255,White,0.11822441,PA,1
PA-165,63767,-0.00446054,0.41182776,0.58133184,0.91439847,0.08560153,0.0333314,0.01307721,0.00087052,0.0209893,0.01127812,51693,-0.16950408,0.41349436,0.57517844,-0.16168408,-0.00782,White,-0.17189741,PA,1
PA-166,65058,0.01569474,0.64490709,0.34566414,0.63049716,0.36950284,0.32107513,0.02469208,0.00115165,0.00962308,0.01811403,51231,0.29924295,0.64665067,0.34235782,0.30429285,-0.0050499,White,0.29592625,PA,1
PA-167,65849,0.02804394,0.5259177,0.46474664,0.79513439,0.20486561,0.12856151,0.01913229,0.00101289,0.04188472,0.01296119,53313,0.06117106,0.51887665,0.46934031,0.04953634,0.01163472,White,0.05229282,PA,1
PA-168,62867,-0.01851146,0.77853734,0.21033725,0.53168256,0.46831744,0.41550677,0.02166641,0.00088434,0.02045524,0.01559136,52016,0.56820009,0.7739325,0.21698629,0.55694621,0.01125388,White,0.5594488,PA,1
PA-169,62618,-0.02239889,0.56478317,0.42642189,0.86145676,0.13854324,0.07328879,0.01747957,0.00070545,0.02974662,0.01124806,51031,0.13836128,0.55248195,0.43514135,0.1173406,0.02102068,White,0.12635439,PA,1
PA-170,62341,-0.02672345,0.44685074,0.54541115,0.92949742,0.07050258,0.01549196,0.0131257,0.00034382,0.0248559,0.00958641,49445,-0.09856041,0.44082833,0.54730897,-0.10648064,0.00792023,White,-0.10620049,PA,1
PA-171,63186,-0.01353119,0.5302607,0.45922945,0.91396422,0.08603578,0.03179458,0.01734949,0.00073091,0.02000385,0.01121369,51990,0.07103125,0.52252894,0.46368147,0.05884747,0.01218378,White,0.06196999,PA,1
PA-172,62910,-0.01784014,0.51744085,0.47305047,0.87635317,0.12364683,0.02487022,0.01947764,0.0007445,0.06352368,0.00802849,49698,0.04439038,0.50864561,0.47948887,0.02915674,0.01523364,White,0.0343125,PA,1
PA-173,63420,-0.00987795,0.55665012,0.43114477,0.8355605,0.1644395,0.05019711,0.02110583,0.0012332,0.07516426,0.01004751,49465,0.12550535,0.54825336,0.43846449,0.10978887,0.01571648,White,0.11526652,PA,1
PA-174,65567,0.02364132,0.79258364,0.19666709,0.54451137,0.45548863,0.36565675,0.03259912,0.00111481,0.04525757,0.01395307,55615,0.59591655,0.80199344,0.1872751,0.61471834,-0.01880179,White,0.59718381,PA,1
PA-175,65045,0.01549178,0.64653334,0.3425451,0.74857313,0.25142687,0.1587272,0.03273399,0.00121237,0.04442869,0.01503339,53614,0.30398824,0.64922222,0.33666667,0.31255555,-0.00856731,White,0.30184401,PA,1
PA-176,64740,0.01073008,0.66983504,0.31878948,0.74643556,0.25356444,0.16361942,0.03324946,0.00108098,0.04299692,0.01494735,53655,0.35104556,0.6699908,0.31626747,0.35372333,-0.00267777,White,0.34693815,PA,1
PA-177,63337,-0.01117376,0.83604677,0.15304353,0.71320848,0.28679152,0.05770524,0.03965023,0.00093815,0.17525755,0.00587673,56494,0.68300324,0.84738872,0.14361305,0.70377567,-0.02077243,White,0.68492738,PA,1
PA-178,63885,-0.0026183,0.85618372,0.13205996,0.56092676,0.43907324,0.33101826,0.03197001,0.0009738,0.06401352,0.01229192,54426,0.72412376,0.87027298,0.12113845,0.74913453,-0.02501077,White,0.72746068,PA,1
PA-179,64885,0.01299384,0.67338794,0.31703339,0.33652162,0.66347838,0.51797185,0.04307203,0.00140956,0.10344133,0.00918226,49661,0.35635455,0.71306952,0.28215223,0.43091729,-0.07456274,Black,0.3762088,PA,1
PA-180,64223,0.0026586,0.87229112,0.11546411,0.28193061,0.71806939,0.5241621,0.06264031,0.00175259,0.13144421,0.0165216,50782,0.75682701,0.89933839,0.09458929,0.8047491,-0.04792209,Black,0.76780104,PA,1
PA-181,64498,0.00695194,0.92073208,0.06093489,0.30728069,0.69271931,0.50715018,0.05502004,0.00141699,0.12877785,0.01424443,53635,0.85979719,0.95737992,0.03707785,0.92030207,-0.06050488,Black,0.87496548,PA,1
PA-182,64420,0.00573419,0.91487429,0.06964831,0.22259036,0.77740964,0.60252259,0.0456137,0.00150602,0.13128765,0.01378012,53120,0.84522598,0.95474813,0.04027711,0.91447102,-0.06924504,Black,0.86330766,PA,1
PA-183,64159,0.00165942,0.93172092,0.05809882,0.04722704,0.95277296,0.91738879,0.02805975,0.00125856,0.01392671,0.0141124,48468,0.8736221,0.95808347,0.03735046,0.92073301,-0.04711091,Black,0.88432574,PA,1
PA-184,64954,0.01407108,0.87736445,0.11063663,0.36561444,0.63438556,0.53558066,0.04297286,0.00197973,0.05630426,0.01342221,55058,0.76672782,0.89458732,0.09774792,0.7968394,-0.03011158,Black,0.77176501,PA,1
PA-185,64893,0.01311874,0.91473502,0.07428841,0.35925131,0.64074869,0.52971772,0.05224093,0.00269557,0.05753716,0.01302227,52679,0.84044661,0.93270915,0.06098532,0.87172383,-0.03127722,Black,0.84587235,PA,1
PA-186,65036,0.01535127,0.86547983,0.12430212,0.70989995,0.29010005,0.08592093,0.05836075,0.00115252,0.13365849,0.00786718,59869,0.74117771,0.87702362,0.11698349,0.76004013,-0.01886242,White,0.74246518,PA,1
PA-187,64850,0.01244741,0.69478826,0.29171205,0.61677522,0.38322478,0.06304476,0.13083686,0.001785,0.18286778,0.01496364,52661,0.40307621,0.70377469,0.28878638,0.41498831,-0.0119121,White,0.40204691,PA,1
PA-188,64780,0.01135456,0.86103796,0.12705727,0.66766224,0.33233776,0.11408249,0.06080486,0.00098407,0.1468156,0.00937451,57923,0.73398069,0.86846123,0.12489397,0.74356726,-0.00958657,White,0.73217621,PA,1
PA-189,64105,0.00081637,0.90745016,0.08146205,0.29366419,0.70633581,0.53628135,0.09718494,0.0032216,0.07576513,0.01388356,52148,0.82598811,0.93435897,0.06069597,0.873663,-0.04767489,Black,0.83687974,PA,1
PA-190,63804,-0.00388289,0.81950866,0.16897008,0.64741167,0.35258833,0.25380636,0.04409876,0.00132076,0.04529112,0.01350112,54514,0.65053858,0.82482193,0.16611714,0.65870479,-0.00816621,White,0.64826065,PA,1
PA-191,64360,0.00479747,0.76013242,0.23244382,0.06721322,0.93278678,0.27410155,0.65100744,0.00414254,0.05866788,0.02168868,46107,0.5276886,0.83913582,0.15586441,0.68327141,-0.15558281,Hispanic,0.57454954,PA,1
PA-192,63679,-0.0058344,0.7703138,0.22054239,0.14722296,0.85277704,0.25498273,0.61086013,0.00360971,0.02885552,0.02515723,45156,0.54977141,0.82887727,0.16432866,0.66454861,-0.1147772,Hispanic,0.58303048,PA,1
PA-193,64769,0.01118283,0.93567335,0.0530775,0.08438861,0.91561139,0.84816099,0.05458542,0.00191563,0.01834973,0.01625262,49592,0.88259585,0.96011954,0.03453429,0.92558525,-0.0429894,Black,0.89192565,PA,1
PA-194,63933,-0.00186892,0.94661093,0.04404668,0.04763589,0.95236411,0.92276854,0.02299257,0.00121841,0.00984554,0.01576072,50886,0.90256425,0.97006004,0.02562882,0.94443122,-0.04186697,Black,0.91151991,PA,1
PA-195,64027,-0.00040138,0.91203619,0.07847787,0.04028121,0.95971879,0.79673418,0.10482107,0.00163496,0.06874987,0.0141628,48931,0.83355832,0.94370261,0.0511642,0.89253841,-0.05898009,Black,0.84821835,PA,1
PA-196,64238,0.00289278,0.82259476,0.16690462,0.10139322,0.89860678,0.53252276,0.25253216,0.00217958,0.13083892,0.01515022,46798,0.65569014,0.87380086,0.12061694,0.75318392,-0.09749378,Black,0.68318807,PA,1
PA-197,64208,0.00242442,0.67346277,0.31283698,0.73248032,0.26751968,0.08492718,0.11779916,0.00193924,0.0567322,0.01408799,52598,0.36062579,0.67543109,0.31307325,0.36235784,-0.00173205,White,0.35620314,PA,1
PA-198,64910,0.01338414,0.73407978,0.2542104,0.25697941,0.74302059,0.41312965,0.30158764,0.003171,0.0460009,0.02091145,46673,0.47986938,0.78589368,0.20611134,0.57978234,-0.09991296,Black,0.5081737,PA,1
PA-199,63969,-0.00130688,0.64497352,0.33488909,0.31377211,0.68622789,0.2362988,0.20752002,0.00221054,0.21365115,0.01357608,47952,0.31008443,0.71754751,0.27545618,0.44209133,-0.1320069,Minority,0.34908673,PA,1
PA-200,65026,0.01519515,0.57042028,0.41925997,0.48070412,0.51929588,0.22304491,0.17443805,0.00185616,0.11167544,0.01181006,49026,0.15116031,0.60877941,0.38278061,0.2259988,-0.07483849,Minority,0.17110647,PA,1
PA-201,64181,0.00200289,0.50477383,0.48200031,0.62300781,0.37699219,0.14169922,0.09662109,0.00158203,0.11941406,0.01009766,51200,0.02277352,0.55029304,0.44252747,0.10776557,-0.08499205,White,0.0461042,PA,1
PA-202,64400,0.00542195,0.4295696,0.56018888,0.74827512,0.25172488,0.08075331,0.07126893,0.00120498,0.08973238,0.01035897,51453,-0.13061928,0.45339009,0.53939504,-0.08600495,-0.04461433,White,-0.12074784,PA,1
PA-203,64509,0.00712367,0.45654183,0.53000111,0.68722801,0.31277199,0.07707103,0.06168402,0.00099083,0.16480805,0.00650839,51472,-0.07345928,0.49637593,0.49585573,0.0005202,-0.07397948,White,-0.05379945,PA,1
SD-1 (2),24450,-0.03486878,0.29921319,0.68002997,0.94711594,0.05288406,0.00861172,0.01491157,0.00104034,0.00768697,0.0144492,17302,-0.38081678,0.31391229,0.66231005,-0.34839776,-0.03241902,White,-0.37501044,SD,2
SD-2 (2),24418,-0.03613194,0.32949014,0.64873174,0.87653344,0.12346656,0.03233648,0.04499972,0.00113065,0.01509413,0.02651365,17689,-0.3192416,0.34467649,0.62623532,-0.28155883,-0.03768277,White,-0.31168068,SD,2
SD-3 (2),24351,-0.03877668,0.40268659,0.57708852,0.79360548,0.20639452,0.06754211,0.0422495,0.00028547,0.07479303,0.01929774,17515,-0.17440193,0.42788859,0.55216472,-0.12427613,-0.0501258,White,-0.16269333,SD,2
SD-4 (2),25214,-0.0047109,0.47622522,0.49483157,0.73750186,0.26249814,0.08779666,0.06698707,0.00158549,0.02427786,0.0827429,20183,-0.01860635,0.47004921,0.49830307,-0.02825386,0.00964751,White,-0.02682219,SD,2
SD-5 (2),24486,-0.03344773,0.41623058,0.56195153,0.8530803,0.1469197,0.03176033,0.05248339,0.00191463,0.02950783,0.02950783,17758,-0.14572095,0.42441567,0.54977299,-0.12535732,-0.02036363,White,-0.14393307,SD,2
SD-6 (2),25335,0.00006541,0.50398535,0.46596295,0.72691013,0.27308987,0.10914271,0.07899508,0.0020202,0.03356643,0.05045325,19305,0.0380224,0.5128629,0.45169956,0.06116334,-0.02314094,White,0.04073605,SD,2
SD-7 (2),24709,-0.0246451,0.5292923,0.44539916,0.87013742,0.12986258,0.04080338,0.03567653,0.00079281,0.01612051,0.03557082,18920,0.08389314,0.52736539,0.44360736,0.08375803,0.00013511,White,0.0788481,SD,2
SD-8 (2),24251,-0.04272404,0.4928496,0.48152414,0.83467825,0.16532175,0.04960687,0.05214153,0.00129319,0.02048417,0.04091661,19332,0.01132546,0.49010969,0.47860097,0.01150872,-0.00018326,White,0.00638655,SD,2
SD-9 (2),25768,0.01715751,0.32930945,0.64278297,0.90769822,0.09230178,0.00821207,0.02891034,0.00086443,0.01051722,0.03856313,20823,-0.31347352,0.3281024,0.63299103,-0.30488863,-0.00858489,White,-0.31561189,SD,2
SD-10A (1),13191,0.04139435,0.84705075,0.12311385,0.04474002,0.95525998,0.00580411,0.02684401,0.00084643,0.00483676,0.94050786,8270,0.7239369,0.89430359,0.08231808,0.81198551,-0.08804861,Native,0.74828644,SD,1
SD-11 (2),26546,0.04786803,0.22523215,0.75453954,0.89601288,0.10398712,0.00904442,0.01984089,0.00265177,0.00909177,0.05753386,21118,-0.52930739,0.23515053,0.74006384,-0.50491331,-0.02439408,White,-0.52617603,SD,2
SD-12 (2),24616,-0.02831615,0.45178308,0.51287191,0.71676741,0.28323259,0.02356885,0.04652817,0.00213339,0.01940367,0.19617006,19687,-0.06108883,0.44988864,0.51011911,-0.06023047,-0.00085836,White,-0.06580271,SD,2
SD-13 (2),24764,-0.02247405,0.36556669,0.61027569,0.87570419,0.12429581,0.01290587,0.03451808,0.00107549,0.01915395,0.05351839,19526,-0.244709,0.36261124,0.60960533,-0.24699409,0.00228509,White,-0.2504707,SD,2
SD-14 (2),26297,0.03803908,0.3291812,0.64084039,0.80204896,0.19795104,0.02186869,0.04097917,0.00216717,0.02556272,0.11141211,20303,-0.31165919,0.33788458,0.6229747,-0.28509012,-0.02656907,White,-0.30780283,SD,2
SD-15 (2),26015,0.02690751,0.34834835,0.62668919,0.76564266,0.23435734,0.02347683,0.05008733,0.00318504,0.01957259,0.14070687,19466,-0.27834084,0.3536876,0.61724056,-0.26355296,-0.01478788,White,-0.27841155,SD,2
SD-16 (2),26127,0.03132856,0.25062735,0.72349435,0.87006537,0.12993463,0.02179091,0.03598034,0.00293924,0.01550702,0.0511833,19733,-0.472867,0.25790224,0.70403287,-0.44613063,-0.02673637,White,-0.46895488,SD,2
SD-17A (1),12999,0.02623646,0.16260282,0.81624559,0.91931069,0.08068931,0.00375063,0.02574759,0.00243284,0.00364927,0.0376077,9865,-0.65364277,0.1687224,0.80737018,-0.63864778,-0.01499499,White,-0.65364444,SD,1
SD-18 (2),25275,-0.00230301,0.21836149,0.7632292,0.76032043,0.23967957,0.00683578,0.01217623,0.0024032,0.00566088,0.21612817,18725,-0.54486771,0.2299851,0.75386184,-0.52387674,-0.02099097,White,-0.54287072,SD,2
SD-19 (2),25783,0.01774962,0.31701594,0.66000485,0.81628661,0.18371339,0.00828744,0.0199722,0.00097802,0.00859628,0.14541617,19427,-0.34298891,0.31846538,0.65681535,-0.33834997,-0.00463894,White,-0.3464426,SD,2
SD-20 (2),24047,-0.05077667,0.20419707,0.77670301,0.92250548,0.07749452,0.00619956,0.01592646,0.00128267,0.00416867,0.05242905,18711,-0.57250594,0.21974854,0.76343397,-0.54368543,-0.02882051,White,-0.5678991,SD,2
SD-21 (2),26543,0.04774961,0.35909864,0.62193878,0.87745699,0.12254301,0.02254791,0.03568453,0.00122543,0.02455762,0.03784128,20401,-0.26284014,0.37529927,0.60026418,-0.22496491,-0.03787523,White,-0.25521506,SD,2
SD-22 (2),26344,0.03989435,0.36340005,0.61805736,0.77829656,0.22170344,0.00903027,0.03242689,0.00148794,0.01375064,0.16706003,19490,-0.25465731,0.39248259,0.58729759,-0.194815,-0.05984231,White,-0.23970987,SD,2
SD-23 (2),24788,-0.02152668,0.29091062,0.68539987,0.92745571,0.07254429,0.00587064,0.02117622,0.00099591,0.01069294,0.03328441,19078,-0.39448925,0.29663212,0.67582038,-0.37918826,-0.01530099,White,-0.39438892,SD,2
SD-24 (2),24174,-0.04576352,0.25485613,0.72515515,0.92684711,0.07315289,0.00241967,0.02768556,0.00213832,0.00461426,0.03522593,17771,-0.47029902,0.27388431,0.70571918,-0.43183487,-0.03846415,White,-0.46247764,SD,2
SD-25 (2),26275,0.03717066,0.29323137,0.68291944,0.90183206,0.09816794,0.0043257,0.04025445,0.00045802,0.00783715,0.04335878,19650,-0.38968807,0.31842859,0.65842256,-0.33999397,-0.0496941,White,-0.37812337,SD,2
SD-26 (2),26287,0.03764435,0.42689897,0.54701327,0.87379281,0.12620719,0.02642861,0.03354219,0.00131907,0.04004334,0.02515664,21227,-0.1201143,0.44606826,0.5219687,-0.07590044,-0.04421386,White,-0.11037635,SD,2
SD-27 (2),24226,-0.04371089,0.26812272,0.70837233,0.79552373,0.20447627,0.01042959,0.09786898,0.0025933,0.07340174,0.02373436,17738,-0.44024961,0.27722056,0.69951401,-0.42229345,-0.01795616,White,-0.43926422,SD,2
SD-28 (2),24458,-0.03455299,0.24155674,0.73907756,0.80277673,0.19722327,0.00990152,0.01888823,0.00290588,0.00495076,0.16439757,18583,-0.49752082,0.25380202,0.72898643,-0.47518441,-0.02233641,White,-0.49507535,SD,2
SD-29 (2),25715,0.01506541,0.27723971,0.69895077,0.91799428,0.08200572,0.00898693,0.03222018,0.00178717,0.00791462,0.03073938,19584,-0.42171106,0.2942404,0.68388982,-0.38964942,-0.03206164,White,-0.41602385,SD,2
SD-30 (2),24168,-0.04600036,0.27349483,0.70733055,0.92772917,0.07227083,0.00749878,0.03450524,0.00146715,0.00755312,0.01885562,18403,-0.43383572,0.28700159,0.69322169,-0.4062201,-0.02761562,White,-0.42963051,SD,2
SD-31 (2),26101,0.03030224,0.40214111,0.57644777,0.89432283,0.10567717,0.02535838,0.02541013,0.00087978,0.03079232,0.01826838,19323,-0.17430666,0.41935003,0.5586613,-0.13931127,-0.03499539,White,-0.16764153,SD,2
SD-32 (2),26558,0.04834171,0.35371596,0.62566811,0.92544197,0.07455803,0.01784342,0.01960031,0.00060393,0.01663556,0.01482376,18214,-0.27195215,0.36147221,0.61342216,-0.25194995,-0.0200022,White,-0.27028475,SD,2
SD-33 (2),25086,-0.00976353,0.26421826,0.71206716,0.94491275,0.05508725,0.00595973,0.0178255,0.00075168,0.00590604,0.01820134,18625,-0.4478489,0.28198786,0.69177723,-0.40978937,-0.03805953,White,-0.44016239,SD,2
SD-34 (2),25006,-0.01292142,0.3495921,0.62301417,0.89029988,0.10970012,0.01846185,0.04452264,0.000612,0.00749694,0.03819869,19608,-0.27342207,0.36132446,0.61128179,-0.24995733,-0.02346474,White,-0.27060049,SD,2
SD-35 (2),26171,0.0330654,0.40999813,0.56789778,0.87824543,0.12175457,0.02207611,0.03071459,0.00206364,0.02644335,0.03560973,20837,-0.15789965,0.41957982,0.55545032,-0.1358705,-0.02202915,White,-0.1555566,SD,2
SD-10B (1),13181,0.04060487,0.61190476,0.36309524,0.17841061,0.82158939,0.00523305,0.01752464,0.0001217,0.00486796,0.80649872,8217,0.24880952,0.65431145,0.32767053,0.32664092,-0.0778314,Native,0.26975332,SD,1
SD-17B (1),12944,0.02189435,0.44732143,0.53013393,0.32719259,0.67280741,0.00768535,0.01152803,0.00192134,0.0045208,0.65675859,8848,-0.0828125,0.48296388,0.49651067,-0.01354679,-0.06926571,Native,-0.06472393,SD,1
TX-1,192455,-0.00951279,0.33911719,0.64881084,0.59240056,0.40759944,0.1306744,0.23805538,0.00201441,0.01211485,0.03028003,140984,-0.30969365,0.32169113,0.66190165,-0.34021052,0.03051687,White,-0.32486594,TX,1
TX-2,201390,0.036472,0.80890141,0.17483488,0.09623254,0.90376746,0.54793247,0.34724862,0.00113745,0.00718536,0.02322759,144182,0.63406653,0.87300213,0.11558642,0.75741571,-0.12334918,Black,0.67018292,TX,1
TX-3,200759,0.03322451,0.80534421,0.17943873,0.09775897,0.90224103,0.52156398,0.36390657,0.00134733,0.01383209,0.02491537,147700,0.62590548,0.85974133,0.12943905,0.73030228,-0.1043968,Black,0.65570441,TX,1
TX-4,200785,0.03335832,0.67253553,0.31154935,0.21019156,0.78980844,0.37646773,0.35890563,0.00179605,0.04750748,0.02959427,148103,0.36098618,0.71146245,0.27574339,0.43571906,-0.07473288,Black,0.38089714,TX,1
TX-5,200610,0.03245766,0.66709268,0.31889985,0.13850907,0.86149093,0.22169211,0.62652775,0.00144422,0.00942698,0.0370397,139175,0.34819283,0.74042886,0.24588165,0.49454721,-0.14635438,Hispanic,0.39197762,TX,1
TX-6,201387,0.03645657,0.63632894,0.34529166,0.18628486,0.81371514,0.11099836,0.66539487,0.00125827,0.02959641,0.03618541,147822,0.29103728,0.70775518,0.27732888,0.4304263,-0.13938902,Hispanic,0.33250029,TX,1
TX-7,201335,0.03618894,0.54909621,0.41605421,0.23719669,0.76280331,0.09510358,0.59890893,0.00199471,0.0599083,0.03540279,149395,0.133042,0.63071096,0.35388227,0.27682869,-0.14378669,Hispanic,0.1759709,TX,1
TX-8,201432,0.03668816,0.53079649,0.42751922,0.32921787,0.67078213,0.1388613,0.20219016,0.00191493,0.31764393,0.02117453,154053,0.10327727,0.59189096,0.3928181,0.19907286,-0.09579559,Minority,0.13020913,TX,1
TX-9,201026,0.03459865,0.58465289,0.39734798,0.22503661,0.77496339,0.15709247,0.56061825,0.00148512,0.04817695,0.03736859,145443,0.18730491,0.63771889,0.34621408,0.29150481,-0.1041999,Hispanic,0.21703821,TX,1
TX-10,201109,0.03502581,0.51037695,0.47232594,0.38084956,0.61915044,0.23699059,0.28186838,0.00173147,0.08404642,0.03015697,149584,0.03805101,0.54206032,0.44467009,0.09739023,-0.05933922,Minority,0.05283075,TX,1
TX-11,201943,0.03931807,0.49761553,0.46598676,0.46477084,0.53522916,0.14161241,0.203964,0.00179369,0.17213073,0.02497128,156660,0.03162877,0.53999006,0.44238034,0.09760972,-0.06598095,Minority,0.04862242,TX,1
TX-12,199032,0.02433634,0.54515293,0.43202148,0.52596114,0.47403886,0.16009419,0.22742217,0.00161572,0.07263231,0.02260757,159681,0.11313145,0.57216985,0.4131926,0.15897725,-0.0458458,White,0.12341338,TX,1
TX-13,201697,0.03805201,0.59591777,0.37998452,0.51586674,0.48413326,0.19470854,0.21015472,0.00189891,0.06378559,0.02529121,156932,0.21593325,0.63632904,0.34627093,0.29005811,-0.07412486,White,0.23564154,TX,1
TX-14,201034,0.03463982,0.53557711,0.44356921,0.59151098,0.40848902,0.12435576,0.19771294,0.00145529,0.07126915,0.02190419,173848,0.0920079,0.58978001,0.39631869,0.19346132,-0.10145342,White,0.12082571,TX,1
TX-15,192200,-0.01082517,0.61675904,0.36652988,0.267421,0.732579,0.34611934,0.24202743,0.00256106,0.13673458,0.02422879,138224,0.25022916,0.65565065,0.33234398,0.32330667,-0.07307751,Black,0.26958833,TX,1
TX-16,192111,-0.01128322,0.57175649,0.40982036,0.31891821,0.68108179,0.24930039,0.34199155,0.00243491,0.08054405,0.03030947,145796,0.16193613,0.60479782,0.37890214,0.22589568,-0.06395955,Hispanic,0.17825598,TX,1
TX-17,192522,-0.00916797,0.54119166,0.43908087,0.40672057,0.59327943,0.26515994,0.20193586,0.01080527,0.10302656,0.02582956,147428,0.10211079,0.57926779,0.40438777,0.17488002,-0.07276923,Minority,0.1213672,TX,1
TX-18,190857,-0.01773704,0.60957732,0.37754684,0.19797378,0.80202622,0.1513013,0.61110208,0.00130795,0.03205592,0.0276813,135326,0.23203048,0.67410527,0.30966504,0.36444023,-0.13240975,Hispanic,0.27116706,TX,1
TX-19,191101,-0.01648127,0.66502097,0.32253953,0.25663056,0.74336944,0.38146199,0.30772466,0.00196488,0.04762837,0.02429634,137922,0.34248144,0.70058476,0.28537485,0.41520991,-0.07272847,Black,0.36172426,TX,1
TX-20,191898,-0.01237944,0.50600549,0.47980105,0.50908983,0.49091017,0.12191377,0.31844389,0.00194382,0.0347845,0.02432082,151763,0.02620444,0.53508058,0.44758968,0.0874909,-0.06128646,White,0.04163326,TX,1
TX-21,193142,-0.00597708,0.40636907,0.57762775,0.63547192,0.36452808,0.12855282,0.15985836,0.00223853,0.05069937,0.03091888,147418,-0.17125868,0.40699076,0.57761865,-0.17062789,-0.00063079,White,-0.17604842,TX,1
TX-22,191942,-0.01215299,0.35516418,0.63271975,0.64805253,0.35194747,0.08677252,0.19733852,0.00248775,0.04041555,0.03195858,143905,-0.27755557,0.35172731,0.63129454,-0.27956723,0.00201166,White,-0.28322612,TX,1
TX-23,192223,-0.0107068,0.39061839,0.59639923,0.56177445,0.43822555,0.11104479,0.20567609,0.00371542,0.09930914,0.03006655,134036,-0.20578084,0.41229559,0.56973975,-0.15744416,-0.04833668,White,-0.19466861,TX,1
TX-24,191616,-0.01383078,0.40131364,0.5849101,0.58193653,0.41806347,0.09883475,0.22029835,0.00466511,0.0708236,0.03316804,146406,-0.18359646,0.40668831,0.57456819,-0.16787988,-0.01571658,White,-0.1833576,TX,1
TX-25,191028,-0.01685697,0.34384349,0.64135224,0.74058098,0.25941902,0.03932877,0.10861187,0.00213959,0.08443856,0.02493451,145822,-0.29750875,0.35340204,0.63140317,-0.27800113,-0.01950762,White,-0.29600621,TX,1
TX-26,197697,0.01746564,0.3438202,0.64069466,0.57521505,0.42478495,0.05146809,0.28626428,0.00169948,0.06473057,0.02838131,152988,-0.29687446,0.35418315,0.63025191,-0.27606876,-0.0208057,White,-0.29493923,TX,1
TX-27,196830,0.01300355,0.49666732,0.48540122,0.24401587,0.75598413,0.17334838,0.46299412,0.00181234,0.11646834,0.02434687,146220,0.0112661,0.55154289,0.43526993,0.11627296,-0.10500686,Hispanic,0.04126839,TX,1
TX-28,196939,0.01356453,0.58391393,0.40184426,0.0951834,0.9048166,0.06933621,0.81439271,0.00087349,0.02138342,0.03010461,145393,0.18206967,0.66841576,0.31872279,0.34969297,-0.1676233,Hispanic,0.2329441,TX,1
TX-29,197497,0.01643633,0.52468512,0.46567034,0.13386277,0.86613723,0.11675141,0.73558818,0.00127835,0.0130549,0.02958064,140024,0.05901478,0.60452179,0.38456601,0.21995578,-0.160941,Hispanic,0.10766178,TX,1
TX-30,200280,0.03075929,0.4782797,0.51192244,0.25666236,0.74333764,0.19682298,0.51418643,0.00169517,0.02413494,0.02999032,141579,-0.03364274,0.52256011,0.46518111,0.057379,-0.09102174,Hispanic,-0.00830216,TX,1
TX-31,197580,0.01686349,0.36466636,0.62413811,0.59415361,0.40584639,0.13110216,0.21223249,0.00278896,0.04088162,0.0261022,143781,-0.25947175,0.35432436,0.63251568,-0.27819132,0.01871957,White,-0.27071161,TX,1
TX-32,195798,0.00769227,0.83811788,0.1480318,0.14599856,0.85400144,0.52422294,0.27623136,0.00218809,0.05540797,0.01744693,155844,0.69008608,0.87848302,0.10991749,0.76856553,-0.07847945,Black,0.7112459,TX,1
TX-33,196442,0.01100667,0.83124149,0.1548129,0.09004073,0.90995927,0.52413313,0.31499733,0.00137132,0.07471983,0.02200185,148033,0.67642859,0.88257795,0.10754793,0.77503002,-0.09860143,Black,0.70429573,TX,1
TX-34,198061,0.019339,0.66193011,0.32636659,0.13736168,0.86263832,0.37834773,0.44765695,0.00631266,0.03364343,0.02843585,138452,0.33556352,0.71660735,0.27109164,0.44551571,-0.10995219,Hispanic,0.36721425,TX,1
TX-35,197014,0.01395052,0.71508932,0.27045445,0.09263361,0.90736639,0.44279446,0.4043823,0.00201761,0.06165698,0.02616542,141752,0.44463487,0.77830944,0.21103561,0.56727383,-0.12263896,Black,0.48051452,TX,1
TX-36,197680,0.01737815,0.59964142,0.39013895,0.07444238,0.92555762,0.11740287,0.79634635,0.00137657,0.0125397,0.03452182,139477,0.20950247,0.69940051,0.2898295,0.40957101,-0.20006854,Hispanic,0.27119198,TX,1
TX-37,196316,0.0103582,0.55653659,0.4276998,0.19667125,0.80332875,0.1482047,0.58522582,0.00145089,0.06716227,0.03525657,144739,0.12883679,0.60086587,0.38472201,0.21614386,-0.08730707,Hispanic,0.15293915,TX,1
TX-38,194006,-0.00153042,0.64092697,0.34011667,0.4256651,0.5743349,0.20194539,0.22824591,0.00167287,0.13569829,0.01830716,148248,0.3008103,0.65957664,0.32794219,0.33163445,-0.03082415,Minority,0.30608502,TX,1
TX-39,195594,0.00664236,0.6481038,0.33083264,0.55963142,0.44036858,0.07232346,0.27099186,0.00200528,0.08186522,0.02237314,165064,0.31727116,0.66350873,0.318219,0.34528973,-0.02801857,White,0.32161068,TX,1
TX-40,199939,0.0290043,0.46041611,0.51906785,0.53850888,0.46149112,0.09106855,0.23686931,0.001354,0.12254896,0.02211937,162482,-0.05865174,0.48569704,0.5016153,-0.01591826,-0.04273348,White,-0.04940725,TX,1
TX-41,196290,0.01022439,0.5775435,0.40164877,0.11283994,0.88716006,0.19146454,0.5827566,0.00177439,0.11800052,0.02862354,141457,0.17589473,0.66284302,0.32454528,0.33829774,-0.16240301,Hispanic,0.22502907,TX,1
TX-42,199286,0.02564358,0.56588144,0.41616266,0.10031448,0.89968552,0.27513192,0.40462262,0.00153243,0.22106364,0.02349288,150088,0.14971878,0.64505595,0.34512852,0.29992743,-0.15020865,Hispanic,0.19478833,TX,1
TX-43,193958,-0.00177746,0.51038789,0.46857684,0.37037212,0.62962788,0.22215843,0.27831103,0.00190485,0.12218072,0.02156806,148043,0.04181105,0.54714917,0.43868434,0.10846483,-0.06665378,Minority,0.05902898,TX,1
TX-44,193610,-0.00356847,0.54087277,0.43734207,0.20467029,0.79532971,0.22525368,0.46966697,0.0019586,0.09902865,0.03176404,138364,0.1035307,0.62071255,0.36506883,0.25564372,-0.15211302,Hispanic,0.14923504,TX,1
TX-45,196933,0.01353365,0.48155426,0.50102682,0.30296688,0.69703312,0.18560224,0.35635335,0.00185221,0.14772887,0.02708775,149551,-0.01947256,0.51705687,0.46934347,0.0477134,-0.06718596,Hispanic,-0.00207724,TX,1
TX-46,199550,0.02700228,0.38380792,0.59683034,0.48605465,0.51394535,0.11728365,0.2847595,0.00193233,0.0972608,0.02645012,144385,-0.21302242,0.39306724,0.59146045,-0.19839321,-0.01462921,Minority,-0.21314602,TX,1
TX-47,199853,0.02856169,0.40179939,0.58109095,0.48718249,0.51281751,0.13775809,0.22621648,0.00200478,0.1328667,0.02324444,145153,-0.17929156,0.41050816,0.57562132,-0.16511316,-0.0141784,Minority,-0.17956543,TX,1
TX-48,194556,0.0013002,0.34445962,0.63682985,0.56646174,0.43353826,0.10501482,0.21336066,0.00195072,0.09699364,0.02540863,141999,-0.29237023,0.35435544,0.63133843,-0.27698299,-0.01538724,White,-0.29224115,TX,1
TX-49,199436,0.02641557,0.42822852,0.55508849,0.45584701,0.54415299,0.16953874,0.27606713,0.00313379,0.08343802,0.02930333,146468,-0.12685997,0.43370821,0.55198905,-0.11828084,-0.00857913,Minority,-0.12900026,TX,1
TX-50,193409,-0.00460294,0.21532136,0.77839137,0.66584216,0.33415784,0.16416537,0.13667002,0.00107341,0.01066745,0.0250285,149989,-0.56307001,0.24118247,0.7488425,-0.50766003,-0.05540998,White,-0.54960002,TX,1
TX-51,193078,-0.00630646,0.26841688,0.72334732,0.60743275,0.39256725,0.20923712,0.14432226,0.00115173,0.01408122,0.0275386,145868,-0.45493044,0.29220453,0.69446196,-0.40225743,-0.05267301,White,-0.44237277,TX,1
TX-52,185879,-0.04335677,0.22688508,0.76619634,0.6434405,0.3565595,0.20258157,0.11290503,0.00150335,0.01126463,0.03181507,143014,-0.53931126,0.26131804,0.72834162,-0.46702358,-0.07228768,White,-0.52021537,TX,1
TX-53,190936,-0.01733046,0.198631,0.79336404,0.72498995,0.27501005,0.09716458,0.12350853,0.00206472,0.01282444,0.04203038,146751,-0.59473304,0.21152013,0.77611479,-0.56459466,-0.03013838,White,-0.58968691,TX,1
TX-54,188889,-0.02786553,0.16317149,0.8294881,0.75571393,0.24428607,0.07723112,0.12345262,0.00121309,0.00907061,0.03340823,145084,-0.66631661,0.17766812,0.81162497,-0.63395685,-0.03235976,White,-0.66053002,TX,1
TX-55,189935,-0.0224822,0.29319124,0.6941272,0.59549159,0.40450841,0.18753534,0.17207519,0.00131018,0.02410046,0.02556924,145018,-0.40093596,0.31958469,0.66637309,-0.3467884,-0.05414756,White,-0.38788677,TX,1
TX-56,184670,-0.049579,0.22289517,0.76867932,0.34954487,0.65045513,0.05295386,0.56681738,0.00238045,0.01732192,0.02483007,133588,-0.54578415,0.24578972,0.74272055,-0.49693083,-0.04885332,Hispanic,-0.53449971,TX,1
TX-57,195201,0.00461975,0.22564944,0.76566762,0.6787398,0.3212602,0.01813861,0.26653607,0.00206821,0.01151648,0.02612885,155690,-0.54001818,0.23699329,0.75058777,-0.51359448,-0.0264237,White,-0.53621028,TX,1
TX-58,189174,-0.02639875,0.23381013,0.75701379,0.54307216,0.45692784,0.03386883,0.38860128,0.00223236,0.01656464,0.02648013,146034,-0.52320366,0.25678103,0.73107745,-0.47429642,-0.04890724,White,-0.51190125,TX,1
TX-59,186588,-0.03970784,0.18658031,0.80241437,0.47813303,0.52186697,0.06678961,0.41149895,0.0018886,0.02461839,0.02638849,135021,-0.61583406,0.20305217,0.78211775,-0.57906558,-0.03676848,Minority,-0.6085779,TX,1
TX-60,191538,-0.01423221,0.16827632,0.82401489,0.4153453,0.5846547,0.03503982,0.53214957,0.00136869,0.00580236,0.02309294,137358,-0.65573857,0.19285873,0.79554652,-0.60268779,-0.05305078,Hispanic,-0.64305498,TX,1
TX-61,192837,-0.00754679,0.20323536,0.78731184,0.49405005,0.50594995,0.07832698,0.36395285,0.00113232,0.03804875,0.03707819,142186,-0.58407648,0.22178177,0.76172983,-0.53994806,-0.04412842,Minority,-0.57436701,TX,1
TX-62,187803,-0.03345473,0.17113437,0.81980436,0.71528017,0.28471983,0.0372293,0.19744172,0.00122224,0.01916958,0.03327456,142361,-0.64866999,0.17399135,0.81060695,-0.6366156,-0.01205439,White,-0.64965186,TX,1
TX-63,192963,-0.00689832,0.25657973,0.73286443,0.64256442,0.35743558,0.04923931,0.25332374,0.00125411,0.03246985,0.02735746,145920,-0.4762847,0.27213587,0.71210009,-0.43996422,-0.03632048,White,-0.46917787,TX,1
TX-64,192046,-0.01161774,0.30626613,0.68369121,0.40895897,0.59104103,0.11804215,0.42500439,0.00172132,0.03392016,0.02719688,148142,-0.37742508,0.35673384,0.62907721,-0.27234337,-0.10508171,Hispanic,-0.34739784,TX,1
TX-65,190293,-0.02063972,0.21694587,0.77322595,0.64730328,0.35269672,0.07785558,0.22888037,0.00257061,0.02297694,0.0301581,145102,-0.55628008,0.23289521,0.74980278,-0.51690757,-0.03937251,White,-0.54815591,TX,1
TX-66,190819,-0.01793261,0.21161462,0.77929251,0.69083357,0.30916643,0.09052474,0.16415153,0.00258931,0.02413319,0.03498941,148302,-0.56767789,0.22349168,0.76146188,-0.5379702,-0.02970769,White,-0.56277533,TX,1
TX-67,185732,-0.04411332,0.16118842,0.83034407,0.8070541,0.1929459,0.01798021,0.12530672,0.00182789,0.01120207,0.03470864,140599,-0.66915565,0.16869712,0.81804903,-0.64935191,-0.01980374,White,-0.6675544,TX,1
TX-68,194269,-0.00017687,0.14496185,0.84689292,0.76164556,0.23835444,0.03828454,0.16298924,0.00193526,0.00946272,0.02888654,154501,-0.70193107,0.15487941,0.8323582,-0.67747879,-0.02445228,White,-0.69878031,TX,1
TX-69,186811,-0.03856015,0.42221753,0.56415208,0.50134054,0.49865946,0.18187704,0.26938856,0.00193516,0.03112443,0.02827447,142107,-0.14193455,0.46327349,0.51778378,-0.05451029,-0.08742426,White,-0.11779313,TX,1
TX-70,188087,-0.0319931,0.18442387,0.8073279,0.72495605,0.27504395,0.08682732,0.15137036,0.00118592,0.00954942,0.02792429,145035,-0.62290403,0.20082253,0.78697664,-0.58615411,-0.03674992,White,-0.61565406,TX,1
TX-71,201080,0.03487656,0.52415462,0.46374414,0.21139716,0.78860284,0.08427768,0.67080908,0.00405528,0.03148844,0.03081727,141544,0.06041048,0.58276228,0.40105524,0.18170704,-0.12129656,Hispanic,0.09584267,TX,1
TX-72,201842,0.03879826,0.53275303,0.45356834,0.30349372,0.69650628,0.10630534,0.52626768,0.00494523,0.06084335,0.02936442,146606,0.07918469,0.57599669,0.40764279,0.1683539,-0.08916921,Hispanic,0.10390776,TX,1
TX-73,200671,0.03277161,0.5390257,0.44711532,0.29122499,0.70877501,0.21277479,0.45042653,0.00584819,0.04354486,0.03202549,146883,0.09191038,0.57642614,0.40662705,0.16979909,-0.07788871,Hispanic,0.11287328,TX,1
TX-74,200555,0.0321746,0.5617523,0.42244737,0.33436772,0.66563228,0.07664128,0.50120224,0.00315352,0.08266507,0.02889784,158870,0.13930493,0.5915335,0.39132028,0.20021322,-0.06090829,Hispanic,0.15460769,TX,1
TX-75,200982,0.0343722,0.41296169,0.57241064,0.51592525,0.48407475,0.06145981,0.32667073,0.00406933,0.083831,0.02447694,147690,-0.15944895,0.42662411,0.56008113,-0.13345702,-0.02599193,White,-0.15578497,TX,1
TX-76,200892,0.033909,0.49586168,0.48938068,0.43066584,0.56933416,0.09180186,0.42749609,0.00438936,0.03961226,0.03225643,157426,0.006481,0.51108856,0.47184096,0.0392476,-0.0327666,Minority,0.0124032,TX,1
TX-77,201022,0.03457806,0.56616377,0.4169943,0.32048437,0.67951563,0.06544359,0.55480877,0.00306187,0.05413919,0.03049927,159053,0.14916947,0.5949647,0.38931372,0.20565098,-0.05648151,Hispanic,0.16299664,TX,1
TX-78,200884,0.03386783,0.63771793,0.3437064,0.32192067,0.67807933,0.1313785,0.51418992,0.00304928,0.02887961,0.0293098,158070,0.29401153,0.67366028,0.31110795,0.36255233,-0.0685408,Hispanic,0.31185846,TX,1
TX-79,200101,0.02983805,0.61805496,0.3702808,0.12522107,0.87477893,0.04462017,0.81837524,0.00203281,0.01257632,0.02601996,147579,0.24777416,0.69873306,0.28693002,0.41180304,-0.16402888,Hispanic,0.29745045,TX,1
TX-80,201295,0.03598308,0.6695889,0.31819729,0.07738772,0.92261228,0.03762099,0.87653615,0.00168161,0.00939684,0.02837886,148667,0.35139161,0.74856682,0.2371472,0.51141962,-0.16002801,Hispanic,0.39973428,TX,1
TX-81,191269,-0.01561664,0.56298192,0.42170744,0.46167494,0.53832506,0.06224648,0.41333099,0.01826357,0.04863514,0.02949801,147671,0.14127448,0.59314772,0.3851221,0.20802562,-0.06675114,Minority,0.15852486,TX,1
TX-82,191742,-0.01318231,0.4364282,0.54581551,0.7441965,0.2558035,0.02605611,0.12877305,0.00215751,0.07273997,0.02551673,144611,-0.10938731,0.45381483,0.52846254,-0.07464771,-0.0347396,White,-0.10280744,TX,1
TX-83,191779,-0.01299188,0.73982847,0.23625087,0.29883476,0.70116524,0.11795328,0.5352673,0.00223202,0.04181502,0.03461321,148296,0.5035776,0.80967261,0.16738635,0.64228626,-0.13870866,Hispanic,0.54481382,TX,1
TX-84,190796,-0.01805098,0.73431908,0.24209626,0.27303658,0.72696342,0.15036817,0.50878173,0.00192399,0.0636826,0.03565745,141373,0.49222282,0.77250638,0.20600986,0.56649652,-0.0742737,Hispanic,0.51198072,TX,1
TX-85,191415,-0.01486524,0.66022187,0.31524036,0.41819349,0.58180651,0.154496,0.28734498,0.00312912,0.12867232,0.02799986,147965,0.34498151,0.68783744,0.28875037,0.39908707,-0.05410556,Minority,0.3580167,TX,1
TX-86,191873,-0.0125081,0.79132469,0.18166813,0.62900868,0.37099132,0.07073032,0.17074482,0.0020421,0.11404336,0.01904952,165516,0.60965656,0.82072265,0.15806386,0.66265879,-0.05300223,White,0.62232397,TX,1
TX-87,191867,-0.01253898,0.64645876,0.32783003,0.66912305,0.33087695,0.03329028,0.13298436,0.00208702,0.14468389,0.02007478,147100,0.31862873,0.65738958,0.32144361,0.33594597,-0.01731724,White,0.31940114,TX,1
TX-88,190514,-0.01950232,0.75127849,0.22443275,0.57905957,0.42094043,0.05504104,0.28841053,0.00247678,0.05921082,0.02968379,159481,0.52684574,0.77829371,0.19929868,0.57899503,-0.05214929,White,0.53922884,TX,1
TX-89,202623,0.04281775,0.37739671,0.60543216,0.69724183,0.30275817,0.04367818,0.18664277,0.00255084,0.04770065,0.02898143,152891,-0.22803545,0.37298611,0.60721676,-0.23423065,0.0061952,White,-0.23510052,TX,1
TX-90,203025,0.04488668,0.52408161,0.45555986,0.49837056,0.50162944,0.11829509,0.28333232,0.00347568,0.08382962,0.02845586,147597,0.06852175,0.54539224,0.43012976,0.11526248,-0.04674073,Minority,0.07910199,TX,1
TX-91,203369,0.04665711,0.5782645,0.39496324,0.5714061,0.4285939,0.06849899,0.18395747,0.00273996,0.15604659,0.02524302,152557,0.18330126,0.58965634,0.38498802,0.20466832,-0.02136706,White,0.18542361,TX,1
TX-92,193311,-0.00510731,0.53636831,0.44865829,0.2038966,0.7961034,0.05981978,0.70113767,0.00390356,0.03419267,0.02662213,143715,0.08771002,0.6107411,0.37290042,0.23784068,-0.15013066,Hispanic,0.13275357,TX,1
TX-93,193228,-0.00553447,0.6167726,0.36485521,0.1259893,0.8740107,0.03219264,0.82329392,0.00247077,0.01809473,0.02448305,151370,0.25191739,0.70362332,0.27967582,0.4239475,-0.17203011,Hispanic,0.30426076,TX,1
TX-94,193538,-0.00393903,0.60723691,0.3789293,0.11362,0.88638,0.03726907,0.83182267,0.00291248,0.01767482,0.02301325,150044,0.22830761,0.69150561,0.29493778,0.39656783,-0.16826022,Hispanic,0.27939435,TX,1
TX-95,193655,-0.00333688,0.51708744,0.47066437,0.10748874,0.89251126,0.04827316,0.82303857,0.00433781,0.0215836,0.02226138,132786,0.04642307,0.65178138,0.33147773,0.32030365,-0.27388058,Hispanic,0.1327166,TX,1
TX-96,193275,-0.00529258,0.44562489,0.5416187,0.14420215,0.85579785,0.01536172,0.82769817,0.00146764,0.00834199,0.02496366,144450,-0.09599381,0.53980511,0.44487441,0.0949307,-0.19092451,Hispanic,-0.03735231,TX,1
TX-97,185351,-0.04607417,0.5746929,0.41118546,0.30604311,0.69395689,0.37965901,0.24068199,0.0221852,0.06398405,0.03306477,131439,0.16350744,0.61656077,0.35906186,0.25749891,-0.09399147,Black,0.18983793,TX,1
TX-98,185296,-0.04635723,0.31132332,0.67419825,0.6104005,0.3895995,0.12490407,0.20992155,0.00526563,0.03184247,0.03289418,140724,-0.36287493,0.32567081,0.65436911,-0.3286983,-0.03417663,White,-0.35648272,TX,1
TX-99,186052,-0.04246641,0.52501278,0.45751429,0.36286099,0.63713901,0.23804592,0.25357291,0.00203426,0.13511954,0.02229554,135184,0.06749849,0.53022797,0.45534745,0.07488052,-0.00738203,Minority,0.06495917,TX,1
TX-100,185979,-0.04284211,0.24726866,0.74353034,0.57014838,0.42985162,0.07925183,0.30837289,0.00102334,0.01940789,0.02890219,140716,-0.49626168,0.2637759,0.72063479,-0.45685889,-0.03940279,White,-0.48812742,TX,1
TX-101,188121,-0.03181811,0.53691771,0.45203351,0.24515196,0.75484804,0.05764167,0.66988727,0.00179659,0.01946075,0.02289621,145832,0.0848842,0.57957658,0.40425784,0.17531874,-0.09043454,Hispanic,0.11002905,TX,1
TX-102,188887,-0.02787583,0.33862563,0.65214844,0.46559289,0.53440711,0.03085254,0.44763954,0.00222855,0.03823938,0.02495834,144040,-0.31352281,0.36635565,0.61892371,-0.25256806,-0.06095475,Minority,-0.29820456,TX,1
TX-103,192177,-0.01094354,0.4455972,0.54555217,0.16162358,0.83837642,0.01706855,0.80241412,0.0009126,0.01514352,0.01754624,140258,-0.09995497,0.51008153,0.47961681,0.03046472,-0.13041969,Hispanic,-0.06148174,TX,1
TX-104,191956,-0.01208094,0.49599438,0.49452841,0.05210684,0.94789316,0.0050693,0.9347584,0.0006593,0.00772848,0.01336185,136508,0.00146597,0.6176411,0.37066975,0.24697135,-0.24550538,Hispanic,0.0783011,TX,1
TX-105,191860,-0.01257501,0.46701681,0.52449466,0.11352322,0.88647678,0.00663514,0.87013454,0.00082114,0.00821878,0.01448733,136395,-0.05747785,0.56449731,0.42547145,0.13902586,-0.19650371,Hispanic,0.00302339,TX,1
TX-106,192067,-0.01150967,0.49414067,0.49651203,0.06530285,0.93469715,0.00345373,0.92587347,0.00031811,0.00383243,0.0135347,132031,-0.00237136,0.60305189,0.38550914,0.21754275,-0.21991411,Hispanic,0.06593334,TX,1
TX-107,191511,-0.01437117,0.48277975,0.50653967,0.09064382,0.90935618,0.00953355,0.86978444,0.00058646,0.02771381,0.01691436,139822,-0.02375992,0.56723325,0.42318412,0.14404913,-0.16780905,Hispanic,0.02717643,TX,1
TX-108,192150,-0.0110825,0.45425676,0.53861631,0.07442557,0.92557443,0.00472255,0.91539521,0.00041625,0.00538098,0.0145839,132132,-0.08435955,0.55035417,0.4406632,0.10969097,-0.19405052,Hispanic,-0.02467604,TX,1
TX-109,191631,-0.01375358,0.48752484,0.50346767,0.05838624,0.94161376,0.01360095,0.90863164,0.00030342,0.01822816,0.01535322,131829,-0.01594283,0.59282004,0.39815549,0.19466455,-0.21060738,Hispanic,0.04925963,TX,1
TX-110,190988,-0.01706284,0.50131943,0.48915492,0.03767968,0.96232032,0.00520764,0.95108511,0.00047275,0.00615314,0.01197388,135378,0.01216451,0.62035304,0.36826469,0.25208835,-0.23992384,Hispanic,0.08713912,TX,1
TX-111,191236,-0.01578648,0.43165547,0.56197874,0.06775092,0.93224908,0.01344863,0.90660633,0.00085874,0.00781081,0.01528559,133917,-0.13032327,0.55065056,0.4406947,0.10995586,-0.24027913,Hispanic,-0.05523023,TX,1
TX-112,195311,0.00518588,0.38650278,0.60746915,0.21121749,0.78878251,0.0118197,0.75463593,0.00122829,0.00863315,0.01646616,142474,-0.22096637,0.44204169,0.54701854,-0.10497685,-0.11598952,Hispanic,-0.1873032,TX,1
TX-113,195050,0.00384262,0.42823667,0.54775585,0.56087269,0.43912731,0.13468914,0.15594424,0.00245497,0.12827063,0.02479168,140531,-0.11951918,0.45632554,0.52399068,-0.06766514,-0.05185404,White,-0.1072345,TX,1
TX-114,194884,0.00298828,0.47182679,0.49367636,0.45283643,0.54716357,0.10211729,0.10282164,0.00204967,0.32368603,0.01742573,141974,-0.02184957,0.5275674,0.45701464,0.07055276,-0.09240233,Minority,0.00395121,TX,1
TX-115,194575,0.00139799,0.51291666,0.4506724,0.50362176,0.49637824,0.12259448,0.1721638,0.00192822,0.18465286,0.02242829,157658,0.06224426,0.54519067,0.43638795,0.10880272,-0.04655846,White,0.07276375,TX,1
TX-116,195695,0.00716217,0.48467513,0.47899803,0.53064009,0.46935991,0.10152356,0.12210786,0.00185043,0.22524549,0.02269136,148074,0.0056771,0.52120064,0.46008618,0.06111446,-0.05543736,White,0.01915622,TX,1
TX-117,195824,0.00782608,0.31682162,0.663459,0.66919519,0.33080481,0.07980912,0.1619056,0.00190735,0.05965405,0.03244689,136839,-0.34663738,0.31340692,0.66857771,-0.35517079,0.00853341,White,-0.35448185,TX,1
TX-118,196256,0.01004941,0.3344138,0.63672233,0.61960837,0.38039163,0.10186261,0.15709937,0.00180345,0.0958535,0.03025227,140287,-0.30230853,0.36859693,0.61383825,-0.24524132,-0.05706721,White,-0.28828613,TX,1
TX-119,195361,0.00544321,0.5253015,0.45726373,0.39666218,0.60333782,0.18207455,0.25988007,0.0022917,0.1456253,0.0298053,151416,0.06803777,0.56634304,0.41732552,0.14901752,-0.08097975,Minority,0.09003102,TX,1
TX-120,194975,0.00345662,0.44466136,0.53728288,0.54634069,0.45365931,0.10635567,0.14964722,0.00191482,0.1778561,0.0231027,144139,-0.09262152,0.47376714,0.51215825,-0.03839111,-0.05423041,White,-0.07954472,TX,1
TX-121,194719,0.00213909,0.53886561,0.44270164,0.52371341,0.47628659,0.16421505,0.21485749,0.00259301,0.074479,0.03258713,146162,0.09616397,0.55759967,0.42253664,0.13506303,-0.03889906,White,0.10413032,TX,1
TX-122,194960,0.00337942,0.35982555,0.62594114,0.7216807,0.2783193,0.05105403,0.11794581,0.00170886,0.08217586,0.02793651,146296,-0.26611559,0.37021965,0.61410886,-0.24388921,-0.02222638,White,-0.2637068,TX,1
TX-123,195039,0.003786,0.23774489,0.75223789,0.73335724,0.26664276,0.04109984,0.15543557,0.00197555,0.03320468,0.03698704,142239,-0.514493,0.24184888,0.74392156,-0.50207268,-0.01242032,White,-0.51535289,TX,1
TX-124,186947,-0.03786021,0.59416948,0.3943375,0.29515486,0.70484514,0.43589384,0.21871844,0.00103103,0.04322607,0.01836915,142576,0.19983198,0.63146294,0.35739026,0.27407268,-0.0742407,Black,0.21957888,TX,1
TX-125,187367,-0.03569864,0.17231,0.82065447,0.75468666,0.24531334,0.09398473,0.1028934,0.0008734,0.02372851,0.02358177,143119,-0.64834447,0.18435026,0.80370245,-0.61935219,-0.02899228,White,-0.64368038,TX,1
TX-126,192359,-0.01000686,0.33615052,0.65155339,0.51677618,0.48322382,0.08412928,0.35514411,0.00384855,0.02709379,0.02845127,142911,-0.31540287,0.3600843,0.62268017,-0.26259587,-0.052807,White,-0.30280054,TX,1
TX-127,194118,-0.00095401,0.25675998,0.73293492,0.71136958,0.28863042,0.02648813,0.21738961,0.00207699,0.01716763,0.02942837,154069,-0.47617494,0.26788122,0.71792755,-0.45004633,-0.02612861,White,-0.4724654,TX,1
TX-128,189132,-0.02661491,0.23189044,0.75656026,0.70343355,0.29656645,0.04167938,0.2026282,0.00521524,0.0142621,0.03632222,140933,-0.52466982,0.22385345,0.76301156,-0.53915811,0.01448829,White,-0.53449925,TX,1
TX-129,198482,0.02150572,0.29081244,0.69588242,0.66054419,0.33945581,0.06015886,0.19952679,0.00169005,0.05478452,0.02642555,147925,-0.40506998,0.29996716,0.68257466,-0.3826075,-0.02246248,White,-0.40258249,TX,1
TX-130,198771,0.02299308,0.37755782,0.61222844,0.52173998,0.47826002,0.18854834,0.24473421,0.00183755,0.02559492,0.0271382,152921,-0.23467062,0.41804619,0.56707073,-0.14902454,-0.08564608,White,-0.21112193,TX,1
TX-131,197176,0.01478427,0.19796075,0.7927038,0.75540736,0.24459264,0.05116624,0.12983616,0.00135763,0.01509292,0.04782845,150998,-0.59474305,0.21280711,0.77342654,-0.56061943,-0.03412362,White,-0.58836851,TX,1
TX-132,196401,0.01079566,0.21380924,0.77663719,0.67921286,0.32078714,0.08793748,0.18039791,0.00714323,0.02222632,0.03150923,151892,-0.56282795,0.22983468,0.75469692,-0.52486224,-0.03796571,White,-0.55517271,TX,1
TX-133,193413,-0.00458235,0.29401375,0.69696191,0.66429456,0.33570544,0.11730626,0.17323949,0.00140063,0.01619213,0.03245499,141365,-0.40294816,0.267609,0.72150052,-0.45389152,0.05094336,White,-0.42492928,TX,1
TX-134,194250,-0.00027466,0.18793996,0.80399515,0.70919558,0.29080442,0.07856995,0.16896116,0.00437948,0.0089395,0.03274918,149561,-0.61605519,0.20712591,0.78203085,-0.57490494,-0.04115025,White,-0.60733844,TX,1
TX-135,194729,0.00219056,0.20877037,0.78316121,0.61081915,0.38918085,0.16815454,0.19087849,0.000918,0.01025771,0.02442026,150326,-0.57439084,0.23590023,0.75353687,-0.51763664,-0.0567542,White,-0.56047277,TX,1
TX-136,190294,-0.02063457,0.2680188,0.72360778,0.42347217,0.57652783,0.05450373,0.49565445,0.00104073,0.01326754,0.02188282,145091,-0.45558898,0.29846102,0.68888235,-0.39042133,-0.06516765,Hispanic,-0.43886643,TX,1
TX-137,191451,-0.01467997,0.19826076,0.79493779,0.59585974,0.40414026,0.05940661,0.3157114,0.00116655,0.01279838,0.02169252,148300,-0.59667703,0.22188944,0.76868802,-0.54679858,-0.04987845,White,-0.58505088,TX,1
TX-138,185331,-0.0461771,0.35352958,0.63310233,0.52805375,0.47194625,0.07333601,0.36642164,0.00172285,0.00989203,0.03147074,139304,-0.27957275,0.37481004,0.60764959,-0.23283955,-0.0467332,White,-0.26899502,TX,1
TX-139,199387,0.02616338,0.26116301,0.72844626,0.6047077,0.3952923,0.1549482,0.19946453,0.00125763,0.01805417,0.02454978,154258,-0.46728325,0.27334058,0.71321993,-0.43987935,-0.0274039,White,-0.46314862,TX,1
TX-140,184947,-0.04815339,0.27495504,0.71340645,0.49640887,0.50359113,0.113597,0.35000254,0.00102914,0.02589524,0.02270635,137979,-0.43845141,0.299683,0.68834302,-0.38866002,-0.04979139,Minority,-0.42685428,TX,1
TX-141,185161,-0.04705202,0.67766414,0.30712262,0.17135306,0.82864694,0.44175171,0.24231701,0.00136554,0.14500404,0.01842743,136210,0.37054152,0.7227676,0.26501727,0.45775033,-0.08720881,Black,0.39461112,TX,1
TX-142,184630,-0.04978486,0.48493401,0.47656469,0.31566037,0.68433963,0.14172082,0.18395949,0.00200112,0.35160161,0.013183,139422,0.00836932,0.54745849,0.43784591,0.10961258,-0.10124326,Asian,0.03711707,TX,1
TX-143,186183,-0.04179221,0.51878553,0.43466739,0.21937125,0.78062875,0.22949176,0.22948439,0.00128994,0.31874102,0.01621642,135665,0.08411814,0.60648061,0.37934979,0.22713082,-0.14301268,Asian,0.12678903,TX,1
TX-144,189850,-0.02291966,0.37375957,0.60102178,0.49904512,0.50095488,0.09616113,0.1905826,0.00130668,0.19839951,0.01626783,129335,-0.22726221,0.39562133,0.58914953,-0.1935282,-0.03373401,Minority,-0.22101754,TX,1
TX-145,190728,-0.01840095,0.42445123,0.55817039,0.51740994,0.48259006,0.12089127,0.26450283,0.00198279,0.08497202,0.02217714,152815,-0.13371916,0.48136651,0.48973796,-0.00837145,-0.12534771,White,-0.09693659,TX,1
TX-146,195444,0.00587037,0.21942132,0.77375404,0.63089332,0.36910668,0.17385797,0.15798101,0.00116733,0.01162986,0.02492999,161051,-0.55433272,0.24493378,0.74430878,-0.499375,-0.05495772,White,-0.54101348,TX,1
TX-147,201161,0.03529344,0.17098864,0.82386709,0.69219916,0.30780084,0.07346276,0.1974137,0.00121129,0.00851231,0.02991621,150253,-0.65287845,0.16800996,0.82194364,-0.65393368,0.00105523,White,-0.65823019,TX,1
TX-148,198592,0.02207184,0.29118995,0.69871338,0.51070144,0.48929856,0.07781067,0.35771571,0.00274867,0.0313094,0.03590936,141523,-0.40752343,0.29218757,0.69305753,-0.40086996,-0.00665347,White,-0.41030561,TX,1
TX-149,199710,0.02782573,0.19018157,0.80277526,0.74875632,0.25124368,0.04237076,0.15630264,0.00183591,0.02182038,0.03005896,151968,-0.61259369,0.18848663,0.79948127,-0.61099464,-0.00159905,White,-0.61706067,TX,1
TX-150,196241,0.00997221,0.35405924,0.63244473,0.64173112,0.35826888,0.07205251,0.18653357,0.00256229,0.07652624,0.02364298,145963,-0.27838549,0.3636956,0.62053998,-0.25684438,-0.02154111,White,-0.27620512,TX,1
UT-1,44417,0.01823533,0.494,0.47311111,0.50638025,0.49361975,0.03215774,0.36290478,0.03921129,0.04389227,0.03228599,31190,0.02088889,0.51974904,0.42884643,0.09090261,-0.07001372,White,0.0392268,UT,1
UT-2,42497,-0.02577961,0.67958175,0.28329416,0.44285302,0.55714698,0.04444231,0.39325195,0.05302957,0.04966516,0.04658912,31209,0.39628759,0.69584811,0.26411052,0.43173759,-0.03545,Minority,0.40310426,UT,1
UT-3,45264,0.03765234,0.48690304,0.48174019,0.51205456,0.48794544,0.01956264,0.37265072,0.03265777,0.04873051,0.03320206,31233,0.00516285,0.50486235,0.44452815,0.0603342,-0.05517135,White,0.0185533,UT,1
UT-4,45460,0.04214553,0.49114243,0.47815133,0.48207437,0.51792563,0.02361556,0.36894158,0.04025739,0.07065648,0.03404444,31547,0.0129911,0.50971907,0.4422007,0.06751837,-0.05452727,Minority,0.02616686,UT,1
UT-5,44648,0.02353088,0.49870112,0.47054694,0.54190411,0.45809589,0.02750248,0.31311943,0.04936819,0.05243434,0.03112611,32288,0.02815418,0.50808642,0.45018519,0.05790123,-0.02974705,White,0.03306986,UT,1
UT-6,41586,-0.04666379,0.56168831,0.40967069,0.40685413,0.59314587,0.04079356,0.40513046,0.05029066,0.07773422,0.03869812,29588,0.15201762,0.58590484,0.36999801,0.21590683,-0.06388921,Minority,0.16831402,UT,1
UT-7,42357,-0.02898904,0.56473776,0.41676021,0.84846591,0.15153409,0.00734237,0.0965444,0.00309317,0.02602637,0.01268512,32006,0.14797755,0.58437476,0.39300774,0.19136702,-0.04338947,White,0.15744071,UT,1
UT-8,42221,-0.03210676,0.77916582,0.19044463,0.74669544,0.25330456,0.02897221,0.09606151,0.00847046,0.09697869,0.01801996,37070,0.58872119,0.78837114,0.18205468,0.60631646,-0.01759527,White,0.58958628,UT,1
UT-9,44961,0.03070623,0.78096744,0.1814813,0.69257771,0.30742229,0.04405555,0.14218853,0.01246375,0.0789795,0.03202422,39314,0.59948614,0.8043704,0.1617425,0.6426279,-0.04314176,White,0.60886673,UT,1
UT-10,43467,-0.0035429,0.78797653,0.19006723,0.846494,0.153506,0.0141848,0.05992649,0.00459427,0.05857693,0.01369666,34826,0.5979093,0.78312769,0.19135577,0.59177192,0.00613738,White,0.59086351,UT,1
UT-11,45659,0.0467075,0.62939013,0.34586641,0.86355801,0.13644199,0.01200942,0.05326668,0.0061771,0.0494455,0.01154973,34806,0.28352372,0.61921226,0.35148815,0.26772411,0.01579961,White,0.27325718,UT,1
UT-12,45282,0.03806498,0.69687298,0.27727052,0.82785651,0.17214349,0.01908603,0.07745179,0.00948621,0.04615297,0.01695589,35209,0.41960246,0.6880779,0.28037136,0.40770654,0.01189592,White,0.41063715,UT,1
UT-13,45006,0.03173783,0.69303293,0.27500867,0.60775732,0.39224268,0.06301098,0.19363008,0.01684697,0.08921739,0.03462989,36327,0.41802426,0.69066013,0.27121412,0.41944601,-0.00142175,White,0.41349818,UT,1
UT-14,43965,0.00787348,0.5967529,0.37693775,0.76591411,0.23408589,0.02834275,0.12625147,0.01078631,0.04805072,0.02231848,34859,0.21981515,0.58033303,0.38141314,0.19891989,0.02089526,White,0.20785006,UT,1
UT-15,44278,0.01504883,0.57690536,0.39402487,0.69578269,0.30421731,0.03163719,0.18326025,0.0173931,0.05382736,0.02660467,33979,0.18288049,0.56936202,0.38512081,0.18424121,-0.00136072,White,0.17833406,UT,1
UT-16,45441,0.04170997,0.51957524,0.45224342,0.65429727,0.34570273,0.03055968,0.20486627,0.02907535,0.05785966,0.0294246,34359,0.06733182,0.51103609,0.44440405,0.06663204,0.00069978,White,0.06209856,UT,1
UT-17,44494,0.02000051,0.47383342,0.4969666,0.66852436,0.33147564,0.01751539,0.22087148,0.0271611,0.04847353,0.02749793,32657,-0.02313318,0.46454489,0.49004769,-0.0255028,0.00236962,White,-0.02892305,UT,1
UT-18,45432,0.04150365,0.42550573,0.54077919,0.7135285,0.2864715,0.0183081,0.1857008,0.02022725,0.04481067,0.02202455,32827,-0.11527346,0.41041595,0.54642105,-0.1360051,0.02073164,White,-0.12718401,UT,1
UT-19,44888,0.02903275,0.43361921,0.53819325,0.66546248,0.33453752,0.02157317,0.22547884,0.02641265,0.04972395,0.02222071,29342,-0.10457404,0.43675499,0.51963166,-0.08287667,-0.02169737,White,-0.10234158,UT,1
UT-20,45285,0.03813375,0.32039979,0.65153631,0.85924013,0.14075987,0.0103322,0.07265237,0.01183625,0.0330565,0.01288255,30584,-0.33113652,0.29852411,0.66041702,-0.36189291,0.03075639,White,-0.34638865,UT,1
UT-21,42974,-0.01484465,0.58109555,0.3946458,0.85578753,0.14421247,0.0119044,0.05792066,0.00655649,0.05000453,0.01272019,33097,0.18644975,0.56562595,0.40209154,0.16353441,0.02291534,White,0.1738113,UT,1
UT-22,44204,0.01335242,0.5122516,0.45726749,0.74828403,0.25171597,0.01780415,0.14195366,0.01339808,0.05569044,0.02200042,33363,0.05498411,0.50735074,0.44929493,0.05805581,-0.0030717,White,0.05100801,UT,1
UT-23,44213,0.01355874,0.50834567,0.4661651,0.85100243,0.14899757,0.01148238,0.06075334,0.00917375,0.04878493,0.0140644,32920,0.04218057,0.49692858,0.46934238,0.0275862,0.01459437,White,0.03231578,UT,1
UT-24,44877,0.02878058,0.36992284,0.60315441,0.82785074,0.17214926,0.01113907,0.06806186,0.01319504,0.06658893,0.01110838,32588,-0.23323157,0.34665179,0.61574314,-0.26909135,0.03585978,White,-0.25018483,UT,1
UT-25,44501,0.02016098,0.45358659,0.51830063,0.7749099,0.2250901,0.01860305,0.11865454,0.01757337,0.05828042,0.01475888,29135,-0.06471404,0.43455573,0.52068173,-0.086126,0.02141196,White,-0.07685136,UT,1
UT-26,45158,0.03522235,0.32242899,0.65146915,0.80309933,0.19690067,0.01610647,0.1104136,0.01908383,0.03669692,0.01775657,27877,-0.32904016,0.30994547,0.64705271,-0.33710724,0.00806708,White,-0.33672919,UT,1
UT-27,42992,-0.01443201,0.41163845,0.56308133,0.80921032,0.19078968,0.01933267,0.08754295,0.01172164,0.0570667,0.01833713,31139,-0.15144288,0.3996105,0.5661226,-0.1665121,0.01506922,White,-0.16146595,UT,1
UT-28,43851,0.00526009,0.52454952,0.44304027,0.70229512,0.29770488,0.02763759,0.21704518,0.00675919,0.02712689,0.030882,33288,0.08150925,0.51414667,0.43605704,0.07808963,0.00341962,White,0.07536938,UT,1
UT-29,43482,-0.00319903,0.49072542,0.47714012,0.58918243,0.41081757,0.03701735,0.32130686,0.00740972,0.02473034,0.03948726,31985,0.0135853,0.51598911,0.4329818,0.08300731,-0.06942201,White,0.03172597,UT,1
UT-30,43313,-0.00707326,0.22862227,0.74661922,0.82838369,0.17161631,0.01472009,0.09089738,0.0087934,0.02270824,0.03578561,31046,-0.51799695,0.21479766,0.73878046,-0.5239828,0.00598585,White,-0.52499223,UT,1
UT-31,45765,0.04913749,0.42302538,0.54186026,0.86676361,0.13323639,0.01045169,0.06731497,0.01454149,0.02747735,0.01469296,33009,-0.11883488,0.39739719,0.55515666,-0.15775947,0.03892459,White,-0.13680974,UT,1
UT-32,43776,0.00354076,0.43080438,0.53549359,0.78029122,0.21970878,0.01532389,0.12010349,0.02646854,0.04046569,0.02139374,30149,-0.10468921,0.41364861,0.5345206,-0.12087199,0.01618278,White,-0.11508347,UT,1
UT-33,44305,0.01566779,0.36410661,0.60446256,0.89900279,0.10099721,0.01047577,0.04841688,0.0077561,0.02471208,0.01017359,29783,-0.24035595,0.32973865,0.62484141,-0.29510276,0.05474681,White,-0.26360489,UT,1
UT-34,44360,0.01692864,0.3117975,0.65610107,0.89679969,0.10320031,0.0074757,0.05667296,0.00669253,0.02093197,0.01156954,28091,-0.34430357,0.281978,0.66930805,-0.38733005,0.04302648,White,-0.36364573,UT,1
UT-35,42985,-0.01459248,0.37338929,0.59476672,0.8081159,0.1918841,0.02366592,0.10079323,0.01127573,0.03848171,0.02274813,30508,-0.22137743,0.35057743,0.60152404,-0.25094661,0.02956918,White,-0.23623382,UT,1
UT-36,41908,-0.03928212,0.36871389,0.59647621,0.70873887,0.29126113,0.03452901,0.17529319,0.0132751,0.04739141,0.02998934,29077,-0.22776232,0.36180833,0.58578152,-0.22397319,-0.00378913,White,-0.23149928,UT,1
UT-37,43548,-0.00168602,0.28493912,0.6881507,0.84962326,0.15037674,0.01411004,0.0764501,0.00916975,0.0368567,0.01674012,28136,-0.40321158,0.25412161,0.70098534,-0.44686373,0.04365215,White,-0.4227623,UT,1
UT-38,41625,-0.04576974,0.34250045,0.62354502,0.76155691,0.23844309,0.02456752,0.14057276,0.01446431,0.04175752,0.02547609,27516,-0.28104457,0.33140998,0.61291511,-0.28150513,0.00046056,White,-0.28619809,UT,1
UT-39,43995,0.00856121,0.38893219,0.57791634,0.80229885,0.19770115,0.02491457,0.12202547,0.0091954,0.02848711,0.02140416,32190,-0.18898415,0.37595817,0.57926798,-0.20330981,0.01432566,White,-0.19875937,UT,1
UT-40,44709,0.02492927,0.36063261,0.60879534,0.76696008,0.23303992,0.01886199,0.15218485,0.0075448,0.03388871,0.0268469,31810,-0.24816273,0.35095359,0.60092603,-0.24997244,0.00180971,White,-0.25376597,UT,1
UT-41,44872,0.02866596,0.24890472,0.72779757,0.85457631,0.14542369,0.01239352,0.08989304,0.00489976,0.02164863,0.02068789,31226,-0.47889285,0.23363102,0.73351534,-0.49988432,0.02099147,White,-0.49089001,UT,1
UT-42,44880,0.02884935,0.45655833,0.50291338,0.81294604,0.18705396,0.01713365,0.103996,0.00869179,0.03873816,0.02099359,36011,-0.04635505,0.43515726,0.50347757,-0.06832031,0.02196526,White,-0.0586768,UT,1
UT-43,44297,0.0154844,0.26559174,0.70293039,0.83255911,0.16744089,0.00835471,0.11644595,0.00731471,0.01917077,0.0180961,28846,-0.43733865,0.23572467,0.71995789,-0.48423322,0.04689457,White,-0.45797017,UT,1
UT-44,43977,0.00814857,0.25529469,0.71105805,0.88363363,0.11636637,0.00747338,0.07258395,0.0045045,0.01805214,0.01501502,29304,-0.45576336,0.22858482,0.72591378,-0.49732896,0.0415656,White,-0.47461856,UT,1
UT-45,44706,0.0248605,0.29050967,0.68120605,0.90145974,0.09854026,0.00766602,0.0577826,0.00373718,0.01475708,0.01306417,31307,-0.39069638,0.27433337,0.68823699,-0.41390362,0.02320724,White,-0.40343213,UT,1
UT-46,41803,-0.04168918,0.24268741,0.72200219,0.87145248,0.12854752,0.00725194,0.07966669,0.00446273,0.01840876,0.01941985,28682,-0.47931478,0.23244147,0.73032658,-0.49788511,0.01857033,White,-0.49050489,UT,1
UT-47,41683,-0.04444012,0.16980861,0.79110048,0.86710846,0.13289154,0.00486446,0.0893581,0.00338398,0.01586238,0.02164334,28369,-0.62129187,0.15555322,0.80774085,-0.65218763,0.03089576,White,-0.63659046,UT,1
UT-48,45616,0.04572175,0.32869242,0.64523859,0.85640307,0.14359693,0.01192027,0.06735279,0.00791428,0.04087415,0.01341845,30704,-0.31654617,0.32612829,0.63568358,-0.30955529,-0.00699088,White,-0.31921588,UT,1
UT-49,42533,-0.02495433,0.28335156,0.69910698,0.82144537,0.17855463,0.00968804,0.11954852,0.01044051,0.01646026,0.02514501,31895,-0.41575542,0.27399926,0.69634915,-0.42234989,0.00659447,White,-0.42295358,UT,1
UT-50,43482,-0.00319903,0.2581731,0.72287546,0.82641841,0.17358159,0.0141035,0.10112887,0.01753409,0.02116992,0.02240141,34105,-0.46470236,0.24778559,0.72171491,-0.47392932,0.00922696,White,-0.47277801,UT,1
UT-51,42189,-0.03284035,0.18555793,0.79624271,0.8409604,0.1590396,0.00713134,0.09621932,0.01626949,0.02003225,0.01992474,27905,-0.61068478,0.18179085,0.78769354,-0.60590269,-0.00478209,White,-0.61409075,UT,1
UT-52,42743,-0.0201402,0.2200206,0.76226571,0.86104848,0.13895152,0.00632594,0.08342728,0.01049104,0.01600276,0.02229738,31932,-0.54224511,0.22398824,0.74932243,-0.52533419,-0.01691092,White,-0.54160814,UT,1
UT-53,43355,-0.00611044,0.12970208,0.85344568,0.86781216,0.13218784,0.00442579,0.09118422,0.00384002,0.01086921,0.0257737,30729,-0.7237436,0.12522934,0.85209578,-0.72686644,0.00312284,White,-0.72978455,UT,1
UT-54,41829,-0.04109315,0.2015188,0.77454158,0.86483682,0.13516318,0.00719296,0.0857787,0.00894646,0.01066419,0.02383338,27944,-0.57302278,0.20543625,0.7568704,-0.55143415,-0.02158863,White,-0.57082657,UT,1
UT-55,42655,-0.02215755,0.3142963,0.65622188,0.80403488,0.19596512,0.01211866,0.12913733,0.01187349,0.01653182,0.02812511,28551,-0.34192558,0.31528113,0.63130965,-0.31602852,-0.02589706,White,-0.33829323,UT,1
UT-56,45278,0.03797328,0.12593832,0.85651248,0.82405781,0.17594219,0.00599954,0.0713315,0.00387815,0.01054062,0.0879711,30169,-0.73057416,0.1114025,0.8634218,-0.7520193,0.02144514,White,-0.74272254,UT,1
UT-57,45661,0.04675335,0.29408314,0.68563527,0.84700825,0.15299175,0.00621254,0.10740171,0.00298077,0.01352327,0.02353236,31871,-0.39155213,0.29096611,0.67958881,-0.3886227,-0.00292943,White,-0.39557565,UT,1
UT-58,41810,-0.04152871,0.34860494,0.63004536,0.71845924,0.28154076,0.00851037,0.06751135,0.00444571,0.01282906,0.19176908,31491,-0.28144042,0.36787399,0.60639223,-0.23851824,-0.04292218,White,-0.27213303,UT,1
UT-59,43019,-0.01381305,0.12704192,0.85071836,0.87460907,0.12539093,0.0076883,0.07551473,0.01039223,0.00811181,0.02332551,30696,-0.72367644,0.11861716,0.85608195,-0.73746479,0.01378835,White,-0.73327256,UT,1
UT-60,43798,0.0040451,0.2038282,0.77493256,0.87963201,0.12036799,0.00530751,0.07646037,0.00340968,0.00891019,0.02473623,31088,-0.57110436,0.19739405,0.773857,-0.57646295,0.00535859,White,-0.57789056,UT,1
UT-61,42708,-0.02094256,0.2387977,0.72872822,0.81686317,0.18313683,0.00844274,0.12998847,0.01405884,0.01558374,0.01829881,26887,-0.48993052,0.21978439,0.72945447,-0.50967008,0.01973956,White,-0.50151037,UT,1
UT-62,41823,-0.04123069,0.19699959,0.77593247,0.86299017,0.13700983,0.0059204,0.10313197,0.00708987,0.00979425,0.01560501,27363,-0.57893288,0.17368265,0.78511292,-0.61143027,0.03249739,White,-0.59476534,UT,1
UT-63,42173,-0.03320714,0.30533947,0.65962851,0.80115263,0.19884737,0.00977234,0.13910367,0.01643041,0.01764748,0.02029639,27936,-0.35428904,0.28077522,0.66188866,-0.38111344,0.0268244,White,-0.36823051,UT,1
UT-64,41941,-0.03852561,0.20675278,0.76342624,0.82953303,0.17046697,0.00919363,0.11826171,0.01150217,0.01636224,0.0203718,24691,-0.55667346,0.18660429,0.7631766,-0.57657231,0.01989885,White,-0.56830641,UT,1
UT-65,42317,-0.02990602,0.25886624,0.70748394,0.83456194,0.16543806,0.01381122,0.09731401,0.01559058,0.02380952,0.01800542,23604,-0.4486177,0.22873497,0.71602748,-0.48729251,0.03867481,White,-0.4665093,UT,1
UT-66,42210,-0.03235893,0.28463132,0.68548636,0.83605895,0.16394105,0.01098324,0.08919847,0.01708056,0.03508984,0.01603069,24765,-0.40085504,0.25871109,0.68257783,-0.42386674,0.0230117,White,-0.41352561,UT,1
UT-67,42819,-0.01839794,0.30080008,0.6680443,0.82280928,0.17719072,0.01015767,0.08524106,0.0150091,0.04809733,0.01705579,26384,-0.36724422,0.27904576,0.66530812,-0.38626236,0.01901814,White,-0.3785836,UT,1
UT-68,42749,-0.02000265,0.236058,0.73414583,0.90308613,0.09691387,0.00634839,0.04377821,0.01236652,0.02249459,0.01203626,27251,-0.49808783,0.21189747,0.74191383,-0.53001636,0.03192853,White,-0.51373067,UT,1
UT-69,43718,0.00221114,0.30666974,0.65866605,0.83031014,0.16968986,0.00932104,0.10293378,0.01676446,0.02732607,0.01720034,29825,-0.35199631,0.27477929,0.66894061,-0.39416132,0.04216501,White,-0.37105131,UT,1
UT-70,44821,0.02749681,0.28284547,0.68486823,0.80869794,0.19130206,0.01146367,0.11634476,0.01869005,0.03015372,0.01750755,30444,-0.40202276,0.26133043,0.68458071,-0.42325028,0.02122752,White,-0.4140986,UT,1
UT-71,42259,-0.03123563,0.33842883,0.62444687,0.74788079,0.25211921,0.01170614,0.1710845,0.02075484,0.03310011,0.02280678,29728,-0.28601804,0.30784887,0.63323244,-0.32538357,0.03936553,White,-0.30413988,UT,1
UT-72,43405,-0.00496421,0.3481842,0.61631099,0.70137835,0.29862165,0.01790305,0.20411956,0.02477931,0.03589902,0.02459346,32285,-0.26812679,0.32536132,0.61470521,-0.28934389,0.0212171,White,-0.28019916,UT,1
UT-73,41727,-0.04343144,0.3514979,0.61183408,0.70549233,0.29450767,0.01820881,0.1982187,0.02668646,0.03826489,0.02513607,30315,-0.26033618,0.33366822,0.60699485,-0.27332663,0.01299045,White,-0.26966633,UT,1
UT-74,41720,-0.04359191,0.4161314,0.54587998,0.69661781,0.30338219,0.01925431,0.20224484,0.02286635,0.04301621,0.02797098,33499,-0.12974858,0.41874442,0.50296435,-0.08421993,-0.04552865,White,-0.11957236,UT,1
UT-75,41891,-0.03967183,0.38901734,0.57290462,0.82066896,0.17933104,0.01340248,0.08222132,0.02077385,0.0509877,0.01523804,34322,-0.18388728,0.36607083,0.57755908,-0.21148825,0.02760097,White,-0.1980876,UT,1
VA-1,85686,-0.00727496,0.58076369,0.39365761,0.74811871,0.25188129,0.07040701,0.04774994,0.00108863,0.1164968,0.01371671,73487,0.18710608,0.59438958,0.37735007,0.21703951,-0.02993343,White,0.19208389,VA,1
VA-2,84243,-0.023993,0.51381186,0.47559597,0.51208298,0.48791702,0.42586646,0.0407791,0.0009799,0.01156287,0.01519606,66333,0.03821589,0.53416831,0.45350665,0.08066166,-0.04244577,White,0.04736448,VA,1
VA-3,83779,-0.02936872,0.27924302,0.71304038,0.74561907,0.25438093,0.20017656,0.03316413,0.00050026,0.00584124,0.01522843,67965,-0.43379736,0.2915033,0.69857403,-0.40707073,-0.02672663,White,-0.42988848,VA,1
VA-4,86935,0.00719548,0.44443087,0.53531998,0.64282384,0.35717616,0.26852153,0.04198166,0.00169566,0.02657943,0.01930224,70769,-0.09088911,0.4903813,0.47743304,0.01294826,-0.10383737,White,-0.06127665,VA,1
VA-5,85753,-0.00649872,0.74121432,0.23577386,0.71147409,0.28852591,0.12779926,0.05677883,0.00131306,0.08938878,0.01450133,69304,0.50544046,0.7524655,0.22824103,0.52422447,-0.01878401,White,0.5067018,VA,1
VA-6,88271,0.02267386,0.62082009,0.35952581,0.73267701,0.26732299,0.10455411,0.06231795,0.00127437,0.08392617,0.01429812,71408,0.26129428,0.62319603,0.35579395,0.26740208,-0.0061078,White,0.25833021,VA,1
VA-7,84643,-0.01935875,0.67034851,0.31656171,0.34673173,0.65326827,0.54178965,0.07936696,0.00355972,0.02337551,0.01950431,67421,0.3537868,0.70224259,0.28528401,0.41695858,-0.06317178,Black,0.36984406,VA,1
VA-8,86426,0.0012984,0.49015519,0.49961203,0.46459591,0.53540409,0.486932,0.03212054,0.0018139,0.00823536,0.01441849,75528,-0.00945684,0.52721621,0.46234339,0.06487282,-0.07432966,Black,0.01031971,VA,1
VA-9,87188,0.01012664,0.38300781,0.60957031,0.61640792,0.38359208,0.34239538,0.0214404,0.00087743,0.00683545,0.01341617,70661,-0.2265625,0.41172309,0.57963682,-0.16791373,-0.05864877,White,-0.21201291,VA,1
VA-10,84456,-0.02152526,0.5979549,0.3865335,0.45790378,0.54209622,0.46505779,0.03847235,0.00193689,0.02586692,0.02032177,64020,0.2114214,0.61548868,0.3668059,0.24868278,-0.03726138,Black,0.21884186,VA,1
VA-11,84470,-0.02136306,0.39248187,0.59493858,0.65890489,0.34109511,0.28086839,0.02481726,0.00163406,0.01454604,0.02121358,68541,-0.20245671,0.40233006,0.583818,-0.18148794,-0.02096877,White,-0.20046712,VA,1
VA-12,83105,-0.03717743,0.35239284,0.63303951,0.7856194,0.2143806,0.10569972,0.04229225,0.00291937,0.04524251,0.02018845,64740,-0.28064667,0.3317518,0.64982439,-0.31807259,0.03742592,White,-0.29812198,VA,1
VA-13,83260,-0.03538166,0.54484981,0.43911088,0.54163813,0.45836187,0.33949832,0.05692012,0.00406106,0.04600907,0.02358352,61314,0.10573893,0.5506926,0.42952894,0.12116366,-0.01542473,White,0.10588051,VA,1
VA-14,85214,-0.01274337,0.62759007,0.35675618,0.43333946,0.56666054,0.43315574,0.07367261,0.0031539,0.04839549,0.02584359,65316,0.27083389,0.65357744,0.32663573,0.32694171,-0.05610782,Minority,0.2845365,VA,1
VA-15,83476,-0.03287917,0.51315992,0.47398799,0.56666212,0.43333788,0.29154356,0.08395836,0.00230313,0.04527479,0.02089489,65997,0.03917193,0.53693512,0.44629615,0.09063897,-0.05146704,White,0.05132761,VA,1
VA-16,83564,-0.03185963,0.45059108,0.53149794,0.81194647,0.18805353,0.06814224,0.04794368,0.00303648,0.05209651,0.01638807,67183,-0.08090686,0.4182697,0.55908652,-0.14081682,0.05990996,White,-0.10587685,VA,1
VA-17,82677,-0.04213607,0.50288168,0.48052092,0.62408182,0.37591818,0.20127073,0.09274756,0.00584224,0.06472958,0.02711917,64530,0.02236076,0.54720244,0.43054425,0.11665819,-0.09429743,White,0.04879324,VA,1
VA-18,82971,-0.0387299,0.50330468,0.4798484,0.57670477,0.42329523,0.20823104,0.0736322,0.00456585,0.12768752,0.0219849,63953,0.02345628,0.50670475,0.47126871,0.03543604,-0.01197976,White,0.02244953,VA,1
VA-19,82526,-0.0438855,0.53532797,0.44652451,0.52047868,0.47952132,0.25051514,0.06677762,0.00475511,0.1531463,0.01962276,63090,0.08880346,0.54141759,0.43524823,0.10616936,-0.0173659,White,0.08959209,VA,1
VA-20,87632,0.01527065,0.5648005,0.41607503,0.53276621,0.46723379,0.27462599,0.09180111,0.00523614,0.09049575,0.02543268,68180,0.14872547,0.5897952,0.38600351,0.20379169,-0.05506622,White,0.16208088,VA,1
VA-21,84823,-0.01727334,0.66771568,0.31600651,0.40022938,0.59977062,0.52901598,0.0369906,0.002936,0.02049086,0.02232587,65395,0.35170917,0.67499308,0.30500843,0.36998465,-0.01827548,Black,0.352801,VA,1
VA-22,83910,-0.02785101,0.78641498,0.19241838,0.41380169,0.58619831,0.48598884,0.04957007,0.00295897,0.044824,0.01724113,68267,0.5939966,0.8100774,0.16870702,0.64137038,-0.04737378,Black,0.60478786,VA,1
VA-23,84154,-0.02502412,0.7085518,0.27587158,0.34327628,0.65672372,0.50762547,0.0836278,0.00506325,0.05832683,0.02309822,65373,0.43268022,0.72562651,0.25544076,0.47018575,-0.03750553,Black,0.44018206,VA,1
VA-24,85221,-0.01266227,0.59110799,0.3863885,0.52809021,0.47190979,0.27731092,0.12651009,0.00673705,0.05560583,0.03015155,69615,0.20471949,0.61342137,0.3593575,0.25406387,-0.04934438,White,0.21616762,VA,1
VA-25,82691,-0.04197387,0.426967,0.55469109,0.73069117,0.26930883,0.12490611,0.05372753,0.00442669,0.07093887,0.02120655,62575,-0.12772409,0.42314124,0.554112,-0.13097076,0.00324667,White,-0.13380631,VA,1
VA-26,85366,-0.01098235,0.67306569,0.31007339,0.40180967,0.59819033,0.50898873,0.04780574,0.00362232,0.03175124,0.02556496,67084,0.3629923,0.6920707,0.28879866,0.40327204,-0.04027974,Black,0.37141888,VA,1
VA-27,82824,-0.04043299,0.68307692,0.2994105,0.39883366,0.60116634,0.46194967,0.08264613,0.00402448,0.05079958,0.02315975,65847,0.38366642,0.69055525,0.28960818,0.40094707,-0.01728065,Black,0.38442664,VA,1
VA-28,82855,-0.04007383,0.63173357,0.35069808,0.41367621,0.58632379,0.48689543,0.06036887,0.00345141,0.03010739,0.02174081,64901,0.28103549,0.66122643,0.31851685,0.34270958,-0.06167409,Black,0.29659352,VA,1
VA-29,82671,-0.04220559,0.63466659,0.34675272,0.43016698,0.56983302,0.39303815,0.11043325,0.00532228,0.06437571,0.02414883,62943,0.28791387,0.63924354,0.3401257,0.29911784,-0.01120397,Minority,0.28664853,VA,1
VA-30,85126,-0.0137629,0.54683281,0.43422973,0.71072512,0.28927488,0.18143707,0.05086419,0.00217478,0.04014766,0.0176272,69892,0.11260308,0.53565147,0.44509732,0.09055415,0.02204893,White,0.10025344,VA,1
VA-31,86364,0.00058009,0.71134087,0.27516836,0.33799822,0.66200178,0.59687686,0.03371505,0.0011749,0.01311719,0.02562463,67240,0.43617251,0.71787638,0.26972728,0.4481491,-0.01197659,Black,0.43516471,VA,1
VA-32,86170,-0.00166752,0.55774502,0.41966946,0.74591231,0.25408769,0.09139769,0.05239811,0.00099921,0.094577,0.0109005,66052,0.13807556,0.53591772,0.44314957,0.09276815,0.04530741,White,0.11797309,VA,1
VA-33,85582,-0.00847986,0.57125197,0.40618116,0.54323749,0.45676251,0.17124956,0.05773679,0.00127147,0.21201305,0.01343464,65279,0.16507081,0.574497,0.40810135,0.16639565,-0.00132484,White,0.16051242,VA,1
VA-34,83838,-0.02868517,0.69320827,0.28769699,0.48560716,0.51439284,0.35593553,0.0780872,0.00151185,0.06626451,0.01948778,66144,0.40551128,0.70736593,0.27542619,0.43193974,-0.02642846,Minority,0.40932077,VA,1
VA-35,86767,0.00524909,0.85722875,0.11252428,0.44476372,0.55523628,0.45515791,0.04494521,0.00158113,0.04776374,0.01572876,72733,0.74470447,0.8838965,0.09482739,0.78906911,-0.04436464,Black,0.75449268,VA,1
VA-36,86291,-0.00026566,0.76379593,0.20918852,0.64038968,0.35961032,0.24296081,0.05151608,0.0016437,0.05397496,0.01420534,74831,0.55460741,0.74661566,0.22805228,0.51856338,0.03604403,White,0.53759273,VA,1
VA-37,88010,0.01965001,0.73591226,0.24289314,0.32078787,0.67921213,0.45730571,0.18929739,0.00123774,0.02748999,0.02148467,65442,0.49301912,0.75721061,0.22623887,0.53097174,-0.03795262,Black,0.50066999,VA,1
VA-38,87901,0.01838718,0.51601029,0.46351672,0.79577849,0.20422151,0.09069267,0.03930369,0.00133438,0.05809122,0.01387457,65948,0.05249357,0.46866386,0.51053605,-0.04187219,0.09436576,White,0.01603832,VA,1
VA-39,88186,0.02168908,0.61127785,0.37233553,0.4686093,0.5313907,0.35196256,0.12926797,0.00162378,0.03796702,0.02215727,67743,0.23894232,0.63014841,0.3532098,0.27693861,-0.03799629,Minority,0.24660775,VA,1
VA-40,87930,0.01872317,0.54558869,0.43844158,0.49698818,0.50301182,0.30016538,0.14767779,0.00177523,0.0445021,0.02294142,65907,0.10714711,0.54458811,0.44052409,0.10406402,0.00308309,Minority,0.10111941,VA,1
VA-41,86969,0.00758939,0.42691661,0.55824746,0.67737329,0.32262671,0.22526003,0.04340768,0.00175855,0.03825227,0.0190585,66532,-0.13133085,0.38201772,0.60088598,-0.21886826,0.08753741,White,-0.16550999,VA,1
VA-42,84771,-0.01787579,0.40406666,0.58067831,0.70578213,0.29421787,0.14720273,0.08913135,0.00204774,0.03268566,0.02690197,63973,-0.17661165,0.40962481,0.569482,-0.15985719,-0.01675446,White,-0.17602683,VA,1
VA-43,84158,-0.02497778,0.56269704,0.4185019,0.58505155,0.41494845,0.23656336,0.1129306,0.00267161,0.05019487,0.02407594,63632,0.14419514,0.57375805,0.40376564,0.16999241,-0.02579727,White,0.14779423,VA,1
VA-44,84613,-0.01970632,0.63649979,0.34450146,0.59610544,0.40389456,0.29806026,0.06217125,0.00067823,0.02571252,0.02126633,66349,0.29199833,0.64035872,0.33780379,0.30255493,-0.0105566,White,0.2905172,VA,1
VA-45,82663,-0.04229827,0.3915937,0.59416229,0.7988128,0.2011872,0.10207759,0.04629153,0.00163542,0.03361701,0.01953421,66038,-0.20256859,0.40421953,0.57608467,-0.17186514,-0.03070345,White,-0.19733411,VA,1
VA-46,85779,-0.00619749,0.37428769,0.60817419,0.87051772,0.12948228,0.0469659,0.02612799,0.00096716,0.0330593,0.01910875,68241,-0.2338865,0.37568086,0.60406288,-0.22838202,-0.00550448,White,-0.23705167,VA,1
VA-47,85941,-0.00432062,0.15323674,0.84021968,0.94343612,0.05656388,0.02493295,0.00881239,0.00078049,0.00500929,0.01477245,70469,-0.68698294,0.16481494,0.82628298,-0.66146804,-0.0255149,White,-0.68347797,VA,1
VA-48,83570,-0.03179012,0.16915923,0.82415483,0.9178486,0.0821514,0.04348334,0.01338061,0.0010506,0.0045818,0.01717446,68532,-0.6549956,0.18133917,0.80976289,-0.62842372,-0.02657188,White,-0.65113831,VA,1
VA-49,84037,-0.02637964,0.22943693,0.76150485,0.93095654,0.06904346,0.02548032,0.01400244,0.00088066,0.00736816,0.01962396,68131,-0.53206792,0.23225564,0.75360992,-0.52135428,-0.01071364,White,-0.53349671,VA,1
VA-50,87949,0.01894329,0.2613828,0.72643587,0.88141192,0.11858808,0.06472019,0.02669497,0.00112459,0.0066632,0.01764201,71137,-0.46505307,0.27421676,0.71139298,-0.43717622,-0.02787685,White,-0.46076079,VA,1
VA-51,84366,-0.02256797,0.22353966,0.76755091,0.89988661,0.10011339,0.04430825,0.0298259,0.00087554,0.00572692,0.01797017,69671,-0.54401125,0.23013517,0.75698694,-0.52685177,-0.01715948,White,-0.54329142,VA,1
VA-52,86048,-0.00308096,0.19642235,0.79418686,0.93665941,0.06334059,0.02338153,0.01223854,0.00056219,0.00562195,0.0188119,69371,-0.59776451,0.20931782,0.77746936,-0.56815154,-0.02961297,White,-0.59289352,VA,1
VA-53,83173,-0.03638961,0.26471646,0.72352307,0.76092175,0.23907825,0.1843945,0.02329873,0.00076512,0.01143183,0.01834794,66656,-0.45880661,0.28708694,0.69493285,-0.40784591,-0.0509607,White,-0.44681971,VA,1
VA-54,85256,-0.01225677,0.32293259,0.66725989,0.71924811,0.28075189,0.22658437,0.02476356,0.00098701,0.00883887,0.01990218,67882,-0.3443273,0.34261276,0.64327824,-0.30066548,-0.04366182,White,-0.33477336,VA,1
VA-55,88486,0.02516477,0.40220027,0.58358211,0.77807056,0.22192944,0.15420781,0.03009542,0.00141462,0.01612948,0.01965217,72104,-0.18138184,0.40888401,0.57426195,-0.16537794,-0.0160039,White,-0.18104721,VA,1
VA-56,88263,0.02258118,0.36898092,0.61628727,0.7336263,0.2663737,0.13843548,0.08773031,0.00188338,0.01860017,0.02349111,68494,-0.24730635,0.3889005,0.59421622,-0.20531572,-0.04199063,White,-0.23830947,VA,1
VA-57,86478,0.00190085,0.24406896,0.74330337,0.87768134,0.12231866,0.06510696,0.01979623,0.00059505,0.01431018,0.01864968,68902,-0.49923441,0.25354769,0.72850848,-0.47496079,-0.02427362,White,-0.4961432,VA,1
VA-58,87083,0.00891015,0.31062791,0.67537366,0.8690147,0.1309853,0.07065379,0.02128263,0.00130446,0.01318644,0.02253038,70527,-0.36474575,0.31588809,0.66686539,-0.3509773,-0.01376845,White,-0.36515627,VA,1
VA-59,89167,0.03305457,0.23648245,0.75166355,0.90838318,0.09161682,0.04314586,0.0239839,0.00135573,0.00599597,0.01653435,71548,-0.5151811,0.24348404,0.74065101,-0.49716697,-0.01801413,White,-0.51417639,VA,1
VA-60,85269,-0.01210616,0.41245238,0.57145967,0.82468075,0.17531925,0.09535678,0.04429164,0.0011729,0.01419209,0.01947014,68207,-0.15900729,0.41285076,0.56620411,-0.15335335,-0.00565394,White,-0.16212264,VA,1
VA-61,87059,0.00863209,0.49018735,0.48726443,0.72148674,0.27851326,0.07124558,0.15668875,0.00163158,0.04396674,0.01582917,69871,0.00292292,0.51386756,0.46128052,0.05258704,-0.04966412,White,0.01447763,VA,1
VA-62,85358,-0.01107504,0.28115796,0.70504337,0.88042225,0.11957775,0.05046043,0.03662499,0.00100322,0.01338624,0.01694991,66785,-0.42388541,0.29539806,0.68664568,-0.39124762,-0.03263779,White,-0.41800615,VA,1
VA-63,84965,-0.01562818,0.29308005,0.69146455,0.86191313,0.13808687,0.03966788,0.05806045,0.00088585,0.0148642,0.0233473,66603,-0.3983845,0.29977025,0.6810466,-0.38127635,-0.01710815,White,-0.39768178,VA,1
VA-64,88756,0.02829288,0.34943104,0.63495688,0.8178654,0.1821346,0.04903624,0.08745503,0.00128696,0.02426219,0.02056217,68378,-0.28552584,0.35323394,0.62749375,-0.27425981,-0.01126603,White,-0.2867705,VA,1
VA-65,82601,-0.04301658,0.31253013,0.67634183,0.80909214,0.19090786,0.12501691,0.02414348,0.00145823,0.01247764,0.02757107,66519,-0.3638117,0.32426021,0.65821004,-0.33394983,-0.02986187,White,-0.35885774,VA,1
VA-66,86723,0.00473933,0.34374631,0.64274268,0.82179715,0.17820285,0.09971827,0.02588968,0.00155694,0.02483689,0.02298339,67440,-0.29899637,0.33740333,0.64438177,-0.30697844,0.00798207,White,-0.30665706,VA,1
VA-67,87978,0.01927928,0.41558821,0.57020911,0.71854492,0.28145508,0.20215278,0.04017269,0.00147768,0.01687745,0.02217973,69027,-0.1546209,0.41708695,0.56568633,-0.14859938,-0.00602152,White,-0.15761373,VA,1
VA-68,85584,-0.00845669,0.39334019,0.59230008,0.70895371,0.29104629,0.20879439,0.04003244,0.00186837,0.01706158,0.02479578,69044,-0.19895989,0.40966484,0.5732035,-0.16353866,-0.03542123,White,-0.19215281,VA,1
VA-69,84957,-0.01572087,0.78649645,0.1874367,0.71429244,0.28570756,0.05567506,0.109152,0.00157008,0.10620025,0.01508847,63691,0.59905975,0.78248588,0.19336681,0.58911907,0.00994068,White,0.59074619,VA,1
VA-70,84671,-0.01903436,0.77758293,0.19106482,0.64896007,0.35103993,0.07636216,0.09667459,0.00204964,0.16578418,0.01330951,76111,0.58651811,0.79746621,0.17533065,0.62213556,-0.03561745,White,0.59339059,VA,1
VA-71,83748,-0.02972788,0.76212156,0.20489668,0.47326353,0.52673647,0.16395812,0.2159711,0.00265448,0.13940422,0.02321192,67810,0.55722488,0.83602268,0.14528407,0.69073861,-0.13351373,Minority,0.59672946,VA,1
VA-72,88510,0.02544282,0.3830239,0.600098,0.78692302,0.21307698,0.0826741,0.08224848,0.0020841,0.02572833,0.0227196,68135,-0.2170741,0.39523123,0.5829478,-0.18771657,-0.02935753,White,-0.21228826,VA,1
VA-73,89016,0.03130514,0.524026,0.45595919,0.56846796,0.43153204,0.24081676,0.1172799,0.00367787,0.05887649,0.02609611,65527,0.06806681,0.53094185,0.44697203,0.08396982,-0.01590301,White,0.06836781,VA,1
VA-74,89699,0.03921812,0.56960213,0.40544476,0.43267654,0.56732346,0.2919515,0.18715395,0.00508831,0.07830431,0.02912246,64658,0.16415737,0.59162431,0.38836061,0.2032637,-0.03910633,Minority,0.17219281,VA,1
VA-75,85951,-0.00420477,0.47584551,0.5033901,0.77435772,0.22564228,0.07146558,0.09665377,0.00173712,0.03407186,0.02174443,65626,-0.02754459,0.48345282,0.49500376,-0.01155094,-0.01599365,White,-0.02721337,VA,1
VA-76,89933,0.04192915,0.5510629,0.41977195,0.64871717,0.35128283,0.08487775,0.1376396,0.00212798,0.11497133,0.01643526,66260,0.13129095,0.5807587,0.39756705,0.18319165,-0.0519007,White,0.14359118,VA,1
VA-77,89800,0.04038827,0.56393065,0.39579775,0.42907587,0.57092413,0.09422922,0.07437113,0.00243812,0.39433683,0.01138351,59472,0.1681329,0.63361887,0.34935491,0.28426396,-0.11613106,Minority,0.20184325,VA,1
VA-78,86392,0.00090449,0.59022275,0.36468523,0.35417171,0.64582829,0.10088038,0.21497456,0.00198692,0.32270414,0.01776916,61905,0.22553752,0.70110351,0.28239377,0.41870974,-0.19317222,Minority,0.28492826,VA,1
VA-79,87770,0.01686947,0.59454038,0.36826889,0.59553331,0.40446669,0.08665503,0.10868234,0.00203588,0.19628643,0.01353172,65328,0.22627149,0.63948223,0.33979903,0.2996832,-0.07341171,White,0.24574206,VA,1
VA-80,88456,0.0248172,0.62193819,0.3373564,0.64088607,0.35911393,0.04121054,0.09474785,0.00168299,0.20756891,0.0107954,65954,0.28458179,0.62540361,0.34967822,0.27572539,0.0088564,White,0.27662966,VA,1
VA-81,85842,-0.0054676,0.51289292,0.46166803,0.48651995,0.51348005,0.12760588,0.24807988,0.00216308,0.12733942,0.02493809,63798,0.05122489,0.62739285,0.35826923,0.26912362,-0.21789873,Minority,0.1188578,VA,1
VA-82,89729,0.03956569,0.49153201,0.47729568,0.59573938,0.40426062,0.12444175,0.12623127,0.00206962,0.13836889,0.01990259,64263,0.01423633,0.52512552,0.45169177,0.07343375,-0.05919742,White,0.0289688,VA,1
VA-83,89309,0.03469973,0.66108608,0.3053163,0.2490222,0.7509778,0.33225281,0.29781308,0.00369812,0.12258595,0.02530856,65709,0.35576978,0.70535911,0.28348755,0.42187156,-0.06610178,Black,0.37280371,VA,1
VA-84,89976,0.04242733,0.61203425,0.35101893,0.32099276,0.67900724,0.26373559,0.28677643,0.00289735,0.12483137,0.02537098,65232,0.26101532,0.64755113,0.33305054,0.31450059,-0.05348527,Minority,0.27384374,VA,1
VA-85,87889,0.01824816,0.54417489,0.42815233,0.40265649,0.59734351,0.13868702,0.34141985,0.00193893,0.10758779,0.02683969,65500,0.11602256,0.61836833,0.3615496,0.25681873,-0.14079617,Minority,0.15795462,VA,1
VA-86,89979,0.04246209,0.61252033,0.34776014,0.43223247,0.56776753,0.23441928,0.16791969,0.00359498,0.16134133,0.01939199,67038,0.26476019,0.66014605,0.32412038,0.33602567,-0.07126548,Minority,0.28351535,VA,1
VA-87,90219,0.04524264,0.66850858,0.30325755,0.44665575,0.55334425,0.2174339,0.23213056,0.00341391,0.09502304,0.02170818,65321,0.36525103,0.72096215,0.2585717,0.46239045,-0.09713942,Minority,0.39263084,VA,1
VA-88,88501,0.02533855,0.78126587,0.19038841,0.64101398,0.35898602,0.14153062,0.13965695,0.00265895,0.06674933,0.02004546,72585,0.59087746,0.77951792,0.19685056,0.58266736,0.0082101,White,0.58314076,VA,1
VA-89,87809,0.01732131,0.74021698,0.22026872,0.37274631,0.62725369,0.29782627,0.19947072,0.00208033,0.12832923,0.01795873,70662,0.51994826,0.83489075,0.14841281,0.68647794,-0.16652968,Minority,0.57045815,VA,1
VA-90,88400,0.0241684,0.6958157,0.27195794,0.52355448,0.47644552,0.17229613,0.16401751,0.00355621,0.13134934,0.01976791,69456,0.42385776,0.71455306,0.26364152,0.45091154,-0.02705378,White,0.42787569,VA,1
VA-91,89150,0.03285762,0.63985735,0.31633898,0.40465654,0.59534346,0.15112075,0.2092697,0.00211135,0.22939986,0.01830803,69150,0.32351837,0.7358575,0.24752401,0.48833349,-0.16481512,Minority,0.37345674,VA,1
VA-92,88550,0.02590625,0.65478601,0.30740854,0.37457413,0.62542587,0.08144384,0.31393914,0.00160068,0.22277373,0.02964932,68096,0.34737747,0.72853172,0.25451703,0.47401469,-0.12663722,Minority,0.38458988,VA,1
VA-93,88619,0.02670565,0.65151806,0.31760865,0.5113539,0.4886461,0.05677674,0.17814647,0.0017434,0.24028417,0.01727419,68831,0.33390941,0.6837051,0.29440736,0.38929774,-0.05538833,White,0.34737219,VA,1
VA-94,88782,0.02859411,0.63493467,0.3320169,0.56787973,0.43212027,0.08685661,0.12629729,0.00280861,0.20798726,0.01399799,66581,0.30291777,0.68293624,0.29684564,0.3860906,-0.08317283,White,0.32564205,VA,1
VA-95,89971,0.04236941,0.62494626,0.33907231,0.53391002,0.46608998,0.09827422,0.09828847,0.0023799,0.25674424,0.01249804,70171,0.28587395,0.65776045,0.32006685,0.3376936,-0.05181965,White,0.29814717,VA,1
VA-96,87268,0.01105349,0.59824264,0.36817608,0.44850275,0.55149725,0.08344897,0.13356609,0.00211868,0.32591797,0.01492025,67023,0.23006656,0.67552086,0.3052984,0.37022246,-0.1401559,Minority,0.27178519,VA,1
VA-97,89619,0.03829127,0.70634532,0.2595615,0.6421116,0.3578884,0.08530613,0.10481028,0.0021407,0.15421424,0.01387956,71472,0.44678382,0.71729101,0.25893139,0.45835962,-0.0115758,White,0.44564242,VA,1
VA-98,88629,0.02682151,0.65358322,0.30888202,0.36480997,0.63519003,0.10705365,0.19877524,0.00171527,0.32289128,0.01652072,66462,0.3447012,0.72655106,0.25499693,0.47155413,-0.12685293,Minority,0.38198551,VA,1
VA-99,88977,0.0308533,0.66371357,0.3010122,0.54689956,0.45310044,0.06058224,0.09245997,0.00184862,0.28767103,0.01221252,68700,0.36270137,0.67046605,0.30579563,0.36467042,-0.00196905,White,0.35835772,VA,1
VA-100,89254,0.03406252,0.68379003,0.27768781,0.53503661,0.46496339,0.05721232,0.1174025,0.0020284,0.27918519,0.01097636,69513,0.40610222,0.69506946,0.28082266,0.4142468,-0.00814458,White,0.40381708,VA,1
WA-1 (2),157233,-0.00011213,0.50331159,0.46471005,0.31438413,0.68561587,0.01441168,0.58731515,0.00309543,0.01631303,0.09386424,108870,0.03860154,0.56387734,0.41071029,0.15316705,-0.11456551,Hispanic,0.07179004,WA,2
WA-2 (2),157738,0.0030993,0.57583758,0.3887181,0.71754649,0.28245351,0.03579201,0.10562846,0.01787952,0.09565418,0.03230513,121312,0.18711948,0.56486566,0.40308237,0.16178329,0.02533619,White,0.17367408,WA,2
WA-3 (2),156410,-0.00534581,0.59554627,0.36899969,0.73581951,0.26418049,0.04202294,0.11786262,0.01575655,0.05638583,0.03712873,121981,0.22654658,0.58548357,0.38069426,0.20478931,0.02175727,White,0.21429416,WA,2
WA-4 (2),156983,-0.00170195,0.451655,0.51570125,0.80186223,0.19813777,0.02287761,0.07497788,0.01082789,0.05590057,0.03246682,118675,-0.06404625,0.43648005,0.53167353,-0.09519348,0.03114723,White,-0.07942866,WA,2
WA-5 (2),155900,-0.00858904,0.36654674,0.60214722,0.84009861,0.15990139,0.01172219,0.06702107,0.00735362,0.02274004,0.04497698,119261,-0.23560048,0.37766599,0.59243621,-0.21477022,-0.02083026,White,-0.23365706,WA,2
WA-6 (2),157531,0.00178293,0.55652354,0.404456,0.79763147,0.20236853,0.0333634,0.06551116,0.00796831,0.06307988,0.03250853,127505,0.15206754,0.55859107,0.40395069,0.15464038,-0.00257284,White,0.14792515,WA,2
WA-7 (2),158109,0.00545859,0.52402626,0.43528011,0.78669719,0.21330281,0.03924168,0.06287505,0.0146845,0.04254328,0.05305057,124485,0.08874615,0.52602105,0.43152181,0.09449924,-0.00575309,White,0.08566385,WA,2
WA-8 (2),157484,0.00148405,0.39854023,0.56599525,0.85056686,0.14943314,0.02169456,0.0508155,0.00752517,0.03112161,0.03387975,121459,-0.16745502,0.39576011,0.56723071,-0.1714706,0.00401558,White,-0.17379355,WA,2
WA-9 (2),155943,-0.0083156,0.7044707,0.25589906,0.76998825,0.23001175,0.02243448,0.07629434,0.00796338,0.07287702,0.04957069,128463,0.44857164,0.69718783,0.26989507,0.42729276,0.02127888,White,0.43647868,WA,2
WA-10 (2),157043,-0.00132039,0.43308563,0.52990092,0.75905729,0.24094271,0.011015,0.14522586,0.00570808,0.03687268,0.04094271,119655,-0.09681529,0.44068363,0.52624063,-0.085557,-0.01125829,White,-0.09806253,WA,2
WA-11 (2),157795,0.00346178,0.58712943,0.37623524,0.80904017,0.19095983,0.02512792,0.069245,0.00774894,0.04914886,0.03568692,129179,0.21089419,0.5716273,0.39474122,0.17688608,0.03400811,White,0.19455815,WA,2
WA-12 (2),156581,-0.00425838,0.4450844,0.51691602,0.76715774,0.23284226,0.02277462,0.08481554,0.00908827,0.06027306,0.05615637,120485,-0.07183162,0.45405045,0.50709921,-0.05304876,-0.01878286,White,-0.07057067,WA,2
WA-13 (2),158484,0.00784332,0.61452078,0.34600949,0.62159576,0.37840424,0.06527875,0.14055733,0.01514168,0.12929231,0.03699859,123302,0.26851129,0.61840254,0.34408884,0.2743137,-0.00580241,White,0.26544543,WA,2
WA-14 (2),156710,-0.00343803,0.49811483,0.46080705,0.7894785,0.2105215,0.02194198,0.08436342,0.00815749,0.05988263,0.032297,120135,0.03730778,0.50555857,0.45457796,0.05098061,-0.01367283,White,0.03686539,WA,2
WA-15 (2),155866,-0.00880526,0.67630051,0.28452023,0.61830628,0.38169372,0.0618876,0.09045605,0.01086564,0.19697784,0.02572765,124613,0.39178028,0.68538844,0.28474403,0.40064441,-0.00886413,White,0.38973499,WA,2
WA-16 (2),156616,-0.0040358,0.65910566,0.2983823,0.581622,0.418378,0.05159469,0.09123859,0.01075655,0.24296607,0.02396005,119741,0.36072336,0.67312748,0.29408213,0.37904535,-0.01832199,White,0.36183069,WA,2
WA-17 (2),159062,0.01151898,0.74245815,0.21731478,0.64304681,0.35695319,0.04442662,0.07562472,0.00701135,0.20512615,0.02419478,124655,0.52514337,0.74694626,0.22294477,0.52400149,0.00114188,White,0.51976274,WA,2
WA-18 (2),157233,-0.00011213,0.56224422,0.40400356,0.81734082,0.18265918,0.01671161,0.05779026,0.00594757,0.02624719,0.07164045,133500,0.15824066,0.54584903,0.42456173,0.1212873,0.03695336,White,0.14092287,WA,2
WA-19 (2),155488,-0.01120907,0.53425658,0.42700896,0.79400287,0.20599713,0.02383721,0.07334342,0.00836254,0.04539662,0.05608474,125560,0.10724762,0.52924355,0.43521186,0.09403169,0.01321593,White,0.09784231,WA,2
WA-20 (2),157103,-0.00093884,0.64248306,0.31792892,0.69523246,0.30476754,0.05765303,0.08904487,0.02190053,0.1046719,0.03986999,123376,0.32455414,0.63154254,0.33156069,0.29998185,0.02457229,White,0.31136338,WA,2
WA-21 (2),157842,0.00376067,0.6225364,0.340556,0.75866662,0.24133338,0.03459471,0.06832794,0.01521944,0.0886604,0.03958809,125366,0.2819804,0.60897209,0.35142251,0.25754958,0.02443082,White,0.26883679,WA,2
WA-22 (2),157586,0.00213269,0.52603937,0.43435544,0.7639074,0.2360926,0.04280116,0.07372588,0.01771547,0.06471344,0.04024657,126048,0.09168393,0.50543534,0.45030146,0.05513388,0.03655005,White,0.07450058,WA,2
WA-23 (2),157399,0.00094351,0.6677792,0.29258828,0.70617825,0.29382175,0.08400923,0.08011761,0.01392095,0.08775268,0.03626466,128224,0.37519092,0.66477181,0.30185423,0.36291758,0.01227334,White,0.36609981,WA,2
WA-24 (2),158326,0.00683856,0.59573081,0.36597352,0.54842936,0.45157064,0.14666425,0.13844848,0.03268179,0.12590645,0.03252522,121352,0.22975729,0.59579728,0.36373209,0.23206519,-0.0023079,White,0.22552659,WA,2
WA-25 (2),158145,0.00568753,0.59611538,0.36626662,0.50858156,0.49141844,0.15330837,0.13756171,0.04013287,0.14222524,0.04635367,120724,0.22984876,0.60764226,0.35333312,0.25430914,-0.02446038,White,0.23300222,WA,2
WA-26 (2),157831,0.00369072,0.86591334,0.09366985,0.60427892,0.39572108,0.0568399,0.07538686,0.0066844,0.23840534,0.02132714,133445,0.77224349,0.88023973,0.0926964,0.78754333,-0.01529984,White,0.77234344,WA,2
WA-27 (2),157687,0.00277498,0.89320216,0.07049209,0.73355929,0.26644071,0.03805869,0.06394876,0.0053751,0.13525842,0.02156012,133951,0.82271007,0.90189209,0.07465846,0.82723363,-0.00452356,White,0.81921792,WA,2
WA-28 (2),158147,0.00570025,0.87126431,0.08508393,0.60131268,0.39868732,0.06298503,0.07592603,0.00668033,0.23544912,0.0212381,145352,0.78618038,0.88471059,0.0883496,0.79636099,-0.01018061,White,0.78457392,WA,2
WA-29 (2),157170,-0.00051277,0.86212779,0.09205601,0.47285525,0.52714475,0.15948459,0.07899892,0.00787511,0.27055699,0.02299812,129141,0.77007178,0.89075991,0.08856116,0.80219875,-0.03212697,Minority,0.77578077,WA,2
WA-30 (2),158275,0.00651423,0.82183822,0.14168257,0.65177254,0.34822746,0.0718518,0.10259797,0.00936291,0.14147875,0.03057622,129447,0.68015565,0.82549303,0.15033484,0.67515819,0.00499746,White,0.67348983,WA,2
WA-31 (2),158943,0.01076223,0.6802434,0.27938235,0.3913224,0.6086776,0.17930886,0.16794685,0.02607751,0.22266492,0.03435748,125242,0.40086105,0.71844155,0.25517303,0.46326852,-0.06240747,Minority,0.41666354,WA,2
WA-32 (2),156734,-0.00328541,0.51687393,0.44275217,0.80079152,0.19920848,0.01533266,0.06787691,0.00499473,0.0687066,0.03650634,120527,0.07412176,0.52374439,0.44111826,0.08262613,-0.00850437,White,0.07195655,WA,2
WA-33 (2),156062,-0.00755884,0.69554686,0.25649231,0.59274512,0.40725488,0.02310523,0.05680364,0.0044423,0.3056865,0.01419434,114130,0.43905455,0.70772432,0.2612299,0.44649442,-0.00743987,White,0.43653451,WA,2
WA-34 (2),157192,-0.00037286,0.70950384,0.24630137,0.59360417,0.40639583,0.02895433,0.06631997,0.00450491,0.28541042,0.01580356,123643,0.46320247,0.72439135,0.24368734,0.48070401,-0.01750154,White,0.46403632,WA,2
WA-35 (2),155970,-0.0081439,0.70378547,0.25328346,0.50432848,0.49567152,0.03068915,0.06255583,0.00465332,0.38590037,0.01316409,123138,0.45050201,0.72264741,0.24959953,0.47304788,-0.02254587,White,0.4530173,WA,2
WA-36 (2),158389,0.00723919,0.67141284,0.28985626,0.5238726,0.4761274,0.07236954,0.10557583,0.01032922,0.27284253,0.02381978,123049,0.38155658,0.68192747,0.28782499,0.39410248,-0.0125459,White,0.38073855,WA,2
WA-37 (2),156293,-0.00608985,0.56463167,0.39766756,0.61361327,0.38638673,0.07128344,0.08779208,0.01600914,0.19167795,0.02774297,118120,0.16696411,0.575991,0.39268686,0.18330414,-0.01634003,White,0.16741079,WA,2
WA-38 (2),156329,-0.00586092,0.62433537,0.339378,0.40825818,0.59174182,0.15590347,0.17217769,0.0386356,0.21572311,0.03227288,119760,0.28495737,0.65479013,0.31567932,0.33911081,-0.05415344,Minority,0.29800852,WA,2
WA-39 (2),156687,-0.00358429,0.55331891,0.41298039,0.5254299,0.4745701,0.09811455,0.14575012,0.03398551,0.17267788,0.03975696,118168,0.14033852,0.57232359,0.39802842,0.17429517,-0.03395665,White,0.1466574,WA,2
WA-40 (2),156483,-0.00488159,0.49485138,0.46859076,0.7007066,0.2992934,0.05856699,0.09432141,0.02327033,0.09035979,0.03938312,120153,0.02626062,0.49982799,0.46325101,0.03657698,-0.01031636,White,0.02469941,WA,2
WA-41 (2),157502,0.00159851,0.46097669,0.50427551,0.69122019,0.30877981,0.07498077,0.09081451,0.02859866,0.08869868,0.03724558,114376,-0.04329882,0.45671538,0.50815076,-0.05143538,0.00813656,White,-0.05101101,WA,2
WA-42 (2),158316,0.00677496,0.35523134,0.60917103,0.80561119,0.19438881,0.02677019,0.07008217,0.01337685,0.03753431,0.04501809,121329,-0.25393969,0.35957112,0.60401931,-0.24444819,-0.0094915,White,-0.25577586,WA,2
WA-43 (2),158740,0.0094713,0.36134896,0.6063904,0.78761226,0.21238774,0.01169477,0.12404697,0.00428862,0.02260613,0.0449215,123816,-0.24504144,0.3630824,0.60904841,-0.24596601,0.00092457,White,-0.25034963,WA,2
WA-44 (2),158356,0.00702933,0.30380688,0.66619668,0.60613422,0.39386578,0.01231183,0.3263199,0.00311483,0.01945252,0.03969459,115255,-0.3623898,0.31878068,0.6534519,-0.33467122,-0.02771858,White,-0.35815027,WA,2
WA-45 (2),157085,-0.0010533,0.41307574,0.55341174,0.68631797,0.31368203,0.00707877,0.22652057,0.00387017,0.01591896,0.06000413,120925,-0.140336,0.42495805,0.54844711,-0.12348906,-0.01684694,White,-0.13972035,WA,2
WA-46 (2),157530,0.00177657,0.32441082,0.64338547,0.85009011,0.14990989,0.01478019,0.03845102,0.00659758,0.02313176,0.05959546,124288,-0.31897465,0.33271579,0.63652632,-0.30381053,-0.01516412,White,-0.31891994,WA,2
WA-47 (2),159687,0.01549353,0.3564151,0.61166693,0.72273051,0.27726949,0.02136653,0.19350534,0.00643233,0.0237397,0.03702786,125149,-0.25525183,0.35980557,0.60731782,-0.24751225,-0.00773958,White,-0.25767197,WA,2
WA-48 (2),154440,-0.01787359,0.35396161,0.6130874,0.70190608,0.29809392,0.01495307,0.21298455,0.00461786,0.02817335,0.03589617,113689,-0.25912579,0.35970172,0.60655483,-0.24685311,-0.01227268,White,-0.2600349,WA,2
WA-49 (2),154823,-0.01543798,0.42575724,0.53895277,0.57890124,0.42109876,0.02435168,0.32233668,0.00504202,0.04559501,0.03152616,110670,-0.11319553,0.43758463,0.52285901,-0.08527438,-0.02792115,White,-0.10888848,WA,2
WI-1,58309,-0.02055188,0.59113974,0.39361226,0.91200916,0.08799084,0.01646251,0.03095592,0.00112192,0.02271322,0.01119634,43675,0.19752748,0.5933648,0.38923803,0.20412677,-0.00659929,White,0.19472724,WI,1
WI-2,58466,-0.01791467,0.69173203,0.29061227,0.76890531,0.23109469,0.07378554,0.06812178,0.00149989,0.07031565,0.0179315,44670,0.40111976,0.68620535,0.29550142,0.39070393,0.01041583,White,0.39264782,WI,1
WI-3,58627,-0.01521026,0.82319795,0.15771995,0.74083599,0.25916401,0.11584916,0.07160473,0.00160199,0.05225438,0.01806454,47441,0.665478,0.81889915,0.16622677,0.65267238,0.01280562,White,0.65620946,WI,1
WI-4,56916,-0.04395086,0.8100871,0.17296375,0.72431776,0.27568224,0.09169177,0.11563188,0.00191071,0.04772288,0.02180461,44486,0.63712335,0.81363421,0.17076859,0.64286562,-0.00574227,White,0.63403744,WI,1
WI-5,57062,-0.04149842,0.84811109,0.13318707,0.76112805,0.23887195,0.04965701,0.05634527,0.00161966,0.11703506,0.01467226,52480,0.71492402,0.88845117,0.09531708,0.79313409,-0.07821007,White,0.73599404,WI,1
WI-6,60791,0.02113963,0.86063418,0.12193864,0.73909591,0.26090409,0.03842578,0.0470832,0.00075535,0.1586613,0.01225984,51632,0.73869554,0.87347007,0.11262524,0.76084483,-0.02214929,White,0.74107864,WI,1
WI-7,58909,-0.01047335,0.90181176,0.07703823,0.24226757,0.75773243,0.67575964,0.06451247,0.00126984,0.01517007,0.01721088,44100,0.82477353,0.91811242,0.06672998,0.85138244,-0.02660891,Black,0.82864317,WI,1
WI-8,59133,-0.0067107,0.84487198,0.13374338,0.3979566,0.6020434,0.50806825,0.04720876,0.00128502,0.03922477,0.01421951,47470,0.7111286,0.86433214,0.11851405,0.74581809,-0.03468949,Black,0.71769176,WI,1
WI-9,60672,0.01914072,0.80195071,0.17849899,0.33093371,0.66906629,0.49833459,0.08135812,0.00167616,0.08451703,0.01742774,46535,0.62345172,0.84814624,0.13553696,0.71260928,-0.08915756,Black,0.64817091,WI,1
WI-10,59433,-0.00167144,0.84610977,0.13739614,0.18504524,0.81495476,0.68092992,0.05482287,0.00120331,0.07862437,0.01333269,41552,0.70871363,0.85167248,0.13658937,0.71508311,-0.00636948,Black,0.70583679,WI,1
WI-11,59691,0.00266233,0.77256095,0.21023077,0.36349501,0.63650499,0.50420051,0.04571826,0.00174054,0.08022743,0.01566489,43090,0.56233018,0.76560328,0.21710925,0.54849403,0.01383615,Black,0.55271813,WI,1
WI-12,60182,0.01090992,0.81010993,0.17218588,0.37350996,0.62649004,0.51582369,0.06367074,0.00152597,0.0391888,0.018179,45217,0.63792405,0.81624058,0.16730826,0.64893232,-0.01100827,Black,0.63659347,WI,1
WI-13,59615,0.00138571,0.73266007,0.24580966,0.18952867,0.81047133,0.11469874,0.66166181,0.00179786,0.03802235,0.04613703,41160,0.48685041,0.78506615,0.19775577,0.58731038,-0.10045997,Hispanic,0.51533707,WI,1
WI-14,61958,0.04074236,0.61644227,0.36381369,0.37290639,0.62709361,0.07919915,0.49073927,0.00154535,0.05179192,0.03813376,44003,0.25262858,0.65202654,0.33150937,0.32051717,-0.06788859,Hispanic,0.27025811,WI,1
WI-15,58940,-0.00995263,0.66727981,0.30555811,0.70203369,0.29796631,0.04722306,0.1757077,0.0011418,0.05609893,0.02524883,46418,0.3617217,0.67232416,0.30853211,0.36379205,-0.00207035,White,0.35741182,WI,1
WI-16,58615,-0.01541183,0.37482458,0.61133775,0.85585204,0.14414796,0.05489134,0.06009692,0.00044438,0.00931079,0.01576486,47257,-0.23651317,0.38649124,0.59811946,-0.21162822,-0.02488495,White,-0.23321819,WI,1
WI-17,59269,-0.00442624,0.26747997,0.71800541,0.93353708,0.06646292,0.00697344,0.03150962,0.00058112,0.00841548,0.01276312,46462,-0.45052544,0.26952955,0.71686223,-0.44733268,-0.00319276,White,-0.45446119,WI,1
WI-18,59130,-0.0067611,0.32393759,0.66160926,0.92252622,0.07747378,0.01749757,0.01998486,0.0009084,0.02357521,0.01061966,46235,-0.33767167,0.30751771,0.67973661,-0.3722189,0.03454723,White,-0.35418741,WI,1
WI-19,58880,-0.01096048,0.37437393,0.61216192,0.84980424,0.15019576,0.01097105,0.10667728,0.00064536,0.01206815,0.01714495,46486,-0.23778799,0.38655513,0.59659299,-0.21003786,-0.02775013,White,-0.23353795,WI,1
WI-20,60581,0.01761214,0.34030295,0.64592913,0.88420631,0.11579369,0.00991854,0.06607437,0.00090744,0.01272528,0.01766344,47386,-0.30562618,0.3554754,0.6277882,-0.2723128,-0.03331338,White,-0.29952172,WI,1
WI-21,57529,-0.03365397,0.3148688,0.67144477,0.91517337,0.08482663,0.01077373,0.04195158,0.00098942,0.00952046,0.01605066,45481,-0.35657597,0.31810958,0.66546773,-0.34735815,-0.00921782,White,-0.35850336,WI,1
WI-22,60478,0.015882,0.34891094,0.63626411,0.9330224,0.0669776,0.00813528,0.02483176,0.00104353,0.0153335,0.01135105,46956,-0.28735317,0.34379454,0.64016332,-0.29636878,0.00901561,White,-0.29535837,WI,1
WI-23,59243,-0.00486297,0.36083729,0.62379168,0.91597823,0.08402177,0.00947807,0.02811399,0.00070445,0.02967232,0.01048137,46845,-0.26295439,0.3581664,0.62687577,-0.26870937,0.00575498,White,-0.26987272,WI,1
WI-24,61846,0.03886104,0.41650557,0.56779895,0.87936633,0.12063367,0.03074649,0.02477206,0.00070777,0.04744161,0.01153254,48038,-0.15129338,0.40090849,0.58263121,-0.18172272,0.03042934,White,-0.16643649,WI,1
WI-25,60401,0.01458858,0.38494413,0.60015758,0.9009796,0.0990204,0.01081508,0.03267403,0.00091512,0.03668809,0.0118134,48081,-0.21521345,0.38336143,0.60120395,-0.21784252,0.00262907,White,-0.22108981,WI,1
WI-26,59004,-0.00887759,0.30033172,0.68600907,0.93556143,0.06443857,0.00556663,0.02854791,0.00049818,0.00903223,0.01319095,46168,-0.38567735,0.29826695,0.68610013,-0.38783318,0.00215583,White,-0.39139596,WI,1
WI-27,62330,0.04699105,0.39682936,0.58662335,0.8865316,0.1134684,0.01247613,0.06655318,0.00083036,0.01033796,0.01509175,48172,-0.18979399,0.40025311,0.58036125,-0.18010814,-0.00968585,White,-0.19156537,WI,1
WI-28,60399,0.01455499,0.33496319,0.63778706,0.91916672,0.08083328,0.01703889,0.0301426,0.00123735,0.00669385,0.02083207,49299,-0.30282387,0.34792607,0.63976132,-0.29183525,-0.01098862,White,-0.304161,WI,1
WI-29,61070,0.02582614,0.36369331,0.62247038,0.93591124,0.06408876,0.0083009,0.01974828,0.00095222,0.01397284,0.0163327,48308,-0.25877707,0.36944476,0.61625434,-0.24680958,-0.01196749,White,-0.25978791,WI,1
WI-30,59818,0.00479561,0.36335268,0.62292387,0.89790357,0.10209643,0.02399684,0.03759944,0.00197776,0.01208632,0.02384301,45506,-0.25957119,0.37315716,0.60862309,-0.23546593,-0.02410526,White,-0.2565361,WI,1
WI-31,61881,0.03944895,0.33027698,0.65747032,0.91837225,0.08162775,0.0123442,0.03937339,0.00064022,0.00678231,0.01662565,49983,-0.32719334,0.33664866,0.64854669,-0.31189803,-0.01529531,White,-0.3270949,WI,1
WI-32,59587,0.00091538,0.33190733,0.6558913,0.84144532,0.15855468,0.00574255,0.02217443,0.00073126,0.00557049,0.12313152,46495,-0.32398397,0.33671743,0.64946418,-0.31274675,-0.01123722,White,-0.32523823,WI,1
WI-33,58226,-0.02194608,0.29904236,0.68864896,0.94237415,0.05762585,0.00400608,0.01542999,0.00030816,0.00609716,0.02304594,45431,-0.3896066,0.3051533,0.68200588,-0.37685258,-0.01275402,White,-0.39035526,WI,1
WI-34,59301,-0.00388872,0.30121303,0.68694071,0.92633854,0.07366146,0.00615231,0.01804124,0.00139258,0.0060276,0.03595777,48112,-0.38572768,0.31653685,0.67097064,-0.35443379,-0.03129389,White,-0.38029638,WI,1
WI-35,60328,0.01336236,0.32710738,0.65987802,0.94522272,0.05477728,0.00570422,0.0167142,0.00098566,0.01029695,0.01589632,47684,-0.33277064,0.33550387,0.65141606,-0.31591219,-0.01685845,White,-0.33215116,WI,1
WI-36,58014,-0.02550716,0.30107712,0.6816821,0.92913442,0.07086558,0.00533321,0.04365679,0.00049556,0.00615915,0.01113838,42376,-0.38060498,0.31049045,0.67020371,-0.35971326,-0.02089172,White,-0.37864107,WI,1
WI-37,60141,0.01022122,0.30918288,0.67807386,0.95034809,0.04965191,0.00355403,0.01498965,0.00200698,0.00635544,0.014467,47833,-0.36889098,0.31967261,0.66149931,-0.3418267,-0.02706428,White,-0.36486955,WI,1
WI-38,60371,0.01408466,0.3438201,0.6447174,0.93352268,0.06647732,0.01710515,0.01430768,0.00100367,0.01084821,0.01558896,46828,-0.3008973,0.35563092,0.62989709,-0.27426617,-0.02663113,White,-0.29702026,WI,1
WI-39,60897,0.02292017,0.34880959,0.63143119,0.94595457,0.05404543,0.00559384,0.0190148,0.00106347,0.00801855,0.01403777,47016,-0.2826216,0.36600284,0.61345661,-0.24745377,-0.03516783,White,-0.27589899,WI,1
WI-40,59633,0.00168807,0.54717808,0.43549895,0.89658141,0.10341859,0.0192768,0.02120869,0.0015959,0.03624375,0.0177859,47622,0.11167913,0.54687399,0.42712433,0.11974966,-0.00807053,White,0.10936931,WI,1
WI-41,60220,0.01154823,0.55451591,0.43010421,0.88553236,0.11446764,0.01755741,0.02572025,0.00106472,0.04839248,0.01632568,47900,0.1244117,0.55538545,0.4223403,0.13304515,-0.00863345,White,0.12228952,WI,1
WI-42,60584,0.01766253,0.48266162,0.49486115,0.90564747,0.09435253,0.01828586,0.02684828,0.00136833,0.02581167,0.01766389,48234,-0.01219953,0.49328645,0.48076865,0.0125178,-0.02471733,White,-0.00896042,WI,1
WI-43,59451,-0.00136908,0.31949331,0.66601507,0.92589641,0.07410359,0.01813797,0.0277207,0.00048228,0.01151185,0.011407,47690,-0.34652176,0.32019665,0.66152777,-0.34133112,-0.00519064,White,-0.34979155,WI,1
WI-44,58852,-0.01143081,0.29686708,0.69017464,0.93027519,0.06972481,0.01121463,0.0303442,0.00101363,0.01011473,0.01399672,46368,-0.39330756,0.29436182,0.69159084,-0.39722902,0.00392146,White,-0.39961471,WI,1
WI-45,59979,0.00750002,0.32346663,0.66130899,0.93910382,0.06089618,0.00386436,0.03032869,0.00071643,0.0079241,0.01343841,46062,-0.33784236,0.32133641,0.6637292,-0.34239279,0.00455043,White,-0.34435917,WI,1
WI-46,57672,-0.03125192,0.32140549,0.66480883,0.93626776,0.06373224,0.00792701,0.02933671,0.00079044,0.00867228,0.01266966,44279,-0.34340334,0.32308425,0.65995852,-0.33687427,-0.00652907,White,-0.34622698,WI,1
WI-47,60313,0.0131104,0.31709834,0.66821874,0.90490352,0.09509648,0.00751168,0.02760155,0.0004626,0.00922989,0.04866067,45396,-0.3511204,0.32347546,0.66126522,-0.33778976,-0.01333064,White,-0.35167685,WI,1
WI-48,60892,0.02283618,0.39087561,0.5967427,0.90213216,0.09786784,0.01217144,0.02127843,0.00069058,0.0222064,0.0378523,46338,-0.20586709,0.39169857,0.59162944,-0.19993087,-0.00593622,White,-0.20888835,WI,1
WI-49,58082,-0.02436493,0.7712313,0.20754379,0.73431783,0.26568217,0.06651856,0.06895801,0.00117616,0.11600453,0.01393971,45912,0.56368751,0.77503307,0.20668988,0.56834319,-0.00465568,White,0.5602394,WI,1
WI-50,58164,-0.02298753,0.48122697,0.50447395,0.93078807,0.06921193,0.0062333,0.03650935,0.00102404,0.00712378,0.01300089,44920,-0.02324698,0.50051412,0.48342709,0.01708703,-0.04033401,White,-0.01480231,WI,1
WI-51,59581,0.0008146,0.67463184,0.30791381,0.89041602,0.10958398,0.02164756,0.03337242,0.00086851,0.03504429,0.01326646,46056,0.36671803,0.67990772,0.30137095,0.37853677,-0.01181874,White,0.36565761,WI,1
WI-52,58233,-0.0218285,0.60512487,0.38033632,0.92264559,0.07735441,0.01479094,0.02867676,0.00123626,0.01624796,0.01145746,45298,0.22478855,0.60851142,0.3749342,0.23357722,-0.00878867,White,0.22271811,WI,1
WI-53,59890,0.00600504,0.73929991,0.24126148,0.78753008,0.21246992,0.06707504,0.08545176,0.0008532,0.04399475,0.01612339,45710,0.49803843,0.738907,0.24241587,0.49649113,0.0015473,White,0.49252266,WI,1
WI-54,58471,-0.01783068,0.41516557,0.56915693,0.9400135,0.0599865,0.01441418,0.02059791,0.00037015,0.00953687,0.01051669,45927,-0.15399136,0.44333583,0.53905878,-0.09572295,-0.05826841,White,-0.13956856,WI,1
WI-55,57390,-0.03598883,0.52621695,0.45777566,0.90234419,0.09765581,0.02429596,0.03724181,0.00103387,0.01276605,0.01701391,44493,0.06844129,0.54646059,0.4349489,0.11151169,-0.0430704,White,0.07779809,WI,1
WI-56,60486,0.01601638,0.53212103,0.44978606,0.86033012,0.13966988,0.02912802,0.07048567,0.00161134,0.02080278,0.01460533,48407,0.08233497,0.55122938,0.42970405,0.12152533,-0.03919036,White,0.09039842,WI,1
WI-57,62133,0.04368193,0.52805615,0.45731345,0.72482714,0.27517286,0.10502091,0.12673126,0.00086169,0.01847376,0.02568252,47581,0.0707427,0.54626655,0.4360459,0.11022065,-0.03947795,White,0.07890202,WI,1
WI-58,58490,-0.01751153,0.46938191,0.5152088,0.91932722,0.08067278,0.01989726,0.02928235,0.00088866,0.0087782,0.01536728,46137,-0.04582689,0.48451386,0.49977856,-0.0152647,-0.03056219,White,-0.04063949,WI,1
WI-59,60340,0.01356393,0.49466099,0.48910496,0.89404254,0.10595746,0.01319166,0.05372102,0.00108163,0.00888634,0.02279909,47151,0.00555603,0.51114181,0.47231065,0.03883116,-0.03327513,White,0.01164774,WI,1
WI-60,60164,0.01060757,0.43194698,0.55213527,0.94453914,0.05546086,0.01088239,0.01765657,0.00091779,0.00607491,0.01212797,45762,-0.12018829,0.45173882,0.53267953,-0.08094071,-0.03924758,White,-0.11210576,WI,1
WI-61,61590,0.03456087,0.55570393,0.42936175,0.90865721,0.09134279,0.02105915,0.02187756,0.00083837,0.02956265,0.01341398,50097,0.12634218,0.575424,0.40487128,0.17055272,-0.04421054,White,0.13607903,WI,1
WI-62,58329,-0.02021593,0.39117579,0.59624166,0.88319903,0.11680097,0.0130104,0.06016747,0.0007203,0.00634763,0.03576734,44426,-0.20506587,0.41252176,0.57167241,-0.15915065,-0.04591522,White,-0.1947608,WI,1
WI-63,62160,0.04413547,0.52225068,0.46427619,0.88603709,0.11396291,0.02149085,0.0202014,0.00100291,0.05378853,0.0134676,48858,0.05797449,0.53806687,0.44215147,0.0959154,-0.03794091,White,0.06562146,WI,1
WI-64,59467,-0.00110032,0.32121001,0.64123089,0.92491762,0.07508238,0.0154214,0.0203752,0.00071076,0.00958453,0.02052596,46429,-0.32002088,0.3468975,0.63756703,-0.29066953,-0.02935135,White,-0.3152371,WI,1
WI-65,59369,-0.00274648,0.37369876,0.60568801,0.92875353,0.07124647,0.00994924,0.02104907,0.00087986,0.0134687,0.01606317,44325,-0.23198925,0.38996506,0.58644305,-0.19647799,-0.03551126,White,-0.22515216,WI,1
WI-66,61503,0.03309948,0.33900389,0.64828858,0.93308135,0.06691865,0.0063403,0.01513951,0.0008535,0.00579162,0.03141702,49209,-0.30928469,0.35437664,0.63192923,-0.27755259,-0.0317321,White,-0.30370732,WI,1
WI-67,60515,0.0165035,0.52585403,0.45489938,0.89433693,0.10566307,0.01372988,0.01285394,0.00087594,0.00820941,0.06160114,49090,0.07095465,0.5446185,0.43704475,0.10757375,-0.0366191,White,0.07816102,WI,1
WI-68,56861,-0.04487473,0.4142845,0.57263134,0.86534422,0.13465578,0.0071031,0.01431449,0.00116941,0.00641012,0.10180393,46177,-0.15834684,0.43675531,0.55034913,-0.11359382,-0.04475302,White,-0.14842917,WI,1
WI-69,60892,0.02283618,0.39480868,0.59205459,0.92043446,0.07956554,0.00620654,0.01235417,0.00074636,0.00673685,0.04774718,50914,-0.19724591,0.40497875,0.58014572,-0.17516697,-0.02207894,White,-0.19488626,WI,1
WI-70,58694,-0.01408483,0.42203826,0.56334481,0.91782612,0.08217388,0.00873125,0.02125112,0.00071853,0.03155007,0.01565528,45927,-0.14130655,0.41844374,0.56455606,-0.14611232,0.00480577,White,-0.14790847,WI,1
WI-71,58531,-0.01682283,0.49926684,0.48473998,0.83316144,0.16683856,0.01917886,0.02734195,0.00129468,0.09424854,0.02040772,45571,0.01452686,0.49673898,0.48197858,0.0147604,-0.00023354,White,0.00960471,WI,1
WI-72,60886,0.02273539,0.50899017,0.47292085,0.89414837,0.10585163,0.01817922,0.03270628,0.00122419,0.03586877,0.0148331,49012,0.03606932,0.51612058,0.46112437,0.05499621,-0.01892689,White,0.03737828,WI,1
WI-73,59226,-0.00514853,0.51096028,0.47186049,0.85769363,0.14230637,0.04926319,0.03429147,0.00141364,0.03229952,0.02066912,46688,0.03909979,0.51283576,0.46403674,0.04879902,-0.00969923,White,0.03733287,WI,1
WI-74,59396,-0.00229295,0.4782032,0.50675309,0.88476272,0.11523728,0.0258525,0.031337,0.00119319,0.03680057,0.01779322,47771,-0.02854989,0.47764649,0.4993536,-0.02170711,-0.00684278,White,-0.03126896,WI,1
WI-75,57890,-0.02759005,0.42280252,0.56289395,0.85299921,0.14700079,0.03648163,0.06851267,0.00120582,0.01909585,0.02054284,45612,-0.14009143,0.42899866,0.55305749,-0.12405883,-0.0160326,White,-0.13974723,WI,1
WI-76,58836,-0.01169958,0.53317899,0.45095892,0.83191554,0.16808446,0.03154417,0.05255203,0.0021159,0.05907246,0.02096468,46316,0.08222007,0.52775941,0.45164541,0.076114,0.00610607,White,0.07518471,WI,1
WI-77,57682,-0.03108394,0.48280482,0.50224803,0.8857117,0.1142883,0.0168722,0.03855536,0.00090346,0.03329268,0.02215747,44274,-0.01944321,0.47873637,0.50220292,-0.02346655,0.00402334,White,-0.02578432,WI,1
WI-78,60316,0.01316079,0.49474564,0.48910318,0.84392398,0.15607602,0.02440221,0.06550628,0.00063992,0.04357842,0.01983746,46881,0.00564246,0.49555556,0.48133942,0.01421614,-0.00857368,White,0.00350035,WI,1
WI-79,60102,0.00956612,0.5048321,0.47971093,0.85003392,0.14996608,0.03532355,0.0559961,0.00133576,0.02794504,0.02641845,47164,0.02512117,0.5005146,0.48037169,0.02014291,0.00497826,White,0.01846175,WI,1
WI-80,58989,-0.00912955,0.5341188,0.44828997,0.65834346,0.34165654,0.06116435,0.19890224,0.00166464,0.04613758,0.04429298,44454,0.08582883,0.53874383,0.44003881,0.09870502,-0.01287619,White,0.08512089,WI,1
WI-81,60775,0.02087087,0.49759332,0.48640464,0.79158736,0.20841264,0.04377617,0.06376094,0.00124773,0.03819312,0.06646788,47286,0.01118868,0.4913914,0.48976534,0.00162606,0.00956262,White,0.00300114,WI,1
WI-82,59989,0.00766799,0.5046995,0.47888536,0.77735816,0.22264184,0.02840053,0.08644589,0.00159357,0.08736275,0.01800956,45809,0.02581414,0.50743751,0.47188586,0.03555165,-0.00973751,White,0.02405998,WI,1
WI-83,59594,0.00103296,0.42109301,0.56328823,0.87662064,0.12337936,0.01866897,0.04308385,0.0007998,0.03685385,0.01955296,47512,-0.14219522,0.41732333,0.5632289,-0.14590557,0.00371035,White,-0.148432,WI,1
WI-84,57721,-0.03042884,0.42304451,0.56355017,0.93919191,0.06080809,0.00607232,0.02724049,0.00074312,0.00588123,0.01445891,47099,-0.14050566,0.42125575,0.56319794,-0.14194219,0.00143653,White,-0.1459845,WI,1
WI-85,61889,0.03958333,0.41687513,0.56666589,0.92497777,0.07502223,0.01360657,0.02566223,0.00084783,0.01865216,0.0118282,48359,-0.14979076,0.4072324,0.57538439,-0.16815199,0.01836123,White,-0.16091117,WI,1
WI-86,56976,-0.04294301,0.59038775,0.39093492,0.74949442,0.25050558,0.14620153,0.03369823,0.00103315,0.05488877,0.01015563,45492,0.19945283,0.58276179,0.40076205,0.18199974,0.01745309,White,0.18863513,WI,1
WI-87,60733,0.02016537,0.7611439,0.21784042,0.82271715,0.17728285,0.04956469,0.04739826,0.00188297,0.06017412,0.01054869,49390,0.54330348,0.76177496,0.22168637,0.54008859,0.00321489,White,0.53723185,WI,1
WI-88,56687,-0.0477975,0.65940221,0.32111382,0.84463866,0.15536134,0.06166947,0.03587675,0.0012549,0.04127731,0.01228011,44625,0.33828839,0.63052812,0.34899635,0.28153177,0.05675662,White,0.31436952,WI,1
WI-89,58990,-0.00911275,0.45824422,0.51810026,0.81204057,0.18795943,0.02462646,0.05073618,0.00098157,0.09597557,0.0101865,45845,-0.05985604,0.45160952,0.53220357,-0.08059405,0.02073801,White,-0.07176871,WI,1
WI-90,60109,0.0096837,0.46193973,0.52080783,0.80423348,0.19576652,0.03586578,0.10889115,0.00120896,0.03175108,0.01584373,47148,-0.0588681,0.45973668,0.5192994,-0.05956272,0.00069462,White,-0.06409964,WI,1
WI-91,59874,0.00573628,0.55104498,0.42661762,0.72477295,0.27522705,0.07483692,0.14615014,0.00109067,0.03152463,0.03110515,47677,0.12442736,0.55366955,0.42599657,0.12767298,-0.00324562,White,0.12050923,WI,1
WI-92,60553,0.01714181,0.5154076,0.46388797,0.74755797,0.25244203,0.05838449,0.12186716,0.00116239,0.0544079,0.02290107,49037,0.05151963,0.51707719,0.46760065,0.04947654,0.00204309,White,0.0458386,WI,1
WI-93,59390,-0.00239374,0.45934349,0.51298005,0.82219903,0.17780097,0.04731989,0.05741423,0.00076666,0.05839385,0.01386375,46957,-0.05363656,0.46867966,0.51786989,-0.04919023,-0.00444633,White,-0.05715445,WI,1
WI-94,58146,-0.02328988,0.51540436,0.46668501,0.80758306,0.19241694,0.04008866,0.10173868,0.00092529,0.0266397,0.02446635,46472,0.04871935,0.51896973,0.46362203,0.0553477,-0.00662835,White,0.0459288,WI,1
WI-95,59720,0.00314946,0.4600519,0.51938049,0.79315022,0.20684978,0.05976602,0.07994235,0.00112326,0.04743133,0.01769668,47184,-0.05932859,0.46816553,0.51442918,-0.04626365,-0.01306494,White,-0.05997361,WI,1
WI-96,60204,0.01127947,0.65296956,0.33130927,0.51522429,0.48477571,0.24567286,0.21762574,0.0015179,0.00967377,0.02317626,44140,0.32166029,0.66375886,0.31699226,0.3467666,-0.02510631,White,0.32502906,WI,1
WI-97,59437,-0.00160425,0.50250907,0.48192261,0.73130458,0.26869542,0.12145539,0.10112639,0.0011824,0.02684257,0.0182961,48207,0.02058646,0.50856574,0.47430277,0.03426297,-0.01367651,White,0.0201453,WI,1
WI-98,58461,-0.01799866,0.50448549,0.48024406,0.7325992,0.2674008,0.0919804,0.13499139,0.0014565,0.02083241,0.02286269,45314,0.02424143,0.51450356,0.46921929,0.04528427,-0.02104284,White,0.02625571,WI,1
WI-99,58173,-0.02283635,0.53027431,0.45363184,0.68082927,0.31917073,0.10500205,0.1677666,0.00131992,0.03163261,0.02214282,43942,0.07664247,0.55122212,0.42929527,0.12192685,-0.04528438,White,0.08673726,WI,1
WY-1,8960,-0.03695164,0.17192707,0.80729269,0.86730205,0.13269795,0.00821114,0.07331378,0.00102639,0.01246334,0.0271261,6820,-0.63536562,0.1697479,0.79894958,-0.62920168,-0.00616394,White,-0.63831097,WY,1
WY-2,9122,-0.01953938,0.23350923,0.74591029,0.79703402,0.20296598,0.04783367,0.10075603,0.00479791,0.02064554,0.03053213,6878,-0.51240106,0.25551621,0.71288477,-0.45736856,-0.0550325,White,-0.49905689,WY,1
WY-3,9073,-0.02480605,0.46550773,0.50331126,0.77748588,0.22251412,0.03861815,0.12728228,0.00262709,0.01944043,0.03559701,7613,-0.03780353,0.48347701,0.4664751,0.01700191,-0.05480544,White,-0.02453505,WY,1
WY-4,9406,0.01098581,0.36277372,0.61569343,0.64300773,0.35699227,0.05678145,0.24413212,0.0037948,0.0227688,0.0493324,7115,-0.25291971,0.40006684,0.5407754,-0.14070856,-0.11221115,White,-0.22051599,WY,1
WY-5,9137,-0.01792714,0.35955293,0.60881485,0.83909518,0.16090482,0.02347418,0.08607199,0.00298762,0.02475459,0.02333191,7029,-0.24926192,0.35225207,0.60815997,-0.2559079,0.00664598,White,-0.25647725,WY,1
WY-6,8950,-0.03802647,0.39643841,0.57154971,0.82583475,0.17416525,0.02164686,0.09267119,0.00396152,0.02645727,0.02631579,7068,-0.1751113,0.40472906,0.55546798,-0.15073892,-0.02437238,White,-0.17198717,WY,1
WY-7,9257,-0.00502917,0.40417725,0.57042055,0.76932351,0.23067649,0.03255191,0.14333557,0.00616209,0.01862023,0.03978567,7465,-0.1662433,0.4004128,0.55237358,-0.15196078,-0.01428252,White,-0.16648246,WY,1
WY-8,9205,-0.01061829,0.32594235,0.64412417,0.79829424,0.20170576,0.02530206,0.11869225,0.0039801,0.02658138,0.02899787,7035,-0.31818182,0.32444733,0.63480711,-0.31035978,-0.00782204,White,-0.32057447,WY,1
WY-9,9026,-0.02985776,0.35001498,0.62481271,0.75361024,0.24638976,0.04183415,0.14455858,0.00387078,0.02575555,0.03974989,6717,-0.27479773,0.36008981,0.60398541,-0.2438956,-0.03090213,White,-0.26949702,WY,1
WY-10,9350,0.00496676,0.26668164,0.70838014,0.79782964,0.20217036,0.01947376,0.13200535,0.00208117,0.02452802,0.03092017,6727,-0.4416985,0.26508876,0.69301775,-0.42792899,-0.01376951,White,-0.44210866,WY,1
WY-11,9026,-0.02985776,0.31278945,0.66262914,0.69176541,0.30823459,0.03884806,0.20143993,0.00464977,0.01844908,0.0539973,6667,-0.34983969,0.32640468,0.62520299,-0.29879831,-0.05104138,White,-0.3378259,WY,1
WY-12,8839,-0.04995709,0.16267281,0.8156682,0.89530201,0.10469799,0.01029083,0.04787472,0.00298285,0.00850112,0.02878449,6705,-0.65299539,0.16205889,0.81366599,-0.6516071,-0.00138829,White,-0.65753263,WY,1
WY-13,8839,-0.04995709,0.21387003,0.75557711,0.87555624,0.12444376,0.01104803,0.06367961,0.00153445,0.01595826,0.03099586,6517,-0.54170708,0.20921659,0.75368664,-0.54447005,0.00276297,White,-0.54762807,WY,1
WY-14,8839,-0.04995709,0.2505814,0.72267442,0.86005314,0.13994686,0.01505757,0.0761736,0.00132861,0.00797166,0.03749631,6774,-0.47209302,0.23734729,0.71524142,-0.47789413,0.00580111,White,-0.47902672,WY,1
WY-15,8839,-0.04995709,0.30907278,0.65653041,0.87066061,0.12933939,0.01391534,0.06518236,0.00278307,0.01274352,0.03119965,6827,-0.34745763,0.30234192,0.64941452,-0.3470726,-0.00038503,White,-0.35232929,WY,1
WY-16,8841,-0.04974213,0.36387097,0.60451613,0.80628346,0.19371654,0.02465483,0.11327134,0.00225416,0.01084813,0.04761905,7098,-0.24064516,0.38145897,0.56838906,-0.18693009,-0.05371507,White,-0.22774014,WY,1
WY-17,8990,-0.03372715,0.27868339,0.69404389,0.84676941,0.15323059,0.022377,0.07113219,0.00133373,0.02015412,0.03452875,6748,-0.4153605,0.26495485,0.68651242,-0.42155757,0.00619707,White,-0.42242619,WY,1
WY-18,8935,-0.03963872,0.28686978,0.68616878,0.85654638,0.14345362,0.01297346,0.07441098,0.00208768,0.01491202,0.03549061,6706,-0.399299,0.2757911,0.68716234,-0.41137124,0.01207224,White,-0.40832308,WY,1
WY-19,8841,-0.04974213,0.18512852,0.79222766,0.8365157,0.1634843,0.01309768,0.09263058,0.00331387,0.01120404,0.04244911,6337,-0.60709914,0.18179148,0.77914831,-0.59735683,-0.00974231,White,-0.6088517,WY,1
WY-20,8992,-0.03351218,0.2028282,0.77522161,0.8804461,0.1195539,0.0130855,0.05605948,0.00178439,0.01159851,0.02899628,6725,-0.57239341,0.19851496,0.76894518,-0.57043022,-0.00196319,White,-0.57673901,WY,1
WY-21,9738,0.04667019,0.46074074,0.50888889,0.56783849,0.43216151,0.00663561,0.03910772,0.00225893,0.01115347,0.38274742,7083,-0.04814815,0.47895229,0.49017774,-0.01122545,-0.0369227,White,-0.04084058,WY,1
WY-22,9760,0.04903482,0.36940534,0.58940954,0.7304779,0.2695221,0.00743699,0.04283157,0.002479,0.0143231,0.20437956,7261,-0.2200042,0.37570736,0.58367017,-0.20796281,-0.01204139,White,-0.2209904,WY,1
WY-23,9762,0.04924979,0.16837024,0.80834753,0.78245567,0.21754433,0.00974685,0.07783945,0.00203059,0.00785163,0.1306349,7387,-0.63997729,0.16299559,0.81135009,-0.6483545,0.00837721,White,-0.64776969,WY,1
WY-24,9713,0.04398311,0.19829024,0.77627189,0.8154568,0.1845432,0.01133846,0.04861202,0.00169425,0.00873192,0.11351492,7673,-0.57798165,0.19836401,0.77075665,-0.57239264,-0.00558901,White,-0.58111865,WY,1
WY-25,9497,0.02076677,0.39510371,0.57786467,0.9144797,0.0855203,0.00783392,0.02781042,0.00287244,0.0131871,0.0263742,7659,-0.18276096,0.40694626,0.55684797,-0.14990171,-0.03285925,White,-0.17680788,WY,1
WY-26,9763,0.04935727,0.20980459,0.76191292,0.9283715,0.0716285,0.00521628,0.02620865,0.00063613,0.00877863,0.02099237,7860,-0.55210833,0.21743538,0.75654671,-0.53911133,-0.012997,White,-0.552776,WY,1
WY-27,9490,0.02001439,0.65863702,0.31192094,0.80528943,0.19471057,0.00580219,0.14141142,0.00094454,0.02455809,0.01808123,7411,0.34671608,0.66851032,0.2979351,0.37057522,-0.02385914,White,0.34966913,WY,1
WY-28,9622,0.03420215,0.67376521,0.297602,0.82483793,0.17516207,0.0038134,0.12901996,0.00101691,0.0191941,0.01805008,7867,0.37616321,0.69480519,0.275,0.41980519,-0.04364198,White,0.38571054,WY,1
WY-29,9727,0.04548788,0.18678717,0.79384549,0.87394068,0.12605932,0.00569386,0.07494703,0.0034428,0.01152013,0.02409958,7552,-0.60705832,0.19626364,0.76616289,-0.56989925,-0.03715907,White,-0.59967196,WY,1
WY-30,9738,0.04667019,0.18860972,0.7881072,0.90735275,0.09264725,0.00243809,0.04183241,0.00051328,0.0101373,0.02604902,7793,-0.59949748,0.19884977,0.7736145,-0.57476473,-0.02473275,White,-0.59625323,WY,1
WY-31,9768,0.04989468,0.19184182,0.78357677,0.91458253,0.08541747,0.00448891,0.03591125,0.00153905,0.00666923,0.02847249,7797,-0.59173495,0.19737991,0.77187773,-0.57449782,-0.01723713,White,-0.59098924,WY,1
WY-32,9769,0.05000217,0.21736887,0.75253654,0.91958895,0.08041105,0.00719332,0.02671805,0.00077071,0.0091201,0.02800257,7785,-0.53516767,0.2324569,0.73602647,-0.50356957,-0.0315981,White,-0.52963497,WY,1
WY-33,9756,0.04860489,0.29877642,0.67230256,0.88562974,0.11437026,0.00861958,0.04579956,0.00205841,0.013251,0.03087611,7773,-0.37352614,0.30455531,0.65943601,-0.3548807,-0.01864544,White,-0.37231099,WY,1
WY-34,9767,0.0497872,0.21845426,0.75532334,0.90300107,0.09699893,0.00629689,0.03992497,0.00214362,0.00937835,0.03041265,7464,-0.53686908,0.22033556,0.74813018,-0.52779462,-0.00907446,White,-0.53884426,WY,1
WY-35,9749,0.04785251,0.15478026,0.82228219,0.85852479,0.14147521,0.00349322,0.09512293,0.00214967,0.00967352,0.02445251,7443,-0.66750193,0.1516676,0.82038383,-0.66871623,0.0012143,White,-0.6729067,WY,1
WY-36,9765,0.04957223,0.11997474,0.85771417,0.87503475,0.12496525,0.00375313,0.07895468,0.00278009,0.00847929,0.03197109,7194,-0.73773943,0.12855325,0.84535426,-0.71680101,-0.02093842,White,-0.73575996,WY,1
WY-37,9215,-0.00954346,0.43071161,0.53853735,0.83661751,0.16338249,0.01370221,0.08795511,0.00247945,0.02557745,0.02870938,7663,-0.10782574,0.45197849,0.50115252,-0.04917403,-0.05865171,White,-0.09327517,WY,1
WY-38,9329,0.00270961,0.44356197,0.52635379,0.78774016,0.21225984,0.01777545,0.12272906,0.00222193,0.03372108,0.03267547,7651,-0.08279182,0.46632923,0.47865317,-0.01232394,-0.07046788,White,-0.06430253,WY,1
WY-39,9532,0.02452868,0.45838433,0.50815993,0.81445751,0.18554249,0.01850139,0.07797013,0.00185014,0.05391833,0.02986653,7567,-0.0497756,0.48635773,0.46578605,0.02057168,-0.07034728,White,-0.03132651,WY,1
WY-40,8990,-0.03372715,0.55938084,0.40565786,0.8266215,0.1733785,0.0171873,0.0826747,0.00175637,0.0460419,0.02320913,7971,0.15372298,0.5587197,0.38691457,0.17180513,-0.01808215,White,0.15475036,WY,1
WY-41,9001,-0.03254484,0.10252136,0.87163992,0.91919192,0.08080808,0.0034188,0.03698524,0.0041958,0.00730381,0.02191142,6435,-0.76911856,0.09276829,0.87476281,-0.78199452,0.01287596,White,-0.77841055,WY,1
WY-42,9584,0.0301178,0.19955407,0.77963582,0.88853896,0.11146104,0.00479255,0.06422018,0.0027386,0.00807887,0.01971792,7303,-0.58008175,0.19018519,0.7812963,-0.59111111,0.01102936,White,-0.5887582,WY,1
WY-43,9724,0.04516543,0.17499552,0.80297331,0.91979266,0.08020734,0.00313736,0.0407857,0.00068204,0.0096849,0.01609603,7331,-0.62797779,0.17450425,0.79924457,-0.62474032,-0.00323747,White,-0.63189863,WY,1
WY-44,9707,0.04333822,0.21562083,0.76190476,0.85254761,0.14745239,0.01003603,0.10010293,0.00051467,0.00630468,0.02200206,7772,-0.54628393,0.22067286,0.75099602,-0.53032316,-0.01596077,White,-0.54596367,WY,1
WY-45,9338,0.00367696,0.11434555,0.86680628,0.91445783,0.08554217,0.00736278,0.03842035,0.00281124,0.00696118,0.02931727,7470,-0.75246073,0.12683524,0.84767537,-0.72084013,-0.0316206,White,-0.74692053,WY,1
WY-46,9530,0.02431371,0.15570217,0.82243167,0.8920589,0.1079411,0.00394425,0.06337102,0.00197213,0.00552196,0.02721536,7606,-0.6667295,0.1691688,0.80538264,-0.63621384,-0.03051566,White,-0.66155761,WY,1
WY-47,9014,-0.03114756,0.09679193,0.88414299,0.94071605,0.05928395,0.00304392,0.01579939,0.00173938,0.0053631,0.02594579,6899,-0.78735106,0.08439703,0.89598019,-0.81158316,0.0242321,White,-0.80042843,WY,1
WY-48,8941,-0.03899382,0.20405405,0.76810811,0.84267076,0.15732924,0.00813507,0.10161167,0.00368381,0.01304682,0.03131236,6515,-0.56405406,0.20892811,0.75525564,-0.54632753,-0.01772653,White,-0.56314522,WY,1
WY-49,8939,-0.03920879,0.15808129,0.81616257,0.8847955,0.1152045,0.00343428,0.076803,0.00202935,0.00468311,0.02716204,6406,-0.65808128,0.1547923,0.8124855,-0.6576932,-0.00038808,White,-0.66295192,WY,1
WY-50,8937,-0.03942375,0.18604061,0.78477157,0.85864637,0.14135363,0.00858161,0.0890544,0.00372409,0.01149611,0.02590674,6176,-0.59873096,0.17715079,0.78839038,-0.61123959,0.01250863,White,-0.6079005,WY,1
WY-51,8922,-0.041036,0.2043376,0.7752809,0.82006345,0.17993655,0.00846049,0.1229793,0.00271944,0.00936697,0.03097145,6619,-0.5709433,0.21634615,0.75607287,-0.53972672,-0.03121658,White,-0.56553777,WY,1
WY-52,8956,-0.03738157,0.2343298,0.7367406,0.77829242,0.22170758,0.0183727,0.14929751,0.00262467,0.01528485,0.03149606,6477,-0.5024108,0.24847664,0.71022343,-0.46174679,-0.04066401,White,-0.49385613,WY,1
WY-53,9040,-0.028353,0.24678232,0.72831561,0.77759716,0.22240284,0.01610758,0.14703709,0.0036944,0.01728979,0.03590956,6767,-0.48153329,0.26143791,0.70766488,-0.44622697,-0.03530632,White,-0.47476452,WY,1
WY-54,8987,-0.0340496,0.2180429,0.75609756,0.77363812,0.22636188,0.01261689,0.17025382,0.00311711,0.00905448,0.03117114,6737,-0.53805466,0.21773945,0.75053896,-0.53279951,-0.00525515,White,-0.54130294,WY,1
WY-55,9427,0.01324296,0.21532327,0.76246084,0.71314012,0.28685988,0.01688239,0.21750141,0.00168824,0.01350591,0.03812606,7108,-0.54713757,0.23817204,0.72983871,-0.49166667,-0.0554709,White,-0.53364727,WY,1
WY-56,9495,0.0205518,0.15585915,0.81797191,0.91086463,0.08913537,0.00494454,0.04931177,0.00147,0.00534545,0.02485634,7483,-0.66211276,0.15443943,0.81282919,-0.65838976,-0.003723,White,-0.66587176,WY,1
WY-57,9366,0.00668649,0.12516976,0.85559077,0.87573624,0.12426376,0.00646459,0.07513288,0.00071829,0.00976871,0.0229852,6961,-0.73042101,0.12635929,0.84710744,-0.72074815,-0.00967286,White,-0.73219672,WY,1
WY-58,9557,0.02721575,0.09348291,0.88942308,0.85984023,0.14015977,0.00653595,0.07930283,0.00159768,0.0097313,0.03602033,6885,-0.79594017,0.08363171,0.88951407,-0.80588236,0.00994219,White,-0.80425423,WY,1
WY-59,9663,0.03860896,0.1454196,0.83632287,0.83268428,0.16731572,0.01196106,0.09833102,0.00194715,0.01140473,0.03936022,7190,-0.69090327,0.13047235,0.83179724,-0.70132489,0.01042162,White,-0.69937714,WY,1
WY-60,9011,-0.03147,0.10804083,0.87104805,0.88864071,0.11135929,0.00813657,0.05057435,0.0007977,0.01419911,0.02967454,6268,-0.76300722,0.1,0.86549296,-0.76549296,0.00248574,White,-0.7688358,WY,1
WY-61,9070,-0.0251285,0.09765208,0.88367129,0.88414819,0.11585181,0.00728819,0.06422715,0.00136654,0.00622533,0.02808989,6586,-0.78601921,0.08549731,0.87971583,-0.79421852,0.00819931,White,-0.79375231,WY,1
WY-62,9725,0.04527291,0.10778766,0.8768526,0.86556808,0.13443192,0.00693842,0.07704539,0.0002891,0.01026308,0.03440301,6918,-0.76906494,0.09890682,0.86699636,-0.76808954,-0.0009754,White,-0.77373981,WY,1
