id,TotalPop,DemPct,RepPct,WhitePct,MinorityPct,BlackPct,HispanicPct,PacificPct,AsianPct,NativePct,TotalVAP,Margin,Majority
AK-1,183592,0.54455717,0.41961827,0.51953866,0.48046134,0.08111356,0.08178828,0.04888883,0.13323541,0.15659746,142282,0.1249389,White
AK-2,183723,0.38253349,0.5828915,0.72337181,0.27662819,0.03035857,0.06010855,0.01009566,0.0732329,0.10282535,139664,-0.20035801,White
AK-3,182905,0.2913384,0.66745902,0.73609693,0.26390307,0.03865785,0.05505748,0.00937967,0.03823621,0.12059681,135186,-0.37612062,White
AK-4,183171,0.52137415,0.43452085,0.48308261,0.51691739,0.01941975,0.04358849,0.01132453,0.06614257,0.38570625,136871,0.0868533,Minority
AL-1,185638,0.67420198,0.31215037,0.37131851,0.62868149,0.57183681,0.02702854,0.00115566,0.01659954,0.01684469,142775,0.36205161,Black
AL-2,186035,0.25983063,0.72633703,0.73819865,0.26180135,0.16043015,0.0338484,0.00134336,0.03563722,0.02849586,143670,-0.4665064,White
AL-3,185976,0.22318502,0.76259229,0.83762937,0.16237063,0.06605711,0.04965467,0.00117935,0.0118206,0.02785704,147539,-0.53940727,White
AL-4,186180,0.21697596,0.77306033,0.75427046,0.24572954,0.17119378,0.01936219,0.00095942,0.0090241,0.04464081,143837,-0.55608437,White
AL-5,185647,0.22580805,0.76063284,0.72379648,0.27620352,0.17695194,0.05155799,0.00251571,0.02070566,0.02861615,143101,-0.53482479,White
AL-6,186238,0.55082241,0.43806059,0.4056323,0.5943677,0.51537016,0.03035624,0.0011111,0.03879233,0.0132097,145802,0.11276182,Black
AL-7,186384,0.57304992,0.41512774,0.42848716,0.57151284,0.51066588,0.03296477,0.00116604,0.0168322,0.01480191,145792,0.15792218,Black
AL-8,186390,0.56407525,0.42985489,0.40619318,0.59380682,0.55938136,0.01407664,0.00091937,0.00562521,0.01840792,146839,0.13422036,Black
AL-9,185499,0.60717972,0.38238018,0.46516258,0.53483742,0.46371283,0.04433428,0.00114911,0.01712976,0.01214583,149681,0.22479954,Minority
AL-10,185578,0.46949143,0.51173832,0.57503289,0.42496711,0.3080526,0.04612799,0.00194238,0.05393193,0.0187763,145183,-0.04224689,White
AL-11,185575,0.26735713,0.72300765,0.71766153,0.28233847,0.2269276,0.02631742,0.00101697,0.00904275,0.02052484,145531,-0.45565052,White
AL-12,185697,0.23957929,0.74786762,0.74241948,0.25758052,0.18001243,0.03988019,0.001152,0.01251143,0.02303304,143229,-0.50828833,White
AL-13,186703,0.3104033,0.67110125,0.73769697,0.26230303,0.13860566,0.0679054,0.00125699,0.03106654,0.02369315,142404,-0.36069795,White
AL-14,186729,0.34001631,0.64876717,0.66150208,0.33849792,0.27667827,0.02862259,0.00141221,0.01167607,0.02092638,147995,-0.30875086,White
AL-15,186558,0.15306971,0.83618031,0.84481606,0.15518394,0.07385533,0.04120408,0.00076613,0.00767527,0.02776191,143578,-0.6831106,White
AL-16,185700,0.65432881,0.32814956,0.44195499,0.55804501,0.47867089,0.0530872,0.00137834,0.01348101,0.01650492,142200,0.32617925,Black
AL-17,185679,0.66555699,0.31577349,0.44404427,0.55595573,0.47588867,0.03826962,0.00098592,0.03195842,0.01226023,149100,0.3497835,Black
AL-18,185824,0.60531235,0.37961086,0.43582193,0.56417807,0.47181708,0.04730989,0.0008661,0.03167157,0.01591547,144325,0.22570149,Black
AL-19,185774,0.18756343,0.80012137,0.83349041,0.16650959,0.10130222,0.02689744,0.00072919,0.00932124,0.02579678,145367,-0.61255794,White
AL-20,185881,0.1874643,0.80119257,0.82499215,0.17500785,0.11192014,0.03221055,0.00079584,0.00939649,0.02101295,143245,-0.61372827,White
AL-21,185622,0.11672889,0.87184945,0.88788294,0.11211706,0.01728726,0.05286928,0.00084769,0.0061909,0.03344196,143921,-0.75512056,White
AL-22,186135,0.20727949,0.7794692,0.78079597,0.21920403,0.09882246,0.0801216,0.00129285,0.01022398,0.03320172,143095,-0.57218971,White
AL-23,186625,0.15957245,0.82925357,0.85057154,0.14942846,0.03517505,0.05927775,0.00078596,0.00615667,0.05127339,145046,-0.66968112,White
AL-24,186531,0.27818945,0.70827867,0.73607194,0.26392806,0.15285526,0.05859475,0.00095853,0.0093302,0.04221001,145013,-0.43008922,White
AL-25,186386,0.28177742,0.70064128,0.78761243,0.21238757,0.1265276,0.04121442,0.00123028,0.01689586,0.02674495,146308,-0.41886386,White
AL-26,186627,0.35277284,0.62363331,0.76916759,0.23083241,0.12915965,0.03785608,0.00167002,0.02813026,0.03313348,146106,-0.27086047,White
AL-27,186668,0.5768902,0.39802813,0.49082494,0.50917506,0.37458016,0.07039677,0.00311297,0.04496054,0.02598919,146484,0.17886207,Minority
AR-1,188856,0.75737944,0.21538926,0.30388464,0.69611536,0.56232897,0.10672135,0.00130904,0.01577808,0.02515023,143617,0.54199018,Black
AR-2,188818,0.52749956,0.44787796,0.70468968,0.29531032,0.18564456,0.03700791,0.00100167,0.04626492,0.02481983,148752,0.0796216,White
AR-3,188017,0.53515708,0.43260546,0.42915446,0.57084554,0.52201512,0.02563751,0.00108193,0.00870333,0.01579063,146036,0.10255162,Black
AR-4,188327,0.30454716,0.66578519,0.72789226,0.27210774,0.19179244,0.04146902,0.00088367,0.01426602,0.02216959,141455,-0.36123803,White
AR-5,187808,0.22466381,0.74595384,0.81666993,0.18333007,0.09847488,0.03423478,0.00143549,0.01236625,0.03181895,142808,-0.52129003,White
AR-6,188248,0.1913041,0.7802511,0.89087227,0.10912773,0.03160207,0.02939824,0.00425663,0.00645361,0.03119014,145655,-0.588947,White
AR-7,188064,0.19024854,0.78509852,0.91205134,0.08794866,0.00435126,0.02619394,0.00152128,0.00821758,0.04104802,150531,-0.59484998,White
AR-8,188104,0.22695239,0.74553507,0.83320699,0.16679301,0.04381603,0.05917946,0.00135621,0.0152452,0.04309272,143783,-0.51858268,White
AR-9,188614,0.28627164,0.68689181,0.8184325,0.1815675,0.01062135,0.078167,0.0050855,0.01841587,0.06614611,144332,-0.40062017,White
AR-10,188583,0.39814518,0.56918163,0.66051808,0.33948192,0.02664963,0.18749262,0.01166706,0.07228409,0.04660917,135424,-0.17103645,White
AR-11,187888,0.53926914,0.42779255,0.65939771,0.34060229,0.05030434,0.18083327,0.03502842,0.03459811,0.04489773,144083,0.11147659,White
AR-12,187932,0.27299912,0.699204,0.73073098,0.26926902,0.05450801,0.10393085,0.00161101,0.04269864,0.06801944,142768,-0.42620488,White
AR-13,187638,0.35876928,0.61303183,0.75869765,0.24130235,0.128191,0.05703345,0.00112295,0.0189507,0.0327679,143372,-0.25426255,White
AR-14,187850,0.26622736,0.71093481,0.83330312,0.16669688,0.07277965,0.04315479,0.00134292,0.01050836,0.03570829,148929,-0.44470745,White
AR-15,188582,0.22329249,0.74726965,0.72743085,0.27256915,0.13535927,0.08543441,0.00201759,0.00900262,0.04018478,143736,-0.52397716,White
AR-16,188195,0.34813121,0.61996413,0.62481632,0.37518368,0.31071759,0.03732856,0.00123816,0.00723169,0.01954528,146992,-0.27183292,White
AZ-1,187847,0.64931172,0.33582554,0.23450808,0.76549192,0.00945827,0.06276319,0.00171504,0.00840735,0.69275231,137023,0.31348618,Native
AZ-2,188349,0.49232067,0.490163,0.72287046,0.27712954,0.02039664,0.14811089,0.00418576,0.02742482,0.08085973,154094,0.00215767,White
AZ-3,188498,0.2374276,0.74984155,0.77823477,0.22176523,0.01578107,0.1417614,0.00448972,0.01979819,0.04149317,156580,-0.51241395,White
AZ-4,188126,0.31280637,0.67240896,0.81383349,0.18616651,0.01048433,0.11299145,0.00326053,0.01853751,0.03794872,157950,-0.35960259,White
AZ-5,188766,0.36317635,0.62128095,0.51482109,0.48517891,0.02320412,0.40651261,0.00396449,0.02301437,0.04450393,147560,-0.2581046,White
AZ-6,188247,0.33482617,0.65497188,0.82568998,0.17431002,0.01806023,0.09208318,0.00274759,0.03131865,0.02686677,154317,-0.32014571,White
AZ-7,188469,0.35463783,0.62681534,0.60191142,0.39808858,0.04112511,0.29743974,0.00535308,0.02813461,0.0363844,145337,-0.27217751,White
AZ-8,188266,0.59657333,0.39243139,0.36126002,0.63873998,0.01703509,0.54285023,0.00193424,0.0103827,0.08077508,144760,0.20414194,Hispanic
AZ-9,187896,0.59617957,0.38655946,0.33471032,0.66528968,0.058098,0.55448892,0.0040501,0.03139379,0.04661659,136046,0.20962011,Hispanic
AZ-10,187688,0.69465817,0.29112117,0.37253726,0.62746274,0.04176212,0.5224847,0.00295124,0.02972132,0.06233997,148412,0.403537,Hispanic
AZ-11,187743,0.70811492,0.27517891,0.58759192,0.41240808,0.07059904,0.25421394,0.00512752,0.05775473,0.04167703,156801,0.43293601,White
AZ-12,187735,0.56821309,0.41817181,0.71812276,0.28187724,0.0433628,0.16012295,0.00358082,0.05576576,0.02487562,157785,0.15004128,White
AZ-13,187596,0.48084683,0.50476864,0.71834341,0.28165659,0.0270238,0.18632687,0.00308521,0.04477869,0.02685129,150719,-0.02392181,White
AZ-14,187792,0.34608678,0.63844249,0.73636642,0.26363358,0.04076742,0.16897182,0.00492082,0.02488853,0.02926181,140627,-0.29235571,White
AZ-15,187850,0.42176163,0.56433828,0.55228719,0.44771281,0.05553555,0.32513574,0.00877123,0.0235189,0.04971252,149922,-0.14257665,White
AZ-16,188149,0.56828046,0.41637631,0.56347503,0.43652497,0.09088535,0.18109302,0.00524488,0.07601897,0.10115627,141662,0.15190415,White
AZ-17,188214,0.40304929,0.5848003,0.72346759,0.27653241,0.04242069,0.12201422,0.00437939,0.09235314,0.01912828,134722,-0.18175101,White
AZ-18,188134,0.44313429,0.53934062,0.67920385,0.32079615,0.05136217,0.15968696,0.00579206,0.08576818,0.02576951,135703,-0.0962063300000001,White
AZ-19,188838,0.38839691,0.59500661,0.7434097,0.2565903,0.03496561,0.15729729,0.00523388,0.03781547,0.02730661,145972,-0.2066097,White
AZ-20,188393,0.39448188,0.58752513,0.73706926,0.26293074,0.03790406,0.1593227,0.00557889,0.03468235,0.03118373,148058,-0.19304325,White
AZ-21,188318,0.56896321,0.40539576,0.47034052,0.52965948,0.07242061,0.37082332,0.00757882,0.03970195,0.06219027,141051,0.16356745,Minority
AZ-22,187910,0.55287062,0.42880837,0.53936362,0.46063638,0.07646694,0.23521902,0.00528802,0.12057791,0.03721842,143343,0.12406225,White
AZ-23,188853,0.66501117,0.31464992,0.55882704,0.44117296,0.0762525,0.20711464,0.0060482,0.11598972,0.05447146,159221,0.35036125,White
AZ-24,187842,0.76182475,0.22077966,0.2365082,0.7634918,0.14788686,0.55704634,0.00635508,0.03487279,0.05303433,137213,0.54104509,Hispanic
AZ-25,187552,0.73875819,0.24601901,0.19129457,0.80870543,0.15267442,0.59684496,0.00524806,0.04053488,0.04692248,129000,0.49273918,Hispanic
AZ-26,187976,0.5807113,0.40365451,0.3314824,0.6685176,0.09443463,0.50864714,0.00659534,0.04335771,0.03786406,135247,0.17705679,Hispanic
AZ-27,188692,0.47819027,0.50583204,0.49197994,0.50802006,0.08982176,0.34892749,0.00665292,0.04790835,0.03342545,136782,-0.0276417700000001,Minority
AZ-28,187566,0.34110294,0.64767736,0.76960567,0.23039433,0.03223011,0.13051496,0.00332769,0.04421674,0.02346718,144244,-0.30657442,White
AZ-29,188008,0.40176725,0.58652168,0.72613622,0.27386378,0.05789613,0.15878939,0.00472704,0.0351413,0.0231747,147661,-0.18475443,White
AZ-30,188521,0.46101395,0.5244209,0.65198526,0.34801474,0.05956426,0.22200512,0.00360065,0.04284837,0.03009907,153028,-0.06340695,White
AZ-31,188628,0.66396535,0.31954807,0.22040788,0.77959212,0.10508616,0.61486664,0.00384123,0.04247721,0.04118908,129646,0.34441728,Hispanic
AZ-32,188022,0.77761055,0.20767373,0.25540692,0.74459308,0.07573346,0.61483418,0.00281116,0.03280664,0.04655578,136954,0.56993682,Hispanic
AZ-33,188412,0.60643889,0.3738669,0.417931,0.582069,0.11108209,0.37941868,0.00437014,0.0559011,0.05605642,141643,0.23257199,Minority
AZ-34,188163,0.41651337,0.56713384,0.71081418,0.28918582,0.04548778,0.1578331,0.00406818,0.05828121,0.02845694,147732,-0.15062047,White
AZ-35,188518,0.48743264,0.49615219,0.68188667,0.31811333,0.05303025,0.15748171,0.00362035,0.08005673,0.02833553,146671,-0.00871955000000002,White
AZ-36,188702,0.58268503,0.40191378,0.66465496,0.33534504,0.05056951,0.20592658,0.00326276,0.04702559,0.03694307,152938,0.18077125,White
AZ-37,188743,0.4531814,0.53691264,0.82215088,0.17784912,0.02261334,0.06099231,0.00188551,0.0755604,0.01304567,156987,-0.08373124,White
AZ-38,188480,0.56036124,0.42615891,0.72290859,0.27709141,0.04002775,0.14378331,0.00301454,0.04638476,0.05080566,158565,0.13420233,White
CA-1,186508,0.60707293,0.36022115,0.70277772,0.29722228,0.02520539,0.12275786,0.0066368,0.04594458,0.10080181,152031,0.24685178,White
CA-2,186091,0.58141587,0.39360734,0.77476624,0.22523376,0.00934389,0.13258451,0.0044219,0.03057162,0.04708135,151971,0.18780853,White
CA-3,186884,0.61798559,0.36083883,0.10250224,0.89749776,0.03058603,0.83872433,0.00218573,0.02526364,0.0390238,140914,0.25714676,Hispanic
CA-4,185953,0.5859802,0.38966243,0.19938599,0.80061401,0.18768333,0.54950074,0.0087542,0.05345988,0.04447771,131594,0.19631777,Hispanic
CA-5,187013,0.62833208,0.34817874,0.19783329,0.80216671,0.14350173,0.5969398,0.00454935,0.05672909,0.04371393,134305,0.28015334,Hispanic
CA-6,186728,0.56639988,0.40570431,0.28868711,0.71131289,0.2112622,0.43097431,0.00534364,0.06022099,0.04222782,138108,0.16069557,Hispanic
CA-7,186420,0.62966467,0.3436467,0.67462849,0.32537151,0.018185,0.22014483,0.00459673,0.02757363,0.06227454,148584,0.28601797,White
CA-8,186054,0.84469586,0.13738613,0.69645968,0.30354032,0.03575426,0.1566352,0.00521278,0.08519291,0.02822322,150975,0.70730973,White
CA-9,186042,0.75610834,0.21799708,0.53583964,0.46416036,0.03269871,0.31920205,0.00990201,0.0772233,0.04829645,145021,0.53811126,White
CA-10,186094,0.76291223,0.21421204,0.70491154,0.29508846,0.02209533,0.18311988,0.00609321,0.05717586,0.03397808,151480,0.54870019,White
CA-11,186157,0.71943825,0.25797789,0.65901618,0.34098382,0.02035108,0.22310212,0.00610467,0.06806838,0.03162376,152670,0.46146036,White
CA-12,186783,0.51981625,0.45123394,0.72055306,0.27944694,0.02655339,0.14857904,0.00704981,0.05248043,0.0535399,150075,0.06858231,White
CA-13,186245,0.3270649,0.65078898,0.74461574,0.25538426,0.02916796,0.11874419,0.00652696,0.0370313,0.06659307,154896,-0.32372408,White
CA-14,186199,0.33478771,0.64268362,0.66010394,0.33989606,0.01390881,0.23674794,0.00509067,0.02932281,0.06304758,140846,-0.30789591,White
CA-15,186102,0.37433254,0.60065234,0.56166768,0.43833232,0.03513447,0.24406361,0.00720022,0.10785886,0.05986943,138468,-0.2263198,White
CA-16,186787,0.41561798,0.56098982,0.67418293,0.32581707,0.01972156,0.16480949,0.00624896,0.10524388,0.03680252,144664,-0.14537184,White
CA-17,185754,0.40515267,0.57202666,0.7888084,0.2111916,0.01310088,0.0962153,0.00503047,0.05618822,0.0369262,147700,-0.16687399,White
CA-18,186258,0.47450767,0.50111894,0.65389379,0.34610621,0.03351447,0.12640419,0.00903552,0.15860128,0.02751466,139671,-0.02661127,White
CA-19,186011,0.56397818,0.40912234,0.52695987,0.47304013,0.08639741,0.15876169,0.01345342,0.19931991,0.03135361,141451,0.15485584,White
CA-20,186703,0.47221511,0.49940904,0.69241977,0.30758023,0.05593545,0.14488305,0.00867071,0.07090035,0.03549227,154428,-0.02719393,White
CA-21,186481,0.4764116,0.49811117,0.5623842,0.4376158,0.08677629,0.2053881,0.0135027,0.11546863,0.0419283,138713,-0.02169957,White
CA-22,186344,0.60587403,0.36651492,0.58600361,0.41399639,0.09924372,0.16709451,0.01072494,0.12028535,0.03500481,144523,0.23935911,White
CA-23,186639,0.7266943,0.24848852,0.29673512,0.70326488,0.17180232,0.2846504,0.0227144,0.22520876,0.03982367,139515,0.47820578,Minority
CA-24,186343,0.74347856,0.23114117,0.17334964,0.82665036,0.18463787,0.34511117,0.04000835,0.26561638,0.03904654,134122,0.51233739,Hispanic
CA-25,186795,0.62795757,0.35161273,0.30550719,0.69449281,0.12392972,0.17397936,0.02400311,0.37745176,0.0284929,138982,0.27634484,Asian
CA-26,186551,0.7311455,0.24475825,0.4168627,0.5831373,0.10402297,0.21206624,0.02038728,0.24119852,0.03330542,150486,0.48638725,Minority
CA-27,186748,0.70930529,0.26584984,0.4646936,0.5353064,0.03512176,0.3110468,0.00874855,0.16569871,0.03715615,148939,0.44345545,Minority
CA-28,186978,0.62098523,0.3556607,0.47902955,0.52097045,0.09593088,0.21678858,0.01382861,0.18805143,0.03494509,147231,0.26532453,Minority
CA-29,186865,0.62392782,0.35079772,0.35690678,0.64309322,0.18197508,0.26654894,0.02004398,0.1798494,0.03824215,150070,0.2731301,Minority
CA-30,186753,0.38551759,0.59287163,0.55088247,0.44911753,0.02311562,0.32172868,0.00643584,0.07682255,0.03743466,142328,-0.20735404,White
CA-31,186368,0.37069698,0.6061887,0.75654138,0.24345862,0.02253636,0.13832069,0.00637007,0.02707916,0.05055453,157612,-0.23549172,White
CA-32,186677,0.58053127,0.39419931,0.23112008,0.76887992,0.05905845,0.6147974,0.00511373,0.08404501,0.06298586,135713,0.18633196,Hispanic
CA-33,186796,0.62147625,0.35756005,0.24140053,0.75859947,0.13978944,0.30939036,0.01608897,0.3066356,0.03507924,136491,0.2639162,Hispanic
CA-34,186705,0.69089408,0.28542228,0.17914909,0.82085091,0.12266914,0.55115709,0.01045093,0.14381822,0.0457818,133481,0.4054718,Hispanic
CA-35,186760,0.60286786,0.37542214,0.30003532,0.69996468,0.07571342,0.32741696,0.0166674,0.27689228,0.03409275,135894,0.22744572,Hispanic
CA-36,186488,0.5769165,0.40312565,0.20970468,0.79029532,0.03438484,0.70065584,0.00735476,0.04229553,0.04003426,133111,0.17379085,Hispanic
CA-37,186576,0.47560512,0.50272963,0.44340048,0.55659952,0.0522628,0.36351326,0.01586772,0.11322681,0.04167969,144003,-0.02712451,Minority
CA-38,186574,0.58680668,0.38740187,0.31063804,0.68936196,0.04056957,0.54389629,0.0149404,0.07713365,0.05069145,134066,0.19940481,Hispanic
CA-39,186208,0.44560026,0.5327821,0.4928594,0.5071406,0.03089225,0.36478168,0.0109446,0.08410516,0.04240494,139064,-0.08718184,Minority
CA-40,186017,0.45706153,0.52239089,0.3967049,0.6032951,0.03338935,0.45014978,0.00401841,0.10171696,0.04470666,136870,-0.0653293600000001,Hispanic
CA-41,186401,0.5574119,0.41907296,0.38497502,0.61502498,0.08469693,0.39845733,0.00499689,0.11832408,0.04369241,139887,0.13833894,Hispanic
CA-42,187019,0.6265886,0.35355058,0.17750208,0.82249792,0.08994204,0.50899653,0.0041045,0.21273558,0.04232521,128883,0.27303802,Hispanic
CA-43,186776,0.67012669,0.30694481,0.2070215,0.7929785,0.0723936,0.58268908,0.00518934,0.12702543,0.05053936,132194,0.36318188,Hispanic
CA-44,186304,0.59316117,0.38948391,0.13010212,0.86989788,0.00913789,0.81284442,0.00209378,0.04243594,0.03409197,128476,0.20367726,Hispanic
CA-45,185960,0.36846287,0.61190339,0.59908835,0.40091165,0.0258655,0.22026497,0.00466474,0.11732839,0.04431854,140844,-0.24344052,White
CA-46,186206,0.59637838,0.38122546,0.11504226,0.88495774,0.05506398,0.76508067,0.00473548,0.05723634,0.03634064,150988,0.21515292,Hispanic
CA-47,186463,0.60797126,0.36543377,0.16110092,0.83889908,0.06313631,0.74674987,0.00238704,0.01927251,0.04697976,124841,0.24253749,Hispanic
CA-48,186627,0.58445713,0.39002758,0.19070245,0.80929755,0.08878021,0.62236541,0.00304407,0.08858706,0.03875394,129432,0.19442955,Hispanic
CA-49,186586,0.39574119,0.58172765,0.3731322,0.6268678,0.04390985,0.50116938,0.00472262,0.06395843,0.04048068,132977,-0.18598646,Hispanic
CA-50,185939,0.48305085,0.49465362,0.27152964,0.72847036,0.02138208,0.63652819,0.003746,0.05589089,0.03935657,127069,-0.01160277,Hispanic
CA-51,186497,0.33448358,0.6454394,0.54821301,0.45178699,0.04603837,0.27761211,0.00418927,0.10021528,0.04087451,137494,-0.31095582,White
CA-52,186174,0.35653218,0.62301437,0.50833697,0.49166303,0.02416049,0.39008577,0.00352522,0.04087803,0.05247856,137580,-0.26648219,White
CA-53,186553,0.87546634,0.10635307,0.22535192,0.77464808,0.17628703,0.39080007,0.00902319,0.19280078,0.038012,144849,0.76911327,Hispanic
CA-54,186197,0.69455935,0.28372268,0.46139491,0.53860509,0.06954775,0.25222041,0.01067974,0.1967988,0.03255687,146820,0.41083667,Minority
CA-55,186440,0.77511933,0.20553851,0.25889678,0.74110322,0.19007842,0.26185171,0.01634975,0.273833,0.0336553,148565,0.56958082,Asian
CA-56,186284,0.93357076,0.04434027,0.49103099,0.50896901,0.11924833,0.12676249,0.00509044,0.24934422,0.02066705,160497,0.88923049,Minority
CA-57,186787,0.87013774,0.10678309,0.35903665,0.64096335,0.17788391,0.15019429,0.01151085,0.29966358,0.02529842,157243,0.76335465,Minority
CA-58,186351,0.90978301,0.07261123,0.42761391,0.57238609,0.20246272,0.14154988,0.00786719,0.21878598,0.02821337,151134,0.83717178,Minority
CA-59,186808,0.85348661,0.12590994,0.11703525,0.88296475,0.24086472,0.45177665,0.01287139,0.18557382,0.05092471,140855,0.72757667,Hispanic
CA-60,186340,0.59294232,0.38560224,0.42933669,0.57066331,0.12358738,0.28057636,0.01483163,0.14839509,0.03539969,139634,0.20734008,Minority
CA-61,186049,0.7216879,0.25648027,0.26621501,0.73378499,0.16965591,0.3715386,0.01640221,0.17940453,0.03546443,140225,0.46520763,Hispanic
CA-62,186308,0.72847286,0.25028012,0.6821729,0.3178271,0.02971408,0.10641348,0.00671509,0.16026265,0.02047662,147876,0.47819274,White
CA-63,186288,0.71088543,0.26615625,0.51969143,0.48030857,0.04570314,0.21973566,0.00884707,0.19696787,0.02478519,149202,0.44472918,White
CA-64,186060,0.34364073,0.62975499,0.54718396,0.45281604,0.06633137,0.30430146,0.00560043,0.04801646,0.04903472,145346,-0.28611426,White
CA-65,186900,0.65471927,0.32250633,0.48804441,0.51195559,0.02836488,0.13663431,0.00688234,0.3291841,0.02190737,141231,0.33221294,Minority
CA-66,187045,0.67116967,0.3097404,0.46213646,0.53786354,0.03430372,0.09529364,0.00699873,0.3937993,0.01533461,140597,0.36142927,Minority
CA-67,186439,0.81624519,0.16365939,0.40850872,0.59149128,0.03364743,0.08957601,0.00562358,0.45664454,0.01331603,159507,0.6525858,Asian
CA-68,186513,0.85146315,0.12563889,0.38156731,0.61843269,0.07585762,0.12437674,0.00698403,0.40329281,0.0209814,170675,0.72582426,Asian
CA-69,186684,0.90469151,0.07739919,0.61445243,0.38554757,0.05831621,0.10210115,0.00504085,0.20886091,0.01621554,167432,0.82729232,White
CA-70,186278,0.87704592,0.10341913,0.38633878,0.61366122,0.09512412,0.21646141,0.01033986,0.28906562,0.02746143,155418,0.77362679,Minority
CA-71,185919,0.77702409,0.20267606,0.14077805,0.85922195,0.053547,0.24929825,0.0105603,0.55345949,0.02221617,154257,0.57434803,Asian
CA-72,186016,0.75692311,0.22702497,0.22830071,0.77169929,0.02970394,0.20758664,0.01939609,0.51656667,0.01783548,152505,0.52989814,Asian
CA-73,187001,0.77073025,0.21006441,0.43140428,0.56859572,0.02257187,0.20431804,0.02018875,0.31337928,0.01875347,147706,0.56066584,Minority
CA-74,185923,0.79259577,0.18758328,0.45030812,0.54969188,0.02428682,0.24666407,0.01003344,0.26044552,0.02315831,146211,0.60501249,Minority
CA-75,186176,0.83894606,0.14056991,0.46015633,0.53984367,0.05083748,0.18709437,0.01898284,0.27402294,0.01764288,147765,0.69837615,Minority
CA-76,186879,0.73690766,0.2403772,0.31424573,0.68575427,0.11316705,0.25412319,0.017403,0.30474269,0.02973182,147216,0.49653046,Minority
CA-77,186090,0.74906499,0.23119429,0.14924005,0.85075995,0.0799554,0.36346909,0.03688934,0.38124684,0.03153344,146194,0.5178707,Asian
CA-78,186728,0.74210077,0.24038645,0.1680892,0.8319108,0.0430045,0.19626149,0.01835032,0.58159082,0.02151936,146101,0.50171432,Asian
CA-79,187084,0.71915428,0.26243381,0.17559147,0.82440853,0.02863822,0.11436613,0.00768342,0.67253124,0.01428799,144597,0.45672047,Asian
CA-80,186710,0.78910262,0.18525022,0.68383562,0.31616438,0.02443453,0.18210895,0.00548582,0.07915897,0.03120739,156950,0.6038524,White
CA-81,186921,0.78574293,0.1910455,0.58739024,0.41260976,0.01690821,0.13598633,0.00628553,0.23877679,0.01951718,149868,0.59469743,White
CA-82,185945,0.67067174,0.31255671,0.12149115,0.87850885,0.02779039,0.1589167,0.00757191,0.6873748,0.015678,149764,0.35811503,Asian
CA-83,186310,0.74498719,0.23487617,0.11868181,0.88131819,0.03430744,0.56936053,0.00794218,0.27527104,0.04607851,144167,0.51011102,Hispanic
CA-84,186797,0.66388285,0.32103878,0.14732747,0.85267253,0.03108254,0.25296346,0.00709066,0.56611637,0.02311231,147800,0.34284407,Asian
CA-85,186140,0.76767276,0.20954689,0.28143934,0.71856066,0.02453016,0.14597997,0.0065284,0.53646983,0.01665314,149041,0.55812587,Asian
CA-86,186711,0.73581464,0.24296649,0.28286897,0.71713103,0.0137649,0.07236778,0.00459522,0.62302592,0.00937037,144498,0.49284815,Asian
CA-87,186514,0.76880633,0.20769069,0.34597727,0.65402273,0.04909973,0.25871781,0.00877804,0.33358513,0.0261583,153565,0.56111564,Minority
CA-88,186190,0.73545649,0.24074842,0.48633237,0.51366763,0.03653873,0.21393589,0.00821984,0.24774384,0.02626221,145380,0.49470807,Minority
CA-89,186801,0.70307201,0.27386821,0.50270679,0.49729321,0.02977119,0.16619878,0.00657808,0.28680156,0.02216723,144267,0.4292038,White
CA-90,185926,0.6633156,0.31370399,0.34130619,0.65869381,0.03601522,0.37927293,0.00901085,0.2304354,0.03917148,141940,0.34961161,Hispanic
CA-91,186723,0.65109238,0.32701555,0.24229453,0.75770547,0.03019913,0.65831818,0.00658526,0.06030521,0.05924584,139706,0.32407683,Hispanic
CA-92,186871,0.73406425,0.24679817,0.17831675,0.82168325,0.01523788,0.73238702,0.00567043,0.06933423,0.05002049,134205,0.48726608,Hispanic
CA-93,185861,0.7218012,0.25498332,0.40080798,0.59919202,0.04547882,0.42472423,0.01430478,0.11313848,0.04099628,142330,0.46681788,Hispanic
CA-94,186764,0.54435389,0.43191327,0.69797196,0.30202804,0.02742042,0.19078387,0.00463624,0.05403398,0.03156358,156161,0.11244062,White
CA-95,186170,0.5856401,0.38978128,0.52584152,0.47415848,0.01553522,0.37757141,0.00446422,0.06104551,0.04117007,145154,0.19585882,White
CA-96,186971,0.51040187,0.46521912,0.45171403,0.54828597,0.03276964,0.43885613,0.00646072,0.05857017,0.0492639,141625,0.0451827500000001,Minority
CA-97,186623,0.7655995,0.21262946,0.54705376,0.45294624,0.02261385,0.30034099,0.00343542,0.11238089,0.02820995,156895,0.55297004,White
CA-98,186121,0.64493398,0.33248298,0.51135905,0.48864095,0.02011862,0.40579958,0.00442596,0.04225526,0.04205003,146183,0.312451,White
CA-99,185902,0.70208151,0.27659126,0.19395522,0.80604478,0.03514421,0.67572828,0.00675822,0.08975268,0.05130895,138202,0.42549025,Hispanic
CA-100,186371,0.58753809,0.3906876,0.42039628,0.57960372,0.03108628,0.42263265,0.00601243,0.11221575,0.03640202,143536,0.19685049,Hispanic
CA-101,185854,0.5193419,0.45948409,0.61331401,0.38668599,0.02389693,0.21244429,0.00466017,0.13101318,0.02484523,147634,0.05985781,White
CA-102,185867,0.59801963,0.38209743,0.70368209,0.29631791,0.02316566,0.14614353,0.00371563,0.1070892,0.02032193,149100,0.2159222,White
CA-103,186234,0.38222608,0.59745088,0.43289637,0.56710363,0.07834493,0.42164042,0.00585134,0.04672281,0.04388136,136550,-0.2152248,Minority
CA-104,186901,0.38796668,0.58209338,0.52647916,0.47352084,0.09262308,0.29548829,0.01108697,0.04979351,0.05039408,148192,-0.1941267,White
CA-105,185998,0.38133754,0.59720878,0.62267127,0.37732873,0.03001214,0.25911781,0.00503288,0.05867349,0.03902195,145841,-0.21587124,White
CA-106,186833,0.59366211,0.38984523,0.29647685,0.70352315,0.02364437,0.64142864,0.00242302,0.03123169,0.03253361,138257,0.20381688,Hispanic
CA-107,186102,0.49289434,0.48650443,0.4847714,0.5152286,0.06480063,0.30996922,0.00513008,0.12778816,0.03009881,142298,0.00638991,Minority
CA-108,186439,0.56971467,0.4110688,0.46354805,0.53645195,0.04755287,0.28368785,0.00455264,0.19561303,0.02431043,146069,0.15864587,Minority
CA-109,186855,0.76048499,0.21590753,0.09229571,0.90770429,0.04037938,0.8139576,0.00230739,0.05312666,0.0476696,141285,0.54457746,Hispanic
CA-110,186866,0.74015473,0.2368945,0.22506283,0.77493717,0.0408952,0.63463289,0.00344359,0.09721524,0.03749915,147230,0.50326023,Hispanic
CA-111,186154,0.73287938,0.24528267,0.16692534,0.83307466,0.04772333,0.64984232,0.00308281,0.13411998,0.03349988,141105,0.48759671,Hispanic
CA-112,186340,0.71113056,0.26799183,0.27725732,0.72274268,0.06062541,0.5126937,0.00330845,0.14671975,0.03464697,147199,0.44313873,Hispanic
CA-113,185847,0.65068379,0.3288026,0.35373472,0.64626528,0.06485237,0.37222961,0.00516494,0.20413863,0.02707416,149663,0.32188119,Hispanic
CA-114,186562,0.65180816,0.33031197,0.59264184,0.40735816,0.06096085,0.18613035,0.00378359,0.14841347,0.01791254,151179,0.32149619,White
CA-115,186794,0.62924123,0.34952242,0.59338075,0.40661925,0.03533661,0.22738228,0.00346834,0.13207794,0.02258016,153099,0.27971881,White
CA-116,185791,0.58855141,0.392941,0.63512799,0.36487201,0.02644243,0.16425401,0.00293518,0.16992439,0.01391469,155016,0.19561041,White
CA-117,186667,0.64163553,0.33841146,0.44150061,0.55849939,0.08712617,0.28341359,0.00405644,0.1800818,0.02988603,148899,0.30322407,Minority
CA-118,186546,0.75923052,0.21876741,0.40689138,0.59310862,0.08091493,0.27836982,0.00381114,0.22981695,0.02838777,153235,0.54046311,Minority
CA-119,186383,0.62692632,0.35481597,0.13880544,0.86119456,0.0174722,0.29949838,0.00264648,0.54319104,0.01999041,148121,0.27211035,Asian
CA-120,186839,0.67604904,0.30590899,0.0901094,0.9098906,0.016794,0.29458694,0.00318339,0.60166706,0.02165354,153924,0.37014005,Asian
CA-121,185918,0.71022328,0.27083952,0.04950394,0.95049606,0.01026648,0.51992009,0.00268175,0.42334338,0.02998679,147665,0.43938376,Hispanic
CA-122,186248,0.6873999,0.288933,0.21475792,0.78524208,0.07509385,0.57898587,0.0130286,0.12546235,0.03926521,144912,0.3984669,Hispanic
CA-123,186141,0.61805909,0.35859548,0.63712312,0.36287688,0.02880496,0.10515852,0.00528169,0.2108124,0.01516227,149384,0.25946361,White
CA-124,186908,0.6229184,0.35307566,0.39387923,0.60612077,0.04846678,0.1985112,0.01012277,0.3454461,0.02186087,148576,0.26984274,Minority
CA-125,186619,0.80503766,0.17587889,0.65726204,0.34273796,0.059626,0.14564364,0.00463,0.11690912,0.02047862,161339,0.62915877,White
CA-126,186162,0.76683526,0.21430886,0.60819638,0.39180362,0.08178533,0.1995501,0.00382353,0.09858975,0.02229756,156923,0.5525264,White
CA-127,186189,0.82522447,0.15498016,0.04140132,0.95859868,0.33754352,0.49793383,0.0141448,0.11991594,0.02953497,141324,0.67024431,Hispanic
CA-128,186549,0.70754953,0.27092369,0.15777782,0.84222218,0.12461261,0.4480747,0.01261925,0.26438993,0.03236174,148107,0.43662584,Hispanic
CA-129,186282,0.86754721,0.11271209,0.03862597,0.96137403,0.44639676,0.47240392,0.00704687,0.04416941,0.03452895,140346,0.75483512,Hispanic
CA-130,187009,0.8909126,0.09170521,0.05960818,0.94039182,0.45400239,0.45217633,0.00477897,0.0377566,0.0372339,147312,0.79920739,Black
CA-131,186876,0.72915333,0.25607461,0.66445688,0.33554312,0.0479587,0.1240626,0.00367192,0.14748588,0.01412852,160951,0.47307872,White
CA-132,185967,0.82153049,0.15834266,0.47027123,0.52972877,0.0818971,0.22576197,0.00539541,0.21042731,0.02332927,157356,0.66318783,Minority
CA-133,186157,0.72516806,0.25877469,0.67158976,0.32841024,0.04076525,0.10027736,0.00321483,0.17384644,0.01063414,158640,0.46639337,White
CA-134,185797,0.82487758,0.15798368,0.59768076,0.40231924,0.06231595,0.18698443,0.00354837,0.1389778,0.02137557,164019,0.6668939,White
CA-135,185876,0.78588553,0.19776157,0.33766035,0.66233965,0.08133694,0.2693936,0.00287761,0.30532548,0.02528728,157075,0.58812396,Minority
CA-136,185952,0.80441795,0.17356908,0.21527007,0.78472993,0.05996341,0.48502198,0.00387689,0.23802433,0.0390449,155795,0.63084887,Hispanic
CA-137,185794,0.80016008,0.17563973,0.10303193,0.89696807,0.10745546,0.60798655,0.00245378,0.18271597,0.05064874,148750,0.62452035,Hispanic
CA-138,186518,0.88596026,0.09562795,0.1256663,0.8743337,0.373952,0.43530523,0.00333485,0.06631532,0.03850481,149332,0.79033231,Hispanic
CA-139,186719,0.85428791,0.12457313,0.01973679,0.98026321,0.13568481,0.83040338,0.00196165,0.01658762,0.05249867,133051,0.72971478,Hispanic
CA-140,186892,0.82461511,0.15444308,0.22342601,0.77657399,0.03084405,0.55308244,0.00393252,0.19123835,0.03990195,152574,0.67017203,Hispanic
CA-141,186750,0.81929889,0.15513067,0.15499981,0.84500019,0.10627389,0.55667856,0.00437267,0.17972076,0.03742984,156426,0.66416822,Hispanic
CA-142,186409,0.86463965,0.11078593,0.01309877,0.98690123,0.2600908,0.72202883,0.00281133,0.00906479,0.03782445,128409,0.75385372,Hispanic
CA-143,186487,0.81793756,0.15703871,0.02053437,0.97946563,0.01236127,0.95119366,0.00135734,0.01802292,0.04974994,137769,0.66089885,Hispanic
CA-144,186931,0.81317815,0.16285969,0.01768073,0.98231927,0.03504348,0.93983673,0.00164902,0.00948,0.04733347,135232,0.65031846,Hispanic
CA-145,185899,0.81764823,0.15630926,0.01781404,0.98218596,0.0941987,0.87932236,0.00426275,0.00887033,0.04983969,136297,0.66133897,Hispanic
CA-146,186565,0.71315126,0.26591036,0.08757752,0.91242248,0.02796251,0.8286963,0.00307966,0.05565844,0.04461655,142548,0.4472409,Hispanic
CA-147,186850,0.74528741,0.22903015,0.09187148,0.90812852,0.13254969,0.66706561,0.01305835,0.10153167,0.04196766,140370,0.51625726,Hispanic
CA-148,186529,0.63304775,0.3440417,0.25269862,0.74730138,0.11329705,0.44284321,0.0124541,0.18136241,0.03513564,144611,0.28900605,Hispanic
CA-149,186951,0.68938351,0.2873405,0.29886575,0.70113425,0.13083797,0.36004675,0.01502028,0.19966316,0.03266653,145470,0.40204301,Hispanic
CA-150,187033,0.75157199,0.22227452,0.38082,0.61918,0.12618491,0.35396516,0.00879073,0.12867541,0.03418473,155391,0.52929747,Minority
CA-151,186134,0.69282794,0.28492656,0.10342509,0.89657491,0.01933173,0.73811239,0.00371262,0.13895923,0.04282901,145719,0.40790138,Hispanic
CA-152,186394,0.69611136,0.28390419,0.07496758,0.92503242,0.02893449,0.6704816,0.00344442,0.22682393,0.0369486,145743,0.41220717,Hispanic
CA-153,186796,0.66138704,0.31736897,0.15144884,0.84855116,0.03617979,0.63879209,0.00387592,0.17399775,0.04282029,145772,0.34401807,Hispanic
CA-154,186673,0.5407475,0.4397255,0.37133456,0.62866544,0.03930111,0.29340766,0.0049656,0.29038858,0.02523189,151039,0.101022,Minority
CA-155,186740,0.6958035,0.27954264,0.18730181,0.81269819,0.07100763,0.60178935,0.00598984,0.13723445,0.03919306,144745,0.41626086,Hispanic
CA-156,186617,0.58717063,0.39104255,0.24695293,0.75304707,0.02338569,0.62225348,0.00472564,0.10191312,0.04117268,144319,0.19612808,Hispanic
CA-157,186203,0.56504764,0.41926671,0.173224,0.826776,0.03520391,0.2327425,0.00471915,0.55820393,0.01773175,150239,0.14578093,Asian
CA-158,185923,0.56415294,0.41688498,0.292269,0.707731,0.05040636,0.20472217,0.01004747,0.44434002,0.02036539,147898,0.14726796,Asian
CA-159,186730,0.46276242,0.5168985,0.50396955,0.49603045,0.0219653,0.20185473,0.0048547,0.25806847,0.02192445,146868,-0.05413608,White
CA-160,186196,0.60130186,0.37578203,0.25133506,0.74866494,0.03770543,0.47419811,0.0077795,0.22836176,0.0345702,145125,0.22551983,Hispanic
CA-161,186942,0.61792138,0.36058654,0.16796503,0.83203497,0.03939003,0.51484051,0.00610782,0.27275061,0.03351193,148007,0.25733484,Hispanic
CA-162,185930,0.47397524,0.50437027,0.64405284,0.35594716,0.01867328,0.16360203,0.00766266,0.1488347,0.02345514,154124,-0.03039503,White
CA-163,186980,0.47857195,0.50119249,0.39144343,0.60855657,0.02093586,0.22079753,0.00933734,0.35152696,0.02377564,150364,-0.02262054,Minority
CA-164,186244,0.47258779,0.51236617,0.15278438,0.84721562,0.01398381,0.2749503,0.00751739,0.55046289,0.01935911,149387,-0.03977838,Asian
CA-165,186882,0.6261657,0.35237582,0.17434606,0.82565394,0.03469619,0.56803843,0.00763837,0.21539349,0.03642643,142177,0.27378988,Hispanic
CA-166,186818,0.60134222,0.37519091,0.28307447,0.71692553,0.02963145,0.50936897,0.00725779,0.16901658,0.03362187,146601,0.22615131,Hispanic
CA-167,186512,0.6475599,0.33404181,0.1011085,0.8988915,0.01562844,0.67249237,0.00501276,0.20725109,0.04905397,140641,0.31351809,Hispanic
CA-168,186002,0.70843866,0.2685316,0.13023698,0.86976302,0.02093712,0.74158802,0.00475123,0.10414489,0.05560883,138701,0.43990706,Hispanic
CA-169,186921,0.49249192,0.4860126,0.51818647,0.48181353,0.02105164,0.20757052,0.00565637,0.23861664,0.02035889,148682,0.00647932000000001,White
CA-170,186565,0.54603265,0.42990121,0.53929334,0.46070666,0.02306675,0.24219435,0.00737691,0.17799495,0.02356422,152774,0.11613144,White
CA-171,186900,0.64449617,0.33479647,0.39538646,0.60461354,0.03656087,0.13371172,0.00457508,0.42617212,0.01107302,150817,0.3096997,Asian
CA-172,186861,0.56143729,0.41740423,0.4245077,0.5754923,0.02313576,0.16844381,0.00499338,0.3717286,0.01817055,141988,0.14403306,Minority
CA-173,186674,0.52767528,0.45451704,0.67444309,0.32555691,0.02022257,0.12665104,0.00468265,0.16196141,0.01537845,154827,0.07315824,White
CA-174,186664,0.47444608,0.50649944,0.6985931,0.3014069,0.01452067,0.18991126,0.00412504,0.0753866,0.02344165,150544,-0.03205336,White
CA-175,186092,0.47426669,0.50602288,0.64545671,0.35454329,0.02281097,0.17036114,0.00531416,0.14355229,0.02045846,142826,-0.03175619,White
CA-176,186301,0.62157641,0.35740682,0.1634825,0.8365175,0.06081009,0.66999736,0.00502462,0.10212921,0.04432103,139911,0.26416959,Hispanic
CA-177,186898,0.55368593,0.42832047,0.20432792,0.79567208,0.09343029,0.41770155,0.00636706,0.28294848,0.02579781,142609,0.12536546,Hispanic
CA-178,186659,0.56015933,0.41713198,0.33175307,0.66824693,0.08595778,0.45765824,0.00526146,0.11693054,0.03546692,145967,0.14302735,Hispanic
CA-179,186596,0.55530664,0.42504938,0.27498144,0.72501856,0.10000505,0.46585167,0.00562231,0.15516856,0.03241478,138733,0.13025726,Hispanic
CA-180,186216,0.6539898,0.32441544,0.14156123,0.85843877,0.1329579,0.64935846,0.00527493,0.07390842,0.04101814,134599,0.32957436,Hispanic
CA-181,186568,0.66101206,0.31336911,0.14604724,0.85395276,0.13158194,0.67776254,0.0059407,0.04071349,0.0430928,131971,0.34764295,Hispanic
CA-182,185826,0.66239496,0.31546248,0.13127159,0.86872841,0.07853024,0.72541859,0.00510801,0.06081318,0.04221796,136648,0.34693248,Hispanic
CA-183,186630,0.59251664,0.38082501,0.3001447,0.6998553,0.11012493,0.45597295,0.00710622,0.12635749,0.03468581,139596,0.21169163,Hispanic
CA-184,186403,0.59325302,0.38345988,0.26812624,0.73187376,0.05836373,0.61214103,0.00513966,0.04934791,0.04226659,140087,0.20979314,Hispanic
CA-185,185824,0.58986364,0.38865743,0.31295479,0.68704521,0.10836089,0.46357796,0.00712993,0.10642462,0.03777462,143059,0.20120621,Hispanic
CA-186,186214,0.5816248,0.39401201,0.24319329,0.75680671,0.06603909,0.57832928,0.00755821,0.1033843,0.0374315,139054,0.18761279,Hispanic
CA-187,187059,0.44131028,0.54035845,0.44547137,0.55452863,0.07173938,0.33209692,0.00752095,0.13547964,0.03043903,146391,-0.0990481700000001,Minority
CA-188,186133,0.63177087,0.34812691,0.18366429,0.81633571,0.1552762,0.57605265,0.00779604,0.07949716,0.03791576,133401,0.28364396,Hispanic
CA-189,185935,0.6153792,0.36423958,0.18937709,0.81062291,0.10201036,0.64154737,0.0067088,0.05953396,0.03915626,131320,0.25113962,Hispanic
CA-190,186684,0.40483355,0.57701657,0.50452243,0.49547757,0.07613952,0.30567088,0.01012911,0.0940438,0.03403952,140190,-0.17218302,White
CA-191,186738,0.45944458,0.52047914,0.41245904,0.58754096,0.08792689,0.40910944,0.00837399,0.07374936,0.04106168,137330,-0.06103456,Minority
CA-192,185903,0.43392661,0.54365032,0.52855299,0.47144701,0.06452352,0.29773519,0.01013753,0.09158467,0.03230686,144118,-0.10972371,White
CA-193,186377,0.42564603,0.55190293,0.56055137,0.43944863,0.04624294,0.24497076,0.0087673,0.11247616,0.05128097,142119,-0.1262569,White
CA-194,186224,0.54102186,0.43699337,0.3572601,0.6427399,0.08449057,0.48227826,0.00509863,0.05450161,0.05222103,137684,0.10402849,Hispanic
CA-195,186097,0.63290444,0.35473732,0.61293537,0.38706463,0.0316021,0.28274574,0.00337766,0.05602903,0.02574916,159578,0.27816712,White
CA-196,186319,0.37376585,0.60418439,0.65195884,0.34804116,0.02691259,0.2210765,0.0067624,0.0629719,0.04263672,145954,-0.23041854,White
CA-197,186765,0.42131073,0.55606715,0.64342368,0.35657632,0.04708148,0.21380955,0.01099008,0.07107058,0.02902883,143857,-0.13475642,White
CA-198,186010,0.56189655,0.4108739,0.45846275,0.54153725,0.05618046,0.3550801,0.01907118,0.10599254,0.03728599,147133,0.15102265,Minority
CA-199,186095,0.55849102,0.41889866,0.57781363,0.42218637,0.02940793,0.28699502,0.00809336,0.08614381,0.03275785,145675,0.13959236,White
CA-200,186050,0.58906017,0.38902901,0.6047522,0.3952478,0.02608084,0.23445343,0.0065167,0.11660457,0.02436555,142250,0.20003116,White
CA-201,185767,0.59980629,0.37643031,0.5076922,0.4923078,0.02709689,0.36250192,0.00556012,0.08700408,0.02879001,143522,0.22337598,White
CA-202,186177,0.58265199,0.39515018,0.53338879,0.46661121,0.02963469,0.11085989,0.00718826,0.31260043,0.01527239,140646,0.18750181,White
CA-203,186055,0.62710192,0.3505598,0.42037705,0.57962295,0.03831599,0.11379417,0.00848872,0.41633872,0.0132413,145605,0.27654212,Minority
CA-204,185797,0.6845361,0.29017333,0.61398791,0.38601209,0.02765588,0.14185854,0.00753799,0.19613079,0.0158167,160653,0.39436277,White
CA-205,186766,0.7309696,0.24457033,0.51598955,0.48401045,0.07174149,0.23104989,0.00972755,0.1649644,0.02747197,158416,0.48639927,White
CA-206,186061,0.63858396,0.33813007,0.53320852,0.46679148,0.09433679,0.23106568,0.01078252,0.12593954,0.02577418,146348,0.30045389,White
CA-207,185919,0.71290765,0.2623573,0.63749393,0.36250607,0.07116691,0.18589277,0.00716885,0.08272683,0.02379913,164880,0.45055035,White
CA-208,186669,0.62928734,0.34616318,0.4274887,0.5725113,0.12035465,0.32392168,0.01399425,0.11530193,0.0330686,146060,0.28312416,Minority
CA-209,186321,0.77190367,0.20418033,0.13895262,0.86104738,0.1408383,0.57770018,0.00781519,0.14199266,0.03759177,139472,0.56772334,Hispanic
CA-210,187049,0.65797416,0.3217165,0.1355147,0.8644853,0.08180115,0.55637918,0.01279223,0.2284278,0.03200133,144619,0.33625766,Hispanic
CA-211,186606,0.62483239,0.35786538,0.20932936,0.79067064,0.07708206,0.46656141,0.01230041,0.25382324,0.02790915,139345,0.26696701,Hispanic
CA-212,186598,0.6678057,0.30864992,0.13733876,0.86266124,0.05315212,0.70639196,0.00864279,0.10577648,0.03427643,145902,0.35915578,Hispanic
CO-1,186370,0.65022819,0.31981922,0.37942377,0.62057623,0.02948818,0.52624608,0.00285276,0.04382473,0.04811114,137411,0.33040897,Hispanic
CO-2,186166,0.54620029,0.42479277,0.6485111,0.3514889,0.02525656,0.23222998,0.00278292,0.06857055,0.03631814,142656,0.12140752,White
CO-3,186562,0.58569082,0.38901259,0.39427402,0.60572598,0.14224676,0.38948232,0.00767275,0.05603364,0.03978546,132938,0.19667823,Minority
CO-4,186304,0.8584771,0.11928731,0.66547546,0.33452454,0.12012593,0.14393531,0.00276115,0.05142088,0.02848111,157543,0.73918979,White
CO-5,185689,0.66699676,0.30659585,0.34814545,0.65185455,0.19734285,0.37318822,0.00837914,0.06480545,0.03902741,137365,0.36040091,Hispanic
CO-6,185794,0.61383107,0.35860209,0.56042193,0.43957807,0.14871234,0.18007326,0.00520316,0.09299668,0.03133252,140876,0.25522898,White
CO-7,186598,0.62520077,0.35001064,0.63282567,0.36717433,0.1164004,0.13163714,0.00382819,0.10054866,0.0253462,144716,0.27519013,White
CO-8,185738,0.78319905,0.1950244,0.75593,0.24407,0.0668346,0.10883601,0.00249986,0.04882672,0.02260049,157209,0.58817465,White
CO-9,186041,0.59356938,0.37980305,0.78167686,0.21832314,0.02940027,0.11108791,0.00249885,0.05200447,0.02592478,148468,0.21376633,White
CO-10,186083,0.79290643,0.1827781,0.45978017,0.54021983,0.04025058,0.43720924,0.00221337,0.04351598,0.04993749,146383,0.61012833,Minority
CO-11,186874,0.53739488,0.43568591,0.79512093,0.20487907,0.01691446,0.11820594,0.00237018,0.04098659,0.0278294,148512,0.10170897,White
CO-12,186571,0.63195018,0.33927635,0.71714271,0.28285729,0.02462262,0.18078511,0.00233788,0.04836609,0.03471652,153558,0.29267383,White
CO-13,186133,0.57923228,0.39330668,0.7835064,0.2164936,0.01626224,0.13837028,0.00228667,0.03292128,0.03177795,148688,0.1859256,White
CO-14,186564,0.40940387,0.56576946,0.83866103,0.16133897,0.01738296,0.078898,0.00335537,0.03697397,0.02317728,138584,-0.15636559,White
CO-15,186372,0.50127136,0.47445808,0.77354049,0.22645951,0.02514622,0.08463167,0.00263375,0.09475762,0.0196419,139345,0.0268132800000001,White
CO-16,186232,0.489214,0.48088839,0.58068537,0.41931463,0.02464918,0.3348901,0.003006,0.03510418,0.03597666,136394,0.00832560999999998,White
CO-17,186553,0.68552468,0.2892078,0.7653166,0.2346834,0.01830737,0.11516193,0.00234745,0.07350324,0.02398779,146116,0.39631688,White
CO-18,185718,0.77286501,0.20391185,0.73878985,0.26121015,0.01838647,0.14845153,0.00236174,0.06712427,0.02412492,153700,0.56895316,White
CO-19,185851,0.46653243,0.50533541,0.83476285,0.16523715,0.0120539,0.09893395,0.00222544,0.02059715,0.02848427,147836,-0.03880298,White
CO-20,186217,0.67224157,0.29578958,0.78382723,0.21617277,0.02213643,0.11911507,0.00300423,0.04705968,0.02614866,151786,0.37645199,White
CO-21,185808,0.32612398,0.64820499,0.74955781,0.25044219,0.0141648,0.19061088,0.00199535,0.01765119,0.03099007,136818,-0.32208101,White
CO-22,185764,0.23432994,0.74094992,0.78105176,0.21894824,0.02834306,0.1379049,0.00317886,0.01912929,0.03326924,142504,-0.50661998,White
CO-23,185929,0.4108325,0.54687396,0.64111435,0.35888565,0.09850424,0.16731085,0.01203816,0.06467882,0.03664733,133243,-0.13604146,White
CO-24,185798,0.43720072,0.52504856,0.7272091,0.2727909,0.06106336,0.14026159,0.00534058,0.04204518,0.03513504,147175,-0.08784784,White
CO-25,186114,0.56036281,0.40077098,0.63478478,0.36521522,0.09517918,0.20035695,0.00742964,0.04334746,0.04027826,147921,0.15959183,White
CO-26,186685,0.34001907,0.63138892,0.78314485,0.21685515,0.04480136,0.09927414,0.00441129,0.03463533,0.0306919,149616,-0.29136985,White
CO-27,186567,0.5827398,0.39466178,0.80034466,0.19965534,0.01021871,0.13917779,0.00252439,0.01933343,0.02668444,148551,0.18807802,White
CO-28,186352,0.56420892,0.41207432,0.77021784,0.22978216,0.01085517,0.17431498,0.00230281,0.01707143,0.02610964,150251,0.1521346,White
CO-29,186852,0.4840463,0.49049317,0.54899057,0.45100943,0.02763447,0.3791543,0.00265875,0.01521549,0.05285816,145181,-0.00644686999999999,White
CO-30,186516,0.48794154,0.48863209,0.70920338,0.29079662,0.0108134,0.20424945,0.00259016,0.01184547,0.07088638,150184,-0.000690550000000012,White
CO-31,186899,0.34023074,0.63617685,0.80594807,0.19405193,0.01120583,0.12583757,0.00287069,0.01639333,0.03560332,148048,-0.29594611,White
CT-1,189202,0.75989999,0.22723337,0.36011099,0.63988901,0.40161182,0.1933792,0.00185419,0.05163931,0.01707845,151009,0.53266662,Black
CT-2,189211,0.69321989,0.29432417,0.42392407,0.57607593,0.1629551,0.36842639,0.00238794,0.05326533,0.01689825,147826,0.39889572,Minority
CT-3,189083,0.62420974,0.35884517,0.70965899,0.29034101,0.08302005,0.09172789,0.00096975,0.10659298,0.01348353,150554,0.26536457,White
CT-4,189098,0.53626047,0.44321567,0.81585694,0.18414306,0.05352427,0.06102243,0.00098558,0.05106997,0.01422976,155238,0.0930448,White
CT-5,189911,0.59129992,0.39246163,0.83716332,0.16283668,0.03276641,0.04942016,0.00071478,0.06592027,0.0097865,149696,0.19883829,White
CT-6,189660,0.4669958,0.51610909,0.88101661,0.11898339,0.02365538,0.05266741,0.00099554,0.02151014,0.01536989,155694,-0.04911329,White
CT-7,190371,0.568594,0.41554459,0.70287051,0.29712949,0.09098274,0.15543803,0.00141938,0.04335258,0.0164557,154293,0.15304941,White
CT-8,190213,0.48780142,0.48983815,0.78092785,0.21907215,0.05250951,0.10153678,0.0019448,0.03697742,0.02835067,152201,-0.00203673000000004,White
CT-9,190346,0.58142946,0.39693332,0.76718504,0.23281496,0.07054724,0.0957945,0.00322553,0.04665367,0.02662038,154393,0.18449614,White
CT-10,189647,0.56711383,0.41728091,0.89359416,0.10640584,0.01777056,0.04175249,0.0010363,0.02777529,0.0104781,156326,0.14983292,White
CT-11,189567,0.53267218,0.45377511,0.54518148,0.45481852,0.1721791,0.25430926,0.00252582,0.02682832,0.01879348,146487,0.0788970700000001,White
CT-12,190090,0.46812825,0.51704094,0.7870118,0.2129882,0.06433814,0.09471822,0.00093709,0.03654653,0.01096986,152600,-0.04891269,White
CT-13,189607,0.76909762,0.22056346,0.37582431,0.62417569,0.30505709,0.25153538,0.00191839,0.07530341,0.02144199,150126,0.54853416,Minority
CT-14,189965,0.58508881,0.40277308,0.72798671,0.27201329,0.11133975,0.08827044,0.00109915,0.06253635,0.01207783,156485,0.18231573,White
CT-15,189199,0.54334517,0.44171666,0.81966177,0.18033823,0.03194035,0.07474952,0.00059816,0.04738373,0.0099308,147118,0.10162851,White
CT-16,189693,0.61226912,0.37343566,0.66845022,0.33154978,0.05785713,0.16924152,0.00126744,0.06912026,0.01163994,145963,0.23883346,White
CT-17,190375,0.72454168,0.2653049,0.28671061,0.71328939,0.33491654,0.34414964,0.0024567,0.03232609,0.01817958,146538,0.45923678,Hispanic
CT-18,190471,0.67944293,0.30731257,0.66548481,0.33451519,0.09110796,0.17430861,0.00088974,0.05753201,0.01141275,149482,0.37213036,White
CT-19,190235,0.65821535,0.32692006,0.57996033,0.42003967,0.10371744,0.21689153,0.0012636,0.08833,0.01260207,147198,0.33129529,White
DE-1,197748,0.7913941,0.19680601,0.39269763,0.60730237,0.43306483,0.12731044,0.00149532,0.04786331,0.01922464,153813,0.59458809,Black
DE-2,198255,0.62477105,0.35849865,0.74077906,0.25922094,0.09432487,0.07432179,0.00095458,0.07748114,0.01311162,162375,0.2662724,White
DE-3,197658,0.62033895,0.36442008,0.56513047,0.43486953,0.27738482,0.07686943,0.00116227,0.06930469,0.0194,150567,0.25591887,White
DE-4,197984,0.48728517,0.49637627,0.61994456,0.38005544,0.25169659,0.07731083,0.00203983,0.03100279,0.02816533,152954,-0.00909110000000002,White
DE-5,198303,0.44635756,0.54300434,0.78510566,0.21489434,0.09867915,0.07847577,0.00112919,0.01683411,0.02021558,163834,-0.09664678,White
FL-1,185371,0.51093885,0.46859386,0.60159264,0.39840736,0.26184098,0.06566117,0.00341567,0.04478542,0.02557731,149312,0.0423449900000001,White
FL-2,185691,0.31345673,0.66702642,0.76073342,0.23926658,0.0983857,0.05713072,0.00383704,0.04769572,0.03255314,145946,-0.35356969,White
FL-3,185255,0.21998903,0.76131378,0.78722052,0.21277948,0.09709246,0.04745346,0.00347033,0.02435516,0.0385926,143214,-0.54132475,White
FL-4,185441,0.3073546,0.67031281,0.72483649,0.27516351,0.09617731,0.09491588,0.00465496,0.05597603,0.02964365,145866,-0.36295821,White
FL-5,185612,0.27446102,0.70986868,0.76153628,0.23846372,0.10773939,0.06642716,0.00268944,0.03229351,0.03010286,148358,-0.43540766,White
FL-6,185277,0.22852232,0.76151044,0.76469282,0.23530718,0.14399666,0.0493272,0.00179727,0.01009027,0.03097759,148559,-0.53298812,White
FL-7,185529,0.70860747,0.27748464,0.41275046,0.58724954,0.46759534,0.08408516,0.00160912,0.02620381,0.01760611,148528,0.43112283,Black
FL-8,185603,0.54615823,0.44030682,0.67698907,0.32301093,0.19361458,0.06724347,0.00152916,0.04599406,0.0167215,151063,0.10585141,White
FL-9,185820,0.23326702,0.7573863,0.7774043,0.2225957,0.11802389,0.06722666,0.00158973,0.00928914,0.02499781,148453,-0.52411928,White
FL-10,185838,0.21684614,0.77241913,0.74981266,0.25018734,0.1625952,0.05151437,0.00151914,0.01129474,0.02259629,146794,-0.55557299,White
FL-11,185166,0.33384301,0.65074481,0.68087833,0.31912167,0.14675182,0.10227273,0.00394452,0.04911426,0.02427945,140448,-0.3169018,White
FL-12,185511,0.3266614,0.6591618,0.80605284,0.19394716,0.08304965,0.05764481,0.00264328,0.02952328,0.02144659,149814,-0.3325004,White
FL-13,185811,0.59320543,0.39426512,0.39869151,0.60130849,0.49908975,0.06219599,0.00198407,0.02789788,0.01905134,140620,0.19894031,Black
FL-14,185631,0.57837091,0.40415872,0.46917825,0.53082175,0.36694794,0.10288155,0.0030111,0.0501313,0.02145583,142805,0.17421219,Minority
FL-15,185818,0.60228613,0.38063763,0.40147077,0.59852923,0.42347002,0.12345756,0.00267287,0.04478098,0.01846774,144414,0.2216485,Black
FL-16,185501,0.48003048,0.50236541,0.57019271,0.42980729,0.16880161,0.14003164,0.00352449,0.10787069,0.01815645,149809,-0.02233493,White
FL-17,185390,0.38002989,0.60502599,0.71554723,0.28445277,0.08729191,0.09669447,0.00260085,0.07773277,0.01672851,146875,-0.2249961,White
FL-18,185811,0.3670219,0.61970302,0.79333548,0.20666452,0.06205442,0.07529765,0.00171619,0.04811041,0.01701169,139845,-0.25268112,White
FL-19,185389,0.37705294,0.61298412,0.7916465,0.2083535,0.08347695,0.08068857,0.00176855,0.02317836,0.01783398,154929,-0.23593118,White
FL-20,186101,0.58048237,0.40345083,0.68954201,0.31045799,0.12226574,0.10066959,0.00148209,0.06804377,0.01784462,151138,0.17703154,White
FL-21,186040,0.59485312,0.39062235,0.52260967,0.47739033,0.25351032,0.14889263,0.00163301,0.06381862,0.01768768,152479,0.20423077,White
FL-22,186325,0.29400158,0.69596597,0.86586597,0.13413403,0.03221801,0.05823325,0.00119791,0.01818809,0.02053373,159445,-0.40196439,White
FL-23,186229,0.34554302,0.64318057,0.76826773,0.23173227,0.05942953,0.13318682,0.0016301,0.01785856,0.0222803,151524,-0.29763755,White
FL-24,185615,0.34447966,0.64398898,0.77993202,0.22006798,0.05501866,0.11794188,0.00147294,0.02531991,0.02058118,150040,-0.29950932,White
FL-25,185890,0.3858698,0.60021993,0.78080069,0.21919931,0.0495021,0.12519043,0.00166729,0.02289088,0.0223482,152943,-0.21435013,White
FL-26,186112,0.44783751,0.53846297,0.62321306,0.37678694,0.10396689,0.19829474,0.00201994,0.06138504,0.01964662,141093,-0.09062546,White
FL-27,185466,0.32946596,0.66454953,0.83360358,0.16639642,0.07881371,0.05883756,0.00122206,0.01304918,0.01269747,167750,-0.33508357,White
FL-28,186239,0.3500237,0.64101811,0.76853198,0.23146802,0.08497067,0.10425535,0.00146647,0.02063434,0.02067328,154112,-0.29099441,White
FL-29,185884,0.47698989,0.51165082,0.56500896,0.43499104,0.13246349,0.2303,0.00235525,0.05037726,0.02074562,143934,-0.0346609299999999,White
FL-30,185337,0.54129731,0.44663296,0.54230818,0.45769182,0.07084225,0.23236985,0.00283872,0.10871055,0.01401183,143022,0.09466435,White
FL-31,185642,0.59898198,0.38889931,0.2762251,0.7237749,0.1299786,0.51103254,0.00362145,0.08216972,0.01783529,139723,0.21008267,Hispanic
FL-32,185957,0.60216512,0.38181841,0.45364293,0.54635707,0.13557798,0.32316102,0.00278268,0.08694388,0.01822292,151293,0.22034671,Minority
FL-33,185090,0.60883003,0.3769223,0.29767617,0.70232383,0.12649988,0.54264691,0.00317602,0.05054246,0.02079469,146095,0.23190773,Hispanic
FL-34,186308,0.54127416,0.44335679,0.61684134,0.38315866,0.1081056,0.21467233,0.00214911,0.05262669,0.0176373,150760,0.09791737,White
FL-35,185765,0.49323076,0.49157504,0.64174784,0.35825216,0.0895016,0.19728444,0.00218446,0.0592809,0.0176532,146489,0.00165571999999997,White
FL-36,185812,0.52105617,0.46573658,0.54113327,0.45886673,0.16643498,0.20811807,0.00215089,0.07769502,0.01908832,144591,0.05531959,White
FL-37,185069,0.76057985,0.22712849,0.20478951,0.79521049,0.4307472,0.29011497,0.0030531,0.04760033,0.01541291,142478,0.53345136,Black
FL-38,185801,0.6763706,0.31060281,0.41671547,0.58328453,0.37674517,0.15833526,0.00269011,0.04281706,0.01622921,146834,0.36576779,Minority
FL-39,186102,0.56766964,0.41949908,0.42997357,0.57002643,0.25889834,0.25145998,0.0021593,0.04855615,0.02137564,142639,0.14817056,Minority
FL-40,185532,0.37085292,0.62036422,0.71869866,0.28130134,0.10189292,0.14270593,0.00191565,0.02004611,0.01917595,153995,-0.2495113,White
FL-41,186267,0.30372176,0.68510159,0.76636828,0.23363172,0.09208685,0.10062333,0.0015533,0.01181717,0.02621871,149359,-0.38137983,White
FL-42,185361,0.46673412,0.52022657,0.58725545,0.41274455,0.11914065,0.25899579,0.00198772,0.02436318,0.02286558,146902,-0.0534924500000001,White
FL-43,185084,0.45134283,0.53646217,0.71891423,0.28108577,0.16093296,0.06911067,0.00148605,0.03136002,0.0182471,156792,-0.08511934,White
FL-44,185342,0.36334146,0.62527837,0.84570667,0.15429333,0.05887028,0.05073035,0.00155748,0.01955506,0.02084335,156021,-0.26193691,White
FL-45,185357,0.33864636,0.64889921,0.68356915,0.31643085,0.10435239,0.17218724,0.00151304,0.02376571,0.02243668,146724,-0.31025285,White
FL-46,185580,0.3346563,0.65150922,0.69417792,0.30582208,0.0947554,0.16916197,0.00167345,0.0252457,0.02130213,145807,-0.31685292,White
FL-47,185305,0.49929751,0.48654667,0.51211514,0.48788486,0.24405454,0.21475118,0.0018919,0.01889794,0.02151856,142714,0.01275084,White
FL-48,185623,0.56659807,0.42286737,0.40523617,0.59476383,0.17365078,0.39636543,0.00221247,0.02753755,0.0206636,143731,0.1437307,Minority
FL-49,186127,0.61961061,0.36857994,0.28716991,0.71283009,0.14191925,0.53007673,0.00296202,0.04725298,0.01922179,143483,0.25103067,Hispanic
FL-50,185710,0.5038109,0.48470676,0.35546889,0.64453111,0.10591496,0.51820612,0.00294091,0.0322865,0.02136213,141793,0.0191041399999999,Hispanic
FL-51,186244,0.39371474,0.59169223,0.76702379,0.23297621,0.09595431,0.08145949,0.0028197,0.0293145,0.02318782,153917,-0.19797749,White
FL-52,185686,0.40093152,0.58459201,0.80109547,0.19890453,0.04653808,0.08687326,0.00231383,0.04263594,0.01856294,152993,-0.18366049,White
FL-53,186125,0.45707767,0.52825436,0.6497723,0.3502277,0.15849237,0.1361006,0.00212781,0.03873816,0.02148364,150859,-0.07117669,White
FL-54,186250,0.55999143,0.42772133,0.6835848,0.3164152,0.22445278,0.05435002,0.0014987,0.02147931,0.01486738,158804,0.1322701,White
FL-55,186251,0.56423888,0.41970844,0.73633471,0.26366529,0.08164204,0.10088529,0.00149964,0.0599099,0.01797675,158705,0.14453044,White
FL-56,185596,0.45425732,0.53223849,0.7256462,0.2743538,0.06859815,0.1170082,0.00205697,0.06575849,0.02052446,154596,-0.07798117,White
FL-57,185938,0.46895597,0.51796733,0.74496589,0.25503411,0.09123513,0.11441021,0.00233152,0.02949439,0.0201683,156979,-0.04901136,White
FL-58,186294,0.42944601,0.55860176,0.83549949,0.16450051,0.0353826,0.07819746,0.00149916,0.0311837,0.01561408,157422,-0.12915575,White
FL-59,185766,0.47452589,0.51206621,0.62290768,0.37709232,0.07224436,0.215619,0.00201628,0.07678953,0.01538525,146309,-0.03754032,White
FL-60,186267,0.55659612,0.42947867,0.28799086,0.71200914,0.11608924,0.5559907,0.00173031,0.05019218,0.01513691,151418,0.12711745,Hispanic
FL-61,185768,0.76190606,0.2226266,0.29601597,0.70398403,0.43762961,0.24366209,0.00251118,0.03014827,0.01854464,141766,0.53927946,Black
FL-62,186019,0.56665601,0.41846052,0.4943574,0.5056426,0.16852281,0.2152613,0.0023258,0.11522489,0.01685363,148336,0.14819549,Minority
FL-63,186334,0.52336045,0.46119383,0.61581246,0.38418754,0.12041291,0.20328107,0.00237033,0.05225415,0.0169195,149768,0.06216662,White
FL-64,186264,0.51187402,0.47207774,0.47960275,0.52039725,0.19034655,0.27065768,0.00211126,0.05523995,0.02448781,143990,0.03979628,Minority
FL-65,186038,0.36370398,0.62300865,0.65603175,0.34396825,0.0828922,0.20531077,0.00191973,0.03865246,0.02343789,139603,-0.25930467,White
FL-66,186084,0.51976063,0.46667785,0.52272792,0.47727208,0.1858175,0.24983034,0.00250254,0.0384077,0.02008398,141456,0.0530827799999999,White
FL-67,185428,0.51561372,0.4735933,0.76972974,0.23027026,0.06058819,0.12420642,0.00109784,0.02627287,0.0143221,159404,0.0420204200000001,White
FL-68,185386,0.40665725,0.58420267,0.90366828,0.09633172,0.01652419,0.04265377,0.00087541,0.01912024,0.01137434,165636,-0.17754542,White
FL-69,185092,0.44335096,0.5458395,0.73235917,0.26764083,0.06743162,0.1586577,0.00133017,0.02361366,0.01723403,154868,-0.10248854,White
FL-70,185517,0.41218203,0.57725728,0.71269522,0.28730478,0.10011395,0.14222133,0.00123333,0.02775655,0.01600643,149190,-0.16507525,White
FL-71,185873,0.33767377,0.65234818,0.7002121,0.2997879,0.09011357,0.1727422,0.00151888,0.02001232,0.01670088,146160,-0.31467441,White
FL-72,185296,0.36265961,0.62844735,0.84546649,0.15453351,0.05385305,0.06317554,0.00129581,0.01713422,0.01558048,162832,-0.26578774,White
FL-73,185233,0.32387452,0.66839749,0.54569863,0.45430137,0.10561954,0.32193007,0.00139448,0.01230054,0.02279728,144140,-0.34452297,White
FL-74,185168,0.54142621,0.44912188,0.40648451,0.59351549,0.21166837,0.34861797,0.00135394,0.02236882,0.01999222,138854,0.0923043300000001,Minority
FL-75,185012,0.3659735,0.62578968,0.69265255,0.30734745,0.06183563,0.21460403,0.00084853,0.0168102,0.01663649,149671,-0.25981618,White
FL-76,185164,0.37408898,0.61911402,0.79513274,0.20486726,0.03194376,0.13582225,0.00127524,0.0206488,0.01260789,159186,-0.24502504,White
FL-77,185277,0.37706023,0.61611877,0.81092437,0.18907563,0.0252534,0.12260987,0.00120667,0.02640438,0.01107041,161602,-0.23905854,White
FL-78,185047,0.36649092,0.62582643,0.81667747,0.18332253,0.03355611,0.12097287,0.00096948,0.01652963,0.00984022,165037,-0.25933551,White
FL-79,185571,0.36572681,0.62584,0.6218993,0.3781007,0.06283689,0.28368879,0.00073957,0.02100782,0.01203968,150087,-0.26011319,White
FL-80,186069,0.38675486,0.60337594,0.78203785,0.21796215,0.07633821,0.10422344,0.00114336,0.01768394,0.01521301,157431,-0.21662108,White
FL-81,185383,0.55779213,0.43331147,0.45473853,0.54526147,0.28282492,0.22410925,0.0022583,0.02440941,0.01873889,141257,0.12448066,Minority
FL-82,185995,0.39700914,0.59522031,0.73791862,0.26208138,0.08962021,0.13256618,0.00139326,0.02360158,0.01593219,155032,-0.19821117,White
FL-83,185321,0.39764927,0.59325308,0.79775714,0.20224286,0.04003995,0.1227635,0.00115538,0.02345346,0.01552902,153197,-0.19560381,White
FL-84,185571,0.57924397,0.41219185,0.56179231,0.43820769,0.27892159,0.11842752,0.00163275,0.03488511,0.01215271,150666,0.16705212,White
FL-85,186070,0.51894706,0.47261212,0.47405997,0.52594003,0.22994652,0.24000476,0.00170787,0.04557354,0.01381695,142868,0.04633494,Minority
FL-86,185168,0.61379537,0.37664855,0.45780201,0.54219799,0.23458547,0.27220929,0.00200785,0.03298318,0.01773153,150410,0.23714682,Minority
FL-87,186175,0.59318611,0.39725425,0.27254734,0.72745266,0.17456927,0.53013669,0.00223551,0.02800085,0.02859177,140460,0.19593186,Hispanic
FL-88,185478,0.60176096,0.38907297,0.58122637,0.41877363,0.2432282,0.1361075,0.00148388,0.02704881,0.01097559,156347,0.21268799,White
FL-89,185170,0.59865921,0.39462803,0.66389518,0.33610482,0.13509381,0.15215864,0.00113202,0.03932782,0.00919276,153708,0.20403118,White
FL-90,185907,0.56181589,0.4322643,0.70593269,0.29406731,0.05748665,0.15298243,0.00097162,0.03943762,0.0069751,155410,0.12955159,White
FL-91,186034,0.57436386,0.4175348,0.53010921,0.46989079,0.23860455,0.16640348,0.00131371,0.02995661,0.0120888,150718,0.15682906,White
FL-92,185503,0.60714993,0.38503766,0.52066334,0.47933666,0.25058536,0.18727626,0.00159966,0.02329827,0.01290048,155033,0.22211227,White
FL-93,185919,0.80119337,0.19128722,0.18174053,0.81825947,0.58457045,0.2037296,0.00250064,0.03743378,0.00920345,145163,0.60990615,Black
FL-94,186041,0.77379123,0.21920428,0.23385644,0.76614356,0.50221752,0.23188455,0.00199918,0.03531659,0.01053493,146560,0.55458695,Black
FL-95,185617,0.60458353,0.3879116,0.46346583,0.53653417,0.1921885,0.24384627,0.00190155,0.04963778,0.01061317,151981,0.21667193,Minority
FL-96,185922,0.60761907,0.38399517,0.42324547,0.57675453,0.2053343,0.28978815,0.00181705,0.07314536,0.0101185,140337,0.2236239,Minority
FL-97,186025,0.58422345,0.40791417,0.26250098,0.73749902,0.14214229,0.50877831,0.00142563,0.08612222,0.00988673,140289,0.17630928,Hispanic
FL-98,185429,0.56762962,0.42406279,0.46133929,0.53866071,0.11863324,0.3476717,0.00212225,0.06878434,0.01300137,145600,0.14356683,Minority
FL-99,186221,0.63675581,0.35543212,0.20733741,0.79266259,0.23832134,0.50640258,0.00170153,0.05850427,0.01525321,148690,0.28132369,Hispanic
FL-100,185246,0.54237254,0.45007784,0.62158136,0.37841864,0.07641919,0.25663783,0.00164543,0.03161851,0.01181097,160444,0.0922947,White
FL-101,186363,0.74520275,0.24690567,0.20681899,0.79318101,0.44143258,0.33942966,0.00192588,0.02958979,0.0110463,145388,0.49829708,Black
FL-102,185047,0.79859203,0.19479476,0.04089015,0.95910985,0.57465339,0.39976765,0.00144695,0.01437207,0.00708865,143751,0.60379727,Black
FL-103,185865,0.77917279,0.2131458,0.11912427,0.88087573,0.52286182,0.34845178,0.00130269,0.02621743,0.01018961,146620,0.56602699,Black
FL-104,185312,0.78814815,0.2033406,0.08152846,0.91847154,0.44847869,0.49266828,0.00091389,0.01162631,0.01008026,145532,0.58480755,Hispanic
FL-105,186101,0.5468996,0.44608456,0.43868994,0.56131006,0.04823309,0.46352819,0.00104743,0.02722053,0.00844973,156573,0.10081504,Hispanic
FL-106,185339,0.59109419,0.40039458,0.27234225,0.72765775,0.0569097,0.62618996,0.00128952,0.03213062,0.00931744,158198,0.19069961,Hispanic
FL-107,185891,0.32266343,0.67216083,0.03921519,0.96078481,0.02732174,0.94792152,0.00063168,0.00538523,0.00406444,156725,-0.3494974,Hispanic
FL-108,186203,0.35793295,0.63644403,0.04061695,0.95938305,0.03238746,0.93523802,0.00073108,0.01136731,0.00542163,154566,-0.27851108,Hispanic
FL-109,185758,0.4635984,0.52954953,0.06452429,0.93547571,0.05453749,0.86693617,0.00057458,0.02478231,0.00763374,146193,-0.06595113,Hispanic
FL-110,185492,0.35937953,0.63419303,0.05393743,0.94606257,0.02814378,0.91289105,0.00076411,0.01665639,0.00565059,155736,-0.2748135,Hispanic
FL-111,185205,0.37486417,0.61859559,0.08428043,0.91571957,0.03200706,0.87196516,0.00055344,0.02105693,0.00641064,151779,-0.24373142,Hispanic
FL-112,185010,0.46596409,0.52731912,0.11292654,0.88707346,0.06694305,0.8015796,0.00087529,0.03001785,0.01023212,147379,-0.06135503,Hispanic
FL-113,185316,0.53956253,0.45219214,0.14824556,0.85175444,0.07268338,0.7734443,0.00087673,0.02661589,0.01274527,152841,0.08737039,Hispanic
FL-114,185104,0.54361294,0.44899472,0.23121599,0.76878401,0.12653995,0.60825007,0.00093412,0.03859015,0.0079739,147732,0.09461822,Hispanic
FL-115,185171,0.5712627,0.42103981,0.08215197,0.91784803,0.19564121,0.72421071,0.0009522,0.02102653,0.01166798,140727,0.15022289,Hispanic
FL-116,185210,0.50986011,0.4796676,0.39884146,0.60115854,0.15151218,0.43485683,0.00158809,0.01778381,0.02052624,142939,0.03019251,Hispanic
GA-1,184281,0.65818922,0.33008284,0.37792791,0.62207209,0.51218498,0.07016223,0.00444655,0.0320008,0.01828822,139434,0.32810638,Black
GA-2,184819,0.58898961,0.40430665,0.35672588,0.64327412,0.58936325,0.03535196,0.00137807,0.01216717,0.01123922,144405,0.18468296,Black
GA-3,184681,0.58928005,0.39696738,0.53116226,0.46883774,0.35345572,0.06090713,0.0019101,0.04167117,0.01571949,148160,0.19231267,White
GA-4,184200,0.56036201,0.42351721,0.46538361,0.53461639,0.38524946,0.0933824,0.00585994,0.04355479,0.02159269,138056,0.1368448,Minority
GA-5,184204,0.32352089,0.66137013,0.68105317,0.31894683,0.22573469,0.04870366,0.00202696,0.02374445,0.02111716,141591,-0.33784924,White
GA-6,185160,0.35897346,0.62701966,0.66673196,0.33326804,0.23264127,0.0616492,0.00267219,0.01890818,0.02193013,142954,-0.2680462,White
GA-7,185355,0.20844685,0.78446981,0.70842155,0.29157845,0.19490189,0.07304025,0.00110118,0.00863184,0.01764731,140758,-0.57602296,White
GA-8,184935,0.36004971,0.62903887,0.59276321,0.40723679,0.30718568,0.06617049,0.00254806,0.01785804,0.01890894,138929,-0.26898916,White
GA-9,185223,0.34432984,0.64850472,0.59723341,0.40276659,0.30553318,0.07386998,0.00059345,0.00912071,0.01750668,141546,-0.30417488,White
GA-10,184386,0.31029261,0.6812115,0.61451249,0.38548751,0.31208811,0.0467362,0.00087213,0.01487541,0.01393294,142181,-0.37091889,White
GA-11,184401,0.30775003,0.68474612,0.60457636,0.39542364,0.31593209,0.06262053,0.00091499,0.00849533,0.01335182,142078,-0.37699609,White
GA-12,185205,0.47545823,0.51614145,0.51513295,0.48486705,0.44281483,0.02290539,0.00112348,0.00848398,0.01203146,146865,-0.04068322,White
GA-13,184238,0.41880362,0.5676156,0.56957056,0.43042944,0.32004049,0.05725853,0.00190139,0.03798438,0.01958502,138320,-0.14881198,White
GA-14,185303,0.55388106,0.43573628,0.44638168,0.55361832,0.48550923,0.03639674,0.00114834,0.02323285,0.01348598,142815,0.11814478,Black
GA-15,184262,0.35959299,0.63202676,0.60288761,0.39711239,0.32988619,0.04057394,0.00173505,0.01089913,0.01689606,145241,-0.27243377,White
GA-16,184115,0.29634116,0.68867383,0.61610012,0.38389988,0.08441815,0.25481429,0.00090571,0.02712824,0.02601407,139117,-0.39233267,White
GA-17,185271,0.29130739,0.69925709,0.69806435,0.30193565,0.24054043,0.03390172,0.00086785,0.00833831,0.01884972,144034,-0.4079497,White
GA-18,185055,0.66466977,0.32547531,0.33547624,0.66452376,0.56581236,0.07241212,0.00182456,0.01783932,0.01672036,140308,0.33919446,Black
GA-19,184345,0.43681537,0.55099024,0.59783189,0.40216811,0.2842721,0.05934169,0.00110374,0.04176626,0.01909395,142244,-0.11417487,White
GA-20,185255,0.55373295,0.43548251,0.42735441,0.57264559,0.46302426,0.06329344,0.00150595,0.03678295,0.0184715,137455,0.11825044,Black
GA-21,184919,0.80333898,0.18741812,0.17205753,0.82794247,0.6975486,0.09131666,0.00133634,0.03985315,0.01712816,139186,0.61592086,Black
GA-22,184731,0.8550124,0.13484663,0.10076653,0.89923347,0.69523058,0.14412755,0.00136645,0.06306859,0.01864071,136851,0.72016577,Black
GA-23,184812,0.68241496,0.30677933,0.32630083,0.67369917,0.5661665,0.08167029,0.00150696,0.01851413,0.01905951,139353,0.37563563,Black
GA-24,184050,0.93563597,0.05665312,0.05478126,0.94521874,0.88632011,0.05233522,0.00091816,0.00984872,0.01149854,139409,0.87898285,Black
GA-25,184038,0.89635897,0.09109588,0.36199447,0.63800553,0.51700459,0.062147,0.00158909,0.05552258,0.0135807,156693,0.80526309,Black
GA-26,184166,0.84781197,0.13933306,0.33602753,0.66397247,0.53792547,0.05917894,0.00155383,0.06364036,0.01373773,149952,0.70847891,Black
GA-27,185229,0.91493267,0.0743832,0.33634805,0.66365195,0.57987968,0.03773495,0.00127258,0.04155268,0.0123787,146946,0.84054947,Black
GA-28,184774,0.81405699,0.17399656,0.29258215,0.70741785,0.52590206,0.06872726,0.00132635,0.10824699,0.01466626,144004,0.64006043,Black
GA-29,184909,0.68546599,0.29931955,0.46170992,0.53829008,0.17653391,0.23316334,0.00135259,0.12089823,0.02504365,144907,0.38614644,Minority
GA-30,185221,0.69062583,0.29812608,0.29393002,0.70606998,0.51528859,0.13842829,0.00169915,0.052681,0.01912285,134185,0.39249975,Black
GA-31,184327,0.57865234,0.40791068,0.38394442,0.61605558,0.25418046,0.1837428,0.0013734,0.17158678,0.02274139,136887,0.17074166,Minority
GA-32,184993,0.72307819,0.26417507,0.15451367,0.84548633,0.27218769,0.43455122,0.00179615,0.14342629,0.02845021,135289,0.45890312,Hispanic
GA-33,184311,0.56920044,0.4179002,0.66228265,0.33771735,0.14098788,0.08468821,0.00117669,0.09956832,0.01283603,148722,0.15130024,White
GA-34,185158,0.66060356,0.32193895,0.40188089,0.59811911,0.32418898,0.18711196,0.00136385,0.06516621,0.02133304,147377,0.33866461,Minority
GA-35,184960,0.72652895,0.26130046,0.30852396,0.69147604,0.49076143,0.15793819,0.00146621,0.03679056,0.02116756,140498,0.46522849,Black
GA-36,184837,0.47144766,0.5118634,0.61444814,0.38555186,0.22410982,0.09133792,0.00126251,0.0536429,0.01955507,144157,-0.04041574,White
GA-37,185161,0.47616851,0.50513525,0.69978252,0.30021748,0.10458127,0.07504724,0.00131199,0.0963029,0.01727691,140245,-0.02896674,White
GA-38,184015,0.34691075,0.63926021,0.67853918,0.32146082,0.21793904,0.06327812,0.00150257,0.01866738,0.02320469,135102,-0.29234946,White
GA-39,184468,0.4356416,0.54949121,0.53714141,0.46285859,0.18845053,0.13863541,0.00140902,0.12556659,0.01866762,134136,-0.11384961,White
GA-40,184980,0.57589465,0.40894958,0.36142001,0.63857999,0.22613564,0.16212457,0.0018173,0.24576952,0.01701976,143069,0.16694507,Minority
GA-41,184139,0.55584109,0.43036479,0.56289702,0.43710298,0.16130998,0.08390472,0.0015058,0.17837808,0.01344016,142781,0.1254763,White
GA-42,185280,0.48793777,0.49837467,0.60915249,0.39084751,0.11234438,0.10487016,0.00118432,0.1566192,0.01530229,138476,-0.0104369,White
GA-43,185341,0.33616029,0.64904263,0.6570733,0.3429267,0.04589789,0.08942876,0.00094681,0.18695051,0.01635131,133078,-0.31288234,White
GA-44,184193,0.24044806,0.74484669,0.74372702,0.25627298,0.11443806,0.08414542,0.00132754,0.03499008,0.02269942,137096,-0.50439863,White
GA-45,184347,0.20764764,0.78182882,0.79851521,0.20148479,0.11805793,0.04549859,0.00087832,0.01489666,0.02204176,143455,-0.57418118,White
GA-46,184000,0.17835605,0.81066171,0.87822252,0.12177748,0.02181757,0.05590378,0.00100902,0.01275643,0.02777147,149650,-0.63230566,White
GA-47,185165,0.33133853,0.65068816,0.75014074,0.24985926,0.08532927,0.10397144,0.00146087,0.0339279,0.02363765,140327,-0.31934963,White
GA-48,184314,0.21671727,0.77092348,0.78045708,0.21954292,0.08675835,0.09055199,0.00100503,0.01409876,0.02900438,141289,-0.55420621,White
GA-49,185040,0.29752908,0.69086992,0.70214976,0.29785024,0.21009389,0.03932152,0.0017167,0.02702206,0.02038841,141551,-0.39334084,White
GA-50,184390,0.35720486,0.62758132,0.64978191,0.35021809,0.22657445,0.07908013,0.00114557,0.02555126,0.02235647,140541,-0.27037646,White
GA-51,184704,0.23786677,0.75126558,0.75669817,0.24330183,0.12772369,0.07924099,0.00091678,0.01274963,0.02482411,140710,-0.51339881,White
GA-52,184287,0.19532346,0.78997094,0.85397815,0.14602185,0.03155904,0.07206892,0.00112061,0.01453985,0.02671242,142780,-0.59464748,White
GA-53,183997,0.22614832,0.76363999,0.72985704,0.27014296,0.02699505,0.20903351,0.00059862,0.01135246,0.03569647,140322,-0.53749167,White
GA-54,184095,0.1983791,0.78719684,0.88318073,0.11681927,0.04632464,0.02798446,0.00117154,0.01078096,0.02761487,143401,-0.58881774,White
GA-55,185362,0.36820847,0.61584116,0.66004999,0.33995001,0.20747474,0.05847696,0.00343558,0.05652509,0.02178031,138841,-0.24763269,White
GA-56,184945,0.71894034,0.26870495,0.32935152,0.67064848,0.58068054,0.05403385,0.00327626,0.02757927,0.01741518,143151,0.45023539,Black
GA-57,184261,0.93452293,0.05789312,0.05177145,0.94822855,0.90089283,0.0382368,0.00113026,0.01429526,0.01281669,140676,0.87662981,Black
GA-58,185295,0.55116268,0.43286227,0.66091869,0.33908131,0.19025489,0.08170691,0.00133835,0.04821441,0.01696819,148690,0.11830041,White
HI-1,181589,0.70464706,0.27832563,0.20644221,0.79355779,0.02514393,0.05759142,0.15392431,0.64766548,0.01872216,156499,0.42632143,Asian
HI-2,181502,0.62874884,0.35469868,0.15536772,0.84463228,0.03846341,0.06209847,0.17060584,0.66266382,0.0158632,143981,0.27405016,Asian
HI-3,181392,0.66046868,0.32014758,0.29499051,0.70500949,0.02013767,0.07488289,0.22680652,0.52716434,0.0237705,146442,0.3403211,Asian
HI-4,181732,0.61109431,0.37253632,0.09406212,0.90593788,0.02671222,0.06531253,0.1916845,0.76250549,0.01674487,145776,0.23855799,Asian
HI-5,181563,0.5055276,0.47387663,0.15094396,0.84905604,0.04577588,0.11056533,0.3490971,0.56515897,0.02856887,133957,0.0316509699999999,Asian
HI-6,182028,0.6044788,0.3747693,0.28251663,0.71748337,0.03484737,0.10072622,0.23354983,0.4882042,0.02710193,140728,0.2297095,Asian
HI-7,182728,0.66878627,0.30820576,0.35318004,0.64681996,0.01535958,0.08754059,0.2395372,0.4248326,0.02822993,143819,0.36058051,Asian
HI-8,182737,0.66620275,0.30898376,0.36808497,0.63191503,0.01674464,0.09046115,0.28029827,0.38645363,0.03657146,144703,0.35721899,Asian
IA-1,188021,0.64298727,0.33649421,0.8080869,0.1919131,0.06480923,0.05234359,0.00116677,0.0565748,0.01246563,149130,0.30649306,White
IA-2,187975,0.50511486,0.47319005,0.81212921,0.18787079,0.08175755,0.05492879,0.00109066,0.0300521,0.02006947,143950,0.0319248100000001,White
IA-3,187475,0.58476236,0.38932526,0.82693693,0.17306307,0.08552012,0.03555891,0.00295112,0.03059189,0.01576701,144352,0.1954371,White
IA-4,187437,0.4281409,0.55333107,0.9218296,0.0781704,0.02552909,0.02502878,0.003975,0.01056801,0.0108353,145912,-0.12519017,White
IA-5,187522,0.48827427,0.49262356,0.8500031,0.1499969,0.07593533,0.03310761,0.00405062,0.02212685,0.01377762,145163,-0.00434929000000001,White
IA-6,188026,0.3923794,0.58794886,0.92832597,0.07167403,0.01351753,0.02379224,0.00220567,0.00828338,0.01974735,144627,-0.19556946,White
IA-7,187942,0.37768567,0.60442776,0.91336015,0.08663985,0.01370888,0.04488852,0.00168186,0.01095612,0.01272722,145672,-0.22674209,White
IA-8,188140,0.51382068,0.46009051,0.8244499,0.1755501,0.02965515,0.07027837,0.00925197,0.05735681,0.01374908,147428,0.05373017,White
IA-9,187175,0.50149986,0.47897417,0.84104015,0.15895985,0.03506573,0.05416383,0.00136824,0.05127691,0.0122927,139595,0.02252569,White
IA-10,187627,0.59824473,0.37949578,0.72551692,0.27448308,0.08678298,0.11321981,0.00157279,0.05339093,0.02194215,143058,0.21874895,White
IA-11,187173,0.56272138,0.41432539,0.78443314,0.21556686,0.07545373,0.0653416,0.00150652,0.05680704,0.01402766,140722,0.14839599,White
IA-12,187129,0.41135236,0.56720622,0.84534035,0.15465965,0.03489636,0.07927467,0.00272693,0.01763505,0.01774579,144485,-0.15585386,White
IA-13,187342,0.29095026,0.69124126,0.93376237,0.06623763,0.01558573,0.02131323,0.00126352,0.00739368,0.0160717,144042,-0.400291,White
IA-14,188222,0.36655888,0.61416203,0.92679354,0.07320646,0.01333046,0.02741077,0.00138859,0.01098375,0.01412196,144031,-0.24760315,White
IA-15,187522,0.29849873,0.68675192,0.92349985,0.07650015,0.01918829,0.03521729,0.00124457,0.00697507,0.01131056,146235,-0.38825319,White
IA-16,187445,0.35567956,0.62630602,0.85131391,0.14868609,0.01887611,0.0866496,0.00409286,0.01856127,0.01781267,142932,-0.27062646,White
IA-17,188196,0.3070228,0.67481595,0.80559059,0.19440941,0.0334801,0.11168921,0.00435256,0.02240414,0.02473895,138769,-0.36779315,White
ID-1,184113,0.25706682,0.71756066,0.89558827,0.10441173,0.00521636,0.03889393,0.00330862,0.01443827,0.03223445,142053,-0.46049384,White
ID-2,183908,0.32919183,0.64275115,0.87577408,0.12422592,0.00770847,0.03682933,0.00316088,0.01811557,0.0498807,147111,-0.31355932,White
ID-3,183828,0.30416095,0.67095384,0.8227829,0.1772171,0.009845,0.11416601,0.00309003,0.01636281,0.02964996,139157,-0.36679289,White
ID-4,184240,0.22975844,0.73020779,0.83295341,0.16704659,0.01184162,0.10971931,0.00479984,0.02108771,0.02058365,132921,-0.50044935,White
ID-5,183756,0.26617781,0.70169459,0.82100863,0.17899137,0.00923215,0.10094673,0.0039523,0.01571058,0.05238883,131822,-0.43551678,White
ID-6,184141,0.22803786,0.74313397,0.72523114,0.27476886,0.00821394,0.22072977,0.00299585,0.01519921,0.03102033,131849,-0.51509611,White
ID-7,183682,0.25377627,0.72110741,0.82565215,0.17434785,0.00909408,0.1088541,0.00387093,0.02061028,0.02726739,134593,-0.46733114,White
ID-8,183787,0.32782483,0.6386671,0.69769493,0.30230507,0.01320551,0.23072771,0.00565625,0.02109689,0.03572406,131536,-0.31084227,White
ID-9,183556,0.4058043,0.55989066,0.81406998,0.18593002,0.01928288,0.08532656,0.00571236,0.04591127,0.02711174,136546,-0.15408636,White
ID-10,184095,0.6340267,0.33395276,0.82178185,0.17821815,0.02240411,0.07543074,0.00512055,0.04484181,0.02472247,148812,0.30007394,White
IL-1,185235,0.63378945,0.34758991,0.45180489,0.54819511,0.18752688,0.31633394,0.00100135,0.03532216,0.02528048,141809,0.28619954,Minority
IL-2,185298,0.60930407,0.37305603,0.57352204,0.42647796,0.10786035,0.13131306,0.00101038,0.17619034,0.01471326,135592,0.23624804,White
IL-3,185964,0.42748793,0.55390565,0.79025521,0.20974479,0.05526206,0.11526106,0.00070912,0.0203235,0.01791248,141019,-0.12641772,White
IL-4,185666,0.76251008,0.2243988,0.31355458,0.68644542,0.51017153,0.16044296,0.00130817,0.01112992,0.01888799,142948,0.53811128,Black
IL-5,185747,0.72173067,0.26577573,0.39243557,0.60756443,0.49536914,0.08603758,0.00057973,0.02145002,0.01419292,143170,0.45595494,Black
IL-6,185698,0.89902451,0.09060249,0.08363701,0.91636299,0.67218399,0.2391371,0.00126939,0.00640399,0.01991086,140225,0.80842202,Black
IL-7,185772,0.73303873,0.25253964,0.3779935,0.6220065,0.48868145,0.11770469,0.00100042,0.01300547,0.01433017,144939,0.48049909,Black
IL-8,185854,0.48720367,0.49737104,0.78546771,0.21453229,0.05665028,0.09976762,0.00077235,0.04547469,0.0119748,148896,-0.01016737,White
IL-9,186145,0.46458953,0.52029882,0.79458871,0.20541129,0.04863089,0.11444927,0.00072077,0.03038305,0.01273815,144291,-0.0557092900000001,White
IL-10,186150,0.94664517,0.04224595,0.01416663,0.98583337,0.8586655,0.12705494,0.00105879,0.00486338,0.01520424,141671,0.90439922,Black
IL-11,185801,0.94778278,0.04009357,0.10217608,0.89782392,0.79336528,0.05884075,0.0010714,0.04870566,0.0122779,150270,0.90768921,Black
IL-12,185742,0.90213779,0.08413909,0.23819674,0.76180326,0.60313838,0.04875609,0.00151035,0.10821537,0.01167086,152945,0.8179987,Black
IL-13,185111,0.88349877,0.10033585,0.22599516,0.77400484,0.53292928,0.14660028,0.00131962,0.09458412,0.01391723,147012,0.78316292,Black
IL-14,185724,0.91782309,0.06844142,0.18647615,0.81352385,0.63527335,0.15768286,0.00118606,0.02397232,0.0162769,143332,0.84938167,Black
IL-15,186225,0.78102277,0.19686553,0.16469768,0.83530232,0.05332636,0.59043039,0.00144276,0.19440321,0.04825928,143475,0.58415724,Hispanic
IL-16,185848,0.74868328,0.23734376,0.18577559,0.81422441,0.0756043,0.70866742,0.00123978,0.03002604,0.05120493,136315,0.51133952,Hispanic
IL-17,185726,0.61793893,0.36584131,0.39748604,0.60251396,0.03401872,0.53839438,0.00097237,0.02613331,0.04233709,140893,0.25209762,Hispanic
IL-18,185939,0.73775379,0.2432807,0.27175642,0.72824358,0.06070136,0.64525508,0.0011946,0.02149555,0.05193618,138959,0.49447309,Hispanic
IL-19,185939,0.65209596,0.33134271,0.48033174,0.51966826,0.09016657,0.37958693,0.00086638,0.0468964,0.02801766,143124,0.32075325,Minority
IL-20,185771,0.76823647,0.21637158,0.22337834,0.77662166,0.0637188,0.68360249,0.00225983,0.0376357,0.04925869,142046,0.55186489,Hispanic
IL-21,186258,0.85894405,0.11865361,0.40751899,0.59248101,0.07204552,0.43999605,0.00213795,0.08153143,0.03530573,152015,0.74029044,Hispanic
IL-22,185397,0.56845139,0.4158519,0.7039402,0.2960598,0.04500114,0.17687902,0.001183,0.06873513,0.01537903,148774,0.15259949,White
IL-23,185110,0.67780195,0.30617721,0.55095269,0.44904731,0.05189341,0.17937263,0.0019088,0.21156228,0.01825334,146165,0.37162474,White
IL-24,186101,0.8134554,0.16749865,0.69558494,0.30441506,0.07530658,0.1097232,0.00117479,0.10894401,0.01164603,166838,0.64595675,White
IL-25,186187,0.8381589,0.14269892,0.77895749,0.22104251,0.04508667,0.07925207,0.00125275,0.08562126,0.00922819,161245,0.69545998,White
IL-26,185786,0.87753964,0.10424468,0.61174647,0.38825353,0.12923203,0.12902376,0.00156816,0.11832844,0.01828495,163249,0.77329496,White
IL-27,185957,0.82430213,0.15952124,0.43440707,0.56559293,0.20344546,0.18089025,0.00184845,0.17380224,0.02250085,147150,0.66478089,Minority
IL-28,185763,0.67652353,0.30833502,0.7180564,0.2819436,0.02517732,0.0596773,0.00115593,0.18771845,0.0077495,146203,0.36818851,White
IL-29,185442,0.60409553,0.37899335,0.69001779,0.30998221,0.01994125,0.13129468,0.00087916,0.14988653,0.01247862,146731,0.22510218,White
IL-30,185601,0.5745703,0.40936123,0.66566188,0.33433812,0.03315122,0.12544576,0.00088143,0.16735746,0.01337622,148622,0.16520907,White
IL-31,185010,0.6133779,0.36883107,0.48838869,0.51161131,0.05666461,0.24971321,0.00155983,0.197861,0.0255379,142964,0.24454683,Minority
IL-32,185420,0.58054983,0.40005293,0.64352081,0.35647919,0.03258151,0.13220903,0.00091401,0.18234922,0.01409506,145512,0.1804969,White
IL-33,185384,0.68727431,0.29621122,0.7666151,0.2333849,0.01802595,0.06590896,0.00106709,0.13713905,0.00844362,139632,0.39106309,White
IL-34,185075,0.61454041,0.36382969,0.62204189,0.37795811,0.04499299,0.22122615,0.00184107,0.09874524,0.02237612,141222,0.25071072,White
IL-35,186086,0.68166887,0.29833613,0.29717964,0.70282036,0.20300174,0.43819042,0.00283103,0.05217484,0.03930007,140585,0.38333274,Hispanic
IL-36,186306,0.50257784,0.47665904,0.79145408,0.20854592,0.02497057,0.10313411,0.00140166,0.06252803,0.01628028,142688,0.0259188000000001,White
IL-37,185495,0.54236826,0.43969002,0.56694569,0.43305431,0.04430869,0.25429572,0.00148247,0.12533442,0.02190611,145028,0.10267824,White
IL-38,185387,0.54705912,0.42974764,0.67871175,0.32128825,0.03905423,0.14403249,0.00104498,0.12471437,0.01598116,143544,0.11731148,White
IL-39,185065,0.59461015,0.38330943,0.729194,0.270806,0.04762797,0.09556838,0.00076371,0.1136684,0.01273319,144033,0.21130072,White
IL-40,185564,0.57260072,0.4070638,0.73672918,0.26327082,0.05668682,0.08152641,0.00137539,0.11287161,0.01143639,145413,0.16553692,White
IL-41,185346,0.63395598,0.34481119,0.63165867,0.36834133,0.07425021,0.08364861,0.00121179,0.19771169,0.01109632,141939,0.28914479,White
IL-42,185270,0.64386556,0.3321016,0.46258985,0.53741015,0.08603937,0.41064837,0.00119921,0.03325266,0.03341882,138425,0.31176396,Minority
IL-43,185650,0.52092632,0.4583342,0.72342277,0.27657723,0.06665972,0.15283905,0.001034,0.0412411,0.01883522,134429,0.06259212,White
IL-44,186296,0.491503,0.48543808,0.78406114,0.21593886,0.05753691,0.09963523,0.00078513,0.04060448,0.0181136,143925,0.00606492000000003,White
IL-45,186073,0.57708724,0.40306663,0.50943748,0.49056252,0.05892776,0.35647926,0.00151373,0.06542029,0.03341679,139391,0.17402061,White
IL-46,185261,0.50356752,0.47535526,0.80527055,0.19472945,0.01913612,0.10818616,0.00085442,0.04882182,0.01660111,141617,0.02821226,White
IL-47,185884,0.43456019,0.54421901,0.77842747,0.22157253,0.01706661,0.16414126,0.0008453,0.01719934,0.02263439,143145,-0.10965882,White
IL-48,185191,0.56771601,0.41240455,0.59974679,0.40025321,0.18925268,0.15540707,0.00097063,0.03826974,0.02335854,142175,0.15531146,White
IL-49,185846,0.5356342,0.44216305,0.74439428,0.25560572,0.09237014,0.11943225,0.00079391,0.02448016,0.02075912,144852,0.09347115,White
IL-50,185098,0.40178654,0.57556267,0.86730983,0.13269017,0.047208,0.04595919,0.00083026,0.01604249,0.01764125,145738,-0.17377613,White
IL-51,185947,0.62366713,0.34729949,0.62422264,0.37577736,0.13555578,0.06948264,0.00135193,0.15450918,0.01598576,151635,0.27636764,White
IL-52,185329,0.50132077,0.46966544,0.77290724,0.22709276,0.10130247,0.0581033,0.00131283,0.04916911,0.017744,144725,0.03165533,White
IL-53,186333,0.61911407,0.36083101,0.52313636,0.47686364,0.38813206,0.04566756,0.00199136,0.02411444,0.02092686,142114,0.25828306,White
IL-54,185707,0.4711638,0.5047142,0.78816721,0.21183279,0.12537446,0.04035267,0.00127996,0.01679602,0.02397195,146880,-0.0335504,White
IL-55,186097,0.5164541,0.45802598,0.71335726,0.28664274,0.17569487,0.04646672,0.00093745,0.04461981,0.01786052,142941,0.05842812,White
IL-56,186181,0.32866217,0.64931929,0.90103863,0.09896137,0.03533295,0.02123721,0.00110242,0.01380453,0.0210916,144228,-0.32065712,White
IL-57,186174,0.3393794,0.64155195,0.81492125,0.18507875,0.10063266,0.03414322,0.00093552,0.02132185,0.02328039,148580,-0.30217255,White
IL-58,185968,0.22909291,0.75600121,0.91912423,0.08087577,0.03026901,0.0144699,0.00123969,0.00867781,0.02143969,145198,-0.5269083,White
IL-59,185800,0.47810588,0.49956575,0.79269956,0.20730044,0.13459233,0.02319108,0.0009439,0.02718028,0.01857491,145142,-0.02145987,White
IL-60,184991,0.35258583,0.62445294,0.92621719,0.07378281,0.01990987,0.01849762,0.00092765,0.00929727,0.02009678,144451,-0.27186711,White
IL-61,185651,0.25438984,0.72755558,0.91548276,0.08451724,0.03165128,0.0209005,0.00087427,0.00913201,0.0176015,146408,-0.47316574,White
IL-62,185097,0.36379117,0.6162979,0.74811147,0.25188853,0.13847155,0.0792485,0.00074842,0.01247132,0.01935398,142968,-0.25250673,White
IL-63,185654,0.30992876,0.66931769,0.89698789,0.10301211,0.02001744,0.05131973,0.00093513,0.00935835,0.01813311,142226,-0.35938893,White
IL-64,186306,0.4072857,0.57196268,0.85203637,0.14796363,0.03169043,0.0827495,0.00066107,0.00988878,0.01972303,146732,-0.16467698,White
IL-65,185157,0.38939201,0.59059808,0.88126964,0.11873036,0.03961109,0.04853097,0.00216822,0.00991478,0.01666644,145742,-0.20120607,White
IL-66,185043,0.28292312,0.6975056,0.88603417,0.11396583,0.05070702,0.03151299,0.00141747,0.01120279,0.0175232,146035,-0.41458248,White
IL-67,186233,0.26503846,0.71540666,0.93804376,0.06195624,0.01435048,0.01563713,0.00076926,0.00601794,0.0189184,146894,-0.4503682,White
IL-68,185679,0.352354,0.62655689,0.82657066,0.17342934,0.11241328,0.02632743,0.00095359,0.01314298,0.01773128,144716,-0.27420289,White
IL-69,185497,0.23056421,0.75168856,0.89932315,0.10067685,0.0430825,0.0252001,0.0010297,0.00879361,0.01787553,145674,-0.52112435,White
IN-1,188300,0.60072113,0.3846262,0.49327832,0.50672168,0.18725385,0.2839111,0.00103678,0.02690761,0.02243344,143714,0.21609493,Minority
IN-2,188050,0.70184542,0.28399204,0.39808147,0.60191853,0.45316258,0.12763955,0.00085748,0.01224877,0.0210188,143443,0.41785338,Black
IN-3,188762,0.50360358,0.47774649,0.7790796,0.2209204,0.09045709,0.08746711,0.00114323,0.01843371,0.02098399,147827,0.02585709,White
IN-4,188005,0.33640586,0.64732659,0.86331909,0.13668091,0.01945547,0.07492853,0.00077711,0.01473037,0.02058644,144124,-0.31092073,White
IN-5,188376,0.36931377,0.61183255,0.87675929,0.12324071,0.03826219,0.04520033,0.00109262,0.0108306,0.02019981,146437,-0.24251878,White
IN-6,188651,0.59233786,0.39107401,0.66871335,0.33128665,0.17279062,0.0987168,0.00156606,0.03862711,0.02155916,144950,0.20126385,White
IN-7,189011,0.56583157,0.40952451,0.61379033,0.38620967,0.20077986,0.10401023,0.00157527,0.06125894,0.02277431,141563,0.15630706,White
IN-8,188762,0.34639235,0.63334509,0.86220588,0.13779412,0.04605061,0.03732982,0.00104449,0.03476867,0.01623969,139781,-0.28695274,White
IN-9,188758,0.23162746,0.74624422,0.93512584,0.06487416,0.00781354,0.02898663,0.00091965,0.00633227,0.01832988,142445,-0.51461676,White
IN-10,188449,0.24875272,0.73196879,0.91766867,0.08233133,0.00804448,0.04486399,0.00098242,0.00763158,0.01718529,140469,-0.48321607,White
IN-11,188273,0.36864199,0.6144182,0.72571395,0.27428605,0.06579867,0.17126867,0.00095339,0.01602573,0.02479549,137404,-0.24577621,White
IN-12,188691,0.24803955,0.73077298,0.88540375,0.11459625,0.01126832,0.06723148,0.0006447,0.01250867,0.01986671,142701,-0.48273343,White
IN-13,188394,0.29798888,0.6823704,0.84091761,0.15908239,0.04397817,0.07951342,0.00095816,0.01224779,0.02183634,144026,-0.38438152,White
IN-14,188090,0.36285454,0.61692065,0.84200073,0.15799927,0.08627985,0.03418911,0.00097645,0.01403567,0.02031286,150545,-0.25406611,White
IN-15,188715,0.28142934,0.69901943,0.91587825,0.08412175,0.03264043,0.02111153,0.00069606,0.00831216,0.01775964,147976,-0.41759009,White
IN-16,188320,0.34829119,0.62978142,0.85879831,0.14120169,0.07315202,0.03225099,0.00080816,0.01123203,0.02085459,146011,-0.28149023,White
IN-17,189016,0.36556239,0.6132513,0.88109791,0.11890209,0.03076217,0.04174558,0.00119806,0.02461404,0.01701676,139392,-0.24768891,White
IN-18,188320,0.53204001,0.44884668,0.71291623,0.28708377,0.14155813,0.06872739,0.00132251,0.06048497,0.01614172,139886,0.08319333,White
IN-19,188034,0.55601637,0.42441502,0.78817597,0.21182403,0.06485944,0.04376201,0.00106567,0.08634692,0.01201488,143572,0.13160135,White
IN-20,188457,0.72175139,0.26151165,0.39131452,0.60868548,0.41607552,0.15098966,0.00123309,0.03279734,0.0182483,141109,0.46023974,Black
IN-21,189045,0.73868666,0.24307092,0.48430109,0.51569891,0.36237517,0.12005173,0.00104429,0.02076129,0.02047774,144596,0.49561574,Minority
IN-22,187947,0.59735969,0.38574456,0.48354066,0.51645934,0.3657377,0.10074194,0.00168322,0.03629988,0.01969658,135455,0.21161513,Minority
IN-23,188489,0.58751223,0.39118057,0.68562219,0.31437781,0.13892646,0.10742812,0.00138617,0.04633574,0.02437908,148611,0.19633166,White
IN-24,188500,0.37244145,0.6065209,0.76570384,0.23429616,0.05911568,0.04970093,0.00161231,0.10148203,0.01983719,138931,-0.23407945,White
IN-25,188751,0.35111168,0.6254426,0.83656093,0.16343907,0.06741352,0.0382526,0.00133701,0.03366454,0.01873223,142108,-0.27433092,White
IN-26,188258,0.2446002,0.73321743,0.9253539,0.0746461,0.0125692,0.02382883,0.00080376,0.01236826,0.02069692,144321,-0.48861723,White
IN-27,188424,0.23051192,0.74956617,0.92774016,0.07225984,0.01444517,0.02424069,0.00112842,0.00779699,0.02020964,147108,-0.51905425,White
IN-28,188427,0.34110169,0.63913668,0.87781667,0.12218333,0.05681635,0.02264741,0.00111996,0.0168464,0.01912656,149112,-0.29803499,White
IN-29,188637,0.23980241,0.73919111,0.88874576,0.11125424,0.01578745,0.05730388,0.00087514,0.01671159,0.02083523,142835,-0.4993887,White
IN-30,188973,0.20552906,0.77788596,0.94784259,0.05215741,0.00714551,0.01369957,0.00092843,0.00638901,0.02010921,145406,-0.5723569,White
IN-31,188064,0.2762659,0.70579191,0.93879436,0.06120564,0.01267079,0.01611899,0.00086205,0.00669116,0.01964245,146163,-0.42952601,White
IN-32,188765,0.29608379,0.68579537,0.92383025,0.07616975,0.01448542,0.02987878,0.00078318,0.01147744,0.01589238,144283,-0.38971158,White
IN-33,187890,0.48818549,0.48620718,0.73061852,0.26938148,0.05883067,0.08337324,0.01926851,0.10640508,0.01711033,148273,0.00197830999999998,White
IN-34,188282,0.56832814,0.41286489,0.81834049,0.18165951,0.04127357,0.04356402,0.00128473,0.07349563,0.01883622,154118,0.15546325,White
IN-35,189199,0.44057129,0.54245945,0.82927586,0.17072414,0.09930858,0.02756248,0.00327836,0.01915073,0.01923842,148245,-0.10188816,White
IN-36,188443,0.42057645,0.55954073,0.83206421,0.16793579,0.08109092,0.04468583,0.00148999,0.01634178,0.02353765,145639,-0.13896428,White
KS-1,184102,0.62029083,0.36083434,0.45694865,0.54305135,0.20953875,0.26639776,0.00277124,0.04403361,0.03412138,133875,0.25945649,Minority
KS-2,183850,0.53982682,0.43696492,0.75947479,0.24052521,0.0731496,0.08902791,0.00190313,0.05039731,0.02437137,140821,0.1028619,White
KS-3,183359,0.56399239,0.41913589,0.81861037,0.18138963,0.03284936,0.04832838,0.00110209,0.07728843,0.01735612,140642,0.1448565,White
KS-4,183954,0.52503501,0.45276572,0.75553121,0.24446879,0.05960737,0.09016417,0.0013765,0.06870235,0.02342207,138758,0.07226929,White
KS-5,184164,0.56425346,0.41055084,0.80038292,0.19961708,0.05007769,0.06304975,0.00168567,0.03960293,0.04594328,144156,0.15370262,White
KS-6,183369,0.50148422,0.4729173,0.74906891,0.25093109,0.09124638,0.10623614,0.00186217,0.01916899,0.04098908,140696,0.0285669200000001,White
KS-7,183301,0.40018258,0.57226124,0.74861732,0.25138268,0.07714437,0.10506959,0.00548892,0.04035887,0.02725652,143562,-0.17207866,White
KS-8,183200,0.31281437,0.66227545,0.83950393,0.16049607,0.05838198,0.04284005,0.0026834,0.01378685,0.04138956,137885,-0.34946108,White
KS-9,184050,0.28157252,0.69783388,0.85607673,0.14392327,0.03270107,0.03927128,0.00214246,0.00965535,0.05663234,140026,-0.41626136,White
KS-10,183615,0.2841352,0.69481733,0.85663533,0.14336467,0.025881,0.05828608,0.00219622,0.01410321,0.04239575,139330,-0.41068213,White
KS-11,183349,0.29662061,0.68121794,0.84949039,0.15050961,0.03407738,0.07087363,0.00174684,0.01409443,0.02923132,141971,-0.38459733,White
KS-12,183008,0.18487866,0.79631665,0.90164581,0.09835419,0.01376564,0.05247577,0.00214273,0.00783789,0.02023612,141875,-0.61143799,White
KS-13,182868,0.24585434,0.73536027,0.58623961,0.41376039,0.02794581,0.34677242,0.00169254,0.01895943,0.03142196,131755,-0.48950593,White
KS-14,183744,0.30944402,0.6681538,0.83302666,0.16697334,0.03310615,0.056357,0.00161924,0.038089,0.03674208,135866,-0.35870978,White
KS-15,183997,0.39819962,0.57689804,0.74129153,0.25870847,0.05095096,0.12787792,0.00213886,0.03655507,0.04594589,138859,-0.17869842,White
KS-16,183950,0.60234272,0.37259084,0.5083705,0.4916295,0.19761705,0.19261845,0.00303076,0.07367907,0.04184173,139239,0.22975188,White
KY-1,187234,0.2549883,0.73152653,0.8630351,0.1369649,0.07516173,0.02805919,0.00097729,0.0079766,0.02255334,145300,-0.47653823,White
KY-2,187150,0.29028451,0.69354759,0.81205057,0.18794943,0.1110375,0.0397292,0.00211861,0.01282901,0.0222213,144906,-0.40326308,White
KY-3,187310,0.33172622,0.65079224,0.88337663,0.11662337,0.05671946,0.02418364,0.00090086,0.01504232,0.01746557,143196,-0.31906602,White
KY-4,187443,0.33513332,0.64567714,0.8126578,0.1873422,0.09724381,0.0393631,0.00400172,0.02301163,0.02474172,142189,-0.31054382,White
KY-5,187166,0.23358863,0.75264364,0.90644672,0.09355328,0.04630661,0.01974124,0.00099577,0.00486045,0.01935825,143608,-0.51905501,White
KY-6,187107,0.35038707,0.63120193,0.80170719,0.19829281,0.08597516,0.04902571,0.00397411,0.03786601,0.02035333,142925,-0.28081486,White
KY-7,187678,0.23478921,0.75084473,0.90087619,0.09912381,0.04324272,0.02667256,0.00088448,0.00744206,0.01879517,144718,-0.51605552,White
KY-8,188188,0.15951444,0.82869917,0.92537702,0.07462298,0.0228544,0.02335481,0.00070606,0.0056142,0.01961886,145880,-0.66918473,White
KY-9,188138,0.15016627,0.83764487,0.94002684,0.05997316,0.01874548,0.01173313,0.00066752,0.00551216,0.02089254,145315,-0.6874786,White
KY-10,188333,0.19682324,0.79234003,0.9526816,0.0473184,0.01561541,0.00856655,0.00041146,0.00524111,0.01564914,148251,-0.59551679,White
KY-11,187499,0.23707293,0.74867943,0.94637725,0.05362275,0.01972456,0.01083625,0.00045633,0.00454973,0.01637357,146822,-0.5116065,White
KY-12,187546,0.25490876,0.7292506,0.91329564,0.08670436,0.03035487,0.02096677,0.00103617,0.00752439,0.02251059,143799,-0.47434184,White
KY-13,187580,0.72779868,0.25507585,0.46038816,0.53961184,0.46190996,0.04528556,0.00158433,0.01735819,0.0190815,143909,0.47272283,Black
KY-14,188389,0.57941737,0.4009529,0.60336639,0.39663361,0.20909047,0.12702882,0.00244654,0.04284865,0.02315331,146329,0.17846447,White
KY-15,187842,0.57883439,0.40108375,0.75764004,0.24235996,0.12844362,0.05994259,0.00148552,0.03499662,0.01748493,149443,0.17775064,White
KY-16,187780,0.55648298,0.42537255,0.79366343,0.20633657,0.09202886,0.04185664,0.00116803,0.05410768,0.01539677,150681,0.13111043,White
KY-17,188215,0.34897925,0.63318621,0.85826354,0.14173646,0.04901392,0.04781846,0.00106106,0.02185077,0.02028748,141368,-0.28420696,White
KY-18,188270,0.44370136,0.53415723,0.85930096,0.14069904,0.05979454,0.03689653,0.00220958,0.01805054,0.02050487,147087,-0.0904558700000001,White
KY-19,188198,0.30951559,0.67198275,0.87809741,0.12190259,0.03643379,0.03657723,0.00210857,0.02297194,0.01999555,139431,-0.36246716,White
KY-20,188379,0.22716495,0.75924256,0.93988337,0.06011663,0.01693064,0.01350693,0.00089768,0.00545566,0.01974893,143704,-0.53207761,White
KY-21,187630,0.33720677,0.64321614,0.8937976,0.1062024,0.03978847,0.02617626,0.00622758,0.01623936,0.02015967,146927,-0.30600937,White
KY-22,187200,0.39708756,0.58396355,0.85849686,0.14150314,0.06744399,0.03840541,0.00097977,0.01342487,0.01983851,143912,-0.18687599,White
KY-23,187590,0.49711619,0.48100239,0.79277636,0.20722364,0.07566852,0.0615077,0.00122286,0.04841434,0.01928872,148014,0.0161138,White
KY-24,187971,0.61175545,0.36719488,0.66624027,0.33375973,0.20029962,0.07809229,0.00115606,0.0373702,0.019612,146186,0.24456057,White
LA-1,186622,0.82599194,0.15641132,0.29024315,0.70975685,0.59872064,0.0749252,0.00118994,0.04373904,0.01297933,145385,0.66958062,Black
LA-2,185916,0.86623205,0.11475091,0.37315623,0.62684377,0.51743444,0.07575758,0.00117765,0.02763852,0.01704628,151998,0.75148114,Black
LA-3,185942,0.57524574,0.41043129,0.36272527,0.63727473,0.43636659,0.13061929,0.00137918,0.06323733,0.02111919,141388,0.16481445,Black
LA-4,186651,0.3692514,0.6119403,0.5957357,0.4042643,0.1670599,0.18437316,0.00100542,0.03896992,0.01855327,149192,-0.2426889,White
LA-5,186069,0.56071067,0.42302298,0.44149184,0.55850816,0.46773081,0.06521421,0.00118445,0.01778759,0.01254816,143527,0.13768769,Black
LA-6,186377,0.61985273,0.36316515,0.35980714,0.64019286,0.58973517,0.03350569,0.00094333,0.00840612,0.01127804,143110,0.25668758,Black
LA-7,186519,0.67149209,0.30717444,0.3951527,0.6048473,0.48835332,0.0670982,0.00069887,0.03996445,0.01335993,147381,0.36431765,Black
LA-8,186520,0.54457526,0.43861177,0.43701064,0.56298936,0.51541459,0.02835888,0.00078794,0.00911459,0.01282006,140873,0.10596349,Black
LA-9,186785,0.27611808,0.70147597,0.75047142,0.24952858,0.08212782,0.11295968,0.00110636,0.03592527,0.01860627,143715,-0.42535789,White
LA-10,186027,0.31466963,0.66835401,0.65114911,0.34885089,0.21344619,0.08062184,0.00148866,0.02820666,0.02708661,141066,-0.35368438,White
LA-11,186559,0.24395025,0.74032317,0.7109147,0.2890853,0.18206991,0.05986374,0.00099856,0.01338489,0.03453868,141204,-0.49637292,White
LA-12,186340,0.3088791,0.67688779,0.60252373,0.39747627,0.26765009,0.06138698,0.00104504,0.02092916,0.05051008,140665,-0.36800869,White
LA-13,186201,0.2500901,0.73269846,0.7392137,0.2607863,0.18055958,0.04523,0.000841,0.01988,0.01551248,141499,-0.48260836,White
LA-14,185963,0.249863,0.73307175,0.7369384,0.2630616,0.17913561,0.04978323,0.00087564,0.01901487,0.01503535,140469,-0.48320875,White
LA-15,186773,0.19128686,0.79161589,0.79232395,0.20767605,0.11965903,0.04444966,0.00131634,0.02404281,0.01830071,140541,-0.60032903,White
LA-16,186311,0.33092232,0.65277267,0.60164227,0.39835773,0.31508428,0.04835026,0.00145869,0.01328476,0.02196575,140537,-0.32185035,White
LA-17,186005,0.1961733,0.78905799,0.72398595,0.27601405,0.18293134,0.04887436,0.00104077,0.01612847,0.0265292,143163,-0.59288469,White
LA-18,186195,0.20918159,0.77719482,0.74668023,0.25331977,0.18928834,0.02692294,0.00088387,0.01402967,0.02072183,142555,-0.56801323,White
LA-19,185756,0.29100209,0.69524352,0.63686107,0.36313893,0.2597488,0.04659413,0.00291082,0.01537977,0.03907218,142915,-0.40424143,White
LA-20,186287,0.70013949,0.28172688,0.30894437,0.69105563,0.61436519,0.04806705,0.00148359,0.01589158,0.01777461,140200,0.41841261,Black
LA-21,186655,0.53457447,0.45158566,0.41607483,0.58392517,0.53439146,0.02824144,0.00082695,0.01098664,0.01433615,143902,0.08298881,Black
LA-22,186569,0.25436362,0.72996184,0.71837563,0.28162437,0.19382461,0.0364432,0.00169438,0.02262209,0.02673201,142825,-0.47559822,White
LA-23,186320,0.27215365,0.71282285,0.6867869,0.3132131,0.23470496,0.04698302,0.00096656,0.00972859,0.02109613,142775,-0.4406692,White
LA-24,185778,0.18032294,0.80130424,0.79414977,0.20585023,0.10826766,0.05799315,0.00098143,0.01462558,0.02058797,135516,-0.6209813,White
LA-25,186617,0.24233849,0.73770804,0.7417983,0.2582017,0.14615635,0.05578333,0.00086023,0.03522793,0.01754459,144147,-0.49536955,White
MA-1,184976,0.71986116,0.25554657,0.87788548,0.12211452,0.03452127,0.04339164,0.00082302,0.01894914,0.0175905,153094,0.46431459,White
MA-2,184764,0.68523701,0.29496509,0.40096519,0.59903481,0.20730989,0.3696746,0.00300202,0.04114119,0.0221,140905,0.39027192,Minority
MA-3,184900,0.61649023,0.35876563,0.78641547,0.21358453,0.03376632,0.13797389,0.00167245,0.0283259,0.01603702,151275,0.2577246,White
MA-4,184758,0.53430933,0.44210736,0.80751784,0.19248216,0.03776446,0.1145403,0.00176589,0.02647489,0.01539426,148367,0.09220197,White
MA-5,184837,0.6164505,0.35555556,0.8148357,0.1851643,0.03969103,0.05615713,0.00138676,0.07009597,0.01621338,154317,0.26089494,White
MA-6,184509,0.49572188,0.47786457,0.87918073,0.12081927,0.02474652,0.05101424,0.00089642,0.0220369,0.01458714,147253,0.01785731,White
MA-7,185588,0.68614035,0.29092504,0.52974867,0.47025133,0.1565191,0.22528805,0.00161714,0.08056735,0.01690587,148410,0.39521531,White
MA-8,185148,0.58415851,0.39010962,0.77927358,0.22072642,0.03785426,0.05696276,0.00104713,0.07926057,0.01106678,146113,0.19404889,White
MA-9,185593,0.56762152,0.403414,0.75334824,0.24665176,0.06041751,0.13004609,0.00153857,0.03155077,0.01516877,147540,0.16420752,White
MA-10,185302,0.68215724,0.29120487,0.74234942,0.25765058,0.02807368,0.06316753,0.00077536,0.10475765,0.01008669,143159,0.39095237,White
MA-11,184967,0.7541947,0.22158228,0.70692186,0.29307814,0.04713597,0.08414813,0.00112872,0.1011758,0.01028308,144412,0.53261242,White
MA-12,185161,0.77705974,0.20081039,0.69629055,0.30370945,0.05366505,0.08287231,0.00105909,0.14648362,0.00767019,152017,0.57624935,White
MA-13,184931,0.63837439,0.33622102,0.79464021,0.20535979,0.02797193,0.03184964,0.00103498,0.12377614,0.00880419,144931,0.30215337,White
MA-14,184563,0.61047227,0.36742948,0.5832379,0.4167621,0.0775673,0.13814346,0.00164875,0.17298114,0.0109204,144958,0.24304279,White
MA-15,185115,0.73881816,0.24104525,0.72933553,0.27066447,0.03740076,0.04081026,0.00088523,0.16960359,0.00678442,144596,0.49777291,White
MA-16,184402,0.90126441,0.07889489,0.6052145,0.3947855,0.09669056,0.09237792,0.00180615,0.18593536,0.00976796,162777,0.82236952,White
MA-17,184399,0.74198462,0.23660553,0.64505421,0.35494579,0.09259114,0.06159648,0.00125052,0.16735413,0.00775849,152736,0.50537909,White
MA-18,185194,0.60693276,0.37038893,0.84373099,0.15626901,0.02456076,0.04030588,0.00073122,0.0736071,0.0065878,146331,0.23654383,White
MA-19,185513,0.62684601,0.35419811,0.40601626,0.59398374,0.09879109,0.51048427,0.00288441,0.03144574,0.02006363,141450,0.2726479,Hispanic
MA-20,184751,0.55044066,0.42869021,0.84251974,0.15748026,0.03221659,0.06331487,0.00090402,0.03177462,0.0084643,149333,0.12175045,White
MA-21,185524,0.65823117,0.31786684,0.90861846,0.09138154,0.01617646,0.03171481,0.00092099,0.02049852,0.01030189,152011,0.34036433,White
MA-22,184619,0.71160522,0.2675762,0.58808911,0.41191089,0.10657224,0.25993382,0.00140527,0.05313729,0.01830315,144456,0.44402902,White
MA-23,184905,0.68160862,0.30252196,0.43445083,0.56554917,0.10528666,0.33803823,0.00133935,0.07148695,0.01729479,145593,0.37908666,Minority
MA-24,184618,0.83087963,0.14792035,0.67149801,0.32850199,0.0610039,0.0859655,0.00147911,0.16939628,0.00871665,158203,0.68295928,White
MA-25,184372,0.80921043,0.16866151,0.60693928,0.39306072,0.06673316,0.16266812,0.00149908,0.15436879,0.01042706,165435,0.64054892,White
MA-26,185242,0.82286564,0.15891314,0.43585538,0.56414462,0.25625299,0.17084596,0.00204231,0.14811245,0.01224112,156685,0.6639525,Minority
MA-27,184606,0.8559003,0.12946812,0.24623136,0.75376864,0.50940602,0.20864883,0.00260932,0.06881826,0.01715785,144482,0.72643218,Black
MA-28,184924,0.60137371,0.37304413,0.85328263,0.14671737,0.03549312,0.0324938,0.00085893,0.06019423,0.0079243,144366,0.22832958,White
MA-29,184673,0.68944404,0.28681465,0.80550003,0.19449997,0.04565124,0.04406618,0.00083461,0.08884774,0.0066208,142581,0.40262939,White
MA-30,185380,0.63666014,0.34337504,0.65074892,0.34925108,0.16900948,0.05473158,0.00122872,0.10072855,0.01035065,149749,0.2932851,White
MA-31,185546,0.67348532,0.30432935,0.69381192,0.30618808,0.06567485,0.0375152,0.00112293,0.18890491,0.00748842,150499,0.36915597,White
MA-32,184683,0.54015829,0.43551273,0.91028779,0.08971221,0.02347564,0.01978315,0.00091275,0.0179784,0.00857431,144618,0.10464556,White
MA-33,185500,0.61186568,0.36750509,0.57048696,0.42951304,0.28877404,0.07215897,0.00160292,0.02280013,0.01192516,144736,0.24436059,White
MA-34,185097,0.55017265,0.42618608,0.86427622,0.13572378,0.04147528,0.03779923,0.00094431,0.03547219,0.01116979,148257,0.12398657,White
MA-35,185585,0.53404088,0.44475862,0.78566812,0.21433188,0.08236103,0.07789805,0.00155796,0.02349187,0.01298754,146987,0.0892822600000001,White
MA-36,184927,0.55980457,0.4216276,0.75188152,0.24811848,0.07946529,0.11875324,0.00142167,0.01609654,0.0172487,148417,0.13817697,White
MA-37,184807,0.57027639,0.40707143,0.88954129,0.11045871,0.0307449,0.02237171,0.00106933,0.01635753,0.01591036,154302,0.16320496,White
MA-38,185538,0.64374837,0.33622259,0.84565453,0.15434547,0.04595509,0.03903468,0.0015533,0.01682747,0.01319046,158372,0.30752578,White
MD-1,186986,0.43861994,0.53921217,0.66708127,0.33291873,0.24537539,0.04496255,0.00121073,0.02668246,0.01810146,151148,-0.10059223,White
MD-2,187698,0.43073587,0.54270239,0.78237341,0.21762659,0.12733845,0.05349458,0.00169577,0.01870081,0.01749147,148015,-0.11196652,White
MD-3,186776,0.32474511,0.64855788,0.8556142,0.1443858,0.06212641,0.03483,0.00113792,0.02005758,0.02262133,145880,-0.32381277,White
MD-4,186800,0.49020416,0.48190532,0.68427292,0.31572708,0.19953834,0.05298614,0.00220369,0.04551034,0.01969372,143396,0.00829883999999997,White
MD-5,186945,0.46990614,0.50735536,0.60202288,0.39797712,0.25322266,0.08172433,0.00126953,0.03853237,0.02830636,143360,-0.03744922,White
MD-6,186921,0.56124473,0.41078059,0.64818586,0.35181414,0.2055598,0.04321735,0.00115688,0.08916116,0.01439,147811,0.15046414,White
MD-7,187562,0.58264246,0.3887059,0.74711866,0.25288134,0.1204648,0.0462436,0.00098808,0.07359181,0.01113284,147761,0.19393656,White
MD-8,186682,0.86507644,0.1185963,0.18551047,0.81448953,0.70731607,0.06281495,0.00140549,0.04341924,0.01542607,145857,0.74648014,Black
MD-9,186917,0.91225291,0.07134775,0.1543659,0.8456341,0.77383124,0.04608773,0.00140053,0.02314635,0.01539218,146373,0.84090516,Black
MD-10,187590,0.8288923,0.14676833,0.41407051,0.58592949,0.40998149,0.11593122,0.00109884,0.05183207,0.02031194,150158,0.68212397,Minority
MD-11,187649,0.8749602,0.10398757,0.33351343,0.66648657,0.54406681,0.04013175,0.00115871,0.07750343,0.01294762,153619,0.77097263,Black
MD-12,186831,0.36231431,0.60171975,0.87136203,0.12863797,0.04358383,0.03616938,0.00102598,0.02668244,0.01753066,146201,-0.23940544,White
MD-13,187516,0.29582691,0.68350296,0.86519313,0.13480687,0.07165451,0.02764986,0.00112366,0.01486091,0.01793961,153961,-0.38767605,White
MD-14,187569,0.53687543,0.43527516,0.67596227,0.32403773,0.15830717,0.10636369,0.00169852,0.0441479,0.02112657,147776,0.10160027,White
MD-15,187554,0.57379474,0.39799076,0.66064992,0.33935008,0.11090366,0.09680373,0.00160751,0.11489721,0.01841066,138724,0.17580398,White
MD-16,187236,0.4524251,0.51963676,0.7326732,0.2673268,0.16109926,0.045096,0.00254042,0.03761509,0.02344627,142496,-0.06721166,White
MD-17,186483,0.65373621,0.32636484,0.42069473,0.57930527,0.46850833,0.05508037,0.00233978,0.04196768,0.02820466,141466,0.32737137,Black
MD-18,187399,0.57771866,0.39420263,0.73039156,0.26960844,0.1263293,0.0839479,0.00179956,0.04125413,0.01798205,147258,0.18351603,White
MD-19,187387,0.48505466,0.48506461,0.72374074,0.27625926,0.14511936,0.06154851,0.00205764,0.04757601,0.02115339,143854,-9.94999999998081E-06,White
MD-20,187408,0.6185321,0.35309935,0.49699222,0.50300778,0.31050315,0.09872432,0.00263138,0.08145079,0.02341117,147451,0.26543275,Minority
MD-21,187043,0.89991586,0.08285097,0.10234858,0.89765142,0.73962269,0.11368397,0.00204751,0.04696477,0.02086575,148473,0.81706489,Black
MD-22,186749,0.94413301,0.03754013,0.03166825,0.96833175,0.87457599,0.08336803,0.00136501,0.01522669,0.01657805,146519,0.90659288,Black
MD-23,187462,0.886504,0.09603579,0.14701621,0.85298379,0.72812919,0.08783016,0.0012176,0.04156832,0.0172232,147011,0.79046821,Black
MD-24,186910,0.88609666,0.08804232,0.10643621,0.89356379,0.47588923,0.38263424,0.00217304,0.04231,0.03396809,139896,0.79805434,Black
MD-25,186550,0.8386041,0.13553395,0.26634185,0.73365815,0.4311156,0.18184678,0.00170663,0.12251618,0.01959616,149417,0.70307015,Black
MD-26,187622,0.86364021,0.11360492,0.26354428,0.73645572,0.25442369,0.38404528,0.00176527,0.098344,0.03897614,142754,0.75003529,Hispanic
MD-27,186594,0.83797884,0.13929844,0.64941032,0.35058968,0.09692681,0.10656685,0.0017229,0.13280689,0.01134243,146265,0.6986804,White
MD-28,187387,0.76358267,0.21199354,0.526795,0.473205,0.09446314,0.10676955,0.0015802,0.26026788,0.01071937,146184,0.55158913,White
MD-29,187125,0.77155172,0.20115373,0.27281796,0.72718204,0.24976123,0.27388625,0.00216488,0.19989105,0.02341047,141347,0.57039799,Hispanic
MD-30,187205,0.80801513,0.17028662,0.30766793,0.69233207,0.36031256,0.18623384,0.0016262,0.14128607,0.01845318,145124,0.63772851,Black
MD-31,186878,0.65499906,0.31620365,0.57938898,0.42061102,0.11308746,0.10036538,0.00148808,0.19424747,0.01393071,143137,0.33879541,White
MD-32,186979,0.77404252,0.19806137,0.43534893,0.56465107,0.29207539,0.09820628,0.00189882,0.1667741,0.01858885,142720,0.57598115,Minority
MD-33,186990,0.68306996,0.28939098,0.49503443,0.50496557,0.25644342,0.06204187,0.00166215,0.17404548,0.01511927,143790,0.39367898,Minority
ME-1,194959,0.56108349,0.41108807,0.92727466,0.07272534,0.0130231,0.01595189,0.00086362,0.01621473,0.01838003,159793,0.14999542,White
ME-2,194203,0.7359285,0.23721359,0.87141764,0.12858236,0.04623821,0.02577921,0.00119203,0.03481982,0.01354522,159392,0.49871491,White
ME-3,193978,0.55893141,0.4122282,0.93580725,0.06419275,0.00955651,0.01308948,0.00112356,0.01086108,0.02029275,160205,0.14670321,White
ME-4,195063,0.52469687,0.44419878,0.89846903,0.10153097,0.03871629,0.0164115,0.00119147,0.01650759,0.02001794,156110,0.08049809,White
ME-5,194694,0.45596624,0.51312095,0.92745196,0.07254804,0.01045692,0.0146078,0.00087354,0.01175765,0.02521137,156834,-0.05715471,White
ME-6,194332,0.47426501,0.49187579,0.92372175,0.07627825,0.01288979,0.01379245,0.0011236,0.01608383,0.02513572,158420,-0.01761078,White
ME-7,195130,0.36791507,0.61023328,0.93178352,0.06821648,0.00785786,0.01169264,0.0008724,0.00728672,0.03387288,159331,-0.24231821,White
MI-1,187268,0.45007217,0.53263599,0.85580785,0.14419215,0.03495092,0.01569918,0.0011363,0.01214662,0.07424459,153129,-0.08256382,White
MI-2,187009,0.36526425,0.61994046,0.91419036,0.08580964,0.00618395,0.01223702,0.00100121,0.00697575,0.05336518,152815,-0.25467621,White
MI-3,186708,0.4554178,0.52935841,0.92136378,0.07863622,0.00763439,0.02205345,0.00129106,0.0092087,0.02927944,151813,-0.07394061,White
MI-4,186531,0.32107391,0.66463793,0.94007508,0.05992492,0.00602323,0.01449237,0.00079133,0.00591859,0.02418448,152908,-0.34356402,White
MI-5,186505,0.36285142,0.62091792,0.89576247,0.10423753,0.02506699,0.02583551,0.00074847,0.01272396,0.03449635,149639,-0.2580665,White
MI-6,186737,0.31642661,0.66725876,0.89978902,0.10021098,0.01646093,0.03949802,0.00083572,0.00695976,0.02827061,145982,-0.35083215,White
MI-7,187176,0.50591805,0.47680163,0.77036286,0.22963714,0.1306176,0.05567085,0.00096618,0.00922631,0.02941397,146971,0.02911642,White
MI-8,186657,0.32082002,0.66078043,0.87499487,0.12500513,0.05253829,0.04249873,0.00088967,0.00515323,0.01813553,146122,-0.33996041,White
MI-9,186481,0.46134102,0.5212615,0.79548031,0.20451969,0.02387042,0.12171635,0.00115446,0.03739907,0.02037938,144656,-0.0599204800000001,White
MI-10,186255,0.57257466,0.40789076,0.77439396,0.22560604,0.11999806,0.0616698,0.00114152,0.02530025,0.0185895,144544,0.1646839,White
MI-11,186071,0.54162048,0.43605374,0.66628554,0.33371446,0.09775602,0.18970391,0.00135383,0.02983326,0.02728695,142559,0.10556674,White
MI-12,186565,0.55113517,0.43032904,0.73030444,0.26969556,0.12705698,0.05885754,0.00094477,0.06774821,0.01593412,141834,0.12080613,White
MI-13,186576,0.30584803,0.67591607,0.89389449,0.10610551,0.02014698,0.04642875,0.00091415,0.01741882,0.01584762,140021,-0.37006804,White
MI-14,186312,0.35267161,0.62819928,0.8885417,0.1114583,0.02394623,0.0395195,0.00107254,0.01795431,0.02295234,139855,-0.27552767,White
MI-15,186319,0.45298927,0.52988243,0.75467824,0.24532176,0.12540087,0.06438632,0.00130476,0.02228387,0.02689173,145621,-0.07689316,White
MI-16,187097,0.33373315,0.64973462,0.89460676,0.10539324,0.02352304,0.04355215,0.0006568,0.00736026,0.02477571,147685,-0.31600147,White
MI-17,187314,0.33214247,0.65098573,0.87719213,0.12280787,0.03525472,0.04614241,0.00070176,0.00933131,0.02492982,143924,-0.31884326,White
MI-18,187193,0.47018975,0.51128451,0.74813972,0.25186028,0.15177408,0.04577084,0.00095169,0.02719217,0.02557843,145005,-0.04109476,White
MI-19,186156,0.3847307,0.5962558,0.9082777,0.0917223,0.01842826,0.02834418,0.00100556,0.01393816,0.02198961,143204,-0.2115251,White
MI-20,186968,0.57107539,0.41091106,0.76053632,0.23946368,0.11097031,0.06953358,0.00107646,0.03433076,0.02449277,146778,0.16016433,White
MI-21,186772,0.69791353,0.28434754,0.68119258,0.31880742,0.14272242,0.07048412,0.00146402,0.08714232,0.02041059,151637,0.41356599,White
MI-22,186354,0.38385326,0.59821484,0.92092135,0.07907865,0.00957904,0.02644888,0.00136058,0.00944161,0.02328793,145526,-0.21436158,White
MI-23,186781,0.38214383,0.60060139,0.89591892,0.10408108,0.02696912,0.03398857,0.00057815,0.00899197,0.02573799,147020,-0.21845756,White
MI-24,186170,0.65114985,0.32852168,0.72519146,0.27480854,0.15657775,0.05618054,0.00098622,0.03759199,0.0241794,147026,0.32262817,White
MI-25,186104,0.64111638,0.34320503,0.72153231,0.27846769,0.15867124,0.04834377,0.00139031,0.04741915,0.02169159,148168,0.29791135,White
MI-26,186154,0.81436609,0.17453113,0.67685295,0.32314705,0.09166372,0.04968382,0.00175906,0.16372099,0.01376432,155765,0.63983496,White
MI-27,186226,0.42772525,0.55506604,0.89872604,0.10127396,0.01917714,0.03647244,0.00078523,0.01513593,0.02199312,147728,-0.12734079,White
MI-28,185925,0.49946454,0.48634579,0.70698523,0.29301477,0.18330981,0.07536751,0.0008469,0.01605674,0.019045,145235,0.01311875,White
MI-29,186688,0.65885211,0.32739803,0.5686098,0.4313902,0.35826967,0.03773243,0.00078842,0.00941915,0.02654108,143325,0.33145408,White
MI-30,186524,0.47073138,0.51416685,0.84387685,0.15612315,0.07308487,0.03142929,0.00084594,0.01881528,0.02536447,146583,-0.04343547,White
MI-31,186288,0.40828171,0.57704597,0.91196509,0.08803491,0.01200694,0.02372572,0.00077531,0.02240153,0.01930717,145749,-0.16876426,White
MI-32,185974,0.43100846,0.5534247,0.85727539,0.14272461,0.03981715,0.04625055,0.00072603,0.02799906,0.02020772,148755,-0.12241624,White
MI-33,186133,0.38653039,0.59813393,0.88874117,0.11125883,0.01996311,0.03307695,0.00058469,0.02826715,0.0215919,143665,-0.21160354,White
MI-34,187037,0.30094587,0.68497846,0.9258977,0.0741023,0.01118716,0.02685188,0.00051924,0.00554301,0.02142351,148295,-0.38403259,White
MI-35,187306,0.33038024,0.65356404,0.90338486,0.09661514,0.02522501,0.03371406,0.00059867,0.00793074,0.02161951,148662,-0.3231838,White
MI-36,186639,0.34474606,0.64349457,0.87397318,0.12602682,0.03983516,0.03004978,0.00078882,0.03355864,0.01487189,147056,-0.29874851,White
MI-37,186942,0.41245389,0.57513613,0.84590548,0.15409452,0.07780065,0.02515774,0.00076011,0.02805021,0.01731444,148662,-0.16268224,White
MI-38,186165,0.53494275,0.45021641,0.71750481,0.28249519,0.21511457,0.02475029,0.00082123,0.01840749,0.02010335,149776,0.08472634,White
MI-39,187125,0.55294207,0.43249089,0.67363538,0.32636462,0.19719626,0.02249763,0.0010023,0.08143709,0.02102127,147660,0.12045118,White
MI-40,186075,0.47479219,0.51464745,0.7627953,0.2372047,0.05917761,0.02205957,0.00077865,0.1400627,0.01077926,147691,-0.03985526,White
MI-41,186063,0.59049486,0.39642895,0.5833815,0.4166185,0.20575282,0.08886595,0.00098404,0.10603496,0.01755436,145320,0.19406591,White
MI-42,186139,0.64652458,0.33739017,0.80930577,0.19069423,0.05802728,0.03293458,0.00078032,0.07761261,0.0165221,155065,0.30913441,White
MI-43,186660,0.59304585,0.39706666,0.76429289,0.23570711,0.11116656,0.02284974,0.0007149,0.08618562,0.00859226,148273,0.19597919,White
MI-44,186021,0.58039197,0.40719885,0.64722485,0.35277515,0.10963179,0.03345743,0.00081224,0.1936104,0.01135779,147740,0.17319312,White
MI-45,186511,0.58007869,0.40701508,0.7015415,0.2984585,0.11930445,0.03413754,0.00080308,0.1226801,0.01831422,146935,0.17306361,White
MI-46,186845,0.5573204,0.42800349,0.72049138,0.27950862,0.18789828,0.03236289,0.00084077,0.03613967,0.0205521,149863,0.12931691,White
MI-47,186384,0.56955052,0.41602136,0.6569684,0.3430316,0.21748971,0.07429947,0.00129918,0.02291345,0.02780931,146246,0.15352916,White
MI-48,186570,0.46491204,0.52025522,0.82437577,0.17562423,0.06411102,0.05402115,0.00093499,0.02492197,0.02724937,148664,-0.05534318,White
MI-49,187030,0.67349178,0.31335314,0.80617715,0.19382285,0.09008398,0.04704009,0.00088477,0.03701273,0.01293234,135629,0.36013864,White
MI-50,186861,0.84308802,0.14591784,0.22032067,0.77967933,0.5147093,0.24991184,0.00140303,0.00888335,0.02764794,133283,0.69717018,Black
MI-51,187259,0.78627291,0.20415548,0.34346215,0.65653785,0.61001117,0.02039843,0.00089933,0.01987382,0.01263149,146776,0.58211743,Black
MI-52,187266,0.87980863,0.1097071,0.16433346,0.83566654,0.8041227,0.01778282,0.00078474,0.00753213,0.01612926,142722,0.77010153,Black
MI-53,187266,0.9347055,0.05620409,0.18605512,0.81394488,0.70340432,0.01549035,0.00111815,0.0905135,0.01226408,140410,0.87850141,Black
MI-54,187172,0.8932825,0.09909279,0.16599495,0.83400505,0.79503448,0.01618167,0.00084104,0.01826072,0.01306644,148625,0.79418971,Black
MN-1,184607,0.80114152,0.17619547,0.75395146,0.24604854,0.10337667,0.05367308,0.00155242,0.06717322,0.01961157,152665,0.62494605,White
MN-2,184275,0.73910423,0.23703602,0.38933643,0.61066357,0.20850976,0.11050306,0.00218591,0.27355203,0.03031994,130838,0.50206821,Minority
MN-3,183470,0.60951807,0.36612022,0.75597343,0.24402657,0.07241221,0.0483862,0.00128102,0.10370659,0.01692473,143636,0.24339785,White
MN-4,184231,0.55795458,0.41852993,0.77885182,0.22114818,0.06406906,0.04635945,0.00109912,0.08912311,0.01594812,137383,0.13942465,White
MN-5,184446,0.49378337,0.48238768,0.84432737,0.15567263,0.04485422,0.03157548,0.0016679,0.05350151,0.01937765,139697,0.01139569,White
MN-6,184097,0.72961278,0.24456054,0.40291111,0.59708889,0.33455644,0.08861212,0.00184228,0.15593907,0.0282965,131359,0.48505224,Minority
MN-7,184509,0.8504124,0.12499591,0.60595576,0.39404424,0.18912208,0.09047079,0.00149997,0.08902124,0.03257074,158670,0.72541649,White
MN-8,183888,0.8759853,0.10473935,0.75727624,0.24272376,0.09455235,0.08063787,0.00157981,0.04167595,0.02600612,148119,0.77124595,White
MN-9,184247,0.67170023,0.30562238,0.7387412,0.2612588,0.0816173,0.07911421,0.00135413,0.07967501,0.01802775,146219,0.36607785,White
MN-10,184634,0.55912371,0.41339327,0.7484582,0.2515418,0.10946434,0.05894666,0.00116601,0.05664976,0.02386103,142366,0.14573044,White
MN-11,184172,0.70735561,0.26729346,0.76040767,0.23959233,0.11622036,0.04975994,0.00145309,0.05338262,0.01812679,149337,0.44006215,White
MN-12,184042,0.60488776,0.37306775,0.8151534,0.1848466,0.04513688,0.0405413,0.00105889,0.08156264,0.01183131,141658,0.23182001,White
MN-13,184418,0.5329963,0.44499772,0.830682,0.169318,0.04167694,0.0269943,0.00100059,0.08229528,0.01231891,137918,0.08799858,White
MN-14,183473,0.60335892,0.37119984,0.76503304,0.23496696,0.07006113,0.0797357,0.00152645,0.06456309,0.01867072,141505,0.23215908,White
MN-15,183515,0.52838783,0.44709739,0.73222492,0.26777508,0.08913152,0.07304686,0.00182946,0.08060621,0.02084858,136652,0.08129044,White
MN-16,183574,0.53582552,0.44086687,0.80107543,0.19892457,0.05356511,0.05940631,0.00120801,0.06288303,0.01446671,135760,0.09495865,White
MN-17,183601,0.37877603,0.59726953,0.89199705,0.10800295,0.02919656,0.04110549,0.00140905,0.01318208,0.0175165,139811,-0.2184935,White
MN-18,184234,0.51849619,0.45781184,0.81955479,0.18044521,0.05570058,0.0438823,0.00129107,0.06248227,0.01303842,140968,0.06068435,White
MN-19,184676,0.31013656,0.66885615,0.88981589,0.11018411,0.01659365,0.0662752,0.00263425,0.00820807,0.01291564,140837,-0.35871959,White
MN-20,183904,0.42914166,0.54817292,0.88739592,0.11260408,0.01847642,0.05080487,0.0019497,0.02440295,0.01246542,142073,-0.11903126,White
MN-21,184089,0.44616146,0.52768638,0.86455755,0.13544245,0.0390425,0.05709171,0.00114687,0.02206325,0.0134897,142998,-0.08152492,White
MN-22,183441,0.30916656,0.67089944,0.87178421,0.12821579,0.01616141,0.06884016,0.00155591,0.02277942,0.02061405,139468,-0.36173288,White
MN-23,184038,0.35532154,0.62120517,0.91921652,0.08078348,0.01821826,0.02272555,0.00085457,0.01889133,0.012206,132230,-0.26588363,White
MN-24,184033,0.35072541,0.6251707,0.88978534,0.11021466,0.02970319,0.0273181,0.00114838,0.02596361,0.01761579,135844,-0.27444529,White
MN-25,184150,0.39216543,0.58226806,0.84794151,0.15205849,0.07723007,0.02984585,0.00104047,0.02685984,0.01475189,140321,-0.19010263,White
MN-26,183866,0.31787995,0.65910851,0.91589853,0.08410147,0.01495843,0.01777239,0.00093093,0.01559315,0.02469798,141793,-0.34122856,White
MN-27,184471,0.31813969,0.66276294,0.92297542,0.07702458,0.01118099,0.0316198,0.00131252,0.00772071,0.02149866,142474,-0.34462325,White
MN-28,184480,0.31589316,0.66458765,0.9221149,0.0778851,0.00687467,0.0120133,0.00078468,0.00697188,0.04274098,144007,-0.34869449,White
MN-29,184206,0.38713309,0.59078969,0.87408099,0.12591901,0.02466255,0.03024842,0.00133544,0.01265078,0.05396324,139280,-0.2036566,White
MN-30,184212,0.44645397,0.5310864,0.87085846,0.12914154,0.01346717,0.01335587,0.0012382,0.00774919,0.08667404,143757,-0.08463243,White
MN-31,183492,0.58117903,0.39548668,0.894616,0.105384,0.02559125,0.01484065,0.0011246,0.01485404,0.04214557,149387,0.18569235,White
MO-1,186521,0.86045926,0.12378827,0.39389171,0.60610829,0.50909923,0.03123791,0.00125751,0.05334434,0.01463229,155068,0.73667099,Black
MO-2,186416,0.62763813,0.35503821,0.7024123,0.2975877,0.17571667,0.05339125,0.00108921,0.04398263,0.02226529,149650,0.27259992,White
MO-3,186374,0.72446033,0.25987482,0.42419615,0.57580385,0.48833787,0.02823902,0.00100655,0.04075498,0.01865941,144056,0.46458551,Black
MO-4,186976,0.80358393,0.1819425,0.41323887,0.58676113,0.50404739,0.02406443,0.00100326,0.04757913,0.01273999,145526,0.62164143,Black
MO-5,186158,0.62366615,0.35997196,0.60321123,0.39678877,0.23650724,0.05274907,0.0010513,0.08777631,0.01787202,146486,0.26369419,White
MO-6,186481,0.56668847,0.41649404,0.88192814,0.11807186,0.0382125,0.02408813,0.0008009,0.03310166,0.01643205,147334,0.15019443,White
MO-7,186777,0.45658114,0.52713013,0.84530333,0.15469667,0.03117438,0.03028428,0.00076493,0.07118022,0.01582014,143804,-0.07054899,White
MO-8,186966,0.44432628,0.53562299,0.83890067,0.16109933,0.06273328,0.03699552,0.00133589,0.03267232,0.02118633,148964,-0.09129671,White
MO-9,186902,0.37771036,0.60477083,0.85227428,0.14772572,0.05369945,0.03044866,0.0012825,0.03456996,0.02187462,138791,-0.22706047,White
MO-10,186259,0.27748754,0.70469169,0.92157848,0.07842152,0.01411057,0.01677768,0.00094955,0.00988647,0.02721573,143226,-0.42720415,White
MO-11,186009,0.33377181,0.64798981,0.90515536,0.09484464,0.01455425,0.02186294,0.00101003,0.01321456,0.03129691,142570,-0.314218,White
MO-12,187031,0.27243549,0.70913309,0.87051552,0.12948448,0.06168612,0.02313573,0.00157447,0.01108315,0.02650468,145446,-0.4366976,White
MO-13,186507,0.54443446,0.42909441,0.77925899,0.22074101,0.1029101,0.03839595,0.00175299,0.05004858,0.02434484,147177,0.11534005,White
MO-14,186714,0.22290102,0.76023988,0.90926679,0.09073321,0.03454996,0.01748955,0.00108342,0.00631059,0.02508055,142142,-0.53733886,White
MO-15,186002,0.23199098,0.7529134,0.88734552,0.11265448,0.03866934,0.03264537,0.00288433,0.0110267,0.02301254,144921,-0.52092242,White
MO-16,186854,0.29851942,0.68402284,0.88160034,0.11839966,0.03628121,0.03511685,0.00308659,0.01260817,0.02734526,145144,-0.38550342,White
MO-17,186007,0.39775142,0.5833755,0.85463798,0.14536202,0.04378796,0.0432047,0.00245697,0.02200334,0.0283827,137161,-0.18562408,White
MO-18,186750,0.5696401,0.40911264,0.71481788,0.28518212,0.11433717,0.09027412,0.00775852,0.0432505,0.03165038,146033,0.16052746,White
MO-19,186347,0.68032804,0.29996728,0.69871632,0.30128368,0.16478389,0.07371224,0.00216666,0.03586089,0.02768369,153231,0.38036076,White
MO-20,186459,0.80359395,0.17771573,0.29463634,0.70536366,0.51049256,0.1467599,0.00323509,0.02975279,0.03125582,139718,0.62587822,Black
MO-21,187276,0.51362802,0.4665899,0.72780476,0.27219524,0.14853727,0.06569918,0.00403392,0.02579198,0.02983983,143533,0.04703812,White
MO-22,185990,0.40345427,0.575446,0.80377279,0.19622721,0.06724758,0.0654211,0.00656232,0.01609899,0.03783624,138518,-0.17199173,White
MO-23,186969,0.26398521,0.7139043,0.86325228,0.13674772,0.04342881,0.04118201,0.00302132,0.01308307,0.03158776,143315,-0.44991909,White
MO-24,186899,0.20504259,0.77974981,0.85233017,0.14766983,0.04475155,0.04505332,0.00387504,0.01925174,0.03215939,145805,-0.57470722,White
MO-25,186403,0.22479844,0.75955255,0.91294637,0.08705363,0.01415987,0.02016477,0.00132901,0.00682596,0.03502046,143716,-0.53475411,White
MO-26,186798,0.2372402,0.74394955,0.82467477,0.17532523,0.02241484,0.06332903,0.0073061,0.01680404,0.06228631,140978,-0.50670935,White
MO-27,186407,0.18957477,0.79663297,0.85574036,0.14425964,0.01186477,0.06185893,0.00612131,0.0128472,0.04690946,145557,-0.6070582,White
MO-28,186336,0.47582142,0.49915895,0.82000855,0.17999145,0.05510238,0.04879876,0.00327341,0.03127485,0.03874848,152135,-0.02333753,White
MO-29,186235,0.2663348,0.71636863,0.89419325,0.10580675,0.01630279,0.0278503,0.00159944,0.016353,0.03638541,139424,-0.45003383,White
MO-30,186325,0.16974975,0.81531253,0.91926195,0.08073805,0.01251539,0.01691594,0.00120272,0.00624001,0.03634344,141346,-0.64556278,White
MO-31,186146,0.24529239,0.73855339,0.89320117,0.10679883,0.03359166,0.01579981,0.00098919,0.01541778,0.03175654,146584,-0.493261,White
MO-32,185921,0.15786971,0.83092336,0.91835023,0.08164977,0.01996715,0.01449195,0.00086633,0.00622371,0.03305218,144287,-0.67305365,White
MO-33,186698,0.25291605,0.73433044,0.80918411,0.19081589,0.12434186,0.02600614,0.00081964,0.01194032,0.02361669,143966,-0.48141439,White
MS-1,184647,0.60602555,0.38192581,0.34654862,0.65345138,0.61925858,0.02108568,0.00046559,0.00801383,0.00894501,141755,0.22409974,Black
MS-2,185184,0.56553784,0.42291295,0.39880856,0.60119144,0.57145463,0.01882582,0.00061747,0.00562038,0.0092831,142517,0.14262489,Black
MS-3,185314,0.37130209,0.61034628,0.61566218,0.38433782,0.29597722,0.0459736,0.00122451,0.02142536,0.01915023,138014,-0.23904419,White
MS-4,185162,0.34798,0.63803856,0.6818073,0.3181927,0.25477036,0.03401682,0.00099204,0.01423753,0.01412806,146163,-0.29005856,White
MS-5,185144,0.18829052,0.79847157,0.82590377,0.17409623,0.1279937,0.01952741,0.00052927,0.00792518,0.01637266,143593,-0.61018105,White
MS-6,184917,0.55678101,0.42716782,0.47935076,0.52064924,0.47214841,0.02052222,0.00076212,0.01543458,0.01317569,145647,0.12961319,Minority
MS-7,184913,0.2940686,0.69486357,0.66049448,0.33950552,0.27126349,0.02340315,0.00065344,0.00668357,0.04053469,140793,-0.40079497,White
MS-8,184795,0.75461615,0.23140333,0.26874641,0.73125359,0.69400627,0.01849226,0.0006224,0.01360986,0.00903175,144601,0.52321282,Black
MS-9,185281,0.57948502,0.40906961,0.38701005,0.61298995,0.58001139,0.02013311,0.00065999,0.00535632,0.01065707,143942,0.17041541,Black
MS-10,185514,0.26800888,0.71880282,0.74049226,0.25950774,0.19376662,0.02648268,0.000776,0.02137521,0.01571043,141753,-0.45079394,White
MS-11,185435,0.42050518,0.56868091,0.54611307,0.45388693,0.38227058,0.04159821,0.00065723,0.01495907,0.01751654,139982,-0.14817573,White
MS-12,184976,0.48944722,0.49732447,0.48584015,0.51415985,0.46391861,0.03083001,0.00097196,0.00849591,0.01234179,143010,-0.00787725,Minority
MS-13,184892,0.27496639,0.71213097,0.70404701,0.29595299,0.24655814,0.02145824,0.00101875,0.01172276,0.01576905,139387,-0.43716458,White
MS-14,184523,0.17900255,0.80945511,0.79409088,0.20590912,0.14769977,0.02402167,0.00093124,0.00776031,0.02219447,141747,-0.63045256,White
MS-15,185357,0.23948614,0.74551724,0.76522568,0.23477432,0.11979426,0.04612377,0.00209526,0.03706299,0.02825449,142703,-0.5060311,White
MS-16,185225,0.46524657,0.51697437,0.5500662,0.4499338,0.33006789,0.07059553,0.0025917,0.03038199,0.02214914,141992,-0.0517278,White
MT-1,179907,0.50784789,0.46282971,0.89479198,0.10520802,0.0075956,0.03963221,0.0017576,0.01705219,0.02832152,145084,0.04501818,White
MT-2,180888,0.50916294,0.46646887,0.88017143,0.11982857,0.00842764,0.04172058,0.00235508,0.01587628,0.04337051,146067,0.04269407,White
MT-3,180727,0.347476,0.63067251,0.83888066,0.16111934,0.00504539,0.02622609,0.00237388,0.01085609,0.1093616,141119,-0.28319651,White
MT-4,181093,0.40587095,0.56782972,0.8690767,0.1309233,0.01343236,0.03302475,0.00259777,0.01547397,0.05942483,142045,-0.16195877,White
MT-5,180528,0.2495162,0.72857935,0.83330071,0.16669929,0.00603978,0.02263648,0.00205918,0.00865,0.12327526,137919,-0.47906315,White
MT-6,181082,0.38742324,0.58473988,0.81522819,0.18477181,0.01200966,0.04750198,0.00276309,0.01333681,0.10743424,137889,-0.19731664,White
NC-1,185767,0.59282345,0.391353,0.61706178,0.38293822,0.24049253,0.08094969,0.00125257,0.04888543,0.01686363,141310,0.20147045,White
NC-2,185798,0.73992838,0.24271362,0.2850269,0.7149731,0.4374658,0.19937597,0.00167023,0.07391666,0.02344011,140699,0.49721476,Black
NC-3,186087,0.84741971,0.13570697,0.22429288,0.77570712,0.55904241,0.13634827,0.00153805,0.0785301,0.01809103,144989,0.71171274,Black
NC-4,185966,0.75715679,0.22620606,0.30255104,0.69744896,0.40005564,0.22915864,0.00151236,0.06063006,0.02454736,140178,0.53095073,Black
NC-5,186121,0.62635998,0.3542942,0.75928167,0.24071833,0.11001223,0.06918342,0.00110473,0.04750976,0.01396688,152074,0.27206578,White
NC-6,185743,0.52986879,0.45349198,0.67090748,0.32909252,0.11492097,0.08577517,0.00136388,0.11099982,0.01604688,140775,0.07637681,White
NC-7,186685,0.49141805,0.4920569,0.59243859,0.40756141,0.22365102,0.1110368,0.00136661,0.05837883,0.02212013,137567,-0.000638850000000024,White
NC-8,185994,0.30111563,0.68572226,0.73663585,0.26336415,0.14468746,0.07923279,0.00108321,0.01542707,0.02487926,144940,-0.38460663,White
NC-9,186693,0.33103125,0.65457991,0.75977607,0.24022393,0.12092215,0.07065614,0.00118919,0.02774784,0.01973643,143795,-0.32354866,White
NC-10,185945,0.38817856,0.59808796,0.68097446,0.31902554,0.19535608,0.08017164,0.00095508,0.02142709,0.02393245,144490,-0.2099094,White
NC-11,186420,0.41414813,0.57049245,0.67857863,0.32142137,0.13096936,0.11877123,0.00133627,0.0520324,0.01973051,133955,-0.15634432,White
NC-12,186873,0.29466929,0.69382004,0.76986628,0.23013372,0.1285919,0.06300314,0.00094829,0.01610725,0.02224724,146580,-0.39915075,White
NC-13,186518,0.54224228,0.44532441,0.43423367,0.56576633,0.40660171,0.07905242,0.00424618,0.02063036,0.07238994,141539,0.09691787,Minority
NC-14,186312,0.6344003,0.34553419,0.39450623,0.60549377,0.42968346,0.11508098,0.00747395,0.04547805,0.03361901,145037,0.28886611,Black
NC-15,187001,0.43016331,0.55743643,0.53604825,0.46395175,0.2986009,0.10656721,0.00339782,0.02144336,0.04723392,140090,-0.12727312,White
NC-16,186336,0.3781175,0.61459547,0.41048017,0.58951983,0.25781489,0.07026444,0.00135699,0.00855254,0.26499652,143700,-0.23647797,Minority
NC-17,187073,0.5601715,0.42254029,0.68575393,0.31424607,0.17316603,0.08351518,0.001017,0.04245804,0.01997629,148476,0.13763121,White
NC-18,186748,0.57450492,0.41154238,0.46815612,0.53184388,0.35925673,0.1462319,0.00193633,0.01487104,0.02449638,142021,0.16296254,Minority
NC-19,186677,0.56261129,0.42132708,0.67917476,0.32082524,0.18972553,0.06424572,0.00113608,0.05041107,0.01934027,148757,0.14128421,White
NC-20,186820,0.62780963,0.35735736,0.4471432,0.5528568,0.35664083,0.10208668,0.00154366,0.08234008,0.02025204,146405,0.27045227,Minority
NC-21,186477,0.60512297,0.38281145,0.4209902,0.5790098,0.46556055,0.07471882,0.00106053,0.02852279,0.02356898,143324,0.22231152,Black
NC-22,186059,0.48654903,0.49905231,0.63017267,0.36982733,0.21213121,0.11797135,0.00120982,0.02143996,0.02596992,145476,-0.01250328,White
NC-23,185979,0.657502,0.32956135,0.66597661,0.33402339,0.16632721,0.07269595,0.00122206,0.07652908,0.01911891,149747,0.32794065,White
NC-24,185742,0.81821562,0.16541654,0.44182841,0.55817159,0.36338578,0.11397861,0.00102014,0.07196373,0.01883542,148019,0.65279908,Minority
NC-25,186101,0.68965124,0.2967074,0.4885546,0.5114454,0.3233965,0.13162213,0.00116337,0.04389197,0.02286391,148706,0.39294384,Minority
NC-26,185897,0.54589401,0.44324182,0.48859081,0.51140919,0.42109181,0.05744552,0.00118156,0.00867386,0.0312532,146417,0.10265219,Minority
NC-27,186749,0.53945975,0.4522117,0.47912667,0.52087333,0.46011626,0.03984026,0.00134451,0.00815401,0.01731807,149497,0.08724805,Minority
NC-28,187113,0.52267243,0.46786648,0.48186692,0.51813308,0.41720841,0.07574499,0.00120819,0.01242509,0.0206078,145673,0.05480595,Minority
NC-29,187023,0.53180828,0.45367767,0.53811291,0.46188709,0.36014541,0.06762012,0.00144455,0.02222968,0.01751948,146066,0.07813061,White
NC-30,186722,0.72094545,0.26234443,0.36857923,0.63142077,0.43348336,0.16210795,0.00148846,0.02840841,0.02290818,141085,0.45860102,Black
NC-31,186978,0.61423907,0.36652245,0.50917216,0.49082784,0.28921325,0.13581288,0.00149926,0.05614301,0.02132843,138735,0.24771662,White
NC-32,186097,0.59664241,0.38403804,0.76266851,0.23733149,0.11748935,0.05761615,0.00129951,0.04737054,0.01436984,146209,0.21260437,White
NC-33,186765,0.67458466,0.30402234,0.68168101,0.31831899,0.13870432,0.07472785,0.00137115,0.08867005,0.01648588,156073,0.37056232,White
NC-34,186860,0.65279871,0.32924594,0.53959444,0.46040556,0.09230691,0.07323078,0.00162428,0.28106517,0.01354777,137292,0.32355277,White
NC-35,186636,0.50135826,0.47707421,0.72171728,0.27828272,0.123122,0.08911489,0.00152849,0.04739075,0.01987787,134119,0.0242840499999999,White
NC-36,186450,0.50338221,0.48115175,0.65569501,0.34430499,0.15964438,0.1350848,0.00227615,0.0299467,0.02493774,140149,0.0222304600000001,White
NC-37,187094,0.35642245,0.62793107,0.66884885,0.33115115,0.18204837,0.11230584,0.00189375,0.01414285,0.02803745,140990,-0.27150862,White
NC-38,187017,0.42717436,0.55882863,0.59161363,0.40838637,0.25984543,0.11433057,0.00191084,0.01817781,0.02155907,140776,-0.13165427,White
NC-39,186589,0.35253506,0.63487537,0.76650631,0.23349369,0.15815177,0.04336965,0.0015572,0.00986005,0.0201972,150912,-0.28234031,White
NC-40,185753,0.33920598,0.6453213,0.74756407,0.25243593,0.14589836,0.05704709,0.00285066,0.02627213,0.02320479,147685,-0.30611532,White
NC-41,185978,0.41130134,0.57892755,0.57926157,0.42073843,0.28098337,0.11592493,0.0014104,0.00869978,0.02123277,143222,-0.16762621,White
NC-42,186094,0.34349125,0.6298481,0.65276029,0.34723971,0.15341074,0.12827131,0.00779855,0.03919343,0.0308413,144514,-0.28635685,White
NC-43,185983,0.51647026,0.4656601,0.76666426,0.23333574,0.1279217,0.06243235,0.00210579,0.02199597,0.01956218,152437,0.0508101599999999,White
NC-44,186062,0.37789722,0.60918264,0.8300124,0.1699876,0.08685399,0.04436191,0.00101523,0.01207359,0.02237372,155629,-0.23128542,White
NC-45,186358,0.24602594,0.74222466,0.79171073,0.20828927,0.07490202,0.09738783,0.00097464,0.01179935,0.02543047,144669,-0.49619872,White
NC-46,185852,0.25108748,0.73541242,0.79416325,0.20583675,0.0963119,0.06430855,0.00075463,0.02080732,0.02460793,145766,-0.48432494,White
NC-47,186723,0.27746751,0.71173842,0.79824632,0.20175368,0.11798527,0.05651272,0.00066934,0.00713521,0.02109103,149400,-0.43427091,White
NC-48,186472,0.21565124,0.77313245,0.86178336,0.13821664,0.04474567,0.06498054,0.00058583,0.00743404,0.02120453,148506,-0.55748121,White
NC-49,186411,0.33602135,0.64980896,0.86724907,0.13275093,0.04088682,0.05518976,0.00148408,0.01317529,0.02014854,154304,-0.31378761,White
NC-50,186315,0.30131263,0.68560338,0.78083289,0.21916711,0.08356688,0.08267794,0.00118073,0.03065815,0.02478845,147367,-0.38429075,White
NC-51,185997,0.24261573,0.74586109,0.84099645,0.15900355,0.06582361,0.05267519,0.00098477,0.01534888,0.02326103,147242,-0.50324536,White
NC-52,187089,0.31355437,0.67581066,0.76858494,0.23141506,0.13848024,0.04767984,0.00102668,0.02239108,0.02598446,148050,-0.36225629,White
NC-53,186612,0.34926583,0.63553585,0.84883744,0.15116256,0.05338274,0.04540058,0.00130522,0.00951694,0.04198996,152465,-0.28627002,White
NC-54,186659,0.31893131,0.6666145,0.8834361,0.1165639,0.01352648,0.04091221,0.00088088,0.00766044,0.05191348,153255,-0.34768319,White
NC-55,186534,0.54883299,0.43440743,0.79326206,0.20673794,0.0700882,0.09260907,0.00456699,0.01872595,0.02062341,152836,0.11442556,White
NC-56,186571,0.54280384,0.44107913,0.84775329,0.15224671,0.03949441,0.06626299,0.00211766,0.01506849,0.0259546,151110,0.10172471,White
ND-1,194320,0.46245991,0.50148371,0.84325988,0.15674012,0.06142006,0.02888245,0.00138232,0.03617284,0.02771944,150472,-0.0390238000000001,White
ND-2,195239,0.3345345,0.63471858,0.87148565,0.12851435,0.02501638,0.03251015,0.00172278,0.02113848,0.04713088,152660,-0.30018408,White
ND-3,194858,0.23046231,0.74197148,0.78274771,0.21725229,0.03561467,0.05353967,0.00290676,0.0187901,0.10698936,144491,-0.51150917,White
ND-4,194677,0.24079332,0.72972698,0.87643968,0.12356032,0.02180238,0.0306998,0.00316562,0.01217081,0.05527043,148470,-0.48893366,White
NE-1,178311,0.53097487,0.44756416,0.81882947,0.18117053,0.04382342,0.0720412,0.00170217,0.04343456,0.02092489,136297,0.08341071,White
NE-2,178842,0.47925329,0.49340076,0.80845629,0.19154371,0.04597194,0.068976,0.00137489,0.05168134,0.02158575,138193,-0.01414747,White
NE-3,178546,0.43617904,0.53742428,0.79463374,0.20536626,0.05101328,0.09155973,0.00291044,0.0376053,0.02214697,130221,-0.10124524,White
NE-4,178850,0.58425159,0.39380412,0.6590304,0.3409696,0.05599605,0.23003961,0.00219057,0.03439272,0.03074177,135581,0.19044747,White
NE-5,178237,0.64214796,0.33654428,0.55739354,0.44260646,0.26572876,0.0850919,0.00257167,0.06953332,0.02863626,132210,0.30560368,White
NE-6,178322,0.50319524,0.47856901,0.8246584,0.1753416,0.05247027,0.04764766,0.00142725,0.05652667,0.01460304,133123,0.02462623,White
NE-7,178590,0.33415008,0.64632466,0.83434367,0.16565633,0.01747148,0.08668895,0.00185932,0.02132842,0.03698667,130155,-0.31217458,White
NE-8,177851,0.21675182,0.76308736,0.85385439,0.14614561,0.01203023,0.10718593,0.00125846,0.00811254,0.01926635,133497,-0.54633554,White
NE-9,177729,0.28244652,0.6959268,0.77109408,0.22890592,0.02356551,0.17331761,0.00144356,0.01517625,0.02077665,132312,-0.41348028,White
NE-10,177676,0.21582016,0.76514542,0.91110706,0.08889294,0.01105608,0.04735615,0.00125273,0.00753824,0.01954115,137300,-0.54932526,White
NE-11,178550,0.17600204,0.80520296,0.87383232,0.12616768,0.01062388,0.07443274,0.00164677,0.00802985,0.03081508,137238,-0.62920092,White
NH-1,197038,0.60548666,0.37950476,0.898702,0.101298,0.01572425,0.02453277,0.00126799,0.03816209,0.01375183,163251,0.2259819,White
NH-2,196453,0.4423126,0.54337399,0.90470101,0.09529899,0.01360044,0.03394036,0.00081846,0.02584531,0.01255819,156392,-0.10106139,White
NH-3,197070,0.54792428,0.43627219,0.8280256,0.1719744,0.02570857,0.06841126,0.00118921,0.05450523,0.01375897,156407,0.11165209,White
NH-4,197299,0.56893398,0.41314915,0.82397511,0.17602489,0.04582247,0.06660722,0.00122227,0.04230534,0.01844623,160358,0.15578483,White
NH-5,196659,0.53267351,0.44840799,0.92052539,0.07947461,0.01320387,0.02067622,0.00133861,0.01413399,0.0202363,159120,0.08426552,White
NH-6,196217,0.4417845,0.54111345,0.93080723,0.06919277,0.00909448,0.01594025,0.00082224,0.01300012,0.0204252,160537,-0.09932895,White
NH-7,196793,0.56470384,0.41877898,0.91125353,0.08874647,0.01304863,0.01978556,0.00092944,0.02372202,0.02117668,164615,0.14592486,White
NJ-1,185726,0.57153612,0.41609743,0.51976125,0.48023875,0.1943081,0.18724485,0.00281566,0.09899559,0.01689396,145259,0.15543869,White
NJ-2,186368,0.44120702,0.54729407,0.69767397,0.30232603,0.12935606,0.14588568,0.00132418,0.01219536,0.02576011,154813,-0.10608705,White
NJ-3,186089,0.50132824,0.48246826,0.7447947,0.2552053,0.13770828,0.07134243,0.00124068,0.03052483,0.01911614,144276,0.01885998,White
NJ-4,185073,0.50474874,0.48158619,0.65565754,0.34434246,0.13717202,0.16932916,0.00140204,0.0304443,0.01891028,144789,0.02316255,White
NJ-5,184980,0.54495204,0.4407731,0.77010258,0.22989742,0.10946681,0.06249572,0.00120526,0.04630682,0.01332639,146026,0.10417894,White
NJ-6,184979,0.64552887,0.34211548,0.59385799,0.40614201,0.22109017,0.096887,0.00139059,0.08221008,0.01635665,145262,0.30341339,White
NJ-7,185424,0.73585527,0.25191908,0.45524639,0.54475361,0.23357434,0.25237007,0.00240769,0.06797417,0.01749156,139553,0.48393619,Minority
NJ-8,185219,0.68954049,0.29849881,0.49451444,0.50548556,0.31649393,0.12421992,0.00155844,0.05570381,0.01784618,145017,0.39104168,Minority
NJ-9,185231,0.5727203,0.41331579,0.76774913,0.23225087,0.09064099,0.05338424,0.00139585,0.0783384,0.0124326,146148,0.15940451,White
NJ-10,185181,0.43197364,0.55298974,0.73377703,0.26622297,0.09983772,0.10969272,0.00221409,0.04345398,0.01862595,152207,-0.1210161,White
NJ-11,186190,0.36860672,0.61838783,0.85808538,0.14191462,0.03336281,0.06773917,0.00076822,0.02626805,0.01225928,154903,-0.24978111,White
NJ-12,186042,0.3748464,0.61129973,0.82177045,0.17822955,0.03639968,0.0966885,0.00067395,0.03216625,0.01323684,152831,-0.23645333,White
NJ-13,185406,0.25899536,0.73272025,0.77850097,0.22149903,0.05167327,0.13365908,0.00077441,0.01869641,0.0109339,108470,-0.47372489,White
NJ-14,185248,0.40181173,0.58384055,0.85235159,0.14764841,0.02844222,0.07459237,0.00097524,0.03136126,0.01078774,149707,-0.18202882,White
NJ-15,185300,0.5675094,0.41936462,0.64004401,0.35995599,0.15110249,0.1375452,0.00112027,0.04250994,0.01424824,149071,0.14814478,White
NJ-16,186121,0.46909104,0.51602468,0.7797029,0.2202971,0.04531344,0.10341212,0.00117096,0.06064485,0.01129432,146888,-0.04693364,White
NJ-17,185653,0.48651898,0.50381879,0.7049567,0.2950433,0.04348329,0.0964694,0.00091766,0.14698805,0.00845603,147114,-0.01729981,White
NJ-18,186065,0.60138731,0.38461538,0.65156363,0.34843637,0.08555577,0.07602962,0.00135708,0.17924735,0.01073023,150323,0.21677193,White
NJ-19,185506,0.77116885,0.21684721,0.3039157,0.6960843,0.35768181,0.28879764,0.00203592,0.05618032,0.02121894,145389,0.55432164,Black
NJ-20,185120,0.50461088,0.4769047,0.8248382,0.1751618,0.03270269,0.06660714,0.00089293,0.06094073,0.00949996,148948,0.02770618,White
NJ-21,185456,0.56361345,0.42105364,0.62113606,0.37886394,0.04762235,0.10522265,0.00141453,0.21600632,0.00844555,144218,0.14255981,White
NJ-22,185624,0.41463346,0.56611296,0.80942959,0.19057041,0.04663652,0.09461897,0.00078064,0.03206681,0.0142063,148596,-0.1514795,White
NJ-23,186001,0.52643824,0.45923376,0.65364685,0.34635315,0.04382832,0.19601974,0.00086707,0.10022915,0.0117949,145317,0.06720448,White
NJ-24,185034,0.53683146,0.44971827,0.64028437,0.35971563,0.04461338,0.10858983,0.00098571,0.19718871,0.01116685,148117,0.0871131900000001,White
NJ-25,185239,0.42880101,0.55412416,0.82645652,0.17354348,0.02472055,0.0794042,0.00079271,0.05215897,0.01322293,150118,-0.12532315,White
NJ-26,185358,0.45581242,0.53033147,0.76863286,0.23136714,0.03160702,0.11682603,0.00076388,0.07429023,0.00850984,149239,-0.07451905,White
NJ-27,185975,0.56885549,0.41930042,0.74790064,0.25209936,0.03285197,0.07202136,0.00094164,0.13783072,0.00533361,142305,0.14955507,White
NJ-28,186358,0.63782994,0.3482586,0.48301695,0.51698305,0.07616038,0.12055111,0.0012325,0.3125667,0.00955706,145233,0.28957134,Minority
NJ-29,185840,0.73249706,0.2545766,0.3232169,0.6767831,0.20129051,0.27087744,0.00165554,0.20816371,0.01873338,147384,0.47792046,Minority
NJ-30,185536,0.53691114,0.45089235,0.45892895,0.54107105,0.10986462,0.33108048,0.00179632,0.11313379,0.01516893,145297,0.08601879,Minority
NJ-31,186235,0.70092711,0.28647839,0.27093317,0.72906683,0.24331501,0.31607371,0.001625,0.16989247,0.0203091,144615,0.41444872,Hispanic
NJ-32,185539,0.61968558,0.36831925,0.34603434,0.65396566,0.09160263,0.12766666,0.00138014,0.43353816,0.00953616,144188,0.25136633,Asian
NJ-33,185692,0.6576963,0.33202566,0.35382622,0.64617378,0.25538478,0.28361987,0.00156599,0.11331835,0.01611216,148149,0.32567064,Minority
NJ-34,185366,0.59392954,0.39238482,0.74327302,0.25672698,0.05391537,0.10032551,0.0009808,0.09213089,0.0075763,140702,0.20154472,White
NJ-35,185252,0.52346683,0.46397524,0.78121208,0.21878792,0.02213479,0.09654161,0.00096086,0.09346968,0.00689433,142581,0.05949159,White
NJ-36,186305,0.56944991,0.4191605,0.56893545,0.43106455,0.05507724,0.18216384,0.00217464,0.19644261,0.00848657,146231,0.15028941,White
NJ-37,186180,0.63272425,0.35716646,0.44134331,0.55865669,0.15817123,0.3079045,0.00112912,0.10512295,0.01472587,147903,0.27555779,Minority
NJ-38,185556,0.58689824,0.4010219,0.5727423,0.4272577,0.09907435,0.22085337,0.00136362,0.1060604,0.01289733,148868,0.18587634,White
NJ-39,185267,0.6410564,0.34992532,0.43331989,0.56668011,0.07484983,0.14549691,0.00129841,0.34821947,0.00837132,146333,0.29113108,Minority
NJ-40,185821,0.65799867,0.33240145,0.28744896,0.71255104,0.06711472,0.53146252,0.00168519,0.12670934,0.0280555,150131,0.32559722,Hispanic
NJ-41,186237,0.72690446,0.26078182,0.32860455,0.67139545,0.06184389,0.53631449,0.00245237,0.09057741,0.02623437,149651,0.46612264,Hispanic
NJ-42,185618,0.76558701,0.22282203,0.33741267,0.66258733,0.09148279,0.19545056,0.00212524,0.3779612,0.01208202,153865,0.54276498,Asian
NJ-43,185899,0.73773923,0.25316187,0.27151458,0.72848542,0.31117049,0.27276343,0.00304187,0.15643292,0.0173512,143333,0.48457736,Black
NJ-44,185090,0.75293567,0.23851204,0.13689727,0.86310273,0.26725136,0.57644019,0.00245278,0.05419411,0.02323229,137395,0.51442363,Hispanic
NJ-45,185163,0.5851089,0.40410549,0.37419378,0.62580622,0.08744457,0.47641821,0.001561,0.0819101,0.02643062,140935,0.18100341,Hispanic
NJ-46,185863,0.88226926,0.10970648,0.22831992,0.77168008,0.58245177,0.15652028,0.00178293,0.04125211,0.01549401,143023,0.77256278,Black
NJ-47,185777,0.92081468,0.07190208,0.16371533,0.83628467,0.69721585,0.12062234,0.0016158,0.02998377,0.01344554,136774,0.8489126,Black
NJ-48,186252,0.81734898,0.17582789,0.17769279,0.82230721,0.55413728,0.2019102,0.00153805,0.05930417,0.01205034,145639,0.64152109,Black
NJ-49,186228,0.68365814,0.30715633,0.20720116,0.79279884,0.16515634,0.54517156,0.00260791,0.08224958,0.02216381,144560,0.37650181,Hispanic
NJ-50,186334,0.70421541,0.28841763,0.16640904,0.83359096,0.1943516,0.58730225,0.00199838,0.02170371,0.02132074,143616,0.41579778,Hispanic
NM-1,192846,0.68524677,0.28909448,0.43567515,0.56432485,0.04488948,0.41679907,0.00298712,0.03936648,0.08684267,157342,0.39615229,Minority
NM-2,192497,0.53798427,0.43630203,0.58561791,0.41438209,0.03598411,0.27158822,0.0031324,0.06091494,0.05785957,155791,0.10168224,White
NM-3,192504,0.66426174,0.31446198,0.20208175,0.79791825,0.03721652,0.70277797,0.00232991,0.02005239,0.06730544,145070,0.34979976,Hispanic
NM-4,192836,0.52059606,0.45575276,0.44865025,0.55134975,0.04046844,0.42507005,0.00411018,0.03608286,0.07108483,145249,0.0648433000000001,Minority
NM-5,191942,0.56897584,0.40744721,0.34415059,0.65584941,0.02689483,0.59175424,0.00231653,0.02091669,0.03987011,147203,0.16152863,Hispanic
NM-6,192300,0.48141526,0.49874979,0.36341567,0.63658433,0.0144168,0.58265656,0.00189339,0.01175253,0.04395367,147883,-0.01733453,Hispanic
NM-7,193191,0.25778883,0.72416912,0.46342129,0.53657871,0.04069202,0.43419754,0.00314362,0.01802155,0.05222329,142829,-0.46638029,Minority
NM-8,192657,0.29977534,0.68029261,0.49380191,0.50619809,0.03328986,0.4306404,0.00238177,0.01578008,0.03693459,145690,-0.38051727,Minority
NM-9,192214,0.72501413,0.25769883,0.45251178,0.54748822,0.01461079,0.47985339,0.00229003,0.01898267,0.04537167,158513,0.4673153,Hispanic
NM-10,192381,0.57377887,0.4048866,0.43555879,0.56444121,0.01185556,0.39326064,0.00167303,0.0181081,0.15490296,152418,0.16889227,Minority
NM-11,192154,0.53787581,0.4362131,0.20670066,0.79329934,0.01134744,0.14998475,0.00195743,0.01368075,0.63615861,141001,0.10166271,Native
NV-1,183124,0.40422043,0.56893434,0.74603196,0.25396804,0.01904931,0.13967901,0.00612932,0.04705056,0.04293935,146672,-0.16471391,White
NV-2,183007,0.56961529,0.39933814,0.64070544,0.35929456,0.03555188,0.20814955,0.01142276,0.07981592,0.03546312,146462,0.17027715,White
NV-3,183033,0.54743705,0.42344874,0.5291812,0.4708188,0.04259241,0.29697453,0.0133759,0.09397025,0.03946383,141598,0.12398831,White
NV-4,182741,0.27861945,0.69327375,0.75047046,0.24952954,0.01567736,0.14545455,0.00579943,0.02681451,0.05677708,142945,-0.4146543,White
NV-5,182919,0.30346777,0.67349712,0.69572203,0.30427797,0.05767193,0.15742147,0.00818195,0.04591206,0.04386658,148131,-0.37002935,White
NV-6,183044,0.47490925,0.50323337,0.53420599,0.46579401,0.1397937,0.21563723,0.01610287,0.08934428,0.02938018,138733,-0.02832412,White
NV-7,182437,0.4879478,0.49415939,0.62076065,0.37923935,0.08190005,0.13095555,0.0112754,0.14878895,0.01829696,146691,-0.00621158999999999,White
NV-8,182311,0.6064507,0.37092179,0.3459314,0.6540686,0.2426258,0.28040515,0.02134033,0.11597781,0.02856995,134862,0.23552891,Minority
NV-9,182693,0.61292974,0.36637951,0.2918975,0.7081025,0.13759483,0.44383944,0.01656166,0.11226265,0.03172735,136822,0.24655023,Hispanic
NV-10,182336,0.70564345,0.27056185,0.16970746,0.83029254,0.16310947,0.61891318,0.00831236,0.04225385,0.03733879,127160,0.4350816,Hispanic
NV-11,182420,0.70849063,0.27030059,0.23626495,0.76373505,0.24681848,0.43358569,0.01365404,0.07268161,0.03172686,135784,0.43819004,Hispanic
NV-12,181914,0.58474181,0.39379563,0.38802343,0.61197657,0.14351275,0.31155943,0.0156201,0.14030237,0.02885854,143597,0.19094618,Minority
NV-13,182281,0.55675431,0.42463983,0.39921858,0.60078142,0.12847068,0.17736505,0.01983346,0.27920638,0.0215792,144352,0.13211448,Minority
NV-14,182682,0.57671224,0.40166913,0.38746736,0.61253264,0.1613331,0.30801862,0.01618338,0.12636835,0.02943724,147806,0.17504311,Minority
NV-15,182920,0.5273868,0.45437477,0.4296433,0.5703567,0.10707315,0.18265586,0.02905776,0.25814664,0.02353474,141408,0.0730120300000001,Minority
NV-16,181941,0.5127691,0.46738075,0.56699229,0.43300771,0.093946,0.17078315,0.02034884,0.14566104,0.02438669,144136,0.04538835,White
NV-17,182811,0.4081103,0.57233911,0.67460508,0.32539492,0.06241491,0.14163936,0.01252677,0.09374893,0.02683232,146167,-0.16422881,White
NY-1,186419,0.53596531,0.45028309,0.73433697,0.26566303,0.04604985,0.18452349,0.00098555,0.02037253,0.01973754,151184,0.08568222,White
NY-2,186881,0.45831122,0.52700427,0.6735257,0.3264743,0.08800254,0.1966429,0.00120089,0.03401631,0.01842494,148223,-0.06869305,White
NY-3,186934,0.48772611,0.4971668,0.71798138,0.28201862,0.09085748,0.11331441,0.00091755,0.07209717,0.01248267,151490,-0.00944069000000003,White
NY-4,186393,0.40965913,0.57571726,0.79874778,0.20125222,0.0383768,0.11182241,0.0009107,0.04238792,0.00927445,149335,-0.16605813,White
NY-5,186994,0.41497816,0.57096229,0.80843734,0.19156266,0.02700511,0.09482955,0.00081102,0.06093409,0.00795608,149194,-0.15598413,White
NY-6,186772,0.61037157,0.37681612,0.30989393,0.69010607,0.15582269,0.50529655,0.00106916,0.0392212,0.02999268,142168,0.23355545,Hispanic
NY-7,187304,0.54803789,0.43673184,0.72589482,0.27410518,0.05534346,0.13848926,0.00097117,0.07403017,0.01281278,149304,0.11130605,White
NY-8,187687,0.55281187,0.43422963,0.52233763,0.47766237,0.19960265,0.226843,0.00155427,0.05204117,0.01788092,147979,0.11858224,White
NY-9,187148,0.39187137,0.59463514,0.78142701,0.21857299,0.03132468,0.10159231,0.00064696,0.07821598,0.00797476,151478,-0.20276377,White
NY-10,187107,0.55513747,0.43203366,0.65910903,0.34089097,0.03319502,0.1199873,0.00081771,0.18202522,0.00685256,147974,0.12310381,White
NY-11,187520,0.46435695,0.52169035,0.76106565,0.23893435,0.02782279,0.11186502,0.00089119,0.09204947,0.00710929,148116,-0.0573334,White
NY-12,186676,0.79330856,0.19585664,0.18475358,0.81524642,0.42187446,0.37457023,0.00171559,0.03189879,0.02243516,143391,0.59745192,Black
NY-13,186675,0.50263868,0.48446449,0.68592038,0.31407962,0.0884654,0.17647657,0.00106438,0.0435717,0.00986414,147504,0.01817419,White
NY-14,186555,0.5986436,0.38888422,0.43505866,0.56494134,0.2478768,0.17804938,0.00164684,0.13765414,0.01322236,146948,0.20975938,Minority
NY-15,187103,0.5274352,0.4586168,0.54691831,0.45308169,0.07188257,0.15385958,0.00111415,0.22049358,0.00916822,148993,0.0688184,White
NY-16,186964,0.55628869,0.43131954,0.62341847,0.37658153,0.02424164,0.10527955,0.00108312,0.24134009,0.00660705,147721,0.12496915,White
NY-17,187123,0.67627729,0.31492915,0.291001,0.708999,0.49688661,0.18284379,0.0023021,0.04239474,0.01742525,144216,0.36134814,Black
NY-18,187369,0.89914977,0.09423552,0.02405868,0.97594132,0.59038459,0.15290222,0.00691133,0.17529519,0.03819029,148886,0.80491425,Black
NY-19,187328,0.90808381,0.08498426,0.03902983,0.96097017,0.6864157,0.11852046,0.0037612,0.14782238,0.01887164,152345,0.82309955,Black
NY-20,186965,0.68574041,0.30453648,0.24570387,0.75429613,0.11396679,0.14653907,0.0036462,0.47809976,0.01454531,151939,0.38120393,Asian
NY-21,186906,0.59585426,0.39207978,0.21425281,0.78574719,0.03155349,0.1431359,0.00148427,0.61432703,0.00787558,156306,0.20377448,Asian
NY-22,186931,0.62500645,0.36475628,0.29660398,0.70339602,0.07065006,0.15621814,0.0017036,0.47793542,0.00912972,152031,0.26025017,Asian
NY-23,187008,0.66676469,0.31952885,0.39638097,0.60361903,0.09806142,0.35994047,0.00246273,0.15413791,0.02483143,151864,0.34723584,Minority
NY-24,187413,0.71984167,0.2716817,0.14262611,0.85737389,0.12733656,0.38970499,0.00642175,0.29957817,0.03937278,148402,0.44815997,Hispanic
NY-25,186998,0.67961234,0.30822462,0.20634744,0.79365256,0.03140241,0.26040238,0.00208737,0.50386294,0.01742755,152345,0.37138772,Asian
NY-26,186653,0.71043756,0.27629808,0.40360308,0.59639692,0.04796468,0.26179556,0.00214378,0.28271808,0.02014644,157199,0.43413948,Minority
NY-27,186599,0.76619087,0.21914759,0.4707083,0.5292917,0.08784369,0.26174745,0.0022421,0.17306219,0.01853341,159226,0.54704328,Minority
NY-28,187038,0.75793443,0.23262708,0.08788398,0.91211602,0.07056368,0.66177323,0.00221705,0.19504608,0.04678323,146591,0.52530735,Hispanic
NY-29,187667,0.87356018,0.11308962,0.18271099,0.81728901,0.23947525,0.5111493,0.00414381,0.10374727,0.03383782,151310,0.76047056,Hispanic
NY-30,187482,0.79235276,0.19470216,0.58787175,0.41212825,0.08173792,0.23505045,0.00231678,0.09903744,0.01622411,150640,0.5976506,White
NY-31,187255,0.93763924,0.05641394,0.01729175,0.98270825,0.75230915,0.24855723,0.00340823,0.04107774,0.01908178,139662,0.8812253,Black
NY-32,186547,0.74109996,0.25091947,0.26904789,0.73095211,0.57519395,0.0921333,0.00155562,0.0799183,0.00946899,147851,0.49018049,Black
NY-33,187575,0.75886545,0.23264,0.24191731,0.75808269,0.60709485,0.08157377,0.00162265,0.08147872,0.01050988,147290,0.52622545,Black
NY-34,187544,0.93532532,0.05512549,0.1868048,0.8131952,0.62933744,0.14291862,0.00193644,0.06851878,0.01579146,153374,0.88019983,Black
NY-35,186813,0.91169271,0.07887172,0.23254336,0.76745664,0.63544502,0.10255799,0.0018541,0.04766351,0.01173378,151017,0.83282099,Black
NY-36,186462,0.94485204,0.0433141,0.1780964,0.8219036,0.61583167,0.19128505,0.00230488,0.05291973,0.01914568,151418,0.90153794,Black
NY-37,187085,0.90445339,0.08379642,0.47908942,0.52091058,0.2512132,0.14246865,0.00280125,0.13497137,0.01430616,146720,0.82065697,Minority
NY-38,187576,0.84654749,0.1401446,0.45824339,0.54175661,0.10143543,0.26919058,0.00231676,0.1760941,0.02564244,145462,0.70640289,Minority
NY-39,187291,0.61058541,0.37502306,0.25756226,0.74243774,0.02835451,0.2241066,0.00134019,0.49475501,0.01978711,142517,0.23556235,Asian
NY-40,187289,0.51664688,0.47022287,0.39370127,0.60629873,0.02139806,0.13556173,0.00137636,0.45060004,0.0143942,147490,0.04642401,Asian
NY-41,187561,0.45716218,0.52941029,0.64414788,0.35585212,0.04602194,0.14014294,0.00163914,0.16855909,0.01112225,150689,-0.07224811,White
NY-42,186377,0.28415318,0.70579461,0.77493733,0.22506267,0.01905204,0.10276675,0.00114245,0.09817678,0.0067539,148803,-0.42164143,White
NY-43,186536,0.62621753,0.36099138,0.36049554,0.63950446,0.25668737,0.28301016,0.00215451,0.12100227,0.02652564,142956,0.26522615,Minority
NY-44,187283,0.84746908,0.13713591,0.50806288,0.49193712,0.06809569,0.12142639,0.00298861,0.30290467,0.00903576,157264,0.71033317,White
NY-45,187310,0.86727052,0.11791507,0.54965781,0.45034219,0.09070027,0.17630455,0.00669033,0.18745313,0.01228823,169349,0.74935545,White
NY-46,186537,0.88880061,0.09693429,0.65009635,0.34990365,0.06405681,0.11966193,0.00389575,0.16265791,0.00888588,168132,0.79186632,White
NY-47,186707,0.80078272,0.18385631,0.65306306,0.34693694,0.05640949,0.08262916,0.00284866,0.19830879,0.00676482,166745,0.61692641,White
NY-48,186736,0.87353093,0.11246898,0.65588528,0.34411472,0.06732652,0.12206756,0.00231692,0.1488264,0.00999055,161853,0.76106195,White
NY-49,186862,0.82552163,0.15942226,0.72328858,0.27671142,0.05520778,0.10157252,0.0015524,0.11595897,0.00720265,159108,0.66609937,White
NY-50,187433,0.90454217,0.08249981,0.39707953,0.60292047,0.21688533,0.29570949,0.00216194,0.12377387,0.02178613,161892,0.82204236,Minority
NY-51,186454,0.9161321,0.07301325,0.1606692,0.8393308,0.47518607,0.34662163,0.00284891,0.07536719,0.02889891,151286,0.84311885,Black
NY-52,186525,0.84871674,0.13965645,0.21925018,0.78074982,0.18838074,0.63842763,0.00313862,0.04498045,0.02859202,156757,0.70906029,Hispanic
NY-53,187668,0.90135083,0.09007865,0.05905586,0.94094414,0.5434708,0.45968753,0.0040267,0.02818687,0.02628907,142797,0.81127218,Black
NY-54,186938,0.64921747,0.34045127,0.23707871,0.76292129,0.13500363,0.51341813,0.00327572,0.14531051,0.03255164,145922,0.3087662,Hispanic
NY-55,186857,0.86560067,0.12744634,0.02633248,0.97366752,0.36277647,0.57117383,0.00368627,0.10521011,0.03316229,141878,0.73815433,Hispanic
NY-56,187032,0.8689599,0.12327461,0.02177471,0.97822529,0.40857544,0.66767259,0.0036754,0.01532998,0.0383761,136856,0.74568529,Hispanic
NY-57,186709,0.84909138,0.14466323,0.01461549,0.98538451,0.3865195,0.68956233,0.0042308,0.02071133,0.03328761,137799,0.70442815,Hispanic
NY-58,186906,0.83012252,0.16089718,0.11218648,0.88781352,0.34304945,0.56334136,0.00415191,0.06214397,0.03091965,141140,0.66922534,Hispanic
NY-59,186984,0.19958822,0.79299979,0.72734231,0.27265769,0.02633068,0.09179548,0.00095672,0.12727742,0.00874361,120202,-0.59341157,White
NY-60,186549,0.41532885,0.57501027,0.59738382,0.40261618,0.09335739,0.11122093,0.0014129,0.20142086,0.00943259,150754,-0.15968142,White
NY-61,187010,0.8248178,0.16614883,0.07831602,0.92168398,0.27366101,0.67153447,0.00454792,0.07216868,0.03356699,143802,0.65866897,Hispanic
NY-62,187173,0.86842024,0.12413272,0.10109334,0.89890666,0.5949685,0.30215847,0.00303555,0.05280654,0.01793126,148902,0.74428752,Black
NY-63,187441,0.85363846,0.13682761,0.2215805,0.7784195,0.53349566,0.22685958,0.00270326,0.04538533,0.01684342,149079,0.71681085,Black
NY-64,187262,0.65887327,0.33229698,0.3257611,0.6742389,0.22490828,0.4177093,0.00199858,0.06700706,0.02433198,146104,0.32657629,Hispanic
NY-65,187330,0.66326462,0.32549399,0.54752076,0.45247924,0.15996401,0.20182843,0.00155232,0.0868747,0.01401892,145589,0.33777063,White
NY-66,186540,0.68356007,0.30459811,0.56135879,0.43864121,0.07750804,0.27898717,0.00130225,0.07550941,0.01805735,143598,0.37896196,White
NY-67,187234,0.68634975,0.30149189,0.66012611,0.33987389,0.08670231,0.15549455,0.00091057,0.09280927,0.01046124,146063,0.38485786,White
NY-68,186713,0.65852943,0.32893727,0.55238794,0.44761206,0.11488408,0.27874672,0.00127466,0.05766134,0.01676935,145921,0.32959216,White
NY-69,186631,0.56047543,0.42723753,0.57449327,0.42550673,0.15265826,0.17155874,0.00141165,0.09892272,0.01171388,140261,0.1332379,White
NY-70,186542,0.46137319,0.52316848,0.77356495,0.22643505,0.04620276,0.13670717,0.0010242,0.0341132,0.0131874,149385,-0.0617952900000001,White
NY-71,187299,0.37279079,0.61752099,0.69246669,0.30753331,0.07959893,0.14280311,0.00114341,0.04403888,0.01176833,113695,-0.2447302,White
NY-72,186886,0.47051841,0.51396323,0.69552578,0.30447422,0.09926746,0.15915063,0.0015318,0.03849244,0.01906921,146886,-0.04344482,White
NY-73,186835,0.5539043,0.43037307,0.53760956,0.46239044,0.17830528,0.25384573,0.00132635,0.03284427,0.02548097,146266,0.12353123,White
NY-74,187270,0.55357788,0.42759346,0.64068726,0.35931274,0.15820095,0.14396153,0.00136815,0.05067478,0.01792546,150568,0.12598442,White
NY-75,186397,0.5551997,0.42362472,0.83827875,0.16172125,0.04823334,0.05350743,0.00127757,0.03483519,0.01861983,152633,0.13157498,White
NY-76,187022,0.57147771,0.40832613,0.80284409,0.19715591,0.07040029,0.08046769,0.00106588,0.0237809,0.0210382,153863,0.16315158,White
NY-77,187177,0.42209214,0.55697306,0.80927937,0.19072063,0.05963804,0.08653504,0.0015334,0.02023034,0.02106614,151950,-0.13488092,White
NY-78,186892,0.36106125,0.61754445,0.91662614,0.08337386,0.01595888,0.02360402,0.00087122,0.00934706,0.02113894,148068,-0.2564832,White
NY-79,187590,0.31422735,0.66578757,0.91583802,0.08416198,0.02313479,0.0222406,0.00114296,0.0091571,0.01916134,148737,-0.35156022,White
NY-80,187383,0.56868695,0.41034323,0.79256874,0.20743126,0.06679125,0.04110588,0.00090124,0.07991226,0.01562593,150903,0.15834372,White
NY-81,187458,0.70227511,0.27362158,0.6536184,0.3463816,0.18583925,0.07260455,0.00172195,0.07942663,0.01579989,152153,0.42865353,White
NY-82,187040,0.54656349,0.42946403,0.71011918,0.28988082,0.10858364,0.08339289,0.00322627,0.05842675,0.02417659,146919,0.11709946,White
NY-83,187227,0.468678,0.50796089,0.83248946,0.16751054,0.07267902,0.04082362,0.00099941,0.02731503,0.0227548,151089,-0.03928289,White
NY-84,187616,0.51802543,0.45944879,0.89905431,0.10094569,0.02052943,0.02853544,0.00089029,0.02225065,0.01919069,151636,0.05857664,White
NY-85,187646,0.49338853,0.48930582,0.87097746,0.12902254,0.0395643,0.02927391,0.00101464,0.01144903,0.04281768,152764,0.00408270999999999,White
NY-86,187743,0.42597023,0.55291417,0.84359668,0.15640332,0.05873959,0.04595061,0.00255508,0.02073961,0.02606722,147158,-0.12694394,White
NY-87,187446,0.39946738,0.57736577,0.8967212,0.1032788,0.02831936,0.03369389,0.00113575,0.01007301,0.02257301,147920,-0.17789839,White
NY-88,186590,0.46033692,0.5182574,0.78717715,0.21282285,0.08131012,0.06227674,0.00116559,0.05498152,0.01465214,145849,-0.05792048,White
NY-89,187606,0.52595077,0.45055777,0.86456914,0.13543086,0.05740147,0.02442218,0.00095524,0.02398798,0.02284569,149700,0.075393,White
NY-90,187537,0.53243755,0.44540974,0.87322734,0.12677266,0.04357013,0.02715503,0.00092574,0.03111961,0.0188435,149070,0.08702781,White
NY-91,187376,0.60161863,0.3755575,0.80152828,0.19847172,0.04324155,0.05053067,0.00151803,0.07740692,0.01888895,156123,0.22606113,White
NY-92,187572,0.39879429,0.57775045,0.89297009,0.10702991,0.04073299,0.02333597,0.00098193,0.01369956,0.02081683,147669,-0.17895616,White
NY-93,186712,0.31852138,0.6591811,0.90038247,0.09961753,0.03160434,0.02394821,0.00100685,0.01483924,0.01958293,147986,-0.34065972,White
NY-94,187061,0.46731887,0.50439249,0.88500744,0.11499256,0.03507921,0.04072085,0.00110308,0.01553612,0.01725719,150488,-0.03707362,White
NY-95,186841,0.69144789,0.28576566,0.6101618,0.3898382,0.2305545,0.07805301,0.00184292,0.06763239,0.02402569,147592,0.40568223,White
NY-96,186386,0.5188626,0.4571001,0.80264767,0.19735233,0.07298171,0.04549936,0.00141323,0.05823156,0.01879264,152134,0.0617624999999999,White
NY-97,186436,0.37212488,0.60900182,0.92530306,0.07469694,0.02045751,0.01846719,0.00064785,0.01564869,0.0133645,149725,-0.23687694,White
NY-98,187708,0.38009902,0.59708864,0.85776552,0.14223448,0.03144323,0.05685189,0.00111501,0.0097918,0.03911989,147981,-0.21698962,White
NY-99,186486,0.34272099,0.63576228,0.89533165,0.10466835,0.03172616,0.03220565,0.00071257,0.00998934,0.02365477,150160,-0.29304129,White
NY-100,186419,0.46032913,0.51580077,0.81832016,0.18167984,0.0837249,0.05421027,0.00089438,0.02747891,0.01435017,149824,-0.05547164,White
NY-101,187389,0.582125,0.39015841,0.80298659,0.19701341,0.06171449,0.03574158,0.00093537,0.08272732,0.01195558,151812,0.19196659,White
NY-102,187490,0.61651365,0.35755658,0.83185759,0.16814241,0.06722927,0.05095764,0.00090984,0.03700016,0.01281688,151675,0.25895707,White
NY-103,187525,0.81847221,0.16012436,0.32873102,0.67126898,0.44174581,0.18790706,0.00228024,0.05373555,0.01950407,143406,0.65834785,Black
NY-104,187229,0.50679602,0.47534126,0.86868337,0.13131663,0.06681928,0.02709791,0.00068677,0.0253254,0.00962784,152890,0.03145476,White
NY-105,187604,0.53745103,0.44167186,0.82749629,0.17250371,0.09215382,0.03420366,0.00068658,0.02383232,0.02211586,151475,0.09577917,White
NY-106,186696,0.56680031,0.41518355,0.78865556,0.21134444,0.07279612,0.03314091,0.00080767,0.09223976,0.01119482,151052,0.15161676,White
NY-107,186643,0.56660911,0.41393852,0.77467696,0.22532304,0.09541043,0.09156346,0.0009919,0.02605088,0.01739183,149208,0.15267059,White
NY-108,187054,0.85637164,0.12897518,0.33577418,0.66422582,0.48172197,0.09162762,0.00183595,0.08991926,0.01868563,141071,0.72739646,Black
OH-1,187720,0.55069666,0.43122137,0.76700008,0.23299992,0.12583956,0.06858015,0.00055913,0.01622868,0.02216516,144867,0.11947529,White
OH-2,187889,0.54113663,0.44274537,0.74092358,0.25907642,0.16336881,0.0463073,0.00087793,0.03041006,0.01772063,148076,0.09839126,White
OH-3,187918,0.54266471,0.44003644,0.70797533,0.29202467,0.19028718,0.06127534,0.0009736,0.02172551,0.01908387,146878,0.10262827,White
OH-4,186825,0.91591001,0.07382457,0.14931332,0.85068668,0.779472,0.03322893,0.00097752,0.0370633,0.01334802,145265,0.84208544,Black
OH-5,187229,0.67580549,0.31047903,0.5743101,0.4256899,0.18887417,0.19489377,0.00237421,0.03547864,0.02304935,148681,0.36532646,White
OH-6,187531,0.84935509,0.14183719,0.32238436,0.67761564,0.61874024,0.02402267,0.00109714,0.02988531,0.01263395,148568,0.7075179,Black
OH-7,187243,0.53072916,0.46019678,0.710366,0.289634,0.21308821,0.02552876,0.00080958,0.0385495,0.01135436,148225,0.07053238,White
OH-8,187048,0.49078032,0.49643749,0.84135012,0.15864988,0.05178178,0.05233362,0.00098681,0.03677182,0.01568515,154031,-0.00565716999999999,White
OH-9,187201,0.60407577,0.38452744,0.87607929,0.12392071,0.03789913,0.03537121,0.00080762,0.03521363,0.01100467,152299,0.21954833,White
OH-10,187039,0.6296772,0.36072141,0.77112117,0.22887883,0.13001508,0.02164572,0.00063013,0.06430032,0.00949891,149175,0.26895579,White
OH-11,187304,0.41206021,0.57490533,0.88117419,0.11882581,0.03683674,0.04215152,0.00078021,0.01619109,0.01709801,149959,-0.16284512,White
OH-12,187413,0.33397795,0.65154545,0.91066888,0.08933112,0.03047768,0.02432112,0.0007255,0.0058311,0.02000203,147485,-0.3175675,White
OH-13,187065,0.45184361,0.53554363,0.85385292,0.14614708,0.0942942,0.01697785,0.00070107,0.00856498,0.0192861,151197,-0.08370002,White
OH-14,186710,0.52985035,0.45804943,0.73017594,0.26982406,0.18542164,0.05879794,0.00104399,0.01261486,0.01568659,149427,0.0718009200000001,White
OH-15,187671,0.39493971,0.59198492,0.91222287,0.08777713,0.03210749,0.01517219,0.00070254,0.01600308,0.01543564,148034,-0.19704521,White
OH-16,187612,0.54246114,0.44421472,0.82710308,0.17289692,0.08119858,0.02027494,0.00096171,0.05307187,0.01364178,151813,0.09824642,White
OH-17,187695,0.54905088,0.43602663,0.68283138,0.31716862,0.24863275,0.02097246,0.00102586,0.02191001,0.02337068,147193,0.11302425,White
OH-18,187504,0.55993149,0.4260074,0.78153709,0.21846291,0.11722823,0.02118028,0.00076668,0.05647409,0.01924692,149998,0.13392409,White
OH-19,187051,0.38600056,0.60078198,0.92030871,0.07969129,0.01699697,0.01994165,0.00063687,0.01755167,0.0161752,146026,-0.21478142,White
OH-20,187572,0.37168486,0.61484054,0.90790628,0.09209372,0.02652096,0.02552754,0.00094546,0.01655933,0.01698411,145960,-0.24315568,White
OH-21,187369,0.52723587,0.45725209,0.7236259,0.2763741,0.12327707,0.12468867,0.00126908,0.01214786,0.02399712,147351,0.0699837800000001,White
OH-22,187392,0.47169768,0.51201785,0.79522954,0.20477046,0.13706064,0.02980349,0.00081709,0.00928082,0.02439705,146862,-0.04032017,White
OH-23,187461,0.33907069,0.64703138,0.91361619,0.08638381,0.03117464,0.01494221,0.00081061,0.01423293,0.01823193,148037,-0.30796069,White
OH-24,187714,0.39054406,0.59369266,0.82378053,0.17621947,0.09376874,0.02127419,0.00089613,0.03603559,0.02146471,141721,-0.2031486,White
OH-25,186938,0.3255615,0.6581737,0.91175878,0.08824122,0.02540035,0.01700768,0.00094487,0.01604196,0.02220447,143935,-0.3326122,White
OH-26,187968,0.49538551,0.48943633,0.80396391,0.19603609,0.04869821,0.02881323,0.00103969,0.10010833,0.01335602,137541,0.00594918,White
OH-27,187266,0.62003187,0.36483814,0.74763931,0.25236069,0.10115366,0.04685105,0.00119745,0.08566209,0.01630584,146144,0.25519373,White
OH-28,187819,0.73834549,0.24631632,0.80417554,0.19582446,0.05927142,0.03849744,0.00162287,0.08337655,0.01170786,163907,0.49202917,White
OH-29,187257,0.54822745,0.43492711,0.74741676,0.25258324,0.06954844,0.0620611,0.00115515,0.10330133,0.01657357,141973,0.11330034,White
OH-30,187357,0.52354511,0.45987312,0.71358628,0.28641372,0.15546092,0.0792539,0.00136584,0.03017462,0.02410888,142769,0.06367199,White
OH-31,187427,0.68480576,0.30005505,0.48515856,0.51484144,0.36317323,0.06635892,0.00115224,0.07039539,0.01918227,137992,0.38475071,Minority
OH-32,187821,0.74720861,0.23794544,0.43615877,0.56384123,0.43988123,0.06633004,0.00159227,0.04603225,0.02150275,139424,0.50926317,Black
OH-33,187804,0.68878589,0.29523798,0.47839463,0.52160537,0.42800796,0.05199543,0.00153115,0.02560611,0.02440659,141724,0.39354791,Minority
OH-34,187468,0.76748617,0.21655979,0.46806273,0.53193727,0.4350321,0.04568436,0.001163,0.03736229,0.01737538,143594,0.55092638,Minority
OH-35,187725,0.74301779,0.24189022,0.56946408,0.43053592,0.35228165,0.03631925,0.00162975,0.02718217,0.01566263,152784,0.50112757,White
OH-36,187426,0.49560981,0.48905768,0.82020843,0.17979157,0.0625569,0.0372596,0.00198905,0.06077097,0.01507193,142782,0.00655212999999999,White
OH-37,187378,0.31910693,0.66548531,0.86378044,0.13621956,0.07720877,0.01510412,0.00097157,0.02116781,0.01754338,145126,-0.34637838,White
OH-38,187515,0.55220209,0.43252871,0.60150639,0.39849361,0.25444036,0.06148187,0.00187073,0.06565073,0.01877036,142725,0.11967338,White
OH-39,187692,0.35575116,0.63037043,0.8148701,0.1851299,0.07226628,0.04605204,0.0018297,0.0425027,0.0210897,145379,-0.27461927,White
OH-40,187941,0.29727674,0.68690782,0.91364161,0.08635839,0.02066661,0.01930534,0.00081126,0.01501526,0.02462668,145452,-0.38963108,White
OH-41,187862,0.36674095,0.61706769,0.82176545,0.17823455,0.04391276,0.02808514,0.00135564,0.08446126,0.01606893,140893,-0.25032674,White
OH-42,187137,0.29813864,0.68833785,0.8648253,0.1351747,0.05736227,0.03319969,0.00134354,0.01869648,0.02278368,141417,-0.39019921,White
OH-43,187244,0.347189,0.63805718,0.83045049,0.16954951,0.10143982,0.01919986,0.00125709,0.02290244,0.02231855,145574,-0.29086818,White
OH-44,187669,0.45828199,0.52548482,0.8294763,0.1705237,0.06869122,0.03254079,0.00137639,0.04740443,0.01922221,148214,-0.06720283,White
OH-45,187185,0.70781996,0.27566402,0.47999206,0.52000794,0.44286526,0.04241889,0.00162939,0.01734136,0.02234591,146067,0.43215594,Minority
OH-46,187249,0.40844638,0.57348831,0.82070019,0.17929981,0.09939896,0.03137628,0.00173181,0.02207885,0.02384461,147245,-0.16504193,White
OH-47,187687,0.31255235,0.67001042,0.87190329,0.12809671,0.0557562,0.019723,0.00124725,0.02698721,0.02016159,145921,-0.35745807,White
OH-48,186933,0.39358518,0.58913404,0.8587193,0.1412807,0.0578435,0.05429312,0.00057938,0.00746455,0.01946306,148435,-0.19554886,White
OH-49,187417,0.29749519,0.68502736,0.9010888,0.0989112,0.02069278,0.04366189,0.00091191,0.01306154,0.01751138,145848,-0.38753217,White
OH-50,186887,0.26454658,0.718447,0.89596426,0.10403574,0.01250638,0.06516739,0.00084588,0.00548771,0.01817584,143047,-0.45390042,White
OH-51,186958,0.24865002,0.73586652,0.86826113,0.13173887,0.07728177,0.02423894,0.00128126,0.00909486,0.0166634,142828,-0.4872165,White
OH-52,187150,0.17700866,0.80963839,0.94434163,0.05565837,0.01260789,0.01419006,0.00305838,0.00786139,0.01464211,141578,-0.63262973,White
OH-53,187243,0.25673814,0.72762713,0.91314892,0.08685108,0.02923446,0.01610355,0.00101167,0.0144336,0.02094709,144316,-0.47088899,White
OH-54,186640,0.28455249,0.69694756,0.89362117,0.10637883,0.03925703,0.0190335,0.00066809,0.02500452,0.01778084,143694,-0.41239507,White
OH-55,186928,0.29150628,0.69390675,0.8767809,0.1232191,0.072203,0.017162,0.0010556,0.00859462,0.01938898,146836,-0.40240047,White
OH-56,186624,0.26794092,0.71766166,0.93882469,0.06117531,0.01601384,0.01588358,0.00101308,0.00831446,0.01599936,138193,-0.44972074,White
OH-57,186648,0.29021826,0.69585822,0.88769615,0.11230385,0.06330834,0.01416943,0.00070335,0.00771637,0.02227503,146442,-0.40563996,White
OH-58,186587,0.22879327,0.76058401,0.93673738,0.06326262,0.0218386,0.00848586,0.00065862,0.00422906,0.0234817,144240,-0.53179074,White
OH-59,186708,0.23875811,0.74943268,0.94387364,0.05612636,0.01752956,0.00747614,0.0005804,0.00451885,0.02150946,144727,-0.51067457,White
OH-60,186764,0.36144076,0.62382933,0.91559418,0.08440582,0.03279343,0.01328906,0.00081185,0.01290975,0.02140756,150274,-0.26238857,White
OH-61,186790,0.26329245,0.7223585,0.92416452,0.07583548,0.0364389,0.00932913,0.00055975,0.00562512,0.01979849,144708,-0.45906605,White
OH-62,186575,0.27995452,0.70672515,0.92741941,0.07258059,0.02286702,0.01938917,0.00057625,0.00542354,0.02062303,147505,-0.42677063,White
OH-63,186585,0.2725774,0.71253158,0.91664488,0.08335512,0.03649258,0.01357411,0.00073066,0.00563745,0.01931211,149181,-0.43995418,White
OK-1,189015,0.52430404,0.44845004,0.52069628,0.47930372,0.19800063,0.14239575,0.00346045,0.02183928,0.13471285,143045,0.075854,White
OK-2,189100,0.50862863,0.46244319,0.53786342,0.46213658,0.13953857,0.18344579,0.00235267,0.04578383,0.10858826,144942,0.04618544,White
OK-3,189130,0.30052806,0.67443686,0.70585115,0.29414885,0.05382885,0.06192086,0.00169762,0.04856621,0.13281084,141374,-0.3739088,White
OK-4,189105,0.2829294,0.69413976,0.68788086,0.31211914,0.05595294,0.0763245,0.00159583,0.04064426,0.14197954,141619,-0.41121036,White
OK-5,188067,0.22162934,0.7560439,0.69823835,0.30176165,0.02635506,0.04279298,0.00137389,0.01738639,0.21643373,143388,-0.53441456,White
OK-6,189207,0.23478401,0.74724229,0.59488013,0.40511987,0.01561054,0.03919431,0.00191961,0.01049615,0.3433153,145863,-0.51245828,White
OK-7,188882,0.27822542,0.70229647,0.62460466,0.37539534,0.08749254,0.04120444,0.00127606,0.00775242,0.24996398,145761,-0.42407105,White
OK-8,188146,0.17590825,0.80998907,0.68839812,0.31160188,0.04728565,0.04189087,0.00286013,0.00771473,0.21655275,144399,-0.63408082,White
OK-9,187901,0.19544627,0.78492177,0.75360892,0.24639108,0.02856199,0.05668802,0.00145552,0.00893705,0.15402519,142217,-0.5894755,White
OK-10,188351,0.19456624,0.78850034,0.71222697,0.28777303,0.04378808,0.08399243,0.00164283,0.01000256,0.15136244,144263,-0.5939341,White
OK-11,188577,0.31850339,0.65716753,0.59813507,0.40186493,0.14031523,0.13032254,0.00748756,0.03178734,0.11225079,143705,-0.33866414,White
OK-12,188543,0.17748761,0.80238382,0.72125455,0.27874545,0.04913124,0.14778585,0.00181809,0.01167856,0.07599621,140257,-0.62489621,White
OK-13,188101,0.20358911,0.77434432,0.75090288,0.24909712,0.03088692,0.0704667,0.01380918,0.01127551,0.12622134,142876,-0.57075521,White
OK-14,188549,0.26631672,0.7091342,0.7636696,0.2363304,0.0379518,0.04486501,0.00169964,0.02355885,0.13025151,148267,-0.44281748,White
OK-15,187990,0.28162493,0.69486884,0.70536511,0.29463489,0.05236204,0.07280518,0.00199275,0.03838489,0.13550028,143520,-0.41324391,White
OK-16,188510,0.27420428,0.69977424,0.7469116,0.2530884,0.04571274,0.07911568,0.00202243,0.04141964,0.08860723,136964,-0.42556996,White
OK-17,188070,0.47885289,0.49167524,0.69828608,0.30171392,0.06448317,0.08429951,0.00280658,0.05318874,0.09908854,146798,-0.01282235,White
OK-18,188448,0.36076641,0.61255336,0.71566632,0.28433368,0.09414619,0.05977581,0.00225873,0.05780379,0.07531416,143001,-0.25178695,White
OK-19,188141,0.51519844,0.45653691,0.62599425,0.37400575,0.12775884,0.11817392,0.00228594,0.05974868,0.07597754,149610,0.05866153,White
OK-20,188739,0.55091608,0.42338103,0.36824832,0.63175168,0.11706486,0.42309145,0.00322258,0.02603993,0.09043968,134985,0.12753505,Hispanic
OK-21,188781,0.5883943,0.38376815,0.46975195,0.53024805,0.34825923,0.08229749,0.00374016,0.03441923,0.08434832,143844,0.20462615,Minority
OR-1,184627,0.49086687,0.47454802,0.79402552,0.20597448,0.01158512,0.11487327,0.00642174,0.02970141,0.04072575,146222,0.01631885,White
OR-2,184379,0.63347912,0.32732534,0.58881085,0.41118915,0.03759304,0.19616312,0.01206276,0.14397736,0.03451794,143085,0.30615378,White
OR-3,183967,0.64910733,0.31601116,0.71338119,0.28661881,0.02803431,0.11519464,0.01251644,0.108772,0.02779643,142932,0.33309617,White
OR-4,183741,0.73857174,0.23003151,0.63473829,0.36526171,0.03166089,0.11899935,0.00863671,0.18468621,0.02435453,142068,0.50854023,White
OR-5,184146,0.87696387,0.09564251,0.76445679,0.23554321,0.04174442,0.0723785,0.00619377,0.08472264,0.02860668,161291,0.78132136,White
OR-6,184767,0.88663478,0.0876828,0.69078723,0.30921277,0.09963573,0.1033439,0.01009591,0.06864043,0.03546346,152636,0.79895198,White
OR-7,183674,0.82056965,0.14910874,0.68344076,0.31655924,0.05295782,0.09724168,0.00891415,0.12700001,0.03380173,149874,0.67146091,White
OR-8,183995,0.60878812,0.35964065,0.59048175,0.40951825,0.08561919,0.16071102,0.01505214,0.12245085,0.04043461,142106,0.24914747,White
OR-9,184396,0.60495687,0.36339823,0.73330388,0.26669612,0.03038293,0.10460092,0.00888297,0.09405455,0.03325419,144884,0.24155864,White
OR-10,183767,0.44185656,0.52499823,0.83661802,0.16338198,0.01260879,0.07423563,0.00539192,0.0299044,0.03582168,144661,-0.08314167,White
OR-11,183638,0.55395349,0.41587397,0.72050952,0.27949048,0.01331759,0.18641763,0.00586088,0.04543438,0.0363747,139740,0.13807952,White
OR-12,184382,0.46263237,0.50156478,0.77418275,0.22581725,0.01333259,0.12900257,0.00626185,0.02976124,0.04696391,143408,-0.03893241,White
OR-13,184435,0.56396242,0.39823694,0.64562154,0.35437846,0.0238295,0.23559353,0.01834843,0.04018029,0.04623719,140666,0.16572548,White
OR-14,183790,0.35273866,0.61476893,0.81231791,0.18768209,0.01126656,0.10233494,0.00589014,0.02110456,0.04299025,142102,-0.26203027,White
OR-15,184358,0.60741634,0.35532966,0.78966272,0.21033728,0.01424882,0.08410345,0.00641,0.05885669,0.04286445,152574,0.25208668,White
OR-16,183960,0.63827597,0.32817437,0.81129513,0.18870487,0.02078834,0.08056973,0.00592912,0.03504472,0.04444518,150950,0.3101016,White
OR-17,185013,0.58076949,0.38436555,0.7941118,0.2058882,0.02136644,0.08640052,0.00697409,0.04830156,0.04214951,150844,0.19640394,White
OR-18,184194,0.29528517,0.67594287,0.84108642,0.15891358,0.00901313,0.06075118,0.00431823,0.01835584,0.05789254,148672,-0.3806577,White
OR-19,184410,0.37355072,0.59916166,0.84810619,0.15189381,0.00911666,0.06060207,0.00455174,0.0186549,0.05337593,151810,-0.22561094,White
OR-20,184149,0.5101641,0.45897506,0.78286112,0.21713888,0.01474003,0.12060463,0.00744515,0.0275334,0.04227344,146404,0.05118904,White
OR-21,184772,0.54905217,0.42158795,0.85296629,0.14703371,0.00880129,0.07112174,0.00459374,0.02401892,0.03066562,147592,0.12746422,White
OR-22,184516,0.26521205,0.70914867,0.81871027,0.18128973,0.01082799,0.09808481,0.00605377,0.01408877,0.04572659,145364,-0.44393662,White
OR-23,184180,0.40990689,0.55905321,0.69210824,0.30789176,0.01129526,0.20957327,0.00507932,0.01788061,0.06716773,140767,-0.14914632,White
PA-1,186127,0.54726321,0.44306635,0.86290839,0.13709161,0.026481,0.03462018,0.00070805,0.05948953,0.00871911,148295,0.10419686,White
PA-2,185854,0.50263384,0.48800324,0.87389896,0.12610104,0.02219867,0.03892985,0.00080503,0.05140779,0.00817775,149063,0.0146306,White
PA-3,185312,0.53566768,0.4531617,0.7238114,0.2761886,0.09703759,0.08448418,0.00102574,0.07951851,0.01577328,147211,0.08250598,White
PA-4,185627,0.49437969,0.49825736,0.69181725,0.30818275,0.09921094,0.07559987,0.00127245,0.12185926,0.00912261,148532,-0.00387767,White
PA-5,186116,0.73757956,0.25464678,0.31109839,0.68890161,0.3272279,0.24987525,0.00245098,0.11088118,0.0161662,136272,0.48293278,Black
PA-6,185635,0.88041712,0.11454424,0.14217868,0.85782132,0.63557357,0.12864813,0.00165737,0.09568875,0.01357233,143601,0.76587288,Black
PA-7,186227,0.77205068,0.21968285,0.328576,0.671424,0.20463164,0.44667924,0.00319448,0.0473409,0.019857,140555,0.55236783,Hispanic
PA-8,185711,0.88875874,0.10365708,0.37066518,0.62933482,0.54572523,0.04809073,0.00170713,0.03433445,0.01521197,151131,0.78510166,Black
PA-9,185707,0.93881173,0.05545894,0.2983334,0.7016666,0.56528173,0.05846086,0.00249211,0.07853407,0.01292136,154086,0.88335279,Black
PA-10,185707,0.83294009,0.16016156,0.67078546,0.32921454,0.08952272,0.0789795,0.00128204,0.15044383,0.01075689,163802,0.67277853,White
PA-11,185832,0.82849058,0.16624106,0.33473332,0.66526668,0.4593145,0.05877278,0.00152483,0.14669788,0.01219863,149525,0.66224952,Black
PA-12,185360,0.88950751,0.10500047,0.3488729,0.6511271,0.56140596,0.03565822,0.00124186,0.05257687,0.01275352,143333,0.78450704,Black
PA-13,185733,0.66519824,0.32551257,0.67981182,0.32018818,0.13258975,0.09067642,0.00135774,0.08836827,0.01348232,147304,0.33968567,White
PA-14,186326,0.68947146,0.30087186,0.71626829,0.28373171,0.15885021,0.0445528,0.00068879,0.07007195,0.01009991,146635,0.3885996,White
PA-15,185858,0.59797878,0.39180225,0.74423408,0.25576592,0.06581092,0.04119134,0.00099256,0.13636333,0.00865139,149109,0.20617653,White
PA-16,185146,0.7205374,0.27131656,0.42490571,0.57509429,0.43725191,0.05047252,0.00132079,0.08182537,0.01368818,141582,0.44922084,Black
PA-17,185246,0.61793827,0.37282385,0.84411917,0.15588083,0.04183832,0.02587101,0.00085259,0.07565547,0.00596813,146612,0.24511442,White
PA-18,185116,0.57877342,0.41152511,0.68993887,0.31006113,0.2123027,0.04307671,0.0008911,0.0437813,0.01290367,144765,0.16724831,White
PA-19,185302,0.59476264,0.39508944,0.81277222,0.18722778,0.04865738,0.04366409,0.00068522,0.08194141,0.00866362,147398,0.1996732,White
PA-20,185195,0.57061568,0.4177054,0.72406323,0.27593677,0.10689699,0.12167016,0.00098345,0.03300979,0.01597041,140322,0.15291028,White
PA-21,185238,0.56386756,0.42414643,0.82703156,0.17296844,0.03484581,0.03834588,0.0009296,0.08126932,0.01009176,141997,0.13972113,White
PA-22,186396,0.52427303,0.4633104,0.81420761,0.18579239,0.08364226,0.0399745,0.00094237,0.04735409,0.01187663,144317,0.06096263,White
PA-23,185587,0.44534906,0.54121196,0.88341199,0.11658801,0.02626913,0.0431613,0.00092065,0.02989716,0.01168881,146636,-0.0958629,White
PA-24,186149,0.56979986,0.41844807,0.68292422,0.31707578,0.09943096,0.16556225,0.0014042,0.04675997,0.01414902,149551,0.15135179,White
PA-25,185150,0.62130279,0.36700585,0.49139451,0.50860549,0.12916632,0.37092464,0.00174908,0.0314835,0.01761677,142932,0.25429694,Minority
PA-26,185123,0.47004508,0.51854757,0.80731065,0.19268935,0.04786738,0.08597626,0.00105534,0.05067706,0.0114032,145924,-0.04850249,White
PA-27,186088,0.40615302,0.58018004,0.8762426,0.1237574,0.03655706,0.05405079,0.00105311,0.01994205,0.01223488,149082,-0.17402702,White
PA-28,186319,0.58370449,0.40163957,0.49255727,0.50744273,0.11243458,0.39663826,0.00293134,0.02101982,0.02480196,139868,0.18206492,Minority
PA-29,185392,0.3623846,0.62502455,0.89003924,0.10996076,0.02738974,0.05034622,0.0006295,0.01413685,0.01388238,149326,-0.26263995,White
PA-30,186317,0.51743335,0.47106646,0.66434845,0.33565155,0.15321762,0.14634359,0.00153876,0.03041237,0.01878095,148821,0.04636689,White
PA-31,185875,0.53746017,0.45310065,0.84755062,0.15244938,0.04226425,0.06205975,0.00102252,0.03507986,0.01185591,149630,0.08435952,White
PA-32,185541,0.50224292,0.4873857,0.81320141,0.18679859,0.0716217,0.0892267,0.00116833,0.01911381,0.01277814,149787,0.0148572200000001,White
PA-33,185371,0.3597595,0.63017599,0.81588266,0.18411734,0.03252054,0.13389192,0.00138414,0.0130015,0.01174502,148829,-0.27041649,White
PA-34,186410,0.29366248,0.69195056,0.90147058,0.09852942,0.03335621,0.04412402,0.00077294,0.00783598,0.01128754,150077,-0.39828808,White
PA-35,186326,0.37173872,0.61419425,0.81975146,0.18024854,0.03593424,0.10570631,0.00137468,0.03015369,0.01142362,145488,-0.24245553,White
PA-36,186329,0.6288896,0.35795874,0.53737703,0.46262297,0.26834087,0.11733201,0.0015971,0.07642001,0.01642538,145263,0.27093086,White
PA-37,185909,0.4821755,0.50245838,0.81023656,0.18976344,0.05782008,0.0447883,0.00144348,0.07201878,0.01275522,148253,-0.02028288,White
PA-38,185822,0.29702607,0.68865464,0.92560233,0.07439767,0.01901099,0.02207816,0.00081973,0.01472105,0.01371005,146389,-0.39162857,White
PA-39,186010,0.32290197,0.66215625,0.89337786,0.10662214,0.02525726,0.04794874,0.00115392,0.01350086,0.01614129,147324,-0.33925428,White
PA-40,185707,0.30224491,0.68299361,0.90304129,0.09695871,0.03158291,0.0316308,0.0007321,0.0126099,0.01672882,146155,-0.3807487,White
PA-41,185542,0.47430843,0.51016108,0.72239702,0.27760298,0.1202336,0.12657488,0.00114157,0.02597068,0.01559911,143662,-0.03585265,White
PA-42,185283,0.27084007,0.71492536,0.91784172,0.08215828,0.01676023,0.03867009,0.00082512,0.01456482,0.01023295,135738,-0.44408529,White
PA-43,185163,0.39474014,0.5900238,0.87636693,0.12363307,0.03121375,0.05838419,0.00072766,0.02283196,0.01064027,145673,-0.19528366,White
PA-44,185569,0.55698537,0.42786729,0.67862593,0.32137407,0.09589763,0.1821877,0.00148493,0.04772984,0.01407603,146135,0.12911808,White
PA-45,185528,0.2860217,0.70002627,0.92200412,0.07799588,0.01900757,0.02279838,0.00064183,0.00890541,0.01870002,149572,-0.41400457,White
PA-46,185765,0.28636708,0.69995534,0.91355109,0.08644891,0.03893238,0.01549467,0.00091105,0.00990687,0.01647321,148180,-0.41358826,White
PA-47,185282,0.32032436,0.66377245,0.91420362,0.08579638,0.02500585,0.03081292,0.00104247,0.01313776,0.0137325,149645,-0.34344809,White
PA-48,185917,0.50717441,0.47874582,0.81418316,0.18581684,0.0521779,0.03907605,0.00215495,0.07928058,0.01081302,156848,0.02842859,White
PA-49,186167,0.22232016,0.76626392,0.93413519,0.06586481,0.0244695,0.01818083,0.0006309,0.00663465,0.01182432,147408,-0.54394376,White
PA-50,185604,0.25114305,0.73625777,0.88980257,0.11019743,0.03530436,0.04663023,0.00084996,0.0106072,0.01667438,144713,-0.48511472,White
PA-51,186025,0.24679792,0.74320338,0.93160964,0.06839036,0.02800402,0.01184684,0.00072059,0.00781415,0.01299053,151264,-0.49640546,White
PA-52,185217,0.292106,0.69645658,0.91611376,0.08388624,0.04051377,0.0164475,0.00057174,0.00750575,0.01240543,150418,-0.40435058,White
PA-53,185729,0.2593375,0.72601191,0.9272262,0.0727738,0.02172342,0.01962864,0.00073583,0.00655614,0.01529324,150851,-0.46667441,White
PA-54,185458,0.24074879,0.74644456,0.95175545,0.04824455,0.01159777,0.00740054,0.00064469,0.00490907,0.01500927,148908,-0.50569577,White
PA-55,185987,0.55677141,0.42945567,0.80208504,0.19791496,0.10090156,0.04428147,0.00076265,0.03476875,0.01396606,146856,0.12731574,White
PA-56,185175,0.33966082,0.64679532,0.92912409,0.07087591,0.02431698,0.01269419,0.0006103,0.00638778,0.0162407,147469,-0.3071345,White
PA-57,186024,0.3560815,0.63193834,0.89700358,0.10299642,0.05709599,0.01285614,0.00078342,0.00748602,0.01508587,149345,-0.27585684,White
PA-58,186260,0.33530749,0.65206828,0.93071038,0.06928962,0.01557559,0.01567608,0.00066992,0.01782652,0.01183745,149272,-0.31676079,White
PA-59,185336,0.30834567,0.68010925,0.93376974,0.06623026,0.02366071,0.01259933,0.00053894,0.00912252,0.01202095,152151,-0.37176358,White
PA-60,185784,0.35784717,0.63078314,0.92934481,0.07065519,0.02344597,0.01251289,0.00056847,0.01589725,0.01087359,151284,-0.27293597,White
PA-61,185449,0.32539929,0.66593731,0.90994593,0.09005407,0.04682071,0.01124518,0.00123108,0.00526849,0.01617611,151087,-0.34053802,White
PA-62,186242,0.38145218,0.60759328,0.90718399,0.09281601,0.04145893,0.01635695,0.00087984,0.01316421,0.01279761,150028,-0.2261411,White
PA-63,185955,0.41368001,0.57325791,0.88040151,0.11959849,0.06760263,0.01820789,0.00087371,0.00937073,0.01629373,149935,-0.1595779,White
PA-64,186294,0.51952255,0.46766413,0.85727949,0.14272051,0.0510736,0.01912869,0.0008403,0.05567131,0.01002207,146377,0.05185842,White
PA-65,186173,0.47050965,0.51726708,0.90560974,0.09439026,0.04183122,0.01473005,0.00061624,0.01938827,0.01152959,150916,-0.04675743,White
PA-66,186329,0.55583207,0.43304793,0.7260311,0.2739689,0.21833413,0.01928206,0.00091096,0.02002799,0.0145094,151488,0.12278414,White
PA-67,186315,0.51831309,0.47034101,0.83472698,0.16527302,0.08188213,0.01726693,0.00070409,0.05155268,0.01032663,149129,0.04797208,White
PA-68,185564,0.54441022,0.44416622,0.85910632,0.14089368,0.04128637,0.0247544,0.00076394,0.05855548,0.01053436,149226,0.100244,White
PA-69,185540,0.69467069,0.29190548,0.72476876,0.27523124,0.18920147,0.03293327,0.00110738,0.03880941,0.01413986,156225,0.40276521,White
PA-70,185828,0.84400957,0.14747019,0.58252549,0.41747451,0.27574341,0.03263653,0.00105685,0.09701,0.01192101,158963,0.69653938,White
RI-1,183250,0.80527325,0.17644399,0.375265,0.624735,0.17485351,0.39212061,0.00325991,0.0756035,0.03091006,143869,0.62882926,Hispanic
RI-2,183575,0.6382727,0.34081939,0.84908458,0.15091542,0.05222297,0.047491,0.00189147,0.02621693,0.01554694,151734,0.29745331,White
RI-3,182726,0.61659877,0.3640846,0.5862441,0.4137559,0.13725573,0.21907462,0.00235541,0.03453431,0.0201268,141801,0.25251417,White
RI-4,182102,0.47521939,0.50647908,0.84212428,0.15787572,0.039576,0.06437625,0.00095694,0.03894696,0.01235328,149434,-0.03125969,White
RI-5,182502,0.57495651,0.40484002,0.76296356,0.23703644,0.06142166,0.11602761,0.00172066,0.0487008,0.01782259,149361,0.17011649,White
RI-6,183224,0.55676599,0.4213995,0.90281713,0.09718287,0.01806533,0.0287526,0.00108986,0.02708148,0.01637438,151395,0.13536649,White
SC-1,182302,0.43349525,0.55395825,0.73801449,0.26198551,0.12574794,0.10436575,0.00131624,0.01764165,0.01507632,148909,-0.120463,White
SC-2,183229,0.54561825,0.4353343,0.69957916,0.30042084,0.21740147,0.04157649,0.00163661,0.02277889,0.01543754,149700,0.11028395,White
SC-3,182827,0.66419464,0.31573506,0.48229483,0.51770517,0.36712755,0.10284762,0.00281134,0.03301058,0.02057231,143348,0.34845958,Minority
SC-4,182234,0.40805994,0.57416344,0.66011556,0.33988444,0.24341167,0.04913332,0.00196677,0.02040258,0.02746279,138806,-0.1661035,White
SC-5,183102,0.41766503,0.5642431,0.6439238,0.3560762,0.21443587,0.07710152,0.00258068,0.03562212,0.02392931,137948,-0.14657807,White
SC-6,182277,0.48358256,0.50235453,0.7052544,0.2947456,0.23647581,0.02848329,0.00093581,0.01682379,0.01121586,144260,-0.01877197,White
SC-7,182381,0.33125499,0.65896826,0.82855155,0.17144845,0.06956236,0.05843135,0.00181008,0.01878358,0.0191443,155242,-0.32771327,White
SC-8,182338,0.32432989,0.6660301,0.75921981,0.24078019,0.15498268,0.04800632,0.00117055,0.01474762,0.02092025,146939,-0.34170021,White
SC-9,183052,0.59631909,0.39521038,0.40291353,0.59708647,0.53627403,0.03881249,0.00122951,0.00971176,0.01574879,144773,0.20110871,Black
SC-10,182292,0.58939486,0.39991493,0.44239282,0.55760718,0.49520496,0.03253755,0.0017749,0.01777008,0.01711764,142543,0.18947993,Black
SC-11,183314,0.53947681,0.45099881,0.45832074,0.54167926,0.49101477,0.02334685,0.00096986,0.00695064,0.02413398,142289,0.088478,Black
SC-12,182730,0.4485048,0.54032373,0.58353606,0.41646394,0.35838716,0.02885664,0.00076196,0.01518329,0.01607108,143052,-0.09181893,White
SC-13,183457,0.59116215,0.39325703,0.57163883,0.42836117,0.31348132,0.06365936,0.00223818,0.03950733,0.01707802,147441,0.19790512,White
SC-14,183073,0.65684164,0.32755867,0.42343998,0.57656002,0.49406455,0.0474487,0.00196335,0.02664841,0.01577664,143123,0.32928297,Black
SC-15,183079,0.61448169,0.37224013,0.4608454,0.5391546,0.45679065,0.04872793,0.00198484,0.02085504,0.01886311,141069,0.24224156,Minority
SC-16,183159,0.3877014,0.59776923,0.71592035,0.28407965,0.16197372,0.05886863,0.00095474,0.0401354,0.02270409,138257,-0.21006783,White
SC-17,183327,0.32007969,0.66619789,0.76115471,0.23884529,0.15365612,0.04349782,0.00074972,0.01782896,0.0223701,140053,-0.3461182,White
SC-18,182261,0.40267557,0.57900209,0.6920507,0.3079493,0.18685497,0.06629262,0.00151794,0.03193338,0.0256985,140981,-0.17632652,White
SC-19,182960,0.28857388,0.69746564,0.75205899,0.24794101,0.15099031,0.06363636,0.00106156,0.01348675,0.02098889,140360,-0.40889176,White
SC-20,182582,0.38224412,0.60266532,0.65478389,0.34521611,0.25433846,0.0550979,0.00155624,0.01477393,0.02299089,144579,-0.2204212,White
SC-21,183441,0.34326116,0.64551035,0.67077044,0.32922956,0.26100857,0.04201355,0.00092733,0.00863662,0.01785455,144501,-0.30224919,White
SC-22,182907,0.29494349,0.69055299,0.75901102,0.24098898,0.16127915,0.04142451,0.00121608,0.01593631,0.02055318,141438,-0.3956095,White
SC-23,182534,0.24274022,0.74139571,0.84469948,0.15530052,0.06656885,0.03917352,0.00085087,0.02196182,0.02474893,149259,-0.49865549,White
SC-24,182397,0.28335213,0.69735872,0.78737066,0.21262934,0.09283337,0.07589835,0.00131338,0.02019416,0.02174381,143903,-0.41400659,White
SC-25,182785,0.5471871,0.4324365,0.55125132,0.44874868,0.28554811,0.12642228,0.00183292,0.02195982,0.02100106,141850,0.1147506,White
SC-26,182464,0.36300332,0.6180785,0.73961131,0.26038869,0.12478738,0.07039195,0.00125222,0.04503637,0.01745865,138155,-0.25507518,White
SC-27,183262,0.26727036,0.71860922,0.76948766,0.23051234,0.12223491,0.06436421,0.00102041,0.0219138,0.02187099,140140,-0.45133886,White
SC-28,182659,0.4596804,0.52550025,0.58359356,0.41640644,0.29712029,0.07288296,0.00136355,0.03147476,0.0185528,141542,-0.06581985,White
SD-1,177489,0.45679012,0.51485873,0.81394619,0.18605381,0.05987294,0.05301943,0.00134529,0.02993274,0.04078475,133800,-0.05806861,White
SD-2,177483,0.34983457,0.62560053,0.90998129,0.09001871,0.01503833,0.02754135,0.00101865,0.01499306,0.02729989,132528,-0.27576596,White
SD-3,177578,0.33869772,0.63732925,0.87440953,0.12559047,0.01203551,0.03937679,0.00146829,0.0243973,0.04866853,134851,-0.29863153,White
SD-4,177128,0.31661181,0.66318077,0.71881683,0.28118317,0.00747694,0.02113246,0.00173367,0.00625496,0.24782336,130936,-0.34656896,White
SD-5,176989,0.32163916,0.6449725,0.83522678,0.16477322,0.01713577,0.03670701,0.0021365,0.01680764,0.09137378,137140,-0.32333334,White
TN-1,186793,0.21527556,0.76949683,0.92133476,0.07866524,0.02493604,0.01701743,0.0006923,0.00905926,0.02297782,151668,-0.55422127,White
TN-2,186239,0.28155909,0.70087187,0.87952357,0.12047643,0.04046744,0.03579176,0.00089281,0.01517777,0.02478705,151208,-0.41931278,White
TN-3,186555,0.17532585,0.80874952,0.92635,0.07365,0.02004441,0.01971669,0.00076914,0.00641394,0.02325473,149518,-0.63342367,White
TN-4,186798,0.20220057,0.78245971,0.86610472,0.13389528,0.02675729,0.06794432,0.00211582,0.01060631,0.02664163,146988,-0.58025914,White
TN-5,186713,0.25206512,0.72760227,0.88720073,0.11279927,0.02580801,0.04143784,0.00079223,0.01345454,0.02784231,148946,-0.47553715,White
TN-6,186945,0.5808242,0.39492713,0.71828946,0.28171054,0.16233899,0.06430635,0.00148754,0.02929658,0.02807891,151929,0.18589707,White
TN-7,186284,0.37897007,0.60170747,0.84417223,0.15582777,0.04204721,0.04361588,0.00140831,0.04299538,0.02113864,143434,-0.2227374,White
TN-8,186641,0.28816404,0.69473302,0.88780415,0.11219585,0.03902346,0.02798948,0.00104017,0.01310073,0.02765635,147091,-0.40656898,White
TN-9,186480,0.21034576,0.76990611,0.89549876,0.10450124,0.02196284,0.04261756,0.00062387,0.00835178,0.02734957,149070,-0.55956035,White
TN-10,186293,0.20072015,0.78511357,0.86129874,0.13870126,0.04495232,0.04652685,0.00133596,0.01148516,0.03440097,146711,-0.58439342,White
TN-11,186689,0.30698982,0.6747561,0.8332936,0.1667064,0.06776556,0.03931478,0.00128052,0.03111399,0.02518135,146815,-0.36776628,White
TN-12,187294,0.58762539,0.39061348,0.60094376,0.39905624,0.27787263,0.07797481,0.00105535,0.02255892,0.02445451,148766,0.19701191,White
TN-13,186935,0.46977536,0.50078664,0.58373209,0.41626791,0.25153175,0.09918233,0.00775645,0.04180522,0.02759734,135629,-0.03101128,White
TN-14,186590,0.62290904,0.34745841,0.56154971,0.43845029,0.31452771,0.08757441,0.00143542,0.01527943,0.0241845,146995,0.27545063,White
TN-15,187345,0.67349525,0.30059203,0.69880107,0.30119893,0.18447917,0.04919235,0.00126038,0.05232135,0.01442223,159476,0.37290322,White
TN-16,187081,0.57216108,0.39761131,0.61147438,0.38852562,0.14358704,0.15425707,0.00155946,0.07517578,0.02222921,146204,0.17454977,White
TN-17,187019,0.60985687,0.35521414,0.5218867,0.4781133,0.27389677,0.15132169,0.00162859,0.03631474,0.02397717,146139,0.25464273,White
TN-18,186358,0.36610394,0.61661078,0.83284479,0.16715521,0.04603768,0.05370575,0.00112572,0.04675404,0.01658614,136801,-0.25050684,White
TN-19,186579,0.35270091,0.62913099,0.77633476,0.22366524,0.0960107,0.04927303,0.0012492,0.05576293,0.01942537,135287,-0.27643008,White
TN-20,186304,0.51531908,0.46081837,0.57081573,0.42918427,0.22411932,0.13915045,0.00192331,0.0463954,0.02408071,139863,0.0545007100000001,White
TN-21,186629,0.30036618,0.67703138,0.82840836,0.17159164,0.07420883,0.04575683,0.00118227,0.02484184,0.02278693,142099,-0.3766652,White
TN-22,187092,0.30404222,0.67976645,0.81079926,0.18920074,0.08579716,0.05638539,0.00147129,0.01964521,0.0241992,142732,-0.37572423,White
TN-23,186631,0.1696476,0.81936724,0.93718438,0.06281562,0.01248409,0.01718572,0.00084388,0.00539147,0.02283169,149310,-0.64971964,White
TN-24,187367,0.21671866,0.76974274,0.89569139,0.10430861,0.03259559,0.03518265,0.00096168,0.01021956,0.02509177,147658,-0.55302408,White
TN-25,186733,0.20032441,0.78612515,0.8973876,0.1026124,0.02250062,0.04226143,0.00098633,0.00725362,0.02665142,145996,-0.58580074,White
TN-26,186970,0.23494064,0.74532013,0.86828857,0.13171143,0.06048521,0.02955304,0.00094434,0.01008879,0.02767115,147193,-0.51037949,White
TN-27,187061,0.27931945,0.70483386,0.79031863,0.20968137,0.0984848,0.07530573,0.00111875,0.01055119,0.02388527,143017,-0.42551441,White
TN-28,186178,0.16670401,0.8188211,0.90343532,0.09656468,0.04655883,0.01921661,0.00075683,0.00546294,0.02135638,145343,-0.65211709,White
TN-29,186440,0.24613231,0.73609964,0.85091748,0.14908252,0.05900022,0.05103456,0.00129625,0.00977762,0.02647553,143491,-0.48996733,White
TN-30,186864,0.21891529,0.76593226,0.86411695,0.13588305,0.07812331,0.02362714,0.0013351,0.00708679,0.02283822,148304,-0.54701697,White
TN-31,187254,0.25493489,0.73248192,0.74782169,0.25217831,0.19223808,0.0276059,0.00133294,0.00776613,0.02200755,142542,-0.47754703,White
TN-32,187055,0.39449368,0.59204221,0.59721332,0.40278668,0.34295272,0.03168394,0.00102511,0.01141108,0.01692103,148277,-0.19754853,White
TN-33,186660,0.6216716,0.36275319,0.35538859,0.64461141,0.55740265,0.04918385,0.0011603,0.02497511,0.0167599,139619,0.25891841,Black
TN-34,186777,0.64068523,0.34287139,0.39949442,0.60050558,0.47251765,0.09033456,0.00106843,0.02519535,0.01723452,143201,0.29781384,Black
TN-35,186920,0.59737294,0.38783879,0.41698411,0.58301589,0.44313003,0.07741962,0.00119821,0.0504218,0.01565985,144382,0.20953415,Black
TN-36,187416,0.73865817,0.24472198,0.32106309,0.67893691,0.54603631,0.10136869,0.00118403,0.0246321,0.01504003,141888,0.49393619,Black
TN-37,186858,0.6252405,0.35988818,0.36070356,0.63929644,0.54861126,0.0311819,0.00101503,0.05107075,0.01079619,140883,0.26535232,Black
TX-1,186106,0.61370071,0.36956017,0.19791983,0.80208017,0.06088617,0.70715619,0.00391297,0.03299628,0.02692068,138258,0.24414054,Hispanic
TX-2,185240,0.67496712,0.30892726,0.17129461,0.82870539,0.04626801,0.75388027,0.00378931,0.02694391,0.02592107,145673,0.36603986,Hispanic
TX-3,185289,0.68158852,0.30375403,0.09770865,0.90229135,0.04556436,0.83846523,0.0035113,0.01955974,0.02284595,133284,0.37783449,Hispanic
TX-4,185498,0.7195908,0.26622198,0.06089545,0.93910455,0.01693421,0.91440501,0.00139649,0.0075749,0.02569401,141784,0.45336882,Hispanic
TX-5,186209,0.52013154,0.46348529,0.16793012,0.83206988,0.02587068,0.78942542,0.00260334,0.0135418,0.02097462,135211,0.05664625,Hispanic
TX-6,186205,0.44372084,0.53717046,0.43853263,0.56146737,0.13181743,0.36745041,0.00165773,0.04587777,0.0293626,144776,-0.09344962,Minority
TX-7,186012,0.63840725,0.35038478,0.28938784,0.71061216,0.43892181,0.21971101,0.00103564,0.0453146,0.01820475,141941,0.28802247,Black
TX-8,185462,0.1866858,0.80168586,0.75777864,0.24222136,0.09917192,0.09702949,0.00081751,0.0209803,0.02381338,141895,-0.61500006,White
TX-9,185860,0.62139846,0.36731363,0.03445506,0.96554494,0.00501633,0.95425441,0.00041676,0.00636513,0.01182854,131969,0.25408483,Hispanic
TX-10,185604,0.54750895,0.44342354,0.07879792,0.92120208,0.0142355,0.89398962,0.00096694,0.00801179,0.01603892,130308,0.10408541,Hispanic
TX-11,185424,0.50145019,0.48964862,0.11998259,0.88001741,0.01535931,0.84526348,0.00087051,0.01021741,0.01329369,135553,0.01180157,Hispanic
TX-12,185576,0.58249032,0.40171276,0.24250926,0.75749074,0.05726658,0.67365153,0.00190053,0.01909582,0.02258361,143644,0.18077756,Hispanic
TX-13,185336,0.61656517,0.35905654,0.30603255,0.69396745,0.37966478,0.24068565,0.02218553,0.06398503,0.03306527,131437,0.25750863,Black
TX-14,185311,0.32567548,0.65436498,0.61040604,0.38959396,0.12490229,0.20991857,0.00526555,0.03184202,0.03289371,140726,-0.3286895,White
TX-15,184987,0.47181645,0.50915804,0.49878197,0.50121803,0.18516914,0.26734895,0.0019247,0.03266312,0.02776969,140801,-0.03734159,Minority
TX-16,185675,0.61650326,0.37178488,0.05426902,0.94573098,0.00515624,0.93178949,0.00071824,0.00840724,0.01357859,132267,0.24471838,Hispanic
TX-17,186053,0.52419737,0.46572039,0.13894395,0.86105605,0.00854508,0.83870217,0.00079594,0.0108503,0.01655704,133176,0.05847698,Hispanic
TX-18,185641,0.57994658,0.41040718,0.09909538,0.90090462,0.00573235,0.88761078,0.00077299,0.00615328,0.01470206,130662,0.1695394,Hispanic
TX-19,185129,0.6008074,0.38745717,0.06627565,0.93372435,0.00335832,0.9248713,0.00029169,0.00380768,0.01300759,126849,0.21335023,Hispanic
TX-20,185343,0.57643005,0.4145417,0.06391801,0.93608199,0.01470036,0.90017212,0.0003677,0.02038805,0.01556095,127820,0.16188835,Hispanic
TX-21,185554,0.57049757,0.42000146,0.08462572,0.91537428,0.00864794,0.88190506,0.00050219,0.02298239,0.0171334,135408,0.15049611,Hispanic
TX-22,185054,0.48895779,0.48239309,0.51250588,0.48749412,0.12273369,0.26779786,0.00202271,0.08515557,0.02216921,148810,0.00656469999999998,White
TX-23,184966,0.54753856,0.44337236,0.07963571,0.92036429,0.00529237,0.90482333,0.00045341,0.00961538,0.01438399,127920,0.1041662,Hispanic
TX-24,186236,0.54232467,0.43665332,0.55797682,0.44202318,0.14187056,0.22318933,0.00255754,0.05333909,0.03318536,143497,0.10567135,White
TX-25,185094,0.56611577,0.41744216,0.22620606,0.77379394,0.08343857,0.65575587,0.00390465,0.03192668,0.03100475,129077,0.14867361,Hispanic
TX-26,185255,0.60200393,0.38148907,0.2698782,0.7301218,0.11001466,0.56148252,0.00533427,0.05725551,0.02938712,133664,0.22051486,Hispanic
TX-27,185577,0.72532349,0.26141749,0.13403448,0.86596552,0.13395453,0.71982934,0.00236946,0.01402779,0.03121729,137584,0.463906,Hispanic
TX-28,186289,0.72470455,0.26029991,0.09983475,0.90016525,0.04343916,0.84587544,0.00206192,0.01237881,0.025306,136766,0.46440464,Hispanic
TX-29,185850,0.74165215,0.24411846,0.10611492,0.89388508,0.03773276,0.84590498,0.00171027,0.01021172,0.03009357,140329,0.49753369,Hispanic
TX-30,186138,0.60572714,0.37682906,0.30260389,0.69739611,0.0871985,0.5238216,0.00365326,0.08113258,0.03139201,145897,0.22889808,Hispanic
TX-31,185250,0.47688743,0.50836421,0.5059151,0.4940849,0.066496,0.34926968,0.00408058,0.06754928,0.02643657,143362,-0.03147678,White
TX-32,185319,0.60684463,0.37657049,0.32721923,0.67278077,0.07183403,0.53122033,0.00286851,0.06548425,0.02919688,148509,0.23027414,Hispanic
TX-33,185630,0.55894734,0.42389404,0.45962737,0.54037263,0.09305556,0.39810976,0.00384824,0.03957995,0.02869241,147600,0.1350533,Minority
TX-34,185954,0.58432048,0.39799848,0.30265984,0.69734016,0.2183939,0.42651395,0.00664778,0.04970183,0.03221226,137339,0.186322,Hispanic
TX-35,186147,0.88961749,0.10016163,0.09603579,0.90396421,0.56957224,0.25951,0.00128312,0.07900072,0.01961549,141062,0.78945586,Black
TX-36,185736,0.87600669,0.11269817,0.148801,0.851199,0.50613675,0.29113445,0.00237639,0.05524425,0.01763387,148124,0.76330852,Black
TX-37,185720,0.79494762,0.19372265,0.11903076,0.88096924,0.51052267,0.26286759,0.00162965,0.11064655,0.01868566,135612,0.60122497,Black
TX-38,185092,0.64145607,0.34577863,0.09290296,0.90709704,0.0381571,0.8515931,0.00091417,0.01617998,0.03000394,134549,0.29567744,Hispanic
TX-39,185674,0.63880774,0.34956573,0.12225346,0.87774654,0.17115338,0.63611737,0.00150495,0.07352974,0.02577505,136217,0.28924201,Hispanic
TX-40,185756,0.66383898,0.32567922,0.11177312,0.88822688,0.20181279,0.66822473,0.00124543,0.01951167,0.03022079,130076,0.33815976,Hispanic
TX-41,185928,0.61214785,0.37495095,0.24753542,0.75246458,0.33710853,0.36238097,0.00667156,0.04474452,0.02534122,130854,0.2371969,Hispanic
TX-42,186165,0.64471926,0.34233616,0.20047141,0.79952859,0.37046601,0.3802321,0.00371577,0.04478441,0.0313626,133216,0.3023831,Hispanic
TX-43,186268,0.76919299,0.2208078,0.07005815,0.92994185,0.37519415,0.4772538,0.00173326,0.08015007,0.02755205,133275,0.54838519,Hispanic
TX-44,186139,0.68830218,0.30066426,0.07436314,0.92563686,0.103141,0.81089927,0.00139617,0.01237478,0.03496525,131073,0.38763792,Hispanic
TX-45,186324,0.73328702,0.25525036,0.12211145,0.87788855,0.22515438,0.58307418,0.00188974,0.07197381,0.03482628,134410,0.47803666,Hispanic
TX-46,185617,0.64689886,0.34282502,0.07811359,0.92188641,0.22281073,0.51916878,0.0015934,0.18120523,0.02577475,135559,0.30407384,Hispanic
TX-47,185604,0.63901621,0.34592135,0.24547514,0.75452486,0.15786862,0.54304821,0.00145975,0.04856722,0.03135225,139065,0.29309486,Hispanic
TX-48,185394,0.5341353,0.4519249,0.2674844,0.7325156,0.10616926,0.5120119,0.0016911,0.10936275,0.03605748,137780,0.0822104,Hispanic
TX-49,185244,0.66133644,0.32389675,0.59220927,0.40779073,0.08640676,0.15100261,0.00215102,0.15527849,0.01602474,152951,0.33743969,White
TX-50,185882,0.60955459,0.37309102,0.53221371,0.46778629,0.12060475,0.22366688,0.00160525,0.11209885,0.020088,156362,0.23646357,White
TX-51,185715,0.46432333,0.52272187,0.54484584,0.45515416,0.14444644,0.17265993,0.001382,0.12800066,0.01654252,144718,-0.0583985400000001,White
TX-52,185871,0.59559284,0.38975508,0.23803638,0.76196362,0.22309223,0.44143669,0.00188403,0.09481212,0.02985817,132694,0.20583776,Hispanic
TX-53,185236,0.33586605,0.65293522,0.35430064,0.64569936,0.02069218,0.60333888,0.00159336,0.00909365,0.02283819,139328,-0.31706917,Hispanic
TX-54,185293,0.35166107,0.63530327,0.59366398,0.40633602,0.04204024,0.28970849,0.00302713,0.05542029,0.0273453,138415,-0.2836422,White
TX-55,185651,0.35612484,0.62692744,0.5966765,0.4033235,0.07930366,0.2717588,0.00393347,0.03267918,0.02927302,140334,-0.2708026,White
TX-56,185637,0.29305041,0.69333624,0.54036481,0.45963519,0.04098658,0.38766708,0.00215307,0.011412,0.0276631,140729,-0.40028583,White
TX-57,184982,0.5956743,0.38328004,0.38649611,0.61350389,0.07037709,0.48837094,0.01887595,0.04303462,0.02983138,141026,0.21239426,Hispanic
TX-58,185429,0.65635411,0.32175939,0.62313198,0.37686802,0.04553644,0.24524238,0.00242971,0.06541592,0.02807286,144873,0.33459472,White
TX-59,185420,0.4482781,0.53435468,0.75393774,0.24606226,0.0228805,0.12503945,0.00210156,0.06958829,0.02545546,139420,-0.08607658,White
TX-60,185806,0.79615627,0.18060807,0.32568261,0.67431739,0.09563402,0.52792719,0.0021693,0.04305755,0.03518785,146130,0.6155482,Hispanic
TX-61,185973,0.70883832,0.26940595,0.71141177,0.28858823,0.03190689,0.15188648,0.00214588,0.08356504,0.02102701,152851,0.43943237,White
TX-62,185494,0.7660082,0.21211331,0.25297749,0.74702251,0.15441627,0.52734862,0.00205013,0.06172521,0.0360838,135601,0.55389489,Hispanic
TX-63,185868,0.85836358,0.12110272,0.55544254,0.44455746,0.09620589,0.22563774,0.00212214,0.10928406,0.02136583,159273,0.73726086,White
TX-64,186231,0.68546009,0.2913215,0.40642468,0.59357532,0.15975107,0.29973389,0.00310463,0.12339665,0.02871605,142046,0.39413859,Minority
TX-65,185005,0.67892378,0.29750742,0.55615763,0.44384237,0.0678661,0.16641954,0.00248041,0.19241939,0.02266531,146347,0.38141636,White
TX-66,186099,0.51191548,0.46356475,0.61461217,0.38538783,0.05738465,0.18114814,0.00272369,0.12427979,0.02697505,133642,0.04835073,White
TX-67,185949,0.5534185,0.42175002,0.48441051,0.51558949,0.12559735,0.30111749,0.00355499,0.0723527,0.02994784,137272,0.13166848,Minority
TX-68,185410,0.32795102,0.65492375,0.70485172,0.29514828,0.05956335,0.18992577,0.00235248,0.0227102,0.0268323,142403,-0.32697273,White
TX-69,185070,0.39336242,0.59216927,0.37859975,0.62140025,0.02891378,0.54999855,0.00187404,0.02860988,0.02282134,138204,-0.19880685,Hispanic
TX-70,185224,0.28980017,0.69782238,0.44099936,0.55900064,0.07293505,0.45690838,0.00097331,0.01846483,0.01946615,142812,-0.40802221,Hispanic
TX-71,185278,0.56199367,0.42433967,0.30977486,0.69022514,0.18075568,0.13999754,0.00165001,0.36312518,0.01369219,138181,0.137654,Asian
TX-72,186029,0.61838251,0.3677434,0.20705858,0.79294142,0.22174457,0.21835494,0.00138931,0.35006328,0.01527517,137478,0.25063911,Asian
TX-73,185380,0.54386866,0.44302134,0.27977883,0.72022117,0.24577248,0.26132888,0.00170461,0.20906597,0.01943834,139621,0.10084732,Minority
TX-74,185035,0.41840466,0.56644325,0.47079797,0.52920203,0.11809109,0.24879537,0.00152164,0.14899378,0.02026614,134066,-0.14803859,Minority
TX-75,185473,0.40731962,0.57753101,0.42888949,0.57111051,0.13329972,0.30534114,0.00140413,0.11883946,0.0195648,128905,-0.17021139,Minority
TX-76,186078,0.6718891,0.31587633,0.20263874,0.79736126,0.21128503,0.56134381,0.00160861,0.01620986,0.04020757,129304,0.35601277,Hispanic
TX-77,186077,0.73140346,0.25253323,0.18704709,0.81295291,0.22962577,0.56163976,0.00135407,0.01594375,0.03445428,134410,0.47887023,Hispanic
TX-78,185578,0.6031261,0.38159596,0.26247622,0.73752378,0.16033512,0.50348957,0.00159121,0.06247178,0.03419999,135117,0.22153014,Hispanic
TX-79,185098,0.49223877,0.49358276,0.44899079,0.55100921,0.17504044,0.20033758,0.00174415,0.15671988,0.02725227,142190,-0.00134399000000002,Minority
TX-80,186143,0.90263938,0.08666794,0.06711094,0.93288906,0.62241802,0.30467906,0.00114796,0.00655232,0.02032784,134151,0.81597144,Black
TX-81,186006,0.86255447,0.12655229,0.09818277,0.90181723,0.62794011,0.25910987,0.00120564,0.01291129,0.02178186,136857,0.73600218,Black
TX-82,186146,0.66722226,0.32070611,0.25843351,0.74156649,0.35608311,0.27526736,0.0017394,0.1015264,0.02687962,135679,0.34651615,Black
TX-83,185601,0.78745714,0.19829141,0.1457796,0.8542204,0.14956419,0.67772574,0.00127858,0.02184539,0.03485033,136871,0.58916573,Hispanic
TX-84,186270,0.59197317,0.39331447,0.22749758,0.77250242,0.11733868,0.59391013,0.00214432,0.0504211,0.03745905,135241,0.1986587,Hispanic
TX-85,185458,0.65758813,0.32705009,0.27541639,0.72458361,0.10012974,0.54771205,0.00184438,0.06673446,0.03350749,142595,0.33053804,Hispanic
TX-86,185929,0.58125229,0.40386023,0.60914924,0.39085076,0.12610141,0.16575519,0.00170862,0.08361654,0.02169453,160363,0.17739206,White
TX-87,185790,0.57883346,0.40553513,0.65195406,0.34804594,0.12398798,0.15913083,0.00139281,0.04623048,0.02295743,145748,0.17329833,White
TX-88,185946,0.6231259,0.36050682,0.35399546,0.64600454,0.23884098,0.27542678,0.00179438,0.12159888,0.02268459,143225,0.26261908,Minority
TX-89,185338,0.564084,0.41793386,0.54047995,0.45952005,0.15636039,0.16704902,0.0017923,0.11946505,0.02272638,153434,0.14615014,White
TX-90,186182,0.59680897,0.38799423,0.32990213,0.67009787,0.15193269,0.16328241,0.00203478,0.3429698,0.0191368,142030,0.20881474,Asian
TX-91,185074,0.54548497,0.43507258,0.50761613,0.49238387,0.10647457,0.18063474,0.00189802,0.18614998,0.02488051,145415,0.11041239,White
TX-92,185618,0.56059055,0.42215519,0.43328378,0.56671622,0.24859128,0.18179555,0.01111764,0.11376223,0.02594116,144635,0.13843536,Minority
TX-93,185753,0.63396613,0.35224662,0.25394793,0.74605207,0.27866508,0.35715944,0.0026357,0.10343614,0.03033298,133551,0.28171951,Hispanic
TX-94,185823,0.66449511,0.32060014,0.19612173,0.80387827,0.16020541,0.60706075,0.00162603,0.02809626,0.02669712,132224,0.34389497,Hispanic
TX-95,186212,0.70833638,0.27778795,0.25905522,0.74094478,0.34322359,0.33639873,0.00211831,0.05348545,0.02495698,138318,0.43054843,Black
TX-96,185536,0.51410093,0.46790798,0.56478553,0.43521447,0.12752268,0.24999496,0.00227671,0.03822725,0.02626613,148899,0.04619295,White
TX-97,186303,0.6176275,0.36632647,0.34621468,0.65378532,0.26501604,0.32883694,0.00179416,0.04959943,0.0264584,136554,0.25130103,Minority
TX-98,185651,0.40442515,0.58023595,0.63701969,0.36298031,0.12905668,0.15916118,0.00225695,0.04930629,0.03114454,141341,-0.1758108,White
TX-99,185376,0.55430236,0.42945572,0.40698955,0.59301045,0.15976804,0.25823032,0.00229292,0.15904581,0.02960459,142613,0.12484664,Minority
TX-100,185279,0.47088956,0.51527356,0.53696777,0.46303223,0.12929273,0.15237493,0.00201285,0.16034149,0.02511048,129667,-0.044384,White
TX-101,185993,0.52505415,0.46012555,0.49465461,0.50534539,0.09098341,0.09178697,0.00212418,0.30564445,0.01628073,143114,0.0649286,Minority
TX-102,184986,0.5134449,0.47018289,0.46627273,0.53372727,0.12530975,0.11885174,0.00230262,0.26996302,0.02032709,131155,0.04326201,Minority
TX-103,185541,0.48917346,0.49121154,0.51811025,0.48188975,0.12419938,0.16451192,0.00182363,0.17322233,0.02547147,134896,-0.00203808,White
TX-104,185942,0.35568469,0.62873065,0.72856748,0.27143252,0.04530304,0.1100882,0.00168112,0.08784059,0.02819341,137408,-0.27304596,White
TX-105,185915,0.35215592,0.63266002,0.73982257,0.26017743,0.03925353,0.10799138,0.00212773,0.08588697,0.02491076,141465,-0.2805041,White
TX-106,186013,0.40624273,0.5757141,0.58331578,0.41668422,0.09459308,0.2215013,0.00465557,0.07304965,0.0327786,142410,-0.16947137,White
TX-107,185954,0.34171761,0.64130422,0.6525965,0.3474035,0.07675032,0.1979715,0.00232599,0.04629373,0.03163053,137146,-0.29958661,White
TX-108,186183,0.23217097,0.75472906,0.69615987,0.30384013,0.04595022,0.20517021,0.00518898,0.01498235,0.03617127,138563,-0.52255809,White
TX-109,186199,0.32177171,0.66190102,0.59134369,0.40865631,0.13102518,0.23920344,0.00202367,0.01160676,0.03031103,136386,-0.34012931,White
TX-110,186234,0.40160581,0.58072321,0.59641691,0.40358309,0.10646777,0.17509299,0.00378046,0.098254,0.02956806,131730,-0.1791174,White
TX-111,186137,0.50814625,0.4769235,0.33495755,0.66504245,0.18922737,0.33654134,0.00219733,0.13097667,0.02659628,140170,0.03122275,Hispanic
TX-112,185573,0.24524098,0.74326701,0.35073143,0.64926857,0.05305044,0.56504746,0.00238228,0.017681,0.02481295,134325,-0.49802603,Hispanic
TX-113,185685,0.20326297,0.78189129,0.47765184,0.52234816,0.06676894,0.41241697,0.00188407,0.02429925,0.02641417,134284,-0.57862832,Minority
TX-114,185089,0.26884558,0.71360894,0.55781773,0.44218227,0.07493824,0.29750133,0.00111489,0.0434225,0.03444507,137233,-0.44476336,White
TX-115,186242,0.19032219,0.79791778,0.42095652,0.57904348,0.03102971,0.53034584,0.0014955,0.00577909,0.02346956,133066,-0.60759559,Hispanic
TX-116,186035,0.13370777,0.85143581,0.64168077,0.35831923,0.04177643,0.27132547,0.00104227,0.01492729,0.03589403,140079,-0.71772804,White
TX-117,185877,0.24131174,0.74541649,0.54735963,0.45264037,0.04958011,0.36582782,0.00219592,0.01782695,0.02866624,142537,-0.50410475,White
TX-118,185339,0.20345163,0.78448328,0.63611703,0.36388297,0.03782668,0.28522191,0.00137434,0.02045677,0.02424879,138976,-0.58103165,White
TX-119,185721,0.23055787,0.75457952,0.67566204,0.32433796,0.09768483,0.17202451,0.00299846,0.02519673,0.03513172,144741,-0.52402165,White
TX-120,185840,0.23443989,0.74770198,0.64930458,0.35069542,0.08380674,0.22147674,0.00249063,0.02317821,0.02868417,142936,-0.51326209,White
TX-121,186076,0.21619799,0.77145074,0.76303611,0.23696389,0.01183303,0.1851029,0.00202381,0.01144409,0.02731156,151694,-0.55525275,White
TX-122,185879,0.26131804,0.72834162,0.6434405,0.3565595,0.20258157,0.11290503,0.00150335,0.01126463,0.03181507,143014,-0.46702358,White
TX-123,185044,0.31484083,0.67234328,0.58747105,0.41252895,0.09996375,0.25815521,0.00219001,0.03189577,0.02807804,135159,-0.35750245,White
TX-124,186164,0.3843003,0.60173672,0.37358565,0.62641435,0.10027211,0.48695988,0.00149551,0.02496407,0.02883051,137077,-0.21743642,Hispanic
TX-125,185062,0.41053452,0.57327851,0.54003771,0.45996229,0.08859157,0.24214657,0.0020525,0.10988889,0.02725306,143727,-0.16274399,White
TX-126,185584,0.37263866,0.61384031,0.50121673,0.49878327,0.12212909,0.24219553,0.00173046,0.11879176,0.02455097,129445,-0.24120165,White
TX-127,185250,0.37043331,0.61511547,0.54932753,0.45067247,0.12306375,0.20620028,0.00189076,0.10320003,0.02423745,140155,-0.24468216,White
TX-128,185465,0.37607159,0.60961216,0.53291846,0.46708154,0.11906535,0.23945054,0.00239635,0.09201242,0.02812207,135623,-0.23354057,White
TX-129,186121,0.35977994,0.62522923,0.6497639,0.3502361,0.06243737,0.18315972,0.00228526,0.08094294,0.02224705,138715,-0.26544929,White
TX-130,185955,0.28896251,0.69591576,0.53603553,0.46396447,0.11321208,0.30761724,0.00121627,0.02160293,0.0284692,141416,-0.40695325,White
TX-131,185829,0.35910806,0.62511403,0.55622635,0.44377365,0.10469483,0.235711,0.00162595,0.08388564,0.02493602,137151,-0.26600597,White
TX-132,185949,0.34022764,0.64237415,0.6159224,0.3840776,0.082134,0.22394827,0.00172445,0.05385306,0.02709538,139175,-0.30214651,White
TX-133,185203,0.40518449,0.58048555,0.53506167,0.46493833,0.18868663,0.23293386,0.00177492,0.02408022,0.02665176,143105,-0.17530106,White
TX-134,185249,0.25051455,0.73700137,0.58855731,0.41144269,0.06575383,0.30029191,0.00163807,0.0255651,0.02464106,142851,-0.48648682,White
TX-135,185881,0.31609353,0.66885381,0.58946006,0.41053994,0.08670972,0.29312625,0.00123801,0.00889114,0.0294097,142164,-0.35276028,White
TX-136,184989,0.27908622,0.70647649,0.59362695,0.40637305,0.1509177,0.21261274,0.00119319,0.02133708,0.02391297,142475,-0.42739027,White
TX-137,185380,0.2170606,0.7695219,0.64752286,0.35247714,0.06263997,0.23993325,0.00198662,0.02380333,0.03223383,138426,-0.5524613,White
TX-138,186021,0.29426763,0.69084926,0.56478726,0.43521274,0.06977558,0.29973289,0.00303637,0.0405534,0.03468613,131407,-0.39658163,White
TX-139,184987,0.22694041,0.76000996,0.64663177,0.35336823,0.12453017,0.18927394,0.00153733,0.0135989,0.02599232,147659,-0.53306955,White
TX-140,185363,0.1604867,0.82984381,0.70277652,0.29722348,0.08223904,0.17873084,0.00107093,0.00868246,0.02784426,139131,-0.66935711,White
TX-141,185076,0.17904982,0.80848551,0.73548299,0.26451701,0.03056428,0.19448695,0.0020358,0.01110124,0.03090586,146380,-0.62943569,White
TX-142,185142,0.23584453,0.74747211,0.69471897,0.30528103,0.09785719,0.15517721,0.00701426,0.0212854,0.03034044,140143,-0.51162758,White
TX-143,185549,0.14476962,0.84326192,0.81110775,0.18889225,0.01746329,0.12984022,0.00165695,0.00897228,0.0316883,145448,-0.6984923,White
TX-144,185023,0.16702296,0.81979611,0.809894,0.190106,0.01506763,0.12373958,0.00165665,0.01056383,0.03664711,139438,-0.65277315,White
TX-145,184946,0.21354814,0.77208125,0.74875988,0.25124012,0.036749,0.15781886,0.00165596,0.01839298,0.03841974,135269,-0.55853311,White
TX-146,185572,0.23688335,0.74800358,0.74204136,0.25795864,0.06876831,0.12479575,0.001472,0.01651595,0.04795611,141984,-0.51112023,White
TX-147,185561,0.36332849,0.61765736,0.67075901,0.32924099,0.09649919,0.13664352,0.00211804,0.07065916,0.02781434,132198,-0.25432887,White
TX-148,185740,0.31333409,0.6694413,0.66306263,0.33693737,0.08613094,0.17412114,0.0018518,0.04660852,0.03461665,133924,-0.35610721,White
TX-149,185378,0.22289443,0.76800039,0.66580156,0.33419844,0.17848627,0.1218464,0.00134338,0.00881987,0.02712074,142179,-0.54510596,White
TX-150,185942,0.38566359,0.5998263,0.49920214,0.50079786,0.25429162,0.21260259,0.00108766,0.0148552,0.02549571,139749,-0.21416271,Minority
TX-151,185661,0.2816535,0.70525919,0.61604985,0.38395015,0.15599725,0.19472897,0.00090733,0.01307834,0.02498706,141073,-0.42360569,White
TX-152,185899,0.22948003,0.75738032,0.71525855,0.28474145,0.11282275,0.12136141,0.00133526,0.02403474,0.02704963,142294,-0.52790029,White
TX-153,186092,0.18149571,0.80832397,0.76273453,0.23726547,0.08967448,0.09886061,0.00135111,0.0098199,0.03808171,143586,-0.62682826,White
TX-154,185057,0.21138662,0.7795612,0.67759374,0.32240626,0.14624014,0.14124684,0.00111639,0.00779442,0.02781499,147798,-0.56817458,White
TX-155,185294,0.21274731,0.77671985,0.69174809,0.30825191,0.07279089,0.19223877,0.00448721,0.0086473,0.03344427,140622,-0.56397254,White
TX-156,185022,0.17378502,0.81676873,0.72664988,0.27335012,0.1036024,0.13318457,0.00098266,0.00827072,0.02873599,146541,-0.64298371,White
TX-157,184950,0.31647374,0.66981931,0.61139363,0.38860637,0.14917131,0.18622727,0.00233913,0.02064504,0.03697453,135093,-0.35334557,White
UT-1,181354,0.34760901,0.58036229,0.85885701,0.14114299,0.0116029,0.07378149,0.01408519,0.02841295,0.01474013,123676,-0.23275328,White
UT-2,181325,0.31079679,0.6248991,0.78448023,0.21551977,0.02391042,0.1224533,0.01166998,0.0406412,0.02339701,122708,-0.31410231,White
UT-3,182129,0.48183573,0.47560869,0.74461395,0.25538605,0.02244681,0.18339203,0.00630345,0.02536178,0.02561333,135164,0.00622704000000002,White
UT-4,182098,0.28644544,0.64876136,0.84935701,0.15064299,0.01081627,0.09274642,0.0065426,0.02440654,0.01722678,128695,-0.36231592,White
UT-5,182304,0.23361695,0.72352049,0.84197553,0.15802447,0.01081241,0.10136136,0.00553826,0.02038432,0.02316145,124949,-0.48990354,White
UT-6,181474,0.16686582,0.79604508,0.86422632,0.13577368,0.00806204,0.0821776,0.0065739,0.01284097,0.02757663,130364,-0.62917926,White
UT-7,181692,0.22296653,0.73391433,0.84030754,0.15969246,0.0092067,0.09831198,0.01303597,0.0177702,0.02289334,133707,-0.5109478,White
UT-8,181570,0.27538563,0.67297443,0.77382996,0.22617004,0.00859312,0.1123407,0.00947528,0.01995873,0.07908666,126962,-0.3975888,White
UT-9,181572,0.20336973,0.73675228,0.8383598,0.1616402,0.00753315,0.11489803,0.0113782,0.01375847,0.01795227,114693,-0.53338255,White
UT-10,181460,0.34771933,0.57265305,0.73230454,0.26769546,0.01731489,0.16918093,0.024414,0.04252249,0.02312981,138609,-0.22493372,White
UT-11,181988,0.23696553,0.69363466,0.85885592,0.14114408,0.00952078,0.07961635,0.01458559,0.02414167,0.01557385,113331,-0.45666913,White
UT-12,181767,0.30445273,0.63677271,0.81701632,0.18298368,0.01481973,0.09480544,0.01555136,0.0426046,0.01688701,117546,-0.33231998,White
UT-13,181931,0.38203098,0.56506347,0.7693997,0.2306003,0.01599572,0.13135177,0.01735332,0.04976801,0.0189505,125221,-0.18303249,White
UT-14,181728,0.47990366,0.47173355,0.78531204,0.21468796,0.01804606,0.11239227,0.01158247,0.0539896,0.01887816,134600,0.00817011000000001,White
UT-15,181795,0.60262801,0.35265484,0.80816277,0.19183723,0.02270975,0.08927548,0.00860989,0.05124196,0.01754522,141349,0.24997317,White
UT-16,181889,0.49891502,0.44897628,0.58112317,0.41887683,0.02800003,0.27713469,0.03676277,0.05792304,0.03076761,132607,0.04993874,White
UT-17,181721,0.53194088,0.4135196,0.48670527,0.51329473,0.02865047,0.37399986,0.04211368,0.05321808,0.03580525,127607,0.11842128,Minority
UT-18,181819,0.7702311,0.19007703,0.72647984,0.27352016,0.03457176,0.1279628,0.01159835,0.07651235,0.02464157,152263,0.58015407,White
VA-1,188239,0.53496362,0.44426871,0.61283017,0.38716983,0.23709701,0.07946878,0.00333347,0.05704971,0.02180448,149694,0.09069491,White
VA-2,187689,0.56267442,0.41363646,0.51594187,0.48405813,0.25560429,0.07892509,0.00524687,0.13904196,0.02297933,144086,0.14903796,White
VA-3,187693,0.58155991,0.39836315,0.50545271,0.49454729,0.36352111,0.06392665,0.0035581,0.05285313,0.02415022,142773,0.18319676,White
VA-4,186998,0.74494846,0.23503235,0.39130082,0.60869918,0.52303796,0.04470485,0.00298528,0.03193975,0.01987708,148060,0.50991611,Black
VA-5,187919,0.6442894,0.33255507,0.46553671,0.53446329,0.36977636,0.09855333,0.00568501,0.05512674,0.02744122,151451,0.31173433,Minority
VA-6,188285,0.68943756,0.29174048,0.39466588,0.60533412,0.50173735,0.05820443,0.00383692,0.03727579,0.02290747,149078,0.39769708,Black
VA-7,188175,0.60021129,0.37925852,0.54391573,0.45608427,0.30918923,0.08668556,0.00357839,0.05159855,0.02098788,149229,0.22095277,White
VA-8,187092,0.52186198,0.46342546,0.52421551,0.47578449,0.41244531,0.03021905,0.00184304,0.01847819,0.01927002,146497,0.0584365199999999,White
VA-9,187066,0.47448292,0.51519169,0.54008695,0.45991305,0.41077825,0.03006933,0.00091039,0.0084904,0.01408469,151583,-0.04070877,White
VA-10,187297,0.57248254,0.41465281,0.45479843,0.54520157,0.45767508,0.05341577,0.00244079,0.01755492,0.0231741,149132,0.15782973,Black
VA-11,188298,0.83696209,0.14552567,0.37257507,0.62742493,0.51352231,0.05252636,0.0015108,0.05326873,0.01734164,153561,0.69143642,Black
VA-12,188338,0.55705939,0.42375933,0.65626496,0.34373504,0.12010989,0.06100192,0.00105451,0.14636854,0.01279285,144143,0.13330006,White
VA-13,187822,0.58061696,0.40417759,0.4747912,0.5252088,0.3418127,0.13281174,0.00183438,0.03994636,0.02192915,143918,0.17643937,Minority
VA-14,188190,0.71488108,0.26322908,0.54404643,0.45595357,0.30585055,0.1039664,0.001484,0.03628522,0.01739067,150943,0.451652,White
VA-15,188152,0.39308616,0.58856196,0.7629626,0.2370374,0.13814673,0.04028233,0.00132645,0.04015666,0.01764882,143239,-0.1954758,White
VA-16,187828,0.3716566,0.60886282,0.77923786,0.22076214,0.11526905,0.03733141,0.00281786,0.04364563,0.02284749,144436,-0.23720622,White
VA-17,187437,0.39601116,0.58697324,0.72445457,0.27554543,0.20081799,0.03550799,0.00177938,0.01475958,0.02462586,150614,-0.19096208,White
VA-18,188098,0.31364045,0.66766778,0.8579613,0.1420387,0.04027375,0.06094072,0.00108058,0.01772425,0.02095241,147143,-0.35402733,White
VA-19,187066,0.43139125,0.54641574,0.78577157,0.21422843,0.08114015,0.08985498,0.00131658,0.02822963,0.01778387,149630,-0.11502449,White
VA-20,187093,0.28067914,0.70219694,0.89704336,0.10295664,0.04029779,0.03293282,0.00131066,0.01028568,0.01783029,150306,-0.4215178,White
VA-21,188178,0.22650092,0.75983218,0.92015892,0.07984108,0.032971,0.01878999,0.00075396,0.00675941,0.01916369,152528,-0.53333126,White
VA-22,187676,0.1728696,0.81807248,0.93316822,0.06683178,0.03192132,0.01070833,0.00090002,0.00465779,0.01606249,152218,-0.64520288,White
VA-23,188014,0.5066385,0.47289637,0.71099183,0.28900817,0.18394897,0.05213806,0.00109764,0.03445529,0.01958356,149411,0.03374213,White
VA-24,186986,0.42784029,0.54913439,0.82441387,0.17558613,0.0567009,0.03445715,0.0011109,0.06325002,0.01734806,154830,-0.1212941,White
VA-25,187175,0.2438696,0.7412286,0.88311182,0.11688818,0.06174701,0.02426106,0.00080011,0.00953515,0.01791311,151230,-0.497359,White
VA-26,186946,0.32167692,0.66458552,0.7221199,0.2778801,0.22048905,0.03179982,0.00071663,0.00922918,0.01640892,149309,-0.3429086,White
VA-27,188253,0.38421986,0.59632191,0.7651444,0.2348556,0.10626625,0.05802638,0.00382682,0.05074993,0.02029997,145813,-0.21210205,White
VA-28,187405,0.66774228,0.3125126,0.71821836,0.28178164,0.12635838,0.05748078,0.00125822,0.0816982,0.01540326,151007,0.35522968,White
VA-29,187940,0.44419374,0.53311141,0.6948022,0.3051978,0.23285491,0.03373107,0.00157868,0.01760883,0.01986502,152026,-0.08891767,White
VA-30,187710,0.40717602,0.57299977,0.72364501,0.27635499,0.15293532,0.07020855,0.00165205,0.03128521,0.02280378,144669,-0.16582375,White
VA-31,187732,0.52827298,0.44932479,0.59919797,0.40080203,0.21343761,0.11558112,0.003475,0.05360201,0.02722914,140144,0.07894819,White
VA-32,187208,0.67107399,0.3150673,0.3136313,0.6863687,0.32144953,0.25354241,0.0040558,0.10925719,0.02628568,136348,0.35600669,Black
VA-33,187040,0.62194814,0.35778639,0.39075854,0.60924146,0.19994091,0.28660479,0.00273122,0.11655593,0.02504936,138766,0.26416175,Minority
VA-34,187359,0.58468,0.39666381,0.52476305,0.47523695,0.12589954,0.20170986,0.00209162,0.1350705,0.0224959,136736,0.18801619,White
VA-35,187968,0.39248382,0.58833978,0.76695827,0.23304173,0.1091129,0.08096537,0.0019104,0.02102131,0.02246442,145519,-0.19585596,White
VA-36,187551,0.51847838,0.46037223,0.70400709,0.29599291,0.07627302,0.11926169,0.00193078,0.08174116,0.01950952,138804,0.05810615,White
VA-37,188071,0.6607496,0.31956994,0.5182219,0.4817781,0.0904081,0.17149053,0.00199682,0.20885043,0.01591016,139722,0.34117966,White
VA-38,187226,0.67706365,0.30502879,0.40941439,0.59058561,0.09428714,0.08643176,0.00199023,0.40241843,0.01110458,132648,0.37203486,Minority
VA-39,187882,0.67472784,0.29995351,0.65893946,0.34106054,0.03973487,0.07156643,0.00186664,0.21464294,0.0097629,141966,0.37477433,White
VA-40,187445,0.70800047,0.26819434,0.54875993,0.45124007,0.0831815,0.15430219,0.00189682,0.20188595,0.01608561,147088,0.43980613,White
VA-41,187249,0.67240405,0.30721623,0.50428536,0.49571464,0.09015126,0.11883074,0.00222204,0.27593988,0.01363586,144912,0.36518782,White
VA-42,187223,0.69639675,0.28440738,0.49401394,0.50598606,0.11117375,0.15259349,0.00250153,0.23338242,0.01600981,141913,0.41198937,Minority
VA-43,187754,0.74161317,0.24074096,0.38143363,0.61856637,0.11021643,0.26337736,0.00193086,0.23766681,0.02330725,146049,0.50087221,Minority
VA-44,187508,0.72014578,0.25885232,0.48068346,0.51931654,0.19864013,0.19493394,0.00338911,0.11716047,0.02058834,141925,0.46129346,Minority
VA-45,187653,0.81120168,0.16610612,0.60262411,0.39737589,0.1004871,0.13767679,0.00221639,0.1482126,0.01737551,157463,0.64509556,White
VA-46,187466,0.80796288,0.17114127,0.51765315,0.48234685,0.20771309,0.17301664,0.00233452,0.09475783,0.01954175,152494,0.63682161,White
VT-1,214826,0.76099062,0.20923111,0.87506142,0.12493858,0.02664829,0.02590273,0.00100538,0.04393749,0.01872384,177047,0.55175951,White
VT-2,214219,0.63415948,0.33375784,0.91819334,0.08180666,0.01341465,0.01986619,0.00090378,0.01274392,0.02314596,175927,0.30040164,White
VT-3,214032,0.57973647,0.38468296,0.91939735,0.08060265,0.01142804,0.01767848,0.00105534,0.00958556,0.0314446,171508,0.19505351,White
WA-1,188202,0.37915573,0.59367743,0.75241706,0.24758294,0.00719702,0.14352065,0.00379147,0.01406906,0.07407583,147700,-0.2145217,White
WA-2,187989,0.52780535,0.442593,0.81815324,0.18184676,0.01563232,0.0571282,0.00568973,0.02597902,0.07272844,155895,0.0852123499999999,White
WA-3,188462,0.46867898,0.49074929,0.80106674,0.19893326,0.02309487,0.06793786,0.0135409,0.0469498,0.0460364,149990,-0.02207031,White
WA-4,187927,0.62150431,0.33716145,0.73405378,0.26594622,0.04724289,0.08018082,0.01678759,0.08904923,0.04142797,150647,0.28434286,White
WA-5,188454,0.64607528,0.31680388,0.73022755,0.26977245,0.04872109,0.08036103,0.01673324,0.09132695,0.03853128,149463,0.3292714,White
WA-6,188488,0.38714856,0.57840169,0.78908986,0.21091014,0.02569596,0.08153077,0.01157074,0.04282202,0.04720311,145626,-0.19125313,White
WA-7,187985,0.40413172,0.56671133,0.83645938,0.16354062,0.01208996,0.06752805,0.0070027,0.02680251,0.04472806,145658,-0.16257961,White
WA-8,187944,0.36957658,0.59974983,0.79607255,0.20392745,0.01208936,0.11931609,0.00536204,0.02640701,0.03595682,141364,-0.23017325,White
WA-9,187465,0.52843992,0.4388838,0.75238062,0.24761938,0.03222662,0.09054818,0.01253179,0.08150608,0.03174626,141560,0.08955612,White
WA-10,188346,0.59313437,0.37337214,0.70504928,0.29495072,0.04368419,0.12859017,0.02053352,0.07306489,0.03701013,148635,0.21976223,White
WA-11,188146,0.52862263,0.4458699,0.36274873,0.63725127,0.01470266,0.54180857,0.00309609,0.01842552,0.08503681,132425,0.08275273,Hispanic
WA-12,187868,0.42515985,0.53530431,0.59559693,0.40440307,0.02395337,0.30506596,0.00560845,0.04361231,0.03269639,136223,-0.11014446,White
WA-13,187389,0.42861877,0.5351352,0.67601009,0.32398991,0.02676938,0.21629579,0.00720501,0.04900793,0.03214543,144344,-0.10651643,White
WA-14,187649,0.34124473,0.6261688,0.86685754,0.13314246,0.01568817,0.04477406,0.00462228,0.02673336,0.03524664,144950,-0.28492407,White
WA-15,188111,0.50306135,0.45588757,0.79773812,0.20226188,0.03650831,0.05914739,0.0144584,0.04202079,0.04869807,147665,0.0471737799999999,White
WA-16,187372,0.52412198,0.43740867,0.82058049,0.17941951,0.03214433,0.05857036,0.00954179,0.03934466,0.03821453,147771,0.08671331,White
WA-17,187777,0.36615898,0.60471289,0.64948645,0.35051355,0.01263748,0.27726181,0.00399153,0.02324355,0.03780551,140297,-0.23855391,White
WA-18,188225,0.34144408,0.62644162,0.77211238,0.22788762,0.02441027,0.11654341,0.01008265,0.03609969,0.04063934,142522,-0.28499754,White
WA-19,187490,0.66325252,0.30253376,0.67867702,0.32132298,0.09290902,0.08826686,0.01607306,0.09693222,0.03865173,151869,0.36071876,White
WA-20,187651,0.60558198,0.35385444,0.54527064,0.45472936,0.15280963,0.13299571,0.03249898,0.12729401,0.03481291,144343,0.25172754,White
WA-21,188284,0.53573841,0.42677191,0.54594308,0.45405692,0.12893157,0.13086646,0.04575948,0.12918579,0.04317492,141610,0.1089665,White
WA-22,187722,0.4842196,0.48021204,0.72686332,0.27313668,0.05160621,0.08680798,0.01949615,0.08446449,0.03595705,141669,0.00400755999999997,White
WA-23,187426,0.54115817,0.42277737,0.77367777,0.22632223,0.02647301,0.0682523,0.00746821,0.08663831,0.03516459,140596,0.1183808,White
WA-24,187739,0.62445442,0.34712537,0.45211036,0.54788964,0.12421583,0.13593734,0.02911494,0.24717278,0.02859041,142985,0.27732905,Minority
WA-25,187678,0.600186,0.37050721,0.48989251,0.51010749,0.12250972,0.16484267,0.03885458,0.16339277,0.03998383,143458,0.22967879,Minority
WA-26,187811,0.72266934,0.25107606,0.42174016,0.57825984,0.16050123,0.16282548,0.02395661,0.2163708,0.03412942,148435,0.47159328,Minority
WA-27,187859,0.8673571,0.10903548,0.42667347,0.57332653,0.16458626,0.10016575,0.01013005,0.28775979,0.02897488,156860,0.75832162,Minority
WA-28,187931,0.86426881,0.11110244,0.67910594,0.32089406,0.04331651,0.0673602,0.00568105,0.18264896,0.02120927,163702,0.75316637,White
WA-29,187857,0.91142771,0.06411099,0.65964384,0.34035616,0.04873114,0.06699008,0.00586285,0.20224397,0.0175337,164084,0.84731672,White
WA-30,188517,0.88814888,0.08741726,0.68661493,0.31338507,0.05496841,0.07224763,0.00596424,0.15586715,0.02448943,158109,0.80073162,White
WA-31,187273,0.6848792,0.28527345,0.52865835,0.47134165,0.07323227,0.10108281,0.01040872,0.2715754,0.02402805,145455,0.39960575,White
WA-32,187807,0.7187304,0.25307667,0.49757997,0.50242003,0.03076413,0.06174459,0.00455615,0.3936606,0.01278966,147932,0.46565373,Minority
WA-33,187265,0.71369779,0.25468382,0.57476872,0.42523128,0.02390142,0.0585863,0.00419919,0.32036716,0.01420208,138360,0.45901397,White
WA-34,187244,0.75393767,0.21585454,0.66497727,0.33502273,0.04216108,0.07183272,0.00653634,0.1901975,0.0217811,149166,0.53808313,White
WA-35,188402,0.69697138,0.27171745,0.65685202,0.34314798,0.04857588,0.08779469,0.00935044,0.17231341,0.02685765,150795,0.42525393,White
WA-36,188520,0.63039289,0.33362533,0.62173137,0.37826863,0.06193344,0.12045141,0.01366868,0.1558759,0.03338064,147271,0.29676756,White
WA-37,188477,0.62772182,0.33916631,0.58357893,0.41642107,0.04947654,0.09444117,0.00999916,0.23969911,0.02296649,142512,0.28855551,White
WA-38,188098,0.46519103,0.49436534,0.79463991,0.20536009,0.02162276,0.08431613,0.00851019,0.05105413,0.03698039,142535,-0.02917431,White
WA-39,188316,0.51455119,0.44818964,0.7593987,0.2406013,0.03225763,0.08251812,0.01036589,0.06814266,0.04895302,149143,0.0663615500000001,White
WA-40,188267,0.59673823,0.37133695,0.78331535,0.21668465,0.01318144,0.11550858,0.00582772,0.03996527,0.03833403,152032,0.22540128,White
WA-41,187848,0.57021594,0.39692767,0.7707756,0.2292244,0.01820402,0.09025518,0.00719975,0.06223454,0.05074044,149033,0.17328827,White
WI-1,184794,0.59648519,0.38484906,0.62767763,0.37232237,0.16453692,0.1747768,0.00136912,0.01639379,0.02288285,140236,0.21163613,White
WI-2,184207,0.37777066,0.60592557,0.86286196,0.13713804,0.03410126,0.05953678,0.00108236,0.02155819,0.01723559,145977,-0.22815491,White
WI-3,183776,0.63196805,0.3482183,0.7783096,0.2216904,0.05307157,0.09753029,0.00128415,0.04962773,0.01966431,154188,0.28374975,White
WI-4,184429,0.54995644,0.43234685,0.79867617,0.20132383,0.0606721,0.07764426,0.00107943,0.04490156,0.01928717,147300,0.11760959,White
WI-5,183897,0.63569068,0.3478592,0.42273456,0.57726544,0.08795374,0.43248648,0.0015221,0.05005036,0.03653796,134025,0.28783148,Hispanic
WI-6,184519,0.8541421,0.12995037,0.30705886,0.69294114,0.57714448,0.06363293,0.00148998,0.04746122,0.01720379,137586,0.72419173,Black
WI-7,184546,0.8196024,0.1666441,0.32472488,0.67527512,0.55756469,0.04631659,0.00132419,0.06736143,0.0138254,133667,0.6529583,Black
WI-8,184510,0.46716703,0.5147689,0.86326078,0.13673922,0.02317934,0.04644964,0.00110544,0.04893339,0.01250971,142929,-0.04760187,White
WI-9,183541,0.44094879,0.54105241,0.83252385,0.16747615,0.03045148,0.06127924,0.00094072,0.05824803,0.01228512,143507,-0.10010362,White
WI-10,183959,0.55965412,0.4221058,0.84078348,0.15921652,0.05032633,0.07004006,0.00115466,0.01633423,0.01869988,142033,0.13754832,White
WI-11,184195,0.55763857,0.42502586,0.89362428,0.10637572,0.02704999,0.04428956,0.00080071,0.01739276,0.01324997,143623,0.13261271,White
WI-12,184056,0.52493272,0.45662498,0.91180937,0.08819063,0.01803021,0.01997681,0.00093188,0.03055195,0.01322583,144868,0.06830774,White
WI-13,184308,0.86864842,0.11627949,0.73777382,0.26222618,0.07075904,0.06544829,0.00125446,0.10868569,0.01607234,157040,0.75236893,White
WI-14,184227,0.69076998,0.29224815,0.80588415,0.19411585,0.06108387,0.0656609,0.00161083,0.04867976,0.01616509,140921,0.39852183,White
WI-15,184475,0.64682434,0.33508335,0.85693789,0.14306211,0.02499756,0.04724393,0.00092635,0.04998816,0.01539276,143574,0.31174099,White
WI-16,184528,0.4646481,0.51775947,0.91135015,0.08864985,0.01523935,0.03221587,0.00100142,0.02002848,0.01562085,146791,-0.05311137,White
WI-17,184539,0.36302664,0.62086807,0.88562717,0.11437283,0.00978746,0.06376301,0.00070894,0.02007048,0.01452288,145288,-0.25784143,White
WI-18,184542,0.39174481,0.59152794,0.88082285,0.11917715,0.02738524,0.06029242,0.00076845,0.01071064,0.01486569,147050,-0.19978313,White
WI-19,184753,0.32647136,0.65914089,0.9281328,0.0718672,0.00922159,0.02572448,0.00082758,0.01856836,0.0110367,143793,-0.33266953,White
WI-20,184258,0.30682306,0.67821787,0.92381018,0.07618982,0.01582541,0.02948221,0.00102254,0.01251072,0.01386268,145715,-0.37139481,White
WI-21,184359,0.36401314,0.61960234,0.91138443,0.08861557,0.00894506,0.02728103,0.00055907,0.01350252,0.03481073,141307,-0.2555892,White
WI-22,184347,0.32238955,0.66471755,0.90389892,0.09610108,0.00552187,0.01853427,0.00087115,0.00581682,0.05999973,145784,-0.342328,White
WI-23,183704,0.45357223,0.53119821,0.91162781,0.08837219,0.00862475,0.01275454,0.00126151,0.00738316,0.05200746,150613,-0.07762598,White
WI-24,183551,0.39526222,0.58827419,0.9010335,0.0989665,0.01056604,0.02347776,0.0010573,0.04351053,0.01587357,142816,-0.19301197,White
WI-25,183556,0.37596626,0.60692599,0.90459334,0.09540666,0.01767798,0.03913314,0.00126371,0.00813383,0.02589559,143229,-0.23095973,White
WI-26,183785,0.35198834,0.62901312,0.9183778,0.0816222,0.01099253,0.02293134,0.00064034,0.00949128,0.03090715,140550,-0.27702478,White
WI-27,183597,0.35991772,0.6227622,0.92973685,0.07026315,0.01008242,0.01827525,0.00091341,0.00863908,0.02401372,143418,-0.26284448,White
WI-28,184702,0.4392832,0.54116581,0.8746999,0.1253001,0.03543875,0.04173073,0.00107901,0.02683364,0.01761485,148284,-0.10188261,White
WI-29,184216,0.38037327,0.60291649,0.92033873,0.07966127,0.00951475,0.03281256,0.00073874,0.01539051,0.015883,146194,-0.22254322,White
WI-30,184144,0.50926802,0.46925777,0.85353514,0.14646486,0.02467783,0.05187824,0.00132805,0.0463693,0.01977318,142314,0.04001025,White
WI-31,183989,0.50500634,0.47540554,0.77165682,0.22834318,0.04585071,0.10271773,0.00137616,0.0370292,0.04512382,141699,0.0296008,White
WI-32,183709,0.51929814,0.45702441,0.9006172,0.0993828,0.0164953,0.02381132,0.00141799,0.03538132,0.0164542,145981,0.06227373,White
WV-1,178738,0.26531008,0.71924661,0.92591878,0.07408122,0.02957602,0.01127952,0.00071616,0.00656939,0.01789711,145219,-0.45393653,White
WV-2,178732,0.41168653,0.5658547,0.87665846,0.12334154,0.04407058,0.02217891,0.00125838,0.02851183,0.02057174,146220,-0.15416817,White
WV-3,179777,0.36993614,0.60970746,0.81764221,0.18235779,0.0860638,0.04937245,0.00125799,0.01897105,0.02461031,138316,-0.23977132,White
WV-4,179666,0.23120187,0.75476079,0.93565868,0.06434132,0.02202856,0.01273451,0.00053089,0.00587428,0.01848468,145039,-0.52355892,White
WV-5,179619,0.25146747,0.73132259,0.92438583,0.07561417,0.0284435,0.01489931,0.00091505,0.0059723,0.01937679,143161,-0.47985512,White
WV-6,179906,0.26990452,0.71243762,0.93881546,0.06118454,0.01453106,0.0107004,0.00064315,0.00944943,0.02023465,141490,-0.4425331,White
WV-7,179184,0.24580499,0.74094963,0.90151244,0.09848756,0.05175518,0.01107538,0.00077759,0.00812615,0.02235392,142749,-0.49514464,White
WV-8,179463,0.19181593,0.79624782,0.91865144,0.08134856,0.04547959,0.00933165,0.00052307,0.00393352,0.01882371,143383,-0.60443189,White
WV-9,179248,0.31795746,0.66551677,0.92024746,0.07975254,0.03479781,0.01079305,0.00069204,0.01093985,0.01882493,143055,-0.34755931,White
WV-10,179383,0.41874831,0.56292746,0.86188496,0.13811504,0.08390159,0.01258489,0.00080388,0.01500347,0.02172557,144300,-0.14417915,White
WY-1,191858,0.32032829,0.64001591,0.80684954,0.19315046,0.02241729,0.11489942,0.00270657,0.02156608,0.03155445,150375,-0.31968762,White
WY-2,191889,0.18912458,0.7767166,0.87660489,0.12339511,0.01030308,0.06235748,0.00186575,0.01073151,0.03296848,144714,-0.58759202,White
WY-3,193104,0.2849772,0.68331041,0.83320114,0.16679886,0.00728899,0.08103359,0.00227012,0.0117882,0.06097177,146248,-0.39833321,White
