id,TotalPop,DemPct,RepPct,WhitePct,MinorityPct,BlackPct,HispanicPct,PacificPct,AsianPct,NativePct,TotalVAP,Margin,Majority
AK-1,183592,0.53685011,0.42342886,0.51953866,0.48046134,0.08111356,0.08178828,0.04888883,0.13323541,0.15659746,142282,0.11342125,White
AK-2,183723,0.378669,0.5841632,0.72337181,0.27662819,0.03035857,0.06010855,0.01009566,0.0732329,0.10282535,139664,-0.2054942,White
AK-3,182905,0.28610821,0.67848713,0.73609693,0.26390307,0.03865785,0.05505748,0.00937967,0.03823621,0.12059681,135186,-0.39237892,White
AK-4,183171,0.48705569,0.46119397,0.48308261,0.51691739,0.01941975,0.04358849,0.01132453,0.06614257,0.38570625,136871,0.02586172,Minority
AL-1,201641,0.62394571,0.35977355,0.39519388,0.60480612,0.54556494,0.02775083,0.00115013,0.01803579,0.01680213,155635,0.26417216,Black
AL-2,201524,0.24529685,0.74402809,0.73309787,0.26690213,0.16133232,0.02995656,0.00133412,0.03072352,0.04155119,155158,-0.49873124,White
AL-3,201141,0.20455096,0.78281369,0.83617393,0.16382607,0.06719131,0.04874898,0.00119714,0.01287245,0.02807619,158711,-0.57826273,White
AL-4,200495,0.19969331,0.79177883,0.73178349,0.26821651,0.18933044,0.03060981,0.00155501,0.01254976,0.0362814,154983,-0.59208552,White
AL-5,200333,0.22873171,0.76122241,0.6981599,0.3018401,0.22361509,0.03843898,0.00181754,0.01535239,0.0248719,155155,-0.5324907,White
AL-6,201388,0.55029155,0.43904883,0.41588829,0.58411171,0.51849386,0.03555463,0.00176283,0.01810388,0.01571962,157701,0.11124272,Black
AL-7,200355,0.62234069,0.36338561,0.36456999,0.63543001,0.55774307,0.0341474,0.00119804,0.03595408,0.01233919,156088,0.25895508,Black
AL-8,200026,0.52318005,0.47027291,0.41823009,0.58176991,0.55406658,0.01451217,0.00082564,0.00501099,0.01185743,157454,0.05290714,Black
AL-9,200512,0.35610184,0.62689687,0.63572715,0.36427285,0.25045031,0.04349099,0.00138754,0.05182257,0.01960372,157113,-0.27079503,White
AL-10,200533,0.21996356,0.77113332,0.74022506,0.25977494,0.20784136,0.02229233,0.00073048,0.00767007,0.02072431,158799,-0.55116976,White
AL-11,200448,0.2938624,0.69639844,0.67556608,0.32443392,0.26331763,0.02785054,0.00141047,0.01117674,0.0213397,158812,-0.40253604,White
AL-12,200405,0.29313869,0.68946959,0.74815072,0.25184928,0.13390917,0.06528089,0.00127333,0.02653636,0.02456074,152357,-0.3963309,White
AL-13,200999,0.22865532,0.75996955,0.76037877,0.23962123,0.15954244,0.04500955,0.00109939,0.0134937,0.02167369,152812,-0.53131423,White
AL-14,201877,0.26733227,0.71259155,0.82825693,0.17174307,0.09338654,0.02847284,0.00051407,0.02637159,0.01981725,155622,-0.44525928,White
AL-15,201592,0.71191606,0.26780017,0.41412727,0.58587273,0.49356152,0.05670165,0.00155816,0.0230493,0.01611361,157879,0.44411589,Black
AL-16,201636,0.65878426,0.32278051,0.36849606,0.63150394,0.54722942,0.04328497,0.00096483,0.02993498,0.01509677,158577,0.33600375,Black
AL-17,201877,0.64165895,0.34638352,0.4161142,0.5838858,0.50335197,0.05257294,0.00102756,0.01631104,0.01377927,161547,0.29527543,Black
AL-18,200869,0.17568144,0.81552358,0.84616068,0.15383932,0.09507331,0.0226619,0.00076831,0.00780372,0.02550654,157489,-0.63984214,White
AL-19,200671,0.15809966,0.83309221,0.82455995,0.17544005,0.09234358,0.04447659,0.00082211,0.00801713,0.02893942,156914,-0.67499255,White
AL-20,201278,0.10402852,0.88717601,0.88436246,0.11563754,0.03163608,0.04808557,0.00085468,0.00510897,0.02885517,156783,-0.78314749,White
AL-21,200731,0.23670059,0.7515666,0.74931627,0.25068373,0.13999962,0.05712584,0.00091591,0.0092936,0.04306055,156129,-0.51486601,White
AL-22,200967,0.13063554,0.86010608,0.81869651,0.18130349,0.02542495,0.10418987,0.00114019,0.00672975,0.05082369,152606,-0.72947054,White
AL-23,201094,0.33467996,0.64572315,0.77496718,0.22503282,0.12050207,0.03661106,0.00174186,0.02758797,0.03721943,156155,-0.31104319,White
AL-24,200475,0.26027727,0.7242629,0.79202428,0.20797572,0.1223207,0.04057846,0.00121519,0.01683452,0.0271032,157177,-0.46398563,White
AL-25,201412,0.56096204,0.41513172,0.51997367,0.48002633,0.35081186,0.06808977,0.00292772,0.04152718,0.02599837,159510,0.14583032,White
AR-1,201095,0.52782051,0.45445619,0.42374735,0.57625265,0.52684349,0.02635752,0.00116377,0.00856843,0.01585799,156388,0.07336432,Black
AR-2,201448,0.70900327,0.26912727,0.34317776,0.65682224,0.52071631,0.10567336,0.00148579,0.01694319,0.02645744,153454,0.439876,Black
AR-3,200842,0.52952395,0.44284881,0.69867635,0.30132365,0.19220344,0.03844574,0.00096667,0.0438351,0.02505133,158275,0.08667514,White
AR-4,200390,0.3003477,0.67515802,0.78356876,0.21643124,0.10009451,0.05731709,0.00132061,0.01584733,0.03853076,154474,-0.37481032,White
AR-5,200185,0.20864115,0.77084461,0.82754056,0.17245944,0.08738894,0.03390043,0.00135022,0.01205978,0.03249093,151827,-0.56220346,White
AR-6,200465,0.28414052,0.69473437,0.73524336,0.26475664,0.18644908,0.0400365,0.00087941,0.01356811,0.0221705,151237,-0.41059385,White
AR-7,201546,0.18944088,0.79185884,0.90778773,0.09221227,0.01351343,0.02813493,0.004012,0.00713881,0.03236345,157029,-0.60241796,White
AR-8,200349,0.19708616,0.78460048,0.88155367,0.11844633,0.00888836,0.0461552,0.00368511,0.0112758,0.04323861,158747,-0.58751432,White
AR-9,200137,0.24399799,0.73372773,0.77744057,0.22255943,0.04115923,0.08797786,0.00131553,0.03447086,0.05663302,153550,-0.48972974,White
AR-10,200485,0.30081697,0.67665948,0.80779146,0.19220854,0.08579582,0.0529755,0.00108375,0.01440298,0.03464794,155940,-0.37584251,White
AR-11,201136,0.23094222,0.75321271,0.70824925,0.29175075,0.17925334,0.06641959,0.00196626,0.00744463,0.03622064,154608,-0.52227049,White
AR-12,201225,0.28409106,0.69858457,0.69718629,0.30281371,0.23507546,0.03561614,0.00129432,0.00687329,0.02355919,156839,-0.41449351,White
AR-13,200075,0.29183351,0.68109932,0.74528991,0.25471009,0.02752048,0.12312886,0.01197533,0.02591305,0.06722391,149307,-0.38926581,White
AR-14,200697,0.33258839,0.64151498,0.77703643,0.22296357,0.02055673,0.10239198,0.00403841,0.04204541,0.05372169,148078,-0.30892659,White
AR-15,201449,0.55653179,0.41001927,0.61209022,0.38790978,0.04761998,0.21378836,0.03087464,0.05740886,0.04482691,152520,0.14651252,White
AZ-1,197893,0.48305197,0.5069974,0.36257234,0.63742766,0.00950843,0.09329211,0.0020385,0.00849603,0.53191824,146186,-0.02394543,Native
AZ-2,199165,0.55401055,0.43345992,0.62593566,0.37406434,0.02003916,0.13776459,0.00386036,0.02709686,0.19073762,161384,0.12055063,White
AZ-3,198805,0.39821771,0.59233857,0.34172602,0.65827398,0.02731257,0.59250633,0.00320179,0.01953295,0.03101779,148979,-0.19412086,Hispanic
AZ-4,198268,0.59484825,0.3965655,0.34170792,0.65829208,0.02049896,0.5544815,0.00241011,0.01361386,0.09389656,153520,0.19828275,Hispanic
AZ-5,198010,0.58736428,0.4003136,0.33499457,0.66500543,0.06766024,0.54234791,0.00394487,0.03074416,0.05112032,147280,0.18705068,Hispanic
AZ-6,197764,0.73184728,0.25213422,0.55032345,0.44967655,0.05823339,0.30513339,0.00414928,0.05435913,0.0483385,167258,0.47971306,White
AZ-7,197954,0.35042497,0.63813546,0.60414293,0.39585707,0.04207762,0.29406525,0.00537022,0.02901882,0.03597391,152694,-0.28771049,White
AZ-8,198612,0.53806002,0.45031158,0.70327385,0.29672615,0.05100493,0.17292158,0.00451864,0.04855992,0.02783607,161553,0.08774844,White
AZ-9,198925,0.54642522,0.44242377,0.68557811,0.31442189,0.02791017,0.20919134,0.0029321,0.05545843,0.02589819,163023,0.10400145,White
AZ-10,198423,0.21808801,0.77556464,0.78140734,0.21859266,0.0154253,0.13940259,0.00451443,0.01988526,0.04094452,165248,-0.55747663,White
AZ-11,198164,0.28705275,0.70412554,0.82018044,0.17981956,0.01048187,0.10846478,0.00324968,0.01836879,0.03574646,166478,-0.41707279,White
AZ-12,199574,0.34641714,0.64671514,0.85225646,0.14774354,0.01785121,0.06559535,0.00240351,0.03767717,0.02036946,165591,-0.300298,White
AZ-13,198560,0.33236779,0.65983971,0.60850043,0.39149957,0.04877756,0.28125375,0.00456998,0.02187729,0.04685897,150110,-0.32747192,White
AZ-14,198066,0.41244554,0.57854918,0.618176,0.381824,0.0369408,0.2827584,0.0083968,0.0281664,0.0423616,156250,-0.16610364,White
AZ-15,198631,0.33883937,0.65158133,0.66556546,0.33443454,0.05557103,0.21844982,0.00452423,0.02266094,0.03722868,150744,-0.31274196,White
AZ-16,197807,0.3884609,0.60129011,0.73618746,0.26381254,0.03488234,0.16282381,0.00524026,0.03940413,0.02796783,151710,-0.21282921,White
AZ-17,198577,0.54446389,0.4394358,0.48402101,0.51597899,0.07214938,0.35886229,0.00740473,0.03819319,0.06163706,149634,0.10502809,Minority
AZ-18,198758,0.38759748,0.60176883,0.75314516,0.24685484,0.03356329,0.15012071,0.00505137,0.03359514,0.02903425,156987,-0.21417135,White
AZ-19,199397,0.42391404,0.56414821,0.68254672,0.31745328,0.04948259,0.15658637,0.00572818,0.0873426,0.02544087,144374,-0.14023417,White
AZ-20,199324,0.385019,0.60498019,0.71967416,0.28032584,0.04426528,0.12388132,0.00461097,0.09170236,0.0198062,143137,-0.21996119,White
AZ-21,198218,0.53638389,0.44905175,0.54774712,0.45225288,0.07383345,0.23121285,0.00528697,0.11819401,0.0376861,152072,0.08733214,White
AZ-22,197664,0.55304712,0.43461318,0.53912348,0.46087652,0.10574223,0.20217383,0.00583762,0.06733753,0.09946125,148862,0.11843394,White
AZ-23,199146,0.63107203,0.35282221,0.55799759,0.44200241,0.07711179,0.21025617,0.00603794,0.11294644,0.05419262,167938,0.27824982,White
AZ-24,199001,0.54694488,0.44289832,0.31314915,0.68685085,0.10734479,0.51526502,0.00708388,0.04681368,0.03578398,139895,0.10404656,Hispanic
AZ-25,199575,0.39732094,0.59449004,0.68788804,0.31211196,0.06826186,0.17278395,0.00555643,0.04788178,0.0258452,153336,-0.1971691,White
AZ-26,198243,0.55420609,0.43459487,0.28829749,0.71170251,0.0967485,0.55109711,0.00509088,0.04670143,0.03794627,138090,0.11961122,Hispanic
AZ-27,197906,0.47886857,0.51205444,0.78061678,0.21938322,0.02851737,0.08893027,0.00236352,0.06071729,0.04056175,167547,-0.03318587,White
AZ-28,198294,0.68602576,0.29962888,0.1759175,0.8240825,0.14412238,0.62784639,0.00487588,0.03568855,0.04665565,137411,0.38639688,Hispanic
AZ-29,198906,0.7322385,0.25229075,0.28399537,0.71600463,0.12913192,0.52188671,0.00526419,0.03702549,0.05403757,147601,0.47994775,Hispanic
AZ-30,198824,0.66889704,0.31946043,0.17668437,0.82331563,0.08896965,0.68039839,0.00353267,0.03490599,0.04532266,137856,0.34943661,Hispanic
AZ-31,198815,0.54621205,0.44206356,0.69695502,0.30304498,0.05106639,0.16528834,0.00307134,0.05809798,0.03434873,163121,0.10414849,White
AZ-32,199000,0.47544569,0.51426656,0.65333925,0.34666075,0.0510606,0.18535654,0.00343146,0.08290761,0.02851837,155619,-0.0388208700000001,White
AZ-33,199259,0.58904634,0.39953152,0.5841757,0.4158243,0.08505818,0.25404496,0.0034529,0.04217289,0.04521504,155811,0.18951482,White
AZ-34,199027,0.47161357,0.51485135,0.56206387,0.43793613,0.07517641,0.28158901,0.00476938,0.05025443,0.04057233,153479,-0.0432377800000001,White
AZ-35,199349,0.42616615,0.56594864,0.75783091,0.24216909,0.0399736,0.14884039,0.00263977,0.03270835,0.0223732,169712,-0.13978249,White
AZ-36,199598,0.36720829,0.62411577,0.75175264,0.24824736,0.03523098,0.1174498,0.00360429,0.07140594,0.02344771,151486,-0.25690748,White
CA-1,199715,0.57820203,0.37900539,0.7029339,0.2970661,0.02465374,0.1254556,0.0065357,0.04470944,0.09984237,160503,0.19919664,White
CA-2,199742,0.55081583,0.41527063,0.77527863,0.22472137,0.00949078,0.13186611,0.00433182,0.03035947,0.04662063,163211,0.1355452,White
CA-3,199500,0.49026044,0.48383874,0.09993587,0.90006413,0.02986629,0.84198658,0.00213774,0.02489432,0.04044465,145013,0.00642170000000003,Hispanic
CA-4,200196,0.82957856,0.14302517,0.70339901,0.29660099,0.03467879,0.15293978,0.00527789,0.08247403,0.02814873,159723,0.68655339,White
CA-5,199918,0.79304839,0.16277737,0.38729389,0.61270611,0.0799106,0.12121229,0.00671554,0.39681666,0.02051184,183455,0.63027102,Asian
CA-6,199543,0.76417955,0.19311336,0.39050038,0.60949962,0.03566318,0.08814042,0.00548935,0.47607793,0.01360608,170512,0.57106619,Asian
CA-7,199793,0.87377786,0.09167503,0.62614172,0.37385828,0.05051125,0.09821474,0.00496189,0.2078424,0.01570413,175941,0.78210283,White
CA-8,199829,0.7966291,0.15651107,0.28531179,0.71468821,0.10149373,0.25855192,0.01279148,0.34395525,0.02903047,168237,0.64011803,Asian
CA-9,199073,0.70640197,0.25749504,0.17237391,0.82762609,0.03931792,0.21430172,0.01121466,0.56645533,0.01866284,165141,0.44890693,Asian
CA-10,199351,0.69579355,0.26835709,0.33612524,0.66387476,0.02368756,0.22131444,0.02024753,0.3965874,0.02040956,160464,0.42743646,Asian
CA-11,199396,0.74978043,0.21706225,0.44408037,0.55591963,0.02319752,0.15769348,0.01561983,0.35017688,0.01592523,157172,0.53271818,Minority
CA-12,199488,0.78510295,0.1829283,0.44569065,0.55430935,0.04538925,0.32107862,0.0199115,0.16248557,0.02687572,155940,0.60217465,Minority
CA-13,199276,0.7653664,0.19486279,0.69300883,0.30699117,0.02366977,0.17479718,0.00552374,0.07699236,0.03148413,167640,0.57050361,White
CA-14,200118,0.76985741,0.19501692,0.56618526,0.43381474,0.02268426,0.11014691,0.00706549,0.28023531,0.01502117,160640,0.57484049,White
CA-15,199072,0.70605705,0.26220637,0.63190703,0.36809297,0.02781314,0.22511398,0.00704265,0.08625523,0.03511919,159457,0.44385068,White
CA-16,200024,0.683582,0.28011183,0.68596732,0.31403268,0.01448936,0.21822787,0.00513383,0.03421116,0.04860191,162257,0.40347017,White
CA-17,200486,0.72837739,0.23871022,0.5681168,0.4318832,0.03005709,0.29630493,0.00916836,0.07230085,0.04411524,158698,0.48966717,White
CA-18,199732,0.31734146,0.65536024,0.75741462,0.24258538,0.02757229,0.11470295,0.00650617,0.03071704,0.06533407,161539,-0.33801878,White
CA-19,200137,0.30604822,0.66895326,0.67554441,0.32445559,0.01449799,0.2148117,0.00498143,0.0339052,0.06400378,152366,-0.36290504,White
CA-20,200033,0.47725989,0.48939164,0.69562187,0.30437813,0.0259812,0.16781671,0.00670564,0.05990494,0.05313652,159269,-0.01213175,White
CA-21,200210,0.33777154,0.636242,0.50486508,0.49513492,0.03696252,0.27040576,0.00808156,0.14060965,0.0571765,148610,-0.29847046,White
CA-22,198869,0.61908314,0.3514434,0.6537601,0.3462399,0.0177688,0.25380982,0.00478558,0.03402735,0.04463021,160900,0.26763974,White
CA-23,199127,0.40288038,0.56891973,0.76027,0.23973,0.01741013,0.11845767,0.00593498,0.06567326,0.03479479,157035,-0.16603935,White
CA-24,199797,0.46801988,0.50146931,0.64584781,0.35415219,0.0347753,0.14092103,0.00890062,0.15072826,0.02998418,151113,-0.03344943,White
CA-25,199591,0.37502411,0.59882273,0.76985379,0.23014621,0.01981623,0.10912698,0.00574583,0.05501102,0.03941966,159768,-0.22379862,White
CA-26,199940,0.66233781,0.30183164,0.47043379,0.52956621,0.03631005,0.29503727,0.00912011,0.17557955,0.03534439,158441,0.36050617,Minority
CA-27,199944,0.52936067,0.44386167,0.44586048,0.55413952,0.13762754,0.24456236,0.01721224,0.15222818,0.03686326,156226,0.085499,Minority
CA-28,200156,0.65088369,0.31874971,0.33092216,0.66907784,0.15221249,0.24687834,0.01795841,0.25631727,0.03277266,155526,0.33213398,Minority
CA-29,199109,0.69933203,0.26806924,0.34429961,0.65570039,0.15266257,0.23883152,0.0144336,0.24733367,0.0340964,159489,0.43126279,Minority
CA-30,199681,0.80589781,0.15595892,0.2352534,0.7647466,0.17234484,0.37903433,0.00922864,0.19713399,0.03812582,156036,0.64993889,Hispanic
CA-31,199402,0.56769928,0.40851378,0.15357138,0.84642862,0.07075453,0.60784784,0.0102763,0.17271116,0.03128207,150054,0.1591855,Hispanic
CA-32,199845,0.56236162,0.4130881,0.194198,0.805802,0.05321869,0.58932625,0.01048978,0.16712549,0.03182814,153292,0.14927352,Hispanic
CA-33,200255,0.64144755,0.32634758,0.139287,0.860713,0.08976157,0.64369353,0.00866304,0.12866043,0.0378225,153295,0.31509997,Hispanic
CA-34,198897,0.58794672,0.38646973,0.20865951,0.79134049,0.15674827,0.41485797,0.0161474,0.2160034,0.03207881,152780,0.20147699,Hispanic
CA-35,199881,0.66937537,0.29812019,0.66652649,0.33347351,0.05598336,0.173832,0.00708672,0.07672636,0.02280025,175963,0.37125518,White
CA-36,199168,0.76455255,0.19805498,0.43063009,0.56936991,0.10899913,0.29771341,0.00751179,0.15272378,0.02833449,166405,0.56649757,Minority
CA-37,199345,0.63209628,0.33554313,0.52232195,0.47767805,0.06685906,0.21432363,0.01118995,0.17815457,0.02603464,163897,0.29655315,White
CA-38,200051,0.57520501,0.39547189,0.58353375,0.41646625,0.07781383,0.22457212,0.0114462,0.09479544,0.02865051,157170,0.17973312,White
CA-39,199087,0.62657229,0.3404603,0.41194475,0.58805525,0.03779803,0.11790785,0.00839681,0.42178225,0.01307751,161728,0.28611199,Asian
CA-40,200049,0.56084991,0.40584575,0.55020112,0.44979888,0.02943627,0.11362428,0.0073361,0.29278792,0.01587302,152397,0.15500416,White
CA-41,199326,0.63667475,0.33251643,0.70476096,0.29523904,0.0184447,0.1094427,0.00522394,0.14880171,0.01357357,161564,0.30415832,White
CA-42,200033,0.53827364,0.43178263,0.37262262,0.62737738,0.03654715,0.47355609,0.00730943,0.10426493,0.03563017,151585,0.10649101,Hispanic
CA-43,199030,0.55971278,0.41202601,0.68034928,0.31965072,0.02596538,0.16455623,0.00688825,0.10850917,0.02314862,156208,0.14768677,White
CA-44,198915,0.54327205,0.42714649,0.4063822,0.5936178,0.0538308,0.42134632,0.01727623,0.09681149,0.04176004,154837,0.11612556,Hispanic
CA-45,200121,0.37654769,0.59994584,0.6597153,0.3402847,0.04114477,0.20601531,0.01039467,0.06626685,0.03040685,154406,-0.22339815,White
CA-46,199202,0.38182103,0.59464913,0.63153647,0.36846353,0.02504256,0.23668747,0.00687851,0.06183091,0.05277725,158610,-0.2128281,White
CA-47,199130,0.47873423,0.4904372,0.71478274,0.28521726,0.04492891,0.13417351,0.00852898,0.0703782,0.03630607,159808,-0.01170297,White
CA-48,200332,0.50815192,0.46016508,0.48936544,0.51063456,0.11800839,0.20409282,0.0160736,0.16271817,0.03906102,147820,0.04798684,Minority
CA-49,200298,0.60834673,0.35549068,0.48387986,0.51612014,0.12064021,0.22894341,0.01551313,0.13936884,0.0385466,152387,0.25285605,Minority
CA-50,199104,0.54322637,0.4200829,0.51967167,0.48032833,0.09545576,0.16462168,0.01336041,0.19183226,0.03026009,153139,0.12314347,White
CA-51,199675,0.71315982,0.2491294,0.3832304,0.6167696,0.14570882,0.23409387,0.01621618,0.21765956,0.03807251,160457,0.46403042,Minority
CA-52,200002,0.73478418,0.22512303,0.36426198,0.63573802,0.12715658,0.29130697,0.02709758,0.18818225,0.0395336,155918,0.50966115,Minority
CA-53,200207,0.59849895,0.36869627,0.19552359,0.80447641,0.16116297,0.24297139,0.03534756,0.37286978,0.03013567,147931,0.22980268,Asian
CA-54,200354,0.51607965,0.44983441,0.40126408,0.59873592,0.09606648,0.20994688,0.01682573,0.27216294,0.03298824,150781,0.06624524,Minority
CA-55,199246,0.53601923,0.43383373,0.25270192,0.74729808,0.13604719,0.31122703,0.01570352,0.29734411,0.0358324,146655,0.1021855,Hispanic
CA-56,199502,0.58606906,0.38396348,0.17010309,0.82989691,0.12264007,0.55447501,0.0112623,0.14770372,0.04492397,143754,0.20210558,Hispanic
CA-57,200570,0.50483822,0.45879262,0.32234607,0.67765393,0.07241088,0.33060016,0.0158192,0.25427371,0.03558809,146594,0.0460456,Hispanic
CA-58,200106,0.50147427,0.4689375,0.33060288,0.66939712,0.04026786,0.52575558,0.01450194,0.07576833,0.05066378,145153,0.03253677,Hispanic
CA-59,199062,0.37672551,0.59370835,0.51882406,0.48117594,0.0981027,0.29619893,0.01118954,0.05078676,0.05004857,154430,-0.21698284,White
CA-60,200334,0.55307153,0.41763635,0.41619097,0.58380903,0.13032081,0.28686812,0.01506926,0.14867005,0.03566724,150306,0.13543518,Minority
CA-61,199368,0.66697242,0.30264739,0.23964532,0.76035468,0.15423001,0.41077417,0.01611022,0.18236822,0.03689247,150898,0.36432503,Hispanic
CA-62,200014,0.70861656,0.25888213,0.62005867,0.37994133,0.03406557,0.13278222,0.00697895,0.19346956,0.02011395,159193,0.44973443,White
CA-63,200100,0.65526027,0.31030822,0.60751242,0.39248758,0.02486677,0.07803446,0.00552308,0.27392901,0.01290227,154624,0.34495205,White
CA-64,200024,0.33848641,0.63709531,0.54960312,0.45039688,0.02110729,0.30814923,0.00784495,0.09110994,0.03687657,151180,-0.2986089,White
CA-65,199118,0.62483073,0.3382413,0.48907686,0.51092314,0.02794971,0.13338641,0.00711182,0.33164826,0.02145487,150735,0.28658943,Minority
CA-66,199537,0.89083141,0.05484231,0.49564464,0.50435536,0.12114802,0.12590724,0.00535776,0.2433246,0.02053031,172087,0.8359891,Minority
CA-67,199334,0.87024793,0.07966352,0.44015844,0.55984156,0.1989982,0.12024559,0.00910027,0.22820552,0.02311482,168896,0.79058441,Minority
CA-68,199436,0.81055805,0.13922167,0.12312071,0.87687929,0.28038818,0.41354934,0.01096939,0.17975307,0.05292978,151786,0.67133638,Hispanic
CA-69,199675,0.75190294,0.21331087,0.29766758,0.70233242,0.10895448,0.2212919,0.01352551,0.36048024,0.02782016,159920,0.53859207,Asian
CA-70,199118,0.66593962,0.29439458,0.36653133,0.63346867,0.08274422,0.18150156,0.01203741,0.35519438,0.02526818,154186,0.37154504,Minority
CA-71,199448,0.6869994,0.27768584,0.1513404,0.8486596,0.10003261,0.39534809,0.03829064,0.3270464,0.03385994,156409,0.40931356,Hispanic
CA-72,199975,0.65412301,0.30321559,0.17644539,0.82355461,0.04316193,0.17855522,0.01767139,0.59015031,0.02022876,156411,0.35090742,Asian
CA-73,200230,0.63656397,0.31513589,0.15934846,0.84065154,0.0269009,0.11071472,0.00752068,0.69554737,0.01373649,155571,0.32142808,Asian
CA-74,200117,0.61989203,0.33971863,0.14149004,0.85850996,0.02985139,0.17970723,0.00754465,0.64407387,0.01821336,161969,0.2801734,Asian
CA-75,199713,0.74497963,0.21561765,0.32445319,0.67554681,0.02242489,0.15690596,0.00628915,0.48313477,0.01729672,161071,0.52936198,Asian
CA-76,200160,0.69238844,0.25831803,0.29701283,0.70298717,0.02309469,0.13302793,0.00603238,0.53660445,0.0147276,158478,0.43407041,Asian
CA-77,200168,0.68875665,0.27065643,0.43847649,0.56152351,0.02744861,0.13496096,0.00627251,0.38544064,0.01747251,156875,0.41810022,Minority
CA-78,199326,0.60167373,0.3661731,0.12348338,0.87651662,0.0307657,0.27629868,0.00725173,0.56696064,0.02552763,156928,0.23550063,Asian
CA-79,199820,0.69709665,0.26761146,0.17029135,0.82970865,0.04026531,0.53613172,0.00822284,0.24891513,0.04359752,157853,0.42948519,Hispanic
CA-80,199535,0.71141514,0.25160876,0.477449,0.522551,0.04053253,0.23374397,0.00872469,0.23301107,0.02730847,156911,0.45980638,Minority
CA-81,199748,0.64927967,0.31349257,0.37129826,0.62870174,0.03811267,0.25725573,0.00811974,0.32179611,0.02825207,155670,0.3357871,Minority
CA-82,199200,0.62325442,0.34567096,0.30873863,0.69126137,0.02222177,0.55964791,0.00636839,0.09955516,0.04591733,147918,0.27758346,Hispanic
CA-83,199863,0.57823479,0.39364043,0.19350286,0.80649714,0.02648983,0.72711891,0.0054763,0.04588154,0.05985312,142432,0.18459436,Hispanic
CA-84,199454,0.62938621,0.34012165,0.24517069,0.75482931,0.04165872,0.58527913,0.01429038,0.11770836,0.04936926,146812,0.28926456,Hispanic
CA-85,200146,0.54879318,0.42207697,0.70831746,0.29168254,0.02173699,0.18203272,0.00596738,0.05813125,0.03319854,162718,0.12671621,White
CA-86,199822,0.58527159,0.38334432,0.62680226,0.37319774,0.02649075,0.25261059,0.00464846,0.06940564,0.03258768,165001,0.20192727,White
CA-87,199173,0.47049126,0.50156969,0.36877734,0.63122266,0.02842593,0.53140679,0.00587273,0.05768007,0.05323787,146099,-0.0310784299999999,Hispanic
CA-88,199512,0.73076317,0.23626391,0.54869912,0.45130088,0.02504732,0.29721377,0.00382717,0.11088618,0.02912005,166964,0.49449926,White
CA-89,199553,0.61903308,0.34925531,0.53903116,0.46096884,0.02092613,0.37415572,0.00469448,0.04491031,0.0408603,158271,0.26977777,White
CA-90,199527,0.63709035,0.33347154,0.18460407,0.81539593,0.03406477,0.68683346,0.00663083,0.08949928,0.0514749,148247,0.30361881,Hispanic
CA-91,199686,0.47942864,0.49407433,0.27387563,0.72612437,0.04863703,0.55551665,0.00512558,0.10899568,0.05152192,142813,-0.01464569,Hispanic
CA-92,198695,0.38885317,0.58679046,0.49393641,0.50606359,0.0295721,0.36521983,0.01182617,0.08268283,0.04202704,149499,-0.19793729,Minority
CA-93,199793,0.39158549,0.5833886,0.64948199,0.35051801,0.0280564,0.22050749,0.01020809,0.05526953,0.04880863,157718,-0.19180311,White
CA-94,199129,0.48594946,0.48670895,0.21424071,0.78575929,0.03738946,0.69499373,0.00769596,0.03697174,0.04129054,141243,-0.000759489999999974,Hispanic
CA-95,199773,0.50423635,0.46646504,0.43945326,0.56054674,0.02693419,0.40744132,0.00500633,0.11182754,0.03488198,154005,0.03777131,Minority
CA-96,199436,0.53336945,0.43853377,0.62836302,0.37163698,0.02530758,0.20477726,0.00510284,0.12104686,0.0256269,159715,0.09483568,White
CA-97,199395,0.38632456,0.59088845,0.26702769,0.73297231,0.0332367,0.63511224,0.00362917,0.0485898,0.06073193,141079,-0.20456389,Hispanic
CA-98,199394,0.54653079,0.4261171,0.21033015,0.78966985,0.10999344,0.51249797,0.00474365,0.15696406,0.04280581,141663,0.12041369,Hispanic
CA-99,199124,0.55416842,0.41596702,0.3105544,0.6894456,0.06613481,0.5145701,0.00453429,0.09620107,0.04996639,145778,0.1382014,Hispanic
CA-100,200287,0.3542378,0.62170412,0.59562188,0.40437812,0.02731396,0.21383776,0.0046082,0.12769524,0.04185511,152120,-0.26746632,White
CA-101,199313,0.49098801,0.48295341,0.30523571,0.69476429,0.06139485,0.42522439,0.00456719,0.19559563,0.03962828,144947,0.00803459999999995,Hispanic
CA-102,200140,0.48591623,0.48922022,0.14547276,0.85452724,0.0120092,0.7883469,0.00242923,0.04686903,0.03590505,138727,-0.00330398999999998,Hispanic
CA-103,199077,0.35989117,0.61777118,0.37270356,0.62729644,0.06254627,0.48419217,0.00568099,0.06321056,0.03728281,144517,-0.25788001,Hispanic
CA-104,200153,0.35111105,0.62733661,0.4001253,0.5998747,0.01947654,0.507295,0.00338995,0.04499513,0.04878881,143660,-0.27622556,Hispanic
CA-105,200077,0.47623956,0.49671802,0.12702094,0.87297906,0.03500291,0.7662838,0.0038674,0.06615295,0.03714016,137560,-0.02047846,Hispanic
CA-106,199513,0.51925733,0.4495678,0.15810356,0.84189644,0.06684796,0.74598964,0.00246677,0.01956326,0.0471361,134589,0.0696895299999999,Hispanic
CA-107,199745,0.46611044,0.50850352,0.21864288,0.78135712,0.08647309,0.58123143,0.00339922,0.10332638,0.03791276,140032,-0.04239308,Hispanic
CA-108,199721,0.2989385,0.68000321,0.50760101,0.49239899,0.04485243,0.33887821,0.00411453,0.08275225,0.03924418,147283,-0.38106471,White
CA-109,199740,0.49474776,0.47964874,0.20450759,0.79549241,0.17736934,0.55590652,0.0087732,0.05305939,0.04392396,138034,0.01509902,Hispanic
CA-110,199810,0.32017042,0.65510803,0.57130564,0.42869436,0.06312759,0.29051134,0.005302,0.03851729,0.05076287,151075,-0.33493761,White
CA-111,199049,0.33358064,0.64265325,0.47356908,0.52643092,0.06863261,0.3869513,0.00521867,0.04795371,0.04429457,148122,-0.30907261,Minority
CA-112,199384,0.50513639,0.46471693,0.30652847,0.69347153,0.2086357,0.41410165,0.00512775,0.06210121,0.04178876,146068,0.04041946,Hispanic
CA-113,199265,0.53647803,0.43285882,0.21721031,0.78278969,0.13632253,0.5860136,0.00465983,0.05391598,0.04459632,144855,0.10361921,Hispanic
CA-114,199121,0.46431059,0.50808907,0.49409084,0.50590916,0.05684519,0.30595475,0.00526778,0.12914211,0.02875468,153575,-0.04377848,Minority
CA-115,200198,0.55457028,0.41528509,0.30932594,0.69067406,0.04324058,0.52413941,0.00374622,0.11575619,0.03791017,154022,0.13928519,Hispanic
CA-116,199938,0.3823246,0.59211081,0.58903225,0.41096775,0.04325337,0.27558119,0.00565203,0.06612363,0.0374351,156404,-0.20978621,White
CA-117,199399,0.57878975,0.38971019,0.27933724,0.72066276,0.03954562,0.60228992,0.00267244,0.07406835,0.03566898,155289,0.18907956,Hispanic
CA-118,199847,0.63665774,0.33260024,0.28327207,0.71672793,0.04470509,0.57075853,0.00356313,0.09829608,0.0351053,159691,0.3040575,Hispanic
CA-119,199077,0.64136025,0.32790617,0.18146744,0.81853256,0.05392931,0.63132391,0.00333807,0.13117906,0.03386137,151884,0.31345408,Hispanic
CA-120,200518,0.629719,0.33536234,0.25932502,0.74067498,0.05789694,0.52424315,0.00348143,0.15593491,0.03611425,157694,0.29435666,Hispanic
CA-121,199001,0.57125232,0.39623648,0.41110066,0.58889934,0.05665445,0.29529757,0.00477794,0.23179185,0.02150072,161576,0.17501584,Minority
CA-122,199765,0.57390234,0.39878097,0.60071418,0.39928582,0.04996787,0.17219394,0.00423195,0.1633779,0.01839198,161864,0.17512137,White
CA-123,200438,0.70231148,0.26717838,0.73063466,0.26936534,0.03882971,0.10396399,0.00346287,0.10728282,0.01606602,166625,0.4351331,White
CA-124,199761,0.5268268,0.45350198,0.35734465,0.64265535,0.02370472,0.57842004,0.00252947,0.03279766,0.02939437,152206,0.07332482,Hispanic
CA-125,199755,0.65045467,0.33263884,0.55249201,0.44750799,0.03656074,0.34076214,0.00342776,0.05391525,0.02969324,166873,0.31781583,White
CA-126,199822,0.47646545,0.49896727,0.38130057,0.61869943,0.09393705,0.4467159,0.00573234,0.05585032,0.05079786,150026,-0.02250182,Hispanic
CA-127,200531,0.41288775,0.56070837,0.51208139,0.48791861,0.06152101,0.2950567,0.00869246,0.10783856,0.0424016,149900,-0.14782062,White
CA-128,199993,0.39155644,0.58403047,0.48593262,0.51406738,0.07484897,0.29001083,0.01065185,0.13110489,0.03375355,146829,-0.19247403,Minority
CA-129,200042,0.41471089,0.56259864,0.44895171,0.55104829,0.07943941,0.37392302,0.0088745,0.08119706,0.03535873,150769,-0.14788775,Minority
CA-130,199050,0.41738803,0.54746985,0.42093525,0.57906475,0.06652198,0.36876689,0.00763618,0.12890963,0.03299469,150206,-0.13008182,Minority
CA-131,200122,0.56346546,0.40704088,0.14068873,0.85931127,0.14384306,0.64375132,0.00665444,0.06781455,0.03850822,141710,0.15642458,Hispanic
CA-132,199734,0.55468258,0.41401313,0.2468296,0.7531704,0.14328746,0.4986422,0.00793588,0.1057634,0.03660128,151716,0.14066945,Hispanic
CA-133,200216,0.5295717,0.4377379,0.2648214,0.7351786,0.06576508,0.59772055,0.00628011,0.06036219,0.04245223,150475,0.0918338,Hispanic
CA-134,198925,0.44487068,0.52247465,0.30197977,0.69802023,0.07547998,0.4671845,0.00736844,0.14565308,0.03408237,150371,-0.07760397,Hispanic
CA-135,199830,0.54786196,0.42116312,0.24212636,0.75787364,0.12017111,0.54938416,0.00683346,0.08213931,0.0386311,145168,0.12669884,Hispanic
CA-136,200505,0.54974259,0.42138011,0.15835893,0.84164107,0.08281291,0.662389,0.0056199,0.09163266,0.04013929,148757,0.12836248,Hispanic
CA-137,199193,0.56000367,0.41140915,0.13752651,0.86247349,0.13114295,0.68668762,0.00538263,0.04140914,0.04311003,142867,0.14859452,Hispanic
CA-138,199587,0.55245493,0.41992158,0.1334056,0.8665944,0.11127196,0.6651481,0.00506343,0.08905599,0.03969784,145751,0.13253335,Hispanic
CA-139,198811,0.46450642,0.50557919,0.37750044,0.62249956,0.10449381,0.34344445,0.00569116,0.16683667,0.02915094,153923,-0.04107277,Minority
CA-140,200102,0.49399469,0.47878124,0.19915348,0.80084652,0.06985791,0.58384225,0.00554268,0.14099231,0.03447882,148845,0.01521345,Hispanic
CA-141,199372,0.53642464,0.43414009,0.22304702,0.77695298,0.07204426,0.60749461,0.00518898,0.092278,0.04356103,151282,0.10228455,Hispanic
CA-142,200021,0.53883173,0.43174577,0.13778856,0.86221144,0.04943544,0.68836105,0.00429701,0.12254409,0.04118518,151268,0.10708596,Hispanic
CA-143,200567,0.42864185,0.54614329,0.63714802,0.36285198,0.03599138,0.24342322,0.00901959,0.06138536,0.02834461,160983,-0.11750144,White
CA-144,199744,0.49664306,0.47306595,0.61988214,0.38011786,0.02084398,0.19179541,0.00472299,0.15072939,0.02017279,162397,0.02357711,White
CA-145,199802,0.46152476,0.50758999,0.64711214,0.35288786,0.02220035,0.16376726,0.00530892,0.14954324,0.01917038,154457,-0.0460652300000001,White
CA-146,199711,0.53387689,0.42126268,0.38577642,0.61422358,0.0239583,0.14772735,0.00496032,0.43165444,0.01624888,150595,0.11261421,Asian
CA-147,200171,0.59281096,0.36367777,0.401399,0.598601,0.03777423,0.13537638,0.00485157,0.41693131,0.01154297,164689,0.22913319,Asian
CA-148,199766,0.47191975,0.49901791,0.6763273,0.3236727,0.01629136,0.19369285,0.00524083,0.09437125,0.02096332,165241,-0.02709816,White
CA-149,200631,0.44151312,0.53045154,0.61743098,0.38256902,0.01954099,0.17768287,0.00803844,0.16024704,0.02483119,164833,-0.0889384200000001,White
CA-150,199501,0.48520536,0.48258967,0.18385074,0.81614926,0.05015485,0.24443563,0.00534406,0.52021804,0.01790795,158868,0.00261568999999995,Asian
CA-151,200561,0.47056664,0.49506227,0.50135554,0.49864446,0.0219516,0.24462324,0.00573522,0.21828257,0.022033,159715,-0.02449563,White
CA-152,199587,0.60068409,0.36748916,0.14233933,0.85766067,0.0184289,0.7147637,0.00544369,0.11934304,0.05786913,150633,0.23319493,Hispanic
CA-153,200369,0.58063007,0.39046657,0.12746251,0.87253749,0.01933221,0.65441133,0.00568865,0.19446506,0.04315096,152233,0.1901635,Hispanic
CA-154,199799,0.56214425,0.406005,0.27495728,0.72504272,0.02924391,0.54035789,0.00708689,0.14733516,0.03604063,155075,0.15613925,Hispanic
CA-155,199053,0.45853604,0.51332329,0.22333385,0.77666615,0.01379074,0.23580228,0.00745985,0.51790426,0.01856853,160325,-0.05478725,Asian
CA-156,200148,0.53733307,0.43237753,0.1931974,0.8068026,0.03663933,0.50575724,0.00882992,0.25492923,0.03381893,154588,0.10495554,Hispanic
CA-157,200364,0.44463635,0.52133647,0.45839832,0.54160168,0.02579056,0.26342529,0.00526507,0.2395956,0.02384242,157073,-0.07670012,Minority
CA-158,199402,0.47447702,0.49758944,0.38565308,0.61434692,0.0234625,0.21069471,0.00927398,0.36726726,0.02255817,160341,-0.02311242,Minority
CA-159,199034,0.52446809,0.44539862,0.29884749,0.70115251,0.02866572,0.42962764,0.0052637,0.23462783,0.03169091,156354,0.07906947,Hispanic
CA-160,199800,0.52699597,0.44314966,0.22184924,0.77815076,0.04820978,0.26370455,0.00864605,0.46000582,0.02208583,161461,0.08384631,Asian
CA-161,199436,0.62054089,0.34752684,0.58145211,0.41854789,0.03557837,0.22109933,0.00356505,0.15484829,0.01985728,166337,0.27301405,White
CA-162,199368,0.62018669,0.34704246,0.59262679,0.40737321,0.06807422,0.14776164,0.00293739,0.18580512,0.01730826,161368,0.27314423,White
CA-163,199987,0.7034393,0.26190325,0.38491799,0.61508201,0.0782485,0.31441022,0.00387944,0.21897355,0.03001271,165230,0.44153605,Minority
CA-164,200302,0.65239864,0.31243245,0.10777721,0.89222279,0.01963555,0.29487887,0.00300779,0.58022498,0.0222613,164905,0.33996619,Asian
CA-165,199657,0.55861467,0.4089998,0.13778323,0.86221677,0.01560939,0.20047365,0.00346601,0.64657161,0.01514684,162146,0.14961487,Asian
CA-166,200375,0.61987605,0.35007792,0.04596844,0.95403156,0.0114664,0.70475303,0.00197963,0.23902047,0.0391683,155585,0.26979813,Hispanic
CA-167,199017,0.52193747,0.4454721,0.43115895,0.56884105,0.05485931,0.34325245,0.0061141,0.16185298,0.03076914,161103,0.07646537,Minority
CA-168,199738,0.60265204,0.36676393,0.11757043,0.88242957,0.03202345,0.65919772,0.00320554,0.19262599,0.04152512,156604,0.23588811,Hispanic
CA-169,199577,0.55532891,0.41447246,0.16732846,0.83267154,0.05150896,0.43189467,0.00495884,0.35015099,0.02982715,161933,0.14085645,Hispanic
CA-170,199293,0.58392636,0.38605261,0.09883363,0.90116637,0.01909878,0.64212652,0.00400643,0.23995378,0.03462923,157497,0.19787375,Hispanic
CA-171,198864,0.57443345,0.39510454,0.17241357,0.82758643,0.02254031,0.73451448,0.00469347,0.06760147,0.04679852,154257,0.17932891,Hispanic
CA-172,200123,0.5810521,0.38580857,0.12269505,0.87730495,0.04833967,0.7033746,0.00565001,0.12259233,0.04087909,155752,0.19524353,Hispanic
CA-173,199134,0.71870226,0.24290639,0.36162644,0.63837356,0.12827206,0.37178257,0.00885702,0.12882449,0.03478461,164728,0.47579587,Hispanic
CA-174,200132,0.59995774,0.36916006,0.37269284,0.62730716,0.0884413,0.33312783,0.01189175,0.19296919,0.03259902,157336,0.23079768,Minority
CA-175,200639,0.68814562,0.27890849,0.12489863,0.87510137,0.18423152,0.51410726,0.01928712,0.16657292,0.03714192,152900,0.40923713,Hispanic
CA-176,199465,0.63080491,0.33729061,0.09165665,0.90834335,0.11405437,0.70871001,0.00846225,0.08213828,0.04330094,150551,0.2935143,Hispanic
CA-177,200431,0.72400632,0.24972969,0.681997,0.318003,0.06841302,0.1361379,0.0034866,0.0976649,0.01852829,174382,0.47427663,White
CA-178,199874,0.60806171,0.36165208,0.21670765,0.78329235,0.08007114,0.5508671,0.01284759,0.14671041,0.0378301,155749,0.24640963,Hispanic
CA-179,199386,0.64517305,0.32905234,0.68983716,0.31016284,0.05708736,0.13599936,0.00298692,0.10440158,0.01475744,163714,0.31612071,White
CA-180,199634,0.5575508,0.40734236,0.41648089,0.58351911,0.04248191,0.16964119,0.00880525,0.3593028,0.01921712,160586,0.15020844,Minority
CA-181,199710,0.641424,0.32544156,0.61641374,0.38358626,0.04180127,0.13963389,0.00679889,0.18261213,0.01841835,159732,0.31598244,White
CA-182,199952,0.77931733,0.18774007,0.55910936,0.44089064,0.0717454,0.19417025,0.00522972,0.15853285,0.02207777,169990,0.59157726,White
CA-183,199667,0.75526304,0.2112065,0.54609813,0.45390187,0.05067461,0.14136232,0.00396628,0.2498644,0.01430573,176992,0.54405654,White
CA-184,199968,0.69668138,0.26617541,0.09096215,0.90903785,0.19293391,0.63302361,0.00990144,0.07899517,0.04431388,152503,0.43050597,Hispanic
CA-185,198726,0.8589296,0.11693498,0.05305324,0.94694676,0.59978035,0.31637052,0.00401851,0.03577936,0.02976111,157521,0.74199462,Black
CA-186,199401,0.7670591,0.20605277,0.02769823,0.97230177,0.33511505,0.58808104,0.00977151,0.04907214,0.03341225,149107,0.56100633,Hispanic
CA-187,199081,0.68089063,0.2885594,0.07424792,0.92575208,0.1958415,0.49025997,0.01212251,0.23769162,0.03008967,154671,0.39233123,Hispanic
CA-188,199111,0.73277047,0.23648314,0.01208574,0.98791426,0.20201693,0.78199591,0.00222424,0.00785321,0.03971236,138924,0.49628733,Hispanic
CA-189,199296,0.66730517,0.29552547,0.02008738,0.97991262,0.01529441,0.95544291,0.00192526,0.01045432,0.0524399,148551,0.3717797,Hispanic
CA-190,199113,0.65956424,0.30476337,0.03949198,0.96050802,0.01223262,0.91175802,0.0018516,0.03862968,0.04803476,149600,0.35480087,Hispanic
CA-191,199904,0.72227646,0.23445841,0.06615,0.93385,0.06023567,0.81048937,0.00307674,0.06326717,0.04650667,154709,0.48781805,Hispanic
CA-192,199761,0.76413703,0.19085301,0.20847702,0.79152298,0.03234006,0.56958319,0.00396288,0.18840535,0.04104983,163265,0.57328402,Hispanic
CA-193,199256,0.72238943,0.24511671,0.06033289,0.93966711,0.12394445,0.75209074,0.00232833,0.06543077,0.04808032,147316,0.47727272,Hispanic
CA-194,199303,0.81013734,0.15750816,0.06592822,0.93407178,0.36606312,0.51282149,0.00297659,0.0580181,0.03979759,157899,0.65262918,Hispanic
CA-195,199897,0.79803131,0.15766207,0.44548928,0.55451072,0.05216556,0.30344682,0.00369506,0.19103919,0.02700368,174828,0.64036924,Minority
CA-196,199567,0.71473298,0.23988107,0.14282412,0.85717588,0.09347415,0.54219264,0.00340072,0.22120491,0.05005566,164377,0.47485191,Hispanic
CA-197,199988,0.73720216,0.2216586,0.24780602,0.75219398,0.0745952,0.34183608,0.00331857,0.33118295,0.03031465,172062,0.51554356,Hispanic
CA-198,200118,0.74040731,0.22987799,0.46517992,0.53482008,0.12891194,0.26018548,0.00362269,0.13520555,0.02522798,168107,0.51052932,Minority
CO-1,199569,0.53471138,0.43970505,0.75315276,0.24684724,0.00982787,0.19494402,0.00223039,0.01554204,0.02562059,155578,0.09500633,White
CO-2,199800,0.34838286,0.6275306,0.8042547,0.1957453,0.0109116,0.12850662,0.00281793,0.01575136,0.03563486,158272,-0.27914774,White
CO-3,199078,0.54065194,0.43182092,0.7915299,0.2084701,0.01005701,0.12441077,0.00247415,0.01393174,0.05773218,162076,0.10883102,White
CO-4,199792,0.48394303,0.48912913,0.53056646,0.46943354,0.02599103,0.39921963,0.00276433,0.01402499,0.05584576,157362,-0.00518610000000003,White
CO-5,199603,0.5535279,0.41729781,0.64603143,0.35396857,0.09175637,0.19316569,0.00703403,0.04226069,0.03981134,159226,0.13623009,White
CO-6,198983,0.45131455,0.51925859,0.73266112,0.26733888,0.05811576,0.1352669,0.00534192,0.04506767,0.03348925,156498,-0.06794404,White
CO-7,198494,0.41846726,0.55502959,0.65052848,0.34947152,0.09407726,0.15912802,0.01153555,0.06977617,0.03387004,143903,-0.13656233,White
CO-8,198572,0.32825524,0.64670003,0.72993978,0.27006022,0.03981433,0.17260789,0.00346103,0.01653672,0.0407077,160068,-0.31844479,White
CO-9,198221,0.26071713,0.71700588,0.79922048,0.20077952,0.02410211,0.11944577,0.00390429,0.02301722,0.0323125,149323,-0.45628875,White
CO-10,199912,0.49419614,0.48095646,0.77660024,0.22339976,0.02480879,0.08463544,0.00270142,0.09174091,0.01974782,149181,0.01323968,White
CO-11,198771,0.42552844,0.54923458,0.83908239,0.16091761,0.0163553,0.08014028,0.00321205,0.03555383,0.0236042,149126,-0.12370614,White
CO-12,199762,0.61224704,0.35844055,0.7924931,0.2075069,0.01898687,0.12240933,0.00238187,0.03630953,0.02927529,161638,0.25380649,White
CO-13,199682,0.59734427,0.3744254,0.76575135,0.23424865,0.01904556,0.14582857,0.00245251,0.03978996,0.03319846,161875,0.22291887,White
CO-14,198752,0.56091017,0.41089424,0.72625115,0.27374885,0.0209614,0.17201228,0.00230125,0.05332274,0.03266151,159913,0.15001593,White
CO-15,199387,0.7552085,0.21573324,0.47019842,0.52980158,0.04857116,0.4200576,0.00244312,0.04279249,0.04876104,157995,0.53947526,Minority
CO-16,198890,0.80763997,0.16215146,0.76555504,0.23444496,0.05967997,0.1054594,0.0023881,0.04815626,0.023498,177547,0.64548851,White
CO-17,199840,0.77388699,0.20025019,0.64588121,0.35411879,0.13545846,0.14516069,0.00309949,0.05498342,0.02721219,160994,0.5736368,White
CO-18,199966,0.59455416,0.37813307,0.77704023,0.22295977,0.02928754,0.10896781,0.00252783,0.05895331,0.02550525,158634,0.21642109,White
CO-19,198940,0.55106026,0.41894258,0.63106278,0.36893722,0.10666973,0.13767303,0.00445415,0.10635206,0.02686682,147952,0.13211768,White
CO-20,198849,0.62714202,0.34097977,0.43641978,0.56358022,0.21339356,0.25424186,0.007078,0.0799123,0.0348567,151879,0.28616225,Minority
CO-21,198245,0.68326304,0.28915214,0.25455986,0.74544014,0.20104428,0.4664714,0.00872352,0.06530967,0.04005179,141342,0.3941109,Hispanic
CO-22,198850,0.58505971,0.38546237,0.42194826,0.57805174,0.02791027,0.47967529,0.00284964,0.04853139,0.04683374,148440,0.19959734,Hispanic
CO-23,199718,0.49000703,0.48351548,0.60481647,0.39518353,0.03012665,0.2801114,0.00354391,0.06011099,0.03912534,147577,0.00649155000000001,White
CO-24,198245,0.68532862,0.28726656,0.76110828,0.23889172,0.01829292,0.11936099,0.00224581,0.07462102,0.0232546,153174,0.39806206,White
CO-25,198660,0.76060657,0.21155699,0.73856241,0.26143759,0.01857602,0.15187127,0.00249139,0.06449045,0.02412391,164567,0.54904958,White
CO-26,198496,0.53489039,0.43699153,0.84761143,0.15238857,0.01139167,0.08474428,0.00208597,0.0224336,0.02666175,160117,0.09789886,White
CO-27,198316,0.66863077,0.30120784,0.78801187,0.21198813,0.02152912,0.11595618,0.00294851,0.04659148,0.02576528,160759,0.36742293,White
CO-28,199020,0.42823814,0.54477855,0.66813071,0.33186929,0.02043061,0.25295428,0.00280742,0.03174907,0.03403735,146398,-0.11654041,White
CO-29,199301,0.29472456,0.68100989,0.67231814,0.32768186,0.02166547,0.2635966,0.00229479,0.01528057,0.03359836,148162,-0.38628533,White
CT-1,199397,0.71593892,0.27043985,0.29413819,0.70586181,0.33303153,0.34066922,0.00241871,0.04559329,0.01878056,154628,0.44549907,Hispanic
CT-2,199945,0.7085626,0.273255,0.53110833,0.46889167,0.2104866,0.20141347,0.00169768,0.05883389,0.01311611,159041,0.4353076,White
CT-3,200264,0.56620368,0.41490265,0.71213686,0.28786314,0.09987202,0.09474673,0.00104484,0.08026115,0.01643307,161747,0.15130103,White
CT-4,199439,0.54431752,0.43787418,0.85089052,0.14910948,0.02764389,0.05333733,0.00090021,0.04923639,0.01395948,159963,0.10644334,White
CT-5,200071,0.43266053,0.55321068,0.84500839,0.15499161,0.03878183,0.07411543,0.00103015,0.02611775,0.01414454,162112,-0.12055015,White
CT-6,199506,0.55470297,0.42710396,0.78947173,0.21052827,0.06384489,0.06510413,0.00094443,0.0684436,0.01243812,162002,0.12759901,White
CT-7,200892,0.47390686,0.50970757,0.85781724,0.14218276,0.02918527,0.0419794,0.00100155,0.04470922,0.01807056,163747,-0.03580071,White
CT-8,200558,0.53818063,0.44349919,0.7516439,0.2483561,0.06474288,0.11200264,0.00325672,0.0474027,0.03011225,160898,0.0946814400000001,White
CT-9,200950,0.57536422,0.40814303,0.81627056,0.18372944,0.05025696,0.08104943,0.00185058,0.03599231,0.01657029,164813,0.16722119,White
CT-10,200502,0.54516993,0.43978996,0.77923294,0.22076706,0.07459783,0.08561066,0.00100881,0.04988201,0.01190755,166533,0.10537997,White
CT-11,201197,0.73625691,0.24507383,0.36899054,0.63100946,0.31885388,0.24703258,0.00192906,0.07287694,0.02119451,159145,0.49118308,Minority
CT-12,200249,0.55162938,0.4339409,0.4840887,0.5159113,0.18436221,0.30253993,0.00258497,0.03159413,0.01927634,153193,0.11768848,Minority
CT-13,200525,0.46483424,0.51978179,0.83808289,0.16191711,0.03379826,0.06952016,0.00090856,0.03319674,0.01097159,159594,-0.05494755,White
CT-14,201098,0.47973224,0.49225239,0.78113364,0.21886636,0.0580118,0.09052167,0.00080409,0.05545728,0.01031087,161674,-0.01252015,White
CT-15,200018,0.57814567,0.40489224,0.67691351,0.32308649,0.05424916,0.16492686,0.00115841,0.06532936,0.01200301,152795,0.17325343,White
CT-16,201009,0.66764651,0.32082995,0.30029802,0.69970198,0.32634304,0.33651055,0.00235722,0.03277625,0.01783007,155692,0.34681656,Hispanic
CT-17,200309,0.63660925,0.34731457,0.69123967,0.30876033,0.07834063,0.16095284,0.00096581,0.05908281,0.01087668,154275,0.28929468,White
CT-18,200015,0.60572526,0.37902847,0.5859444,0.4140556,0.10278634,0.21122796,0.00117554,0.0892645,0.01244162,157375,0.22669679,White
DE-1,197748,0.76527107,0.2208269,0.39269763,0.60730237,0.43306483,0.12731044,0.00149532,0.04786331,0.01922464,153813,0.54444417,Black
DE-2,198255,0.60601579,0.37664944,0.74077906,0.25922094,0.09432487,0.07432179,0.00095458,0.07748114,0.01311162,162375,0.22936635,White
DE-3,197658,0.60047958,0.38363785,0.56513047,0.43486953,0.27738482,0.07686943,0.00116227,0.06930469,0.0194,150567,0.21684173,White
DE-4,197984,0.47403463,0.51000271,0.61994456,0.38005544,0.25169659,0.07731083,0.00203983,0.03100279,0.02816533,152954,-0.03596808,White
DE-5,198303,0.44764807,0.54064923,0.78510566,0.21489434,0.09867915,0.07847577,0.00112919,0.01683411,0.02021558,163834,-0.09300116,White
FL-1,199033,0.48166938,0.50104418,0.60683455,0.39316545,0.25944998,0.05995114,0.0034392,0.04609409,0.02708764,159630,-0.0193748,White
FL-2,199866,0.25353281,0.73345906,0.77424153,0.22575847,0.09872823,0.04951734,0.00356249,0.03641657,0.03739977,156632,-0.47992625,White
FL-3,198501,0.28539886,0.69952605,0.73248852,0.26751148,0.09881913,0.08726635,0.0045226,0.04939038,0.03142152,156326,-0.41412719,White
FL-4,199478,0.23842277,0.74771666,0.7859707,0.2140293,0.07592114,0.07006271,0.00337714,0.03370692,0.03154788,155161,-0.50929389,White
FL-5,198647,0.25578032,0.73002553,0.76648371,0.23351629,0.10672049,0.06453905,0.00259036,0.03041792,0.02992751,159051,-0.47424521,White
FL-6,199914,0.55744401,0.42701406,0.56686586,0.43313414,0.32509101,0.06028761,0.0015548,0.03330648,0.01751494,160149,0.13042995,White
FL-7,199750,0.58347254,0.40017687,0.5299501,0.4700499,0.33361945,0.08922661,0.00155,0.0359216,0.01678441,161936,0.18329567,White
FL-8,198689,0.20561081,0.78543229,0.7481987,0.2518013,0.17112049,0.04361834,0.00164833,0.00847892,0.02710381,160162,-0.57982148,White
FL-9,198660,0.455203,0.53292738,0.38568953,0.61431047,0.2187001,0.36614005,0.0012503,0.02033092,0.02009989,147165,-0.0777243799999999,Minority
FL-10,199498,0.58622147,0.40045844,0.37816052,0.62183948,0.50506545,0.07396817,0.00212304,0.03388908,0.01836433,150727,0.18576303,Black
FL-11,199121,0.60558415,0.37769063,0.42090942,0.57909058,0.44625199,0.0832601,0.00277317,0.03864857,0.01989389,153615,0.22789352,Black
FL-12,199518,0.50793414,0.47395019,0.49927936,0.50072064,0.28364813,0.1395646,0.00300213,0.06753227,0.01898834,158887,0.03398395,Minority
FL-13,198545,0.3793137,0.60518839,0.7053262,0.2946738,0.11632457,0.08829394,0.00363593,0.07063641,0.02008568,158969,-0.22587469,White
FL-14,198885,0.39451811,0.58764992,0.63134782,0.36865218,0.13036605,0.12851542,0.00273517,0.09056178,0.01817383,159405,-0.19313181,White
FL-15,199267,0.32723189,0.65801809,0.79309715,0.20690285,0.05901757,0.0757542,0.00171692,0.05053434,0.01689886,147939,-0.3307862,White
FL-16,200190,0.3578404,0.6309621,0.80245707,0.19754293,0.07499156,0.0781014,0.0016645,0.0235637,0.01740325,168819,-0.2731217,White
FL-17,198527,0.42017078,0.56676366,0.60254039,0.39745961,0.11384859,0.24864745,0.00191954,0.02369971,0.02283814,157850,-0.14659288,White
FL-18,199204,0.3106075,0.67595864,0.69425732,0.30574268,0.13808118,0.0981643,0.00387125,0.04666014,0.0254179,151114,-0.36535114,White
FL-19,200145,0.55228667,0.42890169,0.65901097,0.34098903,0.14039086,0.1118012,0.00147995,0.07152057,0.01785847,161492,0.12338498,White
FL-20,199249,0.52429507,0.46049683,0.54080769,0.45919231,0.23877781,0.15489211,0.00181381,0.05344046,0.01770596,164295,0.06379824,White
FL-21,199083,0.29491049,0.69497175,0.76294057,0.23705943,0.08459151,0.10936677,0.00178427,0.01949062,0.02333794,161411,-0.40006126,White
FL-22,198873,0.62403241,0.35957764,0.63282991,0.36717009,0.24000143,0.07412823,0.00167014,0.03689175,0.01582179,168249,0.26445477,White
FL-23,199021,0.47037459,0.5142808,0.70691307,0.29308693,0.08345937,0.11568983,0.00186791,0.07220371,0.02014931,165961,-0.04390621,White
FL-24,200195,0.38816262,0.59950858,0.83522339,0.16477661,0.04078004,0.07037612,0.00167383,0.03093399,0.01718426,172658,-0.21134596,White
FL-25,198963,0.45159502,0.53367365,0.73779226,0.26220774,0.08372381,0.12521109,0.00209904,0.0340009,0.01999738,168172,-0.08207863,White
FL-26,200195,0.50288907,0.48580815,0.46504833,0.53495167,0.27754793,0.21920691,0.00213076,0.02456911,0.01844481,152997,0.0170809200000001,Minority
FL-27,199339,0.47545185,0.51163551,0.77410902,0.22589098,0.05817633,0.12053485,0.0011055,0.02785983,0.01410832,170963,-0.03618366,White
FL-28,199917,0.42826245,0.55989922,0.68701593,0.31298407,0.09297713,0.18313732,0.00141759,0.02035738,0.01712673,164363,-0.13163677,White
FL-29,199793,0.34606098,0.64258071,0.77267517,0.22732483,0.06744315,0.10923153,0.00117089,0.0314291,0.01612128,162270,-0.29651973,White
FL-30,199019,0.45280543,0.52967013,0.62760398,0.37239602,0.09558942,0.20587003,0.00228744,0.05954444,0.01861529,155195,-0.0768647,White
FL-31,199506,0.47702791,0.50587137,0.57056823,0.42943177,0.15345617,0.19285111,0.00196271,0.07471742,0.01781148,156416,-0.02884346,White
FL-32,198464,0.57244943,0.41378443,0.36265317,0.63734683,0.37649326,0.21457493,0.00237584,0.0411388,0.01922086,149421,0.158665,Black
FL-33,200277,0.48635703,0.4941598,0.54614267,0.45385733,0.09546302,0.21074838,0.00254745,0.1021169,0.0152847,150739,-0.00780276999999996,White
FL-34,198843,0.71575584,0.26905699,0.19961122,0.80038878,0.48616611,0.23552745,0.00287645,0.04947101,0.01408673,152271,0.44669885,Black
FL-35,199861,0.55931752,0.4229689,0.61537342,0.38462658,0.12942974,0.19565455,0.00217697,0.05048269,0.01731268,164908,0.13634862,White
FL-36,198757,0.53280169,0.44819472,0.48223284,0.51776716,0.13085445,0.29768786,0.00292105,0.08547009,0.01865644,161928,0.08460697,Minority
FL-37,199328,0.54926978,0.43339082,0.28515001,0.71484999,0.13136453,0.54700768,0.00309123,0.05447179,0.0210916,157219,0.11587896,Hispanic
FL-38,200201,0.54064592,0.44237043,0.39090773,0.60909227,0.14874887,0.40051829,0.00310585,0.06230588,0.01915602,153581,0.09827549,Hispanic
FL-39,199636,0.55601826,0.42921225,0.23951802,0.76048198,0.12480884,0.57766223,0.00370852,0.06374573,0.01713437,156936,0.12680601,Hispanic
FL-40,199617,0.53859518,0.44554431,0.28477767,0.71522233,0.14995303,0.52655785,0.00287041,0.04585486,0.01940791,153288,0.09305087,Hispanic
FL-41,200056,0.35393969,0.63546193,0.87318974,0.12681026,0.0288707,0.05849501,0.00106907,0.01964633,0.01333123,171177,-0.28152224,White
FL-42,199446,0.33790782,0.65220093,0.8617844,0.1382156,0.04466641,0.05733242,0.00125702,0.01695001,0.0146389,177404,-0.31429311,White
FL-43,200196,0.41342585,0.57477205,0.72754068,0.27245932,0.15249121,0.06984849,0.00155941,0.02998907,0.01885466,169295,-0.1613462,White
FL-44,198621,0.42469811,0.56099601,0.6677047,0.3322953,0.14793876,0.12959393,0.00215022,0.03752379,0.02079781,161844,-0.1362979,White
FL-45,198481,0.38078615,0.60424182,0.80201727,0.19798273,0.04558372,0.08573397,0.00225632,0.04293102,0.01934335,163984,-0.22345567,White
FL-46,199318,0.37214624,0.61348518,0.7497453,0.2502547,0.11461415,0.0830009,0.00284771,0.0272128,0.0237575,162938,-0.24133894,White
FL-47,200122,0.30667277,0.68209632,0.80627975,0.19372025,0.07727064,0.07430473,0.00139537,0.01639404,0.02118419,165548,-0.37542355,White
FL-48,199817,0.22358547,0.76604159,0.82147389,0.17852611,0.09704896,0.04423422,0.00165831,0.01136321,0.02237465,159198,-0.54245612,White
FL-49,199646,0.22371938,0.76696868,0.77405753,0.22594247,0.10172721,0.08667271,0.00156792,0.01107537,0.02403098,160085,-0.5432493,White
FL-50,199537,0.33508529,0.65400284,0.75808694,0.24191306,0.09853142,0.10218457,0.00177474,0.0210163,0.019516,163968,-0.31891755,White
FL-51,200412,0.41124275,0.57783747,0.62109053,0.37890947,0.11420887,0.20974029,0.00209455,0.03547725,0.02095172,161371,-0.16659472,White
FL-52,199366,0.30771241,0.68338474,0.8611917,0.1388083,0.05476076,0.05400372,0.00091176,0.01252701,0.01395819,180969,-0.37567233,White
FL-53,199209,0.26989048,0.72050501,0.84650183,0.15349817,0.04086794,0.06888895,0.00125263,0.01821366,0.02166879,168445,-0.45061453,White
FL-54,199327,0.3936637,0.59357316,0.82088588,0.17911412,0.0403458,0.08697017,0.00154549,0.03192408,0.01631823,165643,-0.19990946,White
FL-55,199518,0.33047289,0.65909795,0.77099808,0.22900192,0.04941627,0.13946369,0.00150304,0.01906713,0.02212229,163003,-0.32862506,White
FL-56,200199,0.35844875,0.62794321,0.76114086,0.23885914,0.05130229,0.12792416,0.00185681,0.03923934,0.0206586,158336,-0.26949446,White
FL-57,199507,0.38419524,0.60090359,0.68370937,0.31629063,0.09084237,0.17237779,0.00173991,0.03649386,0.02060055,158054,-0.21670835,White
FL-58,199268,0.36382693,0.62524685,0.78238551,0.21761449,0.06778224,0.11274318,0.00141077,0.01918175,0.01575559,168702,-0.26141992,White
FL-59,198563,0.37179101,0.61767842,0.76966476,0.23033524,0.07983867,0.11159302,0.00114387,0.02028585,0.01444734,167851,-0.24588741,White
FL-60,198666,0.34001837,0.64951295,0.61149655,0.38850345,0.08086272,0.27441486,0.00194726,0.02303179,0.02259333,155090,-0.30949458,White
FL-61,198591,0.28146931,0.70983453,0.5921289,0.4078711,0.10612253,0.27545675,0.0014234,0.01284225,0.01869401,158072,-0.42836522,White
FL-62,199199,0.31068697,0.68012231,0.74278916,0.25721084,0.04582607,0.1770682,0.00088395,0.01761237,0.01628039,165168,-0.36943534,White
FL-63,199320,0.33308211,0.65652759,0.82397502,0.17602498,0.02805477,0.11164302,0.00131921,0.02060038,0.01167701,173589,-0.32344548,White
FL-64,199900,0.34519339,0.64297873,0.71906048,0.28093952,0.04815392,0.20164678,0.00091025,0.02032888,0.0107326,168086,-0.29778534,White
FL-65,199240,0.3488314,0.63986944,0.80651819,0.19348181,0.0269728,0.12613868,0.00116376,0.02545934,0.01119041,174435,-0.29103804,White
FL-66,199127,0.44524971,0.54020835,0.4259439,0.5740561,0.10396218,0.40857747,0.00244449,0.06193942,0.01637743,160770,-0.09495864,Minority
FL-67,199092,0.43445381,0.55044837,0.58591863,0.41408137,0.07938669,0.25409365,0.00185349,0.07063696,0.01529445,156462,-0.11599456,White
FL-68,200062,0.57379639,0.40865,0.4485125,0.5514875,0.24046717,0.27779259,0.00149401,0.03399024,0.01604974,161311,0.16514639,Minority
FL-69,199563,0.5669536,0.40604661,0.39730114,0.60269886,0.24567407,0.24719137,0.00277634,0.10998192,0.01692924,154880,0.16090699,Minority
FL-70,199797,0.5666578,0.4108083,0.3981125,0.6018875,0.28524366,0.26081985,0.0026226,0.05964162,0.01903002,154808,0.1558495,Minority
FL-71,199372,0.48263356,0.5039814,0.5351522,0.4648478,0.17784151,0.24452962,0.00242836,0.03811218,0.02032606,152366,-0.02134784,White
FL-72,199062,0.36865448,0.61669239,0.57263486,0.42736514,0.11554814,0.26149469,0.00165594,0.03760046,0.02609427,152179,-0.24803791,White
FL-73,199881,0.3546142,0.63268038,0.65593522,0.34406478,0.11900891,0.17906397,0.00192389,0.03128745,0.02083239,154375,-0.27806618,White
FL-74,199590,0.49769026,0.49024048,0.44466989,0.55533011,0.19224829,0.33883673,0.00199027,0.02368936,0.0210529,154753,0.00744978000000002,Minority
FL-75,200286,0.37328433,0.61395311,0.61139719,0.38860281,0.16062731,0.19137791,0.00168688,0.0226333,0.02228451,157688,-0.24066878,White
FL-76,199771,0.3257883,0.66247741,0.66947064,0.33052936,0.10497591,0.17939567,0.00175167,0.02827506,0.02268672,152997,-0.33668911,White
FL-77,199203,0.39224421,0.59554523,0.78799303,0.21200697,0.04272679,0.11719817,0.0013963,0.0368684,0.01244529,164721,-0.20330102,White
FL-78,199069,0.59317424,0.39321591,0.42432582,0.57567418,0.35565592,0.18660272,0.00178291,0.03291856,0.01334385,160973,0.19995833,Minority
FL-79,199129,0.46438376,0.52417721,0.60284949,0.39715051,0.13422348,0.19575411,0.00166177,0.05355027,0.01242464,155256,-0.05979345,White
FL-80,198590,0.51532837,0.47168935,0.26447623,0.73552377,0.20556617,0.50837055,0.00224324,0.02705203,0.0214872,150229,0.04363902,Hispanic
FL-81,198612,0.54898052,0.43818203,0.54103592,0.45896408,0.24353988,0.18289154,0.00164423,0.02176327,0.02107767,164819,0.11079849,White
FL-82,198997,0.55484519,0.43346235,0.6207375,0.3792625,0.15456484,0.17766777,0.00125421,0.03802016,0.01063959,165044,0.12138284,White
FL-83,198847,0.46692161,0.52204508,0.74906811,0.25093189,0.055972,0.13408779,0.00117836,0.03611492,0.00768266,171425,-0.0551234700000001,White
FL-84,199413,0.51758305,0.47204606,0.4820763,0.5179237,0.24895856,0.1994263,0.00128505,0.02244878,0.01252771,164196,0.0455369900000001,Minority
FL-85,200296,0.59064628,0.39791318,0.49412877,0.50587123,0.3026226,0.16799732,0.0018673,0.02512479,0.01159283,167086,0.1927331,Minority
FL-86,200242,0.76566774,0.22371174,0.23396462,0.76603538,0.57048493,0.16681717,0.00238076,0.02887852,0.01065973,158353,0.541956,Black
FL-87,199984,0.64388132,0.34315695,0.27580421,0.72419579,0.38446101,0.2857613,0.00222631,0.04990804,0.01227374,154965,0.30072437,Black
FL-88,200280,0.50266409,0.4829301,0.53576289,0.46423711,0.12410415,0.21276292,0.00152279,0.0667306,0.00948666,154322,0.01973399,White
FL-89,199339,0.60123357,0.38563735,0.33395269,0.66604731,0.28980781,0.32774649,0.00161791,0.05009196,0.00933457,158229,0.21559622,Minority
FL-90,198791,0.49106961,0.49540626,0.30954282,0.69045718,0.10855595,0.5049998,0.00154444,0.07402851,0.01049043,152806,-0.00433665,Hispanic
FL-91,199691,0.66408889,0.32385689,0.09962165,0.90037835,0.45386524,0.40813097,0.00182338,0.06040596,0.01054955,153561,0.340232,Black
FL-92,198898,0.51145163,0.4748478,0.36551482,0.63448518,0.14936127,0.42475728,0.00175013,0.06254471,0.01544456,156560,0.0366038300000001,Hispanic
FL-93,199298,0.53986548,0.44679796,0.44333029,0.55666971,0.19086067,0.32359124,0.00202779,0.04056208,0.01323337,161259,0.09306752,Minority
FL-94,199079,0.42508698,0.56366799,0.41622703,0.58377297,0.10130798,0.43912282,0.00097856,0.02773996,0.00851527,164528,-0.13858101,Hispanic
FL-95,198642,0.70232806,0.28825318,0.03903232,0.96096768,0.57412448,0.40348524,0.0014322,0.0137582,0.00725821,154308,0.41407488,Black
FL-96,200249,0.72781048,0.26127462,0.07343883,0.92656117,0.56675678,0.36380852,0.00124332,0.01810786,0.00929622,156838,0.46653586,Black
FL-97,199755,0.60382602,0.38044335,0.27304134,0.72695866,0.24950195,0.45486226,0.00125792,0.0257543,0.01062312,166147,0.22338267,Hispanic
FL-98,199054,0.50271451,0.48270854,0.21409828,0.78590172,0.08725703,0.67983138,0.00108688,0.02639749,0.01147534,166531,0.02000597,Hispanic
FL-99,199522,0.49994951,0.48767546,0.27083656,0.72916344,0.12588283,0.55935749,0.000978,0.04363839,0.00808393,161555,0.01227405,Hispanic
FL-100,199120,0.46486203,0.52608401,0.0779407,0.9220593,0.23549412,0.69218984,0.00128024,0.01765052,0.01866491,142942,-0.0612219800000001,Hispanic
FL-101,199340,0.30463827,0.68524202,0.49522523,0.50477477,0.07220239,0.41184095,0.00081923,0.01408588,0.01263083,163568,-0.38060375,Minority
FL-102,200145,0.41118273,0.57812869,0.13796516,0.86203484,0.09602147,0.74805959,0.00097098,0.02998893,0.00941908,161693,-0.16694596,Hispanic
FL-103,199972,0.37759235,0.61229266,0.37986748,0.62013252,0.08321228,0.51256827,0.00123813,0.02417422,0.01356429,163149,-0.23470031,Hispanic
FL-104,199669,0.29440732,0.69734772,0.05785567,0.94214433,0.02821326,0.90450611,0.00048665,0.02117227,0.00627098,162335,-0.4029404,Hispanic
FL-105,199446,0.3018343,0.68961618,0.06410809,0.93589191,0.02863423,0.90051387,0.00081453,0.01854248,0.00648028,166968,-0.38778188,Hispanic
FL-106,200188,0.35399067,0.63690567,0.05621068,0.94378932,0.04121595,0.91169902,0.000614,0.01307449,0.00895711,166125,-0.282915,Hispanic
FL-107,200230,0.2269141,0.76760323,0.02526506,0.97473494,0.02766334,0.96369335,0.00062332,0.00477875,0.00399516,168454,-0.54068913,Hispanic
FL-108,200383,0.31298829,0.67820086,0.05978468,0.94021532,0.04860528,0.88440737,0.00071899,0.02123896,0.00681454,157164,-0.36521257,Hispanic
GA-1,198580,0.3394317,0.65442811,0.70603737,0.29396263,0.19931632,0.05649906,0.00134149,0.0157846,0.02357476,146852,-0.31499641,White
GA-2,198551,0.69105538,0.30363124,0.35041925,0.64958075,0.55985696,0.05276992,0.00319955,0.02841956,0.01728927,154084,0.38742414,Black
GA-3,199256,0.55972025,0.43311372,0.53605899,0.46394101,0.33753634,0.06653705,0.00208263,0.04584293,0.01649112,158934,0.12660653,White
GA-4,198840,0.55508577,0.43843355,0.47706703,0.52293297,0.38345043,0.08658386,0.0055476,0.0401585,0.02103826,150155,0.11665222,Minority
GA-5,197457,0.56248384,0.43275077,0.42674241,0.57325759,0.49750031,0.04461437,0.00119251,0.02227115,0.01418565,152619,0.12973307,Black
GA-6,198824,0.5678903,0.42856623,0.38220718,0.61779282,0.54817013,0.04580153,0.00237504,0.01589794,0.01225493,155366,0.13932407,Black
GA-7,198800,0.61985011,0.37441347,0.40618939,0.59381061,0.47891305,0.06915566,0.00451461,0.03683183,0.01866746,151065,0.24543664,Black
GA-8,198333,0.37205162,0.6249244,0.55825813,0.44174187,0.37737845,0.0427827,0.00064644,0.0087237,0.01587374,153146,-0.25287278,White
GA-9,197875,0.32688367,0.66830179,0.67994366,0.32005634,0.22208392,0.05970716,0.00255495,0.01817944,0.02162534,152645,-0.34141812,White
GA-10,198476,0.19683405,0.80062167,0.69939377,0.30060623,0.20403976,0.07447484,0.00111848,0.0083919,0.01685661,151098,-0.60378762,White
GA-11,199052,0.37127233,0.6246492,0.53692532,0.46307468,0.33973836,0.09057772,0.00193288,0.01942241,0.01759654,149518,-0.25337687,White
GA-12,198799,0.2682079,0.72884104,0.65350489,0.34649511,0.26074739,0.05789905,0.00116367,0.01272761,0.01685995,151246,-0.46063314,White
GA-13,197553,0.30075869,0.69513673,0.67330372,0.32669628,0.2450915,0.04717436,0.00164331,0.01618236,0.01956799,151523,-0.39437804,White
GA-14,197823,0.30194308,0.6948658,0.62045423,0.37954577,0.32094394,0.038055,0.00108896,0.01136564,0.01310015,153357,-0.39292272,White
GA-15,197785,0.47099746,0.5233967,0.51664117,0.48335883,0.38736282,0.05100765,0.0017293,0.03163951,0.01785833,150350,-0.0523992400000001,White
GA-16,199333,0.37139005,0.62188749,0.64305905,0.35694095,0.23363212,0.05621244,0.00310874,0.05063283,0.02061302,148935,-0.25049744,White
GA-17,197589,0.5993836,0.39245605,0.58556115,0.41443885,0.28822472,0.07161747,0.00150942,0.03793787,0.01522301,162977,0.20692755,White
GA-18,198300,0.66309151,0.33112703,0.36090055,0.63909945,0.54312772,0.0698309,0.00176357,0.01699021,0.01712997,150263,0.33196448,Black
GA-19,198606,0.6376191,0.3560322,0.39353573,0.60646427,0.48983679,0.06564063,0.00146002,0.04207939,0.01828374,149313,0.2815869,Black
GA-20,197861,0.6570889,0.33743758,0.33412325,0.66587675,0.5628899,0.07552864,0.00123552,0.02248913,0.01801291,148116,0.31965132,Black
GA-21,198851,0.83542896,0.15858425,0.10101284,0.89898716,0.69818258,0.1377343,0.00136357,0.0657635,0.01855407,147407,0.67684471,Black
GA-22,198093,0.61951188,0.3728727,0.38215566,0.61784434,0.51466994,0.05569797,0.00114225,0.03933457,0.01542037,150580,0.24663918,Black
GA-23,197434,0.70757842,0.28557822,0.31619861,0.68380139,0.56842325,0.08905969,0.00140787,0.01914436,0.01872672,148451,0.4220002,Black
GA-24,199299,0.33913632,0.6546835,0.66902011,0.33097989,0.21529433,0.07276368,0.00108013,0.02310418,0.02262998,151834,-0.31554718,White
GA-25,197980,0.2918997,0.70286423,0.70175462,0.29824538,0.22067664,0.03676844,0.00118118,0.01898471,0.02031107,151543,-0.41096453,White
GA-26,198614,0.26245161,0.73394511,0.71351813,0.28648187,0.23503632,0.02407525,0.00077036,0.00804666,0.01870865,154474,-0.4714935,White
GA-27,199265,0.73073545,0.26092528,0.30875268,0.69124732,0.48705747,0.15561848,0.00138963,0.0436028,0.02063464,152559,0.46981017,Black
GA-28,198589,0.4618593,0.52794421,0.64639958,0.35360042,0.19996753,0.08605285,0.00146094,0.04986689,0.01932342,154010,-0.0660849100000001,White
GA-29,198694,0.64352128,0.3457428,0.41266048,0.58733952,0.31579382,0.18334816,0.00141096,0.06447184,0.02178086,157340,0.29777848,Minority
GA-30,199063,0.91014259,0.08192538,0.1565213,0.8434787,0.76135605,0.04255131,0.00151204,0.04139838,0.01253103,158726,0.82821721,Black
GA-31,197545,0.89764176,0.09160777,0.24470797,0.75529203,0.65223123,0.06950525,0.00124994,0.03258544,0.01459505,160808,0.80603399,Black
GA-32,199178,0.66610088,0.32350619,0.66568289,0.33431711,0.15362278,0.08538089,0.00133935,0.08430822,0.01280091,168738,0.34259469,White
GA-33,197403,0.49469577,0.49218063,0.70040666,0.29959334,0.09682722,0.0684606,0.00125127,0.11238161,0.01620665,150247,0.00251513999999997,White
GA-34,198146,0.65199552,0.33534753,0.5119726,0.4880274,0.14999093,0.20501696,0.00125618,0.12352042,0.02262426,154436,0.31664799,White
GA-35,199261,0.90419838,0.08621787,0.32927106,0.67072894,0.59150207,0.03775384,0.00133865,0.03687614,0.01233835,158368,0.81798051,Black
GA-36,197528,0.7805998,0.20669514,0.29095316,0.70904684,0.50358313,0.09039615,0.00137939,0.1118227,0.01695995,152241,0.57390466,Black
GA-37,197574,0.90136177,0.09218832,0.06314243,0.93685757,0.88336521,0.04258474,0.00112518,0.01669237,0.01289985,151087,0.80917345,Black
GA-38,197835,0.66359602,0.32714093,0.3269263,0.6730737,0.46533361,0.14599386,0.00157733,0.05975712,0.01926298,143280,0.33645509,Black
GA-39,198115,0.58119244,0.40293262,0.33030634,0.66969366,0.26124611,0.23386074,0.0014242,0.17200968,0.0230246,147451,0.17825982,Minority
GA-40,197843,0.63109032,0.35446609,0.19317506,0.80682494,0.24884714,0.37994193,0.00185824,0.17837062,0.02762084,146375,0.27662423,Hispanic
GA-41,198737,0.50016999,0.48573992,0.59751261,0.40248739,0.15426809,0.10490835,0.00135484,0.12644774,0.01579775,152047,0.01443007,White
GA-42,197819,0.53914697,0.44670204,0.52131447,0.47868553,0.15515226,0.09049946,0.00160926,0.2217493,0.01312367,152244,0.09244493,White
GA-43,197691,0.48943209,0.49884366,0.47832954,0.52167046,0.20836174,0.14086304,0.00147822,0.16473058,0.01755641,148151,-0.00941157000000004,Minority
GA-44,199134,0.40430985,0.58423847,0.57178007,0.42821993,0.08133747,0.09368956,0.00112356,0.23795369,0.01378143,140624,-0.17992862,White
GA-45,197827,0.28186512,0.7118627,0.63728096,0.36271904,0.0793354,0.23912143,0.00091489,0.02575729,0.02611791,149744,-0.42999758,White
GA-46,198091,0.29298995,0.70066656,0.73204431,0.26795569,0.16528589,0.05656293,0.00103558,0.02628379,0.01908815,149674,-0.40767661,White
GA-47,199328,0.25463284,0.7400775,0.74318195,0.25681805,0.13596483,0.07042839,0.00120153,0.02828227,0.0222944,151473,-0.48544466,White
GA-48,198821,0.17596954,0.81990115,0.83986145,0.16013855,0.06529585,0.05601474,0.0010095,0.01401315,0.02340783,158494,-0.64393161,White
GA-49,197595,0.1695257,0.82581041,0.88888889,0.11111111,0.01225919,0.05762386,0.00060888,0.00812258,0.03144204,159309,-0.65628471,White
GA-50,197497,0.23671417,0.75571442,0.81553114,0.18446886,0.03774892,0.08926407,0.00119214,0.03057609,0.02515485,150150,-0.51900025,White
GA-51,198885,0.32228403,0.66942686,0.75623844,0.24376156,0.07838911,0.10978853,0.00141911,0.03005988,0.02405851,150799,-0.34714283,White
GA-52,198929,0.23553727,0.75880451,0.74121577,0.25878423,0.08655969,0.12801342,0.000981,0.01616656,0.0308815,150867,-0.52326724,White
GA-53,198999,0.23812187,0.75597745,0.7881907,0.2118093,0.03790112,0.1312291,0.00115829,0.01529471,0.03256377,151948,-0.51785558,White
GA-54,198552,0.23356369,0.76163079,0.76841803,0.23158197,0.12082906,0.07565603,0.00090712,0.01159019,0.02436159,153233,-0.5280671,White
HI-1,207702,0.63080955,0.34578917,0.37090975,0.62909025,0.01637011,0.08975271,0.28376068,0.38280257,0.03626243,164385,0.28502038,Asian
HI-2,208539,0.62249498,0.35646039,0.35147635,0.64852365,0.01652657,0.08422905,0.24763148,0.42636482,0.02742087,164765,0.26603459,Asian
HI-3,207814,0.57933689,0.40037139,0.29272436,0.70727564,0.02471006,0.0953996,0.2594219,0.48236441,0.02732274,163051,0.1789655,Asian
HI-4,207551,0.45985582,0.52398075,0.16831328,0.83168672,0.05285688,0.11800788,0.32710579,0.534109,0.02732244,153244,-0.06412493,Asian
HI-5,207238,0.58648542,0.39833575,0.11916594,0.88083406,0.02945047,0.07081092,0.17551302,0.74517922,0.01816543,166415,0.18814967,Asian
HI-6,208892,0.62699927,0.35475141,0.14164203,0.85835797,0.03348565,0.05715139,0.18288086,0.6851895,0.0165039,167415,0.27224786,Asian
HI-7,207535,0.68611716,0.29460528,0.22462209,0.77537791,0.02227255,0.05369416,0.14014041,0.64631716,0.01824152,176630,0.39151188,Asian
IA-1,199632,0.46764747,0.5134357,0.80504449,0.19495551,0.07827794,0.06714211,0.00096179,0.0293575,0.0198312,152840,-0.04578823,White
IA-2,200142,0.62800747,0.35272344,0.80570983,0.19429017,0.06905505,0.05182295,0.0012666,0.05539477,0.01230502,157903,0.27528403,White
IA-3,199673,0.54258571,0.43794385,0.84312502,0.15687498,0.07405674,0.03245913,0.00265835,0.02881284,0.0157226,153855,0.10464186,White
IA-4,199742,0.39947844,0.58419247,0.91946625,0.08053375,0.02935608,0.02118833,0.00464605,0.01008691,0.01202546,154755,-0.18471403,White
IA-5,199435,0.37459024,0.6066379,0.88593939,0.11406061,0.03038183,0.04857231,0.00106851,0.01365251,0.01686449,155356,-0.23204766,White
IA-6,198624,0.45302007,0.53011975,0.84219785,0.15780215,0.0737005,0.04177795,0.00449432,0.02245236,0.0141186,155752,-0.07709968,White
IA-7,199827,0.51407011,0.46755481,0.82783368,0.17216632,0.04056958,0.05729951,0.00132554,0.05612795,0.01191648,149373,0.0465153,White
IA-8,199564,0.65387463,0.32802961,0.66673199,0.33326801,0.11535246,0.12787401,0.00156111,0.07104692,0.02148978,153096,0.32584502,White
IA-9,198498,0.45701331,0.52588004,0.87644591,0.12355409,0.03459872,0.03846365,0.00128602,0.02990853,0.01388488,145410,-0.06886673,White
IA-10,199603,0.46561306,0.51423779,0.83038111,0.16961889,0.02823123,0.06718683,0.00895365,0.05083749,0.01938394,159823,-0.04862473,White
IA-11,199005,0.30463495,0.6790732,0.91738317,0.08261683,0.01563039,0.03222939,0.00288592,0.01212748,0.01472813,150732,-0.37443825,White
IA-12,198673,0.33034966,0.65321156,0.89944533,0.10055467,0.01696103,0.04848628,0.00146035,0.00958069,0.01950191,152703,-0.3228619,White
IA-13,199120,0.31558969,0.66737246,0.8096927,0.1903073,0.03326597,0.10754725,0.00431634,0.0217691,0.02512849,149432,-0.35178277,White
IA-14,199675,0.23324316,0.75175345,0.88360016,0.11639984,0.00994893,0.07605434,0.00374906,0.01463857,0.01059806,150971,-0.51851029,White
IA-15,199549,0.32128825,0.66225864,0.92308042,0.07691958,0.01775517,0.03163837,0.00142275,0.00825066,0.0146563,153927,-0.34097039,White
IA-16,199607,0.34331557,0.64027009,0.93845954,0.06154046,0.0111367,0.02711853,0.000934,0.00872385,0.01068915,154175,-0.29695452,White
ID-1,204901,0.22326176,0.75379314,0.89395612,0.10604388,0.00552483,0.03943061,0.00336157,0.01485901,0.03258134,158557,-0.53053138,White
ID-2,205225,0.2845894,0.68896797,0.8772627,0.1227373,0.0070304,0.04064507,0.00290452,0.01631515,0.04754179,164571,-0.40437857,White
ID-3,203704,0.2260944,0.73986645,0.83138684,0.16861316,0.01101161,0.11587048,0.00447411,0.0181552,0.02051142,146845,-0.51377205,White
ID-4,203845,0.25275572,0.71630947,0.82973677,0.17026323,0.00889772,0.09384426,0.00382506,0.01681519,0.04919797,145880,-0.46355375,White
ID-5,203568,0.28588657,0.68787476,0.73302245,0.26697755,0.01270743,0.20499254,0.00349572,0.01902403,0.02898482,148181,-0.40198819,White
ID-6,205154,0.19771311,0.77889968,0.79301314,0.20698686,0.00806382,0.14115013,0.00325885,0.01741385,0.03346151,150053,-0.58118657,White
ID-7,203594,0.28921067,0.68438094,0.71026659,0.28973341,0.01273636,0.21834256,0.00570633,0.02211889,0.0342517,145803,-0.39517027,White
ID-8,204501,0.34798057,0.62567396,0.83187924,0.16812076,0.01562242,0.07708997,0.00530859,0.04102453,0.02542848,151641,-0.27769339,White
ID-9,204614,0.60223753,0.36598998,0.81824964,0.18175036,0.02292729,0.07868671,0.005192,0.04442315,0.02535346,164869,0.23624755,White
IL-1,200393,0.6139737,0.35252144,0.62512481,0.37487519,0.13994182,0.07295711,0.00138678,0.14565536,0.01676467,162246,0.26145226,White
IL-2,200012,0.54078833,0.43301211,0.72709847,0.27290153,0.15936657,0.05067437,0.00121862,0.04494304,0.01724477,157555,0.10777622,White
IL-3,200433,0.50207978,0.46976929,0.72415978,0.27584022,0.16930409,0.04574056,0.00092477,0.04156939,0.01733136,154633,0.03231049,White
IL-4,200363,0.50026045,0.47611078,0.75780625,0.24219375,0.08665724,0.11286041,0.00078686,0.0230877,0.02043924,156317,0.02414967,White
IL-5,200974,0.46364989,0.51121266,0.79606069,0.20393931,0.12000754,0.03863915,0.00122514,0.01646719,0.02341595,159165,-0.04756277,White
IL-6,199581,0.60073746,0.37319289,0.53965634,0.46034366,0.37095661,0.04476915,0.00196621,0.02535691,0.02092471,152069,0.22754457,White
IL-7,200640,0.34620866,0.63071274,0.83613001,0.16386999,0.08454271,0.03122323,0.00129126,0.02052784,0.02193248,158760,-0.28450408,White
IL-8,199682,0.4593597,0.51342176,0.80312404,0.19687596,0.12589203,0.02240348,0.00093054,0.02566999,0.01882252,155824,-0.05406206,White
IL-9,200259,0.54710859,0.42864501,0.61541901,0.38458099,0.17924473,0.14901849,0.00096563,0.03830126,0.02318814,154303,0.11846358,White
IL-10,200453,0.25262565,0.73112504,0.89431872,0.10568128,0.04686818,0.02076911,0.00089255,0.00883051,0.02278842,157975,-0.47849939,White
IL-11,199325,0.2137084,0.76946209,0.90852252,0.09147748,0.03939649,0.01659138,0.00113094,0.01029411,0.01928378,155623,-0.55575369,White
IL-12,199469,0.34428843,0.63131711,0.91558568,0.08441432,0.0237817,0.02032124,0.00101931,0.01470531,0.01943828,154026,-0.28702868,White
IL-13,200410,0.28099197,0.69542835,0.91473238,0.08526762,0.02783341,0.02092909,0.00092185,0.00850642,0.0200899,157293,-0.41443638,White
IL-14,200091,0.2366529,0.74407399,0.93262716,0.06737284,0.01939116,0.01876769,0.00068709,0.00741801,0.01628018,157185,-0.50742109,White
IL-15,199784,0.2906179,0.68842572,0.86710052,0.13289948,0.06403099,0.03575123,0.00085443,0.01054228,0.01830925,155659,-0.39780782,White
IL-16,200394,0.25493694,0.72628381,0.9028967,0.0971033,0.04008467,0.0270918,0.00130946,0.00788853,0.01799551,157317,-0.47134687,White
IL-17,200037,0.36843415,0.60813305,0.88200449,0.11799551,0.04362759,0.04134002,0.00210481,0.01178443,0.01765143,158684,-0.2396989,White
IL-18,199813,0.33536982,0.64348445,0.7999987,0.2000013,0.08695032,0.07884654,0.00082983,0.01093038,0.01945556,154249,-0.30811463,White
IL-19,199878,0.31742082,0.6622539,0.89160948,0.10839052,0.01925426,0.05743788,0.00093575,0.00980583,0.01775967,153888,-0.34483308,White
IL-20,200414,0.378554,0.60034212,0.85490501,0.14509499,0.03399863,0.0781918,0.00069566,0.00932812,0.02002859,158124,-0.22178812,White
IL-21,199965,0.4003633,0.57811967,0.83942039,0.16057961,0.0409004,0.08096136,0.00087173,0.01527792,0.0191652,154864,-0.17775637,White
IL-22,200044,0.43784653,0.53945595,0.79581412,0.20418588,0.01599101,0.13503521,0.00076428,0.03121775,0.01992997,153086,-0.10160942,White
IL-23,200968,0.4874285,0.49457599,0.76780089,0.23219911,0.06076141,0.10840655,0.00101095,0.04683638,0.01813189,153321,-0.00714749000000003,White
IL-24,200071,0.61129908,0.37470821,0.50966994,0.49033006,0.08061616,0.36894963,0.00104558,0.03243294,0.03039506,150156,0.23659087,White
IL-25,199839,0.53565095,0.45097914,0.54800199,0.45199801,0.05264135,0.3282905,0.00128005,0.05957221,0.03184878,150775,0.08467181,White
IL-26,199844,0.49554348,0.48126472,0.67119204,0.32880796,0.09152181,0.18291281,0.0010602,0.03885581,0.02028846,145255,0.01427876,White
IL-27,200991,0.54857267,0.43015481,0.50979649,0.49020351,0.16444247,0.28179121,0.0008496,0.0335917,0.02384096,153014,0.11841786,White
IL-28,199808,0.5875971,0.37565317,0.52381017,0.47618983,0.1237761,0.15967703,0.0012537,0.18259122,0.01623684,146765,0.21194393,White
IL-29,199492,0.51573628,0.45772441,0.80373601,0.19626399,0.01653866,0.08733403,0.00096329,0.0763408,0.01383103,153640,0.05801187,White
IL-30,200960,0.52128198,0.45472939,0.69486458,0.30513542,0.03579192,0.19869313,0.00180167,0.05306448,0.02358494,153191,0.06655259,White
IL-31,200390,0.62809362,0.34779381,0.32388448,0.67611552,0.19436895,0.41497348,0.00281685,0.05699,0.03776684,151588,0.28029981,Hispanic
IL-32,199889,0.61610806,0.35352704,0.70452319,0.29547681,0.0289573,0.10673842,0.00127349,0.14721595,0.01184023,153122,0.26258102,White
IL-33,199637,0.41995861,0.54403939,0.84320333,0.15679667,0.03804099,0.06580499,0.00048324,0.03970335,0.010277,155201,-0.12408078,White
IL-34,199888,0.47493505,0.49003145,0.78801651,0.21198349,0.03772724,0.06923196,0.00111208,0.09314494,0.01016302,155564,-0.0150964,White
IL-35,201039,0.60732267,0.35589143,0.64859038,0.35140962,0.07542617,0.0843903,0.00115189,0.17863923,0.01113921,155397,0.25143124,White
IL-36,200226,0.48262951,0.48364954,0.57441117,0.42558883,0.04375629,0.24377412,0.00145854,0.12869572,0.02152784,157006,-0.00102003000000001,White
IL-37,200245,0.56219525,0.38960146,0.73856592,0.26143408,0.04467524,0.09302894,0.00079743,0.11003215,0.01264309,155500,0.17259379,White
IL-38,199942,0.52039563,0.44200169,0.65232001,0.34767999,0.04124313,0.16807322,0.0011287,0.12537705,0.01767007,154159,0.07839394,White
IL-39,200282,0.55334811,0.42125059,0.50391499,0.49608501,0.05574841,0.22296151,0.00151071,0.2101044,0.02336779,155556,0.13209752,White
IL-40,200560,0.5786625,0.39949525,0.7144241,0.2855759,0.02651184,0.1090682,0.00084124,0.13965879,0.01184111,156911,0.17916725,White
IL-41,199651,0.59573106,0.38502565,0.66762916,0.33237084,0.01870197,0.12565286,0.00095826,0.17939166,0.01185452,157577,0.21070541,White
IL-42,199575,0.52172493,0.45791973,0.6121701,0.3878299,0.03388423,0.16493198,0.00094279,0.18109676,0.01713255,160163,0.0638052,White
IL-43,199328,0.66595841,0.30423568,0.6664687,0.3335313,0.04222576,0.08190623,0.00143581,0.20062784,0.01025296,153224,0.36172273,White
IL-44,201103,0.49835109,0.4822756,0.74185434,0.25814566,0.02048805,0.16655166,0.00109152,0.06570479,0.01464776,159410,0.01607549,White
IL-45,201034,0.71710444,0.25329268,0.48738226,0.51261774,0.04702159,0.32459948,0.00183306,0.13539841,0.0293227,161479,0.46381176,Minority
IL-46,199388,0.80393851,0.17051404,0.4728494,0.5271506,0.19715475,0.16065836,0.0019245,0.16075898,0.02073559,159002,0.63342447,Minority
IL-47,199993,0.86332083,0.11413646,0.60295164,0.39704836,0.12033346,0.13515531,0.00148681,0.130799,0.01783018,172853,0.74918437,White
IL-48,199952,0.83376226,0.14711158,0.75664286,0.24335714,0.04784471,0.09965582,0.00132021,0.08549093,0.01093643,173457,0.68665068,White
IL-49,200083,0.78509969,0.19369154,0.69815699,0.30184301,0.07232063,0.09627319,0.00117944,0.12182405,0.01060394,181442,0.59140815,White
IL-50,200366,0.75771296,0.21419947,0.29050279,0.70949721,0.07627603,0.6007999,0.00248857,0.04071229,0.04292788,157520,0.54351349,Hispanic
IL-51,200747,0.66049057,0.32190077,0.37137877,0.62862123,0.08017119,0.50623756,0.00119678,0.04400765,0.03547409,153746,0.3385898,Hispanic
IL-52,199800,0.543128,0.42408682,0.76602684,0.23397316,0.05162303,0.136895,0.00071044,0.0344498,0.01444773,154834,0.11904118,White
IL-53,200885,0.8495114,0.13413809,0.19892713,0.80107287,0.58136279,0.19416728,0.00122178,0.02785272,0.01858757,157148,0.71537331,Black
IL-54,200956,0.61380212,0.36202618,0.24738708,0.75261292,0.05857063,0.67061937,0.00117315,0.02310964,0.05299152,150024,0.25177594,Hispanic
IL-55,200918,0.59310745,0.3875435,0.20138814,0.79861186,0.07225325,0.712061,0.00115455,0.01427076,0.0520755,148976,0.20556395,Hispanic
IL-56,199649,0.70209374,0.26812095,0.08556838,0.91443162,0.04674632,0.80760322,0.00155776,0.06442349,0.06406453,147648,0.43397279,Hispanic
IL-57,200258,0.83446701,0.14331293,0.24605807,0.75394193,0.53205935,0.11895535,0.00133929,0.1025614,0.01227066,161279,0.69115408,Black
IL-58,200321,0.89314547,0.0852573,0.1931115,0.8068885,0.66204716,0.04554045,0.0015316,0.0998876,0.01214782,161922,0.80788817,Black
IL-59,200217,0.78527151,0.1957508,0.10270837,0.89729163,0.5893737,0.1698382,0.00118487,0.14087681,0.01683425,154447,0.58952071,Black
IL-60,200677,0.69678062,0.28543264,0.34572566,0.65427434,0.5614709,0.07756998,0.00087193,0.0126935,0.01237126,158270,0.41134798,Black
IL-61,200961,0.71474919,0.25881024,0.31519053,0.68480947,0.53190288,0.13537782,0.00102695,0.0140949,0.01496139,155801,0.45593895,Black
IL-62,200457,0.83369972,0.15031519,0.10561606,0.89438394,0.67095028,0.21974363,0.00111215,0.00628078,0.02097021,155554,0.68338453,Black
IL-63,199896,0.72348983,0.25923142,0.31769594,0.68230406,0.52584804,0.13219289,0.00095289,0.01964775,0.01540835,154267,0.46425841,Black
IL-64,199808,0.78777128,0.19735751,0.27230351,0.72769649,0.59041176,0.12076266,0.00116535,0.0130584,0.01728603,154460,0.59041377,Black
IN-1,199543,0.5536102,0.42976161,0.82155014,0.17844986,0.040982,0.04570222,0.00123668,0.06891147,0.01888086,163340,0.12384859,White
IN-2,198972,0.47466916,0.50565279,0.73942203,0.26057797,0.05611409,0.08248172,0.01824569,0.10095054,0.01725116,156859,-0.03098363,White
IN-3,200113,0.54493894,0.43692639,0.62701244,0.37298756,0.18845111,0.10150039,0.00160995,0.06290833,0.02253263,149694,0.10801255,White
IN-4,199725,0.57100282,0.41386443,0.67398943,0.32601057,0.17245262,0.09692573,0.00143004,0.0356022,0.02122414,154541,0.15713839,White
IN-5,199488,0.4021651,0.58041072,0.83806369,0.16193631,0.07716594,0.0431372,0.0014392,0.01574048,0.02335788,154252,-0.17824562,White
IN-6,199608,0.42626555,0.55964826,0.83237975,0.16762025,0.09595397,0.02732125,0.00315516,0.01969895,0.01914855,156252,-0.13338271,White
IN-7,199304,0.5065381,0.47430419,0.77806631,0.22193369,0.05822101,0.04233131,0.00099611,0.10419329,0.01214569,145566,0.03223391,White
IN-8,199900,0.62049735,0.36499539,0.43911906,0.56088094,0.41789294,0.11850646,0.00081715,0.01481413,0.02040897,151747,0.25550196,Minority
IN-9,198623,0.55955635,0.42405757,0.49701789,0.50298211,0.19054547,0.27848801,0.00097429,0.02435059,0.02302082,151906,0.13549878,Minority
IN-10,199793,0.48629773,0.49557572,0.77761945,0.22238055,0.08993812,0.09038101,0.00112968,0.01736887,0.02117513,155796,-0.00927799000000001,White
IN-11,199846,0.3223892,0.66325361,0.86321307,0.13678693,0.02616889,0.06814586,0.00086822,0.01420027,0.02021352,155490,-0.34086441,White
IN-12,200052,0.28745737,0.6967711,0.89480246,0.10519754,0.01339904,0.05337305,0.00109581,0.01095152,0.02055788,152399,-0.40931373,White
IN-13,198963,0.33698237,0.6491842,0.73637721,0.26362279,0.06271599,0.16482127,0.00093307,0.01538525,0.02405242,144684,-0.31220183,White
IN-14,199794,0.24702334,0.73608391,0.92033334,0.07966666,0.00728753,0.04367152,0.0009386,0.00723389,0.01674723,149159,-0.48906057,White
IN-15,200192,0.37134556,0.61006063,0.88356695,0.11643305,0.02984582,0.03997629,0.00109118,0.02448421,0.01725009,148463,-0.23871507,White
IN-16,200144,0.4066999,0.57484193,0.83082122,0.16917878,0.09820432,0.03470977,0.00090286,0.01274656,0.02029543,159494,-0.16814203,White
IN-17,200268,0.29080975,0.69158328,0.83248546,0.16751454,0.0740691,0.05423842,0.00085107,0.01402034,0.0230814,156273,-0.40077353,White
IN-18,200338,0.23357492,0.74933039,0.90500902,0.09499098,0.01106628,0.04703494,0.00086273,0.01189009,0.02078982,154162,-0.51575547,White
IN-19,199286,0.34283244,0.64113596,0.86637739,0.13362261,0.04691479,0.03761673,0.00095002,0.02910024,0.01670283,148418,-0.29830352,White
IN-20,198996,0.25852197,0.72450688,0.91520594,0.08479406,0.02676798,0.02776431,0.00079706,0.00841564,0.01778111,150553,-0.46598491,White
IN-21,199347,0.56851387,0.41582011,0.53935375,0.46064625,0.31130416,0.0988829,0.00158008,0.03472735,0.02051349,144929,0.15269376,White
IN-22,198954,0.6860789,0.29776671,0.56968528,0.43031472,0.26710666,0.10906094,0.00127142,0.03685199,0.02349251,156518,0.38831219,White
IN-23,198885,0.68038496,0.30203422,0.65412257,0.34587743,0.2302517,0.07108948,0.00138331,0.02973484,0.01657455,159039,0.37835074,White
IN-24,199234,0.72258084,0.26100024,0.38144371,0.61855629,0.42295067,0.15245397,0.00130234,0.03446493,0.01860193,148963,0.4615806,Black
IN-25,199527,0.44415783,0.53848458,0.63192701,0.36807299,0.15114108,0.11334213,0.00174394,0.08412608,0.02191888,146221,-0.09432675,White
IN-26,199805,0.30904826,0.67237371,0.89085768,0.10914232,0.01427906,0.05527314,0.00089161,0.01687404,0.01805177,150290,-0.36332545,White
IN-27,199045,0.33686893,0.64598827,0.86248912,0.13751088,0.05166214,0.03096936,0.00124303,0.0293275,0.01960263,150439,-0.30911934,White
IN-28,199117,0.30094179,0.68212491,0.87817205,0.12182795,0.02319232,0.03266768,0.00098549,0.04043841,0.01988294,150179,-0.38118312,White
IN-29,199975,0.26893383,0.71300361,0.9225562,0.0774438,0.02493745,0.02222193,0.00086638,0.01015731,0.01717238,154667,-0.44406978,White
IN-30,200496,0.20492611,0.77940368,0.9295264,0.0704736,0.00888487,0.02034081,0.00102843,0.01582353,0.02045798,153632,-0.57447757,White
IN-31,198979,0.24545341,0.73693812,0.91822212,0.08177788,0.01179074,0.03692605,0.0007965,0.00778868,0.02155761,153171,-0.49148471,White
IN-32,199504,0.21875492,0.76470853,0.93251252,0.06748748,0.01512963,0.01957267,0.00121762,0.00762311,0.01994184,154399,-0.54595361,White
IN-33,200158,0.31698243,0.66432965,0.88182825,0.11817175,0.05496154,0.02181496,0.00101921,0.01594657,0.01906751,157965,-0.34734722,White
IN-34,199554,0.28060958,0.7017098,0.92718735,0.07281265,0.01467486,0.02808273,0.00077064,0.01009672,0.01569368,153119,-0.42110022,White
KS-1,195989,0.57752809,0.4062207,0.47820001,0.52179999,0.20039956,0.25387602,0.00268719,0.0442331,0.03339289,142156,0.17130739,Minority
KS-2,195644,0.59328435,0.39089439,0.80642021,0.19357979,0.03938316,0.0609764,0.0010709,0.0695436,0.01921779,154076,0.20238996,White
KS-3,196711,0.55338591,0.42792137,0.76218028,0.23781972,0.0693329,0.08222584,0.00167263,0.06045558,0.02340384,153650,0.12546454,White
KS-4,194876,0.45259463,0.52861209,0.77324386,0.22675614,0.0528773,0.08649565,0.00176787,0.05561208,0.02595519,138585,-0.07601746,White
KS-5,196206,0.56680639,0.41545498,0.77777921,0.22222079,0.07634563,0.06051237,0.00242049,0.04045776,0.04467265,154927,0.15135141,White
KS-6,196543,0.47821586,0.50178719,0.76065274,0.23934726,0.08579811,0.10051393,0.00188749,0.0181133,0.04042545,150994,-0.0235713300000001,White
KS-7,194902,0.38587074,0.59121147,0.7551361,0.2448639,0.07427385,0.10115172,0.00523629,0.03861846,0.02901969,152207,-0.20534073,White
KS-8,194929,0.26344098,0.71870108,0.88148024,0.11851976,0.02333188,0.03245912,0.0019141,0.0090265,0.04735552,148895,-0.4552601,White
KS-9,196373,0.28649872,0.6946295,0.83556052,0.16443948,0.0329566,0.06451895,0.00219576,0.01380095,0.05075841,148468,-0.40813078,White
KS-10,195283,0.59005207,0.39267604,0.52259675,0.47740325,0.18805547,0.19643014,0.00308398,0.06273914,0.04367514,148185,0.19737603,White
KS-11,195105,0.38158485,0.60140089,0.74807603,0.25192397,0.05210409,0.10208635,0.00222416,0.05529706,0.04427858,146572,-0.21981604,White
KS-12,195334,0.32960614,0.65388199,0.8299023,0.1700977,0.03611987,0.07583599,0.00158618,0.02323212,0.03337823,146263,-0.32427585,White
KS-13,196848,0.21283483,0.77007484,0.61561433,0.38438567,0.02529951,0.32057259,0.0018016,0.01793889,0.03094265,142651,-0.55724001,White
KS-14,196493,0.26353224,0.71865289,0.85683707,0.14316293,0.02651968,0.07394519,0.00183189,0.01418235,0.02552166,152302,-0.45512065,White
KS-15,196644,0.19964281,0.78220324,0.90440138,0.09559862,0.01838203,0.03323627,0.00200823,0.00764468,0.03227901,149385,-0.58256043,White
KY-1,196876,0.25766336,0.72916755,0.86601121,0.13398879,0.06851244,0.02835844,0.00087853,0.01023229,0.02270613,154804,-0.47150419,White
KY-2,196699,0.24603105,0.74146722,0.80901786,0.19098214,0.11816554,0.03920433,0.00232337,0.010565,0.02202206,150213,-0.49543617,White
KY-3,195625,0.3053543,0.68023327,0.87850937,0.12149063,0.06099635,0.02419905,0.00095056,0.01485414,0.01823464,149386,-0.37487897,White
KY-4,195690,0.19971166,0.78856604,0.92256312,0.07743688,0.02901964,0.02177307,0.00084744,0.00424385,0.01924411,149864,-0.58885438,White
KY-5,195306,0.32316458,0.66140424,0.79879956,0.20120044,0.09140602,0.04789689,0.00389874,0.03670979,0.01994252,149279,-0.33823966,White
KY-6,196323,0.30445888,0.6798678,0.81733486,0.18266514,0.09442017,0.03850104,0.00388635,0.02212333,0.02443232,148983,-0.37540892,White
KY-7,196207,0.18838951,0.7996465,0.91270664,0.08729336,0.0366821,0.02338698,0.00105674,0.00614891,0.01716543,151409,-0.61125699,White
KY-8,195172,0.31574288,0.66600012,0.87122389,0.12877611,0.05386631,0.03141378,0.0060444,0.01899576,0.02150439,151876,-0.35025724,White
KY-9,196356,0.15541,0.83331139,0.93752348,0.06247652,0.01405574,0.01779207,0.00047446,0.00585161,0.02137025,151753,-0.67790139,White
KY-10,195283,0.13556779,0.85404707,0.93219521,0.06780479,0.02796162,0.01202039,0.00076037,0.0054548,0.01994142,151243,-0.71847928,White
KY-11,195472,0.1803127,0.80578008,0.96082182,0.03917818,0.00917974,0.00733859,0.0004489,0.00430036,0.01583522,153708,-0.62546738,White
KY-12,195325,0.21716692,0.76929648,0.94021569,0.05978431,0.02377124,0.0116732,0.00052288,0.00543137,0.01645098,153000,-0.55212956,White
KY-13,195626,0.21920035,0.76736374,0.92077223,0.07922777,0.02658808,0.02326205,0.00084492,0.00507621,0.02059319,149127,-0.54816339,White
KY-14,196122,0.2927204,0.69027711,0.88846491,0.11153509,0.03191179,0.03818551,0.00093019,0.01366096,0.02298328,147281,-0.39755671,White
KY-15,195703,0.5520585,0.42892825,0.79620898,0.20379102,0.09743586,0.0548619,0.00151207,0.03077728,0.018853,156739,0.12313025,White
KY-16,195762,0.54102097,0.44043477,0.79666074,0.20333926,0.08978908,0.03998255,0.00115501,0.05553025,0.01495736,155843,0.1005862,White
KY-17,196009,0.52199284,0.4611891,0.61771031,0.38228969,0.21797714,0.11182944,0.00221694,0.03474094,0.0215123,150658,0.06080374,White
KY-18,195495,0.73509176,0.24667186,0.43144585,0.56855415,0.46043299,0.0623412,0.00176662,0.03236158,0.01904907,151136,0.4884199,Black
KY-19,195569,0.31855991,0.66498657,0.894221,0.105779,0.04235703,0.03163415,0.0009821,0.00915286,0.0191542,149680,-0.34642666,White
KY-20,196367,0.29382325,0.68868009,0.87597422,0.12402578,0.03708931,0.03788108,0.00223073,0.02219025,0.02040015,145244,-0.39485684,White
KY-21,195994,0.43268127,0.54647863,0.86368064,0.13631936,0.05772034,0.035129,0.00204603,0.01806784,0.02008772,152979,-0.11379736,White
KY-22,196351,0.56423182,0.41427144,0.75646177,0.24353823,0.11543645,0.07040559,0.00117773,0.03769996,0.01946719,158780,0.14996038,White
KY-23,196504,0.54793917,0.42993836,0.69867144,0.30132856,0.16746513,0.06828347,0.00112646,0.04684094,0.01935527,150915,0.11800081,White
LA-1,202060,0.8268697,0.14882721,0.31758352,0.68241648,0.56769028,0.07859834,0.00119945,0.04211881,0.01379678,159240,0.67804249,Black
LA-2,202609,0.77736804,0.19551805,0.37332448,0.62667552,0.51078109,0.07935729,0.00127895,0.0287144,0.01769428,161069,0.58184999,Black
LA-3,202821,0.59146744,0.39062365,0.34063092,0.65936908,0.4536028,0.13992674,0.00136709,0.05980371,0.02018391,155074,0.20084379,Black
LA-4,202371,0.55637151,0.42881529,0.45169354,0.54830646,0.45117226,0.06599549,0.00124982,0.02352047,0.01249819,159223,0.12755622,Minority
LA-5,202900,0.32468632,0.65127991,0.68362379,0.31637621,0.10029457,0.15941136,0.00089972,0.04278002,0.017711,162272,-0.32659359,White
LA-6,202919,0.61638862,0.36769215,0.33742489,0.66257511,0.62287504,0.02571131,0.00089235,0.00619511,0.01087515,155768,0.24869647,Black
LA-7,202777,0.54283058,0.43243593,0.47966272,0.52033728,0.38601183,0.07706393,0.00065442,0.04509816,0.0141329,158920,0.11039465,Minority
LA-8,201971,0.51732496,0.46868902,0.43472956,0.56527044,0.5186412,0.027929,0.00080022,0.00906479,0.0125018,152458,0.0486359399999999,Black
LA-9,203342,0.19891813,0.78479029,0.79423193,0.20576807,0.10542954,0.05121974,0.00099449,0.02216207,0.02103585,151836,-0.58587216,White
LA-10,202871,0.2453224,0.74056534,0.70787571,0.29212429,0.19783778,0.05872752,0.0010375,0.0152981,0.01937539,151326,-0.49524294,White
LA-11,202662,0.21812803,0.76793404,0.77426181,0.22573819,0.13261892,0.05574214,0.00094478,0.01213333,0.02205354,154533,-0.54980601,White
LA-12,201949,0.3039526,0.68066869,0.69731159,0.30268841,0.16594244,0.07710595,0.00144846,0.02902759,0.03132043,153957,-0.37671609,White
LA-13,203051,0.26805752,0.71725349,0.65511104,0.34488896,0.19222131,0.09760581,0.00088674,0.02123638,0.03598082,154499,-0.44919597,White
LA-14,203340,0.29380225,0.69476877,0.63096805,0.36903195,0.26178771,0.05659647,0.00095489,0.01527821,0.03806648,154992,-0.40096652,White
LA-15,202982,0.27310361,0.7098906,0.72024749,0.27975251,0.17794464,0.05347556,0.00098611,0.03284457,0.01575199,155155,-0.43678699,White
LA-16,203345,0.19541465,0.79447337,0.76139437,0.23860563,0.17375915,0.03863745,0.00084182,0.01137448,0.01419159,150864,-0.59905872,White
LA-17,202325,0.3061677,0.67828541,0.64838864,0.35161136,0.26261158,0.04747965,0.00147351,0.02221393,0.01911629,152697,-0.37211771,White
LA-18,201797,0.17582654,0.81457344,0.71872051,0.28127949,0.17116887,0.05441963,0.00290317,0.01453549,0.0401004,152592,-0.6387469,White
LA-19,202169,0.21624588,0.7712155,0.70121221,0.29878779,0.20824738,0.04587185,0.00121603,0.01536914,0.02651718,157068,-0.55496962,White
LA-20,201943,0.20743469,0.78263322,0.73212988,0.26787012,0.20213014,0.03164729,0.00087567,0.01172747,0.0206009,154168,-0.57519853,White
LA-21,201992,0.49998658,0.48701368,0.41817447,0.58182553,0.53124178,0.0278753,0.00087933,0.0121437,0.01446717,155801,0.0129729,Black
LA-22,201920,0.24178102,0.74562622,0.72612839,0.27387161,0.18852401,0.0353272,0.00156132,0.02015458,0.02742992,154357,-0.5038452,White
LA-23,201641,0.67598872,0.30906799,0.33664748,0.66335252,0.58398994,0.04727566,0.00148678,0.01847012,0.0180182,152679,0.36692073,Black
MA-1,200055,0.67974793,0.29059159,0.8760079,0.1239921,0.03395604,0.04274403,0.00080934,0.02122404,0.01808331,165567,0.38915634,White
MA-2,200546,0.68347232,0.28332161,0.74193088,0.25806912,0.04564027,0.13108046,0.0018199,0.07053009,0.01565353,168141,0.40015071,White
MA-3,201470,0.47638149,0.49992192,0.81148808,0.18851192,0.04030517,0.10515406,0.00138603,0.02973825,0.01501325,163056,-0.02354043,White
MA-4,200474,0.60560926,0.36872855,0.45777775,0.54222225,0.18816735,0.33143653,0.00288426,0.03781447,0.02077582,153592,0.23688071,Minority
MA-5,200853,0.44932691,0.52847747,0.86431343,0.13568657,0.02397939,0.07223619,0.00120456,0.01661544,0.01652231,161055,-0.07915056,White
MA-6,201802,0.5162059,0.45847049,0.76762099,0.23237901,0.05924767,0.12060176,0.00131495,0.02974536,0.01594147,160462,0.05773541,White
MA-7,200766,0.58137145,0.38831301,0.78770061,0.21229939,0.02975577,0.04876357,0.0012727,0.10448882,0.01077342,157146,0.19305844,White
MA-8,200131,0.62451782,0.34449477,0.53459092,0.46540908,0.15539411,0.21880768,0.00164006,0.08086805,0.01684335,160360,0.28002305,White
MA-9,201439,0.61577425,0.35631436,0.8080178,0.1919822,0.022516,0.04628858,0.00098091,0.07684417,0.00936671,155978,0.25945989,White
MA-10,200042,0.68814572,0.28275107,0.68948351,0.31051649,0.04834715,0.10113915,0.00097151,0.0747749,0.0123503,157486,0.40539465,White
MA-11,200621,0.62742248,0.34404237,0.80146979,0.19853021,0.02470806,0.02870316,0.00109016,0.12404692,0.00833649,155941,0.28338011,White
MA-12,200450,0.54945316,0.42770608,0.81770782,0.18229218,0.03513731,0.04696314,0.00064943,0.06869124,0.00705715,161680,0.12174708,White
MA-13,201144,0.54872863,0.42531892,0.83641848,0.16358152,0.02842338,0.04395549,0.00083856,0.07334885,0.00743439,159798,0.12340971,White
MA-14,201590,0.68721714,0.27911651,0.56173609,0.43826391,0.11959968,0.10407943,0.00121016,0.15909311,0.00960864,165268,0.40810063,White
MA-15,201798,0.75683499,0.21102718,0.69042709,0.30957291,0.04667379,0.07716152,0.00097595,0.16596079,0.00782602,162918,0.54580781,White
MA-16,200529,0.78669433,0.17866645,0.71725417,0.28274583,0.03904634,0.05108103,0.00132242,0.17707206,0.0058212,158043,0.60802788,White
MA-17,200301,0.56176301,0.41386253,0.60364018,0.39635982,0.07343244,0.13003621,0.00155644,0.16526269,0.01069818,157410,0.14790048,White
MA-18,200811,0.53685844,0.43965951,0.43859855,0.56140145,0.09463848,0.47829426,0.00273315,0.03076092,0.01914505,153669,0.0971989300000001,Hispanic
MA-19,200616,0.62331101,0.35173409,0.9085869,0.0914131,0.016535,0.03280281,0.00090478,0.01910967,0.01037764,164681,0.27157692,White
MA-20,199955,0.64790382,0.32563883,0.59478196,0.40521804,0.10328186,0.25251997,0.00137888,0.05090361,0.01783605,156649,0.32226499,White
MA-21,201547,0.85618847,0.09764191,0.6133185,0.3866815,0.09489613,0.09072672,0.00179251,0.18213336,0.00958626,177963,0.75854656,White
MA-22,201381,0.62406093,0.34353848,0.49118767,0.50881233,0.0721144,0.3584053,0.00146717,0.057616,0.01773609,161535,0.28052245,Minority
MA-23,201425,0.71441108,0.24555138,0.6623327,0.3376673,0.07425994,0.08921677,0.00163821,0.16485827,0.00801629,183127,0.4688597,White
MA-24,201754,0.79834569,0.16545555,0.5662299,0.4337701,0.12519971,0.13499461,0.00170493,0.17772521,0.0101675,177133,0.63289014,White
MA-25,201307,0.82176851,0.1487942,0.13830007,0.86169993,0.60210033,0.23249829,0.00267068,0.06082436,0.01912158,154642,0.67297431,Black
MA-26,201658,0.61387341,0.3564421,0.85312297,0.14687703,0.0332718,0.03720164,0.00073966,0.05931424,0.00670839,155477,0.25743131,White
MA-27,199993,0.63974569,0.33416341,0.65315033,0.34684967,0.18275528,0.05502085,0.00115167,0.09087458,0.00994742,158031,0.30558228,White
MA-28,201085,0.5691408,0.40301214,0.66569068,0.33430932,0.06203313,0.04365539,0.00116398,0.20825108,0.00812989,166669,0.16612866,White
MA-29,200524,0.5096023,0.46552889,0.84026044,0.15973956,0.06398113,0.03877131,0.00109144,0.03239829,0.01048789,159422,0.04407341,White
MA-30,200197,0.48578421,0.49224494,0.81726556,0.18273444,0.05373691,0.07059579,0.00147311,0.03315748,0.01318871,158848,-0.00646073000000003,White
MA-31,200602,0.48999792,0.49100415,0.75885152,0.24114848,0.07780404,0.11437027,0.00132145,0.01630404,0.0167073,161187,-0.00100623,White
MA-32,200544,0.53308835,0.44301011,0.91443071,0.08556929,0.02043246,0.01953468,0.00089141,0.01858596,0.00839839,157054,0.09007824,White
MA-33,200838,0.54365778,0.43543272,0.59592472,0.40407528,0.2695388,0.06802765,0.00155711,0.02212494,0.01170382,156701,0.10822506,White
MA-34,201049,0.52899828,0.44946369,0.89849969,0.10150031,0.02636324,0.02230736,0.00110505,0.01587745,0.0127566,164699,0.07953459,White
MA-35,200620,0.63145248,0.34653768,0.8470363,0.1529637,0.04614269,0.03688746,0.00142745,0.01736153,0.01526097,172335,0.2849148,White
MD-1,198817,0.40939932,0.56418878,0.67678518,0.32321482,0.23688737,0.04426534,0.00123657,0.02585493,0.01829743,159312,-0.15478946,White
MD-2,198743,0.44230604,0.52753185,0.78407007,0.21592993,0.12157119,0.05400813,0.00173124,0.02165968,0.01722259,155958,-0.08522581,White
MD-3,198718,0.31762986,0.6543105,0.85976948,0.14023052,0.05918607,0.03344261,0.00113584,0.02118721,0.0214518,154952,-0.33668064,White
MD-4,199504,0.50161902,0.46832573,0.63932936,0.36067064,0.23221887,0.05814463,0.00208594,0.05323385,0.0209182,152929,0.03329329,White
MD-5,199750,0.4513348,0.52242224,0.6237978,0.3762022,0.23020396,0.07429157,0.00133435,0.04754661,0.02654514,155132,-0.0710874400000001,White
MD-6,198804,0.58142206,0.38382462,0.68337162,0.31662838,0.18622064,0.0421579,0.00107235,0.07514055,0.01272859,157598,0.19759744,White
MD-7,199088,0.61038791,0.3557141,0.603853,0.396147,0.24401292,0.06300373,0.00106352,0.07941135,0.01358226,156086,0.25467381,White
MD-8,199759,0.75070742,0.21395281,0.33640199,0.66359801,0.51680453,0.05659538,0.0017281,0.0836097,0.01594684,157398,0.53675461,Black
MD-9,199562,0.84165235,0.12625914,0.29613685,0.70386315,0.56135087,0.09949386,0.00121019,0.03729523,0.01849949,158653,0.71539321,Black
MD-10,199688,0.84405469,0.12252763,0.30350762,0.69649238,0.58603571,0.04240649,0.00118902,0.06269345,0.01350217,163159,0.72152706,Black
MD-11,199388,0.83991439,0.12644537,0.28357321,0.71642679,0.59913194,0.06478524,0.00129019,0.04724237,0.01660341,159666,0.71346902,Black
MD-12,200157,0.35052946,0.6165158,0.87228906,0.12771094,0.04362974,0.03582734,0.00110189,0.02610778,0.01771941,157003,-0.26598634,White
MD-13,198485,0.55590796,0.41272014,0.66584956,0.33415044,0.15890741,0.11202117,0.00169906,0.04760608,0.02141333,154203,0.14318782,White
MD-14,199172,0.41622039,0.55519976,0.73988607,0.26011393,0.1570692,0.0433765,0.00247244,0.03549106,0.0238607,151672,-0.13897937,White
MD-15,198387,0.56411738,0.40082092,0.73089675,0.26910325,0.12647467,0.08194541,0.00186342,0.04240882,0.01812656,155628,0.16329646,White
MD-16,198807,0.47277235,0.49596866,0.69181738,0.30818262,0.16976565,0.06944988,0.00192463,0.04739163,0.02293249,153276,-0.02319631,White
MD-17,200146,0.6688646,0.29570903,0.4016429,0.5983571,0.38455419,0.11942046,0.00261311,0.08740338,0.02274183,154605,0.37315557,Minority
MD-18,200210,0.73541557,0.22254542,0.44871298,0.55128702,0.28026562,0.09401361,0.00186725,0.16930208,0.01807423,152095,0.51287015,Minority
MD-19,199479,0.62692823,0.32926787,0.58303632,0.41696368,0.13730738,0.05951135,0.00137135,0.20617307,0.01287215,150946,0.29766036,White
MD-20,198892,0.59178285,0.3702219,0.57011123,0.42988877,0.1406163,0.10308557,0.00171119,0.17319001,0.01671805,147266,0.22156095,White
MD-21,199250,0.72372542,0.23748215,0.33202301,0.66797699,0.20202576,0.24873226,0.00211617,0.21165009,0.02075553,152634,0.48624327,Minority
MD-22,199203,0.78187501,0.17959127,0.66143273,0.33856727,0.06753635,0.07905443,0.00156569,0.17637736,0.00803378,155842,0.60228374,White
MD-23,198455,0.72408827,0.23751841,0.40988009,0.59011991,0.16148684,0.23604796,0.00166149,0.18079365,0.01971896,155282,0.48656986,Minority
MD-24,199699,0.75987251,0.20169987,0.31689677,0.68310323,0.32991286,0.21335553,0.00172982,0.13850974,0.02101244,153195,0.55817264,Black
MD-25,199225,0.82676398,0.13705113,0.30708651,0.69291349,0.37604071,0.22481373,0.00191093,0.09352601,0.02300833,155422,0.68971285,Black
MD-26,199853,0.80584508,0.15361044,0.1940064,0.8059936,0.33026613,0.39371149,0.00185449,0.08772754,0.04050251,155299,0.65223464,Hispanic
MD-27,198906,0.8618576,0.11187806,0.14397161,0.85602839,0.73010839,0.08714391,0.00121495,0.04367427,0.01695815,156385,0.74997954,Black
MD-28,199696,0.90259919,0.06987535,0.03901908,0.96098092,0.8099606,0.1385598,0.00146786,0.01753608,0.0182537,153284,0.83272384,Black
MD-29,199804,0.88625812,0.08818688,0.08205672,0.91794328,0.76925019,0.11432395,0.00206404,0.03737368,0.02014808,158427,0.79807124,Black
MD-30,198908,0.71581772,0.25706955,0.33481941,0.66518059,0.54314538,0.0630896,0.00227167,0.04921081,0.02730588,152751,0.45874817,Black
MD-31,198669,0.29740019,0.67771377,0.85721736,0.14278264,0.07854522,0.02908058,0.00109963,0.0150744,0.01807797,159144,-0.38031358,White
ME-1,194353,0.55646952,0.42460311,0.92701358,0.07298642,0.01315376,0.01584859,0.00081661,0.01651444,0.01798435,159194,0.13186641,White
ME-2,194203,0.74108095,0.23102702,0.87141764,0.12858236,0.04623821,0.02577921,0.00119203,0.03481982,0.01354522,159392,0.51005393,White
ME-3,194718,0.55749449,0.41895847,0.93535439,0.06464561,0.00947564,0.01311056,0.00107494,0.01094825,0.02053573,160939,0.13853602,White
ME-4,195049,0.51191297,0.46767489,0.89863502,0.10136498,0.03863719,0.0165835,0.00124264,0.01625042,0.02042673,156119,0.04423808,White
ME-5,194714,0.44288781,0.53578118,0.93108843,0.06891157,0.00918312,0.0128462,0.00098572,0.01053134,0.02518999,157245,-0.09289337,White
ME-6,194251,0.44837647,0.53152266,0.9213056,0.0786944,0.01378213,0.01513183,0.00104554,0.01655123,0.02524507,157813,-0.08314619,White
ME-7,195071,0.36710696,0.61691795,0.93109052,0.06890948,0.00828194,0.01202763,0.00088466,0.00793686,0.0335293,159383,-0.24981099,White
MI-1,200944,0.55677376,0.42426183,0.61859128,0.38140872,0.28454383,0.04690857,0.00119232,0.02473906,0.02532566,156837,0.13251193,White
MI-2,202180,0.54825229,0.4318606,0.58929106,0.41070894,0.14256266,0.23169764,0.00128757,0.01470301,0.03308666,153778,0.11639169,White
MI-3,202000,0.77044513,0.21193031,0.35009161,0.64990839,0.59145695,0.02274739,0.00098468,0.02886737,0.0127323,160458,0.55851482,Black
MI-4,201828,0.85728765,0.11089021,0.14592065,0.85407935,0.76202482,0.01387389,0.00104607,0.07476748,0.01249925,149129,0.74639744,Black
MI-5,200908,0.90094465,0.07908747,0.08080461,0.91919539,0.85544419,0.05632981,0.00109845,0.0060552,0.01486338,145660,0.82185718,Black
MI-6,201724,0.83412926,0.14956312,0.21676158,0.78323842,0.74020686,0.0180358,0.00077055,0.0187437,0.01427703,159627,0.68456614,Black
MI-7,202103,0.551075,0.42823003,0.72585374,0.27414626,0.17926167,0.0326501,0.00078624,0.03944586,0.01950961,164073,0.12284497,White
MI-8,202107,0.53787891,0.42563186,0.71227788,0.28772212,0.09411861,0.0334253,0.00077836,0.1394535,0.01599124,158024,0.11224705,White
MI-9,202169,0.56842031,0.40952035,0.64721918,0.35278082,0.13139276,0.03152749,0.00078333,0.17272756,0.01211969,159575,0.15889996,White
MI-10,200682,0.50343465,0.47420644,0.80047928,0.19952072,0.07845954,0.02684324,0.0008908,0.07465168,0.01110365,159407,0.02922821,White
MI-11,201056,0.49828428,0.48677354,0.68104428,0.31895572,0.17543714,0.09343109,0.00086215,0.02911499,0.02158558,156586,0.01151074,White
MI-12,202212,0.6613139,0.31880777,0.76255664,0.23744336,0.13538427,0.02893117,0.00077014,0.05165342,0.01701482,167501,0.34250613,White
MI-13,200989,0.50934114,0.46535302,0.69067714,0.30932286,0.05904751,0.03826571,0.00071119,0.19388378,0.01243006,158889,0.04398812,White
MI-14,201713,0.54324842,0.43134296,0.66135303,0.33864697,0.2306853,0.02292053,0.00091557,0.06204535,0.01935233,159464,0.11190546,White
MI-15,201922,0.47917037,0.50453398,0.764928,0.235072,0.1626403,0.02420111,0.00092563,0.0230119,0.02076833,163133,-0.02536361,White
MI-16,201333,0.37609417,0.61091797,0.92245756,0.07754244,0.00900125,0.02364886,0.0010761,0.01391333,0.02107255,157978,-0.2348238,White
MI-17,202128,0.36020943,0.62573698,0.90049625,0.09950375,0.01683325,0.03069405,0.00051336,0.02172604,0.02069931,157783,-0.26552755,White
MI-18,202252,0.35308272,0.63400113,0.8546924,0.1453076,0.06644971,0.02648473,0.00074221,0.02811505,0.01726741,157638,-0.28091841,White
MI-19,202353,0.37410385,0.60540649,0.82092692,0.17907308,0.05978508,0.02403793,0.00079125,0.07764025,0.01193003,163034,-0.23130264,White
MI-20,201681,0.28484347,0.70258467,0.92051455,0.07948545,0.01076157,0.03144005,0.00059439,0.00578121,0.02218009,159828,-0.4177412,White
MI-21,201109,0.45498878,0.53015282,0.84091543,0.15908457,0.07603652,0.03315583,0.00082414,0.01631165,0.02635983,157740,-0.07516404,White
MI-22,202221,0.55607889,0.41865148,0.70494005,0.29505995,0.17817463,0.05268345,0.00137468,0.03628774,0.02582387,159310,0.13742741,White
MI-23,200943,0.44339136,0.54144772,0.85349214,0.14650786,0.07305847,0.0296471,0.00071249,0.01515142,0.02247177,158599,-0.09805636,White
MI-24,201212,0.60933299,0.37178964,0.75651188,0.24348812,0.09448665,0.05051458,0.00123132,0.07713183,0.01856775,163240,0.23754335,White
MI-25,201047,0.60504013,0.37664839,0.7069734,0.2930266,0.14650694,0.08524248,0.00131622,0.03803038,0.02662953,157269,0.22839174,White
MI-26,202402,0.37804374,0.6083357,0.82998792,0.17001208,0.08151684,0.03825336,0.00088828,0.02121636,0.0248142,156483,-0.23029196,White
MI-27,201856,0.35324323,0.63163713,0.89084669,0.10915331,0.03788228,0.03804028,0.00098593,0.00583339,0.01991443,158227,-0.2783939,White
MI-28,201766,0.31372123,0.67169291,0.89993584,0.10006416,0.01402705,0.04553807,0.00092185,0.00567435,0.02708864,160547,-0.35797168,White
MI-29,201165,0.41743993,0.56673364,0.87431883,0.12568117,0.03540071,0.03525415,0.00091933,0.03278263,0.015915,150110,-0.14929371,White
MI-30,201108,0.64211252,0.33906132,0.69866599,0.30133401,0.15577543,0.06867927,0.00119492,0.06231902,0.01724727,158170,0.3030512,White
MI-31,201895,0.56921292,0.41309123,0.63648406,0.36351594,0.13266991,0.18814317,0.00134425,0.02775294,0.02742667,153245,0.15612169,White
MI-32,201380,0.47414466,0.51086687,0.77586373,0.22413627,0.12699514,0.05407506,0.00096987,0.01016115,0.02711782,155691,-0.03672221,White
MI-33,202434,0.364385,0.62086721,0.87150474,0.12849526,0.03761066,0.0492704,0.00057014,0.00922254,0.02603863,159609,-0.25648221,White
MI-34,201146,0.30502747,0.6809077,0.89437347,0.10562653,0.02036968,0.04545396,0.00070396,0.00867358,0.02330177,154838,-0.37588023,White
MI-35,200948,0.29703276,0.68900284,0.93605733,0.06394267,0.00654205,0.01606451,0.00074201,0.00654823,0.02549421,161723,-0.39197008,White
MI-36,201188,0.35475815,0.63123611,0.91420502,0.08579498,0.01605681,0.02661523,0.00078906,0.01344539,0.02030272,159683,-0.27647796,White
MI-37,200655,0.58599742,0.39943653,0.60233339,0.39766661,0.32629951,0.03458674,0.00080886,0.01201638,0.02482221,154539,0.18656089,White
MI-38,200648,0.38813032,0.45402397,0.83447141,0.16552859,0.06911069,0.03851345,0.00085272,0.03527042,0.01487226,148935,-0.06589365,White
MI-39,201966,0.35676966,0.62800707,0.87872226,0.12127774,0.03599279,0.03432802,0.00085742,0.01281746,0.03163686,159782,-0.27123741,White
MI-40,201148,0.35409316,0.63038035,0.89622376,0.10377624,0.01792094,0.0433996,0.00081936,0.00968806,0.02379407,152559,-0.27628719,White
MI-41,200624,0.79278384,0.18284229,0.68184038,0.31815962,0.08393183,0.05206584,0.00178059,0.16415955,0.01375043,167922,0.60994155,White
MI-42,201340,0.33354761,0.65147299,0.841265,0.158735,0.0239275,0.07940062,0.00129839,0.03519569,0.01686584,150956,-0.31792538,White
MI-43,201939,0.31179367,0.67400881,0.90899801,0.09100199,0.02489236,0.02905459,0.00064801,0.00768267,0.02102922,160491,-0.36221514,White
MI-44,201672,0.52991206,0.45678955,0.71434535,0.28565465,0.17090957,0.07911098,0.0007653,0.01590695,0.02063792,158107,0.07312251,White
MI-45,202039,0.37026408,0.61582825,0.83543588,0.16456412,0.05139531,0.0584052,0.00136639,0.01599629,0.03137611,157349,-0.24556417,White
MI-46,200687,0.51058076,0.47512749,0.78672839,0.21327161,0.09520716,0.0720219,0.00078209,0.02264915,0.01912973,158549,0.03545327,White
MI-47,200952,0.63872194,0.34374156,0.7328844,0.2671156,0.14841446,0.05447444,0.00102722,0.04005529,0.02355,157707,0.29498038,White
MI-48,202369,0.46259818,0.522402,0.9165331,0.0834669,0.01088699,0.02279614,0.00121571,0.00889104,0.03092509,165335,-0.05980382,White
MI-49,201349,0.35607824,0.6297603,0.89031675,0.10968325,0.02107427,0.01238985,0.00116439,0.00651331,0.06255572,164893,-0.27368206,White
MI-50,201835,0.42957539,0.55462528,0.88816453,0.11183547,0.01802054,0.01519533,0.00100249,0.01225469,0.05888572,164590,-0.12504989,White
MN-1,196285,0.53038695,0.44487817,0.79650991,0.20349009,0.05924565,0.0577635,0.00230705,0.06750811,0.01319178,149108,0.08550878,White
MN-2,197476,0.55426505,0.42168321,0.78118404,0.21881596,0.06639063,0.0447572,0.00145662,0.08499619,0.01691966,148289,0.13258184,White
MN-3,196042,0.72397713,0.24754353,0.40800062,0.59199938,0.21105948,0.11136692,0.00206852,0.25134595,0.03105608,141164,0.4764336,Minority
MN-4,196728,0.71799009,0.25290359,0.41276226,0.58723774,0.32980617,0.08668414,0.00181497,0.15233143,0.02862609,142702,0.4650865,Minority
MN-5,197034,0.83689149,0.12919716,0.64507632,0.35492368,0.15695333,0.09166157,0.00147744,0.07831621,0.03352084,165151,0.70769433,White
MN-6,197229,0.84631755,0.12405575,0.71318223,0.28681777,0.11685054,0.09453843,0.00179017,0.05288131,0.02465977,161437,0.7222618,White
MN-7,196125,0.75525382,0.21711614,0.73051771,0.26948229,0.097479,0.05374946,0.00172129,0.09683823,0.01862636,159183,0.53813768,White
MN-8,196627,0.5659441,0.41072994,0.84494984,0.15505016,0.04049967,0.0340951,0.00095194,0.05860602,0.01623484,154421,0.15521416,White
MN-9,197500,0.55875807,0.40771168,0.74063908,0.25936092,0.09948384,0.05999826,0.00149962,0.07556353,0.02182485,149371,0.15104639,White
MN-10,195798,0.71812126,0.25563698,0.76583448,0.23416552,0.10594765,0.04741423,0.00132538,0.06034944,0.016854,156936,0.46248428,White
MN-11,195986,0.6375421,0.33554179,0.76745981,0.23254019,0.07004684,0.05375144,0.00112225,0.089203,0.01484879,154154,0.30200031,White
MN-12,197504,0.53822586,0.43579082,0.79924641,0.20075359,0.07476277,0.03532193,0.00107277,0.06748515,0.01854832,151011,0.10243504,White
MN-13,197233,0.57808015,0.39524367,0.83342576,0.16657424,0.04149832,0.0371412,0.00104307,0.07011672,0.01254984,151476,0.18283648,White
MN-14,197478,0.40691084,0.57242429,0.92637755,0.07362245,0.01449678,0.02518339,0.00079567,0.01283428,0.01470379,154586,-0.16551345,White
MN-15,197010,0.60182381,0.37272766,0.76310023,0.23689977,0.07029909,0.08198701,0.00153771,0.06375228,0.0187693,151524,0.22909615,White
MN-16,197629,0.53412869,0.44058352,0.78840343,0.21159657,0.06319586,0.063121,0.00124541,0.06304614,0.01440044,146940,0.09354517,White
MN-17,196335,0.49039926,0.48492892,0.77358778,0.22641222,0.06790568,0.05785198,0.00163295,0.07553071,0.01958844,144524,0.00547034000000002,White
MN-18,196915,0.32386305,0.65624253,0.89523277,0.10476723,0.02462417,0.04735573,0.00154238,0.01279703,0.01391508,148472,-0.33237948,White
MN-19,195895,0.42691324,0.55124926,0.86153541,0.13846459,0.03864281,0.05538979,0.00128061,0.02538121,0.01413955,151490,-0.12433602,White
MN-20,195999,0.30403081,0.67556523,0.8675027,0.1324973,0.01531163,0.07674604,0.00148285,0.02206164,0.01837799,149037,-0.37153442,White
MN-21,197502,0.31790046,0.66238518,0.92417126,0.07582874,0.0099077,0.03474534,0.00246227,0.00747149,0.01786773,153517,-0.34448472,White
MN-22,197613,0.34176191,0.63723336,0.89505052,0.10494948,0.02543935,0.04224823,0.00091103,0.01616212,0.01271967,143793,-0.29547145,White
MN-23,196497,0.3428919,0.63672973,0.88839234,0.11160766,0.03456929,0.026532,0.00114131,0.02301182,0.01802719,145447,-0.29383783,White
MN-24,196483,0.31157586,0.66956097,0.91398482,0.08601518,0.01464749,0.01808968,0.00092497,0.01826807,0.02402928,151357,-0.35798511,White
MN-25,196680,0.34877455,0.62964305,0.85858127,0.14141873,0.06656963,0.03369879,0.00094813,0.02405053,0.01386144,149768,-0.2808685,White
MN-26,197556,0.28147878,0.70102196,0.93015574,0.06984426,0.00789894,0.01952316,0.00112088,0.00658684,0.02763309,151666,-0.41954318,White
MN-27,197124,0.36779284,0.6117425,0.87559117,0.12440883,0.0240282,0.02945328,0.00134456,0.0126429,0.0540367,149491,-0.24394966,White
MN-28,196000,0.4187292,0.5617697,0.86277471,0.13722529,0.01247266,0.01313665,0.00117826,0.00756432,0.09613582,153616,-0.1430405,White
MN-29,196208,0.56731182,0.41055538,0.89728292,0.10271708,0.02476176,0.01448566,0.00108533,0.01437901,0.04116713,159399,0.15675644,White
MO-1,198677,0.85854469,0.12091801,0.39107084,0.60892916,0.50786475,0.03448715,0.00121976,0.05428252,0.01523794,164786,0.73762668,Black
MO-2,197975,0.73585826,0.24814973,0.40804198,0.59195802,0.50804854,0.02739259,0.00097737,0.03879305,0.01842571,152450,0.48770853,Black
MO-3,199469,0.80167361,0.18280309,0.31789297,0.68210703,0.58863709,0.04618423,0.00110149,0.03349432,0.01860144,153429,0.61887052,Black
MO-4,198258,0.58514011,0.39543058,0.76795078,0.23204922,0.06971447,0.03281906,0.00097807,0.1116643,0.01183783,158475,0.18970953,White
MO-5,198820,0.58236095,0.39778229,0.74521312,0.25478688,0.14036948,0.0478314,0.00109771,0.04134494,0.02149887,160334,0.18457866,White
MO-6,198522,0.58342173,0.39613585,0.86969045,0.13030955,0.04130742,0.02546516,0.00078146,0.04105555,0.01630726,154839,0.18728588,White
MO-7,197888,0.45535433,0.5281758,0.83576626,0.16423374,0.06332625,0.03693075,0.00133923,0.03532368,0.02113426,156807,-0.07282147,White
MO-8,198118,0.36898858,0.6175912,0.85882859,0.14117141,0.05099734,0.03016273,0.00126332,0.03128948,0.0217087,146439,-0.24860262,White
MO-9,198323,0.36943103,0.61488224,0.89077219,0.10922781,0.02099906,0.0222747,0.00090931,0.03599278,0.02101868,152864,-0.24545121,White
MO-10,199157,0.31235382,0.67441167,0.90976511,0.09023489,0.0119273,0.02074058,0.00086174,0.01224719,0.03167557,153178,-0.36205785,White
MO-11,197993,0.51459936,0.46400521,0.78570148,0.21429852,0.09899716,0.03736648,0.00177387,0.04775353,0.02490458,156156,0.05059415,White
MO-12,198488,0.23742631,0.751396,0.89763599,0.10236401,0.03677938,0.02099522,0.00104353,0.00730468,0.02853618,152368,-0.51396969,White
MO-13,198299,0.21804102,0.77162682,0.90500042,0.09499958,0.03590131,0.02096574,0.00113838,0.01079186,0.0227286,153727,-0.5535858,White
MO-14,199447,0.26940316,0.71822257,0.88547006,0.11452994,0.03747724,0.03311942,0.00300205,0.01204695,0.02553359,154894,-0.44881941,White
MO-15,199465,0.53982528,0.4432254,0.73928796,0.26071204,0.10713661,0.07519007,0.00752484,0.04008063,0.03120119,154289,0.09659988,White
MO-16,198369,0.74316423,0.23807816,0.60550155,0.39449845,0.25376233,0.08005488,0.00216828,0.03866155,0.02657063,163263,0.50508607,White
MO-17,199460,0.72764741,0.25365569,0.35385139,0.64614861,0.43807567,0.15788385,0.00383505,0.02797249,0.03354165,149933,0.47399172,Black
MO-18,197803,0.49248425,0.4910705,0.77826078,0.22173922,0.09261796,0.06632393,0.00564389,0.02432892,0.03223565,151137,0.00141374999999999,White
MO-19,197876,0.38622019,0.59904691,0.85477394,0.14522606,0.04157916,0.04358355,0.00352308,0.02014653,0.03044897,146179,-0.21282672,White
MO-20,198844,0.35118431,0.63554562,0.85009079,0.14990921,0.05117358,0.04215482,0.00238752,0.0142444,0.03421884,148690,-0.28436131,White
MO-21,198497,0.2740404,0.71320512,0.85655799,0.14344201,0.06468494,0.03469216,0.00328697,0.01025144,0.02512416,153637,-0.43916472,White
MO-22,198407,0.24577758,0.74406413,0.86247893,0.13752107,0.07445222,0.01881239,0.00076494,0.01232335,0.02460132,154260,-0.49828655,White
MO-23,198656,0.1910096,0.80058913,0.91529486,0.08470514,0.02481463,0.01272858,0.00109231,0.00582135,0.03080304,155634,-0.60957953,White
MO-24,198845,0.16999909,0.82275602,0.86752699,0.13247301,0.0658848,0.02169426,0.0009861,0.00635707,0.03196287,152114,-0.65275693,White
MO-25,197840,0.20192649,0.78697187,0.84195836,0.15804164,0.04792453,0.04265452,0.00370852,0.02698764,0.03468445,153700,-0.58504538,White
MO-26,198943,0.24237901,0.74613073,0.88104469,0.11895531,0.02763472,0.03756856,0.00261045,0.01287863,0.03209048,155529,-0.50375172,White
MO-27,198380,0.17390342,0.81691571,0.89751707,0.10248293,0.00789754,0.03636171,0.00131515,0.00870381,0.04010891,151313,-0.64301229,White
MO-28,199464,0.20732938,0.78303808,0.89207391,0.10792609,0.011845,0.03659833,0.00273891,0.01105877,0.03930502,155171,-0.5757087,White
MO-29,198870,0.22491741,0.76506233,0.90845423,0.09154577,0.01550377,0.02020168,0.00126971,0.01176148,0.03543147,149641,-0.54014492,White
MO-30,197880,0.23516449,0.75188568,0.81417454,0.18582546,0.02312596,0.06866734,0.01037652,0.01698585,0.06402874,149183,-0.51672119,White
MO-31,197880,0.47150804,0.51136776,0.82021552,0.17978448,0.05508304,0.04883587,0.00321974,0.03085742,0.03869895,161193,-0.0398597199999999,White
MS-1,197564,0.27053003,0.71658158,0.70454306,0.29545694,0.23531391,0.03125247,0.00104241,0.0106484,0.0162629,151572,-0.44605155,White
MS-2,196679,0.54083721,0.43685872,0.42814528,0.57185472,0.50546783,0.03810195,0.00094238,0.01524078,0.01455603,147499,0.10397849,Black
MS-3,197919,0.57326346,0.41760171,0.35574988,0.64425012,0.61680783,0.01769796,0.00067969,0.00569236,0.00847646,153012,0.15566175,Black
MS-4,197083,0.5057767,0.48439786,0.42484303,0.57515697,0.53823959,0.02142876,0.00063179,0.00747727,0.0111638,153532,0.02137884,Black
MS-5,197471,0.57062516,0.41888291,0.37740264,0.62259736,0.58882811,0.01839761,0.00062088,0.00888837,0.00979681,153009,0.15174225,Black
MS-6,197593,0.57074434,0.41628242,0.41136071,0.58863929,0.53402429,0.02471805,0.00056521,0.02185914,0.01010147,152156,0.15446192,Black
MS-7,197284,0.52374002,0.46530695,0.48138125,0.51861875,0.47018229,0.02108343,0.00072168,0.01517465,0.01302894,155193,0.05843307,Minority
MS-8,197466,0.16264765,0.82903945,0.81890173,0.18109827,0.13127768,0.0249333,0.00049288,0.00688722,0.01621256,152166,-0.6663918,White
MS-9,198047,0.32479121,0.66475762,0.64242649,0.35757351,0.28255216,0.02651493,0.0007626,0.01420256,0.03567914,153423,-0.33996641,White
MS-10,197327,0.27258316,0.71718831,0.70542863,0.29457137,0.22167455,0.03982548,0.00075934,0.01667888,0.01575301,150130,-0.44460515,White
MS-11,196533,0.33164167,0.66086441,0.5954946,0.4045054,0.36412757,0.01514252,0.00086719,0.00635052,0.02014555,149909,-0.32922274,White
MS-12,198263,0.3190142,0.67037653,0.62171359,0.37828641,0.31606876,0.03605677,0.00104956,0.01129096,0.0143875,153397,-0.35136233,White
MS-13,197494,0.21599302,0.77362907,0.76256171,0.23743829,0.17226916,0.02863201,0.00101382,0.01154292,0.02229732,150915,-0.55763605,White
MS-14,197662,0.2533008,0.73666632,0.71052876,0.28947124,0.18923018,0.05023974,0.0017219,0.02372248,0.02470264,150996,-0.48336552,White
MS-15,196894,0.35893481,0.62939171,0.62857522,0.37142478,0.2473555,0.05896211,0.00274073,0.04018847,0.02503152,150690,-0.2704569,White
MT-1,215950,0.51356222,0.45185255,0.85389228,0.14610772,0.0088151,0.04006077,0.00221244,0.01475923,0.07533273,173112,0.0617096699999999,White
MT-2,217493,0.40402913,0.56540583,0.90088864,0.09911136,0.00679009,0.03602962,0.00178297,0.01516377,0.02726289,175550,-0.1613767,White
MT-3,216505,0.30528756,0.66559469,0.83714911,0.16285089,0.00530821,0.02348046,0.00233729,0.01064033,0.1146466,167288,-0.36030713,White
MT-4,216665,0.35717553,0.61093124,0.85366781,0.14633219,0.01195167,0.03225941,0.00254961,0.01481032,0.07844955,168261,-0.25375571,White
MT-5,217612,0.32535543,0.64346751,0.83115748,0.16884252,0.01099981,0.04395101,0.00272434,0.01245238,0.0960027,165912,-0.31811208,White
NC-1,201426,0.59692623,0.38565463,0.83669248,0.16330752,0.05541841,0.06194465,0.00228661,0.01476894,0.02491615,164873,0.2112716,White
NC-2,201586,0.5128517,0.47019623,0.81411522,0.18588478,0.05124829,0.09104374,0.00412034,0.01805393,0.02143676,164064,0.04265547,White
NC-3,201480,0.32656768,0.65890891,0.85729653,0.14270347,0.01820204,0.04747516,0.00108777,0.00954821,0.06683749,165476,-0.33234123,White
NC-4,201365,0.2946316,0.6942389,0.87633493,0.12366507,0.04945378,0.04068486,0.00088179,0.00755034,0.0238206,163304,-0.3996073,White
NC-5,201217,0.50530001,0.48045292,0.76446957,0.23553043,0.12979609,0.06268575,0.00208466,0.0215638,0.01991066,164535,0.02484709,White
NC-6,199948,0.31791526,0.66930263,0.65413304,0.34586696,0.15419802,0.12659026,0.00765402,0.03843905,0.03106442,153906,-0.35138737,White
NC-7,199911,0.54687785,0.44274198,0.44470575,0.55529425,0.47981888,0.04307771,0.00156783,0.00928783,0.03007099,159456,0.10413587,Black
NC-8,200816,0.39734615,0.58873104,0.66101193,0.33898807,0.17174068,0.1332719,0.00129149,0.01358078,0.02467276,148666,-0.19138489,White
NC-9,201334,0.39774759,0.58737105,0.68609952,0.31390048,0.12827195,0.11694777,0.0012995,0.04846639,0.02028314,145441,-0.18962346,White
NC-10,201357,0.39378884,0.59410483,0.68911973,0.31088027,0.19061057,0.07744073,0.00092579,0.0203993,0.02431954,156623,-0.20031599,White
NC-11,200390,0.54688017,0.43906019,0.437821,0.562179,0.40869542,0.08836033,0.00561783,0.03673704,0.04414386,151482,0.10781998,Minority
NC-12,201252,0.58443178,0.40111333,0.38477435,0.61522565,0.4094747,0.11906683,0.00744619,0.03814941,0.06612346,152427,0.18331845,Black
NC-13,201500,0.36764617,0.62127164,0.81681761,0.18318239,0.09608346,0.04908141,0.00112382,0.01138242,0.02300522,166397,-0.25362547,White
NC-14,200297,0.33879221,0.65350052,0.44069616,0.55930384,0.24777225,0.0676362,0.00126014,0.00840952,0.24677571,155538,-0.31470831,Minority
NC-15,200943,0.70889971,0.26855124,0.2978881,0.7021119,0.43140134,0.19426421,0.0014948,0.07156511,0.02352653,151191,0.44034847,Black
NC-16,201567,0.79264086,0.18170906,0.29139627,0.70860373,0.52206596,0.12390178,0.00157319,0.05856979,0.01802196,157641,0.6109318,Black
NC-17,200539,0.74887103,0.22099448,0.2653303,0.7346697,0.44363163,0.20091116,0.00165962,0.0858835,0.02216726,153650,0.52787655,Black
NC-18,200184,0.60772142,0.37140852,0.73780931,0.26219069,0.11998472,0.08001277,0.00105815,0.04804899,0.01456998,159712,0.2363129,White
NC-19,200512,0.53957975,0.43846733,0.63731112,0.36268888,0.14406209,0.09982935,0.00147116,0.10173858,0.01778464,152941,0.10111242,White
NC-20,200946,0.83903561,0.13940279,0.45250693,0.54749307,0.34291412,0.11222299,0.00109489,0.08340724,0.01896787,163487,0.69963282,Minority
NC-21,200390,0.52085383,0.46032266,0.68715054,0.31284946,0.15053691,0.07962706,0.00122607,0.06735291,0.01661929,148442,0.06053117,White
NC-22,200546,0.41937533,0.56717647,0.63893997,0.36106003,0.21138021,0.11105677,0.00123896,0.02037769,0.02477275,153354,-0.14780114,White
NC-23,200265,0.61105655,0.37395479,0.4982643,0.5017357,0.34234534,0.12219587,0.00104206,0.02356461,0.02269516,156421,0.23710176,Minority
NC-24,199884,0.66375512,0.32000485,0.65891425,0.34108575,0.17079804,0.07822331,0.00125093,0.07357435,0.02002726,160681,0.34375027,White
NC-25,201312,0.44396978,0.54208683,0.65135475,0.34864525,0.20472511,0.10484711,0.00118191,0.02053733,0.02489007,157372,-0.09811705,White
NC-26,200607,0.60026176,0.38137392,0.45055711,0.54944289,0.36526181,0.09896889,0.00147667,0.07268287,0.02182404,156433,0.21888784,Minority
NC-27,199877,0.64558677,0.33715858,0.39871347,0.60128653,0.46263822,0.08721311,0.00125025,0.0433118,0.02161056,154369,0.30842819,Black
NC-28,200681,0.59159522,0.39150131,0.63868412,0.36131588,0.20424682,0.10046588,0.00120432,0.04270275,0.02061294,157765,0.20009391,White
NC-29,200692,0.2570587,0.73368932,0.80225266,0.19774734,0.11098562,0.05956756,0.00066145,0.00688278,0.02116627,160255,-0.47663062,White
NC-30,201017,0.30448331,0.68298346,0.86382738,0.13617262,0.03823497,0.06545371,0.00148786,0.01150207,0.01888672,164666,-0.37850015,White
NC-31,200008,0.27120178,0.7189985,0.82920294,0.17079706,0.06637711,0.05880593,0.00114035,0.02162927,0.02734348,160477,-0.44779672,White
NC-32,200743,0.27914285,0.71208678,0.78491841,0.21508159,0.13467378,0.04687983,0.00082068,0.01011332,0.02189956,158405,-0.43294393,White
NC-33,201661,0.34063776,0.6489982,0.71184012,0.28815988,0.19096742,0.05564996,0.00131881,0.0146781,0.02788521,157718,-0.30836044,White
NC-34,201166,0.30445791,0.68404686,0.79006403,0.20993597,0.07029533,0.07557746,0.0013617,0.04251034,0.02209119,157891,-0.37958895,White
NC-35,200755,0.29219165,0.69698128,0.77250223,0.22749777,0.1181925,0.06938977,0.00086689,0.01771025,0.02119708,155729,-0.40478963,White
NC-36,200756,0.58873861,0.39637473,0.52173941,0.47826059,0.32412111,0.11608919,0.0016786,0.02522962,0.02300627,157870,0.19236388,White
NC-37,201124,0.39156128,0.59163051,0.76486523,0.23513477,0.11504465,0.06977013,0.00088585,0.02957319,0.02151069,155783,-0.20006923,White
NC-38,201249,0.23281907,0.7542777,0.82085781,0.17914219,0.06931969,0.07367823,0.00074537,0.01044786,0.02564588,158310,-0.52145863,White
NC-39,199936,0.22451838,0.76666245,0.78657786,0.21342214,0.09474866,0.07858186,0.00069541,0.01711103,0.02372704,156741,-0.54214407,White
NC-40,201317,0.71021484,0.27070313,0.36156919,0.63843081,0.43835328,0.16085437,0.00156367,0.03220635,0.0229623,152206,0.43951171,Black
NC-41,200251,0.59372877,0.38774497,0.55660295,0.44339705,0.25456389,0.12562021,0.0014301,0.05287329,0.02000121,148941,0.2059838,White
NC-42,200695,0.61267771,0.36850796,0.77439484,0.22560516,0.10823312,0.0560179,0.00112834,0.04648002,0.01447514,160413,0.24416975,White
NC-43,200298,0.65458774,0.31944748,0.5253148,0.4746852,0.11701436,0.07534462,0.00172228,0.26890317,0.01362409,149221,0.33514026,White
NC-44,201658,0.56963745,0.4068082,0.69730365,0.30269635,0.12652226,0.08662157,0.00143747,0.07143168,0.01824529,160699,0.16282925,White
NC-45,201276,0.55754445,0.42304153,0.72353138,0.27646862,0.11503785,0.08577936,0.00136647,0.05582423,0.01992096,149290,0.13450292,White
NC-46,199896,0.36434165,0.62320775,0.6326775,0.3673225,0.19611617,0.13280535,0.00301448,0.01716504,0.02914222,148616,-0.2588661,White
NC-47,199767,0.33932242,0.65211506,0.58966974,0.41033026,0.2541217,0.12304642,0.00150826,0.00945261,0.03126381,153820,-0.31279264,White
NC-48,200511,0.37261975,0.61679529,0.65512648,0.34487352,0.22533033,0.07885583,0.00210223,0.02209554,0.02123066,158403,-0.24417554,White
NC-49,201454,0.30647454,0.68212161,0.82027169,0.17972831,0.10181614,0.04150393,0.00201997,0.01180247,0.02127374,163864,-0.37564707,White
NC-50,200639,0.5291616,0.46097304,0.46435653,0.53564347,0.43315686,0.07681843,0.00149517,0.01604903,0.01845542,155835,0.06818856,Minority
NC-51,200166,0.51476515,0.47365472,0.5247266,0.4752734,0.38943598,0.05437066,0.00138601,0.02001164,0.01605615,158008,0.04111043,White
NC-52,200221,0.49693772,0.49200626,0.51914698,0.48085302,0.39037437,0.06578114,0.00101093,0.01007736,0.02033386,156291,0.00493146000000005,White
ND-1,194320,0.43789917,0.53286588,0.84325988,0.15674012,0.06142006,0.02888245,0.00138232,0.03617284,0.02771944,150472,-0.09496671,White
ND-2,195239,0.31895754,0.65580587,0.87148565,0.12851435,0.02501638,0.03251015,0.00172278,0.02113848,0.04713088,152660,-0.33684833,White
ND-3,194858,0.22357032,0.75480787,0.78274771,0.21725229,0.03561467,0.05353967,0.00290676,0.0187901,0.10698936,144491,-0.53123755,White
ND-4,194677,0.23250025,0.74278832,0.87643968,0.12356032,0.02180238,0.0306998,0.00316562,0.01217081,0.05527043,148470,-0.51028807,White
NE-1,196027,0.66942029,0.31364826,0.57109805,0.42890195,0.25115347,0.08588128,0.00250871,0.06924174,0.02843653,148682,0.35577203,White
NE-2,196135,0.57848236,0.40696786,0.67043608,0.32956392,0.05773647,0.21598464,0.00220927,0.03559006,0.02922414,148918,0.1715145,White
NE-3,195736,0.44124662,0.54764264,0.858186,0.141814,0.03206353,0.03936555,0.00142773,0.05244951,0.01302714,140783,-0.10639602,White
NE-4,196020,0.4298999,0.55660269,0.81043106,0.18956894,0.04595419,0.08250851,0.00265161,0.03593701,0.02120585,142555,-0.12670279,White
NE-5,197120,0.38221078,0.60491127,0.87021316,0.12978684,0.02226517,0.05358667,0.00105862,0.03341825,0.0173682,146417,-0.22270049,White
NE-6,195780,0.58878133,0.39411219,0.77888415,0.22111585,0.05986698,0.08151233,0.00175643,0.05408756,0.02409919,154860,0.19466914,White
NE-7,195744,0.25520612,0.73361864,0.78427909,0.21572091,0.01861614,0.14923962,0.00191129,0.01119176,0.03901248,144928,-0.47841252,White
NE-8,197101,0.25129156,0.73586289,0.85071836,0.14928164,0.01702764,0.10311068,0.00111909,0.00897285,0.02102823,149228,-0.48457133,White
NE-9,195365,0.22526574,0.76343762,0.85519074,0.14480926,0.01579089,0.09667631,0.00148691,0.01218462,0.01831393,148630,-0.53817188,White
NE-10,196476,0.17350316,0.81559064,0.87609015,0.12390985,0.010124,0.07415005,0.00168072,0.00794701,0.02936622,151126,-0.64208748,White
NH-1,197038,0.5874567,0.39704485,0.898702,0.101298,0.01572425,0.02453277,0.00126799,0.03816209,0.01375183,163251,0.19041185,White
NH-2,196453,0.41902774,0.56861186,0.90470101,0.09529899,0.01360044,0.03394036,0.00081846,0.02584531,0.01255819,156392,-0.14958412,White
NH-3,197070,0.52555695,0.45838798,0.8280256,0.1719744,0.02570857,0.06841126,0.00118921,0.05450523,0.01375897,156407,0.0671689700000001,White
NH-4,197299,0.54368835,0.44113528,0.82397511,0.17602489,0.04582247,0.06660722,0.00122227,0.04230534,0.01844623,160358,0.10255307,White
NH-5,196659,0.50595075,0.47805894,0.92052539,0.07947461,0.01320387,0.02067622,0.00133861,0.01413399,0.0202363,159120,0.02789181,White
NH-6,196217,0.42904532,0.55862556,0.93080723,0.06919277,0.00909448,0.01594025,0.00082224,0.01300012,0.0204252,160537,-0.12958024,White
NH-7,196793,0.54082452,0.44320539,0.91125353,0.08874647,0.01304863,0.01978556,0.00092944,0.02372202,0.02117668,164615,0.0976191300000001,White
NJ-1,202486,0.50503373,0.47506357,0.50573015,0.49426985,0.19956312,0.18695116,0.00277275,0.1078432,0.01765674,159769,0.02997016,White
NJ-2,202728,0.38689689,0.59655775,0.81106321,0.18893679,0.06968773,0.08546053,0.00130488,0.01665073,0.01747455,166299,-0.20966086,White
NJ-3,201726,0.45012331,0.53485329,0.55060928,0.44939072,0.17651024,0.24896941,0.00158154,0.01757843,0.02834457,154280,-0.08472998,White
NJ-4,201381,0.49706623,0.48206515,0.76153734,0.23846266,0.12332007,0.06390837,0.00114472,0.03811734,0.01593757,158117,0.01500108,White
NJ-5,201000,0.53427373,0.44952718,0.66807356,0.33192644,0.20864545,0.06997731,0.00129916,0.04465949,0.01548221,157794,0.08474655,White
NJ-6,202741,0.69225879,0.29053982,0.40699615,0.59300385,0.25143463,0.26552245,0.00249956,0.08781825,0.01732678,152827,0.40171897,Minority
NJ-7,202503,0.59256846,0.38702933,0.71378142,0.28621858,0.11814073,0.09428347,0.00141948,0.06372726,0.01566411,160622,0.20553913,White
NJ-8,201568,0.52835395,0.45020617,0.63635469,0.36364531,0.14603743,0.15006549,0.0011623,0.04097559,0.01570024,162609,0.0781477799999999,White
NJ-9,201929,0.33552868,0.64913385,0.86848268,0.13151732,0.02666667,0.07176822,0.00076464,0.0181601,0.01336918,167400,-0.31360517,White
NJ-10,201554,0.33528128,0.64941562,0.80748598,0.19251402,0.04765193,0.09488837,0.00068432,0.03715494,0.01278213,163666,-0.31413434,White
NJ-11,201956,0.22975032,0.7584626,0.80382029,0.19617971,0.04102034,0.12154881,0.00079589,0.01604521,0.01167575,125645,-0.52871228,White
NJ-12,201609,0.52438192,0.46003286,0.75504549,0.24495451,0.10819546,0.0625323,0.00192417,0.06314878,0.01467099,160589,0.06434906,White
NJ-13,201602,0.64810083,0.33560083,0.56415359,0.43584641,0.27895914,0.08539914,0.00130771,0.05839209,0.0170255,158292,0.3125,White
NJ-14,202367,0.53104893,0.44919217,0.6165233,0.3834767,0.12528999,0.14699059,0.00150517,0.10479602,0.0145417,160779,0.08185676,White
NJ-15,201919,0.37763109,0.6019218,0.80773868,0.19226132,0.03770524,0.09752899,0.00101301,0.04416243,0.01157819,160906,-0.22429071,White
NJ-16,201880,0.39012554,0.58834172,0.80903301,0.19096699,0.02080353,0.05946035,0.000899,0.09995948,0.00642592,157954,-0.19821618,White
NJ-17,202230,0.4208816,0.5544055,0.64123788,0.35876212,0.09266786,0.14323306,0.0013713,0.11379332,0.01141516,161890,-0.1335239,White
NJ-18,202274,0.52723653,0.4374372,0.54873265,0.45126735,0.06134992,0.07686542,0.00093693,0.30675586,0.00764532,160098,0.08979933,White
NJ-19,202188,0.52182139,0.44917291,0.34521291,0.65478709,0.12042843,0.34629287,0.00188676,0.20392852,0.01549427,157413,0.0726484800000001,Hispanic
NJ-20,202011,0.5552703,0.4057941,0.34796409,0.65203591,0.12499608,0.12458206,0.00129851,0.39741426,0.0106704,159413,0.1494762,Asian
NJ-21,201751,0.55218645,0.42467858,0.19383749,0.80616251,0.20870485,0.55022308,0.00194661,0.0560335,0.02124282,153087,0.12750787,Hispanic
NJ-22,201957,0.71853919,0.2622968,0.21661891,0.78338109,0.52523066,0.19937775,0.00131896,0.05867801,0.01320224,158458,0.45624239,Black
NJ-23,202165,0.57264722,0.40360059,0.68782213,0.31217787,0.09318192,0.12183687,0.00105411,0.09063395,0.00897609,154633,0.16904663,White
NJ-24,202121,0.62043537,0.35168422,0.33103833,0.66896167,0.06140658,0.53437897,0.00216614,0.09003884,0.02833158,162963,0.26875115,Hispanic
NJ-25,202040,0.535527,0.43121196,0.27425932,0.72574068,0.06344318,0.51207884,0.00225439,0.15089005,0.02399754,162350,0.10431504,Hispanic
NJ-26,201929,0.64940169,0.31265477,0.3929435,0.6070565,0.1123016,0.19515063,0.00203623,0.30302222,0.0119689,165011,0.33674692,Minority
NJ-27,201325,0.75718149,0.21955951,0.11543891,0.88456109,0.52142746,0.24793431,0.00279094,0.10752584,0.01607221,154428,0.53762198,Black
NJ-28,201984,0.61353861,0.37007578,0.25095964,0.74904036,0.14844099,0.50241025,0.0022891,0.08316011,0.02055729,156830,0.24346283,Hispanic
NJ-29,201892,0.80361197,0.18194904,0.24718425,0.75281575,0.54246661,0.16562404,0.00193491,0.05578543,0.01409344,152979,0.62166293,Black
NJ-30,201822,0.80377853,0.17888672,0.27551014,0.72448986,0.51167903,0.17044677,0.0017191,0.05084453,0.01537606,156477,0.62489181,Black
NJ-31,202290,0.63524395,0.32629666,0.32575838,0.67424162,0.19287801,0.2897872,0.00171884,0.19485219,0.01946778,160573,0.30894729,Minority
NJ-32,201854,0.64111525,0.3397339,0.45273676,0.54726324,0.2771213,0.22862174,0.00184972,0.04248638,0.01835737,157321,0.30138135,Minority
NJ-33,202350,0.60639188,0.36409758,0.58045709,0.41954291,0.06528364,0.09182144,0.00161808,0.25407039,0.0090663,158830,0.2422943,White
NJ-34,201485,0.57047709,0.40371,0.48138191,0.51861809,0.15800377,0.22854731,0.00137671,0.1285603,0.01505942,153990,0.16676709,Minority
NJ-35,201822,0.40820215,0.5703991,0.82105003,0.17894997,0.04618283,0.0797097,0.00090179,0.03667696,0.01235948,161900,-0.16219695,White
NJ-36,201919,0.46680414,0.49061559,0.33432875,0.66567125,0.09318413,0.51448167,0.00178519,0.08034654,0.02694845,152365,-0.02381145,Hispanic
NJ-37,201631,0.56944343,0.40030272,0.20431099,0.79568901,0.24439716,0.52353786,0.00218712,0.05844609,0.021858,151798,0.16914071,Hispanic
NJ-38,201871,0.50190017,0.47794409,0.48390045,0.51609955,0.09964359,0.2920279,0.00121242,0.13073994,0.01448807,164135,0.02395608,Minority
NJ-39,202795,0.56807582,0.41485223,0.42268731,0.57731269,0.07288632,0.17503379,0.00137007,0.32960956,0.0102538,161306,0.15322359,Minority
NJ-40,201175,0.50839542,0.46874839,0.4970907,0.5029093,0.10916319,0.21803703,0.0020255,0.18304995,0.01012122,158973,0.03964703,Minority
NJ-41,201762,0.50426782,0.47659817,0.75990938,0.24009062,0.02313595,0.08826584,0.00093479,0.1230152,0.00612804,154046,0.02766965,White
NJ-42,202168,0.41723251,0.55569796,0.76064222,0.23935778,0.03532849,0.11739665,0.00078125,0.07963829,0.00849532,162560,-0.13846545,White
NJ-43,201076,0.37035445,0.6091381,0.84162215,0.15837785,0.02618039,0.08606864,0.00066925,0.02684349,0.01461288,162870,-0.23878365,White
NJ-44,201902,0.53997698,0.43542106,0.6653439,0.3346561,0.04884945,0.19596197,0.00080507,0.0823645,0.01353407,157750,0.10455592,White
NJ-45,202365,0.48766529,0.49328327,0.66149371,0.33850629,0.03490166,0.07456523,0.00111933,0.22114716,0.0060836,158130,-0.00561798000000002,White
NJ-46,201891,0.42282889,0.55377739,0.75484692,0.24515308,0.03604554,0.11059342,0.00088098,0.08802308,0.00913236,161185,-0.1309485,White
NM-1,192846,0.67182069,0.2985857,0.43567515,0.56432485,0.04488948,0.41679907,0.00298712,0.03936648,0.08684267,157342,0.37323499,Minority
NM-2,192497,0.5487222,0.42548341,0.58561791,0.41438209,0.03598411,0.27158822,0.0031324,0.06091494,0.05785957,155791,0.12323879,White
NM-3,192504,0.59817507,0.37896153,0.20208175,0.79791825,0.03721652,0.70277797,0.00232991,0.02005239,0.06730544,145070,0.21921354,Hispanic
NM-4,192836,0.50690424,0.47135836,0.44865025,0.55134975,0.04046844,0.42507005,0.00411018,0.03608286,0.07108483,145249,0.03554588,Minority
NM-5,191942,0.53529327,0.4420981,0.34415059,0.65584941,0.02689483,0.59175424,0.00231653,0.02091669,0.03987011,147203,0.0931951700000001,Hispanic
NM-6,192300,0.44282263,0.53663206,0.36341567,0.63658433,0.0144168,0.58265656,0.00189339,0.01175253,0.04395367,147883,-0.09380943,Hispanic
NM-7,193191,0.24925495,0.73449477,0.46342129,0.53657871,0.04069202,0.43419754,0.00314362,0.01802155,0.05222329,142829,-0.48523982,Minority
NM-8,192657,0.28642904,0.69491244,0.49380191,0.50619809,0.03328986,0.4306404,0.00238177,0.01578008,0.03693459,145690,-0.4084834,Minority
NM-9,192214,0.69760369,0.28066213,0.45251178,0.54748822,0.01461079,0.47985339,0.00229003,0.01898267,0.04537167,158513,0.41694156,Hispanic
NM-10,192381,0.55158935,0.42524206,0.43555879,0.56444121,0.01185556,0.39326064,0.00167303,0.0181081,0.15490296,152418,0.12634729,Minority
NM-11,192154,0.48576338,0.48656794,0.20670066,0.79329934,0.01134744,0.14998475,0.00195743,0.01368075,0.63615861,141001,-0.000804559999999954,Native
NV-1,194693,0.5643382,0.41140413,0.62699592,0.37300408,0.04021281,0.21245374,0.01202351,0.08403012,0.03523823,156194,0.15293407,White
NV-2,194138,0.50425185,0.47267567,0.56742415,0.43257585,0.03526177,0.27231991,0.01192482,0.08986557,0.03729917,150191,0.03157618,White
NV-3,194183,0.37100967,0.60511737,0.74506504,0.25493496,0.01821793,0.14518885,0.00635854,0.03867361,0.04709577,155067,-0.2341077,White
NV-4,193584,0.25645557,0.72135311,0.7309876,0.2690124,0.01854706,0.16207327,0.00547071,0.02530539,0.06101849,149889,-0.46489754,White
NV-5,194003,0.32632161,0.65621571,0.71791609,0.28208391,0.06174133,0.1340619,0.00921941,0.05085021,0.03347181,160314,-0.3298941,White
NV-6,193832,0.57008668,0.41172811,0.3543026,0.6456974,0.2421374,0.27304989,0.02097858,0.11511324,0.02801336,143146,0.15835857,Minority
NV-7,193942,0.56620609,0.41443001,0.36337203,0.63662797,0.15970427,0.37156441,0.0157401,0.0891357,0.03216514,148919,0.15177608,Hispanic
NV-8,194705,0.54166104,0.43960049,0.4087731,0.5912269,0.2240773,0.26056943,0.01670937,0.08938696,0.0301273,146744,0.10206055,Minority
NV-9,194207,0.46951839,0.51326634,0.61771176,0.38228824,0.08448543,0.13300764,0.01138878,0.14696065,0.01866583,156382,-0.04374795,White
NV-10,193516,0.51795542,0.46622059,0.37944392,0.62055608,0.14094641,0.23162365,0.01686346,0.23319114,0.0241549,155662,0.0517348300000001,Minority
NV-11,193492,0.52364313,0.45821006,0.45941278,0.54058722,0.14621648,0.25687209,0.01792911,0.11662143,0.0292977,158067,0.06543307,Minority
NV-12,193723,0.48796028,0.49607051,0.39971599,0.60028401,0.10922223,0.16710491,0.02416138,0.30629106,0.02145716,147177,-0.00811023,Minority
NV-13,194318,0.4715851,0.51189973,0.56943542,0.43056458,0.08108786,0.15082883,0.02304115,0.17549739,0.02055178,155461,-0.04031463,White
NV-14,193440,0.46268968,0.51965503,0.53584316,0.46415684,0.10604603,0.21348863,0.01760083,0.12023895,0.02962206,149652,-0.05696535,White
NV-15,193912,0.58934655,0.39294931,0.2615423,0.7384577,0.13340533,0.51119788,0.01291823,0.08268777,0.0337494,144447,0.19639724,Hispanic
NV-16,194926,0.63064725,0.35125519,0.17558487,0.82441513,0.16424045,0.6107239,0.00875645,0.04321614,0.03651095,136014,0.27939206,Hispanic
NY-1,200375,0.53001839,0.45961818,0.68086,0.31914,0.0784976,0.20389123,0.00110525,0.02400064,0.02185806,161954,0.07040021,White
NY-2,199514,0.43831791,0.54677946,0.73552541,0.26447459,0.07013551,0.11236114,0.00086351,0.07561263,0.01121946,162129,-0.10846155,White
NY-3,200669,0.36500095,0.62223799,0.79932843,0.20067157,0.0313877,0.10202719,0.00088003,0.0583066,0.00838212,160222,-0.25723704,White
NY-4,200082,0.39927196,0.5921427,0.74126557,0.25873443,0.06353057,0.15951635,0.00107113,0.02674043,0.01583381,158711,-0.19287074,White
NY-5,199421,0.36690374,0.62104643,0.76592163,0.23407837,0.05249227,0.12596518,0.0009073,0.0489444,0.0100179,159814,-0.25414269,White
NY-6,200565,0.59524381,0.3907919,0.22520079,0.77479921,0.2276162,0.51240373,0.0013067,0.04639437,0.03262125,151527,0.20445191,Hispanic
NY-7,200235,0.48635404,0.49405333,0.73583475,0.26416525,0.05238056,0.1336024,0.0009526,0.07171462,0.01241516,159563,-0.00769929000000003,White
NY-8,199382,0.39749607,0.59335083,0.68897268,0.31102732,0.10355886,0.17089028,0.0010773,0.03308948,0.0120445,159658,-0.19585476,White
NY-9,199688,0.47583643,0.50897338,0.63821336,0.36178664,0.0323644,0.12406459,0.00080201,0.19951627,0.00712964,158353,-0.0331369500000001,White
NY-10,199446,0.37791054,0.61162173,0.79126434,0.20873566,0.0203517,0.10302534,0.00080676,0.07814824,0.0072293,158660,-0.23371119,White
NY-11,200365,0.73279996,0.26000742,0.15948571,0.84051429,0.42975964,0.38881785,0.00182107,0.03564002,0.02275046,154854,0.47279254,Black
NY-12,199882,0.41332972,0.57155905,0.69290943,0.30709057,0.05017122,0.13194056,0.00126292,0.11934278,0.00884672,159155,-0.15822933,White
NY-13,199366,0.41933802,0.57080434,0.73199083,0.26800917,0.06463724,0.14627581,0.00096598,0.04954212,0.00884198,155282,-0.15146632,White
NY-14,200372,0.59078578,0.40080321,0.30404111,0.69595889,0.46901942,0.19332478,0.00230847,0.04612428,0.0174296,155081,0.18998257,Black
NY-15,200065,0.50426456,0.47878679,0.54328322,0.45671678,0.06583414,0.1484379,0.00104012,0.23489586,0.00940579,156712,0.02547777,White
NY-16,200556,0.79744826,0.18655828,0.08522074,0.91477926,0.67417092,0.13967196,0.00242445,0.10791287,0.0163032,161686,0.61088998,Black
NY-17,200133,0.81357914,0.17469216,0.01795786,0.98204214,0.63664258,0.14440483,0.00641352,0.15376731,0.03580254,159039,0.63888698,Black
NY-18,199433,0.22480383,0.76417926,0.7830052,0.2169948,0.0197382,0.10151345,0.00104116,0.09090111,0.0064665,159437,-0.53937543,White
NY-19,200071,0.38223334,0.59894693,0.55146565,0.44853435,0.11087787,0.16781669,0.00192798,0.17514809,0.01338804,157678,-0.21671359,White
NY-20,200129,0.69688932,0.28467165,0.25770121,0.74229879,0.22486836,0.31341284,0.00290869,0.23405958,0.02539056,161241,0.41221767,Hispanic
NY-21,199871,0.80756117,0.1684624,0.61793934,0.38206066,0.0493887,0.09662418,0.0045319,0.2275871,0.00802101,177409,0.63909877,White
NY-22,200259,0.82667597,0.1540052,0.56958771,0.43041229,0.091079,0.14973746,0.00487267,0.19066464,0.01105533,182446,0.67267077,White
NY-23,199835,0.78514177,0.19455737,0.65490019,0.34509981,0.05289071,0.08564212,0.00448406,0.19498965,0.0071934,179748,0.5905844,White
NY-24,200100,0.85039079,0.13031674,0.67192866,0.32807134,0.08289255,0.12219019,0.00154983,0.11935471,0.0100152,170341,0.72007405,White
NY-25,199537,0.77157574,0.20782025,0.77066792,0.22933208,0.03333724,0.07495455,0.00124318,0.11172228,0.00551809,170530,0.56375549,White
NY-26,200049,0.84855251,0.13292676,0.17924615,0.82075385,0.44779325,0.34611019,0.00295747,0.08305466,0.0278751,162977,0.71562575,Black
NY-27,200052,0.85984904,0.12138322,0.26797617,0.73202383,0.36390819,0.31200657,0.00286602,0.10380324,0.02457098,169224,0.73846582,Black
NY-28,199347,0.7445213,0.23944951,0.21075681,0.78924319,0.20061621,0.63586001,0.00326054,0.04442716,0.0285851,167150,0.50507179,Hispanic
NY-29,199970,0.79273428,0.19682853,0.2406664,0.7593336,0.51243541,0.22222779,0.00254282,0.04656625,0.01655341,159665,0.59590575,Black
NY-30,200040,0.79364973,0.19634642,0.11052456,0.88947544,0.58130155,0.305267,0.00307677,0.05379625,0.01783771,158933,0.59730331,Black
NY-31,200043,0.66619388,0.3197619,0.08991221,0.91008779,0.26427005,0.66541282,0.00426263,0.07161869,0.0334047,153661,0.34643198,Hispanic
NY-32,200745,0.70261934,0.29036591,0.02579895,0.97420105,0.39617207,0.66526945,0.00465814,0.01987655,0.0342431,147913,0.41225343,Hispanic
NY-33,200875,0.72417889,0.26659358,0.02378886,0.97621114,0.38073614,0.6796577,0.00406348,0.02265862,0.03654443,148641,0.45758531,Hispanic
NY-34,200120,0.75224868,0.24052757,0.0188598,0.9811402,0.47377128,0.60463463,0.00399891,0.01466949,0.03026181,146290,0.51172111,Hispanic
NY-35,200027,0.67446264,0.30408456,0.11155902,0.88844098,0.27821474,0.50860722,0.00378823,0.15585567,0.03348346,152314,0.37037808,Hispanic
NY-36,199320,0.59090372,0.40031502,0.18359864,0.81640136,0.23485369,0.52534178,0.00298592,0.10591982,0.02781078,155731,0.1905887,Hispanic
NY-37,199517,0.56682885,0.41462669,0.06159481,0.93840519,0.07570452,0.70202891,0.00271638,0.17667392,0.05025941,155354,0.15220216,Hispanic
NY-38,199479,0.70356022,0.26841317,0.48809186,0.51190814,0.0852485,0.22573039,0.00217828,0.19090683,0.01757689,172613,0.43514705,Minority
NY-39,199656,0.48024744,0.50413203,0.14233406,0.85766594,0.03151811,0.14421271,0.00138206,0.68524369,0.00779577,167142,-0.0238845899999999,Asian
NY-40,200572,0.46393261,0.52173065,0.47256802,0.52743198,0.03196042,0.10476185,0.00157431,0.38677089,0.00593863,164516,-0.0577980399999999,Minority
NY-41,200750,0.57120674,0.39572506,0.17942974,0.82057026,0.16396964,0.17026477,0.00448065,0.45947047,0.01870024,162030,0.17548168,Asian
NY-42,200016,0.56849234,0.41327076,0.37256459,0.62743541,0.10327368,0.20629917,0.00225236,0.31636097,0.01454419,161164,0.15522158,Minority
NY-43,199996,0.56418546,0.41252541,0.15143026,0.84856974,0.13116669,0.36670394,0.00640067,0.3059949,0.03887514,159202,0.15166005,Hispanic
NY-44,199943,0.5836962,0.39181534,0.13897932,0.86102068,0.06265451,0.30078938,0.00193979,0.50272304,0.02078693,163420,0.19188086,Asian
NY-45,199976,0.49497273,0.48227989,0.47686471,0.52313529,0.04830296,0.35539598,0.00194616,0.13046049,0.02201748,162371,0.01269284,Minority
NY-46,199542,0.76744414,0.19878292,0.18711512,0.81288488,0.23703814,0.50288662,0.00412197,0.10931913,0.03328615,161088,0.56866122,Hispanic
NY-47,200067,0.7940595,0.17924681,0.53024268,0.46975732,0.06921545,0.23923212,0.00254724,0.16352121,0.01811435,172736,0.61481269,White
NY-48,200424,0.37370929,0.60750829,0.38613203,0.61386797,0.03234086,0.14251401,0.00136259,0.44177631,0.01510254,157788,-0.233799,Asian
NY-49,200074,0.48302778,0.48400849,0.41005597,0.58994403,0.02731205,0.15915278,0.00131027,0.40456685,0.01405038,157220,-0.000980709999999996,Minority
NY-50,199734,0.15274766,0.83466999,0.69591265,0.30408735,0.03146026,0.10150472,0.00107092,0.14407773,0.00914163,128861,-0.68192233,White
NY-51,199791,0.34113918,0.64452317,0.60678715,0.39321285,0.09438731,0.10306782,0.0013417,0.19912134,0.00905494,160244,-0.30338399,White
NY-52,199816,0.70863801,0.28346358,0.24105013,0.75894987,0.62483246,0.08784052,0.00145992,0.06296527,0.00908673,158913,0.42517443,Black
NY-53,200123,0.76041559,0.22276008,0.2200647,0.7799353,0.61685597,0.11603928,0.00177843,0.06754873,0.01360939,158567,0.53765551,Black
NY-54,199899,0.88505569,0.10760992,0.01651723,0.98348277,0.78179137,0.22722103,0.00305483,0.02977466,0.01810416,151236,0.77744577,Black
NY-55,200701,0.85035738,0.13042116,0.19114139,0.80885861,0.69237124,0.09799957,0.00176309,0.03879419,0.01149709,162215,0.71993622,Black
NY-56,199900,0.90139947,0.06665427,0.29202021,0.70797979,0.48770603,0.14590773,0.00225224,0.09764719,0.01557297,166057,0.8347452,Black
NY-57,200322,0.75377173,0.22562994,0.28225818,0.71774182,0.51238278,0.1967314,0.00244686,0.03676647,0.0176513,141406,0.52814179,Black
NY-58,200208,0.90349828,0.07166672,0.64271008,0.35728992,0.10948274,0.11883269,0.00254611,0.12603854,0.01175596,164172,0.83183156,White
NY-59,199267,0.7213946,0.24238148,0.30931548,0.69068452,0.12359098,0.33485666,0.00226224,0.24369759,0.03156081,153830,0.47901312,Hispanic
NY-60,200451,0.61945414,0.37447493,0.58933735,0.41066265,0.12218225,0.21161771,0.00150455,0.07336953,0.01484922,152870,0.24497921,White
NY-61,200061,0.65259392,0.3419201,0.51322348,0.48677652,0.11279475,0.25567749,0.0012222,0.11340905,0.01700208,156275,0.31067382,White
NY-62,199454,0.66059431,0.33410307,0.67292914,0.32707086,0.06211763,0.1897323,0.00101641,0.07079274,0.01123232,154465,0.32649124,White
NY-63,199261,0.56574454,0.42651555,0.34568423,0.65431577,0.21669738,0.40239595,0.00197102,0.06883223,0.02331311,156264,0.13922899,Hispanic
NY-64,200577,0.47333763,0.51981112,0.76653689,0.23346311,0.04375829,0.14291079,0.00105155,0.03836909,0.01241832,159764,-0.04647349,White
NY-65,200905,0.52410246,0.46631089,0.57150765,0.42849235,0.12199863,0.22297429,0.00128327,0.08719939,0.01419774,158969,0.0577915700000001,White
NY-66,199518,0.35819632,0.63468609,0.60347033,0.39652967,0.15550594,0.17836237,0.00165143,0.05245815,0.01445972,128979,-0.27648977,White
NY-67,200613,0.38596925,0.61176218,0.70529372,0.29470628,0.08170308,0.14695467,0.00107413,0.03439291,0.01713755,144303,-0.22579293,White
NY-68,200306,0.53104751,0.46559817,0.53721566,0.46278434,0.17919391,0.25331056,0.00165688,0.0348074,0.02484041,155714,0.06544934,White
NY-69,199513,0.56442561,0.4258836,0.79472231,0.20527769,0.07169159,0.086093,0.00093421,0.0246292,0.02081956,164845,0.13854201,White
NY-70,199981,0.52235133,0.46691681,0.6437373,0.3562627,0.15802,0.14283317,0.00134221,0.04956223,0.01746733,160929,0.05543452,White
NY-71,199883,0.53282143,0.45691755,0.8416552,0.1583448,0.0435881,0.05996269,0.0012417,0.02947671,0.018858,163485,0.07590388,White
NY-72,199320,0.41705399,0.57519608,0.81635596,0.18364404,0.05674391,0.08289389,0.00151639,0.02045578,0.02093236,161568,-0.15814209,White
NY-73,199694,0.57204699,0.41142969,0.7135486,0.2864514,0.13453831,0.05896272,0.00102205,0.07858598,0.0184154,161441,0.1606173,White
NY-74,199493,0.63463385,0.34942802,0.69793493,0.30206507,0.15000523,0.06560614,0.00161785,0.07361544,0.01598784,162561,0.28520583,White
NY-75,199400,0.42399793,0.5678092,0.90891129,0.09108871,0.02280768,0.02252984,0.00088909,0.01162611,0.02260393,161963,-0.14381127,White
NY-76,200353,0.51543711,0.48021314,0.87758213,0.12241787,0.02453335,0.03239174,0.00092086,0.03848308,0.01746516,160720,0.0352239700000001,White
NY-77,200663,0.52727719,0.46173074,0.72353885,0.27646115,0.10231029,0.07944847,0.00301398,0.05635188,0.02356614,157599,0.06554645,White
NY-78,199730,0.30151428,0.69438826,0.92152816,0.07847184,0.01719619,0.02159654,0.00095605,0.00778767,0.01934887,157942,-0.39287398,White
NY-79,199707,0.49231742,0.50188614,0.85901633,0.14098367,0.04668948,0.03184295,0.0014005,0.01510452,0.0439069,162799,-0.00956871999999998,White
NY-80,199619,0.35769657,0.64025219,0.85651751,0.14348249,0.05095331,0.04364462,0.00228275,0.01726978,0.02394293,154200,-0.28255562,White
NY-81,199357,0.38342213,0.61483407,0.90028352,0.09971648,0.0267377,0.03179154,0.00113791,0.00938299,0.02260562,157306,-0.23141194,White
NY-82,200636,0.41638913,0.58124044,0.7927684,0.2072316,0.08192419,0.06108093,0.00110571,0.04987132,0.01453945,157365,-0.16485131,White
NY-83,199677,0.51633359,0.47600498,0.87902709,0.12097291,0.03539445,0.02422221,0.00082269,0.03143173,0.02179183,159234,0.04032861,White
NY-84,200108,0.50935704,0.48573947,0.883031,0.116969,0.04356329,0.028313,0.00107184,0.02064712,0.01788915,159538,0.02361757,White
NY-85,200308,0.68261059,0.31018304,0.60775873,0.39224127,0.2359763,0.07562713,0.00182781,0.06621707,0.02477625,158660,0.37242755,White
NY-86,200110,0.4974382,0.49645079,0.81101356,0.18898644,0.06912505,0.04350497,0.00136395,0.05477289,0.01900923,162763,0.000987410000000022,White
NY-87,199769,0.57939516,0.40789201,0.81186407,0.18813593,0.039031,0.04650952,0.00142678,0.07357004,0.01975733,165407,0.17150315,White
NY-88,200965,0.4289613,0.56345672,0.88906388,0.11093612,0.03261289,0.04121587,0.00096488,0.01259944,0.01835137,160642,-0.13449542,White
NY-89,199197,0.40394387,0.59049507,0.88648957,0.11351043,0.04238356,0.02210683,0.00097521,0.01924453,0.02104297,157915,-0.1865512,White
NY-90,199456,0.28264535,0.71114104,0.90304388,0.09695612,0.0317951,0.02830016,0.00091474,0.00933666,0.01914014,158515,-0.42849569,White
NY-91,200664,0.37122733,0.62286201,0.86998422,0.13001578,0.02988956,0.05360682,0.0010792,0.00956138,0.03141054,158450,-0.25163468,White
NY-92,199180,0.38325795,0.609729,0.89238593,0.10761407,0.04021115,0.02888073,0.00077281,0.0108443,0.02259852,160453,-0.22647105,White
NY-93,199839,0.59023682,0.39634202,0.80517238,0.19482762,0.0575658,0.03601111,0.00097779,0.08318636,0.01274839,161589,0.1938948,White
NY-94,199840,0.45620591,0.53526537,0.81864116,0.18135884,0.08384162,0.05302639,0.00092209,0.02751316,0.01470982,160505,-0.07905946,White
NY-95,200308,0.58063741,0.40879619,0.84859909,0.15140091,0.05817735,0.05014449,0.00095495,0.02939139,0.01277642,160217,0.17184122,White
NY-96,200641,0.81340382,0.17329468,0.37320049,0.62679951,0.4116798,0.17259873,0.00214914,0.05242629,0.01857246,155876,0.64010914,Black
NY-97,200921,0.39385655,0.59599465,0.91690182,0.08309818,0.02139222,0.02027085,0.00060381,0.01612426,0.01946372,162302,-0.2021381,White
NY-98,200805,0.54934635,0.4363869,0.81398525,0.18601475,0.08405605,0.02988877,0.00075334,0.06078201,0.00962198,163272,0.11295945,White
NY-99,200430,0.54799196,0.43956745,0.77666844,0.22333156,0.10613443,0.03826895,0.00072321,0.06039433,0.01891996,163161,0.10842451,White
NY-100,200738,0.53500015,0.45046765,0.83154653,0.16845347,0.06999347,0.06656504,0.00088355,0.01872258,0.01445416,160715,0.0845325,White
NY-101,200013,0.80603511,0.1722838,0.32804152,0.67195848,0.47197574,0.10773662,0.00185169,0.09261115,0.01914079,150673,0.63375131,Black
OH-1,200818,0.52183813,0.46892655,0.73032639,0.26967361,0.11932845,0.12033105,0.00127081,0.01506453,0.0224148,156593,0.05291158,White
OH-2,200055,0.46024558,0.52989683,0.83227028,0.16772972,0.06764041,0.03232222,0.0013618,0.04528785,0.01977464,157879,-0.06965125,White
OH-3,200092,0.67110786,0.31975262,0.49477583,0.50522417,0.43220079,0.03812747,0.00159663,0.01757568,0.02207178,156580,0.35135524,Minority
OH-4,200347,0.56826931,0.42242735,0.70433037,0.29566963,0.19863883,0.04690864,0.0008965,0.03288024,0.01757653,158393,0.14584196,White
OH-5,200282,0.58913862,0.40141323,0.6603934,0.3396066,0.22762329,0.07960961,0.00070648,0.01232412,0.02328107,152871,0.18772539,White
OH-6,199789,0.33721132,0.6533629,0.85156968,0.14843032,0.08770794,0.01668716,0.00108745,0.02139944,0.01792349,154490,-0.31615158,White
OH-7,200197,0.80174427,0.1891796,0.44380968,0.55619032,0.46096113,0.04498707,0.00121866,0.03805557,0.01611978,155089,0.61256467,Black
OH-8,199281,0.62400036,0.36588482,0.73200038,0.26799962,0.18700054,0.0336876,0.00144438,0.02988426,0.01504305,158545,0.25811554,White
OH-9,200691,0.6192887,0.37028679,0.59276548,0.40723452,0.29588745,0.04526914,0.00173514,0.04972354,0.01737734,154454,0.24900191,White
OH-10,199778,0.31218246,0.68050851,0.84576254,0.15423746,0.06666923,0.0358653,0.00124292,0.0261654,0.02232772,156084,-0.36832605,White
OH-11,200491,0.41915623,0.57072377,0.71620261,0.28379739,0.11827169,0.06731814,0.00217972,0.07767683,0.02039075,150019,-0.15156754,White
OH-12,200554,0.35216893,0.63803562,0.83377075,0.16622925,0.04539655,0.02738866,0.00142133,0.07145643,0.016851,151267,-0.28586669,White
OH-13,199925,0.36368648,0.62676114,0.89022583,0.10977417,0.02609536,0.02489407,0.00142979,0.03106373,0.02093113,153169,-0.26307466,White
OH-14,199837,0.36134477,0.62763257,0.83899853,0.16100147,0.07144408,0.02444274,0.00164783,0.03871751,0.02161972,156570,-0.2662878,White
OH-15,199526,0.38100161,0.6095796,0.86647774,0.13352226,0.05437911,0.04884946,0.00070377,0.00830076,0.01910244,159142,-0.22857799,White
OH-16,199741,0.40490989,0.58540676,0.8770655,0.1229345,0.02795677,0.0515752,0.00079749,0.01970116,0.018355,156742,-0.18049687,White
OH-17,200412,0.40412808,0.58699198,0.86559535,0.13440465,0.0444164,0.05076518,0.00078496,0.01348254,0.01895217,159243,-0.1828639,White
OH-18,199791,0.33134146,0.66051162,0.9384507,0.0615493,0.01450064,0.01296415,0.00069142,0.00862356,0.01614597,156200,-0.32917016,White
OH-19,199860,0.8049809,0.18701146,0.36816115,0.63183885,0.5038184,0.07456899,0.00142066,0.04948106,0.01547834,161193,0.61796944,Black
OH-20,199681,0.76959361,0.22272137,0.31842906,0.68157094,0.51587629,0.14467681,0.00186549,0.01830142,0.02053346,152775,0.54687224,Black
OH-21,200109,0.82534128,0.16868694,0.41955177,0.58044823,0.51415404,0.02613005,0.00112374,0.03318813,0.01193182,158400,0.65665434,Black
OH-22,200792,0.56207211,0.43050963,0.80772081,0.19227919,0.09926398,0.01914147,0.00062364,0.05789987,0.01144166,161952,0.13156248,White
OH-23,200226,0.41338286,0.57866485,0.85983587,0.14016413,0.08965341,0.01638792,0.00070466,0.0082189,0.01893217,160362,-0.16528199,White
OH-24,200117,0.47851397,0.51422752,0.74492059,0.25507941,0.17360324,0.0557085,0.00098412,0.01224541,0.01554033,160550,-0.03571355,White
OH-25,199766,0.51062734,0.48026351,0.82886529,0.17113471,0.08440313,0.02037703,0.00095255,0.04637596,0.01454346,160622,0.03036383,White
OH-26,199492,0.57938898,0.41168074,0.88054407,0.11945593,0.03451032,0.03473515,0.00080562,0.03375467,0.01139103,160126,0.16770824,White
OH-27,199950,0.49947182,0.4924681,0.83860301,0.16139699,0.05270293,0.05307101,0.00101222,0.03736013,0.01611577,163008,0.00700371999999999,White
OH-28,199907,0.50474826,0.48750738,0.74307508,0.25692492,0.18032027,0.02629684,0.00077031,0.03754454,0.01107235,159677,0.01724088,White
OH-29,199191,0.55904606,0.43188023,0.82589463,0.17410537,0.09182406,0.01921595,0.00067097,0.04155691,0.01599155,160960,0.12716583,White
OH-30,199336,0.55344859,0.43675621,0.64356016,0.35643984,0.26302594,0.0236508,0.00115715,0.04487802,0.02428723,155555,0.11669238,White
OH-31,199930,0.45708181,0.53393931,0.79826379,0.20173621,0.1326563,0.02977363,0.00088336,0.01173151,0.02348208,157354,-0.0768575,White
OH-32,199185,0.23092708,0.76042937,0.91048085,0.08951915,0.0128486,0.04932204,0.00286182,0.00596707,0.01694068,152001,-0.52950229,White
OH-33,200094,0.37650553,0.61403354,0.8029141,0.1970859,0.1175395,0.03308242,0.00154428,0.01980422,0.02369399,154765,-0.23752801,White
OH-34,199898,0.36556118,0.62566273,0.92394942,0.07605058,0.01550378,0.0195881,0.00067324,0.01463818,0.01745297,155962,-0.26010155,White
OH-35,200774,0.28354253,0.70755566,0.90811206,0.09188794,0.02481636,0.03438802,0.00096035,0.00713582,0.02028174,157235,-0.42401313,White
OH-36,199075,0.2618403,0.72963653,0.91853525,0.08146475,0.03502966,0.01335744,0.000732,0.00559949,0.01878175,159836,-0.46779623,White
OH-37,200530,0.33963843,0.65216798,0.91593722,0.08406278,0.02828061,0.01421315,0.00070939,0.01373811,0.0190522,157882,-0.31252955,White
OH-38,199988,0.23988235,0.75233237,0.92194286,0.07805714,0.03002198,0.01286841,0.00087254,0.01063857,0.01907963,154720,-0.51245002,White
OH-39,200802,0.2345843,0.75670708,0.91253785,0.08746215,0.0316383,0.01594315,0.00127911,0.01415501,0.01994361,153232,-0.52212278,White
OH-40,200097,0.22126576,0.77025694,0.87200474,0.12799526,0.07149514,0.02695975,0.00096448,0.00944275,0.01599208,153451,-0.54899118,White
OH-41,200220,0.19419712,0.79958477,0.94102539,0.05897461,0.01481986,0.00931349,0.00070694,0.00457891,0.02415929,154185,-0.60538765,White
OH-42,200345,0.2715567,0.71939831,0.88865092,0.11134908,0.06211556,0.01532333,0.00081588,0.00787201,0.02160818,156885,-0.44784161,White
OH-43,199518,0.38658078,0.60441038,0.82561824,0.17438176,0.09075451,0.02116255,0.00085686,0.03701785,0.02167401,150549,-0.2178296,White
OH-44,200235,0.23747346,0.75634985,0.93366996,0.06633004,0.02491236,0.00879298,0.00066896,0.00504937,0.02291191,155465,-0.51887639,White
OH-45,199993,0.33702851,0.65508892,0.9178095,0.0821905,0.03133641,0.01291858,0.00073945,0.01230341,0.02085366,160931,-0.31806041,White
OH-46,199052,0.30551273,0.68595266,0.91208562,0.08791438,0.03317622,0.01366501,0.00091143,0.00992813,0.02411396,153604,-0.38043993,White
OH-47,199737,0.24317327,0.74960429,0.9304831,0.0695169,0.03250976,0.00869198,0.00058661,0.0059986,0.01740288,158537,-0.50643102,White
OH-48,200820,0.25567467,0.73648989,0.93592155,0.06407845,0.01372745,0.01894299,0.0005037,0.00497963,0.02223937,156839,-0.48081522,White
OH-49,199239,0.27072047,0.72072405,0.93555862,0.06444138,0.01734649,0.01707703,0.0010711,0.00916164,0.01565563,148445,-0.45000358,White
OH-50,199796,0.26738421,0.72365173,0.89358672,0.10641328,0.04537124,0.02783578,0.00073437,0.01189678,0.0166159,156597,-0.45626752,White
OH-51,199371,0.26741669,0.72399912,0.89155473,0.10844527,0.05882391,0.017642,0.00100885,0.00744999,0.01935576,154631,-0.45658243,White
OH-52,199616,0.40556173,0.58490955,0.86591428,0.13408572,0.03015673,0.02395698,0.00075375,0.0575565,0.01643307,147264,-0.17934782,White
OH-53,199745,0.59464341,0.39460431,0.73171937,0.26828063,0.10659746,0.0458001,0.00138282,0.09870135,0.01509079,149694,0.2000391,White
OH-54,199370,0.60602887,0.38379092,0.66212115,0.33787885,0.20649247,0.03909011,0.00114952,0.07519805,0.01740695,152238,0.22223795,White
OH-55,200821,0.71361733,0.27605476,0.78572548,0.21427452,0.06358616,0.04115594,0.00150386,0.0946157,0.0124664,172223,0.43756257,White
OH-56,200548,0.53234505,0.45664559,0.75249397,0.24750603,0.07023846,0.06121484,0.00117557,0.09795294,0.01722632,152267,0.07569946,White
OH-57,200494,0.56678141,0.42411826,0.72064993,0.27935007,0.14976207,0.075688,0.00141539,0.03287413,0.02244766,156141,0.14266315,White
OH-58,200118,0.7602825,0.22964485,0.37156443,0.62843557,0.48937304,0.07827946,0.00143469,0.04869751,0.02130174,146373,0.53063765,Black
OH-59,200003,0.67503799,0.31467832,0.44422556,0.55577444,0.45824262,0.05682956,0.00152926,0.02634461,0.02435457,149746,0.36035967,Black
OK-1,197229,0.54583561,0.44037902,0.53252581,0.46747419,0.22159487,0.10521312,0.00329524,0.04818469,0.10844323,153555,0.10545659,White
OK-2,197675,0.54704068,0.43979947,0.53005574,0.46994426,0.11726632,0.21737885,0.00237729,0.03502008,0.11605436,150171,0.10724121,White
OK-3,197748,0.30084557,0.66991219,0.69849298,0.30150702,0.05167607,0.07570279,0.00190447,0.04913678,0.12843461,144922,-0.36906662,White
OK-4,198417,0.22505623,0.75408232,0.69241176,0.30758824,0.0273673,0.041711,0.00223299,0.01837622,0.22093497,152262,-0.52902609,White
OK-5,198373,0.22527374,0.75688175,0.69063165,0.30936835,0.02801006,0.04961132,0.00120416,0.01845038,0.2131561,149482,-0.53160801,White
OK-6,197676,0.26257247,0.72143813,0.57013637,0.42986363,0.0557349,0.04491732,0.00108044,0.00948679,0.33028526,151790,-0.45886566,White
OK-7,197909,0.23882427,0.74023014,0.69984853,0.30015147,0.05421139,0.03890682,0.00144221,0.00711228,0.20552519,151850,-0.50140587,White
OK-8,198418,0.1651956,0.82192367,0.68881771,0.31118229,0.04673511,0.04205503,0.00281592,0.00772573,0.2163796,152348,-0.65672807,White
OK-9,197153,0.20550132,0.77957331,0.69757037,0.30242963,0.04133696,0.06824217,0.00148035,0.01074084,0.18469862,150640,-0.57407199,White
OK-10,198244,0.2420378,0.73961808,0.75185391,0.24814609,0.03917213,0.06740532,0.00199317,0.02941433,0.1123959,149009,-0.49758028,White
OK-11,197385,0.28804118,0.69397983,0.63518115,0.36481885,0.12766665,0.09797441,0.0069027,0.02971219,0.12064425,150376,-0.40593865,White
OK-12,198411,0.16219257,0.82166411,0.69451382,0.30548618,0.04789727,0.17723928,0.00213678,0.01203942,0.07617623,149758,-0.65947154,White
OK-13,198549,0.20777725,0.77446979,0.75384065,0.24615935,0.0303673,0.06813091,0.01312912,0.01100831,0.12675132,150886,-0.56669254,White
OK-14,197355,0.26744688,0.71266499,0.75128798,0.24871202,0.03917542,0.08864769,0.0018519,0.0332716,0.08910023,143636,-0.44521811,White
OK-15,198778,0.28210886,0.69611096,0.73835943,0.26164057,0.0560759,0.04884299,0.00180663,0.02478666,0.13437588,156092,-0.4140021,White
OK-16,198090,0.47541539,0.50160944,0.6848867,0.3151133,0.06816926,0.09223126,0.00269284,0.05647888,0.09886374,155598,-0.02619405,White
OK-17,198657,0.34564386,0.62180331,0.75122706,0.24877294,0.06798598,0.05386115,0.00206555,0.0507935,0.07660268,146692,-0.27615945,White
OK-18,198144,0.50076813,0.47853023,0.61847045,0.38152955,0.14005385,0.11498782,0.00246247,0.06045527,0.07434105,156347,0.0222379,White
OK-19,197947,0.60894757,0.37641842,0.47963984,0.52036016,0.33627792,0.08312885,0.00367091,0.03711483,0.08242869,152823,0.23252915,Minority
OK-20,197195,0.5548115,0.42954633,0.38275739,0.61724261,0.11478229,0.40557767,0.00312366,0.03059785,0.09005272,142461,0.12526517,Hispanic
OR-1,200979,0.58540506,0.37671727,0.80950963,0.19049037,0.01321675,0.06983615,0.00584896,0.05377234,0.04271173,167893,0.20868779,White
OR-2,200834,0.71464138,0.24504867,0.78029329,0.21970671,0.027408,0.08853004,0.00732316,0.05814851,0.03957736,167141,0.46959271,White
OR-3,201863,0.48100795,0.48143324,0.78944833,0.21055167,0.01246856,0.11763491,0.00656273,0.03142478,0.04027727,159842,-0.000425289999999967,White
OR-4,201098,0.46023349,0.50128069,0.76965331,0.23034669,0.01400607,0.13204992,0.00685998,0.03058701,0.04695179,157289,-0.0410472,White
OR-5,201971,0.64580624,0.31035891,0.58863247,0.41136753,0.03819741,0.18396568,0.01195232,0.15764365,0.03251621,155953,0.33544733,White
OR-6,202605,0.7226679,0.23730957,0.63799281,0.36200719,0.03293107,0.12545262,0.00950581,0.17246168,0.02619013,157693,0.48535833,White
OR-7,201310,0.86804463,0.09094255,0.76849816,0.23150184,0.03818753,0.06980189,0.00572928,0.08783935,0.0272686,174193,0.77710208,White
OR-8,201801,0.86417422,0.09072954,0.68297983,0.31702017,0.10183605,0.10423663,0.01036859,0.07290937,0.03579917,167043,0.77344468,White
OR-9,201999,0.79748073,0.15763634,0.6614729,0.3385271,0.06210543,0.10408093,0.00985432,0.13286239,0.03478319,163786,0.63984439,White
OR-10,201822,0.55700877,0.40529526,0.63021523,0.36978477,0.06563584,0.16466468,0.01444144,0.09798208,0.04147632,154763,0.15171351,White
OR-11,201947,0.53783519,0.42439694,0.75399278,0.24600722,0.01899253,0.11293965,0.00747464,0.07238734,0.03408059,158536,0.11343825,White
OR-12,201508,0.53973183,0.42306457,0.6437867,0.3562133,0.02444511,0.23745373,0.01803628,0.03995056,0.0459474,152914,0.11666726,White
OR-13,202202,0.27043669,0.69749426,0.76543808,0.23456192,0.0109609,0.15077932,0.00570375,0.01267713,0.05238007,156739,-0.42705757,White
OR-14,202353,0.27410731,0.69685619,0.79835815,0.20164185,0.01170522,0.10345538,0.00411399,0.01854106,0.05890065,160185,-0.42274888,White
OR-15,202482,0.3554991,0.61276177,0.85,0.15,0.00881116,0.05914773,0.00462796,0.01845775,0.05323957,166380,-0.25726267,White
OR-16,202544,0.44667467,0.5158267,0.81774111,0.18225889,0.01324726,0.08825069,0.00548958,0.02157198,0.04889523,160486,-0.06915203,White
OR-17,201396,0.31912983,0.64678348,0.82574032,0.17425968,0.00786327,0.09587789,0.00470381,0.01835193,0.04225706,155406,-0.32765365,White
OR-18,200828,0.57307989,0.38858856,0.81996546,0.18003454,0.0154611,0.07373073,0.00518122,0.05196454,0.0283189,157492,0.18449133,White
OR-19,202206,0.57764041,0.38322121,0.69744959,0.30255041,0.01998521,0.17757051,0.01042035,0.07008008,0.03518477,155465,0.1944192,White
OR-20,201564,0.4750734,0.4926791,0.78784673,0.21215327,0.01425184,0.11680908,0.00714459,0.0265495,0.0426186,160681,-0.0176057,White
OR-21,201944,0.53610163,0.42917674,0.84271515,0.15728485,0.00826014,0.07098873,0.00485781,0.02330008,0.04323514,160772,0.10692489,White
PA-1,199497,0.54167836,0.44893724,0.81004981,0.18995019,0.09606195,0.04238437,0.00073514,0.03292267,0.01421474,157794,0.09274112,White
PA-2,200853,0.48180035,0.50792312,0.82477427,0.17522573,0.04883544,0.0369917,0.00201633,0.0738888,0.01108095,169119,-0.02612277,White
PA-3,200877,0.31914505,0.67263208,0.92548402,0.07451598,0.02783607,0.01315208,0.00061028,0.00596576,0.01613496,160583,-0.35348703,White
PA-4,199102,0.55735321,0.4319908,0.68610817,0.31389183,0.09277365,0.17598695,0.00130658,0.04929954,0.01319328,156898,0.12536241,White
PA-5,200208,0.55263301,0.43705603,0.69228093,0.30771907,0.09522893,0.15836289,0.00137896,0.04856172,0.01378338,160991,0.11557698,White
PA-6,199948,0.54097723,0.44897934,0.51469448,0.48530552,0.10956715,0.37353735,0.00287724,0.02333614,0.02358143,150839,0.09199789,White
PA-7,199421,0.48111313,0.50516749,0.81773204,0.18226796,0.05519652,0.04340282,0.00141449,0.06842357,0.01271154,159068,-0.0240543600000001,White
PA-8,200398,0.4506088,0.53918272,0.73511692,0.26488308,0.11235043,0.1203727,0.0011083,0.0252782,0.01607031,155193,-0.08857392,White
PA-9,199862,0.60667708,0.3811466,0.55655175,0.44344825,0.24865032,0.11230655,0.00149108,0.08101959,0.01543138,155592,0.22553048,White
PA-10,200510,0.75515686,0.23148826,0.33996742,0.66003258,0.52354116,0.06257718,0.00123486,0.07174667,0.01449647,152244,0.5236686,Black
PA-11,200341,0.53230878,0.45797801,0.81850394,0.18149606,0.08709377,0.02875235,0.00105222,0.05093781,0.01086454,157761,0.0743307700000001,White
PA-12,199831,0.58808564,0.40279545,0.82868833,0.17131167,0.04127467,0.04071273,0.00073242,0.07646264,0.00712852,158378,0.18529019,White
PA-13,199420,0.53071485,0.45922138,0.78972991,0.21027009,0.07794876,0.06380557,0.00084088,0.05224824,0.01387133,158168,0.07149347,White
PA-14,200612,0.45575496,0.53483649,0.80717906,0.19282094,0.04310414,0.05723024,0.0009802,0.07932825,0.01050307,161191,-0.07908153,White
PA-15,199081,0.51502042,0.47565022,0.88046583,0.11953417,0.01892503,0.03297189,0.0007014,0.05121449,0.00813239,158256,0.0393702,White
PA-16,200626,0.55684247,0.4332001,0.73465426,0.26534574,0.10439499,0.09992851,0.00094445,0.04650126,0.01489483,152469,0.12364237,White
PA-17,200272,0.59852495,0.39055808,0.79733316,0.20266684,0.04282967,0.04245144,0.00069235,0.10421822,0.00803898,155990,0.20796687,White
PA-18,199799,0.53220497,0.45705309,0.8241412,0.1758588,0.06821953,0.04497182,0.00114915,0.04479105,0.01282142,154897,0.07515188,White
PA-19,200124,0.68971353,0.29947995,0.67798295,0.32201705,0.12510999,0.08995841,0.00143062,0.09775721,0.01285663,157973,0.39023358,White
PA-20,199915,0.63977336,0.35025686,0.71867312,0.28132688,0.14046738,0.04250704,0.00079689,0.08778421,0.00985991,158115,0.2895165,White
PA-21,199503,0.62815599,0.362102,0.7773386,0.2226614,0.09140963,0.0361989,0.00059984,0.08340331,0.00788003,158375,0.26605399,White
PA-22,199872,0.46804988,0.52067705,0.83120698,0.16879302,0.04356793,0.04102014,0.00084927,0.06843927,0.0118067,156606,-0.05262717,White
PA-23,199214,0.46086572,0.5266136,0.83735231,0.16264769,0.03801691,0.0651482,0.00109493,0.04732379,0.01112752,157088,-0.06574788,White
PA-24,199402,0.57658106,0.41199093,0.49508346,0.50491654,0.13031759,0.36257063,0.00176658,0.03419497,0.01761382,153970,0.16459013,Minority
PA-25,200858,0.3550247,0.6362715,0.90418191,0.09581809,0.02130873,0.045124,0.00072411,0.01226041,0.01287312,161577,-0.2812468,White
PA-26,200280,0.48358495,0.50695423,0.67898406,0.32101594,0.14854732,0.13762565,0.0014145,0.02886577,0.01775007,159774,-0.0233692799999999,White
PA-27,199822,0.52148578,0.47137433,0.83754059,0.16245941,0.04454633,0.07015689,0.00101397,0.03618572,0.01186285,160754,0.05011145,White
PA-28,200897,0.44977096,0.53864915,0.8353606,0.1646394,0.06442171,0.07421164,0.0011315,0.01765509,0.01234196,162616,-0.08887819,White
PA-29,199759,0.46250454,0.52563997,0.67668703,0.32331297,0.10936533,0.07921671,0.00129423,0.1225827,0.00916588,159941,-0.0631354299999999,White
PA-30,200144,0.69163522,0.29430405,0.28549076,0.71450924,0.32852595,0.24761218,0.00250347,0.13433019,0.01552423,146996,0.39733117,Black
PA-31,200580,0.69722588,0.2926066,0.32052505,0.67947495,0.22215878,0.43887627,0.00319087,0.04460507,0.01988419,148862,0.40461928,Hispanic
PA-32,200492,0.91793319,0.06785989,0.21196862,0.78803138,0.64927933,0.04401265,0.00153257,0.0969896,0.01392082,164430,0.8500733,Black
PA-33,200837,0.77188896,0.21631441,0.34941408,0.65058592,0.45211583,0.07194509,0.00157808,0.12594193,0.01377173,157787,0.55557455,Black
PA-34,200236,0.85449256,0.13319894,0.6790169,0.3209831,0.11639396,0.07108369,0.00121826,0.12383763,0.00997519,178944,0.72129362,White
PA-35,200904,0.87242137,0.11703826,0.37799489,0.62200511,0.51205868,0.05906379,0.00255052,0.04967738,0.013617,164280,0.75538311,Black
PA-36,200845,0.92553484,0.06418027,0.07266328,0.92733672,0.80729624,0.0771757,0.00148292,0.05023485,0.01558025,157122,0.86135457,Black
PA-37,200086,0.29583006,0.69607483,0.90718568,0.09281432,0.02119879,0.03447742,0.00066208,0.0110449,0.01840817,161613,-0.40024477,White
PA-38,199156,0.31890583,0.67081714,0.82312227,0.17687773,0.03112446,0.12713456,0.00137433,0.01200204,0.01286022,160806,-0.35191131,White
PA-39,200232,0.27745437,0.71370797,0.91358474,0.08641526,0.03793015,0.01562863,0.00100344,0.00962678,0.01707108,159451,-0.4362536,White
PA-40,200089,0.23951282,0.75263158,0.92933878,0.07066122,0.01977896,0.02058916,0.000569,0.00676616,0.01468269,161687,-0.51311876,White
PA-41,200052,0.25931729,0.73342357,0.93662111,0.06337889,0.02292218,0.01094827,0.00064256,0.00836567,0.01297482,161852,-0.47410628,White
PA-42,200513,0.36305591,0.62764156,0.89093023,0.10906977,0.02845516,0.0518594,0.00101893,0.01448388,0.01248976,159971,-0.26458565,White
PA-43,200520,0.28694584,0.70440284,0.92426322,0.07573678,0.02309824,0.02649244,0.0009131,0.01042191,0.01278338,158800,-0.417457,White
PA-44,200052,0.29832409,0.69258985,0.90286996,0.09713004,0.03388272,0.03912795,0.0007582,0.0107577,0.01114923,160908,-0.39426576,White
PA-45,200477,0.38732859,0.60246963,0.86902846,0.13097154,0.03897399,0.05869767,0.00099723,0.02082821,0.01223184,158439,-0.21514104,White
PA-46,200461,0.33012476,0.6605694,0.84849483,0.15150517,0.02686193,0.09748428,0.00127207,0.01871941,0.01118386,154866,-0.33044464,White
PA-47,199396,0.27703371,0.7138692,0.91299389,0.08700611,0.02464195,0.03405732,0.00071543,0.01288455,0.01272931,148162,-0.43683549,White
PA-48,199426,0.31538631,0.67561187,0.90513333,0.09486667,0.0293788,0.03240965,0.00106971,0.01294476,0.01585462,157052,-0.36022556,White
PA-49,199073,0.32030562,0.67036404,0.86965072,0.13034928,0.03546244,0.0639304,0.00098648,0.01380438,0.01641379,157124,-0.35005842,White
PA-50,199119,0.24050948,0.75141368,0.93172062,0.06827938,0.0178639,0.02131605,0.00075716,0.00916295,0.01514325,155845,-0.5109042,White
PA-51,199084,0.21289286,0.78041964,0.93396314,0.06603686,0.02826707,0.01255696,0.00050698,0.0065907,0.01210562,161743,-0.56752678,White
PA-52,200429,0.30329719,0.68686791,0.91465023,0.08534977,0.04165177,0.01415716,0.00075809,0.00837596,0.01348536,162250,-0.38357072,White
PA-53,199956,0.28894603,0.70262365,0.94475764,0.05524236,0.01857735,0.00921828,0.00048356,0.00518452,0.01264606,163371,-0.41367762,White
PA-54,199079,0.36423927,0.6248676,0.92876313,0.07123687,0.02445104,0.01224094,0.00057996,0.0153999,0.01088975,162079,-0.26062833,White
PA-55,199692,0.30852144,0.6830419,0.9409764,0.0590236,0.01364184,0.01240675,0.00060203,0.01004208,0.01393354,161122,-0.37452046,White
PA-56,199792,0.31802591,0.67310579,0.90466429,0.09533571,0.05025163,0.01288818,0.00127041,0.0057199,0.01603658,162940,-0.35507988,White
PA-57,201002,0.39994152,0.59155366,0.8796294,0.1203706,0.06337382,0.01877789,0.0009234,0.0145823,0.01563585,161360,-0.19161214,White
PA-58,200560,0.33480752,0.65735796,0.90008311,0.09991689,0.05408004,0.01265941,0.00083734,0.00761673,0.01503498,161224,-0.32255044,White
PA-59,200604,0.44480826,0.54803823,0.89258707,0.10741293,0.03618146,0.01757529,0.00080459,0.03537687,0.01069226,159087,-0.10322997,White
PA-60,199365,0.59189219,0.39901287,0.70743735,0.29256265,0.23267354,0.02014683,0.00107177,0.02481182,0.01510392,161415,0.19287932,White
PA-61,200355,0.60045694,0.39008318,0.75915186,0.24084814,0.15113152,0.02635639,0.00097571,0.04930389,0.01342822,163983,0.21037376,White
PA-62,199530,0.82168668,0.16667436,0.62867817,0.37132183,0.22721612,0.03521354,0.00100314,0.09593211,0.01064247,173456,0.65501232,White
PA-63,200058,0.55120823,0.4393335,0.8479326,0.1520674,0.06115606,0.02538787,0.0008042,0.04881474,0.01127113,161652,0.11187473,White
PA-64,200211,0.51716489,0.47423807,0.83032218,0.16967782,0.11738538,0.01564436,0.00063817,0.01993185,0.01200743,161400,0.04292682,White
PA-65,199989,0.53995716,0.44942952,0.87682811,0.12317189,0.03486992,0.01951033,0.00083517,0.05202544,0.00964527,159249,0.09052764,White
RI-1,219625,0.64589278,0.3252212,0.81737255,0.18262745,0.05783248,0.05360149,0.00188466,0.0470948,0.0152185,184118,0.32067158,White
RI-2,219500,0.64523459,0.32531119,0.39182453,0.60817547,0.17346776,0.39580076,0.00318571,0.05986183,0.0307067,169507,0.3199234,Hispanic
RI-3,218847,0.55397861,0.41999976,0.62181597,0.37818403,0.1246527,0.19541337,0.00214214,0.03644557,0.01902827,171324,0.13397885,White
RI-4,220112,0.42322993,0.55305412,0.87957714,0.12042286,0.02389932,0.04562447,0.00093734,0.03238527,0.01341668,180298,-0.12982419,White
RI-5,219295,0.55747658,0.41500543,0.87967995,0.12032005,0.02549535,0.0401597,0.0012723,0.03315108,0.01623827,182347,0.14247115,White
SC-1,197485,0.4191149,0.5689513,0.71732907,0.28267093,0.14931104,0.10214217,0.00132563,0.01709008,0.01526656,160678,-0.1498364,White
SC-2,196556,0.29436032,0.6964964,0.76323846,0.23676154,0.14910271,0.04871198,0.00124983,0.01513057,0.02128506,158421,-0.40213608,White
SC-3,196791,0.31956477,0.67048116,0.81713133,0.18286867,0.08910655,0.05408228,0.00158767,0.01699286,0.0179001,167541,-0.35091639,White
SC-4,196231,0.42144978,0.56073394,0.63315386,0.36684614,0.25342929,0.05963042,0.00261086,0.02855036,0.02677146,147844,-0.13928416,White
SC-5,197348,0.40137643,0.58411524,0.64049184,0.35950816,0.21690086,0.07774422,0.00256277,0.03583848,0.02449098,148667,-0.18273881,White
SC-6,197717,0.55139255,0.43032699,0.6118026,0.3881974,0.26693189,0.08054687,0.00195763,0.02633955,0.01597045,158355,0.12106556,White
SC-7,197396,0.5054232,0.47671574,0.70254494,0.29745506,0.2159721,0.04008877,0.00157272,0.0217321,0.01692692,160868,0.02870746,White
SC-8,197729,0.53565682,0.45283147,0.4166037,0.5833963,0.52195684,0.03841327,0.00128066,0.00973939,0.01633476,156170,0.08282535,Black
SC-9,197153,0.52529542,0.45796406,0.45351489,0.54648511,0.49719985,0.0276398,0.00116269,0.01205325,0.0137004,154813,0.06733136,Black
SC-10,196447,0.467729,0.51977272,0.50324279,0.49675721,0.44189039,0.0248537,0.00092368,0.0148911,0.01806462,151567,-0.05204372,White
SC-11,196335,0.392267,0.59624716,0.59727421,0.40272579,0.34203456,0.03128138,0.00080209,0.00765569,0.02375611,153350,-0.20398016,White
SC-12,197445,0.60134481,0.38278557,0.46676349,0.53323651,0.4215846,0.06823936,0.00272146,0.0345678,0.01656428,152859,0.21855924,Minority
SC-13,196510,0.62500333,0.35564158,0.50490746,0.49509254,0.4073998,0.04338864,0.00168149,0.03402212,0.01533269,160572,0.26936175,White
SC-14,196941,0.62662688,0.35842038,0.42713318,0.57286682,0.4911469,0.04831973,0.00211813,0.02231313,0.01816292,151077,0.2682065,Black
SC-15,196580,0.3818253,0.60351152,0.71863652,0.28136348,0.1589911,0.05818949,0.00095025,0.04152611,0.0221002,147329,-0.22168622,White
SC-16,197167,0.2979091,0.69070454,0.75921105,0.24078895,0.15553583,0.04585799,0.00078238,0.01487837,0.02357659,152100,-0.39279544,White
SC-17,196881,0.35209237,0.63614414,0.64298986,0.35701014,0.23272345,0.07478625,0.00132248,0.03220239,0.01996945,151231,-0.28405177,White
SC-18,196743,0.32291184,0.66302542,0.71924025,0.28075975,0.16671845,0.05774126,0.00107761,0.03719399,0.01809455,151261,-0.34011358,White
SC-19,197757,0.31960983,0.66674416,0.69708562,0.30291438,0.20677393,0.06225763,0.00110423,0.0143813,0.01954096,152142,-0.34713433,White
SC-20,197151,0.35599659,0.62859046,0.72730937,0.27269063,0.15559197,0.06253675,0.00149322,0.03179365,0.02492881,151351,-0.27259387,White
SC-21,196502,0.26861837,0.71927287,0.72520935,0.27479065,0.19302152,0.05212774,0.00099485,0.0104888,0.01902741,151781,-0.4506545,White
SC-22,196504,0.36129157,0.62512363,0.65658968,0.34341032,0.2571741,0.05222001,0.00153457,0.01356812,0.0223663,156396,-0.26383206,White
SC-23,196397,0.28384404,0.69946965,0.78691007,0.21308993,0.08795508,0.07807687,0.00135176,0.02444208,0.02117967,153874,-0.41562561,White
SC-24,195886,0.238504,0.74811636,0.832913,0.167087,0.07512736,0.04244147,0.00084067,0.0221461,0.02449873,159396,-0.50961236,White
SC-25,196719,0.26068479,0.72714459,0.76811081,0.23188919,0.15449232,0.03956335,0.00118598,0.01523431,0.02069901,152616,-0.4664598,White
SC-26,196054,0.50687911,0.47405526,0.55667834,0.44332166,0.27796138,0.12740389,0.00170827,0.02288421,0.02108396,152201,0.03282385,White
SD-1,222312,0.43210226,0.54448375,0.83195592,0.16804408,0.05264836,0.04708458,0.00120298,0.0292023,0.03608936,166254,-0.11238149,White
SD-2,222126,0.31399357,0.66430529,0.88313723,0.11686277,0.01103929,0.03693664,0.0013464,0.02114921,0.04581931,167855,-0.35031172,White
SD-3,221192,0.31680446,0.66039894,0.78992196,0.21007804,0.01075308,0.0254053,0.00151701,0.00903503,0.16440943,164139,-0.34359448,White
SD-4,221037,0.30636317,0.66852043,0.81791389,0.18208611,0.01511634,0.03308052,0.00209348,0.01472454,0.11660926,171007,-0.36215726,White
TN-1,198115,0.28429266,0.70427645,0.8162721,0.1837279,0.08234002,0.0545889,0.00144282,0.01895521,0.02452794,151093,-0.41998379,White
TN-2,196911,0.42876843,0.55585106,0.59737072,0.40262928,0.2413552,0.09643719,0.00749624,0.04083074,0.02741862,143005,-0.12708263,White
TN-3,197003,0.56988613,0.41213507,0.59694144,0.40305856,0.27876715,0.07715188,0.00100636,0.02610795,0.02440733,157002,0.15775106,White
TN-4,197042,0.55390496,0.42537313,0.72387071,0.27612929,0.15511337,0.06409519,0.00174362,0.03153513,0.02687923,160012,0.12853183,White
TN-5,197502,0.26938191,0.71920672,0.83825826,0.16174174,0.07093867,0.04396524,0.00113323,0.01977876,0.02350127,151779,-0.44982481,White
TN-6,197247,0.55067989,0.43340331,0.43613561,0.56386439,0.44423996,0.07004805,0.00113769,0.03670044,0.01684446,149426,0.11727658,Black
TN-7,198104,0.57579407,0.40720455,0.34110398,0.65889602,0.51722128,0.07360986,0.00109137,0.05995079,0.01267616,147521,0.16858952,Black
TN-8,197712,0.61654269,0.36449814,0.39066734,0.60933266,0.50405154,0.06789536,0.00123351,0.02837722,0.01389007,152411,0.25204455,Black
TN-9,196785,0.79390729,0.18657648,0.31329104,0.68670896,0.56736433,0.08746615,0.00101954,0.02420271,0.01416317,153991,0.60733081,Black
TN-10,196610,0.58205847,0.40102489,0.36488716,0.63511284,0.55863207,0.04261101,0.00110207,0.02004942,0.01699649,146089,0.18103358,Black
TN-11,197619,0.21896672,0.77296313,0.77095839,0.22904161,0.17011112,0.02539838,0.00141428,0.00836836,0.02243295,153435,-0.55399641,White
TN-12,197529,0.24101203,0.74699351,0.85655547,0.14344453,0.05240169,0.05196818,0.00132679,0.00936636,0.02652926,152247,-0.50598148,White
TN-13,197807,0.7319427,0.24688143,0.47105183,0.52894817,0.40652141,0.08624946,0.00144329,0.01992758,0.0212506,157972,0.48506127,Minority
TN-14,197815,0.5821344,0.39836131,0.77318495,0.22681505,0.09922896,0.05153609,0.001311,0.05843231,0.01548058,167048,0.18377309,White
TN-15,197165,0.58541955,0.39462664,0.53407155,0.46592845,0.21155572,0.19333004,0.00163205,0.04428001,0.02677608,153794,0.19079291,White
TN-16,198339,0.55425449,0.42634516,0.51353501,0.48646499,0.24734994,0.1584913,0.00188014,0.06723363,0.02020311,148393,0.12790933,White
TN-17,197837,0.39991933,0.58425814,0.67584272,0.32415728,0.17459265,0.08135764,0.00151866,0.04691261,0.02256766,150791,-0.18433881,White
TN-18,196837,0.34863675,0.63429168,0.81422936,0.18577064,0.04909943,0.05239145,0.00106692,0.06438027,0.01492988,142466,-0.28565493,White
TN-19,197210,0.25341206,0.73725477,0.75946416,0.24053584,0.1830077,0.02467669,0.00090831,0.01060113,0.01948728,157436,-0.48384271,White
TN-20,198302,0.19946887,0.79140659,0.84502932,0.15497068,0.09709559,0.02576388,0.00116874,0.0063538,0.02198001,154868,-0.59193772,White
TN-21,197380,0.17404227,0.81723455,0.89329429,0.10670571,0.05055746,0.02103855,0.00096751,0.00650637,0.0246229,154003,-0.64319228,White
TN-22,197025,0.25314897,0.73521512,0.81837231,0.18162769,0.08626495,0.05794065,0.00111798,0.01184252,0.0227612,149377,-0.48206615,White
TN-23,196768,0.2498264,0.73865116,0.83048248,0.16951752,0.06688673,0.05624354,0.001107,0.01677837,0.02608783,149955,-0.48882476,White
TN-24,198041,0.29070647,0.6956274,0.85690195,0.14309805,0.0537197,0.03504718,0.00126157,0.02519278,0.02613895,155362,-0.40492093,White
TN-25,197620,0.19242505,0.79807072,0.90337391,0.09662609,0.02030646,0.03872888,0.00097739,0.01049403,0.02593286,155517,-0.60564567,White
TN-26,197683,0.1871291,0.80251288,0.89818706,0.10181294,0.02698911,0.03557335,0.00075593,0.00754004,0.02732223,156100,-0.61538378,White
TN-27,197787,0.18414344,0.80789829,0.92796165,0.07203835,0.01768076,0.01749105,0.00080942,0.00628565,0.02540186,158138,-0.62375485,White
TN-28,196494,0.37182528,0.61301482,0.83936359,0.16063641,0.0485834,0.04337025,0.0011761,0.04112377,0.02262336,151348,-0.24118954,White
TN-29,196947,0.18423473,0.80589259,0.86399164,0.13600836,0.04399796,0.04532106,0.00134892,0.01137222,0.03356805,154939,-0.62165786,White
TN-30,198008,0.2341344,0.75485973,0.88402948,0.11597052,0.02762888,0.04484716,0.00068898,0.01135875,0.02768577,158204,-0.52072533,White
TN-31,197951,0.18775294,0.80211873,0.89581214,0.10418786,0.01464204,0.04842552,0.0008468,0.01087568,0.02695222,158243,-0.61436579,White
TN-32,197342,0.22970877,0.75983701,0.86914151,0.13085849,0.03648808,0.05460585,0.00205913,0.01102089,0.02588161,154434,-0.53012824,White
TN-33,197953,0.1749551,0.8166981,0.92741573,0.07258427,0.02013453,0.0174263,0.00073401,0.00761847,0.0229693,158037,-0.641743,White
TN-34,197291,0.24816168,0.73923588,0.88408446,0.11591554,0.03891396,0.0340059,0.000914,0.01452387,0.02354495,159737,-0.4910742,White
TN-35,197059,0.19546407,0.7948729,0.92179663,0.07820337,0.02215221,0.0205053,0.00076107,0.00743606,0.02424205,160300,-0.59940883,White
TX-1,199148,0.38098295,0.60649698,0.45863097,0.54136903,0.12552738,0.35338714,0.00161676,0.04595843,0.02874093,155249,-0.22551403,Minority
TX-2,198830,0.55196959,0.43695043,0.32230648,0.67769352,0.41512594,0.21187525,0.0010418,0.04274034,0.01866675,151660,0.11501916,Black
TX-3,200292,0.50664612,0.48372183,0.03733138,0.96266862,0.00542271,0.95168217,0.0004372,0.00573298,0.01157879,141811,0.02292429,Hispanic
TX-4,199946,0.54294293,0.44211908,0.19621041,0.80378959,0.05953353,0.70981253,0.00368656,0.0334667,0.02660208,149462,0.10082385,Hispanic
TX-5,199504,0.60526954,0.37674958,0.1425183,0.8574817,0.03641383,0.80149966,0.00283736,0.01955546,0.0243439,156836,0.22851996,Hispanic
TX-6,200248,0.61328987,0.37269913,0.07729933,0.92270067,0.02437852,0.88800042,0.001533,0.01141302,0.0239563,153947,0.24059074,Hispanic
TX-7,199283,0.52581556,0.4614758,0.07832446,0.92167554,0.03908226,0.86747943,0.00330047,0.01506296,0.02345227,137556,0.06433976,Hispanic
TX-8,200063,0.53969064,0.44945185,0.23295002,0.76704998,0.05372385,0.68828908,0.00175369,0.01819052,0.02165908,154531,0.09023879,Hispanic
TX-9,198954,0.49556948,0.49496041,0.05296875,0.94703125,0.0051901,0.93366001,0.00069296,0.00794072,0.01347023,141423,0.000609069999999989,Hispanic
TX-10,199341,0.44323548,0.54774858,0.15179101,0.84820899,0.0085522,0.82532175,0.00093474,0.01077744,0.01646263,143355,-0.1045131,Hispanic
TX-11,199782,0.48749748,0.50309028,0.07933637,0.92066363,0.00420784,0.91078943,0.00045943,0.00506837,0.013732,137125,-0.0155928,Hispanic
TX-12,198683,0.49544589,0.49415642,0.06983587,0.93016413,0.00582198,0.91112242,0.00041835,0.01149057,0.01539513,143422,0.00128947000000001,Hispanic
TX-13,200064,0.4801475,0.51185968,0.06917587,0.93082413,0.01347404,0.90567449,0.00042444,0.00970448,0.01482648,139008,-0.03171218,Hispanic
TX-14,199964,0.45276213,0.53991227,0.07864819,0.92135181,0.00551803,0.90571619,0.00042669,0.00958242,0.01486903,138274,-0.08715014,Hispanic
TX-15,199809,0.45843607,0.53364297,0.06772942,0.93227058,0.00946163,0.89713042,0.00070662,0.02443488,0.01334803,141519,-0.0752069000000001,Hispanic
TX-16,198792,0.44025147,0.55386475,0.08184216,0.91815784,0.00873316,0.89165181,0.00093391,0.00755685,0.01671063,140270,-0.11361328,Hispanic
TX-17,199899,0.37364161,0.61557681,0.2371511,0.7628489,0.02820719,0.70948068,0.00342861,0.0180153,0.02260467,149040,-0.2419352,Hispanic
TX-18,200005,0.35566422,0.63577525,0.37825633,0.62174367,0.03237564,0.54480462,0.00178227,0.0312701,0.02320969,149248,-0.28011103,Hispanic
TX-19,200165,0.26924551,0.72294898,0.39125144,0.60874856,0.04565873,0.54054526,0.00136575,0.00897769,0.02173547,154494,-0.45370347,Hispanic
TX-20,199556,0.27315269,0.71823263,0.53207682,0.46792318,0.04963343,0.36808538,0.00166742,0.0314929,0.02462207,154130,-0.44507994,White
TX-21,200296,0.53377177,0.45399109,0.20791469,0.79208531,0.08876213,0.66810033,0.00438603,0.03360731,0.03061716,141130,0.07978068,Hispanic
TX-22,199466,0.53079555,0.45596475,0.31166442,0.68833558,0.1015458,0.52573227,0.00484144,0.05772383,0.02960196,144585,0.0748308,Hispanic
TX-23,200102,0.41400085,0.57142069,0.51220774,0.48779226,0.06201856,0.32941152,0.00413729,0.08434497,0.02444269,146956,-0.15741984,White
TX-24,198968,0.56744061,0.41614914,0.32662191,0.67337809,0.08239214,0.50697222,0.00306021,0.07904168,0.02954835,158486,0.15129147,Hispanic
TX-25,199027,0.52177908,0.46188362,0.43654676,0.56345324,0.07534564,0.41276822,0.00367219,0.0672005,0.02835158,159850,0.05989546,Minority
TX-26,200581,0.29232622,0.69689029,0.6504629,0.3495371,0.05247097,0.24801521,0.0030968,0.02557604,0.02926117,154676,-0.40456407,White
TX-27,199551,0.29962313,0.68978443,0.53153285,0.46846715,0.05282045,0.37786064,0.00273474,0.01824937,0.0294151,149923,-0.3901613,White
TX-28,199163,0.50254984,0.48279503,0.38225489,0.61774511,0.12726926,0.43463938,0.0053785,0.04723612,0.03294167,152087,0.01975481,Hispanic
TX-29,198632,0.58197906,0.40467584,0.21162236,0.78837764,0.22135636,0.54069286,0.00411903,0.02785219,0.03094842,143723,0.17730322,Hispanic
TX-30,199099,0.63828053,0.34908514,0.10844644,0.89155356,0.03898097,0.84318391,0.00197372,0.01064592,0.02648975,147944,0.28919539,Hispanic
TX-31,198805,0.62229391,0.35888939,0.33390055,0.66609945,0.08583466,0.5460739,0.00294782,0.02902273,0.02927576,158083,0.26340452,Hispanic
TX-32,199594,0.66415185,0.32286609,0.08895188,0.91104812,0.03772894,0.86199508,0.00193256,0.01166315,0.02977494,147473,0.34128576,Hispanic
TX-33,199123,0.2164937,0.77532974,0.35200865,0.64799135,0.05043443,0.56774247,0.00234885,0.01657359,0.02461095,144326,-0.55883604,Hispanic
TX-34,199703,0.1820515,0.80716325,0.48070314,0.51929686,0.06338561,0.41349218,0.00182589,0.02350058,0.02690938,144039,-0.62511175,Minority
TX-35,198867,0.162373,0.8301877,0.42095243,0.57904757,0.03300293,0.52421128,0.00148225,0.0094274,0.0255987,142351,-0.6678147,Hispanic
TX-36,199644,0.18562782,0.80533939,0.55137069,0.44862931,0.07652911,0.30998282,0.00114112,0.03347519,0.03679116,148976,-0.61971157,White
TX-37,199910,0.55784321,0.42678529,0.47386589,0.52613411,0.06055948,0.40223402,0.0176507,0.04869248,0.02936138,153535,0.13105792,Minority
TX-38,199591,0.44370241,0.53750298,0.75003652,0.24996348,0.02254107,0.1221998,0.00217111,0.07703135,0.02483833,150614,-0.09380057,White
TX-39,199036,0.71431555,0.26402542,0.24554442,0.75445558,0.13319555,0.58503668,0.00201164,0.03228273,0.03552754,145155,0.45029013,Hispanic
TX-40,200152,0.69753309,0.27716051,0.66894097,0.33105903,0.03566841,0.19389884,0.00226804,0.08027116,0.02447857,159609,0.42037258,White
TX-41,199437,0.79286701,0.18084659,0.45731956,0.54268044,0.12265314,0.34931031,0.00262225,0.05885699,0.03057498,167032,0.61202042,Minority
TX-42,200516,0.74959668,0.22416757,0.65347557,0.34652443,0.04139648,0.14552492,0.00188809,0.14283438,0.01817291,169483,0.52542911,White
TX-43,199656,0.72264953,0.25229611,0.33904935,0.66095065,0.1305215,0.40962959,0.00224451,0.11412374,0.03161553,155936,0.47035342,Hispanic
TX-44,200277,0.61583783,0.36058358,0.47518407,0.52481593,0.13851838,0.25509524,0.00319453,0.11617671,0.02797044,149944,0.25525425,Minority
TX-45,199335,0.57713168,0.39584383,0.56884682,0.43115318,0.06775764,0.17582831,0.00250108,0.16835198,0.02383418,148736,0.18128785,White
TX-46,199292,0.49431147,0.48561078,0.54581017,0.45418983,0.0952137,0.25985059,0.00361413,0.07948322,0.03012469,144433,0.00870068999999996,White
TX-47,200408,0.56488043,0.4206894,0.32135503,0.67864497,0.36513587,0.23819097,0.02194627,0.06389127,0.03330332,143259,0.14419103,Black
TX-48,199654,0.41036987,0.57607609,0.51582778,0.48417222,0.17717999,0.25897062,0.00191532,0.03118003,0.02773907,151411,-0.16570622,White
TX-49,199386,0.83743169,0.14594718,0.07288984,0.92711016,0.5954961,0.32465829,0.00112459,0.00746253,0.02081873,144053,0.69148451,Black
TX-50,198831,0.77801685,0.20706217,0.14511918,0.85488082,0.5975623,0.23637753,0.00127837,0.01751847,0.02438381,147844,0.57095468,Black
TX-51,199787,0.65867025,0.32749496,0.14036412,0.85963588,0.21180203,0.63457853,0.00130666,0.00839891,0.03836494,137756,0.33117529,Hispanic
TX-52,199126,0.63890026,0.34414255,0.23362602,0.76637398,0.21675314,0.51685911,0.00151388,0.0239537,0.03578949,145322,0.29475771,Hispanic
TX-53,199335,0.48263529,0.49860638,0.41516463,0.58483537,0.21536393,0.25105171,0.00187267,0.10008093,0.03012326,149519,-0.01597109,Minority
TX-54,200049,0.52436211,0.44875789,0.29978956,0.70021044,0.1606132,0.38307295,0.00163823,0.14550286,0.02942156,150162,0.07560422,Hispanic
TX-55,199283,0.71195238,0.2700772,0.15493006,0.84506994,0.20534714,0.61446674,0.0012421,0.02019941,0.03352994,147331,0.44187518,Hispanic
TX-56,199683,0.54550432,0.42539934,0.23103808,0.76896192,0.15960559,0.52629194,0.00232775,0.07244187,0.03542442,145634,0.12010498,Hispanic
TX-57,200087,0.5270571,0.42979194,0.3218716,0.6781284,0.13982231,0.20357345,0.00205985,0.32324049,0.02038342,153409,0.09726516,Asian
TX-58,199078,0.62344049,0.35764135,0.22738606,0.77261394,0.12031654,0.60081602,0.00150671,0.04356783,0.03266754,149996,0.26579914,Hispanic
TX-59,199528,0.49440956,0.48396852,0.70256199,0.29743801,0.082337,0.12710996,0.00128394,0.07011603,0.01937099,169790,0.01044104,White
TX-60,198942,0.59495764,0.3805016,0.5348127,0.4651873,0.19322249,0.19063594,0.00189509,0.06586723,0.02512917,156193,0.21445604,White
TX-61,199539,0.54302418,0.4246346,0.47645743,0.52354257,0.14808635,0.25881206,0.00183741,0.10076996,0.0250675,160008,0.11838958,Minority
TX-62,199827,0.50039736,0.47154463,0.5358228,0.4641772,0.10677842,0.10998785,0.00191173,0.23064214,0.01774365,157972,0.02885273,White
TX-63,199832,0.51994005,0.43575532,0.47936644,0.52063356,0.10732142,0.16919004,0.00191016,0.22593713,0.02340265,156008,0.08418473,Minority
TX-64,200556,0.46113522,0.50860502,0.52102331,0.47897669,0.13183393,0.16103146,0.00216077,0.1658694,0.02591561,147170,-0.0474698,White
TX-65,200415,0.43353764,0.53757127,0.53117815,0.46882185,0.10859798,0.1135969,0.00225689,0.22571029,0.02045264,142231,-0.10403363,White
TX-66,200357,0.53249967,0.45016717,0.55123111,0.44876889,0.15149166,0.21946978,0.00249479,0.05463132,0.03286868,153520,0.0823325,White
TX-67,199581,0.44245599,0.53908394,0.53833595,0.46166405,0.11823478,0.16643293,0.00193267,0.15612768,0.02599686,143325,-0.09662795,White
TX-68,199312,0.5209252,0.46076018,0.40673505,0.59326495,0.17478913,0.22675919,0.00243931,0.17620778,0.02643438,155782,0.06016502,Minority
TX-69,199306,0.35958194,0.62612848,0.6966325,0.3033675,0.05393306,0.12696245,0.00180705,0.09554962,0.02835579,147201,-0.26654654,White
TX-70,200602,0.2888846,0.69644467,0.71569802,0.28430198,0.07051387,0.13727172,0.00216857,0.04468949,0.03335058,141107,-0.40756007,White
TX-71,200152,0.34239215,0.62616986,0.60908154,0.39091846,0.09354253,0.16924306,0.00163347,0.10024467,0.03210157,142641,-0.28377771,White
TX-72,199607,0.26356412,0.72462028,0.68627715,0.31372285,0.08784994,0.16417328,0.00234302,0.02788064,0.03649193,148526,-0.46105616,White
TX-73,200366,0.61039135,0.37219574,0.274854,0.725146,0.3387737,0.24098564,0.00252852,0.13705985,0.02468948,144353,0.23819561,Black
TX-74,199356,0.52830394,0.45143324,0.43307011,0.56692989,0.24928079,0.18494777,0.01056771,0.10996338,0.02644502,155379,0.0768707,Minority
TX-75,199867,0.61533066,0.36772539,0.26361228,0.73638772,0.25199022,0.41270208,0.00207852,0.06298057,0.02979215,147220,0.24760527,Hispanic
TX-76,200205,0.40837353,0.5765304,0.63046831,0.36953169,0.1341866,0.1627449,0.00226445,0.04762561,0.03085557,152355,-0.16815687,White
TX-77,199850,0.68851119,0.2996464,0.20381549,0.79618451,0.39070231,0.35905737,0.00188018,0.04146993,0.02396166,141476,0.38886479,Black
TX-78,199058,0.56284842,0.423546,0.27834848,0.72165152,0.09797807,0.57953202,0.00166456,0.03424918,0.02686397,147186,0.13930242,Hispanic
TX-79,200386,0.48097407,0.50515849,0.56496261,0.43503739,0.15334627,0.22076477,0.00219987,0.04137404,0.02678408,158191,-0.02418442,White
TX-80,199661,0.34432041,0.64086778,0.74288483,0.25711517,0.039185,0.10772112,0.00213439,0.0831953,0.02497103,152737,-0.29654737,White
TX-81,199375,0.40671083,0.57925328,0.5679456,0.4320544,0.10260461,0.22261277,0.00469975,0.07979042,0.03263495,151923,-0.17254245,White
TX-82,199858,0.40043398,0.58627688,0.54820163,0.45179837,0.11587844,0.22030088,0.00366736,0.09454435,0.03021067,138792,-0.1858429,White
TX-83,198947,0.19698183,0.79375488,0.75670728,0.24329272,0.0507844,0.12898845,0.00134506,0.01503192,0.04784494,152409,-0.59677305,White
TX-84,199980,0.23069256,0.760083,0.75216962,0.24783038,0.03810993,0.15517367,0.00150268,0.02005786,0.03468089,151063,-0.52939044,White
TX-85,199505,0.81323908,0.17534848,0.0517725,0.9482275,0.54078225,0.37768755,0.00124819,0.03448985,0.02438773,145811,0.6378906,Black
TX-86,200094,0.82855256,0.15433903,0.19123562,0.80876438,0.48998773,0.21865393,0.00237548,0.10162335,0.01586897,164598,0.67421353,Black
TX-87,199712,0.66347754,0.32571055,0.16126807,0.83873193,0.39112124,0.41445728,0.00311195,0.0303002,0.02452907,139141,0.33776699,Hispanic
TX-88,199608,0.67380193,0.31266998,0.11882644,0.88117356,0.42809761,0.41307652,0.00498572,0.04014148,0.02769847,140802,0.36113195,Black
TX-89,199052,0.60558252,0.38059204,0.0810435,0.9189565,0.09979176,0.78221764,0.00108528,0.03938899,0.02940438,147427,0.22499048,Hispanic
TX-90,199503,0.54490095,0.44524594,0.12814966,0.87185034,0.15086216,0.70300953,0.00119239,0.01811431,0.03065938,140055,0.09965501,Hispanic
TX-91,199209,0.59882858,0.38910632,0.09188837,0.90811163,0.08806173,0.80586471,0.00147879,0.01405904,0.0350635,142684,0.20972226,Hispanic
TX-92,199534,0.44332557,0.54534584,0.21308638,0.78691362,0.08300867,0.65244344,0.00145496,0.04715869,0.02677543,145021,-0.10202027,Hispanic
TX-93,199535,0.61632264,0.36918712,0.11760792,0.88239208,0.23072444,0.57009482,0.00155951,0.08180155,0.03172392,144276,0.24713552,Hispanic
TX-94,199139,0.66399462,0.31667891,0.47962802,0.52037198,0.18620274,0.25011832,0.00186848,0.07103916,0.02156743,162699,0.34731571,Minority
TX-95,199708,0.50076183,0.47878247,0.26303899,0.73696101,0.11031385,0.52265892,0.00163198,0.09939576,0.03625427,148286,0.0219793599999999,Hispanic
TX-96,199842,0.6239068,0.35533893,0.57009166,0.42990834,0.09049557,0.17892186,0.00177101,0.14698773,0.01697064,160925,0.26856787,White
TX-97,199826,0.59141799,0.38827636,0.09818192,0.90181808,0.19053872,0.6044785,0.00178805,0.11154338,0.03109525,143173,0.20314163,Hispanic
TX-98,199874,0.43503491,0.54447376,0.55223212,0.44776788,0.12034987,0.1910816,0.0014946,0.12604448,0.01749374,158571,-0.10943885,White
TX-99,199286,0.56588144,0.41616266,0.10031448,0.89968552,0.27513192,0.40462262,0.00153243,0.22106364,0.02349288,150088,0.14971878,Hispanic
TX-100,199514,0.52863776,0.45030298,0.23318055,0.76681945,0.22280636,0.44802027,0.00193726,0.09364142,0.03056103,142469,0.0783347799999999,Hispanic
TX-101,199377,0.66279899,0.32123977,0.19000359,0.80999641,0.42084989,0.23641792,0.00142845,0.15246458,0.01796727,147713,0.34155922,Black
TX-102,199808,0.51387696,0.43798329,0.22663284,0.77336716,0.22566035,0.22016539,0.00131933,0.32433829,0.01549876,147044,0.07589367,Asian
TX-103,200353,0.46971829,0.49721388,0.33165379,0.66834621,0.14075162,0.23230248,0.00185917,0.28711444,0.01606569,148453,-0.02749559,Minority
TX-104,199015,0.35427441,0.62325449,0.49967064,0.50032936,0.08915449,0.22504904,0.00128817,0.17025793,0.0175879,136628,-0.26898008,Minority
TX-105,198996,0.46420017,0.51094953,0.4143657,0.5856343,0.19083178,0.23814523,0.00173645,0.14618574,0.02056016,151458,-0.04674936,Minority
TX-106,200537,0.50605979,0.4770329,0.37969894,0.62030106,0.22821074,0.25226822,0.00200479,0.12890181,0.0223469,146150,0.02902689,Minority
TX-107,200248,0.24474887,0.74661636,0.53119552,0.46880448,0.10590232,0.32858313,0.00089149,0.01637699,0.02539754,151432,-0.50186749,White
TX-108,199142,0.27498761,0.71208489,0.66434961,0.33565039,0.05137143,0.21300102,0.00153799,0.04622018,0.0263271,148896,-0.43709728,White
TX-109,200610,0.42830836,0.56063036,0.49720476,0.50279524,0.18480781,0.26599856,0.00195796,0.03273779,0.02813273,155264,-0.132322,Minority
TX-110,200408,0.39460956,0.58482314,0.53553865,0.46446135,0.08930686,0.24526881,0.00185385,0.11054895,0.02692595,155352,-0.19021358,White
TX-111,198827,0.32259906,0.66868936,0.4566759,0.5433241,0.13432048,0.36931444,0.00170087,0.02095907,0.02996406,145808,-0.3460903,Minority
TX-112,199126,0.47478921,0.5088548,0.34395158,0.65604842,0.2045324,0.30882583,0.00197827,0.13398057,0.02584158,153164,-0.03406559,Minority
TX-113,199391,0.43575237,0.54632449,0.44661237,0.55338763,0.17364495,0.27948946,0.00313441,0.08544347,0.02975636,146120,-0.11057212,Minority
TX-114,198666,0.38369048,0.59711811,0.51567809,0.48432191,0.12319375,0.21629348,0.00195806,0.12790809,0.02391284,146574,-0.21342763,White
TX-115,198989,0.3529749,0.6308939,0.53328705,0.46671295,0.10949903,0.25109334,0.00196122,0.08898496,0.02639057,139709,-0.277919,White
TX-116,200511,0.35370385,0.63254884,0.64214254,0.35785746,0.06559701,0.1869881,0.00237179,0.08216592,0.02291159,148833,-0.27884499,White
TX-117,199803,0.33519661,0.65341836,0.58756835,0.41243165,0.09458391,0.2531328,0.00326575,0.04060706,0.02963715,146674,-0.31822175,White
TX-118,199710,0.29586615,0.69413296,0.5575515,0.4424485,0.0877045,0.29346174,0.00281028,0.03847924,0.03297025,143402,-0.39826681,White
TX-119,199706,0.15695565,0.83761946,0.69147969,0.30852031,0.07775577,0.19320926,0.00111913,0.01043843,0.02753059,147436,-0.68066381,White
TX-120,200237,0.17296377,0.82045357,0.75545384,0.24454616,0.10477211,0.09437735,0.00085054,0.02077652,0.02381509,154020,-0.6474898,White
TX-121,200054,0.34196423,0.64513335,0.51016024,0.48983976,0.07153737,0.38857664,0.00158307,0.00940529,0.03045743,150341,-0.30316912,White
TX-122,199768,0.33864387,0.64610446,0.70072377,0.29927623,0.05638246,0.19328811,0.00308331,0.02558826,0.03016455,154055,-0.30746059,White
TX-123,199220,0.25911317,0.72928377,0.66957735,0.33042265,0.09696305,0.18790537,0.00261829,0.02024189,0.0301236,150480,-0.4701706,White
TX-124,199649,0.40963324,0.5734666,0.53526419,0.46473581,0.11525857,0.25157767,0.0019912,0.08535938,0.02158484,160205,-0.16383336,White
TX-125,199900,0.20067409,0.7899354,0.67840156,0.32159844,0.10200644,0.18778194,0.00114875,0.01106802,0.0230589,154951,-0.58926131,White
TX-126,200497,0.17850142,0.81474099,0.74544518,0.25455482,0.04237736,0.16590258,0.00151938,0.01520036,0.03068478,151378,-0.63623957,White
TX-127,199020,0.2702249,0.72138078,0.54047772,0.45952228,0.20311651,0.22302266,0.00125585,0.01378935,0.0230739,160051,-0.45115588,White
TX-128,200223,0.15658723,0.83677284,0.78246111,0.21753889,0.07169182,0.09847926,0.0013384,0.00945287,0.03720371,154662,-0.68018561,White
TX-129,198977,0.2218871,0.77132068,0.64319468,0.35680532,0.19180788,0.12380059,0.00156859,0.01138049,0.03181812,152366,-0.54943358,White
TX-130,199041,0.18166009,0.81095676,0.74179954,0.25820046,0.12118311,0.09439321,0.0011594,0.00862383,0.03301678,153528,-0.62929667,White
TX-131,198737,0.29483804,0.69242161,0.58608877,0.41391123,0.18726854,0.18246746,0.001316,0.02346974,0.02561237,151216,-0.39758357,White
TX-132,198944,0.2444233,0.7477906,0.62025583,0.37974417,0.19354563,0.14973304,0.00099409,0.01284423,0.0259913,151897,-0.5033673,White
TX-133,199056,0.23675134,0.75568504,0.634525,0.365475,0.15595132,0.17525076,0.00104375,0.01361464,0.02390111,152336,-0.5189337,White
TX-134,200411,0.18939814,0.80329214,0.68856367,0.31143633,0.13026656,0.14325051,0.00104535,0.00808868,0.03079943,156886,-0.613894,White
TX-135,199619,0.2069478,0.78468182,0.63795736,0.36204264,0.13812274,0.18743321,0.00409012,0.00866368,0.02794387,157208,-0.57773402,White
TX-136,199819,0.34781324,0.64149374,0.56732623,0.43267377,0.13854302,0.25238549,0.00167037,0.01639048,0.03229376,143681,-0.2936805,White
TX-137,200455,0.32435628,0.66324403,0.63468922,0.36531078,0.11480461,0.20516397,0.00186894,0.01551359,0.03219865,147677,-0.33888775,White
TX-138,200625,0.16393347,0.82734746,0.82382267,0.17617733,0.01451788,0.1112296,0.0017992,0.01116156,0.03483899,152846,-0.66341399,White
TX-139,200418,0.18683182,0.80335615,0.75131825,0.24868175,0.02897848,0.17218092,0.00476861,0.00991714,0.03438247,152665,-0.61652433,White
TX-140,200538,0.21826703,0.77256588,0.68737423,0.31262577,0.08735623,0.17104155,0.00261657,0.0239606,0.03497978,155547,-0.55429885,White
TX-141,199070,0.19249497,0.79874954,0.5872937,0.4127063,0.04054517,0.33491412,0.00135688,0.01811636,0.02500151,148871,-0.60625457,White
TX-142,200061,0.18134337,0.80948324,0.69244855,0.30755145,0.04582404,0.21621728,0.00151722,0.01846826,0.03049486,152911,-0.62813987,White
TX-143,199215,0.19860118,0.79167819,0.67061595,0.32938405,0.07557972,0.21394143,0.0019126,0.01591692,0.03010096,155809,-0.59307701,White
TX-144,198873,0.21186953,0.77868609,0.68095405,0.31904595,0.08707573,0.17966111,0.00708197,0.02203207,0.0315375,153912,-0.56681656,White
TX-145,198909,0.20880829,0.78186528,0.62713752,0.37286248,0.04251646,0.2849433,0.00283355,0.02287269,0.02844095,151753,-0.57305699,White
TX-146,198669,0.20162298,0.78931913,0.75934853,0.24065147,0.01251833,0.18924154,0.00194303,0.01118791,0.02697351,161603,-0.58769615,White
UT-1,205415,0.38217804,0.58495515,0.85254601,0.14745399,0.01313155,0.07688607,0.01359144,0.02992805,0.01586257,141339,-0.20277711,White
UT-2,204627,0.30093751,0.66977738,0.80237935,0.19762065,0.02070132,0.11452504,0.00994418,0.03563937,0.02242159,137769,-0.36883987,White
UT-3,204557,0.41432793,0.55447478,0.73357216,0.26642784,0.02421156,0.18941239,0.00734599,0.0272573,0.02787449,149061,-0.14014685,White
UT-4,203633,0.27082393,0.69344713,0.85516552,0.14483448,0.00943251,0.09024469,0.00583418,0.02226073,0.01885804,143122,-0.4226232,White
UT-5,203805,0.22960241,0.75175679,0.84168206,0.15831794,0.01017397,0.0943568,0.01277229,0.01874643,0.0234646,150482,-0.52215438,White
UT-6,204927,0.19677783,0.78012693,0.85204621,0.14795379,0.00824118,0.09392125,0.0081637,0.0126083,0.0271818,141970,-0.5833491,White
UT-7,204528,0.25784731,0.7194414,0.82305949,0.17694051,0.00602494,0.08393395,0.00479321,0.01130381,0.07197556,142076,-0.46159409,White
UT-8,204069,0.24000306,0.72979332,0.82545533,0.17454467,0.00974912,0.11824227,0.01319424,0.01915293,0.01857473,124524,-0.48979026,White
UT-9,203554,0.27503831,0.69279169,0.84583629,0.15416371,0.00895081,0.08842885,0.01572806,0.02739581,0.01575825,132502,-0.41775338,White
UT-10,204747,0.36574795,0.59698892,0.73448655,0.26551345,0.01643073,0.17094517,0.02294005,0.04064952,0.02319066,155623,-0.23124097,White
UT-11,204445,0.36644731,0.60675902,0.82288718,0.17711282,0.01436226,0.08646959,0.01289642,0.04760701,0.01580642,138488,-0.24031171,White
UT-12,203626,0.4223132,0.54848172,0.74115826,0.25884174,0.01720287,0.15349005,0.01990982,0.05377841,0.0189274,141488,-0.12616852,White
UT-13,205199,0.57429184,0.39967621,0.79853662,0.20146338,0.01811414,0.1045174,0.0104282,0.0491506,0.01862951,157170,0.17461563,White
UT-14,205465,0.56895445,0.40150242,0.62361326,0.37638674,0.03557792,0.23410088,0.02586429,0.05917828,0.03029541,155040,0.16745203,White
UT-15,204483,0.74563305,0.2279831,0.78803347,0.21196653,0.02373341,0.09301427,0.00765958,0.06593537,0.01890829,168286,0.51764995,White
UT-16,204536,0.53862521,0.4291241,0.4676489,0.5323511,0.0338913,0.37382418,0.04600616,0.0629587,0.03644796,145111,0.10950111,Minority
VA-1,200972,0.64831252,0.33143601,0.73007075,0.26992925,0.12089203,0.05614888,0.0014211,0.07685635,0.01483236,162550,0.31687651,White
VA-2,200637,0.51609291,0.4672913,0.60428716,0.39571284,0.23980375,0.08297983,0.00370317,0.05750879,0.02290201,159593,0.04880161,White
VA-3,199751,0.54131069,0.44084624,0.53459579,0.46540421,0.24364321,0.08221142,0.00532393,0.12897992,0.02356345,153458,0.10046445,White
VA-4,200005,0.4060516,0.57833137,0.7660338,0.2339662,0.10648181,0.05714507,0.00393637,0.05062525,0.02025525,155219,-0.17227977,White
VA-5,200125,0.57838026,0.40532387,0.48676056,0.51323944,0.37549296,0.06520144,0.00340649,0.05931215,0.02405503,152650,0.17305639,Minority
VA-6,200775,0.51191548,0.47510979,0.51551584,0.48448416,0.42368634,0.02954465,0.00182874,0.01750278,0.01835704,158032,0.03680569,White
VA-7,200361,0.73473629,0.24821292,0.35198206,0.64801794,0.55466662,0.05014379,0.003674,0.03489668,0.02095448,157866,0.48652337,Black
VA-8,201176,0.67375438,0.30722137,0.44454596,0.55545404,0.41744287,0.0815607,0.00466026,0.04801295,0.02515314,163081,0.36653301,Minority
VA-9,201705,0.64863164,0.33348874,0.40622204,0.59377796,0.45912584,0.08250354,0.00394113,0.04630352,0.02296772,157569,0.3151429,Black
VA-10,201052,0.57054186,0.41337695,0.52259165,0.47740835,0.36751384,0.06477895,0.00318383,0.03012631,0.02191116,162383,0.15716491,White
VA-11,200212,0.6845832,0.29838656,0.42017335,0.57982665,0.44071782,0.05821461,0.00127092,0.06798165,0.01835212,157366,0.38619664,Black
VA-12,201711,0.84021664,0.13262774,0.40397295,0.59602705,0.45057784,0.09579927,0.00166639,0.04339799,0.01774282,166828,0.7075889,Black
VA-13,201317,0.58489557,0.39833824,0.49292451,0.50707549,0.31587112,0.13658851,0.00155785,0.04302,0.02197279,153417,0.18655733,Minority
VA-14,201131,0.39037976,0.59567039,0.74298771,0.25701229,0.16216014,0.03859798,0.0025998,0.0347201,0.02167123,160397,-0.20529063,White
VA-15,201083,0.37625114,0.60981667,0.77870888,0.22129112,0.14307001,0.03109359,0.00155372,0.02105169,0.02346506,157042,-0.23356553,White
VA-16,200063,0.56711916,0.41190287,0.6908511,0.3091489,0.16780995,0.05568101,0.00095561,0.06745266,0.01810181,164293,0.15521629,White
VA-17,201546,0.38746704,0.60365165,0.62612755,0.37387245,0.3195644,0.03369799,0.0007615,0.00834556,0.0146233,161523,-0.21618461,White
VA-18,200024,0.57025628,0.40585435,0.74833217,0.25166783,0.07731096,0.04756898,0.00107728,0.11015497,0.01163591,154092,0.16440193,White
VA-19,200123,0.76993236,0.19946592,0.53848195,0.46151805,0.19564876,0.15096627,0.00253329,0.10688694,0.01846892,165792,0.57046644,White
VA-20,201488,0.77495471,0.19515822,0.61128176,0.38871824,0.09616844,0.14899775,0.00189681,0.13280753,0.01723041,163432,0.57979649,White
VA-21,200083,0.54675919,0.42342887,0.66723061,0.33276939,0.07602942,0.1066663,0.00212159,0.13487461,0.01594264,146588,0.12333032,White
VA-22,200602,0.5813017,0.37576736,0.40275737,0.59724263,0.09921979,0.16150193,0.00208719,0.32856261,0.01495822,140859,0.20553434,Minority
VA-23,200926,0.67288868,0.29153886,0.67208138,0.32791862,0.05395769,0.07627321,0.00195705,0.18200549,0.01157436,154825,0.38134982,White
VA-24,200181,0.62942671,0.33476172,0.41320474,0.58679526,0.09468754,0.16106697,0.00177214,0.32320118,0.01552762,151794,0.29466499,Minority
VA-25,200839,0.66615556,0.29222216,0.39762571,0.60237429,0.10613325,0.24594377,0.00189227,0.24286244,0.02190173,156426,0.3739334,Minority
VA-26,201302,0.66281656,0.30195019,0.53142803,0.46857197,0.07831068,0.11481493,0.00215143,0.26286242,0.0130486,157105,0.36086637,White
VA-27,201177,0.62397917,0.34089273,0.52861203,0.47138797,0.09708706,0.14300122,0.00275053,0.22136505,0.01536366,152698,0.28308644,White
VA-28,201461,0.68053979,0.286995,0.46699635,0.53300365,0.20142587,0.1969528,0.00316788,0.12660362,0.02043708,152468,0.39354479,Minority
VA-29,199953,0.52519222,0.44665275,0.45223861,0.54776139,0.13567022,0.27423776,0.00198595,0.12829093,0.02405582,147033,0.07853947,Minority
VA-30,201136,0.56228084,0.40334489,0.45022531,0.54977469,0.20413871,0.21605626,0.00294561,0.12119554,0.02347028,148017,0.15893595,Minority
VA-31,201613,0.58967695,0.38241962,0.37686894,0.62313106,0.29487676,0.22475608,0.00414074,0.09751487,0.02680945,147075,0.20725733,Minority
VA-32,200617,0.37193288,0.6122425,0.77111841,0.22888159,0.10727355,0.07844994,0.00189409,0.0212537,0.02207834,155220,-0.24030962,White
VA-33,201308,0.50893876,0.47128186,0.60520286,0.39479714,0.22268564,0.10439593,0.00318786,0.04879426,0.02750198,150571,0.0376569000000001,White
VA-34,199994,0.38035557,0.60562728,0.73743056,0.26256944,0.15739541,0.05779568,0.00159724,0.02422159,0.0231311,155894,-0.22527171,White
VA-35,200170,0.43579236,0.5498649,0.68779712,0.31220288,0.22173009,0.03991427,0.00133784,0.03480322,0.01824912,153980,-0.11407254,White
VA-36,200198,0.39646843,0.58979334,0.63609184,0.36390816,0.30425027,0.02992218,0.00119962,0.01243132,0.01882101,160884,-0.19332491,White
VA-37,200634,0.35925635,0.62413883,0.81257601,0.18742399,0.05751629,0.0839766,0.00120332,0.02215907,0.02232549,156234,-0.26488248,White
VA-38,200943,0.32834203,0.65534178,0.82752366,0.17247634,0.04362729,0.09218962,0.00113838,0.02366819,0.01685671,159877,-0.32699975,White
VA-39,199979,0.33727858,0.64830136,0.86969302,0.13030698,0.06844189,0.02785102,0.00135859,0.01248047,0.01897698,161933,-0.31102278,White
VA-40,200902,0.25208335,0.73545508,0.83381465,0.16618535,0.10079247,0.02765343,0.00083127,0.0155108,0.01807233,162403,-0.48337173,White
VA-41,201108,0.34297908,0.64244713,0.86935953,0.13064047,0.05816177,0.02564134,0.00113617,0.02472248,0.01906027,161068,-0.29946805,White
VA-42,200757,0.19411943,0.79679276,0.92162691,0.07837309,0.03089208,0.02099509,0.00085794,0.00563178,0.01767363,163181,-0.60267333,White
VA-43,200253,0.1896754,0.80317525,0.93054614,0.06945386,0.03239537,0.01212901,0.00091168,0.00542695,0.01680445,162338,-0.61349985,White
VT-1,214826,0.7397645,0.21248421,0.87506142,0.12493858,0.02664829,0.02590273,0.00100538,0.04393749,0.01872384,177047,0.52728029,White
VT-2,214219,0.6045096,0.35093526,0.91819334,0.08180666,0.01341465,0.01986619,0.00090378,0.01274392,0.02314596,175927,0.25357434,White
VT-3,214032,0.54804472,0.40182487,0.91939735,0.08060265,0.01142804,0.01767848,0.00105534,0.00958556,0.0314446,171508,0.14621985,White
WA-1,197774,0.36887742,0.59703742,0.7014206,0.2985794,0.01912186,0.20044017,0.00479246,0.04209004,0.0323817,145854,-0.22816,White
WA-2,196955,0.39695736,0.57071772,0.61667835,0.38332165,0.02420031,0.29998488,0.00639889,0.02717638,0.03367836,145494,-0.17376036,White
WA-3,196929,0.57924938,0.38536322,0.74687504,0.25312496,0.03930475,0.10847747,0.01506107,0.05851071,0.03568775,153442,0.19388616,White
WA-4,198032,0.55577378,0.40963047,0.72447881,0.27552119,0.03460937,0.10470637,0.01716271,0.09113601,0.03231792,151433,0.14614331,White
WA-5,198279,0.48470164,0.48142453,0.43579427,0.56420573,0.01427803,0.46628527,0.00346473,0.01832953,0.08191007,143157,0.00327710999999997,Hispanic
WA-6,197684,0.37841849,0.59007404,0.83294113,0.16705887,0.01399901,0.06972764,0.00798224,0.03076573,0.04019869,149582,-0.21165555,White
WA-7,196765,0.3200825,0.64878891,0.76076975,0.23923025,0.01044037,0.1587216,0.00423204,0.01915732,0.04406383,150282,-0.32870641,White
WA-8,197456,0.57355787,0.38779068,0.77450473,0.22549527,0.01802096,0.08809748,0.00714062,0.06104367,0.05006744,156429,0.18576719,White
WA-9,198376,0.62171066,0.34049335,0.79469577,0.20530423,0.02419429,0.08263944,0.00778457,0.05298743,0.03481126,164171,0.28121731,White
WA-10,198067,0.54024838,0.42691577,0.82267051,0.17732949,0.01512821,0.05781786,0.0056322,0.02610191,0.06764695,165122,0.11333261,White
WA-11,197320,0.62504843,0.33729154,0.73896152,0.26103848,0.04564092,0.07830395,0.01652767,0.08730179,0.04121793,158038,0.28775689,White
WA-12,197647,0.50087775,0.46149028,0.8080848,0.1919152,0.02204772,0.06450503,0.01285001,0.04860186,0.04115064,156887,0.03938747,White
WA-13,197920,0.52256901,0.43934609,0.80387006,0.19612994,0.03282449,0.06464973,0.00862876,0.0557633,0.03464703,159119,0.08322292,White
WA-14,198058,0.52269299,0.43665705,0.78961128,0.21038872,0.03875732,0.06357778,0.01449026,0.04263751,0.05067776,157209,0.08603594,White
WA-15,197202,0.35892457,0.60749315,0.86418874,0.13581126,0.01624973,0.04380043,0.00572033,0.0294863,0.03302492,150341,-0.24856858,White
WA-16,197828,0.28633719,0.68331113,0.65008402,0.34991598,0.00995915,0.24959357,0.00316261,0.0156218,0.07508299,146398,-0.39697394,White
WA-17,197862,0.40703886,0.55773827,0.72390298,0.27609702,0.0093073,0.20278506,0.0044561,0.02046051,0.03811652,154395,-0.15069941,White
WA-18,197645,0.45172911,0.51124503,0.75431537,0.24568463,0.02105319,0.11684653,0.00853131,0.05730631,0.0421793,150856,-0.05951592,White
WA-19,196923,0.58621552,0.37550271,0.65586244,0.34413756,0.05290013,0.11740338,0.01269835,0.12019946,0.04704382,155217,0.21071281,White
WA-20,198458,0.51749255,0.4412737,0.75650971,0.24349029,0.02516572,0.08156864,0.0080662,0.0951623,0.03057229,148893,0.0762188500000001,White
WA-21,198542,0.65313616,0.3046054,0.5507357,0.4492643,0.05845441,0.09586077,0.01159617,0.26286398,0.02305421,152033,0.34853076,White
WA-22,197724,0.73786165,0.22228069,0.66511823,0.33488177,0.05504254,0.08465483,0.00897133,0.16153408,0.02720198,159731,0.51558096,White
WA-23,197537,0.87244719,0.08776265,0.62468127,0.37531873,0.05624526,0.07364612,0.00637156,0.22004861,0.02112705,167463,0.78468454,White
WA-24,197345,0.88307405,0.08079883,0.69642164,0.30357836,0.03738928,0.06497983,0.00549929,0.17325993,0.02065615,170022,0.80227522,White
WA-25,198081,0.86964207,0.08195731,0.50969106,0.49030894,0.13585248,0.08115262,0.0080596,0.25427111,0.0225266,168867,0.78768476,White
WA-26,197466,0.82123765,0.14178771,0.62315233,0.37684767,0.07614511,0.10209333,0.00934758,0.16728106,0.02979617,167102,0.67944994,White
WA-27,197307,0.700535,0.25586447,0.48951319,0.51048681,0.03231906,0.06197542,0.00469511,0.39980448,0.01303696,155481,0.44467053,Minority
WA-28,197411,0.70327568,0.25341076,0.66100255,0.33899745,0.0264484,0.06663986,0.004741,0.21714541,0.01808194,154187,0.44986492,White
WA-29,197740,0.69058671,0.26366503,0.56921179,0.43078821,0.02663185,0.06102931,0.00489227,0.32155285,0.01480083,145127,0.42692168,White
WA-30,198102,0.68302058,0.27734031,0.39003283,0.60996717,0.16532617,0.15807223,0.02046374,0.25407875,0.03290361,157156,0.40568027,Minority
WA-31,198151,0.54489589,0.4165051,0.76289307,0.23710693,0.03085789,0.06850038,0.00794652,0.09344178,0.03503149,149751,0.12839079,White
WA-32,196853,0.57559585,0.38823434,0.47941366,0.52058634,0.10816882,0.13979937,0.03069175,0.22256048,0.03516442,149128,0.18736151,Minority
WA-33,196730,0.61312296,0.35173438,0.45832785,0.54167215,0.14343432,0.16419472,0.03735557,0.18424447,0.03311794,151972,0.26138858,Minority
WA-34,196708,0.5002756,0.46406248,0.6837023,0.3162977,0.06327296,0.09581871,0.02460056,0.10305259,0.0376457,149021,0.03621312,White
WA-35,197596,0.69268941,0.26562919,0.61343655,0.38656345,0.12544807,0.1023369,0.02143836,0.11317871,0.0423862,159014,0.42706022,White
WA-36,196764,0.39427445,0.57076216,0.77023472,0.22976528,0.04333058,0.07520306,0.01759394,0.0561311,0.04002197,147494,-0.17648771,White
WA-37,197252,0.57776859,0.38663944,0.5295991,0.4704009,0.14482736,0.13181713,0.04184461,0.14038468,0.03853411,151035,0.19112915,White
WA-38,196997,0.45670139,0.50632843,0.70632995,0.29367005,0.06586443,0.103343,0.01920084,0.06405776,0.04995384,151660,-0.0496270400000001,White
WA-39,197795,0.65575764,0.30255754,0.71758708,0.28241292,0.05252809,0.08339418,0.01844664,0.09650539,0.03833442,156126,0.3532001,White
WI-1,203619,0.57110432,0.41289084,0.63609597,0.36390403,0.15767453,0.16936775,0.00135592,0.02104264,0.02241148,154876,0.15821348,White
WI-2,202788,0.45059018,0.53090084,0.83631956,0.16368044,0.02923426,0.05957383,0.00092947,0.05727528,0.012328,159231,-0.08031066,White
WI-3,203807,0.55042265,0.42633797,0.79120427,0.20879573,0.05955684,0.08376504,0.00108642,0.04747729,0.0195863,162920,0.12408468,White
WI-4,203111,0.7879645,0.1944816,0.36154324,0.63845676,0.5132938,0.05320194,0.00149083,0.06566342,0.0153696,149581,0.5934829,Black
WI-5,202879,0.84788019,0.13096041,0.37497097,0.62502903,0.50636177,0.06348589,0.0015567,0.04751712,0.01581184,159311,0.71691978,Black
WI-6,203382,0.64773029,0.32928818,0.4609422,0.5390578,0.07963377,0.40248927,0.00137104,0.0484009,0.03531253,149522,0.31844211,Minority
WI-7,203550,0.50950037,0.47306485,0.85742775,0.14257225,0.02637028,0.04632582,0.00112417,0.05209273,0.01241029,157450,0.0364355200000001,White
WI-8,203101,0.42522082,0.55792117,0.83386791,0.16613209,0.03884779,0.07483422,0.00103207,0.02954682,0.01952896,161811,-0.13270035,White
WI-9,204190,0.34225549,0.64310219,0.92492545,0.07507455,0.00815289,0.02606912,0.00084926,0.02165926,0.01168204,158962,-0.3008467,White
WI-10,204039,0.3128201,0.67333772,0.92668483,0.07331517,0.01468041,0.02712618,0.0008442,0.0144197,0.01189952,161099,-0.36051762,White
WI-11,203586,0.36311355,0.6222157,0.87671922,0.12328078,0.01274206,0.07701713,0.00095581,0.01195382,0.01539225,161120,-0.25910215,White
WI-12,203018,0.52131415,0.46256054,0.84476323,0.15523677,0.04598499,0.07156689,0.00110838,0.015116,0.01878511,156986,0.05875361,White
WI-13,202718,0.71218856,0.27134575,0.81481411,0.18518589,0.06224111,0.05917258,0.00156921,0.04449696,0.01629565,157404,0.44084281,White
WI-14,203912,0.80431371,0.17787377,0.76483473,0.23516527,0.05414041,0.0593798,0.00120325,0.10452504,0.01426961,171203,0.62643994,White
WI-15,203382,0.66848139,0.31347621,0.82649405,0.17350595,0.04434557,0.06211054,0.0009293,0.05032239,0.01430872,157107,0.35500518,White
WI-16,202536,0.4643717,0.51943009,0.92115231,0.07884769,0.01462757,0.03247559,0.0008193,0.00903745,0.01590693,158673,-0.05505839,White
WI-17,203424,0.49817876,0.48732861,0.90707085,0.09292915,0.01905614,0.02060714,0.00090059,0.02828714,0.0188435,159896,0.01085015,White
WI-18,203377,0.49177937,0.49312674,0.89820224,0.10179776,0.01400548,0.0317641,0.00116347,0.03314651,0.0166577,159866,-0.00134737000000001,White
WI-19,203117,0.3723362,0.60783816,0.93086033,0.06913967,0.01332736,0.02110485,0.0010434,0.01072846,0.01567021,156220,-0.23550196,White
WI-20,202435,0.32509787,0.65393083,0.93099072,0.06900928,0.00851034,0.02287828,0.00079963,0.00762186,0.02219289,157573,-0.32883296,White
WI-21,202484,0.43725198,0.54741383,0.89323725,0.10676275,0.01314787,0.02626428,0.00106366,0.04690185,0.01521226,158885,-0.11016185,White
WI-22,203129,0.35923107,0.62272344,0.91247099,0.08752901,0.01747354,0.03183212,0.00132168,0.01183311,0.02088013,161158,-0.26349237,White
WI-23,202457,0.35282382,0.63311275,0.88603138,0.11396862,0.03060107,0.05093128,0.0007714,0.01183233,0.01647941,160746,-0.28028893,White
WI-24,202750,0.32164442,0.66639915,0.90587823,0.09412177,0.00595763,0.01859805,0.00081894,0.0066953,0.05665685,159963,-0.34475473,White
WI-25,204114,0.43357235,0.55147634,0.90282497,0.09717503,0.00853116,0.01297023,0.00120848,0.00716713,0.06141715,167152,-0.11790399,White
WI-26,203931,0.38151653,0.60407178,0.91978463,0.08021537,0.00942867,0.03242391,0.00071665,0.01675724,0.01591595,160468,-0.22255525,White
WI-27,203457,0.53162178,0.45181667,0.84057446,0.15942554,0.03709023,0.05103341,0.00146113,0.04657509,0.02115517,160150,0.0798051100000001,White
WI-28,203013,0.49868779,0.48532881,0.77757305,0.22242695,0.04314057,0.09599944,0.00138193,0.03650602,0.04869388,156303,0.01335898,White
WI-29,202412,0.36872376,0.61735721,0.91827095,0.08172905,0.00859802,0.02687918,0.00057448,0.01613006,0.0255132,156664,-0.24863345,White
WV-1,199628,0.29433816,0.68561567,0.92212988,0.07787012,0.03016188,0.01165416,0.0008063,0.0072257,0.01919618,161230,-0.39127751,White
WV-2,199602,0.36515426,0.61125227,0.88468487,0.11531513,0.03784847,0.02297546,0.00120859,0.02701436,0.01967652,162173,-0.24609801,White
WV-3,198492,0.38555173,0.5922643,0.87075974,0.12924026,0.0767513,0.01191163,0.00080916,0.01401922,0.02175958,159424,-0.20671257,White
WV-4,198732,0.29752168,0.68274058,0.91678175,0.08321825,0.03473551,0.01179601,0.00063985,0.0128223,0.01923345,157850,-0.3852189,White
WV-5,198310,0.18360781,0.80226851,0.923093,0.076907,0.04154346,0.00920655,0.00053821,0.00378013,0.01838145,157931,-0.6186607,White
WV-6,200273,0.23545795,0.7465806,0.90148877,0.09851123,0.05179108,0.01221777,0.0007003,0.00826606,0.02126542,159931,-0.51112265,White
WV-7,199812,0.22737744,0.75551742,0.93998395,0.06001605,0.01760864,0.00977909,0.00076478,0.00640029,0.02036057,159524,-0.52813998,White
WV-8,199635,0.20129198,0.781084,0.92974756,0.07025244,0.02823171,0.01340306,0.00065988,0.00461294,0.0185078,160635,-0.57979202,White
WV-9,199232,0.33118352,0.65002303,0.8305432,0.1694568,0.07814101,0.04535965,0.00117354,0.0178884,0.02419052,154234,-0.31883951,White
WY-1,191858,0.30724409,0.66660943,0.80684954,0.19315046,0.02241729,0.11489942,0.00270657,0.02156608,0.03155445,150375,-0.35936534,White
WY-2,191889,0.19120582,0.78457233,0.87660489,0.12339511,0.01030308,0.06235748,0.00186575,0.01073151,0.03296848,144714,-0.59336651,White
WY-3,193104,0.27530159,0.69832804,0.83320114,0.16679886,0.00728899,0.08103359,0.00227012,0.0117882,0.06097177,146248,-0.42302645,White
