,id,TotalPop,DemPct,RepPct,WhitePct,MinorityPct,BlackPct,HispanicPct,PacificPct,AsianPct,NativePct,TotalVAP,Margin,Majority,PopDensity
0,1,367244,0.50398274,0.45992697,0.59584787,0.40415213,0.05667178,0.07256861,0.0307855,0.1080234,0.15070853,282698,0.044055769999999994,White,15656.039933339547
1,2,366147,0.34874692,0.60966986,0.63447043,0.36552957,0.02817493,0.0476438,0.00914469,0.0474337,0.23269752,271305,-0.26092294,White,1390.8097858961341
2,1,385776,0.24158297,0.74463988,0.78530156,0.21469844,0.11724145,0.04033801,0.00125973,0.02318905,0.0289772,301651,-0.50305691,White,1018547.4388880321
3,2,385915,0.24013713,0.74807196,0.7165729,0.2834271,0.20119297,0.03707342,0.00171,0.01490716,0.0305352,298246,-0.50793483,White,263227.80289505795
4,3,386526,0.54666564,0.44584376,0.43454567,0.56545433,0.51412442,0.02466885,0.0013425,0.0161763,0.0140515,301676,0.10082187999999997,Black,120148.88604255852
5,4,385501,0.60421617,0.38379186,0.43548228,0.56451772,0.49523114,0.03414174,0.00114453,0.01627332,0.02153551,304056,0.22042431000000007,Black,309463.41199280956
6,5,387438,0.52222998,0.46173919,0.50013652,0.49986348,0.40691175,0.03860844,0.00130603,0.04076322,0.01647833,303975,0.06049078999999996,White,784002.7856301207
7,6,386145,0.26487627,0.72493101,0.72034364,0.27965636,0.21922178,0.02983341,0.0009233,0.00880938,0.02066332,302178,-0.46005474,White,255154.05910831704
8,7,386897,0.32814296,0.65189177,0.75505848,0.24494152,0.13372882,0.05316953,0.00103522,0.03604464,0.0205398,297520,-0.32374881,White,1638660.4260118494
9,8,386939,0.77836745,0.20753616,0.30672578,0.69327422,0.61704812,0.04963392,0.00118897,0.01675104,0.01450483,303623,0.57083129,Black,4444731.123105335
10,9,385942,0.19307962,0.79467639,0.81382688,0.18617312,0.11070072,0.03609857,0.00082303,0.01080056,0.02544643,296466,-0.60159677,White,495286.8495770875
11,10,386858,0.21632424,0.77185341,0.78708205,0.21291795,0.1209079,0.04705052,0.00097294,0.00957435,0.03663516,303206,-0.55552917,White,358905.286649652
12,11,386546,0.13249611,0.85641664,0.86348141,0.13651859,0.03762215,0.06113725,0.00102937,0.00629654,0.03120864,299212,-0.72392053,White,269409.0955770611
13,12,387072,0.27422334,0.71023789,0.76720172,0.23279828,0.13543076,0.04902775,0.00108818,0.01295235,0.03430917,302339,-0.43601455000000006,White,512766.43486636167
14,13,386724,0.44917587,0.52664646,0.63601832,0.36398168,0.24609099,0.05307936,0.0023959,0.03587906,0.03084965,303018,-0.07747059000000006,White,1954654.334126922
15,1,375851,0.55292378,0.41638693,0.42635013,0.57364987,0.499915,0.05219793,0.00112403,0.00861755,0.0185534,288249,0.13653685,Black,157933.28483111586
16,2,375529,0.5404849,0.43287118,0.62667333,0.37332667,0.25796061,0.05375369,0.00126052,0.03462171,0.02717074,294324,0.10761372000000002,White,2354867.136814122
17,3,377001,0.23840068,0.73411857,0.8158056,0.1841944,0.09991772,0.03660428,0.00170521,0.01291689,0.02844938,285595,-0.49571789,White,233802.8223580551
18,4,375544,0.19606159,0.77639818,0.90194361,0.09805639,0.0184957,0.02569639,0.00220672,0.00706489,0.03840709,294555,-0.58033659,White,126440.01071436149
19,5,377152,0.27818019,0.69369469,0.76310682,0.23689318,0.03329184,0.10007243,0.003896,0.03188183,0.06763504,284394,-0.41551449999999995,White,376902.2926978515
20,6,377051,0.46239722,0.5056777,0.66930136,0.33069864,0.03785829,0.17771294,0.02318533,0.05167188,0.04487118,282765,-0.04328048000000001,White,4032161.558287413
21,7,376860,0.26892941,0.70609942,0.81685491,0.18314509,0.05958613,0.06579689,0.00118169,0.01501161,0.03821949,291108,-0.43717001000000005,White,273119.1009290629
22,8,376536,0.27093723,0.69916661,0.69931647,0.30068353,0.20719026,0.05234428,0.00155519,0.00771415,0.03117243,291283,-0.42822938000000005,White,94263.3063717169
23,1,375861,0.54370124,0.43982029,0.46425093,0.53574907,0.01628588,0.13056379,0.0030617,0.01754699,0.37661405,285462,0.10388094999999997,Minority,29776.917112364124
24,2,376236,0.46673346,0.51669957,0.66285892,0.33714108,0.05114928,0.22252425,0.0050652,0.03843323,0.03038791,301666,-0.04996611000000001,White,200948.26837315198
25,3,375983,0.56405399,0.42088507,0.32577305,0.67422695,0.06551101,0.53849828,0.00497119,0.02789086,0.05590665,272168,0.14316892000000003,Hispanic,98884.42062889022
26,4,377264,0.29499766,0.69098417,0.65043401,0.34956599,0.01938252,0.27021109,0.00423489,0.02135858,0.0429539,304140,-0.39598651,White,72965.75026306554
27,5,376615,0.37054,0.61345812,0.74349769,0.25650231,0.03784753,0.15587327,0.00522566,0.03611031,0.0265276,285514,-0.24291812000000002,White,8300637.817840461
28,6,375514,0.53643137,0.44931862,0.71823781,0.28176219,0.04487592,0.15742624,0.00322367,0.05293347,0.02803007,309275,0.08711274999999996,White,13749015.65617426
29,7,376415,0.69936659,0.28522203,0.19360096,0.80639904,0.09068685,0.66308061,0.00365364,0.03571388,0.04218331,261383,0.41414456,Hispanic,24390276.43014652
30,8,377143,0.41176588,0.57668485,0.70855293,0.29144707,0.05588732,0.17402791,0.00434193,0.04030313,0.02352324,299406,-0.16491897000000005,White,8671168.73711723
31,9,376345,0.58978514,0.39282605,0.57590235,0.42409765,0.07810181,0.21124241,0.00550794,0.09870332,0.04619364,295755,0.19695909000000006,White,12757198.363874007
32,10,376067,0.41773449,0.56730984,0.59787075,0.40212925,0.05845149,0.25382943,0.00691458,0.02478752,0.07265107,291558,-0.14957534999999994,White,296724.8162766325
33,11,376535,0.57056294,0.41523194,0.68633988,0.31366012,0.03949315,0.19782176,0.00371563,0.0509637,0.030039,308965,0.15533099999999994,White,2586932.6761779585
34,12,376632,0.70579289,0.27922809,0.34575358,0.65424642,0.04899812,0.53538487,0.00316691,0.03527714,0.06277039,292399,0.4265648,Hispanic,5895041.002905412
35,13,376994,0.33608546,0.65024958,0.78672466,0.21327534,0.01675078,0.13406109,0.00320292,0.02162297,0.03690789,309717,-0.31416412,White,109382.4705083068
36,14,376941,0.44046356,0.54462127,0.6936857,0.3063143,0.04737184,0.13626341,0.0050161,0.101085,0.02205405,273918,-0.10415771000000007,White,14409185.938130373
37,15,375948,0.42758312,0.55618315,0.68899507,0.31100493,0.04989285,0.17153872,0.0041321,0.06237803,0.02952626,292587,-0.12860002999999998,White,11686535.177232055
38,16,376006,0.75012427,0.23379523,0.21651697,0.78348303,0.14970098,0.57483361,0.00572901,0.03816717,0.04944511,266538,0.51632904,Hispanic,11647625.062759757
39,17,376196,0.41514338,0.57444235,0.81677705,0.18322295,0.02477739,0.07480151,0.00237279,0.06242585,0.01611736,306812,-0.15929896999999998,White,1786502.5745601105
40,18,377374,0.54176592,0.43486227,0.54040707,0.45959293,0.06515431,0.27758715,0.00674045,0.06556159,0.06324349,294639,0.10690365000000002,White,7801053.781612534
41,19,375433,0.63708483,0.34526482,0.48734461,0.51265539,0.09348649,0.33343905,0.00399553,0.05204534,0.05038025,290074,0.2918200100000001,Minority,23221736.872937966
42,1,380711,0.33081981,0.64684366,0.70502938,0.29497062,0.02167972,0.17485708,0.00578302,0.03304065,0.06486052,302264,-0.31602385000000005,White,55774.4064577495
43,2,380375,0.66568116,0.30530862,0.69297831,0.30702169,0.01971348,0.1720791,0.00572128,0.03921962,0.07580539,308672,0.36037254,White,111164.40617998269
44,3,379304,0.4939217,0.48173815,0.77649959,0.22350041,0.01295952,0.12554677,0.00501249,0.03583328,0.04414183,307033,0.012183550000000043,White,67071.10235547974
45,4,379754,0.73399608,0.24272736,0.56629762,0.43370238,0.02705823,0.29302275,0.007962,0.08391359,0.03989931,302311,0.49126872000000005,White,2423151.137596438
46,5,380243,0.38935703,0.58884138,0.66353329,0.33646671,0.02024955,0.21612212,0.00731383,0.06174292,0.04012835,296698,-0.19948434999999998,White,563119.3111127452
47,6,380318,0.68601703,0.28841155,0.41333816,0.58666184,0.12729365,0.26103717,0.01867356,0.17243593,0.04074448,292874,0.39760548,Minority,8384401.782028516
48,7,379718,0.73804949,0.23889802,0.26423514,0.73576486,0.15606763,0.27148289,0.03011623,0.28281928,0.03585781,286158,0.49915147,Asian,21755825.15091787
49,8,379846,0.70857708,0.26815255,0.30121584,0.69878416,0.17951196,0.27978408,0.01846471,0.22648293,0.03472035,292883,0.44042453,Minority,3730305.8969730698
50,9,379778,0.56654495,0.41079634,0.30734348,0.69265652,0.07795515,0.47162451,0.01065071,0.13034787,0.04218143,277634,0.15574861000000007,Hispanic,2151169.2016046555
51,10,380081,0.70924925,0.27117704,0.57729217,0.42270783,0.02991889,0.09346432,0.00622123,0.28272337,0.01512905,294797,0.4380722100000001,White,7756431.979453079
52,11,380006,0.89233768,0.08779362,0.43902741,0.56097259,0.09471892,0.181982,0.00863198,0.269493,0.02610152,330747,0.80454406,Minority,74754593.68159965
53,12,379883,0.9112138,0.06820589,0.33389606,0.66610394,0.23738027,0.22335346,0.00897207,0.19730088,0.03588503,306841,0.84300791,Minority,34731670.30804125
54,13,380862,0.53818816,0.43816423,0.26316502,0.73683498,0.04501598,0.60413146,0.00547156,0.07402328,0.05656258,273414,0.10002393000000004,Hispanic,679349.5281225024
55,14,380844,0.69577,0.28160708,0.39344664,0.60655336,0.07530793,0.20146597,0.01216092,0.31434118,0.0262019,294139,0.41416292,Minority,2917353.0419992344
56,15,380087,0.76423814,0.21777652,0.19416949,0.80583051,0.03950618,0.23283532,0.01643498,0.52062391,0.02046675,311774,0.54646162,Asian,27689189.444469493
57,16,380165,0.80449667,0.17336778,0.5521456,0.4478544,0.02496189,0.12568711,0.0073075,0.27618983,0.01739758,307629,0.63112889,White,2216982.432650135
58,17,380487,0.69821981,0.28424866,0.14791334,0.85208666,0.02808523,0.13793927,0.00775577,0.67984827,0.01521974,301582,0.41397115,Asian,12532826.815187376
59,18,379871,0.68433789,0.29952324,0.12677648,0.87322352,0.0319699,0.38218375,0.00763718,0.45608876,0.03270418,295528,0.38481465,Asian,20626286.926140934
60,19,380178,0.67859521,0.3001454,0.27059005,0.72940995,0.02097787,0.61258097,0.00665388,0.08748438,0.0495576,278484,0.37844981,Hispanic,624219.3954631863
61,20,380175,0.32853616,0.64754434,0.57222685,0.42777315,0.05500479,0.27389321,0.00512806,0.06543727,0.04643957,289193,-0.31900818000000003,White,227190.35491592213
62,21,379505,0.58754157,0.38995396,0.32181102,0.67818898,0.09022906,0.44826056,0.00499642,0.12585898,0.04551539,279400,0.19758760999999997,Hispanic,11098394.495994527
63,22,379815,0.58955503,0.38511785,0.17740214,0.82259786,0.07637036,0.67413432,0.00283856,0.06248308,0.04201375,258582,0.20443718,Hispanic,4983792.132731921
64,23,379891,0.39393184,0.58217559,0.57949317,0.42050683,0.06117608,0.26805503,0.00772231,0.05957988,0.04414888,293824,-0.18824375,White,77391.62806975043
65,24,380251,0.69331619,0.28398745,0.5696839,0.4303161,0.02372785,0.30570709,0.00413735,0.07996297,0.03492473,311069,0.40932874,White,431059.1256300912
66,25,380588,0.60596445,0.37499702,0.1852875,0.8147125,0.03302565,0.74891076,0.00280413,0.02754911,0.03624226,288503,0.23096742999999997,Hispanic,171268.17197666934
67,26,379139,0.65112962,0.32745356,0.26619126,0.73380874,0.03022274,0.6105008,0.00596845,0.08468921,0.0464968,283826,0.32367606,Hispanic,3909665.7273150366
68,27,379909,0.59111849,0.38312384,0.25121482,0.74878518,0.17483274,0.5093905,0.00494578,0.05714687,0.04325037,277408,0.20799465000000006,Hispanic,1948686.1327404764
69,28,379530,0.65395303,0.32829375,0.10799798,0.89200202,0.01600304,0.24776707,0.00308667,0.63002147,0.01816274,310691,0.32565928000000005,Asian,31773997.050465908
70,29,380697,0.75263331,0.22386716,0.1432268,0.8567732,0.04106386,0.72514286,0.00297337,0.08934094,0.0415213,292934,0.52876615,Hispanic,33132267.35730007
71,30,379946,0.61189816,0.36825487,0.61453523,0.38546477,0.02871239,0.18804592,0.00320729,0.16072175,0.01769592,313349,0.24364328999999996,White,20119356.31402257
72,31,380565,0.6779661,0.30151614,0.13599968,0.86400032,0.03422308,0.5952528,0.00325854,0.23451437,0.0384951,297986,0.37644996000000003,Hispanic,22431334.03020756
73,32,380515,0.72578467,0.25709286,0.70189903,0.29810097,0.05701845,0.13040825,0.00326092,0.09561873,0.01639042,314635,0.46869181000000004,White,6139445.722840837
74,33,380966,0.61732857,0.36175973,0.19350435,0.80649565,0.13083166,0.55983228,0.00546108,0.11336775,0.03806542,277601,0.25556883999999996,Hispanic,15994973.261132004
75,34,379496,0.82872563,0.14789689,0.10658118,0.89341882,0.02448749,0.7680396,0.00279196,0.10180422,0.04663246,293701,0.6808287399999999,Hispanic,46958914.06646688
76,35,379855,0.58244891,0.3956428,0.25782282,0.74217718,0.07830425,0.56616462,0.00529358,0.09164713,0.03870437,289218,0.18680610999999997,Hispanic,15441488.604988238
77,36,380822,0.6207251,0.35557452,0.5186721,0.4813279,0.03848861,0.15185307,0.00768194,0.27502713,0.01860305,304090,0.26515058,White,23111328.78255435
78,37,379892,0.8933516,0.08861492,0.05575076,0.94424924,0.46935544,0.44253956,0.00420767,0.03622502,0.03680783,296839,0.80473668,Black,47304448.18072052
79,38,379992,0.63079577,0.34675661,0.18452112,0.81547888,0.0309652,0.65940644,0.00534721,0.12058424,0.04262909,296042,0.28403915999999996,Hispanic,28111484.413658794
80,39,379939,0.67740127,0.30149766,0.16071019,0.83928981,0.14625668,0.61001736,0.00715214,0.07880092,0.03923303,274743,0.37590361000000005,Hispanic,6332743.9586448
81,40,379779,0.48488483,0.49430206,0.48735324,0.51264676,0.02331443,0.2375672,0.00549932,0.23825586,0.02191704,299128,-0.009417229999999999,Minority,9459777.524823135
82,41,380388,0.46456548,0.51798718,0.49555059,0.50444941,0.06559552,0.34654136,0.00767789,0.07150528,0.0377636,292398,-0.053421700000000016,Minority,1027315.9280016697
83,42,380546,0.71552156,0.25982733,0.3455585,0.6544415,0.12600149,0.35530339,0.0118466,0.16223643,0.03347399,306417,0.45569423,Hispanic,8054330.399034988
84,43,380577,0.83888964,0.13865895,0.0528154,0.9471846,0.30792497,0.59486561,0.00808099,0.04405716,0.03576697,282020,0.7002306899999999,Hispanic,36964627.9202697
85,44,379707,0.69348057,0.28438122,0.16912404,0.83087596,0.10355989,0.49621143,0.01505095,0.22470756,0.03432551,299981,0.40909935,Hispanic,26841403.93602089
86,45,380273,0.56244652,0.41709405,0.28005864,0.71994136,0.04090696,0.27545582,0.00838677,0.39528096,0.02342022,302858,0.14535246999999996,Asian,25093412.79157856
87,46,380265,0.67752148,0.3009001,0.14868646,0.85131354,0.02043561,0.69543292,0.00531743,0.13096169,0.0518432,287733,0.37662138,Hispanic,43958631.487880304
88,47,379601,0.61967328,0.35847489,0.40621519,0.59378481,0.03103951,0.14208764,0.00561522,0.41022938,0.01353421,301680,0.26119839,Asian,20707113.091936477
89,48,380170,0.39346636,0.58424064,0.65100246,0.34899754,0.03432702,0.21523112,0.00868885,0.06269057,0.04211865,296472,-0.19077427999999996,White,482383.0092965365
90,49,379077,0.50639208,0.4704813,0.58259445,0.41740555,0.04027105,0.27368463,0.01097671,0.08143371,0.02910281,302823,0.03591078000000003,White,4889725.684584209
91,50,380506,0.65701966,0.31847039,0.58588612,0.41411388,0.03969569,0.13113111,0.00721251,0.22384397,0.01623368,316256,0.33854927,White,13510785.850648094
92,51,379595,0.70983343,0.2662021,0.52531177,0.47468823,0.05846658,0.19347934,0.00916479,0.20624068,0.02306978,320029,0.44363133,White,13958502.237766614
93,52,379786,0.64498661,0.33470954,0.1735459,0.8264541,0.062233,0.59794311,0.0104186,0.17080453,0.03138307,290730,0.31027707,Hispanic,15941837.149643904
94,53,379792,0.45743048,0.51565345,0.60126306,0.39873694,0.03152836,0.2157102,0.00722976,0.10252646,0.05531128,290881,-0.058222969999999985,White,574323.4986658278
95,54,379541,0.79626722,0.18317304,0.68132417,0.31867583,0.03090445,0.18135681,0.00604447,0.07873145,0.03115902,306396,0.61309418,White,1954145.0118840637
96,55,380004,0.46806319,0.50684493,0.6633176,0.3366824,0.03575757,0.12648355,0.00811426,0.14357528,0.0283305,295406,-0.038781739999999953,White,7760846.2800073
97,56,380064,0.60207196,0.37269462,0.53292109,0.46707891,0.05475054,0.26346285,0.00906937,0.11766157,0.04095822,308070,0.22937733999999999,White,413416.81640575384
98,57,380197,0.38550934,0.59328392,0.5944023,0.4055977,0.03043619,0.25849626,0.00490906,0.0787666,0.04527588,293335,-0.20777458,White,194503.81716057332
99,58,380071,0.53992169,0.4323772,0.62026726,0.37973274,0.08239516,0.15989462,0.01111549,0.10780732,0.03631376,294544,0.10754448999999999,White,20608379.951970503
100,59,380144,0.57344274,0.40320915,0.4188896,0.5811104,0.10550671,0.19572416,0.01815143,0.2564216,0.03318999,287195,0.17023358999999993,Minority,2044217.8708570378
101,60,380033,0.80055976,0.17958119,0.30679946,0.69320054,0.13569899,0.32358964,0.01042299,0.21709504,0.03564496,299818,0.6209785699999999,Hispanic,9882183.364261426
102,61,380270,0.5674408,0.41194746,0.30634297,0.69365703,0.10559129,0.29629355,0.01521012,0.27782664,0.03395961,283101,0.15549333999999998,Minority,1933002.5753535894
103,62,380118,0.64474698,0.33342989,0.40862733,0.59137267,0.12712014,0.27442366,0.01476109,0.17221503,0.03312093,289545,0.31131708999999996,Minority,3630063.1438805414
104,63,380784,0.83395838,0.1462811,0.45393978,0.54606022,0.03586047,0.08485453,0.00522237,0.4125791,0.01274222,334714,0.68767728,Minority,52839712.4468693
105,64,379693,0.87142368,0.10759973,0.36843901,0.63156099,0.12216264,0.19691589,0.0096247,0.29959002,0.02499426,313672,0.76382395,Minority,24899601.526974443
106,65,380695,0.54485153,0.4311289,0.36395094,0.63604906,0.04444085,0.47884968,0.01551023,0.08513363,0.04729326,278010,0.11372262999999999,Hispanic,1829189.0258980414
107,66,379660,0.74854483,0.23283966,0.16782713,0.83217287,0.06042814,0.27172284,0.02706281,0.48106378,0.0261432,296865,0.51570517,Asian,13166862.500773113
108,67,380401,0.79154447,0.18858536,0.42209197,0.57790803,0.03462244,0.253842,0.01852007,0.26386826,0.02233608,298217,0.6029591099999999,Minority,17807228.87125525
109,68,380141,0.75353641,0.2213793,0.57860155,0.42139845,0.02960166,0.18044313,0.00679248,0.18908306,0.02666401,306368,0.53215711,White,4902247.962387541
110,69,379726,0.74937685,0.22872612,0.29048119,0.70951881,0.01890105,0.1221073,0.00574293,0.55827712,0.01376439,300195,0.52065073,Asian,24774909.391504392
111,70,379684,0.73100731,0.24498063,0.40061414,0.59938586,0.0430062,0.29551154,0.00828285,0.2485321,0.03070016,300259,0.48602667999999993,Minority,8442964.929728035
112,71,380430,0.62975849,0.34757293,0.44497471,0.55502529,0.03490578,0.42651738,0.00965696,0.07504623,0.04436219,294192,0.28218555999999995,Minority,353379.5626601688
113,72,379479,0.40851591,0.57080696,0.40121644,0.59878356,0.020563,0.48839251,0.00346713,0.06434836,0.04458575,271118,-0.16229105,Hispanic,217131.69165129607
114,73,379531,0.60086965,0.38007336,0.16854399,0.83145601,0.03791298,0.65581119,0.00345909,0.13041791,0.03862078,262786,0.22079629,Hispanic,4671019.963137313
115,74,379454,0.55477968,0.4233062,0.16520133,0.83479867,0.04573711,0.7330538,0.00427278,0.04654932,0.03762543,288103,0.13147347999999998,Hispanic,272876.20429385913
116,75,379869,0.46357507,0.51421187,0.32086917,0.67913083,0.12930887,0.48402082,0.00722724,0.05016708,0.04421802,273825,-0.05063680000000004,Hispanic,2893747.7003178485
117,76,380278,0.55771447,0.4172861,0.51907814,0.48092186,0.02750307,0.36745924,0.00519045,0.06540697,0.04142397,301130,0.14042836999999997,White,510190.726649204
118,77,379585,0.5782723,0.40438017,0.44919916,0.55080084,0.06590197,0.41303739,0.00457334,0.0545698,0.03956816,296501,0.17389212999999998,Minority,2902807.693186604
119,78,380306,0.54492076,0.43429821,0.63369159,0.36630841,0.02420367,0.19790992,0.00462406,0.12485302,0.02405174,302764,0.11062254999999999,White,4602414.665622812
120,79,380152,0.52843732,0.45152592,0.44067895,0.55932105,0.05735372,0.36171538,0.00465659,0.12852324,0.03135414,292274,0.07691139999999996,Minority,1149573.0413648197
121,80,379904,0.69366336,0.28509602,0.4344458,0.5655542,0.08337969,0.2761544,0.0046092,0.20023353,0.02825685,309164,0.40856733999999995,Minority,2671806.1319962414
122,81,380592,0.70698891,0.27161392,0.25387043,0.74612957,0.05578081,0.54867179,0.0034126,0.13916651,0.03418682,295962,0.43537498999999996,Hispanic,48223921.472353354
123,82,380574,0.8111433,0.16911377,0.36736029,0.63263971,0.08825717,0.28739973,0.0041259,0.24934945,0.02594147,334715,0.6420295300000001,Minority,36746142.31264669
124,83,379590,0.71426619,0.26427986,0.07697987,0.92302013,0.01945421,0.77795054,0.00306545,0.12652379,0.04162003,293921,0.44998633000000005,Hispanic,23990973.68444757
125,84,380063,0.64949236,0.33141054,0.48900694,0.51099306,0.0629388,0.24396577,0.00445342,0.1960633,0.02041337,309650,0.31808182,Minority,19532293.30988465
126,85,380063,0.63041173,0.34376156,0.21106037,0.78893963,0.11302052,0.58369405,0.00648573,0.08633091,0.03871598,277224,0.2866501699999999,Hispanic,15048041.78632478
127,86,379605,0.80567075,0.17130744,0.13906789,0.86093211,0.09023141,0.54814236,0.00311866,0.22263582,0.04560804,309748,0.63436331,Hispanic,102414022.79656881
128,87,380456,0.60010008,0.37932947,0.17114317,0.82885683,0.06033986,0.55793302,0.00505249,0.20821293,0.03486591,293123,0.22077061000000003,Hispanic,13277381.698539812
129,88,379118,0.77034109,0.21219018,0.62986167,0.37013833,0.05394627,0.12766628,0.00430904,0.17240701,0.01551012,330236,0.55815091,White,33749239.81213509
130,89,379316,0.81749673,0.1654546,0.5171934,0.4828066,0.09997137,0.21163383,0.00416483,0.15794042,0.02251411,324863,0.65204213,White,50565462.21916142
131,90,379160,0.59515238,0.38686999,0.18984198,0.81015802,0.04109304,0.35220191,0.00508096,0.41670378,0.02462787,307619,0.20828239000000004,Asian,14226964.312322471
132,91,380564,0.60061652,0.37641006,0.23067706,0.76932294,0.05976183,0.63385881,0.00574111,0.06586242,0.04041686,283743,0.22420646,Hispanic,14869413.688034004
133,92,379828,0.50638111,0.47360052,0.60452415,0.39547585,0.02366232,0.18050529,0.00561847,0.17490018,0.02033397,299548,0.03278058999999994,White,6185001.66553196
134,93,379824,0.49017478,0.4903229,0.37499223,0.62500777,0.07864722,0.37071864,0.0072872,0.16478532,0.03053996,289686,-0.00014812000000002934,Minority,5601713.304041887
135,94,380716,0.68996105,0.28600649,0.16170862,0.83829138,0.12922677,0.56068215,0.01294304,0.14018521,0.03862203,289731,0.40395455999999996,Hispanic,43863209.90904757
136,95,380429,0.85900174,0.11844828,0.01536941,0.98463059,0.19853021,0.77535672,0.00229422,0.01407121,0.04567176,268065,0.74055346,Hispanic,80504903.85844314
137,96,379040,0.8029853,0.17316771,0.01998733,0.98001267,0.02835287,0.94306038,0.00177385,0.01059635,0.05072933,277926,0.62981759,Hispanic,42503205.970056765
138,97,380415,0.47902232,0.50354444,0.25354711,0.74645289,0.01583824,0.26094158,0.00793892,0.45935842,0.02132223,303064,-0.02452211999999998,Asian,33118203.638097234
139,98,380202,0.61869657,0.35914191,0.20976974,0.79023026,0.03281032,0.55996914,0.00715304,0.18963653,0.0369017,290366,0.25955466,Hispanic,34916691.43790753
140,99,379932,0.48894268,0.49029492,0.65362513,0.34637487,0.01768169,0.17528249,0.00630899,0.13155161,0.02219582,314789,-0.0013522400000000045,White,14212140.28388763
141,100,379695,0.42687198,0.55185962,0.52808074,0.47191926,0.05918198,0.27056372,0.00986483,0.12280874,0.03488123,285053,-0.12498764000000001,White,3175908.3598832656
142,101,380048,0.56421853,0.41285914,0.53941032,0.46058968,0.03289125,0.30300279,0.00905597,0.10588655,0.03178943,294060,0.15135938999999998,White,14038026.425522607
143,102,379558,0.59333482,0.38394612,0.54959348,0.45040652,0.02618574,0.2303883,0.00612197,0.17818591,0.0221654,289776,0.20938870000000004,White,10496230.8402299
144,103,380016,0.64111496,0.33532602,0.48406938,0.51593062,0.10186377,0.28057406,0.01137238,0.11992091,0.02914754,301432,0.30578894,Minority,19654977.103138734
145,104,380358,0.71234741,0.26592439,0.14323992,0.85676008,0.12192505,0.54553272,0.01107534,0.18937455,0.03453305,290736,0.44642302,Hispanic,34817473.04448313
146,1,384950,0.81288211,0.1643363,0.45344955,0.54655045,0.119319,0.35736992,0.00429296,0.05340352,0.04127848,299793,0.64854581,Minority,13433528.522501165
147,2,385515,0.70440761,0.27219255,0.77673311,0.22326689,0.01355383,0.14350241,0.00242826,0.0407853,0.02198134,315040,0.43221506,White,122426.1740028605
148,3,385728,0.48227572,0.49339891,0.62977739,0.37022261,0.02104551,0.28922304,0.00260741,0.01362191,0.06164332,306051,-0.011123190000000005,White,43690.844247839326
149,4,384692,0.31558677,0.65910256,0.68441371,0.31558629,0.02156238,0.24918069,0.00263151,0.01705966,0.03432761,288048,-0.34351579,White,53762.811643630244
150,5,384122,0.50147777,0.45868302,0.65354456,0.34645544,0.09145363,0.18322968,0.00842638,0.04288644,0.03888765,300841,0.04279475000000005,White,3117496.094968253
151,6,385376,0.57027415,0.40294673,0.75883318,0.24116682,0.0292654,0.12419039,0.00257174,0.06139739,0.02763718,305241,0.16732742000000006,White,11174127.589256385
152,7,384492,0.60314968,0.369133,0.76447334,0.23552666,0.01925928,0.1491102,0.00226863,0.03807253,0.03197258,311642,0.23401668000000003,White,3977401.453157628
153,8,384292,0.57268512,0.39745138,0.48548592,0.51451408,0.03013639,0.41237721,0.00305116,0.04913077,0.04453649,285137,0.17523374000000003,Minority,6760703.248471782
154,9,385215,0.78278653,0.19414486,0.68810557,0.31189443,0.10291911,0.13374359,0.00331619,0.05578542,0.02528515,323866,0.58864167,White,26259554.636629645
155,10,384763,0.56538955,0.40475902,0.80465245,0.19534755,0.01707127,0.11363409,0.00261592,0.03397461,0.02749295,309643,0.16063053,White,523931.32696727366
156,11,384805,0.35851545,0.6176393,0.78470969,0.21529031,0.01565003,0.14554824,0.00237519,0.01362866,0.03634857,305239,-0.25912385,White,61904.02406705034
157,12,384913,0.35627411,0.60990724,0.75325812,0.24674188,0.05234023,0.11235312,0.00613537,0.05111316,0.03095605,290121,-0.25363313,White,346871.2478874668
158,13,384729,0.617549,0.35582248,0.48118245,0.51881755,0.15897847,0.25806779,0.00640381,0.08472363,0.0337452,285611,0.26172652,Minority,9377063.27891549
159,14,384787,0.4569073,0.51848645,0.80906375,0.19093625,0.0208403,0.08046457,0.00300802,0.06442179,0.02134163,287232,-0.06157915000000003,White,1178480.974687238
160,15,385335,0.61555685,0.35854037,0.74418636,0.25581364,0.01822198,0.14229695,0.00257708,0.0678925,0.02643285,296071,0.25701648000000005,White,3093073.3400012674
161,1,359829,0.75771775,0.2290096,0.41463157,0.58536843,0.2893148,0.2349143,0.00194199,0.06573174,0.01690345,283729,0.5287081499999999,Minority,8349620.509719212
162,2,360679,0.54989907,0.43159329,0.80154424,0.19845576,0.05316898,0.0702145,0.00097987,0.05851497,0.01405052,288815,0.11830578000000003,White,2166712.1104278327
163,3,360816,0.54289807,0.4366563,0.79432402,0.20567598,0.04625862,0.08605369,0.00138137,0.0529799,0.01986832,291016,0.10624177000000001,White,1217323.4365184004
164,4,360402,0.57722755,0.40445628,0.82571402,0.17428598,0.04548522,0.06975238,0.00225205,0.03862055,0.01948495,294843,0.17277127000000003,White,1398888.025878163
165,5,361006,0.57488269,0.41015884,0.67442222,0.32557778,0.09465012,0.17052202,0.00139724,0.05566883,0.01421736,289857,0.16472385,White,4673644.365538873
166,6,360892,0.65038401,0.33791527,0.54662092,0.45337908,0.21328759,0.17701218,0.00154882,0.06294881,0.01719845,291189,0.31246874,White,7876462.4891003845
167,7,360890,0.49222775,0.49468835,0.67699278,0.32300722,0.11550074,0.16817163,0.00166218,0.02971943,0.01374282,285167,-0.0024605999999999795,White,4738901.452129429
168,8,360540,0.70853825,0.27929021,0.46292259,0.53707741,0.21779601,0.26630651,0.00168623,0.04616552,0.01512955,279321,0.42924804000000005,Minority,12342234.487559196
169,9,360396,0.61837702,0.3665346,0.6936935,0.3063065,0.07097575,0.1459123,0.00101735,0.07610958,0.01009388,276207,0.25184242000000007,White,4156044.660899522
170,10,360494,0.51459997,0.47010141,0.76592536,0.23407464,0.04139296,0.11948126,0.00107927,0.03981901,0.0147155,289083,0.04449856000000002,White,1126561.6731544116
171,1,330197,0.65000656,0.33372874,0.6715893,0.3284107,0.1527292,0.08384603,0.00101602,0.08092544,0.0152403,266727,0.31627782,White,7151751.283225269
172,2,330071,0.69335791,0.29290391,0.44143655,0.55856345,0.40915409,0.09889475,0.00163551,0.04446363,0.02143584,252521,0.40045400000000003,Minority,2804786.6166477366
173,3,329680,0.43467677,0.5528799,0.75152008,0.24847992,0.12977922,0.07782591,0.0014113,0.01916419,0.02326567,264295,-0.11820312999999999,White,873179.6903432398
174,1,377818,0.40060047,0.57943875,0.68184057,0.31815943,0.17995062,0.06101059,0.00358025,0.04595093,0.02922759,300538,-0.17883828000000002,White,5033679.549443451
175,2,377701,0.26186397,0.7177412,0.75794223,0.24205777,0.09386045,0.07250121,0.00407764,0.03971032,0.03419311,294533,-0.45587722999999997,White,560431.4506616989
176,3,376996,0.25742012,0.72970178,0.76813315,0.23186685,0.12301487,0.05572951,0.00222228,0.02100553,0.03040545,301492,-0.47228166,White,243392.945419118
177,4,377895,0.61684337,0.36950828,0.54459472,0.45540528,0.33278044,0.07421875,0.00154418,0.03548341,0.01717899,305664,0.24733508999999998,White,581892.4135556626
178,5,377466,0.221263,0.76836073,0.76665293,0.23334707,0.1369187,0.06030668,0.00156454,0.01106566,0.02251994,298491,-0.5470977300000001,White,199450.48616469835
179,6,378125,0.57959572,0.40500462,0.61068109,0.38931891,0.18647235,0.12174238,0.0016085,0.0657828,0.01786573,307740,0.17459110000000005,White,1221626.6594211406
180,7,378201,0.59138681,0.39378621,0.42716276,0.57283724,0.44125191,0.08179676,0.00250936,0.03853459,0.02011299,288520,0.19760060000000002,Black,3474146.974331517
181,8,378200,0.52610301,0.45635129,0.50384487,0.49615513,0.27383822,0.13174101,0.0032024,0.08053595,0.01806258,300400,0.06975172000000002,White,11258102.81579829
182,9,378085,0.37978751,0.60680972,0.79497904,0.20502096,0.07104631,0.07248219,0.00233165,0.04030997,0.01803081,303647,-0.22702221,White,1992242.3768280589
183,10,377585,0.33161845,0.65358209,0.71616848,0.28383152,0.11071247,0.09301711,0.00299674,0.05559264,0.02236082,287646,-0.32196364,White,1887208.3287117286
184,11,377699,0.39629241,0.59292982,0.73073434,0.26926566,0.13728242,0.08668392,0.00157862,0.02394342,0.01968498,314199,-0.19663741000000007,White,733542.0761951671
185,12,377906,0.40966824,0.57850007,0.72692983,0.27307017,0.08027087,0.15188721,0.00164372,0.0226988,0.02161698,309664,-0.16883183000000002,White,2250891.216397199
186,13,377899,0.50521119,0.48040033,0.59335039,0.40664961,0.12796562,0.2015272,0.00216725,0.0677755,0.01825958,296228,0.024810860000000046,White,5027384.7538604485
187,14,378739,0.58182504,0.40217872,0.50292068,0.49707932,0.11726552,0.3180347,0.00248225,0.06102475,0.01923585,310202,0.17964632000000003,White,15015557.937127406
188,15,378530,0.39483764,0.59057122,0.77236633,0.22763367,0.08236713,0.08520061,0.00263729,0.03542977,0.02186701,310925,-0.19573357999999996,White,2593355.5383067555
189,16,377678,0.42179741,0.56543251,0.72334872,0.27665128,0.11208191,0.11730568,0.0016078,0.0287355,0.01803175,312227,-0.14363510000000007,White,1781701.0109155239
190,17,377986,0.58631512,0.40203187,0.28464232,0.71535768,0.13688602,0.54884713,0.0030658,0.04159048,0.02001583,289321,0.18428324999999995,Hispanic,4976280.341000788
191,18,377977,0.5973331,0.38949544,0.34121575,0.65878425,0.12198288,0.45909589,0.00332534,0.07821233,0.01744521,292000,0.20783765999999992,Hispanic,3273349.02320065
192,19,378490,0.54385828,0.44401512,0.49406028,0.50593972,0.17676606,0.21785264,0.00238077,0.07907432,0.0173242,286882,0.09984316000000004,Minority,4568516.788412204
193,20,377520,0.70358033,0.28356515,0.30351289,0.69648711,0.39848237,0.24422377,0.00292769,0.04279873,0.01664017,293747,0.42001518,Black,16620586.630281681
194,21,378599,0.39581131,0.5948392,0.69177444,0.30822556,0.1079527,0.15099506,0.00196343,0.02878391,0.02059808,307116,-0.19902788999999999,White,1370743.8612589044
195,22,378244,0.34219918,0.64996044,0.78512465,0.21487535,0.08066504,0.10107751,0.00134574,0.0152283,0.01740902,326957,-0.30776126,White,1237513.0879045525
196,23,378295,0.31464316,0.67477629,0.81553734,0.18446266,0.04882928,0.09392714,0.00141953,0.01782828,0.02161687,314893,-0.36013312999999997,White,980306.4697065896
197,24,377228,0.39360285,0.59382224,0.7133534,0.2866466,0.07496356,0.15253219,0.00172097,0.04101315,0.02032773,296344,-0.20021938999999994,White,2297606.7955924547
198,25,378355,0.45209188,0.53494093,0.76134796,0.23865204,0.07306791,0.10595708,0.001917,0.03828677,0.01953273,319771,-0.08284904999999998,White,13752306.897120176
199,26,377966,0.57557293,0.40999348,0.68574218,0.31425782,0.15856067,0.08723246,0.00175254,0.04967187,0.01730942,319537,0.16557944999999996,White,15464021.188663991
200,27,377972,0.55034339,0.43554931,0.499541,0.500459,0.18595938,0.21356394,0.002295,0.09502309,0.01691498,294118,0.11479407999999997,Minority,6442346.8480734285
201,28,377027,0.58376106,0.40174685,0.37286516,0.62713484,0.17822669,0.40639548,0.0019146,0.04659072,0.01639187,301369,0.18201421000000007,Hispanic,16107256.423088156
202,29,377696,0.41149397,0.57558819,0.80851347,0.19148653,0.0419803,0.10104911,0.00160572,0.02801437,0.01862759,315124,-0.16409422000000007,White,9002837.938321197
203,30,378582,0.56393224,0.42029864,0.49396039,0.50603961,0.21597765,0.23843489,0.0025928,0.04965942,0.01878839,292734,0.14363359999999997,Minority,8650717.693772536
204,31,377329,0.37085937,0.61525842,0.62984581,0.37015419,0.107812,0.21451845,0.00174073,0.03230824,0.02492301,291257,-0.24439904999999995,White,2284504.2828865917
205,32,378463,0.51971264,0.46797445,0.48794669,0.51205331,0.19971336,0.28376726,0.00188832,0.02333906,0.02099225,294442,0.05173818999999996,Minority,3679627.6123381313
206,33,377497,0.36003902,0.6279575,0.67803985,0.32196015,0.09424857,0.18420654,0.00187104,0.02868479,0.02009348,297161,-0.26791847999999996,White,537314.3962417798
207,34,377831,0.35293798,0.6377639,0.7232484,0.2767516,0.07857975,0.15696974,0.00122357,0.02296312,0.01708739,305664,-0.28482592000000007,White,365370.77036311576
208,35,377122,0.49004895,0.49881129,0.72656495,0.27343505,0.07700122,0.15546145,0.00125962,0.02296428,0.01584016,315969,-0.008762340000000035,White,10637811.41983218
209,36,377190,0.38597565,0.60472695,0.86522962,0.13477038,0.03747689,0.05876718,0.0012233,0.01899927,0.01409692,327802,-0.21875129999999998,White,2336948.8412781074
210,37,378552,0.36058692,0.63217669,0.78376395,0.21623605,0.03778876,0.14442994,0.0010509,0.01744862,0.01414358,321630,-0.27158977,White,1761745.5062466187
211,38,377916,0.44183267,0.55003659,0.60782279,0.39217721,0.12226033,0.23232493,0.0012255,0.02512939,0.01561527,303549,-0.10820392000000006,White,4244367.002000841
212,39,377652,0.36774884,0.62448854,0.73780006,0.26219994,0.04214077,0.18988053,0.0008926,0.01842037,0.01081008,323772,-0.25673969999999996,White,2235238.8243139763
213,40,377303,0.47635944,0.51546387,0.61418088,0.38581912,0.18071036,0.16661415,0.00180182,0.02296417,0.01649863,304692,-0.03910443000000002,White,2635494.715150936
214,41,378066,0.41283839,0.57850929,0.75335471,0.24664529,0.05678763,0.14251041,0.00137679,0.03132029,0.01532241,309416,-0.16567089999999995,White,1701724.3593763753
215,42,377295,0.6343887,0.3563,0.39485258,0.60514742,0.29183706,0.280668,0.00193414,0.03213955,0.01976375,298324,0.2780887,Minority,12010045.385884736
216,43,377819,0.56994261,0.42390519,0.70495118,0.29504882,0.07907944,0.1437779,0.00115277,0.04385306,0.00750256,314026,0.14603742000000003,White,10433196.504389519
217,44,377084,0.60385565,0.38691571,0.46805556,0.53194444,0.22362424,0.27087799,0.00177103,0.03125515,0.01525325,303214,0.21693993999999994,Minority,18990278.932297524
218,45,377482,0.56758687,0.42462693,0.51142947,0.48857053,0.20734903,0.20350495,0.00148689,0.03365576,0.01169602,311388,0.14295993999999995,White,19983367.81377201
219,46,377135,0.64146908,0.35048318,0.37940654,0.62059346,0.25613399,0.30180298,0.00175768,0.05894696,0.00971833,293569,0.2909859,Minority,775388.7842820479
220,47,377720,0.80458884,0.18791208,0.21835867,0.78164133,0.57301296,0.18075707,0.00224127,0.03000034,0.01132537,294030,0.6166767599999999,Black,27218618.906038936
221,48,377071,0.55395033,0.43784903,0.52794374,0.47205626,0.10080787,0.32002193,0.00181403,0.04268872,0.01442617,313666,0.11610130000000007,White,18535170.95425819
222,49,378181,0.60276803,0.38966862,0.2645371,0.7354629,0.18952904,0.47475506,0.00153581,0.07552571,0.00979424,291702,0.21309941,Hispanic,13684664.523614112
223,50,377868,0.7782456,0.21434408,0.10157805,0.89842195,0.51570761,0.38329088,0.00168217,0.0234317,0.00995059,294857,0.5639015199999999,Black,26689797.498646107
224,51,378180,0.71910786,0.27379556,0.19290114,0.80709886,0.40515675,0.39326195,0.00111712,0.01756375,0.0086735,299879,0.44531230000000005,Black,30673237.15427371
225,52,378090,0.6053221,0.38612739,0.25078547,0.74921453,0.08873537,0.63780803,0.00115506,0.02652551,0.01175145,318599,0.21919470999999996,Hispanic,48956874.90242082
226,53,378492,0.58337304,0.40846715,0.17633228,0.82366772,0.19257149,0.61426486,0.00118084,0.02946535,0.01190596,287083,0.17490589,Hispanic,16752602.027314981
227,54,378554,0.39094099,0.60231795,0.10351446,0.89648554,0.03125199,0.85248004,0.00059837,0.02126752,0.00613645,314188,-0.21137696,Hispanic,24745810.549522214
228,55,378708,0.36374869,0.63063811,0.04597664,0.95402336,0.03999448,0.92241482,0.00070926,0.01155032,0.00523439,311593,-0.26688942000000004,Hispanic,26366902.100177363
229,56,377131,0.42510299,0.56764277,0.10367965,0.89632035,0.05620777,0.8330367,0.00075183,0.01694284,0.01095147,300599,-0.14253977999999995,Hispanic,520529.31036883255
230,57,377985,0.47089262,0.52109379,0.24302986,0.75697014,0.08431682,0.65145859,0.0011012,0.02730702,0.0131193,305123,-0.05020117000000002,Hispanic,676386.8928067222
231,1,382166,0.57087359,0.41444214,0.50309881,0.49690119,0.36451507,0.07623818,0.00376692,0.04297043,0.0184888,297856,0.15643145000000003,White,1343411.4337790867
232,2,382840,0.59613409,0.39422389,0.39578974,0.60421026,0.51436598,0.05572805,0.00338343,0.02575278,0.01570101,294376,0.20191019999999993,Black,328447.5423290949
233,3,382814,0.32864822,0.66058077,0.68512505,0.31487495,0.22968238,0.04208661,0.00098559,0.02401526,0.01909407,296270,-0.33193255000000005,White,528423.4058879784
234,4,381989,0.78103337,0.20742427,0.28102428,0.71897572,0.50750527,0.13646195,0.00129225,0.07277086,0.01920356,294060,0.5736091,Black,10071392.760216698
235,5,382444,0.80117951,0.18928982,0.19271094,0.80728906,0.72009416,0.07011819,0.00121334,0.01483668,0.01556262,289283,0.6118896899999999,Black,3496565.131404989
236,6,382145,0.55656008,0.42990799,0.60146315,0.39853685,0.14819992,0.09723983,0.00134773,0.13942968,0.01340388,299764,0.12665209,White,9960455.963402776
237,7,383264,0.64336854,0.34435625,0.32361519,0.67638481,0.40876367,0.1703005,0.00153612,0.09586239,0.02041553,282530,0.29901229,Black,7476142.517822211
238,8,382638,0.36073303,0.63015878,0.58360882,0.41639118,0.31739603,0.06993916,0.00131336,0.01438839,0.01767007,290095,-0.26942575,White,327940.30296057666
239,9,382748,0.17355078,0.81565572,0.87387622,0.12612378,0.02775412,0.05744541,0.00087107,0.01065441,0.02836192,307666,-0.64210494,White,382217.6887191925
240,10,382834,0.38776513,0.5992729,0.70489365,0.29510635,0.18211847,0.06103371,0.0010922,0.03213523,0.01836489,301227,-0.21150776999999998,White,624991.4375981895
241,11,383301,0.68770629,0.29761613,0.36679766,0.63320234,0.3956974,0.16896908,0.00140157,0.05416479,0.02109724,298238,0.3900901600000001,Black,9892216.840571072
242,12,381686,0.55096464,0.43562423,0.46519333,0.53480667,0.43599733,0.05312227,0.00303575,0.03451714,0.01795412,291855,0.11534041,Minority,547978.6254699843
243,13,383154,0.79432409,0.19592518,0.15812643,0.84187357,0.67931342,0.11110178,0.00139275,0.05310657,0.01767186,285765,0.59839891,Black,5478607.677813046
244,14,382612,0.22684305,0.76028044,0.77631133,0.22368867,0.05469908,0.12920035,0.000986,0.01370815,0.03040512,292089,-0.53343739,White,736878.0990585402
245,15,382956,0.28334983,0.70616311,0.68998148,0.31001852,0.21020104,0.06926681,0.00180812,0.01326632,0.01955556,293676,-0.42281327999999996,White,189490.9536590205
246,16,382982,0.533669,0.4555102,0.45015543,0.54984457,0.46566075,0.05004097,0.00145606,0.02443129,0.01505834,295318,0.07815879999999997,Black,457505.5191224684
247,17,382570,0.31893233,0.66868295,0.68011657,0.31988343,0.2260397,0.05297757,0.0010603,0.02021076,0.02152759,292369,-0.34975062,White,571947.9898679942
248,18,382393,0.87582165,0.11302271,0.32376434,0.67623566,0.54775643,0.05105306,0.00122171,0.07298749,0.01317327,301216,0.76279894,Black,12568153.768190464
249,19,382487,0.85897181,0.12844115,0.36264187,0.63735813,0.51468404,0.06045964,0.001548,0.05881136,0.01359668,319122,0.73053066,Black,14966258.304443145
250,20,382020,0.43513686,0.55070075,0.55450151,0.44549849,0.12367366,0.10570231,0.00124003,0.20261237,0.01554914,276607,-0.11556388999999995,White,6770766.33858312
251,21,382114,0.60295472,0.38307096,0.30349645,0.69650355,0.22021028,0.27713857,0.0017884,0.19654546,0.02283349,286290,0.21988376000000004,Minority,11937416.395410666
252,22,382088,0.30908775,0.68100367,0.63295435,0.36704565,0.28347366,0.05220671,0.00151618,0.01870984,0.01589408,290863,-0.37191591999999996,White,217231.3336562724
253,23,381991,0.2857744,0.69716011,0.7702675,0.2297325,0.06438985,0.10489532,0.00127828,0.03469417,0.02421436,287887,-0.41138571,White,2847328.2026319266
254,24,383127,0.25114855,0.73405796,0.69755634,0.30244366,0.08662056,0.16612101,0.0010786,0.02901803,0.02498803,288338,-0.48290941,White,1266608.965955731
255,25,382848,0.46753352,0.51481148,0.66042369,0.33957631,0.16392153,0.08212254,0.00130786,0.07314124,0.01844964,293610,-0.04727796000000001,White,7930333.944775217
256,26,381936,0.37102171,0.61737112,0.6212136,0.3787864,0.30746388,0.03699452,0.00161944,0.01842655,0.01702259,297017,-0.24634941000000005,White,224249.66957993642
257,27,382670,0.59728114,0.39237768,0.39300899,0.60699101,0.50570089,0.0676193,0.00157577,0.02399059,0.01786105,288113,0.20490345999999998,Black,2362150.117280674
258,28,383091,0.29176646,0.69528999,0.72274859,0.27725141,0.16867516,0.06996128,0.00122587,0.01466545,0.0251754,288774,-0.40352353,White,1062769.689399738
259,1,363383,0.67720518,0.30595757,0.1812016,0.8187984,0.03066514,0.05883289,0.16196872,0.65750294,0.01736232,301515,0.37124760999999995,Asian,21604842.610210523
260,2,365465,0.6674892,0.30859636,0.36065534,0.63934466,0.01605424,0.08900534,0.25998017,0.40558432,0.03241347,288522,0.35889284,Asian,297354.05343340535
261,3,363193,0.63862291,0.34325294,0.20611382,0.79388618,0.02638699,0.07505786,0.20917999,0.63277275,0.02153879,291242,0.29536997000000004,Asian,8124117.3528403565
262,4,363230,0.54960395,0.42959275,0.20720179,0.79279821,0.03794615,0.10133054,0.29015097,0.53526614,0.02646872,274626,0.12001119999999993,Asian,1511563.8202639292
263,1,399133,0.52417472,0.45467003,0.84101787,0.15898213,0.04766977,0.05694606,0.00102042,0.03477734,0.01485993,313595,0.06950468999999998,White,233118.48714084638
264,2,399347,0.52733031,0.4496988,0.84508367,0.15491633,0.07619798,0.03237871,0.00333129,0.02552799,0.01485295,308289,0.07763150999999996,White,561555.9681545774
265,3,398579,0.46219987,0.5177453,0.87119621,0.12880379,0.05274095,0.03655362,0.00288384,0.019293,0.01569473,306536,-0.05554542999999995,White,338344.2477801883
266,4,399204,0.5230306,0.4541777,0.82338325,0.17661675,0.0372415,0.06807305,0.00521755,0.05026765,0.0173929,310299,0.0688529,White,334790.8060087697
267,5,399177,0.545379,0.43236886,0.7731429,0.2268571,0.07131447,0.08191109,0.0014158,0.05409959,0.01678106,297359,0.11301013999999993,White,2638048.6323056715
268,6,398054,0.33584317,0.64626063,0.89722849,0.10277151,0.01928136,0.04895383,0.00355347,0.01380008,0.01372126,304491,-0.31041746,White,119506.77014790548
269,7,398898,0.34514203,0.63692234,0.85829546,0.14170454,0.02433357,0.0749938,0.00261779,0.01558776,0.02238345,302545,-0.29178031000000004,White,116225.981652262
270,8,397977,0.32520575,0.65838417,0.92570092,0.07429908,0.01151181,0.03903723,0.00157335,0.00865503,0.01084729,306989,-0.33317842000000003,White,95905.84040969967
271,1,368021,0.2926176,0.68068668,0.88550788,0.11449212,0.00648421,0.03784358,0.00323346,0.01630908,0.04121191,289164,-0.38806908,White,53223.76142163784
272,2,367807,0.26272426,0.70146985,0.8264892,0.1735108,0.0105213,0.10599155,0.00420625,0.01868816,0.03590622,264606,-0.43874558999999996,White,127779.85785809127
273,3,368158,0.25783354,0.7156016,0.77585259,0.22414741,0.0090727,0.16535555,0.00321233,0.01552686,0.03082137,271143,-0.4577680599999999,White,26147.42606616525
274,4,367498,0.28309808,0.68710681,0.75828342,0.24171658,0.01163677,0.17241652,0.00489235,0.02102917,0.03173801,265108,-0.40400873,White,742667.4493738106
275,5,367622,0.52247792,0.44530151,0.82171179,0.17828821,0.02040303,0.07740442,0.00527273,0.04510107,0.0256164,286379,0.07717641000000003,White,4143573.494969724
276,1,377233,0.72556045,0.26156547,0.37556328,0.62443672,0.50138733,0.09338378,0.00091352,0.02513209,0.01229165,293370,0.46399498,Black,11898986.083009677
277,2,377170,0.72673669,0.26073743,0.36298541,0.63701459,0.50785462,0.10938544,0.00090835,0.01475291,0.01559613,291739,0.46599925999999997,Black,3533066.633592215
278,3,376341,0.75328932,0.22921071,0.31593317,0.68406683,0.06674779,0.58561018,0.00182352,0.03780318,0.04060834,293388,0.52407861,Hispanic,40148388.992339075
279,4,376656,0.76865096,0.21351998,0.17045884,0.82954116,0.06305502,0.65355725,0.00134422,0.11427664,0.05051952,283435,0.5551309799999999,Hispanic,39268957.75350357
280,5,376819,0.55478654,0.41629315,0.7001291,0.2998709,0.11732647,0.0634046,0.00132758,0.1017781,0.01681939,300546,0.13849339000000005,White,628400.8687133967
281,6,376028,0.46246944,0.52082123,0.79047353,0.20952647,0.04421641,0.09718211,0.00085824,0.05510108,0.01260796,293624,-0.058351790000000014,White,3018246.237859757
282,7,376267,0.89252706,0.09313904,0.19597061,0.80402939,0.6072091,0.16740294,0.0012227,0.03259499,0.01642702,289523,0.7993880200000001,Black,30652375.71549972
283,8,375857,0.5783581,0.40420008,0.55922906,0.44077094,0.04683949,0.19609353,0.00132192,0.18896267,0.02055105,293513,0.17415801999999997,White,10189062.888358517
284,9,377024,0.85769387,0.12528357,0.53045715,0.46954285,0.16281961,0.14952678,0.001715,0.14747707,0.01958222,313703,0.7324103,White,65350877.09360769
285,10,376688,0.67576814,0.30512873,0.54917153,0.45082847,0.11614709,0.25554534,0.00207293,0.06732631,0.02482603,285104,0.37063940999999995,White,6499597.696079038
286,11,376444,0.61067358,0.36609214,0.66636481,0.33363519,0.06488407,0.11598391,0.00114753,0.13932862,0.01391904,289316,0.24458144000000004,White,9677039.60665124
287,12,376878,0.31716969,0.66221666,0.86687201,0.13312799,0.06313276,0.02822919,0.00109504,0.01505512,0.02041947,297706,-0.34504697,White,266987.08332878514
288,13,376996,0.54581148,0.43197606,0.65483756,0.34516244,0.25613598,0.04333877,0.00166753,0.02176697,0.02236276,292048,0.11383542000000002,White,3463962.1691085515
289,14,377479,0.52861099,0.4504497,0.70390272,0.29609728,0.07285394,0.12361563,0.00104875,0.08381356,0.01774587,277473,0.07816129,White,1121575.288022257
290,15,376627,0.25967522,0.72126515,0.91894319,0.08105681,0.02813174,0.02259923,0.00105654,0.00716964,0.01803888,296249,-0.46158993000000004,White,133947.54670106136
291,16,376422,0.46393759,0.51508014,0.80867893,0.19132107,0.07089927,0.08217648,0.00151847,0.01823519,0.01893369,296350,-0.05114255000000001,White,265925.8282588114
292,17,377243,0.48489567,0.49281779,0.69951008,0.30048992,0.11605257,0.13499245,0.00096117,0.02837524,0.02251488,289231,-0.007922119999999977,White,1217643.2674239655
293,18,376837,0.77168327,0.21474521,0.27414315,0.72585685,0.5714614,0.14192473,0.0010941,0.01156182,0.01565013,291563,0.55693806,Black,24047348.678397454
294,19,376718,0.91012965,0.07635562,0.17591449,0.82408551,0.62343972,0.12073304,0.00135991,0.08051716,0.01586233,304432,0.83377403,Black,27043072.864285666
295,20,376404,0.71497812,0.26632536,0.57950862,0.42049138,0.04185231,0.26489491,0.00166143,0.10857708,0.02369085,306363,0.44865276000000004,White,32159543.287478566
296,21,376524,0.68805457,0.29376606,0.35534363,0.64465637,0.05076185,0.56959687,0.00103712,0.02189664,0.04544841,281550,0.39428851000000004,Hispanic,25633380.427773107
297,22,377077,0.42736371,0.54821704,0.82122123,0.17877877,0.09672371,0.03249804,0.00096301,0.02697107,0.01855508,290756,-0.12085333000000004,White,644232.2409226681
298,23,377470,0.59084141,0.39059828,0.53749917,0.46250083,0.15159982,0.2442397,0.00091159,0.05506561,0.02239856,286313,0.20024313,White,6166156.312484662
299,24,376952,0.6202604,0.36518401,0.66750154,0.33249846,0.03178723,0.08639971,0.00115105,0.20626091,0.01054174,296251,0.25507639000000004,White,16117196.4462228
300,25,376526,0.58817465,0.39355403,0.67609252,0.32390748,0.02664894,0.14477599,0.00088651,0.14341601,0.01422441,297798,0.19462062000000002,White,10648570.37972427
301,26,377575,0.81662055,0.16453323,0.7262279,0.2737721,0.06422013,0.07885414,0.00127007,0.11882107,0.0094556,336203,0.65208732,White,90758026.28214277
302,27,376773,0.56663764,0.41326276,0.69641879,0.30358121,0.02781197,0.15420911,0.00147866,0.10694794,0.01802983,286747,0.15337488000000005,White,4783537.5303985085
303,28,376351,0.56997315,0.40930681,0.66102635,0.33897365,0.04145704,0.168419,0.00117735,0.11732071,0.01702706,292182,0.16066634000000002,White,11561774.650393622
304,29,377704,0.23783772,0.74604615,0.90340308,0.09659692,0.04068948,0.01850167,0.00098071,0.00953321,0.02151821,295703,-0.5082084299999999,White,166448.24104973068
305,30,377816,0.41544954,0.56275024,0.81479539,0.18520461,0.12147527,0.02150709,0.00089683,0.01984541,0.01832925,295484,-0.14730069999999995,White,433647.3376167319
306,31,377373,0.5851246,0.39294126,0.55331546,0.44668454,0.06639377,0.3230527,0.00119774,0.04707839,0.02966882,283867,0.19218333999999998,White,5235019.648410782
307,32,376355,0.31286664,0.66782385,0.83546634,0.16453366,0.07928542,0.05250572,0.00086552,0.01064277,0.01848032,292311,-0.35495721,White,202043.78451247714
308,33,376334,0.37727012,0.60247507,0.87262279,0.12737721,0.02649134,0.06895945,0.00074499,0.00965107,0.01819481,295304,-0.22520495000000001,White,202337.68555217254
309,34,377547,0.48980861,0.48954143,0.76385693,0.23614307,0.02181356,0.15374892,0.00088866,0.04177402,0.02012235,290324,0.000267179999999978,White,2226394.86967564
310,1,377432,0.5242067,0.46111191,0.60349141,0.39650859,0.16664769,0.19284534,0.00084542,0.02304372,0.0214771,289797,0.06309479000000001,White,3248486.767688271
311,2,377064,0.27496761,0.70553956,0.84884092,0.15115908,0.01810223,0.09729548,0.00074791,0.01293421,0.02166808,282120,-0.43057195,White,432398.43184761313
312,3,377047,0.23996936,0.73927927,0.9268994,0.0731006,0.0076142,0.03686506,0.00095133,0.00683263,0.01777473,282761,-0.49930991,White,332791.2523644807
313,4,376859,0.35274527,0.62466024,0.81819814,0.18180186,0.03632784,0.06441152,0.01036873,0.05744143,0.01864339,295118,-0.27191497,White,320176.0461024066
314,5,376733,0.59413189,0.38673296,0.71181866,0.28818134,0.1534105,0.06443317,0.0011568,0.05445231,0.01507974,290456,0.20739892999999998,White,7681753.760762693
315,6,377100,0.32332406,0.65635408,0.89429442,0.10570558,0.04805874,0.02359032,0.00089836,0.01225954,0.01803807,296096,-0.3330300199999999,White,510413.5974866822
316,7,377242,0.60529584,0.3765868,0.53773703,0.46226297,0.30098952,0.10227831,0.0015841,0.04232984,0.02212721,279023,0.22870904000000003,White,9487862.496251497
317,8,377529,0.36678693,0.61580267,0.87786093,0.12213907,0.06034642,0.02269301,0.00209091,0.01577561,0.01815304,293174,-0.24901573999999999,White,495709.38775017264
318,9,377338,0.2347331,0.74721223,0.93041227,0.06958773,0.00973385,0.02719166,0.00083688,0.00760392,0.02116545,291560,-0.51247913,White,309944.87086357974
319,10,376390,0.54470555,0.43755134,0.65945317,0.34054683,0.21222553,0.09448006,0.00099148,0.01366732,0.02063524,290474,0.10715420999999997,White,1989721.6409985689
320,11,377093,0.48992879,0.49261228,0.72927431,0.27072569,0.12129877,0.09857,0.00139149,0.02682689,0.02217356,288181,-0.0026834900000000106,White,1401774.6865257027
321,12,377169,0.43801437,0.53987506,0.73647473,0.26352527,0.12439444,0.07093405,0.00131346,0.04831688,0.01951683,280937,-0.10186068999999998,White,2383621.934121146
322,13,376873,0.43191628,0.54945312,0.86535672,0.13464328,0.04503712,0.02768219,0.00102844,0.03689859,0.01952718,303372,-0.11753684000000003,White,424579.84377492784
323,14,376540,0.4092663,0.5690956,0.83139684,0.16860316,0.05286964,0.04159445,0.00124838,0.05294563,0.01589961,276359,-0.1598293,White,1484424.961359854
324,15,377772,0.31974074,0.65949433,0.85005244,0.14994756,0.07001389,0.04467472,0.00087517,0.01021604,0.02150816,293656,-0.33975359,White,577310.8656718894
325,16,376528,0.64086172,0.34024228,0.50347608,0.49652392,0.29655769,0.13579239,0.0014038,0.05020265,0.02061021,284228,0.30061943999999996,White,9191243.929999694
326,17,376370,0.3368354,0.64400096,0.88059448,0.11940552,0.04573346,0.03881035,0.0012099,0.01090642,0.02040187,288454,-0.30716555999999995,White,396122.13505209726
327,18,376449,0.30488677,0.67276709,0.87114949,0.12885051,0.02663059,0.03751922,0.00099368,0.03972275,0.01996771,286813,-0.36788032000000004,White,1018915.2198091854
328,1,367805,0.20837934,0.77293716,0.75276575,0.24723425,0.02013841,0.19007714,0.00199855,0.01313074,0.02712787,274699,-0.56455782,White,28730.395213684278
329,2,367225,0.30503493,0.67241301,0.83895518,0.16104482,0.02945261,0.07463044,0.00157724,0.02008709,0.03531557,275799,-0.36737808,White,165387.51531555437
330,3,367147,0.26600011,0.71326918,0.86263107,0.13736893,0.02839629,0.04456154,0.00227413,0.0118062,0.04803522,280107,-0.44726906999999994,White,88513.53724962432
331,4,367899,0.35025907,0.62388296,0.80585172,0.19414828,0.0584355,0.07234938,0.00377759,0.02636503,0.03350482,281661,-0.27362389,White,158454.60972583437
332,5,366735,0.54806525,0.42666406,0.76193522,0.23806478,0.07346683,0.09327994,0.00184135,0.03168471,0.04257733,282944,0.12140118999999994,White,1121514.3151204297
333,6,366438,0.54861935,0.4321592,0.79154739,0.20845261,0.04621453,0.06302338,0.00126004,0.07450651,0.02052472,280150,0.11646014999999993,White,6777187.600373452
334,7,367510,0.56584546,0.41197101,0.60809665,0.39190335,0.14667855,0.17465839,0.00251451,0.0445807,0.0297884,274805,0.15387445,White,4868047.617894908
335,8,367121,0.49583588,0.47946138,0.61889085,0.38110915,0.12918815,0.15720166,0.00257208,0.06077356,0.0423785,279151,0.016374500000000014,White,6544858.889926004
336,1,388625,0.32785087,0.65368929,0.63704987,0.36295013,0.15971058,0.14359191,0.00123888,0.03977937,0.02360469,303499,-0.32583841999999996,White,485901.2473111157
337,2,388393,0.83171409,0.1497347,0.34466704,0.65533296,0.54426308,0.07591044,0.00118091,0.03527882,0.01515499,309931,0.68197939,Black,15554899.888113718
338,3,387893,0.28404436,0.6980593,0.68711667,0.31288333,0.22789346,0.04847763,0.00101993,0.02170267,0.01537772,292176,-0.41401494000000005,White,565621.791203467
339,4,388258,0.47712446,0.50612359,0.48304506,0.51695494,0.44171678,0.04071347,0.0014526,0.01646848,0.02057969,296020,-0.028999129999999984,Minority,425199.8171129991
340,5,388299,0.57820193,0.4063435,0.38571472,0.61428528,0.54906413,0.03865145,0.00080319,0.01755837,0.01278328,295073,0.17185842999999995,Black,239815.9545437727
341,6,388370,0.23077004,0.75186368,0.75559064,0.24440936,0.1511418,0.05484139,0.00109548,0.01376106,0.02134148,295762,-0.52109364,White,636333.9271996248
342,7,387511,0.27145178,0.71421837,0.66175616,0.33824384,0.23383186,0.05230964,0.00085976,0.01579858,0.03829515,294267,-0.44276659,White,329677.07528781256
343,8,388312,0.55180846,0.43285797,0.41375549,0.58624451,0.43957109,0.10196555,0.00117866,0.03643701,0.01734211,296100,0.11895048999999996,Black,855108.5551964936
344,9,387842,0.18445246,0.79871266,0.76501832,0.23498168,0.136381,0.04981204,0.00218665,0.02034168,0.02605904,293142,-0.6142601999999999,White,210297.12201744562
345,10,387857,0.23705166,0.74949339,0.70933359,0.29066641,0.20322057,0.04041184,0.00111479,0.01429256,0.03007594,300506,-0.51244173,White,159188.51199565898
346,11,388559,0.56758209,0.41521688,0.43738826,0.56261174,0.49504029,0.04090175,0.00101729,0.01696374,0.013048,299816,0.15236521000000003,Black,542216.3356924801
347,12,387838,0.26061954,0.71846661,0.73100973,0.26899027,0.15673427,0.06157903,0.00083601,0.02953551,0.0182902,294256,-0.45784707,White,2735029.930441866
348,1,390279,0.70073738,0.27455138,0.84344967,0.15655033,0.03677084,0.05187277,0.0010726,0.04657395,0.01641594,327243,0.42618599999999995,White,563766.0573947298
349,2,389603,0.60365195,0.37415445,0.59091863,0.40908137,0.11869987,0.26047207,0.00243315,0.03408055,0.01861592,304954,0.22949750000000002,White,6191272.765565644
350,3,390104,0.50020488,0.47220584,0.87665581,0.12334419,0.02350192,0.05703166,0.00114127,0.01925099,0.01514112,311932,0.027999039999999975,White,1040993.4678504984
351,4,391410,0.62825922,0.34661778,0.62542709,0.37457291,0.10917362,0.1707354,0.00144776,0.07757717,0.0150084,310826,0.28164144,White,5017170.993930006
352,5,391281,0.64023938,0.33347959,0.76249656,0.23750344,0.03258465,0.0610954,0.00111255,0.09532925,0.01124004,305604,0.30675979000000003,White,2642569.4994955896
353,6,390662,0.61745786,0.35996981,0.72540771,0.27459229,0.04924104,0.08294485,0.00122917,0.11705515,0.00890423,309965,0.25748805,White,6383209.391955927
354,7,391023,0.59929478,0.37961239,0.63076741,0.36923259,0.06279499,0.27045962,0.00179414,0.04527996,0.01331667,304881,0.21968239,White,6663577.060943651
355,8,390187,0.67397774,0.3032242,0.76116517,0.23883483,0.05775566,0.13703643,0.00114941,0.03538851,0.01397227,312333,0.37075354,White,4346670.442266165
356,9,390555,0.75993838,0.21835838,0.58563824,0.41436176,0.06414542,0.21093446,0.00148552,0.12528148,0.01211108,339276,0.5415800000000001,White,45769249.991611674
357,10,390930,0.84958366,0.13427917,0.35185815,0.64814185,0.36731963,0.18697659,0.00225736,0.11336532,0.01480663,317628,0.71530449,Black,44308791.717923775
358,11,390896,0.82695908,0.1533689,0.57047553,0.42952447,0.11271772,0.10581884,0.00155105,0.17360098,0.01015969,333967,0.6735901799999999,White,45612401.58967052
359,12,390696,0.73179097,0.24690941,0.72820729,0.27179271,0.04392467,0.06079489,0.00088656,0.14456991,0.0072461,312444,0.48488156000000004,White,14731693.81306284
360,13,390051,0.76834893,0.20894581,0.72350924,0.27649076,0.03976338,0.0629496,0.00112628,0.13491938,0.00759663,302766,0.55940312,White,6380660.864224408
361,14,391018,0.56799427,0.40689102,0.84948372,0.15051628,0.0501581,0.03982934,0.0010206,0.03757497,0.01027385,309621,0.16110325000000003,White,3129658.90889079
362,15,390000,0.6608482,0.31809832,0.65953768,0.34046232,0.12100069,0.05168093,0.0011496,0.15118319,0.00865542,314023,0.34274988,White,7400109.457407965
363,16,391182,0.61000702,0.36790856,0.73775965,0.26224035,0.14951994,0.04609015,0.00129173,0.02949717,0.00985637,305792,0.24209845999999996,White,4992894.100479744
364,17,390182,0.52570672,0.45333511,0.79463653,0.20536347,0.06751342,0.08856564,0.00129611,0.01922034,0.01455241,311701,0.07237160999999998,White,2633614.1440959256
365,18,389858,0.60743194,0.37134608,0.86999303,0.13000697,0.0373456,0.03039539,0.00129575,0.01662271,0.01418026,328767,0.23608585999999998,White,1622495.19465919
366,1,384964,0.43823731,0.53689496,0.72744864,0.27255136,0.18330695,0.04889467,0.00144967,0.02320452,0.01771532,306966,-0.09865765000000004,White,435091.56830026425
367,2,385954,0.59048706,0.38154334,0.63434625,0.36565375,0.24431206,0.05129287,0.00109786,0.05902076,0.01414362,303317,0.20894371999999994,White,2734305.998971563
368,3,385322,0.5319674,0.43854781,0.69581962,0.30418038,0.15546722,0.07856367,0.00208768,0.05039833,0.02071983,299375,0.09341959,White,6541609.113460635
369,4,386124,0.90364548,0.07274004,0.11911876,0.88088124,0.5507184,0.2836305,0.0016872,0.05207455,0.03053422,297535,0.83090544,Black,22956728.326329503
370,5,385980,0.6733932,0.30446264,0.40454301,0.59545699,0.46685287,0.06848836,0.00238929,0.048627,0.02509423,297160,0.36893056,Black,1396401.4986448928
371,6,386574,0.38188964,0.59321973,0.8213765,0.1786235,0.08630942,0.0435915,0.00132824,0.02805535,0.01926431,307927,-0.21133008999999997,White,682047.6954735315
372,7,386530,0.86412161,0.11508927,0.32648807,0.67351193,0.53785843,0.07354592,0.00115762,0.05613668,0.01616182,311846,0.74903234,Black,29410938.86556826
373,8,385997,0.84095407,0.13579518,0.49484092,0.50515908,0.16572835,0.20285369,0.00165625,0.12781162,0.01890995,299472,0.70515889,Minority,22735484.836441215
374,9,386052,0.38813109,0.5836131,0.82080397,0.17919603,0.07610554,0.03507048,0.00115839,0.04537654,0.01811942,301279,-0.19548200999999998,White,1485745.8745301724
375,10,386315,0.54241901,0.43267813,0.59167276,0.40832724,0.27055329,0.06886854,0.00164252,0.04926556,0.02402102,298322,0.10974088000000004,White,6252887.304328122
376,11,386257,0.65891936,0.31115585,0.5578282,0.4421718,0.18217466,0.0666408,0.00152153,0.18126242,0.01529355,293784,0.34776350999999994,White,3805315.6091823196
377,12,385518,0.81075431,0.1652729,0.25844544,0.74155456,0.50584928,0.14499143,0.00203424,0.09148753,0.02018568,299866,0.6454814099999999,Black,8217747.613938115
378,13,386133,0.74684594,0.23414204,0.3366434,0.6633566,0.56127584,0.06901639,0.00171279,0.02711747,0.01947428,303015,0.5127039,Black,2901322.8557554926
379,14,386215,0.71670188,0.25729652,0.50005942,0.49994058,0.15862399,0.13657213,0.00169421,0.19488818,0.015438,294533,0.45940536000000004,White,3899379.5179137196
380,15,385016,0.81690331,0.16159534,0.29410751,0.70589249,0.57876275,0.05934932,0.0015483,0.06158391,0.01628865,301621,0.6553079700000001,Black,14979040.005027492
381,16,386452,0.75110304,0.22385287,0.38629405,0.61370595,0.23175705,0.21097385,0.001962,0.16322397,0.02003115,299184,0.5272501700000001,Minority,7038179.909781036
382,1,340865,0.68909585,0.28452015,0.89082593,0.10917407,0.03534374,0.02244132,0.00112829,0.0284494,0.01458597,280955,0.4045756999999999,White,1461193.3668082487
383,2,340336,0.52856611,0.44186145,0.93111324,0.06888676,0.01023997,0.01418752,0.00103977,0.0120291,0.02218661,278907,0.08670465999999999,White,262441.4720294672
384,3,340204,0.46937859,0.4990351,0.9181672,0.0818328,0.02274258,0.01404299,0.00097153,0.01218826,0.02237826,271737,-0.029656510000000025,White,376472.43755548587
385,4,340954,0.41336627,0.55910226,0.9265385,0.0734615,0.01075099,0.01284804,0.00099466,0.01203292,0.03029955,278486,-0.14573598999999998,White,45328.258007855366
386,1,373350,0.41165913,0.57230545,0.88401506,0.11598494,0.02069307,0.01414442,0.0011456,0.00967362,0.06408813,304643,-0.16064632,White,68344.52517533717
387,2,372618,0.40606489,0.57806358,0.90201428,0.09798572,0.01371525,0.03782948,0.00097102,0.00795632,0.02923478,297625,-0.17199869,White,223126.46748175332
388,3,374085,0.31998498,0.66528206,0.93426239,0.06573761,0.00869795,0.01588521,0.00073885,0.00642203,0.02611693,303175,-0.34529708000000003,White,119644.5654526352
389,4,372843,0.53236772,0.44800473,0.7733337,0.2266663,0.12066954,0.0641711,0.00115639,0.01621692,0.02368027,291424,0.08436298999999997,White,2090155.0155863946
390,5,372945,0.53926436,0.44148712,0.6926718,0.3073282,0.1213383,0.11678998,0.00116377,0.05481115,0.019777,280983,0.09777723999999999,White,4738491.031431865
391,6,373291,0.35122507,0.6302831,0.88040026,0.11959974,0.03880899,0.03950335,0.00086968,0.01012334,0.02393164,290912,-0.27905803,White,421449.99937077175
392,7,372401,0.37938595,0.60244753,0.84383355,0.15616645,0.02252414,0.08351498,0.00101934,0.02744447,0.01916986,283518,-0.22306157999999993,White,1078149.430733278
393,8,374081,0.55423314,0.42731143,0.75723112,0.24276888,0.12994854,0.05733955,0.00106019,0.02682478,0.02544103,290515,0.12692171000000002,White,1067145.4625576783
394,9,373659,0.34012446,0.64253582,0.87528903,0.12471097,0.03772812,0.04058397,0.00094965,0.01396267,0.02455339,290632,-0.30241135999999996,White,387327.6327329828
395,10,373931,0.39760014,0.58497793,0.85801011,0.14198989,0.05778911,0.04253596,0.00063385,0.01053145,0.0252965,295021,-0.18737779,White,808857.4594789153
396,11,372258,0.72653967,0.26003791,0.69863424,0.30136576,0.12433003,0.04903054,0.0015793,0.10702359,0.01762889,303933,0.46650176,White,1823681.3771739197
397,12,373308,0.5028665,0.47850737,0.78033952,0.21966048,0.10734939,0.0561866,0.00106963,0.03034987,0.0243979,289820,0.024359130000000007,White,788149.4721970381
398,13,373556,0.52542164,0.45677976,0.80490941,0.19509059,0.07144436,0.04894009,0.00139312,0.04818325,0.02196845,298610,0.06864188000000004,White,941356.8404190639
399,14,373212,0.55386574,0.43162993,0.70779006,0.29220994,0.21407481,0.03454544,0.0008175,0.01417001,0.02594616,289908,0.12223581,White,2129125.3980174228
400,15,373275,0.46158897,0.5226479,0.80411375,0.19588625,0.10024707,0.05562135,0.00081676,0.01555928,0.02053811,293844,-0.06105893000000007,White,762949.3513509509
401,16,374028,0.31573631,0.66920979,0.91460291,0.08539709,0.01821656,0.03029915,0.00055947,0.00673726,0.02153633,296708,-0.35347348,White,321290.57129972836
402,17,374130,0.37398133,0.61365762,0.86797817,0.13202183,0.05220643,0.02756855,0.0007512,0.02841744,0.01657684,296860,-0.23967629000000001,White,3669668.1889682454
403,18,373035,0.38801602,0.59661306,0.90557454,0.09442546,0.01586109,0.02896373,0.00062786,0.01979634,0.0205134,291468,-0.20859704,White,1780348.1127750722
404,19,373950,0.49534858,0.49147567,0.79355166,0.20644834,0.06412352,0.04008435,0.00083404,0.07843335,0.01584675,297348,0.003872910000000007,White,5342965.08283362
405,20,373056,0.55176167,0.43378152,0.68717859,0.31282141,0.21334849,0.02363232,0.0009341,0.05211049,0.02008478,296543,0.11798015,White,14604587.900670184
406,21,373424,0.56333673,0.42319728,0.78507464,0.21492536,0.058625,0.02755411,0.00076796,0.10967261,0.01369795,303403,0.14013944999999994,White,12923134.072625037
407,22,372584,0.70922247,0.28021385,0.4992404,0.5007596,0.35813347,0.05022822,0.00089127,0.0813685,0.01354116,296208,0.42900862000000006,Minority,9545039.471057082
408,23,373095,0.56902383,0.41812141,0.69521629,0.30478371,0.12254955,0.0340692,0.00081286,0.12680693,0.01723951,295252,0.15090241999999998,White,6454955.601304072
409,24,373379,0.52916253,0.45615091,0.71178635,0.28821365,0.17777286,0.05625766,0.00109007,0.0245231,0.02719376,293560,0.07301162,White,6586381.2464116765
410,25,372450,0.77900733,0.2100016,0.31740566,0.68259434,0.63254633,0.02566763,0.00076672,0.01480338,0.01551383,284327,0.56900573,Black,15457958.205978407
411,26,372910,0.80579228,0.18320657,0.46778558,0.53221442,0.42104381,0.0419922,0.00106355,0.05793095,0.01341827,274551,0.6225857100000001,Minority,16191005.841327842
412,27,372473,0.78863328,0.20071952,0.32732577,0.67267423,0.52317227,0.12061281,0.00111695,0.02066531,0.01988661,283809,0.58791376,Black,15188359.006543431
413,1,381046,0.49449418,0.48138727,0.85698412,0.14301588,0.03800436,0.04096751,0.00113497,0.04281268,0.01433319,294282,0.013106910000000027,White,380313.7254131795
414,2,380612,0.57571938,0.39978744,0.75994206,0.24005794,0.07907212,0.07454639,0.0015594,0.06558502,0.01727125,288572,0.17593194,White,5640434.529436804
415,3,380238,0.66270498,0.31478069,0.79018538,0.20981462,0.07105246,0.05620234,0.00129503,0.06241783,0.01592493,304240,0.34792429,White,6062341.922983881
416,4,380723,0.76187006,0.21510538,0.57397434,0.42602566,0.15278441,0.08228651,0.00189717,0.17113064,0.024787,290959,0.54676468,White,15467873.815542176
417,5,381303,0.86701987,0.11094658,0.62051057,0.37948943,0.19163782,0.08994621,0.00163799,0.07257511,0.03178797,307695,0.75607329,White,27167852.873518035
418,6,380395,0.36651689,0.60816576,0.87394501,0.12605499,0.05169653,0.02815573,0.00108168,0.0233451,0.01596547,281044,-0.24164887000000002,White,710081.2385244311
419,7,379743,0.35549638,0.62358984,0.90225892,0.09774108,0.01716892,0.02690898,0.00117968,0.00997049,0.03871261,290758,-0.26809345999999995,White,56898.17379348236
420,8,380865,0.51352428,0.46383228,0.87867166,0.12132834,0.01917913,0.01401286,0.0011466,0.01113319,0.06923069,303507,0.04969200000000007,White,51493.34703755643
421,9,380723,0.56290208,0.41386748,0.81337955,0.18662045,0.0536222,0.03819111,0.00120438,0.07242692,0.01644729,292267,0.14903459999999996,White,2659387.148724961
422,10,380470,0.59980301,0.37379181,0.75867332,0.24132668,0.09367047,0.05557962,0.00137392,0.06707185,0.02266636,295504,0.22601120000000002,White,7757181.766132434
423,11,380917,0.6051659,0.37096529,0.67824865,0.32175135,0.14332795,0.0518743,0.00130359,0.10858549,0.01672643,286134,0.23420061000000003,White,4353916.113684727
424,12,380801,0.51074287,0.46477792,0.81105849,0.18894151,0.0494137,0.04868672,0.00132814,0.06968177,0.01596211,286115,0.04596494999999995,White,1128495.5162254372
425,13,379580,0.35821449,0.61906899,0.86436263,0.13563737,0.02394581,0.07194165,0.00192428,0.01985759,0.01594651,287900,-0.26085450000000004,White,124336.90713600215
426,14,379450,0.30033311,0.67958659,0.90603614,0.09396386,0.01449396,0.05055848,0.00185695,0.01113476,0.01329425,287568,-0.37925348,White,96690.90059434899
427,15,379625,0.33416458,0.6437624,0.91335624,0.08664376,0.0165547,0.01669145,0.00089919,0.01757355,0.02489017,292485,-0.30959781999999997,White,188262.85177306962
428,1,369794,0.35687276,0.62716926,0.65498519,0.34501481,0.27058012,0.03819383,0.00112956,0.01780549,0.01683428,284182,-0.27029649999999994,White,404929.41759750125
429,2,369972,0.58410925,0.40413335,0.37399729,0.62600271,0.59390551,0.0199891,0.00054509,0.00691038,0.0091013,284355,0.17997590000000002,Black,128282.68586174477
430,3,370073,0.30309069,0.68467902,0.69137783,0.30862217,0.25188279,0.02480107,0.00072402,0.01679432,0.01407571,281762,-0.38158833000000003,White,313278.88513080834
431,4,369702,0.34421788,0.63958567,0.65678165,0.34321835,0.22605743,0.05746217,0.00236025,0.03407521,0.02522781,283021,-0.29536779,White,1077191.4769682249
432,5,370706,0.28406414,0.70322449,0.69781776,0.30218224,0.24332716,0.02493429,0.00054688,0.00606157,0.02835671,283425,-0.41916034999999996,White,190906.97596146332
433,6,369793,0.57997733,0.4075364,0.39696066,0.60303934,0.56883724,0.01799323,0.00069566,0.00902966,0.01035489,287497,0.17244092999999994,Black,217528.82786301433
434,7,370191,0.56378905,0.4231467,0.43995575,0.56004425,0.50654984,0.02854728,0.00077568,0.01315533,0.01421277,287488,0.14064235000000003,Black,265104.4510385941
435,8,371048,0.26633463,0.72022291,0.71324628,0.28675372,0.22466584,0.02938759,0.00100745,0.0112639,0.01925008,285869,-0.45388828000000003,White,243475.12689491082
436,1,360795,0.50851527,0.46467656,0.88745702,0.11254298,0.00801302,0.04067992,0.00205735,0.01646225,0.03587142,291151,0.04383870999999995,White,57170.51822886026
437,2,361038,0.31674421,0.65857566,0.83096574,0.16903426,0.00885761,0.03502436,0.00231683,0.01089889,0.10845588,275808,-0.34183145,White,12462.970416944341
438,3,362392,0.3768001,0.59907656,0.8475018,0.1524982,0.00941504,0.02967891,0.00257801,0.0132644,0.09103205,283164,-0.22227645999999995,White,36978.34992033682
439,1,387193,0.54671831,0.44421914,0.47099121,0.52900879,0.44967949,0.05258608,0.00122657,0.00857297,0.0246065,306545,0.10249917000000003,Minority,284875.12395356904
440,2,386438,0.66799324,0.31386346,0.44436747,0.55563253,0.35711528,0.14762387,0.00148551,0.04230775,0.02191041,290136,0.35412978000000006,Minority,4620494.714848292
441,3,386297,0.3665112,0.61957803,0.73771398,0.26228602,0.17633127,0.04596914,0.00210806,0.017851,0.02115127,311187,-0.25306683,White,253413.68857952202
442,4,385825,0.75292655,0.2321665,0.46392319,0.53607681,0.34916168,0.12024305,0.00109501,0.05607291,0.02057447,307760,0.52076005,Minority,1779204.374310875
443,5,386717,0.24901021,0.73998363,0.82607256,0.17392744,0.0814183,0.06513594,0.00066558,0.00709736,0.02105506,308002,-0.49097342,White,427226.68129936414
444,6,387292,0.65511347,0.3310614,0.40903508,0.59096492,0.42921935,0.09359844,0.00137387,0.05793086,0.02201498,302067,0.32405206999999997,Black,3715104.9793001497
445,7,387234,0.43851317,0.54624944,0.79985863,0.20014137,0.10597744,0.05324676,0.00157638,0.0168304,0.02117172,319719,-0.10773626999999997,White,1248475.148966091
446,8,386810,0.57037485,0.41166782,0.42258857,0.57741143,0.39951979,0.10767829,0.00684014,0.03870486,0.048453,291953,0.15870702999999997,Minority,1439671.803510846
447,9,387234,0.59539251,0.3870746,0.57910715,0.42089285,0.19140528,0.12763518,0.00136359,0.09029914,0.0174418,294809,0.20831791000000005,White,7698659.810249519
448,10,387159,0.33501516,0.65252422,0.73472678,0.26527322,0.16254204,0.06373615,0.00093506,0.01591586,0.02330384,302654,-0.31750906,White,1684866.4763923353
449,11,385733,0.5380795,0.44552492,0.82278827,0.17721173,0.05353768,0.07844366,0.0032771,0.01667186,0.02340742,314302,0.09255458000000005,White,1448239.9961307028
450,12,385790,0.69706797,0.28692061,0.41028775,0.58971225,0.41150676,0.10991392,0.00136123,0.0610283,0.01777382,295322,0.41014735999999996,Black,6503520.184501729
451,13,386524,0.26304566,0.72424046,0.76614248,0.23385752,0.1110523,0.08292205,0.00081043,0.01599362,0.02498115,302308,-0.46119479999999996,White,953841.002485999
452,14,386936,0.54801197,0.43185204,0.68037418,0.31962582,0.11019861,0.08090871,0.00148482,0.11084557,0.01789212,282862,0.11615993000000002,White,4458271.484050507
453,15,386347,0.53045115,0.45749186,0.50768786,0.49231214,0.3920013,0.06989479,0.0014778,0.01956337,0.01784647,301124,0.07295929000000001,White,822199.9369482138
454,16,386717,0.64165094,0.33850747,0.67816225,0.32183775,0.12564142,0.06702748,0.00141032,0.11423943,0.0150456,309858,0.30314347,White,6305932.487425981
455,17,386498,0.3446804,0.63834539,0.63893853,0.36106147,0.18952637,0.12605643,0.00467921,0.02362445,0.02697682,297700,-0.29366499,White,419399.09567627974
456,18,387255,0.47307812,0.51277439,0.68414017,0.31585983,0.1911809,0.07687797,0.00108445,0.0295193,0.02184297,305224,-0.039696270000000033,White,979437.36984606
457,19,386501,0.55846669,0.42578089,0.58631505,0.41368495,0.25790412,0.11360446,0.00142683,0.0286198,0.0223404,300666,0.13268580000000002,White,3580362.4997334224
458,20,387018,0.37700112,0.61142602,0.60493143,0.39506857,0.23119182,0.1140695,0.00120005,0.00909728,0.04785249,294154,-0.2344249,White,382493.8591271609
459,21,386238,0.39419138,0.59422007,0.54448731,0.45551269,0.21482705,0.09426535,0.00135774,0.01939138,0.13237095,292398,-0.20002869,White,548494.4266477732
460,22,386793,0.38102624,0.60501837,0.70464185,0.29535815,0.16046601,0.07913031,0.00126362,0.03623503,0.02289419,295184,-0.22399213,White,878732.2464670421
461,23,387256,0.25883728,0.73021037,0.84201361,0.15798639,0.06717405,0.04939211,0.00100616,0.017453,0.0249605,310090,-0.47137309,White,520220.0707374859
462,24,386250,0.35789521,0.62644895,0.87190893,0.12809107,0.02380462,0.04618583,0.00131415,0.01079417,0.04461571,320358,-0.26855374,White,279877.48760043544
463,25,385791,0.67904037,0.30330452,0.47393726,0.52606274,0.30018677,0.15181575,0.00144338,0.06315466,0.02040114,299297,0.3757358499999999,Minority,9529131.064507354
464,26,386874,0.3232754,0.66214772,0.75470768,0.24529232,0.11095273,0.08143439,0.00121231,0.03073731,0.02251094,300254,-0.33887232,White,1518933.5427498855
465,27,386668,0.58348215,0.40152972,0.66054298,0.33945702,0.15441929,0.11306432,0.00207577,0.05165694,0.02404351,299166,0.18195243000000005,White,814801.2777904166
466,1,390124,0.41039536,0.55628677,0.83827718,0.16172282,0.04308705,0.03039084,0.00155477,0.02852512,0.05729503,302295,-0.14589141000000005,White,53698.77998314313
467,2,388970,0.22718704,0.74403484,0.85006025,0.14993975,0.02865574,0.04226033,0.0030327,0.0155515,0.06028292,293798,-0.5168478,White,26687.846430053916
468,1,392688,0.50343595,0.47183361,0.80757333,0.19242667,0.04871507,0.07231169,0.00174065,0.04748501,0.02181618,301611,0.03160233999999995,White,976686.5037022677
469,2,392672,0.62261136,0.35634733,0.6231111,0.3768889,0.15405609,0.14888937,0.00227993,0.05262611,0.02862986,298255,0.26626402999999993,White,9972092.946835589
470,3,392313,0.19477738,0.78553525,0.86170945,0.13829055,0.01337994,0.08894785,0.00165077,0.01003161,0.02446417,299254,-0.59075787,White,24268.92504750651
471,4,392245,0.41548682,0.56365563,0.84908776,0.15091224,0.03152179,0.05921891,0.00176768,0.03954866,0.0162231,283423,-0.14816880999999998,White,1378500.0410606987
472,5,391586,0.2639427,0.71576769,0.82196237,0.17803763,0.01727955,0.1215257,0.00145444,0.01061025,0.02938171,293584,-0.45182499,White,82918.27054912492
473,1,343962,0.53590613,0.44913747,0.90300646,0.09699354,0.01435159,0.02774452,0.00106559,0.03205676,0.01354617,280596,0.08676866,White,1783072.628389312
474,2,344662,0.51301825,0.47041263,0.91929203,0.08070797,0.01134579,0.01834638,0.00090962,0.01951489,0.02105775,285833,0.04260562000000001,White,200473.45027191122
475,3,344197,0.53756272,0.44562967,0.86577052,0.13422948,0.02054966,0.04990113,0.00120816,0.03737687,0.01578957,275625,0.09193305000000007,White,899929.0711731856
476,4,344708,0.52782169,0.45447335,0.86488339,0.13511661,0.03171994,0.04671854,0.00115926,0.03211115,0.01841896,278626,0.07334834000000001,White,886742.8705800525
477,1,386325,0.68137714,0.30735975,0.48317547,0.51682453,0.25027957,0.18903088,0.00205128,0.08072068,0.01770028,296888,0.37401739000000006,Minority,7309726.234329661
478,2,386750,0.45300258,0.53367847,0.6853563,0.3146437,0.12663596,0.15880168,0.00135557,0.0166154,0.02325446,309833,-0.08067589000000003,White,978237.7428449985
479,3,387468,0.60099852,0.38548337,0.66667431,0.33332569,0.18829942,0.07166358,0.0015747,0.06061777,0.01588777,305455,0.21551515,White,2861244.3878609557
480,4,387138,0.33695906,0.6513834,0.82026075,0.17973925,0.03724223,0.10356459,0.00068619,0.02405648,0.0119831,276890,-0.31442433999999997,White,8766841.687611977
481,5,385949,0.55067063,0.43735457,0.71011048,0.28988952,0.02517938,0.09960302,0.00141419,0.16004633,0.00654906,296989,0.11331606000000005,White,10916765.62984868
482,6,386757,0.51483058,0.47111576,0.70774003,0.29225997,0.09842373,0.12095438,0.00111503,0.05333649,0.01274176,308513,0.04371482000000004,White,8322416.900016161
483,7,386062,0.47853433,0.5040974,0.75327434,0.24672566,0.05159895,0.10667231,0.00098572,0.07468037,0.01164644,307390,-0.02556307000000002,White,1417506.038058527
484,8,387023,0.69492123,0.29673654,0.18555208,0.81444792,0.18254446,0.56235698,0.00224484,0.05051722,0.02158524,298908,0.39818468999999995,Hispanic,30863840.26894672
485,9,386609,0.67376669,0.3168765,0.25118978,0.74881022,0.17421004,0.53391923,0.00204062,0.06859592,0.02512728,289128,0.35689019,Hispanic,48135385.15781404
486,10,387348,0.84394285,0.14868503,0.17242334,0.82757666,0.61443733,0.1724436,0.00155327,0.0478239,0.01339191,296149,0.69525782,Black,40818297.347887024
487,11,386771,0.51293986,0.47294553,0.66915016,0.33084984,0.04039446,0.15077738,0.00092928,0.13116501,0.01136906,307765,0.03999433000000002,White,3789587.7184765614
488,12,386488,0.63830904,0.34863573,0.45194857,0.54805143,0.09548279,0.1730102,0.00140173,0.27556102,0.01210108,303196,0.28967331,Minority,6631038.323666041
489,13,387259,0.55565696,0.42903818,0.77170025,0.22829975,0.1121465,0.06466548,0.0012099,0.03904454,0.01491877,304985,0.12661878,White,5845331.700794244
490,14,386377,0.46461266,0.52212929,0.67887762,0.32112238,0.11372916,0.13447689,0.0019088,0.06608346,0.01542573,309094,-0.05751662999999996,White,1464785.1863542052
491,15,386448,0.65806105,0.32824677,0.51226059,0.48773941,0.22177913,0.17852911,0.0018366,0.08580969,0.01605099,311445,0.32981428,White,4443792.8628157005
492,16,386920,0.41780042,0.5695097,0.79376837,0.20623163,0.04131804,0.08976579,0.00096269,0.06340494,0.0107737,309550,-0.15170928,White,2581675.8044582186
493,17,386689,0.64460317,0.34572721,0.39006812,0.60993188,0.12575991,0.26917293,0.0013431,0.22415976,0.01337318,311220,0.29887596,Minority,28786286.519545812
494,18,387294,0.58122587,0.40736703,0.39962335,0.60037665,0.10923917,0.24873545,0.00161047,0.24966558,0.01276873,304259,0.17385884000000001,Minority,12233627.655819695
495,19,386063,0.42925325,0.5546397,0.79784244,0.20215756,0.03256747,0.10397987,0.00072089,0.05238546,0.0114959,313503,-0.12538644999999998,White,1821768.901492522
496,20,387140,0.76177715,0.22628134,0.37463663,0.62536337,0.18690533,0.21002638,0.00257399,0.23247192,0.01330533,312356,0.53549581,Minority,59028155.501617245
497,21,385970,0.62970351,0.36020922,0.30257082,0.69742918,0.06144618,0.52360012,0.00187634,0.12741632,0.02682295,308579,0.26949429,Hispanic,35900485.12226127
498,22,387556,0.71559371,0.27468833,0.44275735,0.55724265,0.32871072,0.14998073,0.0015453,0.08109348,0.01231589,300912,0.44090538000000007,Minority,17384388.327303782
499,23,387027,0.65473814,0.33260332,0.56896062,0.43103938,0.15412874,0.18644103,0.00132152,0.08675155,0.01221211,292087,0.32213482,White,13170968.002801167
500,24,387585,0.6228256,0.36258419,0.46883572,0.53116428,0.12863469,0.14545288,0.00132586,0.25186143,0.01211563,306216,0.26024141,Minority,6065651.139295257
501,1,352733,0.62672358,0.35113166,0.29945134,0.70054866,0.03792915,0.59079482,0.00263238,0.02683028,0.07147347,270478,0.27559191999999993,Hispanic,4107118.173674796
502,2,353223,0.57623852,0.39805567,0.51074389,0.48925611,0.0401472,0.34691667,0.00314028,0.04830281,0.07105932,285325,0.17818285,White,339041.7041128343
503,3,352936,0.61526071,0.36463667,0.49240104,0.50759896,0.02117382,0.4238796,0.00301271,0.02431029,0.05103924,282802,0.25062404000000005,Minority,55566.926061873855
504,4,353099,0.27277191,0.70820853,0.46948164,0.53051836,0.03884294,0.43937074,0.00268092,0.01755168,0.04422383,262596,-0.43543661999999994,Minority,43595.14531578181
505,5,352904,0.53142189,0.44690586,0.3563491,0.6436509,0.02128639,0.58443122,0.00212827,0.01699303,0.04102628,271582,0.08451602999999996,Hispanic,43816.26775660924
506,6,352627,0.56045807,0.41607275,0.29310008,0.70689992,0.01028902,0.27802153,0.0017355,0.0153415,0.41952849,266206,0.14438532000000004,Native,48567.07612761033
507,1,387516,0.6650192,0.31301564,0.22544628,0.77455372,0.16239365,0.53687632,0.01005702,0.06621077,0.03454413,281495,0.35200356000000005,Hispanic,22308483.53213886
508,2,388341,0.53900184,0.43127123,0.59976347,0.40023653,0.03748378,0.24497792,0.01202285,0.0800781,0.03825692,305252,0.10773060999999995,White,4757689.007519651
509,3,388004,0.62659918,0.3510709,0.31933374,0.68066626,0.23012953,0.34321804,0.01820085,0.09310143,0.03012745,289437,0.27552828,Hispanic,16214515.616480185
510,4,387729,0.54031183,0.44026249,0.46988299,0.53011701,0.12558483,0.20964384,0.01516484,0.17808294,0.02360112,312697,0.10004934000000004,Minority,23618912.76090793
511,5,388122,0.54756402,0.43145993,0.46619074,0.53380926,0.12774069,0.2566857,0.0202511,0.12824625,0.028604,310551,0.11610409000000005,Minority,19430925.687577937
512,6,388321,0.48550822,0.4963861,0.50734424,0.49265576,0.09304362,0.15309264,0.02127617,0.22528957,0.02190058,302686,-0.010877880000000006,White,652229.7862824268
513,7,388324,0.40327412,0.57617823,0.64313268,0.35686732,0.08594679,0.15216686,0.0123755,0.09053517,0.03011284,305119,-0.17290411,White,35171.842346438425
514,8,388257,0.33662564,0.63546237,0.73566185,0.26433815,0.01875272,0.15064573,0.00589698,0.03909974,0.05187053,306089,-0.29883673000000005,White,21397.98391645473
515,1,380003,0.62402443,0.36009766,0.59864148,0.40135852,0.31907047,0.03636108,0.00123928,0.030647,0.01610391,298561,0.26392677,White,13396349.384854432
516,2,380170,0.25683594,0.72967512,0.92644409,0.07355591,0.02200535,0.01319303,0.00072955,0.00910414,0.023495,294701,-0.47283918,White,460497.66480051726
517,3,380440,0.75908164,0.22602077,0.35825671,0.64174329,0.51543859,0.07240979,0.00147833,0.04245389,0.02242854,280045,0.53306087,Black,10279247.619576465
518,4,380356,0.26777893,0.71632843,0.89955258,0.10044742,0.05155822,0.01711072,0.00094141,0.00732208,0.0187101,296364,-0.4485495,White,458214.2140457903
519,5,381040,0.28319204,0.70001184,0.89398306,0.10601694,0.02157432,0.05403921,0.00080018,0.00885961,0.0178718,294934,-0.4168198000000001,White,360826.18748061254
520,6,380475,0.28765203,0.69878377,0.92313417,0.07686583,0.02686897,0.01726984,0.00059209,0.0065196,0.01969774,302319,-0.41113174,White,519803.98828665743
521,7,380805,0.48132764,0.50746176,0.86670995,0.13329005,0.03854291,0.03725416,0.00089469,0.0403323,0.01293915,309603,-0.026134119999999983,White,7056754.537622405
522,8,381129,0.349068,0.63663425,0.80445571,0.19554429,0.08201561,0.0443802,0.00168024,0.04564208,0.0206323,294005,-0.28756624999999997,White,2591559.866425224
523,9,380476,0.49082828,0.49166516,0.74910595,0.25089405,0.15846717,0.06115116,0.00079247,0.01055396,0.02069489,297803,-0.0008368799999999843,White,1207028.270699999
524,10,381025,0.57139188,0.41214211,0.64314603,0.35685397,0.27142579,0.03693258,0.00157281,0.02808593,0.02152975,298192,0.15924976999999996,White,7097531.7641492495
525,11,380161,0.78549849,0.20251437,0.3793138,0.6206862,0.46213213,0.11707806,0.00167789,0.03747514,0.01837325,299185,0.5829841200000001,Black,15764577.931038914
526,12,380423,0.35360182,0.63048149,0.87209031,0.12790969,0.05768557,0.01811238,0.00087231,0.02461004,0.02190726,291182,-0.27687966999999997,White,789383.2058363017
527,13,380340,0.54828539,0.43759971,0.73530457,0.26469543,0.17993537,0.02092349,0.00090004,0.03940258,0.02084046,301097,0.11068568000000001,White,4343900.658852911
528,14,381394,0.39976996,0.58633326,0.88425635,0.11574365,0.04424656,0.03367118,0.00082367,0.01378405,0.01713496,302306,-0.1865633,White,1119290.6670088065
529,15,380968,0.62013858,0.36304552,0.73584347,0.26415653,0.12995361,0.06699742,0.00156057,0.04778285,0.0203785,307579,0.25709306,White,7486203.97185706
530,16,380688,0.58641992,0.39853584,0.67944316,0.32055684,0.21706961,0.03847283,0.00185317,0.04705951,0.01648738,293012,0.18788408,White,7594673.860661757
531,17,381178,0.26169476,0.72554732,0.91432892,0.08567108,0.04154219,0.01148523,0.0007073,0.00619057,0.02188594,296903,-0.46385255999999997,White,305725.06539982295
532,18,380419,0.61754147,0.36666263,0.76907553,0.23092447,0.069701,0.04580031,0.00124345,0.09755625,0.01499611,294343,0.25087884000000005,White,9792745.032855144
533,19,381171,0.53083646,0.45411366,0.75931697,0.24068303,0.10798767,0.03140576,0.00104931,0.08305264,0.01537235,285903,0.07672279999999998,White,3578895.120539832
534,20,380968,0.21430911,0.77150871,0.90873951,0.09126049,0.04231562,0.01966744,0.00189309,0.00763774,0.01654557,290531,-0.5571996,White,355509.4106964948
535,21,380723,0.39784122,0.58710429,0.85615089,0.14384911,0.08274745,0.02216992,0.00080788,0.01163412,0.02124854,299550,-0.18926306999999998,White,2268621.3625664394
536,22,380031,0.3306703,0.65526848,0.92998194,0.07001806,0.01643584,0.01802763,0.00087359,0.01232688,0.01644275,289611,-0.32459818000000007,White,763159.1863047264
537,23,380440,0.34543807,0.63937509,0.84052793,0.15947207,0.05103344,0.03108893,0.00126665,0.05329382,0.01937766,285793,-0.29393702000000005,White,2713786.2994339718
538,24,380349,0.5111152,0.47196682,0.79473656,0.20526344,0.10628754,0.05120814,0.0007649,0.02737603,0.01834421,299386,0.03914837999999998,White,1587184.7887690407
539,25,381007,0.38918344,0.59306258,0.82571512,0.17428488,0.08698667,0.0282999,0.0014907,0.03359943,0.0219552,298517,-0.20387914000000001,White,1596144.6934885827
540,26,380099,0.78270347,0.20851203,0.45656354,0.54343646,0.46737208,0.02440615,0.00086615,0.04443805,0.0114941,299023,0.57419144,Black,10643178.34727
541,27,380080,0.30972263,0.67604132,0.91820626,0.08179374,0.03659307,0.01125966,0.00074403,0.00932849,0.02019133,302407,-0.36631868999999995,White,296345.0382029211
542,28,380982,0.47904836,0.50773131,0.86645602,0.13354398,0.05786199,0.01795695,0.00079236,0.03535956,0.01542334,306678,-0.02868295000000004,White,1770779.5292167044
543,29,380166,0.4864285,0.50102531,0.79599185,0.20400815,0.13774825,0.03690113,0.00085992,0.0094296,0.01769731,304679,-0.01459680999999996,White,1674183.3966263735
544,30,380934,0.27662854,0.70743806,0.89745213,0.10254787,0.03688698,0.01679419,0.0011463,0.02297395,0.02007227,292244,-0.43080952,White,607822.1163938853
545,31,381008,0.55138597,0.43537385,0.80404907,0.19595093,0.07807217,0.07916813,0.00107271,0.02245057,0.01777779,301106,0.11601212,White,4940254.20601981
546,1,396368,0.53193699,0.43995473,0.52452544,0.47547456,0.17201753,0.16559781,0.00295281,0.03886106,0.11518916,303440,0.09198226000000004,White,7281925.931178858
547,2,395691,0.22186782,0.75749251,0.67115315,0.32884685,0.02387452,0.0424918,0.00173585,0.01663961,0.24774903,301870,-0.5356246899999999,White,261914.53856015278
548,3,395512,0.27046303,0.70673172,0.71465154,0.28534846,0.04794326,0.05542322,0.0014609,0.03294623,0.15179897,296392,-0.43626868999999996,White,688583.0556349154
549,4,395900,0.23124135,0.75122077,0.64180526,0.35819474,0.05775312,0.04337804,0.00201606,0.00797885,0.25521499,304555,-0.51997942,White,101289.86487882744
550,5,396399,0.19876721,0.78087573,0.70762166,0.29237834,0.05014864,0.11767594,0.0032415,0.01438932,0.11573834,301404,-0.58210852,White,49572.59487062686
551,6,396511,0.22537544,0.75471209,0.69608288,0.30391712,0.07034215,0.07672456,0.00325241,0.01563674,0.14554472,302237,-0.52933665,White,185458.70863123515
552,7,395641,0.37139766,0.60247586,0.7047001,0.2952999,0.0562587,0.07893164,0.00237107,0.04390419,0.11797546,304504,-0.23107819999999996,White,1024565.9628291344
553,8,395741,0.26659419,0.70783348,0.74519576,0.25480424,0.04863345,0.07987695,0.00721055,0.03018559,0.09241062,297758,-0.44123929,White,314275.6427028578
554,9,395579,0.38596196,0.58805866,0.6958966,0.3041034,0.10554429,0.07229504,0.00216958,0.05420644,0.07603409,303285,-0.20209669999999996,White,3236561.2088102847
555,10,396011,0.62206377,0.34936528,0.41869177,0.58130823,0.22932536,0.25234291,0.00351224,0.03544418,0.08588905,295253,0.27269849,Minority,7204467.519245182
556,1,384884,0.55532554,0.40469914,0.6839775,0.3160225,0.02299677,0.13957906,0.0085707,0.11321487,0.03551341,299042,0.1506264,White,374355.2007852471
557,2,385761,0.27685381,0.69261507,0.78470536,0.21529464,0.01108825,0.1227018,0.00484284,0.01628504,0.05579851,302302,-0.41576126,White,24811.46511490651
558,3,385501,0.87387667,0.08258371,0.73951951,0.26048049,0.06212014,0.08174168,0.007704,0.0798195,0.03035527,327752,0.79129296,White,13097416.795160336
559,4,385646,0.62270779,0.33781493,0.79617691,0.20382309,0.01843155,0.08425491,0.00631222,0.04936831,0.04323805,318747,0.28489285999999997,White,414177.6935357094
560,5,384430,0.33988135,0.62625699,0.77836795,0.22163205,0.00964332,0.13684528,0.00551287,0.01849478,0.05219609,298030,-0.28637564,White,64955.24167986872
561,6,385854,0.49659783,0.46550154,0.70685594,0.29314406,0.01863367,0.1846718,0.01235504,0.03572716,0.04649149,296721,0.031096290000000026,White,846767.7150651215
562,7,385416,0.65877063,0.30050593,0.6904769,0.3095231,0.02995759,0.13550712,0.01099163,0.11003903,0.02858488,301593,0.35826470000000005,White,9753371.343364205
563,8,384319,0.4215462,0.54629841,0.81697863,0.18302137,0.01178554,0.08967552,0.0059008,0.02275795,0.04778173,311144,-0.12475221000000003,White,186553.66797872566
564,9,385696,0.70659862,0.25186335,0.62821576,0.37178424,0.07456148,0.13606805,0.01249086,0.12080946,0.03877118,304943,0.45473526999999997,White,14180326.464221936
565,10,384901,0.54054149,0.42340461,0.83052946,0.16947054,0.01348961,0.07652736,0.00559696,0.03162558,0.03693153,309275,0.11713687999999994,White,212759.25790907763
566,11,384848,0.56900043,0.39302948,0.78302773,0.21697227,0.01985035,0.09100872,0.00649279,0.06677781,0.03131154,301103,0.17597095000000001,White,977063.1163104636
567,1,382541,0.54041557,0.44968938,0.7978043,0.2021957,0.05952138,0.05715263,0.00080603,0.06995703,0.01162003,303958,0.09072618999999993,White,5163413.980572117
568,2,382156,0.58397547,0.40851303,0.52869389,0.47130611,0.18542519,0.14482242,0.00167511,0.1296447,0.01129852,294906,0.17546244000000005,White,33797416.49720646
569,3,382573,0.81305101,0.17957894,0.40608826,0.59391174,0.23618079,0.28596768,0.0028062,0.08484453,0.01700928,302188,0.63347207,Minority,54936207.137907915
570,4,382689,0.93225101,0.06192965,0.24233343,0.75766657,0.64062975,0.0618498,0.00172954,0.05741118,0.01389131,309330,0.8703213599999999,Black,52945045.6000693
571,5,382815,0.88264923,0.11182714,0.32854495,0.67145505,0.50781375,0.05362245,0.00150203,0.10944681,0.01344476,312910,0.7708220899999999,Black,45937470.44825667
572,6,382791,0.7175616,0.27358884,0.73595245,0.26404755,0.12614619,0.0429336,0.00087063,0.08450376,0.0092484,304377,0.44397276,White,9629846.554700915
573,7,382724,0.68730663,0.30436309,0.4948462,0.5051538,0.38494403,0.04764405,0.00120022,0.0663532,0.01284442,293279,0.38294354,Minority,17911337.85281034
574,8,382329,0.59023638,0.3998889,0.8307885,0.1692115,0.04576102,0.03408629,0.00073131,0.07648591,0.00785421,304932,0.19034748,White,5790773.387746671
575,9,382439,0.5696082,0.41868277,0.77674174,0.22325826,0.06977271,0.07831799,0.00093689,0.0585506,0.01283164,291389,0.15092543000000003,White,2191111.464746958
576,10,381944,0.55682269,0.43167506,0.75046483,0.24953517,0.09973529,0.06563342,0.00112493,0.07154517,0.01311867,299573,0.12514762999999995,White,4859941.458459152
577,11,382545,0.51360258,0.47524832,0.84311453,0.15688547,0.03501189,0.04190817,0.0009922,0.06524943,0.00974845,305382,0.03835426000000003,White,3474642.2140138946
578,12,381830,0.47568208,0.51031803,0.69734031,0.30265969,0.07177699,0.21423387,0.00186,0.02033507,0.0179721,296237,-0.03463594999999997,White,2711330.274495519
579,13,382232,0.53314294,0.45507774,0.65627138,0.34372862,0.08701192,0.22264362,0.00138827,0.0404578,0.01456011,298212,0.07806519999999995,White,3970209.07230492
580,14,382417,0.53562891,0.45253438,0.68940749,0.31059251,0.11948477,0.14624507,0.00134781,0.03895909,0.01566783,306424,0.08309453,White,1795350.8960077278
581,15,382512,0.50532759,0.48497296,0.81970093,0.18029907,0.05856185,0.08232824,0.00111941,0.02840578,0.01342319,309092,0.02035463000000004,White,1158303.7882565297
582,16,382271,0.37787015,0.61111196,0.8550279,0.1449721,0.03158768,0.09056567,0.0010347,0.01274505,0.01221468,307335,-0.23324181,White,949394.7383641823
583,17,383007,0.30573278,0.68023313,0.87811973,0.12188027,0.02949412,0.0690656,0.00105089,0.01195182,0.01141485,303552,-0.37450035,White,742536.7263237751
584,18,382809,0.54506724,0.44067395,0.68119555,0.31880445,0.15676828,0.08178293,0.00145355,0.07221731,0.01424414,302019,0.10439328999999997,White,5336005.44951783
585,19,382358,0.33811651,0.64689953,0.89566099,0.10433901,0.02475159,0.04964071,0.00085267,0.01848032,0.01055527,290850,-0.30878302,White,1590832.6479899555
586,20,382525,0.50754197,0.47727416,0.70814282,0.29185718,0.1054349,0.14875241,0.00113554,0.03626381,0.01478874,299417,0.030267810000000006,White,4991684.326296915
587,21,382002,0.31092197,0.67444249,0.89907277,0.10092723,0.02774396,0.03999867,0.00101514,0.01301441,0.01648117,301435,-0.36352052,White,1016427.2168257317
588,22,381721,0.28224945,0.70369021,0.91977644,0.08022356,0.02798062,0.01785439,0.00083211,0.0091729,0.01748093,305247,-0.42144075999999997,White,173274.83877983043
589,23,382748,0.41004804,0.57504417,0.86597922,0.13402078,0.03801974,0.03421302,0.00157083,0.04589922,0.01210424,315757,-0.16499612999999996,White,539168.8625577808
590,24,382060,0.29801555,0.68793474,0.89470777,0.10529223,0.03217179,0.03677445,0.00088706,0.01924416,0.01479213,298740,-0.38991918999999997,White,528630.7118477306
591,25,382416,0.23233198,0.7577758,0.93563066,0.06436934,0.02595517,0.01173298,0.00069361,0.00640776,0.01287063,308532,-0.52544382,White,298763.27958671504
592,26,381720,0.24686649,0.73964464,0.93606839,0.06393161,0.01977033,0.01486496,0.00061155,0.00577902,0.01453168,309049,-0.49277814999999997,White,195235.8360432062
593,27,381653,0.34630028,0.64132732,0.91416158,0.08583842,0.03600213,0.01419977,0.00076385,0.01263943,0.01351426,306343,-0.29502704,White,826610.7271484028
594,28,381762,0.44248261,0.54354989,0.86806325,0.13193675,0.06074607,0.02789749,0.00066808,0.02005245,0.01532625,302357,-0.10106727999999998,White,588438.1389799059
595,29,383278,0.33978695,0.64884522,0.91950162,0.08049838,0.03521283,0.01351477,0.00057742,0.01211935,0.01176648,311733,-0.30905827,White,773570.2100970641
596,30,382897,0.34086473,0.64886155,0.91583564,0.08416436,0.04104154,0.01225468,0.00092572,0.00674822,0.01450515,313268,-0.30799682,White,609911.7525088966
597,31,383294,0.42508789,0.56294752,0.87730462,0.12269538,0.05826022,0.02008233,0.00089746,0.02268042,0.01380335,307534,-0.13785963,White,1930096.026419815
598,32,382246,0.54911582,0.43961798,0.81615994,0.18384006,0.1116195,0.01994645,0.00085791,0.03693245,0.01220574,307724,0.10949784000000001,White,5903450.313224139
599,33,382414,0.55215206,0.4356744,0.81927499,0.18072501,0.10793367,0.01854417,0.00076276,0.0380695,0.01133708,306781,0.11647765999999993,White,4564441.637289819
600,34,382982,0.73338562,0.25530576,0.68188615,0.31811385,0.19697794,0.03147804,0.00101333,0.07616641,0.01203636,323686,0.47807985999999997,White,18097250.252666865
601,1,366185,0.73580073,0.24544253,0.46078363,0.53921637,0.16651157,0.31574488,0.00290286,0.05450846,0.02687227,287992,0.4903582,Minority,26783558.102813184
602,2,365284,0.60261647,0.37598938,0.8751735,0.1248265,0.03043743,0.04287348,0.00154666,0.03059275,0.0155492,302588,0.22662708999999998,White,3280345.5574116046
603,3,365910,0.49246136,0.48826096,0.82459413,0.17540587,0.04444908,0.07435003,0.00118176,0.04037183,0.01415085,297014,0.004200399999999993,White,2035657.8527896265
604,1,393810,0.42318561,0.55905808,0.7198991,0.2801009,0.18114755,0.04843235,0.00190847,0.02590444,0.02166043,299717,-0.13587247000000002,White,871141.5905324843
605,2,394146,0.32945679,0.6544136,0.73031137,0.26968863,0.16746227,0.05865983,0.00145585,0.02019042,0.02447213,302916,-0.32495681000000004,White,878995.0162400865
606,3,393862,0.32500523,0.66088398,0.7168979,0.2831021,0.20088225,0.04478491,0.00109161,0.01832372,0.01859262,312382,-0.33587875000000006,White,489545.52374378877
607,4,393029,0.49887357,0.48173911,0.57144601,0.42855399,0.26878461,0.11118551,0.00162276,0.03275866,0.02015588,303187,0.017134459999999962,White,4712464.7348098485
608,5,394122,0.39406506,0.59098846,0.70091078,0.29908922,0.19077152,0.05575347,0.00105975,0.0297163,0.02280127,300071,-0.19692340000000003,White,1124311.7994718647
609,6,394159,0.56051372,0.42903641,0.46018377,0.53981623,0.48460093,0.02867223,0.001308,0.01512157,0.0152449,308103,0.13147731000000001,Black,339414.4817182599
610,7,393768,0.33432656,0.6559107,0.79061323,0.20938677,0.11855874,0.05158831,0.00142177,0.016093,0.019531,326353,-0.32158413999999996,White,952271.1420950836
611,8,392828,0.57886257,0.40125373,0.59860291,0.40139709,0.27133727,0.08013313,0.0023732,0.03149684,0.01887702,313079,0.17760884,White,2426777.3236453487
612,9,393632,0.50963844,0.47951423,0.57157273,0.42842727,0.3312337,0.06984965,0.00125344,0.01331814,0.01614869,315134,0.03012421000000004,White,289697.1538379422
613,10,393892,0.54822014,0.44069994,0.48140077,0.51859923,0.43686129,0.04772484,0.00157471,0.01839994,0.02159183,306088,0.10752019999999995,Minority,381444.05989008525
614,11,392777,0.59540219,0.388697,0.53933363,0.46066637,0.3772553,0.04152185,0.00187835,0.02975339,0.01658574,313040,0.20670519000000004,White,829518.9835705317
615,12,394691,0.32395217,0.66221676,0.72822593,0.27177407,0.17978688,0.0534713,0.00094334,0.01906402,0.01916263,304238,-0.33826459,White,589010.2523672578
616,13,393709,0.25259669,0.73105613,0.82020751,0.17979249,0.07835835,0.05727837,0.00103175,0.01826201,0.02373675,310152,-0.47845944,White,902923.0410437103
617,1,443458,0.38682682,0.58737486,0.86570901,0.13429099,0.0326854,0.03808716,0.00132654,0.02129331,0.03897749,334706,-0.20054804000000004,White,130581.67843125733
618,2,443209,0.32580769,0.6474913,0.79606575,0.20393425,0.01200422,0.03319992,0.00176058,0.01577945,0.14219741,334549,-0.32168361,White,23104.83330066408
619,1,383396,0.2472562,0.73637236,0.90054139,0.09945861,0.03274351,0.02638127,0.00080372,0.01194005,0.02397333,311054,-0.4891161599999999,White,923545.1063603589
620,2,384759,0.47503302,0.50328528,0.7762363,0.2237637,0.10641124,0.05413215,0.00148572,0.03648057,0.02492932,304902,-0.028252259999999974,White,5143051.653177991
621,3,383691,0.42745794,0.55296726,0.72057825,0.27942175,0.16978718,0.05817742,0.0011772,0.026548,0.02505754,303262,-0.12550931999999998,White,2213982.8549252576
622,4,383414,0.35534111,0.62700616,0.80782871,0.19217129,0.07008587,0.05083049,0.00119408,0.04938973,0.01817213,279714,-0.27166504999999996,White,1418981.4616723843
623,5,383440,0.59600804,0.37638401,0.65308923,0.34691077,0.14316845,0.12497659,0.00138174,0.06338256,0.01945738,309754,0.21962402999999997,White,4384779.265239739
624,6,384544,0.21592126,0.76700589,0.87257199,0.12742801,0.04228488,0.04602502,0.00100337,0.00850365,0.02710099,299989,-0.55108463,White,268958.94124350895
625,7,384889,0.23934158,0.74528895,0.86241666,0.13758334,0.06572197,0.03595074,0.00094581,0.00837859,0.02408636,299215,-0.5059473699999999,White,230992.23160680072
626,8,384060,0.21453446,0.77104875,0.83179909,0.16820091,0.1117136,0.02589749,0.00098891,0.0064445,0.02075383,301342,-0.55651429,White,207402.8596352647
627,9,383893,0.60055717,0.38384078,0.37926078,0.62073922,0.55184977,0.03595247,0.0011218,0.01885446,0.01698137,291496,0.21671638999999998,Black,1406382.7140798236
628,10,383235,0.18090616,0.80550725,0.90758091,0.09241909,0.02139319,0.0360123,0.00139292,0.007234,0.02438271,304396,-0.62460109,White,435123.1623445211
629,11,384066,0.24679468,0.73430961,0.88972844,0.11027156,0.02653984,0.04005176,0.00089223,0.0122213,0.02731355,303732,-0.48751492999999996,White,914964.5103065219
630,12,383053,0.20892708,0.77363975,0.88042256,0.11957744,0.03264223,0.04346596,0.00095049,0.00975485,0.03082676,304054,-0.56471267,White,484231.99631103204
631,13,383544,0.29818473,0.68335161,0.81339353,0.18660647,0.08150364,0.05757587,0.00130403,0.02036136,0.02410575,292171,-0.38516688,White,1219286.124568854
632,14,384050,0.57412266,0.39704364,0.57836967,0.42163033,0.23909272,0.12482939,0.00179855,0.03807881,0.0239829,297462,0.17707902000000003,White,5505526.478300586
633,15,384685,0.21670831,0.7691508,0.89591835,0.10408165,0.03144319,0.03466095,0.00096171,0.01124735,0.02416122,303627,-0.55244249,White,279162.2717707899
634,16,384647,0.55062817,0.41962042,0.56919479,0.43080521,0.30245018,0.07742912,0.00452552,0.02904452,0.02468062,290795,0.13100774999999998,White,1692515.6541930183
635,17,383954,0.58254874,0.40112933,0.50314321,0.49685679,0.34480461,0.09468682,0.00129565,0.04379299,0.01706557,297148,0.18141941,White,8160804.146915298
636,18,383520,0.60050344,0.38566762,0.35389861,0.64610139,0.55242458,0.05548974,0.00110552,0.02937044,0.01343505,290360,0.21483582,Black,743413.0591299378
637,1,378283,0.23240037,0.75727659,0.68432071,0.31567929,0.15942084,0.11496253,0.00137048,0.0098092,0.03248033,291869,-0.52487622,White,205334.82257442738
638,2,379027,0.36423189,0.62246696,0.50119135,0.49880865,0.13421312,0.31324685,0.00218444,0.03198795,0.02828594,277417,-0.25823507,White,3905524.2442331905
639,3,378681,0.34703386,0.63509396,0.63602408,0.36397592,0.0949339,0.16202343,0.00190138,0.07965144,0.03162459,266122,-0.28806009999999993,White,1960132.4250247367
640,4,377957,0.21674638,0.7702053,0.73759501,0.26240499,0.07628273,0.12706089,0.00177867,0.0142638,0.04474931,290105,-0.55345892,White,301372.21850054746
641,5,377710,0.23743301,0.75190663,0.68268827,0.31731173,0.11656156,0.15885861,0.00132834,0.01353505,0.03061117,286072,-0.51447362,White,387510.2601989128
642,6,378402,0.26106608,0.72425202,0.65577788,0.34422212,0.09731958,0.20534957,0.00339409,0.0110308,0.03131437,284023,-0.46318594,White,353361.46565051127
643,7,378216,0.64906139,0.34062659,0.09867953,0.90132047,0.21879852,0.51632446,0.00162519,0.16854096,0.02810346,275660,0.30843479999999995,Hispanic,34862476.33621482
644,8,378794,0.21215066,0.77517163,0.65169517,0.34830483,0.04964271,0.25019255,0.0018756,0.02087404,0.03322232,280444,-0.56302097,White,1665965.6659848562
645,9,379010,0.83488794,0.15459365,0.09515899,0.90484101,0.52761343,0.29110397,0.00154341,0.08989639,0.02075027,279900,0.68029429,Black,11424059.135388697
646,10,378893,0.43880254,0.53933777,0.61595584,0.38404416,0.07470957,0.22520332,0.00296682,0.06309934,0.02877921,280098,-0.10053523000000003,White,1461451.0155272263
647,11,377938,0.22138213,0.76517928,0.41379235,0.58620765,0.05902843,0.48999528,0.00203281,0.02073833,0.02581486,273021,-0.5437971500000001,Hispanic,237595.71404556977
648,12,378328,0.38009364,0.6028295,0.60503639,0.39496361,0.09480128,0.19214983,0.00308102,0.0835226,0.03011452,271663,-0.22273586,White,6409794.814137293
649,13,377988,0.19397415,0.7901525,0.6043552,0.3956448,0.05782509,0.2807803,0.00113959,0.02871967,0.03522804,282559,-0.59617835,White,80224.35727979025
650,14,378341,0.50772109,0.47908349,0.41272934,0.58727066,0.30955131,0.23047482,0.00144127,0.03397317,0.02292232,290023,0.028637599999999985,Minority,928371.5252150681
651,15,377969,0.59667048,0.39247567,0.06601858,0.93398142,0.00418901,0.92245027,0.00042497,0.00648461,0.0142669,263547,0.20419481,Hispanic,4963913.052009431
652,16,378855,0.64990099,0.33350495,0.17064116,0.82935884,0.04813212,0.75360534,0.00326378,0.02712456,0.02550992,289848,0.31639604,Hispanic,7115164.258845659
653,17,378020,0.32177123,0.66257598,0.61199307,0.38800693,0.13103537,0.21323084,0.00180927,0.02163166,0.02803502,289067,-0.34080474999999993,White,344109.4356940008
654,18,378805,0.81818516,0.16992659,0.14357827,0.85642173,0.44519072,0.36428639,0.00327356,0.04700811,0.0220754,283483,0.64825857,Black,10226929.192135286
655,19,378600,0.30704151,0.6779472,0.5228104,0.4771896,0.08537447,0.33990469,0.00154817,0.03378612,0.02757613,288728,-0.37090568999999995,White,158005.3976445476
656,20,378314,0.73089243,0.2543946,0.1105751,0.8894249,0.04206646,0.83589544,0.00191759,0.01168276,0.0283066,282125,0.47649783,Hispanic,17082379.309109595
657,21,378274,0.32783005,0.65599747,0.59307299,0.40692701,0.0594818,0.29895123,0.00325228,0.02727022,0.02916913,285953,-0.32816742,White,955294.5553872506
658,22,378192,0.36161606,0.62324945,0.48028652,0.51971348,0.13318894,0.29920235,0.00129447,0.07134024,0.02317383,276562,-0.26163338999999997,Minority,837630.7851804901
659,23,378177,0.3646262,0.62196755,0.38081976,0.61918024,0.03452765,0.55427469,0.00358783,0.01749243,0.02459829,286524,-0.25734135,Hispanic,31189.08134944597
660,24,378089,0.39232693,0.59068688,0.62858255,0.37141745,0.07793518,0.18820588,0.00552817,0.07706377,0.02978325,290331,-0.19835995,White,11160851.578080788
661,25,378947,0.35338293,0.63220814,0.65016395,0.34983605,0.10016413,0.18150418,0.00372002,0.03774615,0.03298676,285751,-0.27882521000000005,White,3296518.388571377
662,26,377867,0.27969527,0.70587469,0.75160246,0.24839754,0.03591786,0.12746935,0.00163618,0.05101259,0.03356829,281754,-0.42617942000000003,White,399400.02994699264
663,27,378708,0.2921232,0.69481028,0.50080323,0.49919677,0.0569201,0.40507475,0.0014191,0.02028028,0.02363546,288211,-0.40268708,White,213869.50373050416
664,28,379026,0.54603387,0.44417747,0.06341694,0.93658306,0.00583337,0.92273452,0.00061684,0.00413895,0.01224931,262627,0.10185640000000001,Hispanic,183283.73691326473
665,29,378564,0.67862383,0.30977538,0.09484921,0.90515079,0.13286754,0.7516648,0.00112504,0.02200563,0.02973527,274657,0.36884845000000005,Hispanic,13149541.356488066
666,30,377583,0.82630666,0.16246886,0.12369757,0.87630243,0.46928736,0.39116589,0.00125018,0.01186562,0.02659407,270361,0.6638378,Black,5887852.175594848
667,31,378380,0.53414333,0.4464945,0.72103734,0.27896266,0.02653697,0.13826718,0.00219106,0.0891532,0.02326782,286619,0.08764883000000001,White,1545272.714881766
668,32,378486,0.68945472,0.2953948,0.18092319,0.81907681,0.19084604,0.59126314,0.00141384,0.03051073,0.03727192,269479,0.39405991999999995,Hispanic,18578188.73538633
669,33,378395,0.67685846,0.30837889,0.19268001,0.80731999,0.12168066,0.63466896,0.00185367,0.04263069,0.03600013,276749,0.36847957000000003,Hispanic,13029987.038655495
670,34,378283,0.56501258,0.42401545,0.10055271,0.89944729,0.00647356,0.88198237,0.00079857,0.00901714,0.01474389,270485,0.14099712999999997,Hispanic,1843010.8375901459
671,35,377969,0.76142326,0.21666541,0.42920776,0.57079224,0.10200363,0.40220651,0.01018365,0.05507101,0.03060666,305097,0.5447578500000001,Minority,7979225.238847897
672,36,379490,0.17541999,0.81419444,0.73315026,0.26684974,0.09501927,0.1311099,0.00093499,0.01501872,0.0252205,288773,-0.63877445,White,235946.94496832098
673,37,378970,0.77827783,0.19960018,0.59621635,0.40378365,0.05671707,0.21759741,0.00212713,0.11292903,0.02335132,318740,0.5786776499999999,White,17989818.852392778
674,38,378167,0.41099863,0.57474748,0.48667597,0.51332403,0.1460653,0.23522601,0.00196051,0.11720456,0.02445669,281559,-0.16374885,Minority,15382872.769146092
675,39,379498,0.29055302,0.69552645,0.61610505,0.38389495,0.17889696,0.16199084,0.00121554,0.01954966,0.02661651,287115,-0.40497343,White,1091088.2427235995
676,40,378385,0.38926581,0.59541405,0.55999613,0.44000387,0.11669436,0.2338578,0.00339817,0.06840741,0.02750763,279268,-0.20614824000000004,White,7850609.770396848
677,41,378359,0.48387695,0.49757082,0.52755908,0.47244092,0.11948846,0.13186765,0.00219042,0.2012936,0.02288877,271181,-0.013693870000000052,White,13196468.325761678
678,42,377959,0.54151076,0.44149995,0.55414361,0.44585639,0.1193512,0.15906756,0.00170648,0.15031976,0.0217436,301790,0.10001081,White,15856058.826260958
679,43,378380,0.2400397,0.74927721,0.65811603,0.34188397,0.14308343,0.16291935,0.00104346,0.01055088,0.0275917,292298,-0.5092375100000001,White,197808.50392084607
680,44,378357,0.59736437,0.38723847,0.34937262,0.65062738,0.1309206,0.30869378,0.00188604,0.19891315,0.0249392,294797,0.21012589999999998,Minority,13121249.626081698
681,45,379293,0.5850806,0.40116359,0.26273239,0.73726761,0.19831074,0.1808118,0.00153891,0.35354961,0.0146055,282017,0.18391700999999994,Asian,11527788.98382099
682,46,378051,0.56817895,0.41778328,0.24608572,0.75391428,0.1896978,0.44481965,0.00191632,0.11496489,0.03050323,278659,0.15039566999999998,Hispanic,14446802.831265109
683,47,378287,0.64285961,0.34190929,0.29628953,0.70371047,0.30419836,0.29853212,0.00465391,0.08953855,0.027115,284492,0.30095032000000005,Black,12926186.308635294
684,48,378119,0.62477154,0.35093911,0.49539447,0.50460553,0.11154142,0.23689417,0.00298718,0.13976503,0.02674408,284549,0.27383243,Minority,13212126.22884789
685,49,378607,0.21332599,0.77397053,0.69417534,0.30582466,0.0279417,0.23785691,0.00211476,0.01405141,0.02916692,297906,-0.5606445400000001,White,91923.10087275488
686,50,379104,0.32464389,0.65951361,0.68385821,0.31614179,0.07661301,0.18220612,0.0020017,0.02818147,0.03078985,291752,-0.33486972,White,1427737.595754965
687,51,378441,0.21343749,0.77324047,0.55950524,0.44049476,0.06557002,0.33920153,0.00233085,0.0154709,0.02850182,284017,-0.55980298,White,48031.73899987344
688,52,378829,0.34631918,0.63722314,0.5779042,0.4220958,0.09143533,0.23958137,0.00166,0.06927469,0.02610402,280723,-0.29090396,White,4041374.8399705198
689,53,379262,0.57295155,0.41821576,0.08606901,0.91393099,0.01195143,0.877856,0.00044514,0.02265348,0.01589409,267332,0.15473578999999998,Hispanic,1539846.9373399948
690,54,379252,0.69250166,0.29350511,0.06968178,0.93031822,0.02334256,0.89726208,0.00168668,0.01047669,0.02320705,280432,0.39899655,Hispanic,3382924.856964052
691,55,378171,0.63368753,0.34468792,0.31982235,0.68017765,0.11398177,0.51966086,0.00187813,0.03718764,0.0355258,277404,0.28899961,Hispanic,1048163.1042074306
692,56,379189,0.74650972,0.24257814,0.10267838,0.89732162,0.37886522,0.45586577,0.00271353,0.06347317,0.02793362,273076,0.50393158,Hispanic,16775949.64654352
693,57,379020,0.19087365,0.79411803,0.69218197,0.30781803,0.0586046,0.20820962,0.0019511,0.01570417,0.02964792,293680,-0.60324438,White,90902.63199506124
694,58,377856,0.64477804,0.34054299,0.26073211,0.73926789,0.1201655,0.59237145,0.00316491,0.02424921,0.02983311,286896,0.30423505000000006,Hispanic,5404445.399259317
695,59,379226,0.51449238,0.47030212,0.41788184,0.58211816,0.07558712,0.40389013,0.0036065,0.09506151,0.02633793,294746,0.04419025999999998,Minority,5888792.794390141
696,60,378142,0.49710842,0.48775967,0.41971368,0.58028632,0.19030277,0.2496515,0.00174596,0.13159527,0.02062743,286948,0.009348750000000017,Minority,15769817.184587657
697,61,377993,0.53129946,0.45166531,0.40387439,0.59612561,0.12636729,0.41818893,0.00471433,0.04400038,0.0310377,291452,0.07963414999999996,Hispanic,11867781.14511321
698,62,379398,0.61866244,0.36561342,0.55720483,0.44279517,0.15302649,0.20740895,0.00168734,0.06670616,0.02397503,312325,0.25304902,White,22299283.940888926
699,63,378363,0.30886894,0.67324401,0.60340675,0.39659325,0.14669415,0.19259499,0.00156807,0.03755764,0.02334575,302282,-0.36437507,White,212352.45716970364
700,64,379127,0.54441134,0.43954199,0.43948299,0.56051701,0.14035549,0.1880991,0.00220261,0.21537043,0.02428671,292835,0.10486935000000003,Minority,14917658.003764391
701,65,378945,0.25949598,0.72874198,0.55827437,0.44172563,0.09232101,0.31113549,0.00133536,0.02334867,0.02127852,298047,-0.469246,White,128460.45609382202
702,66,378302,0.53159185,0.45780285,0.12673802,0.87326198,0.01862842,0.83940851,0.00109644,0.00961775,0.01981684,271789,0.073789,Hispanic,159600.92885237152
703,67,378532,0.61458315,0.36963441,0.26172531,0.73827469,0.07070642,0.62180029,0.00140052,0.04025501,0.03406139,280611,0.24494873999999994,Hispanic,18749404.959646292
704,68,378778,0.73280366,0.255266,0.20763883,0.79236117,0.46165393,0.25107793,0.00181584,0.07432648,0.02487195,276456,0.47753766,Black,10026561.006470814
705,69,378021,0.49251554,0.48377166,0.43513818,0.56486182,0.26799923,0.22832709,0.01602633,0.05184881,0.03286177,275609,0.008743879999999982,Minority,2962794.7878749296
706,70,378867,0.53704139,0.4470193,0.42299403,0.57700597,0.18456081,0.23708623,0.00175453,0.1390328,0.02626616,289536,0.09002208999999994,Minority,12174955.189284788
707,71,378399,0.69047165,0.29382777,0.2450776,0.7549224,0.23756345,0.47416262,0.00157197,0.03661736,0.02476211,274815,0.39664388,Hispanic,13956370.630569763
708,72,379322,0.52575857,0.45965243,0.24988547,0.75011453,0.04576878,0.66944306,0.00170748,0.02764243,0.02110403,288144,0.06610614000000004,Hispanic,428068.07231356075
709,73,378720,0.58853194,0.39466705,0.28207647,0.71792353,0.10193168,0.56114082,0.00487831,0.05229728,0.0307905,274890,0.19386488999999996,Hispanic,10795261.77756349
710,74,377985,0.47806463,0.50769183,0.33214566,0.66785434,0.10323547,0.46646533,0.00162182,0.08917145,0.02615133,281783,-0.029627199999999965,Hispanic,14022285.577042587
711,75,377823,0.50623255,0.47656876,0.54660631,0.45339369,0.13672922,0.18723204,0.00226329,0.10678523,0.0288409,280123,0.029663790000000023,White,6857622.073656429
712,76,378449,0.59105641,0.39445641,0.58238173,0.41761827,0.090379,0.17572257,0.00179244,0.13789611,0.01712239,312982,0.1966,White,24412415.407330874
713,77,378983,0.36333108,0.62253493,0.5077258,0.4922742,0.12323307,0.24414971,0.00182381,0.10720235,0.02463458,265927,-0.25920385000000007,White,1912305.6565855483
714,1,362679,0.3310379,0.60041064,0.82181473,0.17818527,0.01773248,0.09802179,0.01288233,0.03450305,0.01905156,246384,-0.26937274,White,2060073.8291602463
715,2,364379,0.23222842,0.71215362,0.85040686,0.14959314,0.0090609,0.09744881,0.00661092,0.01827843,0.02044324,248982,-0.47992520000000005,White,73703.768900812
716,3,363475,0.34171077,0.61551055,0.76683936,0.23316064,0.01673367,0.14283189,0.00584179,0.02130718,0.05245701,260194,-0.27379978,White,55671.60812582393
717,4,363166,0.19600491,0.76377394,0.85211553,0.14788447,0.00864162,0.09034691,0.00984584,0.01533678,0.02520534,264071,-0.56776903,White,33520.79565938183
718,5,363734,0.2970603,0.62905002,0.76529305,0.23470695,0.01366479,0.15257673,0.02055646,0.0334487,0.02120279,261475,-0.33198972,White,2892254.82998358
719,6,363003,0.2620016,0.67352361,0.84258631,0.15741369,0.01121976,0.08517262,0.01455021,0.03215149,0.01574758,225495,-0.41152201000000005,White,2614745.9979858636
720,7,363965,0.55918556,0.39663427,0.80369729,0.19630271,0.01708546,0.09354145,0.00972402,0.05755538,0.01653443,277663,0.16255128999999996,White,3138374.5270618475
721,8,363224,0.5756391,0.37626311,0.65147626,0.34852374,0.02986938,0.21673154,0.02487467,0.05735127,0.0271157,273089,0.19937598999999995,White,18293878.9599177
722,9,363991,0.55191898,0.39780117,0.63016596,0.36983404,0.02854915,0.23589603,0.02777674,0.05997795,0.02847415,266698,0.15411780999999997,White,3970003.5202355026
723,1,374909,0.37959083,0.60232278,0.75244249,0.24755751,0.15906518,0.03604917,0.00231197,0.02784539,0.02371299,294986,-0.22273194999999996,White,390069.1978581309
724,2,374481,0.49204976,0.48694604,0.65741142,0.34258858,0.18828219,0.075921,0.00394232,0.06256186,0.02194208,295004,0.005103719999999978,White,1200772.951846373
725,3,375231,0.69991309,0.27864,0.42623301,0.57376699,0.44844537,0.07192319,0.00434169,0.04348697,0.02363067,299653,0.42127309,Black,12420715.466532456
726,4,375967,0.75139806,0.23238877,0.3690418,0.6309582,0.47288167,0.11175886,0.00166804,0.03958147,0.01999966,296755,0.51900929,Black,7406295.55271113
727,5,375930,0.35387179,0.62567995,0.76132394,0.23867606,0.17254863,0.02823872,0.00116779,0.01622337,0.01923051,302280,-0.27180815999999997,White,333392.29844844685
728,6,374758,0.36237366,0.61760982,0.81325295,0.18674705,0.0525943,0.09188075,0.00120303,0.02415881,0.01960764,295089,-0.25523616,White,575979.4399873838
729,7,374499,0.51482218,0.46391366,0.57348523,0.42651477,0.22811759,0.12512039,0.00331345,0.05658377,0.02687415,278260,0.05090852000000001,White,1797764.2985947502
730,8,375033,0.80170141,0.1754235,0.60089918,0.39910082,0.12500937,0.14464155,0.0022219,0.11910929,0.01787942,306945,0.62627791,White,33943901.96367494
731,9,375248,0.20510212,0.78288979,0.92886628,0.07113372,0.03191224,0.01249211,0.00082163,0.00577444,0.01780972,304272,-0.57778767,White,234681.75052589658
732,10,374899,0.61136482,0.36969044,0.54084916,0.45915084,0.08678254,0.12616093,0.00211656,0.23452712,0.01530117,267888,0.24167438000000002,White,2725800.784630369
733,11,375795,0.67630568,0.29932084,0.58617826,0.41382174,0.06566619,0.12404762,0.00192284,0.21083065,0.01339444,290195,0.37698484000000004,White,10324107.680143256
734,12,375887,0.57565631,0.40315346,0.69199992,0.30800008,0.14776925,0.06467749,0.00127751,0.07947161,0.01510759,296672,0.17250284999999993,White,8420061.878548436
735,13,375207,0.53502496,0.44393864,0.54492896,0.45507104,0.28986491,0.06431721,0.00402814,0.08764611,0.02261146,285740,0.09108632,White,3506347.1749573364
736,14,375227,0.64614345,0.33409044,0.46770068,0.53229932,0.40687703,0.07256549,0.00372458,0.04461431,0.02201806,297483,0.31205300999999996,Minority,6028673.992795699
737,15,374372,0.5698872,0.41662057,0.46553419,0.53446581,0.46057455,0.04132586,0.00218589,0.01787229,0.02060887,295989,0.15326663000000001,Minority,392280.1888204472
738,16,376033,0.40787892,0.57919154,0.63775548,0.36224452,0.30085221,0.03291574,0.00094765,0.01470875,0.01596892,297578,-0.17131261999999997,White,268847.40262198483
739,17,375506,0.40166067,0.57944167,0.79792067,0.20207933,0.12259289,0.04018291,0.0012245,0.01917059,0.0195323,301347,-0.17778100000000002,White,378635.29494312906
740,18,375077,0.67731629,0.30446421,0.38638715,0.61361285,0.24751198,0.24749395,0.00327651,0.11376965,0.02327442,277429,0.37285208000000003,Minority,10406066.102855377
741,19,374979,0.73425966,0.24721035,0.42529035,0.57470965,0.13714826,0.2153407,0.00214957,0.21433095,0.02054417,292151,0.48704930999999996,Minority,18637992.954681166
742,20,375997,0.35950432,0.62312532,0.82682629,0.17317371,0.07887828,0.03561657,0.00099549,0.03917888,0.01683556,307385,-0.263621,White,411935.6328115763
743,21,375035,0.5221853,0.45832853,0.5747465,0.4252535,0.12329356,0.19539933,0.00203877,0.09193092,0.02375578,279090,0.06385676999999995,White,1129431.9970541229
744,22,375525,0.68205363,0.29821789,0.4904351,0.5095649,0.09829856,0.11658009,0.00242264,0.28503407,0.01346417,286464,0.38383574,Minority,9123008.60453494
745,23,375798,0.54392036,0.43728782,0.73355848,0.26644152,0.12294576,0.04847182,0.00131579,0.07647799,0.0166566,296399,0.10663254,White,560584.2284515959
746,1,321632,0.67010094,0.29775071,0.89319681,0.10680319,0.02069386,0.02130002,0.00106654,0.03039243,0.02517101,260657,0.37235023,White,259243.196296648
747,2,321445,0.65177048,0.31558537,0.91472757,0.08527243,0.01381219,0.02107837,0.00090969,0.01418743,0.02357244,263825,0.33618511000000006,White,206396.3973211148
748,1,385153,0.59209472,0.37501461,0.78735634,0.21264366,0.02139548,0.0820235,0.00733486,0.05742222,0.04217866,311935,0.21708010999999994,White,418631.40428123047
749,2,385598,0.67869009,0.28883911,0.61610653,0.38389347,0.06575603,0.11215933,0.01242138,0.16913653,0.03074555,305280,0.38985098,White,13341919.129582683
750,3,384559,0.55840453,0.40848455,0.73132043,0.26867957,0.03748053,0.10858393,0.0163815,0.07633011,0.03425346,296554,0.14991998,White,8471096.64174453
751,4,385797,0.34990705,0.61904805,0.80924622,0.19075378,0.0144399,0.08617145,0.00549184,0.02268602,0.05706101,299171,-0.26914099999999996,White,63584.096522988504
752,5,385817,0.38834526,0.57523298,0.65590989,0.34409011,0.02179466,0.25333245,0.00564208,0.03489446,0.03280003,286951,-0.18688771999999998,White,194601.25259534706
753,6,385326,0.55876832,0.40573329,0.75106133,0.24893867,0.03791193,0.08198704,0.01408817,0.06632557,0.05266323,307634,0.15303502999999996,White,382349.96071380127
754,7,386022,0.89223627,0.08371679,0.56041252,0.43958748,0.09798833,0.07777408,0.00729408,0.24178425,0.02202252,327937,0.8085194800000001,White,23121719.649501055
755,8,385368,0.53245725,0.43445581,0.72802214,0.27197786,0.02671141,0.10730854,0.00737899,0.09782612,0.03252816,293807,0.09800144,White,179757.71384535698
756,9,384584,0.68976324,0.28286365,0.41054924,0.58945076,0.15050715,0.15756822,0.02519237,0.24436899,0.03188321,299813,0.40689959,Minority,12985037.274382243
757,10,385110,0.60901183,0.35426351,0.6565279,0.3434721,0.10506764,0.09787678,0.0215071,0.09864267,0.03383007,305527,0.25474832000000003,White,3710773.3963238606
758,11,385517,0.47475341,0.48672496,0.76898727,0.23101273,0.02058948,0.10347498,0.00842112,0.05283325,0.04473003,295685,-0.011971549999999997,White,349813.0345581075
759,12,385559,0.69488689,0.27260438,0.64881722,0.35118278,0.03425911,0.0730458,0.00716083,0.21233933,0.02089134,297731,0.42228251000000006,White,9777872.761755718
760,13,385439,0.37552785,0.59404709,0.83491513,0.16508487,0.01349897,0.06936736,0.00709531,0.0261106,0.04331749,296393,-0.21851924,White,174641.5999119306
761,14,385617,0.41688016,0.55654807,0.49394022,0.50605978,0.01292077,0.42531948,0.00321569,0.01925426,0.06084072,275835,-0.13966790999999995,Minority,155846.6706965311
762,15,384643,0.52252443,0.43800049,0.80115457,0.19884543,0.03428719,0.06159861,0.01088207,0.04934034,0.04194616,305916,0.08452394000000002,White,402406.9076166807
763,16,385013,0.56814752,0.39352894,0.77705348,0.22294652,0.03278484,0.06567828,0.01354191,0.06399831,0.04899042,313102,0.17461858000000002,White,297301.8595958362
764,17,385304,0.86570479,0.10966723,0.67519161,0.32480839,0.05393101,0.07579641,0.0065666,0.16602416,0.02409774,329699,0.75603756,White,13767698.263693288
765,18,384358,0.71882737,0.25193572,0.52214537,0.47785463,0.02801699,0.05902596,0.00426841,0.37272028,0.01296522,293786,0.46689165,White,8272853.562887893
766,19,385913,0.58965367,0.37732939,0.50947667,0.49052333,0.12300612,0.14975457,0.0374914,0.15887723,0.0421923,293774,0.21232428000000003,White,10847613.346106198
767,20,384584,0.44528363,0.51874132,0.71798556,0.28201444,0.0604805,0.08612606,0.02374384,0.08027166,0.03854816,288159,-0.07345768999999996,White,937254.5911833273
768,1,368726,0.54349665,0.43852657,0.71714172,0.28285828,0.10612488,0.13092548,0.0012482,0.02718574,0.02145932,287614,0.10497008000000002,White,5645915.570034761
769,2,368883,0.80674073,0.17701261,0.75926036,0.24073964,0.06495844,0.06702329,0.00138209,0.09126795,0.01565048,301716,0.62972812,White,5544728.888011344
770,3,368669,0.56296803,0.41923806,0.8672375,0.1327625,0.03882389,0.05709499,0.0009253,0.01685511,0.01594734,285314,0.14372996999999993,White,317004.72685360623
771,4,368794,0.52534275,0.45706821,0.8981727,0.1018273,0.02063545,0.03694619,0.00107509,0.0228239,0.0158306,287418,0.06827454,White,331346.3814881143
772,5,368854,0.51092968,0.46933256,0.90219454,0.09780546,0.01680902,0.02720275,0.00105078,0.02986081,0.01793238,289309,0.04159712000000004,White,251925.28095921513
773,6,367593,0.50430342,0.47764532,0.80785949,0.19214051,0.05335494,0.0698909,0.00101346,0.05121081,0.01598442,290095,0.026658099999999962,White,6818526.083516944
774,7,368746,0.70013451,0.28182324,0.59584765,0.40415235,0.09439126,0.24339454,0.00156153,0.05381229,0.0254015,290101,0.41831127000000007,White,18556306.89954041
775,8,368661,0.71891097,0.26669061,0.36606168,0.63393832,0.53416481,0.04369926,0.00122591,0.05080806,0.01406061,267556,0.45222036000000004,Black,4410204.087778591
776,9,368307,0.33310916,0.65214414,0.92097987,0.07902013,0.0109942,0.02765028,0.0008812,0.02193635,0.01174009,288243,-0.31903497999999997,White,1481932.5793190713
777,10,368613,0.35981508,0.62352138,0.88376144,0.11623856,0.0188791,0.06454693,0.00075297,0.01083939,0.0157303,292175,-0.2637063,White,523568.6523723048
778,11,367947,0.32200182,0.66217143,0.92368311,0.07631689,0.00958976,0.02919138,0.00064885,0.00950255,0.02314938,286660,-0.34016961,White,293589.63987248327
779,12,368319,0.34358783,0.64208009,0.91904461,0.08095539,0.0068402,0.01715636,0.0010086,0.00646113,0.04337319,295459,-0.29849226,White,88961.30173629434
780,13,367405,0.37407421,0.6093313,0.9083073,0.0916927,0.01479073,0.02693574,0.00111177,0.02646078,0.01762996,284232,-0.23525709,White,170586.71989964592
781,14,367499,0.42776081,0.55295202,0.911648,0.088352,0.01052088,0.01824032,0.00100838,0.01171511,0.03997729,290565,-0.12519121,White,106635.8125055317
782,15,369030,0.48535208,0.49370432,0.86262619,0.13737381,0.02991221,0.04698609,0.00120868,0.0368699,0.01989991,288745,-0.008352239999999955,White,3410792.0969786113
783,16,367672,0.47703745,0.50394996,0.81849403,0.18150597,0.03199953,0.07679259,0.00122606,0.04012915,0.03133773,287098,-0.026912510000000056,White,1084913.3971650866
784,1,358822,0.34033735,0.6408425,0.89796812,0.10203188,0.03955326,0.01751043,0.00096463,0.01747623,0.01911131,292340,-0.30050515,White,457513.5989340156
785,2,359443,0.29785131,0.6850756,0.8780505,0.1219495,0.05328651,0.03061884,0.00088581,0.0122673,0.02147483,283355,-0.38722429,White,192000.80708327753
786,3,359021,0.24931098,0.7358942,0.90633969,0.09366031,0.04677073,0.0126654,0.00088095,0.00762091,0.020961,286055,-0.4865832200000001,White,228927.4423283628
787,4,357803,0.28337417,0.69939502,0.92786243,0.07213757,0.02529978,0.01077954,0.00066736,0.0103159,0.02005226,284706,-0.41602085,White,315875.3821944354
788,5,358627,0.31390402,0.67049287,0.90163574,0.09836426,0.05485974,0.01045812,0.00065276,0.00887683,0.01979223,286476,-0.35658885,White,315553.5486868725
789,1,287940,0.34770996,0.61426052,0.80168755,0.19831245,0.01787194,0.11000349,0.002799,0.01956131,0.04749698,220793,-0.26655056,White,21333.979598303817
790,2,288911,0.18538556,0.78236789,0.87526299,0.12473701,0.00898687,0.06286727,0.00177289,0.00997987,0.03602909,220544,-0.5969823299999999,White,19960.5980687113
791,1,376197,0.27319986,0.71263499,0.87523771,0.12476229,0.06717604,0.02436159,0.00099158,0.00812958,0.02129516,294480,-0.22680014,White,227157.98098038038
792,2,374943,0.31621682,0.66646936,0.80314106,0.19685894,0.10279244,0.04647624,0.0031277,0.02434687,0.02022463,284554,-0.18378318,White,340288.7070031095
793,3,375306,0.30021063,0.68226931,0.86156008,0.13843992,0.06441698,0.03092408,0.0023901,0.01814301,0.02193493,285344,-0.19978937,White,310090.80300778133
794,4,376359,0.16736323,0.82011579,0.92909953,0.07090047,0.02192848,0.01967773,0.00070659,0.00593882,0.01985696,290125,-0.33263677,White,239718.5950128918
795,5,375864,0.30060443,0.68281187,0.88217536,0.11782464,0.04691353,0.03214632,0.00108163,0.01392207,0.02092311,287529,-0.19939557,White,472053.22048509715
796,6,374763,0.62256479,0.35873624,0.5646192,0.4353808,0.31040626,0.08028159,0.00199556,0.02721281,0.02123649,289643,0.12256479,White,8223405.760534557
797,7,374860,0.58909549,0.39198843,0.7442471,0.2557529,0.13363186,0.05721968,0.00135107,0.04736759,0.01642014,299023,0.08909549,White,9179413.437518155
798,8,374668,0.2635501,0.72136087,0.92543898,0.07456102,0.02459403,0.01899479,0.00075448,0.00848443,0.01885857,286289,-0.2364499,White,259188.5075153513
799,9,374584,0.37312699,0.6066961,0.8685246,0.1314754,0.0487261,0.03691477,0.00219143,0.01960736,0.02042652,285658,-0.12687301,White,2806243.21939959
800,10,376373,0.18677557,0.80160846,0.95023812,0.04976188,0.01712058,0.00897212,0.00047793,0.00459622,0.01689687,295025,-0.31322443,White,213276.53142614456
801,11,376358,0.36756638,0.61319399,0.87665993,0.12334007,0.05331302,0.03214396,0.00361607,0.01479643,0.01998425,292030,-0.13243362,White,482005.36799190997
802,12,375561,0.55411393,0.42441818,0.72990143,0.27009857,0.13759687,0.06974847,0.00118967,0.04292658,0.01944935,294200,0.05411393,White,3073715.026035304
803,1,385132,0.83961471,0.14469589,0.39453615,0.60546385,0.50949341,0.03884155,0.00108487,0.04300616,0.01709883,308793,0.33961471,Black,13590148.941940997
804,2,384492,0.72725327,0.25656307,0.48372449,0.51627551,0.39769512,0.04093453,0.0011584,0.05938949,0.01818356,302141,0.22725327,Minority,8391446.282131918
805,3,384974,0.53727322,0.44567268,0.86462615,0.13537385,0.04038395,0.02740821,0.0008747,0.04457985,0.01640546,304106,0.03727322,White,9310915.140477713
806,4,384444,0.44410751,0.53851577,0.83438335,0.16561665,0.05017478,0.03268671,0.00105666,0.05724577,0.01859457,300948,-0.05589249,White,3280274.9821836795
807,5,384138,0.29419734,0.6879195,0.91563717,0.08436283,0.01457311,0.01786816,0.00091061,0.0099054,0.02952395,296505,-0.20580266,White,459859.4748983865
808,6,384953,0.29005219,0.69250824,0.88639324,0.11360676,0.03802861,0.02411167,0.00124418,0.01693607,0.02631398,290150,-0.20994781,White,268458.07762244163
809,7,384655,0.40487687,0.57313732,0.81764794,0.18235206,0.08406062,0.03672661,0.00265185,0.02993894,0.02498794,300545,-0.09512313,White,314211.0877447486
810,8,385388,0.25578231,0.72502391,0.88176082,0.11823918,0.03003232,0.0334643,0.00214372,0.0112021,0.03406616,295748,-0.24421769,White,154537.165277286
811,9,384485,0.60236401,0.37707394,0.69095464,0.30904536,0.1201429,0.11612391,0.00563775,0.03754671,0.0334719,304554,0.10236401,White,4442322.428668337
812,10,385075,0.59627153,0.38434304,0.56041977,0.43958023,0.32530307,0.06654662,0.002689,0.02125718,0.02980275,290443,0.09627153,White,4245907.824000334
813,11,384260,0.44148694,0.53902706,0.81155395,0.18844605,0.06906141,0.056139,0.00518064,0.02640442,0.02920931,291277,-0.05851306,White,1353050.1785119495
814,12,385410,0.23035178,0.75410373,0.9132172,0.0867828,0.02904482,0.01901712,0.00110526,0.00938799,0.02356878,298573,-0.26964822,White,78277.1030893997
815,13,384328,0.21115259,0.77272652,0.84274165,0.15725835,0.01671836,0.0612871,0.00655582,0.01458619,0.05409739,295005,-0.28884741,White,307886.6977448524
816,14,383726,0.3548294,0.6246108,0.85766532,0.14233468,0.03571536,0.03810572,0.00247037,0.02346352,0.03754897,299955,-0.1451706,White,1073672.08845821
817,15,384622,0.19617185,0.7887182,0.8785069,0.1214931,0.03021896,0.03089661,0.00242879,0.01706861,0.03546568,298091,-0.30382815,White,118707.93993023272
818,16,384831,0.21748522,0.77008376,0.85821915,0.14178085,0.07806465,0.019968,0.00086686,0.0093782,0.02754219,298778,-0.28251478,White,177807.37995114725
819,1,381090,0.51678544,0.46870253,0.71564836,0.28435164,0.07170022,0.15407308,0.00096613,0.04875874,0.0160655,309483,0.048082910000000034,White,2747346.4345685565
820,2,381686,0.42479533,0.56063313,0.74484887,0.25515113,0.05661061,0.14837439,0.0010406,0.0414791,0.01374514,303671,-0.1358378,White,6671597.888514942
821,3,381485,0.50372503,0.48212218,0.71700894,0.28299106,0.08191168,0.12724154,0.00097825,0.06817326,0.01183811,302582,0.021602850000000007,White,8505086.573716417
822,4,381659,0.53236031,0.45403433,0.48727049,0.51272951,0.13409514,0.34435977,0.00117519,0.037462,0.02185311,298676,0.07832597999999996,Minority,14317339.378878454
823,5,380877,0.43886105,0.54758788,0.73625625,0.26374375,0.02947486,0.11238813,0.00085878,0.1151553,0.00772572,303920,-0.10872683000000005,White,20654247.469182763
824,6,381009,0.63187116,0.35533026,0.4597684,0.5402316,0.24389652,0.25708263,0.00142966,0.0425041,0.01538047,300771,0.2765409,Minority,21656862.644558318
825,7,380856,0.566586,0.42055632,0.60841063,0.39158937,0.05028201,0.12891576,0.00090538,0.20534642,0.0077326,298218,0.14602968000000005,White,10537487.264184581
826,8,381470,0.66878935,0.32061914,0.33249779,0.66750221,0.42642193,0.14673671,0.00173101,0.09713317,0.01329885,300402,0.3481702099999999,Black,34631227.528716296
827,9,381555,0.81759912,0.17443974,0.12245172,0.87754828,0.55748955,0.16882956,0.00525665,0.12271991,0.02985025,298289,0.64315938,Black,44282626.423825614
828,10,381591,0.61941447,0.36943774,0.2910711,0.7089289,0.06650296,0.13311282,0.00215378,0.50176704,0.00941373,318046,0.24997673000000004,Asian,60952058.95579918
829,11,380731,0.67221031,0.31777006,0.25285459,0.74714541,0.10378746,0.18836419,0.00277322,0.4486173,0.01486863,307224,0.35444024999999996,Asian,111553224.02840292
830,12,381291,0.63165671,0.35717217,0.34464381,0.65535619,0.08797205,0.35911956,0.00374148,0.19814135,0.02846789,306029,0.27448454,Hispanic,87641121.09378973
831,13,380947,0.75081887,0.23555584,0.30700134,0.69299866,0.04532387,0.26454291,0.00223006,0.37889911,0.01981206,321067,0.5152630300000001,Asian,135453407.50201032
832,14,381223,0.81691799,0.17002224,0.39940406,0.60059594,0.16011047,0.36575536,0.00320432,0.09456719,0.02446518,302716,0.64689575,Minority,154929320.0270813
833,15,381216,0.70829576,0.28419178,0.31433888,0.68566112,0.50517249,0.12404069,0.00187069,0.07796419,0.01130347,302562,0.42410398000000005,Black,71734103.34954002
834,16,381239,0.69509726,0.2965408,0.30489219,0.69510781,0.50559844,0.08784626,0.00152441,0.11455192,0.00999075,298476,0.39855646000000006,Black,156491714.10255232
835,17,381425,0.93425879,0.05458464,0.23764044,0.76235956,0.51246359,0.201356,0.00275428,0.08317316,0.0181835,302802,0.87967415,Black,206838462.97672507
836,18,380840,0.84102731,0.14864566,0.29760284,0.70239716,0.50741758,0.12870426,0.00186222,0.08484481,0.01404742,303401,0.69238165,Black,191700721.07870826
837,19,381437,0.55861935,0.42811544,0.31437695,0.68562305,0.02994647,0.18938415,0.00137291,0.47068236,0.01795297,294993,0.13050390999999995,Asian,179282735.06668195
838,20,381312,0.89760033,0.08801066,0.68312052,0.31687948,0.06401046,0.10926217,0.00366764,0.13536239,0.00984634,323369,0.8095896699999999,White,172053521.43167135
839,21,381279,0.59768205,0.38949861,0.47111285,0.52888715,0.13350155,0.24278184,0.00188883,0.15279953,0.02350344,275832,0.20818343999999994,Minority,104922453.86491346
840,22,380900,0.35618456,0.63298022,0.67964064,0.32035936,0.05978973,0.13271785,0.00146313,0.12721621,0.0097851,302092,-0.27679566,White,26714961.778644167
841,23,381680,0.8491182,0.13610442,0.46564341,0.53435659,0.09849102,0.17732226,0.00483199,0.26665871,0.01211781,343544,0.71301378,Minority,295592825.20789176
842,24,381375,0.84468381,0.14130685,0.69670973,0.30329027,0.05623433,0.09231021,0.00184826,0.14546813,0.00776814,330581,0.70337696,White,314433416.5276197
843,25,381029,0.88207042,0.10522269,0.36756401,0.63243599,0.33837652,0.24070541,0.0023944,0.0873081,0.02030628,314484,0.7768477300000001,Minority,247700100.83549118
844,26,381480,0.74498859,0.24410437,0.19204474,0.80795526,0.09496231,0.54277786,0.0025501,0.18232393,0.03825151,302341,0.50088422,Hispanic,111783222.0267367
845,27,380821,0.87343583,0.11465884,0.23732001,0.76267999,0.24847671,0.51555942,0.00307641,0.07384956,0.02690918,318553,0.75877699,Hispanic,239315351.10631892
846,28,381636,0.86804114,0.12466133,0.02183846,0.97816154,0.42965002,0.64189836,0.00391041,0.01810612,0.03329903,280789,0.74337981,Hispanic,224775374.7042983
847,29,381388,0.8357067,0.15611627,0.06156594,0.93843406,0.31828875,0.66832645,0.00460407,0.04911237,0.03384771,287789,0.67959043,Hispanic,216804281.09511635
848,30,380896,0.7673266,0.22369652,0.16676393,0.83323607,0.28194785,0.49724509,0.00349114,0.10992516,0.02849911,294746,0.54363008,Hispanic,71135759.4090459
849,31,381010,0.85960162,0.13164586,0.17340242,0.82659758,0.56887623,0.25020197,0.00263559,0.04229852,0.01701212,302020,0.72795576,Black,73985482.25451764
850,32,380991,0.65392761,0.33531085,0.46278,0.53722,0.16782161,0.31431278,0.00179671,0.07126277,0.01934763,295540,0.31861676,Minority,28244245.852903564
851,33,381337,0.67805021,0.31019125,0.6209273,0.3790727,0.07857588,0.20333462,0.0010206,0.09109925,0.01320713,296885,0.36785896,White,4723122.492795598
852,34,381365,0.54923212,0.43659114,0.62628573,0.37371427,0.10863296,0.22003249,0.00150386,0.04299231,0.01818699,298565,0.11264098,White,2425649.4695404777
853,35,381668,0.48801014,0.50090126,0.60443985,0.39556015,0.12383634,0.18260789,0.00128708,0.07231471,0.01220997,260279,-0.012891120000000034,White,6211377.157351379
854,36,381494,0.42217329,0.55766438,0.80681102,0.19318898,0.05961672,0.08985073,0.00130294,0.02226042,0.02022316,307766,-0.13549108999999998,White,248200.56769958397
855,37,380559,0.58887238,0.39326157,0.65893026,0.34106974,0.14056065,0.15615312,0.00118787,0.03575694,0.02179617,306430,0.19561080999999997,White,968498.4530367956
856,38,381576,0.53682624,0.44278124,0.76495415,0.23504585,0.08677793,0.08778712,0.00123489,0.04328901,0.01833641,310148,0.09404499999999999,White,869926.49707519
857,39,381610,0.60794575,0.36906262,0.72169972,0.27830028,0.12636572,0.06732732,0.00150443,0.06982177,0.01639668,309087,0.23888312999999994,White,1777313.288169883
858,40,381022,0.5542403,0.42286731,0.8124251,0.1875749,0.06130022,0.04404148,0.00178596,0.04861035,0.02057316,302919,0.13137299000000002,White,2009880.1900556134
859,41,380160,0.46209306,0.51767292,0.88423667,0.11576333,0.03463963,0.02669369,0.00118185,0.01260535,0.03458135,308837,-0.05557985999999998,White,162365.86684526925
860,42,381517,0.33692756,0.64338594,0.88473049,0.11526951,0.03835644,0.03529019,0.00152145,0.01243515,0.01941177,299715,-0.30645838000000003,White,145855.10154053668
861,43,380346,0.41393043,0.56177486,0.88991605,0.11008395,0.03212165,0.03642025,0.00124145,0.01202944,0.02168883,301261,-0.14784442999999997,White,416922.15793595253
862,44,380459,0.54329046,0.43408668,0.76728691,0.23271309,0.11335208,0.05190494,0.00123448,0.04804135,0.0195682,299721,0.10920378000000003,White,989834.2647914364
863,45,380587,0.54804713,0.42942042,0.80937097,0.19062903,0.08769285,0.04171546,0.00117434,0.03840686,0.02084124,303149,0.11862671000000002,White,1009269.6491426682
864,46,380666,0.55471392,0.42161714,0.80585637,0.19414363,0.05592988,0.04632483,0.00141599,0.06718426,0.01927404,312856,0.13309677999999997,White,581045.7465706455
865,47,381220,0.37557722,0.60123175,0.89991388,0.10008612,0.03214203,0.02341095,0.0010268,0.01542181,0.01984697,301910,-0.22565452999999996,White,280491.073644699
866,48,381786,0.34913842,0.62783919,0.86914998,0.13085002,0.03989258,0.04714816,0.00094224,0.00902844,0.0297085,304593,-0.27870077,White,321313.05683863396
867,49,380905,0.58513889,0.38797301,0.82334872,0.17665128,0.06000561,0.04214952,0.0009434,0.05941803,0.01215324,306338,0.19716587999999996,White,3198092.892753046
868,50,381050,0.60125495,0.37574994,0.58371243,0.41628757,0.25557305,0.11778439,0.00155418,0.04019197,0.01692925,299836,0.22550500999999995,White,5145413.867150356
869,51,380839,0.42166393,0.55937666,0.91762562,0.08237438,0.02438581,0.02171526,0.00065627,0.01445735,0.01586734,307802,-0.13771272999999995,White,1268103.737910114
870,52,380676,0.57176022,0.40951725,0.78629165,0.21370835,0.10076761,0.03476516,0.00077859,0.06337914,0.01458321,309534,0.16224297000000004,White,8583017.196506018
871,53,380910,0.68587596,0.29701497,0.57103788,0.42896212,0.27622797,0.08966722,0.00134034,0.05668002,0.01709607,295448,0.38886098999999996,White,11137383.945588902
