,id,TotalPop,DemPct,RepPct,WhitePct,MinorityPct,BlackPct,HispanicPct,PacificPct,AsianPct,NativePct,TotalVAP,Margin,DemPct2,RepPct2,Margin2,Swing,R_Margin,R_Margin2,R_Swing,Majority
0,1,733391,0.41406128,0.54544809,0.61476201,0.38523799,0.04271638,0.06036249,0.02018762,0.07835156,0.19085998,554003,-0.13138681,0.43006525,0.53122894,-0.10116369,-0.03022312,-0.12973393542528744,-0.1535602865747126,0.023826351149425183,White
1,1,717322,0.21426783,0.77504411,0.75599098,0.24400902,0.1536415,0.03938018,0.00151359,0.01839671,0.0302016,556295,-0.56077628,0.23396292,0.75344951,-0.51948659,-0.04128969,-0.5591234054252874,-0.5718831865747127,0.012759781149425352,White
2,2,718179,0.55185128,0.43588529,0.42166737,0.57833263,0.51555668,0.02557651,0.00112164,0.02129503,0.01904463,560788,0.11596599,0.57667036,0.41228036,0.16439,-0.04842401,0.11761886457471273,0.1119934034252874,0.0056254611494253245,Black
3,3,717621,0.28897254,0.69925962,0.67450105,0.32549895,0.24556009,0.0372776,0.00136996,0.02206727,0.02075432,561329,-0.41028708,0.31761537,0.66944585,-0.35183048,-0.0584566,-0.40863420542528733,-0.40422707657471263,-0.004407128850574683,White
4,4,716922,0.13195802,0.85844796,0.85627992,0.14372008,0.04119157,0.06019057,0.00089543,0.00741437,0.03495245,553924,-0.72648994,0.14422201,0.84430759,-0.70008558,-0.02640436,-0.7248370654252874,-0.7524821765747126,0.02764511114942527,White
5,5,717587,0.36628743,0.61538155,0.69046204,0.30953796,0.20031177,0.05183969,0.00182758,0.02554525,0.03252637,561944,-0.24909412,0.37934542,0.60035792,-0.2210125,-0.02808162,-0.2474412454252874,-0.27340909657471263,0.025967851149425257,White
6,6,718453,0.2605656,0.72433506,0.77838588,0.22161412,0.13999939,0.03626642,0.00085638,0.01989813,0.02327686,555831,-0.46376946,0.26333145,0.72139792,-0.45806647,-0.00570299,-0.4621165854252874,-0.5104630665747126,0.04834648114942527,White
7,7,718195,0.63442859,0.35083555,0.41255434,0.58744566,0.50920457,0.04770437,0.00114804,0.0190881,0.01482396,567055,0.28359304,0.65663852,0.32965144,0.32698708,-0.04339404,0.2852459145747126,0.27459048342528736,0.010655431149425264,Black
8,1,752941,0.20606999,0.77410607,0.86029892,0.13970108,0.05821438,0.03066344,0.00196534,0.00994383,0.03349863,580561,-0.56803608,0.21491113,0.75771436,-0.54280323,-0.02523285,-0.5663832054252873,-0.5951998265747127,0.028816621149425424,White
9,2,753677,0.5373771,0.43952579,0.5279442,0.4720558,0.37701814,0.053266,0.00119308,0.02168778,0.02293221,584200,0.09785131,0.54537488,0.42618241,0.11919247,-0.02134116,0.09950418457471268,0.06679587342528735,0.032708311149425316,White
10,3,752341,0.36260378,0.61016521,0.71594457,0.28405543,0.03564901,0.13905535,0.01354404,0.04181294,0.05626204,565710,-0.24756143,0.36864319,0.60136502,-0.23272183,-0.0148396,-0.2459085554252874,-0.28511842657471265,0.03920987114942528,White
11,4,752565,0.25870839,0.72176197,0.75777326,0.24222674,0.13348184,0.05915586,0.00136301,0.01141626,0.03478675,581802,-0.46305358,0.26976574,0.70281041,-0.43304467,-0.03000891,-0.4614007054252873,-0.48544126657471265,0.024040561149425342,White
12,1,793933,0.47155685,0.51742149,0.51993479,0.48006521,0.04082466,0.18865268,0.00495488,0.04356804,0.21326736,607280,-0.04586464,0.50272765,0.48222546,0.02050219,-0.06636683,-0.04421176542528737,-0.031894406574712666,-0.012317358850574701,White
13,2,794183,0.52915191,0.45863472,0.64893402,0.35106598,0.04837139,0.22719988,0.00449358,0.04898288,0.03316197,642694,0.07051719,0.53607501,0.44802661,0.0880484,-0.01753121,0.0721700645747126,0.035651803425287384,0.03651826114942521,White
14,3,795276,0.54960877,0.440265,0.34484092,0.65515908,0.05138321,0.54186622,0.0039285,0.02658674,0.0554109,594883,0.10934377,0.59799836,0.3874112,0.21058716,-0.10124339,0.1109966445747126,0.1581905634252873,-0.0471939188505747,Hispanic
15,4,794117,0.29661472,0.69577321,0.78603954,0.21396046,0.01754563,0.13551058,0.00355188,0.02278794,0.03495535,654864,-0.39915849,0.31367839,0.67376771,-0.36008932,-0.03906917,-0.3975056154252874,-0.4124859165747127,0.0149803011494253,White
16,5,795010,0.37366063,0.61612374,0.72944423,0.27055577,0.04070051,0.15735663,0.00526143,0.04535258,0.02744989,592425,-0.24246311,0.38279009,0.60086607,-0.21807598,-0.02438713,-0.2408102354252874,-0.27047257657471263,0.029662341149425252,White
17,6,795255,0.50402022,0.4857304,0.70665945,0.29334055,0.0464878,0.15342755,0.00303872,0.06138839,0.0343205,645008,0.01828982,0.52415625,0.46198395,0.0621723,-0.04388248,0.019942694574712656,0.009775703425287371,0.010166991149425285,White
18,7,794503,0.6537427,0.33311453,0.21244317,0.78755683,0.12166232,0.60581364,0.004597,0.04094887,0.04586396,556450,0.32062817,0.71499251,0.26888398,0.44610853,-0.12548036,0.3222810445747126,0.3937119334252873,-0.07143088885057466,Hispanic
19,8,794900,0.41323166,0.57752799,0.6829822,0.3170178,0.05530018,0.18870764,0.00414587,0.04888243,0.02785947,623271,-0.16429633,0.42397792,0.56208819,-0.13811027,-0.02618606,-0.16264345542528735,-0.1905068665747126,0.027863411149425275,White
20,9,794325,0.58466989,0.40047739,0.53360017,0.46639983,0.0767492,0.27361818,0.00592224,0.07876327,0.05001752,625101,0.1841925,0.60670227,0.373675,0.23302727,-0.04883477,0.18584537457471267,0.18063067342528738,0.0052147011494253145,White
21,1,760503,0.36021029,0.61185338,0.6541419,0.3458581,0.02650954,0.19489164,0.00649251,0.06711681,0.06017753,593145,-0.25164309,0.39154741,0.58391953,-0.19237212,-0.05927097,-0.24999021542528738,-0.2447687165747126,-0.0052214988505747476,White
22,2,759916,0.70829797,0.25757359,0.6871728,0.3128272,0.02528826,0.17670079,0.00588228,0.05890243,0.05356481,615068,0.45072438,0.73498871,0.2404861,0.49450261,-0.04377823,0.4523772545747127,0.4421060134252873,0.010271241149425368,White
23,3,759308,0.46763988,0.50085688,0.7210008,0.2789992,0.02413854,0.12600612,0.00653344,0.08866458,0.03638875,602439,-0.033217,0.48119981,0.4940902,-0.01289039,-0.02032661,-0.0315641254252873,-0.06528698657471262,0.03372286114942532,White
24,4,759818,0.64097601,0.32782521,0.5494519,0.4505481,0.04103503,0.27810335,0.00852091,0.10094679,0.04043376,610381,0.3131508,0.67106678,0.30472322,0.36634356,-0.05319276,0.3148036745747127,0.31394696342528733,0.0008567111494253918,White
25,5,759428,0.37011861,0.60522767,0.6397943,0.3602057,0.0245876,0.21907683,0.00729997,0.0770532,0.04319544,592331,-0.23510906,0.39801647,0.58041729,-0.18240082,-0.05270824,-0.23345618542528734,-0.2347974165747126,0.001341231149425269,White
26,6,760389,0.58301016,0.38169294,0.51709685,0.48290315,0.10478058,0.21032212,0.01488378,0.14002976,0.03852282,587418,0.20131722,0.60778278,0.36550535,0.24227743,-0.04096021,0.2029700945747127,0.18988083342528733,0.0130892611494254,White
27,7,759862,0.60293983,0.36267954,0.34170223,0.65829777,0.13074145,0.23353501,0.02412301,0.26959657,0.03452149,573353,0.24026029,0.64732295,0.32946163,0.31786132,-0.07760103,0.24191316457471257,0.2654647234252873,-0.02355155885057473,Minority
28,8,759707,0.70180308,0.26550268,0.28066928,0.71933072,0.17219144,0.3079991,0.01525448,0.22478141,0.03556609,589466,0.4363004,0.75734589,0.22149856,0.53584733,-0.09954693,0.43795327457471267,0.4834507334252873,-0.045497458850574636,Hispanic
29,9,760048,0.48727496,0.48201998,0.30683835,0.69316165,0.09190794,0.38310432,0.01295264,0.20480619,0.03803044,560735,0.00525498,0.56702565,0.41141401,0.15561164,-0.15035666,0.006907854574712609,0.10321504342528741,-0.09630718885057479,Hispanic
30,10,760371,0.64603657,0.32075846,0.51611959,0.48388041,0.06362911,0.17770947,0.00961406,0.22487436,0.02372625,587577,0.32527811,0.67954801,0.29954548,0.38000253,-0.05472442,0.32693098457471265,0.3276059334252874,-0.0006749488505747095,White
31,11,760790,0.81831523,0.14067656,0.44652805,0.55347195,0.06511426,0.13312876,0.00691701,0.34146253,0.01938205,665461,0.67763867,0.86283663,0.11734933,0.7454873,-0.06784863,0.6792915445747125,0.6930907034252873,-0.01379915885057479,Minority
32,12,759576,0.84420333,0.10766454,0.35135767,0.64864233,0.17913726,0.20998915,0.00930198,0.24900848,0.0303797,620513,0.73653879,0.89194823,0.08727959,0.80466864,-0.06812985,0.7381916645747126,0.7522720434252874,-0.014080378850574761,Minority
33,13,760308,0.47354895,0.49932107,0.28132285,0.71867715,0.0422762,0.58598394,0.00915207,0.07183967,0.0509183,549056,-0.02577212,0.54979791,0.42687053,0.12292738,-0.1486995,-0.02411924542528731,0.07053078342528733,-0.09465002885057464,Hispanic
34,14,760504,0.6595782,0.30212069,0.28011655,0.71988345,0.06783372,0.23675643,0.01964623,0.39808698,0.02617241,591004,0.35745751,0.7196662,0.25952542,0.46014078,-0.10268327,0.3591103845747126,0.4077441834252874,-0.04863379885057476,Asian
35,15,760488,0.7229354,0.24188397,0.30559795,0.69440205,0.03711858,0.24310523,0.01745436,0.39509927,0.02138064,609991,0.48105143,0.77837882,0.20265977,0.57571905,-0.09466762,0.48270430457471264,0.5233224534252874,-0.04061814885057472,Asian
36,16,760306,0.75066221,0.21162333,0.56534641,0.43465359,0.02727701,0.15300889,0.00705052,0.23272589,0.02202128,613997,0.53903888,0.77869379,0.19767761,0.58101618,-0.0419773,0.5406917545747126,0.5286195834252874,0.012072171149425291,White
37,17,760213,0.66448282,0.29070772,0.21903296,0.78096704,0.02350372,0.13004153,0.00675167,0.61920279,0.01449374,601777,0.3737751,0.72467538,0.2555355,0.46913988,-0.09536478,0.37542797457471266,0.4167432834252873,-0.04131530885057464,Asian
38,18,759555,0.65985348,0.30511024,0.26478255,0.73521745,0.03753187,0.33850353,0.00796258,0.35148635,0.03169421,595787,0.35474324,0.70963237,0.26996155,0.43967082,-0.08492758,0.35639611457471265,0.3872742234252874,-0.030878108850574716,Asian
39,19,760608,0.59688031,0.37347183,0.36017399,0.63982601,0.02813284,0.51699739,0.00819661,0.08109472,0.04688864,572676,0.22340848,0.65261621,0.32537477,0.32724144,-0.10383296,0.2250613545747126,0.2748448434252874,-0.0497834888505748,Hispanic
40,20,759782,0.32738228,0.64992156,0.49225528,0.50774472,0.04239615,0.37087959,0.00454912,0.06522362,0.0454645,561867,-0.32253928,0.35946466,0.61783557,-0.25837091,-0.06416837,-0.32088640542528735,-0.31076750657471264,-0.010118898850574688,Minority
41,21,760248,0.51800616,0.4551226,0.2478896,0.7521104,0.06478903,0.54730914,0.00415451,0.12948967,0.04193001,543024,0.06288356,0.59193601,0.38725019,0.20468582,-0.14180226,0.06453643457471266,0.15228922342528733,-0.08775278885057466,Hispanic
42,22,760190,0.46364848,0.5096968,0.18677495,0.81322505,0.05951933,0.69049216,0.00358218,0.05264521,0.0404713,544361,-0.04604832,0.5564926,0.41931733,0.13717527,-0.18322359,-0.04439544542528733,0.08477867342528737,-0.1291741188505747,Hispanic
43,23,760206,0.38926134,0.58506648,0.45378666,0.54621334,0.09436775,0.37291309,0.00751788,0.05505196,0.04418517,568245,-0.19580514,0.42488589,0.55200761,-0.12712172,-0.06868342,-0.1941522654252874,-0.17951831657471262,-0.014633948850574764,Minority
44,24,760529,0.6054659,0.36321012,0.54479181,0.45520819,0.02558482,0.33608189,0.00465535,0.07280312,0.03812159,612199,0.24225578,0.62988591,0.34634042,0.28354549,-0.04128971,0.2439086545747126,0.23114889342528744,0.012759761149425196,White
45,25,759359,0.5341225,0.44441039,0.33102439,0.66897561,0.04812359,0.56770992,0.0036294,0.04177725,0.03711623,587425,0.08971211,0.58563364,0.39655775,0.18907589,-0.09936378,0.09136498457471261,0.13667929342528734,-0.045314308850574726,Hispanic
46,26,759445,0.55166788,0.42007839,0.45587378,0.54412622,0.02711604,0.39754513,0.00527455,0.10541946,0.03491195,586590,0.13158949,0.58755109,0.39141268,0.19613841,-0.06454892,0.1332423645747126,0.1437418134252874,-0.010499448850574779,Minority
47,27,760672,0.50617852,0.46450894,0.34871329,0.65128671,0.11453524,0.43341148,0.00479897,0.09369471,0.03713808,570331,0.04166958,0.55481194,0.42275234,0.1320596,-0.09039002,0.04332245457471263,0.07966300342528736,-0.03634054885057473,Hispanic
48,28,759688,0.60661981,0.3595105,0.17163216,0.82836784,0.0269543,0.27206985,0.00372111,0.52968124,0.02029168,622127,0.24710931,0.66488712,0.31654151,0.34834561,-0.1012363,0.2487621845747126,0.2959490134252874,-0.04718682885057477,Asian
49,29,760105,0.63531718,0.33292722,0.22283788,0.77716212,0.04906488,0.61416149,0.00320922,0.11144853,0.03663211,591421,0.30238996,0.72647432,0.25134332,0.475131,-0.17274104,0.30404283457471265,0.4227344034252874,-0.11869156885057472,Hispanic
50,30,759716,0.6860956,0.28135309,0.58861442,0.41138558,0.06099195,0.19295367,0.00350151,0.1476133,0.02015352,641724,0.40474251,0.717324,0.26470625,0.45261775,-0.04787524,0.4063953845747127,0.40022115342528736,0.006174231149425356,White
51,31,759802,0.57032403,0.39927711,0.19977311,0.80022689,0.03508223,0.54970192,0.00397053,0.21360221,0.03617651,597653,0.17104692,0.63861611,0.34054428,0.29807183,-0.12702491,0.17269979457471263,0.24567523342528735,-0.0729754388505747,Hispanic
52,32,759469,0.63856585,0.33226889,0.57238191,0.42761809,0.05954861,0.20816501,0.00393331,0.1490023,0.01950669,619326,0.30629696,0.68893585,0.29283556,0.39610029,-0.08980333,0.30794983457471264,0.3437036934252874,-0.03575385885057473,White
53,33,760663,0.54473569,0.4259221,0.18134347,0.81865653,0.1149922,0.61037444,0.00572353,0.0897163,0.03941627,552107,0.11881359,0.63689288,0.33977035,0.29712253,-0.17830894,0.12046646457471262,0.24472593342528737,-0.12425946885057473,Hispanic
54,34,759403,0.74257074,0.21117368,0.1780579,0.8219421,0.06749161,0.51641953,0.00354892,0.23698238,0.04085161,627515,0.53139706,0.80743248,0.17030838,0.6371241,-0.10572704,0.5330499345747126,0.5847275034252873,-0.05167756885057471,Hispanic
55,35,760423,0.51067455,0.45970647,0.2336729,0.7663271,0.07517226,0.51975921,0.00533762,0.16705987,0.03576951,587903,0.05096808,0.58473868,0.39411888,0.1906198,-0.13965172,0.052620954574712615,0.13822320342528732,-0.08560224885057469,Hispanic
56,36,759444,0.65501921,0.31284304,0.57939305,0.42060695,0.0448163,0.14122355,0.00564318,0.21819301,0.01703716,631913,0.34217617,0.68970888,0.2897446,0.39996428,-0.05778811,0.3438290445747126,0.3475676834252873,-0.0037386388505747173,White
57,37,760417,0.79673028,0.17107527,0.18866469,0.81133531,0.23557783,0.47372198,0.003632,0.10011995,0.03608742,597743,0.62565501,0.85784768,0.12281953,0.73502815,-0.10937314,0.6273078845747126,0.6826315534252874,-0.05532366885057469,Hispanic
58,38,760629,0.59591674,0.37256401,0.14541386,0.85458614,0.02939541,0.7199688,0.00405887,0.1027466,0.04327761,589820,0.22335273,0.67840257,0.29930923,0.37909334,-0.15574061,0.22500560457471258,0.32669674342528743,-0.10169113885057482,Hispanic
59,39,759592,0.53798094,0.43173532,0.21809415,0.78190585,0.10377052,0.594183,0.00655928,0.07648876,0.03915134,562867,0.10624562,0.62693857,0.35115112,0.27578745,-0.16954183,0.10789849457471264,0.22339085342528736,-0.11549235885057471,Hispanic
60,40,760855,0.47061523,0.49607109,0.56015753,0.43984247,0.02303249,0.20199132,0.00532943,0.19925738,0.02105918,599501,-0.02545586,0.49626554,0.48362581,0.01263973,-0.03809559,-0.023802985425287353,-0.039756866574712627,0.015953881149425274,White
61,41,759807,0.4488348,0.52203055,0.38640405,0.61359595,0.07446688,0.41338697,0.0071872,0.11160106,0.03503043,574215,-0.07319575,0.49521237,0.48568824,0.00952413,-0.08271988,-0.07154287542528735,-0.04287246657471262,-0.028670408850574737,Hispanic
62,42,759566,0.63347891,0.33219742,0.23954368,0.76045632,0.07925988,0.56172676,0.0076959,0.11265326,0.03889816,592393,0.30128149,0.69729187,0.27893915,0.41835272,-0.11707123,0.3029343645747126,0.3659561234252874,-0.06302175885057473,Hispanic
63,43,760171,0.65534323,0.31197209,0.11089844,0.88910156,0.10665544,0.66586304,0.01098577,0.11255624,0.04125505,573651,0.34337114,0.74793652,0.22768755,0.52024897,-0.17687783,0.3450240145747127,0.4678523734252874,-0.12282835885057466,Hispanic
64,44,760301,0.75209082,0.21792553,0.05782188,0.94217812,0.31732002,0.53557719,0.0086642,0.08922328,0.03470396,572586,0.53416529,0.82803602,0.15091408,0.67712194,-0.14295665,0.5358181645747127,0.6247253434252873,-0.08890717885057461,Hispanic
65,45,760233,0.4934624,0.47683702,0.27866892,0.72133108,0.02929153,0.27056427,0.00810135,0.41209894,0.02267684,604714,0.01662538,0.52293154,0.45768445,0.06524709,-0.04862171,0.018278254574712667,0.01285049342528731,0.005427761149425357,Asian
66,46,760059,0.57507665,0.3942972,0.1727339,0.8272661,0.02577293,0.61843801,0.00645878,0.17695223,0.04368615,578902,0.18077945,0.64139248,0.3369847,0.30440778,-0.12362833,0.1824323245747126,0.2520111834252874,-0.06957885885057477,Hispanic
67,47,760308,0.50297968,0.46246478,0.53343617,0.46656383,0.02421189,0.15944722,0.00598209,0.26666623,0.01790089,617176,0.0405149,0.54361718,0.43514702,0.10847016,-0.06795526,0.042167774574712664,0.056073563425287395,-0.013905788850574731,White
68,48,759815,0.3880422,0.58793025,0.58830187,0.41169813,0.04947313,0.2395264,0.00948334,0.09392252,0.03931524,579648,-0.19988805,0.40424397,0.57419334,-0.16994937,-0.02993868,-0.19823517542528735,-0.22234596657471262,0.02411079114942529,White
69,49,760114,0.52707629,0.44466213,0.57006793,0.42993207,0.03563637,0.28329843,0.01006276,0.09018088,0.03047336,596357,0.08241416,0.54627584,0.43056554,0.1157103,-0.03329614,0.08406703457471267,0.06331370342528729,0.020753331149425368,White
70,50,760450,0.59532068,0.37250694,0.55238329,0.44761671,0.03613832,0.18963816,0.00696777,0.20436818,0.01976504,607942,0.22281374,0.61692536,0.35921702,0.25770834,-0.0348946,0.22446661457471268,0.20531174342528735,0.019154871149425344,White
71,51,759527,0.66465292,0.30232889,0.49280685,0.50719315,0.07787972,0.24238825,0.00937922,0.17235033,0.02621668,620521,0.36232403,0.688505,0.2877582,0.4007468,-0.03842277,0.3639769045747126,0.3483502034252874,0.015626701149425236,Minority
72,52,760751,0.58039585,0.39406408,0.17222363,0.82777637,0.09256267,0.56487251,0.01159743,0.17219954,0.0326707,581163,0.18633177,0.65861371,0.32044312,0.33817059,-0.15183882,0.1879846445747127,0.28577399342528736,-0.09778934885057464,Hispanic
73,1,721689,0.76745686,0.20460447,0.58791082,0.41208918,0.09704478,0.24424493,0.00358642,0.05219916,0.03341135,586657,0.56285239,0.79613935,0.18110119,0.61503816,-0.05218577,0.5645052645747126,0.5626415634252874,0.0018637011494252662,White
74,2,721072,0.68276248,0.28857468,0.78657968,0.21342032,0.01619734,0.12369672,0.00248284,0.04608871,0.02348376,586022,0.3941878,0.68417977,0.29011126,0.39406851,0.00011928999999999412,0.3958406745747126,0.34167191342528735,0.05416876114942528,White
75,3,721807,0.43879986,0.53611505,0.70164356,0.29835644,0.01487227,0.22727305,0.00257631,0.01433415,0.04850855,568642,-0.09731519,0.44670592,0.52963907,-0.08293315,-0.01438204,-0.0956623154252874,-0.13532974657471264,0.039667431149425246,White
76,4,722069,0.35134212,0.62360616,0.72969143,0.27030857,0.02224892,0.19250656,0.00284916,0.02586204,0.03230033,541914,-0.27226404,0.34819613,0.62450832,-0.27631219,0.00404815,-0.2706111654252874,-0.32870878657471264,0.05809762114942526,White
77,5,721519,0.45243919,0.51931244,0.69728532,0.30271468,0.07410767,0.15534264,0.00715742,0.04189927,0.03668179,564449,-0.06687325,0.44327923,0.52011458,-0.07683535,0.0099621,-0.06522037542528734,-0.1292319465747126,0.06401157114942527,White
78,6,722098,0.50896788,0.46451733,0.75832113,0.24167887,0.0418194,0.10044252,0.00317581,0.0760653,0.02349291,545058,0.04445055,0.51554441,0.45912951,0.0564149,-0.01196435,0.04610342457471268,0.004018303425287292,0.042085121149425385,White
79,7,721975,0.58528135,0.38626556,0.76498476,0.23501524,0.01893944,0.13813405,0.00242511,0.04913707,0.0300259,576469,0.19901579,0.58129397,0.39097501,0.19031896,0.00869683,0.20066866457471266,0.1379223634252874,0.06274630114942528,White
80,8,721485,0.56727831,0.40365969,0.45801264,0.54198736,0.10478288,0.35679587,0.00483562,0.06033699,0.04062809,540365,0.16361862,0.61498881,0.35658996,0.25839885,-0.09478023,0.16527149457471257,0.20600225342528744,-0.040730758850574846,Minority
81,1,721936,0.65033476,0.33152906,0.55661611,0.44338389,0.18593845,0.18368157,0.00156985,0.07296846,0.01455523,572028,0.3188057,0.67791735,0.30706862,0.37084873,-0.05204303,0.32045857457471266,0.31845213342528733,0.0020064411494253517,White
82,2,720885,0.53187777,0.4512168,0.81067488,0.18932512,0.04949698,0.076383,0.00186704,0.04175577,0.02069784,585955,0.08066097,0.54848533,0.43145616,0.11702917,-0.0363682,0.0823138445747127,0.06463257342528737,0.017681271149425325,White
83,3,721393,0.5461204,0.43389265,0.65938219,0.34061781,0.13598764,0.14489446,0.00126995,0.05387163,0.01479149,582700,0.11222775,0.57787132,0.40900164,0.16886968,-0.05664193,0.11388062457471261,0.11647308342528732,-0.0025924588505747206,White
84,4,720277,0.62263268,0.3618458,0.57372595,0.42627405,0.14695464,0.20820406,0.00137467,0.06149264,0.01256121,555042,0.26078688,0.66426496,0.32207117,0.34219379,-0.08140691,0.2624397545747127,0.28979719342528737,-0.027357438850574657,White
85,5,721453,0.48380102,0.50124863,0.72834968,0.27165032,0.07502851,0.14101956,0.00139319,0.03312107,0.01508626,573502,-0.01744761,0.50705168,0.47767304,0.02937864,-0.04682625,-0.015794735425287303,-0.02301795657471263,0.007223221149425328,White
86,1,989948,0.56567569,0.41948412,0.62437671,0.37562329,0.22762886,0.08666531,0.001349,0.04834195,0.01994402,783543,0.14619157,0.58782167,0.39801393,0.18980774,-0.04361617,0.14784444457471257,0.13741114342528732,0.010433301149425277,White
87,1,769572,0.30809179,0.67711506,0.71997717,0.28002283,0.13724982,0.06679952,0.0037943,0.04229988,0.03178636,606172,-0.36902327,0.32859008,0.65132379,-0.32273371,-0.04628956,-0.3673703954252874,-0.3751303065747126,0.0077599111494252235,White
88,2,769202,0.53509469,0.44847141,0.59128576,0.40871424,0.25974393,0.08665734,0.00154682,0.04752581,0.01734111,622567,0.08662328,0.57152581,0.41416282,0.15736299,-0.07073971,0.08827615457471262,0.1049663934252874,-0.01669023885057478,White
89,3,769840,0.26722884,0.72189373,0.74156721,0.25843279,0.12872454,0.08437058,0.00188531,0.01921538,0.02553303,621117,-0.45466489,0.29228988,0.69660731,-0.40431743,-0.05034746,-0.45301201542528735,-0.4567140265747126,0.003702011149425276,White
90,4,768646,0.32693314,0.65866493,0.76113914,0.23886086,0.08960291,0.07991561,0.0026078,0.04587216,0.02078548,598206,-0.33173179,0.34287399,0.64301304,-0.30013905,-0.03159274,-0.3300789154252874,-0.35253564657471265,0.02245673114942528,White
91,5,768810,0.52995152,0.45366916,0.46992048,0.53007952,0.35172022,0.10693848,0.00285216,0.06069977,0.01899882,599195,0.07628236,0.55715502,0.42667717,0.13047785,-0.05419549,0.07793523457471264,0.07808125342528731,-0.00014601885057467096,Minority
92,6,769976,0.34105843,0.64803529,0.73326531,0.26673469,0.093231,0.13217434,0.00172703,0.02070208,0.02165871,628246,-0.30697686,0.37244724,0.61667368,-0.24422644,-0.06275042,-0.3053239854252874,-0.2966230365747126,-0.008700948850574743,White
93,7,769731,0.50535465,0.47669995,0.55781113,0.44218887,0.12416929,0.24273349,0.00239083,0.06869712,0.01855934,616940,0.0286547,0.54109759,0.443918,0.09717959,-0.06852489,0.030307574574712677,0.044782993425287396,-0.014475418850574719,White
94,8,769594,0.38613895,0.59983857,0.75048471,0.24951529,0.10735284,0.0865999,0.00213085,0.03327521,0.02093235,635428,-0.21369962,0.41299991,0.57310933,-0.16010942,-0.0535902,-0.21204674542528734,-0.21250601657471258,0.0004592711494252541,White
95,9,768697,0.51430058,0.47032556,0.30199106,0.69800894,0.12761085,0.52325717,0.00313462,0.05461774,0.0191168,592097,0.04397502,0.58948002,0.39814669,0.19133333,-0.14735831,0.045627894574712675,0.13893673342528734,-0.09330883885057464,Hispanic
96,10,768586,0.56226556,0.42135748,0.4029962,0.5970038,0.28605084,0.23018455,0.0026514,0.05961325,0.01690036,588745,0.14090808,0.60731289,0.38022267,0.22709022,-0.08618214,0.14256095457471268,0.17469362342528738,-0.032132668850574676,Minority
97,11,769849,0.33138184,0.65855489,0.77008432,0.22991568,0.07858793,0.10858445,0.00151178,0.02242064,0.01892657,648242,-0.32717305,0.35338069,0.63756683,-0.28418614,-0.04298691,-0.3255201754252874,-0.33658273657471266,0.011062561149425297,White
98,12,769906,0.37014615,0.61681563,0.76955128,0.23044872,0.05474199,0.12512502,0.00166316,0.03085069,0.01967191,625918,-0.24666948,0.39458844,0.59293644,-0.198348,-0.04832148,-0.2450166054252873,-0.25074459657471265,0.00572799114942537,White
99,13,768405,0.48439349,0.50095145,0.72485317,0.27514683,0.11465593,0.09651032,0.00183611,0.04386035,0.01839648,649744,-0.01655796,0.51321617,0.47300663,0.04020954,-0.0567675,-0.014905085425287339,-0.012187056574712654,-0.0027180288505746844,White
100,14,768763,0.53405075,0.44859962,0.42526785,0.57473215,0.23281795,0.29202476,0.00240025,0.05126955,0.01803093,602853,0.08545113,0.59704626,0.3872784,0.20976786,-0.12431673,0.08710400457471269,0.1573712634252874,-0.0702672588505747,Minority
101,15,768932,0.43192036,0.55129984,0.55389499,0.44610501,0.12108404,0.25204741,0.00198898,0.0636457,0.01959054,594777,-0.11937948,0.47054844,0.51613535,-0.04558691,-0.07379257,-0.11772660542528733,-0.09798350657471262,-0.019743098850574715,White
102,16,769853,0.39788905,0.59043724,0.78451184,0.21548816,0.05861161,0.11424615,0.00112505,0.02447286,0.0146871,650639,-0.19254819,0.43540692,0.55434189,-0.11893497,-0.07361322,-0.19089531542528732,-0.17133156657471266,-0.019563748850574637,White
103,17,768659,0.33707837,0.65306834,0.68797841,0.31202159,0.09101919,0.18633404,0.00123667,0.01840969,0.0166943,626681,-0.31598997,0.3883041,0.60315481,-0.21485071,-0.10113926,-0.31433709542528737,-0.2672473065747127,-0.04708978885057467,White
104,18,768527,0.37017014,0.61840139,0.60852946,0.39147054,0.133018,0.22248279,0.00169755,0.02373086,0.02112575,603813,-0.24823125,0.39734276,0.59042507,-0.19308231,-0.05514894,-0.24657837542528743,-0.2454789065747126,-0.0010994688505748043,White
105,19,768792,0.33205493,0.65696307,0.71397929,0.28602071,0.05241636,0.20106862,0.00106707,0.01953781,0.01314154,647565,-0.32490814,0.37159579,0.62080466,-0.24920887,-0.07569927,-0.3232552654252873,-0.30160546657471266,-0.021649798850574643,White
106,20,769818,0.39595197,0.59298647,0.69738334,0.30261666,0.12208756,0.1424043,0.00153819,0.02153936,0.01662192,630613,-0.1970345,0.42799352,0.56290895,-0.13491543,-0.06211907,-0.19538162542528742,-0.18731202657471258,-0.008069598850574823,White
107,21,769091,0.49903952,0.48820112,0.4534699,0.5465301,0.22769914,0.27993673,0.00188874,0.03497641,0.01781923,605694,0.0108384,0.56623782,0.42476808,0.14146974,-0.13063134,0.01249127457471267,0.08907314342528737,-0.07658186885057469,Minority
108,22,768932,0.50947982,0.47840276,0.64392941,0.35607059,0.13294168,0.15594447,0.00128812,0.04247628,0.00917488,632706,0.03107706,0.57040765,0.42217982,0.14822783,-0.11715077,0.03272993457471269,0.09583123342528742,-0.06310129885057472,White
109,23,769547,0.64433432,0.34453491,0.34688239,0.65311761,0.3950282,0.21126613,0.00188633,0.03113014,0.01125034,620781,0.29979941,0.6998991,0.29270532,0.40719378,-0.10739437,0.3014522845747126,0.3547971834252874,-0.05334489885057473,Black
110,24,769777,0.50846254,0.47804889,0.43134985,0.56865015,0.13603783,0.36880518,0.00176615,0.05829282,0.01260182,611499,0.03041365,0.57694334,0.41476559,0.16217775,-0.1317641,0.03206652457471266,0.10978115342528737,-0.0777146288505747,Minority
111,25,768681,0.68474535,0.30403673,0.09357731,0.90642269,0.50414504,0.39661845,0.00151832,0.02944018,0.0096155,601321,0.38070862,0.77419926,0.21838463,0.55581463,-0.17510601,0.3823614945747127,0.5034180334252873,-0.12105653885057463,Black
112,26,769697,0.48385395,0.50286909,0.27548481,0.72451519,0.08989668,0.60400509,0.00101413,0.0298736,0.00979015,637988,-0.01901514,0.56779167,0.42443988,0.14335179,-0.16236693,-0.017362265425287397,0.09095519342528734,-0.10831745885057473,Hispanic
113,27,769748,0.29856323,0.69339752,0.05737905,0.94262095,0.03597869,0.90690379,0.00068378,0.01516601,0.00588931,634709,-0.39483429,0.38284919,0.61090048,-0.22805129,-0.166783,-0.39318141542528734,-0.2804478865747126,-0.11273352885057472,Hispanic
114,28,768545,0.37577163,0.61486842,0.16275103,0.83724897,0.10917951,0.71675645,0.00098848,0.02292522,0.0118585,604967,-0.23909679,0.47322404,0.51918005,-0.04595601,-0.19314078,-0.2374439154252873,-0.09835260657471263,-0.13909130885057466,Hispanic
115,1,765246,0.44201594,0.55221272,0.58640905,0.41359095,0.30020116,0.0660615,0.00302585,0.03109015,0.01974745,591570,-0.11019678,0.45266883,0.53287546,-0.08020663,-0.02999015,-0.10854390542528734,-0.13260322657471257,0.024059321149425238,White
116,2,764575,0.54220999,0.45331784,0.43167619,0.56832381,0.4852552,0.05066403,0.00232214,0.02311605,0.01517288,588682,0.08889215,0.54962173,0.44076485,0.10885688,-0.01996473,0.09054502457471265,0.0564602834252874,0.034084741149425245,Black
117,3,764851,0.3249124,0.66962059,0.68246591,0.31753409,0.22812076,0.04772341,0.00102452,0.02195769,0.02012915,589543,-0.34470819,0.32571339,0.6627838,-0.33707041,-0.007637779999999927,-0.34305531542528733,-0.38946700657471267,0.04641169114942536,White
118,4,764860,0.80376581,0.18644363,0.25828271,0.74171729,0.57731238,0.09969496,0.00129023,0.06329497,0.01705331,585165,0.61732218,0.8144285,0.17470577,0.63972273,-0.02240055,0.6189750545747127,0.5873261334252874,0.03164892114942532,Black
119,5,765740,0.84501848,0.14561104,0.3277,0.6723,0.56381485,0.05831077,0.00130608,0.04719459,0.01290599,620177,0.69940744,0.85004146,0.13882522,0.71121624,-0.0118088,0.7010603145747126,0.6588196434252874,0.04224067114942522,Black
120,6,764960,0.49820851,0.48850242,0.60526808,0.39473192,0.12460938,0.09285489,0.00126139,0.16091976,0.01440995,577934,0.00970609,0.50529034,0.4801117,0.02517864,-0.01547255,0.011358964574712645,-0.027217956574712668,0.03857692114942531,White
121,7,764584,0.55283919,0.43425486,0.353272,0.646728,0.24712046,0.22853649,0.00162881,0.16730343,0.02171807,566671,0.11858433,0.56564526,0.42021164,0.14543362,-0.02684929,0.12023720457471267,0.0930370234252874,0.02720018114942526,Minority
122,8,764887,0.27865027,0.71830209,0.63054909,0.36945091,0.27583525,0.06888431,0.00122809,0.0115067,0.01673763,583834,-0.43965182,0.29805023,0.69349239,-0.39544216,-0.04420966,-0.4379989454252874,-0.44783875657471256,0.009839811149425191,White
123,9,765061,0.27059572,0.72227161,0.74504776,0.25495224,0.06964829,0.12863893,0.00110956,0.03185615,0.02576214,582211,-0.45167589,0.2659843,0.71842512,-0.45244082,0.0007649300000000525,-0.45002301542528733,-0.5048374165747127,0.05481440114942534,White
124,10,765810,0.28848348,0.70548347,0.76000461,0.23999539,0.12426643,0.06524359,0.00112164,0.02712961,0.0219604,599124,-0.41699999,0.29492509,0.69215468,-0.39722959,-0.0197704,-0.41534711542528735,-0.44962618657471265,0.03427907114942532,White
125,11,766095,0.60576761,0.38490242,0.44911561,0.55088439,0.35615187,0.13199774,0.00148806,0.04777991,0.02069427,592048,0.22086519,0.59686165,0.38788165,0.20898,0.01188519,0.22251806457471263,0.15658340342528737,0.06593466114942528,Minority
126,12,764584,0.46415867,0.53052613,0.52210334,0.47789666,0.38850878,0.04613013,0.00237491,0.03055693,0.01699917,586970,-0.06636746,0.47540988,0.51243795,-0.03702807,-0.02933939,-0.0647145854252874,-0.08942466657471267,0.024710081149425266,White
127,13,764909,0.7076192,0.2863495,0.27608558,0.72391442,0.592055,0.08916576,0.0014817,0.03870929,0.01770017,572989,0.4212697,0.68690861,0.30302531,0.3838833,0.0373864,0.42292257457471266,0.3314867034252874,0.09143587114942528,Black
128,14,765746,0.25465432,0.74007684,0.76592167,0.23407833,0.09689109,0.0988933,0.0010131,0.01303149,0.02826062,583356,-0.48542252,0.24967344,0.73818172,-0.48850828,0.00308576,-0.48376964542528733,-0.5409048765747126,0.057135231149425335,White
129,1,727502,0.59628087,0.38242165,0.31815095,0.68184905,0.02401282,0.09569419,0.28379491,0.4325984,0.03034013,568488,0.21385922,0.63551047,0.34131755,0.29419292,-0.0803337,0.2155120945747126,0.2417963234252874,-0.026284228850574777,Asian
130,2,727769,0.61616178,0.36659497,0.1613147,0.8386853,0.03120952,0.06589186,0.1755431,0.68201635,0.01852347,587417,0.24956681,0.63925874,0.34413213,0.29512661,-0.0455598,0.2512196845747126,0.24273001342528744,0.008489671149425192,Asian
131,1,797654,0.45335933,0.52824174,0.84415125,0.15584875,0.04889876,0.057581,0.00171609,0.02865315,0.01635614,618850,-0.07488241,0.48074682,0.49858009,-0.01783327,-0.05704914,-0.07322953542528736,-0.0702298665747126,-0.0029996688505747673,White
132,2,797263,0.44110637,0.54151042,0.88238909,0.11761091,0.0479242,0.03161814,0.00311657,0.01787408,0.01472832,616703,-0.10040405,0.46770209,0.51190883,-0.04420674,-0.05619731,-0.09875117542528737,-0.09660333657471261,-0.0021478388505747695,White
133,3,797716,0.50852961,0.473065,0.80843194,0.19156806,0.05343808,0.0678155,0.00331165,0.05102646,0.01529722,606646,0.03546461,0.53007685,0.4472327,0.08284415,-0.04737954,0.037117484574712596,0.03044755342528742,0.0066699311494251776,White
134,4,797736,0.2905163,0.69350561,0.88297165,0.11702835,0.01957875,0.06223187,0.00268957,0.01355477,0.0168316,607904,-0.40298931,0.31333445,0.66975347,-0.35641902,-0.04657029,-0.40133643542528735,-0.4088156165747126,0.007479181149425272,White
135,1,919790,0.25492336,0.71705501,0.83842998,0.16157002,0.00763589,0.09548865,0.00349319,0.0157484,0.03640963,688197,-0.46213165,0.27967484,0.69082806,-0.41115322,-0.05097843,-0.4604787754252874,-0.4635498165747126,0.003071041149425212,White
136,2,919316,0.35229869,0.6208007,0.7911343,0.2088657,0.01568142,0.12494133,0.00482706,0.03127566,0.02974122,688203,-0.26850201,0.38244403,0.5867675,-0.20432347,-0.06417854,-0.2668491354252873,-0.25672006657471264,-0.010129068850574664,White
137,1,753630,0.66140554,0.31185455,0.35632247,0.64367753,0.50079457,0.12043889,0.00098725,0.01949427,0.01480016,586480,0.34955099,0.72481617,0.26135252,0.46346365,-0.11391266,0.3512038645747126,0.4110670534252874,-0.05986318885057477,Black
138,2,753578,0.67606133,0.30681989,0.3539912,0.6460088,0.50120553,0.12666765,0.00093331,0.01279155,0.01633814,578585,0.36924144,0.71640499,0.27034459,0.4460604,-0.07681896,0.37089431457471267,0.3936638034252874,-0.022769488850574705,Black
139,3,753310,0.67495238,0.3006198,0.46446313,0.53553687,0.04876525,0.41412068,0.00172345,0.07259277,0.03162046,601699,0.37433258,0.72602927,0.2557019,0.47032737,-0.09599479,0.37598545457471266,0.41793077342528734,-0.041945318850574655,Minority
140,4,753750,0.62541291,0.35160116,0.26953643,0.73046357,0.06081896,0.60007329,0.00116451,0.06891595,0.04719187,567619,0.27381175,0.71881708,0.26310808,0.455709,-0.18189725,0.2754646245747126,0.40331240342528735,-0.12784777885057472,Hispanic
141,5,754068,0.47593843,0.50070451,0.74503204,0.25496796,0.07671398,0.12551678,0.00090953,0.03205747,0.02088645,580520,-0.02476608,0.48922617,0.4885364,0.000689770000000034,-0.02545585,-0.02311320542528738,-0.05170682657471261,0.02859362114942523,White
142,6,753527,0.52242898,0.44401702,0.63039072,0.36960928,0.09965472,0.16934819,0.00103182,0.08959792,0.01627738,573741,0.07841196,0.56589726,0.41607937,0.14981789,-0.07140593,0.08006483457471271,0.09742129342528731,-0.01735645885057461,White
143,7,753400,0.83039852,0.15008198,0.3523902,0.6476098,0.42816019,0.12371749,0.001345,0.09317436,0.01371127,620074,0.68031654,0.86567329,0.1188714,0.74680189,-0.06648535,0.6819694145747126,0.6944052934252875,-0.012435878850574823,Black
144,8,753998,0.56454246,0.41470954,0.65978202,0.34021798,0.029616,0.13197694,0.00098288,0.16981951,0.01395555,594172,0.14983292,0.59308809,0.38986115,0.20322694,-0.05339402,0.15148579457471262,0.15083034342528734,0.0006554511494252999,White
145,9,753771,0.77750252,0.19807185,0.61806242,0.38193758,0.10436681,0.11532201,0.00154735,0.15261917,0.01479868,622353,0.57943067,0.80288752,0.17992788,0.62295964,-0.04352897,0.5810835445747127,0.5705630434252873,0.010520501149425397,White
146,10,752957,0.58411568,0.38927948,0.6246983,0.3753017,0.07159998,0.20469195,0.00175965,0.08549061,0.02164079,573408,0.1948362,0.6058898,0.3746257,0.2312641,-0.0364279,0.19648907457471265,0.1788675034252874,0.017621571149425273,White
147,11,754138,0.54510388,0.41488878,0.65172196,0.34827804,0.05157776,0.14815194,0.00113106,0.13620233,0.01585878,585291,0.1302151,0.58192209,0.39674414,0.18517795,-0.05496285,0.1318679745747126,0.1327813534252873,-0.0009133788505746657,White
148,12,753019,0.25923814,0.72150599,0.88774623,0.11225377,0.0508253,0.02318747,0.00105221,0.01189014,0.02035681,592087,-0.46226785,0.2650855,0.71714937,-0.45206387,-0.01020398,-0.4606149754252874,-0.5044604665747127,0.043845491149425285,White
149,13,753744,0.47781354,0.49652089,0.73515739,0.26484261,0.18748231,0.03241039,0.00128243,0.02039271,0.02133919,586386,-0.01870735,0.48374074,0.49389419,-0.01015345,-0.0085539,-0.017054475425287367,-0.06255004657471265,0.04549557114942528,White
150,14,753785,0.53100699,0.45160528,0.58416586,0.41583414,0.06190264,0.27776054,0.00119494,0.06508146,0.02687187,564047,0.07940171,0.55899636,0.42030337,0.13869299,-0.05929128,0.08105458457471261,0.08629639342528732,-0.005241808850574715,White
151,15,754611,0.28917246,0.69002002,0.87284494,0.12715506,0.05745707,0.03768548,0.0009407,0.00970815,0.01794603,591050,-0.40084756,0.29913715,0.68133933,-0.38220218,-0.01864538,-0.3991946854252873,-0.43459877657471263,0.03540409114942535,White
152,16,753255,0.38928275,0.58866727,0.84797684,0.15202316,0.04241521,0.07484817,0.00088188,0.01351487,0.01867388,589647,-0.19938452,0.40579918,0.57334355,-0.16754437,-0.03184015,-0.19773164542528732,-0.21994096657471268,0.022209321149425386,White
153,17,753967,0.49362481,0.47862502,0.75325927,0.24674073,0.11127619,0.05026928,0.00140973,0.06538637,0.0177137,592310,0.01499979,0.49765212,0.47579783,0.02185429,-0.0068545,0.016652664574712657,-0.030542306574712644,0.0471949711494253,White
154,1,753822,0.49472395,0.48956732,0.63150493,0.36849507,0.1894632,0.14360532,0.00091854,0.01835005,0.02105568,580271,0.005156630000000051,0.53425382,0.44956415,0.08468967,-0.07953304,0.006809504574712695,0.03229307342528735,-0.025483568850574657,White
155,2,754157,0.36275794,0.62175831,0.78842225,0.21157775,0.07024887,0.09793951,0.00107312,0.01995437,0.02192351,570301,-0.25900037,0.38148994,0.60002511,-0.21853517,-0.0404652,-0.2573474954252874,-0.27093176657471263,0.013584271149425252,White
156,3,754216,0.33477695,0.64839117,0.83199515,0.16800485,0.06581538,0.05384443,0.00113181,0.02750764,0.01864296,563698,-0.31361422,0.33897078,0.63959838,-0.3006276,-0.01298662,-0.31196134542528736,-0.3530241965747126,0.04106285114942528,White
157,4,753732,0.38271412,0.59953898,0.84210262,0.15789738,0.04074254,0.04579358,0.00563418,0.04702835,0.01909138,598490,-0.21682486,0.39317773,0.58625212,-0.19307439,-0.02375047,-0.21517198542528743,-0.24547098657471267,0.030299001149425263,White
158,5,754210,0.50707205,0.47451831,0.7679272,0.2320728,0.10666175,0.0533741,0.00120844,0.05355933,0.01552092,566848,0.03255374,0.5031859,0.47644782,0.02673808,0.005815660000000056,0.03420661457471264,-0.0256585165747127,0.05986513114942534,White
159,6,753981,0.31448933,0.66753873,0.87237784,0.12762216,0.05893766,0.03402737,0.00088608,0.01122703,0.01978055,589114,-0.3530494,0.32136838,0.65810704,-0.33673866,-0.01631074,-0.3513965254252873,-0.3891352565747126,0.037738731149425296,White
160,7,753724,0.60942081,0.37454526,0.52291897,0.47708103,0.29626536,0.11908537,0.0014862,0.04643739,0.02130331,563856,0.23487555,0.6213636,0.36010501,0.26125859,-0.02638304,0.23652842457471268,0.20886199342528738,0.027666431149425318,White
161,8,753899,0.33934994,0.64403089,0.87921661,0.12078339,0.05309923,0.03068628,0.00165398,0.01336077,0.01926833,581628,-0.30468095,0.35169471,0.63001145,-0.27831674,-0.02636421,-0.30302807542528737,-0.33071333657471264,0.027685261149425287,White
162,9,753787,0.26499095,0.71785502,0.90102408,0.09897592,0.01811288,0.03231306,0.00091463,0.02353153,0.0205715,578373,-0.45286407,0.26959378,0.71021904,-0.44062526,-0.01223881,-0.45121119542528737,-0.49302185657471265,0.0418106611494253,White
163,1,734718,0.22865241,0.75372175,0.80842277,0.19157723,0.02441894,0.11904437,0.0019132,0.01237205,0.03551373,556658,-0.52506934,0.23636744,0.74380669,-0.50743925,-0.01763009,-0.5234164654252873,-0.5598358465747126,0.036419381149425355,White
164,2,734185,0.44192476,0.5382856,0.78416787,0.21583213,0.06935499,0.07937439,0.00290407,0.0284931,0.03840827,566102,-0.09636084,0.45197693,0.52222258,-0.07024565,-0.02611519,-0.09470796542528735,-0.12264224657471264,0.027934281149425276,White
165,3,734397,0.55485532,0.42781514,0.70014888,0.29985112,0.09257974,0.12194241,0.00177972,0.06032075,0.0247119,553458,0.12704018,0.55722866,0.42246887,0.13475979,-0.00771961,0.1286930545747127,0.0823631934252874,0.0463298611494253,White
166,4,734580,0.38792044,0.59469594,0.7278005,0.2721995,0.07969474,0.11371403,0.00230339,0.04073781,0.04105602,553098,-0.2067755,0.39300081,0.58356198,-0.19056117,-0.01621433,-0.20512262542528742,-0.24295776657471269,0.03783514114942529,White
167,1,750253,0.25853803,0.72806452,0.86279642,0.13720358,0.07405503,0.02906145,0.00133648,0.01047888,0.02077599,577638,-0.46952649,0.28115856,0.70316786,-0.4220093,-0.04751719,-0.4678736154252874,-0.4744058965747126,0.006532281149425244,White
168,2,751552,0.26416103,0.72187529,0.86065638,0.13934362,0.0623985,0.03296308,0.00236741,0.01857452,0.0211573,575735,-0.45771426,0.28657348,0.69703065,-0.41045717,-0.04725709,-0.4560613854252873,-0.4628537665747126,0.00679238114942534,White
169,3,751130,0.58453481,0.39698732,0.65598692,0.34401308,0.22053577,0.06840397,0.00166781,0.03753083,0.01875101,589995,0.18754749,0.60214249,0.37906088,0.22308161,-0.03553412,0.18920036457471262,0.17068501342528736,0.018515351149425284,White
170,4,750663,0.3215082,0.66112394,0.88274953,0.11725047,0.04118918,0.03403463,0.0015819,0.01715514,0.02013635,569567,-0.33961574,0.3338429,0.64816053,-0.31431763,-0.02529811,-0.3379628654252873,-0.3667142265747126,0.0287513611494253,White
171,5,751297,0.16387554,0.8242307,0.94180183,0.05819817,0.01899812,0.01321126,0.00056007,0.00514483,0.01822972,585637,-0.66035516,0.18564971,0.80210719,-0.61645748,-0.04389768,-0.6587022854252873,-0.6688540765747126,0.010151791149425347,White
172,6,750941,0.43929893,0.54080345,0.80345208,0.19654792,0.09531066,0.05096288,0.00239695,0.02892908,0.01966419,585328,-0.10150452,0.46006818,0.5195134,-0.05944522,-0.0420593,-0.09985164542528734,-0.11184181657471266,0.01199017114942532,White
173,1,776136,0.29816361,0.68630579,0.64921223,0.35078777,0.19619885,0.09865566,0.00105225,0.02797416,0.03083648,597766,-0.38814218,0.3001517,0.68341681,-0.38326511,-0.00487707,-0.38648930542528737,-0.4356617065747126,0.04917240114942525,White
174,2,776705,0.67623515,0.30256517,0.37842289,0.62157711,0.49311174,0.08864068,0.00117981,0.0358447,0.01622359,606031,0.37366998,0.69163633,0.29142272,0.40021361,-0.02654363,0.37532285457471265,0.34781701342528737,0.0275058411494253,Black
175,3,775735,0.22653471,0.75989912,0.72613178,0.27386822,0.18206172,0.04914593,0.00160426,0.02102105,0.02072719,585318,-0.53336441,0.23568086,0.74693826,-0.5112574,-0.02210701,-0.5317115354252874,-0.5636539965747126,0.03194246114942525,White
176,4,776115,0.33143878,0.6565131,0.5970402,0.4029598,0.3215719,0.04056152,0.00128243,0.01537234,0.02536352,596526,-0.32507432,0.3489265,0.63608213,-0.28715563,-0.03791869,-0.32342144542528733,-0.3395522265747127,0.016130781149425365,White
177,5,776858,0.54259929,0.44205793,0.41175749,0.58824251,0.52183685,0.03978557,0.00091109,0.01725868,0.0129167,594889,0.10054136,0.57296857,0.41071622,0.16225235,-0.06171099,0.10219423457471262,0.10985575342528735,-0.007661518850574735,Black
178,6,776208,0.25158013,0.73166045,0.74333156,0.25666844,0.1539309,0.05820161,0.00096607,0.02162815,0.01981973,590018,-0.48008032,0.24542495,0.73546706,-0.49004211,0.00996179,-0.47842744542528737,-0.5424387065747126,0.06401126114942526,White
179,1,780843,0.61120821,0.35123803,0.72196777,0.27803223,0.07643149,0.15224525,0.00172365,0.04079411,0.01710695,632959,0.25997018,0.65652551,0.32008238,0.33644313,-0.07647295,0.2616230545747127,0.2840465334252874,-0.022423478850574698,White
180,2,781640,0.50707009,0.45727186,0.75712025,0.24287975,0.06614401,0.11617857,0.00138228,0.03968512,0.01582883,623609,0.04979823,0.55189539,0.42095536,0.13094003,-0.0811418,0.0514511045747127,0.07854343342528734,-0.027092328850574644,White
181,3,780862,0.59121367,0.36919709,0.7418532,0.2581468,0.04271122,0.06570146,0.00102327,0.11744693,0.0091948,616653,0.22201658,0.63103837,0.34539237,0.285646,-0.06362942,0.22366945457471266,0.23324940342528733,-0.00957994885057465,White
182,4,781506,0.56871884,0.39384787,0.80503803,0.19496197,0.0449936,0.05057226,0.00103929,0.06168729,0.01015544,614843,0.17487097,0.6147883,0.36042729,0.25436101,-0.07949004,0.1765238445747126,0.20196441342528731,-0.025440568850574698,White
183,5,780544,0.78044781,0.16961566,0.66555748,0.33444252,0.06767755,0.07909693,0.00144578,0.16956327,0.00831436,660544,0.61083215,0.82429297,0.15463365,0.66965932,-0.05882717,0.6124850245747127,0.6172627234252874,-0.004777698850574753,White
184,6,781210,0.58805918,0.37640778,0.69675348,0.30324652,0.06024491,0.20294258,0.00146789,0.04027452,0.01364843,617214,0.2116514,0.63934062,0.33865219,0.30068843,-0.08903703,0.21330427457471263,0.24829183342528738,-0.03498755885057473,White
185,7,781174,0.70032987,0.25776429,0.43823472,0.56176528,0.22572666,0.20980278,0.00174911,0.11780281,0.01393378,643185,0.44256558,0.77961469,0.20301161,0.57660308,-0.1340375,0.44421845457471265,0.5242064834252874,-0.07998802885057474,Minority
186,8,781499,0.60626752,0.35428504,0.68254865,0.31745135,0.13748986,0.05161538,0.00117738,0.10239185,0.00902229,617471,0.25198248,0.65819618,0.3198916,0.33830458,-0.0863221,0.2536353545747126,0.2859079834252874,-0.03227262885057478,White
187,9,780639,0.5407401,0.4278543,0.83865389,0.16134611,0.04820281,0.05769367,0.0013323,0.01780163,0.01392557,637245,0.1128858,0.58455095,0.39450859,0.19004236,-0.07715656,0.11453867457471258,0.1376457634252874,-0.02310708885057481,White
188,1,771487,0.40169338,0.57009694,0.74548719,0.25451281,0.15856709,0.04530253,0.00151744,0.03091652,0.01932344,607604,-0.16840356,0.41489133,0.55948663,-0.1445953,-0.02380826,-0.16675068542528737,-0.1969918965747126,0.03024121114942526,White
189,2,771491,0.58625298,0.37959167,0.5988395,0.4011605,0.27174904,0.04846188,0.00120404,0.06926377,0.01453263,606291,0.20666131,0.60302952,0.36902042,0.2340091,-0.02734779,0.20831418457471268,0.18161250342528734,0.02670168114942536,White
190,3,772487,0.60644676,0.35679601,0.58819066,0.41180934,0.21981801,0.08658863,0.00214219,0.0905263,0.0200401,597053,0.24965075,0.61900309,0.35181462,0.26718847,-0.01753772,0.2513036245747126,0.21479187342528733,0.03651175114942531,White
191,4,772454,0.83546614,0.13180659,0.177855,0.822145,0.52532197,0.22814942,0.0016456,0.07342477,0.02553018,597959,0.70365955,0.87702235,0.10092459,0.77609776,-0.07243821,0.7053124245747127,0.7237011634252873,-0.01838873885057466,Black
192,5,772235,0.67310697,0.29955467,0.36914757,0.63085243,0.51439864,0.07149539,0.00205981,0.03573517,0.02237896,598598,0.3735523,0.70262294,0.27633363,0.42628931,-0.05273701,0.3752051745747126,0.3738927134252874,0.0013124611494252023,Black
193,6,771489,0.51458562,0.45287557,0.64400334,0.35599666,0.13343453,0.10688574,0.00158465,0.10089908,0.01892244,599500,0.06171005,0.53763404,0.43653857,0.10109547,-0.03938542,0.06336292457471261,0.04869887342528738,0.014664051149425227,White
194,7,772525,0.75498868,0.21348367,0.36283519,0.63716481,0.50931964,0.07079627,0.00123238,0.04745794,0.01893022,611826,0.54150501,0.78213387,0.19696552,0.58516835,-0.04366334,0.5431578845747126,0.5327717534252874,0.010386131149425236,Black
195,8,771235,0.73208108,0.22749828,0.50095327,0.49904673,0.14587061,0.16272086,0.00167178,0.1792676,0.01597663,596371,0.5045828,0.76637723,0.2086292,0.55774803,-0.05316523,0.5062356745747127,0.5053514334252874,0.0008842411494253341,White
196,1,681292,0.58933578,0.38776313,0.90388975,0.09611025,0.02952566,0.01855749,0.00105939,0.02069255,0.01810553,553146,0.20157265,0.59166657,0.37942439,0.21224218,-0.01066953,0.2032255245747126,0.15984558342528737,0.04337994114942525,White
197,2,681067,0.45506265,0.52523414,0.92922385,0.07077615,0.01010524,0.01327075,0.00100909,0.01178765,0.02655587,556939,-0.07017149,0.46697628,0.5045038,-0.03752752,-0.03264397,-0.06851861542528735,-0.08992411657471257,0.02140550114942521,White
198,1,775197,0.39116374,0.59412087,0.9066552,0.0933448,0.01441316,0.01641662,0.00105312,0.00857042,0.04540265,632408,-0.20295713,0.39735928,0.58713586,-0.18977658,-0.01318055,-0.2013042554252874,-0.2421731765747126,0.04086892114942522,White
199,2,775012,0.33501249,0.65015593,0.89497184,0.10502816,0.02580527,0.03772935,0.00079802,0.00844512,0.02527436,606504,-0.31514344,0.34340746,0.63938491,-0.29597745,-0.01916599,-0.3134905654252874,-0.3483740465747126,0.03488348114942521,White
200,3,775810,0.5328883,0.45035628,0.73902287,0.26097713,0.11771019,0.08821661,0.00114009,0.0349951,0.02141431,598198,0.08253202,0.53483325,0.44573002,0.08910323,-0.00657121,0.08418489457471263,0.03670663342528739,0.04747826114942524,White
201,4,775449,0.46451043,0.52015001,0.78449618,0.21550382,0.08967443,0.07044011,0.00108287,0.02932819,0.02337747,594718,-0.05563958,0.47104436,0.51057859,-0.03953423,-0.01610535,-0.05398670542528743,-0.0919308265747127,0.03794412114942527,White
202,5,775117,0.35831039,0.62731364,0.86584144,0.13415856,0.04886763,0.0413361,0.00077623,0.01223998,0.02484912,606782,-0.26900325,0.37101619,0.6116429,-0.24062671,-0.02837654,-0.2673503754252874,-0.2930233065747126,0.025672931149425225,White
203,6,775498,0.58949175,0.38497447,0.74072037,0.25927963,0.09379455,0.0454305,0.0011789,0.09657489,0.01885922,620068,0.20451728,0.61330798,0.3732341,0.24007388,-0.0355566,0.2061701545747126,0.18767728342528733,0.018492871149425293,White
204,7,775630,0.48341898,0.50045606,0.82309515,0.17690485,0.06739085,0.04733865,0.00117964,0.03544614,0.02209539,613748,-0.01703708,0.49388334,0.48881912,0.00506422,-0.0221013,-0.015384205425287338,-0.047332376574712634,0.031948171149425296,White
205,8,775257,0.48285118,0.50286159,0.76241228,0.23758772,0.15150801,0.04434984,0.00081451,0.01484099,0.02309166,606496,-0.02001041,0.50249627,0.48237006,0.02012621,-0.04013662,-0.018357535425287334,-0.032270386574712664,0.01391285114942533,White
206,9,774772,0.3228947,0.66358794,0.89365646,0.10634354,0.02978105,0.03000271,0.00060751,0.01878022,0.01966686,609045,-0.34069324,0.33997786,0.64633871,-0.30636085,-0.03433239,-0.33904036542528737,-0.3587574465747126,0.01971708114942524,White
207,10,775309,0.5168423,0.46186589,0.75833949,0.24166051,0.13344932,0.02499255,0.00087864,0.06096886,0.01741649,627107,0.05497641,0.54419992,0.44165243,0.10254749,-0.04757108,0.05662928457471262,0.05015089342528732,0.0064783911494252985,White
208,11,774475,0.52148193,0.45761494,0.70861672,0.29138328,0.1139105,0.04792504,0.0007963,0.11047889,0.01450805,612832,0.06386699,0.54470599,0.44236088,0.10234511,-0.03847812,0.06551986457471261,0.04994851342528732,0.015571351149425282,White
209,12,774712,0.69989535,0.28165728,0.41564026,0.58435974,0.51795683,0.02852093,0.0009315,0.02250734,0.01912696,607624,0.41823807,0.72846363,0.25981814,0.46864549,-0.05040742,0.41989094457471265,0.4162488934252874,0.0036420511494252503,Black
210,13,775089,0.67559091,0.264836,0.42322863,0.57677137,0.44135942,0.08611567,0.00109141,0.0386879,0.01720863,579070,0.41075491,0.77720713,0.21169277,0.56551436,-0.15475945,0.41240778457471267,0.5131177634252874,-0.10070997885057467,Black
211,1,815433,0.35875985,0.62083021,0.88241769,0.11758231,0.02349509,0.05500106,0.00183922,0.01882925,0.01592606,626897,-0.26207036,0.37538039,0.60252229,-0.2271419,-0.03492846,-0.2604174854252874,-0.27953849657471264,0.019121011149425236,White
212,2,814910,0.52810118,0.44712244,0.79379352,0.20620648,0.06204856,0.05990029,0.00140732,0.06198857,0.01696729,616775,0.08097874,0.53335915,0.44223085,0.0911283,-0.01014956,0.08263161457471259,0.03873170342528735,0.04389991114942523,White
213,3,815157,0.7779198,0.191905,0.63647389,0.36352611,0.17533676,0.08260321,0.00157587,0.08264647,0.02660279,647263,0.5860148,0.78765216,0.18881002,0.59884214,-0.01282734,0.5876676745747127,0.5464455434252874,0.04122213114942532,White
214,4,814499,0.63729315,0.33698666,0.69830467,0.30169533,0.10162393,0.05979215,0.00155941,0.11923688,0.02041156,624597,0.30030649,0.64942921,0.32715851,0.3222707,-0.02196421,0.3019593645747126,0.26987410342528734,0.0320852611494253,White
215,5,815710,0.55889476,0.41424051,0.80635664,0.19364336,0.06007034,0.04023143,0.00113443,0.07243225,0.015482,624984,0.14465425,0.56061455,0.41578272,0.14483183,-0.0001775800000000105,0.14630712457471268,0.09243523342528741,0.053871891149425276,White
216,6,815560,0.32294146,0.65670762,0.89464613,0.10535387,0.03206394,0.03285038,0.00106497,0.01837328,0.0150653,610343,-0.33376616,0.33315776,0.64355418,-0.31039642,-0.02336974,-0.3321132854252874,-0.3627930165747126,0.030679731149425203,White
217,7,815222,0.41480004,0.56530441,0.89027392,0.10972608,0.01835088,0.01776326,0.00112352,0.01103466,0.05493669,638171,-0.15050437,0.43012613,0.54791345,-0.11778732,-0.03271705,-0.14885149542528736,-0.17018391657471266,0.021332421149425317,White
218,1,769615,0.77753413,0.20426633,0.4385886,0.5614114,0.45505377,0.04002075,0.00113237,0.05012371,0.01774318,611108,0.5732678,0.78530947,0.1985647,0.58674477,-0.01347697,0.5749206745747126,0.5343481734252873,0.040572501149425365,Black
219,2,769427,0.49288195,0.4887856,0.84975863,0.15024137,0.04427655,0.02988527,0.00095391,0.05187475,0.01738527,604880,0.00409635,0.48745174,0.49547438,-0.00802264,0.01211899,0.0057492245747126705,-0.06041923657471261,0.06616846114942529,White
220,3,769091,0.2849462,0.70305925,0.9011736,0.0988264,0.02617382,0.0209561,0.00107559,0.01338265,0.02793635,586655,-0.41811305,0.29209874,0.69024269,-0.39814395,-0.0199691,-0.4164601754252874,-0.45054054657471265,0.03408037114942527,White
221,4,770043,0.32278836,0.66273504,0.8494465,0.1505535,0.05726379,0.03510858,0.00239983,0.02064589,0.02949054,596293,-0.33994668,0.33037069,0.64903874,-0.31866805,-0.02127863,-0.3382938054252874,-0.37106464657471255,0.032770841149425155,White
222,5,769373,0.61278544,0.36957411,0.61754871,0.38245129,0.22623237,0.09297712,0.00419189,0.03463735,0.02989686,594243,0.24321133,0.62716172,0.35308721,0.27407451,-0.03086318,0.24486420457471264,0.22167791342528742,0.02318629114942524,White
223,6,769857,0.30461642,0.68298047,0.87245938,0.12754062,0.04304576,0.03635769,0.00312561,0.01273273,0.02815592,590604,-0.37836405,0.31079109,0.67147049,-0.3606794,-0.01768465,-0.3767111754252873,-0.41307599657471267,0.03636482114942537,White
224,7,769217,0.28076735,0.70688848,0.85038047,0.14961953,0.02626385,0.0495487,0.00448948,0.01903538,0.04573391,595838,-0.42612113,0.28348322,0.69818217,-0.41469895,-0.01142218,-0.4244682554252874,-0.4670955465747127,0.04262729114942534,White
225,8,768290,0.19663958,0.79441532,0.86826311,0.13173689,0.05424243,0.02544166,0.00164935,0.01323678,0.0314988,595991,-0.59777574,0.2067072,0.7794852,-0.572778,-0.02499774,-0.5961228654252874,-0.6251745965747126,0.029051731149425296,White
226,1,740089,0.2978278,0.68900457,0.67736545,0.32263455,0.26363911,0.03077115,0.00081443,0.01187597,0.01574628,569722,-0.39117677,0.32411354,0.66172273,-0.33760919,-0.05356758,-0.3895238954252874,-0.3900057865747127,0.00048189114942528283,White
227,2,740351,0.60658932,0.38253752,0.34422769,0.65577231,0.61935469,0.02134133,0.0006134,0.00936698,0.0093897,572223,0.2240518,0.63189906,0.35571464,0.27618442,-0.05213262,0.2257046745747126,0.2237878234252873,0.0019168511494253235,Black
228,3,740096,0.35659084,0.63404845,0.60428533,0.39571467,0.33853589,0.02318606,0.00078901,0.01355235,0.02104446,567798,-0.27745761,0.38260179,0.60508851,-0.22248672,-0.05497089,-0.27580473542528733,-0.2748833165747126,-0.0009214188505747081,White
229,4,740743,0.27764385,0.71152672,0.68583232,0.31416768,0.22232749,0.04530902,0.00167472,0.02270998,0.02251979,567856,-0.43388287,0.29749441,0.68761027,-0.39011586,-0.04376701,-0.4322299954252873,-0.4425124565747126,0.010282461149425347,White
230,1,542200,0.45653153,0.51079023,0.88142474,0.11857526,0.00978689,0.03817188,0.00225585,0.01613696,0.04355318,433539,-0.0542587,0.47658545,0.49675185,-0.0201664,-0.0340923,-0.05260582542528735,-0.07256299657471262,0.019957171149425267,White
231,2,542025,0.30573917,0.66410626,0.82917491,0.17082509,0.00767912,0.03206796,0.00237647,0.01094377,0.1134273,416584,-0.35836709,0.32750688,0.64875872,-0.32125184,-0.03711525,-0.3567142154252873,-0.37364843657471264,0.016934221149425353,White
232,1,745094,0.53422703,0.45514192,0.47444286,0.52555714,0.43630329,0.06108028,0.00131675,0.01378319,0.02116515,586294,0.07908511,0.55514895,0.43450885,0.1206401,-0.04155499,0.08073798457471272,0.06824350342528733,0.012494481149425384,Minority
233,2,745480,0.63368851,0.34615975,0.58156653,0.41843347,0.2451644,0.10829575,0.00141849,0.05290239,0.01894646,580900,0.28752876,0.64106563,0.33960863,0.301457,-0.01392824,0.2891816345747127,0.2490604034252874,0.040121231149425306,White
234,3,745518,0.34148755,0.6473933,0.68949212,0.31050788,0.18309571,0.08471384,0.00342424,0.02121635,0.02361213,587283,-0.30590575,0.35938444,0.6253156,-0.26593116,-0.03997459,-0.30425287542528734,-0.3183277565747126,0.014074881149425254,White
235,4,745790,0.65725985,0.32557936,0.56026929,0.43973071,0.26323852,0.10830778,0.00114927,0.05350511,0.02171481,593420,0.33168049,0.66363254,0.32198318,0.34164936,-0.009968870000000074,0.33333336457471263,0.28925276342528744,0.04408060114942521,White
236,5,745232,0.29861422,0.68953274,0.81516136,0.18483864,0.08407971,0.06416796,0.00078999,0.01591286,0.0217483,592414,-0.39091852,0.30253784,0.68490585,-0.38236801,-0.00855051,-0.38926564542528735,-0.43476460657471266,0.04549896114942533,White
237,6,745573,0.61887094,0.36409246,0.48746057,0.51253943,0.35417906,0.09966532,0.00141888,0.04734748,0.02138978,581446,0.25477848,0.62841628,0.35692482,0.27149146,-0.01671298,0.2564313545747126,0.21909486342528744,0.03733649114942519,Minority
238,7,745589,0.39240603,0.59621106,0.72361999,0.27638001,0.15938376,0.07787684,0.00146483,0.01309425,0.02680473,593925,-0.20380503,0.4006319,0.58587072,-0.18523882,-0.01856621,-0.20215215542528736,-0.2376354165747126,0.03548326114942526,White
239,8,745835,0.45678078,0.53119336,0.47440412,0.52559588,0.31774824,0.09346311,0.00416602,0.02613771,0.10036374,569369,-0.07441258,0.48167088,0.50435217,-0.02268129,-0.05173129,-0.0727597054252873,-0.07507788657471261,0.002318181149425301,Minority
240,9,745423,0.50102273,0.48029148,0.68645524,0.31354476,0.13884265,0.09013,0.00126759,0.06792681,0.01803345,564063,0.02073125,0.5055284,0.47749218,0.02803622,-0.00730497,0.022384124574712623,-0.02436037657471264,0.046744501149425265,White
241,10,746166,0.31241825,0.67728936,0.77209154,0.22790846,0.12241059,0.06233757,0.00104569,0.01978499,0.02430557,589083,-0.36487111,0.31145096,0.67632576,-0.3648748,3.6900000000561484e-06,-0.3632182354252873,-0.4172713965747126,0.05405316114942534,White
242,11,746090,0.46278811,0.52109011,0.84497033,0.15502967,0.03959502,0.06282607,0.0023412,0.01398526,0.03461263,613360,-0.058302,0.45557236,0.52831186,-0.0727395,0.0144375,-0.05664912542528743,-0.12513609657471259,0.06848697114942517,White
243,12,745808,0.70524987,0.27044938,0.36223271,0.63776729,0.40733243,0.15855948,0.00149455,0.06522181,0.02052555,570070,0.43480049,0.72533595,0.25800029,0.46733566,-0.03253517,0.43645336457471257,0.4149390634252873,0.021514301149425284,Black
244,13,745951,0.27920634,0.7093364,0.76681566,0.23318434,0.11417408,0.07733585,0.00092216,0.01870299,0.02338605,581244,-0.43013006,0.27928404,0.70780151,-0.42851747,-0.00161259,-0.42847718542528734,-0.48091406657471264,0.05243688114942532,White
245,14,745839,0.51752418,0.46356187,0.64737391,0.35262609,0.1385062,0.09905148,0.00186879,0.09627545,0.0213535,552228,0.05396231,0.51889115,0.4632713,0.05561985,-0.00165754,0.05561518457471266,0.0032232534252873285,0.05239193114942533,White
246,1,779094,0.3051079,0.66956852,0.84408473,0.15591527,0.03597425,0.03624099,0.0022832,0.02213077,0.05876768,596093,-0.36446062,0.31777451,0.65120268,-0.33342817,-0.03103245,-0.3628077454252874,-0.38582476657471265,0.023017021149425297,White
247,1,688457,0.50965425,0.47592038,0.85981788,0.14018212,0.02531041,0.05144487,0.00117055,0.04132825,0.01445412,557004,0.03373387,0.53252151,0.45197012,0.08055139,-0.04681752,0.03538674457471264,0.028154793425287414,0.0072319511494252295,White
248,2,689072,0.50356859,0.4813936,0.9168902,0.0831098,0.0136142,0.019772,0.0009988,0.01916349,0.0199636,563676,0.02217499,0.52488526,0.45772294,0.06716232,-0.04498733,0.02382786457471265,0.014765723425287355,0.009062141149425294,White
249,1,773531,0.57977384,0.40152437,0.63280786,0.36719214,0.17829105,0.1251563,0.00161356,0.0589124,0.0162434,603014,0.17824947,0.61155331,0.37489844,0.23665487,-0.0584054,0.1799023445747126,0.1842582734252874,-0.004355928850574765,White
250,2,773583,0.41719622,0.56596443,0.67943803,0.32056197,0.12187478,0.14731297,0.00164868,0.04176661,0.01932676,618676,-0.14876821,0.4602063,0.52658462,-0.06637832,-0.08238989,-0.14711533542528732,-0.11877491657471258,-0.028340418850574735,White
251,3,773339,0.60038749,0.38203441,0.59021953,0.40978047,0.20478239,0.12546789,0.0017029,0.07234883,0.01600562,616596,0.21835308,0.624169,0.36222798,0.26194102,-0.04358794,0.22000595457471267,0.20954442342528734,0.01046153114942535,White
252,4,774058,0.33502439,0.64795113,0.80475363,0.19524637,0.03951228,0.09639227,0.0008263,0.0461466,0.01134629,585742,-0.31292674,0.38232713,0.60545677,-0.22312964,-0.0897971,-0.3112738654252874,-0.2755262365747126,-0.03574762885057479,White
253,5,773645,0.46722805,0.51181417,0.67783611,0.32216389,0.04106335,0.11490323,0.00121207,0.16042609,0.00889777,612176,-0.04458612,0.52098411,0.46621663,0.05476748,-0.0993536,-0.04293324542528731,0.0023708834252873373,-0.045304128850574645,White
254,6,774433,0.48817183,0.48618498,0.5404483,0.4595517,0.10506727,0.18525384,0.00139389,0.16278301,0.01294097,611237,0.00198685,0.55367751,0.43329129,0.12038622,-0.11839937,0.0036397245747126286,0.06798962342528735,-0.06434989885057471,White
255,7,772998,0.50460437,0.47187808,0.67681312,0.32318688,0.09790352,0.14592623,0.00108901,0.06964386,0.01238526,603298,0.03272629,0.54076174,0.44344179,0.09731995,-0.06459366,0.03437916457471269,0.044923353425287346,-0.010544188850574655,White
256,8,773292,0.59498033,0.37836115,0.26941094,0.73058906,0.11773385,0.5109202,0.00219588,0.10399601,0.02269901,607956,0.21661918,0.69242846,0.29746879,0.39495967,-0.17834049,0.2182720545747126,0.3425630734252874,-0.12429101885057478,Hispanic
257,9,773780,0.5120756,0.45918013,0.36403386,0.63596614,0.13945578,0.41047526,0.00159241,0.10234731,0.02003338,600348,0.05289547,0.62888868,0.36096487,0.26792381,-0.21502834,0.05454834457471259,0.21552721342528736,-0.16097886885057475,Hispanic
258,10,772982,0.75382326,0.22415065,0.17151197,0.82848803,0.50372297,0.21305121,0.00209588,0.11660756,0.01509929,602611,0.52967261,0.83663065,0.15548755,0.6811431,-0.15147049,0.5313254845747126,0.6287465034252874,-0.09742101885057472,Black
259,11,772940,0.53183883,0.44728595,0.65710691,0.34289309,0.08254496,0.13414953,0.00107218,0.11934945,0.0103913,608105,0.08455288,0.5763899,0.41068091,0.16570899,-0.08115611,0.08620575457471265,0.11331239342528736,-0.027106638850574717,White
260,12,774435,0.55362311,0.41264644,0.47460964,0.52539036,0.11124011,0.15852153,0.00133758,0.25122026,0.01196303,611551,0.14097667,0.62049939,0.36578034,0.25471905,-0.11374238,0.1426295445747126,0.20232245342528737,-0.059692908850574745,Minority
261,1,705828,0.58558106,0.38889368,0.41660586,0.58339414,0.04021035,0.45359686,0.00303739,0.03996534,0.07130671,555081,0.19668738,0.60389773,0.37164008,0.23225765,-0.03557027,0.1983402545747126,0.1798610534252874,0.018479201149425216,Hispanic
262,2,705400,0.3819772,0.59830191,0.4199307,0.5800693,0.02972992,0.50572859,0.00246206,0.01711281,0.04193171,534512,-0.21632471,0.40431204,0.57533164,-0.1710196,-0.04530511,-0.21467183542528734,-0.22341619657471268,0.00874436114942536,Hispanic
263,3,706294,0.56227998,0.41464668,0.37924193,0.62075807,0.0149455,0.37252364,0.00218786,0.01800341,0.23022192,549396,0.1476333,0.59234486,0.38641644,0.20592842,-0.05829512,0.14928617457471266,0.15353182342528732,-0.004245648850574636,Minority
264,1,776028,0.60646681,0.3751234,0.26468624,0.73531376,0.17871364,0.4609618,0.01353511,0.08409585,0.03307065,578126,0.23134341,0.65345764,0.32455424,0.3289034,-0.09755999,0.23299628457471266,0.27650680342528733,-0.04351051885057464,Hispanic
265,2,776598,0.41854783,0.55808277,0.66780569,0.33219431,0.02810543,0.19774725,0.00895572,0.05956087,0.04507304,611341,-0.13953494,0.43039381,0.54085326,-0.11045945,-0.02907549,-0.1378820654252873,-0.16285604657471264,0.02497398114942536,White
266,3,775839,0.46821228,0.51501194,0.51423659,0.48576341,0.10133305,0.17322654,0.02042599,0.18897544,0.02432899,613630,-0.04679966,0.4961016,0.48474154,0.01136006,-0.05815972,-0.04514678542528732,-0.04103653657471269,-0.0041102488505746285,White
267,4,776149,0.46616761,0.51615707,0.53884853,0.46115147,0.13134086,0.1896239,0.01472726,0.11853747,0.0269997,610229,-0.04998946,0.48494246,0.4944713,-0.00952884,-0.04046062,-0.04833658542528734,-0.061925436574712625,0.013588851149425284,White
268,1,748290,0.43369217,0.55447957,0.73171413,0.26828587,0.06341196,0.14875432,0.00098829,0.04688389,0.01472785,601038,-0.1207874,0.4716108,0.51393117,-0.04232037,-0.07846703,-0.1191345254252874,-0.09471696657471264,-0.024417558850574762,White
269,2,748551,0.413296,0.57560246,0.61640492,0.38359508,0.10464854,0.23181271,0.00102929,0.04584892,0.01596239,590701,-0.16230646,0.46989579,0.51637342,-0.04647763,-0.11582883,-0.1606535854252874,-0.09887422657471263,-0.06177935885057476,White
270,3,748929,0.47823807,0.50535718,0.62852582,0.37147418,0.04524472,0.1291081,0.00098979,0.19089527,0.00896526,595075,-0.02711911,0.55054888,0.43620095,0.11434793,-0.14146704,-0.025466235425287302,0.0619513334252874,-0.0874175688505747,White
271,4,748466,0.50896001,0.47884108,0.51555788,0.48444212,0.19629602,0.20768253,0.00136774,0.08015357,0.01306937,587098,0.03011893,0.5757382,0.41135907,0.16437913,-0.1342602,0.03177180457471269,0.11198253342528734,-0.08021072885057465,White
272,5,747932,0.71155056,0.27318478,0.11707972,0.88292028,0.48942951,0.18873447,0.00494717,0.17824492,0.02786368,593066,0.43836578,0.816186,0.17633405,0.63985195,-0.20148617,0.4400186545747127,0.5874553534252873,-0.14743669885057462,Black
273,6,747999,0.52139218,0.45751154,0.25511244,0.74488756,0.05114715,0.17907766,0.00191543,0.51526001,0.01179367,614482,0.06388064,0.63835808,0.35036405,0.28799403,-0.22411339,0.06553351457471264,0.23559743342528744,-0.17006391885057479,Asian
274,7,747696,0.67075607,0.30333374,0.39371586,0.60628414,0.11359684,0.35764879,0.00301194,0.14625911,0.02452985,603265,0.36742233,0.74908679,0.23764541,0.51144138,-0.14401905,0.36907520457471266,0.4590447834252873,-0.08996957885057463,Minority
275,8,748085,0.70786939,0.27681601,0.27825572,0.72174428,0.50369591,0.15592981,0.00209845,0.08995847,0.01391827,592818,0.43105338,0.76741281,0.22366039,0.54375242,-0.11269904,0.4327062545747127,0.4913558234252873,-0.058649568850574575,Black
276,9,748731,0.67711328,0.30390561,0.31571755,0.68428245,0.50087084,0.10940524,0.00168885,0.0842504,0.01220056,567843,0.37320767,0.73827259,0.25293161,0.48534098,-0.11213331,0.3748605445747127,0.4329443834252874,-0.0580838388505747,Black
277,10,747585,0.78499549,0.18955827,0.4195265,0.5804735,0.10776629,0.18407291,0.00236433,0.29351701,0.0169053,597209,0.59543722,0.84256831,0.14381175,0.69875656,-0.10331934,0.5970900945747126,0.6463599634252873,-0.049269868850574695,Minority
278,11,748462,0.37109755,0.61028205,0.55388416,0.44611584,0.0877477,0.16717661,0.00158316,0.19526881,0.01457523,590591,-0.2391845,0.45570483,0.53209353,-0.0763887,-0.1627958,-0.23753162542528738,-0.12878529657471266,-0.1087463288505747,White
279,12,747443,0.80766385,0.17195031,0.63343034,0.36656966,0.06764075,0.12342299,0.00392283,0.17154858,0.00933529,666610,0.63571354,0.85414182,0.13121754,0.72292428,-0.08721074,0.6373664145747127,0.6705276834252875,-0.03316126885057478,White
280,13,747605,0.8194668,0.1619545,0.36559425,0.63440575,0.25796117,0.33473582,0.00247994,0.08622195,0.02134114,628645,0.6575123,0.88096699,0.10641098,0.77455601,-0.11704371,0.6591651745747127,0.7221594134252873,-0.06299423885057462,Minority
281,14,748777,0.63420642,0.34630084,0.2170433,0.7829567,0.155933,0.50120371,0.00278401,0.15037507,0.03278101,594826,0.28790558,0.75874142,0.23060455,0.52813687,-0.24023129,0.2895584545747127,0.47574027342528735,-0.18618181885057464,Hispanic
282,15,747979,0.71470379,0.27496064,0.048169,0.951831,0.36441696,0.65068214,0.00428351,0.03783588,0.03431436,561689,0.43974315,0.85271001,0.13913802,0.71357199,-0.27382884,0.4413960245747126,0.6611753934252874,-0.21977936885057478,Hispanic
283,16,748156,0.72915267,0.2605054,0.18015243,0.81984757,0.44975496,0.35968904,0.0027943,0.05957051,0.02148127,582973,0.46864727,0.81209924,0.17941709,0.63268215,-0.16403488,0.4703001445747126,0.5802855534252873,-0.1099854088505747,Black
284,17,748154,0.62308599,0.3713153,0.60694906,0.39305094,0.09719148,0.21224212,0.00119953,0.08019378,0.01399972,582726,0.25177069,0.6635533,0.32451571,0.33903759,-0.0872669,0.2534235645747126,0.28664099342528737,-0.03321742885057475,White
285,18,748292,0.43699872,0.55738152,0.62740785,0.37259215,0.1232788,0.18417395,0.00147387,0.05442729,0.01698613,546858,-0.1203828,0.48605843,0.50089536,-0.01483693,-0.10554587,-0.1187299254252873,-0.06723352657471267,-0.051496398850574644,White
286,19,747877,0.52164724,0.47029068,0.79472795,0.20527205,0.06380099,0.07435494,0.00125814,0.04468448,0.0202221,609630,0.05135656,0.52740969,0.45044405,0.07696564,-0.02560908,0.053009434574712584,0.024569043425287415,0.02844039114942517,White
287,20,747817,0.50464788,0.48524362,0.76093731,0.23906269,0.08782349,0.09828774,0.00121255,0.03596581,0.01893563,606159,0.01940426,0.52014182,0.45983813,0.06030369,-0.04089943,0.021057134574712706,0.007907093425287323,0.013150041149425383,White
288,21,747897,0.56069734,0.42801667,0.77105457,0.22894543,0.09426176,0.04995763,0.00161981,0.05987791,0.01862528,600689,0.13268067,0.57920006,0.39783832,0.18136174,-0.04868107,0.1343335445747127,0.12896514342528737,0.005368401149425349,White
289,22,748920,0.37863159,0.61591841,0.87554242,0.12445758,0.03824685,0.03788677,0.00148888,0.01285893,0.02754503,597095,-0.23728682,0.39787936,0.58232978,-0.18445042,-0.0528364,-0.23563394542528737,-0.23684701657471263,0.0012130711494252808,White
290,23,748574,0.53603859,0.45831936,0.78428466,0.21571534,0.10296161,0.04779884,0.00122085,0.04429333,0.02011445,592211,0.07771923,0.54579252,0.43171266,0.11407986,-0.03636063,0.07937210457471262,0.061683263425287335,0.01768884114942528,White
291,24,747812,0.3780874,0.61364075,0.89639593,0.10360407,0.03093163,0.03011565,0.00088482,0.01392536,0.02181147,595604,-0.23555335,0.38556581,0.59373658,-0.20817077,-0.02738258,-0.2339004754252873,-0.2605673665747126,0.026666891149425297,White
292,25,748690,0.39880405,0.59454433,0.89551682,0.10448318,0.03160897,0.03378435,0.00095977,0.01118453,0.02077558,598058,-0.19574028,0.40449065,0.57167086,-0.16718021,-0.02856007,-0.1940874054252873,-0.21957680657471262,0.02548940114942535,White
293,26,748021,0.5933063,0.39542589,0.699974,0.300026,0.16011944,0.0808683,0.00124307,0.05029315,0.0145981,596105,0.19788041,0.59685225,0.37796469,0.21888756,-0.02100715,0.1995332845747126,0.16649096342528735,0.033042321149425256,White
294,27,748436,0.59933773,0.3853096,0.67623941,0.32376059,0.18975737,0.06255388,0.00106214,0.06082622,0.01600442,595023,0.21402813,0.62702098,0.35483359,0.27218739,-0.05815926,0.21568100457471268,0.21979079342528735,-0.0041097888505746485,White
295,1,786375,0.59268522,0.39743873,0.64490617,0.35509383,0.2629149,0.03668337,0.00153406,0.03870427,0.01633712,612103,0.19524649,0.59290491,0.3917799,0.20112501,-0.00587852,0.19689936457471263,0.14872841342528736,0.04817095114942529,White
296,2,787238,0.24103666,0.75157209,0.92361357,0.07638643,0.03068883,0.0114199,0.00071548,0.00631819,0.02272846,610776,-0.51053543,0.25296012,0.73397264,-0.48101252,-0.02952291,-0.5088825554252874,-0.5334091165747126,0.024526561149425218,White
297,3,786120,0.6331545,0.35691744,0.52835505,0.47164495,0.3415494,0.07029312,0.00136376,0.04373397,0.02275428,586615,0.27623706,0.65354426,0.33053114,0.32301312,-0.04677606,0.2778899345747126,0.27061652342528736,0.007273411149425278,White
298,4,786229,0.29373172,0.69761965,0.9057464,0.0942536,0.03466256,0.0210749,0.00085343,0.01376819,0.01863605,609303,-0.40388793,0.29715919,0.68720663,-0.39004744,-0.01384049,-0.4022350554252874,-0.44244403657471265,0.04020898114942525,White
299,5,786530,0.23859266,0.75285489,0.9021993,0.0978007,0.03335446,0.03151479,0.00145315,0.01080574,0.01736316,602828,-0.51426223,0.24564659,0.73903825,-0.49339166,-0.02087057,-0.5126093554252874,-0.5457882565747126,0.033178901149425254,White
300,6,786268,0.30496993,0.68714528,0.91551939,0.08448061,0.0328341,0.01778674,0.00068964,0.00855895,0.0187964,624960,-0.38217535,0.32098113,0.66544761,-0.34446648,-0.03770887,-0.38052247542528733,-0.3968630765747126,0.01634060114942528,White
301,7,786877,0.50299775,0.48846068,0.83421201,0.16578799,0.0593068,0.05848572,0.00095265,0.03072414,0.01574012,630872,0.01453707,0.51033491,0.47735201,0.0329829,-0.01844583,0.016189944574712685,-0.01941369657471266,0.035603641149425345,White
302,8,786199,0.34524595,0.64553051,0.82696224,0.17303776,0.06303375,0.03765733,0.00143725,0.04829399,0.02021834,599060,-0.30028456,0.34846843,0.63652183,-0.2880534,-0.01223116,-0.2986316854252873,-0.3404499965747126,0.04181831114942532,White
303,9,787044,0.48018184,0.51025197,0.77549308,0.22450692,0.12915219,0.05625673,0.00078245,0.01859727,0.01947043,617295,-0.03007013,0.49539175,0.48743286,0.00795889,-0.03802902,-0.02841725542528733,-0.044437706574712646,0.016020451149425317,White
304,10,786541,0.46599331,0.52398062,0.73616179,0.26383821,0.17782737,0.03229403,0.0015484,0.03076998,0.0216776,616120,-0.05798731,0.47501051,0.50788818,-0.03287767,-0.02510964,-0.05633443542528737,-0.08527426657471267,0.028939831149425298,White
305,11,786587,0.75232664,0.24058603,0.43766194,0.56233806,0.44887762,0.06731027,0.00125354,0.04019869,0.0146004,619846,0.51174061,0.76523648,0.22461648,0.54062,-0.02887939,0.5133934845747127,0.48822340342528736,0.025170081149425337,Black
306,12,786751,0.31416945,0.67734479,0.91062535,0.08937465,0.03479062,0.01440179,0.00088161,0.01475706,0.02028356,607980,-0.36317534,0.3219804,0.66270552,-0.34072512,-0.02245022,-0.3615224654252874,-0.3931217165747127,0.03159925114942532,White
307,13,787201,0.51774194,0.47311226,0.77718846,0.22281154,0.14010301,0.02238908,0.00088771,0.03656048,0.01954235,626332,0.04462968,0.52916563,0.45661577,0.07254986,-0.02792018,0.046282554574712594,0.020153263425287435,0.02612929114942516,White
308,14,786540,0.4121813,0.57947864,0.84786629,0.15213371,0.08521591,0.03256229,0.00080551,0.0111812,0.01765562,625693,-0.16729734,0.42976484,0.55695087,-0.12718603,-0.04011131,-0.16564446542528743,-0.17958262657471263,0.01393816114942522,White
309,15,786948,0.58331222,0.40638488,0.78671013,0.21328987,0.06844357,0.03796503,0.00129011,0.08924065,0.01407138,617779,0.17692734,0.58841808,0.39620821,0.19220987,-0.01528253,0.17858021457471268,0.13981327342528732,0.03876694114942538,White
310,1,791763,0.38762809,0.59127733,0.61775541,0.38224459,0.10892835,0.11336277,0.00226652,0.03773856,0.13154675,598274,-0.20364924,0.3867882,0.58759453,-0.20080633,-0.002842910000000143,-0.20199636542528743,-0.25320292657471255,0.051206561149425144,White
311,2,791136,0.216605,0.76747708,0.65307197,0.34692803,0.0430018,0.04241776,0.00184425,0.01078089,0.25521071,607835,-0.55087208,0.22612614,0.75525596,-0.52912982,-0.02174226,-0.5492192054252873,-0.5815264165747126,0.03230721114942527,White
312,3,792029,0.24795269,0.72989278,0.74374701,0.25625299,0.0489245,0.08502391,0.00477516,0.02408131,0.09772704,598514,-0.48194009,0.23608946,0.74137697,-0.50528751,0.02334742,-0.4802872154252874,-0.5576841065747127,0.0773968911494253,White
313,4,791718,0.25583442,0.72592367,0.70118378,0.29881622,0.06423429,0.08078945,0.00306906,0.02657226,0.13148074,597578,-0.47008925,0.25552979,0.72208201,-0.46655222,-0.003537029999999941,-0.4684363754252874,-0.5189488165747127,0.050512441149425345,White
314,5,792707,0.53140766,0.44908024,0.54749982,0.45250018,0.16423253,0.16902302,0.00299426,0.0458704,0.08595605,608497,0.08232742,0.53372567,0.43782551,0.09590016,-0.01357274,0.08398029457471258,0.043503563425287425,0.04047673114942515,White
315,1,706185,0.58375931,0.37601418,0.68648133,0.31351867,0.02565592,0.14121371,0.00864755,0.10768153,0.03459928,551023,0.20774513,0.59575058,0.36889424,0.22685634,-0.01911121,0.2093980045747127,0.17445974342528742,0.0349382611494253,White
316,2,705713,0.34570595,0.62293851,0.78676256,0.21323744,0.01192105,0.11880341,0.00573724,0.01887784,0.05422133,557585,-0.27723256,0.36090392,0.61026124,-0.24935732,-0.02787524,-0.2755796854252874,-0.3017539165747127,0.02617423114942532,White
317,3,706244,0.81978496,0.13726086,0.69068007,0.30931993,0.06847823,0.10123391,0.00970494,0.10115674,0.03360458,583105,0.6825241,0.82377555,0.14791036,0.67586519,0.00665891,0.6841769745747126,0.6234685934252874,0.06070838114942525,White
318,4,706761,0.54740427,0.41529607,0.80626616,0.19373384,0.0164612,0.07952282,0.00620615,0.0423532,0.04615897,579909,0.1321082,0.55301535,0.41396303,0.13905232,-0.00694412,0.13376107457471265,0.08665572342528736,0.04710535114942529,White
319,5,705893,0.54910528,0.41288593,0.7552255,0.2447745,0.02288027,0.11840158,0.00810055,0.0643585,0.03312289,549469,0.13621935,0.55858244,0.4092125,0.14936994,-0.01315059,0.13787222457471265,0.09697334342528739,0.04089888114942527,White
320,6,706460,0.47248389,0.49173039,0.77161225,0.22838775,0.01387107,0.13671822,0.00881795,0.02732181,0.04161503,549561,-0.0192465,0.47697914,0.48988395,-0.01290481,-0.00634169,-0.017593625425287356,-0.06530140657471263,0.047707781149425275,White
321,1,765100,0.50350134,0.48683039,0.82201451,0.17798549,0.046724,0.04974068,0.00087809,0.06632583,0.0107865,609280,0.01667095,0.52466256,0.46483346,0.0598291,-0.04315815,0.018323824574712662,0.007432503425287382,0.01089132114942528,White
322,2,764873,0.67229705,0.31579537,0.4151437,0.5848563,0.26086076,0.2213473,0.00230069,0.10572033,0.01425651,592431,0.35650168,0.70968612,0.28296993,0.42671619,-0.07021451,0.35815455457471257,0.37431959342528737,-0.016165038850574777,Minority
323,3,764957,0.88723546,0.10080617,0.33841442,0.66158558,0.52712343,0.05282999,0.00154263,0.08016436,0.01378658,628147,0.78642929,0.90857757,0.08536428,0.82321329,-0.036784,0.7880821645747126,0.7708166934252874,0.017265471149425247,Black
324,4,764163,0.56753373,0.42195985,0.76222236,0.23777764,0.1027728,0.06045,0.00094829,0.06327495,0.01163362,602134,0.14557388,0.58277761,0.406114,0.17666361,-0.03108973,0.14722675457471257,0.12426701342528733,0.02295974114942525,White
325,5,764763,0.63263463,0.35688604,0.65218795,0.34781205,0.21660028,0.04223173,0.001089,0.07973275,0.01027606,597797,0.27574859,0.65152023,0.33985021,0.31167002,-0.03592143,0.2774014645747126,0.2592734234252874,0.0181280411494252,White
326,6,765520,0.54998954,0.4397697,0.72769896,0.27230104,0.0732751,0.13983848,0.00137088,0.0525386,0.01465842,588672,0.11021984,0.56559846,0.42245391,0.14314455,-0.03292471,0.11187271457471266,0.0907479534252874,0.021124761149425263,White
327,7,764834,0.47867116,0.51066563,0.72670717,0.27329283,0.07306616,0.16170238,0.00120265,0.0358336,0.01393355,606163,-0.03199447,0.49715864,0.49092858,0.00623006,-0.03822453,-0.030341595425287353,-0.04616653657471266,0.015824941149425308,White
328,8,764579,0.4539811,0.53686201,0.78195577,0.21804423,0.07693308,0.10876533,0.00121407,0.02440971,0.01411209,615288,-0.08288091,0.48140245,0.50841168,-0.02700923,-0.05587168,-0.08122803542528732,-0.07940582657471269,-0.0018222088505746373,White
329,9,764966,0.30476665,0.68588317,0.89580631,0.10419369,0.02923462,0.04633032,0.00100871,0.01173773,0.01373387,610680,-0.38111652,0.3089976,0.67642159,-0.36742399,-0.01369253,-0.3794636454252874,-0.41982058657471266,0.040356941149425306,White
330,10,765207,0.46941228,0.51904857,0.7472186,0.2527814,0.11484698,0.07877359,0.00132337,0.0492256,0.01450217,601496,-0.04963629,0.47342854,0.51205818,-0.03862964,-0.01100665,-0.04798341542528738,-0.09102623657471266,0.04304282114942528,White
331,11,765544,0.38653654,0.60373098,0.84217345,0.15782655,0.04529431,0.07755014,0.00095268,0.02482361,0.01307902,592017,-0.21719444,0.38436358,0.60059471,-0.21623113,-0.0009633100000000505,-0.2155415654252874,-0.2686277265747126,0.053086161149425236,White
332,12,765164,0.30311061,0.68847606,0.90751196,0.09248804,0.02625112,0.02068236,0.00105107,0.02483523,0.01367681,622221,-0.38536545,0.30514173,0.68122199,-0.37608026,-0.009285189999999888,-0.3837125754252873,-0.4284768565747127,0.0447642811494254,White
333,13,764657,0.25687406,0.73502294,0.91636146,0.08363854,0.02671778,0.0284218,0.00075023,0.00929664,0.0143135,609145,-0.47814888,0.25560572,0.73246363,-0.47685791,-0.0012909699999999469,-0.47649600542528736,-0.5292545065747127,0.05275850114942534,White
334,14,764502,0.38435564,0.60716059,0.89100981,0.10899019,0.0485498,0.02096148,0.00070861,0.01624724,0.01455116,609642,-0.22280495,0.39267966,0.59425942,-0.20157976,-0.02122519,-0.22115207542528736,-0.2539763565747126,0.03282428114942528,White
335,15,764209,0.33627329,0.65487409,0.91667459,0.08332541,0.03755144,0.01348624,0.00079084,0.01029387,0.01298049,620855,-0.3186008,0.34452703,0.6448621,-0.30033507,-0.01826573,-0.3169479254252873,-0.3527316665747126,0.035783741149425306,White
336,16,765098,0.52942079,0.46100177,0.83488853,0.16511147,0.09274108,0.02029937,0.00082663,0.03411377,0.01251449,616965,0.06841902,0.53008578,0.45770183,0.07238395,-0.00396493,0.07007189457471265,0.019987353425287332,0.05008454114942531,White
337,17,764564,0.59321785,0.39708591,0.76186738,0.23813262,0.14641104,0.02423983,0.00090864,0.05221569,0.01239584,630615,0.19613194,0.59556538,0.39302969,0.20253569,-0.00640375,0.1977848145747127,0.15013909342528742,0.0476457211494253,White
338,1,548989,0.64241116,0.32866287,0.58764487,0.41235513,0.1272998,0.23045071,0.00251955,0.04703457,0.02263716,438571,0.31374829,0.68668875,0.29395445,0.3927343,-0.07898601,0.3154011645747126,0.34033770342528735,-0.02493653885057471,White
339,2,548390,0.49229807,0.4822227,0.85677348,0.14322652,0.03237251,0.05549604,0.00122488,0.03634112,0.0149636,449023,0.01007537,0.52478934,0.45475251,0.07003683,-0.05996146,0.011728244574712617,0.017640233425287352,-0.005911988850574736,White
340,1,730858,0.48234484,0.50226794,0.66162099,0.33837901,0.22520657,0.07389117,0.00172202,0.02306585,0.01665705,584197,-0.0199231,0.51640475,0.46708293,0.04932182,-0.06924492,-0.018270225425287327,-0.0030747765747126815,-0.015195448850574646,White
341,2,731537,0.53702198,0.44715917,0.54104641,0.45895359,0.36535358,0.05161278,0.00175121,0.02776889,0.01889286,575032,0.08986281,0.56108956,0.42397313,0.13711643,-0.04725362,0.09151568457471267,0.08471983342528737,0.00679585114942529,White
342,3,731678,0.31646132,0.67054165,0.69548522,0.30451478,0.21367628,0.05544889,0.00125952,0.01506861,0.02165256,569263,-0.35408033,0.3419016,0.64384299,-0.30194139,-0.05213894,-0.35242745542528736,-0.3543379865747126,0.0019105311494252639,White
343,4,730590,0.31494442,0.67008105,0.74662436,0.25337564,0.14029054,0.07005641,0.00124398,0.02046288,0.02202918,573966,-0.35513663,0.33311398,0.64928923,-0.31617525,-0.03896138,-0.3534837554252873,-0.3685718465747127,0.015088091149425407,White
344,5,731367,0.33629288,0.649772,0.71003164,0.28996836,0.17111975,0.0648663,0.001078,0.03409409,0.01999763,557516,-0.31347912,0.3579572,0.6264433,-0.2684861,-0.04499302,-0.31182624542528736,-0.3208826965747127,0.009056451149425347,White
345,6,731125,0.51148347,0.47516702,0.46023175,0.53976825,0.48352222,0.02924829,0.00128403,0.01306011,0.01787521,573196,0.03631645,0.55480916,0.4353452,0.11946396,-0.08314751,0.0379693245747127,0.0670673634252874,-0.029098038850574694,Black
346,7,731270,0.34638244,0.64124738,0.72636894,0.27363106,0.16908256,0.05775775,0.00183213,0.02162776,0.02196666,581290,-0.29486494,0.37139795,0.61530957,-0.24391162,-0.05095332,-0.2932120654252874,-0.2963082165747126,0.003096151149425262,White
347,1,886667,0.34193813,0.63474988,0.83089555,0.16910445,0.02234724,0.03564411,0.00154351,0.01853703,0.09057534,669255,-0.29281175,0.35605252,0.6176939,-0.26164138,-0.03117037,-0.29115887542528734,-0.31403797657471266,0.02287910114942534,White
348,1,768022,0.19988753,0.79018587,0.90408937,0.09591063,0.0270965,0.03110251,0.00109476,0.00961604,0.02415606,616574,-0.59029834,0.21575193,0.76914661,-0.55339468,-0.03690366,-0.5886454654252873,-0.6057912765747125,0.01714581114942528,White
349,2,767907,0.34173739,0.6438914,0.83276679,0.16723321,0.06664319,0.04711455,0.0011863,0.02441368,0.02610345,607774,-0.30215401,0.35978827,0.6199205,-0.26013223,-0.04202178,-0.3005011354252874,-0.3125288265747126,0.012027691149425222,White
350,3,767662,0.30262836,0.68443559,0.80075669,0.19924331,0.10098557,0.0507978,0.00106713,0.01810989,0.02795901,608176,-0.38180723,0.32015712,0.66133429,-0.34117717,-0.04063006,-0.38015435542528736,-0.3935737665747126,0.013419411149425263,White
351,4,767621,0.33432807,0.65104658,0.77954515,0.22045485,0.09663915,0.05902055,0.00135124,0.04118763,0.02082832,573546,-0.31671851,0.35689704,0.62377127,-0.26687423,-0.04984428,-0.3150656354252874,-0.3192708265747126,0.004205191149425212,White
352,5,768269,0.62056673,0.35930063,0.57627752,0.42372248,0.24042712,0.12030939,0.00153481,0.04698436,0.0208075,610501,0.2612661,0.63929233,0.33010033,0.309192,-0.0479259,0.2629189745747126,0.25679540342528734,0.006123571149425265,White
353,6,767443,0.19846903,0.7921094,0.88658559,0.11341441,0.03859155,0.03664265,0.00098191,0.00932653,0.02573046,602904,-0.59364037,0.21754039,0.76726914,-0.54972875,-0.04391162,-0.5919874954252873,-0.6021253465747126,0.010137851149425357,White
354,7,768489,0.26482246,0.72378285,0.78815945,0.21184055,0.10818059,0.06001348,0.00267681,0.01659107,0.02558787,584652,-0.45896039,0.28771205,0.69412879,-0.40641674,-0.05254365,-0.45730751542528736,-0.4588133365747127,0.0015058211494253446,White
355,8,767629,0.27067834,0.71855785,0.74946153,0.25053847,0.18067366,0.02911858,0.00117333,0.01844467,0.01991133,596595,-0.44787951,0.29061248,0.695136,-0.40452352,-0.04335599,-0.4462266354252874,-0.4569201165747126,0.01069348114942522,White
356,9,767798,0.72248727,0.25902484,0.28496739,0.71503261,0.59888034,0.07736175,0.00108094,0.03079224,0.01421325,583751,0.46346243,0.74617651,0.23781794,0.50835857,-0.04489614,0.4651153045747127,0.4559619734252873,0.009153331149425369,Black
357,1,767122,0.26759673,0.72101131,0.61451088,0.38548912,0.14294422,0.18836335,0.00143074,0.03368777,0.0248817,595498,-0.45341458,0.29784865,0.68665026,-0.38880161,-0.06461297,-0.4517617054252873,-0.4411982065747126,-0.010563498850574705,White
358,2,766249,0.27226077,0.71773229,0.63964559,0.36035441,0.06726147,0.22780315,0.00228616,0.03947245,0.02975716,566015,-0.44547152,0.27867159,0.70755537,-0.42888378,-0.01658774,-0.44381864542528743,-0.4812803765747126,0.03746173114942521,White
359,3,767465,0.37653681,0.59766542,0.58587589,0.41412411,0.1138604,0.15304842,0.00202867,0.12340817,0.0278828,545677,-0.22112861,0.40458011,0.57732618,-0.17274607,-0.04838254,-0.21947573542528737,-0.22514266657471266,0.0056669311494253125,White
360,4,767256,0.20652819,0.78643154,0.6897412,0.3102588,0.14625752,0.11980225,0.00154102,0.01183088,0.03331517,589221,-0.57990335,0.22882918,0.76023356,-0.53140438,-0.04849897,-0.5782504754252874,-0.5838009765747126,0.005550501149425256,White
361,5,766461,0.25676756,0.7330867,0.66453994,0.33546006,0.09778548,0.1949922,0.00317969,0.01187836,0.03175533,577100,-0.47631914,0.24853258,0.73872312,-0.49019054,0.0138714,-0.47466626542528734,-0.5425871365747126,0.06792087114942527,White
362,6,766909,0.5873831,0.3960148,0.32372163,0.67627837,0.25328028,0.34612766,0.00391283,0.06489339,0.02554744,574265,0.1913683,0.62647614,0.35762633,0.26884981,-0.07748151,0.19302117457471268,0.21645321342528734,-0.023432038850574634,Hispanic
363,7,766462,0.57201933,0.40802188,0.41884472,0.58115528,0.08369514,0.39533975,0.00162144,0.09294784,0.02546038,598852,0.16399745,0.59804854,0.3869119,0.21113664,-0.04713919,0.16565032457471268,0.15874004342528736,0.006910281149425344,Minority
364,8,767578,0.36576051,0.61807612,0.51459068,0.48540932,0.13910747,0.24900714,0.00204738,0.08004877,0.02645739,567554,-0.25231561,0.37375006,0.61207703,-0.23832697,-0.01398864,-0.2506627354252874,-0.29072356657471266,0.04006083114942529,White
365,9,766724,0.54401741,0.43707439,0.29171313,0.70828687,0.2981445,0.28491858,0.00158047,0.11925963,0.02067931,547939,0.10694302,0.58299542,0.40365172,0.1793437,-0.07240068,0.1085958945747127,0.12694710342528742,-0.01835120885057471,Black
366,10,766981,0.56879439,0.41328663,0.40735105,0.59264895,0.09286153,0.44594983,0.00610551,0.04109641,0.03306819,580951,0.15550776,0.60990738,0.3693375,0.24056988,-0.08506212,0.15716063457471263,0.18817328342528739,-0.031012648850574732,Hispanic
367,11,767448,0.21203403,0.77883542,0.66808627,0.33191373,0.03889604,0.25278185,0.00226405,0.0155142,0.02880258,601578,-0.56680139,0.22372283,0.76288619,-0.53916336,-0.02763803,-0.5651485154252873,-0.5915599565747126,0.026411441149425306,White
368,12,767355,0.37381849,0.61249638,0.61659842,0.38340158,0.08104288,0.1998655,0.00354645,0.07659625,0.03011065,570994,-0.23867789,0.38515417,0.59784271,-0.21268854,-0.02598935,-0.2370250154252873,-0.2650851365747126,0.02806012114942532,White
369,13,767072,0.23095968,0.75917455,0.56515137,0.43484863,0.07291246,0.30736182,0.00141487,0.03124277,0.03138254,579558,-0.52821487,0.25115386,0.73332279,-0.48216893,-0.04604594,-0.5265619954252874,-0.5345655265747127,0.008003531149425279,White
370,14,767533,0.27404626,0.71814252,0.59845232,0.40154768,0.20209769,0.15616228,0.00100505,0.02241149,0.02339305,595989,-0.44409626,0.30538747,0.68272236,-0.37733489,-0.06676137,-0.4424433854252874,-0.4297314865747126,-0.012711898850574756,White
371,15,767751,0.48398427,0.5066358,0.07680769,0.92319231,0.00813801,0.89936976,0.00043388,0.01455163,0.01504855,539321,-0.02265153,0.58367772,0.4065315,0.17714622,-0.19979775,-0.02099865542528733,0.12474962342528732,-0.14574827885057465,Hispanic
372,16,766440,0.57308146,0.4119961,0.12810912,0.87189088,0.04083986,0.81045283,0.00291477,0.02056341,0.02503296,575002,0.16108536,0.66935858,0.31525674,0.35410184,-0.19301648,0.1627382345747127,0.30170524342528743,-0.1389670088505747,Hispanic
373,17,767351,0.47196715,0.5072591,0.61837109,0.38162891,0.06589225,0.19881127,0.00278827,0.09528704,0.02682505,572040,-0.03529195,0.49071051,0.48739876,0.00331175,-0.0386037,-0.03363907542528732,-0.04908484657471264,0.015445771149425323,White
374,18,766954,0.75510616,0.23124372,0.11804068,0.88195932,0.44233399,0.38313237,0.00300083,0.05732721,0.02366516,568177,0.52386244,0.8102133,0.17840777,0.63180553,-0.10794309,0.5255153145747126,0.5794089334252874,-0.053893618850574844,Black
375,19,767255,0.49723666,0.47502663,0.51557826,0.48442174,0.11928623,0.16176698,0.00203561,0.18374031,0.02403275,588031,0.02221003,0.52775786,0.45474997,0.07300789,-0.05079786,0.023862904574712636,0.020611293425287378,0.0032516111494252584,White
376,20,767280,0.62590194,0.3591186,0.19450525,0.80549475,0.07804182,0.70537644,0.00259186,0.02077453,0.02898411,580663,0.26678334,0.68130973,0.30360638,0.37770335,-0.11092001,0.2684362145747126,0.3253067534252873,-0.05687053885057467,Hispanic
377,21,767450,0.39908724,0.58728767,0.5166297,0.4833703,0.07177292,0.35024018,0.0038618,0.04710023,0.02810806,583925,-0.18820043,0.42041791,0.56383416,-0.14341625,-0.04478418,-0.1865475554252874,-0.1958128465747126,0.009265291149425224,White
378,22,766323,0.54153739,0.42529682,0.19436451,0.80563549,0.22450695,0.32133018,0.00160248,0.25843405,0.01962034,570989,0.11624057,0.61424496,0.37311499,0.24112997,-0.1248894,0.11789344457471264,0.18873337342528734,-0.07083992885057469,Hispanic
379,23,767424,0.24086667,0.74943632,0.35780589,0.64219411,0.04474481,0.56874594,0.00223446,0.01654756,0.02400472,557182,-0.50856965,0.27856267,0.70791394,-0.42935127,-0.07921838,-0.5069167754252875,-0.4817478665747126,-0.025168908850574857,Hispanic
380,24,766229,0.53628954,0.44249073,0.53044396,0.46955604,0.14646735,0.2067383,0.00184123,0.1006073,0.02424692,620780,0.09379881,0.57719121,0.40769803,0.16949318,-0.07569437,0.0954516845747126,0.11709658342528732,-0.021644898850574724,White
381,25,766086,0.27708093,0.71215804,0.69767742,0.30232258,0.08511555,0.16156278,0.00190367,0.02755236,0.03028231,589387,-0.43507711,0.29016066,0.69533659,-0.40517593,-0.02990118,-0.4334242354252874,-0.45757252657471265,0.02414829114942526,White
382,26,767288,0.27258301,0.71622039,0.72014788,0.27985212,0.06355974,0.14055868,0.00195851,0.03969191,0.03733476,576969,-0.44363738,0.28054673,0.70456486,-0.42401813,-0.01961925,-0.4419845054252874,-0.47641472657471257,0.0344302211494252,White
383,27,767198,0.23938758,0.75201299,0.53070723,0.46929277,0.07367995,0.360415,0.00111923,0.01773369,0.02409079,586116,-0.51262541,0.2633402,0.72448463,-0.46114443,-0.05148098,-0.5109725354252874,-0.5135410265747126,0.002568491149425166,White
384,28,766965,0.42198708,0.57089612,0.12703571,0.87296429,0.00994082,0.84999092,0.0008637,0.00704531,0.01528624,545327,-0.14890904,0.5110334,0.47861345,0.03241995,-0.18132899,-0.14725616542528736,-0.019976646574712667,-0.12727951885057467,Hispanic
385,29,766434,0.52760358,0.46032202,0.17187248,0.82812752,0.14010666,0.64581382,0.00151309,0.04008147,0.02816159,551851,0.06728156,0.58556466,0.40243733,0.18312733,-0.11584577,0.06893443457471261,0.13073073342528735,-0.06179629885057473,Hispanic
386,30,766658,0.7219504,0.26223721,0.17071115,0.82928885,0.4596472,0.32214017,0.00152142,0.04276036,0.02661491,554088,0.45971319,0.77026281,0.21807591,0.5521869,-0.09247371,0.46136606457471263,0.4997903034252873,-0.038424238850574645,Black
387,31,767161,0.35821595,0.6290923,0.53013827,0.46986173,0.19480467,0.21902417,0.00859897,0.03592966,0.03090952,573092,-0.27087635,0.39245487,0.58845281,-0.19599794,-0.07487841,-0.2692234754252874,-0.24839453657471267,-0.02082893885057472,White
388,32,766642,0.54844626,0.42686463,0.32070243,0.67929757,0.19343867,0.38635259,0.00161989,0.08738963,0.0302566,569793,0.12158163,0.59602696,0.38808802,0.20793894,-0.08635731,0.12323450457471259,0.1555423434252874,-0.03230783885057479,Hispanic
389,33,766976,0.57770426,0.39262864,0.22913794,0.77086206,0.1334568,0.51086732,0.00186786,0.11759233,0.03184722,566423,0.18507562,0.64886422,0.33607663,0.31278759,-0.12771197,0.18672849457471263,0.2603909934252874,-0.07366249885057471,Hispanic
390,34,767030,0.45930819,0.5310087,0.19998519,0.80001481,0.02712461,0.74720952,0.00135226,0.01982204,0.018669,567197,-0.07170051,0.52613104,0.4604733,0.06565774,-0.13735825,-0.07004763542528734,0.013261143425287378,-0.08330877885057472,Hispanic
391,35,767372,0.5466931,0.4391734,0.28003319,0.71996681,0.11427612,0.54280587,0.00429579,0.05998991,0.03028322,568929,0.1075197,0.59257776,0.39066902,0.20190874,-0.09438904,0.1091725745747127,0.14951214342528735,-0.04033956885057464,Hispanic
392,36,767372,0.33144733,0.65572382,0.56857655,0.43142345,0.11017699,0.25083091,0.00175987,0.04883948,0.02754554,581292,-0.32427649,0.35156556,0.63308602,-0.28152046,-0.04275603,-0.32262361542528734,-0.33391705657471266,0.011293441149425341,White
393,37,766517,0.72416167,0.25035672,0.5677092,0.4322908,0.08247134,0.224851,0.00240398,0.10907905,0.02425354,622301,0.47380495,0.74702866,0.23092692,0.51610174,-0.04229679,0.47545782457471264,0.46370514342528735,0.011752681149425313,White
394,38,766721,0.49399076,0.48603229,0.3075161,0.6924839,0.18834183,0.37124795,0.00189544,0.12673837,0.02751737,566624,0.00795847,0.53868447,0.44734447,0.09134,-0.08338153,0.00961134457471264,0.038943403425287335,-0.029332058850574695,Hispanic
395,1,818232,0.3391689,0.62846831,0.81006177,0.18993823,0.01692132,0.11866982,0.00913895,0.02868766,0.02132888,571291,-0.28929941,0.32037504,0.61929603,-0.29892099,0.00962158,-0.2876465354252874,-0.3513175865747126,0.06367105114942526,White
396,2,818197,0.24713308,0.72975884,0.83663347,0.16336653,0.00839648,0.09688905,0.00910859,0.01536344,0.03523512,564522,-0.48262576,0.24104483,0.71363859,-0.47259376,-0.010032,-0.4809728854252874,-0.5249903565747126,0.044017471149425245,White
397,3,817416,0.34951568,0.61941277,0.78054218,0.21945782,0.01459133,0.12973355,0.01866415,0.04200319,0.01889258,564719,-0.26989709,0.32795745,0.60787555,-0.2799181,0.01002101,-0.2682442154252873,-0.3323146965747127,0.0640704811494254,White
398,4,817771,0.61204922,0.35954119,0.67701866,0.32298134,0.02763669,0.1938289,0.02180206,0.06014091,0.02570732,623519,0.25250803,0.60493738,0.34871729,0.25622009,-0.00371206,0.2541609045747126,0.20382349342528733,0.05033741114942527,White
399,1,784563,0.42408323,0.56017517,0.73043461,0.26956539,0.15400094,0.04517632,0.00190339,0.04840331,0.02129135,615743,-0.13609194,0.42196902,0.55948407,-0.13751505,0.0014231100000000607,-0.13443906542528733,-0.18991164657471266,0.05547258114942535,White
400,2,784861,0.50489267,0.47862314,0.59969373,0.40030627,0.23993336,0.07126462,0.00406494,0.07428293,0.02254941,608619,0.02626953,0.51603162,0.46291704,0.05311458,-0.02684505,0.027922404574712685,0.0007179834252873801,0.027204421149425305,White
401,3,785238,0.63661936,0.34628093,0.43324575,0.56675425,0.45277359,0.06540153,0.00371773,0.03938716,0.02278573,615429,0.29033843,0.65517466,0.32516774,0.33000692,-0.03966849,0.2919913045747126,0.2776103234252874,0.01438098114942523,Black
402,4,784544,0.66880435,0.31258713,0.45727425,0.54272575,0.41029626,0.08090689,0.00174157,0.04065366,0.01856301,629316,0.35621722,0.68348856,0.30017992,0.38330864,-0.02709142,0.3578700945747127,0.3309120434252874,0.02695805114942531,Minority
403,5,783995,0.40769205,0.57818341,0.6876441,0.3123559,0.23206164,0.03931255,0.00120032,0.02376315,0.01770515,620667,-0.17049136,0.4112352,0.5709893,-0.1597541,-0.01073726,-0.16883848542528734,-0.21215069657471264,0.043312211149425316,White
404,6,784770,0.37761169,0.6062418,0.80634111,0.19365889,0.08707383,0.06434579,0.00120289,0.02305245,0.01941648,622667,-0.22863011,0.38501669,0.59550808,-0.21049139,-0.01813872,-0.22697723542528742,-0.26288798657471263,0.035910751149425234,White
405,7,784348,0.51630512,0.46246596,0.63797295,0.36202705,0.14787478,0.12567002,0.00225365,0.07243523,0.02206569,596809,0.05383916,0.54646108,0.43319123,0.11326985,-0.05943069,0.055492034574712586,0.06087325342528742,-0.005381218850574833,White
406,8,785050,0.72673879,0.23922957,0.53078226,0.46921774,0.11518174,0.16516256,0.00210191,0.1789345,0.01764809,625620,0.48750922,0.76294478,0.21521222,0.54773256,-0.06022334,0.4891620945747126,0.4953359634252874,-0.006173868850574783,White
407,9,784498,0.26854874,0.72013184,0.87194742,0.12805258,0.06362488,0.0240739,0.00092778,0.02013161,0.01755131,640237,-0.4515831,0.27850587,0.70695462,-0.42844875,-0.02313435,-0.4499302254252873,-0.4808453465747126,0.030915121149425316,White
408,10,784451,0.60194819,0.36240791,0.52710621,0.47289379,0.08608636,0.12912268,0.00200241,0.24660808,0.01467689,583298,0.23954028,0.65028716,0.32947187,0.32081529,-0.08127501,0.24119315457471263,0.26841869342528735,-0.027225538850574695,White
409,11,785075,0.63196774,0.33423545,0.44391621,0.55608379,0.19429165,0.20187881,0.00309214,0.1521131,0.0206546,586649,0.29773229,0.67533363,0.30571534,0.36961829,-0.071886,0.29938516457471265,0.3172216934252874,-0.01783652885057472,Minority
410,1,643077,0.63234241,0.32019255,0.90402721,0.09597279,0.01723224,0.02118853,0.00098764,0.02224099,0.0243669,524482,0.31214986,0.66086417,0.30673765,0.35412652,-0.04197666,0.31380273457471264,0.30172992342528737,0.012072811149425287,White
411,1,770766,0.53744521,0.42410668,0.77824551,0.22175449,0.02106462,0.09249672,0.00785809,0.05523209,0.04342603,607654,0.11333853,0.53671362,0.42774251,0.10897111,0.00436742,0.11499140457471264,0.05657451342528734,0.0584168911494253,White
412,2,770269,0.68017383,0.27905254,0.63229376,0.36770624,0.05018062,0.09286578,0.00983791,0.19045461,0.02588966,602364,0.40112129,0.68699917,0.28049936,0.40649981,-0.005378520000000053,0.4027741645747126,0.3541032134252874,0.04867095114942523,White
413,3,770776,0.46655858,0.49977227,0.78325271,0.21674729,0.02538673,0.0889563,0.01173328,0.0511457,0.038801,593696,-0.03321369,0.46305717,0.50527957,-0.0422224,0.00900871,-0.031560815425287374,-0.09461899657471264,0.06305818114942527,White
414,4,770826,0.36268554,0.60514528,0.61565802,0.38434198,0.01335822,0.29123664,0.00369543,0.02399469,0.0585412,566917,-0.24245974,0.37955261,0.59049643,-0.21094382,-0.03151592,-0.2408068654252874,-0.2633404165747126,0.0225335511494252,White
415,5,770839,0.44729199,0.51660289,0.76995919,0.23004081,0.02837663,0.11553724,0.00895675,0.03928253,0.03812736,600776,-0.0693109,0.45250608,0.51046557,-0.05795949,-0.01135141,-0.06765802542528741,-0.1103560865747127,0.04269806114942528,White
416,6,770534,0.57604628,0.38622739,0.76389916,0.23610084,0.03543929,0.07375453,0.01382384,0.06535389,0.05080502,620667,0.18981889,0.56414034,0.39874159,0.16539875,0.02442014,0.19147176457471266,0.1130021534252874,0.07846961114942527,White
417,7,770422,0.86513352,0.09465516,0.61807049,0.38192951,0.07597852,0.07647633,0.00690991,0.20396783,0.02304977,656883,0.77047836,0.87864767,0.09704835,0.78159932,-0.01112096,0.7721312345747127,0.7292027234252874,0.04292851114942533,White
418,8,770268,0.53812631,0.42201508,0.68890304,0.31109696,0.02702109,0.08521178,0.00770486,0.16202355,0.02820711,582619,0.11611123,0.54727391,0.42021382,0.12706009,-0.01094886,0.11776410457471266,0.07466349342528737,0.04310061114942528,White
419,9,770171,0.64275795,0.31887859,0.45327537,0.54672463,0.11614251,0.13683323,0.02424167,0.25548102,0.02957565,596741,0.32387936,0.66905901,0.30257915,0.36647986,-0.0426005,0.32553223457471264,0.31408326342528736,0.0114489711494253,Minority
420,10,770410,0.57186505,0.3904997,0.6307003,0.3692997,0.10365175,0.10712106,0.02759519,0.10838034,0.03803666,596372,0.18136535,0.57305627,0.39001902,0.18303725,-0.0016719000000000594,0.18301822457471262,0.1306406534252874,0.05237757114942523,White
421,1,737410,0.51259603,0.46800226,0.76041079,0.23958921,0.07738526,0.10361848,0.00113629,0.04055358,0.01890183,578198,0.04459377,0.51378386,0.4685219,0.04526196,-0.0006681900000000129,0.04624664457471262,-0.007134636574712652,0.05338128114942527,White
422,2,735800,0.66703189,0.3158231,0.81301344,0.18698656,0.05013788,0.06073883,0.0011324,0.05776626,0.01501459,586363,0.35120879,0.6718479,0.31136616,0.36048174,-0.009272950000000113,0.3528616645747126,0.3080851434252874,0.04477652114942517,White
423,3,737594,0.49836515,0.48602274,0.89431668,0.10568332,0.02343715,0.04023328,0.00102957,0.02052378,0.01590024,575966,0.01234241,0.51440986,0.46724052,0.04716934,-0.03482693,0.013995284574712615,-0.005227256574712638,0.019222541149425253,White
424,4,736316,0.70729982,0.27296563,0.48772722,0.51227278,0.30791251,0.1441576,0.00139455,0.05102949,0.01976244,557168,0.43433419,0.71806582,0.26535281,0.45271301,-0.01837882,0.43598706457471265,0.40031641342528734,0.035670651149425324,Minority
425,5,736868,0.33986477,0.645823,0.90811083,0.09188917,0.01321647,0.04207814,0.00084867,0.01687162,0.013765,579731,-0.30595823,0.3397813,0.64459645,-0.30481515,-0.001143080000000074,-0.3043053554252874,-0.3572117465747126,0.05290639114942521,White
426,6,737611,0.36956968,0.61489035,0.90427974,0.09572026,0.01229966,0.02968459,0.00095013,0.0197221,0.02915057,576764,-0.24532067,0.37578251,0.60774832,-0.23196581,-0.01335486,-0.24366779542528738,-0.2843624065747126,0.04069461114942526,White
427,7,736083,0.37411015,0.6089235,0.92089931,0.07910069,0.01003097,0.0172165,0.00102039,0.01012685,0.03353073,584091,-0.23481335,0.38912705,0.59360608,-0.20447903,-0.03033432,-0.23316047542528734,-0.2568756265747127,0.02371515114942537,White
428,8,736036,0.4734085,0.51122731,0.84507656,0.15492344,0.02873947,0.05832211,0.00116547,0.03831929,0.02695207,574019,-0.03781881,0.47271879,0.50757038,-0.03485159,-0.00296722,-0.036165935425287336,-0.08724818657471263,0.051082251149425294,White
429,1,897082,0.28955562,0.69081461,0.89686343,0.10313657,0.04142278,0.02182916,0.00092985,0.01322806,0.02014624,718397,-0.40125899,0.30452275,0.67769764,-0.37317489,-0.0280841,-0.39960611542528734,-0.4255714865747126,0.025965371149425286,White
430,2,896634,0.27196275,0.70960997,0.90791354,0.09208646,0.04646658,0.01091759,0.00069136,0.00943551,0.02039648,714535,-0.43764722,0.2892505,0.69511262,-0.40586212,-0.0317851,-0.4359943454252874,-0.45825871657471257,0.022264371149425165,White
431,1,576851,0.25841857,0.71598005,0.83845451,0.16154549,0.01343191,0.08644868,0.00228623,0.01477329,0.04176627,441337,-0.45756148,0.26553574,0.69936227,-0.43382653,-0.02373495,-0.4559086054252873,-0.48622312657471256,0.030314521149425254,White
432,1,653675,0.53814219,0.44791991,0.69935425,0.30064575,0.1109204,0.11727746,0.00219831,0.0512953,0.02429626,487647,0.09022227999999999,0.53944961,0.43972894,0.09972067000000001,-0.009498390000000023,0.092045916091954,0.04775164967816096,0.04429426641379304,White
433,2,654390,0.42702561,0.55909858,0.82772271,0.17227729,0.03562582,0.07279214,0.00165805,0.03540894,0.02562481,493350,-0.13207297,0.43486037,0.54180622,-0.10694585000000001,-0.025127120000000003,-0.130249333908046,-0.15891487032183907,0.02866553641379306,White
434,3,653439,0.2095905,0.77913332,0.84797932,0.15202068,0.01410943,0.10541676,0.0014885,0.00981762,0.02256781,495130,-0.56954282,0.2136878,0.76657532,-0.55288752,-0.01665530000000004,-0.567719183908046,-0.604856540321839,0.037137356413793024,White
